region,rdo,do_no,effectivity,revision,province,city,barangay,street,vicinity,classification,class_name,value_sqm
raw,"RDO No. 72 - Roxas City, Capiz is composed of the following City and Munic",,,,,,BATO,ALL LOTS,,RR,Residential - Regular,400.0
raw,"RDO No. 72 - Roxas City, Capiz is composed of the following City and Munic",,,,,,BATO,ALL LOTS,,CR,Commercial - Regular,2000.0
raw,"RDO No. 72 - Roxas City, Capiz is composed of the following City and Munic",,,,,,BATO,ALL LOTS,,I,Industrial,2000.0
raw,"RDO No. 72 - Roxas City, Capiz is composed of the following City and Munic",,,,,,BATO,ALL LOTS,,X,Special / Other,2000.0
raw,"RDO No. 72 - Roxas City, Capiz is composed of the following City and Munic",,,,,,BATO,ALL LOTS,INTERIOR,RR,Residential - Regular,320.0
raw,"RDO No. 72 - Roxas City, Capiz is composed of the following City and Munic",,,,,,BATO,ALL LOTS,INTERIOR,GP,General Purpose,300.0
raw,"RDO No. 72 - Roxas City, Capiz is composed of the following City and Munic",,,,,,BATO,ALL LOTS,INTERIOR,A1,Agricultural - A1,15.0
raw,"RDO No. 72 - Roxas City, Capiz is composed of the following City and Munic",,,,,,BATO,ALL LOTS,INTERIOR,A2,Agricultural - A2,25.0
raw,"RDO No. 72 - Roxas City, Capiz is composed of the following City and Munic",,,,,,BATO,ALL LOTS,,RR,Residential - Regular,350.0
raw,"RDO No. 72 - Roxas City, Capiz is composed of the following City and Munic",,,,,,BATO,ALL LOTS,,X,Special / Other,2000.0
raw,"RDO No. 72 - Roxas City, Capiz is composed of the following City and Munic",,,,,,BATO,ALL LOTS,,A1,Agricultural - A1,3.0
raw,"RDO No. 72 - Roxas City, Capiz is composed of the following City and Munic",,,,,,BATO,ALL LOTS,,A2,Agricultural - A2,10.0
raw,"RDO No. 72 - Roxas City, Capiz is composed of the following City and Munic",,,,,,BAYBAY,ALL LOTS,,RR,Residential - Regular,900.0
raw,"RDO No. 72 - Roxas City, Capiz is composed of the following City and Munic",,,,,,BAYBAY,ALL LOTS,,CR,Commercial - Regular,2000.0
raw,"RDO No. 72 - Roxas City, Capiz is composed of the following City and Munic",,,,,,BAYBAY,ALL LOTS,,I,Industrial,2000.0
raw,"RDO No. 72 - Roxas City, Capiz is composed of the following City and Munic",,,,,,BAYBAY,ALL LOTS,,X,Special / Other,2000.0
raw,"RDO No. 72 - Roxas City, Capiz is composed of the following City and Munic",,,,,,BAYBAY,ALL LOTS,INTERIOR,RR,Residential - Regular,720.0
raw,"RDO No. 72 - Roxas City, Capiz is composed of the following City and Munic",,,,,,BAYBAY,ALL LOTS,INTERIOR,GP,General Purpose,300.0
raw,"RDO No. 72 - Roxas City, Capiz is composed of the following City and Munic",,,,,,BAYBAY,ALL LOTS,INTERIOR,A1,Agricultural - A1,15.0
raw,"RDO No. 72 - Roxas City, Capiz is composed of the following City and Munic",,,,,,BAYBAY,ALL LOTS,INTERIOR,A2,Agricultural - A2,25.0
raw,"RDO No. 72 - Roxas City, Capiz is composed of the following City and Munic",,,,,,BAYBAY,ALL LOTS,,RR,Residential - Regular,450.0
raw,"RDO No. 72 - Roxas City, Capiz is composed of the following City and Munic",,,,,,BAYBAY,ALL LOTS,,X,Special / Other,2000.0
raw,"RDO No. 72 - Roxas City, Capiz is composed of the following City and Munic",,,,,,BAYBAY,ALL LOTS,,A1,Agricultural - A1,3.0
raw,"RDO No. 72 - Roxas City, Capiz is composed of the following City and Munic",,,,,,BAYBAY,ALL LOTS,,A2,Agricultural - A2,10.0
raw,"RDO No. 72 - Roxas City, Capiz is composed of the following City and Munic",,,,,,BOLO,ALL LOTS,,RR,Residential - Regular,600.0
raw,"RDO No. 72 - Roxas City, Capiz is composed of the following City and Munic",,,,,,BOLO,ALL LOTS,,CR,Commercial - Regular,2000.0
raw,"RDO No. 72 - Roxas City, Capiz is composed of the following City and Munic",,,,,,BOLO,ALL LOTS,,I,Industrial,2000.0
raw,"RDO No. 72 - Roxas City, Capiz is composed of the following City and Munic",,,,,,BOLO,ALL LOTS,,X,Special / Other,2000.0
raw,"RDO No. 72 - Roxas City, Capiz is composed of the following City and Munic",,,,,,BOLO,ALL LOTS,INTERIOR,RR,Residential - Regular,480.0
raw,"RDO No. 72 - Roxas City, Capiz is composed of the following City and Munic",,,,,,BOLO,ALL LOTS,INTERIOR,GP,General Purpose,300.0
raw,"RDO No. 72 - Roxas City, Capiz is composed of the following City and Munic",,,,,,BOLO,ALL LOTS,INTERIOR,A1,Agricultural - A1,15.0
raw,"RDO No. 72 - Roxas City, Capiz is composed of the following City and Munic",,,,,,BOLO,ALL LOTS,INTERIOR,A2,Agricultural - A2,25.0
raw,"RDO No. 72 - Roxas City, Capiz is composed of the following City and Munic",,,,,,BOLO,ALL LOTS,,RR,Residential - Regular,400.0
raw,"RDO No. 72 - Roxas City, Capiz is composed of the following City and Munic",,,,,,BOLO,ALL LOTS,,X,Special / Other,2000.0
raw,"RDO No. 72 - Roxas City, Capiz is composed of the following City and Munic",,,,,,BOLO,ALL LOTS,,A1,Agricultural - A1,3.0
raw,"RDO No. 72 - Roxas City, Capiz is composed of the following City and Munic",,,,,,BOLO,ALL LOTS,,A2,Agricultural - A2,10.0
raw,"RDO No. 72 - Roxas City, Capiz is composed of the following City and Munic",,,,,,CABUGAO,ALL LOTS,,RR,Residential - Regular,400.0
raw,"RDO No. 72 - Roxas City, Capiz is composed of the following City and Munic",,,,,,CABUGAO,ALL LOTS,,CR,Commercial - Regular,2000.0
raw,"RDO No. 72 - Roxas City, Capiz is composed of the following City and Munic",,,,,,CABUGAO,ALL LOTS,,I,Industrial,2000.0
raw,"RDO No. 72 - Roxas City, Capiz is composed of the following City and Munic",,,,,,CABUGAO,ALL LOTS,,X,Special / Other,2000.0
raw,"RDO No. 72 - Roxas City, Capiz is composed of the following City and Munic",,,,,,CABUGAO,ALL LOTS,INTERIOR,RR,Residential - Regular,320.0
raw,"RDO No. 72 - Roxas City, Capiz is composed of the following City and Munic",,,,,,CABUGAO,ALL LOTS,INTERIOR,GP,General Purpose,300.0
raw,"RDO No. 72 - Roxas City, Capiz is composed of the following City and Munic",,,,,,CABUGAO,ALL LOTS,INTERIOR,A1,Agricultural - A1,15.0
raw,"RDO No. 72 - Roxas City, Capiz is composed of the following City and Munic",,,,,,CABUGAO,ALL LOTS,INTERIOR,A2,Agricultural - A2,25.0
raw,"RDO No. 72 - Roxas City, Capiz is composed of the following City and Munic",,,,,,CABUGAO,ALL LOTS,,RR,Residential - Regular,350.0
raw,"RDO No. 72 - Roxas City, Capiz is composed of the following City and Munic",,,,,,CABUGAO,ALL LOTS,,X,Special / Other,2000.0
raw,"RDO No. 72 - Roxas City, Capiz is composed of the following City and Munic",,,,,,CABUGAO,ALL LOTS,,A1,Agricultural - A1,3.0
raw,"RDO No. 72 - Roxas City, Capiz is composed of the following City and Munic",,,,,,CABUGAO,ALL LOTS,,A2,Agricultural - A2,10.0
raw,"RDO No. 72 - Roxas City, Capiz is composed of the following City and Munic",,,,,,CAGAY,ALL LOTS,,RR,Residential - Regular,400.0
raw,"RDO No. 72 - Roxas City, Capiz is composed of the following City and Munic",,,,,,CAGAY,ALL LOTS,,CR,Commercial - Regular,2000.0
raw,"RDO No. 72 - Roxas City, Capiz is composed of the following City and Munic",,,,,,CAGAY,ALL LOTS,,I,Industrial,2000.0
raw,"RDO No. 72 - Roxas City, Capiz is composed of the following City and Munic",,,,,,CAGAY,ALL LOTS,,X,Special / Other,2000.0
raw,"RDO No. 72 - Roxas City, Capiz is composed of the following City and Munic",,,,,,CAGAY,ALL LOTS,INTERIOR,RR,Residential - Regular,320.0
raw,"RDO No. 72 - Roxas City, Capiz is composed of the following City and Munic",,,,,,CAGAY,ALL LOTS,INTERIOR,GP,General Purpose,300.0
raw,"RDO No. 72 - Roxas City, Capiz is composed of the following City and Munic",,,,,,CAGAY,ALL LOTS,INTERIOR,A1,Agricultural - A1,15.0
raw,"RDO No. 72 - Roxas City, Capiz is composed of the following City and Munic",,,,,,CAGAY,ALL LOTS,INTERIOR,A2,Agricultural - A2,10.0
raw,"RDO No. 72 - Roxas City, Capiz is composed of the following City and Munic",,,,,,CAGAY,ALL LOTS,,RR,Residential - Regular,350.0
raw,"RDO No. 72 - Roxas City, Capiz is composed of the following City and Munic",,,,,,CAGAY,ALL LOTS,,X,Special / Other,2000.0
raw,"RDO No. 72 - Roxas City, Capiz is composed of the following City and Munic",,,,,,CAGAY,ALL LOTS,,A1,Agricultural - A1,3.0
raw,"RDO No. 72 - Roxas City, Capiz is composed of the following City and Munic",,,,,,CAGAY,ALL LOTS,,A2,Agricultural - A2,10.0
raw,"RDO No. 72 - Roxas City, Capiz is composed of the following City and Munic",,,,,,COGON,ALL LOTS,,RR,Residential - Regular,400.0
raw,"RDO No. 72 - Roxas City, Capiz is composed of the following City and Munic",,,,,,COGON,ALL LOTS,,CR,Commercial - Regular,2000.0
raw,"RDO No. 72 - Roxas City, Capiz is composed of the following City and Munic",,,,,,COGON,ALL LOTS,,I,Industrial,2000.0
raw,"RDO No. 72 - Roxas City, Capiz is composed of the following City and Munic",,,,,,COGON,ALL LOTS,,X,Special / Other,2000.0
raw,"RDO No. 72 - Roxas City, Capiz is composed of the following City and Munic",,,,,,COGON,ALL LOTS,INTERIOR,RR,Residential - Regular,320.0
raw,"RDO No. 72 - Roxas City, Capiz is composed of the following City and Munic",,,,,,COGON,ALL LOTS,INTERIOR,GP,General Purpose,300.0
raw,"RDO No. 72 - Roxas City, Capiz is composed of the following City and Munic",,,,,,COGON,ALL LOTS,INTERIOR,A1,Agricultural - A1,15.0
raw,"RDO No. 72 - Roxas City, Capiz is composed of the following City and Munic",,,,,,COGON,ALL LOTS,INTERIOR,A2,Agricultural - A2,10.0
raw,"RDO No. 72 - Roxas City, Capiz is composed of the following City and Munic",,,,,,COGON,ALL LOTS,,RR,Residential - Regular,350.0
raw,"RDO No. 72 - Roxas City, Capiz is composed of the following City and Munic",,,,,,COGON,ALL LOTS,,X,Special / Other,2000.0
raw,"RDO No. 72 - Roxas City, Capiz is composed of the following City and Munic",,,,,,COGON,ALL LOTS,,A1,Agricultural - A1,3.0
raw,"RDO No. 72 - Roxas City, Capiz is composed of the following City and Munic",,,,,,COGON,ALL LOTS,,A2,Agricultural - A2,10.0
raw,"RDO No. 72 - Roxas City, Capiz is composed of the following City and Munic",,,,,,CULAJAO,ALL LOTS,,RR,Residential - Regular,400.0
raw,"RDO No. 72 - Roxas City, Capiz is composed of the following City and Munic",,,,,,CULAJAO,ALL LOTS,,CR,Commercial - Regular,2000.0
raw,"RDO No. 72 - Roxas City, Capiz is composed of the following City and Munic",,,,,,CULAJAO,ALL LOTS,,I,Industrial,2000.0
raw,"RDO No. 72 - Roxas City, Capiz is composed of the following City and Munic",,,,,,CULAJAO,ALL LOTS,,X,Special / Other,2000.0
raw,"RDO No. 72 - Roxas City, Capiz is composed of the following City and Munic",,,,,,CULAJAO,ALL LOTS,INTERIOR,RR,Residential - Regular,320.0
raw,"RDO No. 72 - Roxas City, Capiz is composed of the following City and Munic",,,,,,CULAJAO,ALL LOTS,INTERIOR,GP,General Purpose,300.0
raw,"RDO No. 72 - Roxas City, Capiz is composed of the following City and Munic",,,,,,CULAJAO,ALL LOTS,INTERIOR,A1,Agricultural - A1,15.0
raw,"RDO No. 72 - Roxas City, Capiz is composed of the following City and Munic",,,,,,CULAJAO,ALL LOTS,INTERIOR,A2,Agricultural - A2,25.0
raw,"RDO No. 72 - Roxas City, Capiz is composed of the following City and Munic",,,,,,CULAJAO,ALL LOTS,,RR,Residential - Regular,350.0
raw,"RDO No. 72 - Roxas City, Capiz is composed of the following City and Munic",,,,,,CULAJAO,ALL LOTS,,X,Special / Other,2000.0
raw,"RDO No. 72 - Roxas City, Capiz is composed of the following City and Munic",,,,,,CULAJAO,ALL LOTS,,A1,Agricultural - A1,3.0
raw,"RDO No. 72 - Roxas City, Capiz is composed of the following City and Munic",,,,,,CULAJAO,ALL LOTS,,A2,Agricultural - A2,10.0
raw,"RDO No. 72 - Roxas City, Capiz is composed of the following City and Munic",,,,,,CULASI,ALL LOTS,,RR,Residential - Regular,650.0
raw,"RDO No. 72 - Roxas City, Capiz is composed of the following City and Munic",,,,,,CULASI,ALL LOTS,,CR,Commercial - Regular,2000.0
raw,"RDO No. 72 - Roxas City, Capiz is composed of the following City and Munic",,,,,,CULASI,ALL LOTS,,I,Industrial,2000.0
raw,"RDO No. 72 - Roxas City, Capiz is composed of the following City and Munic",,,,,,CULASI,ALL LOTS,,X,Special / Other,2000.0
raw,"RDO No. 72 - Roxas City, Capiz is composed of the following City and Munic",,,,,,CULASI,ALL LOTS,INTERIOR,RR,Residential - Regular,520.0
raw,"RDO No. 72 - Roxas City, Capiz is composed of the following City and Munic",,,,,,CULASI,ALL LOTS,INTERIOR,GP,General Purpose,300.0
raw,"RDO No. 72 - Roxas City, Capiz is composed of the following City and Munic",,,,,,CULASI,ALL LOTS,INTERIOR,A1,Agricultural - A1,15.0
raw,"RDO No. 72 - Roxas City, Capiz is composed of the following City and Munic",,,,,,CULASI,ALL LOTS,INTERIOR,A2,Agricultural - A2,25.0
raw,"RDO No. 72 - Roxas City, Capiz is composed of the following City and Munic",,,,,,CULASI,ALL LOTS,,RR,Residential - Regular,450.0
raw,"RDO No. 72 - Roxas City, Capiz is composed of the following City and Munic",,,,,,CULASI,ALL LOTS,,X,Special / Other,2000.0
raw,"RDO No. 72 - Roxas City, Capiz is composed of the following City and Munic",,,,,,CULASI,ALL LOTS,,A1,Agricultural - A1,3.0
raw,"RDO No. 72 - Roxas City, Capiz is composed of the following City and Munic",,,,,,CULASI,ALL LOTS,,A2,Agricultural - A2,10.0
raw,"RDO No. 72 - Roxas City, Capiz is composed of the following City and Munic",,,,,,DAYAO,ALL LOTS,,RR,Residential - Regular,550.0
raw,"RDO No. 72 - Roxas City, Capiz is composed of the following City and Munic",,,,,,DAYAO,ALL LOTS,,CR,Commercial - Regular,2000.0
raw,"RDO No. 72 - Roxas City, Capiz is composed of the following City and Munic",,,,,,DAYAO,ALL LOTS,,I,Industrial,2000.0
raw,"RDO No. 72 - Roxas City, Capiz is composed of the following City and Munic",,,,,,DAYAO,ALL LOTS,,X,Special / Other,2000.0
raw,"RDO No. 72 - Roxas City, Capiz is composed of the following City and Munic",,,,,,DAYAO,ALL LOTS,INTERIOR,RR,Residential - Regular,440.0
raw,"RDO No. 72 - Roxas City, Capiz is composed of the following City and Munic",,,,,,DAYAO,ALL LOTS,INTERIOR,GP,General Purpose,300.0
raw,"RDO No. 72 - Roxas City, Capiz is composed of the following City and Munic",,,,,,DAYAO,ALL LOTS,INTERIOR,A1,Agricultural - A1,15.0
raw,"RDO No. 72 - Roxas City, Capiz is composed of the following City and Munic",,,,,,DAYAO,ALL LOTS,INTERIOR,A2,Agricultural - A2,25.0
raw,"RDO No. 72 - Roxas City, Capiz is composed of the following City and Munic",,,,,,DAYAO,ALL LOTS,,RR,Residential - Regular,350.0
raw,"RDO No. 72 - Roxas City, Capiz is composed of the following City and Munic",,,,,,DAYAO,ALL LOTS,,X,Special / Other,2000.0
raw,"RDO No. 72 - Roxas City, Capiz is composed of the following City and Munic",,,,,,DAYAO,ALL LOTS,,A1,Agricultural - A1,3.0
raw,"RDO No. 72 - Roxas City, Capiz is composed of the following City and Munic",,,,,,DAYAO,ALL LOTS,,A2,Agricultural - A2,10.0
raw,"RDO No. 72 - Roxas City, Capiz is composed of the following City and Munic",,,,,,DINGINAN,ALL LOTS,,RR,Residential - Regular,400.0
raw,"RDO No. 72 - Roxas City, Capiz is composed of the following City and Munic",,,,,,DINGINAN,ALL LOTS,,CR,Commercial - Regular,2000.0
raw,"RDO No. 72 - Roxas City, Capiz is composed of the following City and Munic",,,,,,DINGINAN,ALL LOTS,,I,Industrial,2000.0
raw,"RDO No. 72 - Roxas City, Capiz is composed of the following City and Munic",,,,,,DINGINAN,ALL LOTS,,X,Special / Other,2000.0
raw,"RDO No. 72 - Roxas City, Capiz is composed of the following City and Munic",,,,,,DINGINAN,ALL LOTS,INTERIOR,RR,Residential - Regular,320.0
raw,"RDO No. 72 - Roxas City, Capiz is composed of the following City and Munic",,,,,,DINGINAN,ALL LOTS,INTERIOR,GP,General Purpose,300.0
raw,"RDO No. 72 - Roxas City, Capiz is composed of the following City and Munic",,,,,,DINGINAN,ALL LOTS,INTERIOR,A1,Agricultural - A1,15.0
raw,"RDO No. 72 - Roxas City, Capiz is composed of the following City and Munic",,,,,,DINGINAN,ALL LOTS,INTERIOR,A2,Agricultural - A2,25.0
raw,"RDO No. 72 - Roxas City, Capiz is composed of the following City and Munic",,,,,,DINGINAN,ALL LOTS,,RR,Residential - Regular,400.0
raw,"RDO No. 72 - Roxas City, Capiz is composed of the following City and Munic",,,,,,DINGINAN,ALL LOTS,,X,Special / Other,2000.0
raw,"RDO No. 72 - Roxas City, Capiz is composed of the following City and Munic",,,,,,DINGINAN,ALL LOTS,,A1,Agricultural - A1,3.0
raw,"RDO No. 72 - Roxas City, Capiz is composed of the following City and Munic",,,,,,DINGINAN,ALL LOTS,,A2,Agricultural - A2,10.0
raw,"RDO No. 72 - Roxas City, Capiz is composed of the following City and Munic",,,,,,DUMOLOG,ALL LOTS,,RR,Residential - Regular,750.0
raw,"RDO No. 72 - Roxas City, Capiz is composed of the following City and Munic",,,,,,DUMOLOG,ALL LOTS,,CR,Commercial - Regular,2000.0
raw,"RDO No. 72 - Roxas City, Capiz is composed of the following City and Munic",,,,,,DUMOLOG,ALL LOTS,,I,Industrial,2000.0
raw,"RDO No. 72 - Roxas City, Capiz is composed of the following City and Munic",,,,,,DUMOLOG,ALL LOTS,,X,Special / Other,2000.0
raw,"RDO No. 72 - Roxas City, Capiz is composed of the following City and Munic",,,,,,DUMOLOG,ALL LOTS,INTERIOR,RR,Residential - Regular,600.0
raw,"RDO No. 72 - Roxas City, Capiz is composed of the following City and Munic",,,,,,DUMOLOG,ALL LOTS,INTERIOR,GP,General Purpose,300.0
raw,"RDO No. 72 - Roxas City, Capiz is composed of the following City and Munic",,,,,,DUMOLOG,ALL LOTS,INTERIOR,A1,Agricultural - A1,15.0
raw,"RDO No. 72 - Roxas City, Capiz is composed of the following City and Munic",,,,,,DUMOLOG,ALL LOTS,INTERIOR,A2,Agricultural - A2,25.0
raw,"RDO No. 72 - Roxas City, Capiz is composed of the following City and Munic",,,,,,DUMOLONG,ALL LOTS,,RR,Residential - Regular,450.0
raw,"RDO No. 72 - Roxas City, Capiz is composed of the following City and Munic",,,,,,DUMOLONG,ALL LOTS,,X,Special / Other,2000.0
raw,"RDO No. 72 - Roxas City, Capiz is composed of the following City and Munic",,,,,,DUMOLONG,ALL LOTS,,A1,Agricultural - A1,3.0
raw,"RDO No. 72 - Roxas City, Capiz is composed of the following City and Munic",,,,,,DUMOLONG,ALL LOTS,,A2,Agricultural - A2,10.0
raw,"RDO No. 72 - Roxas City, Capiz is composed of the following City and Munic",,,,,,GABU-AN,ALL LOTS,,RR,Residential - Regular,350.0
raw,"RDO No. 72 - Roxas City, Capiz is composed of the following City and Munic",,,,,,GABU-AN,ALL LOTS,,X,Special / Other,2000.0
raw,"RDO No. 72 - Roxas City, Capiz is composed of the following City and Munic",,,,,,GABU-AN,ALL LOTS,,A1,Agricultural - A1,3.0
raw,"RDO No. 72 - Roxas City, Capiz is composed of the following City and Munic",,,,,,GABU-AN,ALL LOTS,,A2,Agricultural - A2,10.0
raw,"RDO No. 72 - Roxas City, Capiz is composed of the following City and Munic",,,,,,GABUAN,ALL LOTS,,RR,Residential - Regular,400.0
raw,"RDO No. 72 - Roxas City, Capiz is composed of the following City and Munic",,,,,,GABUAN,ALL LOTS,,CR,Commercial - Regular,2000.0
raw,"RDO No. 72 - Roxas City, Capiz is composed of the following City and Munic",,,,,,GABUAN,ALL LOTS,,I,Industrial,2000.0
raw,"RDO No. 72 - Roxas City, Capiz is composed of the following City and Munic",,,,,,GABUAN,ALL LOTS,,X,Special / Other,2000.0
raw,"RDO No. 72 - Roxas City, Capiz is composed of the following City and Munic",,,,,,GABUAN,ALL LOTS,INTERIOR,RR,Residential - Regular,320.0
raw,"RDO No. 72 - Roxas City, Capiz is composed of the following City and Munic",,,,,,GABUAN,ALL LOTS,INTERIOR,GP,General Purpose,300.0
raw,"RDO No. 72 - Roxas City, Capiz is composed of the following City and Munic",,,,,,GABUAN,ALL LOTS,INTERIOR,A1,Agricultural - A1,15.0
raw,"RDO No. 72 - Roxas City, Capiz is composed of the following City and Munic",,,,,,GABUAN,ALL LOTS,INTERIOR,A2,Agricultural - A2,25.0
raw,"RDO No. 72 - Roxas City, Capiz is composed of the following City and Munic",,,,,,INZO ARBALDO,ALL LOTS,,RR,Residential - Regular,850.0
raw,"RDO No. 72 - Roxas City, Capiz is composed of the following City and Munic",,,,,,INZO ARBALDO,ALL LOTS,,CR,Commercial - Regular,2000.0
raw,"RDO No. 72 - Roxas City, Capiz is composed of the following City and Munic",,,,,,INZO ARBALDO,ALL LOTS,,I,Industrial,2000.0
raw,"RDO No. 72 - Roxas City, Capiz is composed of the following City and Munic",,,,,,INZO ARBALDO,ALL LOTS,,X,Special / Other,2000.0
raw,"RDO No. 72 - Roxas City, Capiz is composed of the following City and Munic",,,,,,INZO ARBALDO,ALL LOTS,INTERIOR,RR,Residential - Regular,680.0
raw,"RDO No. 72 - Roxas City, Capiz is composed of the following City and Munic",,,,,,INZO ARBALDO,ALL LOTS,INTERIOR,GP,General Purpose,300.0
raw,"RDO No. 72 - Roxas City, Capiz is composed of the following City and Munic",,,,,,INZO ARBALDO,ALL LOTS,INTERIOR,A1,Agricultural - A1,15.0
raw,"RDO No. 72 - Roxas City, Capiz is composed of the following City and Munic",,,,,,INZO ARBALDO,ALL LOTS,INTERIOR,A2,Agricultural - A2,25.0
raw,"RDO No. 72 - Roxas City, Capiz is composed of the following City and Munic",,,,,,INZO ARNALDO VILLAGE,ALL LOTS,,RR,Residential - Regular,350.0
raw,"RDO No. 72 - Roxas City, Capiz is composed of the following City and Munic",,,,,,INZO ARNALDO VILLAGE,ALL LOTS,,X,Special / Other,2000.0
raw,"RDO No. 72 - Roxas City, Capiz is composed of the following City and Munic",,,,,,INZO ARNALDO VILLAGE,ALL LOTS,,A1,Agricultural - A1,3.0
raw,"RDO No. 72 - Roxas City, Capiz is composed of the following City and Munic",,,,,,INZO ARNALDO VILLAGE,ALL LOTS,,A2,Agricultural - A2,10.0
raw,"RDO No. 72 - Roxas City, Capiz is composed of the following City and Munic",,,,,,JUMAGUICJIC,ALL LOTS,,RR,Residential - Regular,350.0
raw,"RDO No. 72 - Roxas City, Capiz is composed of the following City and Munic",,,,,,JUMAGUICJIC,ALL LOTS,,CR,Commercial - Regular,2000.0
raw,"RDO No. 72 - Roxas City, Capiz is composed of the following City and Munic",,,,,,JUMAGUICJIC,ALL LOTS,,I,Industrial,2000.0
raw,"RDO No. 72 - Roxas City, Capiz is composed of the following City and Munic",,,,,,JUMAGUICJIC,ALL LOTS,,X,Special / Other,2000.0
raw,"RDO No. 72 - Roxas City, Capiz is composed of the following City and Munic",,,,,,JUMAGUICJIC,ALL LOTS,INTERIOR,RR,Residential - Regular,280.0
raw,"RDO No. 72 - Roxas City, Capiz is composed of the following City and Munic",,,,,,JUMAGUICJIC,ALL LOTS,INTERIOR,GP,General Purpose,300.0
raw,"RDO No. 72 - Roxas City, Capiz is composed of the following City and Munic",,,,,,JUMAGUICJIC,ALL LOTS,INTERIOR,A1,Agricultural - A1,15.0
raw,"RDO No. 72 - Roxas City, Capiz is composed of the following City and Munic",,,,,,JUMAGUICJIC,ALL LOTS,INTERIOR,A2,Agricultural - A2,25.0
raw,"RDO No. 72 - Roxas City, Capiz is composed of the following City and Munic",,,,,,JUMAGUICJIC,ALL LOTS,,RR,Residential - Regular,350.0
raw,"RDO No. 72 - Roxas City, Capiz is composed of the following City and Munic",,,,,,JUMAGUICJIC,ALL LOTS,,X,Special / Other,2000.0
raw,"RDO No. 72 - Roxas City, Capiz is composed of the following City and Munic",,,,,,JUMAGUICJIC,ALL LOTS,,A1,Agricultural - A1,3.0
raw,"RDO No. 72 - Roxas City, Capiz is composed of the following City and Munic",,,,,,JUMAGUICJIC,ALL LOTS,,A2,Agricultural - A2,10.0
raw,"RDO No. 72 - Roxas City, Capiz is composed of the following City and Munic",,,,,,LANOT,ALL LOTS,,RR,Residential - Regular,450.0
raw,"RDO No. 72 - Roxas City, Capiz is composed of the following City and Munic",,,,,,LANOT,ALL LOTS,,CR,Commercial - Regular,2000.0
raw,"RDO No. 72 - Roxas City, Capiz is composed of the following City and Munic",,,,,,LANOT,ALL LOTS,,I,Industrial,2000.0
raw,"RDO No. 72 - Roxas City, Capiz is composed of the following City and Munic",,,,,,LANOT,ALL LOTS,,X,Special / Other,2000.0
raw,"RDO No. 72 - Roxas City, Capiz is composed of the following City and Munic",,,,,,LANOT,ALL LOTS,INTERIOR,RR,Residential - Regular,360.0
raw,"RDO No. 72 - Roxas City, Capiz is composed of the following City and Munic",,,,,,LANOT,ALL LOTS,INTERIOR,GP,General Purpose,300.0
raw,"RDO No. 72 - Roxas City, Capiz is composed of the following City and Munic",,,,,,LANOT,ALL LOTS,INTERIOR,A1,Agricultural - A1,15.0
raw,"RDO No. 72 - Roxas City, Capiz is composed of the following City and Munic",,,,,,LANOT,ALL LOTS,INTERIOR,A2,Agricultural - A2,25.0
raw,"RDO No. 72 - Roxas City, Capiz is composed of the following City and Munic",,,,,,LANOT,ALL LOTS,,RR,Residential - Regular,400.0
raw,"RDO No. 72 - Roxas City, Capiz is composed of the following City and Munic",,,,,,LANOT,ALL LOTS,,X,Special / Other,2000.0
raw,"RDO No. 72 - Roxas City, Capiz is composed of the following City and Munic",,,,,,LANOT,ALL LOTS,,A1,Agricultural - A1,3.0
raw,"RDO No. 72 - Roxas City, Capiz is composed of the following City and Munic",,,,,,LANOT,ALL LOTS,,A2,Agricultural - A2,10.0
raw,"RDO No. 72 - Roxas City, Capiz is composed of the following City and Munic",,,,,,LAWAAN,ALL LOTS,,RR,Residential - Regular,600.0
raw,"RDO No. 72 - Roxas City, Capiz is composed of the following City and Munic",,,,,,LAWAAN,ALL LOTS,,CR,Commercial - Regular,2000.0
raw,"RDO No. 72 - Roxas City, Capiz is composed of the following City and Munic",,,,,,LAWAAN,ALL LOTS,,I,Industrial,2000.0
raw,"RDO No. 72 - Roxas City, Capiz is composed of the following City and Munic",,,,,,LAWAAN,ALL LOTS,,X,Special / Other,2000.0
raw,"RDO No. 72 - Roxas City, Capiz is composed of the following City and Munic",,,,,,LAWAAN,ALL LOTS,INTERIOR,RR,Residential - Regular,480.0
raw,"RDO No. 72 - Roxas City, Capiz is composed of the following City and Munic",,,,,,LAWAAN,ALL LOTS,INTERIOR,GP,General Purpose,300.0
raw,"RDO No. 72 - Roxas City, Capiz is composed of the following City and Munic",,,,,,LAWAAN,ALL LOTS,INTERIOR,A1,Agricultural - A1,15.0
raw,"RDO No. 72 - Roxas City, Capiz is composed of the following City and Munic",,,,,,LAWAAN,ALL LOTS,INTERIOR,A2,Agricultural - A2,25.0
raw,"RDO No. 72 - Roxas City, Capiz is composed of the following City and Munic",,,,,,LAWAAN,ALL LOTS,,RR,Residential - Regular,400.0
raw,"RDO No. 72 - Roxas City, Capiz is composed of the following City and Munic",,,,,,LAWAAN,ALL LOTS,,X,Special / Other,2000.0
raw,"RDO No. 72 - Roxas City, Capiz is composed of the following City and Munic",,,,,,LAWAAN,ALL LOTS,,A1,Agricultural - A1,3.0
raw,"RDO No. 72 - Roxas City, Capiz is composed of the following City and Munic",,,,,,LAWAAN,ALL LOTS,,A2,Agricultural - A2,10.0
raw,"RDO No. 72 - Roxas City, Capiz is composed of the following City and Munic",,,,,,LI-ONG,ALL LOTS,,RR,Residential - Regular,350.0
raw,"RDO No. 72 - Roxas City, Capiz is composed of the following City and Munic",,,,,,LI-ONG,ALL LOTS,,X,Special / Other,2000.0
raw,"RDO No. 72 - Roxas City, Capiz is composed of the following City and Munic",,,,,,LI-ONG,ALL LOTS,,A1,Agricultural - A1,3.0
raw,"RDO No. 72 - Roxas City, Capiz is composed of the following City and Munic",,,,,,LI-ONG,ALL LOTS,,A2,Agricultural - A2,10.0
raw,"RDO No. 72 - Roxas City, Capiz is composed of the following City and Munic",,,,,,LIBAS,ALL LOTS,,RR,Residential - Regular,550.0
raw,"RDO No. 72 - Roxas City, Capiz is composed of the following City and Munic",,,,,,LIBAS,ALL LOTS,,CR,Commercial - Regular,2000.0
raw,"RDO No. 72 - Roxas City, Capiz is composed of the following City and Munic",,,,,,LIBAS,ALL LOTS,,I,Industrial,2000.0
raw,"RDO No. 72 - Roxas City, Capiz is composed of the following City and Munic",,,,,,LIBAS,ALL LOTS,,X,Special / Other,2000.0
raw,"RDO No. 72 - Roxas City, Capiz is composed of the following City and Munic",,,,,,LIBAS,ALL LOTS,INTERIOR,RR,Residential - Regular,440.0
raw,"RDO No. 72 - Roxas City, Capiz is composed of the following City and Munic",,,,,,LIBAS,ALL LOTS,INTERIOR,GP,General Purpose,300.0
raw,"RDO No. 72 - Roxas City, Capiz is composed of the following City and Munic",,,,,,LIBAS,ALL LOTS,INTERIOR,A1,Agricultural - A1,15.0
raw,"RDO No. 72 - Roxas City, Capiz is composed of the following City and Munic",,,,,,LIBAS,ALL LOTS,INTERIOR,A2,Agricultural - A2,25.0
raw,"RDO No. 72 - Roxas City, Capiz is composed of the following City and Munic",,,,,,LIBAS,ALL LOTS,,RR,Residential - Regular,350.0
raw,"RDO No. 72 - Roxas City, Capiz is composed of the following City and Munic",,,,,,LIBAS,ALL LOTS,,X,Special / Other,2000.0
raw,"RDO No. 72 - Roxas City, Capiz is composed of the following City and Munic",,,,,,LIBAS,ALL LOTS,,A1,Agricultural - A1,3.0
raw,"RDO No. 72 - Roxas City, Capiz is composed of the following City and Munic",,,,,,LIBAS,ALL LOTS,,A2,Agricultural - A2,10.0
raw,"RDO No. 72 - Roxas City, Capiz is composed of the following City and Munic",,,,,,LIONG,ALL LOTS,,RR,Residential - Regular,350.0
raw,"RDO No. 72 - Roxas City, Capiz is composed of the following City and Munic",,,,,,LIONG,ALL LOTS,,CR,Commercial - Regular,2000.0
raw,"RDO No. 72 - Roxas City, Capiz is composed of the following City and Munic",,,,,,LIONG,ALL LOTS,,I,Industrial,2000.0
raw,"RDO No. 72 - Roxas City, Capiz is composed of the following City and Munic",,,,,,LIONG,ALL LOTS,,X,Special / Other,2000.0
raw,"RDO No. 72 - Roxas City, Capiz is composed of the following City and Munic",,,,,,LIONG,ALL LOTS,INTERIOR,RR,Residential - Regular,280.0
raw,"RDO No. 72 - Roxas City, Capiz is composed of the following City and Munic",,,,,,LIONG,ALL LOTS,INTERIOR,GP,General Purpose,300.0
raw,"RDO No. 72 - Roxas City, Capiz is composed of the following City and Munic",,,,,,LIONG,ALL LOTS,INTERIOR,A1,Agricultural - A1,15.0
raw,"RDO No. 72 - Roxas City, Capiz is composed of the following City and Munic",,,,,,LIONG,ALL LOTS,INTERIOR,A2,Agricultural - A2,25.0
raw,"RDO No. 72 - Roxas City, Capiz is composed of the following City and Munic",,,,,,LOCTUGAN,ALL LOTS,,RR,Residential - Regular,750.0
raw,"RDO No. 72 - Roxas City, Capiz is composed of the following City and Munic",,,,,,LOCTUGAN,ALL LOTS,,CR,Commercial - Regular,2000.0
raw,"RDO No. 72 - Roxas City, Capiz is composed of the following City and Munic",,,,,,LOCTUGAN,ALL LOTS,,I,Industrial,2000.0
raw,"RDO No. 72 - Roxas City, Capiz is composed of the following City and Munic",,,,,,LOCTUGAN,ALL LOTS,,X,Special / Other,2000.0
raw,"RDO No. 72 - Roxas City, Capiz is composed of the following City and Munic",,,,,,LOCTUGAN,ALL LOTS,INTERIOR,RR,Residential - Regular,600.0
raw,"RDO No. 72 - Roxas City, Capiz is composed of the following City and Munic",,,,,,LOCTUGAN,ALL LOTS,INTERIOR,GP,General Purpose,300.0
raw,"RDO No. 72 - Roxas City, Capiz is composed of the following City and Munic",,,,,,LOCTUGAN,ALL LOTS,INTERIOR,A1,Agricultural - A1,15.0
raw,"RDO No. 72 - Roxas City, Capiz is composed of the following City and Munic",,,,,,LOCTUGAN,ALL LOTS,INTERIOR,A2,Agricultural - A2,25.0
raw,"RDO No. 72 - Roxas City, Capiz is composed of the following City and Munic",,,,,,LOCTUGAN,ALL LOTS,,RR,Residential - Regular,400.0
raw,"RDO No. 72 - Roxas City, Capiz is composed of the following City and Munic",,,,,,LOCTUGAN,ALL LOTS,,X,Special / Other,2000.0
raw,"RDO No. 72 - Roxas City, Capiz is composed of the following City and Munic",,,,,,LOCTUGAN,ALL LOTS,,A1,Agricultural - A1,3.0
raw,"RDO No. 72 - Roxas City, Capiz is composed of the following City and Munic",,,,,,LOCTUGAN,ALL LOTS,,A2,Agricultural - A2,10.0
raw,"RDO No. 72 - Roxas City, Capiz is composed of the following City and Munic",,,,,,LONOY,ALL LOTS,,RR,Residential - Regular,400.0
raw,"RDO No. 72 - Roxas City, Capiz is composed of the following City and Munic",,,,,,LONOY,ALL LOTS,,CR,Commercial - Regular,2000.0
raw,"RDO No. 72 - Roxas City, Capiz is composed of the following City and Munic",,,,,,LONOY,ALL LOTS,,I,Industrial,2000.0
raw,"RDO No. 72 - Roxas City, Capiz is composed of the following City and Munic",,,,,,LONOY,ALL LOTS,,X,Special / Other,2000.0
raw,"RDO No. 72 - Roxas City, Capiz is composed of the following City and Munic",,,,,,LONOY,ALL LOTS,INTERIOR,RR,Residential - Regular,320.0
raw,"RDO No. 72 - Roxas City, Capiz is composed of the following City and Munic",,,,,,LONOY,ALL LOTS,INTERIOR,GP,General Purpose,300.0
raw,"RDO No. 72 - Roxas City, Capiz is composed of the following City and Munic",,,,,,LONOY,ALL LOTS,INTERIOR,A1,Agricultural - A1,15.0
raw,"RDO No. 72 - Roxas City, Capiz is composed of the following City and Munic",,,,,,LONOY,ALL LOTS,INTERIOR,A2,Agricultural - A2,25.0
raw,"RDO No. 72 - Roxas City, Capiz is composed of the following City and Munic",,,,,,LONOY,ALL LOTS,,RR,Residential - Regular,350.0
raw,"RDO No. 72 - Roxas City, Capiz is composed of the following City and Munic",,,,,,LONOY,ALL LOTS,,X,Special / Other,2000.0
raw,"RDO No. 72 - Roxas City, Capiz is composed of the following City and Munic",,,,,,LONOY,ALL LOTS,,A1,Agricultural - A1,3.0
raw,"RDO No. 72 - Roxas City, Capiz is composed of the following City and Munic",,,,,,LONOY,ALL LOTS,,A2,Agricultural - A2,10.0
raw,"RDO No. 72 - Roxas City, Capiz is composed of the following City and Munic",,,,,,MILIBILI,ALL LOTS,,RR,Residential - Regular,400.0
raw,"RDO No. 72 - Roxas City, Capiz is composed of the following City and Munic",,,,,,MILIBILI,ALL LOTS,,CR,Commercial - Regular,2000.0
raw,"RDO No. 72 - Roxas City, Capiz is composed of the following City and Munic",,,,,,MILIBILI,ALL LOTS,,I,Industrial,2000.0
raw,"RDO No. 72 - Roxas City, Capiz is composed of the following City and Munic",,,,,,MILIBILI,ALL LOTS,,X,Special / Other,2000.0
raw,"RDO No. 72 - Roxas City, Capiz is composed of the following City and Munic",,,,,,MILIBILI,ALL LOTS,INTERIOR,RR,Residential - Regular,320.0
raw,"RDO No. 72 - Roxas City, Capiz is composed of the following City and Munic",,,,,,MILIBILI,ALL LOTS,INTERIOR,GP,General Purpose,300.0
raw,"RDO No. 72 - Roxas City, Capiz is composed of the following City and Munic",,,,,,MILIBILI,ALL LOTS,INTERIOR,A1,Agricultural - A1,15.0
raw,"RDO No. 72 - Roxas City, Capiz is composed of the following City and Munic",,,,,,MILIBILI,ALL LOTS,INTERIOR,A2,Agricultural - A2,25.0
raw,"RDO No. 72 - Roxas City, Capiz is composed of the following City and Munic",,,,,,MILIBILI,ALL LOTS,,RR,Residential - Regular,350.0
raw,"RDO No. 72 - Roxas City, Capiz is composed of the following City and Munic",,,,,,MILIBILI,ALL LOTS,,X,Special / Other,2000.0
raw,"RDO No. 72 - Roxas City, Capiz is composed of the following City and Munic",,,,,,MILIBILI,ALL LOTS,,A1,Agricultural - A1,3.0
raw,"RDO No. 72 - Roxas City, Capiz is composed of the following City and Munic",,,,,,MILIBILI,ALL LOTS,,A2,Agricultural - A2,10.0
raw,"RDO No. 72 - Roxas City, Capiz is composed of the following City and Munic",,,,,,MONGPONG,ALL LOTS,,RR,Residential - Regular,450.0
raw,"RDO No. 72 - Roxas City, Capiz is composed of the following City and Munic",,,,,,MONGPONG,ALL LOTS,,CR,Commercial - Regular,2000.0
raw,"RDO No. 72 - Roxas City, Capiz is composed of the following City and Munic",,,,,,MONGPONG,ALL LOTS,,I,Industrial,2000.0
raw,"RDO No. 72 - Roxas City, Capiz is composed of the following City and Munic",,,,,,MONGPONG,ALL LOTS,,X,Special / Other,2000.0
raw,"RDO No. 72 - Roxas City, Capiz is composed of the following City and Munic",,,,,,MONGPONG,ALL LOTS,INTERIOR,RR,Residential - Regular,360.0
raw,"RDO No. 72 - Roxas City, Capiz is composed of the following City and Munic",,,,,,MONGPONG,ALL LOTS,INTERIOR,GP,General Purpose,300.0
raw,"RDO No. 72 - Roxas City, Capiz is composed of the following City and Munic",,,,,,MONGPONG,ALL LOTS,INTERIOR,A1,Agricultural - A1,15.0
raw,"RDO No. 72 - Roxas City, Capiz is composed of the following City and Munic",,,,,,MONGPONG,ALL LOTS,INTERIOR,A2,Agricultural - A2,25.0
raw,"RDO No. 72 - Roxas City, Capiz is composed of the following City and Munic",,,,,,MONGPONG,ALL LOTS,,RR,Residential - Regular,350.0
raw,"RDO No. 72 - Roxas City, Capiz is composed of the following City and Munic",,,,,,MONGPONG,ALL LOTS,,X,Special / Other,2000.0
raw,"RDO No. 72 - Roxas City, Capiz is composed of the following City and Munic",,,,,,MONGPONG,ALL LOTS,,A1,Agricultural - A1,3.0
raw,"RDO No. 72 - Roxas City, Capiz is composed of the following City and Munic",,,,,,MONGPONG,ALL LOTS,,A2,Agricultural - A2,10.0
raw,"RDO No. 72 - Roxas City, Capiz is composed of the following City and Munic",,,,,,OLOTAYAN,ALL LOTS,,RR,Residential - Regular,350.0
raw,"RDO No. 72 - Roxas City, Capiz is composed of the following City and Munic",,,,,,OLOTAYAN,ALL LOTS,,CR,Commercial - Regular,2000.0
raw,"RDO No. 72 - Roxas City, Capiz is composed of the following City and Munic",,,,,,OLOTAYAN,ALL LOTS,,I,Industrial,2000.0
raw,"RDO No. 72 - Roxas City, Capiz is composed of the following City and Munic",,,,,,OLOTAYAN,ALL LOTS,,X,Special / Other,2000.0
raw,"RDO No. 72 - Roxas City, Capiz is composed of the following City and Munic",,,,,,OLOTAYAN,ALL LOTS,INTERIOR,RR,Residential - Regular,280.0
raw,"RDO No. 72 - Roxas City, Capiz is composed of the following City and Munic",,,,,,OLOTAYAN,ALL LOTS,INTERIOR,GP,General Purpose,300.0
raw,"RDO No. 72 - Roxas City, Capiz is composed of the following City and Munic",,,,,,OLOTAYAN,ALL LOTS,INTERIOR,A1,Agricultural - A1,15.0
raw,"RDO No. 72 - Roxas City, Capiz is composed of the following City and Munic",,,,,,OLOTAYAN,ALL LOTS,INTERIOR,A2,Agricultural - A2,25.0
raw,"RDO No. 72 - Roxas City, Capiz is composed of the following City and Munic",,,,,,OLOTAYAN,ALL LOTS,,RR,Residential - Regular,350.0
raw,"RDO No. 72 - Roxas City, Capiz is composed of the following City and Munic",,,,,,OLOTAYAN,ALL LOTS,,X,Special / Other,2000.0
raw,"RDO No. 72 - Roxas City, Capiz is composed of the following City and Munic",,,,,,OLOTAYAN,ALL LOTS,,A1,Agricultural - A1,3.0
raw,"RDO No. 72 - Roxas City, Capiz is composed of the following City and Munic",,,,,,OLOTAYAN,ALL LOTS,,A2,Agricultural - A2,10.0
raw,"RDO No. 72 - Roxas City, Capiz is composed of the following City and Munic",,,,,,POBLACION,ADLAWAN,CR RIZAL ST - BURGOS,RR,Residential - Regular,400.0
raw,"RDO No. 72 - Roxas City, Capiz is composed of the following City and Munic",,,,,,POBLACION,AGLIPAY ST,C J ALBAR RZ  TO RIZAL,RR,Residential - Regular,550.0
raw,"RDO No. 72 - Roxas City, Capiz is composed of the following City and Munic",,,,,,POBLACION,AGLIPAY ST.,GOMEZ - ZAMORA,RR,Residential - Regular,850.0
raw,"RDO No. 72 - Roxas City, Capiz is composed of the following City and Munic",,,,,,POBLACION,AGLIPAY ST.,C J ALBAR - RIZAL,RR,Residential - Regular,850.0
raw,"RDO No. 72 - Roxas City, Capiz is composed of the following City and Munic",,,,,,POBLACION,AGUINALDO,CM RECTO - BANGBANG,RR,Residential - Regular,750.0
raw,"RDO No. 72 - Roxas City, Capiz is composed of the following City and Munic",,,,,,POBLACION,AGUINALDO ST,CM RECTO TO BANGBANG,RR,Residential - Regular,500.0
raw,"RDO No. 72 - Roxas City, Capiz is composed of the following City and Munic",,,,,,POBLACION,ALCAZAR SUBDIVISION,CM RECTO - BANGBANG,RR,Residential - Regular,750.0
raw,"RDO No. 72 - Roxas City, Capiz is composed of the following City and Munic",,,,,,POBLACION,ALCAZAR SUBDIVISION,,RR,Residential - Regular,500.0
raw,"RDO No. 72 - Roxas City, Capiz is composed of the following City and Munic",,,,,,POBLACION,ALDEA SUBDIVISION,CM RECTO - BANGBANG,RR,Residential - Regular,750.0
raw,"RDO No. 72 - Roxas City, Capiz is composed of the following City and Munic",,,,,,POBLACION,ALDEA SUBDIVISION,,RR,Residential - Regular,500.0
raw,"RDO No. 72 - Roxas City, Capiz is composed of the following City and Munic",,,,,,POBLACION,ANDRES BONIFACIO ST,GD PILAR - ML QUEZON,CR,Commercial - Regular,4200.0
raw,"RDO No. 72 - Roxas City, Capiz is composed of the following City and Munic",,,,,,POBLACION,ANDRES BONIFACIO ST,CJ ALBAR - RIZAL,RR,Residential - Regular,850.0
raw,"RDO No. 72 - Roxas City, Capiz is composed of the following City and Munic",,,,,,POBLACION,ANDRES BONIFACIO ST,ML QUEZON - JOSE A ST.,RR,Residential - Regular,850.0
raw,"RDO No. 72 - Roxas City, Capiz is composed of the following City and Munic",,,,,,POBLACION,ANDRES BONIFACIO ST,GD PILAR - ML QUEZON,CR,Commercial - Regular,4100.0
raw,"RDO No. 72 - Roxas City, Capiz is composed of the following City and Munic",,,,,,POBLACION,ANDRES BONIFACIO ST,MLQ TO JOSE A S ST.,RR,Residential - Regular,550.0
raw,"RDO No. 72 - Roxas City, Capiz is composed of the following City and Munic",,,,,,POBLACION,ANTONIO BELO ST,CRS SERGIO - CAPIZ,CR,Commercial - Regular,4100.0
raw,"RDO No. 72 - Roxas City, Capiz is composed of the following City and Munic",,,,,,POBLACION,ANTONIO BELO ST,SERGIO Q - CAPIZ BR,CR,Commercial - Regular,5000.0
raw,"RDO No. 72 - Roxas City, Capiz is composed of the following City and Munic",,,,,,POBLACION,ANTONIO BELO ST,SERGIO Q - CAPIZ BR,CR,Commercial - Regular,4100.0
raw,"RDO No. 72 - Roxas City, Capiz is composed of the following City and Munic",,,,,,POBLACION,ANTONIO BELO ST,CRS SERGIO - CAPIZ,CR,Commercial - Regular,3900.0
raw,"RDO No. 72 - Roxas City, Capiz is composed of the following City and Munic",,,,,,POBLACION,ARELLANO ST,MLQ - SN ROQUE,RR,Residential - Regular,850.0
raw,"RDO No. 72 - Roxas City, Capiz is composed of the following City and Munic",,,,,,POBLACION,ARELLANO ST,A. BONIFACIO - BURGOS,RR,Residential - Regular,850.0
raw,"RDO No. 72 - Roxas City, Capiz is composed of the following City and Munic",,,,,,POBLACION,ARELLANO ST,BURGOS ST - CM RECTO,RR,Residential - Regular,750.0
raw,"RDO No. 72 - Roxas City, Capiz is composed of the following City and Munic",,,,,,POBLACION,ARELLANO ST,A BONIFACIO TO BURGO,RR,Residential - Regular,550.0
raw,"RDO No. 72 - Roxas City, Capiz is composed of the following City and Munic",,,,,,POBLACION,ARELLANO ST,BURGOS TO BANGBANG,RR,Residential - Regular,500.0
raw,"RDO No. 72 - Roxas City, Capiz is composed of the following City and Munic",,,,,,POBLACION,ASIS ST,BURGOS ST- CM RECTO,RR,Residential - Regular,750.0
raw,"RDO No. 72 - Roxas City, Capiz is composed of the following City and Munic",,,,,,POBLACION,ASIS ST.,BURGOS ST TO CM RECTO,RR,Residential - Regular,500.0
raw,"RDO No. 72 - Roxas City, Capiz is composed of the following City and Munic",,,,,,POBLACION,ATIENZA SUBVISION,BURGOS ST- CM RECTO,RR,Residential - Regular,750.0
raw,"RDO No. 72 - Roxas City, Capiz is composed of the following City and Munic",,,,,,POBLACION,ATIENZA SUBVISION,,RR,Residential - Regular,500.0
raw,"RDO No. 72 - Roxas City, Capiz is composed of the following City and Munic",,,,,,POBLACION,BAGO,CR RIZAL ST - BURGOS,RR,Residential - Regular,350.0
raw,"RDO No. 72 - Roxas City, Capiz is composed of the following City and Munic",,,,,,POBLACION,BALIJUAGAN,CR RIZAL ST - BURGOS,RR,Residential - Regular,300.0
raw,"RDO No. 72 - Roxas City, Capiz is composed of the following City and Munic",,,,,,POBLACION,BANGBANG ST,BANGBANG CRK - MEJORADA,RR,Residential - Regular,700.0
raw,"RDO No. 72 - Roxas City, Capiz is composed of the following City and Munic",,,,,,POBLACION,BANGBANG ST,BANGBANG CRK TO MEJODA,RR,Residential - Regular,450.0
raw,"RDO No. 72 - Roxas City, Capiz is composed of the following City and Munic",,,,,,POBLACION,BANICA,CR RIZAL ST - BURGOS,RR,Residential - Regular,650.0
raw,"RDO No. 72 - Roxas City, Capiz is composed of the following City and Munic",,,,,,POBLACION,BARRA,CR RIZAL ST - BURGOS,RR,Residential - Regular,350.0
raw,"RDO No. 72 - Roxas City, Capiz is composed of the following City and Munic",,,,,,POBLACION,BARRA,CR RIZAL ST - BURGOS,GP,General Purpose,300.0
raw,"RDO No. 72 - Roxas City, Capiz is composed of the following City and Munic",,,,,,POBLACION,BAYOT DRIVE,ROXAS  -  P R T,CR,Commercial - Regular,4200.0
raw,"RDO No. 72 - Roxas City, Capiz is composed of the following City and Munic",,,,,,POBLACION,BAYOT DRIVE,A BELO ST. - PRT,CR,Commercial - Regular,4200.0
raw,"RDO No. 72 - Roxas City, Capiz is composed of the following City and Munic",,,,,,POBLACION,BAYOT DRIVE,ROXAS A. TO PART,CR,Commercial - Regular,4100.0
raw,"RDO No. 72 - Roxas City, Capiz is composed of the following City and Munic",,,,,,POBLACION,BAYOT DRIVE,A BELO ST. - PRT,CR,Commercial - Regular,3900.0
raw,"RDO No. 72 - Roxas City, Capiz is composed of the following City and Munic",,,,,,POBLACION,BENJAMIN ALBA SUBD,BANGBANG CRK - MEJORADA,RR,Residential - Regular,700.0
raw,"RDO No. 72 - Roxas City, Capiz is composed of the following City and Munic",,,,,,POBLACION,BENJAMIN ALBA SUBD,,RR,Residential - Regular,450.0
raw,"RDO No. 72 - Roxas City, Capiz is composed of the following City and Munic",,,,,,POBLACION,BURGOS,SN ROQUE TO J SANTOS,RR,Residential - Regular,550.0
raw,"RDO No. 72 - Roxas City, Capiz is composed of the following City and Munic",,,,,,POBLACION,BURGOS ST,CIDC - DAYAO CR BAR,RR,Residential - Regular,700.0
raw,"RDO No. 72 - Roxas City, Capiz is composed of the following City and Munic",,,,,,POBLACION,BURGOS ST,CRS BARRA - LIBAS,RR,Residential - Regular,700.0
raw,"RDO No. 72 - Roxas City, Capiz is composed of the following City and Munic",,,,,,POBLACION,BURGOS ST,CRS C BARRIOS - CID,RR,Residential - Regular,750.0
raw,"RDO No. 72 - Roxas City, Capiz is composed of the following City and Munic",,,,,,POBLACION,BURGOS ST,GOMEZ ST - ZAMORA,RR,Residential - Regular,750.0
raw,"RDO No. 72 - Roxas City, Capiz is composed of the following City and Munic",,,,,,POBLACION,BURGOS ST,LORENZO B - MLQ,CR,Commercial - Regular,4200.0
raw,"RDO No. 72 - Roxas City, Capiz is composed of the following City and Munic",,,,,,POBLACION,BURGOS ST,MLQ - SN ROQUE,RR,Residential - Regular,1275.0
raw,"RDO No. 72 - Roxas City, Capiz is composed of the following City and Munic",,,,,,POBLACION,BURGOS ST,SAN ROQUE - J SANTOS,RR,Residential - Regular,750.0
raw,"RDO No. 72 - Roxas City, Capiz is composed of the following City and Munic",,,,,,POBLACION,BURGOS ST,LORENZO B TO MLQ,CR,Commercial - Regular,4100.0
raw,"RDO No. 72 - Roxas City, Capiz is composed of the following City and Munic",,,,,,POBLACION,BURGOS ST,MLQ TO SN ROQUE,RR,Residential - Regular,550.0
raw,"RDO No. 72 - Roxas City, Capiz is composed of the following City and Munic",,,,,,POBLACION,BURGOS ST,CRS C BARRIOS TO CID,RR,Residential - Regular,550.0
raw,"RDO No. 72 - Roxas City, Capiz is composed of the following City and Munic",,,,,,POBLACION,BURGOS ST,CRS BARRA TO LIBAS,RR,Residential - Regular,450.0
raw,"RDO No. 72 - Roxas City, Capiz is composed of the following City and Munic",,,,,,POBLACION,BURGOS ST,CIDO TO DAVAO CR BAR,RR,Residential - Regular,500.0
raw,"RDO No. 72 - Roxas City, Capiz is composed of the following City and Munic",,,,,,POBLACION,BURGOS ST.,GOMEZ ST TO ZAMORA,RR,Residential - Regular,550.0
raw,"RDO No. 72 - Roxas City, Capiz is composed of the following City and Munic",,,,,,POBLACION,CAPITAN ALBAR ST,GOMEZ - BARZA LODGE,CR,Commercial - Regular,4000.0
raw,"RDO No. 72 - Roxas City, Capiz is composed of the following City and Munic",,,,,,POBLACION,CAPITAN ALBAR ST,BARZA LDG. - ZAMORA,RR,Residential - Regular,3900.0
raw,"RDO No. 72 - Roxas City, Capiz is composed of the following City and Munic",,,,,,POBLACION,CAPITAN J ALBAR ST,GOMEZ - BARZA LODGE,CR,Commercial - Regular,3900.0
raw,"RDO No. 72 - Roxas City, Capiz is composed of the following City and Munic",,,,,,POBLACION,CAPITAN JOSE ALBAR,BARZA LDG TO ZAMORA,RR,Residential - Regular,550.0
raw,"RDO No. 72 - Roxas City, Capiz is composed of the following City and Munic",,,,,,POBLACION,CERTIZA SUBDIVISION,,RR,Residential - Regular,700.0
raw,"RDO No. 72 - Roxas City, Capiz is composed of the following City and Munic",,,,,,POBLACION,CERTIZA SUBDIVISION,,RR,Residential - Regular,500.0
raw,"RDO No. 72 - Roxas City, Capiz is composed of the following City and Munic",,,,,,POBLACION,CERVALES SUBDIVISION,,RR,Residential - Regular,700.0
raw,"RDO No. 72 - Roxas City, Capiz is composed of the following City and Munic",,,,,,POBLACION,CERVALES SUBDIVISION,,RR,Residential - Regular,500.0
raw,"RDO No. 72 - Roxas City, Capiz is composed of the following City and Munic",,,,,,POBLACION,CLARO M RECTO ST.,G. D PILAR TO S JOSE,CR,Commercial - Regular,4100.0
raw,"RDO No. 72 - Roxas City, Capiz is composed of the following City and Munic",,,,,,POBLACION,CLARO M RECTO ST.,SN JOSE ABAD S,RR,Residential - Regular,550.0
raw,"RDO No. 72 - Roxas City, Capiz is composed of the following City and Munic",,,,,,POBLACION,CLARO M. RECTO,SN ROQUE BR - BURGOS,RR,Residential - Regular,4200.0
raw,"RDO No. 72 - Roxas City, Capiz is composed of the following City and Munic",,,,,,POBLACION,CLARO M. RECTO,GD PILAR - SN JOSE,RR,Residential - Regular,4200.0
raw,"RDO No. 72 - Roxas City, Capiz is composed of the following City and Munic",,,,,,POBLACION,CONRADO BARRIOS,BURGOS ST.- ALDEA,RR,Residential - Regular,700.0
raw,"RDO No. 72 - Roxas City, Capiz is composed of the following City and Munic",,,,,,POBLACION,CONRADO BARRIOS,RIZAL ST. - BURGOS,RR,Residential - Regular,750.0
raw,"RDO No. 72 - Roxas City, Capiz is composed of the following City and Munic",,,,,,POBLACION,CONRADO BARRIOS ST.,RIZAL ST TO BURGOS,RR,Residential - Regular,500.0
raw,"RDO No. 72 - Roxas City, Capiz is composed of the following City and Munic",,,,,,POBLACION,CONRADO BARRIOS ST.,BURGOS ST TO ALDEA S.,RR,Residential - Regular,500.0
raw,"RDO No. 72 - Roxas City, Capiz is composed of the following City and Munic",,,,,,POBLACION,ELOISA ST,RIZAL ST. - ZAMORA,RR,Residential - Regular,750.0
raw,"RDO No. 72 - Roxas City, Capiz is composed of the following City and Munic",,,,,,POBLACION,ELOISA ST.,RIZAL ST. TO ZAMORA,RR,Residential - Regular,550.0
raw,"RDO No. 72 - Roxas City, Capiz is composed of the following City and Munic",,,,,,POBLACION,EMILIO JACINTO ST,LORENZO BLVD. - MLQ,CR,Commercial - Regular,4200.0
raw,"RDO No. 72 - Roxas City, Capiz is composed of the following City and Munic",,,,,,POBLACION,EMILIO JACINTO ST,LORENZO B. - GOMEZ,CR,Commercial - Regular,4000.0
raw,"RDO No. 72 - Roxas City, Capiz is composed of the following City and Munic",,,,,,POBLACION,EMILIO JACINTO ST,MLQ - ARELLANO,CR,Commercial - Regular,4000.0
raw,"RDO No. 72 - Roxas City, Capiz is composed of the following City and Munic",,,,,,POBLACION,EMILIO JACINTO ST,ARELLANO ST - SN ROQUE,RR,Residential - Regular,4000.0
raw,"RDO No. 72 - Roxas City, Capiz is composed of the following City and Munic",,,,,,POBLACION,EMILIO JACINTO ST,GOMEZ - ZAMORA,RR,Residential - Regular,4200.0
raw,"RDO No. 72 - Roxas City, Capiz is composed of the following City and Munic",,,,,,POBLACION,EMILIO JACINTO ST,ZAMORA - C. BARRIOS,RR,Residential - Regular,4000.0
raw,"RDO No. 72 - Roxas City, Capiz is composed of the following City and Munic",,,,,,POBLACION,EMILIO JACINTO ST.,LORENZO BLVD TO MLQ,RR,Residential - Regular,4100.0
raw,"RDO No. 72 - Roxas City, Capiz is composed of the following City and Munic",,,,,,POBLACION,EMILIO JACINTO ST.,LORENZO B. TO GOMEZ,CR,Commercial - Regular,3900.0
raw,"RDO No. 72 - Roxas City, Capiz is composed of the following City and Munic",,,,,,POBLACION,EMILIO JACINTO ST.,MLQ ST. TO ARELLANO,CR,Commercial - Regular,3900.0
raw,"RDO No. 72 - Roxas City, Capiz is composed of the following City and Munic",,,,,,POBLACION,EMILIO JACINTO ST.,ARELLANO TO SN ROQUE,RR,Residential - Regular,550.0
raw,"RDO No. 72 - Roxas City, Capiz is composed of the following City and Munic",,,,,,POBLACION,EMILIO JACINTO ST.,GOMEZ ST TO ZAMORA,RR,Residential - Regular,550.0
raw,"RDO No. 72 - Roxas City, Capiz is composed of the following City and Munic",,,,,,POBLACION,EMILIO JACINTO ST.,ZAMORA TO C BARRIOS,RR,Residential - Regular,500.0
raw,"RDO No. 72 - Roxas City, Capiz is composed of the following City and Munic",,,,,,POBLACION,EMILIO JACINTO ST.,ZAMORA TO C BARRIOS,RR,Residential - Regular,450.0
raw,"RDO No. 72 - Roxas City, Capiz is composed of the following City and Munic",,,,,,POBLACION,F BALTAZAR ST,CIT TO PROV MOTOR P.,RR,Residential - Regular,550.0
raw,"RDO No. 72 - Roxas City, Capiz is composed of the following City and Munic",,,,,,POBLACION,FRANCISCO BALTAZAR,CJ ALBAR RZ AND EMI,RR,Residential - Regular,750.0
raw,"RDO No. 72 - Roxas City, Capiz is composed of the following City and Munic",,,,,,POBLACION,FRANCISCO BALTAZAR,FUENTES DRIVE - CIT,RR,Residential - Regular,750.0
raw,"RDO No. 72 - Roxas City, Capiz is composed of the following City and Munic",,,,,,POBLACION,FRANCISCO BALTAZAR,CIT - PROV. MOTOR,RR,Residential - Regular,750.0
raw,"RDO No. 72 - Roxas City, Capiz is composed of the following City and Munic",,,,,,POBLACION,FRANCISCO BALTAZAR,CRS FUENTES TO DR CI,RR,Residential - Regular,550.0
raw,"RDO No. 72 - Roxas City, Capiz is composed of the following City and Munic",,,,,,POBLACION,FRANCISCO BALTAZAR,FUENTES DR TO CIT,RR,Residential - Regular,625.0
raw,"RDO No. 72 - Roxas City, Capiz is composed of the following City and Munic",,,,,,POBLACION,FUENTES DRIVE,SIDE OF RPB - SN ROQUE,CR,Commercial - Regular,4000.0
raw,"RDO No. 72 - Roxas City, Capiz is composed of the following City and Munic",,,,,,POBLACION,FUENTES DRIVE,ROXAS A - FR. RP BANK,CR,Commercial - Regular,4000.0
raw,"RDO No. 72 - Roxas City, Capiz is composed of the following City and Munic",,,,,,POBLACION,FUENTES DRIVE,ROXAS A - FR. RP BANK,CR,Commercial - Regular,3900.0
raw,"RDO No. 72 - Roxas City, Capiz is composed of the following City and Munic",,,,,,POBLACION,FUENTES DRIVE,SIDE OF RPB TO S ROQ,CR,Commercial - Regular,3900.0
raw,"RDO No. 72 - Roxas City, Capiz is composed of the following City and Munic",,,,,,POBLACION,FUENTES SUBDIVISION,ROXAS A - FR. RP BANK,RR,Residential - Regular,700.0
raw,"RDO No. 72 - Roxas City, Capiz is composed of the following City and Munic",,,,,,POBLACION,FUENTES SUBDIVISION,,RR,Residential - Regular,500.0
raw,"RDO No. 72 - Roxas City, Capiz is composed of the following City and Munic",,,,,,POBLACION,G. DEL PILAR,CO LAPU ST - BURGOS,CR,Commercial - Regular,4100.0
raw,"RDO No. 72 - Roxas City, Capiz is composed of the following City and Munic",,,,,,POBLACION,G. DEL PILAR,CO LAPU ST - BURGOS,CR,Commercial - Regular,4100.0
raw,"RDO No. 72 - Roxas City, Capiz is composed of the following City and Munic",,,,,,POBLACION,GOMEZ ST,RIZAL ST - BURGOS,CR,Commercial - Regular,4000.0
raw,"RDO No. 72 - Roxas City, Capiz is composed of the following City and Munic",,,,,,POBLACION,GOMEZ ST.,RIZAL ST TO BURGOS,CR,Commercial - Regular,3900.0
raw,"RDO No. 72 - Roxas City, Capiz is composed of the following City and Munic",,,,,,POBLACION,INOCENCIO SUBD,RIZAL ST - BURGOS,RR,Residential - Regular,700.0
raw,"RDO No. 72 - Roxas City, Capiz is composed of the following City and Munic",,,,,,POBLACION,INOCENCIO SUBD,,RR,Residential - Regular,500.0
raw,"RDO No. 72 - Roxas City, Capiz is composed of the following City and Munic",,,,,,POBLACION,JOSE ABAD SANTOS ST,CO A BONI - BANGBANG,RR,Residential - Regular,700.0
raw,"RDO No. 72 - Roxas City, Capiz is composed of the following City and Munic",,,,,,POBLACION,JOSE ABAD SANTOS ST,CO A BONI TO BANGBANG,RR,Residential - Regular,500.0
raw,"RDO No. 72 - Roxas City, Capiz is composed of the following City and Munic",,,,,,POBLACION,JOSE ALTAVAS ST,FUENTES SRIVE - OSMENA,RR,Residential - Regular,5000.0
raw,"RDO No. 72 - Roxas City, Capiz is composed of the following City and Munic",,,,,,POBLACION,JOSE ALTAVAS ST,SERGIO Q. - A BELO,CR,Commercial - Regular,5000.0
raw,"RDO No. 72 - Roxas City, Capiz is composed of the following City and Munic",,,,,,POBLACION,JOSE ALTAVAS ST,SERGIO Q. - A BELO,CR,Commercial - Regular,4100.0
raw,"RDO No. 72 - Roxas City, Capiz is composed of the following City and Munic",,,,,,POBLACION,JOSE ALTAVAS ST,FUENTES DR.TO OSMENA,CR,Commercial - Regular,3900.0
raw,"RDO No. 72 - Roxas City, Capiz is composed of the following City and Munic",,,,,,POBLACION,JOSE HONTIVEROS ST,RIZAL ST - BURGOS,RR,Residential - Regular,700.0
raw,"RDO No. 72 - Roxas City, Capiz is composed of the following City and Munic",,,,,,POBLACION,JOSE HONTIVEROS ST.,RIZAL ST TO BURGOS,RR,Residential - Regular,500.0
raw,"RDO No. 72 - Roxas City, Capiz is composed of the following City and Munic",,,,,,POBLACION,LAKANDULA,CPT J ALBAR TO BURGO,RR,Residential - Regular,550.0
raw,"RDO No. 72 - Roxas City, Capiz is composed of the following City and Munic",,,,,,POBLACION,LAKANDULA ST,CPT J ALBAR - BURGOS,RR,Residential - Regular,750.0
raw,"RDO No. 72 - Roxas City, Capiz is composed of the following City and Munic",,,,,,POBLACION,LAPU LAPU ST,GD PILAR - SAN JOSE,CR,Commercial - Regular,4000.0
raw,"RDO No. 72 - Roxas City, Capiz is composed of the following City and Munic",,,,,,POBLACION,LAPU-LAPU ST.,G D PILAR TO S JOSE,CR,Commercial - Regular,3900.0
raw,"RDO No. 72 - Roxas City, Capiz is composed of the following City and Munic",,,,,,POBLACION,LOPEZ JAENA ST.,ANDRES B - BANGBANG,RR,Residential - Regular,750.0
raw,"RDO No. 72 - Roxas City, Capiz is composed of the following City and Munic",,,,,,POBLACION,LOPEZ JAENA ST.,C J ALBAR  - EMI,RR,Residential - Regular,750.0
raw,"RDO No. 72 - Roxas City, Capiz is composed of the following City and Munic",,,,,,POBLACION,LOPEZ JAENA ST.,C J ALBAR RZ AND EMI,RR,Residential - Regular,550.0
raw,"RDO No. 72 - Roxas City, Capiz is composed of the following City and Munic",,,,,,POBLACION,LORENZO ARNALDO BLVD,TANGUE RD TO CAPIZ R,CR,Commercial - Regular,4100.0
raw,"RDO No. 72 - Roxas City, Capiz is composed of the following City and Munic",,,,,,POBLACION,LORENZO ARNALDO BLVD,ROXAS M H TO MARIAN M,RR,Residential - Regular,3900.0
raw,"RDO No. 72 - Roxas City, Capiz is composed of the following City and Munic",,,,,,POBLACION,LORENZO ARNALDO BLVD.,TANGUE RD - CAPIZ R,CR,Commercial - Regular,4200.0
raw,"RDO No. 72 - Roxas City, Capiz is composed of the following City and Munic",,,,,,POBLACION,LORENZO ARNALDO ST,ROXAS MH - MARIAM,RR,Residential - Regular,4000.0
raw,"RDO No. 72 - Roxas City, Capiz is composed of the following City and Munic",,,,,,POBLACION,LORENZO ARNALDO ST,ROXAS MH - BAYBAY (VERTICAL & HORIZONTAL),RR,Residential - Regular,1000.0
raw,"RDO No. 72 - Roxas City, Capiz is composed of the following City and Munic",,,,,,POBLACION,LUNA NOVICIO ST,CM RECTO - BANGBANG,RR,Residential - Regular,750.0
raw,"RDO No. 72 - Roxas City, Capiz is composed of the following City and Munic",,,,,,POBLACION,LUNA NOVICIO ST,CM RECTO TO BANGBANG,RR,Residential - Regular,500.0
raw,"RDO No. 72 - Roxas City, Capiz is composed of the following City and Munic",,,,,,POBLACION,MABINI ST,SN ROQUE - MLQ ST,RR,Residential - Regular,750.0
raw,"RDO No. 72 - Roxas City, Capiz is composed of the following City and Munic",,,,,,POBLACION,MABINI ST,LORENZO A BLVD. - MLQ,RR,Residential - Regular,750.0
raw,"RDO No. 72 - Roxas City, Capiz is composed of the following City and Munic",,,,,,POBLACION,MABINI ST,SN ROQUE - MLQ ST,RR,Residential - Regular,750.0
raw,"RDO No. 72 - Roxas City, Capiz is composed of the following City and Munic",,,,,,POBLACION,MABINI ST.,LORENZO A BLV TO MLQ,RR,Residential - Regular,550.0
raw,"RDO No. 72 - Roxas City, Capiz is composed of the following City and Munic",,,,,,POBLACION,MABINI ST.,S ROQUE ST TO MLQ ST,RR,Residential - Regular,550.0
raw,"RDO No. 72 - Roxas City, Capiz is composed of the following City and Munic",,,,,,POBLACION,MABINI ST.,SN ROQUE TO MLQ ST,RR,Residential - Regular,500.0
raw,"RDO No. 72 - Roxas City, Capiz is composed of the following City and Munic",,,,,,POBLACION,MANUEL L. QUEZON,CR BANGBANG - MABINI,RR,Residential - Regular,750.0
raw,"RDO No. 72 - Roxas City, Capiz is composed of the following City and Munic",,,,,,POBLACION,MANUEL L. QUEZON,ANDRES B. - BANGBANG,RR,Residential - Regular,750.0
raw,"RDO No. 72 - Roxas City, Capiz is composed of the following City and Munic",,,,,,POBLACION,MANUEL L. QUEZON ST.,ANDRES B TO BANGBANG,RR,Residential - Regular,550.0
raw,"RDO No. 72 - Roxas City, Capiz is composed of the following City and Munic",,,,,,POBLACION,MANUEL L. QUEZON ST.,CR BANGBANG TO MABINI,RR,Residential - Regular,550.0
raw,"RDO No. 72 - Roxas City, Capiz is composed of the following City and Munic",,,,,,POBLACION,MOLINO SUBD.,ANDRES B. - BANGBANG,RR,Residential - Regular,700.0
raw,"RDO No. 72 - Roxas City, Capiz is composed of the following City and Munic",,,,,,POBLACION,MOLINO SUBD.,,RR,Residential - Regular,500.0
raw,"RDO No. 72 - Roxas City, Capiz is composed of the following City and Munic",,,,,,POBLACION,NHA (PHHC) LAWAAN,100 M FR NR REST 3RD,RR,Residential - Regular,700.0
raw,"RDO No. 72 - Roxas City, Capiz is composed of the following City and Munic",,,,,,POBLACION,NHA (PNHC) LAWAAN,100 M FR NR REST 3RD,RR,Residential - Regular,500.0
raw,"RDO No. 72 - Roxas City, Capiz is composed of the following City and Munic",,,,,,POBLACION,NORENTE SUBD,100 M FR NR REST 3RD,RR,Residential - Regular,700.0
raw,"RDO No. 72 - Roxas City, Capiz is composed of the following City and Munic",,,,,,POBLACION,NORENTE SUBD,,RR,Residential - Regular,500.0
raw,"RDO No. 72 - Roxas City, Capiz is composed of the following City and Munic",,,,,,POBLACION,PHIL RAILWAY ST,MOSERNA H TO EMM H,RR,Residential - Regular,500.0
raw,"RDO No. 72 - Roxas City, Capiz is composed of the following City and Munic",,,,,,POBLACION,PHIL RAILWAY TRACK,PHIL R PUNTA - FAS,RR,Residential - Regular,650.0
raw,"RDO No. 72 - Roxas City, Capiz is composed of the following City and Munic",,,,,,POBLACION,PHIL RAILWAY TRACK,PHIL R. PUNTA TO FAS,RR,Residential - Regular,450.0
raw,"RDO No. 72 - Roxas City, Capiz is composed of the following City and Munic",,,,,,POBLACION,PHIL. RAILWAY ST,MOSERNA 11 - EMM 11,RR,Residential - Regular,700.0
raw,"RDO No. 72 - Roxas City, Capiz is composed of the following City and Munic",,,,,,POBLACION,PUNTA TABUC,CADIZ H - PT BRIDGE,RR,Residential - Regular,550.0
raw,"RDO No. 72 - Roxas City, Capiz is composed of the following City and Munic",,,,,,POBLACION,PUNTA TABUC,CAPIZ H TO PT BRIDGE,RR,Residential - Regular,550.0
raw,"RDO No. 72 - Roxas City, Capiz is composed of the following City and Munic",,,,,,POBLACION,REAL ST,LUNA N - J A SANTOS,RR,Residential - Regular,700.0
raw,"RDO No. 72 - Roxas City, Capiz is composed of the following City and Munic",,,,,,POBLACION,REAL ST,LU NA  N TO J A SANTOS,RR,Residential - Regular,500.0
raw,"RDO No. 72 - Roxas City, Capiz is composed of the following City and Munic",,,,,,POBLACION,RIZAL  ST,PLANTERS P - ZAMORA,RR,Residential - Regular,750.0
raw,"RDO No. 72 - Roxas City, Capiz is composed of the following City and Munic",,,,,,POBLACION,RIZAL  ST,ZAMORA O CRK - DYVR,RR,Residential - Regular,750.0
raw,"RDO No. 72 - Roxas City, Capiz is composed of the following City and Munic",,,,,,POBLACION,RIZAL  ST,GOMEZ ST - PLANTERS,CR,Commercial - Regular,3900.0
raw,"RDO No. 72 - Roxas City, Capiz is composed of the following City and Munic",,,,,,POBLACION,RIZAL  ST,GOMEZ ST - PLANTERS,CR,Commercial - Regular,3900.0
raw,"RDO No. 72 - Roxas City, Capiz is composed of the following City and Munic",,,,,,POBLACION,RIZAL ST.,PLANTERS P TO ZAMORA,RR,Residential - Regular,550.0
raw,"RDO No. 72 - Roxas City, Capiz is composed of the following City and Munic",,,,,,POBLACION,RIZAL ST.,ZAMORA TO CRK OP DYR,RR,Residential - Regular,550.0
raw,"RDO No. 72 - Roxas City, Capiz is composed of the following City and Munic",,,,,,POBLACION,ROXAS AVENUE,CAPIZ BR - CROSS EMM,CR,Commercial - Regular,10000.0
raw,"RDO No. 72 - Roxas City, Capiz is composed of the following City and Munic",,,,,,POBLACION,ROXAS AVENUE,CR EMM HOS - PAVIL,CR,Commercial - Regular,4200.0
raw,"RDO No. 72 - Roxas City, Capiz is composed of the following City and Munic",,,,,,POBLACION,ROXAS AVENUE,PAVILLION - CRS SEM,CR,Commercial - Regular,4000.0
raw,"RDO No. 72 - Roxas City, Capiz is composed of the following City and Munic",,,,,,POBLACION,ROXAS AVENUE,PROV MOT - CRS PAV,RR,Residential - Regular,4000.0
raw,"RDO No. 72 - Roxas City, Capiz is composed of the following City and Munic",,,,,,POBLACION,ROXAS AVENUE,CAPIZ BR - CROSS EMM,CR,Commercial - Regular,4100.0
raw,"RDO No. 72 - Roxas City, Capiz is composed of the following City and Munic",,,,,,POBLACION,ROXAS AVENUE,CR EMM HOS TO PAVIL,CR,Commercial - Regular,3900.0
raw,"RDO No. 72 - Roxas City, Capiz is composed of the following City and Munic",,,,,,POBLACION,ROXAS AVENUE,PAVILLION TO CRS SEM,CR,Commercial - Regular,3900.0
raw,"RDO No. 72 - Roxas City, Capiz is composed of the following City and Munic",,,,,,POBLACION,ROXAS AVENUE,PROV MOT TO CRS PAV,RR,Residential - Regular,550.0
raw,"RDO No. 72 - Roxas City, Capiz is composed of the following City and Munic",,,,,,POBLACION,SAN JOSE ST,A. BONIFACIO - BURGOS,RR,Residential - Regular,700.0
raw,"RDO No. 72 - Roxas City, Capiz is composed of the following City and Munic",,,,,,POBLACION,SAN JOSE ST,BURGOS - BANGBANG,RR,Residential - Regular,700.0
raw,"RDO No. 72 - Roxas City, Capiz is composed of the following City and Munic",,,,,,POBLACION,SAN JOSE ST,ARELLANO - SN ROQUE,RR,Residential - Regular,750.0
raw,"RDO No. 72 - Roxas City, Capiz is composed of the following City and Munic",,,,,,POBLACION,SAN JOSE ST.,A BONIFACIO TO BURGO,RR,Residential - Regular,550.0
raw,"RDO No. 72 - Roxas City, Capiz is composed of the following City and Munic",,,,,,POBLACION,SAN JOSE ST.,BURGOS TO BANGBANG,RR,Residential - Regular,500.0
raw,"RDO No. 72 - Roxas City, Capiz is composed of the following City and Munic",,,,,,POBLACION,SAN ROQUE EXT.,CO FUENTES D - S R,CR,Commercial - Regular,4500.0
raw,"RDO No. 72 - Roxas City, Capiz is composed of the following City and Munic",,,,,,POBLACION,SAN ROQUE EXTENSION,CO FUENTES D TO S R,CR,Commercial - Regular,3900.0
raw,"RDO No. 72 - Roxas City, Capiz is composed of the following City and Munic",,,,,,POBLACION,SAN ROQUE ST,SN ROQUE - BURGOS,RR,Residential - Regular,750.0
raw,"RDO No. 72 - Roxas City, Capiz is composed of the following City and Munic",,,,,,POBLACION,SAN ROQUE ST,BURGOS - MABINI,RR,Residential - Regular,750.0
raw,"RDO No. 72 - Roxas City, Capiz is composed of the following City and Munic",,,,,,POBLACION,SAN ROQUE ST.,SN ROQUE RR TO BURGO,RR,Residential - Regular,550.0
raw,"RDO No. 72 - Roxas City, Capiz is composed of the following City and Munic",,,,,,POBLACION,SAN ROQUE ST.,BURGOS ST TO MABINI,RR,Residential - Regular,550.0
raw,"RDO No. 72 - Roxas City, Capiz is composed of the following City and Munic",,,,,,POBLACION,SECERINO SUBD,J A PASS ROX - BELO,RR,Residential - Regular,700.0
raw,"RDO No. 72 - Roxas City, Capiz is composed of the following City and Munic",,,,,,POBLACION,SERGIO OSMENA ST,J A PASS ROX - BELO,CR,Commercial - Regular,4200.0
raw,"RDO No. 72 - Roxas City, Capiz is composed of the following City and Munic",,,,,,POBLACION,SERGIO OSMENA ST,J A PASS ROX - BELO,CR,Commercial - Regular,4100.0
raw,"RDO No. 72 - Roxas City, Capiz is composed of the following City and Munic",,,,,,POBLACION,SEVERINO SUBDIVISION,,RR,Residential - Regular,500.0
raw,"RDO No. 72 - Roxas City, Capiz is composed of the following City and Munic",,,,,,POBLACION,TANGUE MUN. RD,L ARNALDO - ALDEA,RR,Residential - Regular,700.0
raw,"RDO No. 72 - Roxas City, Capiz is composed of the following City and Munic",,,,,,POBLACION,TANGUE MUNICIPAL ROAD,L ARNALDO TO ALDEA S,RR,Residential - Regular,500.0
raw,"RDO No. 72 - Roxas City, Capiz is composed of the following City and Munic",,,,,,POBLACION,TIZA -MALIBILI ROAD,MALIPAYAON TO MIL SCH,RR,Residential - Regular,450.0
raw,"RDO No. 72 - Roxas City, Capiz is composed of the following City and Munic",,,,,,POBLACION,TIZA -MILIBILI ROAD,F BALTAZAR TO CIT MP,RR,Residential - Regular,550.0
raw,"RDO No. 72 - Roxas City, Capiz is composed of the following City and Munic",,,,,,POBLACION,TIZA MILIBILI RD,F. BALTAZAR TP COT,RR,Residential - Regular,750.0
raw,"RDO No. 72 - Roxas City, Capiz is composed of the following City and Munic",,,,,,POBLACION,TIZA MILIBILI RD,MALIPAYON - MIL SCH,RR,Residential - Regular,650.0
raw,"RDO No. 72 - Roxas City, Capiz is composed of the following City and Munic",,,,,,POBLACION,TOMAS ARANDA SUBD,MALIPAYON - MIL SCH,RR,Residential - Regular,650.0
raw,"RDO No. 72 - Roxas City, Capiz is composed of the following City and Munic",,,,,,POBLACION,TOMAS ARANDA SUBD.,,RR,Residential - Regular,450.0
raw,"RDO No. 72 - Roxas City, Capiz is composed of the following City and Munic",,,,,,POBLACION,VILLAROSA SUBD,MALIPAYON - MIL SCH,RR,Residential - Regular,700.0
raw,"RDO No. 72 - Roxas City, Capiz is composed of the following City and Munic",,,,,,POBLACION,VILLAROSA SUBD,,RR,Residential - Regular,500.0
raw,"RDO No. 72 - Roxas City, Capiz is composed of the following City and Munic",,,,,,POBLACION,YNGCONG SUBD,MALIPAYON - MIL SCH,RR,Residential - Regular,700.0
raw,"RDO No. 72 - Roxas City, Capiz is composed of the following City and Munic",,,,,,POBLACION,YNGCONG SUBD,,RR,Residential - Regular,500.0
raw,"RDO No. 72 - Roxas City, Capiz is composed of the following City and Munic",,,,,,POBLACION,ZAMORA ST,CR RIZAL ST - BURGOS,RR,Residential - Regular,1500.0
raw,"RDO No. 72 - Roxas City, Capiz is composed of the following City and Munic",,,,,,POBLACION,ZAMORA ST.,CR RIZAL ST TO BURGO,RR,Residential - Regular,1237.0
raw,"RDO No. 72 - Roxas City, Capiz is composed of the following City and Munic",,,,,,PUNTA COGON,ALL LOTS,,RR,Residential - Regular,350.0
raw,"RDO No. 72 - Roxas City, Capiz is composed of the following City and Munic",,,,,,PUNTA COGON,ALL LOTS,,CR,Commercial - Regular,2000.0
raw,"RDO No. 72 - Roxas City, Capiz is composed of the following City and Munic",,,,,,PUNTA COGON,ALL LOTS,,I,Industrial,2000.0
raw,"RDO No. 72 - Roxas City, Capiz is composed of the following City and Munic",,,,,,PUNTA COGON,ALL LOTS,,X,Special / Other,2000.0
raw,"RDO No. 72 - Roxas City, Capiz is composed of the following City and Munic",,,,,,PUNTA COGON,ALL LOTS,INTERIOR,RR,Residential - Regular,280.0
raw,"RDO No. 72 - Roxas City, Capiz is composed of the following City and Munic",,,,,,PUNTA COGON,ALL LOTS,INTERIOR,GP,General Purpose,300.0
raw,"RDO No. 72 - Roxas City, Capiz is composed of the following City and Munic",,,,,,PUNTA COGON,ALL LOTS,INTERIOR,A1,Agricultural - A1,15.0
raw,"RDO No. 72 - Roxas City, Capiz is composed of the following City and Munic",,,,,,PUNTA COGON,ALL LOTS,INTERIOR,A2,Agricultural - A2,25.0
raw,"RDO No. 72 - Roxas City, Capiz is composed of the following City and Munic",,,,,,PUNTA COGON,ALL LOTS,,RR,Residential - Regular,350.0
raw,"RDO No. 72 - Roxas City, Capiz is composed of the following City and Munic",,,,,,PUNTA COGON,ALL LOTS,,X,Special / Other,2000.0
raw,"RDO No. 72 - Roxas City, Capiz is composed of the following City and Munic",,,,,,PUNTA COGON,ALL LOTS,,A1,Agricultural - A1,3.0
raw,"RDO No. 72 - Roxas City, Capiz is composed of the following City and Munic",,,,,,PUNTA COGON,ALL LOTS,,A2,Agricultural - A2,10.0
raw,"RDO No. 72 - Roxas City, Capiz is composed of the following City and Munic",,,,,,PUNTA TABUC,ALL LOTS,,RR,Residential - Regular,950.0
raw,"RDO No. 72 - Roxas City, Capiz is composed of the following City and Munic",,,,,,PUNTA TABUC,ALL LOTS,,CR,Commercial - Regular,2000.0
raw,"RDO No. 72 - Roxas City, Capiz is composed of the following City and Munic",,,,,,PUNTA TABUC,ALL LOTS,,I,Industrial,2000.0
raw,"RDO No. 72 - Roxas City, Capiz is composed of the following City and Munic",,,,,,PUNTA TABUC,ALL LOTS,,X,Special / Other,2000.0
raw,"RDO No. 72 - Roxas City, Capiz is composed of the following City and Munic",,,,,,PUNTA TABUC,ALL LOTS,INTERIOR,RR,Residential - Regular,760.0
raw,"RDO No. 72 - Roxas City, Capiz is composed of the following City and Munic",,,,,,PUNTA TABUC,ALL LOTS,INTERIOR,GP,General Purpose,300.0
raw,"RDO No. 72 - Roxas City, Capiz is composed of the following City and Munic",,,,,,PUNTA TABUC,ALL LOTS,INTERIOR,A1,Agricultural - A1,15.0
raw,"RDO No. 72 - Roxas City, Capiz is composed of the following City and Munic",,,,,,PUNTA TABUC,ALL LOTS,INTERIOR,A2,Agricultural - A2,25.0
raw,"RDO No. 72 - Roxas City, Capiz is composed of the following City and Munic",,,,,,PUNTA TABUC,ALL LOTS,,RR,Residential - Regular,350.0
raw,"RDO No. 72 - Roxas City, Capiz is composed of the following City and Munic",,,,,,PUNTA TABUC,ALL LOTS,,X,Special / Other,2000.0
raw,"RDO No. 72 - Roxas City, Capiz is composed of the following City and Munic",,,,,,PUNTA TABUC,ALL LOTS,,A1,Agricultural - A1,3.0
raw,"RDO No. 72 - Roxas City, Capiz is composed of the following City and Munic",,,,,,PUNTA TABUC,ALL LOTS,,A2,Agricultural - A2,10.0
raw,"RDO No. 72 - Roxas City, Capiz is composed of the following City and Munic",,,,,,SAN JOSE,ALL LOTS,,RR,Residential - Regular,600.0
raw,"RDO No. 72 - Roxas City, Capiz is composed of the following City and Munic",,,,,,SAN JOSE,ALL LOTS,,CR,Commercial - Regular,2000.0
raw,"RDO No. 72 - Roxas City, Capiz is composed of the following City and Munic",,,,,,SAN JOSE,ALL LOTS,,I,Industrial,2000.0
raw,"RDO No. 72 - Roxas City, Capiz is composed of the following City and Munic",,,,,,SAN JOSE,ALL LOTS,,X,Special / Other,2000.0
raw,"RDO No. 72 - Roxas City, Capiz is composed of the following City and Munic",,,,,,SAN JOSE,ALL LOTS,INTERIOR,RR,Residential - Regular,480.0
raw,"RDO No. 72 - Roxas City, Capiz is composed of the following City and Munic",,,,,,SAN JOSE,ALL LOTS,INTERIOR,GP,General Purpose,300.0
raw,"RDO No. 72 - Roxas City, Capiz is composed of the following City and Munic",,,,,,SAN JOSE,ALL LOTS,INTERIOR,A1,Agricultural - A1,15.0
raw,"RDO No. 72 - Roxas City, Capiz is composed of the following City and Munic",,,,,,SAN JOSE,ALL LOTS,INTERIOR,A2,Agricultural - A2,25.0
raw,"RDO No. 72 - Roxas City, Capiz is composed of the following City and Munic",,,,,,SAN JOSE,ALL LOTS,,RR,Residential - Regular,350.0
raw,"RDO No. 72 - Roxas City, Capiz is composed of the following City and Munic",,,,,,SAN JOSE,ALL LOTS,,X,Special / Other,2000.0
raw,"RDO No. 72 - Roxas City, Capiz is composed of the following City and Munic",,,,,,SAN JOSE,ALL LOTS,,A1,Agricultural - A1,3.0
raw,"RDO No. 72 - Roxas City, Capiz is composed of the following City and Munic",,,,,,SAN JOSE,ALL LOTS,,A2,Agricultural - A2,10.0
raw,"RDO No. 72 - Roxas City, Capiz is composed of the following City and Munic",,,,,,SIBAGUAN,ALL LOTS,,RR,Residential - Regular,350.0
raw,"RDO No. 72 - Roxas City, Capiz is composed of the following City and Munic",,,,,,SIBAGUAN,ALL LOTS,,CR,Commercial - Regular,2000.0
raw,"RDO No. 72 - Roxas City, Capiz is composed of the following City and Munic",,,,,,SIBAGUAN,ALL LOTS,,I,Industrial,2000.0
raw,"RDO No. 72 - Roxas City, Capiz is composed of the following City and Munic",,,,,,SIBAGUAN,ALL LOTS,,X,Special / Other,2000.0
raw,"RDO No. 72 - Roxas City, Capiz is composed of the following City and Munic",,,,,,SIBAGUAN,ALL LOTS,INTERIOR,RR,Residential - Regular,280.0
raw,"RDO No. 72 - Roxas City, Capiz is composed of the following City and Munic",,,,,,SIBAGUAN,ALL LOTS,INTERIOR,GP,General Purpose,300.0
raw,"RDO No. 72 - Roxas City, Capiz is composed of the following City and Munic",,,,,,SIBAGUAN,ALL LOTS,INTERIOR,A1,Agricultural - A1,15.0
raw,"RDO No. 72 - Roxas City, Capiz is composed of the following City and Munic",,,,,,SIBAGUAN,ALL LOTS,INTERIOR,A2,Agricultural - A2,25.0
raw,"RDO No. 72 - Roxas City, Capiz is composed of the following City and Munic",,,,,,SIBAGUAN,ALL LOTS,,RR,Residential - Regular,350.0
raw,"RDO No. 72 - Roxas City, Capiz is composed of the following City and Munic",,,,,,SIBAGUAN,ALL LOTS,,X,Special / Other,2000.0
raw,"RDO No. 72 - Roxas City, Capiz is composed of the following City and Munic",,,,,,SIBAGUAN,ALL LOTS,,A1,Agricultural - A1,3.0
raw,"RDO No. 72 - Roxas City, Capiz is composed of the following City and Munic",,,,,,SIBAGUAN,ALL LOTS,,A2,Agricultural - A2,10.0
raw,"RDO No. 72 - Roxas City, Capiz is composed of the following City and Munic",,,,,,TALON,ALL LOTS,,RR,Residential - Regular,350.0
raw,"RDO No. 72 - Roxas City, Capiz is composed of the following City and Munic",,,,,,TALON,ALL LOTS,,CR,Commercial - Regular,2000.0
raw,"RDO No. 72 - Roxas City, Capiz is composed of the following City and Munic",,,,,,TALON,ALL LOTS,,I,Industrial,2000.0
raw,"RDO No. 72 - Roxas City, Capiz is composed of the following City and Munic",,,,,,TALON,ALL LOTS,,X,Special / Other,2000.0
raw,"RDO No. 72 - Roxas City, Capiz is composed of the following City and Munic",,,,,,TALON,ALL LOTS,INTERIOR,RR,Residential - Regular,280.0
raw,"RDO No. 72 - Roxas City, Capiz is composed of the following City and Munic",,,,,,TALON,ALL LOTS,INTERIOR,GP,General Purpose,300.0
raw,"RDO No. 72 - Roxas City, Capiz is composed of the following City and Munic",,,,,,TALON,ALL LOTS,INTERIOR,A1,Agricultural - A1,15.0
raw,"RDO No. 72 - Roxas City, Capiz is composed of the following City and Munic",,,,,,TALON,ALL LOTS,INTERIOR,A2,Agricultural - A2,25.0
raw,"RDO No. 72 - Roxas City, Capiz is composed of the following City and Munic",,,,,,TALON,ALL LOTS,,RR,Residential - Regular,350.0
raw,"RDO No. 72 - Roxas City, Capiz is composed of the following City and Munic",,,,,,TALON,ALL LOTS,,X,Special / Other,2000.0
raw,"RDO No. 72 - Roxas City, Capiz is composed of the following City and Munic",,,,,,TALON,ALL LOTS,,A1,Agricultural - A1,3.0
raw,"RDO No. 72 - Roxas City, Capiz is composed of the following City and Munic",,,,,,TALON,ALL LOTS,,A2,Agricultural - A2,10.0
raw,"RDO No. 72 - Roxas City, Capiz is composed of the following City and Munic",,,,,,TANGUE,ALL LOTS,,RR,Residential - Regular,950.0
raw,"RDO No. 72 - Roxas City, Capiz is composed of the following City and Munic",,,,,,TANGUE,ALL LOTS,,CR,Commercial - Regular,2000.0
raw,"RDO No. 72 - Roxas City, Capiz is composed of the following City and Munic",,,,,,TANGUE,ALL LOTS,,I,Industrial,2000.0
raw,"RDO No. 72 - Roxas City, Capiz is composed of the following City and Munic",,,,,,TANGUE,ALL LOTS,,X,Special / Other,2000.0
raw,"RDO No. 72 - Roxas City, Capiz is composed of the following City and Munic",,,,,,TANGUE,ALL LOTS,INTERIOR,RR,Residential - Regular,760.0
raw,"RDO No. 72 - Roxas City, Capiz is composed of the following City and Munic",,,,,,TANGUE,ALL LOTS,INTERIOR,GP,General Purpose,300.0
raw,"RDO No. 72 - Roxas City, Capiz is composed of the following City and Munic",,,,,,TANGUE,ALL LOTS,INTERIOR,A1,Agricultural - A1,15.0
raw,"RDO No. 72 - Roxas City, Capiz is composed of the following City and Munic",,,,,,TANGUE,ALL LOTS,INTERIOR,A2,Agricultural - A2,25.0
raw,"RDO No. 72 - Roxas City, Capiz is composed of the following City and Munic",,,,,,TANGUE,ALL LOTS,,RR,Residential - Regular,350.0
raw,"RDO No. 72 - Roxas City, Capiz is composed of the following City and Munic",,,,,,TANGUE,ALL LOTS,,X,Special / Other,2000.0
raw,"RDO No. 72 - Roxas City, Capiz is composed of the following City and Munic",,,,,,TANGUE,ALL LOTS,,A1,Agricultural - A1,3.0
raw,"RDO No. 72 - Roxas City, Capiz is composed of the following City and Munic",,,,,,TANGUE,ALL LOTS,,A2,Agricultural - A2,10.0
raw,"RDO No. 72 - Roxas City, Capiz is composed of the following City and Munic",,,,,,TANZA,ALL LOTS,,RR,Residential - Regular,850.0
raw,"RDO No. 72 - Roxas City, Capiz is composed of the following City and Munic",,,,,,TANZA,ALL LOTS,,CR,Commercial - Regular,2000.0
raw,"RDO No. 72 - Roxas City, Capiz is composed of the following City and Munic",,,,,,TANZA,ALL LOTS,,I,Industrial,2000.0
raw,"RDO No. 72 - Roxas City, Capiz is composed of the following City and Munic",,,,,,TANZA,ALL LOTS,,X,Special / Other,2000.0
raw,"RDO No. 72 - Roxas City, Capiz is composed of the following City and Munic",,,,,,TANZA,ALL LOTS,INTERIOR,RR,Residential - Regular,680.0
raw,"RDO No. 72 - Roxas City, Capiz is composed of the following City and Munic",,,,,,TANZA,ALL LOTS,INTERIOR,GP,General Purpose,300.0
raw,"RDO No. 72 - Roxas City, Capiz is composed of the following City and Munic",,,,,,TANZA,ALL LOTS,INTERIOR,A1,Agricultural - A1,15.0
raw,"RDO No. 72 - Roxas City, Capiz is composed of the following City and Munic",,,,,,TANZA,ALL LOTS,INTERIOR,A2,Agricultural - A2,25.0
raw,"RDO No. 72 - Roxas City, Capiz is composed of the following City and Munic",,,,,,TANZA,ALL LOTS,,RR,Residential - Regular,350.0
raw,"RDO No. 72 - Roxas City, Capiz is composed of the following City and Munic",,,,,,TANZA,ALL LOTS,,X,Special / Other,2000.0
raw,"RDO No. 72 - Roxas City, Capiz is composed of the following City and Munic",,,,,,TANZA,ALL LOTS,,A1,Agricultural - A1,3.0
raw,"RDO No. 72 - Roxas City, Capiz is composed of the following City and Munic",,,,,,TANZA,ALL LOTS,,A2,Agricultural - A2,10.0
raw,"RDO No. 72 - Roxas City, Capiz is composed of the following City and Munic",,,,,,TIZA,ALL LOTS,,RR,Residential - Regular,700.0
raw,"RDO No. 72 - Roxas City, Capiz is composed of the following City and Munic",,,,,,TIZA,ALL LOTS,,CR,Commercial - Regular,2000.0
raw,"RDO No. 72 - Roxas City, Capiz is composed of the following City and Munic",,,,,,TIZA,ALL LOTS,,I,Industrial,2000.0
raw,"RDO No. 72 - Roxas City, Capiz is composed of the following City and Munic",,,,,,TIZA,ALL LOTS,,X,Special / Other,2000.0
raw,"RDO No. 72 - Roxas City, Capiz is composed of the following City and Munic",,,,,,TIZA,ALL LOTS,INTERIOR,RR,Residential - Regular,560.0
raw,"RDO No. 72 - Roxas City, Capiz is composed of the following City and Munic",,,,,,TIZA,ALL LOTS,INTERIOR,GP,General Purpose,300.0
raw,"RDO No. 72 - Roxas City, Capiz is composed of the following City and Munic",,,,,,TIZA,ALL LOTS,INTERIOR,A1,Agricultural - A1,15.0
raw,"RDO No. 72 - Roxas City, Capiz is composed of the following City and Munic",,,,,,TIZA,ALL LOTS,INTERIOR,A2,Agricultural - A2,25.0
raw,"RDO No. 72 - Roxas City, Capiz is composed of the following City and Munic",,,,,,TIZA,ALL LOTS,,RR,Residential - Regular,350.0
raw,"RDO No. 72 - Roxas City, Capiz is composed of the following City and Munic",,,,,,TIZA,ALL LOTS,,X,Special / Other,2000.0
raw,"RDO No. 72 - Roxas City, Capiz is composed of the following City and Munic",,,,,,TIZA,ALL LOTS,,A1,Agricultural - A1,3.0
raw,"RDO No. 72 - Roxas City, Capiz is composed of the following City and Munic",,,,,,TIZA,ALL LOTS,,A2,Agricultural - A2,10.0
raw,"RDO No. 72 - Roxas City, Capiz is composed of the following City and Munic",025-2021,"October 31, 2021",3RD,:   CAPIZ,CUARTERO,ALL BARANGAYS (AGRICULTURAL LAND),ALL LOTS,,A2,Agricultural - A2,55.0
raw,"RDO No. 72 - Roxas City, Capiz is composed of the following City and Munic",025-2021,"October 31, 2021",3RD,:   CAPIZ,CUARTERO,ALL BARANGAYS (AGRICULTURAL LAND),ALL LOTS,,A3,Agricultural - A3,30.0
raw,"RDO No. 72 - Roxas City, Capiz is composed of the following City and Munic",025-2021,"October 31, 2021",3RD,:   CAPIZ,CUARTERO,ALL BARANGAYS (AGRICULTURAL LAND),ALL LOTS,,A4,Agricultural - A4,30.0
raw,"RDO No. 72 - Roxas City, Capiz is composed of the following City and Munic",025-2021,"October 31, 2021",3RD,:   CAPIZ,CUARTERO,ALL BARANGAYS (AGRICULTURAL LAND),ALL LOTS,,A10,Agricultural - A10,20.0
raw,"RDO No. 72 - Roxas City, Capiz is composed of the following City and Munic",025-2021,"October 31, 2021",3RD,:   CAPIZ,CUARTERO,ALL BARANGAYS (AGRICULTURAL LAND),ALL LOTS,,A12,Agricultural - A12,18.0
raw,"RDO No. 72 - Roxas City, Capiz is composed of the following City and Munic",025-2021,"October 31, 2021",3RD,:   CAPIZ,CUARTERO,ALL BARANGAYS (AGRICULTURAL LAND),ALL LOTS,,A13,Agricultural - A13,10.0
raw,"RDO No. 72 - Roxas City, Capiz is composed of the following City and Munic",025-2021,"October 31, 2021",3RD,:   CAPIZ,CUARTERO,ALL BARANGAYS (AGRICULTURAL LAND),ALL LOTS,,A15,Agricultural - A15,10.0
raw,"RDO No. 72 - Roxas City, Capiz is composed of the following City and Munic",025-2021,"October 31, 2021",3RD,:   CAPIZ,CUARTERO,ALL BARANGAYS (AGRICULTURAL LAND),ALL LOTS,,A16,Agricultural - A16,20.0
raw,"RDO No. 72 - Roxas City, Capiz is composed of the following City and Munic",025-2021,"October 31, 2021",3RD,:   CAPIZ,CUARTERO,ALL BARANGAYS (AGRICULTURAL LAND),ALL LOTS,,A17,Agricultural - A17,40.0
raw,"RDO No. 72 - Roxas City, Capiz is composed of the following City and Munic",025-2021,"October 31, 2021",3RD,:   CAPIZ,CUARTERO,ALL BARANGAYS (AGRICULTURAL LAND),ALL LOTS,,A26,Agricultural - A26,20.0
raw,"RDO No. 72 - Roxas City, Capiz is composed of the following City and Munic",025-2021,"October 31, 2021",3RD,:   CAPIZ,CUARTERO,ALL BARANGAYS (AGRICULTURAL LAND),ALL LOTS,,A36,Agricultural - A36,10.0
raw,"RDO No. 72 - Roxas City, Capiz is composed of the following City and Munic",025-2021,"October 31, 2021",3RD,:   CAPIZ,CUARTERO,ALL BARANGAYS (AGRICULTURAL LAND),ALL LOTS,,A50,Agricultural - A50,10.0
raw,"RDO No. 72 - Roxas City, Capiz is composed of the following City and Munic",025-2021,"October 31, 2021",3RD,:   CAPIZ,CUARTERO,ALL BARANGAYS (AGRICULTURAL LAND),ALL LOTS,,A49,Agricultural - A49,10.0
raw,"RDO No. 72 - Roxas City, Capiz is composed of the following City and Munic",,,2ND,:   CAPIZ,CUARTERO,ALL BARANGAYS (AGRICULTURAL LAND),ALL LOTS,,A2,Agricultural - A2,18.0
raw,"RDO No. 72 - Roxas City, Capiz is composed of the following City and Munic",,,2ND,:   CAPIZ,CUARTERO,ALL BARANGAYS (AGRICULTURAL LAND),ALL LOTS,,A3,Agricultural - A3,15.0
raw,"RDO No. 72 - Roxas City, Capiz is composed of the following City and Munic",,,2ND,:   CAPIZ,CUARTERO,ALL BARANGAYS (AGRICULTURAL LAND),ALL LOTS,,A4,Agricultural - A4,15.0
raw,"RDO No. 72 - Roxas City, Capiz is composed of the following City and Munic",,,2ND,:   CAPIZ,CUARTERO,ALL BARANGAYS (AGRICULTURAL LAND),ALL LOTS,,A10,Agricultural - A10,10.0
raw,"RDO No. 72 - Roxas City, Capiz is composed of the following City and Munic",,,2ND,:   CAPIZ,CUARTERO,ALL BARANGAYS (AGRICULTURAL LAND),ALL LOTS,,A12,Agricultural - A12,6.0
raw,"RDO No. 72 - Roxas City, Capiz is composed of the following City and Munic",,,2ND,:   CAPIZ,CUARTERO,ALL BARANGAYS (AGRICULTURAL LAND),ALL LOTS,,A13,Agricultural - A13,6.0
raw,"RDO No. 72 - Roxas City, Capiz is composed of the following City and Munic",,,2ND,:   CAPIZ,CUARTERO,ALL BARANGAYS (AGRICULTURAL LAND),ALL LOTS,,A15,Agricultural - A15,6.0
raw,"RDO No. 72 - Roxas City, Capiz is composed of the following City and Munic",,,2ND,:   CAPIZ,CUARTERO,ALL BARANGAYS (AGRICULTURAL LAND),ALL LOTS,,A16,Agricultural - A16,12.0
raw,"RDO No. 72 - Roxas City, Capiz is composed of the following City and Munic",,,2ND,:   CAPIZ,CUARTERO,ALL BARANGAYS (AGRICULTURAL LAND),ALL LOTS,,A17,Agricultural - A17,23.0
raw,"RDO No. 72 - Roxas City, Capiz is composed of the following City and Munic",,,2ND,:   CAPIZ,CUARTERO,ALL BARANGAYS (AGRICULTURAL LAND),ALL LOTS,,A26,Agricultural - A26,8.0
raw,"RDO No. 72 - Roxas City, Capiz is composed of the following City and Munic",,,2ND,:   CAPIZ,CUARTERO,ALL BARANGAYS (AGRICULTURAL LAND),ALL LOTS,,A36,Agricultural - A36,6.0
raw,"RDO No. 72 - Roxas City, Capiz is composed of the following City and Munic",,,2ND,:   CAPIZ,CUARTERO,ALL BARANGAYS (AGRICULTURAL LAND),ALL LOTS,,A50,Agricultural - A50,6.0
raw,"RDO No. 72 - Roxas City, Capiz is composed of the following City and Munic",,,2ND,:   CAPIZ,CUARTERO,ALL BARANGAYS (AGRICULTURAL LAND),ALL LOTS,,A49,Agricultural - A49,6.0
raw,"RDO No. 72 - Roxas City, Capiz is composed of the following City and Munic",025-2021,"October 31, 2021",3RD,:   CAPIZ,CUARTERO,ALL OTHER BARANGAYS,ALL LOTS,,RR,Residential - Regular,360.0
raw,"RDO No. 72 - Roxas City, Capiz is composed of the following City and Munic",025-2021,"October 31, 2021",3RD,:   CAPIZ,CUARTERO,ALL OTHER BARANGAYS,ALL LOTS,INTERIOR LOTS,RR,Residential - Regular,320.0
raw,"RDO No. 72 - Roxas City, Capiz is composed of the following City and Munic",,,2ND,:   CAPIZ,CUARTERO,ALL OTHER BARANGAYS,ALL LOTS,,RR,Residential - Regular,225.0
raw,"RDO No. 72 - Roxas City, Capiz is composed of the following City and Munic",,,2ND,:   CAPIZ,CUARTERO,ALL OTHER BARANGAYS,ALL LOTS,INTERIOR LOTS,RR,Residential - Regular,200.0
raw,"RDO No. 72 - Roxas City, Capiz is composed of the following City and Munic",025-2021,"October 31, 2021",3RD,:   CAPIZ,CUARTERO,BALINGASAG,ALL LOTS,,RR,Residential - Regular,360.0
raw,"RDO No. 72 - Roxas City, Capiz is composed of the following City and Munic",025-2021,"October 31, 2021",3RD,:   CAPIZ,CUARTERO,BALINGASAG,ALL LOTS,INTERIOR LOTS,RR,Residential - Regular,320.0
raw,"RDO No. 72 - Roxas City, Capiz is composed of the following City and Munic",,,2ND,:   CAPIZ,CUARTERO,BALINGASAG,ALL LOTS,,RR,Residential - Regular,225.0
raw,"RDO No. 72 - Roxas City, Capiz is composed of the following City and Munic",,,2ND,:   CAPIZ,CUARTERO,BALINGASAG,ALL LOTS,INTERIOR LOTS,RR,Residential - Regular,200.0
raw,"RDO No. 72 - Roxas City, Capiz is composed of the following City and Munic",025-2021,"October 31, 2021",3RD,:   CAPIZ,CUARTERO,MAINDANG,ALL LOTS,,RR,Residential - Regular,360.0
raw,"RDO No. 72 - Roxas City, Capiz is composed of the following City and Munic",025-2021,"October 31, 2021",3RD,:   CAPIZ,CUARTERO,MAINDANG,ALL LOTS,INTERIOR LOTS,RR,Residential - Regular,320.0
raw,"RDO No. 72 - Roxas City, Capiz is composed of the following City and Munic",,,2ND,:   CAPIZ,CUARTERO,MAINDANG,ALL LOTS,,RR,Residential - Regular,225.0
raw,"RDO No. 72 - Roxas City, Capiz is composed of the following City and Munic",,,2ND,:   CAPIZ,CUARTERO,MAINDANG,ALL LOTS,INTERIOR LOTS,RR,Residential - Regular,200.0
raw,"RDO No. 72 - Roxas City, Capiz is composed of the following City and Munic",025-2021,"October 31, 2021",3RD,:   CAPIZ,CUARTERO,POBLACION,ALL OTHER STREETS,W/IN 10KM.FR.TRADING CTR.,RR,Residential - Regular,560.0
raw,"RDO No. 72 - Roxas City, Capiz is composed of the following City and Munic",025-2021,"October 31, 2021",3RD,:   CAPIZ,CUARTERO,POBLACION,ALL OTHER STREETS,W/IN 10KM.FR.TRADING CTR.,CR,Commercial - Regular,1140.0
raw,"RDO No. 72 - Roxas City, Capiz is composed of the following City and Munic",025-2021,"October 31, 2021",3RD,:   CAPIZ,CUARTERO,POBLACION,CALANZA,PLAZA - CALANZA,RR,Residential - Regular,810.0
raw,"RDO No. 72 - Roxas City, Capiz is composed of the following City and Munic",,,2ND,:   CAPIZ,CUARTERO,POBLACION,CALANZA,PLAZA - CALANZA,RR,Residential - Regular,510.0
raw,"RDO No. 72 - Roxas City, Capiz is composed of the following City and Munic",025-2021,"October 31, 2021",3RD,:   CAPIZ,CUARTERO,POBLACION,FUNCION,HOMINA ST.-PROV'L. ROAD,RR,Residential - Regular,810.0
raw,"RDO No. 72 - Roxas City, Capiz is composed of the following City and Munic",,,2ND,:   CAPIZ,CUARTERO,POBLACION,FUNCION,HOMINA ST.-PROV'L. ROAD,RR,Residential - Regular,510.0
raw,"RDO No. 72 - Roxas City, Capiz is composed of the following City and Munic",025-2021,"October 31, 2021",3RD,:   CAPIZ,CUARTERO,POBLACION,HIJOSA,PLAZA - HIJOSA,CR,Commercial - Regular,1140.0
raw,"RDO No. 72 - Roxas City, Capiz is composed of the following City and Munic",025-2021,"October 31, 2021",3RD,:   CAPIZ,CUARTERO,POBLACION,HIJOSA,VENUS ST.-HORTILLANO ST.,RR,Residential - Regular,810.0
raw,"RDO No. 72 - Roxas City, Capiz is composed of the following City and Munic",025-2021,"October 31, 2021",3RD,:   CAPIZ,CUARTERO,POBLACION,HIJOSA,PROV'L.RD-VENUS ST.,RR,Residential - Regular,810.0
raw,"RDO No. 72 - Roxas City, Capiz is composed of the following City and Munic",025-2021,"October 31, 2021",3RD,:   CAPIZ,CUARTERO,POBLACION,HIJOSA,HORTILLANO ST.-CALANZA ST.,RR,Residential - Regular,810.0
raw,"RDO No. 72 - Roxas City, Capiz is composed of the following City and Munic",025-2021,"October 31, 2021",3RD,:   CAPIZ,CUARTERO,POBLACION,HIJOSA,HOMINA ST.-PROV'L. ROAD,RR,Residential - Regular,810.0
raw,"RDO No. 72 - Roxas City, Capiz is composed of the following City and Munic",,,2ND,:   CAPIZ,CUARTERO,POBLACION,HIJOSA,PLAZA - HIJOSA,CR,Commercial - Regular,510.0
raw,"RDO No. 72 - Roxas City, Capiz is composed of the following City and Munic",,,2ND,:   CAPIZ,CUARTERO,POBLACION,HIJOSA,VENUS ST.-HORTILLANO ST.,RR,Residential - Regular,510.0
raw,"RDO No. 72 - Roxas City, Capiz is composed of the following City and Munic",,,2ND,:   CAPIZ,CUARTERO,POBLACION,HIJOSA,PROV'L.RD-VENUS ST.,RR,Residential - Regular,510.0
raw,"RDO No. 72 - Roxas City, Capiz is composed of the following City and Munic",,,2ND,:   CAPIZ,CUARTERO,POBLACION,HIJOSA,HORTILLANO ST.-CALANZA ST.,RR,Residential - Regular,510.0
raw,"RDO No. 72 - Roxas City, Capiz is composed of the following City and Munic",,,2ND,:   CAPIZ,CUARTERO,POBLACION,HIJOSA,HOMINA ST.-PROV'L. ROAD,RR,Residential - Regular,510.0
raw,"RDO No. 72 - Roxas City, Capiz is composed of the following City and Munic",025-2021,"October 31, 2021",3RD,:   CAPIZ,CUARTERO,POBLACION,HOLMINA,PLAZA - HOLMINA,RR,Residential - Regular,810.0
raw,"RDO No. 72 - Roxas City, Capiz is composed of the following City and Munic",,,2ND,:   CAPIZ,CUARTERO,POBLACION,HOLMINA,PLAZA - HOLMINA,RR,Residential - Regular,510.0
raw,"RDO No. 72 - Roxas City, Capiz is composed of the following City and Munic",,,2ND,:   CAPIZ,CUARTERO,POBLACION,HOLMINA,(PLAZA-VENUS),CR,Commercial - Regular,720.0
raw,"RDO No. 72 - Roxas City, Capiz is composed of the following City and Munic",025-2021,"October 31, 2021",3RD,:   CAPIZ,CUARTERO,POBLACION,HORNACHOS,HOLMINA ST.-HORTILLANO ST. (PLAZA-HORNACHOS),RR,Residential - Regular,810.0
raw,"RDO No. 72 - Roxas City, Capiz is composed of the following City and Munic",025-2021,"October 31, 2021",3RD,:   CAPIZ,CUARTERO,POBLACION,HORNACHOS,HORTILLANO ST.-CALANZA ST.,RR,Residential - Regular,810.0
raw,"RDO No. 72 - Roxas City, Capiz is composed of the following City and Munic",025-2021,"October 31, 2021",3RD,:   CAPIZ,CUARTERO,POBLACION,HORTILLANO,HORNACHOS ST.-HIJOSA ST.,RR,Residential - Regular,810.0
raw,"RDO No. 72 - Roxas City, Capiz is composed of the following City and Munic",025-2021,"October 31, 2021",3RD,:   CAPIZ,CUARTERO,POBLACION,HORTILLANO,HIJOSA ST.-MALUNDA ST.,CR,Commercial - Regular,1140.0
raw,"RDO No. 72 - Roxas City, Capiz is composed of the following City and Munic",025-2021,"October 31, 2021",3RD,:   CAPIZ,CUARTERO,POBLACION,HORTILLANO,HIJOSA ST.-MALUNDA ST.,RR,Residential - Regular,810.0
raw,"RDO No. 72 - Roxas City, Capiz is composed of the following City and Munic",,,2ND,:   CAPIZ,CUARTERO,POBLACION,HORTILLANO,HORNACHOS ST.-HIJOSA ST.,RR,Residential - Regular,510.0
raw,"RDO No. 72 - Roxas City, Capiz is composed of the following City and Munic",,,2ND,:   CAPIZ,CUARTERO,POBLACION,HORTILLANO,HIJOSA ST.-MALUNDA ST.,CR,Commercial - Regular,720.0
raw,"RDO No. 72 - Roxas City, Capiz is composed of the following City and Munic",,,2ND,:   CAPIZ,CUARTERO,POBLACION,HORTILLANO,HIJOSA ST.-MALUNDA ST.,RR,Residential - Regular,510.0
raw,"RDO No. 72 - Roxas City, Capiz is composed of the following City and Munic",025-2021,"October 31, 2021",3RD,:   CAPIZ,CUARTERO,POBLACION,MALUNDA,HOLMINA ST.-VENUS ST.,RR,Residential - Regular,810.0
raw,"RDO No. 72 - Roxas City, Capiz is composed of the following City and Munic",025-2021,"October 31, 2021",3RD,:   CAPIZ,CUARTERO,POBLACION,MALUNDA,(PLAZA-MALUNDA ST.),CR,Commercial - Regular,1140.0
raw,"RDO No. 72 - Roxas City, Capiz is composed of the following City and Munic",025-2021,"October 31, 2021",3RD,:   CAPIZ,CUARTERO,POBLACION,MALUNDA,VENUS ST.HORTILLANO ST.,RR,Residential - Regular,810.0
raw,"RDO No. 72 - Roxas City, Capiz is composed of the following City and Munic",025-2021,"October 31, 2021",3RD,:   CAPIZ,CUARTERO,POBLACION,MALUNDA,VENUS ST.HORTILLANO ST.,CR,Commercial - Regular,1140.0
raw,"RDO No. 72 - Roxas City, Capiz is composed of the following City and Munic",025-2021,"October 31, 2021",3RD,:   CAPIZ,CUARTERO,POBLACION,MALUNDA,HOLMINA ST.-CALANZA ST.,RR,Residential - Regular,810.0
raw,"RDO No. 72 - Roxas City, Capiz is composed of the following City and Munic",025-2021,"October 31, 2021",3RD,:   CAPIZ,CUARTERO,POBLACION,MALUNDA,HOLMINA ST.-CALANZA ST.,CR,Commercial - Regular,1140.0
raw,"RDO No. 72 - Roxas City, Capiz is composed of the following City and Munic",,,2ND,:   CAPIZ,CUARTERO,POBLACION,MALUNDA,HOLMINA ST.-VENUS ST.,RR,Residential - Regular,510.0
raw,"RDO No. 72 - Roxas City, Capiz is composed of the following City and Munic",,,2ND,:   CAPIZ,CUARTERO,POBLACION,MALUNDA,(PLAZA-MALUNDA ST.),CR,Commercial - Regular,720.0
raw,"RDO No. 72 - Roxas City, Capiz is composed of the following City and Munic",,,2ND,:   CAPIZ,CUARTERO,POBLACION,MALUNDA,VENUS ST.HORTILLANO ST.,RR,Residential - Regular,510.0
raw,"RDO No. 72 - Roxas City, Capiz is composed of the following City and Munic",,,2ND,:   CAPIZ,CUARTERO,POBLACION,MALUNDA,VENUS ST.HORTILLANO ST.,CR,Commercial - Regular,510.0
raw,"RDO No. 72 - Roxas City, Capiz is composed of the following City and Munic",,,2ND,:   CAPIZ,CUARTERO,POBLACION,MALUNDA,HOLMINA ST.-CALANZA ST.,RR,Residential - Regular,510.0
raw,"RDO No. 72 - Roxas City, Capiz is composed of the following City and Munic",,,2ND,:   CAPIZ,CUARTERO,POBLACION,MALUNDA,HOLMINA ST.-CALANZA ST.,RR,Residential - Regular,720.0
raw,"RDO No. 72 - Roxas City, Capiz is composed of the following City and Munic",025-2021,"October 31, 2021",3RD,:   CAPIZ,CUARTERO,POBLACION,NATIONAL HIGHWAY,PLAZA - NATIONAL RD,RR,Residential - Regular,810.0
raw,"RDO No. 72 - Roxas City, Capiz is composed of the following City and Munic",025-2021,"October 31, 2021",3RD,:   CAPIZ,CUARTERO,POBLACION,NATIONAL HIGHWAY,PLAZA - NATIONAL RD,CR,Commercial - Regular,1140.0
raw,"RDO No. 72 - Roxas City, Capiz is composed of the following City and Munic",025-2021,"October 31, 2021",3RD,:   CAPIZ,CUARTERO,POBLACION,NATIONAL HIGHWAY,PLAZA - NATIONAL RD,I,Industrial,1140.0
raw,"RDO No. 72 - Roxas City, Capiz is composed of the following City and Munic",,,2ND,:   CAPIZ,CUARTERO,POBLACION,NATIONAL HIGHWAY,PLAZA - NATIONAL RD,RR,Residential - Regular,510.0
raw,"RDO No. 72 - Roxas City, Capiz is composed of the following City and Munic",,,2ND,:   CAPIZ,CUARTERO,POBLACION,NATIONAL HIGHWAY,PLAZA - NATIONAL RD,CR,Commercial - Regular,720.0
raw,"RDO No. 72 - Roxas City, Capiz is composed of the following City and Munic",,,2ND,:   CAPIZ,CUARTERO,POBLACION,NATIONAL HIGHWAY,PLAZA - NATIONAL RD,I,Industrial,720.0
raw,"RDO No. 72 - Roxas City, Capiz is composed of the following City and Munic",025-2021,"October 31, 2021",3RD,:   CAPIZ,CUARTERO,POBLACION,NUEVA,HOMINA ST.-PROV'L. ROAD,RR,Residential - Regular,1140.0
raw,"RDO No. 72 - Roxas City, Capiz is composed of the following City and Munic",,,2ND,:   CAPIZ,CUARTERO,POBLACION,NUEVA,HOMINA ST.-PROV'L. ROAD,RR,Residential - Regular,720.0
raw,"RDO No. 72 - Roxas City, Capiz is composed of the following City and Munic",,,2ND,:   CAPIZ,CUARTERO,POBLACION,NUEVA,(PLAZA-HORNACHOS),RR,Residential - Regular,510.0
raw,"RDO No. 72 - Roxas City, Capiz is composed of the following City and Munic",,,2ND,:   CAPIZ,CUARTERO,POBLACION,NUEVA,HORTILLANO ST.-CALANZA ST.,RR,Residential - Regular,510.0
raw,"RDO No. 72 - Roxas City, Capiz is composed of the following City and Munic",025-2021,"October 31, 2021",3RD,:   CAPIZ,CUARTERO,POBLACION,PROVINCIAL ROAD,HORNACHOS ST.-MALUNDA ST.,RR,Residential - Regular,810.0
raw,"RDO No. 72 - Roxas City, Capiz is composed of the following City and Munic",025-2021,"October 31, 2021",3RD,:   CAPIZ,CUARTERO,POBLACION,PROVINCIAL ROAD,WITHIN 1 KM.FR.POBLACION,RR,Residential - Regular,810.0
raw,"RDO No. 72 - Roxas City, Capiz is composed of the following City and Munic",,,2ND,:   CAPIZ,CUARTERO,POBLACION,PROVINCIAL ROAD,HORNACHOS ST.-MALUNDA ST.,RR,Residential - Regular,510.0
raw,"RDO No. 72 - Roxas City, Capiz is composed of the following City and Munic",,,2ND,:   CAPIZ,CUARTERO,POBLACION,PROVINCIAL ROAD,WITHIN 1 KM.FR.POBLACION,RR,Residential - Regular,510.0
raw,"RDO No. 72 - Roxas City, Capiz is composed of the following City and Munic",025-2021,"October 31, 2021",3RD,:   CAPIZ,CUARTERO,POBLACION,VENUS,HORNACHOS ST.-HIJOSA ST.,RR,Residential - Regular,810.0
raw,"RDO No. 72 - Roxas City, Capiz is composed of the following City and Munic",025-2021,"October 31, 2021",3RD,:   CAPIZ,CUARTERO,POBLACION,VENUS,(PLAZA-VENUS),CR,Commercial - Regular,1140.0
raw,"RDO No. 72 - Roxas City, Capiz is composed of the following City and Munic",025-2021,"October 31, 2021",3RD,:   CAPIZ,CUARTERO,POBLACION,WEATHER ROAD,WITHIN 1 KM.FR.POBLACION,RR,Residential - Regular,560.0
raw,"RDO No. 72 - Roxas City, Capiz is composed of the following City and Munic",025-2021,"October 31, 2021",3RD,:   CAPIZ,CUARTERO,POBLACION,WEATHER ROAD,W/IN 10KM.FR.TRADING CTR.,I,Industrial,1080.0
raw,"RDO No. 72 - Roxas City, Capiz is composed of the following City and Munic",025-2021,"October 31, 2021",3RD,:   CAPIZ,CUARTERO,POBLACION,WEATHER ROAD,W/IN 10KM.FR.TRADING CTR.,RR,Residential - Regular,480.0
raw,"RDO No. 72 - Roxas City, Capiz is composed of the following City and Munic",025-2021,"October 31, 2021",3RD,:   CAPIZ,CUARTERO,POBLACION,WEATHER ROAD,W/IN 10KM.FR.TRADING CTR.,GP,General Purpose,320.0
raw,"RDO No. 72 - Roxas City, Capiz is composed of the following City and Munic",,,2ND,:   CAPIZ,CUARTERO,POBLACION,WEATHER ROAD,WITHIN 1 KM.FR.POBLACION,RR,Residential - Regular,350.0
raw,"RDO No. 72 - Roxas City, Capiz is composed of the following City and Munic",,,2ND,:   CAPIZ,CUARTERO,POBLACION,WEATHER ROAD,W/IN 10KM.FR.TRADING CTR.,I,Industrial,685.0
raw,"RDO No. 72 - Roxas City, Capiz is composed of the following City and Munic",,,2ND,:   CAPIZ,CUARTERO,POBLACION,WEATHER ROAD,W/IN 10KM.FR.TRADING CTR.,RR,Residential - Regular,300.0
raw,"RDO No. 72 - Roxas City, Capiz is composed of the following City and Munic",,,2ND,:   CAPIZ,CUARTERO,POBLACION,WEATHER ROAD,W/IN 10KM.FR.TRADING CTR.,GP,General Purpose,200.0
raw,"RDO No. 72 - Roxas City, Capiz is composed of the following City and Munic",025-2021,"October 31, 2021",3RD,:   CAPIZ,DAO,"AGTANGUAY, DAPLAS, ILAS NORTE& CENTRO",*RESIDENTIAL INTERIOR LOTS,"*BRGY.AGTANGUAY, DAPLAS, ILAS SUR& CENTRO",RR,Residential - Regular,245.0
raw,"RDO No. 72 - Roxas City, Capiz is composed of the following City and Munic",025-2021,"October 31, 2021",3RD,:   CAPIZ,DAO,"AGTANGUAY, DAPLAS, ILAS NORTE& CENTRO",*RESIDENTIAL LOTS ALONG BRGY. ROAD/ ALL,"*BRGY.AGTANGUAY, DAPLAS, ILAS SUR& CENTRO",RR,Residential - Regular,340.0
raw,"RDO No. 72 - Roxas City, Capiz is composed of the following City and Munic",025-2021,"October 31, 2021",3RD,:   CAPIZ,DAO,"AGTANGUAY, DAPLAS, ILAS NORTE& CENTRO",*WEATHER ROAD,"*BRGY.AGTANGUAY, DAPLAS, ILAS SUR& CENTRO",RR,Residential - Regular,275.0
raw,"RDO No. 72 - Roxas City, Capiz is composed of the following City and Munic",025-2021,"October 31, 2021",3RD,:   CAPIZ,DAO,ALL BARANGAY (AGRICULTURAL LAND),ALL LOTS,ALL BARANGAY,A1,Agricultural - A1,40.0
raw,"RDO No. 72 - Roxas City, Capiz is composed of the following City and Munic",025-2021,"October 31, 2021",3RD,:   CAPIZ,DAO,ALL BARANGAY (AGRICULTURAL LAND),ALL LOTS,ALL BARANGAY,A2,Agricultural - A2,30.0
raw,"RDO No. 72 - Roxas City, Capiz is composed of the following City and Munic",025-2021,"October 31, 2021",3RD,:   CAPIZ,DAO,ALL BARANGAY (AGRICULTURAL LAND),ALL LOTS,ALL BARANGAY,A3,Agricultural - A3,20.0
raw,"RDO No. 72 - Roxas City, Capiz is composed of the following City and Munic",025-2021,"October 31, 2021",3RD,:   CAPIZ,DAO,ALL BARANGAY (AGRICULTURAL LAND),ALL LOTS,ALL BARANGAY,A4,Agricultural - A4,20.0
raw,"RDO No. 72 - Roxas City, Capiz is composed of the following City and Munic",025-2021,"October 31, 2021",3RD,:   CAPIZ,DAO,ALL BARANGAY (AGRICULTURAL LAND),ALL LOTS,ALL BARANGAY,A7,Agricultural - A7,20.0
raw,"RDO No. 72 - Roxas City, Capiz is composed of the following City and Munic",025-2021,"October 31, 2021",3RD,:   CAPIZ,DAO,ALL BARANGAY (AGRICULTURAL LAND),ALL LOTS,ALL BARANGAY,A10,Agricultural - A10,20.0
raw,"RDO No. 72 - Roxas City, Capiz is composed of the following City and Munic",025-2021,"October 31, 2021",3RD,:   CAPIZ,DAO,ALL BARANGAY (AGRICULTURAL LAND),ALL LOTS,ALL BARANGAY,A12,Agricultural - A12,20.0
raw,"RDO No. 72 - Roxas City, Capiz is composed of the following City and Munic",025-2021,"October 31, 2021",3RD,:   CAPIZ,DAO,ALL BARANGAY (AGRICULTURAL LAND),ALL LOTS,ALL BARANGAY,A13,Agricultural - A13,20.0
raw,"RDO No. 72 - Roxas City, Capiz is composed of the following City and Munic",025-2021,"October 31, 2021",3RD,:   CAPIZ,DAO,ALL BARANGAY (AGRICULTURAL LAND),ALL LOTS,ALL BARANGAY,A14,Agricultural - A14,20.0
raw,"RDO No. 72 - Roxas City, Capiz is composed of the following City and Munic",025-2021,"October 31, 2021",3RD,:   CAPIZ,DAO,ALL BARANGAY (AGRICULTURAL LAND),ALL LOTS,ALL BARANGAY,A15,Agricultural - A15,20.0
raw,"RDO No. 72 - Roxas City, Capiz is composed of the following City and Munic",025-2021,"October 31, 2021",3RD,:   CAPIZ,DAO,ALL BARANGAY (AGRICULTURAL LAND),ALL LOTS,ALL BARANGAY,A16,Agricultural - A16,20.0
raw,"RDO No. 72 - Roxas City, Capiz is composed of the following City and Munic",025-2021,"October 31, 2021",3RD,:   CAPIZ,DAO,ALL BARANGAY (AGRICULTURAL LAND),ALL LOTS,ALL BARANGAY,A17,Agricultural - A17,40.0
raw,"RDO No. 72 - Roxas City, Capiz is composed of the following City and Munic",025-2021,"October 31, 2021",3RD,:   CAPIZ,DAO,ALL BARANGAY (AGRICULTURAL LAND),ALL LOTS,ALL BARANGAY,A26,Agricultural - A26,20.0
raw,"RDO No. 72 - Roxas City, Capiz is composed of the following City and Munic",025-2021,"October 31, 2021",3RD,:   CAPIZ,DAO,ALL BARANGAY (AGRICULTURAL LAND),ALL LOTS,ALL BARANGAY,A36,Agricultural - A36,20.0
raw,"RDO No. 72 - Roxas City, Capiz is composed of the following City and Munic",025-2021,"October 31, 2021",3RD,:   CAPIZ,DAO,ALL BARANGAY (AGRICULTURAL LAND),ALL LOTS,ALL BARANGAY,A49,Agricultural - A49,10.0
raw,"RDO No. 72 - Roxas City, Capiz is composed of the following City and Munic",025-2021,"October 31, 2021",3RD,:   CAPIZ,DAO,ALL BARANGAY (AGRICULTURAL LAND),ALL LOTS,ALL BARANGAY,A50,Agricultural - A50,10.0
raw,"RDO No. 72 - Roxas City, Capiz is composed of the following City and Munic",,,2ND,:   CAPIZ,DAO,ALL BARANGAYS (AGRICULTURAL LAND),ALL LOTS,,A1,Agricultural - A1,22.0
raw,"RDO No. 72 - Roxas City, Capiz is composed of the following City and Munic",,,2ND,:   CAPIZ,DAO,ALL BARANGAYS (AGRICULTURAL LAND),ALL LOTS,,A2,Agricultural - A2,17.0
raw,"RDO No. 72 - Roxas City, Capiz is composed of the following City and Munic",,,2ND,:   CAPIZ,DAO,ALL BARANGAYS (AGRICULTURAL LAND),ALL LOTS,,A3,Agricultural - A3,10.0
raw,"RDO No. 72 - Roxas City, Capiz is composed of the following City and Munic",,,2ND,:   CAPIZ,DAO,ALL BARANGAYS (AGRICULTURAL LAND),ALL LOTS,,A4,Agricultural - A4,12.0
raw,"RDO No. 72 - Roxas City, Capiz is composed of the following City and Munic",,,2ND,:   CAPIZ,DAO,ALL BARANGAYS (AGRICULTURAL LAND),ALL LOTS,,A7,Agricultural - A7,6.0
raw,"RDO No. 72 - Roxas City, Capiz is composed of the following City and Munic",,,2ND,:   CAPIZ,DAO,ALL BARANGAYS (AGRICULTURAL LAND),ALL LOTS,,A10,Agricultural - A10,8.0
raw,"RDO No. 72 - Roxas City, Capiz is composed of the following City and Munic",,,2ND,:   CAPIZ,DAO,ALL BARANGAYS (AGRICULTURAL LAND),ALL LOTS,,A12,Agricultural - A12,8.0
raw,"RDO No. 72 - Roxas City, Capiz is composed of the following City and Munic",,,2ND,:   CAPIZ,DAO,ALL BARANGAYS (AGRICULTURAL LAND),ALL LOTS,,A13,Agricultural - A13,6.0
raw,"RDO No. 72 - Roxas City, Capiz is composed of the following City and Munic",,,2ND,:   CAPIZ,DAO,ALL BARANGAYS (AGRICULTURAL LAND),ALL LOTS,,A14,Agricultural - A14,8.0
raw,"RDO No. 72 - Roxas City, Capiz is composed of the following City and Munic",,,2ND,:   CAPIZ,DAO,ALL BARANGAYS (AGRICULTURAL LAND),ALL LOTS,,A15,Agricultural - A15,6.0
raw,"RDO No. 72 - Roxas City, Capiz is composed of the following City and Munic",,,2ND,:   CAPIZ,DAO,ALL BARANGAYS (AGRICULTURAL LAND),ALL LOTS,,A16,Agricultural - A16,10.0
raw,"RDO No. 72 - Roxas City, Capiz is composed of the following City and Munic",,,2ND,:   CAPIZ,DAO,ALL BARANGAYS (AGRICULTURAL LAND),ALL LOTS,,A17,Agricultural - A17,18.0
raw,"RDO No. 72 - Roxas City, Capiz is composed of the following City and Munic",,,2ND,:   CAPIZ,DAO,ALL BARANGAYS (AGRICULTURAL LAND),ALL LOTS,,A26,Agricultural - A26,7.0
raw,"RDO No. 72 - Roxas City, Capiz is composed of the following City and Munic",,,2ND,:   CAPIZ,DAO,ALL BARANGAYS (AGRICULTURAL LAND),ALL LOTS,,A36,Agricultural - A36,9.0
raw,"RDO No. 72 - Roxas City, Capiz is composed of the following City and Munic",,,2ND,:   CAPIZ,DAO,ALL BARANGAYS (AGRICULTURAL LAND),ALL LOTS,,A50,Agricultural - A50,4.0
raw,"RDO No. 72 - Roxas City, Capiz is composed of the following City and Munic",,,2ND,:   CAPIZ,DAO,ALL BARANGAYS (AGRICULTURAL LAND),ALL LOTS,,A49,Agricultural - A49,4.0
raw,"RDO No. 72 - Roxas City, Capiz is composed of the following City and Munic",,,2ND,:   CAPIZ,DAO,ALL OTHER BARANGAYS,ALL LOTS,ALONG BARANGAY ROAD,RR,Residential - Regular,150.0
raw,"RDO No. 72 - Roxas City, Capiz is composed of the following City and Munic",,,2ND,:   CAPIZ,DAO,ALL OTHER BARANGAYS,ALL LOTS,INTERIOR LOTS,RR,Residential - Regular,295.0
raw,"RDO No. 72 - Roxas City, Capiz is composed of the following City and Munic",,,2ND,:   CAPIZ,DAO,ALL OTHER BARANGAYS,ALL OTHER LOTS,INTERIOR LOTS,RR,Residential - Regular,225.0
raw,"RDO No. 72 - Roxas City, Capiz is composed of the following City and Munic",025-2021,"October 31, 2021",3RD,:   CAPIZ,DAO,DUYOK & LACARON,*RESIDENTIAL INTERIOR LOTS,"*BRGY. AGTANGUAY, DAPLAS,ILAS SUR& CENTRO",RR,Residential - Regular,270.0
raw,"RDO No. 72 - Roxas City, Capiz is composed of the following City and Munic",025-2021,"October 31, 2021",3RD,:   CAPIZ,DAO,DUYOK & LACARON,*RESIDENTIAL LOTS ALONG BRGGY. ROAD/ ALL,"*BRGY. AGTANGUAY, DAPLAS,ILAS SUR& CENTRO",RR,Residential - Regular,340.0
raw,"RDO No. 72 - Roxas City, Capiz is composed of the following City and Munic",025-2021,"October 31, 2021",3RD,:   CAPIZ,DAO,DUYOK & LACARON,*WEATHER ROAD,"*BRGY. AGTANGUAY, DAPLAS,ILAS SUR& CENTRO",RR,Residential - Regular,320.0
raw,"RDO No. 72 - Roxas City, Capiz is composed of the following City and Munic",025-2021,"October 31, 2021",3RD,:   CAPIZ,DAO,MANOY & NASUNOGAN,*INDUSTRIAL,*BRGY. MANHOY& NASUNOGAN,I,Industrial,1340.0
raw,"RDO No. 72 - Roxas City, Capiz is composed of the following City and Munic",025-2021,"October 31, 2021",3RD,:   CAPIZ,DAO,MANOY & NASUNOGAN,*RES. LOTS ALONG NATIONAL HIGHWAY,*BRGY. MANHOY& NASUNOGAN,CR,Commercial - Regular,1340.0
raw,"RDO No. 72 - Roxas City, Capiz is composed of the following City and Munic",025-2021,"October 31, 2021",3RD,:   CAPIZ,DAO,MANOY & NASUNOGAN,*RESIDENTIAL INTERIOR LOTS,*BRGY. MANHOY& NASUNOGAN,RR,Residential - Regular,320.0
raw,"RDO No. 72 - Roxas City, Capiz is composed of the following City and Munic",025-2021,"October 31, 2021",3RD,:   CAPIZ,DAO,MANOY & NASUNOGAN,*RESIDENTIAL LOTS ALONG BRGY. ROAD/ALL,*BRGY. MANHOY& NASUNOGAN,RR,Residential - Regular,1340.0
raw,"RDO No. 72 - Roxas City, Capiz is composed of the following City and Munic",025-2021,"October 31, 2021",3RD,:   CAPIZ,DAO,MANOY & NASUNOGAN,*WEATHER ROAD,*BRGY. MANHOY& NASUNOGAN,RR,Residential - Regular,330.0
raw,"RDO No. 72 - Roxas City, Capiz is composed of the following City and Munic",025-2021,"October 31, 2021",3RD,:   CAPIZ,DAO,MAPULANG BATO & BITA,*RESIDENTIAL INTERIOR LOTS,*BRGY. QUINABCABAN& QUINAYUYA,RR,Residential - Regular,245.0
raw,"RDO No. 72 - Roxas City, Capiz is composed of the following City and Munic",025-2021,"October 31, 2021",3RD,:   CAPIZ,DAO,MAPULANG BATO & BITA,*RESIDENTIAL LOTS ALONG BRGY. ROAD/ ALL,*BRGY. QUINABCABAN& QUINAYUYA,RR,Residential - Regular,340.0
raw,"RDO No. 72 - Roxas City, Capiz is composed of the following City and Munic",025-2021,"October 31, 2021",3RD,:   CAPIZ,DAO,MAPULANG BATO & BITA,*WEATHER ROADS,*BRGY. QUINABCABAN& QUINAYUYA,RR,Residential - Regular,275.0
raw,"RDO No. 72 - Roxas City, Capiz is composed of the following City and Munic",025-2021,"October 31, 2021",3RD,:   CAPIZ,DAO,"MATAGNOP, MALONOY , ILAS NORTE",*INDUSTRIAL LOTS,"*BRGY. MATAGNOP, MALONOY, ILAS NORTE",I,Industrial,700.0
raw,"RDO No. 72 - Roxas City, Capiz is composed of the following City and Munic",025-2021,"October 31, 2021",3RD,:   CAPIZ,DAO,"MATAGNOP, MALONOY , ILAS NORTE",*RES. LOTS ALONG PROVINCIAL ROAD,"*BRGY. MATAGNOP, MALONOY, ILAS NORTE",RR,Residential - Regular,370.0
raw,"RDO No. 72 - Roxas City, Capiz is composed of the following City and Munic",025-2021,"October 31, 2021",3RD,:   CAPIZ,DAO,"MATAGNOP, MALONOY , ILAS NORTE",*RESIDENTIAL INTERIOR LOTS,"*BRGY. MATAGNOP, MALONOY, ILAS NORTE",RR,Residential - Regular,320.0
raw,"RDO No. 72 - Roxas City, Capiz is composed of the following City and Munic",025-2021,"October 31, 2021",3RD,:   CAPIZ,DAO,"MATAGNOP, MALONOY , ILAS NORTE",*RESIDENTIAL LOTS ALONG BRGY. ROAD/ ALL,"*BRGY. MATAGNOP, MALONOY, ILAS NORTE",RR,Residential - Regular,340.0
raw,"RDO No. 72 - Roxas City, Capiz is composed of the following City and Munic",025-2021,"October 31, 2021",3RD,:   CAPIZ,DAO,"MATAGNOP, MALONOY , ILAS NORTE",*WEATHER ROAD,"*BRGY. MATAGNOP, MALONOY, ILAS NORTE",RR,Residential - Regular,320.0
raw,"RDO No. 72 - Roxas City, Capiz is composed of the following City and Munic",025-2021,"October 31, 2021",3RD,:   CAPIZ,DAO,"POB. ILAWOD, POB ILAYA & BALUCUAN",*INDUSTRIAL LOTS,*POB.ILAYA&BALUCUAN,I,Industrial,1860.0
raw,"RDO No. 72 - Roxas City, Capiz is composed of the following City and Munic",025-2021,"October 31, 2021",3RD,:   CAPIZ,DAO,"POB. ILAWOD, POB ILAYA & BALUCUAN",*RES. LOTS ALONG NATIONAL HIGHWAY,*BALUCUAN,RR,Residential - Regular,1370.0
raw,"RDO No. 72 - Roxas City, Capiz is composed of the following City and Munic",025-2021,"October 31, 2021",3RD,:   CAPIZ,DAO,"POB. ILAWOD, POB ILAYA & BALUCUAN",*RES. LOTS ALONG NATIONAL HIGHWAY,*BALUCUAN,CR,Commercial - Regular,2060.0
raw,"RDO No. 72 - Roxas City, Capiz is composed of the following City and Munic",025-2021,"October 31, 2021",3RD,:   CAPIZ,DAO,"POB. ILAWOD, POB ILAYA & BALUCUAN",*RESIDENTIAL INTERIOR LOTS,*POB. ILAYA& ILAWOD,RR,Residential - Regular,900.0
raw,"RDO No. 72 - Roxas City, Capiz is composed of the following City and Munic",025-2021,"October 31, 2021",3RD,:   CAPIZ,DAO,"POB. ILAWOD, POB ILAYA & BALUCUAN",*RESIDENTIAL INTERIOR LOTS,*BALUCUAN,RR,Residential - Regular,725.0
raw,"RDO No. 72 - Roxas City, Capiz is composed of the following City and Munic",025-2021,"October 31, 2021",3RD,:   CAPIZ,DAO,"POB. ILAWOD, POB ILAYA & BALUCUAN",ALL OTHER STREETS,*POB.ILAYA&BALUCUAN,RR,Residential - Regular,725.0
raw,"RDO No. 72 - Roxas City, Capiz is composed of the following City and Munic",025-2021,"October 31, 2021",3RD,:   CAPIZ,DAO,"POB. ILAWOD, POB ILAYA & BALUCUAN",ALL OTHER STREETS,*POB.ILAYA&BALUCUAN,CR,Commercial - Regular,1100.0
raw,"RDO No. 72 - Roxas City, Capiz is composed of the following City and Munic",025-2021,"October 31, 2021",3RD,:   CAPIZ,DAO,"POB. ILAWOD, POB ILAYA & BALUCUAN",ANDRES BONIFACIO ST,NAT'L ROAD,RR,Residential - Regular,1370.0
raw,"RDO No. 72 - Roxas City, Capiz is composed of the following City and Munic",025-2021,"October 31, 2021",3RD,:   CAPIZ,DAO,"POB. ILAWOD, POB ILAYA & BALUCUAN",B. JACINTO ST,NAT'L ROAD,RR,Residential - Regular,1370.0
raw,"RDO No. 72 - Roxas City, Capiz is composed of the following City and Munic",025-2021,"October 31, 2021",3RD,:   CAPIZ,DAO,"POB. ILAWOD, POB ILAYA & BALUCUAN",BLUMENTRITT ST.,NAT'L ROAD,CR,Commercial - Regular,2060.0
raw,"RDO No. 72 - Roxas City, Capiz is composed of the following City and Munic",025-2021,"October 31, 2021",3RD,:   CAPIZ,DAO,"POB. ILAWOD, POB ILAYA & BALUCUAN",GEN. LUNA ST,NAT'L ROAD,RR,Residential - Regular,1370.0
raw,"RDO No. 72 - Roxas City, Capiz is composed of the following City and Munic",025-2021,"October 31, 2021",3RD,:   CAPIZ,DAO,"POB. ILAWOD, POB ILAYA & BALUCUAN",JUAN ST,NAT'L ROAD,RR,Residential - Regular,1370.0
raw,"RDO No. 72 - Roxas City, Capiz is composed of the following City and Munic",025-2021,"October 31, 2021",3RD,:   CAPIZ,DAO,"POB. ILAWOD, POB ILAYA & BALUCUAN",M.H DEL PILAR ST,NAT'L ROAD,RR,Residential - Regular,1370.0
raw,"RDO No. 72 - Roxas City, Capiz is composed of the following City and Munic",025-2021,"October 31, 2021",3RD,:   CAPIZ,DAO,"POB. ILAWOD, POB ILAYA & BALUCUAN",MCKINLEY ST,NAT'L ROAD,RR,Residential - Regular,1370.0
raw,"RDO No. 72 - Roxas City, Capiz is composed of the following City and Munic",025-2021,"October 31, 2021",3RD,:   CAPIZ,DAO,"POB. ILAWOD, POB ILAYA & BALUCUAN",O. BURGOS ST,NAT'L ROAD,RR,Residential - Regular,1370.0
raw,"RDO No. 72 - Roxas City, Capiz is composed of the following City and Munic",025-2021,"October 31, 2021",3RD,:   CAPIZ,DAO,"POB. ILAWOD, POB ILAYA & BALUCUAN",P. PATERNO.ST,NAT'L ROAD,RR,Residential - Regular,1370.0
raw,"RDO No. 72 - Roxas City, Capiz is composed of the following City and Munic",025-2021,"October 31, 2021",3RD,:   CAPIZ,DAO,"POB. ILAWOD, POB ILAYA & BALUCUAN",RIZAL ST,NAT'L ROAD,RR,Residential - Regular,1370.0
raw,"RDO No. 72 - Roxas City, Capiz is composed of the following City and Munic",025-2021,"October 31, 2021",3RD,:   CAPIZ,DAO,"POB. ILAWOD, POB ILAYA & BALUCUAN",SAN ROQUE ST,NAT'L ROAD,RR,Residential - Regular,1370.0
raw,"RDO No. 72 - Roxas City, Capiz is composed of the following City and Munic",,,2ND,:   CAPIZ,DAO,POBLACION,ALL OTHER LOTS,ROAD MORE THAN 1KM FROM POBLACION,RR,Residential - Regular,1650.0
raw,"RDO No. 72 - Roxas City, Capiz is composed of the following City and Munic",,,2ND,:   CAPIZ,DAO,POBLACION,ALL OTHER LOTS,1K FROM TRADING CENTER,RR,Residential - Regular,800.0
raw,"RDO No. 72 - Roxas City, Capiz is composed of the following City and Munic",,,2ND,:   CAPIZ,DAO,POBLACION,ALL OTHER LOTS,INTERIOR LOTS,RR,Residential - Regular,275.0
raw,"RDO No. 72 - Roxas City, Capiz is composed of the following City and Munic",,,2ND,:   CAPIZ,DAO,POBLACION,ANDRES BONIFACIO ST,NATL ROAD-INTR SECTION OF MCKINLEY,RR,Residential - Regular,1100.0
raw,"RDO No. 72 - Roxas City, Capiz is composed of the following City and Munic",,,2ND,:   CAPIZ,DAO,POBLACION,B. JACINTO ST,NATL ROAD-INTR SECTION OF MCKINLEY,RR,Residential - Regular,1100.0
raw,"RDO No. 72 - Roxas City, Capiz is composed of the following City and Munic",,,2ND,:   CAPIZ,DAO,POBLACION,BLUMENTRITT ST,NATL ROAD-INTR SECTION OF MCKINLEY,CR,Commercial - Regular,1650.0
raw,"RDO No. 72 - Roxas City, Capiz is composed of the following City and Munic",,,2ND,:   CAPIZ,DAO,POBLACION,GEN. LUNA ST,NATL ROAD-INTR SECTION OF MCKINLEY,RR,Residential - Regular,1100.0
raw,"RDO No. 72 - Roxas City, Capiz is composed of the following City and Munic",,,2ND,:   CAPIZ,DAO,POBLACION,JUAN ST,NATL ROAD-INTR SECTION OF MCKINLEY,RR,Residential - Regular,1100.0
raw,"RDO No. 72 - Roxas City, Capiz is composed of the following City and Munic",,,2ND,:   CAPIZ,DAO,POBLACION,M.H. DEL PILAR ST,NATL ROAD-INTR SECTION OF MCKINLEY,RR,Residential - Regular,1100.0
raw,"RDO No. 72 - Roxas City, Capiz is composed of the following City and Munic",,,2ND,:   CAPIZ,DAO,POBLACION,MCKINLEY ST,NATL ROAD-INTR SECTION OF MCKINLEY,RR,Residential - Regular,1100.0
raw,"RDO No. 72 - Roxas City, Capiz is composed of the following City and Munic",,,2ND,:   CAPIZ,DAO,POBLACION,O. BURGOS ST,NATL ROAD-INTR SECTION OF MCKINLEY,RR,Residential - Regular,1100.0
raw,"RDO No. 72 - Roxas City, Capiz is composed of the following City and Munic",,,2ND,:   CAPIZ,DAO,POBLACION,P. PATERNO ST,NATL ROAD-INTR SECTION OF MCKINLEY,RR,Residential - Regular,1100.0
raw,"RDO No. 72 - Roxas City, Capiz is composed of the following City and Munic",,,2ND,:   CAPIZ,DAO,POBLACION,P. PATERNO ST,WITHIN 10KMS FR TRADING CENTER,I,Industrial,1550.0
raw,"RDO No. 72 - Roxas City, Capiz is composed of the following City and Munic",,,2ND,:   CAPIZ,DAO,POBLACION,REGIDOR ST,NATL ROAD-INTR SECTION OF MCKINLEY,RR,Residential - Regular,1100.0
raw,"RDO No. 72 - Roxas City, Capiz is composed of the following City and Munic",,,2ND,:   CAPIZ,DAO,POBLACION,RIZAL ST,NATL ROAD-INTR SECTION OF MCKINLEY,RR,Residential - Regular,1100.0
raw,"RDO No. 72 - Roxas City, Capiz is composed of the following City and Munic",,,2ND,:   CAPIZ,DAO,POBLACION,SAN ROQUE ST,NATL ROAD-INTR SECTION OF MCKINLEY,RR,Residential - Regular,1100.0
raw,"RDO No. 72 - Roxas City, Capiz is composed of the following City and Munic",025-2021,"October 31, 2021",3RD,:   CAPIZ,DAO,QUINABCABAN & QUINAYUYA,*RESIDENTIAL INTERIOR LOTS,*BRGY. QUINABCABAN & QUINAYUYA,RR,Residential - Regular,245.0
raw,"RDO No. 72 - Roxas City, Capiz is composed of the following City and Munic",025-2021,"October 31, 2021",3RD,:   CAPIZ,DAO,QUINABCABAN & QUINAYUYA,*RESIDENTIAL LOTS BRGY. ROAD/ ALL,*BRGY. QUINABCABAN & QUINAYUYA,RR,Residential - Regular,340.0
raw,"RDO No. 72 - Roxas City, Capiz is composed of the following City and Munic",025-2021,"October 31, 2021",3RD,:   CAPIZ,DAO,QUINABCABAN & QUINAYUYA,*WEATHER ROADS,*BRGY. QUINABCABAN & QUINAYUYA,RR,Residential - Regular,275.0
raw,"RDO No. 72 - Roxas City, Capiz is composed of the following City and Munic",025-2021,"October 31, 2021",3RD,:   CAPIZ,DUMALAG,ALL BARANGAYS (AGRICULTURAL LAND),,,A1,Agricultural - A1,90.0
raw,"RDO No. 72 - Roxas City, Capiz is composed of the following City and Munic",025-2021,"October 31, 2021",3RD,:   CAPIZ,DUMALAG,ALL BARANGAYS (AGRICULTURAL LAND),,,A2,Agricultural - A2,62.0
raw,"RDO No. 72 - Roxas City, Capiz is composed of the following City and Munic",025-2021,"October 31, 2021",3RD,:   CAPIZ,DUMALAG,ALL BARANGAYS (AGRICULTURAL LAND),,,A3,Agricultural - A3,50.0
raw,"RDO No. 72 - Roxas City, Capiz is composed of the following City and Munic",025-2021,"October 31, 2021",3RD,:   CAPIZ,DUMALAG,ALL BARANGAYS (AGRICULTURAL LAND),,,A4,Agricultural - A4,40.0
raw,"RDO No. 72 - Roxas City, Capiz is composed of the following City and Munic",025-2021,"October 31, 2021",3RD,:   CAPIZ,DUMALAG,ALL BARANGAYS (AGRICULTURAL LAND),,,A5,Agricultural - A5,40.0
raw,"RDO No. 72 - Roxas City, Capiz is composed of the following City and Munic",025-2021,"October 31, 2021",3RD,:   CAPIZ,DUMALAG,ALL BARANGAYS (AGRICULTURAL LAND),,,A10,Agricultural - A10,25.0
raw,"RDO No. 72 - Roxas City, Capiz is composed of the following City and Munic",025-2021,"October 31, 2021",3RD,:   CAPIZ,DUMALAG,ALL BARANGAYS (AGRICULTURAL LAND),,,A12,Agricultural - A12,50.0
raw,"RDO No. 72 - Roxas City, Capiz is composed of the following City and Munic",025-2021,"October 31, 2021",3RD,:   CAPIZ,DUMALAG,ALL BARANGAYS (AGRICULTURAL LAND),,,A13,Agricultural - A13,50.0
raw,"RDO No. 72 - Roxas City, Capiz is composed of the following City and Munic",025-2021,"October 31, 2021",3RD,:   CAPIZ,DUMALAG,ALL BARANGAYS (AGRICULTURAL LAND),,,A14,Agricultural - A14,37.0
raw,"RDO No. 72 - Roxas City, Capiz is composed of the following City and Munic",025-2021,"October 31, 2021",3RD,:   CAPIZ,DUMALAG,ALL BARANGAYS (AGRICULTURAL LAND),,,A15,Agricultural - A15,25.0
raw,"RDO No. 72 - Roxas City, Capiz is composed of the following City and Munic",025-2021,"October 31, 2021",3RD,:   CAPIZ,DUMALAG,ALL BARANGAYS (AGRICULTURAL LAND),,,A16,Agricultural - A16,48.0
raw,"RDO No. 72 - Roxas City, Capiz is composed of the following City and Munic",025-2021,"October 31, 2021",3RD,:   CAPIZ,DUMALAG,ALL BARANGAYS (AGRICULTURAL LAND),,,A17,Agricultural - A17,71.0
raw,"RDO No. 72 - Roxas City, Capiz is composed of the following City and Munic",025-2021,"October 31, 2021",3RD,:   CAPIZ,DUMALAG,ALL BARANGAYS (AGRICULTURAL LAND),,,A26,Agricultural - A26,78.0
raw,"RDO No. 72 - Roxas City, Capiz is composed of the following City and Munic",025-2021,"October 31, 2021",3RD,:   CAPIZ,DUMALAG,ALL BARANGAYS (AGRICULTURAL LAND),,,A36,Agricultural - A36,30.0
raw,"RDO No. 72 - Roxas City, Capiz is composed of the following City and Munic",025-2021,"October 31, 2021",3RD,:   CAPIZ,DUMALAG,ALL BARANGAYS (AGRICULTURAL LAND),,,A50,Agricultural - A50,40.0
raw,"RDO No. 72 - Roxas City, Capiz is composed of the following City and Munic",025-2021,"October 31, 2021",3RD,:   CAPIZ,DUMALAG,ALL BARANGAYS (AGRICULTURAL LAND),,,A49,Agricultural - A49,40.0
raw,"RDO No. 72 - Roxas City, Capiz is composed of the following City and Munic",025-2021,"October 31, 2021",3RD,:   CAPIZ,DUMALAG,ALL OTHER BARANGAYS,ALL LOTS,ALONG THE ROAD,RR,Residential - Regular,470.0
raw,"RDO No. 72 - Roxas City, Capiz is composed of the following City and Munic",025-2021,"October 31, 2021",3RD,:   CAPIZ,DUMALAG,ALL OTHER BARANGAYS,ALL LOTS,WITHIN 10 KMS FROM TRADING CENTER,I,Industrial,1920.0
raw,"RDO No. 72 - Roxas City, Capiz is composed of the following City and Munic",025-2021,"October 31, 2021",3RD,:   CAPIZ,DUMALAG,ALL OTHER BARANGAYS,ALL LOTS,INTERIOR LOTS,RR,Residential - Regular,330.0
raw,"RDO No. 72 - Roxas City, Capiz is composed of the following City and Munic",,,2ND,:   CAPIZ,DUMALAG,ALL OTHER BARANGAYS,All Lots,ALONG THE ROAD,RR,Residential - Regular,200.0
raw,"RDO No. 72 - Roxas City, Capiz is composed of the following City and Munic",,,2ND,:   CAPIZ,DUMALAG,ALL OTHER BARANGAYS,All Lots,WITHIN 10 KMS FROM TRADING CENTER,I,Industrial,830.0
raw,"RDO No. 72 - Roxas City, Capiz is composed of the following City and Munic",,,2ND,:   CAPIZ,DUMALAG,ALL OTHER BARANGAYS,All Lots,INTERIOR LOTS,RR,Residential - Regular,140.0
raw,"RDO No. 72 - Roxas City, Capiz is composed of the following City and Munic",,,2ND,:   CAPIZ,DUMALAG,ALL OTHER BARANGAYS,All Lots,INTERIOR LOTS,A1,Agricultural - A1,34.0
raw,"RDO No. 72 - Roxas City, Capiz is composed of the following City and Munic",,,2ND,:   CAPIZ,DUMALAG,ALL OTHER BARANGAYS,All Lots,INTERIOR LOTS,A2,Agricultural - A2,25.0
raw,"RDO No. 72 - Roxas City, Capiz is composed of the following City and Munic",,,2ND,:   CAPIZ,DUMALAG,ALL OTHER BARANGAYS,All Lots,INTERIOR LOTS,A3,Agricultural - A3,20.0
raw,"RDO No. 72 - Roxas City, Capiz is composed of the following City and Munic",,,2ND,:   CAPIZ,DUMALAG,ALL OTHER BARANGAYS,All Lots,INTERIOR LOTS,A4,Agricultural - A4,15.0
raw,"RDO No. 72 - Roxas City, Capiz is composed of the following City and Munic",,,2ND,:   CAPIZ,DUMALAG,ALL OTHER BARANGAYS,All Lots,INTERIOR LOTS,A5,Agricultural - A5,15.0
raw,"RDO No. 72 - Roxas City, Capiz is composed of the following City and Munic",,,2ND,:   CAPIZ,DUMALAG,ALL OTHER BARANGAYS,All Lots,INTERIOR LOTS,A10,Agricultural - A10,9.0
raw,"RDO No. 72 - Roxas City, Capiz is composed of the following City and Munic",,,2ND,:   CAPIZ,DUMALAG,ALL OTHER BARANGAYS,All Lots,INTERIOR LOTS,A12,Agricultural - A12,20.0
raw,"RDO No. 72 - Roxas City, Capiz is composed of the following City and Munic",,,2ND,:   CAPIZ,DUMALAG,ALL OTHER BARANGAYS,All Lots,INTERIOR LOTS,A13,Agricultural - A13,20.0
raw,"RDO No. 72 - Roxas City, Capiz is composed of the following City and Munic",,,2ND,:   CAPIZ,DUMALAG,ALL OTHER BARANGAYS,All Lots,INTERIOR LOTS,A14,Agricultural - A14,15.0
raw,"RDO No. 72 - Roxas City, Capiz is composed of the following City and Munic",,,2ND,:   CAPIZ,DUMALAG,ALL OTHER BARANGAYS,All Lots,INTERIOR LOTS,A15,Agricultural - A15,10.0
raw,"RDO No. 72 - Roxas City, Capiz is composed of the following City and Munic",,,2ND,:   CAPIZ,DUMALAG,ALL OTHER BARANGAYS,All Lots,INTERIOR LOTS,A16,Agricultural - A16,20.0
raw,"RDO No. 72 - Roxas City, Capiz is composed of the following City and Munic",,,2ND,:   CAPIZ,DUMALAG,ALL OTHER BARANGAYS,All Lots,INTERIOR LOTS,A17,Agricultural - A17,30.0
raw,"RDO No. 72 - Roxas City, Capiz is composed of the following City and Munic",,,2ND,:   CAPIZ,DUMALAG,ALL OTHER BARANGAYS,All Lots,INTERIOR LOTS,A26,Agricultural - A26,20.0
raw,"RDO No. 72 - Roxas City, Capiz is composed of the following City and Munic",,,2ND,:   CAPIZ,DUMALAG,ALL OTHER BARANGAYS,All Lots,INTERIOR LOTS,A36,Agricultural - A36,11.0
raw,"RDO No. 72 - Roxas City, Capiz is composed of the following City and Munic",,,2ND,:   CAPIZ,DUMALAG,ALL OTHER BARANGAYS,All Lots,INTERIOR LOTS,A50,Agricultural - A50,13.0
raw,"RDO No. 72 - Roxas City, Capiz is composed of the following City and Munic",,,2ND,:   CAPIZ,DUMALAG,ALL OTHER BARANGAYS,All Lots,INTERIOR LOTS,A49,Agricultural - A49,13.0
raw,"RDO No. 72 - Roxas City, Capiz is composed of the following City and Munic",,,2ND,:   CAPIZ,DUMALAG,"CONCEPCION, CONSOLACION, DOLORES, DURAN",ALL LOTS,ALONG THE ROAD,RR,Residential - Regular,200.0
raw,"RDO No. 72 - Roxas City, Capiz is composed of the following City and Munic",,,2ND,:   CAPIZ,DUMALAG,"CONCEPCION, CONSOLACION, DOLORES, DURAN",ALL LOTS,WITHIN 10 KMS FROM TRADING CENTER,I,Industrial,830.0
raw,"RDO No. 72 - Roxas City, Capiz is composed of the following City and Munic",,,2ND,:   CAPIZ,DUMALAG,"CONCEPCION, CONSOLACION, DOLORES, DURAN",ALL LOTS,WITHIN 10 KMS FROM TRADING CENTER,RR,Residential - Regular,140.0
raw,"RDO No. 72 - Roxas City, Capiz is composed of the following City and Munic",025-2021,"October 31, 2021",3RD,:   CAPIZ,DUMALAG,"CONCEPCION, SAN ROQUE",ALL LOTS,ALONG THE ROAD,RR,Residential - Regular,470.0
raw,"RDO No. 72 - Roxas City, Capiz is composed of the following City and Munic",025-2021,"October 31, 2021",3RD,:   CAPIZ,DUMALAG,"CONCEPCION, SAN ROQUE",ALL LOTS,WITHIN 10 KMS FROM TRADING CENTER,I,Industrial,1920.0
raw,"RDO No. 72 - Roxas City, Capiz is composed of the following City and Munic",025-2021,"October 31, 2021",3RD,:   CAPIZ,DUMALAG,"CONCEPCION, SAN ROQUE",ALL LOTS,WITHIN 10 KMS FROM TRADING CENTER,RR,Residential - Regular,330.0
raw,"RDO No. 72 - Roxas City, Capiz is composed of the following City and Munic",025-2021,"October 31, 2021",3RD,:   CAPIZ,DUMALAG,"DOLORES, DURAN, SAN MIGUEL, SAN JOSE, STO. ANGEL",ALL LOTS,ALONG THE ROAD,RR,Residential - Regular,370.0
raw,"RDO No. 72 - Roxas City, Capiz is composed of the following City and Munic",025-2021,"October 31, 2021",3RD,:   CAPIZ,DUMALAG,"DOLORES, DURAN, SAN MIGUEL, SAN JOSE, STO. ANGEL",ALL LOTS,WITHIN 10 KMS FROM TRADING CENTER,I,Industrial,1920.0
raw,"RDO No. 72 - Roxas City, Capiz is composed of the following City and Munic",025-2021,"October 31, 2021",3RD,:   CAPIZ,DUMALAG,"DOLORES, DURAN, SAN MIGUEL, SAN JOSE, STO. ANGEL",ALL LOTS,WITHIN 10 KMS FROM TRADING CENTER,RR,Residential - Regular,280.0
raw,"RDO No. 72 - Roxas City, Capiz is composed of the following City and Munic",025-2021,"October 31, 2021",3RD,:   CAPIZ,DUMALAG,POBLACION,ALL OTHER STREET,WITHIN 1KM FROM POBLACION,RR,Residential - Regular,538.0
raw,"RDO No. 72 - Roxas City, Capiz is composed of the following City and Munic",025-2021,"October 31, 2021",3RD,:   CAPIZ,DUMALAG,POBLACION,ALL OTHER STREET,MORE THAN 1KM FROM POBLACION,RR,Residential - Regular,460.0
raw,"RDO No. 72 - Roxas City, Capiz is composed of the following City and Munic",,,2ND,:   CAPIZ,DUMALAG,POBLACION,ALL OTHER STREET,WITHIN 1KM FROM POBLACION,RR,Residential - Regular,325.0
raw,"RDO No. 72 - Roxas City, Capiz is composed of the following City and Munic",,,2ND,:   CAPIZ,DUMALAG,POBLACION,ALL OTHER STREET,MORE THAN 1KM FROM POBLACION,RR,Residential - Regular,275.0
raw,"RDO No. 72 - Roxas City, Capiz is composed of the following City and Munic",025-2021,"October 31, 2021",3RD,:   CAPIZ,DUMALAG,POBLACION,CONSOLACION ST,STO. NINO ST,RR,Residential - Regular,680.0
raw,"RDO No. 72 - Roxas City, Capiz is composed of the following City and Munic",025-2021,"October 31, 2021",3RD,:   CAPIZ,DUMALAG,POBLACION,CONSOLACION ST,DAVIS ST-RIZAL ST,RR,Residential - Regular,670.0
raw,"RDO No. 72 - Roxas City, Capiz is composed of the following City and Munic",,,2ND,:   CAPIZ,DUMALAG,POBLACION,CONSOLACION ST,STO. NINO ST,RR,Residential - Regular,400.0
raw,"RDO No. 72 - Roxas City, Capiz is composed of the following City and Munic",,,2ND,:   CAPIZ,DUMALAG,POBLACION,CONSOLACION ST,DAVIS ST-RIZAL ST,RR,Residential - Regular,400.0
raw,"RDO No. 72 - Roxas City, Capiz is composed of the following City and Munic",025-2021,"October 31, 2021",3RD,:   CAPIZ,DUMALAG,POBLACION,DAVIS ST (DVIS ST),DAVIS ST-RIZAL ST,RR,Residential - Regular,670.0
raw,"RDO No. 72 - Roxas City, Capiz is composed of the following City and Munic",,,2ND,:   CAPIZ,DUMALAG,POBLACION,DAVIS ST (DVIS ST),DAVIS ST-RIZAL ST,RR,Residential - Regular,400.0
raw,"RDO No. 72 - Roxas City, Capiz is composed of the following City and Munic",025-2021,"October 31, 2021",3RD,:   CAPIZ,DUMALAG,POBLACION,NATIONAL ROAD,POBLACION PROPER,RR,Residential - Regular,680.0
raw,"RDO No. 72 - Roxas City, Capiz is composed of the following City and Munic",,,2ND,:   CAPIZ,DUMALAG,POBLACION,NATIONAL ROAD,POBLACION PROPER,RR,Residential - Regular,400.0
raw,"RDO No. 72 - Roxas City, Capiz is composed of the following City and Munic",025-2021,"October 31, 2021",3RD,:   CAPIZ,DUMALAG,POBLACION,NEW ROAD (Nat'l..Road),PRIVATE ROAD-ROXAS CITY,CR,Commercial - Regular,1420.0
raw,"RDO No. 72 - Roxas City, Capiz is composed of the following City and Munic",025-2021,"October 31, 2021",3RD,:   CAPIZ,DUMALAG,POBLACION,NEW ROAD (Nat'l..Road),DAVIS ST-RIZAL ST,RR,Residential - Regular,680.0
raw,"RDO No. 72 - Roxas City, Capiz is composed of the following City and Munic",,,2ND,:   CAPIZ,DUMALAG,POBLACION,NEW ROAD (Nat'l..Road),PRIVATE ROAD-ROXAS CITY,CR,Commercial - Regular,615.0
raw,"RDO No. 72 - Roxas City, Capiz is composed of the following City and Munic",,,2ND,:   CAPIZ,DUMALAG,POBLACION,NEW ROAD (Nat'l..Road),DAVIS ST-RIZAL ST,RR,Residential - Regular,400.0
raw,"RDO No. 72 - Roxas City, Capiz is composed of the following City and Munic",025-2021,"October 31, 2021",3RD,:   CAPIZ,DUMALAG,POBLACION,OLD SPANISH ROAD,DAVIS ST-RIZAL ST,RR,Residential - Regular,670.0
raw,"RDO No. 72 - Roxas City, Capiz is composed of the following City and Munic",,,2ND,:   CAPIZ,DUMALAG,POBLACION,OLD SPANISH ROAD,DAVIS ST-RIZAL ST,RR,Residential - Regular,400.0
raw,"RDO No. 72 - Roxas City, Capiz is composed of the following City and Munic",025-2021,"October 31, 2021",3RD,:   CAPIZ,DUMALAG,POBLACION,RIZAL ST,DAVIS ST-RIZAL ST,RR,Residential - Regular,670.0
raw,"RDO No. 72 - Roxas City, Capiz is composed of the following City and Munic",,,2ND,:   CAPIZ,DUMALAG,POBLACION,RIZAL ST,DAVIS ST-RIZAL ST,RR,Residential - Regular,400.0
raw,"RDO No. 72 - Roxas City, Capiz is composed of the following City and Munic",025-2021,"October 31, 2021",3RD,:   CAPIZ,DUMALAG,POBLACION,ROAD SURROUNDING PUB MARKET,POBLACION PROPER,CR,Commercial - Regular,1500.0
raw,"RDO No. 72 - Roxas City, Capiz is composed of the following City and Munic",,,2ND,:   CAPIZ,DUMALAG,POBLACION,ROAD SURROUNDING PUB MARKET,POBLACION PROPER,CR,Commercial - Regular,650.0
raw,"RDO No. 72 - Roxas City, Capiz is composed of the following City and Munic",025-2021,"October 31, 2021",3RD,:   CAPIZ,DUMALAG,POBLACION,ROXAS ST,DAVIS ST-RIZAL ST,RR,Residential - Regular,680.0
raw,"RDO No. 72 - Roxas City, Capiz is composed of the following City and Munic",,,2ND,:   CAPIZ,DUMALAG,POBLACION,ROXAS ST,DAVIS ST-RIZAL ST,RR,Residential - Regular,400.0
raw,"RDO No. 72 - Roxas City, Capiz is composed of the following City and Munic",025-2021,"October 31, 2021",3RD,:   CAPIZ,DUMALAG,POBLACION,SAN JUAN ST,DAVIS ST-RIZAL ST,RR,Residential - Regular,680.0
raw,"RDO No. 72 - Roxas City, Capiz is composed of the following City and Munic",,,2ND,:   CAPIZ,DUMALAG,POBLACION,SAN JUAN ST,DAVIS ST-RIZAL ST,RR,Residential - Regular,400.0
raw,"RDO No. 72 - Roxas City, Capiz is composed of the following City and Munic",025-2021,"October 31, 2021",3RD,:   CAPIZ,DUMALAG,POBLACION,SAN MARTIN ST,DAVIS ST-RIZAL ST,RR,Residential - Regular,680.0
raw,"RDO No. 72 - Roxas City, Capiz is composed of the following City and Munic",,,2ND,:   CAPIZ,DUMALAG,POBLACION,SAN MARTIN ST,DAVIS ST-RIZAL ST,RR,Residential - Regular,400.0
raw,"RDO No. 72 - Roxas City, Capiz is composed of the following City and Munic",025-2021,"October 31, 2021",3RD,:   CAPIZ,DUMALAG,POBLACION,SANGER ST,DAVIS ST-RIZAL ST,RR,Residential - Regular,680.0
raw,"RDO No. 72 - Roxas City, Capiz is composed of the following City and Munic",,,2ND,:   CAPIZ,DUMALAG,POBLACION,SANGER ST,DAVIS ST-RIZAL ST,RR,Residential - Regular,400.0
raw,"RDO No. 72 - Roxas City, Capiz is composed of the following City and Munic",025-2021,"October 31, 2021",3RD,:   CAPIZ,DUMALAG,POBLACION,STO. NINO ST,DAVIS ST-RIZAL ST,RR,Residential - Regular,680.0
raw,"RDO No. 72 - Roxas City, Capiz is composed of the following City and Munic",,,2ND,:   CAPIZ,DUMALAG,POBLACION,STO. NINO ST,DAVIS ST-RIZAL ST,RR,Residential - Regular,400.0
raw,"RDO No. 72 - Roxas City, Capiz is composed of the following City and Munic",,,2ND,:   CAPIZ,DUMALAG,"SAN AGUSTIN, SAN JOSE, SAN MARTIN, SAN MIGUEL",All Lots,ALONG THE ROAD,RR,Residential - Regular,200.0
raw,"RDO No. 72 - Roxas City, Capiz is composed of the following City and Munic",,,2ND,:   CAPIZ,DUMALAG,"SAN AGUSTIN, SAN JOSE, SAN MARTIN, SAN MIGUEL",All Lots,WITHIN 10 KMS FROM TRADING CENTER,I,Industrial,830.0
raw,"RDO No. 72 - Roxas City, Capiz is composed of the following City and Munic",,,2ND,:   CAPIZ,DUMALAG,"SAN AGUSTIN, SAN JOSE, SAN MARTIN, SAN MIGUEL",All Lots,WITHIN 10 KMS FROM TRADING CENTER,RR,Residential - Regular,140.0
raw,"RDO No. 72 - Roxas City, Capiz is composed of the following City and Munic",025-2021,"October 31, 2021",3RD,:   CAPIZ,DUMALAG,"SAN AGUSTIN, SAN MARTIN, STA. TERESA",ALL LOTS,ALONG THE ROAD,RR,Residential - Regular,470.0
raw,"RDO No. 72 - Roxas City, Capiz is composed of the following City and Munic",025-2021,"October 31, 2021",3RD,:   CAPIZ,DUMALAG,"SAN AGUSTIN, SAN MARTIN, STA. TERESA",ALL LOTS,WITHIN 10 KMS FROM TRADING CENTER,I,Industrial,1920.0
raw,"RDO No. 72 - Roxas City, Capiz is composed of the following City and Munic",025-2021,"October 31, 2021",3RD,:   CAPIZ,DUMALAG,"SAN AGUSTIN, SAN MARTIN, STA. TERESA",ALL LOTS,WITHIN 10 KMS FROM TRADING CENTER,RR,Residential - Regular,330.0
raw,"RDO No. 72 - Roxas City, Capiz is composed of the following City and Munic",,,2ND,:   CAPIZ,DUMALAG,"SAN RAFAEL, SAN ROQUE, STA. CARMEN, STA. CRUZ",All Lots,ALONG THE ROAD,RR,Residential - Regular,200.0
raw,"RDO No. 72 - Roxas City, Capiz is composed of the following City and Munic",,,2ND,:   CAPIZ,DUMALAG,"SAN RAFAEL, SAN ROQUE, STA. CARMEN, STA. CRUZ",All Lots,WITHIN 10 KMS FROM TRADING CENTER,I,Industrial,830.0
raw,"RDO No. 72 - Roxas City, Capiz is composed of the following City and Munic",,,2ND,:   CAPIZ,DUMALAG,"SAN RAFAEL, SAN ROQUE, STA. CARMEN, STA. CRUZ",All Lots,WITHIN 10 KMS FROM TRADING CENTER,RR,Residential - Regular,140.0
raw,"RDO No. 72 - Roxas City, Capiz is composed of the following City and Munic",025-2021,"October 31, 2021",3RD,:   CAPIZ,DUMALAG,"STA. CARMEN, STA. MONICA, STA. RITA, STO. ROSARIO",ALL LOTS,ALONG THE ROAD,RR,Residential - Regular,470.0
raw,"RDO No. 72 - Roxas City, Capiz is composed of the following City and Munic",025-2021,"October 31, 2021",3RD,:   CAPIZ,DUMALAG,"STA. CARMEN, STA. MONICA, STA. RITA, STO. ROSARIO",ALL LOTS,WITHIN 10 KMS FROM TRADING CENTER,I,Industrial,1920.0
raw,"RDO No. 72 - Roxas City, Capiz is composed of the following City and Munic",025-2021,"October 31, 2021",3RD,:   CAPIZ,DUMALAG,"STA. CARMEN, STA. MONICA, STA. RITA, STO. ROSARIO",ALL LOTS,WITHIN 10 KMS FROM TRADING CENTER,RR,Residential - Regular,330.0
raw,"RDO No. 72 - Roxas City, Capiz is composed of the following City and Munic",,,2ND,:   CAPIZ,DUMALAG,"STA. MONICA, STA. RITA, STA. TERESA, STO. ANGEL",All Lots,ALONG THE ROAD,RR,Residential - Regular,200.0
raw,"RDO No. 72 - Roxas City, Capiz is composed of the following City and Munic",,,2ND,:   CAPIZ,DUMALAG,"STA. MONICA, STA. RITA, STA. TERESA, STO. ANGEL",All Lots,WITHIN 10 KMS FROM TRADING CENTER,I,Industrial,830.0
raw,"RDO No. 72 - Roxas City, Capiz is composed of the following City and Munic",,,2ND,:   CAPIZ,DUMALAG,"STA. MONICA, STA. RITA, STA. TERESA, STO. ANGEL",All Lots,WITHIN 10 KMS FROM TRADING CENTER,RR,Residential - Regular,140.0
raw,"RDO No. 72 - Roxas City, Capiz is composed of the following City and Munic",025-2021,"October 31, 2021",3RD,:   CAPIZ,DUMALAG,"STO. NIÑO, STA. CRUZ, CONSOLACION",ALL LOTS,ALONG THE ROAD,RR,Residential - Regular,470.0
raw,"RDO No. 72 - Roxas City, Capiz is composed of the following City and Munic",025-2021,"October 31, 2021",3RD,:   CAPIZ,DUMALAG,"STO. NIÑO, STA. CRUZ, CONSOLACION",ALL LOTS,WITHIN 10 KMS FROM TRADING CENTER,I,Industrial,1920.0
raw,"RDO No. 72 - Roxas City, Capiz is composed of the following City and Munic",025-2021,"October 31, 2021",3RD,:   CAPIZ,DUMALAG,"STO. NIÑO, STA. CRUZ, CONSOLACION",ALL LOTS,WITHIN 10 KMS FROM TRADING CENTER,RR,Residential - Regular,330.0
raw,"RDO No. 72 - Roxas City, Capiz is composed of the following City and Munic",,,2ND,:   CAPIZ,DUMALAG,"STO. NIÑO, STO. ROSARIO",All Lots,ALONG THE ROAD,RR,Residential - Regular,200.0
raw,"RDO No. 72 - Roxas City, Capiz is composed of the following City and Munic",,,2ND,:   CAPIZ,DUMALAG,"STO. NIÑO, STO. ROSARIO",All Lots,WITHIN 10 KMS FROM TRADING CENTER,I,Industrial,830.0
raw,"RDO No. 72 - Roxas City, Capiz is composed of the following City and Munic",,,2ND,:   CAPIZ,DUMALAG,"STO. NIÑO, STO. ROSARIO",All Lots,WITHIN 10 KMS FROM TRADING CENTER,RR,Residential - Regular,140.0
raw,"RDO No. 72 - Roxas City, Capiz is composed of the following City and Munic",025-2021,"October 31, 2021",3RD,:   CAPIZ,DUMARAO,"***ASTORGA, ***LAWA-AN, ***NAGSULANG,",*ALL LOTS,*NATIONAL ROAD,RR,Residential - Regular,570.0
raw,"RDO No. 72 - Roxas City, Capiz is composed of the following City and Munic",025-2021,"October 31, 2021",3RD,:   CAPIZ,DUMARAO,"***ASTORGA, ***LAWA-AN, ***NAGSULANG,",*ALL LOTS,*NATIONAL ROAD,CR,Commercial - Regular,1180.0
raw,"RDO No. 72 - Roxas City, Capiz is composed of the following City and Munic",025-2021,"October 31, 2021",3RD,:   CAPIZ,DUMARAO,"***ASTORGA, ***LAWA-AN, ***NAGSULANG,",*ALL LOTS,*BARANGAY ROAD,RR,Residential - Regular,380.0
raw,"RDO No. 72 - Roxas City, Capiz is composed of the following City and Munic",025-2021,"October 31, 2021",3RD,:   CAPIZ,DUMARAO,"***ASTORGA, ***LAWA-AN, ***NAGSULANG,",*ALL LOTS,*INTERIOR LOTS,RR,Residential - Regular,260.0
raw,"RDO No. 72 - Roxas City, Capiz is composed of the following City and Munic",025-2021,"October 31, 2021",3RD,:   CAPIZ,DUMARAO,"***TINAYTAYAN, ***SAN JUAN",ALL LOTS,NATIONAL ROAD,RR,Residential - Regular,390.0
raw,"RDO No. 72 - Roxas City, Capiz is composed of the following City and Munic",025-2021,"October 31, 2021",3RD,:   CAPIZ,DUMARAO,"***TINAYTAYAN, ***SAN JUAN",ALL LOTS,NATIONAL ROAD,CR,Commercial - Regular,1180.0
raw,"RDO No. 72 - Roxas City, Capiz is composed of the following City and Munic",025-2021,"October 31, 2021",3RD,:   CAPIZ,DUMARAO,"***TINAYTAYAN, ***SAN JUAN",ALL LOTS,BARANGAY ROAD,RR,Residential - Regular,210.0
raw,"RDO No. 72 - Roxas City, Capiz is composed of the following City and Munic",025-2021,"October 31, 2021",3RD,:   CAPIZ,DUMARAO,"***TINAYTAYAN, ***SAN JUAN",ALL LOTS,INTERIOR LOTS,RR,Residential - Regular,175.0
raw,"RDO No. 72 - Roxas City, Capiz is composed of the following City and Munic",,,2ND,:   CAPIZ,DUMARAO,"AGBATUAN, AGLALANA, AGLANOT, AGSIRAB",ALL LOTS,NATIONAL ROAD,RR,Residential - Regular,240.0
raw,"RDO No. 72 - Roxas City, Capiz is composed of the following City and Munic",,,2ND,:   CAPIZ,DUMARAO,"AGBATUAN, AGLALANA, AGLANOT, AGSIRAB",ALL LOTS,NATIONAL ROAD,CR,Commercial - Regular,500.0
raw,"RDO No. 72 - Roxas City, Capiz is composed of the following City and Munic",,,2ND,:   CAPIZ,DUMARAO,"AGBATUAN, AGLALANA, AGLANOT, AGSIRAB",ALL LOTS,BARANGAY ROAD,RR,Residential - Regular,160.0
raw,"RDO No. 72 - Roxas City, Capiz is composed of the following City and Munic",,,2ND,:   CAPIZ,DUMARAO,"AGBATUAN, AGLALANA, AGLANOT, AGSIRAB",ALL LOTS,INTERIOR LOTS,RR,Residential - Regular,110.0
raw,"RDO No. 72 - Roxas City, Capiz is composed of the following City and Munic",025-2021,"October 31, 2021",3RD,:   CAPIZ,DUMARAO,"AGBATUAN, AGSIRAB, ALIPACIAWAN",ALL LOTS,NATIONAL ROAD,RR,Residential - Regular,570.0
raw,"RDO No. 72 - Roxas City, Capiz is composed of the following City and Munic",025-2021,"October 31, 2021",3RD,:   CAPIZ,DUMARAO,"AGBATUAN, AGSIRAB, ALIPACIAWAN",ALL LOTS,NATIONAL ROAD,CR,Commercial - Regular,1180.0
raw,"RDO No. 72 - Roxas City, Capiz is composed of the following City and Munic",025-2021,"October 31, 2021",3RD,:   CAPIZ,DUMARAO,"AGBATUAN, AGSIRAB, ALIPACIAWAN",ALL LOTS,BARANGAY ROAD,RR,Residential - Regular,380.0
raw,"RDO No. 72 - Roxas City, Capiz is composed of the following City and Munic",025-2021,"October 31, 2021",3RD,:   CAPIZ,DUMARAO,"AGBATUAN, AGSIRAB, ALIPACIAWAN",ALL LOTS,INTERIOR LOTS,RR,Residential - Regular,260.0
raw,"RDO No. 72 - Roxas City, Capiz is composed of the following City and Munic",,,2ND,:   CAPIZ,DUMARAO,"ALIPACIAWAN, ASTORGA, BAYOG, BUNGSUAN",ALL LOTS,NATIONAL ROAD,RR,Residential - Regular,240.0
raw,"RDO No. 72 - Roxas City, Capiz is composed of the following City and Munic",,,2ND,:   CAPIZ,DUMARAO,"ALIPACIAWAN, ASTORGA, BAYOG, BUNGSUAN",ALL LOTS,NATIONAL ROAD,CR,Commercial - Regular,500.0
raw,"RDO No. 72 - Roxas City, Capiz is composed of the following City and Munic",,,2ND,:   CAPIZ,DUMARAO,"ALIPACIAWAN, ASTORGA, BAYOG, BUNGSUAN",ALL LOTS,BARANGAY ROAD,RR,Residential - Regular,160.0
raw,"RDO No. 72 - Roxas City, Capiz is composed of the following City and Munic",,,2ND,:   CAPIZ,DUMARAO,"ALIPACIAWAN, ASTORGA, BAYOG, BUNGSUAN",ALL LOTS,INTERIOR LOTS,RR,Residential - Regular,110.0
raw,"RDO No. 72 - Roxas City, Capiz is composed of the following City and Munic",025-2021,"October 31, 2021",3RD,:   CAPIZ,DUMARAO,"ALIPAWAN, JAMBAD, BAYOG, GIBATO, GUINOTOS",ALL LOTS,NATIONAL ROAD,RR,Residential - Regular,570.0
raw,"RDO No. 72 - Roxas City, Capiz is composed of the following City and Munic",025-2021,"October 31, 2021",3RD,:   CAPIZ,DUMARAO,"ALIPAWAN, JAMBAD, BAYOG, GIBATO, GUINOTOS",ALL LOTS,NATIONAL ROAD,CR,Commercial - Regular,1180.0
raw,"RDO No. 72 - Roxas City, Capiz is composed of the following City and Munic",025-2021,"October 31, 2021",3RD,:   CAPIZ,DUMARAO,"ALIPAWAN, JAMBAD, BAYOG, GIBATO, GUINOTOS",ALL LOTS,BARANGAY ROAD,RR,Residential - Regular,380.0
raw,"RDO No. 72 - Roxas City, Capiz is composed of the following City and Munic",025-2021,"October 31, 2021",3RD,:   CAPIZ,DUMARAO,"ALIPAWAN, JAMBAD, BAYOG, GIBATO, GUINOTOS",ALL LOTS,INTERIOR LOTS,RR,Residential - Regular,260.0
raw,"RDO No. 72 - Roxas City, Capiz is composed of the following City and Munic",025-2021,"October 31, 2021",3RD,:   CAPIZ,DUMARAO,ALL BARANGAY ROADS (ALL AGRICULTURAL LAND),ALL LOTS,,A1,Agricultural - A1,110.0
raw,"RDO No. 72 - Roxas City, Capiz is composed of the following City and Munic",025-2021,"October 31, 2021",3RD,:   CAPIZ,DUMARAO,ALL BARANGAY ROADS (ALL AGRICULTURAL LAND),ALL LOTS,,A2,Agricultural - A2,80.0
raw,"RDO No. 72 - Roxas City, Capiz is composed of the following City and Munic",025-2021,"October 31, 2021",3RD,:   CAPIZ,DUMARAO,ALL BARANGAY ROADS (ALL AGRICULTURAL LAND),ALL LOTS,,A3,Agricultural - A3,27.0
raw,"RDO No. 72 - Roxas City, Capiz is composed of the following City and Munic",025-2021,"October 31, 2021",3RD,:   CAPIZ,DUMARAO,ALL BARANGAY ROADS (ALL AGRICULTURAL LAND),ALL LOTS,,A4,Agricultural - A4,27.0
raw,"RDO No. 72 - Roxas City, Capiz is composed of the following City and Munic",025-2021,"October 31, 2021",3RD,:   CAPIZ,DUMARAO,ALL BARANGAY ROADS (ALL AGRICULTURAL LAND),ALL LOTS,,A10,Agricultural - A10,19.0
raw,"RDO No. 72 - Roxas City, Capiz is composed of the following City and Munic",025-2021,"October 31, 2021",3RD,:   CAPIZ,DUMARAO,ALL BARANGAY ROADS (ALL AGRICULTURAL LAND),ALL LOTS,,A12,Agricultural - A12,25.0
raw,"RDO No. 72 - Roxas City, Capiz is composed of the following City and Munic",025-2021,"October 31, 2021",3RD,:   CAPIZ,DUMARAO,ALL BARANGAY ROADS (ALL AGRICULTURAL LAND),ALL LOTS,,A14,Agricultural - A14,25.0
raw,"RDO No. 72 - Roxas City, Capiz is composed of the following City and Munic",025-2021,"October 31, 2021",3RD,:   CAPIZ,DUMARAO,ALL BARANGAY ROADS (ALL AGRICULTURAL LAND),ALL LOTS,,A15,Agricultural - A15,20.0
raw,"RDO No. 72 - Roxas City, Capiz is composed of the following City and Munic",025-2021,"October 31, 2021",3RD,:   CAPIZ,DUMARAO,ALL BARANGAY ROADS (ALL AGRICULTURAL LAND),ALL LOTS,,A16,Agricultural - A16,26.0
raw,"RDO No. 72 - Roxas City, Capiz is composed of the following City and Munic",025-2021,"October 31, 2021",3RD,:   CAPIZ,DUMARAO,ALL BARANGAY ROADS (ALL AGRICULTURAL LAND),ALL LOTS,,A17,Agricultural - A17,40.0
raw,"RDO No. 72 - Roxas City, Capiz is composed of the following City and Munic",025-2021,"October 31, 2021",3RD,:   CAPIZ,DUMARAO,ALL BARANGAY ROADS (ALL AGRICULTURAL LAND),ALL LOTS,,A23,Agricultural - A23,30.0
raw,"RDO No. 72 - Roxas City, Capiz is composed of the following City and Munic",025-2021,"October 31, 2021",3RD,:   CAPIZ,DUMARAO,ALL BARANGAY ROADS (ALL AGRICULTURAL LAND),ALL LOTS,,A26,Agricultural - A26,20.0
raw,"RDO No. 72 - Roxas City, Capiz is composed of the following City and Munic",025-2021,"October 31, 2021",3RD,:   CAPIZ,DUMARAO,ALL BARANGAY ROADS (ALL AGRICULTURAL LAND),ALL LOTS,,A36,Agricultural - A36,20.0
raw,"RDO No. 72 - Roxas City, Capiz is composed of the following City and Munic",025-2021,"October 31, 2021",3RD,:   CAPIZ,DUMARAO,ALL BARANGAY ROADS (ALL AGRICULTURAL LAND),ALL LOTS,,A48,Agricultural - A48,40.0
raw,"RDO No. 72 - Roxas City, Capiz is composed of the following City and Munic",025-2021,"October 31, 2021",3RD,:   CAPIZ,DUMARAO,ALL BARANGAY ROADS (ALL AGRICULTURAL LAND),ALL LOTS,,A50,Agricultural - A50,15.0
raw,"RDO No. 72 - Roxas City, Capiz is composed of the following City and Munic",025-2021,"October 31, 2021",3RD,:   CAPIZ,DUMARAO,ALL BARANGAY ROADS (ALL AGRICULTURAL LAND),ALL LOTS,,A49,Agricultural - A49,15.0
raw,"RDO No. 72 - Roxas City, Capiz is composed of the following City and Munic",,,2ND,:   CAPIZ,DUMARAO,ALL BARANGAY ROADS (ALL AGRICULTURAL LAND),ALL LOTS,,A1,Agricultural - A1,17.0
raw,"RDO No. 72 - Roxas City, Capiz is composed of the following City and Munic",,,2ND,:   CAPIZ,DUMARAO,ALL BARANGAY ROADS (ALL AGRICULTURAL LAND),ALL LOTS,,A2,Agricultural - A2,14.0
raw,"RDO No. 72 - Roxas City, Capiz is composed of the following City and Munic",,,2ND,:   CAPIZ,DUMARAO,ALL BARANGAY ROADS (ALL AGRICULTURAL LAND),ALL LOTS,,A3,Agricultural - A3,11.0
raw,"RDO No. 72 - Roxas City, Capiz is composed of the following City and Munic",,,2ND,:   CAPIZ,DUMARAO,ALL BARANGAY ROADS (ALL AGRICULTURAL LAND),ALL LOTS,,A4,Agricultural - A4,11.0
raw,"RDO No. 72 - Roxas City, Capiz is composed of the following City and Munic",,,2ND,:   CAPIZ,DUMARAO,ALL BARANGAY ROADS (ALL AGRICULTURAL LAND),ALL LOTS,,A10,Agricultural - A10,8.0
raw,"RDO No. 72 - Roxas City, Capiz is composed of the following City and Munic",,,2ND,:   CAPIZ,DUMARAO,ALL BARANGAY ROADS (ALL AGRICULTURAL LAND),ALL LOTS,,A12,Agricultural - A12,10.0
raw,"RDO No. 72 - Roxas City, Capiz is composed of the following City and Munic",,,2ND,:   CAPIZ,DUMARAO,ALL BARANGAY ROADS (ALL AGRICULTURAL LAND),ALL LOTS,,A14,Agricultural - A14,10.0
raw,"RDO No. 72 - Roxas City, Capiz is composed of the following City and Munic",,,2ND,:   CAPIZ,DUMARAO,ALL BARANGAY ROADS (ALL AGRICULTURAL LAND),ALL LOTS,,A15,Agricultural - A15,8.0
raw,"RDO No. 72 - Roxas City, Capiz is composed of the following City and Munic",,,2ND,:   CAPIZ,DUMARAO,ALL BARANGAY ROADS (ALL AGRICULTURAL LAND),ALL LOTS,,A16,Agricultural - A16,13.0
raw,"RDO No. 72 - Roxas City, Capiz is composed of the following City and Munic",,,2ND,:   CAPIZ,DUMARAO,ALL BARANGAY ROADS (ALL AGRICULTURAL LAND),ALL LOTS,,A17,Agricultural - A17,15.0
raw,"RDO No. 72 - Roxas City, Capiz is composed of the following City and Munic",,,2ND,:   CAPIZ,DUMARAO,ALL BARANGAY ROADS (ALL AGRICULTURAL LAND),ALL LOTS,,A23,Agricultural - A23,12.0
raw,"RDO No. 72 - Roxas City, Capiz is composed of the following City and Munic",,,2ND,:   CAPIZ,DUMARAO,ALL BARANGAY ROADS (ALL AGRICULTURAL LAND),ALL LOTS,,A26,Agricultural - A26,8.0
raw,"RDO No. 72 - Roxas City, Capiz is composed of the following City and Munic",,,2ND,:   CAPIZ,DUMARAO,ALL BARANGAY ROADS (ALL AGRICULTURAL LAND),ALL LOTS,,A36,Agricultural - A36,7.0
raw,"RDO No. 72 - Roxas City, Capiz is composed of the following City and Munic",,,2ND,:   CAPIZ,DUMARAO,ALL BARANGAY ROADS (ALL AGRICULTURAL LAND),ALL LOTS,,A48,Agricultural - A48,14.0
raw,"RDO No. 72 - Roxas City, Capiz is composed of the following City and Munic",,,2ND,:   CAPIZ,DUMARAO,ALL BARANGAY ROADS (ALL AGRICULTURAL LAND),ALL LOTS,,A50,Agricultural - A50,5.0
raw,"RDO No. 72 - Roxas City, Capiz is composed of the following City and Munic",,,2ND,:   CAPIZ,DUMARAO,ALL BARANGAY ROADS (ALL AGRICULTURAL LAND),ALL LOTS,,A49,Agricultural - A49,5.0
raw,"RDO No. 72 - Roxas City, Capiz is composed of the following City and Munic",025-2021,"October 31, 2021",3RD,:   CAPIZ,DUMARAO,"BUNGSUAN, CUBI, GODINGLE, TAMULALOD, DACUTON",ALL LOTS,NATIONAL ROAD,RR,Residential - Regular,340.0
raw,"RDO No. 72 - Roxas City, Capiz is composed of the following City and Munic",025-2021,"October 31, 2021",3RD,:   CAPIZ,DUMARAO,"BUNGSUAN, CUBI, GODINGLE, TAMULALOD, DACUTON",ALL LOTS,NATIONAL ROAD,CR,Commercial - Regular,1180.0
raw,"RDO No. 72 - Roxas City, Capiz is composed of the following City and Munic",025-2021,"October 31, 2021",3RD,:   CAPIZ,DUMARAO,"BUNGSUAN, CUBI, GODINGLE, TAMULALOD, DACUTON",ALL LOTS,BARANGAY ROAD,RR,Residential - Regular,300.0
raw,"RDO No. 72 - Roxas City, Capiz is composed of the following City and Munic",025-2021,"October 31, 2021",3RD,:   CAPIZ,DUMARAO,"BUNGSUAN, CUBI, GODINGLE, TAMULALOD, DACUTON",ALL LOTS,INTERIOR LOTS,RR,Residential - Regular,280.0
raw,"RDO No. 72 - Roxas City, Capiz is composed of the following City and Munic",,,2ND,:   CAPIZ,DUMARAO,"CALAPAWAN, CUBI, DACUTON, DANGULA",ALL LOTS,NATIONAL ROAD,RR,Residential - Regular,240.0
raw,"RDO No. 72 - Roxas City, Capiz is composed of the following City and Munic",,,2ND,:   CAPIZ,DUMARAO,"CALAPAWAN, CUBI, DACUTON, DANGULA",ALL LOTS,NATIONAL ROAD,CR,Commercial - Regular,500.0
raw,"RDO No. 72 - Roxas City, Capiz is composed of the following City and Munic",,,2ND,:   CAPIZ,DUMARAO,"CALAPAWAN, CUBI, DACUTON, DANGULA",ALL LOTS,BARANGAY ROAD,RR,Residential - Regular,160.0
raw,"RDO No. 72 - Roxas City, Capiz is composed of the following City and Munic",,,2ND,:   CAPIZ,DUMARAO,"CALAPAWAN, CUBI, DACUTON, DANGULA",ALL LOTS,INTERIOR LOTS,RR,Residential - Regular,110.0
raw,"RDO No. 72 - Roxas City, Capiz is composed of the following City and Munic",025-2021,"October 31, 2021",3RD,:   CAPIZ,DUMARAO,"CALAPAWAN, MALONOY, JANGUSLOB",ALL LOTS,NATIONAL ROAD,RR,Residential - Regular,570.0
raw,"RDO No. 72 - Roxas City, Capiz is composed of the following City and Munic",025-2021,"October 31, 2021",3RD,:   CAPIZ,DUMARAO,"CALAPAWAN, MALONOY, JANGUSLOB",ALL LOTS,NATIONAL ROAD,CR,Commercial - Regular,1180.0
raw,"RDO No. 72 - Roxas City, Capiz is composed of the following City and Munic",025-2021,"October 31, 2021",3RD,:   CAPIZ,DUMARAO,"CALAPAWAN, MALONOY, JANGUSLOB",ALL LOTS,BARANGAY ROAD,RR,Residential - Regular,380.0
raw,"RDO No. 72 - Roxas City, Capiz is composed of the following City and Munic",025-2021,"October 31, 2021",3RD,:   CAPIZ,DUMARAO,"CALAPAWAN, MALONOY, JANGUSLOB",ALL LOTS,INTERIOR LOTS,RR,Residential - Regular,260.0
raw,"RDO No. 72 - Roxas City, Capiz is composed of the following City and Munic",025-2021,"October 31, 2021",3RD,:   CAPIZ,DUMARAO,DANGULA,ALL LOTS,NATIONAL ROAD,RR,Residential - Regular,570.0
raw,"RDO No. 72 - Roxas City, Capiz is composed of the following City and Munic",025-2021,"October 31, 2021",3RD,:   CAPIZ,DUMARAO,DANGULA,ALL LOTS,NATIONAL ROAD,CR,Commercial - Regular,1180.0
raw,"RDO No. 72 - Roxas City, Capiz is composed of the following City and Munic",025-2021,"October 31, 2021",3RD,:   CAPIZ,DUMARAO,DANGULA,ALL LOTS,BARANGAY ROAD,RR,Residential - Regular,390.0
raw,"RDO No. 72 - Roxas City, Capiz is composed of the following City and Munic",025-2021,"October 31, 2021",3RD,:   CAPIZ,DUMARAO,DANGULA,ALL LOTS,INTERIOR LOTS,RR,Residential - Regular,280.0
raw,"RDO No. 72 - Roxas City, Capiz is composed of the following City and Munic",,,2ND,:   CAPIZ,DUMARAO,"GIBATO, GODINGLE, GUINOTOS, JAMBAD",ALL LOTS,NATIONAL ROAD,RR,Residential - Regular,240.0
raw,"RDO No. 72 - Roxas City, Capiz is composed of the following City and Munic",,,2ND,:   CAPIZ,DUMARAO,"GIBATO, GODINGLE, GUINOTOS, JAMBAD",ALL LOTS,NATIONAL ROAD,CR,Commercial - Regular,500.0
raw,"RDO No. 72 - Roxas City, Capiz is composed of the following City and Munic",,,2ND,:   CAPIZ,DUMARAO,"GIBATO, GODINGLE, GUINOTOS, JAMBAD",ALL LOTS,BARANGAY ROAD,RR,Residential - Regular,160.0
raw,"RDO No. 72 - Roxas City, Capiz is composed of the following City and Munic",,,2ND,:   CAPIZ,DUMARAO,"GIBATO, GODINGLE, GUINOTOS, JAMBAD",ALL LOTS,INTERIOR LOTS,RR,Residential - Regular,110.0
raw,"RDO No. 72 - Roxas City, Capiz is composed of the following City and Munic",,,2ND,:   CAPIZ,DUMARAO,"JANGUSLOB, LAWA-AN, MALONOY, NAGSULANG",ALL LOTS,NATIONAL ROAD,RR,Residential - Regular,240.0
raw,"RDO No. 72 - Roxas City, Capiz is composed of the following City and Munic",,,2ND,:   CAPIZ,DUMARAO,"JANGUSLOB, LAWA-AN, MALONOY, NAGSULANG",ALL LOTS,NATIONAL ROAD,CR,Commercial - Regular,500.0
raw,"RDO No. 72 - Roxas City, Capiz is composed of the following City and Munic",,,2ND,:   CAPIZ,DUMARAO,"JANGUSLOB, LAWA-AN, MALONOY, NAGSULANG",ALL LOTS,BARANGAY ROAD,RR,Residential - Regular,160.0
raw,"RDO No. 72 - Roxas City, Capiz is composed of the following City and Munic",,,2ND,:   CAPIZ,DUMARAO,"JANGUSLOB, LAWA-AN, MALONOY, NAGSULANG",ALL LOTS,INTERIOR LOTS,RR,Residential - Regular,110.0
raw,"RDO No. 72 - Roxas City, Capiz is composed of the following City and Munic",025-2021,"October 31, 2021",3RD,:   CAPIZ,DUMARAO,ONGOL ILAWOD,ALL LOTS,NATIONAL ROAD,RR,Residential - Regular,570.0
raw,"RDO No. 72 - Roxas City, Capiz is composed of the following City and Munic",025-2021,"October 31, 2021",3RD,:   CAPIZ,DUMARAO,ONGOL ILAWOD,ALL LOTS,INTERIOR LOTS,RR,Residential - Regular,280.0
raw,"RDO No. 72 - Roxas City, Capiz is composed of the following City and Munic",,,2ND,:   CAPIZ,DUMARAO,"ONGOL ILAWOD, ONGOL ILAYA",ALL LOTS,NATIONAL ROAD,RR,Residential - Regular,240.0
raw,"RDO No. 72 - Roxas City, Capiz is composed of the following City and Munic",,,2ND,:   CAPIZ,DUMARAO,"ONGOL ILAWOD, ONGOL ILAYA",ALL LOTS,NATIONAL ROAD,CR,Commercial - Regular,500.0
raw,"RDO No. 72 - Roxas City, Capiz is composed of the following City and Munic",,,2ND,:   CAPIZ,DUMARAO,"ONGOL ILAWOD, ONGOL ILAYA",ALL LOTS,BARANGAY ROAD,RR,Residential - Regular,160.0
raw,"RDO No. 72 - Roxas City, Capiz is composed of the following City and Munic",,,2ND,:   CAPIZ,DUMARAO,"ONGOL ILAWOD, ONGOL ILAYA",ALL LOTS,INTERIOR LOTS,RR,Residential - Regular,110.0
raw,"RDO No. 72 - Roxas City, Capiz is composed of the following City and Munic",025-2021,"October 31, 2021",3RD,:   CAPIZ,DUMARAO,"ONGOL ILAYA, AGLALANA",ALL LOTS,NATIONAL ROAD,RR,Residential - Regular,390.0
raw,"RDO No. 72 - Roxas City, Capiz is composed of the following City and Munic",025-2021,"October 31, 2021",3RD,:   CAPIZ,DUMARAO,"ONGOL ILAYA, AGLALANA",ALL LOTS,NATIONAL ROAD,CR,Commercial - Regular,1180.0
raw,"RDO No. 72 - Roxas City, Capiz is composed of the following City and Munic",025-2021,"October 31, 2021",3RD,:   CAPIZ,DUMARAO,"ONGOL ILAYA, AGLALANA",ALL LOTS,BARANGAY ROAD,RR,Residential - Regular,210.0
raw,"RDO No. 72 - Roxas City, Capiz is composed of the following City and Munic",025-2021,"October 31, 2021",3RD,:   CAPIZ,DUMARAO,"ONGOL ILAYA, AGLALANA",ALL LOTS,INTERIOR LOTS,RR,Residential - Regular,175.0
raw,"RDO No. 72 - Roxas City, Capiz is composed of the following City and Munic",025-2021,"October 31, 2021",3RD,:   CAPIZ,DUMARAO,POBLACION,ALL OTHER LOTS,WITHIN 1 KM FM. POBLACION,RR,Residential - Regular,1420.0
raw,"RDO No. 72 - Roxas City, Capiz is composed of the following City and Munic",025-2021,"October 31, 2021",3RD,:   CAPIZ,DUMARAO,POBLACION,ALL OTHER LOTS,MORE THAN 1 KM. FROM POB.,RR,Residential - Regular,1410.0
raw,"RDO No. 72 - Roxas City, Capiz is composed of the following City and Munic",,,2ND,:   CAPIZ,DUMARAO,POBLACION,ALL OTHER LOTS,WITHIN 1 KM FM. POBLACION,RR,Residential - Regular,575.0
raw,"RDO No. 72 - Roxas City, Capiz is composed of the following City and Munic",,,2ND,:   CAPIZ,DUMARAO,POBLACION,ALL OTHER LOTS,MORE THAN 1 KM. FROM POB.,RR,Residential - Regular,570.0
raw,"RDO No. 72 - Roxas City, Capiz is composed of the following City and Munic",025-2021,"October 31, 2021",3RD,:   CAPIZ,DUMARAO,POBLACION,ARANQUILLO(ARANCILLO),,RR,Residential - Regular,1450.0
raw,"RDO No. 72 - Roxas City, Capiz is composed of the following City and Munic",,,2ND,:   CAPIZ,DUMARAO,POBLACION,ARANQUILLO(ARANCILLO),,RR,Residential - Regular,590.0
raw,"RDO No. 72 - Roxas City, Capiz is composed of the following City and Munic",025-2021,"October 31, 2021",3RD,:   CAPIZ,DUMARAO,POBLACION,BENJAMINE ST,,RR,Residential - Regular,1450.0
raw,"RDO No. 72 - Roxas City, Capiz is composed of the following City and Munic",,,2ND,:   CAPIZ,DUMARAO,POBLACION,BENJAMINE ST,,RR,Residential - Regular,590.0
raw,"RDO No. 72 - Roxas City, Capiz is composed of the following City and Munic",025-2021,"October 31, 2021",3RD,:   CAPIZ,DUMARAO,POBLACION,BLUMENTRITT ST,NAT'L.RD-PRIVATE CEMETERY,CR,Commercial - Regular,1970.0
raw,"RDO No. 72 - Roxas City, Capiz is composed of the following City and Munic",,,2ND,:   CAPIZ,DUMARAO,POBLACION,BLUMENTRITT ST,NAT'L.RD-PRIVATE CEMETERY,CR,Commercial - Regular,810.0
raw,"RDO No. 72 - Roxas City, Capiz is composed of the following City and Munic",025-2021,"October 31, 2021",3RD,:   CAPIZ,DUMARAO,POBLACION,BONIFACIO ST,NAT'L.RD-PRIVATE CEMETERY,RR,Residential - Regular,1450.0
raw,"RDO No. 72 - Roxas City, Capiz is composed of the following City and Munic",,,2ND,:   CAPIZ,DUMARAO,POBLACION,BONIFACIO ST,NAT'L.RD-PRIVATE CEMETERY,RR,Residential - Regular,590.0
raw,"RDO No. 72 - Roxas City, Capiz is composed of the following City and Munic",025-2021,"October 31, 2021",3RD,:   CAPIZ,DUMARAO,POBLACION,HARRISON,MAPA - BLUMENTRITT,RR,Residential - Regular,1450.0
raw,"RDO No. 72 - Roxas City, Capiz is composed of the following City and Munic",025-2021,"October 31, 2021",3RD,:   CAPIZ,DUMARAO,POBLACION,HARRISON,RIZAL ST.-MERCADO ST.,RR,Residential - Regular,1450.0
raw,"RDO No. 72 - Roxas City, Capiz is composed of the following City and Munic",025-2021,"October 31, 2021",3RD,:   CAPIZ,DUMARAO,POBLACION,HARRISON,BLUMENTRITT-MERCADO ST.,RR,Residential - Regular,1450.0
raw,"RDO No. 72 - Roxas City, Capiz is composed of the following City and Munic",025-2021,"October 31, 2021",3RD,:   CAPIZ,DUMARAO,POBLACION,HARRISON,MERCADO - MAPA ST,CR,Commercial - Regular,1970.0
raw,"RDO No. 72 - Roxas City, Capiz is composed of the following City and Munic",,,2ND,:   CAPIZ,DUMARAO,POBLACION,HARRISON,MAPA - BLUMENTRITT,RR,Residential - Regular,590.0
raw,"RDO No. 72 - Roxas City, Capiz is composed of the following City and Munic",,,2ND,:   CAPIZ,DUMARAO,POBLACION,HARRISON,RIZAL ST.-MERCADO ST.,RR,Residential - Regular,590.0
raw,"RDO No. 72 - Roxas City, Capiz is composed of the following City and Munic",,,2ND,:   CAPIZ,DUMARAO,POBLACION,HARRISON,BLUMENTRITT-MERCADO ST.,RR,Residential - Regular,590.0
raw,"RDO No. 72 - Roxas City, Capiz is composed of the following City and Munic",,,2ND,:   CAPIZ,DUMARAO,POBLACION,HARRISON,MERCADO - MAPA ST,CR,Commercial - Regular,810.0
raw,"RDO No. 72 - Roxas City, Capiz is composed of the following City and Munic",025-2021,"October 31, 2021",3RD,:   CAPIZ,DUMARAO,POBLACION,LAS NIEVES,MERCADO - MAPA ST,RR,Residential - Regular,1450.0
raw,"RDO No. 72 - Roxas City, Capiz is composed of the following City and Munic",,,2ND,:   CAPIZ,DUMARAO,POBLACION,LAS NIEVES,MERCADO - MAPA ST,RR,Residential - Regular,590.0
raw,"RDO No. 72 - Roxas City, Capiz is composed of the following City and Munic",025-2021,"October 31, 2021",3RD,:   CAPIZ,DUMARAO,POBLACION,LOPEZ JAENA,MERCADO - MAPA ST,RR,Residential - Regular,1450.0
raw,"RDO No. 72 - Roxas City, Capiz is composed of the following City and Munic",,,2ND,:   CAPIZ,DUMARAO,POBLACION,LOPEZ JAENA,MERCADO - MAPA ST,RR,Residential - Regular,590.0
raw,"RDO No. 72 - Roxas City, Capiz is composed of the following City and Munic",025-2021,"October 31, 2021",3RD,:   CAPIZ,DUMARAO,POBLACION,LOPEZ ST.,MERCADO - MAPA ST,CR,Commercial - Regular,1970.0
raw,"RDO No. 72 - Roxas City, Capiz is composed of the following City and Munic",,,2ND,:   CAPIZ,DUMARAO,POBLACION,LOPEZ ST.,MERCADO - MAPA ST,CR,Commercial - Regular,810.0
raw,"RDO No. 72 - Roxas City, Capiz is composed of the following City and Munic",025-2021,"October 31, 2021",3RD,:   CAPIZ,DUMARAO,POBLACION,MAPA ST,MERCADO - MAPA ST,CR,Commercial - Regular,1970.0
raw,"RDO No. 72 - Roxas City, Capiz is composed of the following City and Munic",025-2021,"October 31, 2021",3RD,:   CAPIZ,DUMARAO,POBLACION,MAPA ST,MERCADO - MAPA ST,RR,Residential - Regular,1450.0
raw,"RDO No. 72 - Roxas City, Capiz is composed of the following City and Munic",,,2ND,:   CAPIZ,DUMARAO,POBLACION,MAPA ST,MERCADO - MAPA ST,CR,Commercial - Regular,810.0
raw,"RDO No. 72 - Roxas City, Capiz is composed of the following City and Munic",,,2ND,:   CAPIZ,DUMARAO,POBLACION,MAPA ST,MERCADO - MAPA ST,RR,Residential - Regular,590.0
raw,"RDO No. 72 - Roxas City, Capiz is composed of the following City and Munic",025-2021,"October 31, 2021",3RD,:   CAPIZ,DUMARAO,POBLACION,MERCADO ST,MERCADO - MAPA ST,CR,Commercial - Regular,1970.0
raw,"RDO No. 72 - Roxas City, Capiz is composed of the following City and Munic",025-2021,"October 31, 2021",3RD,:   CAPIZ,DUMARAO,POBLACION,MERCADO ST,MERCADO - MAPA ST,RR,Residential - Regular,1450.0
raw,"RDO No. 72 - Roxas City, Capiz is composed of the following City and Munic",,,2ND,:   CAPIZ,DUMARAO,POBLACION,MERCADO ST,MERCADO - MAPA ST,CR,Commercial - Regular,810.0
raw,"RDO No. 72 - Roxas City, Capiz is composed of the following City and Munic",,,2ND,:   CAPIZ,DUMARAO,POBLACION,MERCADO ST,MERCADO - MAPA ST,RR,Residential - Regular,590.0
raw,"RDO No. 72 - Roxas City, Capiz is composed of the following City and Munic",025-2021,"October 31, 2021",3RD,:   CAPIZ,DUMARAO,POBLACION,MH DEL PILAR,RIZAL -RD FRONT' PUB MKT.,CR,Commercial - Regular,1970.0
raw,"RDO No. 72 - Roxas City, Capiz is composed of the following City and Munic",025-2021,"October 31, 2021",3RD,:   CAPIZ,DUMARAO,POBLACION,MH DEL PILAR,RIZAL -RD FRONT' PUB MKT.,RR,Residential - Regular,1450.0
raw,"RDO No. 72 - Roxas City, Capiz is composed of the following City and Munic",025-2021,"October 31, 2021",3RD,:   CAPIZ,DUMARAO,POBLACION,MH DEL PILAR,NAT'L.HIWAY-PUBLIC MKT.,RR,Residential - Regular,1450.0
raw,"RDO No. 72 - Roxas City, Capiz is composed of the following City and Munic",025-2021,"October 31, 2021",3RD,:   CAPIZ,DUMARAO,POBLACION,MH DEL PILAR,OLD PUBLIC MARKET,CR,Commercial - Regular,1970.0
raw,"RDO No. 72 - Roxas City, Capiz is composed of the following City and Munic",025-2021,"October 31, 2021",3RD,:   CAPIZ,DUMARAO,POBLACION,MH DEL PILAR,OLD PUBLIC MARKET,RR,Residential - Regular,1450.0
raw,"RDO No. 72 - Roxas City, Capiz is composed of the following City and Munic",,,2ND,:   CAPIZ,DUMARAO,POBLACION,MH DEL PILAR,RIZAL -RD FRONT' PUB MKT.,CR,Commercial - Regular,810.0
raw,"RDO No. 72 - Roxas City, Capiz is composed of the following City and Munic",,,2ND,:   CAPIZ,DUMARAO,POBLACION,MH DEL PILAR,RIZAL -RD FRONT' PUB MKT.,RR,Residential - Regular,590.0
raw,"RDO No. 72 - Roxas City, Capiz is composed of the following City and Munic",,,2ND,:   CAPIZ,DUMARAO,POBLACION,MH DEL PILAR,NAT'L.HIWAY-PUBLIC MKT.,RR,Residential - Regular,590.0
raw,"RDO No. 72 - Roxas City, Capiz is composed of the following City and Munic",,,2ND,:   CAPIZ,DUMARAO,POBLACION,MH DEL PILAR,OLD PUBLIC MARKET,CR,Commercial - Regular,810.0
raw,"RDO No. 72 - Roxas City, Capiz is composed of the following City and Munic",,,2ND,:   CAPIZ,DUMARAO,POBLACION,MH DEL PILAR,OLD PUBLIC MARKET,RR,Residential - Regular,590.0
raw,"RDO No. 72 - Roxas City, Capiz is composed of the following City and Munic",025-2021,"October 31, 2021",3RD,:   CAPIZ,DUMARAO,POBLACION,NAT'L.ROAD,OLD PUBLIC MARKET,CR,Commercial - Regular,1450.0
raw,"RDO No. 72 - Roxas City, Capiz is composed of the following City and Munic",,,2ND,:   CAPIZ,DUMARAO,POBLACION,NAT'L.ROAD,OLD PUBLIC MARKET,CR,Commercial - Regular,590.0
raw,"RDO No. 72 - Roxas City, Capiz is composed of the following City and Munic",025-2021,"October 31, 2021",3RD,:   CAPIZ,DUMARAO,POBLACION,OSMENA ST,OLD PUBLIC MARKET,RR,Residential - Regular,1450.0
raw,"RDO No. 72 - Roxas City, Capiz is composed of the following City and Munic",,,2ND,:   CAPIZ,DUMARAO,POBLACION,OSMENA ST,OLD PUBLIC MARKET,RR,Residential - Regular,590.0
raw,"RDO No. 72 - Roxas City, Capiz is composed of the following City and Munic",025-2021,"October 31, 2021",3RD,:   CAPIZ,DUMARAO,POBLACION,PALMA ST,OLD PUBLIC MARKET,RR,Residential - Regular,1450.0
raw,"RDO No. 72 - Roxas City, Capiz is composed of the following City and Munic",,,2ND,:   CAPIZ,DUMARAO,POBLACION,PALMA ST,OLD PUBLIC MARKET,RR,Residential - Regular,590.0
raw,"RDO No. 72 - Roxas City, Capiz is composed of the following City and Munic",025-2021,"October 31, 2021",3RD,:   CAPIZ,DUMARAO,POBLACION,PALOMA ST,OLD PUBLIC MARKET,RR,Residential - Regular,1450.0
raw,"RDO No. 72 - Roxas City, Capiz is composed of the following City and Munic",,,2ND,:   CAPIZ,DUMARAO,POBLACION,PALOMA ST,OLD PUBLIC MARKET,RR,Residential - Regular,590.0
raw,"RDO No. 72 - Roxas City, Capiz is composed of the following City and Munic",025-2021,"October 31, 2021",3RD,:   CAPIZ,DUMARAO,POBLACION,PROV'L RD,OLD PUBLIC MARKET,RR,Residential - Regular,1450.0
raw,"RDO No. 72 - Roxas City, Capiz is composed of the following City and Munic",025-2021,"October 31, 2021",3RD,:   CAPIZ,DUMARAO,POBLACION,PROV'L RD,OLD PUBLIC MARKET,CR,Commercial - Regular,1970.0
raw,"RDO No. 72 - Roxas City, Capiz is composed of the following City and Munic",,,2ND,:   CAPIZ,DUMARAO,POBLACION,PROV'L RD,OLD PUBLIC MARKET,RR,Residential - Regular,590.0
raw,"RDO No. 72 - Roxas City, Capiz is composed of the following City and Munic",,,2ND,:   CAPIZ,DUMARAO,POBLACION,PROV'L RD,OLD PUBLIC MARKET,CR,Commercial - Regular,810.0
raw,"RDO No. 72 - Roxas City, Capiz is composed of the following City and Munic",025-2021,"October 31, 2021",3RD,:   CAPIZ,DUMARAO,POBLACION,QUEZON ST,OLD PUBLIC MARKET,RR,Residential - Regular,1450.0
raw,"RDO No. 72 - Roxas City, Capiz is composed of the following City and Munic",,,2ND,:   CAPIZ,DUMARAO,POBLACION,QUEZON ST,OLD PUBLIC MARKET,RR,Residential - Regular,590.0
raw,"RDO No. 72 - Roxas City, Capiz is composed of the following City and Munic",025-2021,"October 31, 2021",3RD,:   CAPIZ,DUMARAO,POBLACION,RIZAL ST.(ROZAL ST),OLD PUBLIC MARKET,RR,Residential - Regular,1450.0
raw,"RDO No. 72 - Roxas City, Capiz is composed of the following City and Munic",025-2021,"October 31, 2021",3RD,:   CAPIZ,DUMARAO,POBLACION,RIZAL ST.(ROZAL ST),OSMENA ST.-M.H.DEL PILAR ST.,CR,Commercial - Regular,1970.0
raw,"RDO No. 72 - Roxas City, Capiz is composed of the following City and Munic",,,2ND,:   CAPIZ,DUMARAO,POBLACION,RIZAL ST.(ROZAL ST),OLD PUBLIC MARKET,RR,Residential - Regular,590.0
raw,"RDO No. 72 - Roxas City, Capiz is composed of the following City and Munic",,,2ND,:   CAPIZ,DUMARAO,POBLACION,RIZAL ST.(ROZAL ST),OLD PUBLIC MARKET,CR,Commercial - Regular,810.0
raw,"RDO No. 72 - Roxas City, Capiz is composed of the following City and Munic",025-2021,"October 31, 2021",3RD,:   CAPIZ,DUMARAO,"SALCEDO, TISLAN",ALL LOTS,NATIONAL ROAD,RR,Residential - Regular,570.0
raw,"RDO No. 72 - Roxas City, Capiz is composed of the following City and Munic",025-2021,"October 31, 2021",3RD,:   CAPIZ,DUMARAO,"SALCEDO, TISLAN",ALL LOTS,NATIONAL ROAD,CR,Commercial - Regular,1180.0
raw,"RDO No. 72 - Roxas City, Capiz is composed of the following City and Munic",025-2021,"October 31, 2021",3RD,:   CAPIZ,DUMARAO,"SALCEDO, TISLAN",ALL LOTS,BARANGAY ROAD,RR,Residential - Regular,380.0
raw,"RDO No. 72 - Roxas City, Capiz is composed of the following City and Munic",025-2021,"October 31, 2021",3RD,:   CAPIZ,DUMARAO,"SALCEDO, TISLAN",ALL LOTS,INTERIOR LOTS,RR,Residential - Regular,260.0
raw,"RDO No. 72 - Roxas City, Capiz is composed of the following City and Munic",,,2ND,:   CAPIZ,DUMARAO,"SIBARIWAN, TUMALALUD, TISLAN",ALL LOTS,NATIONAL ROAD,RR,Residential - Regular,240.0
raw,"RDO No. 72 - Roxas City, Capiz is composed of the following City and Munic",,,2ND,:   CAPIZ,DUMARAO,"SIBARIWAN, TUMALALUD, TISLAN",ALL LOTS,NATIONAL ROAD,CR,Commercial - Regular,500.0
raw,"RDO No. 72 - Roxas City, Capiz is composed of the following City and Munic",,,2ND,:   CAPIZ,DUMARAO,"SIBARIWAN, TUMALALUD, TISLAN",ALL LOTS,BARANGAY ROAD,RR,Residential - Regular,160.0
raw,"RDO No. 72 - Roxas City, Capiz is composed of the following City and Munic",,,2ND,:   CAPIZ,DUMARAO,"SIBARIWAN, TUMALALUD, TISLAN",ALL LOTS,INTERIOR LOTS,RR,Residential - Regular,110.0
raw,"RDO No. 72 - Roxas City, Capiz is composed of the following City and Munic",025-2021,"October 31, 2021",3RD,:   CAPIZ,IVISAN,AGMALOBO,ALL LOTS,ALONG THE ROAD,RR,Residential - Regular,1030.0
raw,"RDO No. 72 - Roxas City, Capiz is composed of the following City and Munic",025-2021,"October 31, 2021",3RD,:   CAPIZ,IVISAN,AGMALOBO,ALL LOTS,INTERIOR LOTS,RR,Residential - Regular,700.0
raw,"RDO No. 72 - Roxas City, Capiz is composed of the following City and Munic",025-2021,"October 31, 2021",3RD,:   CAPIZ,IVISAN,"AGUSTIN NAVARRA, BALADING",ALL LOTS,ALONG THE ROAD,RR,Residential - Regular,960.0
raw,"RDO No. 72 - Roxas City, Capiz is composed of the following City and Munic",025-2021,"October 31, 2021",3RD,:   CAPIZ,IVISAN,"AGUSTIN NAVARRA, BALADING",ALL LOTS,INTERIOR LOTS,RR,Residential - Regular,660.0
raw,"RDO No. 72 - Roxas City, Capiz is composed of the following City and Munic",025-2021,"October 31, 2021",3RD,:   CAPIZ,IVISAN,ALL BARANGAYS (AGRICULTURAL LAND),ALL LOTS,,A1,Agricultural - A1,110.0
raw,"RDO No. 72 - Roxas City, Capiz is composed of the following City and Munic",025-2021,"October 31, 2021",3RD,:   CAPIZ,IVISAN,ALL BARANGAYS (AGRICULTURAL LAND),ALL LOTS,,A2,Agricultural - A2,90.0
raw,"RDO No. 72 - Roxas City, Capiz is composed of the following City and Munic",025-2021,"October 31, 2021",3RD,:   CAPIZ,IVISAN,ALL BARANGAYS (AGRICULTURAL LAND),ALL LOTS,,A3,Agricultural - A3,60.0
raw,"RDO No. 72 - Roxas City, Capiz is composed of the following City and Munic",025-2021,"October 31, 2021",3RD,:   CAPIZ,IVISAN,ALL BARANGAYS (AGRICULTURAL LAND),ALL LOTS,,A4,Agricultural - A4,70.0
raw,"RDO No. 72 - Roxas City, Capiz is composed of the following City and Munic",025-2021,"October 31, 2021",3RD,:   CAPIZ,IVISAN,ALL BARANGAYS (AGRICULTURAL LAND),ALL LOTS,,A6,Agricultural - A6,130.0
raw,"RDO No. 72 - Roxas City, Capiz is composed of the following City and Munic",025-2021,"October 31, 2021",3RD,:   CAPIZ,IVISAN,ALL BARANGAYS (AGRICULTURAL LAND),ALL LOTS,,A7,Agricultural - A7,50.0
raw,"RDO No. 72 - Roxas City, Capiz is composed of the following City and Munic",025-2021,"October 31, 2021",3RD,:   CAPIZ,IVISAN,ALL BARANGAYS (AGRICULTURAL LAND),ALL LOTS,,A8,Agricultural - A8,50.0
raw,"RDO No. 72 - Roxas City, Capiz is composed of the following City and Munic",025-2021,"October 31, 2021",3RD,:   CAPIZ,IVISAN,ALL BARANGAYS (AGRICULTURAL LAND),ALL LOTS,,A10,Agricultural - A10,40.0
raw,"RDO No. 72 - Roxas City, Capiz is composed of the following City and Munic",025-2021,"October 31, 2021",3RD,:   CAPIZ,IVISAN,ALL BARANGAYS (AGRICULTURAL LAND),ALL LOTS,,A12,Agricultural - A12,30.0
raw,"RDO No. 72 - Roxas City, Capiz is composed of the following City and Munic",025-2021,"October 31, 2021",3RD,:   CAPIZ,IVISAN,ALL BARANGAYS (AGRICULTURAL LAND),ALL LOTS,,A15,Agricultural - A15,40.0
raw,"RDO No. 72 - Roxas City, Capiz is composed of the following City and Munic",025-2021,"October 31, 2021",3RD,:   CAPIZ,IVISAN,ALL BARANGAYS (AGRICULTURAL LAND),ALL LOTS,,A16,Agricultural - A16,50.0
raw,"RDO No. 72 - Roxas City, Capiz is composed of the following City and Munic",025-2021,"October 31, 2021",3RD,:   CAPIZ,IVISAN,ALL BARANGAYS (AGRICULTURAL LAND),ALL LOTS,,A17,Agricultural - A17,70.0
raw,"RDO No. 72 - Roxas City, Capiz is composed of the following City and Munic",025-2021,"October 31, 2021",3RD,:   CAPIZ,IVISAN,ALL BARANGAYS (AGRICULTURAL LAND),ALL LOTS,,A26,Agricultural - A26,30.0
raw,"RDO No. 72 - Roxas City, Capiz is composed of the following City and Munic",025-2021,"October 31, 2021",3RD,:   CAPIZ,IVISAN,ALL BARANGAYS (AGRICULTURAL LAND),ALL LOTS,,A36,Agricultural - A36,40.0
raw,"RDO No. 72 - Roxas City, Capiz is composed of the following City and Munic",025-2021,"October 31, 2021",3RD,:   CAPIZ,IVISAN,ALL BARANGAYS (AGRICULTURAL LAND),ALL LOTS,,A50,Agricultural - A50,30.0
raw,"RDO No. 72 - Roxas City, Capiz is composed of the following City and Munic",025-2021,"October 31, 2021",3RD,:   CAPIZ,IVISAN,ALL BARANGAYS (AGRICULTURAL LAND),ALL LOTS,,A49,Agricultural - A49,30.0
raw,"RDO No. 72 - Roxas City, Capiz is composed of the following City and Munic",,,2ND,:   CAPIZ,IVISAN,ALL BARANGAYS (AGRICULTURAL LAND),ALL LOTS,,A1,Agricultural - A1,30.0
raw,"RDO No. 72 - Roxas City, Capiz is composed of the following City and Munic",,,2ND,:   CAPIZ,IVISAN,ALL BARANGAYS (AGRICULTURAL LAND),ALL LOTS,,A2,Agricultural - A2,23.0
raw,"RDO No. 72 - Roxas City, Capiz is composed of the following City and Munic",,,2ND,:   CAPIZ,IVISAN,ALL BARANGAYS (AGRICULTURAL LAND),ALL LOTS,,A3,Agricultural - A3,16.0
raw,"RDO No. 72 - Roxas City, Capiz is composed of the following City and Munic",,,2ND,:   CAPIZ,IVISAN,ALL BARANGAYS (AGRICULTURAL LAND),ALL LOTS,,A4,Agricultural - A4,19.0
raw,"RDO No. 72 - Roxas City, Capiz is composed of the following City and Munic",,,2ND,:   CAPIZ,IVISAN,ALL BARANGAYS (AGRICULTURAL LAND),ALL LOTS,,A6,Agricultural - A6,35.0
raw,"RDO No. 72 - Roxas City, Capiz is composed of the following City and Munic",,,2ND,:   CAPIZ,IVISAN,ALL BARANGAYS (AGRICULTURAL LAND),ALL LOTS,,A7,Agricultural - A7,12.0
raw,"RDO No. 72 - Roxas City, Capiz is composed of the following City and Munic",,,2ND,:   CAPIZ,IVISAN,ALL BARANGAYS (AGRICULTURAL LAND),ALL LOTS,,A8,Agricultural - A8,14.0
raw,"RDO No. 72 - Roxas City, Capiz is composed of the following City and Munic",,,2ND,:   CAPIZ,IVISAN,ALL BARANGAYS (AGRICULTURAL LAND),ALL LOTS,,A10,Agricultural - A10,17.0
raw,"RDO No. 72 - Roxas City, Capiz is composed of the following City and Munic",,,2ND,:   CAPIZ,IVISAN,ALL BARANGAYS (AGRICULTURAL LAND),ALL LOTS,,A12,Agricultural - A12,11.0
raw,"RDO No. 72 - Roxas City, Capiz is composed of the following City and Munic",,,2ND,:   CAPIZ,IVISAN,ALL BARANGAYS (AGRICULTURAL LAND),ALL LOTS,,A15,Agricultural - A15,9.0
raw,"RDO No. 72 - Roxas City, Capiz is composed of the following City and Munic",,,2ND,:   CAPIZ,IVISAN,ALL BARANGAYS (AGRICULTURAL LAND),ALL LOTS,,A16,Agricultural - A16,12.0
raw,"RDO No. 72 - Roxas City, Capiz is composed of the following City and Munic",,,2ND,:   CAPIZ,IVISAN,ALL BARANGAYS (AGRICULTURAL LAND),ALL LOTS,,A17,Agricultural - A17,18.0
raw,"RDO No. 72 - Roxas City, Capiz is composed of the following City and Munic",,,2ND,:   CAPIZ,IVISAN,ALL BARANGAYS (AGRICULTURAL LAND),ALL LOTS,,A26,Agricultural - A26,11.0
raw,"RDO No. 72 - Roxas City, Capiz is composed of the following City and Munic",,,2ND,:   CAPIZ,IVISAN,ALL BARANGAYS (AGRICULTURAL LAND),ALL LOTS,,A36,Agricultural - A36,10.0
raw,"RDO No. 72 - Roxas City, Capiz is composed of the following City and Munic",,,2ND,:   CAPIZ,IVISAN,ALL BARANGAYS (AGRICULTURAL LAND),ALL LOTS,,A50,Agricultural - A50,9.0
raw,"RDO No. 72 - Roxas City, Capiz is composed of the following City and Munic",,,2ND,:   CAPIZ,IVISAN,ALL BARANGAYS (AGRICULTURAL LAND),ALL LOTS,,A49,Agricultural - A49,7.5
raw,"RDO No. 72 - Roxas City, Capiz is composed of the following City and Munic",,,2ND,:   CAPIZ,IVISAN,"BADIANGON, BAYUYAN, CABUGCABUG",ALL LOTS,ALONG THE ROAD,RR,Residential - Regular,300.0
raw,"RDO No. 72 - Roxas City, Capiz is composed of the following City and Munic",,,2ND,:   CAPIZ,IVISAN,"BADIANGON, BAYUYAN, CABUGCABUG",ALL LOTS,INTERIOR LOTS,RR,Residential - Regular,200.0
raw,"RDO No. 72 - Roxas City, Capiz is composed of the following City and Munic",025-2021,"October 31, 2021",3RD,:   CAPIZ,IVISAN,"BASIAO, CABUGAO",ALL LOTS,ALONG THE ROAD,RR,Residential - Regular,960.0
raw,"RDO No. 72 - Roxas City, Capiz is composed of the following City and Munic",025-2021,"October 31, 2021",3RD,:   CAPIZ,IVISAN,"BASIAO, CABUGAO",ALL LOTS,INTERIOR LOTS,RR,Residential - Regular,660.0
raw,"RDO No. 72 - Roxas City, Capiz is composed of the following City and Munic",,,2ND,:   CAPIZ,IVISAN,"BASIAO, CABUGAO, CUDIAN, ILAYA-IVISAN",ALL LOTS,ALONG THE ROAD,RR,Residential - Regular,300.0
raw,"RDO No. 72 - Roxas City, Capiz is composed of the following City and Munic",,,2ND,:   CAPIZ,IVISAN,"BASIAO, CABUGAO, CUDIAN, ILAYA-IVISAN",ALL LOTS,INTERIOR LOTS,RR,Residential - Regular,200.0
raw,"RDO No. 72 - Roxas City, Capiz is composed of the following City and Munic",025-2021,"October 31, 2021",3RD,:   CAPIZ,IVISAN,"CUDIAN, STA. CRUZ, ONDOY, ILAYA-IVISAN, MALOCLOC NORTE",ALL LOTS,ALONG THE ROAD,RR,Residential - Regular,760.0
raw,"RDO No. 72 - Roxas City, Capiz is composed of the following City and Munic",025-2021,"October 31, 2021",3RD,:   CAPIZ,IVISAN,"CUDIAN, STA. CRUZ, ONDOY, ILAYA-IVISAN, MALOCLOC NORTE",ALL LOTS,INTERIOR LOTS,RR,Residential - Regular,520.0
raw,"RDO No. 72 - Roxas City, Capiz is composed of the following City and Munic",,,2ND,:   CAPIZ,IVISAN,"MALOCLOC NORTE, MALOCLOC SUR, MATNOG, MIANAY, ONDOY, STA. CRUZ",ALL LOTS,ALONG THE ROAD,RR,Residential - Regular,300.0
raw,"RDO No. 72 - Roxas City, Capiz is composed of the following City and Munic",,,2ND,:   CAPIZ,IVISAN,"MALOCLOC NORTE, MALOCLOC SUR, MATNOG, MIANAY, ONDOY, STA. CRUZ",ALL LOTS,INTERIOR LOTS,RR,Residential - Regular,200.0
raw,"RDO No. 72 - Roxas City, Capiz is composed of the following City and Munic",025-2021,"October 31, 2021",3RD,:   CAPIZ,IVISAN,"MALOCLOC SUR, MIANAY, AGMALOBO, MATNOG",ALL LOTS,ALONG THE ROAD,RR,Residential - Regular,1030.0
raw,"RDO No. 72 - Roxas City, Capiz is composed of the following City and Munic",025-2021,"October 31, 2021",3RD,:   CAPIZ,IVISAN,"MALOCLOC SUR, MIANAY, AGMALOBO, MATNOG",ALL LOTS,INTERIOR LOTS,RR,Residential - Regular,700.0
raw,"RDO No. 72 - Roxas City, Capiz is composed of the following City and Munic",025-2021,"October 31, 2021",3RD,:   CAPIZ,IVISAN,POBLACION NORTE,A. BONIFACIO ST,,CR,Commercial - Regular,3340.0
raw,"RDO No. 72 - Roxas City, Capiz is composed of the following City and Munic",,,2ND,:   CAPIZ,IVISAN,POBLACION NORTE,A. BONIFACIO ST,,CR,Commercial - Regular,950.0
raw,"RDO No. 72 - Roxas City, Capiz is composed of the following City and Munic",025-2021,"October 31, 2021",3RD,:   CAPIZ,IVISAN,POBLACION NORTE,ALL OTHER STREET,BALIJUAGAN T-FEGARIDO ST,CR,Commercial - Regular,3190.0
raw,"RDO No. 72 - Roxas City, Capiz is composed of the following City and Munic",025-2021,"October 31, 2021",3RD,:   CAPIZ,IVISAN,POBLACION NORTE,ALL OTHER STREET,BALIJUAGAN T-FEGARIDO ST,RR,Residential - Regular,2450.0
raw,"RDO No. 72 - Roxas City, Capiz is composed of the following City and Munic",,,2ND,:   CAPIZ,IVISAN,POBLACION NORTE,ALL OTHER STREET,BALIJUAGAN ST-FEGARIDO ST,CR,Commercial - Regular,900.0
raw,"RDO No. 72 - Roxas City, Capiz is composed of the following City and Munic",,,2ND,:   CAPIZ,IVISAN,POBLACION NORTE,ALL OTHER STREET,BALIJUAGAN ST-FEGARIDO ST,RR,Residential - Regular,850.0
raw,"RDO No. 72 - Roxas City, Capiz is composed of the following City and Munic",025-2021,"October 31, 2021",3RD,:   CAPIZ,IVISAN,POBLACION NORTE,"COG.C.T. VILLAREAL, SR.",,CR,Commercial - Regular,3340.0
raw,"RDO No. 72 - Roxas City, Capiz is composed of the following City and Munic",,,2ND,:   CAPIZ,IVISAN,POBLACION NORTE,"COG.C.T. VILLAREAL, SR.",,CR,Commercial - Regular,950.0
raw,"RDO No. 72 - Roxas City, Capiz is composed of the following City and Munic",025-2021,"October 31, 2021",3RD,:   CAPIZ,IVISAN,POBLACION NORTE,M.H. DEL PILAR ST,,RR,Residential - Regular,2410.0
raw,"RDO No. 72 - Roxas City, Capiz is composed of the following City and Munic",,,2ND,:   CAPIZ,IVISAN,POBLACION NORTE,M.H. DEL PILAR ST,,RR,Residential - Regular,750.0
raw,"RDO No. 72 - Roxas City, Capiz is composed of the following City and Munic",025-2021,"October 31, 2021",3RD,:   CAPIZ,IVISAN,POBLACION NORTE,MASGR. FERGANDO ST,,RR,Residential - Regular,2410.0
raw,"RDO No. 72 - Roxas City, Capiz is composed of the following City and Munic",,,2ND,:   CAPIZ,IVISAN,POBLACION NORTE,MASGR. FERGANDO ST,,RR,Residential - Regular,750.0
raw,"RDO No. 72 - Roxas City, Capiz is composed of the following City and Munic",025-2021,"October 31, 2021",3RD,:   CAPIZ,IVISAN,POBLACION NORTE,NATIONAL ROAD,,CR,Commercial - Regular,3190.0
raw,"RDO No. 72 - Roxas City, Capiz is composed of the following City and Munic",025-2021,"October 31, 2021",3RD,:   CAPIZ,IVISAN,POBLACION NORTE,NATIONAL ROAD,,RR,Residential - Regular,2410.0
raw,"RDO No. 72 - Roxas City, Capiz is composed of the following City and Munic",,,2ND,:   CAPIZ,IVISAN,POBLACION NORTE,NATIONAL ROAD,,CR,Commercial - Regular,900.0
raw,"RDO No. 72 - Roxas City, Capiz is composed of the following City and Munic",,,2ND,:   CAPIZ,IVISAN,POBLACION NORTE,NATIONAL ROAD,,RR,Residential - Regular,750.0
raw,"RDO No. 72 - Roxas City, Capiz is composed of the following City and Munic",025-2021,"October 31, 2021",3RD,:   CAPIZ,IVISAN,POBLACION NORTE,NATIONAL ROAD-ROXAS,,CR,Commercial - Regular,3340.0
raw,"RDO No. 72 - Roxas City, Capiz is composed of the following City and Munic",,,2ND,:   CAPIZ,IVISAN,POBLACION NORTE,NATIONAL ROAD-ROXAS,,CR,Commercial - Regular,950.0
raw,"RDO No. 72 - Roxas City, Capiz is composed of the following City and Munic",025-2021,"October 31, 2021",3RD,:   CAPIZ,IVISAN,POBLACION NORTE,PROCESSIONAL ST,A. BONIFACIO ST-MH DEL PILAR ST,RR,Residential - Regular,2410.0
raw,"RDO No. 72 - Roxas City, Capiz is composed of the following City and Munic",025-2021,"October 31, 2021",3RD,:   CAPIZ,IVISAN,POBLACION NORTE,PROCESSIONAL ST,BALIJUAGAN T-FEGARIDO ST,RR,Residential - Regular,2410.0
raw,"RDO No. 72 - Roxas City, Capiz is composed of the following City and Munic",,,2ND,:   CAPIZ,IVISAN,POBLACION NORTE,PROCESSIONAL ST,A. BONIFACIO ST-MH DEL PILAR ST,RR,Residential - Regular,750.0
raw,"RDO No. 72 - Roxas City, Capiz is composed of the following City and Munic",,,2ND,:   CAPIZ,IVISAN,POBLACION NORTE,PROCESSIONAL ST,BALIJUAGAN ST-FEGARIDO ST,RR,Residential - Regular,750.0
raw,"RDO No. 72 - Roxas City, Capiz is composed of the following City and Munic",025-2021,"October 31, 2021",3RD,:   CAPIZ,IVISAN,POBLACION NORTE,PROVINCIAL ROAD,,RR,Residential - Regular,2360.0
raw,"RDO No. 72 - Roxas City, Capiz is composed of the following City and Munic",,,2ND,:   CAPIZ,IVISAN,POBLACION NORTE,PROVINCIAL ROAD,,RR,Residential - Regular,650.0
raw,"RDO No. 72 - Roxas City, Capiz is composed of the following City and Munic",025-2021,"October 31, 2021",3RD,:   CAPIZ,IVISAN,POBLACION NORTE,QUEZON ST,,RR,Residential - Regular,2410.0
raw,"RDO No. 72 - Roxas City, Capiz is composed of the following City and Munic",,,2ND,:   CAPIZ,IVISAN,POBLACION NORTE,QUEZON ST,,RR,Residential - Regular,750.0
raw,"RDO No. 72 - Roxas City, Capiz is composed of the following City and Munic",025-2021,"October 31, 2021",3RD,:   CAPIZ,IVISAN,POBLACION NORTE,ROXAS CITY,,CR,Commercial - Regular,3340.0
raw,"RDO No. 72 - Roxas City, Capiz is composed of the following City and Munic",,,2ND,:   CAPIZ,IVISAN,POBLACION NORTE,ROXAS CITY,,CR,Commercial - Regular,950.0
raw,"RDO No. 72 - Roxas City, Capiz is composed of the following City and Munic",025-2021,"October 31, 2021",3RD,:   CAPIZ,IVISAN,POBLACION NORTE,VIA LOCTUGAN,,RR,Residential - Regular,2460.0
raw,"RDO No. 72 - Roxas City, Capiz is composed of the following City and Munic",,,2ND,:   CAPIZ,IVISAN,POBLACION NORTE,VIA LOCTUGAN,,RR,Residential - Regular,850.0
raw,"RDO No. 72 - Roxas City, Capiz is composed of the following City and Munic",025-2021,"October 31, 2021",3RD,:   CAPIZ,IVISAN,POBLACION NORTE,ZAMORA ST,,CR,Commercial - Regular,3340.0
raw,"RDO No. 72 - Roxas City, Capiz is composed of the following City and Munic",,,2ND,:   CAPIZ,IVISAN,POBLACION NORTE,ZAMORA ST,,CR,Commercial - Regular,950.0
raw,"RDO No. 72 - Roxas City, Capiz is composed of the following City and Munic",025-2021,"October 31, 2021",3RD,:   CAPIZ,IVISAN,POBLACION SUR,ADVINCULA ST,,RR,Residential - Regular,2160.0
raw,"RDO No. 72 - Roxas City, Capiz is composed of the following City and Munic",,,2ND,:   CAPIZ,IVISAN,POBLACION SUR,ADVINCULA ST,,RR,Residential - Regular,750.0
raw,"RDO No. 72 - Roxas City, Capiz is composed of the following City and Munic",025-2021,"October 31, 2021",3RD,:   CAPIZ,IVISAN,POBLACION SUR,ALL OTHER LOTS,SIGMA-SAPIAN-ROXAS,RR,Residential - Regular,2060.0
raw,"RDO No. 72 - Roxas City, Capiz is composed of the following City and Munic",025-2021,"October 31, 2021",3RD,:   CAPIZ,IVISAN,POBLACION SUR,ALL OTHER LOTS,INTERIOR LOTS,RR,Residential - Regular,1320.0
raw,"RDO No. 72 - Roxas City, Capiz is composed of the following City and Munic",,,2ND,:   CAPIZ,IVISAN,POBLACION SUR,ALL OTHER LOTS,SIGMA-SAPIAN-ROXAS,RR,Residential - Regular,550.0
raw,"RDO No. 72 - Roxas City, Capiz is composed of the following City and Munic",,,2ND,:   CAPIZ,IVISAN,POBLACION SUR,ALL OTHER LOTS,INTERIOR LOTS,RR,Residential - Regular,350.0
raw,"RDO No. 72 - Roxas City, Capiz is composed of the following City and Munic",025-2021,"October 31, 2021",3RD,:   CAPIZ,IVISAN,POBLACION SUR,FEDDER ROAD,,RR,Residential - Regular,2160.0
raw,"RDO No. 72 - Roxas City, Capiz is composed of the following City and Munic",,,2ND,:   CAPIZ,IVISAN,POBLACION SUR,FEDDER ROAD,,RR,Residential - Regular,750.0
raw,"RDO No. 72 - Roxas City, Capiz is composed of the following City and Munic",025-2021,"October 31, 2021",3RD,:   CAPIZ,IVISAN,POBLACION SUR,GEN. LUNA ST,,RR,Residential - Regular,2160.0
raw,"RDO No. 72 - Roxas City, Capiz is composed of the following City and Munic",,,2ND,:   CAPIZ,IVISAN,POBLACION SUR,GEN. LUNA ST,,RR,Residential - Regular,750.0
raw,"RDO No. 72 - Roxas City, Capiz is composed of the following City and Munic",025-2021,"October 31, 2021",3RD,:   CAPIZ,IVISAN,POBLACION SUR,HONORIO ST,,RR,Residential - Regular,2210.0
raw,"RDO No. 72 - Roxas City, Capiz is composed of the following City and Munic",,,2ND,:   CAPIZ,IVISAN,POBLACION SUR,HONORIO ST,,RR,Residential - Regular,850.0
raw,"RDO No. 72 - Roxas City, Capiz is composed of the following City and Munic",025-2021,"October 31, 2021",3RD,:   CAPIZ,IVISAN,POBLACION SUR,NATIONAL ROAD,SIGMA-SAPIAN-ROXAS,RR,Residential - Regular,2210.0
raw,"RDO No. 72 - Roxas City, Capiz is composed of the following City and Munic",025-2021,"October 31, 2021",3RD,:   CAPIZ,IVISAN,POBLACION SUR,NATIONAL ROAD,SIGMA-SAPIAN-ROXAS,CR,Commercial - Regular,3190.0
raw,"RDO No. 72 - Roxas City, Capiz is composed of the following City and Munic",025-2021,"October 31, 2021",3RD,:   CAPIZ,IVISAN,POBLACION SUR,NATIONAL ROAD,SIGMA-SAPIAN-ROXAS,GP,General Purpose,1200.0
raw,"RDO No. 72 - Roxas City, Capiz is composed of the following City and Munic",025-2021,"October 31, 2021",3RD,:   CAPIZ,IVISAN,POBLACION SUR,NATIONAL ROAD,SIGMA-SAPIAN-ROXAS,A50,Agricultural - A50,23.0
raw,"RDO No. 72 - Roxas City, Capiz is composed of the following City and Munic",,,2ND,:   CAPIZ,IVISAN,POBLACION SUR,NATIONAL ROAD,SIGMA-SAPIAN-ROXAS,RR,Residential - Regular,850.0
raw,"RDO No. 72 - Roxas City, Capiz is composed of the following City and Munic",025-2021,"October 31, 2021",3RD,:   CAPIZ,IVISAN,POBLACION SUR,PISUENA ST,,RR,Residential - Regular,2160.0
raw,"RDO No. 72 - Roxas City, Capiz is composed of the following City and Munic",,,2ND,:   CAPIZ,IVISAN,POBLACION SUR,PISUENA ST,,RR,Residential - Regular,750.0
raw,"RDO No. 72 - Roxas City, Capiz is composed of the following City and Munic",025-2021,"October 31, 2021",3RD,:   CAPIZ,IVISAN,POBLACION SUR,PROVINCIAL ROAD,,RR,Residential - Regular,2150.0
raw,"RDO No. 72 - Roxas City, Capiz is composed of the following City and Munic",,,2ND,:   CAPIZ,IVISAN,POBLACION SUR,PROVINCIAL ROAD,,RR,Residential - Regular,650.0
raw,"RDO No. 72 - Roxas City, Capiz is composed of the following City and Munic",025-2021,"October 31, 2021",3RD,:   CAPIZ,IVISAN,POBLACION SUR,RIZAL ST,,RR,Residential - Regular,2160.0
raw,"RDO No. 72 - Roxas City, Capiz is composed of the following City and Munic",,,2ND,:   CAPIZ,IVISAN,POBLACION SUR,RIZAL ST,,RR,Residential - Regular,750.0
raw,"RDO No. 72 - Roxas City, Capiz is composed of the following City and Munic",025-2021,"October 31, 2021",3RD,:   CAPIZ,IVISAN,POBLACION SUR,WASHINGTON ST,,RR,Residential - Regular,2160.0
raw,"RDO No. 72 - Roxas City, Capiz is composed of the following City and Munic",,,2ND,:   CAPIZ,IVISAN,POBLACION SUR,WASHINGTON ST,,RR,Residential - Regular,750.0
raw,"RDO No. 72 - Roxas City, Capiz is composed of the following City and Munic",,,2ND,:   CAPIZ,JAMINDAN,"AGAMBULONG, AGBUN-OD, AGLIBACAO, AGLOLOWAY, BAYE-BAYE, CARIDAD",ALL LOTS,ROADS WITHIN 1KM FROM POBLACION,RR,Residential - Regular,180.0
raw,"RDO No. 72 - Roxas City, Capiz is composed of the following City and Munic",,,2ND,:   CAPIZ,JAMINDAN,"AGAMBULONG, AGBUN-OD, AGLIBACAO, AGLOLOWAY, BAYE-BAYE, CARIDAD",ALL LOTS,ROAD MORE THAN 1KM FROM POBLACION,RR,Residential - Regular,125.0
raw,"RDO No. 72 - Roxas City, Capiz is composed of the following City and Munic",,,2ND,:   CAPIZ,JAMINDAN,"AGAMBULONG, AGBUN-OD, AGLIBACAO, AGLOLOWAY, BAYE-BAYE, CARIDAD",ALL LOTS,INTERIOR LOTS,RR,Residential - Regular,90.0
raw,"RDO No. 72 - Roxas City, Capiz is composed of the following City and Munic",025-2021,"October 31, 2021",3RD,:   CAPIZ,JAMINDAN,"AGAMBULONG, ESPERANZA , JAGNAYA, LAPAZ, CARIDAD, PANGABUAN, STO ROSARIO , SAN JOSE , SAN VICENTE, FE",ALL LOTS,*ALONG PROVINCIAL ROAD,RR,Residential - Regular,780.0
raw,"RDO No. 72 - Roxas City, Capiz is composed of the following City and Munic",,,2ND,:   CAPIZ,JAMINDAN,AGCACAY,ALL LOTS,ALONG BARANGAY ROAD,RR,Residential - Regular,180.0
raw,"RDO No. 72 - Roxas City, Capiz is composed of the following City and Munic",,,2ND,:   CAPIZ,JAMINDAN,AGCACAY,ALL LOTS,INTERIOR LOTS,RR,Residential - Regular,125.0
raw,"RDO No. 72 - Roxas City, Capiz is composed of the following City and Munic",,,2ND,:   CAPIZ,JAMINDAN,AGCACAY,ALL OTHER LOTS,INTERIOR LOTS,RR,Residential - Regular,90.0
raw,"RDO No. 72 - Roxas City, Capiz is composed of the following City and Munic",025-2021,"October 31, 2021",3RD,:   CAPIZ,JAMINDAN,"AGCACAY, BAYE BAYE, PANGABAT, AGLIBACAO",ALL LOTS,*ROADS WITHIN 1KM POBLACION TO BAYE BAYE,CR,Commercial - Regular,2200.0
raw,"RDO No. 72 - Roxas City, Capiz is composed of the following City and Munic",025-2021,"October 31, 2021",3RD,:   CAPIZ,JAMINDAN,"AGCACAY, BAYE BAYE, PANGABAT, AGLIBACAO",ALL LOTS,*ROADS MORE THAN 1KM POBLACION TO BAYE BAYE,RR,Residential - Regular,620.0
raw,"RDO No. 72 - Roxas City, Capiz is composed of the following City and Munic",025-2021,"October 31, 2021",3RD,:   CAPIZ,JAMINDAN,"AGCACAY, BAYE BAYE, PANGABAT, AGLIBACAO",ALL LOTS,*INTERIOR LOTS,RR,Residential - Regular,460.0
raw,"RDO No. 72 - Roxas City, Capiz is composed of the following City and Munic",025-2021,"October 31, 2021",3RD,:   CAPIZ,JAMINDAN,ALL BARANGAYS (AGRICULTURAL LAND),ALL LOTS,,A1,Agricultural - A1,80.0
raw,"RDO No. 72 - Roxas City, Capiz is composed of the following City and Munic",025-2021,"October 31, 2021",3RD,:   CAPIZ,JAMINDAN,ALL BARANGAYS (AGRICULTURAL LAND),ALL LOTS,,A2,Agricultural - A2,70.0
raw,"RDO No. 72 - Roxas City, Capiz is composed of the following City and Munic",025-2021,"October 31, 2021",3RD,:   CAPIZ,JAMINDAN,ALL BARANGAYS (AGRICULTURAL LAND),ALL LOTS,,A3,Agricultural - A3,60.0
raw,"RDO No. 72 - Roxas City, Capiz is composed of the following City and Munic",025-2021,"October 31, 2021",3RD,:   CAPIZ,JAMINDAN,ALL BARANGAYS (AGRICULTURAL LAND),ALL LOTS,,A4,Agricultural - A4,50.0
raw,"RDO No. 72 - Roxas City, Capiz is composed of the following City and Munic",025-2021,"October 31, 2021",3RD,:   CAPIZ,JAMINDAN,ALL BARANGAYS (AGRICULTURAL LAND),ALL LOTS,,A7,Agricultural - A7,50.0
raw,"RDO No. 72 - Roxas City, Capiz is composed of the following City and Munic",025-2021,"October 31, 2021",3RD,:   CAPIZ,JAMINDAN,ALL BARANGAYS (AGRICULTURAL LAND),ALL LOTS,,A9,Agricultural - A9,50.0
raw,"RDO No. 72 - Roxas City, Capiz is composed of the following City and Munic",025-2021,"October 31, 2021",3RD,:   CAPIZ,JAMINDAN,ALL BARANGAYS (AGRICULTURAL LAND),ALL LOTS,,A10,Agricultural - A10,40.0
raw,"RDO No. 72 - Roxas City, Capiz is composed of the following City and Munic",025-2021,"October 31, 2021",3RD,:   CAPIZ,JAMINDAN,ALL BARANGAYS (AGRICULTURAL LAND),ALL LOTS,,A15,Agricultural - A15,50.0
raw,"RDO No. 72 - Roxas City, Capiz is composed of the following City and Munic",025-2021,"October 31, 2021",3RD,:   CAPIZ,JAMINDAN,ALL BARANGAYS (AGRICULTURAL LAND),ALL LOTS,,A16,Agricultural - A16,50.0
raw,"RDO No. 72 - Roxas City, Capiz is composed of the following City and Munic",025-2021,"October 31, 2021",3RD,:   CAPIZ,JAMINDAN,ALL BARANGAYS (AGRICULTURAL LAND),ALL LOTS,,A17,Agricultural - A17,60.0
raw,"RDO No. 72 - Roxas City, Capiz is composed of the following City and Munic",025-2021,"October 31, 2021",3RD,:   CAPIZ,JAMINDAN,ALL BARANGAYS (AGRICULTURAL LAND),ALL LOTS,,A26,Agricultural - A26,50.0
raw,"RDO No. 72 - Roxas City, Capiz is composed of the following City and Munic",025-2021,"October 31, 2021",3RD,:   CAPIZ,JAMINDAN,ALL BARANGAYS (AGRICULTURAL LAND),ALL LOTS,,A36,Agricultural - A36,40.0
raw,"RDO No. 72 - Roxas City, Capiz is composed of the following City and Munic",025-2021,"October 31, 2021",3RD,:   CAPIZ,JAMINDAN,ALL BARANGAYS (AGRICULTURAL LAND),ALL LOTS,,A49,Agricultural - A49,40.0
raw,"RDO No. 72 - Roxas City, Capiz is composed of the following City and Munic",025-2021,"October 31, 2021",3RD,:   CAPIZ,JAMINDAN,ALL BARANGAYS (AGRICULTURAL LAND),ALL LOTS,,A50,Agricultural - A50,40.0
raw,"RDO No. 72 - Roxas City, Capiz is composed of the following City and Munic",,,2ND,:   CAPIZ,JAMINDAN,ALL BARANGAYS (AGRICULTURAL LAND),ALL LOTS,,A1,Agricultural - A1,20.0
raw,"RDO No. 72 - Roxas City, Capiz is composed of the following City and Munic",,,2ND,:   CAPIZ,JAMINDAN,ALL BARANGAYS (AGRICULTURAL LAND),ALL LOTS,,A2,Agricultural - A2,17.0
raw,"RDO No. 72 - Roxas City, Capiz is composed of the following City and Munic",,,2ND,:   CAPIZ,JAMINDAN,ALL BARANGAYS (AGRICULTURAL LAND),ALL LOTS,,A3,Agricultural - A3,13.0
raw,"RDO No. 72 - Roxas City, Capiz is composed of the following City and Munic",,,2ND,:   CAPIZ,JAMINDAN,ALL BARANGAYS (AGRICULTURAL LAND),ALL LOTS,,A4,Agricultural - A4,14.0
raw,"RDO No. 72 - Roxas City, Capiz is composed of the following City and Munic",,,2ND,:   CAPIZ,JAMINDAN,ALL BARANGAYS (AGRICULTURAL LAND),ALL LOTS,,A7,Agricultural - A7,13.0
raw,"RDO No. 72 - Roxas City, Capiz is composed of the following City and Munic",,,2ND,:   CAPIZ,JAMINDAN,ALL BARANGAYS (AGRICULTURAL LAND),ALL LOTS,,A9,Agricultural - A9,13.0
raw,"RDO No. 72 - Roxas City, Capiz is composed of the following City and Munic",,,2ND,:   CAPIZ,JAMINDAN,ALL BARANGAYS (AGRICULTURAL LAND),ALL LOTS,,A10,Agricultural - A10,8.0
raw,"RDO No. 72 - Roxas City, Capiz is composed of the following City and Munic",,,2ND,:   CAPIZ,JAMINDAN,ALL BARANGAYS (AGRICULTURAL LAND),ALL LOTS,,A15,Agricultural - A15,12.0
raw,"RDO No. 72 - Roxas City, Capiz is composed of the following City and Munic",,,2ND,:   CAPIZ,JAMINDAN,ALL BARANGAYS (AGRICULTURAL LAND),ALL LOTS,,A16,Agricultural - A16,12.0
raw,"RDO No. 72 - Roxas City, Capiz is composed of the following City and Munic",,,2ND,:   CAPIZ,JAMINDAN,ALL BARANGAYS (AGRICULTURAL LAND),ALL LOTS,,A17,Agricultural - A17,15.0
raw,"RDO No. 72 - Roxas City, Capiz is composed of the following City and Munic",,,2ND,:   CAPIZ,JAMINDAN,ALL BARANGAYS (AGRICULTURAL LAND),ALL LOTS,,A26,Agricultural - A26,12.0
raw,"RDO No. 72 - Roxas City, Capiz is composed of the following City and Munic",,,2ND,:   CAPIZ,JAMINDAN,ALL BARANGAYS (AGRICULTURAL LAND),ALL LOTS,,A36,Agricultural - A36,8.0
raw,"RDO No. 72 - Roxas City, Capiz is composed of the following City and Munic",,,2ND,:   CAPIZ,JAMINDAN,ALL BARANGAYS (AGRICULTURAL LAND),ALL LOTS,,A49,Agricultural - A49,7.0
raw,"RDO No. 72 - Roxas City, Capiz is composed of the following City and Munic",,,2ND,:   CAPIZ,JAMINDAN,ALL BARANGAYS (AGRICULTURAL LAND),ALL LOTS,,A50,Agricultural - A50,7.0
raw,"RDO No. 72 - Roxas City, Capiz is composed of the following City and Munic",025-2021,"October 31, 2021",3RD,:   CAPIZ,JAMINDAN,ALL OTHER LOTS,ALL LOTS,*INTERIOR LOTS,RR,Residential - Regular,620.0
raw,"RDO No. 72 - Roxas City, Capiz is composed of the following City and Munic",,,2ND,:   CAPIZ,JAMINDAN,"ESPERANZA, FE, LAPAZ",ALL LOTS,,RR,Residential - Regular,125.0
raw,"RDO No. 72 - Roxas City, Capiz is composed of the following City and Munic",,,2ND,:   CAPIZ,JAMINDAN,"ESPERANZA, FE, LAPAZ",ALL LOTS,INTERIOR LOTS,RR,Residential - Regular,90.0
raw,"RDO No. 72 - Roxas City, Capiz is composed of the following City and Munic",,,2ND,:   CAPIZ,JAMINDAN,"GANZON, GUINTAS, IGANG, JAENA NORTE, JAENA SUR, LINAMBASAN, LUCERO",ALL LOTS,ROADS WITHIN 1KM FROM POBLACION,RR,Residential - Regular,180.0
raw,"RDO No. 72 - Roxas City, Capiz is composed of the following City and Munic",,,2ND,:   CAPIZ,JAMINDAN,"GANZON, GUINTAS, IGANG, JAENA NORTE, JAENA SUR, LINAMBASAN, LUCERO",ALL LOTS,ROAD MORE THAN 1KM FROM POBLACION,RR,Residential - Regular,125.0
raw,"RDO No. 72 - Roxas City, Capiz is composed of the following City and Munic",,,2ND,:   CAPIZ,JAMINDAN,"GANZON, GUINTAS, IGANG, JAENA NORTE, JAENA SUR, LINAMBASAN, LUCERO",ALL LOTS,INTERIOR LOTS,RR,Residential - Regular,90.0
raw,"RDO No. 72 - Roxas City, Capiz is composed of the following City and Munic",025-2021,"October 31, 2021",3RD,:   CAPIZ,JAMINDAN,"JAENA NORTE, JAENA SUR, AGLOLOWAY, GANZON, SAN JUAN, AGBUN OD, IGANG",ALL LOTS,*ALONG PROVINCIAL ROAD,RR,Residential - Regular,620.0
raw,"RDO No. 72 - Roxas City, Capiz is composed of the following City and Munic",025-2021,"October 31, 2021",3RD,:   CAPIZ,JAMINDAN,"JAENA NORTE, JAENA SUR, AGLOLOWAY, GANZON, SAN JUAN, AGBUN OD, IGANG",ALL LOTS,ROADS WITHIN 1KM FROM POBLACION,RR,Residential - Regular,600.0
raw,"RDO No. 72 - Roxas City, Capiz is composed of the following City and Munic",025-2021,"October 31, 2021",3RD,:   CAPIZ,JAMINDAN,"JAENA NORTE, JAENA SUR, AGLOLOWAY, GANZON, SAN JUAN, AGBUN OD, IGANG",ALL LOTS,ROAD MORE THAN 1KM FROM POBLACION,RR,Residential - Regular,590.0
raw,"RDO No. 72 - Roxas City, Capiz is composed of the following City and Munic",025-2021,"October 31, 2021",3RD,:   CAPIZ,JAMINDAN,"JAENA NORTE, JAENA SUR, AGLOLOWAY, GANZON, SAN JUAN, AGBUN OD, IGANG",ALL LOTS,INTERIOR LOTS,RR,Residential - Regular,540.0
raw,"RDO No. 72 - Roxas City, Capiz is composed of the following City and Munic",,,2ND,:   CAPIZ,JAMINDAN,JAGNAYA,ALL LOTS,ALONG BARANGAY ROAD,RR,Residential - Regular,180.0
raw,"RDO No. 72 - Roxas City, Capiz is composed of the following City and Munic",,,2ND,:   CAPIZ,JAMINDAN,JAGNAYA,ALL LOTS,INTERIOR LOTS,RR,Residential - Regular,125.0
raw,"RDO No. 72 - Roxas City, Capiz is composed of the following City and Munic",,,2ND,:   CAPIZ,JAMINDAN,JAGNAYA,ALL OTHER LOTS,INTERIOR LOTS,RR,Residential - Regular,90.0
raw,"RDO No. 72 - Roxas City, Capiz is composed of the following City and Munic",025-2021,"October 31, 2021",3RD,:   CAPIZ,JAMINDAN,"LINAMBASAN, MILA, LUCERO , PASOL-O",ALL LOTS,*ALONG PROVINCIAL ROAD,RR,Residential - Regular,940.0
raw,"RDO No. 72 - Roxas City, Capiz is composed of the following City and Munic",025-2021,"October 31, 2021",3RD,:   CAPIZ,JAMINDAN,"LINAMBASAN, MILA, LUCERO , PASOL-O",ALL LOTS,ROADS WITHIN 1KM FROM POBLACION,RR,Residential - Regular,850.0
raw,"RDO No. 72 - Roxas City, Capiz is composed of the following City and Munic",025-2021,"October 31, 2021",3RD,:   CAPIZ,JAMINDAN,"LINAMBASAN, MILA, LUCERO , PASOL-O",ALL LOTS,ROAD MORE THAN 1KM FROM POBLACION,RR,Residential - Regular,800.0
raw,"RDO No. 72 - Roxas City, Capiz is composed of the following City and Munic",025-2021,"October 31, 2021",3RD,:   CAPIZ,JAMINDAN,"LINAMBASAN, MILA, LUCERO , PASOL-O",ALL LOTS,INTERIOR LOTS,RR,Residential - Regular,700.0
raw,"RDO No. 72 - Roxas City, Capiz is composed of the following City and Munic",025-2021,"October 31, 2021",3RD,:   CAPIZ,JAMINDAN,M. ROXAS ST,*MAGSAYSAY EXTENSION,*POBLACION,RR,Residential - Regular,1905.0
raw,"RDO No. 72 - Roxas City, Capiz is composed of the following City and Munic",025-2021,"October 31, 2021",3RD,:   CAPIZ,JAMINDAN,M. ROXAS ST,*MANUEL ROXAS STREET,*POBLACION,CR,Commercial - Regular,1905.0
raw,"RDO No. 72 - Roxas City, Capiz is composed of the following City and Munic",025-2021,"October 31, 2021",3RD,:   CAPIZ,JAMINDAN,M. ROXAS ST,*NATIONAL ROAD TO PANGABUAN,*POBLACION,CR,Commercial - Regular,2225.0
raw,"RDO No. 72 - Roxas City, Capiz is composed of the following City and Munic",025-2021,"October 31, 2021",3RD,:   CAPIZ,JAMINDAN,M. ROXAS ST,*NUEVA STREET,*POBLACION,RR,Residential - Regular,1905.0
raw,"RDO No. 72 - Roxas City, Capiz is composed of the following City and Munic",025-2021,"October 31, 2021",3RD,:   CAPIZ,JAMINDAN,M. ROXAS ST,*SAN ANTONIO STREET,*POBLACION,RR,Residential - Regular,1905.0
raw,"RDO No. 72 - Roxas City, Capiz is composed of the following City and Munic",025-2021,"October 31, 2021",3RD,:   CAPIZ,JAMINDAN,M. ROXAS ST,*SAN ANTONIO STREET CORNER MAGSAYSAY STREET,*POBLACION,CR,Commercial - Regular,1905.0
raw,"RDO No. 72 - Roxas City, Capiz is composed of the following City and Munic",025-2021,"October 31, 2021",3RD,:   CAPIZ,JAMINDAN,M. ROXAS ST,*SAN ANTONIO STREET CORNER SAN SEBASTIAN ST. TO CORNER SMITH STREET,*POBLACION,CR,Commercial - Regular,1905.0
raw,"RDO No. 72 - Roxas City, Capiz is composed of the following City and Munic",025-2021,"October 31, 2021",3RD,:   CAPIZ,JAMINDAN,M. ROXAS ST,*SAN NICOLAS  ST. AT THE BACK OF COMM. LAND,*POBLACION,CR,Commercial - Regular,1905.0
raw,"RDO No. 72 - Roxas City, Capiz is composed of the following City and Munic",025-2021,"October 31, 2021",3RD,:   CAPIZ,JAMINDAN,M. ROXAS ST,*SAN NICOLAS STREET,*POBLACION,CR,Commercial - Regular,1905.0
raw,"RDO No. 72 - Roxas City, Capiz is composed of the following City and Munic",025-2021,"October 31, 2021",3RD,:   CAPIZ,JAMINDAN,M. ROXAS ST,*SAN SEBASTIAN STREET,*POBLACION,CR,Commercial - Regular,1905.0
raw,"RDO No. 72 - Roxas City, Capiz is composed of the following City and Munic",025-2021,"October 31, 2021",3RD,:   CAPIZ,JAMINDAN,M. ROXAS ST,*SMITH ST. CORNER SAN ANTONIO ST. TO CORNER MANUEL STREET,*POBLACION,CR,Commercial - Regular,1905.0
raw,"RDO No. 72 - Roxas City, Capiz is composed of the following City and Munic",025-2021,"October 31, 2021",3RD,:   CAPIZ,JAMINDAN,M. ROXAS ST,*STA. CRUZ ST. CORNER NATIONAL ROAD,*POBLACION,CR,Commercial - Regular,1905.0
raw,"RDO No. 72 - Roxas City, Capiz is composed of the following City and Munic",025-2021,"October 31, 2021",3RD,:   CAPIZ,JAMINDAN,M. ROXAS ST,*STA. CRUZ ST. CORNER SAN SEBASTIAN  ST. TO CORNER NATIONAL ROAD,*POBLACION,CR,Commercial - Regular,2225.0
raw,"RDO No. 72 - Roxas City, Capiz is composed of the following City and Munic",,,2ND,:   CAPIZ,JAMINDAN,"MA-ANTOL, MASGRAO, MILA, MOLET, PANGABAT, PANGABUAN, PASOL-O",ALL LOTS,ROADS WITHIN 1KM FROM POBLACION,RR,Residential - Regular,180.0
raw,"RDO No. 72 - Roxas City, Capiz is composed of the following City and Munic",,,2ND,:   CAPIZ,JAMINDAN,"MA-ANTOL, MASGRAO, MILA, MOLET, PANGABAT, PANGABUAN, PASOL-O",ALL LOTS,ROAD MORE THAN 1KM FROM POBLACION,RR,Residential - Regular,125.0
raw,"RDO No. 72 - Roxas City, Capiz is composed of the following City and Munic",,,2ND,:   CAPIZ,JAMINDAN,"MA-ANTOL, MASGRAO, MILA, MOLET, PANGABAT, PANGABUAN, PASOL-O",ALL LOTS,INTERIOR LOTS,RR,Residential - Regular,90.0
raw,"RDO No. 72 - Roxas City, Capiz is composed of the following City and Munic",025-2021,"October 31, 2021",3RD,:   CAPIZ,JAMINDAN,"MAANTOL, GUINTAS, MOLET, MASGRAO",ALL LOTS,*ALONG PROVINCIAL ROAD,RR,Residential - Regular,620.0
raw,"RDO No. 72 - Roxas City, Capiz is composed of the following City and Munic",025-2021,"October 31, 2021",3RD,:   CAPIZ,JAMINDAN,"MAANTOL, GUINTAS, MOLET, MASGRAO",ALL LOTS,ROADS WITHIN 1KM FROM POBLACION,RR,Residential - Regular,600.0
raw,"RDO No. 72 - Roxas City, Capiz is composed of the following City and Munic",025-2021,"October 31, 2021",3RD,:   CAPIZ,JAMINDAN,"MAANTOL, GUINTAS, MOLET, MASGRAO",ALL LOTS,ROAD MORE THAN 1KM FROM POBLACION,RR,Residential - Regular,590.0
raw,"RDO No. 72 - Roxas City, Capiz is composed of the following City and Munic",025-2021,"October 31, 2021",3RD,:   CAPIZ,JAMINDAN,"MAANTOL, GUINTAS, MOLET, MASGRAO",ALL LOTS,INTERIOR LOTS,RR,Residential - Regular,540.0
raw,"RDO No. 72 - Roxas City, Capiz is composed of the following City and Munic",025-2021,"October 31, 2021",3RD,:   CAPIZ,JAMINDAN,POBLACION,*ALL OTHER STREETS,*NATIONAL ROAD TO BAYE BAYE,RR,Residential - Regular,2225.0
raw,"RDO No. 72 - Roxas City, Capiz is composed of the following City and Munic",025-2021,"October 31, 2021",3RD,:   CAPIZ,JAMINDAN,POBLACION,*ALL OTHER STREETS,*RESIDENTIAL LOTS AT THE BACK OF COMMERCIALS LOTS,RR,Residential - Regular,1360.0
raw,"RDO No. 72 - Roxas City, Capiz is composed of the following City and Munic",025-2021,"October 31, 2021",3RD,:   CAPIZ,JAMINDAN,POBLACION,*ALL OTHER STREETS,*RESIDENTIAL LOTS ALONG  ALL WEATHER ROADS WITHIN 1 KM. FROM POBLACION,RR,Residential - Regular,1200.0
raw,"RDO No. 72 - Roxas City, Capiz is composed of the following City and Munic",025-2021,"October 31, 2021",3RD,:   CAPIZ,JAMINDAN,POBLACION,*ALL OTHER STREETS,*RESIDENTIAL LOTS ALONG ALL WEATHER ROADS MORE THAN 1 KM. FROM POBLACION,RR,Residential - Regular,1040.0
raw,"RDO No. 72 - Roxas City, Capiz is composed of the following City and Munic",025-2021,"October 31, 2021",3RD,:   CAPIZ,JAMINDAN,POBLACION,*ALL OTHER STREETS,*BARANGAY RESIDENTIAL LOTS NOT ADJOINED BY ROADS,RR,Residential - Regular,880.0
raw,"RDO No. 72 - Roxas City, Capiz is composed of the following City and Munic",025-2021,"October 31, 2021",3RD,:   CAPIZ,JAMINDAN,POBLACION,*ALL OTHER STREETS,*INDUSTRIAL LANDS WITHIN 1 KM FROM TRADING CENTER,I,Industrial,2580.0
raw,"RDO No. 72 - Roxas City, Capiz is composed of the following City and Munic",025-2021,"October 31, 2021",3RD,:   CAPIZ,JAMINDAN,POBLACION,*ALL OTHER STREETS,"*WITH SOCIALIZED HOUSING , WITH COLLEGE SCHOOL SITE, RESIDENTIAL LOTS ALONG NATIONAL ROAD MORE THAN 1 KM POBLACION",GP,General Purpose,720.0
raw,"RDO No. 72 - Roxas City, Capiz is composed of the following City and Munic",025-2021,"October 31, 2021",3RD,:   CAPIZ,JAMINDAN,POBLACION,*ALL OTHER STREETS,"*WITH SOCIALIZED HOUSING , WITH COLLEGE SCHOOL SITE, RESIDENTIAL LOTS ALONG NATIONAL ROAD MORE THAN 1 KM POBLACION",RR,Residential - Regular,720.0
raw,"RDO No. 72 - Roxas City, Capiz is composed of the following City and Munic",,,2ND,:   CAPIZ,JAMINDAN,POBLACION,BONIFACIO ST,,RR,Residential - Regular,450.0
raw,"RDO No. 72 - Roxas City, Capiz is composed of the following City and Munic",,,2ND,:   CAPIZ,JAMINDAN,POBLACION,M. ROXAS ST,,RR,Residential - Regular,450.0
raw,"RDO No. 72 - Roxas City, Capiz is composed of the following City and Munic",,,2ND,:   CAPIZ,JAMINDAN,POBLACION,MABINI ST,,RR,Residential - Regular,450.0
raw,"RDO No. 72 - Roxas City, Capiz is composed of the following City and Munic",,,2ND,:   CAPIZ,JAMINDAN,POBLACION,MAGSAYSAY ST,,RR,Residential - Regular,450.0
raw,"RDO No. 72 - Roxas City, Capiz is composed of the following City and Munic",,,2ND,:   CAPIZ,JAMINDAN,POBLACION,NIEVA ST,,RR,Residential - Regular,450.0
raw,"RDO No. 72 - Roxas City, Capiz is composed of the following City and Munic",,,2ND,:   CAPIZ,JAMINDAN,POBLACION,NUEVA ST,,RR,Residential - Regular,450.0
raw,"RDO No. 72 - Roxas City, Capiz is composed of the following City and Munic",,,2ND,:   CAPIZ,JAMINDAN,POBLACION,OLD ROAD,,RR,Residential - Regular,450.0
raw,"RDO No. 72 - Roxas City, Capiz is composed of the following City and Munic",,,2ND,:   CAPIZ,JAMINDAN,POBLACION,QUEZON ST,,RR,Residential - Regular,450.0
raw,"RDO No. 72 - Roxas City, Capiz is composed of the following City and Munic",,,2ND,:   CAPIZ,JAMINDAN,POBLACION,REAL ST,,RR,Residential - Regular,450.0
raw,"RDO No. 72 - Roxas City, Capiz is composed of the following City and Munic",,,2ND,:   CAPIZ,JAMINDAN,POBLACION,RIZAL ST,,RR,Residential - Regular,450.0
raw,"RDO No. 72 - Roxas City, Capiz is composed of the following City and Munic",,,2ND,:   CAPIZ,JAMINDAN,POBLACION,SAN ANTONIO,,CR,Commercial - Regular,525.0
raw,"RDO No. 72 - Roxas City, Capiz is composed of the following City and Munic",,,2ND,:   CAPIZ,JAMINDAN,POBLACION,SAN ANTONIO,,RR,Residential - Regular,450.0
raw,"RDO No. 72 - Roxas City, Capiz is composed of the following City and Munic",,,2ND,:   CAPIZ,JAMINDAN,POBLACION,SAN ISIDRO ST,,RR,Residential - Regular,450.0
raw,"RDO No. 72 - Roxas City, Capiz is composed of the following City and Munic",,,2ND,:   CAPIZ,JAMINDAN,POBLACION,SAN NICOLAS ST,,RR,Residential - Regular,450.0
raw,"RDO No. 72 - Roxas City, Capiz is composed of the following City and Munic",,,2ND,:   CAPIZ,JAMINDAN,POBLACION,SAN SEBASTIAN ST,,RR,Residential - Regular,425.0
raw,"RDO No. 72 - Roxas City, Capiz is composed of the following City and Munic",,,2ND,:   CAPIZ,JAMINDAN,POBLACION,SAN VICENTE ST,,RR,Residential - Regular,450.0
raw,"RDO No. 72 - Roxas City, Capiz is composed of the following City and Munic",,,2ND,:   CAPIZ,JAMINDAN,POBLACION,SMITH ST,,RR,Residential - Regular,450.0
raw,"RDO No. 72 - Roxas City, Capiz is composed of the following City and Munic",,,2ND,:   CAPIZ,JAMINDAN,POBLACION,STA. CRUZ ST,,RR,Residential - Regular,450.0
raw,"RDO No. 72 - Roxas City, Capiz is composed of the following City and Munic",,,2ND,:   CAPIZ,JAMINDAN,POBLACION,TAFT ST/PRES ROXAS ST,,RR,Residential - Regular,450.0
raw,"RDO No. 72 - Roxas City, Capiz is composed of the following City and Munic",,,2ND,:   CAPIZ,JAMINDAN,"SAN JOSE, SAN JUAN, SAN VICENTE, STO. ROSARIO",ALL LOTS,ROADS WITHIN 1KM FROM POBLACION,RR,Residential - Regular,180.0
raw,"RDO No. 72 - Roxas City, Capiz is composed of the following City and Munic",,,2ND,:   CAPIZ,JAMINDAN,"SAN JOSE, SAN JUAN, SAN VICENTE, STO. ROSARIO",ALL LOTS,ROAD MORE THAN 1KM FROM POBLACION,RR,Residential - Regular,125.0
raw,"RDO No. 72 - Roxas City, Capiz is composed of the following City and Munic",,,2ND,:   CAPIZ,JAMINDAN,"SAN JOSE, SAN JUAN, SAN VICENTE, STO. ROSARIO",ALL LOTS,INTERIOR LOTS,RR,Residential - Regular,90.0
raw,"RDO No. 72 - Roxas City, Capiz is composed of the following City and Munic",,,2ND,:   CAPIZ,MAAYON,"AGLIMOCON, ALASAGING, ALAYUNAN, BALIGHOT, BATABAT, BONGBONGAN",ALL LOTS,ALONG THE ROAD,RR,Residential - Regular,150.0
raw,"RDO No. 72 - Roxas City, Capiz is composed of the following City and Munic",,,2ND,:   CAPIZ,MAAYON,"AGLIMOCON, ALASAGING, ALAYUNAN, BALIGHOT, BATABAT, BONGBONGAN",ALL LOTS,INTERIOR LOTS,RR,Residential - Regular,75.0
raw,"RDO No. 72 - Roxas City, Capiz is composed of the following City and Munic",025-2021,"October 31, 2021",3RD,:   CAPIZ,MAAYON,"AGLIMOCON, CANAPIAN. MANAYUPIT, QUINABONGLAN, BONGBONGAN, MAALAN, GINABIALAN, QUEVEDO, ALASAGING, DULUAN, PARALLAN",ALL LOTS,ALONG THE ROAD,RR,Residential - Regular,440.0
raw,"RDO No. 72 - Roxas City, Capiz is composed of the following City and Munic",025-2021,"October 31, 2021",3RD,:   CAPIZ,MAAYON,"AGLIMOCON, CANAPIAN. MANAYUPIT, QUINABONGLAN, BONGBONGAN, MAALAN, GINABIALAN, QUEVEDO, ALASAGING, DULUAN, PARALLAN",ALL LOTS,INTERIOR LOTS,RR,Residential - Regular,220.0
raw,"RDO No. 72 - Roxas City, Capiz is composed of the following City and Munic",025-2021,"October 31, 2021",3RD,:   CAPIZ,MAAYON,ALL BARANGAYS ( AGRICULTURAL LAND),ALL LOTS,NOT ADJOINED BY ROAD,A1,Agricultural - A1,60.0
raw,"RDO No. 72 - Roxas City, Capiz is composed of the following City and Munic",025-2021,"October 31, 2021",3RD,:   CAPIZ,MAAYON,ALL BARANGAYS ( AGRICULTURAL LAND),ALL LOTS,INTERIOR LOTS,A2,Agricultural - A2,40.0
raw,"RDO No. 72 - Roxas City, Capiz is composed of the following City and Munic",025-2021,"October 31, 2021",3RD,:   CAPIZ,MAAYON,ALL BARANGAYS ( AGRICULTURAL LAND),ALL LOTS,INTERIOR LOTS,A3,Agricultural - A3,30.0
raw,"RDO No. 72 - Roxas City, Capiz is composed of the following City and Munic",025-2021,"October 31, 2021",3RD,:   CAPIZ,MAAYON,ALL BARANGAYS ( AGRICULTURAL LAND),ALL LOTS,INTERIOR LOTS,A4,Agricultural - A4,30.0
raw,"RDO No. 72 - Roxas City, Capiz is composed of the following City and Munic",025-2021,"October 31, 2021",3RD,:   CAPIZ,MAAYON,ALL BARANGAYS ( AGRICULTURAL LAND),ALL LOTS,INTERIOR LOTS,A5,Agricultural - A5,30.0
raw,"RDO No. 72 - Roxas City, Capiz is composed of the following City and Munic",025-2021,"October 31, 2021",3RD,:   CAPIZ,MAAYON,ALL BARANGAYS ( AGRICULTURAL LAND),ALL LOTS,INTERIOR LOTS,A10,Agricultural - A10,20.0
raw,"RDO No. 72 - Roxas City, Capiz is composed of the following City and Munic",025-2021,"October 31, 2021",3RD,:   CAPIZ,MAAYON,ALL BARANGAYS ( AGRICULTURAL LAND),ALL LOTS,INTERIOR LOTS,A12,Agricultural - A12,30.0
raw,"RDO No. 72 - Roxas City, Capiz is composed of the following City and Munic",025-2021,"October 31, 2021",3RD,:   CAPIZ,MAAYON,ALL BARANGAYS ( AGRICULTURAL LAND),ALL LOTS,INTERIOR LOTS,A14,Agricultural - A14,40.0
raw,"RDO No. 72 - Roxas City, Capiz is composed of the following City and Munic",025-2021,"October 31, 2021",3RD,:   CAPIZ,MAAYON,ALL BARANGAYS ( AGRICULTURAL LAND),ALL LOTS,INTERIOR LOTS,A15,Agricultural - A15,30.0
raw,"RDO No. 72 - Roxas City, Capiz is composed of the following City and Munic",025-2021,"October 31, 2021",3RD,:   CAPIZ,MAAYON,ALL BARANGAYS ( AGRICULTURAL LAND),ALL LOTS,INTERIOR LOTS,A16,Agricultural - A16,28.0
raw,"RDO No. 72 - Roxas City, Capiz is composed of the following City and Munic",025-2021,"October 31, 2021",3RD,:   CAPIZ,MAAYON,ALL BARANGAYS ( AGRICULTURAL LAND),ALL LOTS,INTERIOR LOTS,A17,Agricultural - A17,30.0
raw,"RDO No. 72 - Roxas City, Capiz is composed of the following City and Munic",025-2021,"October 31, 2021",3RD,:   CAPIZ,MAAYON,ALL BARANGAYS ( AGRICULTURAL LAND),ALL LOTS,INTERIOR LOTS,A26,Agricultural - A26,30.0
raw,"RDO No. 72 - Roxas City, Capiz is composed of the following City and Munic",025-2021,"October 31, 2021",3RD,:   CAPIZ,MAAYON,ALL BARANGAYS ( AGRICULTURAL LAND),ALL LOTS,INTERIOR LOTS,A49,Agricultural - A49,20.0
raw,"RDO No. 72 - Roxas City, Capiz is composed of the following City and Munic",025-2021,"October 31, 2021",3RD,:   CAPIZ,MAAYON,ALL BARANGAYS ( AGRICULTURAL LAND),ALL LOTS,INTERIOR LOTS,A50,Agricultural - A50,30.0
raw,"RDO No. 72 - Roxas City, Capiz is composed of the following City and Munic",,,2ND,:   CAPIZ,MAAYON,ALL OTHER BARANGAYS (AGRICULTURAL LAND),ALL LOTS,NOT ADJOINED BY ROAD,A1,Agricultural - A1,18.0
raw,"RDO No. 72 - Roxas City, Capiz is composed of the following City and Munic",,,2ND,:   CAPIZ,MAAYON,ALL OTHER BARANGAYS (AGRICULTURAL LAND),ALL LOTS,INTERIOR LOTS,A2,Agricultural - A2,13.0
raw,"RDO No. 72 - Roxas City, Capiz is composed of the following City and Munic",,,2ND,:   CAPIZ,MAAYON,ALL OTHER BARANGAYS (AGRICULTURAL LAND),ALL LOTS,INTERIOR LOTS,A3,Agricultural - A3,9.0
raw,"RDO No. 72 - Roxas City, Capiz is composed of the following City and Munic",,,2ND,:   CAPIZ,MAAYON,ALL OTHER BARANGAYS (AGRICULTURAL LAND),ALL LOTS,INTERIOR LOTS,A4,Agricultural - A4,10.0
raw,"RDO No. 72 - Roxas City, Capiz is composed of the following City and Munic",,,2ND,:   CAPIZ,MAAYON,ALL OTHER BARANGAYS (AGRICULTURAL LAND),ALL LOTS,INTERIOR LOTS,A5,Agricultural - A5,8.0
raw,"RDO No. 72 - Roxas City, Capiz is composed of the following City and Munic",,,2ND,:   CAPIZ,MAAYON,ALL OTHER BARANGAYS (AGRICULTURAL LAND),ALL LOTS,INTERIOR LOTS,A10,Agricultural - A10,6.0
raw,"RDO No. 72 - Roxas City, Capiz is composed of the following City and Munic",,,2ND,:   CAPIZ,MAAYON,ALL OTHER BARANGAYS (AGRICULTURAL LAND),ALL LOTS,INTERIOR LOTS,A12,Agricultural - A12,9.0
raw,"RDO No. 72 - Roxas City, Capiz is composed of the following City and Munic",,,2ND,:   CAPIZ,MAAYON,ALL OTHER BARANGAYS (AGRICULTURAL LAND),ALL LOTS,INTERIOR LOTS,A14,Agricultural - A14,11.0
raw,"RDO No. 72 - Roxas City, Capiz is composed of the following City and Munic",,,2ND,:   CAPIZ,MAAYON,ALL OTHER BARANGAYS (AGRICULTURAL LAND),ALL LOTS,INTERIOR LOTS,A15,Agricultural - A15,8.0
raw,"RDO No. 72 - Roxas City, Capiz is composed of the following City and Munic",,,2ND,:   CAPIZ,MAAYON,ALL OTHER BARANGAYS (AGRICULTURAL LAND),ALL LOTS,INTERIOR LOTS,A16,Agricultural - A16,10.0
raw,"RDO No. 72 - Roxas City, Capiz is composed of the following City and Munic",,,2ND,:   CAPIZ,MAAYON,ALL OTHER BARANGAYS (AGRICULTURAL LAND),ALL LOTS,INTERIOR LOTS,A17,Agricultural - A17,18.0
raw,"RDO No. 72 - Roxas City, Capiz is composed of the following City and Munic",,,2ND,:   CAPIZ,MAAYON,ALL OTHER BARANGAYS (AGRICULTURAL LAND),ALL LOTS,INTERIOR LOTS,A26,Agricultural - A26,8.0
raw,"RDO No. 72 - Roxas City, Capiz is composed of the following City and Munic",,,2ND,:   CAPIZ,MAAYON,ALL OTHER BARANGAYS (AGRICULTURAL LAND),ALL LOTS,INTERIOR LOTS,A49,Agricultural - A49,5.0
raw,"RDO No. 72 - Roxas City, Capiz is composed of the following City and Munic",,,2ND,:   CAPIZ,MAAYON,ALL OTHER BARANGAYS (AGRICULTURAL LAND),ALL LOTS,INTERIOR LOTS,A50,Agricultural - A50,5.0
raw,"RDO No. 72 - Roxas City, Capiz is composed of the following City and Munic",025-2021,"October 31, 2021",3RD,:   CAPIZ,MAAYON,"BALIGHOT, PALAGUIAN, QUINAT-UYAN",ALL LOTS,ALONG THE ROAD,RR,Residential - Regular,490.0
raw,"RDO No. 72 - Roxas City, Capiz is composed of the following City and Munic",025-2021,"October 31, 2021",3RD,:   CAPIZ,MAAYON,"BALIGHOT, PALAGUIAN, QUINAT-UYAN",ALL LOTS,INTERIOR LOTS,RR,Residential - Regular,250.0
raw,"RDO No. 72 - Roxas City, Capiz is composed of the following City and Munic",025-2021,"October 31, 2021",3RD,:   CAPIZ,MAAYON,"BATABAT, ALAYUNAN, JEBACA , EAST VILLA FLORES, WEST VILLA FLORES, FERNANDEZ",ALL LOTS,ALONG THE ROAD,RR,Residential - Regular,490.0
raw,"RDO No. 72 - Roxas City, Capiz is composed of the following City and Munic",025-2021,"October 31, 2021",3RD,:   CAPIZ,MAAYON,"BATABAT, ALAYUNAN, JEBACA , EAST VILLA FLORES, WEST VILLA FLORES, FERNANDEZ",ALL LOTS,INTERIOR LOTS,RR,Residential - Regular,250.0
raw,"RDO No. 72 - Roxas City, Capiz is composed of the following City and Munic",,,2ND,:   CAPIZ,MAAYON,"CABUNGAHAN, CANAPIAN, CARATAYA, DULUNAN, EAST VILLA FLORES, FERNANDEZ",ALL LOTS,ALONG THE ROAD,RR,Residential - Regular,150.0
raw,"RDO No. 72 - Roxas City, Capiz is composed of the following City and Munic",,,2ND,:   CAPIZ,MAAYON,"CABUNGAHAN, CANAPIAN, CARATAYA, DULUNAN, EAST VILLA FLORES, FERNANDEZ",ALL LOTS,INTERIOR LOTS,RR,Residential - Regular,75.0
raw,"RDO No. 72 - Roxas City, Capiz is composed of the following City and Munic",025-2021,"October 31, 2021",3RD,:   CAPIZ,MAAYON,"CABUNGUHAN, CARATAYA, NEW GUIA, OLD GUIA",ALL LOTS,ALONG THE ROAD,RR,Residential - Regular,440.0
raw,"RDO No. 72 - Roxas City, Capiz is composed of the following City and Munic",025-2021,"October 31, 2021",3RD,:   CAPIZ,MAAYON,"CABUNGUHAN, CARATAYA, NEW GUIA, OLD GUIA",ALL LOTS,INTERIOR LOTS,RR,Residential - Regular,220.0
raw,"RDO No. 72 - Roxas City, Capiz is composed of the following City and Munic",,,2ND,:   CAPIZ,MAAYON,"GUINBIALAN, INDAYAGAN, JEBACA, MAALAN, MANAYUPIT, NEW GUIA,",ALL LOTS,ALONG THE ROAD,RR,Residential - Regular,150.0
raw,"RDO No. 72 - Roxas City, Capiz is composed of the following City and Munic",,,2ND,:   CAPIZ,MAAYON,"GUINBIALAN, INDAYAGAN, JEBACA, MAALAN, MANAYUPIT, NEW GUIA,",ALL LOTS,INTERIOR LOTS,RR,Residential - Regular,75.0
raw,"RDO No. 72 - Roxas City, Capiz is composed of the following City and Munic",025-2021,"October 31, 2021",3RD,:   CAPIZ,MAAYON,"INDAYAGAN, SALGAN, PINA, TAPULANG",ALL LOTS,ALONG THE ROAD,RR,Residential - Regular,490.0
raw,"RDO No. 72 - Roxas City, Capiz is composed of the following City and Munic",025-2021,"October 31, 2021",3RD,:   CAPIZ,MAAYON,"INDAYAGAN, SALGAN, PINA, TAPULANG",ALL LOTS,INTERIOR LOTS,RR,Residential - Regular,250.0
raw,"RDO No. 72 - Roxas City, Capiz is composed of the following City and Munic",,,2ND,:   CAPIZ,MAAYON,"OLD GUIA, PALAGUIAN, PENA,  QUINABONGLAN, QUINAT-UYAN, SALGAN",ALL LOTS,ALONG THE ROAD,RR,Residential - Regular,150.0
raw,"RDO No. 72 - Roxas City, Capiz is composed of the following City and Munic",,,2ND,:   CAPIZ,MAAYON,"OLD GUIA, PALAGUIAN, PENA,  QUINABONGLAN, QUINAT-UYAN, SALGAN",ALL LOTS,INTERIOR LOTS,RR,Residential - Regular,75.0
raw,"RDO No. 72 - Roxas City, Capiz is composed of the following City and Munic",025-2021,"October 31, 2021",3RD,:   CAPIZ,MAAYON,POBLACION,ALL OTHER STREET,ROADS LESS THAN IKM FROM POBLACION,RR,Residential - Regular,780.0
raw,"RDO No. 72 - Roxas City, Capiz is composed of the following City and Munic",025-2021,"October 31, 2021",3RD,:   CAPIZ,MAAYON,POBLACION,ALL OTHER STREET,INDUSTRIAL LOTS WITHIN 10KM POBLACION,I,Industrial,1110.0
raw,"RDO No. 72 - Roxas City, Capiz is composed of the following City and Munic",025-2021,"October 31, 2021",3RD,:   CAPIZ,MAAYON,POBLACION,ALL OTHER STREET,ROAD MORE THAN 1KM FROM POBLACION,RR,Residential - Regular,675.0
raw,"RDO No. 72 - Roxas City, Capiz is composed of the following City and Munic",,,2ND,:   CAPIZ,MAAYON,POBLACION,ALL OTHER STREET,ROADS MORE THAN 1KM FROM POBLACION,RR,Residential - Regular,350.0
raw,"RDO No. 72 - Roxas City, Capiz is composed of the following City and Munic",,,2ND,:   CAPIZ,MAAYON,POBLACION,ALL OTHER STREET,ROADSIDE MORE THAN 1KM FROM POBLACION,RR,Residential - Regular,300.0
raw,"RDO No. 72 - Roxas City, Capiz is composed of the following City and Munic",025-2021,"October 31, 2021",3RD,:   CAPIZ,MAAYON,POBLACION,CALLE REAL,,RR,Residential - Regular,1010.0
raw,"RDO No. 72 - Roxas City, Capiz is composed of the following City and Munic",025-2021,"October 31, 2021",3RD,:   CAPIZ,MAAYON,POBLACION,CALLE REAL,,CR,Commercial - Regular,2240.0
raw,"RDO No. 72 - Roxas City, Capiz is composed of the following City and Munic",,,2ND,:   CAPIZ,MAAYON,POBLACION,CALLE REAL,,RR,Residential - Regular,600.0
raw,"RDO No. 72 - Roxas City, Capiz is composed of the following City and Munic",,,2ND,:   CAPIZ,MAAYON,POBLACION,CALLE REAL,,CR,Commercial - Regular,800.0
raw,"RDO No. 72 - Roxas City, Capiz is composed of the following City and Munic",025-2021,"October 31, 2021",3RD,:   CAPIZ,MAAYON,POBLACION,DADULA ST,,RR,Residential - Regular,1010.0
raw,"RDO No. 72 - Roxas City, Capiz is composed of the following City and Munic",,,2ND,:   CAPIZ,MAAYON,POBLACION,DADULA ST,,RR,Residential - Regular,600.0
raw,"RDO No. 72 - Roxas City, Capiz is composed of the following City and Munic",025-2021,"October 31, 2021",3RD,:   CAPIZ,MAAYON,POBLACION,DECLARO ST,,RR,Residential - Regular,1010.0
raw,"RDO No. 72 - Roxas City, Capiz is composed of the following City and Munic",,,2ND,:   CAPIZ,MAAYON,POBLACION,DECLARO ST,,RR,Residential - Regular,600.0
raw,"RDO No. 72 - Roxas City, Capiz is composed of the following City and Munic",025-2021,"October 31, 2021",3RD,:   CAPIZ,MAAYON,POBLACION,DIAZ ST,,RR,Residential - Regular,1010.0
raw,"RDO No. 72 - Roxas City, Capiz is composed of the following City and Munic",,,2ND,:   CAPIZ,MAAYON,POBLACION,DIAZ ST,,RR,Residential - Regular,600.0
raw,"RDO No. 72 - Roxas City, Capiz is composed of the following City and Munic",025-2021,"October 31, 2021",3RD,:   CAPIZ,MAAYON,POBLACION,DUMAGPI ST,,RR,Residential - Regular,930.0
raw,"RDO No. 72 - Roxas City, Capiz is composed of the following City and Munic",,,2ND,:   CAPIZ,MAAYON,POBLACION,DUMAGPI ST,,RR,Residential - Regular,450.0
raw,"RDO No. 72 - Roxas City, Capiz is composed of the following City and Munic",025-2021,"October 31, 2021",3RD,:   CAPIZ,MAAYON,POBLACION,NATIONAL ROAD,,CR,Commercial - Regular,2240.0
raw,"RDO No. 72 - Roxas City, Capiz is composed of the following City and Munic",,,2ND,:   CAPIZ,MAAYON,POBLACION,NATIONAL ROAD,,CR,Commercial - Regular,800.0
raw,"RDO No. 72 - Roxas City, Capiz is composed of the following City and Munic",025-2021,"October 31, 2021",3RD,:   CAPIZ,MAAYON,POBLACION,ROAD TO TAPULANG,,RR,Residential - Regular,930.0
raw,"RDO No. 72 - Roxas City, Capiz is composed of the following City and Munic",,,2ND,:   CAPIZ,MAAYON,POBLACION,ROAD TO TAPULANG,,RR,Residential - Regular,450.0
raw,"RDO No. 72 - Roxas City, Capiz is composed of the following City and Munic",025-2021,"October 31, 2021",3RD,:   CAPIZ,MAAYON,POBLACION,TACAS ST,,RR,Residential - Regular,930.0
raw,"RDO No. 72 - Roxas City, Capiz is composed of the following City and Munic",,,2ND,:   CAPIZ,MAAYON,POBLACION,TACAS ST,,RR,Residential - Regular,450.0
raw,"RDO No. 72 - Roxas City, Capiz is composed of the following City and Munic",,,2ND,:   CAPIZ,MAAYON,"TAPULANG, TUBURAN, WEST VILLA FLORES",ALL LOTS,ALONG THE ROAD,RR,Residential - Regular,150.0
raw,"RDO No. 72 - Roxas City, Capiz is composed of the following City and Munic",,,2ND,:   CAPIZ,MAAYON,"TAPULANG, TUBURAN, WEST VILLA FLORES",ALL LOTS,INTERIOR LOTS,RR,Residential - Regular,75.0
raw,"RDO No. 72 - Roxas City, Capiz is composed of the following City and Munic",025-2021,"October 31, 2021",3RD,:   CAPIZ,MAAYON,TUBURAN,ALL LOTS,ALONG THE ROAD,RR,Residential - Regular,780.0
raw,"RDO No. 72 - Roxas City, Capiz is composed of the following City and Munic",025-2021,"October 31, 2021",3RD,:   CAPIZ,MAAYON,TUBURAN,ALL LOTS,ALONG THE ROAD,CR,Commercial - Regular,2230.0
raw,"RDO No. 72 - Roxas City, Capiz is composed of the following City and Munic",025-2021,"October 31, 2021",3RD,:   CAPIZ,MAAYON,TUBURAN,ALL LOTS,ALONG THE ROAD,X,Special / Other,2230.0
raw,"RDO No. 72 - Roxas City, Capiz is composed of the following City and Munic",,,2ND,:   CAPIZ,MAMBUSAO,"ATIPLO, BALAT-AN, BATIANO, BATING",ALL LOTS,,RR,Residential - Regular,275.0
raw,"RDO No. 72 - Roxas City, Capiz is composed of the following City and Munic",,,2ND,:   CAPIZ,MAMBUSAO,"ATIPLO, BALAT-AN, BATIANO, BATING",ALL LOTS,INTERIOR LOTS,RR,Residential - Regular,225.0
raw,"RDO No. 72 - Roxas City, Capiz is composed of the following City and Munic",,,2ND,:   CAPIZ,MAMBUSAO,"ATIPLO, BALAT-AN, BATIANO, BATING",ALL LOTS,INTERIOR LOTS,A1,Agricultural - A1,35.0
raw,"RDO No. 72 - Roxas City, Capiz is composed of the following City and Munic",,,2ND,:   CAPIZ,MAMBUSAO,"ATIPLO, BALAT-AN, BATIANO, BATING",ALL LOTS,INTERIOR LOTS,A2,Agricultural - A2,23.0
raw,"RDO No. 72 - Roxas City, Capiz is composed of the following City and Munic",,,2ND,:   CAPIZ,MAMBUSAO,"ATIPLO, BALAT-AN, BATIANO, BATING",ALL LOTS,INTERIOR LOTS,A3,Agricultural - A3,19.0
raw,"RDO No. 72 - Roxas City, Capiz is composed of the following City and Munic",,,2ND,:   CAPIZ,MAMBUSAO,"ATIPLO, BALAT-AN, BATIANO, BATING",ALL LOTS,INTERIOR LOTS,A4,Agricultural - A4,13.0
raw,"RDO No. 72 - Roxas City, Capiz is composed of the following City and Munic",,,2ND,:   CAPIZ,MAMBUSAO,"ATIPLO, BALAT-AN, BATIANO, BATING",ALL LOTS,INTERIOR LOTS,A7,Agricultural - A7,7.0
raw,"RDO No. 72 - Roxas City, Capiz is composed of the following City and Munic",,,2ND,:   CAPIZ,MAMBUSAO,"ATIPLO, BALAT-AN, BATIANO, BATING",ALL LOTS,INTERIOR LOTS,A8,Agricultural - A8,13.0
raw,"RDO No. 72 - Roxas City, Capiz is composed of the following City and Munic",,,2ND,:   CAPIZ,MAMBUSAO,"ATIPLO, BALAT-AN, BATIANO, BATING",ALL LOTS,INTERIOR LOTS,A10,Agricultural - A10,8.0
raw,"RDO No. 72 - Roxas City, Capiz is composed of the following City and Munic",,,2ND,:   CAPIZ,MAMBUSAO,"ATIPLO, BALAT-AN, BATIANO, BATING",ALL LOTS,INTERIOR LOTS,A12,Agricultural - A12,18.0
raw,"RDO No. 72 - Roxas City, Capiz is composed of the following City and Munic",,,2ND,:   CAPIZ,MAMBUSAO,"ATIPLO, BALAT-AN, BATIANO, BATING",ALL LOTS,INTERIOR LOTS,A14,Agricultural - A14,9.0
raw,"RDO No. 72 - Roxas City, Capiz is composed of the following City and Munic",,,2ND,:   CAPIZ,MAMBUSAO,"ATIPLO, BALAT-AN, BATIANO, BATING",ALL LOTS,INTERIOR LOTS,A15,Agricultural - A15,8.0
raw,"RDO No. 72 - Roxas City, Capiz is composed of the following City and Munic",,,2ND,:   CAPIZ,MAMBUSAO,"ATIPLO, BALAT-AN, BATIANO, BATING",ALL LOTS,INTERIOR LOTS,A16,Agricultural - A16,20.0
raw,"RDO No. 72 - Roxas City, Capiz is composed of the following City and Munic",,,2ND,:   CAPIZ,MAMBUSAO,"ATIPLO, BALAT-AN, BATIANO, BATING",ALL LOTS,INTERIOR LOTS,A17,Agricultural - A17,21.0
raw,"RDO No. 72 - Roxas City, Capiz is composed of the following City and Munic",,,2ND,:   CAPIZ,MAMBUSAO,"ATIPLO, BALAT-AN, BATIANO, BATING",ALL LOTS,INTERIOR LOTS,A26,Agricultural - A26,8.0
raw,"RDO No. 72 - Roxas City, Capiz is composed of the following City and Munic",,,2ND,:   CAPIZ,MAMBUSAO,"ATIPLO, BALAT-AN, BATIANO, BATING",ALL LOTS,INTERIOR LOTS,A36,Agricultural - A36,6.0
raw,"RDO No. 72 - Roxas City, Capiz is composed of the following City and Munic",,,2ND,:   CAPIZ,MAMBUSAO,"ATIPLO, BALAT-AN, BATIANO, BATING",ALL LOTS,INTERIOR LOTS,A49,Agricultural - A49,5.0
raw,"RDO No. 72 - Roxas City, Capiz is composed of the following City and Munic",,,2ND,:   CAPIZ,MAMBUSAO,"ATIPLO, BALAT-AN, BATIANO, BATING",ALL LOTS,INTERIOR LOTS,A50,Agricultural - A50,5.0
raw,"RDO No. 72 - Roxas City, Capiz is composed of the following City and Munic",025-2021,"October 31, 2021",3RD,:   CAPIZ,MAMBUSAO,"ATIPLO, BALAT-AN, TUGAS, MANIBAD",ALL LOTS,,RR,Residential - Regular,380.0
raw,"RDO No. 72 - Roxas City, Capiz is composed of the following City and Munic",025-2021,"October 31, 2021",3RD,:   CAPIZ,MAMBUSAO,"ATIPLO, BALAT-AN, TUGAS, MANIBAD",ALL LOTS,INTERIOR LOTS,RR,Residential - Regular,310.0
raw,"RDO No. 72 - Roxas City, Capiz is composed of the following City and Munic",025-2021,"October 31, 2021",3RD,:   CAPIZ,MAMBUSAO,"ATIPLO, BALAT-AN, TUGAS, MANIBAD",ALL LOTS,INTERIOR LOTS,A1,Agricultural - A1,50.0
raw,"RDO No. 72 - Roxas City, Capiz is composed of the following City and Munic",025-2021,"October 31, 2021",3RD,:   CAPIZ,MAMBUSAO,"ATIPLO, BALAT-AN, TUGAS, MANIBAD",ALL LOTS,INTERIOR LOTS,A2,Agricultural - A2,35.0
raw,"RDO No. 72 - Roxas City, Capiz is composed of the following City and Munic",025-2021,"October 31, 2021",3RD,:   CAPIZ,MAMBUSAO,"ATIPLO, BALAT-AN, TUGAS, MANIBAD",ALL LOTS,INTERIOR LOTS,A3,Agricultural - A3,30.0
raw,"RDO No. 72 - Roxas City, Capiz is composed of the following City and Munic",025-2021,"October 31, 2021",3RD,:   CAPIZ,MAMBUSAO,"ATIPLO, BALAT-AN, TUGAS, MANIBAD",ALL LOTS,INTERIOR LOTS,A4,Agricultural - A4,20.0
raw,"RDO No. 72 - Roxas City, Capiz is composed of the following City and Munic",025-2021,"October 31, 2021",3RD,:   CAPIZ,MAMBUSAO,"ATIPLO, BALAT-AN, TUGAS, MANIBAD",ALL LOTS,INTERIOR LOTS,A7,Agricultural - A7,10.0
raw,"RDO No. 72 - Roxas City, Capiz is composed of the following City and Munic",025-2021,"October 31, 2021",3RD,:   CAPIZ,MAMBUSAO,"ATIPLO, BALAT-AN, TUGAS, MANIBAD",ALL LOTS,INTERIOR LOTS,A8,Agricultural - A8,20.0
raw,"RDO No. 72 - Roxas City, Capiz is composed of the following City and Munic",025-2021,"October 31, 2021",3RD,:   CAPIZ,MAMBUSAO,"ATIPLO, BALAT-AN, TUGAS, MANIBAD",ALL LOTS,INTERIOR LOTS,A10,Agricultural - A10,15.0
raw,"RDO No. 72 - Roxas City, Capiz is composed of the following City and Munic",025-2021,"October 31, 2021",3RD,:   CAPIZ,MAMBUSAO,"ATIPLO, BALAT-AN, TUGAS, MANIBAD",ALL LOTS,INTERIOR LOTS,A12,Agricultural - A12,25.0
raw,"RDO No. 72 - Roxas City, Capiz is composed of the following City and Munic",025-2021,"October 31, 2021",3RD,:   CAPIZ,MAMBUSAO,"ATIPLO, BALAT-AN, TUGAS, MANIBAD",ALL LOTS,INTERIOR LOTS,A14,Agricultural - A14,15.0
raw,"RDO No. 72 - Roxas City, Capiz is composed of the following City and Munic",025-2021,"October 31, 2021",3RD,:   CAPIZ,MAMBUSAO,"ATIPLO, BALAT-AN, TUGAS, MANIBAD",ALL LOTS,INTERIOR LOTS,A15,Agricultural - A15,15.0
raw,"RDO No. 72 - Roxas City, Capiz is composed of the following City and Munic",025-2021,"October 31, 2021",3RD,:   CAPIZ,MAMBUSAO,"ATIPLO, BALAT-AN, TUGAS, MANIBAD",ALL LOTS,INTERIOR LOTS,A16,Agricultural - A16,30.0
raw,"RDO No. 72 - Roxas City, Capiz is composed of the following City and Munic",025-2021,"October 31, 2021",3RD,:   CAPIZ,MAMBUSAO,"ATIPLO, BALAT-AN, TUGAS, MANIBAD",ALL LOTS,INTERIOR LOTS,A17,Agricultural - A17,30.0
raw,"RDO No. 72 - Roxas City, Capiz is composed of the following City and Munic",025-2021,"October 31, 2021",3RD,:   CAPIZ,MAMBUSAO,"ATIPLO, BALAT-AN, TUGAS, MANIBAD",ALL LOTS,INTERIOR LOTS,A26,Agricultural - A26,15.0
raw,"RDO No. 72 - Roxas City, Capiz is composed of the following City and Munic",025-2021,"October 31, 2021",3RD,:   CAPIZ,MAMBUSAO,"ATIPLO, BALAT-AN, TUGAS, MANIBAD",ALL LOTS,INTERIOR LOTS,A36,Agricultural - A36,10.0
raw,"RDO No. 72 - Roxas City, Capiz is composed of the following City and Munic",025-2021,"October 31, 2021",3RD,:   CAPIZ,MAMBUSAO,"ATIPLO, BALAT-AN, TUGAS, MANIBAD",ALL LOTS,INTERIOR LOTS,A49,Agricultural - A49,10.0
raw,"RDO No. 72 - Roxas City, Capiz is composed of the following City and Munic",025-2021,"October 31, 2021",3RD,:   CAPIZ,MAMBUSAO,"ATIPLO, BALAT-AN, TUGAS, MANIBAD",ALL LOTS,INTERIOR LOTS,A50,Agricultural - A50,10.0
raw,"RDO No. 72 - Roxas City, Capiz is composed of the following City and Munic",025-2021,"October 31, 2021",3RD,:   CAPIZ,MAMBUSAO,"ATIPLO, BALAT-AN, TUGAS, MANIBAD",ALONG NATIONAL ROAD,,RR,Residential - Regular,390.0
raw,"RDO No. 72 - Roxas City, Capiz is composed of the following City and Munic",025-2021,"October 31, 2021",3RD,:   CAPIZ,MAMBUSAO,"ATIPLO, BALAT-AN, TUGAS, MANIBAD",ALONG PROVINCIAL ROAD,,RR,Residential - Regular,380.0
raw,"RDO No. 72 - Roxas City, Capiz is composed of the following City and Munic",025-2021,"October 31, 2021",3RD,:   CAPIZ,MAMBUSAO,"BATING, PINAY, BAYE, CALAAGUS, BUNGSI, BATIANO, BALIT, BERGANTE, LIBO-O, PANGPANG NORTE, PANGPANG SUR, SINONDOJAN, BUNGA",ALL LOTS,,RR,Residential - Regular,510.0
raw,"RDO No. 72 - Roxas City, Capiz is composed of the following City and Munic",025-2021,"October 31, 2021",3RD,:   CAPIZ,MAMBUSAO,"BATING, PINAY, BAYE, CALAAGUS, BUNGSI, BATIANO, BALIT, BERGANTE, LIBO-O, PANGPANG NORTE, PANGPANG SUR, SINONDOJAN, BUNGA",ALL LOTS,INTERIOR LOTS,RR,Residential - Regular,420.0
raw,"RDO No. 72 - Roxas City, Capiz is composed of the following City and Munic",025-2021,"October 31, 2021",3RD,:   CAPIZ,MAMBUSAO,"BATING, PINAY, BAYE, CALAAGUS, BUNGSI, BATIANO, BALIT, BERGANTE, LIBO-O, PANGPANG NORTE, PANGPANG SUR, SINONDOJAN, BUNGA",ALL LOTS,INTERIOR LOTS,A1,Agricultural - A1,60.0
raw,"RDO No. 72 - Roxas City, Capiz is composed of the following City and Munic",025-2021,"October 31, 2021",3RD,:   CAPIZ,MAMBUSAO,"BATING, PINAY, BAYE, CALAAGUS, BUNGSI, BATIANO, BALIT, BERGANTE, LIBO-O, PANGPANG NORTE, PANGPANG SUR, SINONDOJAN, BUNGA",ALL LOTS,INTERIOR LOTS,A2,Agricultural - A2,40.0
raw,"RDO No. 72 - Roxas City, Capiz is composed of the following City and Munic",025-2021,"October 31, 2021",3RD,:   CAPIZ,MAMBUSAO,"BATING, PINAY, BAYE, CALAAGUS, BUNGSI, BATIANO, BALIT, BERGANTE, LIBO-O, PANGPANG NORTE, PANGPANG SUR, SINONDOJAN, BUNGA",ALL LOTS,INTERIOR LOTS,A3,Agricultural - A3,40.0
raw,"RDO No. 72 - Roxas City, Capiz is composed of the following City and Munic",025-2021,"October 31, 2021",3RD,:   CAPIZ,MAMBUSAO,"BATING, PINAY, BAYE, CALAAGUS, BUNGSI, BATIANO, BALIT, BERGANTE, LIBO-O, PANGPANG NORTE, PANGPANG SUR, SINONDOJAN, BUNGA",ALL LOTS,INTERIOR LOTS,A4,Agricultural - A4,25.0
raw,"RDO No. 72 - Roxas City, Capiz is composed of the following City and Munic",025-2021,"October 31, 2021",3RD,:   CAPIZ,MAMBUSAO,"BATING, PINAY, BAYE, CALAAGUS, BUNGSI, BATIANO, BALIT, BERGANTE, LIBO-O, PANGPANG NORTE, PANGPANG SUR, SINONDOJAN, BUNGA",ALL LOTS,INTERIOR LOTS,A7,Agricultural - A7,15.0
raw,"RDO No. 72 - Roxas City, Capiz is composed of the following City and Munic",025-2021,"October 31, 2021",3RD,:   CAPIZ,MAMBUSAO,"BATING, PINAY, BAYE, CALAAGUS, BUNGSI, BATIANO, BALIT, BERGANTE, LIBO-O, PANGPANG NORTE, PANGPANG SUR, SINONDOJAN, BUNGA",ALL LOTS,INTERIOR LOTS,A8,Agricultural - A8,25.0
raw,"RDO No. 72 - Roxas City, Capiz is composed of the following City and Munic",025-2021,"October 31, 2021",3RD,:   CAPIZ,MAMBUSAO,"BATING, PINAY, BAYE, CALAAGUS, BUNGSI, BATIANO, BALIT, BERGANTE, LIBO-O, PANGPANG NORTE, PANGPANG SUR, SINONDOJAN, BUNGA",ALL LOTS,INTERIOR LOTS,A10,Agricultural - A10,15.0
raw,"RDO No. 72 - Roxas City, Capiz is composed of the following City and Munic",025-2021,"October 31, 2021",3RD,:   CAPIZ,MAMBUSAO,"BATING, PINAY, BAYE, CALAAGUS, BUNGSI, BATIANO, BALIT, BERGANTE, LIBO-O, PANGPANG NORTE, PANGPANG SUR, SINONDOJAN, BUNGA",ALL LOTS,INTERIOR LOTS,A12,Agricultural - A12,30.0
raw,"RDO No. 72 - Roxas City, Capiz is composed of the following City and Munic",025-2021,"October 31, 2021",3RD,:   CAPIZ,MAMBUSAO,"BATING, PINAY, BAYE, CALAAGUS, BUNGSI, BATIANO, BALIT, BERGANTE, LIBO-O, PANGPANG NORTE, PANGPANG SUR, SINONDOJAN, BUNGA",ALL LOTS,INTERIOR LOTS,A14,Agricultural - A14,15.0
raw,"RDO No. 72 - Roxas City, Capiz is composed of the following City and Munic",025-2021,"October 31, 2021",3RD,:   CAPIZ,MAMBUSAO,"BATING, PINAY, BAYE, CALAAGUS, BUNGSI, BATIANO, BALIT, BERGANTE, LIBO-O, PANGPANG NORTE, PANGPANG SUR, SINONDOJAN, BUNGA",ALL LOTS,INTERIOR LOTS,A15,Agricultural - A15,15.0
raw,"RDO No. 72 - Roxas City, Capiz is composed of the following City and Munic",025-2021,"October 31, 2021",3RD,:   CAPIZ,MAMBUSAO,"BATING, PINAY, BAYE, CALAAGUS, BUNGSI, BATIANO, BALIT, BERGANTE, LIBO-O, PANGPANG NORTE, PANGPANG SUR, SINONDOJAN, BUNGA",ALL LOTS,INTERIOR LOTS,A16,Agricultural - A16,35.0
raw,"RDO No. 72 - Roxas City, Capiz is composed of the following City and Munic",025-2021,"October 31, 2021",3RD,:   CAPIZ,MAMBUSAO,"BATING, PINAY, BAYE, CALAAGUS, BUNGSI, BATIANO, BALIT, BERGANTE, LIBO-O, PANGPANG NORTE, PANGPANG SUR, SINONDOJAN, BUNGA",ALL LOTS,INTERIOR LOTS,A17,Agricultural - A17,35.0
raw,"RDO No. 72 - Roxas City, Capiz is composed of the following City and Munic",025-2021,"October 31, 2021",3RD,:   CAPIZ,MAMBUSAO,"BATING, PINAY, BAYE, CALAAGUS, BUNGSI, BATIANO, BALIT, BERGANTE, LIBO-O, PANGPANG NORTE, PANGPANG SUR, SINONDOJAN, BUNGA",ALL LOTS,INTERIOR LOTS,A26,Agricultural - A26,15.0
raw,"RDO No. 72 - Roxas City, Capiz is composed of the following City and Munic",025-2021,"October 31, 2021",3RD,:   CAPIZ,MAMBUSAO,"BATING, PINAY, BAYE, CALAAGUS, BUNGSI, BATIANO, BALIT, BERGANTE, LIBO-O, PANGPANG NORTE, PANGPANG SUR, SINONDOJAN, BUNGA",ALL LOTS,INTERIOR LOTS,A36,Agricultural - A36,10.0
raw,"RDO No. 72 - Roxas City, Capiz is composed of the following City and Munic",025-2021,"October 31, 2021",3RD,:   CAPIZ,MAMBUSAO,"BATING, PINAY, BAYE, CALAAGUS, BUNGSI, BATIANO, BALIT, BERGANTE, LIBO-O, PANGPANG NORTE, PANGPANG SUR, SINONDOJAN, BUNGA",ALL LOTS,INTERIOR LOTS,A49,Agricultural - A49,10.0
raw,"RDO No. 72 - Roxas City, Capiz is composed of the following City and Munic",025-2021,"October 31, 2021",3RD,:   CAPIZ,MAMBUSAO,"BATING, PINAY, BAYE, CALAAGUS, BUNGSI, BATIANO, BALIT, BERGANTE, LIBO-O, PANGPANG NORTE, PANGPANG SUR, SINONDOJAN, BUNGA",ALL LOTS,INTERIOR LOTS,A50,Agricultural - A50,10.0
raw,"RDO No. 72 - Roxas City, Capiz is composed of the following City and Munic",,,2ND,:   CAPIZ,MAMBUSAO,"BATO-BATO, BERGANTE, BUNGA, BULA",ALL LOTS,,RR,Residential - Regular,275.0
raw,"RDO No. 72 - Roxas City, Capiz is composed of the following City and Munic",,,2ND,:   CAPIZ,MAMBUSAO,"BATO-BATO, BERGANTE, BUNGA, BULA",ALL LOTS,INTERIOR LOTS,RR,Residential - Regular,225.0
raw,"RDO No. 72 - Roxas City, Capiz is composed of the following City and Munic",,,2ND,:   CAPIZ,MAMBUSAO,"BATO-BATO, BERGANTE, BUNGA, BULA",ALL LOTS,INTERIOR LOTS,A1,Agricultural - A1,35.0
raw,"RDO No. 72 - Roxas City, Capiz is composed of the following City and Munic",,,2ND,:   CAPIZ,MAMBUSAO,"BATO-BATO, BERGANTE, BUNGA, BULA",ALL LOTS,INTERIOR LOTS,A2,Agricultural - A2,23.0
raw,"RDO No. 72 - Roxas City, Capiz is composed of the following City and Munic",,,2ND,:   CAPIZ,MAMBUSAO,"BATO-BATO, BERGANTE, BUNGA, BULA",ALL LOTS,INTERIOR LOTS,A3,Agricultural - A3,19.0
raw,"RDO No. 72 - Roxas City, Capiz is composed of the following City and Munic",,,2ND,:   CAPIZ,MAMBUSAO,"BATO-BATO, BERGANTE, BUNGA, BULA",ALL LOTS,INTERIOR LOTS,A4,Agricultural - A4,13.0
raw,"RDO No. 72 - Roxas City, Capiz is composed of the following City and Munic",,,2ND,:   CAPIZ,MAMBUSAO,"BATO-BATO, BERGANTE, BUNGA, BULA",ALL LOTS,INTERIOR LOTS,A7,Agricultural - A7,7.0
raw,"RDO No. 72 - Roxas City, Capiz is composed of the following City and Munic",,,2ND,:   CAPIZ,MAMBUSAO,"BATO-BATO, BERGANTE, BUNGA, BULA",ALL LOTS,INTERIOR LOTS,A8,Agricultural - A8,13.0
raw,"RDO No. 72 - Roxas City, Capiz is composed of the following City and Munic",,,2ND,:   CAPIZ,MAMBUSAO,"BATO-BATO, BERGANTE, BUNGA, BULA",ALL LOTS,INTERIOR LOTS,A10,Agricultural - A10,8.0
raw,"RDO No. 72 - Roxas City, Capiz is composed of the following City and Munic",,,2ND,:   CAPIZ,MAMBUSAO,"BATO-BATO, BERGANTE, BUNGA, BULA",ALL LOTS,INTERIOR LOTS,A12,Agricultural - A12,18.0
raw,"RDO No. 72 - Roxas City, Capiz is composed of the following City and Munic",,,2ND,:   CAPIZ,MAMBUSAO,"BATO-BATO, BERGANTE, BUNGA, BULA",ALL LOTS,INTERIOR LOTS,A14,Agricultural - A14,9.0
raw,"RDO No. 72 - Roxas City, Capiz is composed of the following City and Munic",,,2ND,:   CAPIZ,MAMBUSAO,"BATO-BATO, BERGANTE, BUNGA, BULA",ALL LOTS,INTERIOR LOTS,A15,Agricultural - A15,8.0
raw,"RDO No. 72 - Roxas City, Capiz is composed of the following City and Munic",,,2ND,:   CAPIZ,MAMBUSAO,"BATO-BATO, BERGANTE, BUNGA, BULA",ALL LOTS,INTERIOR LOTS,A16,Agricultural - A16,20.0
raw,"RDO No. 72 - Roxas City, Capiz is composed of the following City and Munic",,,2ND,:   CAPIZ,MAMBUSAO,"BATO-BATO, BERGANTE, BUNGA, BULA",ALL LOTS,INTERIOR LOTS,A17,Agricultural - A17,21.0
raw,"RDO No. 72 - Roxas City, Capiz is composed of the following City and Munic",,,2ND,:   CAPIZ,MAMBUSAO,"BATO-BATO, BERGANTE, BUNGA, BULA",ALL LOTS,INTERIOR LOTS,A26,Agricultural - A26,8.0
raw,"RDO No. 72 - Roxas City, Capiz is composed of the following City and Munic",,,2ND,:   CAPIZ,MAMBUSAO,"BATO-BATO, BERGANTE, BUNGA, BULA",ALL LOTS,INTERIOR LOTS,A36,Agricultural - A36,6.0
raw,"RDO No. 72 - Roxas City, Capiz is composed of the following City and Munic",,,2ND,:   CAPIZ,MAMBUSAO,"BATO-BATO, BERGANTE, BUNGA, BULA",ALL LOTS,INTERIOR LOTS,A49,Agricultural - A49,5.0
raw,"RDO No. 72 - Roxas City, Capiz is composed of the following City and Munic",,,2ND,:   CAPIZ,MAMBUSAO,"BATO-BATO, BERGANTE, BUNGA, BULA",ALL LOTS,INTERIOR LOTS,A50,Agricultural - A50,5.0
raw,"RDO No. 72 - Roxas City, Capiz is composed of the following City and Munic",025-2021,"October 31, 2021",3RD,:   CAPIZ,MAMBUSAO,"BATO-BATO, TUMALALUD, MARALAG, CAIDQUID",ALL LOTS,,RR,Residential - Regular,440.0
raw,"RDO No. 72 - Roxas City, Capiz is composed of the following City and Munic",025-2021,"October 31, 2021",3RD,:   CAPIZ,MAMBUSAO,"BATO-BATO, TUMALALUD, MARALAG, CAIDQUID",ALL LOTS,INTERIOR LOTS,RR,Residential - Regular,365.0
raw,"RDO No. 72 - Roxas City, Capiz is composed of the following City and Munic",025-2021,"October 31, 2021",3RD,:   CAPIZ,MAMBUSAO,"BATO-BATO, TUMALALUD, MARALAG, CAIDQUID",ALONG NATIONAL ROAD,INTERIOR LOTS,RR,Residential - Regular,450.0
raw,"RDO No. 72 - Roxas City, Capiz is composed of the following City and Munic",025-2021,"October 31, 2021",3RD,:   CAPIZ,MAMBUSAO,"BATO-BATO, TUMALALUD, MARALAG, CAIDQUID",ALONG PROVINCIAL ROAD,INTERIOR LOTS,RR,Residential - Regular,440.0
raw,"RDO No. 72 - Roxas City, Capiz is composed of the following City and Munic",025-2021,"October 31, 2021",3RD,:   CAPIZ,MAMBUSAO,"BATO-BATO, TUMALALUD, MARALAG, CAIDQUID",ALONG PROVINCIAL ROAD,INTERIOR LOTS,A1,Agricultural - A1,60.0
raw,"RDO No. 72 - Roxas City, Capiz is composed of the following City and Munic",025-2021,"October 31, 2021",3RD,:   CAPIZ,MAMBUSAO,"BATO-BATO, TUMALALUD, MARALAG, CAIDQUID",ALONG PROVINCIAL ROAD,INTERIOR LOTS,A2,Agricultural - A2,40.0
raw,"RDO No. 72 - Roxas City, Capiz is composed of the following City and Munic",025-2021,"October 31, 2021",3RD,:   CAPIZ,MAMBUSAO,"BATO-BATO, TUMALALUD, MARALAG, CAIDQUID",ALONG PROVINCIAL ROAD,INTERIOR LOTS,A3,Agricultural - A3,40.0
raw,"RDO No. 72 - Roxas City, Capiz is composed of the following City and Munic",025-2021,"October 31, 2021",3RD,:   CAPIZ,MAMBUSAO,"BATO-BATO, TUMALALUD, MARALAG, CAIDQUID",ALONG PROVINCIAL ROAD,INTERIOR LOTS,A4,Agricultural - A4,25.0
raw,"RDO No. 72 - Roxas City, Capiz is composed of the following City and Munic",025-2021,"October 31, 2021",3RD,:   CAPIZ,MAMBUSAO,"BATO-BATO, TUMALALUD, MARALAG, CAIDQUID",ALONG PROVINCIAL ROAD,INTERIOR LOTS,A7,Agricultural - A7,15.0
raw,"RDO No. 72 - Roxas City, Capiz is composed of the following City and Munic",025-2021,"October 31, 2021",3RD,:   CAPIZ,MAMBUSAO,"BATO-BATO, TUMALALUD, MARALAG, CAIDQUID",ALONG PROVINCIAL ROAD,INTERIOR LOTS,A8,Agricultural - A8,25.0
raw,"RDO No. 72 - Roxas City, Capiz is composed of the following City and Munic",025-2021,"October 31, 2021",3RD,:   CAPIZ,MAMBUSAO,"BATO-BATO, TUMALALUD, MARALAG, CAIDQUID",ALONG PROVINCIAL ROAD,INTERIOR LOTS,A10,Agricultural - A10,15.0
raw,"RDO No. 72 - Roxas City, Capiz is composed of the following City and Munic",025-2021,"October 31, 2021",3RD,:   CAPIZ,MAMBUSAO,"BATO-BATO, TUMALALUD, MARALAG, CAIDQUID",ALONG PROVINCIAL ROAD,INTERIOR LOTS,A12,Agricultural - A12,30.0
raw,"RDO No. 72 - Roxas City, Capiz is composed of the following City and Munic",025-2021,"October 31, 2021",3RD,:   CAPIZ,MAMBUSAO,"BATO-BATO, TUMALALUD, MARALAG, CAIDQUID",ALONG PROVINCIAL ROAD,INTERIOR LOTS,A14,Agricultural - A14,15.0
raw,"RDO No. 72 - Roxas City, Capiz is composed of the following City and Munic",025-2021,"October 31, 2021",3RD,:   CAPIZ,MAMBUSAO,"BATO-BATO, TUMALALUD, MARALAG, CAIDQUID",ALONG PROVINCIAL ROAD,INTERIOR LOTS,A15,Agricultural - A15,15.0
raw,"RDO No. 72 - Roxas City, Capiz is composed of the following City and Munic",025-2021,"October 31, 2021",3RD,:   CAPIZ,MAMBUSAO,"BATO-BATO, TUMALALUD, MARALAG, CAIDQUID",ALONG PROVINCIAL ROAD,INTERIOR LOTS,A16,Agricultural - A16,35.0
raw,"RDO No. 72 - Roxas City, Capiz is composed of the following City and Munic",025-2021,"October 31, 2021",3RD,:   CAPIZ,MAMBUSAO,"BATO-BATO, TUMALALUD, MARALAG, CAIDQUID",ALONG PROVINCIAL ROAD,INTERIOR LOTS,A17,Agricultural - A17,35.0
raw,"RDO No. 72 - Roxas City, Capiz is composed of the following City and Munic",025-2021,"October 31, 2021",3RD,:   CAPIZ,MAMBUSAO,"BATO-BATO, TUMALALUD, MARALAG, CAIDQUID",ALONG PROVINCIAL ROAD,INTERIOR LOTS,A26,Agricultural - A26,15.0
raw,"RDO No. 72 - Roxas City, Capiz is composed of the following City and Munic",025-2021,"October 31, 2021",3RD,:   CAPIZ,MAMBUSAO,"BATO-BATO, TUMALALUD, MARALAG, CAIDQUID",ALONG PROVINCIAL ROAD,INTERIOR LOTS,A36,Agricultural - A36,10.0
raw,"RDO No. 72 - Roxas City, Capiz is composed of the following City and Munic",025-2021,"October 31, 2021",3RD,:   CAPIZ,MAMBUSAO,"BATO-BATO, TUMALALUD, MARALAG, CAIDQUID",ALONG PROVINCIAL ROAD,INTERIOR LOTS,A49,Agricultural - A49,10.0
raw,"RDO No. 72 - Roxas City, Capiz is composed of the following City and Munic",025-2021,"October 31, 2021",3RD,:   CAPIZ,MAMBUSAO,"BATO-BATO, TUMALALUD, MARALAG, CAIDQUID",ALONG PROVINCIAL ROAD,INTERIOR LOTS,A50,Agricultural - A50,10.0
raw,"RDO No. 72 - Roxas City, Capiz is composed of the following City and Munic",025-2021,"October 31, 2021",3RD,:   CAPIZ,MAMBUSAO,BULA (Traversed by National Road),ALL LOTS,,RR,Residential - Regular,510.0
raw,"RDO No. 72 - Roxas City, Capiz is composed of the following City and Munic",025-2021,"October 31, 2021",3RD,:   CAPIZ,MAMBUSAO,BULA (Traversed by National Road),ALL LOTS,INTERIOR LOTS,RR,Residential - Regular,420.0
raw,"RDO No. 72 - Roxas City, Capiz is composed of the following City and Munic",025-2021,"October 31, 2021",3RD,:   CAPIZ,MAMBUSAO,BULA (Traversed by National Road),ALONG NATIONAL ROAD,INTERIOR LOTS,RR,Residential - Regular,520.0
raw,"RDO No. 72 - Roxas City, Capiz is composed of the following City and Munic",025-2021,"October 31, 2021",3RD,:   CAPIZ,MAMBUSAO,BULA (Traversed by National Road),ALONG PROVINCIAL ROAD,INTERIOR LOTS,RR,Residential - Regular,510.0
raw,"RDO No. 72 - Roxas City, Capiz is composed of the following City and Munic",025-2021,"October 31, 2021",3RD,:   CAPIZ,MAMBUSAO,BULA (Traversed by National Road),ALONG PROVINCIAL ROAD,INTERIOR LOTS,A1,Agricultural - A1,60.0
raw,"RDO No. 72 - Roxas City, Capiz is composed of the following City and Munic",025-2021,"October 31, 2021",3RD,:   CAPIZ,MAMBUSAO,BULA (Traversed by National Road),ALONG PROVINCIAL ROAD,INTERIOR LOTS,A2,Agricultural - A2,40.0
raw,"RDO No. 72 - Roxas City, Capiz is composed of the following City and Munic",025-2021,"October 31, 2021",3RD,:   CAPIZ,MAMBUSAO,BULA (Traversed by National Road),ALONG PROVINCIAL ROAD,INTERIOR LOTS,A3,Agricultural - A3,40.0
raw,"RDO No. 72 - Roxas City, Capiz is composed of the following City and Munic",025-2021,"October 31, 2021",3RD,:   CAPIZ,MAMBUSAO,BULA (Traversed by National Road),ALONG PROVINCIAL ROAD,INTERIOR LOTS,A4,Agricultural - A4,25.0
raw,"RDO No. 72 - Roxas City, Capiz is composed of the following City and Munic",025-2021,"October 31, 2021",3RD,:   CAPIZ,MAMBUSAO,BULA (Traversed by National Road),ALONG PROVINCIAL ROAD,INTERIOR LOTS,A7,Agricultural - A7,15.0
raw,"RDO No. 72 - Roxas City, Capiz is composed of the following City and Munic",025-2021,"October 31, 2021",3RD,:   CAPIZ,MAMBUSAO,BULA (Traversed by National Road),ALONG PROVINCIAL ROAD,INTERIOR LOTS,A8,Agricultural - A8,25.0
raw,"RDO No. 72 - Roxas City, Capiz is composed of the following City and Munic",025-2021,"October 31, 2021",3RD,:   CAPIZ,MAMBUSAO,BULA (Traversed by National Road),ALONG PROVINCIAL ROAD,INTERIOR LOTS,A10,Agricultural - A10,15.0
raw,"RDO No. 72 - Roxas City, Capiz is composed of the following City and Munic",025-2021,"October 31, 2021",3RD,:   CAPIZ,MAMBUSAO,BULA (Traversed by National Road),ALONG PROVINCIAL ROAD,INTERIOR LOTS,A12,Agricultural - A12,30.0
raw,"RDO No. 72 - Roxas City, Capiz is composed of the following City and Munic",025-2021,"October 31, 2021",3RD,:   CAPIZ,MAMBUSAO,BULA (Traversed by National Road),ALONG PROVINCIAL ROAD,INTERIOR LOTS,A14,Agricultural - A14,15.0
raw,"RDO No. 72 - Roxas City, Capiz is composed of the following City and Munic",025-2021,"October 31, 2021",3RD,:   CAPIZ,MAMBUSAO,BULA (Traversed by National Road),ALONG PROVINCIAL ROAD,INTERIOR LOTS,A15,Agricultural - A15,15.0
raw,"RDO No. 72 - Roxas City, Capiz is composed of the following City and Munic",025-2021,"October 31, 2021",3RD,:   CAPIZ,MAMBUSAO,BULA (Traversed by National Road),ALONG PROVINCIAL ROAD,INTERIOR LOTS,A16,Agricultural - A16,35.0
raw,"RDO No. 72 - Roxas City, Capiz is composed of the following City and Munic",025-2021,"October 31, 2021",3RD,:   CAPIZ,MAMBUSAO,BULA (Traversed by National Road),ALONG PROVINCIAL ROAD,INTERIOR LOTS,A17,Agricultural - A17,35.0
raw,"RDO No. 72 - Roxas City, Capiz is composed of the following City and Munic",025-2021,"October 31, 2021",3RD,:   CAPIZ,MAMBUSAO,BULA (Traversed by National Road),ALONG PROVINCIAL ROAD,INTERIOR LOTS,A26,Agricultural - A26,15.0
raw,"RDO No. 72 - Roxas City, Capiz is composed of the following City and Munic",025-2021,"October 31, 2021",3RD,:   CAPIZ,MAMBUSAO,BULA (Traversed by National Road),ALONG PROVINCIAL ROAD,INTERIOR LOTS,A36,Agricultural - A36,10.0
raw,"RDO No. 72 - Roxas City, Capiz is composed of the following City and Munic",025-2021,"October 31, 2021",3RD,:   CAPIZ,MAMBUSAO,BULA (Traversed by National Road),ALONG PROVINCIAL ROAD,INTERIOR LOTS,A49,Agricultural - A49,10.0
raw,"RDO No. 72 - Roxas City, Capiz is composed of the following City and Munic",025-2021,"October 31, 2021",3RD,:   CAPIZ,MAMBUSAO,BULA (Traversed by National Road),ALONG PROVINCIAL ROAD,INTERIOR LOTS,A50,Agricultural - A50,10.0
raw,"RDO No. 72 - Roxas City, Capiz is composed of the following City and Munic",,,2ND,:   CAPIZ,MAMBUSAO,"BUNGSI, BURIAS,CAIDQUID, CALA-AGUS",ALL LOTS,,RR,Residential - Regular,275.0
raw,"RDO No. 72 - Roxas City, Capiz is composed of the following City and Munic",,,2ND,:   CAPIZ,MAMBUSAO,"BUNGSI, BURIAS,CAIDQUID, CALA-AGUS",ALL LOTS,INTERIOR LOTS,RR,Residential - Regular,225.0
raw,"RDO No. 72 - Roxas City, Capiz is composed of the following City and Munic",,,2ND,:   CAPIZ,MAMBUSAO,"BUNGSI, BURIAS,CAIDQUID, CALA-AGUS",ALL LOTS,INTERIOR LOTS,A1,Agricultural - A1,35.0
raw,"RDO No. 72 - Roxas City, Capiz is composed of the following City and Munic",,,2ND,:   CAPIZ,MAMBUSAO,"BUNGSI, BURIAS,CAIDQUID, CALA-AGUS",ALL LOTS,INTERIOR LOTS,A2,Agricultural - A2,23.0
raw,"RDO No. 72 - Roxas City, Capiz is composed of the following City and Munic",,,2ND,:   CAPIZ,MAMBUSAO,"BUNGSI, BURIAS,CAIDQUID, CALA-AGUS",ALL LOTS,INTERIOR LOTS,A3,Agricultural - A3,19.0
raw,"RDO No. 72 - Roxas City, Capiz is composed of the following City and Munic",,,2ND,:   CAPIZ,MAMBUSAO,"BUNGSI, BURIAS,CAIDQUID, CALA-AGUS",ALL LOTS,INTERIOR LOTS,A4,Agricultural - A4,13.0
raw,"RDO No. 72 - Roxas City, Capiz is composed of the following City and Munic",,,2ND,:   CAPIZ,MAMBUSAO,"BUNGSI, BURIAS,CAIDQUID, CALA-AGUS",ALL LOTS,INTERIOR LOTS,A7,Agricultural - A7,7.0
raw,"RDO No. 72 - Roxas City, Capiz is composed of the following City and Munic",,,2ND,:   CAPIZ,MAMBUSAO,"BUNGSI, BURIAS,CAIDQUID, CALA-AGUS",ALL LOTS,INTERIOR LOTS,A8,Agricultural - A8,13.0
raw,"RDO No. 72 - Roxas City, Capiz is composed of the following City and Munic",,,2ND,:   CAPIZ,MAMBUSAO,"BUNGSI, BURIAS,CAIDQUID, CALA-AGUS",ALL LOTS,INTERIOR LOTS,A10,Agricultural - A10,8.0
raw,"RDO No. 72 - Roxas City, Capiz is composed of the following City and Munic",,,2ND,:   CAPIZ,MAMBUSAO,"BUNGSI, BURIAS,CAIDQUID, CALA-AGUS",ALL LOTS,INTERIOR LOTS,A12,Agricultural - A12,18.0
raw,"RDO No. 72 - Roxas City, Capiz is composed of the following City and Munic",,,2ND,:   CAPIZ,MAMBUSAO,"BUNGSI, BURIAS,CAIDQUID, CALA-AGUS",ALL LOTS,INTERIOR LOTS,A14,Agricultural - A14,9.0
raw,"RDO No. 72 - Roxas City, Capiz is composed of the following City and Munic",,,2ND,:   CAPIZ,MAMBUSAO,"BUNGSI, BURIAS,CAIDQUID, CALA-AGUS",ALL LOTS,INTERIOR LOTS,A15,Agricultural - A15,8.0
raw,"RDO No. 72 - Roxas City, Capiz is composed of the following City and Munic",,,2ND,:   CAPIZ,MAMBUSAO,"BUNGSI, BURIAS,CAIDQUID, CALA-AGUS",ALL LOTS,INTERIOR LOTS,A16,Agricultural - A16,20.0
raw,"RDO No. 72 - Roxas City, Capiz is composed of the following City and Munic",,,2ND,:   CAPIZ,MAMBUSAO,"BUNGSI, BURIAS,CAIDQUID, CALA-AGUS",ALL LOTS,INTERIOR LOTS,A17,Agricultural - A17,21.0
raw,"RDO No. 72 - Roxas City, Capiz is composed of the following City and Munic",,,2ND,:   CAPIZ,MAMBUSAO,"BUNGSI, BURIAS,CAIDQUID, CALA-AGUS",ALL LOTS,INTERIOR LOTS,A26,Agricultural - A26,8.0
raw,"RDO No. 72 - Roxas City, Capiz is composed of the following City and Munic",,,2ND,:   CAPIZ,MAMBUSAO,"BUNGSI, BURIAS,CAIDQUID, CALA-AGUS",ALL LOTS,INTERIOR LOTS,A36,Agricultural - A36,6.0
raw,"RDO No. 72 - Roxas City, Capiz is composed of the following City and Munic",,,2ND,:   CAPIZ,MAMBUSAO,"BUNGSI, BURIAS,CAIDQUID, CALA-AGUS",ALL LOTS,INTERIOR LOTS,A49,Agricultural - A49,5.0
raw,"RDO No. 72 - Roxas City, Capiz is composed of the following City and Munic",,,2ND,:   CAPIZ,MAMBUSAO,"BUNGSI, BURIAS,CAIDQUID, CALA-AGUS",ALL LOTS,INTERIOR LOTS,A50,Agricultural - A50,5.0
raw,"RDO No. 72 - Roxas City, Capiz is composed of the following City and Munic",025-2021,"October 31, 2021",3RD,:   CAPIZ,MAMBUSAO,BURIAS,ALL LOTS,,RR,Residential - Regular,510.0
raw,"RDO No. 72 - Roxas City, Capiz is composed of the following City and Munic",025-2021,"October 31, 2021",3RD,:   CAPIZ,MAMBUSAO,BURIAS,ALL LOTS,INTERIOR LOTS,RR,Residential - Regular,420.0
raw,"RDO No. 72 - Roxas City, Capiz is composed of the following City and Munic",025-2021,"October 31, 2021",3RD,:   CAPIZ,MAMBUSAO,BURIAS,ALONG NATIONAL ROAD,INTERIOR LOTS,RR,Residential - Regular,520.0
raw,"RDO No. 72 - Roxas City, Capiz is composed of the following City and Munic",025-2021,"October 31, 2021",3RD,:   CAPIZ,MAMBUSAO,BURIAS,ALONG PROVINCIAL ROAD,INTERIOR LOTS,RR,Residential - Regular,510.0
raw,"RDO No. 72 - Roxas City, Capiz is composed of the following City and Munic",025-2021,"October 31, 2021",3RD,:   CAPIZ,MAMBUSAO,BURIAS,ALONG PROVINCIAL ROAD,INTERIOR LOTS,A1,Agricultural - A1,60.0
raw,"RDO No. 72 - Roxas City, Capiz is composed of the following City and Munic",025-2021,"October 31, 2021",3RD,:   CAPIZ,MAMBUSAO,BURIAS,ALONG PROVINCIAL ROAD,INTERIOR LOTS,A2,Agricultural - A2,40.0
raw,"RDO No. 72 - Roxas City, Capiz is composed of the following City and Munic",025-2021,"October 31, 2021",3RD,:   CAPIZ,MAMBUSAO,BURIAS,ALONG PROVINCIAL ROAD,INTERIOR LOTS,A3,Agricultural - A3,40.0
raw,"RDO No. 72 - Roxas City, Capiz is composed of the following City and Munic",025-2021,"October 31, 2021",3RD,:   CAPIZ,MAMBUSAO,BURIAS,ALONG PROVINCIAL ROAD,INTERIOR LOTS,A4,Agricultural - A4,25.0
raw,"RDO No. 72 - Roxas City, Capiz is composed of the following City and Munic",025-2021,"October 31, 2021",3RD,:   CAPIZ,MAMBUSAO,BURIAS,ALONG PROVINCIAL ROAD,INTERIOR LOTS,A7,Agricultural - A7,15.0
raw,"RDO No. 72 - Roxas City, Capiz is composed of the following City and Munic",025-2021,"October 31, 2021",3RD,:   CAPIZ,MAMBUSAO,BURIAS,ALONG PROVINCIAL ROAD,INTERIOR LOTS,A8,Agricultural - A8,25.0
raw,"RDO No. 72 - Roxas City, Capiz is composed of the following City and Munic",025-2021,"October 31, 2021",3RD,:   CAPIZ,MAMBUSAO,BURIAS,ALONG PROVINCIAL ROAD,INTERIOR LOTS,A10,Agricultural - A10,15.0
raw,"RDO No. 72 - Roxas City, Capiz is composed of the following City and Munic",025-2021,"October 31, 2021",3RD,:   CAPIZ,MAMBUSAO,BURIAS,ALONG PROVINCIAL ROAD,INTERIOR LOTS,A12,Agricultural - A12,30.0
raw,"RDO No. 72 - Roxas City, Capiz is composed of the following City and Munic",025-2021,"October 31, 2021",3RD,:   CAPIZ,MAMBUSAO,BURIAS,ALONG PROVINCIAL ROAD,INTERIOR LOTS,A14,Agricultural - A14,15.0
raw,"RDO No. 72 - Roxas City, Capiz is composed of the following City and Munic",025-2021,"October 31, 2021",3RD,:   CAPIZ,MAMBUSAO,BURIAS,ALONG PROVINCIAL ROAD,INTERIOR LOTS,A15,Agricultural - A15,15.0
raw,"RDO No. 72 - Roxas City, Capiz is composed of the following City and Munic",025-2021,"October 31, 2021",3RD,:   CAPIZ,MAMBUSAO,BURIAS,ALONG PROVINCIAL ROAD,INTERIOR LOTS,A16,Agricultural - A16,35.0
raw,"RDO No. 72 - Roxas City, Capiz is composed of the following City and Munic",025-2021,"October 31, 2021",3RD,:   CAPIZ,MAMBUSAO,BURIAS,ALONG PROVINCIAL ROAD,INTERIOR LOTS,A17,Agricultural - A17,35.0
raw,"RDO No. 72 - Roxas City, Capiz is composed of the following City and Munic",025-2021,"October 31, 2021",3RD,:   CAPIZ,MAMBUSAO,BURIAS,ALONG PROVINCIAL ROAD,INTERIOR LOTS,A26,Agricultural - A26,15.0
raw,"RDO No. 72 - Roxas City, Capiz is composed of the following City and Munic",025-2021,"October 31, 2021",3RD,:   CAPIZ,MAMBUSAO,BURIAS,ALONG PROVINCIAL ROAD,INTERIOR LOTS,A36,Agricultural - A36,10.0
raw,"RDO No. 72 - Roxas City, Capiz is composed of the following City and Munic",025-2021,"October 31, 2021",3RD,:   CAPIZ,MAMBUSAO,BURIAS,ALONG PROVINCIAL ROAD,INTERIOR LOTS,A49,Agricultural - A49,10.0
raw,"RDO No. 72 - Roxas City, Capiz is composed of the following City and Munic",,,2ND,:   CAPIZ,MAMBUSAO,"LIBO-O, MANIBAD, MARALAG, NAJUS-AN",ALL LOTS,,RR,Residential - Regular,275.0
raw,"RDO No. 72 - Roxas City, Capiz is composed of the following City and Munic",,,2ND,:   CAPIZ,MAMBUSAO,"LIBO-O, MANIBAD, MARALAG, NAJUS-AN",ALL LOTS,INTERIOR LOTS,RR,Residential - Regular,225.0
raw,"RDO No. 72 - Roxas City, Capiz is composed of the following City and Munic",,,2ND,:   CAPIZ,MAMBUSAO,"LIBO-O, MANIBAD, MARALAG, NAJUS-AN",ALL LOTS,INTERIOR LOTS,A1,Agricultural - A1,35.0
raw,"RDO No. 72 - Roxas City, Capiz is composed of the following City and Munic",,,2ND,:   CAPIZ,MAMBUSAO,"LIBO-O, MANIBAD, MARALAG, NAJUS-AN",ALL LOTS,INTERIOR LOTS,A2,Agricultural - A2,23.0
raw,"RDO No. 72 - Roxas City, Capiz is composed of the following City and Munic",,,2ND,:   CAPIZ,MAMBUSAO,"LIBO-O, MANIBAD, MARALAG, NAJUS-AN",ALL LOTS,INTERIOR LOTS,A3,Agricultural - A3,19.0
raw,"RDO No. 72 - Roxas City, Capiz is composed of the following City and Munic",,,2ND,:   CAPIZ,MAMBUSAO,"LIBO-O, MANIBAD, MARALAG, NAJUS-AN",ALL LOTS,INTERIOR LOTS,A4,Agricultural - A4,13.0
raw,"RDO No. 72 - Roxas City, Capiz is composed of the following City and Munic",,,2ND,:   CAPIZ,MAMBUSAO,"LIBO-O, MANIBAD, MARALAG, NAJUS-AN",ALL LOTS,INTERIOR LOTS,A7,Agricultural - A7,7.0
raw,"RDO No. 72 - Roxas City, Capiz is composed of the following City and Munic",,,2ND,:   CAPIZ,MAMBUSAO,"LIBO-O, MANIBAD, MARALAG, NAJUS-AN",ALL LOTS,INTERIOR LOTS,A8,Agricultural - A8,13.0
raw,"RDO No. 72 - Roxas City, Capiz is composed of the following City and Munic",,,2ND,:   CAPIZ,MAMBUSAO,"LIBO-O, MANIBAD, MARALAG, NAJUS-AN",ALL LOTS,INTERIOR LOTS,A10,Agricultural - A10,8.0
raw,"RDO No. 72 - Roxas City, Capiz is composed of the following City and Munic",,,2ND,:   CAPIZ,MAMBUSAO,"LIBO-O, MANIBAD, MARALAG, NAJUS-AN",ALL LOTS,INTERIOR LOTS,A12,Agricultural - A12,18.0
raw,"RDO No. 72 - Roxas City, Capiz is composed of the following City and Munic",,,2ND,:   CAPIZ,MAMBUSAO,"LIBO-O, MANIBAD, MARALAG, NAJUS-AN",ALL LOTS,INTERIOR LOTS,A14,Agricultural - A14,9.0
raw,"RDO No. 72 - Roxas City, Capiz is composed of the following City and Munic",,,2ND,:   CAPIZ,MAMBUSAO,"LIBO-O, MANIBAD, MARALAG, NAJUS-AN",ALL LOTS,INTERIOR LOTS,A15,Agricultural - A15,8.0
raw,"RDO No. 72 - Roxas City, Capiz is composed of the following City and Munic",,,2ND,:   CAPIZ,MAMBUSAO,"LIBO-O, MANIBAD, MARALAG, NAJUS-AN",ALL LOTS,INTERIOR LOTS,A16,Agricultural - A16,20.0
raw,"RDO No. 72 - Roxas City, Capiz is composed of the following City and Munic",,,2ND,:   CAPIZ,MAMBUSAO,"LIBO-O, MANIBAD, MARALAG, NAJUS-AN",ALL LOTS,INTERIOR LOTS,A17,Agricultural - A17,21.0
raw,"RDO No. 72 - Roxas City, Capiz is composed of the following City and Munic",,,2ND,:   CAPIZ,MAMBUSAO,"LIBO-O, MANIBAD, MARALAG, NAJUS-AN",ALL LOTS,INTERIOR LOTS,A26,Agricultural - A26,8.0
raw,"RDO No. 72 - Roxas City, Capiz is composed of the following City and Munic",,,2ND,:   CAPIZ,MAMBUSAO,"LIBO-O, MANIBAD, MARALAG, NAJUS-AN",ALL LOTS,INTERIOR LOTS,A36,Agricultural - A36,6.0
raw,"RDO No. 72 - Roxas City, Capiz is composed of the following City and Munic",,,2ND,:   CAPIZ,MAMBUSAO,"LIBO-O, MANIBAD, MARALAG, NAJUS-AN",ALL LOTS,INTERIOR LOTS,A49,Agricultural - A49,5.0
raw,"RDO No. 72 - Roxas City, Capiz is composed of the following City and Munic",,,2ND,:   CAPIZ,MAMBUSAO,"LIBO-O, MANIBAD, MARALAG, NAJUS-AN",ALL LOTS,INTERIOR LOTS,A50,Agricultural - A50,5.0
raw,"RDO No. 72 - Roxas City, Capiz is composed of the following City and Munic",,,2ND,:   CAPIZ,MAMBUSAO,"PANG-PANG NORTE, PANG-PANG SUR, PINAY",ALL LOTS,,RR,Residential - Regular,275.0
raw,"RDO No. 72 - Roxas City, Capiz is composed of the following City and Munic",,,2ND,:   CAPIZ,MAMBUSAO,"PANG-PANG NORTE, PANG-PANG SUR, PINAY",ALL LOTS,INTERIOR LOTS,RR,Residential - Regular,225.0
raw,"RDO No. 72 - Roxas City, Capiz is composed of the following City and Munic",,,2ND,:   CAPIZ,MAMBUSAO,"PANG-PANG NORTE, PANG-PANG SUR, PINAY",ALL LOTS,INTERIOR LOTS,A1,Agricultural - A1,35.0
raw,"RDO No. 72 - Roxas City, Capiz is composed of the following City and Munic",,,2ND,:   CAPIZ,MAMBUSAO,"PANG-PANG NORTE, PANG-PANG SUR, PINAY",ALL LOTS,INTERIOR LOTS,A2,Agricultural - A2,23.0
raw,"RDO No. 72 - Roxas City, Capiz is composed of the following City and Munic",,,2ND,:   CAPIZ,MAMBUSAO,"PANG-PANG NORTE, PANG-PANG SUR, PINAY",ALL LOTS,INTERIOR LOTS,A3,Agricultural - A3,19.0
raw,"RDO No. 72 - Roxas City, Capiz is composed of the following City and Munic",,,2ND,:   CAPIZ,MAMBUSAO,"PANG-PANG NORTE, PANG-PANG SUR, PINAY",ALL LOTS,INTERIOR LOTS,A4,Agricultural - A4,13.0
raw,"RDO No. 72 - Roxas City, Capiz is composed of the following City and Munic",,,2ND,:   CAPIZ,MAMBUSAO,"PANG-PANG NORTE, PANG-PANG SUR, PINAY",ALL LOTS,INTERIOR LOTS,A7,Agricultural - A7,7.0
raw,"RDO No. 72 - Roxas City, Capiz is composed of the following City and Munic",,,2ND,:   CAPIZ,MAMBUSAO,"PANG-PANG NORTE, PANG-PANG SUR, PINAY",ALL LOTS,INTERIOR LOTS,A8,Agricultural - A8,13.0
raw,"RDO No. 72 - Roxas City, Capiz is composed of the following City and Munic",,,2ND,:   CAPIZ,MAMBUSAO,"PANG-PANG NORTE, PANG-PANG SUR, PINAY",ALL LOTS,INTERIOR LOTS,A10,Agricultural - A10,8.0
raw,"RDO No. 72 - Roxas City, Capiz is composed of the following City and Munic",,,2ND,:   CAPIZ,MAMBUSAO,"PANG-PANG NORTE, PANG-PANG SUR, PINAY",ALL LOTS,INTERIOR LOTS,A12,Agricultural - A12,18.0
raw,"RDO No. 72 - Roxas City, Capiz is composed of the following City and Munic",,,2ND,:   CAPIZ,MAMBUSAO,"PANG-PANG NORTE, PANG-PANG SUR, PINAY",ALL LOTS,INTERIOR LOTS,A14,Agricultural - A14,9.0
raw,"RDO No. 72 - Roxas City, Capiz is composed of the following City and Munic",,,2ND,:   CAPIZ,MAMBUSAO,"PANG-PANG NORTE, PANG-PANG SUR, PINAY",ALL LOTS,INTERIOR LOTS,A15,Agricultural - A15,8.0
raw,"RDO No. 72 - Roxas City, Capiz is composed of the following City and Munic",,,2ND,:   CAPIZ,MAMBUSAO,"PANG-PANG NORTE, PANG-PANG SUR, PINAY",ALL LOTS,INTERIOR LOTS,A16,Agricultural - A16,20.0
raw,"RDO No. 72 - Roxas City, Capiz is composed of the following City and Munic",,,2ND,:   CAPIZ,MAMBUSAO,"PANG-PANG NORTE, PANG-PANG SUR, PINAY",ALL LOTS,INTERIOR LOTS,A17,Agricultural - A17,21.0
raw,"RDO No. 72 - Roxas City, Capiz is composed of the following City and Munic",,,2ND,:   CAPIZ,MAMBUSAO,"PANG-PANG NORTE, PANG-PANG SUR, PINAY",ALL LOTS,INTERIOR LOTS,A26,Agricultural - A26,8.0
raw,"RDO No. 72 - Roxas City, Capiz is composed of the following City and Munic",,,2ND,:   CAPIZ,MAMBUSAO,"PANG-PANG NORTE, PANG-PANG SUR, PINAY",ALL LOTS,INTERIOR LOTS,A36,Agricultural - A36,6.0
raw,"RDO No. 72 - Roxas City, Capiz is composed of the following City and Munic",,,2ND,:   CAPIZ,MAMBUSAO,"PANG-PANG NORTE, PANG-PANG SUR, PINAY",ALL LOTS,INTERIOR LOTS,A49,Agricultural - A49,5.0
raw,"RDO No. 72 - Roxas City, Capiz is composed of the following City and Munic",,,2ND,:   CAPIZ,MAMBUSAO,"PANG-PANG NORTE, PANG-PANG SUR, PINAY",ALL LOTS,INTERIOR LOTS,A50,Agricultural - A50,5.0
raw,"RDO No. 72 - Roxas City, Capiz is composed of the following City and Munic",025-2021,"October 31, 2021",3RD,:   CAPIZ,MAMBUSAO,"POBLACION PROPER, TABUC",ALL OTHER STREET,ROAD WITHIN 1KM FROM POBLACION,RR,Residential - Regular,1085.0
raw,"RDO No. 72 - Roxas City, Capiz is composed of the following City and Munic",025-2021,"October 31, 2021",3RD,:   CAPIZ,MAMBUSAO,"POBLACION PROPER, TABUC",ALL OTHER STREET,ROAD MORE THAN 1KM FROM POBLACION,RR,Residential - Regular,650.0
raw,"RDO No. 72 - Roxas City, Capiz is composed of the following City and Munic",025-2021,"October 31, 2021",3RD,:   CAPIZ,MAMBUSAO,"POBLACION PROPER, TABUC",ALL OTHER STREET,INTEIOR LOTS,RR,Residential - Regular,375.0
raw,"RDO No. 72 - Roxas City, Capiz is composed of the following City and Munic",025-2021,"October 31, 2021",3RD,:   CAPIZ,MAMBUSAO,"POBLACION PROPER, TABUC",ALL OTHER STREET,WITHIN 10KMS FROM TRADING CENTER,I,Industrial,1870.0
raw,"RDO No. 72 - Roxas City, Capiz is composed of the following City and Munic",025-2021,"October 31, 2021",3RD,:   CAPIZ,MAMBUSAO,"POBLACION PROPER, TABUC",ALL OTHER STREET,WITHIN 10KMS FROM TRADING CENTER,GP,General Purpose,220.0
raw,"RDO No. 72 - Roxas City, Capiz is composed of the following City and Munic",,,2ND,:   CAPIZ,MAMBUSAO,"POBLACION PROPER, TABUC",ALL OTHER STREET,ROAD WITHIN 1KM FROM POBLACION,RR,Residential - Regular,500.0
raw,"RDO No. 72 - Roxas City, Capiz is composed of the following City and Munic",,,2ND,:   CAPIZ,MAMBUSAO,"POBLACION PROPER, TABUC",ALL OTHER STREET,ROAD MORE THAN 1KM FROM POBLACION,RR,Residential - Regular,300.0
raw,"RDO No. 72 - Roxas City, Capiz is composed of the following City and Munic",,,2ND,:   CAPIZ,MAMBUSAO,"POBLACION PROPER, TABUC",ALL OTHER STREET,INTEIOR LOTS,RR,Residential - Regular,175.0
raw,"RDO No. 72 - Roxas City, Capiz is composed of the following City and Munic",,,2ND,:   CAPIZ,MAMBUSAO,"POBLACION PROPER, TABUC",ALL OTHER STREET,WITHIN 10KMS FROM TRADING CENTER,I,Industrial,850.0
raw,"RDO No. 72 - Roxas City, Capiz is composed of the following City and Munic",,,2ND,:   CAPIZ,MAMBUSAO,"POBLACION PROPER, TABUC",ALL OTHER STREET,WITHIN 10KMS FROM TRADING CENTER,GP,General Purpose,100.0
raw,"RDO No. 72 - Roxas City, Capiz is composed of the following City and Munic",025-2021,"October 31, 2021",3RD,:   CAPIZ,MAMBUSAO,"POBLACION PROPER, TABUC",ALONG HIGHWAY,,RR,Residential - Regular,1590.0
raw,"RDO No. 72 - Roxas City, Capiz is composed of the following City and Munic",,,2ND,:   CAPIZ,MAMBUSAO,"POBLACION PROPER, TABUC",ALONG HIGHWAY,,RR,Residential - Regular,750.0
raw,"RDO No. 72 - Roxas City, Capiz is composed of the following City and Munic",025-2021,"October 31, 2021",3RD,:   CAPIZ,MAMBUSAO,"POBLACION PROPER, TABUC",ANDAYA ST,,RR,Residential - Regular,1590.0
raw,"RDO No. 72 - Roxas City, Capiz is composed of the following City and Munic",,,2ND,:   CAPIZ,MAMBUSAO,"POBLACION PROPER, TABUC",ANDAYA ST,,RR,Residential - Regular,750.0
raw,"RDO No. 72 - Roxas City, Capiz is composed of the following City and Munic",025-2021,"October 31, 2021",3RD,:   CAPIZ,MAMBUSAO,"POBLACION PROPER, TABUC",BURGOS ST,,RR,Residential - Regular,1590.0
raw,"RDO No. 72 - Roxas City, Capiz is composed of the following City and Munic",,,2ND,:   CAPIZ,MAMBUSAO,"POBLACION PROPER, TABUC",BURGOS ST,,RR,Residential - Regular,750.0
raw,"RDO No. 72 - Roxas City, Capiz is composed of the following City and Munic",025-2021,"October 31, 2021",3RD,:   CAPIZ,MAMBUSAO,"POBLACION PROPER, TABUC",CONSOLACION ST,,RR,Residential - Regular,1590.0
raw,"RDO No. 72 - Roxas City, Capiz is composed of the following City and Munic",,,2ND,:   CAPIZ,MAMBUSAO,"POBLACION PROPER, TABUC",CONSOLACION ST,,RR,Residential - Regular,750.0
raw,"RDO No. 72 - Roxas City, Capiz is composed of the following City and Munic",025-2021,"October 31, 2021",3RD,:   CAPIZ,MAMBUSAO,"POBLACION PROPER, TABUC",CORAZON DE JESUS T,,RR,Residential - Regular,1590.0
raw,"RDO No. 72 - Roxas City, Capiz is composed of the following City and Munic",,,2ND,:   CAPIZ,MAMBUSAO,"POBLACION PROPER, TABUC",CORAZON DE JESUS T,,RR,Residential - Regular,750.0
raw,"RDO No. 72 - Roxas City, Capiz is composed of the following City and Munic",025-2021,"October 31, 2021",3RD,:   CAPIZ,MAMBUSAO,"POBLACION PROPER, TABUC",DUMALAG/PROVINCIAL ROAD,,RR,Residential - Regular,1590.0
raw,"RDO No. 72 - Roxas City, Capiz is composed of the following City and Munic",,,2ND,:   CAPIZ,MAMBUSAO,"POBLACION PROPER, TABUC",DUMALAG/PROVINCIAL ROAD,,RR,Residential - Regular,750.0
raw,"RDO No. 72 - Roxas City, Capiz is composed of the following City and Munic",025-2021,"October 31, 2021",3RD,:   CAPIZ,MAMBUSAO,"POBLACION PROPER, TABUC",H. LAPIDEZ ST,,RR,Residential - Regular,1590.0
raw,"RDO No. 72 - Roxas City, Capiz is composed of the following City and Munic",,,2ND,:   CAPIZ,MAMBUSAO,"POBLACION PROPER, TABUC",H. LAPIDEZ ST,,RR,Residential - Regular,750.0
raw,"RDO No. 72 - Roxas City, Capiz is composed of the following City and Munic",025-2021,"October 31, 2021",3RD,:   CAPIZ,MAMBUSAO,"POBLACION PROPER, TABUC",JONES QUEZON ST,,RR,Residential - Regular,1590.0
raw,"RDO No. 72 - Roxas City, Capiz is composed of the following City and Munic",,,2ND,:   CAPIZ,MAMBUSAO,"POBLACION PROPER, TABUC",JONES QUEZON ST,,RR,Residential - Regular,750.0
raw,"RDO No. 72 - Roxas City, Capiz is composed of the following City and Munic",025-2021,"October 31, 2021",3RD,:   CAPIZ,MAMBUSAO,"POBLACION PROPER, TABUC",JOSE RIZAL ST,,RR,Residential - Regular,1590.0
raw,"RDO No. 72 - Roxas City, Capiz is composed of the following City and Munic",,,2ND,:   CAPIZ,MAMBUSAO,"POBLACION PROPER, TABUC",JOSE RIZAL ST,,RR,Residential - Regular,750.0
raw,"RDO No. 72 - Roxas City, Capiz is composed of the following City and Munic",025-2021,"October 31, 2021",3RD,:   CAPIZ,MAMBUSAO,"POBLACION PROPER, TABUC",LINAN ST,,RR,Residential - Regular,1590.0
raw,"RDO No. 72 - Roxas City, Capiz is composed of the following City and Munic",,,2ND,:   CAPIZ,MAMBUSAO,"POBLACION PROPER, TABUC",LINAN ST,,RR,Residential - Regular,750.0
raw,"RDO No. 72 - Roxas City, Capiz is composed of the following City and Munic",025-2021,"October 31, 2021",3RD,:   CAPIZ,MAMBUSAO,"POBLACION PROPER, TABUC",NATIONAL ROAD,,RR,Residential - Regular,1590.0
raw,"RDO No. 72 - Roxas City, Capiz is composed of the following City and Munic",025-2021,"October 31, 2021",3RD,:   CAPIZ,MAMBUSAO,"POBLACION PROPER, TABUC",NATIONAL ROAD,,CR,Commercial - Regular,2120.0
raw,"RDO No. 72 - Roxas City, Capiz is composed of the following City and Munic",,,2ND,:   CAPIZ,MAMBUSAO,"POBLACION PROPER, TABUC",NATIONAL ROAD,,RR,Residential - Regular,750.0
raw,"RDO No. 72 - Roxas City, Capiz is composed of the following City and Munic",,,2ND,:   CAPIZ,MAMBUSAO,"POBLACION PROPER, TABUC",NATIONAL ROAD,,CR,Commercial - Regular,1000.0
raw,"RDO No. 72 - Roxas City, Capiz is composed of the following City and Munic",025-2021,"October 31, 2021",3RD,:   CAPIZ,MAMBUSAO,"POBLACION PROPER, TABUC",NAVARRA ST,,RR,Residential - Regular,1590.0
raw,"RDO No. 72 - Roxas City, Capiz is composed of the following City and Munic",,,2ND,:   CAPIZ,MAMBUSAO,"POBLACION PROPER, TABUC",NAVARRA ST,,RR,Residential - Regular,750.0
raw,"RDO No. 72 - Roxas City, Capiz is composed of the following City and Munic",025-2021,"October 31, 2021",3RD,:   CAPIZ,MAMBUSAO,"POBLACION PROPER, TABUC",PROVINCIAL ROAD,,RR,Residential - Regular,1590.0
raw,"RDO No. 72 - Roxas City, Capiz is composed of the following City and Munic",025-2021,"October 31, 2021",3RD,:   CAPIZ,MAMBUSAO,"POBLACION PROPER, TABUC",PROVINCIAL ROAD,,CR,Commercial - Regular,2120.0
raw,"RDO No. 72 - Roxas City, Capiz is composed of the following City and Munic",025-2021,"October 31, 2021",3RD,:   CAPIZ,MAMBUSAO,"POBLACION PROPER, TABUC",R. MARCELO ST,,RR,Residential - Regular,1590.0
raw,"RDO No. 72 - Roxas City, Capiz is composed of the following City and Munic",,,2ND,:   CAPIZ,MAMBUSAO,"POBLACION PROPER, TABUC",R. MARCELO ST,,RR,Residential - Regular,750.0
raw,"RDO No. 72 - Roxas City, Capiz is composed of the following City and Munic",025-2021,"October 31, 2021",3RD,:   CAPIZ,MAMBUSAO,"POBLACION PROPER, TABUC",REVOLUTION ST,,RR,Residential - Regular,1590.0
raw,"RDO No. 72 - Roxas City, Capiz is composed of the following City and Munic",,,2ND,:   CAPIZ,MAMBUSAO,"POBLACION PROPER, TABUC",REVOLUTION ST,,RR,Residential - Regular,750.0
raw,"RDO No. 72 - Roxas City, Capiz is composed of the following City and Munic",025-2021,"October 31, 2021",3RD,:   CAPIZ,MAMBUSAO,"POBLACION PROPER, TABUC",ROAD FRONTING PUBLIC MARKET,,CR,Commercial - Regular,2120.0
raw,"RDO No. 72 - Roxas City, Capiz is composed of the following City and Munic",,,2ND,:   CAPIZ,MAMBUSAO,"POBLACION PROPER, TABUC",ROAD FRONTING PUBLIC MARKET,,CR,Commercial - Regular,1000.0
raw,"RDO No. 72 - Roxas City, Capiz is composed of the following City and Munic",025-2021,"October 31, 2021",3RD,:   CAPIZ,MAMBUSAO,"POBLACION PROPER, TABUC",ROXAS DRIVE,,RR,Residential - Regular,1590.0
raw,"RDO No. 72 - Roxas City, Capiz is composed of the following City and Munic",,,2ND,:   CAPIZ,MAMBUSAO,"POBLACION PROPER, TABUC",ROXAS DRIVE,,RR,Residential - Regular,750.0
raw,"RDO No. 72 - Roxas City, Capiz is composed of the following City and Munic",025-2021,"October 31, 2021",3RD,:   CAPIZ,MAMBUSAO,"POBLACION PROPER, TABUC",STA. CTALINA ST,,RR,Residential - Regular,1590.0
raw,"RDO No. 72 - Roxas City, Capiz is composed of the following City and Munic",,,2ND,:   CAPIZ,MAMBUSAO,"POBLACION PROPER, TABUC",STA. CTALINA ST,,RR,Residential - Regular,750.0
raw,"RDO No. 72 - Roxas City, Capiz is composed of the following City and Munic",025-2021,"October 31, 2021",3RD,:   CAPIZ,MAMBUSAO,"POBLACION PROPER, TABUC",STO. NINO ST,,RR,Residential - Regular,1590.0
raw,"RDO No. 72 - Roxas City, Capiz is composed of the following City and Munic",,,2ND,:   CAPIZ,MAMBUSAO,"POBLACION PROPER, TABUC",STO. NINO ST,,RR,Residential - Regular,750.0
raw,"RDO No. 72 - Roxas City, Capiz is composed of the following City and Munic",025-2021,"October 31, 2021",3RD,:   CAPIZ,MAMBUSAO,"POBLACION PROPER, TABUC",VILLAREAL ST,,RR,Residential - Regular,1590.0
raw,"RDO No. 72 - Roxas City, Capiz is composed of the following City and Munic",,,2ND,:   CAPIZ,MAMBUSAO,"POBLACION PROPER, TABUC",VILLAREAL ST,,RR,Residential - Regular,750.0
raw,"RDO No. 72 - Roxas City, Capiz is composed of the following City and Munic",,,2ND,:   CAPIZ,MAMBUSAO,"SINONDOJAN, TUGAS, TUMALALUD",ALL LOTS,,RR,Residential - Regular,275.0
raw,"RDO No. 72 - Roxas City, Capiz is composed of the following City and Munic",,,2ND,:   CAPIZ,MAMBUSAO,"SINONDOJAN, TUGAS, TUMALALUD",ALL LOTS,INTERIOR LOTS,RR,Residential - Regular,225.0
raw,"RDO No. 72 - Roxas City, Capiz is composed of the following City and Munic",,,2ND,:   CAPIZ,MAMBUSAO,"SINONDOJAN, TUGAS, TUMALALUD",ALL LOTS,INTERIOR LOTS,A1,Agricultural - A1,35.0
raw,"RDO No. 72 - Roxas City, Capiz is composed of the following City and Munic",,,2ND,:   CAPIZ,MAMBUSAO,"SINONDOJAN, TUGAS, TUMALALUD",ALL LOTS,INTERIOR LOTS,A2,Agricultural - A2,23.0
raw,"RDO No. 72 - Roxas City, Capiz is composed of the following City and Munic",,,2ND,:   CAPIZ,MAMBUSAO,"SINONDOJAN, TUGAS, TUMALALUD",ALL LOTS,INTERIOR LOTS,A3,Agricultural - A3,19.0
raw,"RDO No. 72 - Roxas City, Capiz is composed of the following City and Munic",,,2ND,:   CAPIZ,MAMBUSAO,"SINONDOJAN, TUGAS, TUMALALUD",ALL LOTS,INTERIOR LOTS,A4,Agricultural - A4,13.0
raw,"RDO No. 72 - Roxas City, Capiz is composed of the following City and Munic",,,2ND,:   CAPIZ,MAMBUSAO,"SINONDOJAN, TUGAS, TUMALALUD",ALL LOTS,INTERIOR LOTS,A7,Agricultural - A7,7.0
raw,"RDO No. 72 - Roxas City, Capiz is composed of the following City and Munic",,,2ND,:   CAPIZ,MAMBUSAO,"SINONDOJAN, TUGAS, TUMALALUD",ALL LOTS,INTERIOR LOTS,A8,Agricultural - A8,13.0
raw,"RDO No. 72 - Roxas City, Capiz is composed of the following City and Munic",,,2ND,:   CAPIZ,MAMBUSAO,"SINONDOJAN, TUGAS, TUMALALUD",ALL LOTS,INTERIOR LOTS,A10,Agricultural - A10,8.0
raw,"RDO No. 72 - Roxas City, Capiz is composed of the following City and Munic",,,2ND,:   CAPIZ,MAMBUSAO,"SINONDOJAN, TUGAS, TUMALALUD",ALL LOTS,INTERIOR LOTS,A12,Agricultural - A12,18.0
raw,"RDO No. 72 - Roxas City, Capiz is composed of the following City and Munic",,,2ND,:   CAPIZ,MAMBUSAO,"SINONDOJAN, TUGAS, TUMALALUD",ALL LOTS,INTERIOR LOTS,A14,Agricultural - A14,9.0
raw,"RDO No. 72 - Roxas City, Capiz is composed of the following City and Munic",,,2ND,:   CAPIZ,MAMBUSAO,"SINONDOJAN, TUGAS, TUMALALUD",ALL LOTS,INTERIOR LOTS,A15,Agricultural - A15,8.0
raw,"RDO No. 72 - Roxas City, Capiz is composed of the following City and Munic",,,2ND,:   CAPIZ,MAMBUSAO,"SINONDOJAN, TUGAS, TUMALALUD",ALL LOTS,INTERIOR LOTS,A16,Agricultural - A16,20.0
raw,"RDO No. 72 - Roxas City, Capiz is composed of the following City and Munic",,,2ND,:   CAPIZ,MAMBUSAO,"SINONDOJAN, TUGAS, TUMALALUD",ALL LOTS,INTERIOR LOTS,A17,Agricultural - A17,21.0
raw,"RDO No. 72 - Roxas City, Capiz is composed of the following City and Munic",,,2ND,:   CAPIZ,MAMBUSAO,"SINONDOJAN, TUGAS, TUMALALUD",ALL LOTS,INTERIOR LOTS,A26,Agricultural - A26,8.0
raw,"RDO No. 72 - Roxas City, Capiz is composed of the following City and Munic",,,2ND,:   CAPIZ,MAMBUSAO,"SINONDOJAN, TUGAS, TUMALALUD",ALL LOTS,INTERIOR LOTS,A36,Agricultural - A36,6.0
raw,"RDO No. 72 - Roxas City, Capiz is composed of the following City and Munic",,,2ND,:   CAPIZ,MAMBUSAO,"SINONDOJAN, TUGAS, TUMALALUD",ALL LOTS,INTERIOR LOTS,A49,Agricultural - A49,5.0
raw,"RDO No. 72 - Roxas City, Capiz is composed of the following City and Munic",,,2ND,:   CAPIZ,MAMBUSAO,"SINONDOJAN, TUGAS, TUMALALUD",ALL LOTS,INTERIOR LOTS,A50,Agricultural - A50,5.0
raw,"RDO No. 72 - Roxas City, Capiz is composed of the following City and Munic",,,,,OF CUARTERO,POBLACION,ALL BARANGAYS,PLAZA -MAINDANG,A2,Agricultural - A2,7.0
raw,"RDO No. 72 - Roxas City, Capiz is composed of the following City and Munic",,,,,OF CUARTERO,POBLACION,ALL BARANGAYS,PLAZA -MAINDANG,A4,Agricultural - A4,6.0
raw,"RDO No. 72 - Roxas City, Capiz is composed of the following City and Munic",,,,,OF CUARTERO,POBLACION,ALL BARANGAYS,PLAZA -MAINDANG,A5,Agricultural - A5,8.0
raw,"RDO No. 72 - Roxas City, Capiz is composed of the following City and Munic",,,,,OF CUARTERO,POBLACION,ALL BARANGAYS,PLAZA -MAINDANG,A6,Agricultural - A6,6.0
raw,"RDO No. 72 - Roxas City, Capiz is composed of the following City and Munic",,,,,OF CUARTERO,POBLACION,ALL BARANGAYS,PLAZA -MAINDANG,A7,Agricultural - A7,6.0
raw,"RDO No. 72 - Roxas City, Capiz is composed of the following City and Munic",,,,,OF CUARTERO,POBLACION,ALL BARANGAYS,PLAZA -MAINDANG,A9,Agricultural - A9,3.5
raw,"RDO No. 72 - Roxas City, Capiz is composed of the following City and Munic",,,,,OF CUARTERO,POBLACION,CALANZA,PLAZA - CALANZA,RR,Residential - Regular,100.0
raw,"RDO No. 72 - Roxas City, Capiz is composed of the following City and Munic",,,,,OF CUARTERO,POBLACION,FUNCION,PLAZA - FUNCION,RR,Residential - Regular,100.0
raw,"RDO No. 72 - Roxas City, Capiz is composed of the following City and Munic",,,,,OF CUARTERO,POBLACION,HIJOSA,PLAZA - HIJOSA,RR,Residential - Regular,100.0
raw,"RDO No. 72 - Roxas City, Capiz is composed of the following City and Munic",,,,,OF CUARTERO,POBLACION,HOLMINA,PLAZA - HOLMINA,RR,Residential - Regular,90.0
raw,"RDO No. 72 - Roxas City, Capiz is composed of the following City and Munic",,,,,OF CUARTERO,POBLACION,HORNACHOS,HOLMINA ST.-HORTILLANO ST. (PLAZA-HORNACHOS),RR,Residential - Regular,100.0
raw,"RDO No. 72 - Roxas City, Capiz is composed of the following City and Munic",,,,,OF CUARTERO,POBLACION,HORTILLANO,HORNACHOS ST.-HIJOSA ST. (PLAZA-HORTILLANO),RR,Residential - Regular,120.0
raw,"RDO No. 72 - Roxas City, Capiz is composed of the following City and Munic",,,,,OF CUARTERO,POBLACION,MAINDANG-BALINGASAG,PLAZA -MAINDANG,RR,Residential - Regular,100.0
raw,"RDO No. 72 - Roxas City, Capiz is composed of the following City and Munic",,,,,OF CUARTERO,POBLACION,MALUNDA,HOLMINA ST.-VENUS ST. (PLAZA-MALUNDA ST),RR,Residential - Regular,120.0
raw,"RDO No. 72 - Roxas City, Capiz is composed of the following City and Munic",,,,,OF CUARTERO,POBLACION,MATINDANG FEEDER RD,PLAZA-MAIDING FEEDER,RR,Residential - Regular,100.0
raw,"RDO No. 72 - Roxas City, Capiz is composed of the following City and Munic",,,,,OF CUARTERO,POBLACION,NATIONAL HIGHWAY,PLAZA - NATIONAL RD,RR,Residential - Regular,100.0
raw,"RDO No. 72 - Roxas City, Capiz is composed of the following City and Munic",,,,,OF CUARTERO,POBLACION,NUEVA,PLAZA - NUEVA,RR,Residential - Regular,110.0
raw,"RDO No. 72 - Roxas City, Capiz is composed of the following City and Munic",,,,,OF CUARTERO,POBLACION,VENUS,HORNACHOS ST.-HIJOSA ST. (PLAZA-VENUS),RR,Residential - Regular,120.0
raw,"RDO No. 72 - Roxas City, Capiz is composed of the following City and Munic",,,,,"OF CUARTERO, CAPIZ","AGCABUGAO,AGDAYON,AGNANG,BITO-ON,ILAWOD,BITO-ON ILAYA,",ALL LOTS,,RR,Residential - Regular,100.0
raw,"RDO No. 72 - Roxas City, Capiz is composed of the following City and Munic",,,,,"OF CUARTERO, CAPIZ","AGCABUGAO,AGDAYON,AGNANG,BITO-ON,ILAWOD,BITO-ON ILAYA,",ALL LOTS,INTERIOR LOTS,RR,Residential - Regular,50.0
raw,"RDO No. 72 - Roxas City, Capiz is composed of the following City and Munic",,,,,"OF CUARTERO, CAPIZ",ALL BARANGAYS,ALL LOTS,,A2,Agricultural - A2,16.0
raw,"RDO No. 72 - Roxas City, Capiz is composed of the following City and Munic",,,,,"OF CUARTERO, CAPIZ",ALL BARANGAYS,ALL LOTS,,A3,Agricultural - A3,8.0
raw,"RDO No. 72 - Roxas City, Capiz is composed of the following City and Munic",,,,,"OF CUARTERO, CAPIZ",ALL BARANGAYS,ALL LOTS,,A4,Agricultural - A4,12.0
raw,"RDO No. 72 - Roxas City, Capiz is composed of the following City and Munic",,,,,"OF CUARTERO, CAPIZ",ALL BARANGAYS,ALL LOTS,,A10,Agricultural - A10,4.0
raw,"RDO No. 72 - Roxas City, Capiz is composed of the following City and Munic",,,,,"OF CUARTERO, CAPIZ",ALL BARANGAYS,ALL LOTS,,A12,Agricultural - A12,6.0
raw,"RDO No. 72 - Roxas City, Capiz is composed of the following City and Munic",,,,,"OF CUARTERO, CAPIZ",ALL BARANGAYS,ALL LOTS,,A13,Agricultural - A13,3.0
raw,"RDO No. 72 - Roxas City, Capiz is composed of the following City and Munic",,,,,"OF CUARTERO, CAPIZ",ALL BARANGAYS,ALL LOTS,,A15,Agricultural - A15,3.0
raw,"RDO No. 72 - Roxas City, Capiz is composed of the following City and Munic",,,,,"OF CUARTERO, CAPIZ",ALL BARANGAYS,ALL LOTS,,A16,Agricultural - A16,9.0
raw,"RDO No. 72 - Roxas City, Capiz is composed of the following City and Munic",,,,,"OF CUARTERO, CAPIZ",ALL BARANGAYS,ALL LOTS,,A17,Agricultural - A17,10.0
raw,"RDO No. 72 - Roxas City, Capiz is composed of the following City and Munic",,,,,"OF CUARTERO, CAPIZ",ALL BARANGAYS,ALL LOTS,,A26,Agricultural - A26,6.0
raw,"RDO No. 72 - Roxas City, Capiz is composed of the following City and Munic",,,,,"OF CUARTERO, CAPIZ",ALL BARANGAYS,ALL LOTS,,A36,Agricultural - A36,3.0
raw,"RDO No. 72 - Roxas City, Capiz is composed of the following City and Munic",,,,,"OF CUARTERO, CAPIZ",ALL BARANGAYS,ALL LOTS,,A50,Agricultural - A50,2.0
raw,"RDO No. 72 - Roxas City, Capiz is composed of the following City and Munic",,,,,"OF CUARTERO, CAPIZ",BALINGASAG,ALL LOTS,,RR,Residential - Regular,100.0
raw,"RDO No. 72 - Roxas City, Capiz is composed of the following City and Munic",,,,,"OF CUARTERO, CAPIZ",BALINGASAG,ALL LOTS,INTERIOR LOTS,RR,Residential - Regular,50.0
raw,"RDO No. 72 - Roxas City, Capiz is composed of the following City and Munic",,,,,"OF CUARTERO, CAPIZ",MAINDANG,ALL LOTS,,RR,Residential - Regular,100.0
raw,"RDO No. 72 - Roxas City, Capiz is composed of the following City and Munic",,,,,"OF CUARTERO, CAPIZ",MAINDANG,ALL LOTS,INTERIOR LOTS,RR,Residential - Regular,50.0
raw,"RDO No. 72 - Roxas City, Capiz is composed of the following City and Munic",,,,,"OF CUARTERO, CAPIZ",POBLACION,CALANZA,PLAZA - CALANZA,RR,Residential - Regular,275.0
raw,"RDO No. 72 - Roxas City, Capiz is composed of the following City and Munic",,,,,"OF CUARTERO, CAPIZ",POBLACION,FUNCION,PLAZA - FUNCION,RR,Residential - Regular,335.0
raw,"RDO No. 72 - Roxas City, Capiz is composed of the following City and Munic",,,,,"OF CUARTERO, CAPIZ",POBLACION,HIJOSA,PLAZA - HIJOSA,RR,Residential - Regular,450.0
raw,"RDO No. 72 - Roxas City, Capiz is composed of the following City and Munic",,,,,"OF CUARTERO, CAPIZ",POBLACION,HIJOSA,VENUS ST.-HORTILLANO ST.,CR,Commercial - Regular,450.0
raw,"RDO No. 72 - Roxas City, Capiz is composed of the following City and Munic",,,,,"OF CUARTERO, CAPIZ",POBLACION,HIJOSA,VENUS ST.-HORTILLANO ST.,RR,Residential - Regular,450.0
raw,"RDO No. 72 - Roxas City, Capiz is composed of the following City and Munic",,,,,"OF CUARTERO, CAPIZ",POBLACION,HIJOSA,PROV'L.RD-VENUS ST.,RR,Residential - Regular,335.0
raw,"RDO No. 72 - Roxas City, Capiz is composed of the following City and Munic",,,,,"OF CUARTERO, CAPIZ",POBLACION,HIJOSA,HORTILLANO ST.-CALANZA ST.,RR,Residential - Regular,320.0
raw,"RDO No. 72 - Roxas City, Capiz is composed of the following City and Munic",,,,,"OF CUARTERO, CAPIZ",POBLACION,HIJOSA,HOMINA ST.-PROV'L. ROAD,RR,Residential - Regular,335.0
raw,"RDO No. 72 - Roxas City, Capiz is composed of the following City and Munic",,,,,"OF CUARTERO, CAPIZ",POBLACION,HOLMINA,PLAZA - HOLMINA,RR,Residential - Regular,335.0
raw,"RDO No. 72 - Roxas City, Capiz is composed of the following City and Munic",,,,,"OF CUARTERO, CAPIZ",POBLACION,HORNACHOS,HOLMINA ST.-HORTILLANO ST. (PLAZA-HORNACHOS),RR,Residential - Regular,335.0
raw,"RDO No. 72 - Roxas City, Capiz is composed of the following City and Munic",,,,,"OF CUARTERO, CAPIZ",POBLACION,HORNACHOS,HORTILLANO ST.-CALANZA ST.,RR,Residential - Regular,275.0
raw,"RDO No. 72 - Roxas City, Capiz is composed of the following City and Munic",,,,,"OF CUARTERO, CAPIZ",POBLACION,HORTILLANO,HORNACHOS ST.-HIJOSA ST. (PLAZA-HORTILLANO),RR,Residential - Regular,335.0
raw,"RDO No. 72 - Roxas City, Capiz is composed of the following City and Munic",,,,,"OF CUARTERO, CAPIZ",POBLACION,HORTILLANO,HIJOSA ST.-MALUNDA ST.,CR,Commercial - Regular,450.0
raw,"RDO No. 72 - Roxas City, Capiz is composed of the following City and Munic",,,,,"OF CUARTERO, CAPIZ",POBLACION,HORTILLANO,HIJOSA ST.-MALUNDA ST.,RR,Residential - Regular,450.0
raw,"RDO No. 72 - Roxas City, Capiz is composed of the following City and Munic",,,,,"OF CUARTERO, CAPIZ",POBLACION,MALUNDA,HOLMINA ST.-VENUS ST. (PLAZA-MALUNDA ST),RR,Residential - Regular,335.0
raw,"RDO No. 72 - Roxas City, Capiz is composed of the following City and Munic",,,,,"OF CUARTERO, CAPIZ",POBLACION,MALUNDA,VENUS ST.HORTILLANO ST.,CR,Commercial - Regular,450.0
raw,"RDO No. 72 - Roxas City, Capiz is composed of the following City and Munic",,,,,"OF CUARTERO, CAPIZ",POBLACION,MALUNDA,VENUS ST.HORTILLANO ST.,RR,Residential - Regular,450.0
raw,"RDO No. 72 - Roxas City, Capiz is composed of the following City and Munic",,,,,"OF CUARTERO, CAPIZ",POBLACION,MALUNDA,HOLMINA ST.-CALANZA ST.,CR,Commercial - Regular,450.0
raw,"RDO No. 72 - Roxas City, Capiz is composed of the following City and Munic",,,,,"OF CUARTERO, CAPIZ",POBLACION,MALUNDA,HOLMINA ST.-CALANZA ST.,RR,Residential - Regular,450.0
raw,"RDO No. 72 - Roxas City, Capiz is composed of the following City and Munic",,,,,"OF CUARTERO, CAPIZ",POBLACION,NATIONAL HIGHWAY,PLAZA - NATIONAL RD,RR,Residential - Regular,335.0
raw,"RDO No. 72 - Roxas City, Capiz is composed of the following City and Munic",,,,,"OF CUARTERO, CAPIZ",POBLACION,NATIONAL HIGHWAY,PLAZA - NATIONAL RD,CR,Commercial - Regular,450.0
raw,"RDO No. 72 - Roxas City, Capiz is composed of the following City and Munic",,,,,"OF CUARTERO, CAPIZ",POBLACION,NATIONAL HIGHWAY,PLAZA - NATIONAL RD,I,Industrial,490.0
raw,"RDO No. 72 - Roxas City, Capiz is composed of the following City and Munic",,,,,"OF CUARTERO, CAPIZ",POBLACION,NUEVA,PLAZA - NUEVA,RR,Residential - Regular,335.0
raw,"RDO No. 72 - Roxas City, Capiz is composed of the following City and Munic",,,,,"OF CUARTERO, CAPIZ",POBLACION,PROVINCIAL ROAD,HORNACHOS ST.-MALUNDA ST.,RR,Residential - Regular,335.0
raw,"RDO No. 72 - Roxas City, Capiz is composed of the following City and Munic",,,,,"OF CUARTERO, CAPIZ",POBLACION,PROVINCIAL ROAD,WITHIN 1 KM.FR.POBLACION,RR,Residential - Regular,240.0
raw,"RDO No. 72 - Roxas City, Capiz is composed of the following City and Munic",,,,,"OF CUARTERO, CAPIZ",POBLACION,VENUS,HORNACHOS ST.-HIJOSA ST. (PLAZA-VENUS),RR,Residential - Regular,335.0
raw,"RDO No. 72 - Roxas City, Capiz is composed of the following City and Munic",,,,,"OF CUARTERO, CAPIZ",POBLACION,VENUS,HIJOSA ST.-MALUNDA ST.,CR,Commercial - Regular,450.0
raw,"RDO No. 72 - Roxas City, Capiz is composed of the following City and Munic",,,,,"OF CUARTERO, CAPIZ",POBLACION,WEATHER ROAD,WITHIN 1 KM.FR.POBLACION,RR,Residential - Regular,160.0
raw,"RDO No. 72 - Roxas City, Capiz is composed of the following City and Munic",,,,,"OF CUARTERO, CAPIZ",POBLACION,WEATHER ROAD,W/IN 10KM.FR.TRADING CTR.,I,Industrial,425.0
raw,"RDO No. 72 - Roxas City, Capiz is composed of the following City and Munic",,,,,"OF CUARTERO, CAPIZ",POBLACION,WEATHER ROAD,W/IN 10KM.FR.TRADING CTR.,RR,Residential - Regular,160.0
raw,"RDO No. 72 - Roxas City, Capiz is composed of the following City and Munic",,,,,"OF CUARTERO, CAPIZ",POBLACION,WEATHER ROAD,W/IN 10KM.FR.TRADING CTR.,GP,General Purpose,50.0
raw,"RDO No. 72 - Roxas City, Capiz is composed of the following City and Munic",,,,,OF DAO,"AGANAN, AGTAMBI, AGTANGUAY,BALUCUAN,BITA,CENTRO,DAPLAS,",ALL LOTS,LOTS NOT ADJOINED BY ROADS,RR,Residential - Regular,60.0
raw,"RDO No. 72 - Roxas City, Capiz is composed of the following City and Munic",,,,,OF DAO,ALL BARANGAYS,ALL LOTS,,A1,Agricultural - A1,16.0
raw,"RDO No. 72 - Roxas City, Capiz is composed of the following City and Munic",,,,,OF DAO,ALL BARANGAYS,ALL LOTS,,A2,Agricultural - A2,13.0
raw,"RDO No. 72 - Roxas City, Capiz is composed of the following City and Munic",,,,,OF DAO,ALL BARANGAYS,ALL LOTS,,A3,Agricultural - A3,8.0
raw,"RDO No. 72 - Roxas City, Capiz is composed of the following City and Munic",,,,,OF DAO,ALL BARANGAYS,ALL LOTS,,A4,Agricultural - A4,9.0
raw,"RDO No. 72 - Roxas City, Capiz is composed of the following City and Munic",,,,,OF DAO,ALL BARANGAYS,ALL LOTS,,A7,Agricultural - A7,7.0
raw,"RDO No. 72 - Roxas City, Capiz is composed of the following City and Munic",,,,,OF DAO,ALL BARANGAYS,ALL LOTS,,A10,Agricultural - A10,8.0
raw,"RDO No. 72 - Roxas City, Capiz is composed of the following City and Munic",,,,,OF DAO,ALL BARANGAYS,ALL LOTS,,A12,Agricultural - A12,7.0
raw,"RDO No. 72 - Roxas City, Capiz is composed of the following City and Munic",,,,,OF DAO,ALL BARANGAYS,ALL LOTS,,A13,Agricultural - A13,1.0
raw,"RDO No. 72 - Roxas City, Capiz is composed of the following City and Munic",,,,,OF DAO,ALL BARANGAYS,ALL LOTS,,A14,Agricultural - A14,5.0
raw,"RDO No. 72 - Roxas City, Capiz is composed of the following City and Munic",,,,,OF DAO,ALL BARANGAYS,ALL LOTS,,A15,Agricultural - A15,7.0
raw,"RDO No. 72 - Roxas City, Capiz is composed of the following City and Munic",,,,,OF DAO,ALL BARANGAYS,ALL LOTS,,A16,Agricultural - A16,10.0
raw,"RDO No. 72 - Roxas City, Capiz is composed of the following City and Munic",,,,,OF DAO,ALL BARANGAYS,ALL LOTS,,A17,Agricultural - A17,10.0
raw,"RDO No. 72 - Roxas City, Capiz is composed of the following City and Munic",,,,,OF DAO,ALL BARANGAYS,ALL LOTS,,A26,Agricultural - A26,9.0
raw,"RDO No. 72 - Roxas City, Capiz is composed of the following City and Munic",,,,,OF DAO,ALL BARANGAYS,ALL LOTS,,A36,Agricultural - A36,6.0
raw,"RDO No. 72 - Roxas City, Capiz is composed of the following City and Munic",,,,,OF DAO,ALL BARANGAYS,ALL LOTS,,A50,Agricultural - A50,4.0
raw,"RDO No. 72 - Roxas City, Capiz is composed of the following City and Munic",,,,,OF DAO,POBLACION,A. BONIFACIO,COR.ZAMORA,RR,Residential - Regular,120.0
raw,"RDO No. 72 - Roxas City, Capiz is composed of the following City and Munic",,,,,OF DAO,POBLACION,A. BONIFACIO,ZAMORA -MABINI,RR,Residential - Regular,100.0
raw,"RDO No. 72 - Roxas City, Capiz is composed of the following City and Munic",,,,,OF DAO,POBLACION,A. BONIFACIO,P. PATERNO-LOPEZ,RR,Residential - Regular,100.0
raw,"RDO No. 72 - Roxas City, Capiz is composed of the following City and Munic",,,,,OF DAO,POBLACION,ALL LOTS,ROAD MORE THAN 1 KM FROM POBLACION,RR,Residential - Regular,80.0
raw,"RDO No. 72 - Roxas City, Capiz is composed of the following City and Munic",,,,,OF DAO,POBLACION,ALL OTHER LOTS,ROAD MORE THAN 1 KM FROM POBLACION,RR,Residential - Regular,180.0
raw,"RDO No. 72 - Roxas City, Capiz is composed of the following City and Munic",,,,,OF DAO,POBLACION,ALL OTHER LOTS,1 KM.FROM TRADING CENTER,RR,Residential - Regular,135.0
raw,"RDO No. 72 - Roxas City, Capiz is composed of the following City and Munic",,,,,OF DAO,POBLACION,ALL OTHER LOTS,INTERIOR LOTS,RR,Residential - Regular,100.0
raw,"RDO No. 72 - Roxas City, Capiz is composed of the following City and Munic",,,,,OF DAO,POBLACION,ANDRES BONIFACIO,MABINI -P. PATERNO,RR,Residential - Regular,300.0
raw,"RDO No. 72 - Roxas City, Capiz is composed of the following City and Munic",,,,,OF DAO,POBLACION,ANDRES BONIFACIO,COR. ZAMORA,RR,Residential - Regular,300.0
raw,"RDO No. 72 - Roxas City, Capiz is composed of the following City and Munic",,,,,OF DAO,POBLACION,ANDRES BONIFACIO,ZAMORA-MABINI,RR,Residential - Regular,300.0
raw,"RDO No. 72 - Roxas City, Capiz is composed of the following City and Munic",,,,,OF DAO,POBLACION,ANDRES BONIFACIO,P.PATERNO-LOPEZ,RR,Residential - Regular,300.0
raw,"RDO No. 72 - Roxas City, Capiz is composed of the following City and Munic",,,,,OF DAO,POBLACION,ANDRES BONIFACIO,MABINI -P. PATERNO,RR,Residential - Regular,120.0
raw,"RDO No. 72 - Roxas City, Capiz is composed of the following City and Munic",,,,,OF DAO,POBLACION,B. JACINTO,MCKINLEY - RIZAL,RR,Residential - Regular,300.0
raw,"RDO No. 72 - Roxas City, Capiz is composed of the following City and Munic",,,,,OF DAO,POBLACION,B. JACINTO,P. PATERNO-LOPEZ,RR,Residential - Regular,100.0
raw,"RDO No. 72 - Roxas City, Capiz is composed of the following City and Munic",,,,,OF DAO,POBLACION,BLUMENTRITT ST.,NAT. RD-INTR'SECTION OF MCKINLEY,CR,Commercial - Regular,400.0
raw,"RDO No. 72 - Roxas City, Capiz is composed of the following City and Munic",,,,,OF DAO,POBLACION,BLUMENTRITT ST.,NAT. RD-INTR'SECTION OF MCKINLEY,CR,Commercial - Regular,180.0
raw,"RDO No. 72 - Roxas City, Capiz is composed of the following City and Munic",,,,,OF DAO,POBLACION,GEN LUNA ST,COR.RIZAL-MCKINLEY ST.,RR,Residential - Regular,300.0
raw,"RDO No. 72 - Roxas City, Capiz is composed of the following City and Munic",,,,,OF DAO,POBLACION,GEN LUNA ST,COR.RIZAL-MCKINLEY ST.,RR,Residential - Regular,120.0
raw,"RDO No. 72 - Roxas City, Capiz is composed of the following City and Munic",,,,,OF DAO,POBLACION,JUAN ST,MCKINLEY - RIZAL,RR,Residential - Regular,300.0
raw,"RDO No. 72 - Roxas City, Capiz is composed of the following City and Munic",,,,,OF DAO,POBLACION,JUAN ST.,P. PATERNO-LOPEZ,RR,Residential - Regular,100.0
raw,"RDO No. 72 - Roxas City, Capiz is composed of the following City and Munic",,,,,OF DAO,POBLACION,M.H. DEL PILAR ST.,CORNER JUAN ST.,RR,Residential - Regular,300.0
raw,"RDO No. 72 - Roxas City, Capiz is composed of the following City and Munic",,,,,OF DAO,POBLACION,M.H. DEL PILAR ST.,ZAMORA - JUAN,RR,Residential - Regular,120.0
raw,"RDO No. 72 - Roxas City, Capiz is composed of the following City and Munic",,,,,OF DAO,POBLACION,MCKINLEY ST,(POBLACION)ZAMORA-LUNA ST,RR,Residential - Regular,300.0
raw,"RDO No. 72 - Roxas City, Capiz is composed of the following City and Munic",,,,,OF DAO,POBLACION,MCKINLEY ST,ZAMORA - JUAN,RR,Residential - Regular,300.0
raw,"RDO No. 72 - Roxas City, Capiz is composed of the following City and Munic",,,,,OF DAO,POBLACION,MCKINLEY ST,CORNER JUAN ST.,RR,Residential - Regular,300.0
raw,"RDO No. 72 - Roxas City, Capiz is composed of the following City and Munic",,,,,OF DAO,POBLACION,MCKINLEY ST,(POBLACION)ZAMORA-LUNA ST,RR,Residential - Regular,120.0
raw,"RDO No. 72 - Roxas City, Capiz is composed of the following City and Munic",,,,,OF DAO,POBLACION,MCKINLEY ST,ZAMORA - JUAN,RR,Residential - Regular,120.0
raw,"RDO No. 72 - Roxas City, Capiz is composed of the following City and Munic",,,,,OF DAO,POBLACION,MCKINLEY ST.,CORNER JUNA ST,RR,Residential - Regular,100.0
raw,"RDO No. 72 - Roxas City, Capiz is composed of the following City and Munic",,,,,OF DAO,POBLACION,P. BURGOS,MCKINLEY - RIZAL,RR,Residential - Regular,300.0
raw,"RDO No. 72 - Roxas City, Capiz is composed of the following City and Munic",,,,,OF DAO,POBLACION,P. BURGOS,MCKINLEY - RIZAL,RR,Residential - Regular,120.0
raw,"RDO No. 72 - Roxas City, Capiz is composed of the following City and Munic",,,,,OF DAO,POBLACION,P.PATRERNO ST.,MCKINLEY - RIZAL,RR,Residential - Regular,300.0
raw,"RDO No. 72 - Roxas City, Capiz is composed of the following City and Munic",,,,,OF DAO,POBLACION,P.PATRERNO ST.,WITHIN 10 KMS. FROM,I,Industrial,500.0
raw,"RDO No. 72 - Roxas City, Capiz is composed of the following City and Munic",,,,,OF DAO,POBLACION,REGIDOR ST,P. BURGOS - P. PATERNO ST,RR,Residential - Regular,300.0
raw,"RDO No. 72 - Roxas City, Capiz is composed of the following City and Munic",,,,,OF DAO,POBLACION,REGIDOR ST,P. BURGOS - P. PATERNO ST,RR,Residential - Regular,120.0
raw,"RDO No. 72 - Roxas City, Capiz is composed of the following City and Munic",,,,,OF DAO,POBLACION,RIZAL  ST.,P. BURGOS - P. PATERNO ST,RR,Residential - Regular,300.0
raw,"RDO No. 72 - Roxas City, Capiz is composed of the following City and Munic",,,,,OF DAO,POBLACION,RIZAL  ST.,P. BURGOS - P. PATERNO ST,RR,Residential - Regular,120.0
raw,"RDO No. 72 - Roxas City, Capiz is composed of the following City and Munic",,,,,OF DAO,POBLACION,SAN ROQUE ST.,MCKINLEY - RIZAL,RR,Residential - Regular,300.0
raw,"RDO No. 72 - Roxas City, Capiz is composed of the following City and Munic",,,,,OF DAO,POBLACION,SAN ROQUE ST.,MCKINLEY - RIZAL,RR,Residential - Regular,120.0
raw,"RDO No. 72 - Roxas City, Capiz is composed of the following City and Munic",,,,,OF DUMALAG,ALL OTHER BARANGAYS,ALL LOTS,,A1,Agricultural - A1,12.0
raw,"RDO No. 72 - Roxas City, Capiz is composed of the following City and Munic",,,,,OF DUMALAG,ALL OTHER BARANGAYS,ALL LOTS,,A2,Agricultural - A2,10.0
raw,"RDO No. 72 - Roxas City, Capiz is composed of the following City and Munic",,,,,OF DUMALAG,ALL OTHER BARANGAYS,ALL LOTS,,A3,Agricultural - A3,6.0
raw,"RDO No. 72 - Roxas City, Capiz is composed of the following City and Munic",,,,,OF DUMALAG,ALL OTHER BARANGAYS,ALL LOTS,,A4,Agricultural - A4,4.0
raw,"RDO No. 72 - Roxas City, Capiz is composed of the following City and Munic",,,,,OF DUMALAG,ALL OTHER BARANGAYS,ALL LOTS,,A5,Agricultural - A5,6.0
raw,"RDO No. 72 - Roxas City, Capiz is composed of the following City and Munic",,,,,OF DUMALAG,ALL OTHER BARANGAYS,ALL LOTS,,A6,Agricultural - A6,3.0
raw,"RDO No. 72 - Roxas City, Capiz is composed of the following City and Munic",,,,,OF DUMALAG,ALL OTHER BARANGAYS,ALL LOTS,,A10,Agricultural - A10,3.0
raw,"RDO No. 72 - Roxas City, Capiz is composed of the following City and Munic",,,,,OF DUMALAG,ALL OTHER BARANGAYS,ALL LOTS,,A12,Agricultural - A12,4.0
raw,"RDO No. 72 - Roxas City, Capiz is composed of the following City and Munic",,,,,OF DUMALAG,ALL OTHER BARANGAYS,ALL LOTS,,A13,Agricultural - A13,8.0
raw,"RDO No. 72 - Roxas City, Capiz is composed of the following City and Munic",,,,,OF DUMALAG,ALL OTHER BARANGAYS,ALL LOTS,,A14,Agricultural - A14,4.0
raw,"RDO No. 72 - Roxas City, Capiz is composed of the following City and Munic",,,,,OF DUMALAG,ALL OTHER BARANGAYS,ALL LOTS,,A15,Agricultural - A15,3.0
raw,"RDO No. 72 - Roxas City, Capiz is composed of the following City and Munic",,,,,OF DUMALAG,ALL OTHER BARANGAYS,ALL LOTS,,A16,Agricultural - A16,9.0
raw,"RDO No. 72 - Roxas City, Capiz is composed of the following City and Munic",,,,,OF DUMALAG,ALL OTHER BARANGAYS,ALL LOTS,,A17,Agricultural - A17,10.0
raw,"RDO No. 72 - Roxas City, Capiz is composed of the following City and Munic",,,,,OF DUMALAG,ALL OTHER BARANGAYS,ALL LOTS,,A26,Agricultural - A26,5.0
raw,"RDO No. 72 - Roxas City, Capiz is composed of the following City and Munic",,,,,OF DUMALAG,ALL OTHER BARANGAYS,ALL LOTS,,A36,Agricultural - A36,3.0
raw,"RDO No. 72 - Roxas City, Capiz is composed of the following City and Munic",,,,,OF DUMALAG,ALL OTHER BARANGAYS,ALL LOTS,,A50,Agricultural - A50,3.0
raw,"RDO No. 72 - Roxas City, Capiz is composed of the following City and Munic",,,,,OF DUMALAG,POBLACION,ALL  LOTS,WITHIN 1 KM FM. POBLACION,RR,Residential - Regular,120.0
raw,"RDO No. 72 - Roxas City, Capiz is composed of the following City and Munic",,,,,OF DUMALAG,POBLACION,ALL  LOTS,MORE THAN 1 KM. FROM POB.,RR,Residential - Regular,100.0
raw,"RDO No. 72 - Roxas City, Capiz is composed of the following City and Munic",,,,,OF DUMALAG,POBLACION,ALL OTHER LOTS,WITHIN 1 KM FM. POBLACION,RR,Residential - Regular,165.0
raw,"RDO No. 72 - Roxas City, Capiz is composed of the following City and Munic",,,,,OF DUMALAG,POBLACION,ALL OTHER LOTS,MORE THAN 1 KM. FROM POB.,RR,Residential - Regular,125.0
raw,"RDO No. 72 - Roxas City, Capiz is composed of the following City and Munic",,,,,OF DUMALAG,POBLACION,CONSOLACION ST,STO. NINO ST- DAVIS ST,RR,Residential - Regular,300.0
raw,"RDO No. 72 - Roxas City, Capiz is composed of the following City and Munic",,,,,OF DUMALAG,POBLACION,CONSOLACION ST,DAVIS ST - RIZAL ST,RR,Residential - Regular,250.0
raw,"RDO No. 72 - Roxas City, Capiz is composed of the following City and Munic",,,,,OF DUMALAG,POBLACION,CONSOLACION ST,DAVIS -RIZAL,RR,Residential - Regular,150.0
raw,"RDO No. 72 - Roxas City, Capiz is composed of the following City and Munic",,,,,OF DUMALAG,POBLACION,CONSOLACION ST,STO. NINO ST- DAVIS ST,RR,Residential - Regular,180.0
raw,"RDO No. 72 - Roxas City, Capiz is composed of the following City and Munic",,,,,OF DUMALAG,POBLACION,CONSOLACION ST,DAVIS ST - RIZAL ST,RR,Residential - Regular,180.0
raw,"RDO No. 72 - Roxas City, Capiz is composed of the following City and Munic",,,,,OF DUMALAG,POBLACION,CONSOLACION ST,DAVIS -RIZAL,RR,Residential - Regular,150.0
raw,"RDO No. 72 - Roxas City, Capiz is composed of the following City and Munic",,,,,OF DUMALAG,POBLACION,DAVIS ST. (DVTS ST),POBLACION,RR,Residential - Regular,300.0
raw,"RDO No. 72 - Roxas City, Capiz is composed of the following City and Munic",,,,,OF DUMALAG,POBLACION,DVTS ST,POBLACION,RR,Residential - Regular,180.0
raw,"RDO No. 72 - Roxas City, Capiz is composed of the following City and Munic",,,,,OF DUMALAG,POBLACION,NATIONAL ROAD,DAVIS ST-RIZAL ST,RR,Residential - Regular,180.0
raw,"RDO No. 72 - Roxas City, Capiz is composed of the following City and Munic",,,,,OF DUMALAG,POBLACION,NATIONAL ROAD,PRIVATE RD - ROXAS ST,CR,Commercial - Regular,240.0
raw,"RDO No. 72 - Roxas City, Capiz is composed of the following City and Munic",,,,,OF DUMALAG,POBLACION,NATIONAL ROAD,DAVIS ST. RIZAL ST.,RR,Residential - Regular,180.0
raw,"RDO No. 72 - Roxas City, Capiz is composed of the following City and Munic",,,,,OF DUMALAG,POBLACION,NEW ROAD(NAT'L.ROAD),PRIVATE RD - ROXAS ST,CR,Commercial - Regular,350.0
raw,"RDO No. 72 - Roxas City, Capiz is composed of the following City and Munic",,,,,OF DUMALAG,POBLACION,NEW ROAD(NAT'L.ROAD),DAVIS-RIZAL ST.,RR,Residential - Regular,180.0
raw,"RDO No. 72 - Roxas City, Capiz is composed of the following City and Munic",,,,,OF DUMALAG,POBLACION,OLD SPANISH ROAD,POBLACION,RR,Residential - Regular,250.0
raw,"RDO No. 72 - Roxas City, Capiz is composed of the following City and Munic",,,,,OF DUMALAG,POBLACION,OLD SPANISH ROAD,POBLACION,RR,Residential - Regular,150.0
raw,"RDO No. 72 - Roxas City, Capiz is composed of the following City and Munic",,,,,OF DUMALAG,POBLACION,RD SURROUNDING PUB. MKT.,POBLACION PROPER,CR,Commercial - Regular,360.0
raw,"RDO No. 72 - Roxas City, Capiz is composed of the following City and Munic",,,,,OF DUMALAG,POBLACION,RD SURROUNDING PUB. MKT.,POBLACION PROPER,CR,Commercial - Regular,360.0
raw,"RDO No. 72 - Roxas City, Capiz is composed of the following City and Munic",,,,,OF DUMALAG,POBLACION,RIZAL ST,POBLACION,RR,Residential - Regular,250.0
raw,"RDO No. 72 - Roxas City, Capiz is composed of the following City and Munic",,,,,OF DUMALAG,POBLACION,RIZAL ST,POBLACION,RR,Residential - Regular,150.0
raw,"RDO No. 72 - Roxas City, Capiz is composed of the following City and Munic",,,,,OF DUMALAG,POBLACION,ROXAS ST,POBLACION,RR,Residential - Regular,300.0
raw,"RDO No. 72 - Roxas City, Capiz is composed of the following City and Munic",,,,,OF DUMALAG,POBLACION,ROXAS ST,POBLACION,RR,Residential - Regular,180.0
raw,"RDO No. 72 - Roxas City, Capiz is composed of the following City and Munic",,,,,OF DUMALAG,POBLACION,SAN JUAN ST,POBLACION,RR,Residential - Regular,300.0
raw,"RDO No. 72 - Roxas City, Capiz is composed of the following City and Munic",,,,,OF DUMALAG,POBLACION,SAN JUAN ST,POBLACION,RR,Residential - Regular,180.0
raw,"RDO No. 72 - Roxas City, Capiz is composed of the following City and Munic",,,,,OF DUMALAG,POBLACION,SAN MARTIN ST,DONLORES ST-RIZAL ST,RR,Residential - Regular,300.0
raw,"RDO No. 72 - Roxas City, Capiz is composed of the following City and Munic",,,,,OF DUMALAG,POBLACION,SAN MARTIN ST,DONLORES ST-RIZAL ST,RR,Residential - Regular,180.0
raw,"RDO No. 72 - Roxas City, Capiz is composed of the following City and Munic",,,,,OF DUMALAG,POBLACION,SANGER ST,POBLACION,RR,Residential - Regular,300.0
raw,"RDO No. 72 - Roxas City, Capiz is composed of the following City and Munic",,,,,OF DUMALAG,POBLACION,SANGER ST,POBLACION,RR,Residential - Regular,180.0
raw,"RDO No. 72 - Roxas City, Capiz is composed of the following City and Munic",,,,,OF DUMALAG,POBLACION,STO. NINO,POBLACION,RR,Residential - Regular,300.0
raw,"RDO No. 72 - Roxas City, Capiz is composed of the following City and Munic",,,,,OF DUMALAG,POBLACION,STO. NINO,POBLACION,RR,Residential - Regular,180.0
raw,"RDO No. 72 - Roxas City, Capiz is composed of the following City and Munic",,,,,OF DUMALAG,"S:    CONCEPCION,    CONSOLACION,    DOLORES,    DURAN, SAN AGUSTIN,   SAN JOSE,",ALL LOTS,ADJOINED BY ROADS,RR,Residential - Regular,75.0
raw,"RDO No. 72 - Roxas City, Capiz is composed of the following City and Munic",,,,,OF DUMALAG,"S:    CONCEPCION,    CONSOLACION,    DOLORES,    DURAN, SAN AGUSTIN,   SAN JOSE,",ALL LOTS,WITHIN 10 KMS. FROM TRADING CENTER,I,Industrial,600.0
raw,"RDO No. 72 - Roxas City, Capiz is composed of the following City and Munic",,,,,OF DUMALAG,"S:    CONCEPCION,    CONSOLACION,    DOLORES,    DURAN, SAN AGUSTIN,   SAN JOSE,",ALL LOTS,WITHIN 10 KMS. FROM TRADING CENTER,RR,Residential - Regular,60.0
raw,"RDO No. 72 - Roxas City, Capiz is composed of the following City and Munic",,,,,OF DUMALAG,"S:    CONCEPCION,    CONSOLACION,    DOLORES,    DURAN, SAN AGUSTIN,   SAN JOSE,",ALL LOTS,INTERIOR LOTS,RR,Residential - Regular,30.0
raw,"RDO No. 72 - Roxas City, Capiz is composed of the following City and Munic",,,,,OF DUMARAO,ALL BARANGAYS,ALL LOTS,,A1,Agricultural - A1,15.0
raw,"RDO No. 72 - Roxas City, Capiz is composed of the following City and Munic",,,,,OF DUMARAO,ALL BARANGAYS,ALL LOTS,,A2,Agricultural - A2,13.0
raw,"RDO No. 72 - Roxas City, Capiz is composed of the following City and Munic",,,,,OF DUMARAO,ALL BARANGAYS,ALL LOTS,,A3,Agricultural - A3,8.0
raw,"RDO No. 72 - Roxas City, Capiz is composed of the following City and Munic",,,,,OF DUMARAO,ALL BARANGAYS,ALL LOTS,,A4,Agricultural - A4,6.0
raw,"RDO No. 72 - Roxas City, Capiz is composed of the following City and Munic",,,,,OF DUMARAO,ALL BARANGAYS,ALL LOTS,,A6,Agricultural - A6,3.0
raw,"RDO No. 72 - Roxas City, Capiz is composed of the following City and Munic",,,,,OF DUMARAO,ALL BARANGAYS,ALL LOTS,,A7,Agricultural - A7,4.0
raw,"RDO No. 72 - Roxas City, Capiz is composed of the following City and Munic",,,,,OF DUMARAO,ALL BARANGAYS,ALL LOTS,,A10,Agricultural - A10,6.0
raw,"RDO No. 72 - Roxas City, Capiz is composed of the following City and Munic",,,,,OF DUMARAO,ALL BARANGAYS,ALL LOTS,,A12,Agricultural - A12,4.0
raw,"RDO No. 72 - Roxas City, Capiz is composed of the following City and Munic",,,,,OF DUMARAO,ALL BARANGAYS,ALL LOTS,,A14,Agricultural - A14,1.5
raw,"RDO No. 72 - Roxas City, Capiz is composed of the following City and Munic",,,,,OF DUMARAO,ALL BARANGAYS,ALL LOTS,,A15,Agricultural - A15,4.0
raw,"RDO No. 72 - Roxas City, Capiz is composed of the following City and Munic",,,,,OF DUMARAO,ALL BARANGAYS,ALL LOTS,,A16,Agricultural - A16,8.0
raw,"RDO No. 72 - Roxas City, Capiz is composed of the following City and Munic",,,,,OF DUMARAO,ALL BARANGAYS,ALL LOTS,,A17,Agricultural - A17,10.0
raw,"RDO No. 72 - Roxas City, Capiz is composed of the following City and Munic",,,,,OF DUMARAO,ALL BARANGAYS,ALL LOTS,,A26,Agricultural - A26,6.0
raw,"RDO No. 72 - Roxas City, Capiz is composed of the following City and Munic",,,,,OF DUMARAO,ALL BARANGAYS,ALL LOTS,,A36,Agricultural - A36,4.0
raw,"RDO No. 72 - Roxas City, Capiz is composed of the following City and Munic",,,,,OF DUMARAO,ALL BARANGAYS,ALL LOTS,,A50,Agricultural - A50,3.0
raw,"RDO No. 72 - Roxas City, Capiz is composed of the following City and Munic",,,,,OF DUMARAO,POBLACION,ALL LOTS,WITHIN 1 KM POBLACION,RR,Residential - Regular,55.0
raw,"RDO No. 72 - Roxas City, Capiz is composed of the following City and Munic",,,,,OF DUMARAO,POBLACION,ALL LOTS,MORE THAN 1 KM FRM POB,RR,Residential - Regular,45.0
raw,"RDO No. 72 - Roxas City, Capiz is composed of the following City and Munic",,,,,OF DUMARAO,POBLACION,ALL OTHER LOTS,WITHIN 1 KM FM. POBLACION,RR,Residential - Regular,200.0
raw,"RDO No. 72 - Roxas City, Capiz is composed of the following City and Munic",,,,,OF DUMARAO,POBLACION,ALL OTHER LOTS,MORE THAN 1 KM. FROM POB.,RR,Residential - Regular,200.0
raw,"RDO No. 72 - Roxas City, Capiz is composed of the following City and Munic",,,,,OF DUMARAO,POBLACION,ARANCILLO,LOPEZ JAENA - HARRIZON,RR,Residential - Regular,100.0
raw,"RDO No. 72 - Roxas City, Capiz is composed of the following City and Munic",,,,,OF DUMARAO,POBLACION,ARANQUILLO(ARANCILLO),LOPEZ JAENA - HARRIZON,RR,Residential - Regular,250.0
raw,"RDO No. 72 - Roxas City, Capiz is composed of the following City and Munic",,,,,OF DUMARAO,POBLACION,BENJAMINE ST,LAS NIEVES ST.-RIZAL ST.,RR,Residential - Regular,250.0
raw,"RDO No. 72 - Roxas City, Capiz is composed of the following City and Munic",,,,,OF DUMARAO,POBLACION,BENJAMINE ST,LAS NIEVES ST.-RIZAL ST.,GP,General Purpose,50.0
raw,"RDO No. 72 - Roxas City, Capiz is composed of the following City and Munic",,,,,OF DUMARAO,POBLACION,BENJAMINE ST,MAPA - LAS NIEVES,RR,Residential - Regular,100.0
raw,"RDO No. 72 - Roxas City, Capiz is composed of the following City and Munic",,,,,OF DUMARAO,POBLACION,BLUMENTRITT ST,NAT'L.RD-PRIVATE CEMETERY (NAT'L RD-BONIFACIO),CR,Commercial - Regular,300.0
raw,"RDO No. 72 - Roxas City, Capiz is composed of the following City and Munic",,,,,OF DUMARAO,POBLACION,BLUMENTRITT ST,MUN.CEMETERY-PUBLIC MKT.,CR,Commercial - Regular,300.0
raw,"RDO No. 72 - Roxas City, Capiz is composed of the following City and Munic",,,,,OF DUMARAO,POBLACION,BLUMENTRITT ST,NAT'L.RD.-DACUTAN,CR,Commercial - Regular,300.0
raw,"RDO No. 72 - Roxas City, Capiz is composed of the following City and Munic",,,,,OF DUMARAO,POBLACION,BLUMENTRITT ST,NAT'L.RD-BONIFACIO,CR,Commercial - Regular,150.0
raw,"RDO No. 72 - Roxas City, Capiz is composed of the following City and Munic",,,,,OF DUMARAO,POBLACION,BONIFACIO ST,LOPEZ JAENA - HARRIZON,RR,Residential - Regular,200.0
raw,"RDO No. 72 - Roxas City, Capiz is composed of the following City and Munic",,,,,OF DUMARAO,POBLACION,BONIFACIO ST,LOPEZ JAENA - HARRIZON,RR,Residential - Regular,100.0
raw,"RDO No. 72 - Roxas City, Capiz is composed of the following City and Munic",,,,,OF DUMARAO,POBLACION,HARRISON,MAPA - BLUMENTRITT,RR,Residential - Regular,250.0
raw,"RDO No. 72 - Roxas City, Capiz is composed of the following City and Munic",,,,,OF DUMARAO,POBLACION,HARRISON,RIZAL ST.-MERCADO ST.,RR,Residential - Regular,250.0
raw,"RDO No. 72 - Roxas City, Capiz is composed of the following City and Munic",,,,,OF DUMARAO,POBLACION,HARRISON,BLUMENTRITT-MERCADO ST.,RR,Residential - Regular,250.0
raw,"RDO No. 72 - Roxas City, Capiz is composed of the following City and Munic",,,,,OF DUMARAO,POBLACION,HARRISON,MERCADO - MAPA ST,CR,Commercial - Regular,250.0
raw,"RDO No. 72 - Roxas City, Capiz is composed of the following City and Munic",,,,,OF DUMARAO,POBLACION,HARRISON,MAPA - BLUMENTRITT,RR,Residential - Regular,100.0
raw,"RDO No. 72 - Roxas City, Capiz is composed of the following City and Munic",,,,,OF DUMARAO,POBLACION,HARRISON ST.,MERCADO -MAPA ST,CR,Commercial - Regular,150.0
raw,"RDO No. 72 - Roxas City, Capiz is composed of the following City and Munic",,,,,OF DUMARAO,POBLACION,LAS NIEVES,LAS NIEVES ST.-RIZAL ST.,RR,Residential - Regular,100.0
raw,"RDO No. 72 - Roxas City, Capiz is composed of the following City and Munic",,,,,OF DUMARAO,POBLACION,LAS NIEVES,MAPA - LAS NIEVES,RR,Residential - Regular,100.0
raw,"RDO No. 72 - Roxas City, Capiz is composed of the following City and Munic",,,,,OF DUMARAO,POBLACION,LOPEZ JAENA,MAPA - LAS NIEVES,RR,Residential - Regular,250.0
raw,"RDO No. 72 - Roxas City, Capiz is composed of the following City and Munic",,,,,OF DUMARAO,POBLACION,LOPEZ JAENA,LAS NIEVES ST.-RIZAL ST.,RR,Residential - Regular,250.0
raw,"RDO No. 72 - Roxas City, Capiz is composed of the following City and Munic",,,,,OF DUMARAO,POBLACION,LOPEZ JAENA,MAPA - LAS NIEVES,RR,Residential - Regular,100.0
raw,"RDO No. 72 - Roxas City, Capiz is composed of the following City and Munic",,,,,OF DUMARAO,POBLACION,LOPEZ ST.,COR.RIZAL-COR.MAPA ST.,CR,Commercial - Regular,300.0
raw,"RDO No. 72 - Roxas City, Capiz is composed of the following City and Munic",,,,,OF DUMARAO,POBLACION,M H DEL PILAR,NAT'L.HIWAY-RD FRONTING PUBLIC MARKET,RR,Residential - Regular,80.0
raw,"RDO No. 72 - Roxas City, Capiz is composed of the following City and Munic",,,,,OF DUMARAO,POBLACION,MAPA ST,MH DEL PILAR - HARRIZON,CR,Commercial - Regular,250.0
raw,"RDO No. 72 - Roxas City, Capiz is composed of the following City and Munic",,,,,OF DUMARAO,POBLACION,MAPA ST,LOPEZ JAENA - HARRIZON,RR,Residential - Regular,250.0
raw,"RDO No. 72 - Roxas City, Capiz is composed of the following City and Munic",,,,,OF DUMARAO,POBLACION,MAPA ST,MH DEL PILAR - HARRIZON,CR,Commercial - Regular,150.0
raw,"RDO No. 72 - Roxas City, Capiz is composed of the following City and Munic",,,,,OF DUMARAO,POBLACION,MAPA ST,LOPEZ JAENA - HARRIZON,RR,Residential - Regular,100.0
raw,"RDO No. 72 - Roxas City, Capiz is composed of the following City and Munic",,,,,OF DUMARAO,POBLACION,MERCADO ST,PROV'L.RD-M.H.DEL PILAR,CR,Commercial - Regular,250.0
raw,"RDO No. 72 - Roxas City, Capiz is composed of the following City and Munic",,,,,OF DUMARAO,POBLACION,MERCADO ST,M.H. DEL PILAR -HARRISON ST.,RR,Residential - Regular,250.0
raw,"RDO No. 72 - Roxas City, Capiz is composed of the following City and Munic",,,,,OF DUMARAO,POBLACION,MERCADO ST,MH DEL PILAR - L. JAENA ST.,CR,Commercial - Regular,150.0
raw,"RDO No. 72 - Roxas City, Capiz is composed of the following City and Munic",,,,,OF DUMARAO,POBLACION,MH DEL PILAR,RIZAL -RD FRONT' PUB MKT.,CR,Commercial - Regular,300.0
raw,"RDO No. 72 - Roxas City, Capiz is composed of the following City and Munic",,,,,OF DUMARAO,POBLACION,MH DEL PILAR,RIZAL - BLUMENTRITT,RR,Residential - Regular,250.0
raw,"RDO No. 72 - Roxas City, Capiz is composed of the following City and Munic",,,,,OF DUMARAO,POBLACION,MH DEL PILAR,NAT'L.HIWAY-PUBLIC MKT.,RR,Residential - Regular,250.0
raw,"RDO No. 72 - Roxas City, Capiz is composed of the following City and Munic",,,,,OF DUMARAO,POBLACION,MH DEL PILAR,OLD PUBLIC MARKET,CR,Commercial - Regular,300.0
raw,"RDO No. 72 - Roxas City, Capiz is composed of the following City and Munic",,,,,OF DUMARAO,POBLACION,MH DEL PILAR,OLD PUBLIC MARKET,RR,Residential - Regular,250.0
raw,"RDO No. 72 - Roxas City, Capiz is composed of the following City and Munic",,,,,OF DUMARAO,POBLACION,MH DEL PILAR,RIZAL -RD FRONT' PUB MKT.,CR,Commercial - Regular,150.0
raw,"RDO No. 72 - Roxas City, Capiz is composed of the following City and Munic",,,,,OF DUMARAO,POBLACION,MH DEL PILAR,RIZAL - BLUMENTRITT,RR,Residential - Regular,100.0
raw,"RDO No. 72 - Roxas City, Capiz is composed of the following City and Munic",,,,,OF DUMARAO,POBLACION,NAT'L.ROAD,DACUTAN-BRGY.CODNGLE BDRY.,CR,Commercial - Regular,300.0
raw,"RDO No. 72 - Roxas City, Capiz is composed of the following City and Munic",,,,,OF DUMARAO,POBLACION,NAT'L.ROAD,COR.RD-SALCEDO-LUPLUPAN CRK,CR,Commercial - Regular,300.0
raw,"RDO No. 72 - Roxas City, Capiz is composed of the following City and Munic",,,,,OF DUMARAO,POBLACION,NAT'L.ROAD,LUPLUPANCRK-LANDING FIELD,CR,Commercial - Regular,300.0
raw,"RDO No. 72 - Roxas City, Capiz is composed of the following City and Munic",,,,,OF DUMARAO,POBLACION,NAT'L.ROAD,LANDING CRK-GUINTAS CRK.,CR,Commercial - Regular,300.0
raw,"RDO No. 72 - Roxas City, Capiz is composed of the following City and Munic",,,,,OF DUMARAO,POBLACION,NAT'L.ROAD,GUINTAS CRK-PUBLIC MKT.,CR,Commercial - Regular,300.0
raw,"RDO No. 72 - Roxas City, Capiz is composed of the following City and Munic",,,,,OF DUMARAO,POBLACION,NAT'L.ROAD,"AGLALANA,CONDINGLE-POB.",CR,Commercial - Regular,300.0
raw,"RDO No. 72 - Roxas City, Capiz is composed of the following City and Munic",,,,,OF DUMARAO,POBLACION,OSMENA ST,MAPA - LAS NIEVES,RR,Residential - Regular,100.0
raw,"RDO No. 72 - Roxas City, Capiz is composed of the following City and Munic",,,,,OF DUMARAO,POBLACION,PALMA ST,LAS NIEVES ST.-RIZAL ST.,RR,Residential - Regular,100.0
raw,"RDO No. 72 - Roxas City, Capiz is composed of the following City and Munic",,,,,OF DUMARAO,POBLACION,PALMA ST,MAPA - LAS NIEVES,RR,Residential - Regular,100.0
raw,"RDO No. 72 - Roxas City, Capiz is composed of the following City and Munic",,,,,OF DUMARAO,POBLACION,PALOMA ST,LAS NIEVES ST.-RIZAL ST.,RR,Residential - Regular,100.0
raw,"RDO No. 72 - Roxas City, Capiz is composed of the following City and Munic",,,,,OF DUMARAO,POBLACION,PALOMA ST,MAPA - LAS NIEVES,RR,Residential - Regular,100.0
raw,"RDO No. 72 - Roxas City, Capiz is composed of the following City and Munic",,,,,OF DUMARAO,POBLACION,PROV'L RD,PROZAL-M.H.DEL PILAR,RR,Residential - Regular,300.0
raw,"RDO No. 72 - Roxas City, Capiz is composed of the following City and Munic",,,,,OF DUMARAO,POBLACION,PROV'L RD,RIZAL ST-PROPOSED EXT.RD.,CR,Commercial - Regular,300.0
raw,"RDO No. 72 - Roxas City, Capiz is composed of the following City and Munic",,,,,OF DUMARAO,POBLACION,PROV'L RD,PROZAL-M.H.DEL PILAR,RR,Residential - Regular,100.0
raw,"RDO No. 72 - Roxas City, Capiz is composed of the following City and Munic",,,,,OF DUMARAO,POBLACION,QUEZON ST,RIZAL ST-PROPOSED EXT.RD.,RR,Residential - Regular,200.0
raw,"RDO No. 72 - Roxas City, Capiz is composed of the following City and Munic",,,,,OF DUMARAO,POBLACION,QUEZON ST,PROZAL-M.H.DEL PILAR,RR,Residential - Regular,100.0
raw,"RDO No. 72 - Roxas City, Capiz is composed of the following City and Munic",,,,,OF DUMARAO,POBLACION,RIZAL ST.(ROZAL ST),QUEZON ST - PALOMA ST,RR,Residential - Regular,250.0
raw,"RDO No. 72 - Roxas City, Capiz is composed of the following City and Munic",,,,,OF DUMARAO,POBLACION,RIZAL ST.(ROZAL ST),PALOMA - MH DEL PILAR,CR,Commercial - Regular,300.0
raw,"RDO No. 72 - Roxas City, Capiz is composed of the following City and Munic",,,,,OF DUMARAO,POBLACION,RIZAL ST.(ROZAL ST),MH DEL PILAR- L. JAENA ST,RR,Residential - Regular,250.0
raw,"RDO No. 72 - Roxas City, Capiz is composed of the following City and Munic",,,,,OF DUMARAO,POBLACION,RIZAL ST.(ROZAL ST),HARRISON-LOPEZ JAENA ST.,RR,Residential - Regular,250.0
raw,"RDO No. 72 - Roxas City, Capiz is composed of the following City and Munic",,,,,OF DUMARAO,POBLACION,RIZAL ST.(ROZAL ST),PROV'L.RD-M.H.DEL PILAR,CR,Commercial - Regular,300.0
raw,"RDO No. 72 - Roxas City, Capiz is composed of the following City and Munic",,,,,OF DUMARAO,POBLACION,ROZAL ST.,QUEZON ST-PALOMA ST.,RR,Residential - Regular,100.0
raw,"RDO No. 72 - Roxas City, Capiz is composed of the following City and Munic",,,,,OF DUMARAO,POBLACION,ROZAL ST.,PALOMA-MH DEL PILAR,CR,Commercial - Regular,150.0
raw,"RDO No. 72 - Roxas City, Capiz is composed of the following City and Munic",,,,,OF DUMARAO,POBLACION,ROZAL ST.,MH DEL PILAR - L. JAENA ST.,RR,Residential - Regular,100.0
raw,"RDO No. 72 - Roxas City, Capiz is composed of the following City and Munic",,,,,OF DUMARAO,"S :    AGBATUAN, AGLALANA, AGLANOT, AGSIRAB,ALIPACIAWAN,ASTORGA,",ALL LOTS,NATIONAL ROAD,RR,Residential - Regular,80.0
raw,"RDO No. 72 - Roxas City, Capiz is composed of the following City and Munic",,,,,OF DUMARAO,"S :    AGBATUAN, AGLALANA, AGLANOT, AGSIRAB,ALIPACIAWAN,ASTORGA,",ALL LOTS,NATIONAL ROAD,CR,Commercial - Regular,150.0
raw,"RDO No. 72 - Roxas City, Capiz is composed of the following City and Munic",,,,,OF DUMARAO,"S :    AGBATUAN, AGLALANA, AGLANOT, AGSIRAB,ALIPACIAWAN,ASTORGA,",ALL LOTS,BARANGAY ROAD,RR,Residential - Regular,60.0
raw,"RDO No. 72 - Roxas City, Capiz is composed of the following City and Munic",,,,,OF DUMARAO,"S :    AGBATUAN, AGLALANA, AGLANOT, AGSIRAB,ALIPACIAWAN,ASTORGA,",ALL LOTS,INTERIOR LOTS,RR,Residential - Regular,30.0
raw,"RDO No. 72 - Roxas City, Capiz is composed of the following City and Munic",,,,,OF IVISAN,ALL  BARANGAYS,ALL LOTS,,A1,Agricultural - A1,20.0
raw,"RDO No. 72 - Roxas City, Capiz is composed of the following City and Munic",,,,,OF IVISAN,ALL  BARANGAYS,ALL LOTS,,A2,Agricultural - A2,15.0
raw,"RDO No. 72 - Roxas City, Capiz is composed of the following City and Munic",,,,,OF IVISAN,ALL  BARANGAYS,ALL LOTS,,A3,Agricultural - A3,10.0
raw,"RDO No. 72 - Roxas City, Capiz is composed of the following City and Munic",,,,,OF IVISAN,ALL  BARANGAYS,ALL LOTS,,A4,Agricultural - A4,9.0
raw,"RDO No. 72 - Roxas City, Capiz is composed of the following City and Munic",,,,,OF IVISAN,ALL  BARANGAYS,ALL LOTS,,A6,Agricultural - A6,25.0
raw,"RDO No. 72 - Roxas City, Capiz is composed of the following City and Munic",,,,,OF IVISAN,ALL  BARANGAYS,ALL LOTS,,A7,Agricultural - A7,7.0
raw,"RDO No. 72 - Roxas City, Capiz is composed of the following City and Munic",,,,,OF IVISAN,ALL  BARANGAYS,ALL LOTS,,A8,Agricultural - A8,10.0
raw,"RDO No. 72 - Roxas City, Capiz is composed of the following City and Munic",,,,,OF IVISAN,ALL  BARANGAYS,ALL LOTS,,A10,Agricultural - A10,7.0
raw,"RDO No. 72 - Roxas City, Capiz is composed of the following City and Munic",,,,,OF IVISAN,ALL  BARANGAYS,ALL LOTS,,A12,Agricultural - A12,7.0
raw,"RDO No. 72 - Roxas City, Capiz is composed of the following City and Munic",,,,,OF IVISAN,ALL  BARANGAYS,ALL LOTS,,A15,Agricultural - A15,6.0
raw,"RDO No. 72 - Roxas City, Capiz is composed of the following City and Munic",,,,,OF IVISAN,ALL  BARANGAYS,ALL LOTS,,A16,Agricultural - A16,9.0
raw,"RDO No. 72 - Roxas City, Capiz is composed of the following City and Munic",,,,,OF IVISAN,ALL  BARANGAYS,ALL LOTS,,A17,Agricultural - A17,14.0
raw,"RDO No. 72 - Roxas City, Capiz is composed of the following City and Munic",,,,,OF IVISAN,ALL  BARANGAYS,ALL LOTS,,A26,Agricultural - A26,8.0
raw,"RDO No. 72 - Roxas City, Capiz is composed of the following City and Munic",,,,,OF IVISAN,ALL  BARANGAYS,ALL LOTS,,A36,Agricultural - A36,5.0
raw,"RDO No. 72 - Roxas City, Capiz is composed of the following City and Munic",,,,,OF IVISAN,ALL  BARANGAYS,ALL LOTS,,A50,Agricultural - A50,4.0
raw,"RDO No. 72 - Roxas City, Capiz is composed of the following City and Munic",,,,,OF IVISAN,POBLACION,POBLACION NORTE,MRT.SIDE -EASTSIDE OF,CR,Commercial - Regular,480.0
raw,"RDO No. 72 - Roxas City, Capiz is composed of the following City and Munic",,,,,OF IVISAN,POBLACION,POBLACION SUR,MRT.SIDE -EASTSIDE OF,RR,Residential - Regular,360.0
raw,"RDO No. 72 - Roxas City, Capiz is composed of the following City and Munic",,,,,OF IVISAN,POBLACION,POBLACION SUR,HALF KM. AWAY FROM THE POBLACION SUR,RR,Residential - Regular,240.0
raw,"RDO No. 72 - Roxas City, Capiz is composed of the following City and Munic",,,,,OF IVISAN,POBLACION NORTE,,MRT SIDE -EASTSIDE OF ELEM SCHOOL,CR,Commercial - Regular,500.0
raw,"RDO No. 72 - Roxas City, Capiz is composed of the following City and Munic",,,,,OF IVISAN,POBLACION NORTE,,PRES.MA.ROXAS-PROCESSIONALS,RR,Residential - Regular,375.0
raw,"RDO No. 72 - Roxas City, Capiz is composed of the following City and Munic",,,,,OF IVISAN,POBLACION NORTE,A. BONIFACIO ST.,CORNELIO VILLAREAL-PRES. MA. ROXAS ST,CR,Commercial - Regular,500.0
raw,"RDO No. 72 - Roxas City, Capiz is composed of the following City and Munic",,,,,OF IVISAN,POBLACION NORTE,COG.C.T.VILLAREAL SR.,A.BONIFACIO-ZAMORA ST.,CR,Commercial - Regular,500.0
raw,"RDO No. 72 - Roxas City, Capiz is composed of the following City and Munic",,,,,OF IVISAN,POBLACION NORTE,M.H.DEL PILAR ST.,PRES.ROXAS-PROCESSIONAL ST.,RR,Residential - Regular,375.0
raw,"RDO No. 72 - Roxas City, Capiz is composed of the following City and Munic",,,,,OF IVISAN,POBLACION NORTE,MSGR.FEGARIDO ST.,"C.VILLAREAL,QUEZON-ROXAS-PROCESSIONAL ST",RR,Residential - Regular,375.0
raw,"RDO No. 72 - Roxas City, Capiz is composed of the following City and Munic",,,,,OF IVISAN,POBLACION NORTE,NAT'L.RD.-ROXAS,QUEZON ST.-IVISAN CENTRAL SCH.,CR,Commercial - Regular,400.0
raw,"RDO No. 72 - Roxas City, Capiz is composed of the following City and Munic",,,,,OF IVISAN,POBLACION NORTE,NATIONAL RD.,PROCESSIONAL ST-BDRY OF CUDIAN,CR,Commercial - Regular,400.0
raw,"RDO No. 72 - Roxas City, Capiz is composed of the following City and Munic",,,,,OF IVISAN,POBLACION NORTE,NATIONAL RD.,ROXAS VIA LOCTUGAN-BDRY.POB. NORTE & SUR,RR,Residential - Regular,375.0
raw,"RDO No. 72 - Roxas City, Capiz is composed of the following City and Munic",,,,,OF IVISAN,POBLACION NORTE,PROCESSIONAL ST.,A.BONIFACIO ST.-M.H.DEL PILAR,RR,Residential - Regular,375.0
raw,"RDO No. 72 - Roxas City, Capiz is composed of the following City and Munic",,,,,OF IVISAN,POBLACION NORTE,PROCESSIONAL ST.,BALIJUAGAN ST.-FEGARIDO ST.,RR,Residential - Regular,360.0
raw,"RDO No. 72 - Roxas City, Capiz is composed of the following City and Munic",,,,,OF IVISAN,POBLACION NORTE,PROVINCIAL RD.,PROCESSIONAL ST-BDRY OF CUDIAN,RR,Residential - Regular,275.0
raw,"RDO No. 72 - Roxas City, Capiz is composed of the following City and Munic",,,,,OF IVISAN,POBLACION NORTE,QUEZON ST.,MSGR.FEGARIDO-ROXAS-NAT'L.RD,RR,Residential - Regular,375.0
raw,"RDO No. 72 - Roxas City, Capiz is composed of the following City and Munic",,,,,OF IVISAN,POBLACION NORTE,ROXAS CITY,A.BONIFACIO-ZAMORA ST.,CR,Commercial - Regular,500.0
raw,"RDO No. 72 - Roxas City, Capiz is composed of the following City and Munic",,,,,OF IVISAN,POBLACION NORTE,VIA LOCTUGAN,QUEZON ST.-IVISAN CENTRAL SCH.,RR,Residential - Regular,375.0
raw,"RDO No. 72 - Roxas City, Capiz is composed of the following City and Munic",,,,,OF IVISAN,POBLACION NORTE,ZAMORA ST.,PRES.MA.ROXAS-C. VILLAREAL,CR,Commercial - Regular,500.0
raw,"RDO No. 72 - Roxas City, Capiz is composed of the following City and Munic",,,,,OF IVISAN,POBLACION SUR,,HALFKM. AWAY FR. THE POB SUR,RR,Residential - Regular,375.0
raw,"RDO No. 72 - Roxas City, Capiz is composed of the following City and Munic",,,,,OF IVISAN,POBLACION SUR,ADVINCULA ST.,WASHINGTON ST.-J.P.RIZAL ST.,RR,Residential - Regular,375.0
raw,"RDO No. 72 - Roxas City, Capiz is composed of the following City and Munic",,,,,OF IVISAN,POBLACION SUR,ALL OTHER LOTS,SIGMA-SAPIAN-ROXAS,RR,Residential - Regular,225.0
raw,"RDO No. 72 - Roxas City, Capiz is composed of the following City and Munic",,,,,OF IVISAN,POBLACION SUR,ALL OTHER LOTS,INTERIOR LOTS,RR,Residential - Regular,100.0
raw,"RDO No. 72 - Roxas City, Capiz is composed of the following City and Munic",,,,,OF IVISAN,POBLACION SUR,FEDDER ROAD,J.HONORIO ST.-NORTHERN PORTION,RR,Residential - Regular,300.0
raw,"RDO No. 72 - Roxas City, Capiz is composed of the following City and Munic",,,,,OF IVISAN,POBLACION SUR,GEN. LUNA ST.,HONORIO ST.-RIZAL ST.,RR,Residential - Regular,375.0
raw,"RDO No. 72 - Roxas City, Capiz is composed of the following City and Munic",,,,,OF IVISAN,POBLACION SUR,HONORIO ST.,BRIDGE J.P.RIZAL-GEN.LUNA ST.,RR,Residential - Regular,375.0
raw,"RDO No. 72 - Roxas City, Capiz is composed of the following City and Munic",,,,,OF IVISAN,POBLACION SUR,NATIONAL ROAD,SIGMA-SAPIAN-ROXAS,RR,Residential - Regular,375.0
raw,"RDO No. 72 - Roxas City, Capiz is composed of the following City and Munic",,,,,OF IVISAN,POBLACION SUR,NATIONAL ROAD,SIGMA-SAPIAN-ROXAS,RR,Residential - Regular,375.0
raw,"RDO No. 72 - Roxas City, Capiz is composed of the following City and Munic",,,,,OF IVISAN,POBLACION SUR,NATIONAL ROAD,SIGMA-SAPIAN-ROXAS,GP,General Purpose,50.0
raw,"RDO No. 72 - Roxas City, Capiz is composed of the following City and Munic",,,,,OF IVISAN,POBLACION SUR,NATIONAL ROAD,SIGMA-SAPIAN-ROXAS,A50,Agricultural - A50,25.0
raw,"RDO No. 72 - Roxas City, Capiz is composed of the following City and Munic",,,,,OF IVISAN,POBLACION SUR,PISUENA ST.,J.P.RIZAL-NAT'L. RD.,RR,Residential - Regular,300.0
raw,"RDO No. 72 - Roxas City, Capiz is composed of the following City and Munic",,,,,OF IVISAN,POBLACION SUR,PROV'L.RD,RIZAL ST.-BDRY.POB.SUR,RR,Residential - Regular,375.0
raw,"RDO No. 72 - Roxas City, Capiz is composed of the following City and Munic",,,,,OF IVISAN,POBLACION SUR,RIZAL ST.,HONORIO ST.-WASHINGTON-PISUENA,RR,Residential - Regular,375.0
raw,"RDO No. 72 - Roxas City, Capiz is composed of the following City and Munic",,,,,OF IVISAN,POBLACION SUR,RIZAL ST.,GEN.LUNA-PROV.RD-BASIAO,RR,Residential - Regular,375.0
raw,"RDO No. 72 - Roxas City, Capiz is composed of the following City and Munic",,,,,OF IVISAN,POBLACION SUR,RIZAL ST.,NAT'L.RD-SAPIAN,RR,Residential - Regular,375.0
raw,"RDO No. 72 - Roxas City, Capiz is composed of the following City and Munic",,,,,OF IVISAN,POBLACION SUR,WASHINGTON ST.,J.P.RIZAL-NAT'L. RD.,RR,Residential - Regular,375.0
raw,"RDO No. 72 - Roxas City, Capiz is composed of the following City and Munic",,,,,OF IVISAN,"S :     AGMALOBO, AGUSTIN NAVARRA, BALADING BASIAO, CABUGAO, CUDIAN,",ALL LOTS,ALONG THE ROAD,RR,Residential - Regular,80.0
raw,"RDO No. 72 - Roxas City, Capiz is composed of the following City and Munic",,,,,OF IVISAN,"S :     AGMALOBO, AGUSTIN NAVARRA, BALADING BASIAO, CABUGAO, CUDIAN,",ALL LOTS,INTERIOR LOTS,RR,Residential - Regular,50.0
raw,"RDO No. 72 - Roxas City, Capiz is composed of the following City and Munic",,,,,OF JAMINDAN,AGCAGAY,ALL LOTS,,RR,Residential - Regular,150.0
raw,"RDO No. 72 - Roxas City, Capiz is composed of the following City and Munic",,,,,OF JAMINDAN,ALL BARANGAYS,ALL LOTS,,A1,Agricultural - A1,13.0
raw,"RDO No. 72 - Roxas City, Capiz is composed of the following City and Munic",,,,,OF JAMINDAN,ALL BARANGAYS,ALL LOTS,,A2,Agricultural - A2,12.0
raw,"RDO No. 72 - Roxas City, Capiz is composed of the following City and Munic",,,,,OF JAMINDAN,ALL BARANGAYS,ALL LOTS,,A3,Agricultural - A3,8.0
raw,"RDO No. 72 - Roxas City, Capiz is composed of the following City and Munic",,,,,OF JAMINDAN,ALL BARANGAYS,ALL LOTS,,A4,Agricultural - A4,8.0
raw,"RDO No. 72 - Roxas City, Capiz is composed of the following City and Munic",,,,,OF JAMINDAN,ALL BARANGAYS,ALL LOTS,,A7,Agricultural - A7,8.0
raw,"RDO No. 72 - Roxas City, Capiz is composed of the following City and Munic",,,,,OF JAMINDAN,ALL BARANGAYS,ALL LOTS,,A9,Agricultural - A9,8.0
raw,"RDO No. 72 - Roxas City, Capiz is composed of the following City and Munic",,,,,OF JAMINDAN,ALL BARANGAYS,ALL LOTS,,A10,Agricultural - A10,5.0
raw,"RDO No. 72 - Roxas City, Capiz is composed of the following City and Munic",,,,,OF JAMINDAN,ALL BARANGAYS,ALL LOTS,,A15,Agricultural - A15,4.0
raw,"RDO No. 72 - Roxas City, Capiz is composed of the following City and Munic",,,,,OF JAMINDAN,ALL BARANGAYS,ALL LOTS,,A16,Agricultural - A16,8.0
raw,"RDO No. 72 - Roxas City, Capiz is composed of the following City and Munic",,,,,OF JAMINDAN,ALL BARANGAYS,ALL LOTS,,A17,Agricultural - A17,10.0
raw,"RDO No. 72 - Roxas City, Capiz is composed of the following City and Munic",,,,,OF JAMINDAN,ALL BARANGAYS,ALL LOTS,,A26,Agricultural - A26,8.0
raw,"RDO No. 72 - Roxas City, Capiz is composed of the following City and Munic",,,,,OF JAMINDAN,ALL BARANGAYS,ALL LOTS,,A36,Agricultural - A36,4.0
raw,"RDO No. 72 - Roxas City, Capiz is composed of the following City and Munic",,,,,OF JAMINDAN,ALL BARANGAYS,ALL LOTS,,A50,Agricultural - A50,3.0
raw,"RDO No. 72 - Roxas City, Capiz is composed of the following City and Munic",,,,,OF JAMINDAN,JAGNAYA,ALL LOTS,,RR,Residential - Regular,45.0
raw,"RDO No. 72 - Roxas City, Capiz is composed of the following City and Munic",,,,,OF JAMINDAN,POBLACION,BONIFACIO ST,OLD ROAD- SAN SEBASTIAN,RR,Residential - Regular,150.0
raw,"RDO No. 72 - Roxas City, Capiz is composed of the following City and Munic",,,,,OF JAMINDAN,POBLACION,BONIFACIO ST,LOTS NOT ADJOIND BY ROAD,RR,Residential - Regular,80.0
raw,"RDO No. 72 - Roxas City, Capiz is composed of the following City and Munic",,,,,OF JAMINDAN,POBLACION,ESPERANZA,LOTS NOT ADJOIND BY ROAD,RR,Residential - Regular,50.0
raw,"RDO No. 72 - Roxas City, Capiz is composed of the following City and Munic",,,,,OF JAMINDAN,POBLACION,FE,LOTS NOT ADJOIND BY ROAD,RR,Residential - Regular,50.0
raw,"RDO No. 72 - Roxas City, Capiz is composed of the following City and Munic",,,,,OF JAMINDAN,POBLACION,LAPAZ,LOTS NOT ADJOIND BY ROAD,RR,Residential - Regular,50.0
raw,"RDO No. 72 - Roxas City, Capiz is composed of the following City and Munic",,,,,OF JAMINDAN,POBLACION,LOT,ROADS W/IN 1 KM FROM POB.ROADS MORE,RR,Residential - Regular,50.0
raw,"RDO No. 72 - Roxas City, Capiz is composed of the following City and Munic",,,,,OF JAMINDAN,POBLACION,LOT,THAN 1 KM.FROM POBLACION,RR,Residential - Regular,45.0
raw,"RDO No. 72 - Roxas City, Capiz is composed of the following City and Munic",,,,,OF JAMINDAN,POBLACION,LOT,LOTS NOT ADJOIND BY ROAD,RR,Residential - Regular,40.0
raw,"RDO No. 72 - Roxas City, Capiz is composed of the following City and Munic",,,,,OF JAMINDAN,POBLACION,LOT,ROAD MORE THAN 1KM,RR,Residential - Regular,45.0
raw,"RDO No. 72 - Roxas City, Capiz is composed of the following City and Munic",,,,,OF JAMINDAN,POBLACION,M.ROXAS ST.,OLD ROAD- SAN SEBASTIAN,RR,Residential - Regular,200.0
raw,"RDO No. 72 - Roxas City, Capiz is composed of the following City and Munic",,,,,OF JAMINDAN,POBLACION,MABINI ST,OLD ROAD- SAN SEBASTIAN,RR,Residential - Regular,150.0
raw,"RDO No. 72 - Roxas City, Capiz is composed of the following City and Munic",,,,,OF JAMINDAN,POBLACION,MABINI ST,LOTS NOT ADJOIND BY ROAD,RR,Residential - Regular,80.0
raw,"RDO No. 72 - Roxas City, Capiz is composed of the following City and Munic",,,,,OF JAMINDAN,POBLACION,MAGSAYSAY ST.,OLD ROAD- SAN SEBASTIAN,RR,Residential - Regular,200.0
raw,"RDO No. 72 - Roxas City, Capiz is composed of the following City and Munic",,,,,OF JAMINDAN,POBLACION,NIEVA ST,OLD ROAD- SAN SEBASTIAN,RR,Residential - Regular,200.0
raw,"RDO No. 72 - Roxas City, Capiz is composed of the following City and Munic",,,,,OF JAMINDAN,POBLACION,NIEVA ST,OLD ROAD- SAN SEBASTIAN,RR,Residential - Regular,100.0
raw,"RDO No. 72 - Roxas City, Capiz is composed of the following City and Munic",,,,,OF JAMINDAN,POBLACION,NUEVA ST,OLD ROAD- SAN SEBASTIAN,RR,Residential - Regular,150.0
raw,"RDO No. 72 - Roxas City, Capiz is composed of the following City and Munic",,,,,OF JAMINDAN,POBLACION,NUEVA ST,LOTS NOT ADJOIND BY ROAD,RR,Residential - Regular,80.0
raw,"RDO No. 72 - Roxas City, Capiz is composed of the following City and Munic",,,,,OF JAMINDAN,POBLACION,OLD ROAD,OLD ROAD- SAN SEBASTIAN,RR,Residential - Regular,275.0
raw,"RDO No. 72 - Roxas City, Capiz is composed of the following City and Munic",,,,,OF JAMINDAN,POBLACION,OLD ROAD,OLD ROAD- SAN SEBASTIAN,RR,Residential - Regular,100.0
raw,"RDO No. 72 - Roxas City, Capiz is composed of the following City and Munic",,,,,OF JAMINDAN,POBLACION,QUEZON ST,OLD ROAD- SAN SEBASTIAN,RR,Residential - Regular,150.0
raw,"RDO No. 72 - Roxas City, Capiz is composed of the following City and Munic",,,,,OF JAMINDAN,POBLACION,QUEZON ST,LOTS NOT ADJOIND BY ROAD,RR,Residential - Regular,100.0
raw,"RDO No. 72 - Roxas City, Capiz is composed of the following City and Munic",,,,,OF JAMINDAN,POBLACION,RD TO BRGY AGCAGAY,OLD ROAD- SAN SEBASTIAN,RR,Residential - Regular,80.0
raw,"RDO No. 72 - Roxas City, Capiz is composed of the following City and Munic",,,,,OF JAMINDAN,POBLACION,REAL ST,OLD ROAD- SAN SEBASTIAN,RR,Residential - Regular,150.0
raw,"RDO No. 72 - Roxas City, Capiz is composed of the following City and Munic",,,,,OF JAMINDAN,POBLACION,REAL ST,LOTS NOT ADJOIND BY ROAD,RR,Residential - Regular,100.0
raw,"RDO No. 72 - Roxas City, Capiz is composed of the following City and Munic",,,,,OF JAMINDAN,POBLACION,RIZAL ST,OLD ROAD- SAN SEBASTIAN,RR,Residential - Regular,150.0
raw,"RDO No. 72 - Roxas City, Capiz is composed of the following City and Munic",,,,,OF JAMINDAN,POBLACION,RIZAL ST,LOTS NOT ADJOIND BY ROAD,RR,Residential - Regular,100.0
raw,"RDO No. 72 - Roxas City, Capiz is composed of the following City and Munic",,,,,OF JAMINDAN,POBLACION,SAN ANTONIO,SAN NICOLAS ST - OLD RD,CR,Commercial - Regular,375.0
raw,"RDO No. 72 - Roxas City, Capiz is composed of the following City and Munic",,,,,OF JAMINDAN,POBLACION,SAN ANTONIO,OLD ROAD- SAN SEBASTIAN,RR,Residential - Regular,275.0
raw,"RDO No. 72 - Roxas City, Capiz is composed of the following City and Munic",,,,,OF JAMINDAN,POBLACION,SAN ANTONIO,SAN NICOLAS ST - OLD RD,CR,Commercial - Regular,120.0
raw,"RDO No. 72 - Roxas City, Capiz is composed of the following City and Munic",,,,,OF JAMINDAN,POBLACION,SAN ANTONIO,OLD ROAD- SAN SEBASTIAN,RR,Residential - Regular,100.0
raw,"RDO No. 72 - Roxas City, Capiz is composed of the following City and Munic",,,,,OF JAMINDAN,POBLACION,SAN ISIDRO ST,OLD ROAD- SAN SEBASTIAN,RR,Residential - Regular,150.0
raw,"RDO No. 72 - Roxas City, Capiz is composed of the following City and Munic",,,,,OF JAMINDAN,POBLACION,SAN ISIDRO ST,LOTS NOT ADJOIND BY ROAD,RR,Residential - Regular,80.0
raw,"RDO No. 72 - Roxas City, Capiz is composed of the following City and Munic",,,,,OF JAMINDAN,POBLACION,SAN NICOLAS,OLD ROAD- SAN SEBASTIAN,RR,Residential - Regular,65.0
raw,"RDO No. 72 - Roxas City, Capiz is composed of the following City and Munic",,,,,OF JAMINDAN,POBLACION,SAN SEBASTIAN,OLD ROAD- SAN SEBASTIAN,RR,Residential - Regular,160.0
raw,"RDO No. 72 - Roxas City, Capiz is composed of the following City and Munic",,,,,OF JAMINDAN,POBLACION,SAN SEBASTIAN,OLD ROAD- SAN SEBASTIAN,RR,Residential - Regular,100.0
raw,"RDO No. 72 - Roxas City, Capiz is composed of the following City and Munic",,,,,OF JAMINDAN,POBLACION,SAN VICENTE ST,OLD ROAD- SAN SEBASTIAN,RR,Residential - Regular,150.0
raw,"RDO No. 72 - Roxas City, Capiz is composed of the following City and Munic",,,,,OF JAMINDAN,POBLACION,SAN VICENTE ST,LOTS NOT ADJOIND BY ROAD,RR,Residential - Regular,100.0
raw,"RDO No. 72 - Roxas City, Capiz is composed of the following City and Munic",,,,,OF JAMINDAN,POBLACION,SMITH ST,OLD ROAD- SAN SEBASTIAN,RR,Residential - Regular,200.0
raw,"RDO No. 72 - Roxas City, Capiz is composed of the following City and Munic",,,,,OF JAMINDAN,POBLACION,SMITH ST,OLD ROAD- SAN SEBASTIAN,RR,Residential - Regular,100.0
raw,"RDO No. 72 - Roxas City, Capiz is composed of the following City and Munic",,,,,OF JAMINDAN,POBLACION,STA. CRUZ,OLD ROAD- SAN SEBASTIAN,RR,Residential - Regular,165.0
raw,"RDO No. 72 - Roxas City, Capiz is composed of the following City and Munic",,,,,OF JAMINDAN,POBLACION,STA. CRUZ,OLD ROAD- SAN SEBASTIAN,RR,Residential - Regular,100.0
raw,"RDO No. 72 - Roxas City, Capiz is composed of the following City and Munic",,,,,OF JAMINDAN,POBLACION,TAFT ST,OLD ROAD- SAN SEBASTIAN,RR,Residential - Regular,100.0
raw,"RDO No. 72 - Roxas City, Capiz is composed of the following City and Munic",,,,,OF JAMINDAN,POBLACION,TAFT ST/PRES.ROXAS ST.,OLD ROAD- SAN SEBASTIAN,RR,Residential - Regular,165.0
raw,"RDO No. 72 - Roxas City, Capiz is composed of the following City and Munic",,,,,OF JAMINDAN,"S :     AGAMBULONG, AGBUN-OD, AGLIBACAO, AGLOLOWAY, BAYE-BAYE, CARIDAD,",ALL LOTS,ROADS W/IN 1 KM. FROM POB,RR,Residential - Regular,65.0
raw,"RDO No. 72 - Roxas City, Capiz is composed of the following City and Munic",,,,,OF JAMINDAN,"S :     AGAMBULONG, AGBUN-OD, AGLIBACAO, AGLOLOWAY, BAYE-BAYE, CARIDAD,",ALL LOTS,RD MORE THAN 1KM FR POBLACION,RR,Residential - Regular,45.0
raw,"RDO No. 72 - Roxas City, Capiz is composed of the following City and Munic",,,,,OF JAMINDAN,"S :     AGAMBULONG, AGBUN-OD, AGLIBACAO, AGLOLOWAY, BAYE-BAYE, CARIDAD,",ALL LOTS,INTERIOR LOTS,RR,Residential - Regular,60.0
raw,"RDO No. 72 - Roxas City, Capiz is composed of the following City and Munic",,,,,OF JAMINDAN,"S:  ESPERANZA, FE, LAPAZ",ALL LOTS,,RR,Residential - Regular,65.0
raw,"RDO No. 72 - Roxas City, Capiz is composed of the following City and Munic",,,,,OF JAMINDAN,"S:  ESPERANZA, FE, LAPAZ",ALL LOTS,INTERIOR LOTS,RR,Residential - Regular,40.0
raw,"RDO No. 72 - Roxas City, Capiz is composed of the following City and Munic",,,,,OF MA-AYON,ALL BARANGAYS,ALL LOTS,,A1,Agricultural - A1,11.0
raw,"RDO No. 72 - Roxas City, Capiz is composed of the following City and Munic",,,,,OF MA-AYON,ALL BARANGAYS,ALL LOTS,,A2,Agricultural - A2,9.0
raw,"RDO No. 72 - Roxas City, Capiz is composed of the following City and Munic",,,,,OF MA-AYON,ALL BARANGAYS,ALL LOTS,,A3,Agricultural - A3,4.0
raw,"RDO No. 72 - Roxas City, Capiz is composed of the following City and Munic",,,,,OF MA-AYON,ALL BARANGAYS,ALL LOTS,,A4,Agricultural - A4,5.0
raw,"RDO No. 72 - Roxas City, Capiz is composed of the following City and Munic",,,,,OF MA-AYON,ALL BARANGAYS,ALL LOTS,,A5,Agricultural - A5,5.0
raw,"RDO No. 72 - Roxas City, Capiz is composed of the following City and Munic",,,,,OF MA-AYON,ALL BARANGAYS,ALL LOTS,,A7,Agricultural - A7,3.0
raw,"RDO No. 72 - Roxas City, Capiz is composed of the following City and Munic",,,,,OF MA-AYON,ALL BARANGAYS,ALL LOTS,,A10,Agricultural - A10,2.0
raw,"RDO No. 72 - Roxas City, Capiz is composed of the following City and Munic",,,,,OF MA-AYON,ALL BARANGAYS,ALL LOTS,,A12,Agricultural - A12,2.0
raw,"RDO No. 72 - Roxas City, Capiz is composed of the following City and Munic",,,,,OF MA-AYON,ALL BARANGAYS,ALL LOTS,,A14,Agricultural - A14,2.0
raw,"RDO No. 72 - Roxas City, Capiz is composed of the following City and Munic",,,,,OF MA-AYON,ALL BARANGAYS,ALL LOTS,,A15,Agricultural - A15,2.0
raw,"RDO No. 72 - Roxas City, Capiz is composed of the following City and Munic",,,,,OF MA-AYON,ALL BARANGAYS,ALL LOTS,,A16,Agricultural - A16,5.0
raw,"RDO No. 72 - Roxas City, Capiz is composed of the following City and Munic",,,,,OF MA-AYON,ALL BARANGAYS,ALL LOTS,,A17,Agricultural - A17,9.0
raw,"RDO No. 72 - Roxas City, Capiz is composed of the following City and Munic",,,,,OF MA-AYON,ALL BARANGAYS,ALL LOTS,,A26,Agricultural - A26,3.0
raw,"RDO No. 72 - Roxas City, Capiz is composed of the following City and Munic",,,,,OF MA-AYON,ALL BARANGAYS,ALL LOTS,,A50,Agricultural - A50,4.0
raw,"RDO No. 72 - Roxas City, Capiz is composed of the following City and Munic",,,,,OF MA-AYON,POBLACION,ALL OTHER STREETS,ROADS WITHIN 1KM FR. POB.,RR,Residential - Regular,150.0
raw,"RDO No. 72 - Roxas City, Capiz is composed of the following City and Munic",,,,,OF MA-AYON,POBLACION,ALL OTHER STREETS,IND'L.LOTS W/IN 10 KM FR.POB.,I,Industrial,215.0
raw,"RDO No. 72 - Roxas City, Capiz is composed of the following City and Munic",,,,,OF MA-AYON,POBLACION,ALL OTHER STREETS,ROADS MORE THAN 1KM FR. POB.,RR,Residential - Regular,60.0
raw,"RDO No. 72 - Roxas City, Capiz is composed of the following City and Munic",,,,,OF MA-AYON,POBLACION,ALL OTHER STREETS,ROADS MORE THAN 1KM FR. POB.,RR,Residential - Regular,30.0
raw,"RDO No. 72 - Roxas City, Capiz is composed of the following City and Munic",,,,,OF MA-AYON,POBLACION,CALLE REAL,DUMAGPI - DECLARO,RR,Residential - Regular,255.0
raw,"RDO No. 72 - Roxas City, Capiz is composed of the following City and Munic",,,,,OF MA-AYON,POBLACION,CALLE REAL,DUMAGPI - DADULA,RR,Residential - Regular,200.0
raw,"RDO No. 72 - Roxas City, Capiz is composed of the following City and Munic",,,,,OF MA-AYON,POBLACION,CALLE REAL,DUMAGPI - DADULA,CR,Commercial - Regular,325.0
raw,"RDO No. 72 - Roxas City, Capiz is composed of the following City and Munic",,,,,OF MA-AYON,POBLACION,DADULA ST,DUMAGPI - DADULA,RR,Residential - Regular,200.0
raw,"RDO No. 72 - Roxas City, Capiz is composed of the following City and Munic",,,,,OF MA-AYON,POBLACION,DECLARO ST,DUMAGPI - DADULA,RR,Residential - Regular,255.0
raw,"RDO No. 72 - Roxas City, Capiz is composed of the following City and Munic",,,,,OF MA-AYON,POBLACION,DIAZ ST,DUMAGPI - DADULA,RR,Residential - Regular,255.0
raw,"RDO No. 72 - Roxas City, Capiz is composed of the following City and Munic",,,,,OF MA-AYON,POBLACION,DUMAGPI ST,DUMAGPI - DADULA,RR,Residential - Regular,200.0
raw,"RDO No. 72 - Roxas City, Capiz is composed of the following City and Munic",,,,,OF MA-AYON,POBLACION,PROVINCIAL RD,GOING TO PONTEVEDRA,CR,Commercial - Regular,325.0
raw,"RDO No. 72 - Roxas City, Capiz is composed of the following City and Munic",,,,,OF MA-AYON,POBLACION,RD TO TAPULANG,DUMAGPI - DADULA,RR,Residential - Regular,200.0
raw,"RDO No. 72 - Roxas City, Capiz is composed of the following City and Munic",,,,,OF MA-AYON,POBLACION,TACAS ST,DUMAGPI - DADULA,RR,Residential - Regular,200.0
raw,"RDO No. 72 - Roxas City, Capiz is composed of the following City and Munic",,,,,OF MA-AYON,"S:    AGLIMOCON, ALASAGING, ALAYUNAN, BALIGHOT, BATABAT, BONGBONGAN,",ALL LOTS,ALONG THE ROAD,RR,Residential - Regular,60.0
raw,"RDO No. 72 - Roxas City, Capiz is composed of the following City and Munic",,,,,OF MA-AYON,"S:    AGLIMOCON, ALASAGING, ALAYUNAN, BALIGHOT, BATABAT, BONGBONGAN,",ALL LOTS,INTERIOR LOTS,RR,Residential - Regular,40.0
raw,"RDO No. 72 - Roxas City, Capiz is composed of the following City and Munic",,,,,OF MAAYON,POBLACION,CALLE ROAD,DUMAGPI-DECLARO,RR,Residential - Regular,180.0
raw,"RDO No. 72 - Roxas City, Capiz is composed of the following City and Munic",,,,,OF MAAYON,POBLACION,CALLE ROAD,DUMAGPI-DADULA,RR,Residential - Regular,200.0
raw,"RDO No. 72 - Roxas City, Capiz is composed of the following City and Munic",,,,,OF MAAYON,POBLACION,DADULA ST,DUMAGPI-DADULA,RR,Residential - Regular,200.0
raw,"RDO No. 72 - Roxas City, Capiz is composed of the following City and Munic",,,,,OF MAAYON,POBLACION,DECLARO ST,DUMAGPI-DADULA,RR,Residential - Regular,150.0
raw,"RDO No. 72 - Roxas City, Capiz is composed of the following City and Munic",,,,,OF MAAYON,POBLACION,DIAZ ST,DUMAGPI-DADULA,RR,Residential - Regular,150.0
raw,"RDO No. 72 - Roxas City, Capiz is composed of the following City and Munic",,,,,OF MAAYON,POBLACION,DUMAGPI ST,DUMAGPI-DADULA,RR,Residential - Regular,150.0
raw,"RDO No. 72 - Roxas City, Capiz is composed of the following City and Munic",,,,,OF MAAYON,POBLACION,LOTS,ROADS W/IN 1KM FROM POBLACION,RR,Residential - Regular,90.0
raw,"RDO No. 72 - Roxas City, Capiz is composed of the following City and Munic",,,,,OF MAAYON,POBLACION,LOTS,ROADS W/IN 1KM FROM POBLACION,RR,Residential - Regular,60.0
raw,"RDO No. 72 - Roxas City, Capiz is composed of the following City and Munic",,,,,OF MAAYON,POBLACION,PROVINCIAL ROAD,GOING TO PONTEVEDRA,CR,Commercial - Regular,180.0
raw,"RDO No. 72 - Roxas City, Capiz is composed of the following City and Munic",,,,,OF MAAYON,POBLACION,RD TO TAPULANG,DUMAGPI-DADULA,RR,Residential - Regular,120.0
raw,"RDO No. 72 - Roxas City, Capiz is composed of the following City and Munic",,,,,OF MAAYON,POBLACION,TACAS ST,DUMAGPI-DADULA,RR,Residential - Regular,120.0
raw,"RDO No. 72 - Roxas City, Capiz is composed of the following City and Munic",,,,,OF MAMBUSAO,"S:    ATIPLO, BALAT-AN, BALIT, BATIANO, BATING, BATO-BATO, BAYE, BERGANTE,",ALL LOTS,,RR,Residential - Regular,80.0
raw,"RDO No. 72 - Roxas City, Capiz is composed of the following City and Munic",,,,,OF MAMBUSAO,"S:    ATIPLO, BALAT-AN, BALIT, BATIANO, BATING, BATO-BATO, BAYE, BERGANTE,",ALL LOTS,INTERIOR LOTS,RR,Residential - Regular,50.0
raw,"RDO No. 72 - Roxas City, Capiz is composed of the following City and Munic",,,,,OF MAMBUSAO,"S:    ATIPLO, BALAT-AN, BALIT, BATIANO, BATING, BATO-BATO, BAYE, BERGANTE,",ALL LOTS,INTERIOR LOTS,A1,Agricultural - A1,16.0
raw,"RDO No. 72 - Roxas City, Capiz is composed of the following City and Munic",,,,,OF MAMBUSAO,"S:    ATIPLO, BALAT-AN, BALIT, BATIANO, BATING, BATO-BATO, BAYE, BERGANTE,",ALL LOTS,INTERIOR LOTS,A2,Agricultural - A2,10.0
raw,"RDO No. 72 - Roxas City, Capiz is composed of the following City and Munic",,,,,OF MAMBUSAO,"S:    ATIPLO, BALAT-AN, BALIT, BATIANO, BATING, BATO-BATO, BAYE, BERGANTE,",ALL LOTS,INTERIOR LOTS,A3,Agricultural - A3,6.0
raw,"RDO No. 72 - Roxas City, Capiz is composed of the following City and Munic",,,,,OF MAMBUSAO,"S:    ATIPLO, BALAT-AN, BALIT, BATIANO, BATING, BATO-BATO, BAYE, BERGANTE,",ALL LOTS,INTERIOR LOTS,A4,Agricultural - A4,5.0
raw,"RDO No. 72 - Roxas City, Capiz is composed of the following City and Munic",,,,,OF MAMBUSAO,"S:    ATIPLO, BALAT-AN, BALIT, BATIANO, BATING, BATO-BATO, BAYE, BERGANTE,",ALL LOTS,INTERIOR LOTS,A7,Agricultural - A7,5.0
raw,"RDO No. 72 - Roxas City, Capiz is composed of the following City and Munic",,,,,OF MAMBUSAO,"S:    ATIPLO, BALAT-AN, BALIT, BATIANO, BATING, BATO-BATO, BAYE, BERGANTE,",ALL LOTS,INTERIOR LOTS,A8,Agricultural - A8,8.0
raw,"RDO No. 72 - Roxas City, Capiz is composed of the following City and Munic",,,,,OF MAMBUSAO,"S:    ATIPLO, BALAT-AN, BALIT, BATIANO, BATING, BATO-BATO, BAYE, BERGANTE,",ALL LOTS,INTERIOR LOTS,A10,Agricultural - A10,5.0
raw,"RDO No. 72 - Roxas City, Capiz is composed of the following City and Munic",,,,,OF MAMBUSAO,"S:    ATIPLO, BALAT-AN, BALIT, BATIANO, BATING, BATO-BATO, BAYE, BERGANTE,",ALL LOTS,INTERIOR LOTS,A12,Agricultural - A12,6.0
raw,"RDO No. 72 - Roxas City, Capiz is composed of the following City and Munic",,,,,OF MAMBUSAO,"S:    ATIPLO, BALAT-AN, BALIT, BATIANO, BATING, BATO-BATO, BAYE, BERGANTE,",ALL LOTS,INTERIOR LOTS,A14,Agricultural - A14,2.0
raw,"RDO No. 72 - Roxas City, Capiz is composed of the following City and Munic",,,,,OF MAMBUSAO,"S:    ATIPLO, BALAT-AN, BALIT, BATIANO, BATING, BATO-BATO, BAYE, BERGANTE,",ALL LOTS,INTERIOR LOTS,A15,Agricultural - A15,5.0
raw,"RDO No. 72 - Roxas City, Capiz is composed of the following City and Munic",,,,,OF MAMBUSAO,"S:    ATIPLO, BALAT-AN, BALIT, BATIANO, BATING, BATO-BATO, BAYE, BERGANTE,",ALL LOTS,INTERIOR LOTS,A16,Agricultural - A16,8.0
raw,"RDO No. 72 - Roxas City, Capiz is composed of the following City and Munic",,,,,OF MAMBUSAO,"S:    ATIPLO, BALAT-AN, BALIT, BATIANO, BATING, BATO-BATO, BAYE, BERGANTE,",ALL LOTS,INTERIOR LOTS,A17,Agricultural - A17,9.0
raw,"RDO No. 72 - Roxas City, Capiz is composed of the following City and Munic",,,,,OF MAMBUSAO,"S:    ATIPLO, BALAT-AN, BALIT, BATIANO, BATING, BATO-BATO, BAYE, BERGANTE,",ALL LOTS,INTERIOR LOTS,A26,Agricultural - A26,5.0
raw,"RDO No. 72 - Roxas City, Capiz is composed of the following City and Munic",,,,,OF MAMBUSAO,"S:    ATIPLO, BALAT-AN, BALIT, BATIANO, BATING, BATO-BATO, BAYE, BERGANTE,",ALL LOTS,INTERIOR LOTS,A36,Agricultural - A36,4.0
raw,"RDO No. 72 - Roxas City, Capiz is composed of the following City and Munic",,,,,OF MAMBUSAO,"S:    ATIPLO, BALAT-AN, BALIT, BATIANO, BATING, BATO-BATO, BAYE, BERGANTE,",ALL LOTS,INTERIOR LOTS,A50,Agricultural - A50,3.0
raw,"RDO No. 72 - Roxas City, Capiz is composed of the following City and Munic",,,,,OF MAMBUSAO,S:  POBLACION PROPER AND TABUC,ALL OTHER LOTS,ROAD W/IN 1KM. FROM POB.,RR,Residential - Regular,200.0
raw,"RDO No. 72 - Roxas City, Capiz is composed of the following City and Munic",,,,,OF MAMBUSAO,S:  POBLACION PROPER AND TABUC,ALL OTHER LOTS,ROAD MORE THAN 1KM. FROM POBLACION,RR,Residential - Regular,100.0
raw,"RDO No. 72 - Roxas City, Capiz is composed of the following City and Munic",,,,,OF MAMBUSAO,S:  POBLACION PROPER AND TABUC,ALL OTHER LOTS,INTERIOR LOTS,RR,Residential - Regular,65.0
raw,"RDO No. 72 - Roxas City, Capiz is composed of the following City and Munic",,,,,OF MAMBUSAO,S:  POBLACION PROPER AND TABUC,ALL OTHER LOTS,WITHIN 10 KM. FR TRADING CENTER,I,Industrial,600.0
raw,"RDO No. 72 - Roxas City, Capiz is composed of the following City and Munic",,,,,OF MAMBUSAO,S:  POBLACION PROPER AND TABUC,ALL OTHER LOTS,WITHIN 10 KM. FR TRADING CENTER,GP,General Purpose,50.0
raw,"RDO No. 72 - Roxas City, Capiz is composed of the following City and Munic",,,,,OF MAMBUSAO,S:  POBLACION PROPER AND TABUC,ALL OTHER LOTS,WITHIN 10 KM. FR TRADING CENTER,A50,Agricultural - A50,18.0
raw,"RDO No. 72 - Roxas City, Capiz is composed of the following City and Munic",,,,,OF MAMBUSAO,S:  POBLACION PROPER AND TABUC,ALONG HIWAY,,RR,Residential - Regular,350.0
raw,"RDO No. 72 - Roxas City, Capiz is composed of the following City and Munic",,,,,OF MAMBUSAO,S:  POBLACION PROPER AND TABUC,ANDAYA ST.,ROXAS DRIVE-NAVARRA AVE.,RR,Residential - Regular,250.0
raw,"RDO No. 72 - Roxas City, Capiz is composed of the following City and Munic",,,,,OF MAMBUSAO,S:  POBLACION PROPER AND TABUC,BURGOS ST,,RR,Residential - Regular,275.0
raw,"RDO No. 72 - Roxas City, Capiz is composed of the following City and Munic",,,,,OF MAMBUSAO,S:  POBLACION PROPER AND TABUC,CONSOLACION ST,,RR,Residential - Regular,275.0
raw,"RDO No. 72 - Roxas City, Capiz is composed of the following City and Munic",,,,,OF MAMBUSAO,S:  POBLACION PROPER AND TABUC,CORAZON DE JESUS,,RR,Residential - Regular,275.0
raw,"RDO No. 72 - Roxas City, Capiz is composed of the following City and Munic",,,,,OF MAMBUSAO,S:  POBLACION PROPER AND TABUC,DUMALAG/PROV.RD.,ROXAS DRIVE-NAVARRA AVE.,RR,Residential - Regular,275.0
raw,"RDO No. 72 - Roxas City, Capiz is composed of the following City and Munic",,,,,OF MAMBUSAO,S:  POBLACION PROPER AND TABUC,H.LAPIDEZ ST.,ROXAS DRIVE-NAVARRA AVE.,RR,Residential - Regular,275.0
raw,"RDO No. 72 - Roxas City, Capiz is composed of the following City and Munic",,,,,OF MAMBUSAO,S:  POBLACION PROPER AND TABUC,JONES QUEZON ST,ROXAS DRIVE - VILLAREAL,RR,Residential - Regular,275.0
raw,"RDO No. 72 - Roxas City, Capiz is composed of the following City and Munic",,,,,OF MAMBUSAO,S:  POBLACION PROPER AND TABUC,JONES QUEZON ST,CONSOLACION - ROXAS DRIVE,RR,Residential - Regular,275.0
raw,"RDO No. 72 - Roxas City, Capiz is composed of the following City and Munic",,,,,OF MAMBUSAO,S:  POBLACION PROPER AND TABUC,JOSE RIZAL,CONSOLACION - ROXAS DRIVE,RR,Residential - Regular,275.0
raw,"RDO No. 72 - Roxas City, Capiz is composed of the following City and Munic",,,,,OF MAMBUSAO,S:  POBLACION PROPER AND TABUC,LINAN ST.,ROXAS DRIVE-NAVARRA AVE.,RR,Residential - Regular,275.0
raw,"RDO No. 72 - Roxas City, Capiz is composed of the following City and Munic",,,,,OF MAMBUSAO,S:  POBLACION PROPER AND TABUC,NATIONAL ROAD,ROXAS DRIVE - VILLAREAL,RR,Residential - Regular,300.0
raw,"RDO No. 72 - Roxas City, Capiz is composed of the following City and Munic",,,,,OF MAMBUSAO,S:  POBLACION PROPER AND TABUC,NATIONAL ROAD,ROXAS DRIVE-RIZAL ST.,CR,Commercial - Regular,500.0
raw,"RDO No. 72 - Roxas City, Capiz is composed of the following City and Munic",,,,,OF MAMBUSAO,S:  POBLACION PROPER AND TABUC,NATIONAL ROAD,REVOLUTION - PROV. ROAD,RR,Residential - Regular,300.0
raw,"RDO No. 72 - Roxas City, Capiz is composed of the following City and Munic",,,,,OF MAMBUSAO,S:  POBLACION PROPER AND TABUC,NAVARRA ST.,ROXAS DRIVE-NAVARRA AVE.,RR,Residential - Regular,275.0
raw,"RDO No. 72 - Roxas City, Capiz is composed of the following City and Munic",,,,,OF MAMBUSAO,S:  POBLACION PROPER AND TABUC,R.MARCELO ST.,ROXAS DRIVE-NAVARRA AVE.,RR,Residential - Regular,250.0
raw,"RDO No. 72 - Roxas City, Capiz is composed of the following City and Munic",,,,,OF MAMBUSAO,S:  POBLACION PROPER AND TABUC,RD FRONTING PUBLIC MKT.,,CR,Commercial - Regular,500.0
raw,"RDO No. 72 - Roxas City, Capiz is composed of the following City and Munic",,,,,OF MAMBUSAO,S:  POBLACION PROPER AND TABUC,REVOLUTION ST,REVOLUTION - PROV. ROAD,RR,Residential - Regular,275.0
raw,"RDO No. 72 - Roxas City, Capiz is composed of the following City and Munic",,,,,OF MAMBUSAO,S:  POBLACION PROPER AND TABUC,ROXAS DRIVE,NATIONAL RD - VILLAREAL,RR,Residential - Regular,90.0
raw,"RDO No. 72 - Roxas City, Capiz is composed of the following City and Munic",,,,,OF MAMBUSAO,S:  POBLACION PROPER AND TABUC,ROXAS DRIVE,REVOLUTION - PROV. ROAD,RR,Residential - Regular,90.0
raw,"RDO No. 72 - Roxas City, Capiz is composed of the following City and Munic",,,,,OF MAMBUSAO,S:  POBLACION PROPER AND TABUC,STA. CATALINA,CONSOLACION - VILLAREAL,RR,Residential - Regular,275.0
raw,"RDO No. 72 - Roxas City, Capiz is composed of the following City and Munic",,,,,OF MAMBUSAO,S:  POBLACION PROPER AND TABUC,STO. NINO ST,CONSOLACION - VILLAREAL,RR,Residential - Regular,275.0
raw,"RDO No. 72 - Roxas City, Capiz is composed of the following City and Munic",,,,,OF MAMBUSAO,S:  POBLACION PROPER AND TABUC,VILLAREAL  ST,C. DE JESUS-ROXAS DRIVE,RR,Residential - Regular,275.0
raw,"RDO No. 72 - Roxas City, Capiz is composed of the following City and Munic",,,,,OF MAMBUSAO,S:  POBLACION PROPER AND TABUC,VILLAREAL  ST,CONSOLACION-C. DE JESUS,RR,Residential - Regular,275.0
raw,"RDO No. 72 - Roxas City, Capiz is composed of the following City and Munic",,,,,OF MAMBUSAO,S:  POBLACION PROPER AND TABUC,VILLAREAL  ST,CONSOLACION ST.-ROXAS ST.,RR,Residential - Regular,275.0
raw,"RDO No. 72 - Roxas City, Capiz is composed of the following City and Munic",,,,,OF MAMBUSAO,S:  POBLACION PROPER AND TABUC,VILLAREAL EXT,ROXAS DRIVE-NAVARRA AVE.,RR,Residential - Regular,275.0
raw,"RDO No. 72 - Roxas City, Capiz is composed of the following City and Munic",,,,,OF MAMBUSAO,"S:  POBLACION PROPER, TABUC",ALL BARANGAY,WITHIN 10 KM. FR TRADING CENTER,A1,Agricultural - A1,12.0
raw,"RDO No. 72 - Roxas City, Capiz is composed of the following City and Munic",,,,,OF MAMBUSAO,"S:  POBLACION PROPER, TABUC",ALL BARANGAY,WITHIN 10 KM. FR TRADING CENTER,A2,Agricultural - A2,10.0
raw,"RDO No. 72 - Roxas City, Capiz is composed of the following City and Munic",,,,,OF MAMBUSAO,"S:  POBLACION PROPER, TABUC",ALL BARANGAY,WITHIN 10 KM. FR TRADING CENTER,A3,Agricultural - A3,4.0
raw,"RDO No. 72 - Roxas City, Capiz is composed of the following City and Munic",,,,,OF MAMBUSAO,"S:  POBLACION PROPER, TABUC",ALL BARANGAY,WITHIN 10 KM. FR TRADING CENTER,A4,Agricultural - A4,4.0
raw,"RDO No. 72 - Roxas City, Capiz is composed of the following City and Munic",,,,,OF MAMBUSAO,"S:  POBLACION PROPER, TABUC",ALL BARANGAY,WITHIN 10 KM. FR TRADING CENTER,A5,Agricultural - A5,6.0
raw,"RDO No. 72 - Roxas City, Capiz is composed of the following City and Munic",,,,,OF MAMBUSAO,"S:  POBLACION PROPER, TABUC",ALL BARANGAY,WITHIN 10 KM. FR TRADING CENTER,A6,Agricultural - A6,3.0
raw,"RDO No. 72 - Roxas City, Capiz is composed of the following City and Munic",,,,,OF MAMBUSAO,"S:  POBLACION PROPER, TABUC",ALL BARANGAY,WITHIN 10 KM. FR TRADING CENTER,A7,Agricultural - A7,3.0
raw,"RDO No. 72 - Roxas City, Capiz is composed of the following City and Munic",,,,,OF MAMBUSAO,"S:  POBLACION PROPER, TABUC",ALL BARANGAY,WITHIN 10 KM. FR TRADING CENTER,A8,Agricultural - A8,2.0
raw,"RDO No. 72 - Roxas City, Capiz is composed of the following City and Munic",,,,,OF MAMBUSAO,"S:  POBLACION PROPER, TABUC",ALL BARANGAY,WITHIN 10 KM. FR TRADING CENTER,A9,Agricultural - A9,2.0
raw,"RDO No. 72 - Roxas City, Capiz is composed of the following City and Munic",,,,,OF MAMBUSAO,"S:  POBLACION PROPER, TABUC",BURGOS ST,,RR,Residential - Regular,180.0
raw,"RDO No. 72 - Roxas City, Capiz is composed of the following City and Munic",,,,,OF MAMBUSAO,"S:  POBLACION PROPER, TABUC",CONSOLACION ST,,RR,Residential - Regular,180.0
raw,"RDO No. 72 - Roxas City, Capiz is composed of the following City and Munic",,,,,OF MAMBUSAO,"S:  POBLACION PROPER, TABUC",CORAZON DE JESUS,,RR,Residential - Regular,90.0
raw,"RDO No. 72 - Roxas City, Capiz is composed of the following City and Munic",,,,,OF MAMBUSAO,"S:  POBLACION PROPER, TABUC",INDUSTRIAL LOTS,WITHIN 10 KM. FR TRADING CENTER,I,Industrial,600.0
raw,"RDO No. 72 - Roxas City, Capiz is composed of the following City and Munic",,,,,OF MAMBUSAO,"S:  POBLACION PROPER, TABUC",JONES QUEZON ST,ROXAS DRIVE - VILLAREAL,RR,Residential - Regular,90.0
raw,"RDO No. 72 - Roxas City, Capiz is composed of the following City and Munic",,,,,OF MAMBUSAO,"S:  POBLACION PROPER, TABUC",JONES QUEZON ST,CONSOLACION - ROXAS DRIVE,RR,Residential - Regular,120.0
raw,"RDO No. 72 - Roxas City, Capiz is composed of the following City and Munic",,,,,OF MAMBUSAO,"S:  POBLACION PROPER, TABUC",JOSE RIZAL,CONSOLACION - ROXAS DRIVE,RR,Residential - Regular,90.0
raw,"RDO No. 72 - Roxas City, Capiz is composed of the following City and Munic",,,,,OF MAMBUSAO,"S:  POBLACION PROPER, TABUC",LOTS,ROAD W/IN 1KM. FROM POB.,RR,Residential - Regular,90.0
raw,"RDO No. 72 - Roxas City, Capiz is composed of the following City and Munic",,,,,OF MAMBUSAO,"S:  POBLACION PROPER, TABUC",LOTS,ROAD MORE THAN 1KM. FROM POBLACION,RR,Residential - Regular,50.0
raw,"RDO No. 72 - Roxas City, Capiz is composed of the following City and Munic",,,,,OF MAMBUSAO,"S:  POBLACION PROPER, TABUC",LOTS,NOT ADJOINED BY ROAD,RR,Residential - Regular,40.0
raw,"RDO No. 72 - Roxas City, Capiz is composed of the following City and Munic",,,,,OF MAMBUSAO,"S:  POBLACION PROPER, TABUC",NATIONAL ROAD,ROXAS DRIVE - VILLAREAL,RR,Residential - Regular,90.0
raw,"RDO No. 72 - Roxas City, Capiz is composed of the following City and Munic",,,,,OF MAMBUSAO,"S:  POBLACION PROPER, TABUC",RD FRONTING PUBLIC MKT.,,CR,Commercial - Regular,480.0
raw,"RDO No. 72 - Roxas City, Capiz is composed of the following City and Munic",,,,,OF MAMBUSAO,"S:  POBLACION PROPER, TABUC",REVOLUTION ST,REVOLUTION - PROV. ROAD,RR,Residential - Regular,90.0
raw,"RDO No. 72 - Roxas City, Capiz is composed of the following City and Munic",,,,,OF MAMBUSAO,"S:  POBLACION PROPER, TABUC",ROXAS DRIVE,NATIONAL RD - VILLAREAL,RR,Residential - Regular,90.0
raw,"RDO No. 72 - Roxas City, Capiz is composed of the following City and Munic",,,,,OF MAMBUSAO,"S:  POBLACION PROPER, TABUC",ROXAS DRIVE,REVOLUTION - PROV. ROAD,RR,Residential - Regular,90.0
raw,"RDO No. 72 - Roxas City, Capiz is composed of the following City and Munic",,,,,OF MAMBUSAO,"S:  POBLACION PROPER, TABUC",STA. CATALINA,CONSOLACION - VILLAREAL,RR,Residential - Regular,90.0
raw,"RDO No. 72 - Roxas City, Capiz is composed of the following City and Munic",,,,,OF MAMBUSAO,"S:  POBLACION PROPER, TABUC",STO. NINO ST,CONSOLACION - VILLAREAL,RR,Residential - Regular,90.0
raw,"RDO No. 72 - Roxas City, Capiz is composed of the following City and Munic",,,,,OF MAMBUSAO,"S:  POBLACION PROPER, TABUC",VILLAREAL  ST,C. DE JESUS-ROXAS DRIVE,RR,Residential - Regular,90.0
raw,"RDO No. 72 - Roxas City, Capiz is composed of the following City and Munic",,,,,OF MAMBUSAO,"S:  POBLACION PROPER, TABUC",VILLAREAL  ST,CONSOLACION-C. DE JESUS,RR,Residential - Regular,120.0
raw,"RDO No. 72 - Roxas City, Capiz is composed of the following City and Munic",,,,,OF MAMBUSAO,"S:  POBLACION PROPER, TABUC",VILLAREAL EXT,ROXAS DRIVE-NAVARRA AVE.,RR,Residential - Regular,90.0
raw,"RDO No. 72 - Roxas City, Capiz is composed of the following City and Munic",,,,,OF PANAY,ALL BARANGAYS,ALL LOTS,,A1,Agricultural - A1,23.0
raw,"RDO No. 72 - Roxas City, Capiz is composed of the following City and Munic",,,,,OF PANAY,ALL BARANGAYS,ALL LOTS,,A2,Agricultural - A2,15.0
raw,"RDO No. 72 - Roxas City, Capiz is composed of the following City and Munic",,,,,OF PANAY,ALL BARANGAYS,ALL LOTS,,A3,Agricultural - A3,9.0
raw,"RDO No. 72 - Roxas City, Capiz is composed of the following City and Munic",,,,,OF PANAY,ALL BARANGAYS,ALL LOTS,,A4,Agricultural - A4,9.0
raw,"RDO No. 72 - Roxas City, Capiz is composed of the following City and Munic",,,,,OF PANAY,ALL BARANGAYS,ALL LOTS,,A6,Agricultural - A6,27.0
raw,"RDO No. 72 - Roxas City, Capiz is composed of the following City and Munic",,,,,OF PANAY,ALL BARANGAYS,ALL LOTS,,A7,Agricultural - A7,8.0
raw,"RDO No. 72 - Roxas City, Capiz is composed of the following City and Munic",,,,,OF PANAY,ALL BARANGAYS,ALL LOTS,,A8,Agricultural - A8,10.0
raw,"RDO No. 72 - Roxas City, Capiz is composed of the following City and Munic",,,,,OF PANAY,ALL BARANGAYS,ALL LOTS,,A10,Agricultural - A10,10.0
raw,"RDO No. 72 - Roxas City, Capiz is composed of the following City and Munic",,,,,OF PANAY,ALL BARANGAYS,ALL LOTS,,A12,Agricultural - A12,8.0
raw,"RDO No. 72 - Roxas City, Capiz is composed of the following City and Munic",,,,,OF PANAY,ALL BARANGAYS,ALL LOTS,,A15,Agricultural - A15,8.0
raw,"RDO No. 72 - Roxas City, Capiz is composed of the following City and Munic",,,,,OF PANAY,ALL BARANGAYS,ALL LOTS,,A16,Agricultural - A16,9.0
raw,"RDO No. 72 - Roxas City, Capiz is composed of the following City and Munic",,,,,OF PANAY,ALL BARANGAYS,ALL LOTS,,A17,Agricultural - A17,10.0
raw,"RDO No. 72 - Roxas City, Capiz is composed of the following City and Munic",,,,,OF PANAY,ALL BARANGAYS,ALL LOTS,,A26,Agricultural - A26,9.0
raw,"RDO No. 72 - Roxas City, Capiz is composed of the following City and Munic",,,,,OF PANAY,ALL BARANGAYS,ALL LOTS,,A36,Agricultural - A36,5.0
raw,"RDO No. 72 - Roxas City, Capiz is composed of the following City and Munic",,,,,OF PANAY,ALL BARANGAYS,ALL LOTS,,A50,Agricultural - A50,6.0
raw,"RDO No. 72 - Roxas City, Capiz is composed of the following City and Munic",,,,,OF PANAY,"S :  ANHAWON, BATO,  BONGA, CALITAN, LINATERAN",ALL LOTS,,RR,Residential - Regular,160.0
raw,"RDO No. 72 - Roxas City, Capiz is composed of the following City and Munic",,,,,OF PANAY,"S : POBLACION     (POBLACION ,TABUC, ILAYA, ILAWOD)",AGUINALDO ST,WASHINGTON - LAKANDULA,RR,Residential - Regular,150.0
raw,"RDO No. 72 - Roxas City, Capiz is composed of the following City and Munic",,,,,OF PANAY,"S : POBLACION     (POBLACION ,TABUC, ILAYA, ILAWOD)",ALL LOTS,WITHIN IKM FR. POBLACION,RR,Residential - Regular,120.0
raw,"RDO No. 72 - Roxas City, Capiz is composed of the following City and Munic",,,,,OF PANAY,"S : POBLACION     (POBLACION ,TABUC, ILAYA, ILAWOD)",ALL LOTS,"RD MORE THAN 1 KM FR. POB.BATO,",RR,Residential - Regular,100.0
raw,"RDO No. 72 - Roxas City, Capiz is composed of the following City and Munic",,,,,OF PANAY,"S : POBLACION     (POBLACION ,TABUC, ILAYA, ILAWOD)",BLANCO ST.(BONIFACIO ST),GEN. BLANCO-BURGOS ST,CR,Commercial - Regular,240.0
raw,"RDO No. 72 - Roxas City, Capiz is composed of the following City and Munic",,,,,OF PANAY,"S : POBLACION     (POBLACION ,TABUC, ILAYA, ILAWOD)",BLANCO ST.(BONIFACIO ST),GEN. BLANCO-BURGOS ST,RR,Residential - Regular,180.0
raw,"RDO No. 72 - Roxas City, Capiz is composed of the following City and Munic",,,,,OF PANAY,"S : POBLACION     (POBLACION ,TABUC, ILAYA, ILAWOD)",BURGOS ST,WASHINGTON - LAKANDULA,CR,Commercial - Regular,240.0
raw,"RDO No. 72 - Roxas City, Capiz is composed of the following City and Munic",,,,,OF PANAY,"S : POBLACION     (POBLACION ,TABUC, ILAYA, ILAWOD)",DOS DE MAYO ST,NEAR RELIGIOUS CEMETERY,RR,Residential - Regular,180.0
raw,"RDO No. 72 - Roxas City, Capiz is composed of the following City and Munic",,,,,OF PANAY,"S : POBLACION     (POBLACION ,TABUC, ILAYA, ILAWOD)",LAKANDULA ST,NEAR RELIGIOUS CEMETERY,RR,Residential - Regular,180.0
raw,"RDO No. 72 - Roxas City, Capiz is composed of the following City and Munic",,,,,OF PANAY,"S : POBLACION     (POBLACION ,TABUC, ILAYA, ILAWOD)",LOPEZ JAENA ST,WASHINGTON - LAKANDULA,RR,Residential - Regular,150.0
raw,"RDO No. 72 - Roxas City, Capiz is composed of the following City and Munic",,,,,OF PANAY,"S : POBLACION     (POBLACION ,TABUC, ILAYA, ILAWOD)",MABINI ST,GEN. BLANCO-BURGOS ST,RR,Residential - Regular,180.0
raw,"RDO No. 72 - Roxas City, Capiz is composed of the following City and Munic",,,,,OF PANAY,"S : POBLACION     (POBLACION ,TABUC, ILAYA, ILAWOD)",MARTIREZ ST,WASHINGTON - LAKANDULA,RR,Residential - Regular,150.0
raw,"RDO No. 72 - Roxas City, Capiz is composed of the following City and Munic",,,,,OF PANAY,"S : POBLACION     (POBLACION ,TABUC, ILAYA, ILAWOD)",NATIONAL RD,GOING TO ROXAS CITY,RR,Residential - Regular,180.0
raw,"RDO No. 72 - Roxas City, Capiz is composed of the following City and Munic",,,,,OF PANAY,"S : POBLACION     (POBLACION ,TABUC, ILAYA, ILAWOD)",PRIVATE CEMETERY,NEAR RELIGIOUS CEMETERY,CR,Commercial - Regular,240.0
raw,"RDO No. 72 - Roxas City, Capiz is composed of the following City and Munic",,,,,OF PANAY,"S : POBLACION     (POBLACION ,TABUC, ILAYA, ILAWOD)",QUEZON ST,LOPEZ ST.-TAFT ST,RR,Residential - Regular,150.0
raw,"RDO No. 72 - Roxas City, Capiz is composed of the following City and Munic",,,,,OF PANAY,"S : POBLACION     (POBLACION ,TABUC, ILAYA, ILAWOD)",RD FRONTING PUBLIC MKT.,,CR,Commercial - Regular,240.0
raw,"RDO No. 72 - Roxas City, Capiz is composed of the following City and Munic",,,,,OF PANAY,"S : POBLACION     (POBLACION ,TABUC, ILAYA, ILAWOD)",REVOLUTION ST,LOPEZ ST - WASHINGTON ST,RR,Residential - Regular,180.0
raw,"RDO No. 72 - Roxas City, Capiz is composed of the following City and Munic",,,,,OF PANAY,"S : POBLACION     (POBLACION ,TABUC, ILAYA, ILAWOD)",REVOLUTION ST,LAKANDULA - MARTEREZ,RR,Residential - Regular,180.0
raw,"RDO No. 72 - Roxas City, Capiz is composed of the following City and Munic",,,,,OF PANAY,"S : POBLACION     (POBLACION ,TABUC, ILAYA, ILAWOD)",REVOLUTION ST,WASHINGTON - LAKANDULA,CR,Commercial - Regular,220.0
raw,"RDO No. 72 - Roxas City, Capiz is composed of the following City and Munic",,,,,OF PANAY,"S : POBLACION     (POBLACION ,TABUC, ILAYA, ILAWOD)",RIZAL ST,GEN. BLANCO-BURGOS ST,RR,Residential - Regular,180.0
raw,"RDO No. 72 - Roxas City, Capiz is composed of the following City and Munic",,,,,OF PANAY,"S : POBLACION     (POBLACION ,TABUC, ILAYA, ILAWOD)",ROOSEBELT ST,WASHINGTON - LAKANDULA,RR,Residential - Regular,150.0
raw,"RDO No. 72 - Roxas City, Capiz is composed of the following City and Munic",,,,,OF PANAY,"S : POBLACION     (POBLACION ,TABUC, ILAYA, ILAWOD)",ROXAS ST,WASHINGTON - LAKANDULA,RR,Residential - Regular,150.0
raw,"RDO No. 72 - Roxas City, Capiz is composed of the following City and Munic",,,,,OF PANAY,"S : POBLACION     (POBLACION ,TABUC, ILAYA, ILAWOD)",TAFT ST,WASHINGTON - LAKANDULA,RR,Residential - Regular,150.0
raw,"RDO No. 72 - Roxas City, Capiz is composed of the following City and Munic",,,,,OF PANAY,"S : POBLACION     (POBLACION ,TABUC, ILAYA, ILAWOD)",WASHINGTON ST,GEN. BLANCO-BURGOS ST,RR,Residential - Regular,180.0
raw,"RDO No. 72 - Roxas City, Capiz is composed of the following City and Munic",,,,,OF PANAY,"S : POBLACION,   (POBLACION,TABUC, ILAYA, ILAWOD)",AGUINALDO ST,WASHINGTON - LAKANDULA,RR,Residential - Regular,300.0
raw,"RDO No. 72 - Roxas City, Capiz is composed of the following City and Munic",,,,,OF PANAY,"S : POBLACION,   (POBLACION,TABUC, ILAYA, ILAWOD)",BLANCO ST.(BONIFACIO ST),GEN. BLANCO-BURGOS ST,CR,Commercial - Regular,425.0
raw,"RDO No. 72 - Roxas City, Capiz is composed of the following City and Munic",,,,,OF PANAY,"S : POBLACION,   (POBLACION,TABUC, ILAYA, ILAWOD)",BLANCO ST.(BONIFACIO ST),GEN. BLANCO-BURGOS ST,RR,Residential - Regular,375.0
raw,"RDO No. 72 - Roxas City, Capiz is composed of the following City and Munic",,,,,OF PANAY,"S : POBLACION,   (POBLACION,TABUC, ILAYA, ILAWOD)",BURGOS ST,WASHINGTON - LAKANDULA,CR,Commercial - Regular,475.0
raw,"RDO No. 72 - Roxas City, Capiz is composed of the following City and Munic",,,,,OF PANAY,"S : POBLACION,   (POBLACION,TABUC, ILAYA, ILAWOD)",BURGOS ST,WASHINGTON - LAKANDULA,RR,Residential - Regular,475.0
raw,"RDO No. 72 - Roxas City, Capiz is composed of the following City and Munic",,,,,OF PANAY,"S : POBLACION,   (POBLACION,TABUC, ILAYA, ILAWOD)",DOS DE MAYO ST,NEAR RELIGIOUS CEMETERY,RR,Residential - Regular,375.0
raw,"RDO No. 72 - Roxas City, Capiz is composed of the following City and Munic",,,,,OF PANAY,"S : POBLACION,   (POBLACION,TABUC, ILAYA, ILAWOD)",LAKANDULA ST,NEAR RELIGIOUS CEMETERY,RR,Residential - Regular,325.0
raw,"RDO No. 72 - Roxas City, Capiz is composed of the following City and Munic",,,,,OF PANAY,"S : POBLACION,   (POBLACION,TABUC, ILAYA, ILAWOD)",LOPEZ JAENA ST,WASHINGTON - LAKANDULA,RR,Residential - Regular,300.0
raw,"RDO No. 72 - Roxas City, Capiz is composed of the following City and Munic",,,,,OF PANAY,"S : POBLACION,   (POBLACION,TABUC, ILAYA, ILAWOD)",MABINI ST,GEN. BLANCO-BURGOS ST,RR,Residential - Regular,325.0
raw,"RDO No. 72 - Roxas City, Capiz is composed of the following City and Munic",,,,,OF PANAY,"S : POBLACION,   (POBLACION,TABUC, ILAYA, ILAWOD)",MARTIREZ ST,WASHINGTON - LAKANDULA,RR,Residential - Regular,300.0
raw,"RDO No. 72 - Roxas City, Capiz is composed of the following City and Munic",,,,,OF PANAY,"S : POBLACION,   (POBLACION,TABUC, ILAYA, ILAWOD)",MARTIREZ ST,LOTS FRONTING GALLERA DE,CR,Commercial - Regular,425.0
raw,"RDO No. 72 - Roxas City, Capiz is composed of the following City and Munic",,,,,OF PANAY,"S : POBLACION,   (POBLACION,TABUC, ILAYA, ILAWOD)",NATIONAL RD,GOING TO ROXAS CITY,RR,Residential - Regular,375.0
raw,"RDO No. 72 - Roxas City, Capiz is composed of the following City and Munic",,,,,OF PANAY,"S : POBLACION,   (POBLACION,TABUC, ILAYA, ILAWOD)",PRIVATE CEMETERY,NEAR RELIGIOUS CEMETERY,CR,Commercial - Regular,425.0
raw,"RDO No. 72 - Roxas City, Capiz is composed of the following City and Munic",,,,,OF PANAY,"S : POBLACION,   (POBLACION,TABUC, ILAYA, ILAWOD)",QUEZON ST,LOPEZ ST.-TAFT ST,RR,Residential - Regular,300.0
raw,"RDO No. 72 - Roxas City, Capiz is composed of the following City and Munic",,,,,OF PANAY,"S : POBLACION,   (POBLACION,TABUC, ILAYA, ILAWOD)",RD FRONTING PUBLIC MKT.,,CR,Commercial - Regular,425.0
raw,"RDO No. 72 - Roxas City, Capiz is composed of the following City and Munic",,,,,OF PANAY,"S : POBLACION,   (POBLACION,TABUC, ILAYA, ILAWOD)",REVOLUTION ST,LOPEZ ST - WASHINGTON ST,RR,Residential - Regular,325.0
raw,"RDO No. 72 - Roxas City, Capiz is composed of the following City and Munic",,,,,OF PANAY,"S : POBLACION,   (POBLACION,TABUC, ILAYA, ILAWOD)",REVOLUTION ST,LAKANDULA - MARTEREZ,RR,Residential - Regular,475.0
raw,"RDO No. 72 - Roxas City, Capiz is composed of the following City and Munic",,,,,OF PANAY,"S : POBLACION,   (POBLACION,TABUC, ILAYA, ILAWOD)",REVOLUTION ST,LAKANDULA - MARTEREZ,CR,Commercial - Regular,475.0
raw,"RDO No. 72 - Roxas City, Capiz is composed of the following City and Munic",,,,,OF PANAY,"S : POBLACION,   (POBLACION,TABUC, ILAYA, ILAWOD)",REVOLUTION ST,WASHINGTON - LAKANDULA,CR,Commercial - Regular,475.0
raw,"RDO No. 72 - Roxas City, Capiz is composed of the following City and Munic",,,,,OF PANAY,"S : POBLACION,   (POBLACION,TABUC, ILAYA, ILAWOD)",RIZAL ST,GEN. BLANCO-BURGOS ST,RR,Residential - Regular,325.0
raw,"RDO No. 72 - Roxas City, Capiz is composed of the following City and Munic",,,,,OF PANAY,"S : POBLACION,   (POBLACION,TABUC, ILAYA, ILAWOD)",ROOSEBELT ST,WASHINGTON - LAKANDULA,RR,Residential - Regular,150.0
raw,"RDO No. 72 - Roxas City, Capiz is composed of the following City and Munic",,,,,OF PANAY,"S : POBLACION,   (POBLACION,TABUC, ILAYA, ILAWOD)",ROXAS ST,WASHINGTON - LAKANDULA,RR,Residential - Regular,300.0
raw,"RDO No. 72 - Roxas City, Capiz is composed of the following City and Munic",,,,,OF PANAY,"S : POBLACION,   (POBLACION,TABUC, ILAYA, ILAWOD)",TAFT ST,WASHINGTON - LAKANDULA,RR,Residential - Regular,300.0
raw,"RDO No. 72 - Roxas City, Capiz is composed of the following City and Munic",,,,,OF PANAY,"S : POBLACION,   (POBLACION,TABUC, ILAYA, ILAWOD)",WASHINGTON ST,GEN. BLANCO-BURGOS ST,RR,Residential - Regular,325.0
raw,"RDO No. 72 - Roxas City, Capiz is composed of the following City and Munic",,,,,OF PANAY,"S:  AGBALO, BAHIT, BAGO CHIQUITO, BAGO GRANDE, CABUGAO ESTE, CABUGAO OESTE",ALL LOTS,,RR,Residential - Regular,150.0
raw,"RDO No. 72 - Roxas City, Capiz is composed of the following City and Munic",,,,,OF PANAY,"S:  AGBANBAN, AGOJO, BAGACAY, BANTIGUE, BINANGIG, BINANTUAN, BUNTOD",ALL LOTS,,RR,Residential - Regular,100.0
raw,"RDO No. 72 - Roxas City, Capiz is composed of the following City and Munic",,,,,OF PANAY,"S:  AGBANBAN, AGOJO, BAGACAY, BANTIGUE, BINANGIG, BINANTUAN, BUNTOD",ALL LOTS,INTERIOR LOTS,RR,Residential - Regular,60.0
raw,"RDO No. 72 - Roxas City, Capiz is composed of the following City and Munic",,,,,OF PANAY,"S:  AGBANBAN, AGOJO, BAGACAY, BANTIGUE, BINANGIG, BINANTUAN, BUNTOD",ALL LOTS,INTERIOR LOTS,I,Industrial,550.0
raw,"RDO No. 72 - Roxas City, Capiz is composed of the following City and Munic",,,,,OF PANITAN,ALL BARANGAYS,ALL LOTS,MORE THAN 1 KM. FROM POB.,A1,Agricultural - A1,16.0
raw,"RDO No. 72 - Roxas City, Capiz is composed of the following City and Munic",,,,,OF PANITAN,ALL BARANGAYS,ALL LOTS,MORE THAN 1 KM. FROM POB.,A2,Agricultural - A2,12.0
raw,"RDO No. 72 - Roxas City, Capiz is composed of the following City and Munic",,,,,OF PANITAN,ALL BARANGAYS,ALL LOTS,MORE THAN 1 KM. FROM POB.,A3,Agricultural - A3,7.0
raw,"RDO No. 72 - Roxas City, Capiz is composed of the following City and Munic",,,,,OF PANITAN,ALL BARANGAYS,ALL LOTS,MORE THAN 1 KM. FROM POB.,A4,Agricultural - A4,9.0
raw,"RDO No. 72 - Roxas City, Capiz is composed of the following City and Munic",,,,,OF PANITAN,ALL BARANGAYS,ALL LOTS,MORE THAN 1 KM. FROM POB.,A7,Agricultural - A7,6.0
raw,"RDO No. 72 - Roxas City, Capiz is composed of the following City and Munic",,,,,OF PANITAN,ALL BARANGAYS,ALL LOTS,MORE THAN 1 KM. FROM POB.,A10,Agricultural - A10,7.0
raw,"RDO No. 72 - Roxas City, Capiz is composed of the following City and Munic",,,,,OF PANITAN,ALL BARANGAYS,ALL LOTS,MORE THAN 1 KM. FROM POB.,A12,Agricultural - A12,4.0
raw,"RDO No. 72 - Roxas City, Capiz is composed of the following City and Munic",,,,,OF PANITAN,ALL BARANGAYS,ALL LOTS,MORE THAN 1 KM. FROM POB.,A14,Agricultural - A14,5.0
raw,"RDO No. 72 - Roxas City, Capiz is composed of the following City and Munic",,,,,OF PANITAN,ALL BARANGAYS,ALL LOTS,MORE THAN 1 KM. FROM POB.,A15,Agricultural - A15,4.0
raw,"RDO No. 72 - Roxas City, Capiz is composed of the following City and Munic",,,,,OF PANITAN,ALL BARANGAYS,ALL LOTS,MORE THAN 1 KM. FROM POB.,A16,Agricultural - A16,9.0
raw,"RDO No. 72 - Roxas City, Capiz is composed of the following City and Munic",,,,,OF PANITAN,ALL BARANGAYS,ALL LOTS,MORE THAN 1 KM. FROM POB.,A17,Agricultural - A17,12.0
raw,"RDO No. 72 - Roxas City, Capiz is composed of the following City and Munic",,,,,OF PANITAN,ALL BARANGAYS,ALL LOTS,MORE THAN 1 KM. FROM POB.,A26,Agricultural - A26,6.0
raw,"RDO No. 72 - Roxas City, Capiz is composed of the following City and Munic",,,,,OF PANITAN,ALL BARANGAYS,ALL LOTS,MORE THAN 1 KM. FROM POB.,A36,Agricultural - A36,4.0
raw,"RDO No. 72 - Roxas City, Capiz is composed of the following City and Munic",,,,,OF PANITAN,ALL BARANGAYS,ALL LOTS,MORE THAN 1 KM. FROM POB.,A50,Agricultural - A50,3.0
raw,"RDO No. 72 - Roxas City, Capiz is composed of the following City and Munic",,,,,OF PANITAN,INSTALLED,CONTIGOUS TO PROVL RD,W/IN 1 KM FROM POBLACION,A1,Agricultural - A1,15.0
raw,"RDO No. 72 - Roxas City, Capiz is composed of the following City and Munic",,,,,OF PANITAN,INSTALLED,CONTIGOUS TO PROVL RD,W/IN 1 KM FROM POBLACION,A2,Agricultural - A2,12.0
raw,"RDO No. 72 - Roxas City, Capiz is composed of the following City and Munic",,,,,OF PANITAN,INSTALLED,CONTIGOUS TO PROVL RD,W/IN 1 KM FROM POBLACION,A4,Agricultural - A4,9.0
raw,"RDO No. 72 - Roxas City, Capiz is composed of the following City and Munic",,,,,OF PANITAN,INSTALLED,CONTIGOUS TO PROVL RD,W/IN 1 KM FROM POBLACION,A5,Agricultural - A5,12.0
raw,"RDO No. 72 - Roxas City, Capiz is composed of the following City and Munic",,,,,OF PANITAN,INSTALLED,CONTIGOUS TO PROVL RD,W/IN 1 KM FROM POBLACION,A6,Agricultural - A6,6.0
raw,"RDO No. 72 - Roxas City, Capiz is composed of the following City and Munic",,,,,OF PANITAN,INSTALLED,CONTIGOUS TO PROVL RD,W/IN 1 KM FROM POBLACION,A7,Agricultural - A7,6.0
raw,"RDO No. 72 - Roxas City, Capiz is composed of the following City and Munic",,,,,OF PANITAN,INSTALLED,CONTIGOUS TO PROVL RD,W/IN 1 KM FROM POBLACION,A8,Agricultural - A8,5.0
raw,"RDO No. 72 - Roxas City, Capiz is composed of the following City and Munic",,,,,OF PANITAN,INSTALLED,NO ROAD OUTLET & MORE    THAN 1 KM ROM POBLACION,W/IN 1 KM FROM POBLACION,A1,Agricultural - A1,11.0
raw,"RDO No. 72 - Roxas City, Capiz is composed of the following City and Munic",,,,,OF PANITAN,INSTALLED,NO ROAD OUTLET & MORE    THAN 1 KM ROM POBLACION,W/IN 1 KM FROM POBLACION,A2,Agricultural - A2,7.0
raw,"RDO No. 72 - Roxas City, Capiz is composed of the following City and Munic",,,,,OF PANITAN,INSTALLED,NO ROAD OUTLET & MORE    THAN 1 KM ROM POBLACION,W/IN 1 KM FROM POBLACION,A4,Agricultural - A4,5.0
raw,"RDO No. 72 - Roxas City, Capiz is composed of the following City and Munic",,,,,OF PANITAN,INSTALLED,NO ROAD OUTLET & MORE    THAN 1 KM ROM POBLACION,W/IN 1 KM FROM POBLACION,A5,Agricultural - A5,7.0
raw,"RDO No. 72 - Roxas City, Capiz is composed of the following City and Munic",,,,,OF PANITAN,INSTALLED,NO ROAD OUTLET & MORE    THAN 1 KM ROM POBLACION,W/IN 1 KM FROM POBLACION,A6,Agricultural - A6,5.0
raw,"RDO No. 72 - Roxas City, Capiz is composed of the following City and Munic",,,,,OF PANITAN,INSTALLED,NO ROAD OUTLET & MORE    THAN 1 KM ROM POBLACION,W/IN 1 KM FROM POBLACION,A7,Agricultural - A7,4.0
raw,"RDO No. 72 - Roxas City, Capiz is composed of the following City and Munic",,,,,OF PANITAN,INSTALLED,NO ROAD OUTLET & MORE    THAN 1 KM ROM POBLACION,W/IN 1 KM FROM POBLACION,A8,Agricultural - A8,4.0
raw,"RDO No. 72 - Roxas City, Capiz is composed of the following City and Munic",,,,,OF PANITAN,POBLACION,ALL STREETS FRONTING,,CR,Commercial - Regular,450.0
raw,"RDO No. 72 - Roxas City, Capiz is composed of the following City and Munic",,,,,OF PANITAN,POBLACION,ALL STREETS FRONTING,,CR,Commercial - Regular,300.0
raw,"RDO No. 72 - Roxas City, Capiz is composed of the following City and Munic",,,,,OF PANITAN,POBLACION,CAPRICHO,,RR,Residential - Regular,300.0
raw,"RDO No. 72 - Roxas City, Capiz is composed of the following City and Munic",,,,,OF PANITAN,POBLACION,CAPRICHO,,RR,Residential - Regular,240.0
raw,"RDO No. 72 - Roxas City, Capiz is composed of the following City and Munic",,,,,OF PANITAN,POBLACION,CAPRICHO EXT,,RR,Residential - Regular,275.0
raw,"RDO No. 72 - Roxas City, Capiz is composed of the following City and Munic",,,,,OF PANITAN,POBLACION,CAPRICHO EXT,,RR,Residential - Regular,220.0
raw,"RDO No. 72 - Roxas City, Capiz is composed of the following City and Munic",,,,,OF PANITAN,POBLACION,LUCINO ST,,RR,Residential - Regular,275.0
raw,"RDO No. 72 - Roxas City, Capiz is composed of the following City and Munic",,,,,OF PANITAN,POBLACION,LUCINO ST,,RR,Residential - Regular,220.0
raw,"RDO No. 72 - Roxas City, Capiz is composed of the following City and Munic",,,,,OF PANITAN,POBLACION,M. DESALES,,RR,Residential - Regular,300.0
raw,"RDO No. 72 - Roxas City, Capiz is composed of the following City and Munic",,,,,OF PANITAN,POBLACION,M. DESALES,,RR,Residential - Regular,240.0
raw,"RDO No. 72 - Roxas City, Capiz is composed of the following City and Munic",,,,,OF PANITAN,POBLACION,MUNICIPAL ROAD,,RR,Residential - Regular,300.0
raw,"RDO No. 72 - Roxas City, Capiz is composed of the following City and Munic",,,,,OF PANITAN,POBLACION,MUNICIPAL ROAD,,RR,Residential - Regular,240.0
raw,"RDO No. 72 - Roxas City, Capiz is composed of the following City and Munic",,,,,OF PANITAN,POBLACION,NEW ROAD,,RR,Residential - Regular,275.0
raw,"RDO No. 72 - Roxas City, Capiz is composed of the following City and Munic",,,,,OF PANITAN,POBLACION,NEW ROAD,,RR,Residential - Regular,180.0
raw,"RDO No. 72 - Roxas City, Capiz is composed of the following City and Munic",,,,,OF PANITAN,POBLACION,QUEZON ST,,RR,Residential - Regular,275.0
raw,"RDO No. 72 - Roxas City, Capiz is composed of the following City and Munic",,,,,OF PANITAN,POBLACION,QUEZON ST,,RR,Residential - Regular,180.0
raw,"RDO No. 72 - Roxas City, Capiz is composed of the following City and Munic",,,,,OF PANITAN,POBLACION,QUEZON ST (MAIN),,RR,Residential - Regular,300.0
raw,"RDO No. 72 - Roxas City, Capiz is composed of the following City and Munic",,,,,OF PANITAN,POBLACION,QUEZON ST (MAIN),,RR,Residential - Regular,240.0
raw,"RDO No. 72 - Roxas City, Capiz is composed of the following City and Munic",,,,,OF PANITAN,POBLACION,SAN LORENZO ST,,RR,Residential - Regular,300.0
raw,"RDO No. 72 - Roxas City, Capiz is composed of the following City and Munic",,,,,OF PANITAN,POBLACION,SAN LORENZO ST,,RR,Residential - Regular,240.0
raw,"RDO No. 72 - Roxas City, Capiz is composed of the following City and Munic",,,,,OF PANITAN,PUBLIC MARKET,ALL STREETS CONTIGOUS TO PROVL RD,MORE THAN 1KM FROM POB.,RR,Residential - Regular,145.0
raw,"RDO No. 72 - Roxas City, Capiz is composed of the following City and Munic",,,,,OF PANITAN,PUBLIC MARKET,ALL STREETS WHERE MACHINERIES,WITHIN 10 KM. FROM POB.,I,Industrial,550.0
raw,"RDO No. 72 - Roxas City, Capiz is composed of the following City and Munic",,,,,OF PANITAN,PUBLIC MARKET,WEATHER ROAD,INTERIOR LOTS,RR,Residential - Regular,85.0
raw,"RDO No. 72 - Roxas City, Capiz is composed of the following City and Munic",,,,,OF PANITAN,PUBLIC MARKET,WEATHER ROAD,CONTIGUOUS TO PROV'L ROAD &,A1,Agricultural - A1,16.0
raw,"RDO No. 72 - Roxas City, Capiz is composed of the following City and Munic",,,,,OF PANITAN,PUBLIC MARKET,WEATHER ROAD,W/IN 1 KM FROM POBLACION,A2,Agricultural - A2,12.0
raw,"RDO No. 72 - Roxas City, Capiz is composed of the following City and Munic",,,,,OF PANITAN,PUBLIC MARKET,WEATHER ROAD,W/IN 1 KM FROM POBLACION,A3,Agricultural - A3,7.0
raw,"RDO No. 72 - Roxas City, Capiz is composed of the following City and Munic",,,,,OF PANITAN,PUBLIC MARKET,WEATHER ROAD,W/IN 1 KM FROM POBLACION,A4,Agricultural - A4,9.0
raw,"RDO No. 72 - Roxas City, Capiz is composed of the following City and Munic",,,,,OF PANITAN,PUBLIC MARKET,WEATHER ROAD,W/IN 1 KM FROM POBLACION,A7,Agricultural - A7,6.0
raw,"RDO No. 72 - Roxas City, Capiz is composed of the following City and Munic",,,,,OF PANITAN,PUBLIC MARKET,WEATHER ROAD,W/IN 1 KM FROM POBLACION,A10,Agricultural - A10,7.0
raw,"RDO No. 72 - Roxas City, Capiz is composed of the following City and Munic",,,,,OF PANITAN,PUBLIC MARKET,WEATHER ROAD,W/IN 1 KM FROM POBLACION,A12,Agricultural - A12,4.0
raw,"RDO No. 72 - Roxas City, Capiz is composed of the following City and Munic",,,,,OF PANITAN,PUBLIC MARKET,WEATHER ROAD,W/IN 1 KM FROM POBLACION,A14,Agricultural - A14,5.0
raw,"RDO No. 72 - Roxas City, Capiz is composed of the following City and Munic",,,,,OF PANITAN,PUBLIC MARKET,WEATHER ROAD,W/IN 1 KM FROM POBLACION,A15,Agricultural - A15,4.0
raw,"RDO No. 72 - Roxas City, Capiz is composed of the following City and Munic",,,,,OF PANITAN,PUBLIC MARKET,WEATHER ROAD,W/IN 1 KM FROM POBLACION,A16,Agricultural - A16,9.0
raw,"RDO No. 72 - Roxas City, Capiz is composed of the following City and Munic",,,,,OF PANITAN,PUBLIC MARKET,WEATHER ROAD,W/IN 1 KM FROM POBLACION,A17,Agricultural - A17,12.0
raw,"RDO No. 72 - Roxas City, Capiz is composed of the following City and Munic",,,,,OF PANITAN,PUBLIC MARKET,WEATHER ROAD,W/IN 1 KM FROM POBLACION,A26,Agricultural - A26,6.0
raw,"RDO No. 72 - Roxas City, Capiz is composed of the following City and Munic",,,,,OF PANITAN,PUBLIC MARKET,WEATHER ROAD,W/IN 1 KM FROM POBLACION,A36,Agricultural - A36,4.0
raw,"RDO No. 72 - Roxas City, Capiz is composed of the following City and Munic",,,,,OF PANITAN,PUBLIC MARKET,WEATHER ROAD,W/IN 1 KM FROM POBLACION,A50,Agricultural - A50,3.0
raw,"RDO No. 72 - Roxas City, Capiz is composed of the following City and Munic",,,,,OF PANITAN,PUBLIC MARKET,WERE INSTALLED,ROAD W/IN 1 KM.FR.POB.,RR,Residential - Regular,205.0
raw,"RDO No. 72 - Roxas City, Capiz is composed of the following City and Munic",,,,,OF PANITAN,PUBLIC MARKET,WHRE MACHINERIES WERE,WITHIN 10 KM. FROM POB.,I,Industrial,300.0
raw,"RDO No. 72 - Roxas City, Capiz is composed of the following City and Munic",,,,,OF PANITAN,"S:     AGBABADIANG, AGKILO, AGLOWAY, AMBILAY. BAHIT, BALATUCAN, BANGGA-AN,",ALL LOTS,,RR,Residential - Regular,80.0
raw,"RDO No. 72 - Roxas City, Capiz is composed of the following City and Munic",,,,,OF PANITAN,"S:     AGBABADIANG, AGKILO, AGLOWAY, AMBILAY. BAHIT, BALATUCAN, BANGGA-AN,",ALL LOTS,INTERIOR LOTS,RR,Residential - Regular,50.0
raw,"RDO No. 72 - Roxas City, Capiz is composed of the following City and Munic",,,,,OF PILAR,ALL BARANGAYS,ALL LOTS,,A1,Agricultural - A1,13.0
raw,"RDO No. 72 - Roxas City, Capiz is composed of the following City and Munic",,,,,OF PILAR,ALL BARANGAYS,ALL LOTS,,A2,Agricultural - A2,10.0
raw,"RDO No. 72 - Roxas City, Capiz is composed of the following City and Munic",,,,,OF PILAR,ALL BARANGAYS,ALL LOTS,,A3,Agricultural - A3,8.0
raw,"RDO No. 72 - Roxas City, Capiz is composed of the following City and Munic",,,,,OF PILAR,ALL BARANGAYS,ALL LOTS,,A4,Agricultural - A4,2.0
raw,"RDO No. 72 - Roxas City, Capiz is composed of the following City and Munic",,,,,OF PILAR,ALL BARANGAYS,ALL LOTS,,A6,Agricultural - A6,22.0
raw,"RDO No. 72 - Roxas City, Capiz is composed of the following City and Munic",,,,,OF PILAR,ALL BARANGAYS,ALL LOTS,,A7,Agricultural - A7,4.0
raw,"RDO No. 72 - Roxas City, Capiz is composed of the following City and Munic",,,,,OF PILAR,ALL BARANGAYS,ALL LOTS,,A8,Agricultural - A8,10.0
raw,"RDO No. 72 - Roxas City, Capiz is composed of the following City and Munic",,,,,OF PILAR,ALL BARANGAYS,ALL LOTS,,A10,Agricultural - A10,5.0
raw,"RDO No. 72 - Roxas City, Capiz is composed of the following City and Munic",,,,,OF PILAR,ALL BARANGAYS,ALL LOTS,,A12,Agricultural - A12,4.0
raw,"RDO No. 72 - Roxas City, Capiz is composed of the following City and Munic",,,,,OF PILAR,ALL BARANGAYS,ALL LOTS,,A14,Agricultural - A14,1.0
raw,"RDO No. 72 - Roxas City, Capiz is composed of the following City and Munic",,,,,OF PILAR,ALL BARANGAYS,ALL LOTS,,A15,Agricultural - A15,4.0
raw,"RDO No. 72 - Roxas City, Capiz is composed of the following City and Munic",,,,,OF PILAR,ALL BARANGAYS,ALL LOTS,,A16,Agricultural - A16,9.0
raw,"RDO No. 72 - Roxas City, Capiz is composed of the following City and Munic",,,,,OF PILAR,ALL BARANGAYS,ALL LOTS,,A17,Agricultural - A17,9.0
raw,"RDO No. 72 - Roxas City, Capiz is composed of the following City and Munic",,,,,OF PILAR,ALL BARANGAYS,ALL LOTS,,A26,Agricultural - A26,5.0
raw,"RDO No. 72 - Roxas City, Capiz is composed of the following City and Munic",,,,,OF PILAR,ALL BARANGAYS,ALL LOTS,,A36,Agricultural - A36,4.0
raw,"RDO No. 72 - Roxas City, Capiz is composed of the following City and Munic",,,,,OF PILAR,ALL BARANGAYS,ALL LOTS,,A42,Agricultural - A42,7.0
raw,"RDO No. 72 - Roxas City, Capiz is composed of the following City and Munic",,,,,OF PILAR,ALL BARANGAYS,ALL LOTS,,A50,Agricultural - A50,3.0
raw,"RDO No. 72 - Roxas City, Capiz is composed of the following City and Munic",,,,,OF PILAR,POBLACION,ALEGRIA,6KM. FROM POBLACION,RR,Residential - Regular,80.0
raw,"RDO No. 72 - Roxas City, Capiz is composed of the following City and Munic",,,,,OF PILAR,POBLACION,ALEGRIA,6KM. FROM POBLACION,RR,Residential - Regular,60.0
raw,"RDO No. 72 - Roxas City, Capiz is composed of the following City and Munic",,,,,OF PILAR,POBLACION,ALL BARANGAYS,6KM. FROM POBLACION,A1,Agricultural - A1,5.0
raw,"RDO No. 72 - Roxas City, Capiz is composed of the following City and Munic",,,,,OF PILAR,POBLACION,ALL BARANGAYS,6KM. FROM POBLACION,A2,Agricultural - A2,4.0
raw,"RDO No. 72 - Roxas City, Capiz is composed of the following City and Munic",,,,,OF PILAR,POBLACION,ALL BARANGAYS,6KM. FROM POBLACION,A3,Agricultural - A3,2.0
raw,"RDO No. 72 - Roxas City, Capiz is composed of the following City and Munic",,,,,OF PILAR,POBLACION,ALL BARANGAYS,6KM. FROM POBLACION,A4,Agricultural - A4,2.0
raw,"RDO No. 72 - Roxas City, Capiz is composed of the following City and Munic",,,,,OF PILAR,POBLACION,ALL BARANGAYS,6KM. FROM POBLACION,A5,Agricultural - A5,6.0
raw,"RDO No. 72 - Roxas City, Capiz is composed of the following City and Munic",,,,,OF PILAR,POBLACION,ALL BARANGAYS,6KM. FROM POBLACION,A6,Agricultural - A6,2.0
raw,"RDO No. 72 - Roxas City, Capiz is composed of the following City and Munic",,,,,OF PILAR,POBLACION,ALL BARANGAYS,6KM. FROM POBLACION,A7,Agricultural - A7,2.0
raw,"RDO No. 72 - Roxas City, Capiz is composed of the following City and Munic",,,,,OF PILAR,POBLACION,ALL BARANGAYS,6KM. FROM POBLACION,A8,Agricultural - A8,1.0
raw,"RDO No. 72 - Roxas City, Capiz is composed of the following City and Munic",,,,,OF PILAR,POBLACION,ALL BARANGAYS,6KM. FROM POBLACION,A10A,A10A,22.0
raw,"RDO No. 72 - Roxas City, Capiz is composed of the following City and Munic",,,,,OF PILAR,POBLACION,ALL BARANGAYS,6KM. FROM POBLACION,A10B,A10B,7.0
raw,"RDO No. 72 - Roxas City, Capiz is composed of the following City and Munic",,,,,OF PILAR,POBLACION,ALL BARANGAYS,6KM. FROM POBLACION,A11,Agricultural - A11,3.0
raw,"RDO No. 72 - Roxas City, Capiz is composed of the following City and Munic",,,,,OF PILAR,POBLACION,ARCE,SIBALA CREEK - PSPC,RR,Residential - Regular,315.0
raw,"RDO No. 72 - Roxas City, Capiz is composed of the following City and Munic",,,,,OF PILAR,POBLACION,ARCE,SIBALA CREEK - PSPC,RR,Residential - Regular,90.0
raw,"RDO No. 72 - Roxas City, Capiz is composed of the following City and Munic",,,,,OF PILAR,POBLACION,BARGO,6KM. FROM POBLACION,RR,Residential - Regular,60.0
raw,"RDO No. 72 - Roxas City, Capiz is composed of the following City and Munic",,,,,OF PILAR,POBLACION,BARGO,6KM. FROM POBLACION,RR,Residential - Regular,50.0
raw,"RDO No. 72 - Roxas City, Capiz is composed of the following City and Munic",,,,,OF PILAR,POBLACION,BRAVE,6KM. FROM POBLACION,RR,Residential - Regular,80.0
raw,"RDO No. 72 - Roxas City, Capiz is composed of the following City and Munic",,,,,OF PILAR,POBLACION,BRAVE,6KM. FROM POBLACION,RR,Residential - Regular,60.0
raw,"RDO No. 72 - Roxas City, Capiz is composed of the following City and Munic",,,,,OF PILAR,POBLACION,BURGOS ST.,RIZAL ST.-ARCE ST.,RR,Residential - Regular,325.0
raw,"RDO No. 72 - Roxas City, Capiz is composed of the following City and Munic",,,,,OF PILAR,POBLACION,CALLE TRECE,HARRIZON ST.-MEDICARE,RR,Residential - Regular,325.0
raw,"RDO No. 72 - Roxas City, Capiz is composed of the following City and Munic",,,,,OF PILAR,POBLACION,CANTILLER (PORTION),6KM. FROM POBLACION,RR,Residential - Regular,80.0
raw,"RDO No. 72 - Roxas City, Capiz is composed of the following City and Munic",,,,,OF PILAR,POBLACION,CANTILLER (PORTION),6KM. FROM POBLACION,RR,Residential - Regular,50.0
raw,"RDO No. 72 - Roxas City, Capiz is composed of the following City and Munic",,,,,OF PILAR,POBLACION,CURSAM,HARRIZON - RIZAL,RR,Residential - Regular,325.0
raw,"RDO No. 72 - Roxas City, Capiz is composed of the following City and Munic",,,,,OF PILAR,POBLACION,CURSAM,HARRIZON - RIZAL,RR,Residential - Regular,100.0
raw,"RDO No. 72 - Roxas City, Capiz is composed of the following City and Munic",,,,,OF PILAR,POBLACION,HARRIZON,SIBALA CREEK - PSPC,RR,Residential - Regular,325.0
raw,"RDO No. 72 - Roxas City, Capiz is composed of the following City and Munic",,,,,OF PILAR,POBLACION,HARRIZON,SIBALA CREEK - PSPC,RR,Residential - Regular,100.0
raw,"RDO No. 72 - Roxas City, Capiz is composed of the following City and Munic",,,,,OF PILAR,POBLACION,HUGO VIDAL,6KM. FROM POBLACION,RR,Residential - Regular,80.0
raw,"RDO No. 72 - Roxas City, Capiz is composed of the following City and Munic",,,,,OF PILAR,POBLACION,HUGO VIDAL,6KM. FROM POBLACION,RR,Residential - Regular,60.0
raw,"RDO No. 72 - Roxas City, Capiz is composed of the following City and Munic",,,,,OF PILAR,POBLACION,JUSTICIA,5 KM. FROM POBLACION,RR,Residential - Regular,150.0
raw,"RDO No. 72 - Roxas City, Capiz is composed of the following City and Munic",,,,,OF PILAR,POBLACION,JUSTICIA,5 KM. FROM POBLACION,RR,Residential - Regular,60.0
raw,"RDO No. 72 - Roxas City, Capiz is composed of the following City and Munic",,,,,OF PILAR,POBLACION,LAKANDULA,5 KM. FROM POBLACION,RR,Residential - Regular,150.0
raw,"RDO No. 72 - Roxas City, Capiz is composed of the following City and Munic",,,,,OF PILAR,POBLACION,LAKANDULA,5 KM. FROM POBLACION,RR,Residential - Regular,50.0
raw,"RDO No. 72 - Roxas City, Capiz is composed of the following City and Munic",,,,,OF PILAR,POBLACION,LINCOLN,5 KM. FROM POBLACION,RR,Residential - Regular,150.0
raw,"RDO No. 72 - Roxas City, Capiz is composed of the following City and Munic",,,,,OF PILAR,POBLACION,LINCOLN,5 KM. FROM POBLACION,RR,Residential - Regular,70.0
raw,"RDO No. 72 - Roxas City, Capiz is composed of the following City and Munic",,,,,OF PILAR,POBLACION,MABINI,HARRIZON - ARCE,RR,Residential - Regular,325.0
raw,"RDO No. 72 - Roxas City, Capiz is composed of the following City and Munic",,,,,OF PILAR,POBLACION,MABINI,HARRIZON - ARCE,RR,Residential - Regular,100.0
raw,"RDO No. 72 - Roxas City, Capiz is composed of the following City and Munic",,,,,OF PILAR,POBLACION,MAGALLANES (PORTION),6KM. FROM POBLACION,RR,Residential - Regular,80.0
raw,"RDO No. 72 - Roxas City, Capiz is composed of the following City and Munic",,,,,OF PILAR,POBLACION,MAGALLANES (PORTION),6KM. FROM POBLACION,RR,Residential - Regular,50.0
raw,"RDO No. 72 - Roxas City, Capiz is composed of the following City and Munic",,,,,OF PILAR,POBLACION,NATIONAL RD (PORTION),5 KM. FROM POBLACION,RR,Residential - Regular,150.0
raw,"RDO No. 72 - Roxas City, Capiz is composed of the following City and Munic",,,,,OF PILAR,POBLACION,NATIONAL RD (PORTION),5 KM. FROM POBLACION,RR,Residential - Regular,60.0
raw,"RDO No. 72 - Roxas City, Capiz is composed of the following City and Munic",,,,,OF PILAR,POBLACION,OSMENA,HARRIZON ST.-ARCE ST.,RR,Residential - Regular,325.0
raw,"RDO No. 72 - Roxas City, Capiz is composed of the following City and Munic",,,,,OF PILAR,POBLACION,OSMENA,HARRIZON ST.-ARCE ST.,RR,Residential - Regular,90.0
raw,"RDO No. 72 - Roxas City, Capiz is composed of the following City and Munic",,,,,OF PILAR,POBLACION,PARDO (PORTION),6KM. FROM POBLACION,RR,Residential - Regular,60.0
raw,"RDO No. 72 - Roxas City, Capiz is composed of the following City and Munic",,,,,OF PILAR,POBLACION,PARDO (PORTION),6KM. FROM POBLACION,RR,Residential - Regular,50.0
raw,"RDO No. 72 - Roxas City, Capiz is composed of the following City and Munic",,,,,OF PILAR,POBLACION,QUEZON,WILSON - CURSAM(MABINI),CR,Commercial - Regular,450.0
raw,"RDO No. 72 - Roxas City, Capiz is composed of the following City and Munic",,,,,OF PILAR,POBLACION,QUEZON,WILSON - CURSAM(MABINI),CR,Commercial - Regular,100.0
raw,"RDO No. 72 - Roxas City, Capiz is composed of the following City and Munic",,,,,OF PILAR,POBLACION,RIZAL,WILSON - BURGOS ST.(MABINI),CR,Commercial - Regular,450.0
raw,"RDO No. 72 - Roxas City, Capiz is composed of the following City and Munic",,,,,OF PILAR,POBLACION,RIZAL,BURGOS -OSMENA(MABINI),RR,Residential - Regular,325.0
raw,"RDO No. 72 - Roxas City, Capiz is composed of the following City and Munic",,,,,OF PILAR,POBLACION,RIZAL,WILSON - BURGOS ST.(MABINI),CR,Commercial - Regular,120.0
raw,"RDO No. 72 - Roxas City, Capiz is composed of the following City and Munic",,,,,OF PILAR,POBLACION,RIZAL,BURGOS -OSMENA(MABINI),RR,Residential - Regular,100.0
raw,"RDO No. 72 - Roxas City, Capiz is composed of the following City and Munic",,,,,OF PILAR,POBLACION,ROAD TO BANG-OGAY,HARRIZON ST.-MEDICARE,RR,Residential - Regular,300.0
raw,"RDO No. 72 - Roxas City, Capiz is composed of the following City and Munic",,,,,OF PILAR,POBLACION,ROAD TO COPPERHILL,HARRIZON ST.-MEDICARE,RR,Residential - Regular,300.0
raw,"RDO No. 72 - Roxas City, Capiz is composed of the following City and Munic",,,,,OF PILAR,POBLACION,ROAD TO MEDICARE,HARRIZON ST.-MEDICARE,RR,Residential - Regular,325.0
raw,"RDO No. 72 - Roxas City, Capiz is composed of the following City and Munic",,,,,OF PILAR,POBLACION,SAN MIGUEL,5 KM. FROM POBLACION,RR,Residential - Regular,150.0
raw,"RDO No. 72 - Roxas City, Capiz is composed of the following City and Munic",,,,,OF PILAR,POBLACION,SAN MIGUEL,5 KM. FROM POBLACION,RR,Residential - Regular,70.0
raw,"RDO No. 72 - Roxas City, Capiz is composed of the following City and Munic",,,,,OF PILAR,POBLACION,SOLANA,5 KM. FROM POBLACION,RR,Residential - Regular,150.0
raw,"RDO No. 72 - Roxas City, Capiz is composed of the following City and Munic",,,,,OF PILAR,POBLACION,SOLANA,5 KM. FROM POBLACION,RR,Residential - Regular,60.0
raw,"RDO No. 72 - Roxas City, Capiz is composed of the following City and Munic",,,,,OF PILAR,POBLACION,TERESTRE,6KM. FROM POBLACION,RR,Residential - Regular,60.0
raw,"RDO No. 72 - Roxas City, Capiz is composed of the following City and Munic",,,,,OF PILAR,POBLACION,TERESTRE,6KM. FROM POBLACION,RR,Residential - Regular,50.0
raw,"RDO No. 72 - Roxas City, Capiz is composed of the following City and Munic",,,,,OF PILAR,POBLACION,VALENZUELA,5 KM. FROM POBLACION,RR,Residential - Regular,150.0
raw,"RDO No. 72 - Roxas City, Capiz is composed of the following City and Munic",,,,,OF PILAR,POBLACION,VALENZUELA,5 KM. FROM POBLACION,RR,Residential - Regular,70.0
raw,"RDO No. 72 - Roxas City, Capiz is composed of the following City and Munic",,,,,OF PILAR,POBLACION,VILLAREAL BOULEVARD,SIBALA CREEK - PSPC,RR,Residential - Regular,325.0
raw,"RDO No. 72 - Roxas City, Capiz is composed of the following City and Munic",,,,,OF PILAR,POBLACION,VILLAREAL BOULEVARD,SIBALA CREEK - PSPC,RR,Residential - Regular,90.0
raw,"RDO No. 72 - Roxas City, Capiz is composed of the following City and Munic",,,,,OF PILAR,POBLACION,WILSON,QUEZON - RIZAL,CR,Commercial - Regular,450.0
raw,"RDO No. 72 - Roxas City, Capiz is composed of the following City and Munic",,,,,OF PILAR,POBLACION,WILSON,HARRIZON - ARCE,RR,Residential - Regular,325.0
raw,"RDO No. 72 - Roxas City, Capiz is composed of the following City and Munic",,,,,OF PILAR,POBLACION,WILSON,QUEZON - RIZAL,CR,Commercial - Regular,120.0
raw,"RDO No. 72 - Roxas City, Capiz is composed of the following City and Munic",,,,,OF PILAR,POBLACION,WILSON,HARRIZON - ARCE,RR,Residential - Regular,100.0
raw,"RDO No. 72 - Roxas City, Capiz is composed of the following City and Munic",,,,,OF PILAR,"S:    BALOGO, BINAOBAWAN, BLASCO, CASANAYAN, CAYUS, DAYHAGAN, DULANGAN,",ALL LOTS,,RR,Residential - Regular,60.0
raw,"RDO No. 72 - Roxas City, Capiz is composed of the following City and Munic",,,,,OF PILAR,"S:    BALOGO, BINAOBAWAN, BLASCO, CASANAYAN, CAYUS, DAYHAGAN, DULANGAN,",ALL LOTS,INTERIOR LOTS,RR,Residential - Regular,50.0
raw,"RDO No. 72 - Roxas City, Capiz is composed of the following City and Munic",,,,,OF PONTEVEDRA,ALL BARANGAYS,ALL LOTS,,A1,Agricultural - A1,20.0
raw,"RDO No. 72 - Roxas City, Capiz is composed of the following City and Munic",,,,,OF PONTEVEDRA,ALL BARANGAYS,ALL LOTS,,A2,Agricultural - A2,18.0
raw,"RDO No. 72 - Roxas City, Capiz is composed of the following City and Munic",,,,,OF PONTEVEDRA,ALL BARANGAYS,ALL LOTS,,A3,Agricultural - A3,5.0
raw,"RDO No. 72 - Roxas City, Capiz is composed of the following City and Munic",,,,,OF PONTEVEDRA,ALL BARANGAYS,ALL LOTS,,A4,Agricultural - A4,9.0
raw,"RDO No. 72 - Roxas City, Capiz is composed of the following City and Munic",,,,,OF PONTEVEDRA,ALL BARANGAYS,ALL LOTS,,A17,Agricultural - A17,4.0
raw,"RDO No. 72 - Roxas City, Capiz is composed of the following City and Munic",,,,,OF PONTEVEDRA,ALL BARANGAYS,ALL LOTS,,A5,Agricultural - A5,6.0
raw,"RDO No. 72 - Roxas City, Capiz is composed of the following City and Munic",,,,,OF PONTEVEDRA,ALL BARANGAYS,ALL LOTS,,A6,Agricultural - A6,18.0
raw,"RDO No. 72 - Roxas City, Capiz is composed of the following City and Munic",,,,,OF PONTEVEDRA,ALL BARANGAYS,ALL LOTS,,A7,Agricultural - A7,6.0
raw,"RDO No. 72 - Roxas City, Capiz is composed of the following City and Munic",,,,,OF PONTEVEDRA,ALL BARANGAYS,ALL LOTS,,A8,Agricultural - A8,10.0
raw,"RDO No. 72 - Roxas City, Capiz is composed of the following City and Munic",,,,,OF PONTEVEDRA,ALL BARANGAYS,ALL LOTS,,A10,Agricultural - A10,4.0
raw,"RDO No. 72 - Roxas City, Capiz is composed of the following City and Munic",,,,,OF PONTEVEDRA,ALL BARANGAYS,ALL LOTS,,A12,Agricultural - A12,5.0
raw,"RDO No. 72 - Roxas City, Capiz is composed of the following City and Munic",,,,,OF PONTEVEDRA,ALL BARANGAYS,ALL LOTS,,A15,Agricultural - A15,5.0
raw,"RDO No. 72 - Roxas City, Capiz is composed of the following City and Munic",,,,,OF PONTEVEDRA,ALL BARANGAYS,ALL LOTS,,A16,Agricultural - A16,9.0
raw,"RDO No. 72 - Roxas City, Capiz is composed of the following City and Munic",,,,,OF PONTEVEDRA,ALL BARANGAYS,ALL LOTS,,A17,Agricultural - A17,9.0
raw,"RDO No. 72 - Roxas City, Capiz is composed of the following City and Munic",,,,,OF PONTEVEDRA,ALL BARANGAYS,ALL LOTS,,A26,Agricultural - A26,4.0
raw,"RDO No. 72 - Roxas City, Capiz is composed of the following City and Munic",,,,,OF PONTEVEDRA,ALL BARANGAYS,ALL LOTS,,A36,Agricultural - A36,4.0
raw,"RDO No. 72 - Roxas City, Capiz is composed of the following City and Munic",,,,,OF PONTEVEDRA,ALL BARANGAYS,ALL LOTS,,A42,Agricultural - A42,20.0
raw,"RDO No. 72 - Roxas City, Capiz is composed of the following City and Munic",,,,,OF PONTEVEDRA,ALL BARANGAYS,ALL LOTS,,A50,Agricultural - A50,5.0
raw,"RDO No. 72 - Roxas City, Capiz is composed of the following City and Munic",,,,,OF PONTEVEDRA,ALMEIDA'S FAMILY,ALBIO ST,NAT'L.RD.-SAN ROQUE ST.,RR,Residential - Regular,90.0
raw,"RDO No. 72 - Roxas City, Capiz is composed of the following City and Munic",,,,,OF PONTEVEDRA,ALMEIDA'S FAMILY,ALL BARANGAY LOT,NAT'L.RD.-SAN ROQUE ST.,RR,Residential - Regular,60.0
raw,"RDO No. 72 - Roxas City, Capiz is composed of the following City and Munic",,,,,OF PONTEVEDRA,ALMEIDA'S FAMILY,ALL BARANGAY LOT,NAT'L.RD.-SAN ROQUE ST.,A2,Agricultural - A2,5.0
raw,"RDO No. 72 - Roxas City, Capiz is composed of the following City and Munic",,,,,OF PONTEVEDRA,ALMEIDA'S FAMILY,ALL BARANGAY LOT,NAT'L.RD.-SAN ROQUE ST.,A5,Agricultural - A5,4.0
raw,"RDO No. 72 - Roxas City, Capiz is composed of the following City and Munic",,,,,OF PONTEVEDRA,ALMEIDA'S FAMILY,ALL BARANGAY LOT,NAT'L.RD.-SAN ROQUE ST.,A7,Agricultural - A7,3.0
raw,"RDO No. 72 - Roxas City, Capiz is composed of the following City and Munic",,,,,OF PONTEVEDRA,ALMEIDA'S FAMILY,ALL BARANGAY LOT,NAT'L.RD.-SAN ROQUE ST.,A9,Agricultural - A9,2.0
raw,"RDO No. 72 - Roxas City, Capiz is composed of the following City and Munic",,,,,OF PONTEVEDRA,ALMEIDA'S FAMILY,ALL BARANGAY LOT,NAT'L.RD.-SAN ROQUE ST.,A10A,A10A,18.0
raw,"RDO No. 72 - Roxas City, Capiz is composed of the following City and Munic",,,,,OF PONTEVEDRA,ALMEIDA'S FAMILY,ALL BARANGAY LOT,NAT'L.RD.-SAN ROQUE ST.,A10B,A10B,10.0
raw,"RDO No. 72 - Roxas City, Capiz is composed of the following City and Munic",,,,,OF PONTEVEDRA,ALMEIDA'S FAMILY,ALL BARANGAY LOT,NAT'L.RD.-SAN ROQUE ST.,A12C,A12C,6.0
raw,"RDO No. 72 - Roxas City, Capiz is composed of the following City and Munic",,,,,OF PONTEVEDRA,ALMEIDA'S FAMILY,ASUNCION,NAT'L.RD.-SAN ROQUE ST.,RR,Residential - Regular,180.0
raw,"RDO No. 72 - Roxas City, Capiz is composed of the following City and Munic",,,,,OF PONTEVEDRA,ALMEIDA'S FAMILY,OSMENA,,RR,Residential - Regular,180.0
raw,"RDO No. 72 - Roxas City, Capiz is composed of the following City and Munic",,,,,OF PONTEVEDRA,ALMEIDA'S FAMILY,PRES. ROXAS,,RR,Residential - Regular,180.0
raw,"RDO No. 72 - Roxas City, Capiz is composed of the following City and Munic",,,,,OF PONTEVEDRA,ALMEIDA'S FAMILY,SAN DIEGO,NAT'L.RD.-SAN ROQUE ST.,RR,Residential - Regular,120.0
raw,"RDO No. 72 - Roxas City, Capiz is composed of the following City and Munic",,,,,OF PONTEVEDRA,ALMEIDA'S FAMILY,SAN ROQUE,NAT'L.RD.-SAN ROQUE ST.,RR,Residential - Regular,120.0
raw,"RDO No. 72 - Roxas City, Capiz is composed of the following City and Munic",,,,,OF PONTEVEDRA,ALMEIDA'S FAMILY,WILSON,NAT'L.RD.-SAN ROQUE ST.,RR,Residential - Regular,120.0
raw,"RDO No. 72 - Roxas City, Capiz is composed of the following City and Munic",,,,,OF PONTEVEDRA,POBLACION,ALBIO ST,NAT'L.RD.-SAN ROQUE ST.,RR,Residential - Regular,155.0
raw,"RDO No. 72 - Roxas City, Capiz is composed of the following City and Munic",,,,,OF PONTEVEDRA,POBLACION,ALBIO ST,ALONG HIWAY LOTS,GP,General Purpose,50.0
raw,"RDO No. 72 - Roxas City, Capiz is composed of the following City and Munic",,,,,OF PONTEVEDRA,POBLACION,ALBIO ST,SAN ROQUE-ALBAO GOING CPD.,RR,Residential - Regular,150.0
raw,"RDO No. 72 - Roxas City, Capiz is composed of the following City and Munic",,,,,OF PONTEVEDRA,POBLACION,ASUNCION,NAT'L.RD.-SAN ROQUE ST.,RR,Residential - Regular,200.0
raw,"RDO No. 72 - Roxas City, Capiz is composed of the following City and Munic",,,,,OF PONTEVEDRA,POBLACION,BURGOS,MUNICIPAL HALL,CR,Commercial - Regular,800.0
raw,"RDO No. 72 - Roxas City, Capiz is composed of the following City and Munic",,,,,OF PONTEVEDRA,POBLACION,BURGOS,MUNICIPAL HALL,RR,Residential - Regular,675.0
raw,"RDO No. 72 - Roxas City, Capiz is composed of the following City and Munic",,,,,OF PONTEVEDRA,POBLACION,BURGOS,MUNICIPAL HALL,I,Industrial,800.0
raw,"RDO No. 72 - Roxas City, Capiz is composed of the following City and Munic",,,,,OF PONTEVEDRA,POBLACION,BURGOS,MUNICIPAL HALL,CR,Commercial - Regular,360.0
raw,"RDO No. 72 - Roxas City, Capiz is composed of the following City and Munic",,,,,OF PONTEVEDRA,POBLACION,DAIS,JON ST.-MALIC ST.,RR,Residential - Regular,635.0
raw,"RDO No. 72 - Roxas City, Capiz is composed of the following City and Munic",,,,,OF PONTEVEDRA,POBLACION,DAIS,PUBLIC MARKET & LOW VICINITY,RR,Residential - Regular,180.0
raw,"RDO No. 72 - Roxas City, Capiz is composed of the following City and Munic",,,,,OF PONTEVEDRA,POBLACION,IBARRA,JON ST.-MALIC ST.,RR,Residential - Regular,625.0
raw,"RDO No. 72 - Roxas City, Capiz is composed of the following City and Munic",,,,,OF PONTEVEDRA,POBLACION,IBARRA,PUBLIC MARKET & LOW VICINITY,RR,Residential - Regular,180.0
raw,"RDO No. 72 - Roxas City, Capiz is composed of the following City and Munic",,,,,OF PONTEVEDRA,POBLACION,ISAGANI EXT.,JON ST.-MALIC ST.,RR,Residential - Regular,500.0
raw,"RDO No. 72 - Roxas City, Capiz is composed of the following City and Munic",,,,,OF PONTEVEDRA,POBLACION,ISAGANI EXT.,PUBLIC MARKET & LOW VICINITY,RR,Residential - Regular,180.0
raw,"RDO No. 72 - Roxas City, Capiz is composed of the following City and Munic",,,,,OF PONTEVEDRA,POBLACION,ISAGANI ST.,PUBLIC MKT.& LOW VICINITY,CR,Commercial - Regular,800.0
raw,"RDO No. 72 - Roxas City, Capiz is composed of the following City and Munic",,,,,OF PONTEVEDRA,POBLACION,ISAGANI ST.,PUBLIC MKT.& LOW VICINITY,RR,Residential - Regular,750.0
raw,"RDO No. 72 - Roxas City, Capiz is composed of the following City and Munic",,,,,OF PONTEVEDRA,POBLACION,ISAGANI ST.,JON ST.-MALIC ST.,I,Industrial,800.0
raw,"RDO No. 72 - Roxas City, Capiz is composed of the following City and Munic",,,,,OF PONTEVEDRA,POBLACION,ISAGANI ST.,JON ST.-MALIC ST.,RR,Residential - Regular,625.0
raw,"RDO No. 72 - Roxas City, Capiz is composed of the following City and Munic",,,,,OF PONTEVEDRA,POBLACION,ISAGANI ST.,PUBLIC MARKET & LOW VICINITY,CR,Commercial - Regular,300.0
raw,"RDO No. 72 - Roxas City, Capiz is composed of the following City and Munic",,,,,OF PONTEVEDRA,POBLACION,JON,JON ST.-MALIC ST.,RR,Residential - Regular,550.0
raw,"RDO No. 72 - Roxas City, Capiz is composed of the following City and Munic",,,,,OF PONTEVEDRA,POBLACION,JON,PUBLIC MARKET & LOW VICINITY,RR,Residential - Regular,180.0
raw,"RDO No. 72 - Roxas City, Capiz is composed of the following City and Munic",,,,,OF PONTEVEDRA,POBLACION,JUVENILE,JON ST.-MALIC ST.,RR,Residential - Regular,525.0
raw,"RDO No. 72 - Roxas City, Capiz is composed of the following City and Munic",,,,,OF PONTEVEDRA,POBLACION,JUVENILE,PUBLIC MARKET & LOW VICINITY,RR,Residential - Regular,180.0
raw,"RDO No. 72 - Roxas City, Capiz is composed of the following City and Munic",,,,,OF PONTEVEDRA,POBLACION,LUNA,JON ST.-MALIC ST.,RR,Residential - Regular,575.0
raw,"RDO No. 72 - Roxas City, Capiz is composed of the following City and Munic",,,,,OF PONTEVEDRA,POBLACION,LUNA,PUBLIC MARKET & LOW VICINITY,RR,Residential - Regular,240.0
raw,"RDO No. 72 - Roxas City, Capiz is composed of the following City and Munic",,,,,OF PONTEVEDRA,POBLACION,MALIC,JON ST.-MALIC ST.,RR,Residential - Regular,650.0
raw,"RDO No. 72 - Roxas City, Capiz is composed of the following City and Munic",,,,,OF PONTEVEDRA,POBLACION,MALIC,PUBLIC MARKET & LOW VICINITY,RR,Residential - Regular,240.0
raw,"RDO No. 72 - Roxas City, Capiz is composed of the following City and Munic",,,,,OF PONTEVEDRA,POBLACION,NATIONAL ROAD,PASSING NAT'L HIWAY SCH. & CEMETERY,RR,Residential - Regular,625.0
raw,"RDO No. 72 - Roxas City, Capiz is composed of the following City and Munic",,,,,OF PONTEVEDRA,POBLACION,NATIONAL ROAD,PASSING NAT'L HIWAY SCH. & CEMETERY,RR,Residential - Regular,500.0
raw,"RDO No. 72 - Roxas City, Capiz is composed of the following City and Munic",,,,,OF PONTEVEDRA,POBLACION,NATIONAL ROAD,PASSING NAT'L HIWAY SCH. & CEMETERY,RR,Residential - Regular,240.0
raw,"RDO No. 72 - Roxas City, Capiz is composed of the following City and Munic",,,,,OF PONTEVEDRA,POBLACION,OSMENA,,RR,Residential - Regular,300.0
raw,"RDO No. 72 - Roxas City, Capiz is composed of the following City and Munic",,,,,OF PONTEVEDRA,POBLACION,PRES. ROXAS,,RR,Residential - Regular,300.0
raw,"RDO No. 72 - Roxas City, Capiz is composed of the following City and Munic",,,,,OF PONTEVEDRA,POBLACION,RIZAL,FRONTING MUN. HALL PLAZA & PUBLIC MARKET,CR,Commercial - Regular,900.0
raw,"RDO No. 72 - Roxas City, Capiz is composed of the following City and Munic",,,,,OF PONTEVEDRA,POBLACION,RIZAL,FRONTING MUN. HALL PLAZA & PUBLIC MARKET,CR,Commercial - Regular,360.0
raw,"RDO No. 72 - Roxas City, Capiz is composed of the following City and Munic",,,,,OF PONTEVEDRA,POBLACION,SAN DIEGO,NAT'L.RD.-SAN ROQUE ST.,RR,Residential - Regular,155.0
raw,"RDO No. 72 - Roxas City, Capiz is composed of the following City and Munic",,,,,OF PONTEVEDRA,POBLACION,SAN ROQUE,NAT'L.RD.-SAN ROQUE ST.,RR,Residential - Regular,155.0
raw,"RDO No. 72 - Roxas City, Capiz is composed of the following City and Munic",,,,,OF PONTEVEDRA,POBLACION,TABUC ROAD,NATIONAL RD - PANAY,RR,Residential - Regular,300.0
raw,"RDO No. 72 - Roxas City, Capiz is composed of the following City and Munic",,,,,OF PONTEVEDRA,POBLACION,TABUC ROAD,NATIONAL RD - PANAY,RR,Residential - Regular,180.0
raw,"RDO No. 72 - Roxas City, Capiz is composed of the following City and Munic",,,,,OF PONTEVEDRA,POBLACION,TACAS-MALIC RD,JON ST.-MALIC ST.,RR,Residential - Regular,500.0
raw,"RDO No. 72 - Roxas City, Capiz is composed of the following City and Munic",,,,,OF PONTEVEDRA,POBLACION,TACAS-MALIC RD,PUBLIC MARKET & LOW VICINITY,RR,Residential - Regular,180.0
raw,"RDO No. 72 - Roxas City, Capiz is composed of the following City and Munic",,,,,OF PONTEVEDRA,POBLACION,WEATHER ROAD,W/IN 1 KM. FROM POB.,RR,Residential - Regular,475.0
raw,"RDO No. 72 - Roxas City, Capiz is composed of the following City and Munic",,,,,OF PONTEVEDRA,POBLACION,WEATHER ROAD,INTERIOR LOTS,RR,Residential - Regular,250.0
raw,"RDO No. 72 - Roxas City, Capiz is composed of the following City and Munic",,,,,OF PONTEVEDRA,POBLACION,WEATHER ROAD,10 KM.FR.TRADING CENTER,I,Industrial,600.0
raw,"RDO No. 72 - Roxas City, Capiz is composed of the following City and Munic",,,,,OF PONTEVEDRA,POBLACION,WILSON,NAT'L.RD.-SAN ROQUE ST.,RR,Residential - Regular,200.0
raw,"RDO No. 72 - Roxas City, Capiz is composed of the following City and Munic",,,,,OF PONTEVEDRA,"S:     AGBANOG, AGDALIPE, AMELIGAN, BAILAN, BANATE, BANTIQUE, BINANTUCAN,",ALL LOTS,,RR,Residential - Regular,60.0
raw,"RDO No. 72 - Roxas City, Capiz is composed of the following City and Munic",,,,,OF PRES. ROXAS,ALL BARANGAYS,ALL LOTS,,A1,Agricultural - A1,13.0
raw,"RDO No. 72 - Roxas City, Capiz is composed of the following City and Munic",,,,,OF PRES. ROXAS,ALL BARANGAYS,ALL LOTS,,A2,Agricultural - A2,10.0
raw,"RDO No. 72 - Roxas City, Capiz is composed of the following City and Munic",,,,,OF PRES. ROXAS,ALL BARANGAYS,ALL LOTS,,A3,Agricultural - A3,8.0
raw,"RDO No. 72 - Roxas City, Capiz is composed of the following City and Munic",,,,,OF PRES. ROXAS,ALL BARANGAYS,ALL LOTS,,A4,Agricultural - A4,6.0
raw,"RDO No. 72 - Roxas City, Capiz is composed of the following City and Munic",,,,,OF PRES. ROXAS,ALL BARANGAYS,ALL LOTS,,A5,Agricultural - A5,6.0
raw,"RDO No. 72 - Roxas City, Capiz is composed of the following City and Munic",,,,,OF PRES. ROXAS,ALL BARANGAYS,ALL LOTS,,A6,Agricultural - A6,15.0
raw,"RDO No. 72 - Roxas City, Capiz is composed of the following City and Munic",,,,,OF PRES. ROXAS,ALL BARANGAYS,ALL LOTS,,A7,Agricultural - A7,5.0
raw,"RDO No. 72 - Roxas City, Capiz is composed of the following City and Munic",,,,,OF PRES. ROXAS,ALL BARANGAYS,ALL LOTS,,A8,Agricultural - A8,10.0
raw,"RDO No. 72 - Roxas City, Capiz is composed of the following City and Munic",,,,,OF PRES. ROXAS,ALL BARANGAYS,ALL LOTS,,A10,Agricultural - A10,5.0
raw,"RDO No. 72 - Roxas City, Capiz is composed of the following City and Munic",,,,,OF PRES. ROXAS,ALL BARANGAYS,ALL LOTS,,A12,Agricultural - A12,5.0
raw,"RDO No. 72 - Roxas City, Capiz is composed of the following City and Munic",,,,,OF PRES. ROXAS,ALL BARANGAYS,ALL LOTS,,A15,Agricultural - A15,5.0
raw,"RDO No. 72 - Roxas City, Capiz is composed of the following City and Munic",,,,,OF PRES. ROXAS,ALL BARANGAYS,ALL LOTS,,A16,Agricultural - A16,9.0
raw,"RDO No. 72 - Roxas City, Capiz is composed of the following City and Munic",,,,,OF PRES. ROXAS,ALL BARANGAYS,ALL LOTS,,A17,Agricultural - A17,13.0
raw,"RDO No. 72 - Roxas City, Capiz is composed of the following City and Munic",,,,,OF PRES. ROXAS,ALL BARANGAYS,ALL LOTS,,A26,Agricultural - A26,4.0
raw,"RDO No. 72 - Roxas City, Capiz is composed of the following City and Munic",,,,,OF PRES. ROXAS,ALL BARANGAYS,ALL LOTS,,A36,Agricultural - A36,4.0
raw,"RDO No. 72 - Roxas City, Capiz is composed of the following City and Munic",,,,,OF PRES. ROXAS,ALL BARANGAYS,ALL LOTS,,A50,Agricultural - A50,3.0
raw,"RDO No. 72 - Roxas City, Capiz is composed of the following City and Munic",,,,,OF PRES. ROXAS,ARANGUEL,ALL LOTS,BARANGAY ROAD,RR,Residential - Regular,225.0
raw,"RDO No. 72 - Roxas City, Capiz is composed of the following City and Munic",,,,,OF PRES. ROXAS,ARANGUEL,ALL LOTS,3 KM AWAY FROM POBLACION,A50,Agricultural - A50,10.0
raw,"RDO No. 72 - Roxas City, Capiz is composed of the following City and Munic",,,,,OF PRES. ROXAS,ARANGUEL,ALL LOTS,ALL LOTS SORROUNDING W/IN THE,I,Industrial,425.0
raw,"RDO No. 72 - Roxas City, Capiz is composed of the following City and Munic",,,,,OF PRES. ROXAS,ARANGUEL,ALL LOTS,BRGY.GOING TO ARANGUEL,RR,Residential - Regular,225.0
raw,"RDO No. 72 - Roxas City, Capiz is composed of the following City and Munic",,,,,OF PRES. ROXAS,ARANGUEL,WEATHER ROAD,BRGY.GOING TO ARANGUEL,RR,Residential - Regular,175.0
raw,"RDO No. 72 - Roxas City, Capiz is composed of the following City and Munic",,,,,OF PRES. ROXAS,ARANGUEL,WEATHER ROAD,INTERIOR LOTS,RR,Residential - Regular,150.0
raw,"RDO No. 72 - Roxas City, Capiz is composed of the following City and Munic",,,,,OF PRES. ROXAS,POBLACION,BENUSA,PROVINCIAL ROAD,RR,Residential - Regular,250.0
raw,"RDO No. 72 - Roxas City, Capiz is composed of the following City and Munic",,,,,OF PRES. ROXAS,POBLACION,ELIZABETH CPD.(ELIZALDE),PROVINCIAL ROAD,I,Industrial,480.0
raw,"RDO No. 72 - Roxas City, Capiz is composed of the following City and Munic",,,,,OF PRES. ROXAS,POBLACION,ELIZALDE,PROVINCIAL ROAD,RR,Residential - Regular,250.0
raw,"RDO No. 72 - Roxas City, Capiz is composed of the following City and Munic",,,,,OF PRES. ROXAS,POBLACION,MANGO ST.,PROVINCIAL ROAD,RR,Residential - Regular,250.0
raw,"RDO No. 72 - Roxas City, Capiz is composed of the following City and Munic",,,,,OF PRES. ROXAS,POBLACION,MARKET ROAD,PROVINCIAL ROAD,RR,Residential - Regular,275.0
raw,"RDO No. 72 - Roxas City, Capiz is composed of the following City and Munic",,,,,OF PRES. ROXAS,POBLACION,MUNICIPAL ROAD,GOING TO ARANGUEL,RR,Residential - Regular,250.0
raw,"RDO No. 72 - Roxas City, Capiz is composed of the following City and Munic",,,,,OF PRES. ROXAS,POBLACION,MUNICIPAL ROAD,POBLACION,X,Special / Other,250.0
raw,"RDO No. 72 - Roxas City, Capiz is composed of the following City and Munic",,,,,OF PRES. ROXAS,POBLACION,MUNICIPAL ROAD,POBLACION,A50,Agricultural - A50,10.0
raw,"RDO No. 72 - Roxas City, Capiz is composed of the following City and Munic",,,,,OF PRES. ROXAS,POBLACION,MUNICIPAL ROAD,VISCAYA,A50,Agricultural - A50,10.0
raw,"RDO No. 72 - Roxas City, Capiz is composed of the following City and Munic",,,,,OF PRES. ROXAS,POBLACION,MUNICIPAL ROAD,ARANGUEL,A50,Agricultural - A50,10.0
raw,"RDO No. 72 - Roxas City, Capiz is composed of the following City and Munic",,,,,OF PRES. ROXAS,POBLACION,PROVINCIAL ROAD,GOING TO MARITA,RR,Residential - Regular,250.0
raw,"RDO No. 72 - Roxas City, Capiz is composed of the following City and Munic",,,,,OF PRES. ROXAS,POBLACION,ROXAS AVENUE,BRGY.RD-ARANQUEL,CR,Commercial - Regular,350.0
raw,"RDO No. 72 - Roxas City, Capiz is composed of the following City and Munic",,,,,OF PRES. ROXAS,POBLACION,ROXAS BLVD,PUBLIC MARKET,CR,Commercial - Regular,360.0
raw,"RDO No. 72 - Roxas City, Capiz is composed of the following City and Munic",,,,,OF PRES. ROXAS,POBLACION,STARAPPLE ST.,PROVINCIAL ROAD,RR,Residential - Regular,250.0
raw,"RDO No. 72 - Roxas City, Capiz is composed of the following City and Munic",,,,,OF PRES. ROXAS,POBLACION,SWA,PROVINCIAL ROAD,RR,Residential - Regular,240.0
raw,"RDO No. 72 - Roxas City, Capiz is composed of the following City and Munic",,,,,OF PRES. ROXAS,POBLACION,TEACHER VILLAGE,PROVINCIAL ROAD,RR,Residential - Regular,240.0
raw,"RDO No. 72 - Roxas City, Capiz is composed of the following City and Munic",,,,,OF PRES. ROXAS,POBLACION,YAKAL ST.,PROVINCIAL ROAD,RR,Residential - Regular,250.0
raw,"RDO No. 72 - Roxas City, Capiz is composed of the following City and Munic",,,,,OF PRES. ROXAS,"S:     BADIANGON, BAYUYAN, CABUGCABUG ,CARMENCITA, CUBAY, CULILANG,",ALL LOTS,,RR,Residential - Regular,100.0
raw,"RDO No. 72 - Roxas City, Capiz is composed of the following City and Munic",,,,,OF PRES. ROXAS,"S:     BADIANGON, BAYUYAN, CABUGCABUG ,CARMENCITA, CUBAY, CULILANG,",ALL LOTS,INTERIOR LOTS,RR,Residential - Regular,50.0
raw,"RDO No. 72 - Roxas City, Capiz is composed of the following City and Munic",,,,,OF PRESIDENT ROXAS,POBLACION,BENUSA,PROVINCIAL ROAD,RR,Residential - Regular,240.0
raw,"RDO No. 72 - Roxas City, Capiz is composed of the following City and Munic",,,,,OF PRESIDENT ROXAS,POBLACION,ELEZALDE COMPOUND,PROVINCIAL ROAD,I,Industrial,480.0
raw,"RDO No. 72 - Roxas City, Capiz is composed of the following City and Munic",,,,,OF PRESIDENT ROXAS,POBLACION,ELIZALDE,PROVINCIAL ROAD,RR,Residential - Regular,240.0
raw,"RDO No. 72 - Roxas City, Capiz is composed of the following City and Munic",,,,,OF PRESIDENT ROXAS,POBLACION,MUNICIPAL ROAD,GOING TO ARANGUEL,RR,Residential - Regular,120.0
raw,"RDO No. 72 - Roxas City, Capiz is composed of the following City and Munic",,,,,OF PRESIDENT ROXAS,POBLACION,MUNICIPAL ROAD,POBLACION,X,Special / Other,3.0
raw,"RDO No. 72 - Roxas City, Capiz is composed of the following City and Munic",,,,,OF PRESIDENT ROXAS,POBLACION,MUNICIPAL ROAD,POBLACION,A,Agricultural,4.0
raw,"RDO No. 72 - Roxas City, Capiz is composed of the following City and Munic",,,,,OF PRESIDENT ROXAS,POBLACION,MUNICIPAL ROAD,VISCAYA,A,Agricultural,3.0
raw,"RDO No. 72 - Roxas City, Capiz is composed of the following City and Munic",,,,,OF PRESIDENT ROXAS,POBLACION,MUNICIPAL ROAD,ARANGUEL,A,Agricultural,3.0
raw,"RDO No. 72 - Roxas City, Capiz is composed of the following City and Munic",,,,,OF PRESIDENT ROXAS,POBLACION,MUNICIPAL ROAD,ARANGUEL,RR,Residential - Regular,1.0
raw,"RDO No. 72 - Roxas City, Capiz is composed of the following City and Munic",,,,,OF PRESIDENT ROXAS,POBLACION,PROVINCIAL ROAD,GOING TO MARITA,RR,Residential - Regular,180.0
raw,"RDO No. 72 - Roxas City, Capiz is composed of the following City and Munic",,,,,OF PRESIDENT ROXAS,POBLACION,ROXAS BLVD,PUBLIC MARKET,CR,Commercial - Regular,360.0
raw,"RDO No. 72 - Roxas City, Capiz is composed of the following City and Munic",,,,,OF PRESIDENT ROXAS,POBLACION,SWA,PROVINCIAL ROAD,RR,Residential - Regular,240.0
raw,"RDO No. 72 - Roxas City, Capiz is composed of the following City and Munic",,,,,OF PRESIDENT ROXAS,POBLACION,TEACHER VILLAGE,PROVINCIAL ROAD,RR,Residential - Regular,240.0
raw,"RDO No. 72 - Roxas City, Capiz is composed of the following City and Munic",,,,,OF SAPIAN,ALL BARANGAYS,ALL LOTS,,A1,Agricultural - A1,18.0
raw,"RDO No. 72 - Roxas City, Capiz is composed of the following City and Munic",,,,,OF SAPIAN,ALL BARANGAYS,ALL LOTS,,A2,Agricultural - A2,15.0
raw,"RDO No. 72 - Roxas City, Capiz is composed of the following City and Munic",,,,,OF SAPIAN,ALL BARANGAYS,ALL LOTS,,A3,Agricultural - A3,7.0
raw,"RDO No. 72 - Roxas City, Capiz is composed of the following City and Munic",,,,,OF SAPIAN,ALL BARANGAYS,ALL LOTS,,A4,Agricultural - A4,7.0
raw,"RDO No. 72 - Roxas City, Capiz is composed of the following City and Munic",,,,,OF SAPIAN,ALL BARANGAYS,ALL LOTS,,A5,Agricultural - A5,6.0
raw,"RDO No. 72 - Roxas City, Capiz is composed of the following City and Munic",,,,,OF SAPIAN,ALL BARANGAYS,ALL LOTS,,A6,Agricultural - A6,25.0
raw,"RDO No. 72 - Roxas City, Capiz is composed of the following City and Munic",,,,,OF SAPIAN,ALL BARANGAYS,ALL LOTS,,A7,Agricultural - A7,8.0
raw,"RDO No. 72 - Roxas City, Capiz is composed of the following City and Munic",,,,,OF SAPIAN,ALL BARANGAYS,ALL LOTS,,A8,Agricultural - A8,10.0
raw,"RDO No. 72 - Roxas City, Capiz is composed of the following City and Munic",,,,,OF SAPIAN,ALL BARANGAYS,ALL LOTS,,A10,Agricultural - A10,7.0
raw,"RDO No. 72 - Roxas City, Capiz is composed of the following City and Munic",,,,,OF SAPIAN,ALL BARANGAYS,ALL LOTS,,A12,Agricultural - A12,6.0
raw,"RDO No. 72 - Roxas City, Capiz is composed of the following City and Munic",,,,,OF SAPIAN,ALL BARANGAYS,ALL LOTS,,A14,Agricultural - A14,5.0
raw,"RDO No. 72 - Roxas City, Capiz is composed of the following City and Munic",,,,,OF SAPIAN,ALL BARANGAYS,ALL LOTS,,A15,Agricultural - A15,5.0
raw,"RDO No. 72 - Roxas City, Capiz is composed of the following City and Munic",,,,,OF SAPIAN,ALL BARANGAYS,ALL LOTS,,A16,Agricultural - A16,7.0
raw,"RDO No. 72 - Roxas City, Capiz is composed of the following City and Munic",,,,,OF SAPIAN,ALL BARANGAYS,ALL LOTS,,A17,Agricultural - A17,9.0
raw,"RDO No. 72 - Roxas City, Capiz is composed of the following City and Munic",,,,,OF SAPIAN,ALL BARANGAYS,ALL LOTS,,A26,Agricultural - A26,7.0
raw,"RDO No. 72 - Roxas City, Capiz is composed of the following City and Munic",,,,,OF SAPIAN,ALL BARANGAYS,ALL LOTS,,A36,Agricultural - A36,5.0
raw,"RDO No. 72 - Roxas City, Capiz is composed of the following City and Munic",,,,,OF SAPIAN,ALL BARANGAYS,ALL LOTS,,A50,Agricultural - A50,4.0
raw,"RDO No. 72 - Roxas City, Capiz is composed of the following City and Munic",,,,,OF SAPIAN,POBLACION,A.ALAYON ST.,POBLACION,RR,Residential - Regular,275.0
raw,"RDO No. 72 - Roxas City, Capiz is composed of the following City and Munic",,,,,OF SAPIAN,POBLACION,A.ARBOLEDA ST.,POBLACION,RR,Residential - Regular,275.0
raw,"RDO No. 72 - Roxas City, Capiz is composed of the following City and Munic",,,,,OF SAPIAN,POBLACION,ALL OTHER LOTS,WITHIN 1KM. FR. POBLACION,RR,Residential - Regular,175.0
raw,"RDO No. 72 - Roxas City, Capiz is composed of the following City and Munic",,,,,OF SAPIAN,POBLACION,ALL OTHER LOTS,RD MORE THAN 1KM. FR POBLACION,RR,Residential - Regular,110.0
raw,"RDO No. 72 - Roxas City, Capiz is composed of the following City and Munic",,,,,OF SAPIAN,POBLACION,ALL RD.FRONTING PUB.MKT.,POBLACION,CR,Commercial - Regular,400.0
raw,"RDO No. 72 - Roxas City, Capiz is composed of the following City and Munic",,,,,OF SAPIAN,POBLACION,ANTIGUA,JOSE RIZAL - PROV'L RD,RR,Residential - Regular,250.0
raw,"RDO No. 72 - Roxas City, Capiz is composed of the following City and Munic",,,,,OF SAPIAN,POBLACION,ANTIGUA,JOSE RIZAL - PROV'L RD,RR,Residential - Regular,120.0
raw,"RDO No. 72 - Roxas City, Capiz is composed of the following City and Munic",,,,,OF SAPIAN,POBLACION,BONIFACIO(DONIFACIO),JOSE RIZAL - PROV'L RD,RR,Residential - Regular,250.0
raw,"RDO No. 72 - Roxas City, Capiz is composed of the following City and Munic",,,,,OF SAPIAN,POBLACION,C.B.OLIVERA ST.,POBLACION,RR,Residential - Regular,275.0
raw,"RDO No. 72 - Roxas City, Capiz is composed of the following City and Munic",,,,,OF SAPIAN,POBLACION,C.PAJARILLO ST.,POBLACION,RR,Residential - Regular,275.0
raw,"RDO No. 72 - Roxas City, Capiz is composed of the following City and Munic",,,,,OF SAPIAN,POBLACION,DONIFACIO,JOSE RIZAL - PROV'L RD,RR,Residential - Regular,120.0
raw,"RDO No. 72 - Roxas City, Capiz is composed of the following City and Munic",,,,,OF SAPIAN,POBLACION,GEN LUNA ST,J. ORILLOS - PROV'L RD,CR,Commercial - Regular,400.0
raw,"RDO No. 72 - Roxas City, Capiz is composed of the following City and Munic",,,,,OF SAPIAN,POBLACION,GEN LUNA ST,J. ORILLOS - PROV'L RD,CR,Commercial - Regular,180.0
raw,"RDO No. 72 - Roxas City, Capiz is composed of the following City and Munic",,,,,OF SAPIAN,POBLACION,H.OBLIGACION ST.,POBLACION,RR,Residential - Regular,275.0
raw,"RDO No. 72 - Roxas City, Capiz is composed of the following City and Munic",,,,,OF SAPIAN,POBLACION,J. ORILLOS,JOSE RIZAL - PROV'L RD,RR,Residential - Regular,250.0
raw,"RDO No. 72 - Roxas City, Capiz is composed of the following City and Munic",,,,,OF SAPIAN,POBLACION,J. ORILLOS,JOSE RIZAL - PROV'L RD,RR,Residential - Regular,120.0
raw,"RDO No. 72 - Roxas City, Capiz is composed of the following City and Munic",,,,,OF SAPIAN,POBLACION,J.ORLEANS ST.,POBLACION,RR,Residential - Regular,275.0
raw,"RDO No. 72 - Roxas City, Capiz is composed of the following City and Munic",,,,,OF SAPIAN,POBLACION,J.P.ORLEANS SUBD.,POBLACION,RR,Residential - Regular,350.0
raw,"RDO No. 72 - Roxas City, Capiz is composed of the following City and Munic",,,,,OF SAPIAN,POBLACION,JOSE RIZAL,JOSE RIZAL - PROV'L RD,CR,Commercial - Regular,400.0
raw,"RDO No. 72 - Roxas City, Capiz is composed of the following City and Munic",,,,,OF SAPIAN,POBLACION,JOSE RIZAL,JOSE RIZAL - PROV'L RD,CR,Commercial - Regular,180.0
raw,"RDO No. 72 - Roxas City, Capiz is composed of the following City and Munic",,,,,OF SAPIAN,POBLACION,LOTS,WITHIN 1KM. FR. POBLACION,RR,Residential - Regular,100.0
raw,"RDO No. 72 - Roxas City, Capiz is composed of the following City and Munic",,,,,OF SAPIAN,POBLACION,LOTS,ROAD MORE THAN 1KM. FR POBLACION,RR,Residential - Regular,80.0
raw,"RDO No. 72 - Roxas City, Capiz is composed of the following City and Munic",,,,,OF SAPIAN,POBLACION,M.H.DEL PILAR(N.H.DEL PILAR),JOSE RIZAL - PROV'L RD,RR,Residential - Regular,250.0
raw,"RDO No. 72 - Roxas City, Capiz is composed of the following City and Munic",,,,,OF SAPIAN,POBLACION,MABINI,JOSE RIZAL - PROV'L RD,RR,Residential - Regular,250.0
raw,"RDO No. 72 - Roxas City, Capiz is composed of the following City and Munic",,,,,OF SAPIAN,POBLACION,MABINI,JOSE RIZAL - PROV'L RD,RR,Residential - Regular,120.0
raw,"RDO No. 72 - Roxas City, Capiz is composed of the following City and Munic",,,,,OF SAPIAN,POBLACION,N.H.DEL PILAR,JOSE RIZAL - PROV'L RD,RR,Residential - Regular,120.0
raw,"RDO No. 72 - Roxas City, Capiz is composed of the following City and Munic",,,,,OF SAPIAN,POBLACION,N.ODUCADO ST.,POBLACION,RR,Residential - Regular,275.0
raw,"RDO No. 72 - Roxas City, Capiz is composed of the following City and Munic",,,,,OF SAPIAN,POBLACION,N.OROLOSO ST.,POBLACION,RR,Residential - Regular,275.0
raw,"RDO No. 72 - Roxas City, Capiz is composed of the following City and Munic",,,,,OF SAPIAN,"S:  AGSILAB, AGTACACAY NORTE ,AGTACACAY SUR, BILAO, DAMAYAN,",ALL LOTS,NOT ADJOINED ROAD,RR,Residential - Regular,75.0
raw,"RDO No. 72 - Roxas City, Capiz is composed of the following City and Munic",,,,,OF SAPIAN,"S:  AGSILAB, AGTACACAY NORTE ,AGTACACAY SUR, BILAO, DAMAYAN,",ALL LOTS,BRGY.OUTSIDE POB.,RR,Residential - Regular,50.0
raw,"RDO No. 72 - Roxas City, Capiz is composed of the following City and Munic",,,,,OF SAPIAN,"S:  AGSILAB, AGTACACAY NORTE ,AGTACACAY SUR, BILAO, DAMAYAN,",ALL LOTS,INTERIOR LOTS,RR,Residential - Regular,30.0
raw,"RDO No. 72 - Roxas City, Capiz is composed of the following City and Munic",,,,,OF SIGMA,ALL BARANGAYS,ALL LOTS,,A1,Agricultural - A1,16.0
raw,"RDO No. 72 - Roxas City, Capiz is composed of the following City and Munic",,,,,OF SIGMA,ALL BARANGAYS,ALL LOTS,,A2,Agricultural - A2,12.0
raw,"RDO No. 72 - Roxas City, Capiz is composed of the following City and Munic",,,,,OF SIGMA,ALL BARANGAYS,ALL LOTS,,A3,Agricultural - A3,8.0
raw,"RDO No. 72 - Roxas City, Capiz is composed of the following City and Munic",,,,,OF SIGMA,ALL BARANGAYS,ALL LOTS,,A4,Agricultural - A4,7.0
raw,"RDO No. 72 - Roxas City, Capiz is composed of the following City and Munic",,,,,OF SIGMA,ALL BARANGAYS,ALL LOTS,,A10,Agricultural - A10,5.0
raw,"RDO No. 72 - Roxas City, Capiz is composed of the following City and Munic",,,,,OF SIGMA,ALL BARANGAYS,ALL LOTS,,A12,Agricultural - A12,6.0
raw,"RDO No. 72 - Roxas City, Capiz is composed of the following City and Munic",,,,,OF SIGMA,ALL BARANGAYS,ALL LOTS,,A15,Agricultural - A15,5.0
raw,"RDO No. 72 - Roxas City, Capiz is composed of the following City and Munic",,,,,OF SIGMA,ALL BARANGAYS,ALL LOTS,,A16,Agricultural - A16,9.0
raw,"RDO No. 72 - Roxas City, Capiz is composed of the following City and Munic",,,,,OF SIGMA,ALL BARANGAYS,ALL LOTS,,A17,Agricultural - A17,9.0
raw,"RDO No. 72 - Roxas City, Capiz is composed of the following City and Munic",,,,,OF SIGMA,ALL BARANGAYS,ALL LOTS,,A26,Agricultural - A26,6.0
raw,"RDO No. 72 - Roxas City, Capiz is composed of the following City and Munic",,,,,OF SIGMA,ALL BARANGAYS,ALL LOTS,,A36,Agricultural - A36,4.0
raw,"RDO No. 72 - Roxas City, Capiz is composed of the following City and Munic",,,,,OF SIGMA,ALL BARANGAYS,ALL LOTS,,A50,Agricultural - A50,4.0
raw,"RDO No. 72 - Roxas City, Capiz is composed of the following City and Munic",,,,,OF SIGMA,POBLACION,ALL OTHER LOTS,WITHIN POBLACION,RR,Residential - Regular,175.0
raw,"RDO No. 72 - Roxas City, Capiz is composed of the following City and Munic",,,,,OF SIGMA,POBLACION,ALL OTHER LOTS,INTERIOR LOTS,RR,Residential - Regular,125.0
raw,"RDO No. 72 - Roxas City, Capiz is composed of the following City and Munic",,,,,OF SIGMA,POBLACION,ALL OTHER LOTS,POBLACION SUR,RR,Residential - Regular,125.0
raw,"RDO No. 72 - Roxas City, Capiz is composed of the following City and Munic",,,,,OF SIGMA,POBLACION,ALL OTHER LOTS,POBLACION SUR,GP,General Purpose,50.0
raw,"RDO No. 72 - Roxas City, Capiz is composed of the following City and Munic",,,,,OF SIGMA,POBLACION,ALL OTHER LOTS,POBLACION SUR,I,Industrial,400.0
raw,"RDO No. 72 - Roxas City, Capiz is composed of the following City and Munic",,,,,OF SIGMA,POBLACION,ALL OTHER LOTS,WITHIN POBLACION,RR,Residential - Regular,120.0
raw,"RDO No. 72 - Roxas City, Capiz is composed of the following City and Munic",,,,,OF SIGMA,POBLACION,ALL OTHER LOTS,POBLACION SUR,RR,Residential - Regular,90.0
raw,"RDO No. 72 - Roxas City, Capiz is composed of the following City and Munic",,,,,OF SIGMA,POBLACION,ALL OTHER LOTS,POBLACION SUR,A1,Agricultural - A1,12.0
raw,"RDO No. 72 - Roxas City, Capiz is composed of the following City and Munic",,,,,OF SIGMA,POBLACION,ALL OTHER LOTS,POBLACION SUR,A2,Agricultural - A2,5.0
raw,"RDO No. 72 - Roxas City, Capiz is composed of the following City and Munic",,,,,OF SIGMA,POBLACION,ALL OTHER LOTS,POBLACION SUR,A5,Agricultural - A5,6.0
raw,"RDO No. 72 - Roxas City, Capiz is composed of the following City and Munic",,,,,OF SIGMA,POBLACION,HIGHWAY,PUBLIC MARKET AREA,RR,Residential - Regular,500.0
raw,"RDO No. 72 - Roxas City, Capiz is composed of the following City and Munic",,,,,OF SIGMA,POBLACION,HIGHWAY,PUBLIC MARKET AREA,CR,Commercial - Regular,500.0
raw,"RDO No. 72 - Roxas City, Capiz is composed of the following City and Munic",,,,,OF SIGMA,POBLACION,JUARE,FRONT OF MUN. PLAZA,RR,Residential - Regular,375.0
raw,"RDO No. 72 - Roxas City, Capiz is composed of the following City and Munic",,,,,OF SIGMA,POBLACION,JUARE,FRONT OF MUN. PLAZA,RR,Residential - Regular,120.0
raw,"RDO No. 72 - Roxas City, Capiz is composed of the following City and Munic",,,,,OF SIGMA,POBLACION,NATIONAL ROAD,FRONT OF MUN. PLAZA,RR,Residential - Regular,325.0
raw,"RDO No. 72 - Roxas City, Capiz is composed of the following City and Munic",,,,,OF SIGMA,POBLACION,NATIONAL ROAD,FRONT OF MUN. PLAZA,RR,Residential - Regular,240.0
raw,"RDO No. 72 - Roxas City, Capiz is composed of the following City and Munic",,,,,OF SIGMA,POBLACION,PENSARAN,FRONT OF MUN. PLAZA,RR,Residential - Regular,375.0
raw,"RDO No. 72 - Roxas City, Capiz is composed of the following City and Munic",,,,,OF SIGMA,POBLACION,PENSARAN,FRONT OF MUN. PLAZA,RR,Residential - Regular,120.0
raw,"RDO No. 72 - Roxas City, Capiz is composed of the following City and Munic",,,,,OF SIGMA,POBLACION,PENSARAN EXT,FRONT OF MUN. PLAZA,RR,Residential - Regular,300.0
raw,"RDO No. 72 - Roxas City, Capiz is composed of the following City and Munic",,,,,OF SIGMA,POBLACION,PENSARAN EXT,FRONT OF MUN. PLAZA,RR,Residential - Regular,200.0
raw,"RDO No. 72 - Roxas City, Capiz is composed of the following City and Munic",,,,,OF SIGMA,POBLACION,R.L.,WITHIN POB. NORTE,A2,Agricultural - A2,12.0
raw,"RDO No. 72 - Roxas City, Capiz is composed of the following City and Munic",,,,,OF SIGMA,POBLACION,R.L.,WITHIN POB. NORTE,A5,Agricultural - A5,9.0
raw,"RDO No. 72 - Roxas City, Capiz is composed of the following City and Munic",,,,,OF SIGMA,POBLACION,R.L.,WITHIN POBLACION NORTE,A2,Agricultural - A2,5.0
raw,"RDO No. 72 - Roxas City, Capiz is composed of the following City and Munic",,,,,OF SIGMA,POBLACION,R.L.,WITHIN POBLACION NORTE,A5,Agricultural - A5,6.0
raw,"RDO No. 72 - Roxas City, Capiz is composed of the following City and Munic",,,,,OF SIGMA,POBLACION,R.L. 1KM. RADIUS,FRONT MUNICIPAL HALL,A50,Agricultural - A50,16.0
raw,"RDO No. 72 - Roxas City, Capiz is composed of the following City and Munic",,,,,OF SIGMA,POBLACION,R.L. 1KM. RADIUS,FRONT MUNICIPAL HALL,A,Agricultural,12.0
raw,"RDO No. 72 - Roxas City, Capiz is composed of the following City and Munic",,,,,OF SIGMA,POBLACION,R.L. OVER 1 KM,FRONT MUNICIPAL HALL,X,Special / Other,125.0
raw,"RDO No. 72 - Roxas City, Capiz is composed of the following City and Munic",,,,,OF SIGMA,POBLACION,R.L. OVER 1 KM,FRONT MUNICIPAL HALL,X,Special / Other,10.0
raw,"RDO No. 72 - Roxas City, Capiz is composed of the following City and Munic",,,,,OF SIGMA,POBLACION,STO. NINO,FRONT OF SIGMA ELEM.,RR,Residential - Regular,300.0
raw,"RDO No. 72 - Roxas City, Capiz is composed of the following City and Munic",,,,,OF SIGMA,POBLACION,STO. NINO,FRONT OF SIGMA ELEM.,RR,Residential - Regular,120.0
raw,"RDO No. 72 - Roxas City, Capiz is composed of the following City and Munic",,,,,OF SIGMA,POBLACION,VILLANOY,FRONT OF SIGMA ELEM.,RR,Residential - Regular,300.0
raw,"RDO No. 72 - Roxas City, Capiz is composed of the following City and Munic",,,,,OF SIGMA,POBLACION,VILLANOY,FRONT OF SIGMA ELEM.,RR,Residential - Regular,120.0
raw,"RDO No. 72 - Roxas City, Capiz is composed of the following City and Munic",,,,,OF SIGMA,"S:     ACBO, AMAGA, BALUCUAN, BANGONBANGON, CAPUYHAN, COGON, DAYHAGON,",ALL LOTS,,RR,Residential - Regular,50.0
raw,"RDO No. 72 - Roxas City, Capiz is composed of the following City and Munic",,,,,OF SIGMA,"S:     ACBO, AMAGA, BALUCUAN, BANGONBANGON, CAPUYHAN, COGON, DAYHAGON,",ALL LOTS,INTERIOR LOTS,RR,Residential - Regular,30.0
raw,"RDO No. 72 - Roxas City, Capiz is composed of the following City and Munic",,,,,OF TAPAZ,ALL BARANGAYS,,,A1,Agricultural - A1,13.0
raw,"RDO No. 72 - Roxas City, Capiz is composed of the following City and Munic",,,,,OF TAPAZ,ALL BARANGAYS,,,A2,Agricultural - A2,10.0
raw,"RDO No. 72 - Roxas City, Capiz is composed of the following City and Munic",,,,,OF TAPAZ,ALL BARANGAYS,,,A3,Agricultural - A3,9.0
raw,"RDO No. 72 - Roxas City, Capiz is composed of the following City and Munic",,,,,OF TAPAZ,ALL BARANGAYS,,,A4,Agricultural - A4,6.0
raw,"RDO No. 72 - Roxas City, Capiz is composed of the following City and Munic",,,,,OF TAPAZ,ALL BARANGAYS,,,A10,Agricultural - A10,6.0
raw,"RDO No. 72 - Roxas City, Capiz is composed of the following City and Munic",,,,,OF TAPAZ,ALL BARANGAYS,,,A12,Agricultural - A12,5.0
raw,"RDO No. 72 - Roxas City, Capiz is composed of the following City and Munic",,,,,OF TAPAZ,ALL BARANGAYS,,,A15,Agricultural - A15,5.0
raw,"RDO No. 72 - Roxas City, Capiz is composed of the following City and Munic",,,,,OF TAPAZ,ALL BARANGAYS,,,A16,Agricultural - A16,7.0
raw,"RDO No. 72 - Roxas City, Capiz is composed of the following City and Munic",,,,,OF TAPAZ,ALL BARANGAYS,,,A17,Agricultural - A17,9.0
raw,"RDO No. 72 - Roxas City, Capiz is composed of the following City and Munic",,,,,OF TAPAZ,ALL BARANGAYS,,,A26,Agricultural - A26,6.0
raw,"RDO No. 72 - Roxas City, Capiz is composed of the following City and Munic",,,,,OF TAPAZ,ALL BARANGAYS,,,A36,Agricultural - A36,5.0
raw,"RDO No. 72 - Roxas City, Capiz is composed of the following City and Munic",,,,,OF TAPAZ,ALL BARANGAYS,,,A50,Agricultural - A50,3.0
raw,"RDO No. 72 - Roxas City, Capiz is composed of the following City and Munic",,,,,OF TAPAZ,POBLACION,ALL OTHER LOTS,RD.MORE THAN 1KM. FR. POB.,RR,Residential - Regular,90.0
raw,"RDO No. 72 - Roxas City, Capiz is composed of the following City and Munic",,,,,OF TAPAZ,POBLACION,ALL OTHER LOTS,ROAD W/IN 1KM. FR. POB.,RR,Residential - Regular,90.0
raw,"RDO No. 72 - Roxas City, Capiz is composed of the following City and Munic",,,,,OF TAPAZ,POBLACION,ALL OTHER LOTS,WITHIN 10 KM. FROM TRADING CENTER,I,Industrial,110.0
raw,"RDO No. 72 - Roxas City, Capiz is composed of the following City and Munic",,,,,OF TAPAZ,POBLACION,ALL WEATHER ROAD,WITHIN 10 KM. FROM TRADING CENTER,RR,Residential - Regular,75.0
raw,"RDO No. 72 - Roxas City, Capiz is composed of the following City and Munic",,,,,OF TAPAZ,POBLACION,ALL WEATHER ROAD,INTERIOR LOTS,RR,Residential - Regular,30.0
raw,"RDO No. 72 - Roxas City, Capiz is composed of the following City and Munic",,,,,OF TAPAZ,POBLACION,BONIFACIO,VILLAREAL - BRIDGE VILLAREAL,RR,Residential - Regular,120.0
raw,"RDO No. 72 - Roxas City, Capiz is composed of the following City and Munic",,,,,OF TAPAZ,POBLACION,BONIFACIO,ROOSEVELT - BONIFACIO,RR,Residential - Regular,120.0
raw,"RDO No. 72 - Roxas City, Capiz is composed of the following City and Munic",,,,,OF TAPAZ,POBLACION,BONIFACIO,VILLAREAL - BRIDGE VILLAREAL,RR,Residential - Regular,90.0
raw,"RDO No. 72 - Roxas City, Capiz is composed of the following City and Munic",,,,,OF TAPAZ,POBLACION,BONIFACIO,ROOSEVELT - BONIFACIO,RR,Residential - Regular,90.0
raw,"RDO No. 72 - Roxas City, Capiz is composed of the following City and Munic",,,,,OF TAPAZ,POBLACION,BURGOS(PURGOS),CORNER SAN GERONIMO,CR,Commercial - Regular,225.0
raw,"RDO No. 72 - Roxas City, Capiz is composed of the following City and Munic",,,,,OF TAPAZ,POBLACION,BURGOS(PURGOS),CORNER ROOSEVELT,RR,Residential - Regular,120.0
raw,"RDO No. 72 - Roxas City, Capiz is composed of the following City and Munic",,,,,OF TAPAZ,POBLACION,BURGOS(PURGOS),GERONIMO - GOMEZ,RR,Residential - Regular,120.0
raw,"RDO No. 72 - Roxas City, Capiz is composed of the following City and Munic",,,,,OF TAPAZ,POBLACION,LOTS,ROAD MORE THAN 1KM. FROM POBLACION,RR,Residential - Regular,50.0
raw,"RDO No. 72 - Roxas City, Capiz is composed of the following City and Munic",,,,,OF TAPAZ,POBLACION,LOTS,ROAD W/IN 1KM. FROM  POBLACION,RR,Residential - Regular,60.0
raw,"RDO No. 72 - Roxas City, Capiz is composed of the following City and Munic",,,,,OF TAPAZ,POBLACION,PURGOS,CORNER SAN GERONIMO,CR,Commercial - Regular,120.0
raw,"RDO No. 72 - Roxas City, Capiz is composed of the following City and Munic",,,,,OF TAPAZ,POBLACION,PURGOS,CORNER ROOSEVELT,RR,Residential - Regular,90.0
raw,"RDO No. 72 - Roxas City, Capiz is composed of the following City and Munic",,,,,OF TAPAZ,POBLACION,PURGOS,GERONIMO - GOMEZ,RR,Residential - Regular,90.0
raw,"RDO No. 72 - Roxas City, Capiz is composed of the following City and Munic",,,,,OF TAPAZ,POBLACION,ROOSEVELT,CORNER BONIFACIO,RR,Residential - Regular,120.0
raw,"RDO No. 72 - Roxas City, Capiz is composed of the following City and Munic",,,,,OF TAPAZ,POBLACION,ROOSEVELT,CORNER BONIFACIO,RR,Residential - Regular,90.0
raw,"RDO No. 72 - Roxas City, Capiz is composed of the following City and Munic",,,,,OF TAPAZ,POBLACION,ROXAS AVE.,CORNER BONIFACIO,RR,Residential - Regular,120.0
raw,"RDO No. 72 - Roxas City, Capiz is composed of the following City and Munic",,,,,OF TAPAZ,POBLACION,ROXAS AVE.,VILLAREAL - BRIDGE VILLAREAL,RR,Residential - Regular,120.0
raw,"RDO No. 72 - Roxas City, Capiz is composed of the following City and Munic",,,,,OF TAPAZ,POBLACION,ROXAS AVE.,CORNER BONIFACIO,RR,Residential - Regular,90.0
raw,"RDO No. 72 - Roxas City, Capiz is composed of the following City and Munic",,,,,OF TAPAZ,POBLACION,ROXAS AVE.,VILLAREAL - BRIDGE VILLAREAL,RR,Residential - Regular,80.0
raw,"RDO No. 72 - Roxas City, Capiz is composed of the following City and Munic",,,,,OF TAPAZ,POBLACION,ZAMORA,VILLAREAL - BRIDGE VILLAREAL,RR,Residential - Regular,120.0
raw,"RDO No. 72 - Roxas City, Capiz is composed of the following City and Munic",,,,,OF TAPAZ,POBLACION,ZAMORA,ROOSEVELT - BONIFACIO,RR,Residential - Regular,120.0
raw,"RDO No. 72 - Roxas City, Capiz is composed of the following City and Munic",,,,,OF TAPAZ,POBLACION,ZAMORA,VILLAREAL - BRIDGE VILLAREAL,RR,Residential - Regular,90.0
raw,"RDO No. 72 - Roxas City, Capiz is composed of the following City and Munic",,,,,OF TAPAZ,POBLACION,ZAMORA,ROOSEVELT - BONIFACIO,RR,Residential - Regular,90.0
raw,"RDO No. 72 - Roxas City, Capiz is composed of the following City and Munic",,,,,OF TAPAZ,"S:    ABANGAY, ACUNA, AGCOCOO, AGLINAB, AGLUPACAN, AGPALALI,",ALL LOTS,,RR,Residential - Regular,55.0
raw,"RDO No. 72 - Roxas City, Capiz is composed of the following City and Munic",,,2ND,:   CAPIZ,PANAY,"AGBALO, BAHIT, BAGO CHIQUITO,",ALL LOTS,,RR,Residential - Regular,200.0
raw,"RDO No. 72 - Roxas City, Capiz is composed of the following City and Munic",025-2021,"October 31, 2021",3RD,:   CAPIZ,PANAY,"AGBALO, BAHIT, BAGO CHIQUITO, BAGO GRANDE, CABUGAO ESTE, CABUGAO OEST",ALL LOTS,,RR,Residential - Regular,510.0
raw,"RDO No. 72 - Roxas City, Capiz is composed of the following City and Munic",025-2021,"October 31, 2021",3RD,:   CAPIZ,PANAY,"AGBANBAN, AGOJO, BAGACAY, BANTIGUE, BINANGIG,BINANTUAN, BUNTOD",ALL LOTS,,RR,Residential - Regular,400.0
raw,"RDO No. 72 - Roxas City, Capiz is composed of the following City and Munic",025-2021,"October 31, 2021",3RD,:   CAPIZ,PANAY,"AGBANBAN, AGOJO, BAGACAY, BANTIGUE, BINANGIG,BINANTUAN, BUNTOD",ALL LOTS,INTERIOR LOTS,RR,Residential - Regular,400.0
raw,"RDO No. 72 - Roxas City, Capiz is composed of the following City and Munic",025-2021,"October 31, 2021",3RD,:   CAPIZ,PANAY,"AGBANBAN, AGOJO, BAGACAY, BANTIGUE, BINANGIG,BINANTUAN, BUNTOD",ALL LOTS,INTERIOR LOTS,I,Industrial,965.0
raw,"RDO No. 72 - Roxas City, Capiz is composed of the following City and Munic",,,2ND,:   CAPIZ,PANAY,"AGBANBAN, AGOJO, BAGACAY, BANTIGUE, BINANGIG,BINANTUAN, BUNTOD",ALL LOTS,,RR,Residential - Regular,200.0
raw,"RDO No. 72 - Roxas City, Capiz is composed of the following City and Munic",025-2021,"October 31, 2021",3RD,:   CAPIZ,PANAY,ALL BARANGAYS (AGRICULTURAL LAND),ALL LOTS,,A1,Agricultural - A1,60.0
raw,"RDO No. 72 - Roxas City, Capiz is composed of the following City and Munic",025-2021,"October 31, 2021",3RD,:   CAPIZ,PANAY,ALL BARANGAYS (AGRICULTURAL LAND),ALL LOTS,,A2,Agricultural - A2,50.0
raw,"RDO No. 72 - Roxas City, Capiz is composed of the following City and Munic",025-2021,"October 31, 2021",3RD,:   CAPIZ,PANAY,ALL BARANGAYS (AGRICULTURAL LAND),ALL LOTS,,A3,Agricultural - A3,30.0
raw,"RDO No. 72 - Roxas City, Capiz is composed of the following City and Munic",025-2021,"October 31, 2021",3RD,:   CAPIZ,PANAY,ALL BARANGAYS (AGRICULTURAL LAND),ALL LOTS,,A4,Agricultural - A4,30.0
raw,"RDO No. 72 - Roxas City, Capiz is composed of the following City and Munic",025-2021,"October 31, 2021",3RD,:   CAPIZ,PANAY,ALL BARANGAYS (AGRICULTURAL LAND),ALL LOTS,,A6,Agricultural - A6,70.0
raw,"RDO No. 72 - Roxas City, Capiz is composed of the following City and Munic",025-2021,"October 31, 2021",3RD,:   CAPIZ,PANAY,ALL BARANGAYS (AGRICULTURAL LAND),ALL LOTS,,A7,Agricultural - A7,30.0
raw,"RDO No. 72 - Roxas City, Capiz is composed of the following City and Munic",025-2021,"October 31, 2021",3RD,:   CAPIZ,PANAY,ALL BARANGAYS (AGRICULTURAL LAND),ALL LOTS,,A8,Agricultural - A8,30.0
raw,"RDO No. 72 - Roxas City, Capiz is composed of the following City and Munic",025-2021,"October 31, 2021",3RD,:   CAPIZ,PANAY,ALL BARANGAYS (AGRICULTURAL LAND),ALL LOTS,,A10,Agricultural - A10,50.0
raw,"RDO No. 72 - Roxas City, Capiz is composed of the following City and Munic",025-2021,"October 31, 2021",3RD,:   CAPIZ,PANAY,ALL BARANGAYS (AGRICULTURAL LAND),ALL LOTS,,A12,Agricultural - A12,30.0
raw,"RDO No. 72 - Roxas City, Capiz is composed of the following City and Munic",025-2021,"October 31, 2021",3RD,:   CAPIZ,PANAY,ALL BARANGAYS (AGRICULTURAL LAND),ALL LOTS,,A15,Agricultural - A15,30.0
raw,"RDO No. 72 - Roxas City, Capiz is composed of the following City and Munic",025-2021,"October 31, 2021",3RD,:   CAPIZ,PANAY,ALL BARANGAYS (AGRICULTURAL LAND),ALL LOTS,,A16,Agricultural - A16,30.0
raw,"RDO No. 72 - Roxas City, Capiz is composed of the following City and Munic",025-2021,"October 31, 2021",3RD,:   CAPIZ,PANAY,ALL BARANGAYS (AGRICULTURAL LAND),ALL LOTS,,A17,Agricultural - A17,50.0
raw,"RDO No. 72 - Roxas City, Capiz is composed of the following City and Munic",025-2021,"October 31, 2021",3RD,:   CAPIZ,PANAY,ALL BARANGAYS (AGRICULTURAL LAND),ALL LOTS,,A26,Agricultural - A26,30.0
raw,"RDO No. 72 - Roxas City, Capiz is composed of the following City and Munic",025-2021,"October 31, 2021",3RD,:   CAPIZ,PANAY,ALL BARANGAYS (AGRICULTURAL LAND),ALL LOTS,,A36,Agricultural - A36,20.0
raw,"RDO No. 72 - Roxas City, Capiz is composed of the following City and Munic",025-2021,"October 31, 2021",3RD,:   CAPIZ,PANAY,ALL BARANGAYS (AGRICULTURAL LAND),ALL LOTS,,A50,Agricultural - A50,20.0
raw,"RDO No. 72 - Roxas City, Capiz is composed of the following City and Munic",,,2ND,:   CAPIZ,PANAY,ALL BARANGAYS (AGRICULTURAL LAND),ALL LOTS,,A1,Agricultural - A1,30.0
raw,"RDO No. 72 - Roxas City, Capiz is composed of the following City and Munic",,,2ND,:   CAPIZ,PANAY,ALL BARANGAYS (AGRICULTURAL LAND),ALL LOTS,,A2,Agricultural - A2,23.0
raw,"RDO No. 72 - Roxas City, Capiz is composed of the following City and Munic",,,2ND,:   CAPIZ,PANAY,ALL BARANGAYS (AGRICULTURAL LAND),ALL LOTS,,A3,Agricultural - A3,15.0
raw,"RDO No. 72 - Roxas City, Capiz is composed of the following City and Munic",,,2ND,:   CAPIZ,PANAY,ALL BARANGAYS (AGRICULTURAL LAND),ALL LOTS,,A4,Agricultural - A4,15.0
raw,"RDO No. 72 - Roxas City, Capiz is composed of the following City and Munic",,,2ND,:   CAPIZ,PANAY,ALL BARANGAYS (AGRICULTURAL LAND),ALL LOTS,,A6,Agricultural - A6,37.0
raw,"RDO No. 72 - Roxas City, Capiz is composed of the following City and Munic",,,2ND,:   CAPIZ,PANAY,ALL BARANGAYS (AGRICULTURAL LAND),ALL LOTS,,A7,Agricultural - A7,12.5
raw,"RDO No. 72 - Roxas City, Capiz is composed of the following City and Munic",,,2ND,:   CAPIZ,PANAY,ALL BARANGAYS (AGRICULTURAL LAND),ALL LOTS,,A8,Agricultural - A8,17.5
raw,"RDO No. 72 - Roxas City, Capiz is composed of the following City and Munic",,,2ND,:   CAPIZ,PANAY,ALL BARANGAYS (AGRICULTURAL LAND),ALL LOTS,,A10,Agricultural - A10,12.0
raw,"RDO No. 72 - Roxas City, Capiz is composed of the following City and Munic",,,2ND,:   CAPIZ,PANAY,ALL BARANGAYS (AGRICULTURAL LAND),ALL LOTS,,A12,Agricultural - A12,15.0
raw,"RDO No. 72 - Roxas City, Capiz is composed of the following City and Munic",,,2ND,:   CAPIZ,PANAY,ALL BARANGAYS (AGRICULTURAL LAND),ALL LOTS,,A15,Agricultural - A15,12.0
raw,"RDO No. 72 - Roxas City, Capiz is composed of the following City and Munic",,,2ND,:   CAPIZ,PANAY,ALL BARANGAYS (AGRICULTURAL LAND),ALL LOTS,,A16,Agricultural - A16,14.0
raw,"RDO No. 72 - Roxas City, Capiz is composed of the following City and Munic",,,2ND,:   CAPIZ,PANAY,ALL BARANGAYS (AGRICULTURAL LAND),ALL LOTS,,A17,Agricultural - A17,23.0
raw,"RDO No. 72 - Roxas City, Capiz is composed of the following City and Munic",,,2ND,:   CAPIZ,PANAY,ALL BARANGAYS (AGRICULTURAL LAND),ALL LOTS,,A26,Agricultural - A26,14.0
raw,"RDO No. 72 - Roxas City, Capiz is composed of the following City and Munic",,,2ND,:   CAPIZ,PANAY,ALL BARANGAYS (AGRICULTURAL LAND),ALL LOTS,,A36,Agricultural - A36,10.0
raw,"RDO No. 72 - Roxas City, Capiz is composed of the following City and Munic",,,2ND,:   CAPIZ,PANAY,ALL BARANGAYS (AGRICULTURAL LAND),ALL LOTS,,A50,Agricultural - A50,11.0
raw,"RDO No. 72 - Roxas City, Capiz is composed of the following City and Munic",025-2021,"October 31, 2021",3RD,:   CAPIZ,PANAY,"ANHAWON, BATO, BONGA, CALITAN, LINATERAN",ALL LOTS,,RR,Residential - Regular,350.0
raw,"RDO No. 72 - Roxas City, Capiz is composed of the following City and Munic",,,2ND,:   CAPIZ,PANAY,"ANHAWON, BATO, BONGA, CALITAN, LINATERAN",ALL LOTS,,RR,Residential - Regular,200.0
raw,"RDO No. 72 - Roxas City, Capiz is composed of the following City and Munic",025-2021,"October 31, 2021",3RD,:   CAPIZ,PANAY,"BUTACAL, JAMUL-AWON, LANIPGA, LAT-ASAN, MAGUBILAN",ALL LOTS,,RR,Residential - Regular,400.0
raw,"RDO No. 72 - Roxas City, Capiz is composed of the following City and Munic",025-2021,"October 31, 2021",3RD,:   CAPIZ,PANAY,"BUTACAL, JAMUL-AWON, LANIPGA, LAT-ASAN, MAGUBILAN",ALL LOTS,INTERIOR LOTS,RR,Residential - Regular,400.0
raw,"RDO No. 72 - Roxas City, Capiz is composed of the following City and Munic",025-2021,"October 31, 2021",3RD,:   CAPIZ,PANAY,"BUTACAL, JAMUL-AWON, LANIPGA, LAT-ASAN, MAGUBILAN",ALL LOTS,INTERIOR LOTS,I,Industrial,965.0
raw,"RDO No. 72 - Roxas City, Capiz is composed of the following City and Munic",,,2ND,:   CAPIZ,PANAY,"BUTACAL, JAMUL-AWON, LANIPGA, LAT-ASAN, MAGUBILAN",ALL LOTS,,RR,Residential - Regular,200.0
raw,"RDO No. 72 - Roxas City, Capiz is composed of the following City and Munic",,,2ND,:   CAPIZ,PANAY,"CALAPAWAN, CANDUAL, COGON, DAGA,",ALL LOTS,,RR,Residential - Regular,200.0
raw,"RDO No. 72 - Roxas City, Capiz is composed of the following City and Munic",025-2021,"October 31, 2021",3RD,:   CAPIZ,PANAY,"CALAPAWAN, CANDUAL, COGON, DAGA, ILAMNAY, LIBON, LINAO, LOMBOY, LUS-ONAN",ALL LOTS,,RR,Residential - Regular,330.0
raw,"RDO No. 72 - Roxas City, Capiz is composed of the following City and Munic",025-2021,"October 31, 2021",3RD,:   CAPIZ,PANAY,"PAWA, PILI, TANZA NORTE, TANZA SUR,TICO",ALL LOTS,,RR,Residential - Regular,400.0
raw,"RDO No. 72 - Roxas City, Capiz is composed of the following City and Munic",,,2ND,:   CAPIZ,PANAY,"PAWA, PILI, TANZA NORTE, TANZA SUR,TICO",ALL LOTS,,RR,Residential - Regular,200.0
raw,"RDO No. 72 - Roxas City, Capiz is composed of the following City and Munic",025-2021,"October 31, 2021",3RD,:   CAPIZ,PANAY,"POBLACION TABUC, ILAYA, ILAWOD",AGUINALDO ST,WASHINGTON-LAKANDULA,RR,Residential - Regular,990.0
raw,"RDO No. 72 - Roxas City, Capiz is composed of the following City and Munic",025-2021,"October 31, 2021",3RD,:   CAPIZ,PANAY,"POBLACION TABUC, ILAYA, ILAWOD",BALNCO ST (Bonifacio St.),,CR,Commercial - Regular,1160.0
raw,"RDO No. 72 - Roxas City, Capiz is composed of the following City and Munic",025-2021,"October 31, 2021",3RD,:   CAPIZ,PANAY,"POBLACION TABUC, ILAYA, ILAWOD",BALNCO ST (Bonifacio St.),,RR,Residential - Regular,1080.0
raw,"RDO No. 72 - Roxas City, Capiz is composed of the following City and Munic",025-2021,"October 31, 2021",3RD,:   CAPIZ,PANAY,"POBLACION TABUC, ILAYA, ILAWOD",BURGOS ST,WASHINGTON-LAKANDULA,CR,Commercial - Regular,1160.0
raw,"RDO No. 72 - Roxas City, Capiz is composed of the following City and Munic",025-2021,"October 31, 2021",3RD,:   CAPIZ,PANAY,"POBLACION TABUC, ILAYA, ILAWOD",BURGOS ST,WASHINGTON-LAKANDULA,RR,Residential - Regular,1080.0
raw,"RDO No. 72 - Roxas City, Capiz is composed of the following City and Munic",025-2021,"October 31, 2021",3RD,:   CAPIZ,PANAY,"POBLACION TABUC, ILAYA, ILAWOD",DOS DE MAYO ST,,RR,Residential - Regular,1080.0
raw,"RDO No. 72 - Roxas City, Capiz is composed of the following City and Munic",025-2021,"October 31, 2021",3RD,:   CAPIZ,PANAY,"POBLACION TABUC, ILAYA, ILAWOD",LAKANDULA ST,,RR,Residential - Regular,1080.0
raw,"RDO No. 72 - Roxas City, Capiz is composed of the following City and Munic",025-2021,"October 31, 2021",3RD,:   CAPIZ,PANAY,"POBLACION TABUC, ILAYA, ILAWOD",LOPEZ JAENA ST,WASHINGTON-LAKANDULA,RR,Residential - Regular,990.0
raw,"RDO No. 72 - Roxas City, Capiz is composed of the following City and Munic",025-2021,"October 31, 2021",3RD,:   CAPIZ,PANAY,"POBLACION TABUC, ILAYA, ILAWOD",MABINI ST,,RR,Residential - Regular,1080.0
raw,"RDO No. 72 - Roxas City, Capiz is composed of the following City and Munic",025-2021,"October 31, 2021",3RD,:   CAPIZ,PANAY,"POBLACION TABUC, ILAYA, ILAWOD",MARTINEZ ST,WASHINGTON-LAKANDULA,RR,Residential - Regular,990.0
raw,"RDO No. 72 - Roxas City, Capiz is composed of the following City and Munic",025-2021,"October 31, 2021",3RD,:   CAPIZ,PANAY,"POBLACION TABUC, ILAYA, ILAWOD",MARTINEZ ST,WASHINGTON-LAKANDULA,CR,Commercial - Regular,1160.0
raw,"RDO No. 72 - Roxas City, Capiz is composed of the following City and Munic",025-2021,"October 31, 2021",3RD,:   CAPIZ,PANAY,"POBLACION TABUC, ILAYA, ILAWOD",NATIONAL ROAD,,RR,Residential - Regular,1080.0
raw,"RDO No. 72 - Roxas City, Capiz is composed of the following City and Munic",025-2021,"October 31, 2021",3RD,:   CAPIZ,PANAY,"POBLACION TABUC, ILAYA, ILAWOD",PRIVATE CEMETERY,,CR,Commercial - Regular,1160.0
raw,"RDO No. 72 - Roxas City, Capiz is composed of the following City and Munic",025-2021,"October 31, 2021",3RD,:   CAPIZ,PANAY,"POBLACION TABUC, ILAYA, ILAWOD",QUEZON ST,,RR,Residential - Regular,970.0
raw,"RDO No. 72 - Roxas City, Capiz is composed of the following City and Munic",025-2021,"October 31, 2021",3RD,:   CAPIZ,PANAY,"POBLACION TABUC, ILAYA, ILAWOD",REVOLUTION ST,LOPEZ ST-WASHINGTON ST,RR,Residential - Regular,1080.0
raw,"RDO No. 72 - Roxas City, Capiz is composed of the following City and Munic",025-2021,"October 31, 2021",3RD,:   CAPIZ,PANAY,"POBLACION TABUC, ILAYA, ILAWOD",REVOLUTION ST,LAKANDULA ST-MARTIREZ,RR,Residential - Regular,1080.0
raw,"RDO No. 72 - Roxas City, Capiz is composed of the following City and Munic",025-2021,"October 31, 2021",3RD,:   CAPIZ,PANAY,"POBLACION TABUC, ILAYA, ILAWOD",REVOLUTION ST,LAKANDULA ST-MARTIREZ,CR,Commercial - Regular,1160.0
raw,"RDO No. 72 - Roxas City, Capiz is composed of the following City and Munic",025-2021,"October 31, 2021",3RD,:   CAPIZ,PANAY,"POBLACION TABUC, ILAYA, ILAWOD",REVOLUTION ST,WASHINGTON-LAKANDULA,CR,Commercial - Regular,1160.0
raw,"RDO No. 72 - Roxas City, Capiz is composed of the following City and Munic",025-2021,"October 31, 2021",3RD,:   CAPIZ,PANAY,"POBLACION TABUC, ILAYA, ILAWOD",RIZAL ST,,RR,Residential - Regular,1080.0
raw,"RDO No. 72 - Roxas City, Capiz is composed of the following City and Munic",025-2021,"October 31, 2021",3RD,:   CAPIZ,PANAY,"POBLACION TABUC, ILAYA, ILAWOD",ROAD FRONTING PUBLIC MARKET,,CR,Commercial - Regular,1400.0
raw,"RDO No. 72 - Roxas City, Capiz is composed of the following City and Munic",025-2021,"October 31, 2021",3RD,:   CAPIZ,PANAY,"POBLACION TABUC, ILAYA, ILAWOD",ROOSEBELT ST,WASHINGTON-LAKANDULA,RR,Residential - Regular,990.0
raw,"RDO No. 72 - Roxas City, Capiz is composed of the following City and Munic",025-2021,"October 31, 2021",3RD,:   CAPIZ,PANAY,"POBLACION TABUC, ILAYA, ILAWOD",ROXAS ST,WASHINGTON-LAKANDULA,RR,Residential - Regular,990.0
raw,"RDO No. 72 - Roxas City, Capiz is composed of the following City and Munic",025-2021,"October 31, 2021",3RD,:   CAPIZ,PANAY,"POBLACION TABUC, ILAYA, ILAWOD",TAFT ST,WASHINGTON-LAKANDULA,RR,Residential - Regular,990.0
raw,"RDO No. 72 - Roxas City, Capiz is composed of the following City and Munic",025-2021,"October 31, 2021",3RD,:   CAPIZ,PANAY,"POBLACION TABUC, ILAYA, ILAWOD",WASHINGTON ST,,RR,Residential - Regular,1080.0
raw,"RDO No. 72 - Roxas City, Capiz is composed of the following City and Munic",,,2ND,:   CAPIZ,PANAY,"POBLACION, TABUC, ILAYA, ILAWOD",AGUINALDO ST,WASHINGTON-LAKANDULA,RR,Residential - Regular,480.0
raw,"RDO No. 72 - Roxas City, Capiz is composed of the following City and Munic",,,2ND,:   CAPIZ,PANAY,"POBLACION, TABUC, ILAYA, ILAWOD",BALNCO ST (Bonifacio St.),,CR,Commercial - Regular,750.0
raw,"RDO No. 72 - Roxas City, Capiz is composed of the following City and Munic",,,2ND,:   CAPIZ,PANAY,"POBLACION, TABUC, ILAYA, ILAWOD",BALNCO ST (Bonifacio St.),,RR,Residential - Regular,550.0
raw,"RDO No. 72 - Roxas City, Capiz is composed of the following City and Munic",,,2ND,:   CAPIZ,PANAY,"POBLACION, TABUC, ILAYA, ILAWOD",BURGOS ST,WASHINGTON-LAKANDULA,CR,Commercial - Regular,650.0
raw,"RDO No. 72 - Roxas City, Capiz is composed of the following City and Munic",,,2ND,:   CAPIZ,PANAY,"POBLACION, TABUC, ILAYA, ILAWOD",BURGOS ST,WASHINGTON-LAKANDULA,RR,Residential - Regular,550.0
raw,"RDO No. 72 - Roxas City, Capiz is composed of the following City and Munic",,,2ND,:   CAPIZ,PANAY,"POBLACION, TABUC, ILAYA, ILAWOD",DOS DE MAYO ST,,RR,Residential - Regular,550.0
raw,"RDO No. 72 - Roxas City, Capiz is composed of the following City and Munic",,,2ND,:   CAPIZ,PANAY,"POBLACION, TABUC, ILAYA, ILAWOD",LAKANDULA ST,,RR,Residential - Regular,550.0
raw,"RDO No. 72 - Roxas City, Capiz is composed of the following City and Munic",,,2ND,:   CAPIZ,PANAY,"POBLACION, TABUC, ILAYA, ILAWOD",LOPEZ JAENA ST,WASHINGTON-LAKANDULA,RR,Residential - Regular,480.0
raw,"RDO No. 72 - Roxas City, Capiz is composed of the following City and Munic",,,2ND,:   CAPIZ,PANAY,"POBLACION, TABUC, ILAYA, ILAWOD",MABINI ST,,RR,Residential - Regular,550.0
raw,"RDO No. 72 - Roxas City, Capiz is composed of the following City and Munic",,,2ND,:   CAPIZ,PANAY,"POBLACION, TABUC, ILAYA, ILAWOD",MARTINEZ ST,WASHINGTON-LAKANDULA,RR,Residential - Regular,480.0
raw,"RDO No. 72 - Roxas City, Capiz is composed of the following City and Munic",,,2ND,:   CAPIZ,PANAY,"POBLACION, TABUC, ILAYA, ILAWOD",MARTINEZ ST,WASHINGTON-LAKANDULA,CR,Commercial - Regular,550.0
raw,"RDO No. 72 - Roxas City, Capiz is composed of the following City and Munic",,,2ND,:   CAPIZ,PANAY,"POBLACION, TABUC, ILAYA, ILAWOD",NATIONAL ROAD,,RR,Residential - Regular,550.0
raw,"RDO No. 72 - Roxas City, Capiz is composed of the following City and Munic",,,2ND,:   CAPIZ,PANAY,"POBLACION, TABUC, ILAYA, ILAWOD",PRIVATE CEMETERY,,CR,Commercial - Regular,900.0
raw,"RDO No. 72 - Roxas City, Capiz is composed of the following City and Munic",,,2ND,:   CAPIZ,PANAY,"POBLACION, TABUC, ILAYA, ILAWOD",QUEZON ST,,RR,Residential - Regular,460.0
raw,"RDO No. 72 - Roxas City, Capiz is composed of the following City and Munic",,,2ND,:   CAPIZ,PANAY,"POBLACION, TABUC, ILAYA, ILAWOD",REVOLUTION ST,LOPEZ ST-WASHINGTON ST,RR,Residential - Regular,550.0
raw,"RDO No. 72 - Roxas City, Capiz is composed of the following City and Munic",,,2ND,:   CAPIZ,PANAY,"POBLACION, TABUC, ILAYA, ILAWOD",REVOLUTION ST,LAKANDULA ST-MARTIREZ,RR,Residential - Regular,550.0
raw,"RDO No. 72 - Roxas City, Capiz is composed of the following City and Munic",,,2ND,:   CAPIZ,PANAY,"POBLACION, TABUC, ILAYA, ILAWOD",REVOLUTION ST,LAKANDULA ST-MARTIREZ,CR,Commercial - Regular,700.0
raw,"RDO No. 72 - Roxas City, Capiz is composed of the following City and Munic",,,2ND,:   CAPIZ,PANAY,"POBLACION, TABUC, ILAYA, ILAWOD",REVOLUTION ST,WASHINGTON-LAKANDULA,CR,Commercial - Regular,700.0
raw,"RDO No. 72 - Roxas City, Capiz is composed of the following City and Munic",,,2ND,:   CAPIZ,PANAY,"POBLACION, TABUC, ILAYA, ILAWOD",RIZAL ST,,RR,Residential - Regular,550.0
raw,"RDO No. 72 - Roxas City, Capiz is composed of the following City and Munic",,,2ND,:   CAPIZ,PANAY,"POBLACION, TABUC, ILAYA, ILAWOD",ROAD FRONTING PUBLIC MARKET,,CR,Commercial - Regular,750.0
raw,"RDO No. 72 - Roxas City, Capiz is composed of the following City and Munic",,,2ND,:   CAPIZ,PANAY,"POBLACION, TABUC, ILAYA, ILAWOD",ROOSEBELT ST,WASHINGTON-LAKANDULA,RR,Residential - Regular,480.0
raw,"RDO No. 72 - Roxas City, Capiz is composed of the following City and Munic",,,2ND,:   CAPIZ,PANAY,"POBLACION, TABUC, ILAYA, ILAWOD",ROXAS ST,WASHINGTON-LAKANDULA,RR,Residential - Regular,480.0
raw,"RDO No. 72 - Roxas City, Capiz is composed of the following City and Munic",,,2ND,:   CAPIZ,PANAY,"POBLACION, TABUC, ILAYA, ILAWOD",TAFT ST,WASHINGTON-LAKANDULA,RR,Residential - Regular,480.0
raw,"RDO No. 72 - Roxas City, Capiz is composed of the following City and Munic",,,2ND,:   CAPIZ,PANAY,"POBLACION, TABUC, ILAYA, ILAWOD",WASHINGTON ST,,RR,Residential - Regular,550.0
raw,"RDO No. 72 - Roxas City, Capiz is composed of the following City and Munic",025-2021,"October 31, 2021",3RD,:   CAPIZ,PANITAN,"AGBABADIANG, AGKILO, AGLOWAY, AMBILAY",ALL LOTS,,RR,Residential - Regular,260.0
raw,"RDO No. 72 - Roxas City, Capiz is composed of the following City and Munic",025-2021,"October 31, 2021",3RD,:   CAPIZ,PANITAN,"AGBABADIANG, AGKILO, AGLOWAY, AMBILAY",ALL LOTS,INTERIOR LOTS,RR,Residential - Regular,200.0
raw,"RDO No. 72 - Roxas City, Capiz is composed of the following City and Munic",,,2ND,:   CAPIZ,PANITAN,"AGBABADIANG, AGKILO, AGLOWAY, AMBILAY",ALL LOTS,,RR,Residential - Regular,165.0
raw,"RDO No. 72 - Roxas City, Capiz is composed of the following City and Munic",,,2ND,:   CAPIZ,PANITAN,"AGBABADIANG, AGKILO, AGLOWAY, AMBILAY",ALL LOTS,INTERIOR LOTS,RR,Residential - Regular,125.0
raw,"RDO No. 72 - Roxas City, Capiz is composed of the following City and Munic",025-2021,"October 31, 2021",3RD,:   CAPIZ,PANITAN,ALL BARANGAYS (ALL AGRICULTURAL LAND),ALL LOTS,,A1,Agricultural - A1,40.0
raw,"RDO No. 72 - Roxas City, Capiz is composed of the following City and Munic",025-2021,"October 31, 2021",3RD,:   CAPIZ,PANITAN,ALL BARANGAYS (ALL AGRICULTURAL LAND),ALL LOTS,,A2,Agricultural - A2,30.0
raw,"RDO No. 72 - Roxas City, Capiz is composed of the following City and Munic",025-2021,"October 31, 2021",3RD,:   CAPIZ,PANITAN,ALL BARANGAYS (ALL AGRICULTURAL LAND),ALL LOTS,,A3,Agricultural - A3,20.0
raw,"RDO No. 72 - Roxas City, Capiz is composed of the following City and Munic",025-2021,"October 31, 2021",3RD,:   CAPIZ,PANITAN,ALL BARANGAYS (ALL AGRICULTURAL LAND),ALL LOTS,,A4,Agricultural - A4,25.0
raw,"RDO No. 72 - Roxas City, Capiz is composed of the following City and Munic",025-2021,"October 31, 2021",3RD,:   CAPIZ,PANITAN,ALL BARANGAYS (ALL AGRICULTURAL LAND),ALL LOTS,,A7,Agricultural - A7,20.0
raw,"RDO No. 72 - Roxas City, Capiz is composed of the following City and Munic",025-2021,"October 31, 2021",3RD,:   CAPIZ,PANITAN,ALL BARANGAYS (ALL AGRICULTURAL LAND),ALL LOTS,,A10,Agricultural - A10,20.0
raw,"RDO No. 72 - Roxas City, Capiz is composed of the following City and Munic",025-2021,"October 31, 2021",3RD,:   CAPIZ,PANITAN,ALL BARANGAYS (ALL AGRICULTURAL LAND),ALL LOTS,,A12,Agricultural - A12,15.0
raw,"RDO No. 72 - Roxas City, Capiz is composed of the following City and Munic",025-2021,"October 31, 2021",3RD,:   CAPIZ,PANITAN,ALL BARANGAYS (ALL AGRICULTURAL LAND),ALL LOTS,,A14,Agricultural - A14,15.0
raw,"RDO No. 72 - Roxas City, Capiz is composed of the following City and Munic",025-2021,"October 31, 2021",3RD,:   CAPIZ,PANITAN,ALL BARANGAYS (ALL AGRICULTURAL LAND),ALL LOTS,,A15,Agricultural - A15,15.0
raw,"RDO No. 72 - Roxas City, Capiz is composed of the following City and Munic",025-2021,"October 31, 2021",3RD,:   CAPIZ,PANITAN,ALL BARANGAYS (ALL AGRICULTURAL LAND),ALL LOTS,,A16,Agricultural - A16,20.0
raw,"RDO No. 72 - Roxas City, Capiz is composed of the following City and Munic",025-2021,"October 31, 2021",3RD,:   CAPIZ,PANITAN,ALL BARANGAYS (ALL AGRICULTURAL LAND),ALL LOTS,,A17,Agricultural - A17,30.0
raw,"RDO No. 72 - Roxas City, Capiz is composed of the following City and Munic",025-2021,"October 31, 2021",3RD,:   CAPIZ,PANITAN,ALL BARANGAYS (ALL AGRICULTURAL LAND),ALL LOTS,,A26,Agricultural - A26,20.0
raw,"RDO No. 72 - Roxas City, Capiz is composed of the following City and Munic",025-2021,"October 31, 2021",3RD,:   CAPIZ,PANITAN,ALL BARANGAYS (ALL AGRICULTURAL LAND),ALL LOTS,,A36,Agricultural - A36,15.0
raw,"RDO No. 72 - Roxas City, Capiz is composed of the following City and Munic",025-2021,"October 31, 2021",3RD,:   CAPIZ,PANITAN,ALL BARANGAYS (ALL AGRICULTURAL LAND),ALL LOTS,,A49,Agricultural - A49,15.0
raw,"RDO No. 72 - Roxas City, Capiz is composed of the following City and Munic",025-2021,"October 31, 2021",3RD,:   CAPIZ,PANITAN,ALL BARANGAYS (ALL AGRICULTURAL LAND),ALL LOTS,,A50,Agricultural - A50,15.0
raw,"RDO No. 72 - Roxas City, Capiz is composed of the following City and Munic",,,2ND,:   CAPIZ,PANITAN,ALL BARANGAYS (ALL AGRICULTURAL LAND),ALL LOTS,,A1,Agricultural - A1,24.0
raw,"RDO No. 72 - Roxas City, Capiz is composed of the following City and Munic",,,2ND,:   CAPIZ,PANITAN,ALL BARANGAYS (ALL AGRICULTURAL LAND),ALL LOTS,,A2,Agricultural - A2,18.0
raw,"RDO No. 72 - Roxas City, Capiz is composed of the following City and Munic",,,2ND,:   CAPIZ,PANITAN,ALL BARANGAYS (ALL AGRICULTURAL LAND),ALL LOTS,,A3,Agricultural - A3,12.0
raw,"RDO No. 72 - Roxas City, Capiz is composed of the following City and Munic",,,2ND,:   CAPIZ,PANITAN,ALL BARANGAYS (ALL AGRICULTURAL LAND),ALL LOTS,,A4,Agricultural - A4,14.0
raw,"RDO No. 72 - Roxas City, Capiz is composed of the following City and Munic",,,2ND,:   CAPIZ,PANITAN,ALL BARANGAYS (ALL AGRICULTURAL LAND),ALL LOTS,,A7,Agricultural - A7,11.0
raw,"RDO No. 72 - Roxas City, Capiz is composed of the following City and Munic",,,2ND,:   CAPIZ,PANITAN,ALL BARANGAYS (ALL AGRICULTURAL LAND),ALL LOTS,,A10,Agricultural - A10,11.0
raw,"RDO No. 72 - Roxas City, Capiz is composed of the following City and Munic",,,2ND,:   CAPIZ,PANITAN,ALL BARANGAYS (ALL AGRICULTURAL LAND),ALL LOTS,,A12,Agricultural - A12,8.0
raw,"RDO No. 72 - Roxas City, Capiz is composed of the following City and Munic",,,2ND,:   CAPIZ,PANITAN,ALL BARANGAYS (ALL AGRICULTURAL LAND),ALL LOTS,,A14,Agricultural - A14,8.0
raw,"RDO No. 72 - Roxas City, Capiz is composed of the following City and Munic",,,2ND,:   CAPIZ,PANITAN,ALL BARANGAYS (ALL AGRICULTURAL LAND),ALL LOTS,,A15,Agricultural - A15,8.0
raw,"RDO No. 72 - Roxas City, Capiz is composed of the following City and Munic",,,2ND,:   CAPIZ,PANITAN,ALL BARANGAYS (ALL AGRICULTURAL LAND),ALL LOTS,,A16,Agricultural - A16,13.0
raw,"RDO No. 72 - Roxas City, Capiz is composed of the following City and Munic",,,2ND,:   CAPIZ,PANITAN,ALL BARANGAYS (ALL AGRICULTURAL LAND),ALL LOTS,,A17,Agricultural - A17,19.0
raw,"RDO No. 72 - Roxas City, Capiz is composed of the following City and Munic",,,2ND,:   CAPIZ,PANITAN,ALL BARANGAYS (ALL AGRICULTURAL LAND),ALL LOTS,,A26,Agricultural - A26,12.0
raw,"RDO No. 72 - Roxas City, Capiz is composed of the following City and Munic",,,2ND,:   CAPIZ,PANITAN,ALL BARANGAYS (ALL AGRICULTURAL LAND),ALL LOTS,,A36,Agricultural - A36,8.0
raw,"RDO No. 72 - Roxas City, Capiz is composed of the following City and Munic",,,2ND,:   CAPIZ,PANITAN,ALL BARANGAYS (ALL AGRICULTURAL LAND),ALL LOTS,,A49,Agricultural - A49,8.0
raw,"RDO No. 72 - Roxas City, Capiz is composed of the following City and Munic",,,2ND,:   CAPIZ,PANITAN,ALL BARANGAYS (ALL AGRICULTURAL LAND),ALL LOTS,,A50,Agricultural - A50,8.0
raw,"RDO No. 72 - Roxas City, Capiz is composed of the following City and Munic",025-2021,"October 31, 2021",3RD,:   CAPIZ,PANITAN,"BAHIT,BALATUCAN, BANGGA-AN, CABUGAO",ALL LOTS,,RR,Residential - Regular,260.0
raw,"RDO No. 72 - Roxas City, Capiz is composed of the following City and Munic",025-2021,"October 31, 2021",3RD,:   CAPIZ,PANITAN,"BAHIT,BALATUCAN, BANGGA-AN, CABUGAO",ALL LOTS,INTERIOR LOTS,RR,Residential - Regular,200.0
raw,"RDO No. 72 - Roxas City, Capiz is composed of the following City and Munic",,,2ND,:   CAPIZ,PANITAN,"BAHIT,BALATUCAN, BANGGA-AN, CABUGAO",ALL LOTS,,RR,Residential - Regular,165.0
raw,"RDO No. 72 - Roxas City, Capiz is composed of the following City and Munic",,,2ND,:   CAPIZ,PANITAN,"BAHIT,BALATUCAN, BANGGA-AN, CABUGAO",ALL LOTS,INTERIOR LOTS,RR,Residential - Regular,125.0
raw,"RDO No. 72 - Roxas City, Capiz is composed of the following City and Munic",025-2021,"October 31, 2021",3RD,:   CAPIZ,PANITAN,"CABANGAHAN, CADIO, CALA-AN, CAPAGAO",ALL LOTS,,RR,Residential - Regular,260.0
raw,"RDO No. 72 - Roxas City, Capiz is composed of the following City and Munic",025-2021,"October 31, 2021",3RD,:   CAPIZ,PANITAN,"CABANGAHAN, CADIO, CALA-AN, CAPAGAO",ALL LOTS,INTERIOR LOTS,RR,Residential - Regular,200.0
raw,"RDO No. 72 - Roxas City, Capiz is composed of the following City and Munic",,,2ND,:   CAPIZ,PANITAN,"CABANGAHAN, CADIO, CALA-AN, CAPAGAO",ALL LOTS,,RR,Residential - Regular,165.0
raw,"RDO No. 72 - Roxas City, Capiz is composed of the following City and Munic",,,2ND,:   CAPIZ,PANITAN,"CABANGAHAN, CADIO, CALA-AN, CAPAGAO",ALL LOTS,INTERIOR LOTS,RR,Residential - Regular,125.0
raw,"RDO No. 72 - Roxas City, Capiz is composed of the following City and Munic",025-2021,"October 31, 2021",3RD,:   CAPIZ,PANITAN,"COGON, CONCIENCIA, ENSENAGAN, INTAMPILAN",ALL LOTS,,RR,Residential - Regular,260.0
raw,"RDO No. 72 - Roxas City, Capiz is composed of the following City and Munic",025-2021,"October 31, 2021",3RD,:   CAPIZ,PANITAN,"COGON, CONCIENCIA, ENSENAGAN, INTAMPILAN",ALL LOTS,INTERIOR LOTS,RR,Residential - Regular,200.0
raw,"RDO No. 72 - Roxas City, Capiz is composed of the following City and Munic",,,2ND,:   CAPIZ,PANITAN,"COGON, CONCIENCIA, ENSENAGAN, INTAMPILAN",ALL LOTS,,RR,Residential - Regular,165.0
raw,"RDO No. 72 - Roxas City, Capiz is composed of the following City and Munic",,,2ND,:   CAPIZ,PANITAN,"COGON, CONCIENCIA, ENSENAGAN, INTAMPILAN",ALL LOTS,INTERIOR LOTS,RR,Residential - Regular,125.0
raw,"RDO No. 72 - Roxas City, Capiz is composed of the following City and Munic",025-2021,"October 31, 2021",3RD,:   CAPIZ,PANITAN,"PASUGUE, QUIOS, SALOCON, TABUC NORTE",ALL LOTS,,RR,Residential - Regular,260.0
raw,"RDO No. 72 - Roxas City, Capiz is composed of the following City and Munic",025-2021,"October 31, 2021",3RD,:   CAPIZ,PANITAN,"PASUGUE, QUIOS, SALOCON, TABUC NORTE",ALL LOTS,INTERIOR LOTS,RR,Residential - Regular,200.0
raw,"RDO No. 72 - Roxas City, Capiz is composed of the following City and Munic",,,2ND,:   CAPIZ,PANITAN,"PASUGUE, QUIOS, SALOCON, TABUC NORTE",ALL LOTS,,RR,Residential - Regular,165.0
raw,"RDO No. 72 - Roxas City, Capiz is composed of the following City and Munic",,,2ND,:   CAPIZ,PANITAN,"PASUGUE, QUIOS, SALOCON, TABUC NORTE",ALL LOTS,INTERIOR LOTS,RR,Residential - Regular,125.0
raw,"RDO No. 72 - Roxas City, Capiz is composed of the following City and Munic",025-2021,"October 31, 2021",3RD,:   CAPIZ,PANITAN,POBLACION,ALL OTHER STREETS,WITHIN 10 KM. FROM POBLACION,I,Industrial,1300.0
raw,"RDO No. 72 - Roxas City, Capiz is composed of the following City and Munic",025-2021,"October 31, 2021",3RD,:   CAPIZ,PANITAN,POBLACION,ALL OTHER STREETS,ROAD W/IN 1 KM.FR.POBLACION,RR,Residential - Regular,610.0
raw,"RDO No. 72 - Roxas City, Capiz is composed of the following City and Munic",025-2021,"October 31, 2021",3RD,:   CAPIZ,PANITAN,POBLACION,ALL OTHER STREETS,MORE THAN 1KM FROM POBLOACION,RR,Residential - Regular,550.0
raw,"RDO No. 72 - Roxas City, Capiz is composed of the following City and Munic",025-2021,"October 31, 2021",3RD,:   CAPIZ,PANITAN,POBLACION,ALL OTHER STREETS,INTERIOR LOTS,RR,Residential - Regular,430.0
raw,"RDO No. 72 - Roxas City, Capiz is composed of the following City and Munic",025-2021,"October 31, 2021",3RD,:   CAPIZ,PANITAN,POBLACION,ALL OTHER STREETS,INTERIOR LOTS,A1,Agricultural - A1,40.0
raw,"RDO No. 72 - Roxas City, Capiz is composed of the following City and Munic",025-2021,"October 31, 2021",3RD,:   CAPIZ,PANITAN,POBLACION,ALL OTHER STREETS,INTERIOR LOTS,A2,Agricultural - A2,30.0
raw,"RDO No. 72 - Roxas City, Capiz is composed of the following City and Munic",025-2021,"October 31, 2021",3RD,:   CAPIZ,PANITAN,POBLACION,ALL OTHER STREETS,INTERIOR LOTS,A3,Agricultural - A3,20.0
raw,"RDO No. 72 - Roxas City, Capiz is composed of the following City and Munic",025-2021,"October 31, 2021",3RD,:   CAPIZ,PANITAN,POBLACION,ALL OTHER STREETS,INTERIOR LOTS,A4,Agricultural - A4,25.0
raw,"RDO No. 72 - Roxas City, Capiz is composed of the following City and Munic",025-2021,"October 31, 2021",3RD,:   CAPIZ,PANITAN,POBLACION,ALL OTHER STREETS,INTERIOR LOTS,A7,Agricultural - A7,20.0
raw,"RDO No. 72 - Roxas City, Capiz is composed of the following City and Munic",025-2021,"October 31, 2021",3RD,:   CAPIZ,PANITAN,POBLACION,ALL OTHER STREETS,INTERIOR LOTS,A10,Agricultural - A10,20.0
raw,"RDO No. 72 - Roxas City, Capiz is composed of the following City and Munic",025-2021,"October 31, 2021",3RD,:   CAPIZ,PANITAN,POBLACION,ALL OTHER STREETS,INTERIOR LOTS,A12,Agricultural - A12,15.0
raw,"RDO No. 72 - Roxas City, Capiz is composed of the following City and Munic",025-2021,"October 31, 2021",3RD,:   CAPIZ,PANITAN,POBLACION,ALL OTHER STREETS,INTERIOR LOTS,A14,Agricultural - A14,15.0
raw,"RDO No. 72 - Roxas City, Capiz is composed of the following City and Munic",025-2021,"October 31, 2021",3RD,:   CAPIZ,PANITAN,POBLACION,ALL OTHER STREETS,INTERIOR LOTS,A15,Agricultural - A15,15.0
raw,"RDO No. 72 - Roxas City, Capiz is composed of the following City and Munic",025-2021,"October 31, 2021",3RD,:   CAPIZ,PANITAN,POBLACION,ALL OTHER STREETS,INTERIOR LOTS,A16,Agricultural - A16,20.0
raw,"RDO No. 72 - Roxas City, Capiz is composed of the following City and Munic",025-2021,"October 31, 2021",3RD,:   CAPIZ,PANITAN,POBLACION,ALL OTHER STREETS,INTERIOR LOTS,A17,Agricultural - A17,30.0
raw,"RDO No. 72 - Roxas City, Capiz is composed of the following City and Munic",025-2021,"October 31, 2021",3RD,:   CAPIZ,PANITAN,POBLACION,ALL OTHER STREETS,INTERIOR LOTS,A26,Agricultural - A26,20.0
raw,"RDO No. 72 - Roxas City, Capiz is composed of the following City and Munic",025-2021,"October 31, 2021",3RD,:   CAPIZ,PANITAN,POBLACION,ALL OTHER STREETS,INTERIOR LOTS,A36,Agricultural - A36,15.0
raw,"RDO No. 72 - Roxas City, Capiz is composed of the following City and Munic",025-2021,"October 31, 2021",3RD,:   CAPIZ,PANITAN,POBLACION,ALL OTHER STREETS,INTERIOR LOTS,A49,Agricultural - A49,15.0
raw,"RDO No. 72 - Roxas City, Capiz is composed of the following City and Munic",025-2021,"October 31, 2021",3RD,:   CAPIZ,PANITAN,POBLACION,ALL OTHER STREETS,INTERIOR LOTS,A50,Agricultural - A50,15.0
raw,"RDO No. 72 - Roxas City, Capiz is composed of the following City and Munic",,,2ND,:   CAPIZ,PANITAN,POBLACION,ALL OTHER STREETS,WITHIN 10 KM. FROM POBLACION,I,Industrial,840.0
raw,"RDO No. 72 - Roxas City, Capiz is composed of the following City and Munic",,,2ND,:   CAPIZ,PANITAN,POBLACION,ALL OTHER STREETS,ROAD W/IN 1 KM.FR.POBLACION,RR,Residential - Regular,390.0
raw,"RDO No. 72 - Roxas City, Capiz is composed of the following City and Munic",,,2ND,:   CAPIZ,PANITAN,POBLACION,ALL OTHER STREETS,MORE THAN 1KM FROM POBLOACION,RR,Residential - Regular,350.0
raw,"RDO No. 72 - Roxas City, Capiz is composed of the following City and Munic",,,2ND,:   CAPIZ,PANITAN,POBLACION,ALL OTHER STREETS,INTERIOR LOTS,RR,Residential - Regular,275.0
raw,"RDO No. 72 - Roxas City, Capiz is composed of the following City and Munic",,,2ND,:   CAPIZ,PANITAN,POBLACION,ALL OTHER STREETS,INTERIOR LOTS,A1,Agricultural - A1,24.0
raw,"RDO No. 72 - Roxas City, Capiz is composed of the following City and Munic",,,2ND,:   CAPIZ,PANITAN,POBLACION,ALL OTHER STREETS,INTERIOR LOTS,A2,Agricultural - A2,18.0
raw,"RDO No. 72 - Roxas City, Capiz is composed of the following City and Munic",,,2ND,:   CAPIZ,PANITAN,POBLACION,ALL OTHER STREETS,INTERIOR LOTS,A3,Agricultural - A3,12.0
raw,"RDO No. 72 - Roxas City, Capiz is composed of the following City and Munic",,,2ND,:   CAPIZ,PANITAN,POBLACION,ALL OTHER STREETS,INTERIOR LOTS,A4,Agricultural - A4,14.0
raw,"RDO No. 72 - Roxas City, Capiz is composed of the following City and Munic",,,2ND,:   CAPIZ,PANITAN,POBLACION,ALL OTHER STREETS,INTERIOR LOTS,A7,Agricultural - A7,11.0
raw,"RDO No. 72 - Roxas City, Capiz is composed of the following City and Munic",,,2ND,:   CAPIZ,PANITAN,POBLACION,ALL OTHER STREETS,INTERIOR LOTS,A10,Agricultural - A10,11.0
raw,"RDO No. 72 - Roxas City, Capiz is composed of the following City and Munic",,,2ND,:   CAPIZ,PANITAN,POBLACION,ALL OTHER STREETS,INTERIOR LOTS,A12,Agricultural - A12,8.0
raw,"RDO No. 72 - Roxas City, Capiz is composed of the following City and Munic",,,2ND,:   CAPIZ,PANITAN,POBLACION,ALL OTHER STREETS,INTERIOR LOTS,A14,Agricultural - A14,8.0
raw,"RDO No. 72 - Roxas City, Capiz is composed of the following City and Munic",,,2ND,:   CAPIZ,PANITAN,POBLACION,ALL OTHER STREETS,INTERIOR LOTS,A15,Agricultural - A15,8.0
raw,"RDO No. 72 - Roxas City, Capiz is composed of the following City and Munic",,,2ND,:   CAPIZ,PANITAN,POBLACION,ALL OTHER STREETS,INTERIOR LOTS,A16,Agricultural - A16,13.0
raw,"RDO No. 72 - Roxas City, Capiz is composed of the following City and Munic",,,2ND,:   CAPIZ,PANITAN,POBLACION,ALL OTHER STREETS,INTERIOR LOTS,A17,Agricultural - A17,19.0
raw,"RDO No. 72 - Roxas City, Capiz is composed of the following City and Munic",,,2ND,:   CAPIZ,PANITAN,POBLACION,ALL OTHER STREETS,INTERIOR LOTS,A26,Agricultural - A26,12.0
raw,"RDO No. 72 - Roxas City, Capiz is composed of the following City and Munic",,,2ND,:   CAPIZ,PANITAN,POBLACION,ALL OTHER STREETS,INTERIOR LOTS,A36,Agricultural - A36,8.0
raw,"RDO No. 72 - Roxas City, Capiz is composed of the following City and Munic",,,2ND,:   CAPIZ,PANITAN,POBLACION,ALL OTHER STREETS,INTERIOR LOTS,A50,Agricultural - A50,8.0
raw,"RDO No. 72 - Roxas City, Capiz is composed of the following City and Munic",,,2ND,:   CAPIZ,PANITAN,POBLACION,ALL OTHER STREETS,INTERIOR LOTS,A49,Agricultural - A49,8.0
raw,"RDO No. 72 - Roxas City, Capiz is composed of the following City and Munic",025-2021,"October 31, 2021",3RD,:   CAPIZ,PANITAN,POBLACION,ALL STREETS FRONTING PUBLIC M ARKET,,CR,Commercial - Regular,1200.0
raw,"RDO No. 72 - Roxas City, Capiz is composed of the following City and Munic",,,2ND,:   CAPIZ,PANITAN,POBLACION,ALL STREETS FRONTING PUBLIC M ARKET,,CR,Commercial - Regular,775.0
raw,"RDO No. 72 - Roxas City, Capiz is composed of the following City and Munic",025-2021,"October 31, 2021",3RD,:   CAPIZ,PANITAN,POBLACION,CAPRICHO,,RR,Residential - Regular,780.0
raw,"RDO No. 72 - Roxas City, Capiz is composed of the following City and Munic",,,2ND,:   CAPIZ,PANITAN,POBLACION,CAPRICHO,,RR,Residential - Regular,500.0
raw,"RDO No. 72 - Roxas City, Capiz is composed of the following City and Munic",025-2021,"October 31, 2021",3RD,:   CAPIZ,PANITAN,POBLACION,CAPRICHO EXT,,RR,Residential - Regular,780.0
raw,"RDO No. 72 - Roxas City, Capiz is composed of the following City and Munic",,,2ND,:   CAPIZ,PANITAN,POBLACION,CAPRICHO EXT,,RR,Residential - Regular,500.0
raw,"RDO No. 72 - Roxas City, Capiz is composed of the following City and Munic",025-2021,"October 31, 2021",3RD,:   CAPIZ,PANITAN,POBLACION,LUCINO ST,,RR,Residential - Regular,780.0
raw,"RDO No. 72 - Roxas City, Capiz is composed of the following City and Munic",,,2ND,:   CAPIZ,PANITAN,POBLACION,LUCINO ST,,RR,Residential - Regular,500.0
raw,"RDO No. 72 - Roxas City, Capiz is composed of the following City and Munic",025-2021,"October 31, 2021",3RD,:   CAPIZ,PANITAN,POBLACION,M. DESALES,,RR,Residential - Regular,780.0
raw,"RDO No. 72 - Roxas City, Capiz is composed of the following City and Munic",,,2ND,:   CAPIZ,PANITAN,POBLACION,M. DESALES,,RR,Residential - Regular,500.0
raw,"RDO No. 72 - Roxas City, Capiz is composed of the following City and Munic",025-2021,"October 31, 2021",3RD,:   CAPIZ,PANITAN,POBLACION,MUNICIPAL ROAD,,RR,Residential - Regular,780.0
raw,"RDO No. 72 - Roxas City, Capiz is composed of the following City and Munic",,,2ND,:   CAPIZ,PANITAN,POBLACION,MUNICIPAL ROAD,,RR,Residential - Regular,500.0
raw,"RDO No. 72 - Roxas City, Capiz is composed of the following City and Munic",025-2021,"October 31, 2021",3RD,:   CAPIZ,PANITAN,POBLACION,NEW ROAD,,RR,Residential - Regular,780.0
raw,"RDO No. 72 - Roxas City, Capiz is composed of the following City and Munic",,,2ND,:   CAPIZ,PANITAN,POBLACION,NEW ROAD,,RR,Residential - Regular,500.0
raw,"RDO No. 72 - Roxas City, Capiz is composed of the following City and Munic",025-2021,"October 31, 2021",3RD,:   CAPIZ,PANITAN,POBLACION,QUEZON ST,,RR,Residential - Regular,780.0
raw,"RDO No. 72 - Roxas City, Capiz is composed of the following City and Munic",,,2ND,:   CAPIZ,PANITAN,POBLACION,QUEZON ST,,RR,Residential - Regular,500.0
raw,"RDO No. 72 - Roxas City, Capiz is composed of the following City and Munic",025-2021,"October 31, 2021",3RD,:   CAPIZ,PANITAN,POBLACION,QUEZON ST (MAIN),,RR,Residential - Regular,780.0
raw,"RDO No. 72 - Roxas City, Capiz is composed of the following City and Munic",,,2ND,:   CAPIZ,PANITAN,POBLACION,QUEZON ST (MAIN),,RR,Residential - Regular,500.0
raw,"RDO No. 72 - Roxas City, Capiz is composed of the following City and Munic",025-2021,"October 31, 2021",3RD,:   CAPIZ,PANITAN,POBLACION,SAN LORENZO ST,,RR,Residential - Regular,780.0
raw,"RDO No. 72 - Roxas City, Capiz is composed of the following City and Munic",,,2ND,:   CAPIZ,PANITAN,POBLACION,SAN LORENZO ST,,RR,Residential - Regular,500.0
raw,"RDO No. 72 - Roxas City, Capiz is composed of the following City and Munic",025-2021,"October 31, 2021",3RD,:   CAPIZ,PANITAN,"TABUC SUR, TIMPAS, TINCUPON, TINIGBAN",ALL LOTS,,RR,Residential - Regular,260.0
raw,"RDO No. 72 - Roxas City, Capiz is composed of the following City and Munic",025-2021,"October 31, 2021",3RD,:   CAPIZ,PANITAN,"TABUC SUR, TIMPAS, TINCUPON, TINIGBAN",ALL LOTS,INTERIOR LOTS,RR,Residential - Regular,200.0
raw,"RDO No. 72 - Roxas City, Capiz is composed of the following City and Munic",,,2ND,:   CAPIZ,PANITAN,"TABUC SUR, TIMPAS, TINCUPON, TINIGBAN",ALL LOTS,,RR,Residential - Regular,165.0
raw,"RDO No. 72 - Roxas City, Capiz is composed of the following City and Munic",,,2ND,:   CAPIZ,PANITAN,"TABUC SUR, TIMPAS, TINCUPON, TINIGBAN",ALL LOTS,INTERIOR LOTS,RR,Residential - Regular,125.0
raw,"RDO No. 72 - Roxas City, Capiz is composed of the following City and Munic",025-2021,"October 31, 2021",3RD,:   CAPIZ,PILAR,ALL BARANGAYS (AGRICULTURAL LAND),ALL LOTS,,A1,Agricultural - A1,30.0
raw,"RDO No. 72 - Roxas City, Capiz is composed of the following City and Munic",025-2021,"October 31, 2021",3RD,:   CAPIZ,PILAR,ALL BARANGAYS (AGRICULTURAL LAND),ALL LOTS,,A2,Agricultural - A2,20.0
raw,"RDO No. 72 - Roxas City, Capiz is composed of the following City and Munic",025-2021,"October 31, 2021",3RD,:   CAPIZ,PILAR,ALL BARANGAYS (AGRICULTURAL LAND),ALL LOTS,,A3,Agricultural - A3,20.0
raw,"RDO No. 72 - Roxas City, Capiz is composed of the following City and Munic",025-2021,"October 31, 2021",3RD,:   CAPIZ,PILAR,ALL BARANGAYS (AGRICULTURAL LAND),ALL LOTS,,A4,Agricultural - A4,10.0
raw,"RDO No. 72 - Roxas City, Capiz is composed of the following City and Munic",025-2021,"October 31, 2021",3RD,:   CAPIZ,PILAR,ALL BARANGAYS (AGRICULTURAL LAND),ALL LOTS,,A6,Agricultural - A6,30.0
raw,"RDO No. 72 - Roxas City, Capiz is composed of the following City and Munic",025-2021,"October 31, 2021",3RD,:   CAPIZ,PILAR,ALL BARANGAYS (AGRICULTURAL LAND),ALL LOTS,,A7,Agricultural - A7,10.0
raw,"RDO No. 72 - Roxas City, Capiz is composed of the following City and Munic",025-2021,"October 31, 2021",3RD,:   CAPIZ,PILAR,ALL BARANGAYS (AGRICULTURAL LAND),ALL LOTS,,A8,Agricultural - A8,20.0
raw,"RDO No. 72 - Roxas City, Capiz is composed of the following City and Munic",025-2021,"October 31, 2021",3RD,:   CAPIZ,PILAR,ALL BARANGAYS (AGRICULTURAL LAND),ALL LOTS,,A10,Agricultural - A10,20.0
raw,"RDO No. 72 - Roxas City, Capiz is composed of the following City and Munic",025-2021,"October 31, 2021",3RD,:   CAPIZ,PILAR,ALL BARANGAYS (AGRICULTURAL LAND),ALL LOTS,,A12,Agricultural - A12,10.0
raw,"RDO No. 72 - Roxas City, Capiz is composed of the following City and Munic",025-2021,"October 31, 2021",3RD,:   CAPIZ,PILAR,ALL BARANGAYS (AGRICULTURAL LAND),ALL LOTS,,A14,Agricultural - A14,10.0
raw,"RDO No. 72 - Roxas City, Capiz is composed of the following City and Munic",025-2021,"October 31, 2021",3RD,:   CAPIZ,PILAR,ALL BARANGAYS (AGRICULTURAL LAND),ALL LOTS,,A15,Agricultural - A15,10.0
raw,"RDO No. 72 - Roxas City, Capiz is composed of the following City and Munic",025-2021,"October 31, 2021",3RD,:   CAPIZ,PILAR,ALL BARANGAYS (AGRICULTURAL LAND),ALL LOTS,,A16,Agricultural - A16,10.0
raw,"RDO No. 72 - Roxas City, Capiz is composed of the following City and Munic",025-2021,"October 31, 2021",3RD,:   CAPIZ,PILAR,ALL BARANGAYS (AGRICULTURAL LAND),ALL LOTS,,A17,Agricultural - A17,20.0
raw,"RDO No. 72 - Roxas City, Capiz is composed of the following City and Munic",025-2021,"October 31, 2021",3RD,:   CAPIZ,PILAR,ALL BARANGAYS (AGRICULTURAL LAND),ALL LOTS,,A26,Agricultural - A26,20.0
raw,"RDO No. 72 - Roxas City, Capiz is composed of the following City and Munic",025-2021,"October 31, 2021",3RD,:   CAPIZ,PILAR,ALL BARANGAYS (AGRICULTURAL LAND),ALL LOTS,,A36,Agricultural - A36,10.0
raw,"RDO No. 72 - Roxas City, Capiz is composed of the following City and Munic",025-2021,"October 31, 2021",3RD,:   CAPIZ,PILAR,ALL BARANGAYS (AGRICULTURAL LAND),ALL LOTS,,A42,Agricultural - A42,40.0
raw,"RDO No. 72 - Roxas City, Capiz is composed of the following City and Munic",025-2021,"October 31, 2021",3RD,:   CAPIZ,PILAR,ALL BARANGAYS (AGRICULTURAL LAND),ALL LOTS,,A50,Agricultural - A50,10.0
raw,"RDO No. 72 - Roxas City, Capiz is composed of the following City and Munic",025-2021,"October 31, 2021",3RD,:   CAPIZ,PILAR,ALL BARANGAYS (AGRICULTURAL LAND),ALL LOTS,,A49,Agricultural - A49,10.0
raw,"RDO No. 72 - Roxas City, Capiz is composed of the following City and Munic",,,2ND,:   CAPIZ,PILAR,ALL BARANGAYS (AGRICULTURAL LAND),ALL LOTS,,A1,Agricultural - A1,15.0
raw,"RDO No. 72 - Roxas City, Capiz is composed of the following City and Munic",,,2ND,:   CAPIZ,PILAR,ALL BARANGAYS (AGRICULTURAL LAND),ALL LOTS,,A2,Agricultural - A2,11.0
raw,"RDO No. 72 - Roxas City, Capiz is composed of the following City and Munic",,,2ND,:   CAPIZ,PILAR,ALL BARANGAYS (AGRICULTURAL LAND),ALL LOTS,,A3,Agricultural - A3,8.0
raw,"RDO No. 72 - Roxas City, Capiz is composed of the following City and Munic",,,2ND,:   CAPIZ,PILAR,ALL BARANGAYS (AGRICULTURAL LAND),ALL LOTS,,A4,Agricultural - A4,6.0
raw,"RDO No. 72 - Roxas City, Capiz is composed of the following City and Munic",,,2ND,:   CAPIZ,PILAR,ALL BARANGAYS (AGRICULTURAL LAND),ALL LOTS,,A6,Agricultural - A6,18.0
raw,"RDO No. 72 - Roxas City, Capiz is composed of the following City and Munic",,,2ND,:   CAPIZ,PILAR,ALL BARANGAYS (AGRICULTURAL LAND),ALL LOTS,,A7,Agricultural - A7,5.0
raw,"RDO No. 72 - Roxas City, Capiz is composed of the following City and Munic",,,2ND,:   CAPIZ,PILAR,ALL BARANGAYS (AGRICULTURAL LAND),ALL LOTS,,A8,Agricultural - A8,12.0
raw,"RDO No. 72 - Roxas City, Capiz is composed of the following City and Munic",,,2ND,:   CAPIZ,PILAR,ALL BARANGAYS (AGRICULTURAL LAND),ALL LOTS,,A10,Agricultural - A10,6.0
raw,"RDO No. 72 - Roxas City, Capiz is composed of the following City and Munic",,,2ND,:   CAPIZ,PILAR,ALL BARANGAYS (AGRICULTURAL LAND),ALL LOTS,,A12,Agricultural - A12,5.0
raw,"RDO No. 72 - Roxas City, Capiz is composed of the following City and Munic",,,2ND,:   CAPIZ,PILAR,ALL BARANGAYS (AGRICULTURAL LAND),ALL LOTS,,A14,Agricultural - A14,6.0
raw,"RDO No. 72 - Roxas City, Capiz is composed of the following City and Munic",,,2ND,:   CAPIZ,PILAR,ALL BARANGAYS (AGRICULTURAL LAND),ALL LOTS,,A15,Agricultural - A15,5.0
raw,"RDO No. 72 - Roxas City, Capiz is composed of the following City and Munic",,,2ND,:   CAPIZ,PILAR,ALL BARANGAYS (AGRICULTURAL LAND),ALL LOTS,,A16,Agricultural - A16,5.0
raw,"RDO No. 72 - Roxas City, Capiz is composed of the following City and Munic",,,2ND,:   CAPIZ,PILAR,ALL BARANGAYS (AGRICULTURAL LAND),ALL LOTS,,A17,Agricultural - A17,11.0
raw,"RDO No. 72 - Roxas City, Capiz is composed of the following City and Munic",,,2ND,:   CAPIZ,PILAR,ALL BARANGAYS (AGRICULTURAL LAND),ALL LOTS,,A26,Agricultural - A26,9.0
raw,"RDO No. 72 - Roxas City, Capiz is composed of the following City and Munic",,,2ND,:   CAPIZ,PILAR,ALL BARANGAYS (AGRICULTURAL LAND),ALL LOTS,,A36,Agricultural - A36,5.0
raw,"RDO No. 72 - Roxas City, Capiz is composed of the following City and Munic",,,2ND,:   CAPIZ,PILAR,ALL BARANGAYS (AGRICULTURAL LAND),ALL LOTS,,A42,Agricultural - A42,16.0
raw,"RDO No. 72 - Roxas City, Capiz is composed of the following City and Munic",,,2ND,:   CAPIZ,PILAR,ALL BARANGAYS (AGRICULTURAL LAND),ALL LOTS,,A50,Agricultural - A50,4.0
raw,"RDO No. 72 - Roxas City, Capiz is composed of the following City and Munic",,,2ND,:   CAPIZ,PILAR,ALL BARANGAYS (AGRICULTURAL LAND),ALL LOTS,,A49,Agricultural - A49,4.0
raw,"RDO No. 72 - Roxas City, Capiz is composed of the following City and Munic",025-2021,"October 31, 2021",3RD,:   CAPIZ,PILAR,"BALOGO, BINAOBAWAN, BLASCO",ALL LOTS,,RR,Residential - Regular,200.0
raw,"RDO No. 72 - Roxas City, Capiz is composed of the following City and Munic",025-2021,"October 31, 2021",3RD,:   CAPIZ,PILAR,"BALOGO, BINAOBAWAN, BLASCO",ALL LOTS,INTERIOR LOTS,RR,Residential - Regular,190.0
raw,"RDO No. 72 - Roxas City, Capiz is composed of the following City and Munic",,,2ND,:   CAPIZ,PILAR,"BALOGO, BINAOBAWAN, BLASCO, CASANAYAN",ALL LOTS,,RR,Residential - Regular,110.0
raw,"RDO No. 72 - Roxas City, Capiz is composed of the following City and Munic",,,2ND,:   CAPIZ,PILAR,"BALOGO, BINAOBAWAN, BLASCO, CASANAYAN",ALL LOTS,INTERIOR LOTS,RR,Residential - Regular,95.0
raw,"RDO No. 72 - Roxas City, Capiz is composed of the following City and Munic",025-2021,"October 31, 2021",3RD,:   CAPIZ,PILAR,CASANAYAN,JUSTICIA STREET,,RR,Residential - Regular,300.0
raw,"RDO No. 72 - Roxas City, Capiz is composed of the following City and Munic",025-2021,"October 31, 2021",3RD,:   CAPIZ,PILAR,CASANAYAN,LANCANDULA STREET,,RR,Residential - Regular,260.0
raw,"RDO No. 72 - Roxas City, Capiz is composed of the following City and Munic",025-2021,"October 31, 2021",3RD,:   CAPIZ,PILAR,CASANAYAN,LINCOLN STREET,,RR,Residential - Regular,260.0
raw,"RDO No. 72 - Roxas City, Capiz is composed of the following City and Munic",025-2021,"October 31, 2021",3RD,:   CAPIZ,PILAR,CASANAYAN,LINCONLN STREET,,RR,Residential - Regular,300.0
raw,"RDO No. 72 - Roxas City, Capiz is composed of the following City and Munic",025-2021,"October 31, 2021",3RD,:   CAPIZ,PILAR,CASANAYAN,NATIONAL ROAD,,RR,Residential - Regular,300.0
raw,"RDO No. 72 - Roxas City, Capiz is composed of the following City and Munic",025-2021,"October 31, 2021",3RD,:   CAPIZ,PILAR,CASANAYAN,SAN MIGUEL STREET,,RR,Residential - Regular,260.0
raw,"RDO No. 72 - Roxas City, Capiz is composed of the following City and Munic",025-2021,"October 31, 2021",3RD,:   CAPIZ,PILAR,CASANAYAN,SOLANA STREET,,RR,Residential - Regular,260.0
raw,"RDO No. 72 - Roxas City, Capiz is composed of the following City and Munic",025-2021,"October 31, 2021",3RD,:   CAPIZ,PILAR,CASANAYAN,VALENZUELA STREET,,RR,Residential - Regular,300.0
raw,"RDO No. 72 - Roxas City, Capiz is composed of the following City and Munic",,,2ND,:   CAPIZ,PILAR,"CAYUS, DAYHAGAN, DULANGAN, MONTEFLOR",ALL LOTS,,RR,Residential - Regular,110.0
raw,"RDO No. 72 - Roxas City, Capiz is composed of the following City and Munic",,,2ND,:   CAPIZ,PILAR,"CAYUS, DAYHAGAN, DULANGAN, MONTEFLOR",ALL LOTS,INTERIOR LOTS,RR,Residential - Regular,95.0
raw,"RDO No. 72 - Roxas City, Capiz is composed of the following City and Munic",025-2021,"October 31, 2021",3RD,:   CAPIZ,PILAR,"CAYUS, DAYHAGAN,DULANGAN, MONTEFLOR",ALL LOTS,,RR,Residential - Regular,200.0
raw,"RDO No. 72 - Roxas City, Capiz is composed of the following City and Munic",025-2021,"October 31, 2021",3RD,:   CAPIZ,PILAR,"CAYUS, DAYHAGAN,DULANGAN, MONTEFLOR",ALL LOTS,INTERIOR LOTS,RR,Residential - Regular,190.0
raw,"RDO No. 72 - Roxas City, Capiz is composed of the following City and Munic",025-2021,"October 31, 2021",3RD,:   CAPIZ,PILAR,"NATIVIDAD, OLALO, ROSARIO, SAN ANTONIO",ALL LOTS,,RR,Residential - Regular,200.0
raw,"RDO No. 72 - Roxas City, Capiz is composed of the following City and Munic",025-2021,"October 31, 2021",3RD,:   CAPIZ,PILAR,"NATIVIDAD, OLALO, ROSARIO, SAN ANTONIO",ALL LOTS,INTERIOR LOTS,RR,Residential - Regular,190.0
raw,"RDO No. 72 - Roxas City, Capiz is composed of the following City and Munic",,,2ND,:   CAPIZ,PILAR,"NATIVIDAD, OLALO, ROSARIO, SAN ANTONIO",ALL LOTS,,RR,Residential - Regular,110.0
raw,"RDO No. 72 - Roxas City, Capiz is composed of the following City and Munic",,,2ND,:   CAPIZ,PILAR,"NATIVIDAD, OLALO, ROSARIO, SAN ANTONIO",ALL LOTS,INTERIOR LOTS,RR,Residential - Regular,95.0
raw,"RDO No. 72 - Roxas City, Capiz is composed of the following City and Munic",025-2021,"October 31, 2021",3RD,:   CAPIZ,PILAR,POBLACION,ARCE ST,POBLACION,RR,Residential - Regular,770.0
raw,"RDO No. 72 - Roxas City, Capiz is composed of the following City and Munic",,,2ND,:   CAPIZ,PILAR,POBLACION,ARCE ST,,RR,Residential - Regular,525.0
raw,"RDO No. 72 - Roxas City, Capiz is composed of the following City and Munic",025-2021,"October 31, 2021",3RD,:   CAPIZ,PILAR,POBLACION,BURGOS ST,POBLACION,RR,Residential - Regular,620.0
raw,"RDO No. 72 - Roxas City, Capiz is composed of the following City and Munic",,,2ND,:   CAPIZ,PILAR,POBLACION,BURGOS ST,,RR,Residential - Regular,425.0
raw,"RDO No. 72 - Roxas City, Capiz is composed of the following City and Munic",025-2021,"October 31, 2021",3RD,:   CAPIZ,PILAR,POBLACION,CALLE TRECE,POBLACION,RR,Residential - Regular,770.0
raw,"RDO No. 72 - Roxas City, Capiz is composed of the following City and Munic",,,2ND,:   CAPIZ,PILAR,POBLACION,CALLE TRECE,,RR,Residential - Regular,525.0
raw,"RDO No. 72 - Roxas City, Capiz is composed of the following City and Munic",025-2021,"October 31, 2021",3RD,:   CAPIZ,PILAR,POBLACION,CURSAM ST,POBLACION,RR,Residential - Regular,910.0
raw,"RDO No. 72 - Roxas City, Capiz is composed of the following City and Munic",,,2ND,:   CAPIZ,PILAR,POBLACION,CURSAM ST,,RR,Residential - Regular,625.0
raw,"RDO No. 72 - Roxas City, Capiz is composed of the following City and Munic",025-2021,"October 31, 2021",3RD,:   CAPIZ,PILAR,POBLACION,HARRIZON ST,POBLACION,RR,Residential - Regular,770.0
raw,"RDO No. 72 - Roxas City, Capiz is composed of the following City and Munic",,,2ND,:   CAPIZ,PILAR,POBLACION,HARRIZON ST,,RR,Residential - Regular,525.0
raw,"RDO No. 72 - Roxas City, Capiz is composed of the following City and Munic",025-2021,"October 31, 2021",3RD,:   CAPIZ,PILAR,POBLACION,MABINI ST,POBLACION,RR,Residential - Regular,770.0
raw,"RDO No. 72 - Roxas City, Capiz is composed of the following City and Munic",,,2ND,:   CAPIZ,PILAR,POBLACION,MABINI ST,,RR,Residential - Regular,525.0
raw,"RDO No. 72 - Roxas City, Capiz is composed of the following City and Munic",025-2021,"October 31, 2021",3RD,:   CAPIZ,PILAR,POBLACION,OSMENA ST,POBLACION,RR,Residential - Regular,770.0
raw,"RDO No. 72 - Roxas City, Capiz is composed of the following City and Munic",,,2ND,:   CAPIZ,PILAR,POBLACION,OSMENA ST,,RR,Residential - Regular,525.0
raw,"RDO No. 72 - Roxas City, Capiz is composed of the following City and Munic",025-2021,"October 31, 2021",3RD,:   CAPIZ,PILAR,POBLACION,QUEZON ST,POBLACION,RR,Residential - Regular,770.0
raw,"RDO No. 72 - Roxas City, Capiz is composed of the following City and Munic",,,2ND,:   CAPIZ,PILAR,POBLACION,QUEZON ST,,RR,Residential - Regular,525.0
raw,"RDO No. 72 - Roxas City, Capiz is composed of the following City and Munic",025-2021,"October 31, 2021",3RD,:   CAPIZ,PILAR,POBLACION,RIZAL ST,POBLACION,RR,Residential - Regular,770.0
raw,"RDO No. 72 - Roxas City, Capiz is composed of the following City and Munic",025-2021,"October 31, 2021",3RD,:   CAPIZ,PILAR,POBLACION,RIZAL ST,POBLACION,CR,Commercial - Regular,1000.0
raw,"RDO No. 72 - Roxas City, Capiz is composed of the following City and Munic",,,2ND,:   CAPIZ,PILAR,POBLACION,RIZAL ST,,RR,Residential - Regular,525.0
raw,"RDO No. 72 - Roxas City, Capiz is composed of the following City and Munic",,,2ND,:   CAPIZ,PILAR,POBLACION,RIZAL ST,,CR,Commercial - Regular,625.0
raw,"RDO No. 72 - Roxas City, Capiz is composed of the following City and Munic",025-2021,"October 31, 2021",3RD,:   CAPIZ,PILAR,POBLACION,ROAD TO MEDICARE,POBLACION,RR,Residential - Regular,620.0
raw,"RDO No. 72 - Roxas City, Capiz is composed of the following City and Munic",,,2ND,:   CAPIZ,PILAR,POBLACION,ROAD TO MEDICARE,,RR,Residential - Regular,425.0
raw,"RDO No. 72 - Roxas City, Capiz is composed of the following City and Munic",025-2021,"October 31, 2021",3RD,:   CAPIZ,PILAR,POBLACION,VILLAREAL BOULEVARD,POBLACION,RR,Residential - Regular,770.0
raw,"RDO No. 72 - Roxas City, Capiz is composed of the following City and Munic",,,2ND,:   CAPIZ,PILAR,POBLACION,VILLAREAL BOULEVARD,,RR,Residential - Regular,525.0
raw,"RDO No. 72 - Roxas City, Capiz is composed of the following City and Munic",025-2021,"October 31, 2021",3RD,:   CAPIZ,PILAR,POBLACION,WILSON ST,POBLACION,CR,Commercial - Regular,1000.0
raw,"RDO No. 72 - Roxas City, Capiz is composed of the following City and Munic",025-2021,"October 31, 2021",3RD,:   CAPIZ,PILAR,POBLACION,WILSON ST,POBLACION,RR,Residential - Regular,770.0
raw,"RDO No. 72 - Roxas City, Capiz is composed of the following City and Munic",,,2ND,:   CAPIZ,PILAR,POBLACION,WILSON ST,,CR,Commercial - Regular,625.0
raw,"RDO No. 72 - Roxas City, Capiz is composed of the following City and Munic",,,2ND,:   CAPIZ,PILAR,POBLACION,WILSON ST,,RR,Residential - Regular,525.0
raw,"RDO No. 72 - Roxas City, Capiz is composed of the following City and Munic",025-2021,"October 31, 2021",3RD,:   CAPIZ,PILAR,"SAN BLAS, SAN ESTEBAN, SAN FERNANDO",ALL LOTS,,RR,Residential - Regular,200.0
raw,"RDO No. 72 - Roxas City, Capiz is composed of the following City and Munic",025-2021,"October 31, 2021",3RD,:   CAPIZ,PILAR,"SAN BLAS, SAN ESTEBAN, SAN FERNANDO",ALL LOTS,INTERIOR LOTS,RR,Residential - Regular,190.0
raw,"RDO No. 72 - Roxas City, Capiz is composed of the following City and Munic",,,2ND,:   CAPIZ,PILAR,"SAN BLAS, SAN ESTEBAN, SAN FERNANDO",ALL LOTS,,RR,Residential - Regular,110.0
raw,"RDO No. 72 - Roxas City, Capiz is composed of the following City and Munic",,,2ND,:   CAPIZ,PILAR,"SAN BLAS, SAN ESTEBAN, SAN FERNANDO",ALL LOTS,INTERIOR LOTS,RR,Residential - Regular,95.0
raw,"RDO No. 72 - Roxas City, Capiz is composed of the following City and Munic",025-2021,"October 31, 2021",3RD,:   CAPIZ,PILAR,"SAN NICOLAS, SAN PEDRO, SAN RAMON",ALL LOTS,,RR,Residential - Regular,200.0
raw,"RDO No. 72 - Roxas City, Capiz is composed of the following City and Munic",025-2021,"October 31, 2021",3RD,:   CAPIZ,PILAR,"SAN NICOLAS, SAN PEDRO, SAN RAMON",ALL LOTS,INTERIOR LOTS,RR,Residential - Regular,190.0
raw,"RDO No. 72 - Roxas City, Capiz is composed of the following City and Munic",,,2ND,:   CAPIZ,PILAR,"SAN NICOLAS, SAN PEDRO, SAN RAMON",ALL LOTS,,RR,Residential - Regular,110.0
raw,"RDO No. 72 - Roxas City, Capiz is composed of the following City and Munic",,,2ND,:   CAPIZ,PILAR,"SAN NICOLAS, SAN PEDRO, SAN RAMON",ALL LOTS,INTERIOR LOTS,RR,Residential - Regular,95.0
raw,"RDO No. 72 - Roxas City, Capiz is composed of the following City and Munic",025-2021,"October 31, 2021",3RD,:   CAPIZ,PILAR,"SAN SILVESTRE, SINAMONGAN, STA. FE",ALL LOTS,,RR,Residential - Regular,200.0
raw,"RDO No. 72 - Roxas City, Capiz is composed of the following City and Munic",025-2021,"October 31, 2021",3RD,:   CAPIZ,PILAR,"SAN SILVESTRE, SINAMONGAN, STA. FE",ALL LOTS,INTERIOR LOTS,RR,Residential - Regular,190.0
raw,"RDO No. 72 - Roxas City, Capiz is composed of the following City and Munic",,,2ND,:   CAPIZ,PILAR,"SAN SILVESTRE, SINAMONGAN, STA. FE",ALL LOTS,,RR,Residential - Regular,110.0
raw,"RDO No. 72 - Roxas City, Capiz is composed of the following City and Munic",,,2ND,:   CAPIZ,PILAR,"SAN SILVESTRE, SINAMONGAN, STA. FE",ALL LOTS,INTERIOR LOTS,RR,Residential - Regular,95.0
raw,"RDO No. 72 - Roxas City, Capiz is composed of the following City and Munic",025-2021,"October 31, 2021",3RD,:   CAPIZ,PILAR,"TABUN-ACAN, YATING",ALL LOTS,,RR,Residential - Regular,200.0
raw,"RDO No. 72 - Roxas City, Capiz is composed of the following City and Munic",025-2021,"October 31, 2021",3RD,:   CAPIZ,PILAR,"TABUN-ACAN, YATING",ALL LOTS,INTERIOR LOTS,RR,Residential - Regular,190.0
raw,"RDO No. 72 - Roxas City, Capiz is composed of the following City and Munic",,,2ND,:   CAPIZ,PILAR,"TABUN-ACAN, YATING",ALL LOTS,,RR,Residential - Regular,110.0
raw,"RDO No. 72 - Roxas City, Capiz is composed of the following City and Munic",,,2ND,:   CAPIZ,PILAR,"TABUN-ACAN, YATING",ALL LOTS,INTERIOR LOTS,RR,Residential - Regular,95.0
raw,"RDO No. 72 - Roxas City, Capiz is composed of the following City and Munic",,,2ND,:   CAPIZ,PONTEVEDRA,"AGBANOG, AGDALIPE, AMELIGAN, BAILAN",ALL LOTS,,RR,Residential - Regular,200.0
raw,"RDO No. 72 - Roxas City, Capiz is composed of the following City and Munic",025-2021,"October 31, 2021",3RD,:   CAPIZ,PONTEVEDRA,"AGDALIPE, SUBLANGON, LINAMPONGAN, GUBA, SOLO, RIZAL, BINUNTUCAN,SAN PEDRO, INTONGCAN, JOLONGAJOG, BANATE",ALL INTERIOR LOTS,WITH ROAD FRONTAGE,RR,Residential - Regular,630.0
raw,"RDO No. 72 - Roxas City, Capiz is composed of the following City and Munic",025-2021,"October 31, 2021",3RD,:   CAPIZ,PONTEVEDRA,"AGDALIPE, SUBLANGON, LINAMPONGAN, GUBA, SOLO, RIZAL, BINUNTUCAN,SAN PEDRO, INTONGCAN, JOLONGAJOG, BANATE",ALL INTERIOR LOTS,WITH ROAD FRONTAGE,A1,Agricultural - A1,75.0
raw,"RDO No. 72 - Roxas City, Capiz is composed of the following City and Munic",025-2021,"October 31, 2021",3RD,:   CAPIZ,PONTEVEDRA,"AGDALIPE, SUBLANGON, LINAMPONGAN, GUBA, SOLO, RIZAL, BINUNTUCAN,SAN PEDRO, INTONGCAN, JOLONGAJOG, BANATE",ALL INTERIOR LOTS,WITH ROAD FRONTAGE,A2,Agricultural - A2,65.0
raw,"RDO No. 72 - Roxas City, Capiz is composed of the following City and Munic",025-2021,"October 31, 2021",3RD,:   CAPIZ,PONTEVEDRA,"AGDALIPE, SUBLANGON, LINAMPONGAN, GUBA, SOLO, RIZAL, BINUNTUCAN,SAN PEDRO, INTONGCAN, JOLONGAJOG, BANATE",ALL INTERIOR LOTS,WITH ROAD FRONTAGE,A4,Agricultural - A4,40.0
raw,"RDO No. 72 - Roxas City, Capiz is composed of the following City and Munic",025-2021,"October 31, 2021",3RD,:   CAPIZ,PONTEVEDRA,"AGDALIPE, SUBLANGON, LINAMPONGAN, GUBA, SOLO, RIZAL, BINUNTUCAN,SAN PEDRO, INTONGCAN, JOLONGAJOG, BANATE",ALL INTERIOR LOTS,WITH ROAD FRONTAGE,A5,Agricultural - A5,30.0
raw,"RDO No. 72 - Roxas City, Capiz is composed of the following City and Munic",025-2021,"October 31, 2021",3RD,:   CAPIZ,PONTEVEDRA,"AGDALIPE, SUBLANGON, LINAMPONGAN, GUBA, SOLO, RIZAL, BINUNTUCAN,SAN PEDRO, INTONGCAN, JOLONGAJOG, BANATE",ALL INTERIOR LOTS,WITH ROAD FRONTAGE,A7,Agricultural - A7,40.0
raw,"RDO No. 72 - Roxas City, Capiz is composed of the following City and Munic",025-2021,"October 31, 2021",3RD,:   CAPIZ,PONTEVEDRA,"AGDALIPE, SUBLANGON, LINAMPONGAN, GUBA, SOLO, RIZAL, BINUNTUCAN,SAN PEDRO, INTONGCAN, JOLONGAJOG, BANATE",ALL INTERIOR LOTS,WITH ROAD FRONTAGE,A8,Agricultural - A8,40.0
raw,"RDO No. 72 - Roxas City, Capiz is composed of the following City and Munic",025-2021,"October 31, 2021",3RD,:   CAPIZ,PONTEVEDRA,"AGDALIPE, SUBLANGON, LINAMPONGAN, GUBA, SOLO, RIZAL, BINUNTUCAN,SAN PEDRO, INTONGCAN, JOLONGAJOG, BANATE",ALL INTERIOR LOTS,WITH ROAD FRONTAGE,A9,Agricultural - A9,25.0
raw,"RDO No. 72 - Roxas City, Capiz is composed of the following City and Munic",025-2021,"October 31, 2021",3RD,:   CAPIZ,PONTEVEDRA,"AGDALIPE, SUBLANGON, LINAMPONGAN, GUBA, SOLO, RIZAL, BINUNTUCAN,SAN PEDRO, INTONGCAN, JOLONGAJOG, BANATE",ALL INTERIOR LOTS,WITH ROAD FRONTAGE,A10,Agricultural - A10,20.0
raw,"RDO No. 72 - Roxas City, Capiz is composed of the following City and Munic",025-2021,"October 31, 2021",3RD,:   CAPIZ,PONTEVEDRA,"AGDALIPE, SUBLANGON, LINAMPONGAN, GUBA, SOLO, RIZAL, BINUNTUCAN,SAN PEDRO, INTONGCAN, JOLONGAJOG, BANATE",ALL INTERIOR LOTS,WITH ROAD FRONTAGE,A12,Agricultural - A12,30.0
raw,"RDO No. 72 - Roxas City, Capiz is composed of the following City and Munic",025-2021,"October 31, 2021",3RD,:   CAPIZ,PONTEVEDRA,"AGDALIPE, SUBLANGON, LINAMPONGAN, GUBA, SOLO, RIZAL, BINUNTUCAN,SAN PEDRO, INTONGCAN, JOLONGAJOG, BANATE",ALL INTERIOR LOTS,WITH ROAD FRONTAGE,A14,Agricultural - A14,30.0
raw,"RDO No. 72 - Roxas City, Capiz is composed of the following City and Munic",025-2021,"October 31, 2021",3RD,:   CAPIZ,PONTEVEDRA,"AGDALIPE, SUBLANGON, LINAMPONGAN, GUBA, SOLO, RIZAL, BINUNTUCAN,SAN PEDRO, INTONGCAN, JOLONGAJOG, BANATE",ALL INTERIOR LOTS,WITH ROAD FRONTAGE,A15,Agricultural - A15,40.0
raw,"RDO No. 72 - Roxas City, Capiz is composed of the following City and Munic",025-2021,"October 31, 2021",3RD,:   CAPIZ,PONTEVEDRA,"AGDALIPE, SUBLANGON, LINAMPONGAN, GUBA, SOLO, RIZAL, BINUNTUCAN,SAN PEDRO, INTONGCAN, JOLONGAJOG, BANATE",ALL INTERIOR LOTS,WITH ROAD FRONTAGE,A16,Agricultural - A16,40.0
raw,"RDO No. 72 - Roxas City, Capiz is composed of the following City and Munic",025-2021,"October 31, 2021",3RD,:   CAPIZ,PONTEVEDRA,"AGDALIPE, SUBLANGON, LINAMPONGAN, GUBA, SOLO, RIZAL, BINUNTUCAN,SAN PEDRO, INTONGCAN, JOLONGAJOG, BANATE",ALL INTERIOR LOTS,WITH ROAD FRONTAGE,A17,Agricultural - A17,35.0
raw,"RDO No. 72 - Roxas City, Capiz is composed of the following City and Munic",025-2021,"October 31, 2021",3RD,:   CAPIZ,PONTEVEDRA,"AGDALIPE, SUBLANGON, LINAMPONGAN, GUBA, SOLO, RIZAL, BINUNTUCAN,SAN PEDRO, INTONGCAN, JOLONGAJOG, BANATE",ALL INTERIOR LOTS,WITH ROAD FRONTAGE,A23,Agricultural - A23,30.0
raw,"RDO No. 72 - Roxas City, Capiz is composed of the following City and Munic",025-2021,"October 31, 2021",3RD,:   CAPIZ,PONTEVEDRA,"AGDALIPE, SUBLANGON, LINAMPONGAN, GUBA, SOLO, RIZAL, BINUNTUCAN,SAN PEDRO, INTONGCAN, JOLONGAJOG, BANATE",ALL INTERIOR LOTS,WITH ROAD FRONTAGE,A26,Agricultural - A26,30.0
raw,"RDO No. 72 - Roxas City, Capiz is composed of the following City and Munic",025-2021,"October 31, 2021",3RD,:   CAPIZ,PONTEVEDRA,"AGDALIPE, SUBLANGON, LINAMPONGAN, GUBA, SOLO, RIZAL, BINUNTUCAN,SAN PEDRO, INTONGCAN, JOLONGAJOG, BANATE",ALL INTERIOR LOTS,WITH ROAD FRONTAGE,A36,Agricultural - A36,30.0
raw,"RDO No. 72 - Roxas City, Capiz is composed of the following City and Munic",025-2021,"October 31, 2021",3RD,:   CAPIZ,PONTEVEDRA,"AGDALIPE, SUBLANGON, LINAMPONGAN, GUBA, SOLO, RIZAL, BINUNTUCAN,SAN PEDRO, INTONGCAN, JOLONGAJOG, BANATE",ALL INTERIOR LOTS,WITH ROAD FRONTAGE,A40,Agricultural - A40,35.0
raw,"RDO No. 72 - Roxas City, Capiz is composed of the following City and Munic",025-2021,"October 31, 2021",3RD,:   CAPIZ,PONTEVEDRA,"AGDALIPE, SUBLANGON, LINAMPONGAN, GUBA, SOLO, RIZAL, BINUNTUCAN,SAN PEDRO, INTONGCAN, JOLONGAJOG, BANATE",ALL INTERIOR LOTS,WITH ROAD FRONTAGE,A47,Agricultural - A47,25.0
raw,"RDO No. 72 - Roxas City, Capiz is composed of the following City and Munic",025-2021,"October 31, 2021",3RD,:   CAPIZ,PONTEVEDRA,"AGDALIPE, SUBLANGON, LINAMPONGAN, GUBA, SOLO, RIZAL, BINUNTUCAN,SAN PEDRO, INTONGCAN, JOLONGAJOG, BANATE",ALL INTERIOR LOTS,WITH ROAD FRONTAGE,A49,Agricultural - A49,20.0
raw,"RDO No. 72 - Roxas City, Capiz is composed of the following City and Munic",025-2021,"October 31, 2021",3RD,:   CAPIZ,PONTEVEDRA,"AGDALIPE, SUBLANGON, LINAMPONGAN, GUBA, SOLO, RIZAL, BINUNTUCAN,SAN PEDRO, INTONGCAN, JOLONGAJOG, BANATE",ALL INTERIOR LOTS,WITH ROAD FRONTAGE,A50,Agricultural - A50,20.0
raw,"RDO No. 72 - Roxas City, Capiz is composed of the following City and Munic",,,2ND,:   CAPIZ,PONTEVEDRA,ALL BARANGAYS (ALL AGRICULTURAL LAND),ALL LOTS,,A1,Agricultural - A1,25.0
raw,"RDO No. 72 - Roxas City, Capiz is composed of the following City and Munic",,,2ND,:   CAPIZ,PONTEVEDRA,ALL BARANGAYS (ALL AGRICULTURAL LAND),ALL LOTS,,A2,Agricultural - A2,22.0
raw,"RDO No. 72 - Roxas City, Capiz is composed of the following City and Munic",,,2ND,:   CAPIZ,PONTEVEDRA,ALL BARANGAYS (ALL AGRICULTURAL LAND),ALL LOTS,,A3,Agricultural - A3,8.0
raw,"RDO No. 72 - Roxas City, Capiz is composed of the following City and Munic",,,2ND,:   CAPIZ,PONTEVEDRA,ALL BARANGAYS (ALL AGRICULTURAL LAND),ALL LOTS,,A4,Agricultural - A4,13.0
raw,"RDO No. 72 - Roxas City, Capiz is composed of the following City and Munic",,,2ND,:   CAPIZ,PONTEVEDRA,ALL BARANGAYS (ALL AGRICULTURAL LAND),ALL LOTS,,A5,Agricultural - A5,9.0
raw,"RDO No. 72 - Roxas City, Capiz is composed of the following City and Munic",,,2ND,:   CAPIZ,PONTEVEDRA,ALL BARANGAYS (ALL AGRICULTURAL LAND),ALL LOTS,,A6,Agricultural - A6,22.0
raw,"RDO No. 72 - Roxas City, Capiz is composed of the following City and Munic",,,2ND,:   CAPIZ,PONTEVEDRA,ALL BARANGAYS (ALL AGRICULTURAL LAND),ALL LOTS,,A7,Agricultural - A7,13.0
raw,"RDO No. 72 - Roxas City, Capiz is composed of the following City and Munic",,,2ND,:   CAPIZ,PONTEVEDRA,ALL BARANGAYS (ALL AGRICULTURAL LAND),ALL LOTS,,A8,Agricultural - A8,13.0
raw,"RDO No. 72 - Roxas City, Capiz is composed of the following City and Munic",,,2ND,:   CAPIZ,PONTEVEDRA,ALL BARANGAYS (ALL AGRICULTURAL LAND),ALL LOTS,,A10,Agricultural - A10,7.0
raw,"RDO No. 72 - Roxas City, Capiz is composed of the following City and Munic",,,2ND,:   CAPIZ,PONTEVEDRA,ALL BARANGAYS (ALL AGRICULTURAL LAND),ALL LOTS,,A12,Agricultural - A12,9.0
raw,"RDO No. 72 - Roxas City, Capiz is composed of the following City and Munic",,,2ND,:   CAPIZ,PONTEVEDRA,ALL BARANGAYS (ALL AGRICULTURAL LAND),ALL LOTS,,A15,Agricultural - A15,13.0
raw,"RDO No. 72 - Roxas City, Capiz is composed of the following City and Munic",,,2ND,:   CAPIZ,PONTEVEDRA,ALL BARANGAYS (ALL AGRICULTURAL LAND),ALL LOTS,,A16,Agricultural - A16,13.0
raw,"RDO No. 72 - Roxas City, Capiz is composed of the following City and Munic",,,2ND,:   CAPIZ,PONTEVEDRA,ALL BARANGAYS (ALL AGRICULTURAL LAND),ALL LOTS,,A17,Agricultural - A17,12.0
raw,"RDO No. 72 - Roxas City, Capiz is composed of the following City and Munic",,,2ND,:   CAPIZ,PONTEVEDRA,ALL BARANGAYS (ALL AGRICULTURAL LAND),ALL LOTS,,A26,Agricultural - A26,9.0
raw,"RDO No. 72 - Roxas City, Capiz is composed of the following City and Munic",,,2ND,:   CAPIZ,PONTEVEDRA,ALL BARANGAYS (ALL AGRICULTURAL LAND),ALL LOTS,,A36,Agricultural - A36,8.0
raw,"RDO No. 72 - Roxas City, Capiz is composed of the following City and Munic",,,2ND,:   CAPIZ,PONTEVEDRA,ALL BARANGAYS (ALL AGRICULTURAL LAND),ALL LOTS,,A42,Agricultural - A42,25.0
raw,"RDO No. 72 - Roxas City, Capiz is composed of the following City and Munic",,,2ND,:   CAPIZ,PONTEVEDRA,ALL BARANGAYS (ALL AGRICULTURAL LAND),ALL LOTS,,A50,Agricultural - A50,8.0
raw,"RDO No. 72 - Roxas City, Capiz is composed of the following City and Munic",,,2ND,:   CAPIZ,PONTEVEDRA,ALL BARANGAYS (ALL AGRICULTURAL LAND),ALL LOTS,,A49,Agricultural - A49,7.0
raw,"RDO No. 72 - Roxas City, Capiz is composed of the following City and Munic",025-2021,"October 31, 2021",3RD,:   CAPIZ,PONTEVEDRA,"AMELIGAN, AGBANOG, BANTIGUE, CABUGAO, MANAPAC, GABUC",ALL LOTS,ALONG ALL WEATHER ROAD,RR,Residential - Regular,630.0
raw,"RDO No. 72 - Roxas City, Capiz is composed of the following City and Munic",025-2021,"October 31, 2021",3RD,:   CAPIZ,PONTEVEDRA,"AMELIGAN, AGBANOG, BANTIGUE, CABUGAO, MANAPAC, GABUC",ALL LOTS,NO ROAD FRONTAGE,A1,Agricultural - A1,40.0
raw,"RDO No. 72 - Roxas City, Capiz is composed of the following City and Munic",025-2021,"October 31, 2021",3RD,:   CAPIZ,PONTEVEDRA,"AMELIGAN, AGBANOG, BANTIGUE, CABUGAO, MANAPAC, GABUC",ALL LOTS,NO ROAD FRONTAGE,A6,Agricultural - A6,65.0
raw,"RDO No. 72 - Roxas City, Capiz is composed of the following City and Munic",025-2021,"October 31, 2021",3RD,:   CAPIZ,PONTEVEDRA,"AMELIGAN, AGBANOG, BANTIGUE, CABUGAO, MANAPAC, GABUC",ALL LOTS,NO ROAD FRONTAGE,A7,Agricultural - A7,40.0
raw,"RDO No. 72 - Roxas City, Capiz is composed of the following City and Munic",025-2021,"October 31, 2021",3RD,:   CAPIZ,PONTEVEDRA,"AMELIGAN, AGBANOG, BANTIGUE, CABUGAO, MANAPAC, GABUC",ALL LOTS,NO ROAD FRONTAGE,A8,Agricultural - A8,40.0
raw,"RDO No. 72 - Roxas City, Capiz is composed of the following City and Munic",025-2021,"October 31, 2021",3RD,:   CAPIZ,PONTEVEDRA,"AMELIGAN, AGBANOG, BANTIGUE, CABUGAO, MANAPAC, GABUC",ALL LOTS,NO ROAD FRONTAGE,A12,Agricultural - A12,30.0
raw,"RDO No. 72 - Roxas City, Capiz is composed of the following City and Munic",025-2021,"October 31, 2021",3RD,:   CAPIZ,PONTEVEDRA,"AMELIGAN, AGBANOG, BANTIGUE, CABUGAO, MANAPAC, GABUC",ALL LOTS,NO ROAD FRONTAGE,A16,Agricultural - A16,40.0
raw,"RDO No. 72 - Roxas City, Capiz is composed of the following City and Munic",025-2021,"October 31, 2021",3RD,:   CAPIZ,PONTEVEDRA,"AMELIGAN, AGBANOG, BANTIGUE, CABUGAO, MANAPAC, GABUC",ALL LOTS,NO ROAD FRONTAGE,A24,Agricultural - A24,15.0
raw,"RDO No. 72 - Roxas City, Capiz is composed of the following City and Munic",025-2021,"October 31, 2021",3RD,:   CAPIZ,PONTEVEDRA,"AMELIGAN, AGBANOG, BANTIGUE, CABUGAO, MANAPAC, GABUC",ALL LOTS,NO ROAD FRONTAGE,A47,Agricultural - A47,20.0
raw,"RDO No. 72 - Roxas City, Capiz is composed of the following City and Munic",025-2021,"October 31, 2021",3RD,:   CAPIZ,PONTEVEDRA,"AMELIGAN, AGBANOG, BANTIGUE, CABUGAO, MANAPAC, GABUC",ALL LOTS,NO ROAD FRONTAGE,A50,Agricultural - A50,20.0
raw,"RDO No. 72 - Roxas City, Capiz is composed of the following City and Munic",,,2ND,:   CAPIZ,PONTEVEDRA,"BANATE, BANTIGUE, BINANTUCAN, CABUGAO",ALL LOTS,,RR,Residential - Regular,200.0
raw,"RDO No. 72 - Roxas City, Capiz is composed of the following City and Munic",025-2021,"October 31, 2021",3RD,:   CAPIZ,PONTEVEDRA,"BANATE, BINANTUCAN, LANTANGAN, LINAMPONGAN, MALAG-IT, SUBLANGON, YATINGAN",ALL LOTS,ALONG ALL WEATHER ROAD,RR,Residential - Regular,630.0
raw,"RDO No. 72 - Roxas City, Capiz is composed of the following City and Munic",025-2021,"October 31, 2021",3RD,:   CAPIZ,PONTEVEDRA,"BANATE, BINANTUCAN, LANTANGAN, LINAMPONGAN, MALAG-IT, SUBLANGON, YATINGAN",INTERIOR LOTS,NO ROAD FRONTAGE,A1,Agricultural - A1,75.0
raw,"RDO No. 72 - Roxas City, Capiz is composed of the following City and Munic",025-2021,"October 31, 2021",3RD,:   CAPIZ,PONTEVEDRA,"BANATE, BINANTUCAN, LANTANGAN, LINAMPONGAN, MALAG-IT, SUBLANGON, YATINGAN",INTERIOR LOTS,NO ROAD FRONTAGE,A2,Agricultural - A2,65.0
raw,"RDO No. 72 - Roxas City, Capiz is composed of the following City and Munic",025-2021,"October 31, 2021",3RD,:   CAPIZ,PONTEVEDRA,"BANATE, BINANTUCAN, LANTANGAN, LINAMPONGAN, MALAG-IT, SUBLANGON, YATINGAN",INTERIOR LOTS,NO ROAD FRONTAGE,A3,Agricultural - A3,25.0
raw,"RDO No. 72 - Roxas City, Capiz is composed of the following City and Munic",025-2021,"October 31, 2021",3RD,:   CAPIZ,PONTEVEDRA,"BANATE, BINANTUCAN, LANTANGAN, LINAMPONGAN, MALAG-IT, SUBLANGON, YATINGAN",INTERIOR LOTS,NO ROAD FRONTAGE,A4,Agricultural - A4,40.0
raw,"RDO No. 72 - Roxas City, Capiz is composed of the following City and Munic",025-2021,"October 31, 2021",3RD,:   CAPIZ,PONTEVEDRA,"BANATE, BINANTUCAN, LANTANGAN, LINAMPONGAN, MALAG-IT, SUBLANGON, YATINGAN",INTERIOR LOTS,NO ROAD FRONTAGE,A5,Agricultural - A5,30.0
raw,"RDO No. 72 - Roxas City, Capiz is composed of the following City and Munic",025-2021,"October 31, 2021",3RD,:   CAPIZ,PONTEVEDRA,"BANATE, BINANTUCAN, LANTANGAN, LINAMPONGAN, MALAG-IT, SUBLANGON, YATINGAN",INTERIOR LOTS,NO ROAD FRONTAGE,A10,Agricultural - A10,20.0
raw,"RDO No. 72 - Roxas City, Capiz is composed of the following City and Munic",025-2021,"October 31, 2021",3RD,:   CAPIZ,PONTEVEDRA,"BANATE, BINANTUCAN, LANTANGAN, LINAMPONGAN, MALAG-IT, SUBLANGON, YATINGAN",INTERIOR LOTS,NO ROAD FRONTAGE,A12,Agricultural - A12,30.0
raw,"RDO No. 72 - Roxas City, Capiz is composed of the following City and Munic",025-2021,"October 31, 2021",3RD,:   CAPIZ,PONTEVEDRA,"BANATE, BINANTUCAN, LANTANGAN, LINAMPONGAN, MALAG-IT, SUBLANGON, YATINGAN",INTERIOR LOTS,NO ROAD FRONTAGE,A15,Agricultural - A15,40.0
raw,"RDO No. 72 - Roxas City, Capiz is composed of the following City and Munic",025-2021,"October 31, 2021",3RD,:   CAPIZ,PONTEVEDRA,"BANATE, BINANTUCAN, LANTANGAN, LINAMPONGAN, MALAG-IT, SUBLANGON, YATINGAN",INTERIOR LOTS,NO ROAD FRONTAGE,A16,Agricultural - A16,40.0
raw,"RDO No. 72 - Roxas City, Capiz is composed of the following City and Munic",025-2021,"October 31, 2021",3RD,:   CAPIZ,PONTEVEDRA,"BANATE, BINANTUCAN, LANTANGAN, LINAMPONGAN, MALAG-IT, SUBLANGON, YATINGAN",INTERIOR LOTS,NO ROAD FRONTAGE,A17,Agricultural - A17,35.0
raw,"RDO No. 72 - Roxas City, Capiz is composed of the following City and Munic",025-2021,"October 31, 2021",3RD,:   CAPIZ,PONTEVEDRA,"BANATE, BINANTUCAN, LANTANGAN, LINAMPONGAN, MALAG-IT, SUBLANGON, YATINGAN",INTERIOR LOTS,NO ROAD FRONTAGE,A26,Agricultural - A26,30.0
raw,"RDO No. 72 - Roxas City, Capiz is composed of the following City and Munic",025-2021,"October 31, 2021",3RD,:   CAPIZ,PONTEVEDRA,"BANATE, BINANTUCAN, LANTANGAN, LINAMPONGAN, MALAG-IT, SUBLANGON, YATINGAN",INTERIOR LOTS,NO ROAD FRONTAGE,A36,Agricultural - A36,30.0
raw,"RDO No. 72 - Roxas City, Capiz is composed of the following City and Munic",025-2021,"October 31, 2021",3RD,:   CAPIZ,PONTEVEDRA,"BANATE, BINANTUCAN, LANTANGAN, LINAMPONGAN, MALAG-IT, SUBLANGON, YATINGAN",INTERIOR LOTS,NO ROAD FRONTAGE,A49,Agricultural - A49,20.0
raw,"RDO No. 72 - Roxas City, Capiz is composed of the following City and Munic",025-2021,"October 31, 2021",3RD,:   CAPIZ,PONTEVEDRA,"BANATE, BINANTUCAN, LANTANGAN, LINAMPONGAN, MALAG-IT, SUBLANGON, YATINGAN",INTERIOR LOTS,NO ROAD FRONTAGE,A50,Agricultural - A50,20.0
raw,"RDO No. 72 - Roxas City, Capiz is composed of the following City and Munic",,,2ND,:   CAPIZ,PONTEVEDRA,"GABUC (CAUGIAT), GUBA, HIPONA, INTUNGCAN",ALL LOTS,,RR,Residential - Regular,200.0
raw,"RDO No. 72 - Roxas City, Capiz is composed of the following City and Munic",,,2ND,:   CAPIZ,PONTEVEDRA,"JOLONGAJOG, LANTANGAN, LINAMPONGAN",ALL LOTS,,RR,Residential - Regular,200.0
raw,"RDO No. 72 - Roxas City, Capiz is composed of the following City and Munic",,,2ND,:   CAPIZ,PONTEVEDRA,"MALAG-IT, MANAPAC, RIZAL, SAN PEDRO",ALL LOTS,,RR,Residential - Regular,200.0
raw,"RDO No. 72 - Roxas City, Capiz is composed of the following City and Munic",,,2ND,:   CAPIZ,PONTEVEDRA,POBLACION,ALBIO ST,NATIONAL ROAD-SAN ROQUE ST,RR,Residential - Regular,300.0
raw,"RDO No. 72 - Roxas City, Capiz is composed of the following City and Munic",,,2ND,:   CAPIZ,PONTEVEDRA,POBLACION,ALBIO ST,ALONG HIGHWAY LOTS,GP,General Purpose,100.0
raw,"RDO No. 72 - Roxas City, Capiz is composed of the following City and Munic",,,2ND,:   CAPIZ,PONTEVEDRA,POBLACION,ALBIO ST,SAN ROQUE-ALBAO GOING CPD,RR,Residential - Regular,300.0
raw,"RDO No. 72 - Roxas City, Capiz is composed of the following City and Munic",,,2ND,:   CAPIZ,PONTEVEDRA,POBLACION,ASUNCION,NATIONAL ROAD-SAN ROQUE ST,RR,Residential - Regular,400.0
raw,"RDO No. 72 - Roxas City, Capiz is composed of the following City and Munic",,,2ND,:   CAPIZ,PONTEVEDRA,POBLACION,BURGOS ST,,CR,Commercial - Regular,1000.0
raw,"RDO No. 72 - Roxas City, Capiz is composed of the following City and Munic",,,2ND,:   CAPIZ,PONTEVEDRA,POBLACION,BURGOS ST,,RR,Residential - Regular,850.0
raw,"RDO No. 72 - Roxas City, Capiz is composed of the following City and Munic",,,2ND,:   CAPIZ,PONTEVEDRA,POBLACION,BURGOS ST,,I,Industrial,1000.0
raw,"RDO No. 72 - Roxas City, Capiz is composed of the following City and Munic",,,2ND,:   CAPIZ,PONTEVEDRA,POBLACION,DAIS ST,JON ST-MALIC ST,RR,Residential - Regular,850.0
raw,"RDO No. 72 - Roxas City, Capiz is composed of the following City and Munic",,,2ND,:   CAPIZ,PONTEVEDRA,POBLACION,IBARRA ST,JON ST-MALIC ST,RR,Residential - Regular,850.0
raw,"RDO No. 72 - Roxas City, Capiz is composed of the following City and Munic",,,2ND,:   CAPIZ,PONTEVEDRA,POBLACION,ISAGANI EXT,JON ST-MALIC ST,RR,Residential - Regular,700.0
raw,"RDO No. 72 - Roxas City, Capiz is composed of the following City and Munic",,,2ND,:   CAPIZ,PONTEVEDRA,POBLACION,ISAGANI ST,PUBLIC MARKET & LOW VICINITY,CR,Commercial - Regular,1000.0
raw,"RDO No. 72 - Roxas City, Capiz is composed of the following City and Munic",,,2ND,:   CAPIZ,PONTEVEDRA,POBLACION,ISAGANI ST,PUBLIC MARKET & LOW VICINITY,RR,Residential - Regular,950.0
raw,"RDO No. 72 - Roxas City, Capiz is composed of the following City and Munic",,,2ND,:   CAPIZ,PONTEVEDRA,POBLACION,ISAGANI ST,JON ST-MALIC ST,I,Industrial,1000.0
raw,"RDO No. 72 - Roxas City, Capiz is composed of the following City and Munic",,,2ND,:   CAPIZ,PONTEVEDRA,POBLACION,ISAGANI ST,JON ST-MALIC ST,RR,Residential - Regular,850.0
raw,"RDO No. 72 - Roxas City, Capiz is composed of the following City and Munic",,,2ND,:   CAPIZ,PONTEVEDRA,POBLACION,JON ST,JON ST-MALIC ST,RR,Residential - Regular,700.0
raw,"RDO No. 72 - Roxas City, Capiz is composed of the following City and Munic",,,2ND,:   CAPIZ,PONTEVEDRA,POBLACION,JUVENILE,JON ST-MALIC ST,RR,Residential - Regular,700.0
raw,"RDO No. 72 - Roxas City, Capiz is composed of the following City and Munic",,,2ND,:   CAPIZ,PONTEVEDRA,POBLACION,LUNA ST,JON ST-MALIC ST,RR,Residential - Regular,700.0
raw,"RDO No. 72 - Roxas City, Capiz is composed of the following City and Munic",,,2ND,:   CAPIZ,PONTEVEDRA,POBLACION,MALIC ST,JON ST-MALIC ST,RR,Residential - Regular,850.0
raw,"RDO No. 72 - Roxas City, Capiz is composed of the following City and Munic",,,2ND,:   CAPIZ,PONTEVEDRA,POBLACION,NATIONAL ROAD,PASSING NATIONAL HIGHWAY SCH & CEMETERY,RR,Residential - Regular,850.0
raw,"RDO No. 72 - Roxas City, Capiz is composed of the following City and Munic",,,2ND,:   CAPIZ,PONTEVEDRA,POBLACION,NATIONAL ROAD,INTERIOR,RR,Residential - Regular,650.0
raw,"RDO No. 72 - Roxas City, Capiz is composed of the following City and Munic",,,2ND,:   CAPIZ,PONTEVEDRA,POBLACION,OSMENA,,RR,Residential - Regular,400.0
raw,"RDO No. 72 - Roxas City, Capiz is composed of the following City and Munic",,,2ND,:   CAPIZ,PONTEVEDRA,POBLACION,PRES. ROXAS,,RR,Residential - Regular,400.0
raw,"RDO No. 72 - Roxas City, Capiz is composed of the following City and Munic",,,2ND,:   CAPIZ,PONTEVEDRA,POBLACION,RIZAL ST,,CR,Commercial - Regular,1050.0
raw,"RDO No. 72 - Roxas City, Capiz is composed of the following City and Munic",,,2ND,:   CAPIZ,PONTEVEDRA,POBLACION,SAN DIEGO,NATIONAL ROAD-SAN ROQUE ST,RR,Residential - Regular,300.0
raw,"RDO No. 72 - Roxas City, Capiz is composed of the following City and Munic",,,2ND,:   CAPIZ,PONTEVEDRA,POBLACION,SAN ROQUE,NATIONAL ROAD-SAN ROQUE ST,RR,Residential - Regular,300.0
raw,"RDO No. 72 - Roxas City, Capiz is composed of the following City and Munic",,,2ND,:   CAPIZ,PONTEVEDRA,POBLACION,TACAS-MALIC ROAD,JON ST-MALIC ST,RR,Residential - Regular,700.0
raw,"RDO No. 72 - Roxas City, Capiz is composed of the following City and Munic",,,2ND,:   CAPIZ,PONTEVEDRA,POBLACION,TUBAC ROAD,INTERIOR,RR,Residential - Regular,450.0
raw,"RDO No. 72 - Roxas City, Capiz is composed of the following City and Munic",,,2ND,:   CAPIZ,PONTEVEDRA,POBLACION,WEATHER ROAD,WITHIN 1 KM FROM POBLACION,RR,Residential - Regular,650.0
raw,"RDO No. 72 - Roxas City, Capiz is composed of the following City and Munic",,,2ND,:   CAPIZ,PONTEVEDRA,POBLACION,WEATHER ROAD,INTERIOR LOTS,RR,Residential - Regular,400.0
raw,"RDO No. 72 - Roxas City, Capiz is composed of the following City and Munic",,,2ND,:   CAPIZ,PONTEVEDRA,POBLACION,WEATHER ROAD,10KMS FRON TRADING CENTER,I,Industrial,700.0
raw,"RDO No. 72 - Roxas City, Capiz is composed of the following City and Munic",,,2ND,:   CAPIZ,PONTEVEDRA,POBLACION,WILSON,NATIONAL ROAD-SAN ROQUE ST,RR,Residential - Regular,300.0
raw,"RDO No. 72 - Roxas City, Capiz is composed of the following City and Munic",025-2021,"October 31, 2021",3RD,:   CAPIZ,PONTEVEDRA,"POBLACION ILAYA, ILAWOD, TABUC",*TABUC-TICO ROAD,*ALONG NATIONAL ROAD,CR,Commercial - Regular,2850.0
raw,"RDO No. 72 - Roxas City, Capiz is composed of the following City and Munic",025-2021,"October 31, 2021",3RD,:   CAPIZ,PONTEVEDRA,"POBLACION ILAYA, ILAWOD, TABUC",*TABUC-TICO ROAD,*ALONG NATIONAL ROAD,RR,Residential - Regular,970.0
raw,"RDO No. 72 - Roxas City, Capiz is composed of the following City and Munic",025-2021,"October 31, 2021",3RD,:   CAPIZ,PONTEVEDRA,"POBLACION ILAYA, ILAWOD, TABUC",*TABUC-TICO ROAD,*INTERIOR LOTS,RR,Residential - Regular,840.0
raw,"RDO No. 72 - Roxas City, Capiz is composed of the following City and Munic",025-2021,"October 31, 2021",3RD,:   CAPIZ,PONTEVEDRA,"POBLACION ILAYA, ILAWOD, TABUC",*TABUC-TICO ROAD,*INTERIOR LOTS,A1,Agricultural - A1,320.0
raw,"RDO No. 72 - Roxas City, Capiz is composed of the following City and Munic",025-2021,"October 31, 2021",3RD,:   CAPIZ,PONTEVEDRA,"POBLACION ILAYA, ILAWOD, TABUC",*TABUC-TICO ROAD,*INTERIOR LOTS,A2,Agricultural - A2,280.0
raw,"RDO No. 72 - Roxas City, Capiz is composed of the following City and Munic",025-2021,"October 31, 2021",3RD,:   CAPIZ,PONTEVEDRA,"POBLACION ILAYA, ILAWOD, TABUC",BURGOS STREET,*ALONG PROV.L ROAD,CR,Commercial - Regular,2850.0
raw,"RDO No. 72 - Roxas City, Capiz is composed of the following City and Munic",025-2021,"October 31, 2021",3RD,:   CAPIZ,PONTEVEDRA,"POBLACION ILAYA, ILAWOD, TABUC",BURGOS STREET,*ALONG PROV.L ROAD,I,Industrial,2850.0
raw,"RDO No. 72 - Roxas City, Capiz is composed of the following City and Munic",025-2021,"October 31, 2021",3RD,:   CAPIZ,PONTEVEDRA,"POBLACION ILAYA, ILAWOD, TABUC",BURGOS STREET,*ALONG PROV.L ROAD,RR,Residential - Regular,970.0
raw,"RDO No. 72 - Roxas City, Capiz is composed of the following City and Munic",025-2021,"October 31, 2021",3RD,:   CAPIZ,PONTEVEDRA,"POBLACION ILAYA, ILAWOD, TABUC",BURGOS STREET,*INTERIOR LOTS,RR,Residential - Regular,920.0
raw,"RDO No. 72 - Roxas City, Capiz is composed of the following City and Munic",025-2021,"October 31, 2021",3RD,:   CAPIZ,PONTEVEDRA,"POBLACION ILAYA, ILAWOD, TABUC",DAIS STREET,*ALONG MUNCIPAL ROAD,CR,Commercial - Regular,2850.0
raw,"RDO No. 72 - Roxas City, Capiz is composed of the following City and Munic",025-2021,"October 31, 2021",3RD,:   CAPIZ,PONTEVEDRA,"POBLACION ILAYA, ILAWOD, TABUC",DAIS STREET,*ALONG MUNCIPAL ROAD,RR,Residential - Regular,970.0
raw,"RDO No. 72 - Roxas City, Capiz is composed of the following City and Munic",025-2021,"October 31, 2021",3RD,:   CAPIZ,PONTEVEDRA,"POBLACION ILAYA, ILAWOD, TABUC",DAIS STREET,*INTERIOR LOTS,RR,Residential - Regular,840.0
raw,"RDO No. 72 - Roxas City, Capiz is composed of the following City and Munic",025-2021,"October 31, 2021",3RD,:   CAPIZ,PONTEVEDRA,"POBLACION ILAYA, ILAWOD, TABUC","DEVELOPED SUBDIVISION( VILLA ESPERANZA, PDAAP I,II,III,BELLE VILLAGES 1,II,III,DON ESTEBAN VILLAGE)",TABUC(VILLA ESPERANZA),RR,Residential - Regular,570.0
raw,"RDO No. 72 - Roxas City, Capiz is composed of the following City and Munic",025-2021,"October 31, 2021",3RD,:   CAPIZ,PONTEVEDRA,"POBLACION ILAYA, ILAWOD, TABUC","DEVELOPED SUBDIVISION( VILLA ESPERANZA, PDAAP I,II,III,BELLE VILLAGES 1,II,III,DON ESTEBAN VILLAGE)","BINUNTUCAN(PDAAP I, II, III)",RR,Residential - Regular,570.0
raw,"RDO No. 72 - Roxas City, Capiz is composed of the following City and Munic",025-2021,"October 31, 2021",3RD,:   CAPIZ,PONTEVEDRA,"POBLACION ILAYA, ILAWOD, TABUC","DEVELOPED SUBDIVISION( VILLA ESPERANZA, PDAAP I,II,III,BELLE VILLAGES 1,II,III,DON ESTEBAN VILLAGE)","BELLE VILLAGE I,II (POB. TACAS)",RRNHA,RRNHA,570.0
raw,"RDO No. 72 - Roxas City, Capiz is composed of the following City and Munic",025-2021,"October 31, 2021",3RD,:   CAPIZ,PONTEVEDRA,"POBLACION ILAYA, ILAWOD, TABUC","DEVELOPED SUBDIVISION( VILLA ESPERANZA, PDAAP I,II,III,BELLE VILLAGES 1,II,III,DON ESTEBAN VILLAGE)",BELLE VILLAGE III(GUBA),RRNHA,RRNHA,570.0
raw,"RDO No. 72 - Roxas City, Capiz is composed of the following City and Munic",025-2021,"October 31, 2021",3RD,:   CAPIZ,PONTEVEDRA,"POBLACION ILAYA, ILAWOD, TABUC","DEVELOPED SUBDIVISION( VILLA ESPERANZA, PDAAP I,II,III,BELLE VILLAGES 1,II,III,DON ESTEBAN VILLAGE)",DON ESTEBAN VILLAGE( RIZAL),RRNHA,RRNHA,570.0
raw,"RDO No. 72 - Roxas City, Capiz is composed of the following City and Munic",025-2021,"October 31, 2021",3RD,:   CAPIZ,PONTEVEDRA,"POBLACION ILAYA, ILAWOD, TABUC",IBARRA STREET,*ALONG MUNICIPAL ROAD,CR,Commercial - Regular,2850.0
raw,"RDO No. 72 - Roxas City, Capiz is composed of the following City and Munic",025-2021,"October 31, 2021",3RD,:   CAPIZ,PONTEVEDRA,"POBLACION ILAYA, ILAWOD, TABUC",IBARRA STREET,*ALONG MUNICIPAL ROAD,RR,Residential - Regular,970.0
raw,"RDO No. 72 - Roxas City, Capiz is composed of the following City and Munic",025-2021,"October 31, 2021",3RD,:   CAPIZ,PONTEVEDRA,"POBLACION ILAYA, ILAWOD, TABUC",IBARRA STREET,*INTERIOR LOTS,RR,Residential - Regular,920.0
raw,"RDO No. 72 - Roxas City, Capiz is composed of the following City and Munic",025-2021,"October 31, 2021",3RD,:   CAPIZ,PONTEVEDRA,"POBLACION ILAYA, ILAWOD, TABUC",ISAGANI STREET,*ALONG NATIONAL ROAD,CR,Commercial - Regular,3000.0
raw,"RDO No. 72 - Roxas City, Capiz is composed of the following City and Munic",025-2021,"October 31, 2021",3RD,:   CAPIZ,PONTEVEDRA,"POBLACION ILAYA, ILAWOD, TABUC",ISAGANI STREET,*JON STREET,CR,Commercial - Regular,2850.0
raw,"RDO No. 72 - Roxas City, Capiz is composed of the following City and Munic",025-2021,"October 31, 2021",3RD,:   CAPIZ,PONTEVEDRA,"POBLACION ILAYA, ILAWOD, TABUC",ISAGANI STREET,*JON STREET,RR,Residential - Regular,970.0
raw,"RDO No. 72 - Roxas City, Capiz is composed of the following City and Munic",025-2021,"October 31, 2021",3RD,:   CAPIZ,PONTEVEDRA,"POBLACION ILAYA, ILAWOD, TABUC",ISAGANI STREET,*INTERIOR LOTS,RR,Residential - Regular,920.0
raw,"RDO No. 72 - Roxas City, Capiz is composed of the following City and Munic",025-2021,"October 31, 2021",3RD,:   CAPIZ,PONTEVEDRA,"POBLACION ILAYA, ILAWOD, TABUC",JUVENILLE STREET,*INTERIOR LOTS,RR,Residential - Regular,840.0
raw,"RDO No. 72 - Roxas City, Capiz is composed of the following City and Munic",025-2021,"October 31, 2021",3RD,:   CAPIZ,PONTEVEDRA,"POBLACION ILAYA, ILAWOD, TABUC",LUNA STREET(G. BENLIRO ST),*INTERIOR LOTS,RR,Residential - Regular,920.0
raw,"RDO No. 72 - Roxas City, Capiz is composed of the following City and Munic",025-2021,"October 31, 2021",3RD,:   CAPIZ,PONTEVEDRA,"POBLACION ILAYA, ILAWOD, TABUC",LUNA STREET(G. BENLIRO ST),*ALONG MUNICIPAL ROAD,CR,Commercial - Regular,2850.0
raw,"RDO No. 72 - Roxas City, Capiz is composed of the following City and Munic",025-2021,"October 31, 2021",3RD,:   CAPIZ,PONTEVEDRA,"POBLACION ILAYA, ILAWOD, TABUC",LUNA STREET(G. BENLIRO ST),*ALONG MUNICIPAL ROAD,RR,Residential - Regular,970.0
raw,"RDO No. 72 - Roxas City, Capiz is composed of the following City and Munic",025-2021,"October 31, 2021",3RD,:   CAPIZ,PONTEVEDRA,"POBLACION ILAYA, ILAWOD, TABUC",LUNA STREET(G. BENLIRO ST),*INTERIOR LOTS,RR,Residential - Regular,880.0
raw,"RDO No. 72 - Roxas City, Capiz is composed of the following City and Munic",025-2021,"October 31, 2021",3RD,:   CAPIZ,PONTEVEDRA,"POBLACION ILAYA, ILAWOD, TABUC",MALIC STREET,*ALONG MUNICIPALITY ROAD,CR,Commercial - Regular,2850.0
raw,"RDO No. 72 - Roxas City, Capiz is composed of the following City and Munic",025-2021,"October 31, 2021",3RD,:   CAPIZ,PONTEVEDRA,"POBLACION ILAYA, ILAWOD, TABUC",MALIC STREET,*ALONG MUNICIPALITY ROAD,RR,Residential - Regular,970.0
raw,"RDO No. 72 - Roxas City, Capiz is composed of the following City and Munic",025-2021,"October 31, 2021",3RD,:   CAPIZ,PONTEVEDRA,"POBLACION ILAYA, ILAWOD, TABUC",MALIC STREET,*ALONG MALIC-BAYBAY ROAD,RR,Residential - Regular,920.0
raw,"RDO No. 72 - Roxas City, Capiz is composed of the following City and Munic",025-2021,"October 31, 2021",3RD,:   CAPIZ,PONTEVEDRA,"POBLACION ILAYA, ILAWOD, TABUC",RIZAL STREET,*ALONG NATIONAL ROAD,CR,Commercial - Regular,3070.0
raw,"RDO No. 72 - Roxas City, Capiz is composed of the following City and Munic",025-2021,"October 31, 2021",3RD,:   CAPIZ,PONTEVEDRA,"POBLACION ILAYA, ILAWOD, TABUC",RIZAL STREET,*ALONG NATIONAL ROAD,RR,Residential - Regular,970.0
raw,"RDO No. 72 - Roxas City, Capiz is composed of the following City and Munic",025-2021,"October 31, 2021",3RD,:   CAPIZ,PONTEVEDRA,"POBLACION ILAYA, ILAWOD, TABUC",RIZAL STREET,*INTERIOR LOTS,RR,Residential - Regular,1030.0
raw,"RDO No. 72 - Roxas City, Capiz is composed of the following City and Munic",025-2021,"October 31, 2021",3RD,:   CAPIZ,PONTEVEDRA,"POBLACION ILAYA, ILAWOD, TABUC",TACAS- MALIC ROAD,*ALONG MUNICIPAL ROAD,CR,Commercial - Regular,2850.0
raw,"RDO No. 72 - Roxas City, Capiz is composed of the following City and Munic",025-2021,"October 31, 2021",3RD,:   CAPIZ,PONTEVEDRA,"POBLACION ILAYA, ILAWOD, TABUC",TACAS- MALIC ROAD,*ALONG MUNICIPAL ROAD,RR,Residential - Regular,970.0
raw,"RDO No. 72 - Roxas City, Capiz is composed of the following City and Munic",025-2021,"October 31, 2021",3RD,:   CAPIZ,PONTEVEDRA,"TACAS, BAILAN, HIPONA",*BAILAN -PANITAN ROAD,*ALONG NATIONAL ROAD,CR,Commercial - Regular,2850.0
raw,"RDO No. 72 - Roxas City, Capiz is composed of the following City and Munic",025-2021,"October 31, 2021",3RD,:   CAPIZ,PONTEVEDRA,"TACAS, BAILAN, HIPONA",*BAILAN -PANITAN ROAD,*ALONG NATIONAL ROAD,RR,Residential - Regular,880.0
raw,"RDO No. 72 - Roxas City, Capiz is composed of the following City and Munic",025-2021,"October 31, 2021",3RD,:   CAPIZ,PONTEVEDRA,"TACAS, BAILAN, HIPONA",*BAILAN -PANITAN ROAD,*INTERIOR LOTS,RR,Residential - Regular,780.0
raw,"RDO No. 72 - Roxas City, Capiz is composed of the following City and Munic",025-2021,"October 31, 2021",3RD,:   CAPIZ,PONTEVEDRA,"TACAS, BAILAN, HIPONA",*BAILAN -PANITAN ROAD,*INTERIOR LOTS,A1,Agricultural - A1,75.0
raw,"RDO No. 72 - Roxas City, Capiz is composed of the following City and Munic",025-2021,"October 31, 2021",3RD,:   CAPIZ,PONTEVEDRA,"TACAS, BAILAN, HIPONA",*BAILAN -PANITAN ROAD,*INTERIOR LOTS,A2,Agricultural - A2,65.0
raw,"RDO No. 72 - Roxas City, Capiz is composed of the following City and Munic",025-2021,"October 31, 2021",3RD,:   CAPIZ,PONTEVEDRA,"TACAS, BAILAN, HIPONA",*BAILAN -PANITAN ROAD,*INTERIOR LOTS,A12,Agricultural - A12,30.0
raw,"RDO No. 72 - Roxas City, Capiz is composed of the following City and Munic",025-2021,"October 31, 2021",3RD,:   CAPIZ,PONTEVEDRA,"TACAS, BAILAN, HIPONA",*BAILAN- HIPONA ROAD,*ALONG NATIONAL ROAD,CR,Commercial - Regular,2850.0
raw,"RDO No. 72 - Roxas City, Capiz is composed of the following City and Munic",025-2021,"October 31, 2021",3RD,:   CAPIZ,PONTEVEDRA,"TACAS, BAILAN, HIPONA",*BAILAN- HIPONA ROAD,*ALONG NATIONAL ROAD,RR,Residential - Regular,880.0
raw,"RDO No. 72 - Roxas City, Capiz is composed of the following City and Munic",025-2021,"October 31, 2021",3RD,:   CAPIZ,PONTEVEDRA,"TACAS, BAILAN, HIPONA",*BAILAN- HIPONA ROAD,*INTERIOR LOTS,RR,Residential - Regular,780.0
raw,"RDO No. 72 - Roxas City, Capiz is composed of the following City and Munic",025-2021,"October 31, 2021",3RD,:   CAPIZ,PONTEVEDRA,"TACAS, BAILAN, HIPONA",*BAILAN- HIPONA ROAD,*INTERIOR LOTS,A1,Agricultural - A1,75.0
raw,"RDO No. 72 - Roxas City, Capiz is composed of the following City and Munic",025-2021,"October 31, 2021",3RD,:   CAPIZ,PONTEVEDRA,"TACAS, BAILAN, HIPONA",*BAILAN- HIPONA ROAD,*INTERIOR LOTS,A2,Agricultural - A2,65.0
raw,"RDO No. 72 - Roxas City, Capiz is composed of the following City and Munic",025-2021,"October 31, 2021",3RD,:   CAPIZ,PONTEVEDRA,"TACAS, BAILAN, HIPONA",*BAILAN- HIPONA ROAD,*INTERIOR LOTS,A12,Agricultural - A12,30.0
raw,"RDO No. 72 - Roxas City, Capiz is composed of the following City and Munic",025-2021,"October 31, 2021",3RD,:   CAPIZ,PONTEVEDRA,"TACAS, BAILAN, HIPONA",*BAILAN- HIPONA ROAD,*INTERIOR LOTS,A16,Agricultural - A16,40.0
raw,"RDO No. 72 - Roxas City, Capiz is composed of the following City and Munic",025-2021,"October 31, 2021",3RD,:   CAPIZ,PONTEVEDRA,"TACAS, BAILAN, HIPONA",*BAILAN- HIPONA ROAD,*INTERIOR LOTS,A17,Agricultural - A17,35.0
raw,"RDO No. 72 - Roxas City, Capiz is composed of the following City and Munic",025-2021,"October 31, 2021",3RD,:   CAPIZ,PONTEVEDRA,"TACAS, BAILAN, HIPONA",*BAILAN- MAAYON ROAD,*ALONG NATIONAL ROAD,CR,Commercial - Regular,2850.0
raw,"RDO No. 72 - Roxas City, Capiz is composed of the following City and Munic",025-2021,"October 31, 2021",3RD,:   CAPIZ,PONTEVEDRA,"TACAS, BAILAN, HIPONA",*BAILAN- MAAYON ROAD,*ALONG NATIONAL ROAD,RR,Residential - Regular,880.0
raw,"RDO No. 72 - Roxas City, Capiz is composed of the following City and Munic",025-2021,"October 31, 2021",3RD,:   CAPIZ,PONTEVEDRA,"TACAS, BAILAN, HIPONA",*BAILAN- MAAYON ROAD,*INTERIOR LOTS,RR,Residential - Regular,780.0
raw,"RDO No. 72 - Roxas City, Capiz is composed of the following City and Munic",025-2021,"October 31, 2021",3RD,:   CAPIZ,PONTEVEDRA,"TACAS, BAILAN, HIPONA",*BAILAN- MAAYON ROAD,*INTERIOR LOTS,A1,Agricultural - A1,75.0
raw,"RDO No. 72 - Roxas City, Capiz is composed of the following City and Munic",025-2021,"October 31, 2021",3RD,:   CAPIZ,PONTEVEDRA,"TACAS, BAILAN, HIPONA",*BAILAN- MAAYON ROAD,*INTERIOR LOTS,A2,Agricultural - A2,65.0
raw,"RDO No. 72 - Roxas City, Capiz is composed of the following City and Munic",025-2021,"October 31, 2021",3RD,:   CAPIZ,PONTEVEDRA,"TACAS, BAILAN, HIPONA",*BAILAN- MAAYON ROAD,*INTERIOR LOTS,A12,Agricultural - A12,30.0
raw,"RDO No. 72 - Roxas City, Capiz is composed of the following City and Munic",025-2021,"October 31, 2021",3RD,:   CAPIZ,PONTEVEDRA,"TACAS, BAILAN, HIPONA",*BAILAN- MAAYON ROAD,*INTERIOR LOTS,A16,Agricultural - A16,40.0
raw,"RDO No. 72 - Roxas City, Capiz is composed of the following City and Munic",025-2021,"October 31, 2021",3RD,:   CAPIZ,PONTEVEDRA,"TACAS, BAILAN, HIPONA",*BAILAN- MAAYON ROAD,*INTERIOR LOTS,A17,Agricultural - A17,35.0
raw,"RDO No. 72 - Roxas City, Capiz is composed of the following City and Munic",025-2021,"October 31, 2021",3RD,:   CAPIZ,PONTEVEDRA,"TACAS, BAILAN, HIPONA",*HIPONA- INTONGCAN ROAD,*ALONG NATIONAL ROAD,CR,Commercial - Regular,2850.0
raw,"RDO No. 72 - Roxas City, Capiz is composed of the following City and Munic",025-2021,"October 31, 2021",3RD,:   CAPIZ,PONTEVEDRA,"TACAS, BAILAN, HIPONA",*HIPONA- INTONGCAN ROAD,*ALONG NATIONAL ROAD,RR,Residential - Regular,880.0
raw,"RDO No. 72 - Roxas City, Capiz is composed of the following City and Munic",025-2021,"October 31, 2021",3RD,:   CAPIZ,PONTEVEDRA,"TACAS, BAILAN, HIPONA",*HIPONA- INTONGCAN ROAD,*INTERIOR LOTS,RR,Residential - Regular,780.0
raw,"RDO No. 72 - Roxas City, Capiz is composed of the following City and Munic",025-2021,"October 31, 2021",3RD,:   CAPIZ,PONTEVEDRA,"TACAS, BAILAN, HIPONA",*HIPONA- INTONGCAN ROAD,*INTERIOR LOTS,A1,Agricultural - A1,75.0
raw,"RDO No. 72 - Roxas City, Capiz is composed of the following City and Munic",025-2021,"October 31, 2021",3RD,:   CAPIZ,PONTEVEDRA,"TACAS, BAILAN, HIPONA",*HIPONA- INTONGCAN ROAD,*INTERIOR LOTS,A2,Agricultural - A2,65.0
raw,"RDO No. 72 - Roxas City, Capiz is composed of the following City and Munic",025-2021,"October 31, 2021",3RD,:   CAPIZ,PONTEVEDRA,"TACAS, BAILAN, HIPONA",*HIPONA- INTONGCAN ROAD,*INTERIOR LOTS,A12,Agricultural - A12,30.0
raw,"RDO No. 72 - Roxas City, Capiz is composed of the following City and Munic",025-2021,"October 31, 2021",3RD,:   CAPIZ,PONTEVEDRA,"TACAS, BAILAN, HIPONA",*HIPONA- INTONGCAN ROAD,*INTERIOR LOTS,A16,Agricultural - A16,40.0
raw,"RDO No. 72 - Roxas City, Capiz is composed of the following City and Munic",025-2021,"October 31, 2021",3RD,:   CAPIZ,PONTEVEDRA,"TACAS, BAILAN, HIPONA",*HIPONA- INTONGCAN ROAD,*INTERIOR LOTS,A17,Agricultural - A17,35.0
raw,"RDO No. 72 - Roxas City, Capiz is composed of the following City and Munic",025-2021,"October 31, 2021",3RD,:   CAPIZ,PONTEVEDRA,"TACAS, BAILAN, HIPONA",*HIPONA- YATINGAN ROAD,*ALONG NATIONAL ROAD,CR,Commercial - Regular,2850.0
raw,"RDO No. 72 - Roxas City, Capiz is composed of the following City and Munic",025-2021,"October 31, 2021",3RD,:   CAPIZ,PONTEVEDRA,"TACAS, BAILAN, HIPONA",*HIPONA- YATINGAN ROAD,*INTERIOR LOTS,RR,Residential - Regular,880.0
raw,"RDO No. 72 - Roxas City, Capiz is composed of the following City and Munic",025-2021,"October 31, 2021",3RD,:   CAPIZ,PONTEVEDRA,"TACAS, BAILAN, HIPONA",*HIPONA- YATINGAN ROAD,*INTERIOR LOTS,A17,Agricultural - A17,160.0
raw,"RDO No. 72 - Roxas City, Capiz is composed of the following City and Munic",025-2021,"October 31, 2021",3RD,:   CAPIZ,PONTEVEDRA,"TACAS, BAILAN, HIPONA",*LORENZO STREET,*ALONG NATIONAL ROAD,RR,Residential - Regular,880.0
raw,"RDO No. 72 - Roxas City, Capiz is composed of the following City and Munic",025-2021,"October 31, 2021",3RD,:   CAPIZ,PONTEVEDRA,"TACAS, BAILAN, HIPONA",*REAL STREET,*ALONG NATIONAL ROAD,CR,Commercial - Regular,2850.0
raw,"RDO No. 72 - Roxas City, Capiz is composed of the following City and Munic",025-2021,"October 31, 2021",3RD,:   CAPIZ,PONTEVEDRA,"TACAS, BAILAN, HIPONA",*REAL STREET,*ALONG NATIONAL ROAD,CR,Commercial - Regular,2850.0
raw,"RDO No. 72 - Roxas City, Capiz is composed of the following City and Munic",025-2021,"October 31, 2021",3RD,:   CAPIZ,PONTEVEDRA,"TACAS, BAILAN, HIPONA",*TACAS-MALAG-IT ROAD,*ALONG NATIONAL ROAD,CR,Commercial - Regular,2850.0
raw,"RDO No. 72 - Roxas City, Capiz is composed of the following City and Munic",025-2021,"October 31, 2021",3RD,:   CAPIZ,PONTEVEDRA,"TACAS, BAILAN, HIPONA",*TACAS-MALAG-IT ROAD,*ALONG NATIONAL ROAD,RR,Residential - Regular,900.0
raw,"RDO No. 72 - Roxas City, Capiz is composed of the following City and Munic",025-2021,"October 31, 2021",3RD,:   CAPIZ,PONTEVEDRA,"TACAS, BAILAN, HIPONA",*TACAS-MALAG-IT ROAD,*INTERIOR LOTS,RR,Residential - Regular,840.0
raw,"RDO No. 72 - Roxas City, Capiz is composed of the following City and Munic",025-2021,"October 31, 2021",3RD,:   CAPIZ,PONTEVEDRA,"TACAS, BAILAN, HIPONA",*TACAS-MALAG-IT ROAD,*INTERIOR LOTS,A2,Agricultural - A2,65.0
raw,"RDO No. 72 - Roxas City, Capiz is composed of the following City and Munic",025-2021,"October 31, 2021",3RD,:   CAPIZ,PONTEVEDRA,"TACAS, BAILAN, HIPONA",*TACAS-MALAG-IT ROAD,*INTERIOR LOTS,A6,Agricultural - A6,65.0
raw,"RDO No. 72 - Roxas City, Capiz is composed of the following City and Munic",025-2021,"October 31, 2021",3RD,:   CAPIZ,PONTEVEDRA,"TACAS, BAILAN, HIPONA",*TACAS-MALAG-IT ROAD,*INTERIOR LOTS,A12,Agricultural - A12,30.0
raw,"RDO No. 72 - Roxas City, Capiz is composed of the following City and Munic",025-2021,"October 31, 2021",3RD,:   CAPIZ,PONTEVEDRA,"TACAS, BAILAN, HIPONA",ALBEO STREET,*ALONG NATIONAL ROAD,RR,Residential - Regular,880.0
raw,"RDO No. 72 - Roxas City, Capiz is composed of the following City and Munic",025-2021,"October 31, 2021",3RD,:   CAPIZ,PONTEVEDRA,"TACAS, BAILAN, HIPONA",SAN DIEGO,*ALONG NATIONAL ROAD,RR,Residential - Regular,880.0
raw,"RDO No. 72 - Roxas City, Capiz is composed of the following City and Munic",025-2021,"October 31, 2021",3RD,:   CAPIZ,PONTEVEDRA,"TACAS, BAILAN, HIPONA",SAN ROQUE,*ALONG NATIONAL ROAD,RR,Residential - Regular,880.0
raw,"RDO No. 72 - Roxas City, Capiz is composed of the following City and Munic",025-2021,"October 31, 2021",3RD,:   CAPIZ,PONTEVEDRA,"TACAS, BAILAN, HIPONA",WILSON STRET,*ALONG NATIONAL ROAD,RR,Residential - Regular,880.0
raw,"RDO No. 72 - Roxas City, Capiz is composed of the following City and Munic",,,2ND,:   CAPIZ,PRESIDENT ROXAS,ALL BARANGAYS (AGRICULTURAL LAND),ALL LOTS,,A1,Agricultural - A1,50.0
raw,"RDO No. 72 - Roxas City, Capiz is composed of the following City and Munic",,,2ND,:   CAPIZ,PRESIDENT ROXAS,ALL BARANGAYS (AGRICULTURAL LAND),ALL LOTS,,A2,Agricultural - A2,45.0
raw,"RDO No. 72 - Roxas City, Capiz is composed of the following City and Munic",,,2ND,:   CAPIZ,PRESIDENT ROXAS,ALL BARANGAYS (AGRICULTURAL LAND),ALL LOTS,,A3,Agricultural - A3,43.0
raw,"RDO No. 72 - Roxas City, Capiz is composed of the following City and Munic",,,2ND,:   CAPIZ,PRESIDENT ROXAS,ALL BARANGAYS (AGRICULTURAL LAND),ALL LOTS,,A4,Agricultural - A4,40.0
raw,"RDO No. 72 - Roxas City, Capiz is composed of the following City and Munic",,,2ND,:   CAPIZ,PRESIDENT ROXAS,ALL BARANGAYS (AGRICULTURAL LAND),ALL LOTS,,A5,Agricultural - A5,40.0
raw,"RDO No. 72 - Roxas City, Capiz is composed of the following City and Munic",,,2ND,:   CAPIZ,PRESIDENT ROXAS,ALL BARANGAYS (AGRICULTURAL LAND),ALL LOTS,,A6,Agricultural - A6,35.0
raw,"RDO No. 72 - Roxas City, Capiz is composed of the following City and Munic",,,2ND,:   CAPIZ,PRESIDENT ROXAS,ALL BARANGAYS (AGRICULTURAL LAND),ALL LOTS,,A7,Agricultural - A7,23.0
raw,"RDO No. 72 - Roxas City, Capiz is composed of the following City and Munic",,,2ND,:   CAPIZ,PRESIDENT ROXAS,ALL BARANGAYS (AGRICULTURAL LAND),ALL LOTS,,A8,Agricultural - A8,23.0
raw,"RDO No. 72 - Roxas City, Capiz is composed of the following City and Munic",,,2ND,:   CAPIZ,PRESIDENT ROXAS,ALL BARANGAYS (AGRICULTURAL LAND),ALL LOTS,,A10,Agricultural - A10,23.0
raw,"RDO No. 72 - Roxas City, Capiz is composed of the following City and Munic",,,2ND,:   CAPIZ,PRESIDENT ROXAS,ALL BARANGAYS (AGRICULTURAL LAND),ALL LOTS,,A12,Agricultural - A12,23.0
raw,"RDO No. 72 - Roxas City, Capiz is composed of the following City and Munic",,,2ND,:   CAPIZ,PRESIDENT ROXAS,ALL BARANGAYS (AGRICULTURAL LAND),ALL LOTS,,A15,Agricultural - A15,20.0
raw,"RDO No. 72 - Roxas City, Capiz is composed of the following City and Munic",,,2ND,:   CAPIZ,PRESIDENT ROXAS,ALL BARANGAYS (AGRICULTURAL LAND),ALL LOTS,,A16,Agricultural - A16,18.0
raw,"RDO No. 72 - Roxas City, Capiz is composed of the following City and Munic",,,2ND,:   CAPIZ,PRESIDENT ROXAS,ALL BARANGAYS (AGRICULTURAL LAND),ALL LOTS,,A17,Agricultural - A17,35.0
raw,"RDO No. 72 - Roxas City, Capiz is composed of the following City and Munic",,,2ND,:   CAPIZ,PRESIDENT ROXAS,ALL BARANGAYS (AGRICULTURAL LAND),ALL LOTS,,A26,Agricultural - A26,13.0
raw,"RDO No. 72 - Roxas City, Capiz is composed of the following City and Munic",,,2ND,:   CAPIZ,PRESIDENT ROXAS,ALL BARANGAYS (AGRICULTURAL LAND),ALL LOTS,,A36,Agricultural - A36,11.0
raw,"RDO No. 72 - Roxas City, Capiz is composed of the following City and Munic",,,2ND,:   CAPIZ,PRESIDENT ROXAS,ALL BARANGAYS (AGRICULTURAL LAND),ALL LOTS,,A50,Agricultural - A50,10.0
raw,"RDO No. 72 - Roxas City, Capiz is composed of the following City and Munic",,,2ND,:   CAPIZ,PRESIDENT ROXAS,ALL BARANGAYS (AGRICULTURAL LAND),ALL LOTS,,A49,Agricultural - A49,10.0
raw,"RDO No. 72 - Roxas City, Capiz is composed of the following City and Munic",025-2021,"October 31, 2021",3RD,:   CAPIZ,PRESIDENT ROXAS,ALL BARANGAYS (AGRICULTURAL LANDS),ALL LOTS,,A1,Agricultural - A1,80.0
raw,"RDO No. 72 - Roxas City, Capiz is composed of the following City and Munic",025-2021,"October 31, 2021",3RD,:   CAPIZ,PRESIDENT ROXAS,ALL BARANGAYS (AGRICULTURAL LANDS),ALL LOTS,,A2,Agricultural - A2,60.0
raw,"RDO No. 72 - Roxas City, Capiz is composed of the following City and Munic",025-2021,"October 31, 2021",3RD,:   CAPIZ,PRESIDENT ROXAS,ALL BARANGAYS (AGRICULTURAL LANDS),ALL LOTS,,A3,Agricultural - A3,70.0
raw,"RDO No. 72 - Roxas City, Capiz is composed of the following City and Munic",025-2021,"October 31, 2021",3RD,:   CAPIZ,PRESIDENT ROXAS,ALL BARANGAYS (AGRICULTURAL LANDS),ALL LOTS,,A4,Agricultural - A4,70.0
raw,"RDO No. 72 - Roxas City, Capiz is composed of the following City and Munic",025-2021,"October 31, 2021",3RD,:   CAPIZ,PRESIDENT ROXAS,ALL BARANGAYS (AGRICULTURAL LANDS),ALL LOTS,,A5,Agricultural - A5,70.0
raw,"RDO No. 72 - Roxas City, Capiz is composed of the following City and Munic",025-2021,"October 31, 2021",3RD,:   CAPIZ,PRESIDENT ROXAS,ALL BARANGAYS (AGRICULTURAL LANDS),ALL LOTS,,A6,Agricultural - A6,60.0
raw,"RDO No. 72 - Roxas City, Capiz is composed of the following City and Munic",025-2021,"October 31, 2021",3RD,:   CAPIZ,PRESIDENT ROXAS,ALL BARANGAYS (AGRICULTURAL LANDS),ALL LOTS,,A7,Agricultural - A7,40.0
raw,"RDO No. 72 - Roxas City, Capiz is composed of the following City and Munic",025-2021,"October 31, 2021",3RD,:   CAPIZ,PRESIDENT ROXAS,ALL BARANGAYS (AGRICULTURAL LANDS),ALL LOTS,,A8,Agricultural - A8,40.0
raw,"RDO No. 72 - Roxas City, Capiz is composed of the following City and Munic",025-2021,"October 31, 2021",3RD,:   CAPIZ,PRESIDENT ROXAS,ALL BARANGAYS (AGRICULTURAL LANDS),ALL LOTS,,A10,Agricultural - A10,40.0
raw,"RDO No. 72 - Roxas City, Capiz is composed of the following City and Munic",025-2021,"October 31, 2021",3RD,:   CAPIZ,PRESIDENT ROXAS,ALL BARANGAYS (AGRICULTURAL LANDS),ALL LOTS,,A12,Agricultural - A12,40.0
raw,"RDO No. 72 - Roxas City, Capiz is composed of the following City and Munic",025-2021,"October 31, 2021",3RD,:   CAPIZ,PRESIDENT ROXAS,ALL BARANGAYS (AGRICULTURAL LANDS),ALL LOTS,,A14,Agricultural - A14,30.0
raw,"RDO No. 72 - Roxas City, Capiz is composed of the following City and Munic",025-2021,"October 31, 2021",3RD,:   CAPIZ,PRESIDENT ROXAS,ALL BARANGAYS (AGRICULTURAL LANDS),ALL LOTS,,A15,Agricultural - A15,40.0
raw,"RDO No. 72 - Roxas City, Capiz is composed of the following City and Munic",025-2021,"October 31, 2021",3RD,:   CAPIZ,PRESIDENT ROXAS,ALL BARANGAYS (AGRICULTURAL LANDS),ALL LOTS,,A16,Agricultural - A16,30.0
raw,"RDO No. 72 - Roxas City, Capiz is composed of the following City and Munic",025-2021,"October 31, 2021",3RD,:   CAPIZ,PRESIDENT ROXAS,ALL BARANGAYS (AGRICULTURAL LANDS),ALL LOTS,,A17,Agricultural - A17,60.0
raw,"RDO No. 72 - Roxas City, Capiz is composed of the following City and Munic",025-2021,"October 31, 2021",3RD,:   CAPIZ,PRESIDENT ROXAS,ALL BARANGAYS (AGRICULTURAL LANDS),ALL LOTS,,A24,Agricultural - A24,40.0
raw,"RDO No. 72 - Roxas City, Capiz is composed of the following City and Munic",025-2021,"October 31, 2021",3RD,:   CAPIZ,PRESIDENT ROXAS,ALL BARANGAYS (AGRICULTURAL LANDS),ALL LOTS,,A26,Agricultural - A26,25.0
raw,"RDO No. 72 - Roxas City, Capiz is composed of the following City and Munic",025-2021,"October 31, 2021",3RD,:   CAPIZ,PRESIDENT ROXAS,ALL BARANGAYS (AGRICULTURAL LANDS),ALL LOTS,,A36,Agricultural - A36,20.0
raw,"RDO No. 72 - Roxas City, Capiz is composed of the following City and Munic",025-2021,"October 31, 2021",3RD,:   CAPIZ,PRESIDENT ROXAS,ALL BARANGAYS (AGRICULTURAL LANDS),ALL LOTS,,A50,Agricultural - A50,20.0
raw,"RDO No. 72 - Roxas City, Capiz is composed of the following City and Munic",025-2021,"October 31, 2021",3RD,:   CAPIZ,PRESIDENT ROXAS,ALL BARANGAYS (AGRICULTURAL LANDS),ALL LOTS,,A49,Agricultural - A49,20.0
raw,"RDO No. 72 - Roxas City, Capiz is composed of the following City and Munic",025-2021,"October 31, 2021",3RD,:   CAPIZ,PRESIDENT ROXAS,ARANGUEL,ALL LOTS,BARANGAY ROAD,RR,Residential - Regular,1200.0
raw,"RDO No. 72 - Roxas City, Capiz is composed of the following City and Munic",025-2021,"October 31, 2021",3RD,:   CAPIZ,PRESIDENT ROXAS,ARANGUEL,ALL LOTS,3 KMS FROM POBLACION,A50,Agricultural - A50,120.0
raw,"RDO No. 72 - Roxas City, Capiz is composed of the following City and Munic",025-2021,"October 31, 2021",3RD,:   CAPIZ,PRESIDENT ROXAS,ARANGUEL,ALL LOTS,WITHIN THE AREA OF SUGAR CENTRAL,I,Industrial,1200.0
raw,"RDO No. 72 - Roxas City, Capiz is composed of the following City and Munic",025-2021,"October 31, 2021",3RD,:   CAPIZ,PRESIDENT ROXAS,ARANGUEL,ALL LOTS,BRGY GOING TO ARANGUEL,RR,Residential - Regular,1200.0
raw,"RDO No. 72 - Roxas City, Capiz is composed of the following City and Munic",,,2ND,:   CAPIZ,PRESIDENT ROXAS,ARANGUEL,ALL LOTS,BARANGAY ROAD,RR,Residential - Regular,550.0
raw,"RDO No. 72 - Roxas City, Capiz is composed of the following City and Munic",,,2ND,:   CAPIZ,PRESIDENT ROXAS,ARANGUEL,ALL LOTS,3 KMS FROM POBLACION,A50,Agricultural - A50,50.0
raw,"RDO No. 72 - Roxas City, Capiz is composed of the following City and Munic",,,2ND,:   CAPIZ,PRESIDENT ROXAS,ARANGUEL,ALL LOTS,WITHIN THE AREA OF SUGAR CENTRAL,I,Industrial,550.0
raw,"RDO No. 72 - Roxas City, Capiz is composed of the following City and Munic",,,2ND,:   CAPIZ,PRESIDENT ROXAS,ARANGUEL,ALL LOTS,BRGY GOING TO ARANGUEL,RR,Residential - Regular,550.0
raw,"RDO No. 72 - Roxas City, Capiz is composed of the following City and Munic",025-2021,"October 31, 2021",3RD,:   CAPIZ,PRESIDENT ROXAS,ARANGUEL,WEATHER ROAD,BRGY GOING TO ARANGUEL,RR,Residential - Regular,990.0
raw,"RDO No. 72 - Roxas City, Capiz is composed of the following City and Munic",025-2021,"October 31, 2021",3RD,:   CAPIZ,PRESIDENT ROXAS,ARANGUEL,WEATHER ROAD,INTERIOR LOTS,RR,Residential - Regular,990.0
raw,"RDO No. 72 - Roxas City, Capiz is composed of the following City and Munic",,,2ND,:   CAPIZ,PRESIDENT ROXAS,ARANGUEL,WEATHER ROAD,BRGY GOING TO ARANGUEL,RR,Residential - Regular,450.0
raw,"RDO No. 72 - Roxas City, Capiz is composed of the following City and Munic",,,2ND,:   CAPIZ,PRESIDENT ROXAS,ARANGUEL,WEATHER ROAD,INTERIOR LOTS,RR,Residential - Regular,450.0
raw,"RDO No. 72 - Roxas City, Capiz is composed of the following City and Munic",025-2021,"October 31, 2021",3RD,:   CAPIZ,PRESIDENT ROXAS,"BADIANGON, BAYUYAN, CABUGCABUG",ALL LOTS,,RR,Residential - Regular,1200.0
raw,"RDO No. 72 - Roxas City, Capiz is composed of the following City and Munic",025-2021,"October 31, 2021",3RD,:   CAPIZ,PRESIDENT ROXAS,"BADIANGON, BAYUYAN, CABUGCABUG",ALL LOTS,INTERIOR LOTS,RR,Residential - Regular,990.0
raw,"RDO No. 72 - Roxas City, Capiz is composed of the following City and Munic",,,2ND,:   CAPIZ,PRESIDENT ROXAS,"BADIANGON, BAYUYAN, CABUGCABUG",ALL LOTS,,RR,Residential - Regular,550.0
raw,"RDO No. 72 - Roxas City, Capiz is composed of the following City and Munic",,,2ND,:   CAPIZ,PRESIDENT ROXAS,"BADIANGON, BAYUYAN, CABUGCABUG",ALL LOTS,INTERIOR LOTS,RR,Residential - Regular,450.0
raw,"RDO No. 72 - Roxas City, Capiz is composed of the following City and Munic",025-2021,"October 31, 2021",3RD,:   CAPIZ,PRESIDENT ROXAS,"CARMENCITA, CUBAY, CULILANG, GOCE",ALL LOTS,,RR,Residential - Regular,1200.0
raw,"RDO No. 72 - Roxas City, Capiz is composed of the following City and Munic",025-2021,"October 31, 2021",3RD,:   CAPIZ,PRESIDENT ROXAS,"CARMENCITA, CUBAY, CULILANG, GOCE",ALL LOTS,INTERIOR LOTS,RR,Residential - Regular,990.0
raw,"RDO No. 72 - Roxas City, Capiz is composed of the following City and Munic",,,2ND,:   CAPIZ,PRESIDENT ROXAS,"CARMENCITA, CUBAY, CULILANG, GOCE",ALL LOTS,,RR,Residential - Regular,550.0
raw,"RDO No. 72 - Roxas City, Capiz is composed of the following City and Munic",,,2ND,:   CAPIZ,PRESIDENT ROXAS,"CARMENCITA, CUBAY, CULILANG, GOCE",ALL LOTS,,RR,Residential - Regular,450.0
raw,"RDO No. 72 - Roxas City, Capiz is composed of the following City and Munic",025-2021,"October 31, 2021",3RD,:   CAPIZ,PRESIDENT ROXAS,ELIZABETH CPD (ELIZALDE),MUNICIPAL ROAD,GOING TO ARANGUEL,RR,Residential - Regular,1200.0
raw,"RDO No. 72 - Roxas City, Capiz is composed of the following City and Munic",025-2021,"October 31, 2021",3RD,:   CAPIZ,PRESIDENT ROXAS,ELIZABETH CPD (ELIZALDE),MUNICIPAL ROAD,POBLACION,X,Special / Other,1200.0
raw,"RDO No. 72 - Roxas City, Capiz is composed of the following City and Munic",025-2021,"October 31, 2021",3RD,:   CAPIZ,PRESIDENT ROXAS,ELIZABETH CPD (ELIZALDE),MUNICIPAL ROAD,POBLACION,A50,Agricultural - A50,120.0
raw,"RDO No. 72 - Roxas City, Capiz is composed of the following City and Munic",025-2021,"October 31, 2021",3RD,:   CAPIZ,PRESIDENT ROXAS,ELIZABETH CPD (ELIZALDE),MUNICIPAL ROAD,VIZCAYA,A50,Agricultural - A50,120.0
raw,"RDO No. 72 - Roxas City, Capiz is composed of the following City and Munic",025-2021,"October 31, 2021",3RD,:   CAPIZ,PRESIDENT ROXAS,ELIZABETH CPD (ELIZALDE),MUNICIPAL ROAD,ARANGUEL,A50,Agricultural - A50,120.0
raw,"RDO No. 72 - Roxas City, Capiz is composed of the following City and Munic",025-2021,"October 31, 2021",3RD,:   CAPIZ,PRESIDENT ROXAS,ELIZABETH CPD (ELIZALDE),PROVINCIAL ROAD,GOING TO MARITA,RR,Residential - Regular,1200.0
raw,"RDO No. 72 - Roxas City, Capiz is composed of the following City and Munic",025-2021,"October 31, 2021",3RD,:   CAPIZ,PRESIDENT ROXAS,ELIZABETH CPD (ELIZALDE),TEACHERS' VILLAGE,ARANGUEL,RR,Residential - Regular,1390.0
raw,"RDO No. 72 - Roxas City, Capiz is composed of the following City and Munic",025-2021,"October 31, 2021",3RD,:   CAPIZ,PRESIDENT ROXAS,"HANGLID, IBACA, MADULANO, MANOLING",ALL LOTS,,RR,Residential - Regular,1200.0
raw,"RDO No. 72 - Roxas City, Capiz is composed of the following City and Munic",025-2021,"October 31, 2021",3RD,:   CAPIZ,PRESIDENT ROXAS,"HANGLID, IBACA, MADULANO, MANOLING",ALL LOTS,INTERIOR LOTS,RR,Residential - Regular,990.0
raw,"RDO No. 72 - Roxas City, Capiz is composed of the following City and Munic",,,2ND,:   CAPIZ,PRESIDENT ROXAS,"HANGLID, IBACA, MADULANO, MANOLING",ALL LOTS,,RR,Residential - Regular,550.0
raw,"RDO No. 72 - Roxas City, Capiz is composed of the following City and Munic",,,2ND,:   CAPIZ,PRESIDENT ROXAS,"HANGLID, IBACA, MADULANO, MANOLING",ALL LOTS,INTERIOR LOTS,RR,Residential - Regular,450.0
raw,"RDO No. 72 - Roxas City, Capiz is composed of the following City and Munic",025-2021,"October 31, 2021",3RD,:   CAPIZ,PRESIDENT ROXAS,"MARITA, PANDAN, PANTALAN,PINAMIHAGAN",ALL LOTS,,RR,Residential - Regular,1200.0
raw,"RDO No. 72 - Roxas City, Capiz is composed of the following City and Munic",025-2021,"October 31, 2021",3RD,:   CAPIZ,PRESIDENT ROXAS,"MARITA, PANDAN, PANTALAN,PINAMIHAGAN",ALL LOTS,INTERIOR LOTS,RR,Residential - Regular,990.0
raw,"RDO No. 72 - Roxas City, Capiz is composed of the following City and Munic",,,2ND,:   CAPIZ,PRESIDENT ROXAS,"MARITA, PANDAN, PANTALAN,PINAMIHAGAN",ALL LOTS,,RR,Residential - Regular,550.0
raw,"RDO No. 72 - Roxas City, Capiz is composed of the following City and Munic",,,2ND,:   CAPIZ,PRESIDENT ROXAS,"MARITA, PANDAN, PANTALAN,PINAMIHAGAN",ALL LOTS,INTERIOR LOTS,RR,Residential - Regular,450.0
raw,"RDO No. 72 - Roxas City, Capiz is composed of the following City and Munic",025-2021,"October 31, 2021",3RD,:   CAPIZ,PRESIDENT ROXAS,POBLACION,BENUSA ST,PUBLIC MARKET,RR,Residential - Regular,1260.0
raw,"RDO No. 72 - Roxas City, Capiz is composed of the following City and Munic",,,2ND,:   CAPIZ,PRESIDENT ROXAS,POBLACION,BENUSA ST,PUBLIC MARKET,RR,Residential - Regular,650.0
raw,"RDO No. 72 - Roxas City, Capiz is composed of the following City and Munic",,,2ND,:   CAPIZ,PRESIDENT ROXAS,POBLACION,ELIZABETH CPD (Elizalde),PUBLIC MARKET,I,Industrial,650.0
raw,"RDO No. 72 - Roxas City, Capiz is composed of the following City and Munic",025-2021,"October 31, 2021",3RD,:   CAPIZ,PRESIDENT ROXAS,POBLACION,ELIZALDE ST,PUBLIC MARKET,RR,Residential - Regular,1260.0
raw,"RDO No. 72 - Roxas City, Capiz is composed of the following City and Munic",,,2ND,:   CAPIZ,PRESIDENT ROXAS,POBLACION,ELIZALDE ST,PUBLIC MARKET,RR,Residential - Regular,650.0
raw,"RDO No. 72 - Roxas City, Capiz is composed of the following City and Munic",025-2021,"October 31, 2021",3RD,:   CAPIZ,PRESIDENT ROXAS,POBLACION,MANGGO ST,PUBLIC MARKET,RR,Residential - Regular,1260.0
raw,"RDO No. 72 - Roxas City, Capiz is composed of the following City and Munic",,,2ND,:   CAPIZ,PRESIDENT ROXAS,POBLACION,MANGGO ST,PUBLIC MARKET,RR,Residential - Regular,650.0
raw,"RDO No. 72 - Roxas City, Capiz is composed of the following City and Munic",025-2021,"October 31, 2021",3RD,:   CAPIZ,PRESIDENT ROXAS,POBLACION,MARKET ROAD,PUBLIC MARKET,RR,Residential - Regular,1500.0
raw,"RDO No. 72 - Roxas City, Capiz is composed of the following City and Munic",,,2ND,:   CAPIZ,PRESIDENT ROXAS,POBLACION,MARKET ROAD,PUBLIC MARKET,RR,Residential - Regular,1100.0
raw,"RDO No. 72 - Roxas City, Capiz is composed of the following City and Munic",,,2ND,:   CAPIZ,PRESIDENT ROXAS,POBLACION,MUNICIPAL ROAD,GOING TO ARANGUEL,RR,Residential - Regular,550.0
raw,"RDO No. 72 - Roxas City, Capiz is composed of the following City and Munic",,,2ND,:   CAPIZ,PRESIDENT ROXAS,POBLACION,MUNICIPAL ROAD,POBLACION,X,Special / Other,550.0
raw,"RDO No. 72 - Roxas City, Capiz is composed of the following City and Munic",,,2ND,:   CAPIZ,PRESIDENT ROXAS,POBLACION,MUNICIPAL ROAD,POBLACION,A50,Agricultural - A50,50.0
raw,"RDO No. 72 - Roxas City, Capiz is composed of the following City and Munic",,,2ND,:   CAPIZ,PRESIDENT ROXAS,POBLACION,MUNICIPAL ROAD,VIZCAYA,A50,Agricultural - A50,50.0
raw,"RDO No. 72 - Roxas City, Capiz is composed of the following City and Munic",,,2ND,:   CAPIZ,PRESIDENT ROXAS,POBLACION,MUNICIPAL ROAD,ARANGUEL,A50,Agricultural - A50,50.0
raw,"RDO No. 72 - Roxas City, Capiz is composed of the following City and Munic",,,2ND,:   CAPIZ,PRESIDENT ROXAS,POBLACION,PROVINCIAL ROAD,GOING TO MARITA,RR,Residential - Regular,550.0
raw,"RDO No. 72 - Roxas City, Capiz is composed of the following City and Munic",025-2021,"October 31, 2021",3RD,:   CAPIZ,PRESIDENT ROXAS,POBLACION,ROXAS AVENUE,PUBLIC MARKET,CR,Commercial - Regular,2720.0
raw,"RDO No. 72 - Roxas City, Capiz is composed of the following City and Munic",,,2ND,:   CAPIZ,PRESIDENT ROXAS,POBLACION,ROXAS AVENUE,PUBLIC MARKET,CR,Commercial - Regular,1150.0
raw,"RDO No. 72 - Roxas City, Capiz is composed of the following City and Munic",025-2021,"October 31, 2021",3RD,:   CAPIZ,PRESIDENT ROXAS,POBLACION,ROXAS BLVD,PUBLIC MARKET,CR,Commercial - Regular,2720.0
raw,"RDO No. 72 - Roxas City, Capiz is composed of the following City and Munic",,,2ND,:   CAPIZ,PRESIDENT ROXAS,POBLACION,ROXAS BLVD,PUBLIC MARKET,CR,Commercial - Regular,1250.0
raw,"RDO No. 72 - Roxas City, Capiz is composed of the following City and Munic",025-2021,"October 31, 2021",3RD,:   CAPIZ,PRESIDENT ROXAS,POBLACION,STARAPPLE ST,PUBLIC MARKET,RR,Residential - Regular,1260.0
raw,"RDO No. 72 - Roxas City, Capiz is composed of the following City and Munic",,,2ND,:   CAPIZ,PRESIDENT ROXAS,POBLACION,STARAPPLE ST,PUBLIC MARKET,RR,Residential - Regular,650.0
raw,"RDO No. 72 - Roxas City, Capiz is composed of the following City and Munic",025-2021,"October 31, 2021",3RD,:   CAPIZ,PRESIDENT ROXAS,POBLACION,SWA,PUBLIC MARKET,RR,Residential - Regular,1370.0
raw,"RDO No. 72 - Roxas City, Capiz is composed of the following City and Munic",,,2ND,:   CAPIZ,PRESIDENT ROXAS,POBLACION,SWA,PUBLIC MARKET,RR,Residential - Regular,850.0
raw,"RDO No. 72 - Roxas City, Capiz is composed of the following City and Munic",,,2ND,:   CAPIZ,PRESIDENT ROXAS,POBLACION,TEACHER VILLAGE,ARANGUEL,RR,Residential - Regular,900.0
raw,"RDO No. 72 - Roxas City, Capiz is composed of the following City and Munic",025-2021,"October 31, 2021",3RD,:   CAPIZ,PRESIDENT ROXAS,POBLACION,YAKAL ST,PUBLIC MARKET,RR,Residential - Regular,1260.0
raw,"RDO No. 72 - Roxas City, Capiz is composed of the following City and Munic",,,2ND,:   CAPIZ,PRESIDENT ROXAS,POBLACION,YAKAL ST,PUBLIC MARKET,RR,Residential - Regular,650.0
raw,"RDO No. 72 - Roxas City, Capiz is composed of the following City and Munic",025-2021,"October 31, 2021",3RD,:   CAPIZ,PRESIDENT ROXAS,"PONDOL, QUIAJO, SANGCAL, STO. NIÑO VIZCAYA",ALL LOTS,,RR,Residential - Regular,1200.0
raw,"RDO No. 72 - Roxas City, Capiz is composed of the following City and Munic",025-2021,"October 31, 2021",3RD,:   CAPIZ,PRESIDENT ROXAS,"PONDOL, QUIAJO, SANGCAL, STO. NIÑO VIZCAYA",ALL LOTS,INTERIOR LOTS,RR,Residential - Regular,990.0
raw,"RDO No. 72 - Roxas City, Capiz is composed of the following City and Munic",,,2ND,:   CAPIZ,PRESIDENT ROXAS,"PONDOL, QUIAJO, SANGCAL, STO. NIÑO VIZCAYA",ALL LOTS,,RR,Residential - Regular,550.0
raw,"RDO No. 72 - Roxas City, Capiz is composed of the following City and Munic",,,2ND,:   CAPIZ,PRESIDENT ROXAS,"PONDOL, QUIAJO, SANGCAL, STO. NIÑO VIZCAYA",ALL LOTS,INTERIOR LOTS,RR,Residential - Regular,450.0
raw,"RDO No. 72 - Roxas City, Capiz is composed of the following City and Munic",025-2021,"October 31, 2021",3RD,:   CAPIZ,ROXAS CITY,1,*SOUTHERN SIDE OF CLARO M. RECTO ST.(FORMERLY MAGALLANES),"*FROM LUNA NOVICIO ST.,TO JOSE ABAD SANTOS ST.,(ELLIETA",RR,Residential - Regular,10790.0
raw,"RDO No. 72 - Roxas City, Capiz is composed of the following City and Munic",025-2021,"October 31, 2021",3RD,:   CAPIZ,ROXAS CITY,1,*SOUTHERN SIDE OF CLARO M. RECTO ST.(FORMERLY MAGALLANES),"*FROM SAN ROQUE ST.,TO JOSE ABAD SANTOS ST.(ELLIETA)",CR,Commercial - Regular,13290.0
raw,"RDO No. 72 - Roxas City, Capiz is composed of the following City and Munic",025-2021,"October 31, 2021",3RD,:   CAPIZ,ROXAS CITY,1,AGUINALDO ST,*FROM CLARO M.RECTO(MAGALLANES)TO THE EDGE OF PANAY RIVER,RR,Residential - Regular,3660.0
raw,"RDO No. 72 - Roxas City, Capiz is composed of the following City and Munic",025-2021,"October 31, 2021",3RD,:   CAPIZ,ROXAS CITY,1,AGUINALDO ST,*FROM CLARO M.RECTO(MAGALLANES)TO THE EDGE OF PANAY RIVER,CR,Commercial - Regular,8040.0
raw,"RDO No. 72 - Roxas City, Capiz is composed of the following City and Munic",,,2ND,:   CAPIZ,ROXAS CITY,1,AGUINALDO ST,,RR,Residential - Regular,1175.0
raw,"RDO No. 72 - Roxas City, Capiz is composed of the following City and Munic",,,2ND,:   CAPIZ,ROXAS CITY,1,AGUINALDO ST,,CR,Commercial - Regular,2725.0
raw,"RDO No. 72 - Roxas City, Capiz is composed of the following City and Munic",025-2021,"October 31, 2021",3RD,:   CAPIZ,ROXAS CITY,1,ALL STREETS,"*FROM SAN ROQUE ST.,TO JOSE ABAD SANTOS ST.(ELLIETA)",X,Special / Other,6360.0
raw,"RDO No. 72 - Roxas City, Capiz is composed of the following City and Munic",025-2021,"October 31, 2021",3RD,:   CAPIZ,ROXAS CITY,1,ALL STREETS,"*FROM SAN ROQUE ST.,TO JOSE ABAD SANTOS ST.(ELLIETA)",GP,General Purpose,2220.0
raw,"RDO No. 72 - Roxas City, Capiz is composed of the following City and Munic",,,2ND,:   CAPIZ,ROXAS CITY,1,ALL STREETS,,X,Special / Other,1860.0
raw,"RDO No. 72 - Roxas City, Capiz is composed of the following City and Munic",,,2ND,:   CAPIZ,ROXAS CITY,1,ALL STREETS,,GP,General Purpose,800.0
raw,"RDO No. 72 - Roxas City, Capiz is composed of the following City and Munic",025-2021,"October 31, 2021",3RD,:   CAPIZ,ROXAS CITY,1,ANDRES BONIFACIO ST (Formerly Mckinley St),"*FROM SAN ROQUE ST.,TO JOSE ABAD SANTOS ST.(ELLIETA)",RR,Residential - Regular,4200.0
raw,"RDO No. 72 - Roxas City, Capiz is composed of the following City and Munic",025-2021,"October 31, 2021",3RD,:   CAPIZ,ROXAS CITY,1,ANDRES BONIFACIO ST (Formerly Mckinley St),"*FROM SAN ROQUE ST.,TO JOSE ABAD SANTOS ST.(ELLIETA)",CR,Commercial - Regular,12450.0
raw,"RDO No. 72 - Roxas City, Capiz is composed of the following City and Munic",025-2021,"October 31, 2021",3RD,:   CAPIZ,ROXAS CITY,1,ANDRES BONIFACIO ST (Formerly Mckinley St),"*FROM SAN ROQUE ST.,TO JOSE ABAD SANTOS ST.(ELLIETA)",I,Industrial,7540.0
raw,"RDO No. 72 - Roxas City, Capiz is composed of the following City and Munic",,,2ND,:   CAPIZ,ROXAS CITY,1,ANDRES BONIFACIO ST (Formerly Mckinley St),,RR,Residential - Regular,1480.0
raw,"RDO No. 72 - Roxas City, Capiz is composed of the following City and Munic",,,2ND,:   CAPIZ,ROXAS CITY,1,ANDRES BONIFACIO ST (Formerly Mckinley St),,CR,Commercial - Regular,5000.0
raw,"RDO No. 72 - Roxas City, Capiz is composed of the following City and Munic",,,2ND,:   CAPIZ,ROXAS CITY,1,ANDRES BONIFACIO ST (Formerly Mckinley St),,I,Industrial,2890.0
raw,"RDO No. 72 - Roxas City, Capiz is composed of the following City and Munic",025-2021,"October 31, 2021",3RD,:   CAPIZ,ROXAS CITY,1,ASIS ST,*FROM CLARO M.RECTO(MAGALLANES)TO THE ANDRES BONIFACIOST.(MCKINLEY),RR,Residential - Regular,3610.0
raw,"RDO No. 72 - Roxas City, Capiz is composed of the following City and Munic",025-2021,"October 31, 2021",3RD,:   CAPIZ,ROXAS CITY,1,ASIS ST,*FROM CLARO M.RECTO(MAGALLANES)TO THE ANDRES BONIFACIOST.(MCKINLEY),CR,Commercial - Regular,8630.0
raw,"RDO No. 72 - Roxas City, Capiz is composed of the following City and Munic",,,2ND,:   CAPIZ,ROXAS CITY,1,ASIS ST,,RR,Residential - Regular,1175.0
raw,"RDO No. 72 - Roxas City, Capiz is composed of the following City and Munic",,,2ND,:   CAPIZ,ROXAS CITY,1,ASIS ST,,CR,Commercial - Regular,3030.0
raw,"RDO No. 72 - Roxas City, Capiz is composed of the following City and Munic",,,2ND,:   CAPIZ,ROXAS CITY,1,CLARO M RECTO ST (Formerly Claro M Reto),,RR,Residential - Regular,4400.0
raw,"RDO No. 72 - Roxas City, Capiz is composed of the following City and Munic",,,2ND,:   CAPIZ,ROXAS CITY,1,CLARO M RECTO ST (Formerly Claro M Reto),,CR,Commercial - Regular,5300.0
raw,"RDO No. 72 - Roxas City, Capiz is composed of the following City and Munic",,,2ND,:   CAPIZ,ROXAS CITY,1,JOSE ABAD SANTOS STREET (Formerly Ellieta St),,RR,Residential - Regular,1215.0
raw,"RDO No. 72 - Roxas City, Capiz is composed of the following City and Munic",,,2ND,:   CAPIZ,ROXAS CITY,1,JOSE ABAD SANTOS STREET (Formerly Ellieta St),,CR,Commercial - Regular,3375.0
raw,"RDO No. 72 - Roxas City, Capiz is composed of the following City and Munic",025-2021,"October 31, 2021",3RD,:   CAPIZ,ROXAS CITY,1,LUNA NOVICIO ST,*FROM CLARO M.RECTO(MAGALLANES)TO THE EDGE OF PANAY RIVER,RR,Residential - Regular,3850.0
raw,"RDO No. 72 - Roxas City, Capiz is composed of the following City and Munic",025-2021,"October 31, 2021",3RD,:   CAPIZ,ROXAS CITY,1,LUNA NOVICIO ST,*FROM CLARO M.RECTO(MAGALLANES)TO THE EDGE OF PANAY RIVER,CR,Commercial - Regular,8720.0
raw,"RDO No. 72 - Roxas City, Capiz is composed of the following City and Munic",,,2ND,:   CAPIZ,ROXAS CITY,1,LUNA NOVICIO ST,,RR,Residential - Regular,1300.0
raw,"RDO No. 72 - Roxas City, Capiz is composed of the following City and Munic",,,2ND,:   CAPIZ,ROXAS CITY,1,LUNA NOVICIO ST,,CR,Commercial - Regular,3075.0
raw,"RDO No. 72 - Roxas City, Capiz is composed of the following City and Munic",025-2021,"October 31, 2021",3RD,:   CAPIZ,ROXAS CITY,1,REAL ST,"*FROM LUNA NOVICIO ST.,TO JOSE ABAD SANTOS ST.,(ELLIETA",RR,Residential - Regular,3610.0
raw,"RDO No. 72 - Roxas City, Capiz is composed of the following City and Munic",025-2021,"October 31, 2021",3RD,:   CAPIZ,ROXAS CITY,1,REAL ST,"*FROM LUNA NOVICIO ST.,TO JOSE ABAD SANTOS ST.,(ELLIETA",CR,Commercial - Regular,8250.0
raw,"RDO No. 72 - Roxas City, Capiz is composed of the following City and Munic",,,2ND,:   CAPIZ,ROXAS CITY,1,REAL ST,,RR,Residential - Regular,1175.0
raw,"RDO No. 72 - Roxas City, Capiz is composed of the following City and Munic",,,2ND,:   CAPIZ,ROXAS CITY,1,REAL ST,,CR,Commercial - Regular,2830.0
raw,"RDO No. 72 - Roxas City, Capiz is composed of the following City and Munic",025-2021,"October 31, 2021",3RD,:   CAPIZ,ROXAS CITY,1,SAN ROQUE ST,*FROM CLARO M.RECTO(MAGALLANES) TO THE FOOT OF SAN ROQUE BRIDGE,RR,Residential - Regular,4390.0
raw,"RDO No. 72 - Roxas City, Capiz is composed of the following City and Munic",025-2021,"October 31, 2021",3RD,:   CAPIZ,ROXAS CITY,1,SAN ROQUE ST,*FROM CLARO M.RECTO(MAGALLANES) TO THE FOOT OF SAN ROQUE BRIDGE,CR,Commercial - Regular,10950.0
raw,"RDO No. 72 - Roxas City, Capiz is composed of the following City and Munic",,,2ND,:   CAPIZ,ROXAS CITY,1,SAN ROQUE ST,,RR,Residential - Regular,1485.0
raw,"RDO No. 72 - Roxas City, Capiz is composed of the following City and Munic",,,2ND,:   CAPIZ,ROXAS CITY,1,SAN ROQUE ST,,CR,Commercial - Regular,3840.0
raw,"RDO No. 72 - Roxas City, Capiz is composed of the following City and Munic",025-2021,"October 31, 2021",3RD,:   CAPIZ,ROXAS CITY,1,"WESTERN SIDE OF JOSE ABAD SANTOS( FORMERLY ELLIETA ST.,)",*FROM CLARO M.RECTO(MAGALLANES)TO THE ANDRES BONIFACIOST.(MCKINLEY),RR,Residential - Regular,3690.0
raw,"RDO No. 72 - Roxas City, Capiz is composed of the following City and Munic",025-2021,"October 31, 2021",3RD,:   CAPIZ,ROXAS CITY,1,"WESTERN SIDE OF JOSE ABAD SANTOS( FORMERLY ELLIETA ST.,)",*FROM CLARO M.RECTO(MAGALLANES)TO THE ANDRES BONIFACIOST.(MCKINLEY),CR,Commercial - Regular,9300.0
raw,"RDO No. 72 - Roxas City, Capiz is composed of the following City and Munic",025-2021,"October 31, 2021",3RD,:   CAPIZ,ROXAS CITY,ADLAWAN,ADLAWAN-LI-ONG ROAD,*FROM JUNCTIONN OF LOCTUGAN -ADLAWAN -PANITAN RD TO BRGY. BDRY. LINE OF LI-ONG,RR,Residential - Regular,1510.0
raw,"RDO No. 72 - Roxas City, Capiz is composed of the following City and Munic",025-2021,"October 31, 2021",3RD,:   CAPIZ,ROXAS CITY,ADLAWAN,ADLAWAN-LI-ONG ROAD,*FROM JUNCTIONN OF LOCTUGAN -ADLAWAN -PANITAN RD TO BRGY. BDRY. LINE OF LI-ONG,CR,Commercial - Regular,4040.0
raw,"RDO No. 72 - Roxas City, Capiz is composed of the following City and Munic",,,2ND,:   CAPIZ,ROXAS CITY,ADLAWAN,ADLAWAN-LI-ONG ROAD,,RR,Residential - Regular,800.0
raw,"RDO No. 72 - Roxas City, Capiz is composed of the following City and Munic",,,2ND,:   CAPIZ,ROXAS CITY,ADLAWAN,ADLAWAN-LI-ONG ROAD,,CR,Commercial - Regular,1600.0
raw,"RDO No. 72 - Roxas City, Capiz is composed of the following City and Munic",,,2ND,:   CAPIZ,ROXAS CITY,ADLAWAN,ALL OTHER STREETS,,I,Industrial,2200.0
raw,"RDO No. 72 - Roxas City, Capiz is composed of the following City and Munic",,,2ND,:   CAPIZ,ROXAS CITY,ADLAWAN,ALL OTHER STREETS,,X,Special / Other,2000.0
raw,"RDO No. 72 - Roxas City, Capiz is composed of the following City and Munic",,,2ND,:   CAPIZ,ROXAS CITY,ADLAWAN,ALL OTHER STREETS,,GP,General Purpose,450.0
raw,"RDO No. 72 - Roxas City, Capiz is composed of the following City and Munic",,,2ND,:   CAPIZ,ROXAS CITY,ADLAWAN,ALL OTHER STREETS,,A2,Agricultural - A2,50.0
raw,"RDO No. 72 - Roxas City, Capiz is composed of the following City and Munic",,,2ND,:   CAPIZ,ROXAS CITY,ADLAWAN,ALL OTHER STREETS,,A6,Agricultural - A6,60.0
raw,"RDO No. 72 - Roxas City, Capiz is composed of the following City and Munic",,,2ND,:   CAPIZ,ROXAS CITY,ADLAWAN,ALL OTHER STREETS,,A17,Agricultural - A17,40.0
raw,"RDO No. 72 - Roxas City, Capiz is composed of the following City and Munic",,,2ND,:   CAPIZ,ROXAS CITY,ADLAWAN,ALL OTHER STREETS,,A50,Agricultural - A50,15.0
raw,"RDO No. 72 - Roxas City, Capiz is composed of the following City and Munic",025-2021,"October 31, 2021",3RD,:   CAPIZ,ROXAS CITY,ADLAWAN,INTERIOR ROAD,*FROM JUNCTION OF LOCTUGAN -BGAO-BOLO ROAD TO BAGO ELEMTARY SCHOOL,RR,Residential - Regular,1560.0
raw,"RDO No. 72 - Roxas City, Capiz is composed of the following City and Munic",025-2021,"October 31, 2021",3RD,:   CAPIZ,ROXAS CITY,ADLAWAN,INTERIOR ROAD,*FROM JUNCTION OF LOCTUGAN -BGAO-BOLO ROAD TO BAGO ELEMTARY SCHOOL,GP,General Purpose,1140.0
raw,"RDO No. 72 - Roxas City, Capiz is composed of the following City and Munic",025-2021,"October 31, 2021",3RD,:   CAPIZ,ROXAS CITY,ADLAWAN,INTERIOR ROAD,*FROM JUNCTION OF LOCTUGAN -BGAO-BOLO ROAD TO BAGO ELEMTARY SCHOOL,A50,Agricultural - A50,24.0
raw,"RDO No. 72 - Roxas City, Capiz is composed of the following City and Munic",,,2ND,:   CAPIZ,ROXAS CITY,ADLAWAN,INTERIOR ROAD,,RR,Residential - Regular,850.0
raw,"RDO No. 72 - Roxas City, Capiz is composed of the following City and Munic",,,2ND,:   CAPIZ,ROXAS CITY,ADLAWAN,INTERIOR ROAD,,CR,Commercial - Regular,2400.0
raw,"RDO No. 72 - Roxas City, Capiz is composed of the following City and Munic",025-2021,"October 31, 2021",3RD,:   CAPIZ,ROXAS CITY,ADLAWAN,LOCTUGAN-ADLAWAN-PANITAN ROAD,*FROM LOCTUGAN -ADLAWAN BDRY.LINE TO ADLAWAN -MUN OF PANITAN. BDRY. LINE,RR,Residential - Regular,1510.0
raw,"RDO No. 72 - Roxas City, Capiz is composed of the following City and Munic",025-2021,"October 31, 2021",3RD,:   CAPIZ,ROXAS CITY,ADLAWAN,LOCTUGAN-ADLAWAN-PANITAN ROAD,*FROM LOCTUGAN -ADLAWAN BDRY.LINE TO ADLAWAN -MUN OF PANITAN. BDRY. LINE,CR,Commercial - Regular,4040.0
raw,"RDO No. 72 - Roxas City, Capiz is composed of the following City and Munic",,,2ND,:   CAPIZ,ROXAS CITY,ADLAWAN,LOCTUGAN-ADLAWAN-PANITAN ROAD,,RR,Residential - Regular,800.0
raw,"RDO No. 72 - Roxas City, Capiz is composed of the following City and Munic",,,2ND,:   CAPIZ,ROXAS CITY,ADLAWAN,LOCTUGAN-ADLAWAN-PANITAN ROAD,,CR,Commercial - Regular,1600.0
raw,"RDO No. 72 - Roxas City, Capiz is composed of the following City and Munic",025-2021,"October 31, 2021",3RD,:   CAPIZ,ROXAS CITY,BAGO,ALL OTHER STREETS,"*FROM BRGY.BOLO BAGO BDRY LINE PANAY PIVER BRGY.LOCTUGAN -BAGO, BDRY.LINE",RR,Residential - Regular,1380.0
raw,"RDO No. 72 - Roxas City, Capiz is composed of the following City and Munic",025-2021,"October 31, 2021",3RD,:   CAPIZ,ROXAS CITY,BAGO,ALL OTHER STREETS,"*FROM BRGY.BOLO BAGO BDRY LINE PANAY PIVER BRGY.LOCTUGAN -BAGO, BDRY.LINE",I,Industrial,4630.0
raw,"RDO No. 72 - Roxas City, Capiz is composed of the following City and Munic",025-2021,"October 31, 2021",3RD,:   CAPIZ,ROXAS CITY,BAGO,ALL OTHER STREETS,"*FROM BRGY.BOLO BAGO BDRY LINE PANAY PIVER BRGY.LOCTUGAN -BAGO, BDRY.LINE",X,Special / Other,4520.0
raw,"RDO No. 72 - Roxas City, Capiz is composed of the following City and Munic",025-2021,"October 31, 2021",3RD,:   CAPIZ,ROXAS CITY,BAGO,ALL OTHER STREETS,"*FROM BRGY.BOLO BAGO BDRY LINE PANAY PIVER BRGY.LOCTUGAN -BAGO, BDRY.LINE",GP,General Purpose,1190.0
raw,"RDO No. 72 - Roxas City, Capiz is composed of the following City and Munic",025-2021,"October 31, 2021",3RD,:   CAPIZ,ROXAS CITY,BAGO,ALL OTHER STREETS,"*FROM BRGY.BOLO BAGO BDRY LINE PANAY PIVER BRGY.LOCTUGAN -BAGO, BDRY.LINE",A50,Agricultural - A50,24.0
raw,"RDO No. 72 - Roxas City, Capiz is composed of the following City and Munic",,,2ND,:   CAPIZ,ROXAS CITY,BAGO,ALL OTHER STREETS,,I,Industrial,2155.0
raw,"RDO No. 72 - Roxas City, Capiz is composed of the following City and Munic",,,2ND,:   CAPIZ,ROXAS CITY,BAGO,ALL OTHER STREETS,,X,Special / Other,2050.0
raw,"RDO No. 72 - Roxas City, Capiz is composed of the following City and Munic",,,2ND,:   CAPIZ,ROXAS CITY,BAGO,ALL OTHER STREETS,,GP,General Purpose,500.0
raw,"RDO No. 72 - Roxas City, Capiz is composed of the following City and Munic",,,2ND,:   CAPIZ,ROXAS CITY,BAGO,ALL OTHER STREETS,,A2,Agricultural - A2,25.0
raw,"RDO No. 72 - Roxas City, Capiz is composed of the following City and Munic",,,2ND,:   CAPIZ,ROXAS CITY,BAGO,ALL OTHER STREETS,,A6,Agricultural - A6,60.0
raw,"RDO No. 72 - Roxas City, Capiz is composed of the following City and Munic",,,2ND,:   CAPIZ,ROXAS CITY,BAGO,ALL OTHER STREETS,,A17,Agricultural - A17,40.0
raw,"RDO No. 72 - Roxas City, Capiz is composed of the following City and Munic",,,2ND,:   CAPIZ,ROXAS CITY,BAGO,ALL OTHER STREETS,,A50,Agricultural - A50,15.0
raw,"RDO No. 72 - Roxas City, Capiz is composed of the following City and Munic",025-2021,"October 31, 2021",3RD,:   CAPIZ,ROXAS CITY,BAGO,LOCTUGAN BAGO-BOLO ROAD,"*FROM BRGY.BOLO BAGO BDRY LINE PANAY PIVER BRGY.LOCTUGAN -BAGO, BDRY.LINE",RR,Residential - Regular,1380.0
raw,"RDO No. 72 - Roxas City, Capiz is composed of the following City and Munic",025-2021,"October 31, 2021",3RD,:   CAPIZ,ROXAS CITY,BAGO,LOCTUGAN BAGO-BOLO ROAD,"*FROM BRGY.BOLO BAGO BDRY LINE PANAY PIVER BRGY.LOCTUGAN -BAGO, BDRY.LINE",CR,Commercial - Regular,4780.0
raw,"RDO No. 72 - Roxas City, Capiz is composed of the following City and Munic",,,2ND,:   CAPIZ,ROXAS CITY,BAGO,LOCTUGAN BAGO-BOLO ROAD,,RR,Residential - Regular,680.0
raw,"RDO No. 72 - Roxas City, Capiz is composed of the following City and Munic",,,2ND,:   CAPIZ,ROXAS CITY,BAGO,LOCTUGAN BAGO-BOLO ROAD,,CR,Commercial - Regular,2295.0
raw,"RDO No. 72 - Roxas City, Capiz is composed of the following City and Munic",025-2021,"October 31, 2021",3RD,:   CAPIZ,ROXAS CITY,BALIJUAGAN,ALL OTHER STREETS,*FROM JUNCTION TO CAGAY-IVISAN ROAS TO BRGY.SIBAGYUAN- BALIJUAGAN BDRY. LINE,I,Industrial,6260.0
raw,"RDO No. 72 - Roxas City, Capiz is composed of the following City and Munic",025-2021,"October 31, 2021",3RD,:   CAPIZ,ROXAS CITY,BALIJUAGAN,ALL OTHER STREETS,*FROM JUNCTION TO CAGAY-IVISAN ROAS TO BRGY.SIBAGYUAN- BALIJUAGAN BDRY. LINE,X,Special / Other,6230.0
raw,"RDO No. 72 - Roxas City, Capiz is composed of the following City and Munic",025-2021,"October 31, 2021",3RD,:   CAPIZ,ROXAS CITY,BALIJUAGAN,ALL OTHER STREETS,*FROM JUNCTION TO CAGAY-IVISAN ROAS TO BRGY.SIBAGYUAN- BALIJUAGAN BDRY. LINE,GP,General Purpose,1570.0
raw,"RDO No. 72 - Roxas City, Capiz is composed of the following City and Munic",025-2021,"October 31, 2021",3RD,:   CAPIZ,ROXAS CITY,BALIJUAGAN,ALL OTHER STREETS,*FROM JUNCTION TO CAGAY-IVISAN ROAS TO BRGY.SIBAGYUAN- BALIJUAGAN BDRY. LINE,A2,Agricultural - A2,50.0
raw,"RDO No. 72 - Roxas City, Capiz is composed of the following City and Munic",025-2021,"October 31, 2021",3RD,:   CAPIZ,ROXAS CITY,BALIJUAGAN,ALL OTHER STREETS,*FROM JUNCTION TO CAGAY-IVISAN ROAS TO BRGY.SIBAGYUAN- BALIJUAGAN BDRY. LINE,A6,Agricultural - A6,150.0
raw,"RDO No. 72 - Roxas City, Capiz is composed of the following City and Munic",025-2021,"October 31, 2021",3RD,:   CAPIZ,ROXAS CITY,BALIJUAGAN,ALL OTHER STREETS,*FROM JUNCTION TO CAGAY-IVISAN ROAS TO BRGY.SIBAGYUAN- BALIJUAGAN BDRY. LINE,A17,Agricultural - A17,82.0
raw,"RDO No. 72 - Roxas City, Capiz is composed of the following City and Munic",025-2021,"October 31, 2021",3RD,:   CAPIZ,ROXAS CITY,BALIJUAGAN,ALL OTHER STREETS,*FROM JUNCTION TO CAGAY-IVISAN ROAS TO BRGY.SIBAGYUAN- BALIJUAGAN BDRY. LINE,A50,Agricultural - A50,37.0
raw,"RDO No. 72 - Roxas City, Capiz is composed of the following City and Munic",,,2ND,:   CAPIZ,ROXAS CITY,BALIJUAGAN,ALL OTHER STREETS,,I,Industrial,2070.0
raw,"RDO No. 72 - Roxas City, Capiz is composed of the following City and Munic",,,2ND,:   CAPIZ,ROXAS CITY,BALIJUAGAN,ALL OTHER STREETS,,X,Special / Other,2055.0
raw,"RDO No. 72 - Roxas City, Capiz is composed of the following City and Munic",,,2ND,:   CAPIZ,ROXAS CITY,BALIJUAGAN,ALL OTHER STREETS,,GP,General Purpose,480.0
raw,"RDO No. 72 - Roxas City, Capiz is composed of the following City and Munic",,,2ND,:   CAPIZ,ROXAS CITY,BALIJUAGAN,ALL OTHER STREETS,,A6,Agricultural - A6,60.0
raw,"RDO No. 72 - Roxas City, Capiz is composed of the following City and Munic",,,2ND,:   CAPIZ,ROXAS CITY,BALIJUAGAN,ALL OTHER STREETS,,A17,Agricultural - A17,40.0
raw,"RDO No. 72 - Roxas City, Capiz is composed of the following City and Munic",,,2ND,:   CAPIZ,ROXAS CITY,BALIJUAGAN,ALL OTHER STREETS,,A50,Agricultural - A50,15.0
raw,"RDO No. 72 - Roxas City, Capiz is composed of the following City and Munic",025-2021,"October 31, 2021",3RD,:   CAPIZ,ROXAS CITY,BALIJUAGAN,BALIJUAGAN-SIBAGUAN ROAD,*FROM JUNCTION TO CAGAY-IVISAN ROAS TO BRGY.SIBAGYUAN- BALIJUAGAN BDRY. LINE,RR,Residential - Regular,2700.0
raw,"RDO No. 72 - Roxas City, Capiz is composed of the following City and Munic",025-2021,"October 31, 2021",3RD,:   CAPIZ,ROXAS CITY,BALIJUAGAN,BALIJUAGAN-SIBAGUAN ROAD,*FROM JUNCTION TO CAGAY-IVISAN ROAS TO BRGY.SIBAGYUAN- BALIJUAGAN BDRY. LINE,CR,Commercial - Regular,6680.0
raw,"RDO No. 72 - Roxas City, Capiz is composed of the following City and Munic",,,2ND,:   CAPIZ,ROXAS CITY,BALIJUAGAN,BALIJUAGAN-SIBAGUAN ROAD,,RR,Residential - Regular,900.0
raw,"RDO No. 72 - Roxas City, Capiz is composed of the following City and Munic",,,2ND,:   CAPIZ,ROXAS CITY,BALIJUAGAN,BALIJUAGAN-SIBAGUAN ROAD,,CR,Commercial - Regular,2295.0
raw,"RDO No. 72 - Roxas City, Capiz is composed of the following City and Munic",025-2021,"October 31, 2021",3RD,:   CAPIZ,ROXAS CITY,BALIJUAGAN,BALIJUAGAN-TALON ROAD,*FROM JUNCTION OF CAGAY -IVISAN ROAD TO BRGY BALIJUAGAN-TALON BDRY.LINE,RR,Residential - Regular,2700.0
raw,"RDO No. 72 - Roxas City, Capiz is composed of the following City and Munic",025-2021,"October 31, 2021",3RD,:   CAPIZ,ROXAS CITY,BALIJUAGAN,BALIJUAGAN-TALON ROAD,*FROM JUNCTION OF CAGAY -IVISAN ROAD TO BRGY BALIJUAGAN-TALON BDRY.LINE,CR,Commercial - Regular,6500.0
raw,"RDO No. 72 - Roxas City, Capiz is composed of the following City and Munic",,,2ND,:   CAPIZ,ROXAS CITY,BALIJUAGAN,BALIJUAGAN-TALON ROAD,,RR,Residential - Regular,900.0
raw,"RDO No. 72 - Roxas City, Capiz is composed of the following City and Munic",,,2ND,:   CAPIZ,ROXAS CITY,BALIJUAGAN,BALIJUAGAN-TALON ROAD,,CR,Commercial - Regular,2200.0
raw,"RDO No. 72 - Roxas City, Capiz is composed of the following City and Munic",025-2021,"October 31, 2021",3RD,:   CAPIZ,ROXAS CITY,BALIJUAGAN,CAGAY-IVISAN ROAD,*FROM BRGY.SIBAGUAN -BALIJUAGAN BDRY. LINE TO MUNICIPALITY OF IVISAN,RR,Residential - Regular,3030.0
raw,"RDO No. 72 - Roxas City, Capiz is composed of the following City and Munic",025-2021,"October 31, 2021",3RD,:   CAPIZ,ROXAS CITY,BALIJUAGAN,CAGAY-IVISAN ROAD,*FROM BRGY.SIBAGUAN -BALIJUAGAN BDRY. LINE TO MUNICIPALITY OF IVISAN,CR,Commercial - Regular,6900.0
raw,"RDO No. 72 - Roxas City, Capiz is composed of the following City and Munic",,,2ND,:   CAPIZ,ROXAS CITY,BALIJUAGAN,CAGAY-IVISAN ROAD,,RR,Residential - Regular,900.0
raw,"RDO No. 72 - Roxas City, Capiz is composed of the following City and Munic",,,2ND,:   CAPIZ,ROXAS CITY,BALIJUAGAN,CAGAY-IVISAN ROAD,,CR,Commercial - Regular,2200.0
raw,"RDO No. 72 - Roxas City, Capiz is composed of the following City and Munic",025-2021,"October 31, 2021",3RD,:   CAPIZ,ROXAS CITY,BANICA,*EAST GROOVE SUBDIVISION,*FROM SOUTHERN SIDE OF CAPIZ EAST ROAD TO THE JOSE ABAD SANTOS ST.,RR,Residential - Regular,3090.0
raw,"RDO No. 72 - Roxas City, Capiz is composed of the following City and Munic",025-2021,"October 31, 2021",3RD,:   CAPIZ,ROXAS CITY,BANICA,*SUNSHINE SUBDIVISION,*FROM SOUTHERN SIDE OF CAPIZ EAST ROAD TO THE JOSE ABAD SANTOS ST.,RR,Residential - Regular,3090.0
raw,"RDO No. 72 - Roxas City, Capiz is composed of the following City and Munic",025-2021,"October 31, 2021",3RD,:   CAPIZ,ROXAS CITY,BANICA,*TEODORICA AVENUE,*FROM SOUTHERN SIDE OF CAPIZ EAST ROAD TO THE JOSE ABAD SANTOS ST.,RR,Residential - Regular,3090.0
raw,"RDO No. 72 - Roxas City, Capiz is composed of the following City and Munic",025-2021,"October 31, 2021",3RD,:   CAPIZ,ROXAS CITY,BANICA,*TEODORICA AVENUE,*FROM SOUTHERN SIDE OF CAPIZ EAST ROAD TO THE JOSE ABAD SANTOS ST.,CR,Commercial - Regular,4720.0
raw,"RDO No. 72 - Roxas City, Capiz is composed of the following City and Munic",025-2021,"October 31, 2021",3RD,:   CAPIZ,ROXAS CITY,BANICA,*TEODORICA AVENUE,*FROM SOUTHERN SIDE OF CAPIZ EAST ROAD TO THE JOSE ABAD SANTOS ST.,X,Special / Other,4110.0
raw,"RDO No. 72 - Roxas City, Capiz is composed of the following City and Munic",025-2021,"October 31, 2021",3RD,:   CAPIZ,ROXAS CITY,BANICA,ALL OTHER STREETS,*FROM SOUTHERN SIDE OF CAPIZ EAST ROAD TO THE JOSE ABAD SANTOS ST.,I,Industrial,4470.0
raw,"RDO No. 72 - Roxas City, Capiz is composed of the following City and Munic",025-2021,"October 31, 2021",3RD,:   CAPIZ,ROXAS CITY,BANICA,ALL OTHER STREETS,*FROM SOUTHERN SIDE OF CAPIZ EAST ROAD TO THE JOSE ABAD SANTOS ST.,RR,Residential - Regular,2570.0
raw,"RDO No. 72 - Roxas City, Capiz is composed of the following City and Munic",025-2021,"October 31, 2021",3RD,:   CAPIZ,ROXAS CITY,BANICA,ALL OTHER STREETS,*FROM SOUTHERN SIDE OF CAPIZ EAST ROAD TO THE JOSE ABAD SANTOS ST.,X,Special / Other,4110.0
raw,"RDO No. 72 - Roxas City, Capiz is composed of the following City and Munic",025-2021,"October 31, 2021",3RD,:   CAPIZ,ROXAS CITY,BANICA,ALL OTHER STREETS,*FROM SOUTHERN SIDE OF CAPIZ EAST ROAD TO THE JOSE ABAD SANTOS ST.,GP,General Purpose,1430.0
raw,"RDO No. 72 - Roxas City, Capiz is composed of the following City and Munic",025-2021,"October 31, 2021",3RD,:   CAPIZ,ROXAS CITY,BANICA,ALL OTHER STREETS,*FROM SOUTHERN SIDE OF CAPIZ EAST ROAD TO THE JOSE ABAD SANTOS ST.,A50,Agricultural - A50,22.0
raw,"RDO No. 72 - Roxas City, Capiz is composed of the following City and Munic",,,2ND,:   CAPIZ,ROXAS CITY,BANICA,ALL OTHER STREETS,,I,Industrial,2400.0
raw,"RDO No. 72 - Roxas City, Capiz is composed of the following City and Munic",,,2ND,:   CAPIZ,ROXAS CITY,BANICA,ALL OTHER STREETS,,X,Special / Other,2000.0
raw,"RDO No. 72 - Roxas City, Capiz is composed of the following City and Munic",,,2ND,:   CAPIZ,ROXAS CITY,BANICA,ALL OTHER STREETS,,GP,General Purpose,870.0
raw,"RDO No. 72 - Roxas City, Capiz is composed of the following City and Munic",,,2ND,:   CAPIZ,ROXAS CITY,BANICA,ALL OTHER STREETS,,A6,Agricultural - A6,50.0
raw,"RDO No. 72 - Roxas City, Capiz is composed of the following City and Munic",,,2ND,:   CAPIZ,ROXAS CITY,BANICA,ALL OTHER STREETS,,A17,Agricultural - A17,40.0
raw,"RDO No. 72 - Roxas City, Capiz is composed of the following City and Munic",,,2ND,:   CAPIZ,ROXAS CITY,BANICA,ALL OTHER STREETS,,A2,Agricultural - A2,25.0
raw,"RDO No. 72 - Roxas City, Capiz is composed of the following City and Munic",,,2ND,:   CAPIZ,ROXAS CITY,BANICA,ALL OTHER STREETS,,A50,Agricultural - A50,15.0
raw,"RDO No. 72 - Roxas City, Capiz is composed of the following City and Munic",025-2021,"October 31, 2021",3RD,:   CAPIZ,ROXAS CITY,BANICA,BANICA-BATO ROAD,*FROM WESTERN SIDE OF CAPIZ EAST ROAD TO BRGY.LINE OF BRGY TANZA& BATO,RR,Residential - Regular,2400.0
raw,"RDO No. 72 - Roxas City, Capiz is composed of the following City and Munic",025-2021,"October 31, 2021",3RD,:   CAPIZ,ROXAS CITY,BANICA,BANICA-BATO ROAD,*FROM WESTERN SIDE OF CAPIZ EAST ROAD TO BRGY.LINE OF BRGY TANZA& BATO,CR,Commercial - Regular,4470.0
raw,"RDO No. 72 - Roxas City, Capiz is composed of the following City and Munic",,,2ND,:   CAPIZ,ROXAS CITY,BANICA,BANICA-BATO ROAD,,RR,Residential - Regular,1360.0
raw,"RDO No. 72 - Roxas City, Capiz is composed of the following City and Munic",,,2ND,:   CAPIZ,ROXAS CITY,BANICA,BANICA-BATO ROAD,,CR,Commercial - Regular,2400.0
raw,"RDO No. 72 - Roxas City, Capiz is composed of the following City and Munic",025-2021,"October 31, 2021",3RD,:   CAPIZ,ROXAS CITY,BANICA,BANICA-MONGPONG ROAD,*FROM WESTERN SIDE OF CAPIZ EAST ROAD TO BRGY.LINE OF BGRY.TANZA&BATO,RR,Residential - Regular,2520.0
raw,"RDO No. 72 - Roxas City, Capiz is composed of the following City and Munic",025-2021,"October 31, 2021",3RD,:   CAPIZ,ROXAS CITY,BANICA,BANICA-MONGPONG ROAD,*FROM WESTERN SIDE OF CAPIZ EAST ROAD TO BRGY.LINE OF BGRY.TANZA&BATO,CR,Commercial - Regular,4910.0
raw,"RDO No. 72 - Roxas City, Capiz is composed of the following City and Munic",,,2ND,:   CAPIZ,ROXAS CITY,BANICA,BANICA-MONGPONG ROAD,,RR,Residential - Regular,1500.0
raw,"RDO No. 72 - Roxas City, Capiz is composed of the following City and Munic",,,2ND,:   CAPIZ,ROXAS CITY,BANICA,BANICA-MONGPONG ROAD,,CR,Commercial - Regular,2900.0
raw,"RDO No. 72 - Roxas City, Capiz is composed of the following City and Munic",025-2021,"October 31, 2021",3RD,:   CAPIZ,ROXAS CITY,BANICA,CAPIZ EAST ROAD,*FROM WESTERN END OF EMILIO JACINTO ST. TO BANICA BRIDGE,RR,Residential - Regular,3220.0
raw,"RDO No. 72 - Roxas City, Capiz is composed of the following City and Munic",025-2021,"October 31, 2021",3RD,:   CAPIZ,ROXAS CITY,BANICA,CAPIZ EAST ROAD,*FROM WESTERN END OF EMILIO JACINTO ST. TO BANICA BRIDGE,CR,Commercial - Regular,5120.0
raw,"RDO No. 72 - Roxas City, Capiz is composed of the following City and Munic",,,2ND,:   CAPIZ,ROXAS CITY,BANICA,CAPIZ EAST ROAD,,RR,Residential - Regular,2142.5
raw,"RDO No. 72 - Roxas City, Capiz is composed of the following City and Munic",,,2ND,:   CAPIZ,ROXAS CITY,BANICA,CAPIZ EAST ROAD,,CR,Commercial - Regular,2690.0
raw,"RDO No. 72 - Roxas City, Capiz is composed of the following City and Munic",025-2021,"October 31, 2021",3RD,:   CAPIZ,ROXAS CITY,BANICA,GOV ATILA BALGOS AVENUE (GABA),*FROM SOUTHERN SIDE OF CAPIZ EAST ROAD TO BRGY BDRY.LINE OF BRGY .TIZA,RR,Residential - Regular,2690.0
raw,"RDO No. 72 - Roxas City, Capiz is composed of the following City and Munic",025-2021,"October 31, 2021",3RD,:   CAPIZ,ROXAS CITY,BANICA,GOV ATILA BALGOS AVENUE (GABA),*FROM SOUTHERN SIDE OF CAPIZ EAST ROAD TO BRGY BDRY.LINE OF BRGY .TIZA,CR,Commercial - Regular,5130.0
raw,"RDO No. 72 - Roxas City, Capiz is composed of the following City and Munic",,,2ND,:   CAPIZ,ROXAS CITY,BANICA,GOV ATILA BALGOS AVENUE (GABA),,RR,Residential - Regular,1550.0
raw,"RDO No. 72 - Roxas City, Capiz is composed of the following City and Munic",,,2ND,:   CAPIZ,ROXAS CITY,BANICA,GOV ATILA BALGOS AVENUE (GABA),,CR,Commercial - Regular,2700.0
raw,"RDO No. 72 - Roxas City, Capiz is composed of the following City and Munic",025-2021,"October 31, 2021",3RD,:   CAPIZ,ROXAS CITY,BANICA,NEW ROAD,*FROM BRGY.BDRY.LINE OF BRGY.MONGPONG TO NOTHERN SIDE OF CAPIZ EAST ROAD,RR,Residential - Regular,2520.0
raw,"RDO No. 72 - Roxas City, Capiz is composed of the following City and Munic",025-2021,"October 31, 2021",3RD,:   CAPIZ,ROXAS CITY,BANICA,NEW ROAD,*FROM BRGY.BDRY.LINE OF BRGY.MONGPONG TO NOTHERN SIDE OF CAPIZ EAST ROAD,CR,Commercial - Regular,5310.0
raw,"RDO No. 72 - Roxas City, Capiz is composed of the following City and Munic",,,2ND,:   CAPIZ,ROXAS CITY,BANICA,NEW ROAD,,RR,Residential - Regular,1500.0
raw,"RDO No. 72 - Roxas City, Capiz is composed of the following City and Munic",,,2ND,:   CAPIZ,ROXAS CITY,BANICA,NEW ROAD,,CR,Commercial - Regular,2900.0
raw,"RDO No. 72 - Roxas City, Capiz is composed of the following City and Munic",025-2021,"October 31, 2021",3RD,:   CAPIZ,ROXAS CITY,BANICA,SITIO CARMEL,*FROM SOUTHERN SIDE OF CAPIZ EAST ROAD TO THE JOSE ABAD SANTOS ST.,RR,Residential - Regular,2560.0
raw,"RDO No. 72 - Roxas City, Capiz is composed of the following City and Munic",025-2021,"October 31, 2021",3RD,:   CAPIZ,ROXAS CITY,BANICA,SITIO CARMEL,*FROM SOUTHERN SIDE OF CAPIZ EAST ROAD TO THE JOSE ABAD SANTOS ST.,CR,Commercial - Regular,4730.0
raw,"RDO No. 72 - Roxas City, Capiz is composed of the following City and Munic",,,2ND,:   CAPIZ,ROXAS CITY,BANICA,SITIO CARMEL,,RR,Residential - Regular,1544.0
raw,"RDO No. 72 - Roxas City, Capiz is composed of the following City and Munic",,,2ND,:   CAPIZ,ROXAS CITY,BANICA,SITIO CARMEL,,CR,Commercial - Regular,2700.0
raw,"RDO No. 72 - Roxas City, Capiz is composed of the following City and Munic",025-2021,"October 31, 2021",3RD,:   CAPIZ,ROXAS CITY,BANICA,SUNSHINE VILLAGE ENTRANCE ROAD,*FROM SOUTHERN SIDE OF CAPIZ EAST ROAD TO THE JOSE ABAD SANTOS ST.,RR,Residential - Regular,2520.0
raw,"RDO No. 72 - Roxas City, Capiz is composed of the following City and Munic",025-2021,"October 31, 2021",3RD,:   CAPIZ,ROXAS CITY,BANICA,SUNSHINE VILLAGE ENTRANCE ROAD,*FROM SOUTHERN SIDE OF CAPIZ EAST ROAD TO THE JOSE ABAD SANTOS ST.,CR,Commercial - Regular,4790.0
raw,"RDO No. 72 - Roxas City, Capiz is composed of the following City and Munic",,,2ND,:   CAPIZ,ROXAS CITY,BANICA,SUNSHINE VILLAGE ENTRANCE ROAD,,RR,Residential - Regular,1500.0
raw,"RDO No. 72 - Roxas City, Capiz is composed of the following City and Munic",,,2ND,:   CAPIZ,ROXAS CITY,BANICA,SUNSHINE VILLAGE ENTRANCE ROAD,,CR,Commercial - Regular,2772.0
raw,"RDO No. 72 - Roxas City, Capiz is composed of the following City and Munic",025-2021,"October 31, 2021",3RD,:   CAPIZ,ROXAS CITY,BARRA,ALL OTHER STREETS,*FROM BRGY .LIBAS BNARRA BDRY LINE TO SOUTHEAST SIDE BRGY. BARRA ROAD,I,Industrial,3640.0
raw,"RDO No. 72 - Roxas City, Capiz is composed of the following City and Munic",025-2021,"October 31, 2021",3RD,:   CAPIZ,ROXAS CITY,BARRA,ALL OTHER STREETS,*FROM BRGY .LIBAS BNARRA BDRY LINE TO SOUTHEAST SIDE BRGY. BARRA ROAD,X,Special / Other,3490.0
raw,"RDO No. 72 - Roxas City, Capiz is composed of the following City and Munic",025-2021,"October 31, 2021",3RD,:   CAPIZ,ROXAS CITY,BARRA,ALL OTHER STREETS,*FROM BRGY .LIBAS BNARRA BDRY LINE TO SOUTHEAST SIDE BRGY. BARRA ROAD,RR,Residential - Regular,1800.0
raw,"RDO No. 72 - Roxas City, Capiz is composed of the following City and Munic",025-2021,"October 31, 2021",3RD,:   CAPIZ,ROXAS CITY,BARRA,ALL OTHER STREETS,*FROM BRGY .LIBAS BNARRA BDRY LINE TO SOUTHEAST SIDE BRGY. BARRA ROAD,GP,General Purpose,1010.0
raw,"RDO No. 72 - Roxas City, Capiz is composed of the following City and Munic",025-2021,"October 31, 2021",3RD,:   CAPIZ,ROXAS CITY,BARRA,ALL OTHER STREETS,*FROM BRGY .LIBAS BNARRA BDRY LINE TO SOUTHEAST SIDE BRGY. BARRA ROAD,A39,Agricultural - A39,4190.0
raw,"RDO No. 72 - Roxas City, Capiz is composed of the following City and Munic",025-2021,"October 31, 2021",3RD,:   CAPIZ,ROXAS CITY,BARRA,ALL OTHER STREETS,*FROM BRGY .LIBAS BNARRA BDRY LINE TO SOUTHEAST SIDE BRGY. BARRA ROAD,A40,Agricultural - A40,4730.0
raw,"RDO No. 72 - Roxas City, Capiz is composed of the following City and Munic",025-2021,"October 31, 2021",3RD,:   CAPIZ,ROXAS CITY,BARRA,ALL OTHER STREETS,*FROM BRGY .LIBAS BNARRA BDRY LINE TO SOUTHEAST SIDE BRGY. BARRA ROAD,A50,Agricultural - A50,670.0
raw,"RDO No. 72 - Roxas City, Capiz is composed of the following City and Munic",,,2ND,:   CAPIZ,ROXAS CITY,BARRA,ALL OTHER STREETS,INTERIOR LOTS,I,Industrial,1925.0
raw,"RDO No. 72 - Roxas City, Capiz is composed of the following City and Munic",,,2ND,:   CAPIZ,ROXAS CITY,BARRA,ALL OTHER STREETS,INTERIOR LOTS,X,Special / Other,1702.5
raw,"RDO No. 72 - Roxas City, Capiz is composed of the following City and Munic",,,2ND,:   CAPIZ,ROXAS CITY,BARRA,ALL OTHER STREETS,INTERIOR LOTS,RR,Residential - Regular,900.0
raw,"RDO No. 72 - Roxas City, Capiz is composed of the following City and Munic",,,2ND,:   CAPIZ,ROXAS CITY,BARRA,ALL OTHER STREETS,INTERIOR LOTS,GP,General Purpose,520.0
raw,"RDO No. 72 - Roxas City, Capiz is composed of the following City and Munic",,,2ND,:   CAPIZ,ROXAS CITY,BARRA,ALL OTHER STREETS,INTERIOR LOTS,A6,Agricultural - A6,60.0
raw,"RDO No. 72 - Roxas City, Capiz is composed of the following City and Munic",,,2ND,:   CAPIZ,ROXAS CITY,BARRA,ALL OTHER STREETS,INTERIOR LOTS,A17,Agricultural - A17,40.0
raw,"RDO No. 72 - Roxas City, Capiz is composed of the following City and Munic",,,2ND,:   CAPIZ,ROXAS CITY,BARRA,ALL OTHER STREETS,INTERIOR LOTS,A39,Agricultural - A39,3500.0
raw,"RDO No. 72 - Roxas City, Capiz is composed of the following City and Munic",,,2ND,:   CAPIZ,ROXAS CITY,BARRA,ALL OTHER STREETS,INTERIOR LOTS,A40,Agricultural - A40,4300.0
raw,"RDO No. 72 - Roxas City, Capiz is composed of the following City and Munic",,,2ND,:   CAPIZ,ROXAS CITY,BARRA,ALL OTHER STREETS,INTERIOR LOTS,A50,Agricultural - A50,15.0
raw,"RDO No. 72 - Roxas City, Capiz is composed of the following City and Munic",025-2021,"October 31, 2021",3RD,:   CAPIZ,ROXAS CITY,BARRA,BARRA-LIBAS ROAD,*FROM BRGY .LIBAS BNARRA BDRY LINE TO SOUTHEAST SIDE BRGY. BARRA ROAD,RR,Residential - Regular,2530.0
raw,"RDO No. 72 - Roxas City, Capiz is composed of the following City and Munic",025-2021,"October 31, 2021",3RD,:   CAPIZ,ROXAS CITY,BARRA,BARRA-LIBAS ROAD,*FROM BRGY .LIBAS BNARRA BDRY LINE TO SOUTHEAST SIDE BRGY. BARRA ROAD,CR,Commercial - Regular,3950.0
raw,"RDO No. 72 - Roxas City, Capiz is composed of the following City and Munic",,,2ND,:   CAPIZ,ROXAS CITY,BARRA,BARRA-LIBAS ROAD,INTERIOR LOTS,RR,Residential - Regular,1990.0
raw,"RDO No. 72 - Roxas City, Capiz is composed of the following City and Munic",,,2ND,:   CAPIZ,ROXAS CITY,BARRA,BARRA-LIBAS ROAD,INTERIOR LOTS,CR,Commercial - Regular,2400.0
raw,"RDO No. 72 - Roxas City, Capiz is composed of the following City and Munic",,,2ND,:   CAPIZ,ROXAS CITY,BARRA,BDAYAO-BARRA ROAD,,RR,Residential - Regular,1900.0
raw,"RDO No. 72 - Roxas City, Capiz is composed of the following City and Munic",,,2ND,:   CAPIZ,ROXAS CITY,BARRA,BDAYAO-BARRA ROAD,,CR,Commercial - Regular,3615.0
raw,"RDO No. 72 - Roxas City, Capiz is composed of the following City and Munic",,,2ND,:   CAPIZ,ROXAS CITY,BARRA,BDAYAO-BARRA ROAD,INTERIOR LOTS,RR,Residential - Regular,900.0
raw,"RDO No. 72 - Roxas City, Capiz is composed of the following City and Munic",,,2ND,:   CAPIZ,ROXAS CITY,BARRA,BDAYAO-BARRA ROAD,INTERIOR LOTS,CR,Commercial - Regular,3150.0
raw,"RDO No. 72 - Roxas City, Capiz is composed of the following City and Munic",025-2021,"October 31, 2021",3RD,:   CAPIZ,ROXAS CITY,BARRA,DAYAO-BARRA ROAD,*FROM BRGY DAYAO-BARRA BDRY. LINE TO EDGE OF CAPIZ BAY,RR,Residential - Regular,2590.0
raw,"RDO No. 72 - Roxas City, Capiz is composed of the following City and Munic",025-2021,"October 31, 2021",3RD,:   CAPIZ,ROXAS CITY,BARRA,DAYAO-BARRA ROAD,*FROM BRGY DAYAO-BARRA BDRY. LINE TO EDGE OF CAPIZ BAY,CR,Commercial - Regular,5160.0
raw,"RDO No. 72 - Roxas City, Capiz is composed of the following City and Munic",025-2021,"October 31, 2021",3RD,:   CAPIZ,ROXAS CITY,BARRA,DAYAO-BARRA ROAD,INTERIOR LOTS,RR,Residential - Regular,1930.0
raw,"RDO No. 72 - Roxas City, Capiz is composed of the following City and Munic",025-2021,"October 31, 2021",3RD,:   CAPIZ,ROXAS CITY,BARRA,DAYAO-BARRA ROAD,INTERIOR LOTS,CR,Commercial - Regular,4450.0
raw,"RDO No. 72 - Roxas City, Capiz is composed of the following City and Munic",,"October 31, 2021",3RD,:   CAPIZ,ROXAS CITY,BATO,*PINESVILLE(URBAN POOR RESIDENTIAL) BRGY BATO,*FROM FOOT OF BANICA-BATO BRIDGE TO BOUNDARY LINE OF MUN.OF PANAY&BRGY.,RR,Residential - Regular,1640.0
raw,"RDO No. 72 - Roxas City, Capiz is composed of the following City and Munic",,"October 31, 2021",3RD,:   CAPIZ,ROXAS CITY,BATO,*SITIO FATIMA,*FROM FOOT OF BANICA-BATO BRIDGE TO BOUNDARY LINE OF MUN.OF PANAY&BRGY.,RR,Residential - Regular,1640.0
raw,"RDO No. 72 - Roxas City, Capiz is composed of the following City and Munic",,"October 31, 2021",3RD,:   CAPIZ,ROXAS CITY,BATO,ALL OTHER STREETS,*FROM FOOT OF BANICA-BATO BRIDGE TO BOUNDARY LINE OF MUN.OF PANAY&BRGY.,I,Industrial,4110.0
raw,"RDO No. 72 - Roxas City, Capiz is composed of the following City and Munic",,"October 31, 2021",3RD,:   CAPIZ,ROXAS CITY,BATO,ALL OTHER STREETS,*FROM FOOT OF BANICA-BATO BRIDGE TO BOUNDARY LINE OF MUN.OF PANAY&BRGY.,X,Special / Other,3800.0
raw,"RDO No. 72 - Roxas City, Capiz is composed of the following City and Munic",,"October 31, 2021",3RD,:   CAPIZ,ROXAS CITY,BATO,ALL OTHER STREETS,*FROM FOOT OF BANICA-BATO BRIDGE TO BOUNDARY LINE OF MUN.OF PANAY&BRGY.,RR,Residential - Regular,1640.0
raw,"RDO No. 72 - Roxas City, Capiz is composed of the following City and Munic",,"October 31, 2021",3RD,:   CAPIZ,ROXAS CITY,BATO,ALL OTHER STREETS,*FROM FOOT OF BANICA-BATO BRIDGE TO BOUNDARY LINE OF MUN.OF PANAY&BRGY.,GP,General Purpose,1070.0
raw,"RDO No. 72 - Roxas City, Capiz is composed of the following City and Munic",,"October 31, 2021",3RD,:   CAPIZ,ROXAS CITY,BATO,ALL OTHER STREETS,*FROM FOOT OF BANICA-BATO BRIDGE TO BOUNDARY LINE OF MUN.OF PANAY&BRGY.,A2,Agricultural - A2,32.0
raw,"RDO No. 72 - Roxas City, Capiz is composed of the following City and Munic",,"October 31, 2021",3RD,:   CAPIZ,ROXAS CITY,BATO,ALL OTHER STREETS,*FROM FOOT OF BANICA-BATO BRIDGE TO BOUNDARY LINE OF MUN.OF PANAY&BRGY.,A50,Agricultural - A50,20.0
raw,"RDO No. 72 - Roxas City, Capiz is composed of the following City and Munic",,,2ND,:   CAPIZ,ROXAS CITY,BATO,ALL OTHER STREETS,INTERIOR LOTS,I,Industrial,2555.0
raw,"RDO No. 72 - Roxas City, Capiz is composed of the following City and Munic",,,2ND,:   CAPIZ,ROXAS CITY,BATO,ALL OTHER STREETS,INTERIOR LOTS,X,Special / Other,2105.0
raw,"RDO No. 72 - Roxas City, Capiz is composed of the following City and Munic",,,2ND,:   CAPIZ,ROXAS CITY,BATO,ALL OTHER STREETS,INTERIOR LOTS,RR,Residential - Regular,930.0
raw,"RDO No. 72 - Roxas City, Capiz is composed of the following City and Munic",,,2ND,:   CAPIZ,ROXAS CITY,BATO,ALL OTHER STREETS,INTERIOR LOTS,GP,General Purpose,590.0
raw,"RDO No. 72 - Roxas City, Capiz is composed of the following City and Munic",,,2ND,:   CAPIZ,ROXAS CITY,BATO,ALL OTHER STREETS,INTERIOR LOTS,A2,Agricultural - A2,25.0
raw,"RDO No. 72 - Roxas City, Capiz is composed of the following City and Munic",,,2ND,:   CAPIZ,ROXAS CITY,BATO,ALL OTHER STREETS,INTERIOR LOTS,A6,Agricultural - A6,60.0
raw,"RDO No. 72 - Roxas City, Capiz is composed of the following City and Munic",,,2ND,:   CAPIZ,ROXAS CITY,BATO,ALL OTHER STREETS,INTERIOR LOTS,A17,Agricultural - A17,40.0
raw,"RDO No. 72 - Roxas City, Capiz is composed of the following City and Munic",,,2ND,:   CAPIZ,ROXAS CITY,BATO,ALL OTHER STREETS,INTERIOR LOTS,A50,Agricultural - A50,15.0
raw,"RDO No. 72 - Roxas City, Capiz is composed of the following City and Munic",,"October 31, 2021",3RD,:   CAPIZ,ROXAS CITY,BATO,BANICA-BATO-MILIBILI ROAD,*FROM THE FOOT OF THE BANICA-BATO BRIDGE TO BRGY. BOUNDARY LINE OF BRGY.MILIBILI,RR,Residential - Regular,1780.0
raw,"RDO No. 72 - Roxas City, Capiz is composed of the following City and Munic",,"October 31, 2021",3RD,:   CAPIZ,ROXAS CITY,BATO,BANICA-BATO-MILIBILI ROAD,*FROM THE FOOT OF THE BANICA-BATO BRIDGE TO BRGY. BOUNDARY LINE OF BRGY.MILIBILI,CR,Commercial - Regular,4270.0
raw,"RDO No. 72 - Roxas City, Capiz is composed of the following City and Munic",,"October 31, 2021",3RD,:   CAPIZ,ROXAS CITY,BATO,BANICA-BATO-MILIBILI ROAD,INTERIOR LOTS,RR,Residential - Regular,1450.0
raw,"RDO No. 72 - Roxas City, Capiz is composed of the following City and Munic",,"October 31, 2021",3RD,:   CAPIZ,ROXAS CITY,BATO,BANICA-BATO-MILIBILI ROAD,INTERIOR LOTS,CR,Commercial - Regular,4200.0
raw,"RDO No. 72 - Roxas City, Capiz is composed of the following City and Munic",,,2ND,:   CAPIZ,ROXAS CITY,BATO,BANICA-BATO-MILIBILI ROAD,,RR,Residential - Regular,830.0
raw,"RDO No. 72 - Roxas City, Capiz is composed of the following City and Munic",,,2ND,:   CAPIZ,ROXAS CITY,BATO,BANICA-BATO-MILIBILI ROAD,,CR,Commercial - Regular,2790.0
raw,"RDO No. 72 - Roxas City, Capiz is composed of the following City and Munic",,,2ND,:   CAPIZ,ROXAS CITY,BATO,BANICA-BATO-MILIBILI ROAD,INTERIOR LOTS,RR,Residential - Regular,644.0
raw,"RDO No. 72 - Roxas City, Capiz is composed of the following City and Munic",,,2ND,:   CAPIZ,ROXAS CITY,BATO,BANICA-BATO-MILIBILI ROAD,INTERIOR LOTS,CR,Commercial - Regular,2682.0
raw,"RDO No. 72 - Roxas City, Capiz is composed of the following City and Munic",,"October 31, 2021",3RD,:   CAPIZ,ROXAS CITY,BATO,BATO-PANAY ROAD,*FROM FOOT OF BANICA-BATO BRIDGE TO BOUNDARY LINE OF MUN.OF PANAY&BRGY.,RR,Residential - Regular,1640.0
raw,"RDO No. 72 - Roxas City, Capiz is composed of the following City and Munic",,"October 31, 2021",3RD,:   CAPIZ,ROXAS CITY,BATO,BATO-PANAY ROAD,*FROM FOOT OF BANICA-BATO BRIDGE TO BOUNDARY LINE OF MUN.OF PANAY&BRGY.,CR,Commercial - Regular,4440.0
raw,"RDO No. 72 - Roxas City, Capiz is composed of the following City and Munic",,,2ND,:   CAPIZ,ROXAS CITY,BATO,BATO-PANAY ROAD,INTERIOR LOTS,RR,Residential - Regular,930.0
raw,"RDO No. 72 - Roxas City, Capiz is composed of the following City and Munic",,,2ND,:   CAPIZ,ROXAS CITY,BATO,BATO-PANAY ROAD,INTERIOR LOTS,CR,Commercial - Regular,3040.0
raw,"RDO No. 72 - Roxas City, Capiz is composed of the following City and Munic",025-2021,"October 31, 2021",3RD,:   CAPIZ,ROXAS CITY,BAYBAY,*ARCHES SUBDIVISION,,RR,Residential - Regular,2900.0
raw,"RDO No. 72 - Roxas City, Capiz is composed of the following City and Munic",025-2021,"October 31, 2021",3RD,:   CAPIZ,ROXAS CITY,BAYBAY,*BARANGAY ROAD TO SAN ANTONIO VILLAGE,TO AIRPORT,RR,Residential - Regular,3100.0
raw,"RDO No. 72 - Roxas City, Capiz is composed of the following City and Munic",025-2021,"October 31, 2021",3RD,:   CAPIZ,ROXAS CITY,BAYBAY,*BARANGAY ROAD TO SAN ANTONIO VILLAGE,TO AIRPORT,CR,Commercial - Regular,9220.0
raw,"RDO No. 72 - Roxas City, Capiz is composed of the following City and Munic",025-2021,"October 31, 2021",3RD,:   CAPIZ,ROXAS CITY,BAYBAY,*BRGY. ROAD BESIDE BOMBO RADY,TO AIRPORT,RR,Residential - Regular,3100.0
raw,"RDO No. 72 - Roxas City, Capiz is composed of the following City and Munic",025-2021,"October 31, 2021",3RD,:   CAPIZ,ROXAS CITY,BAYBAY,*BRGY. ROAD TO RIO GRANDE,TO AIRPORT,RR,Residential - Regular,3100.0
raw,"RDO No. 72 - Roxas City, Capiz is composed of the following City and Munic",025-2021,"October 31, 2021",3RD,:   CAPIZ,ROXAS CITY,BAYBAY,*BRGY. ROAD TO RIO GRANDE,TO AIRPORT,CR,Commercial - Regular,9220.0
raw,"RDO No. 72 - Roxas City, Capiz is composed of the following City and Munic",025-2021,"October 31, 2021",3RD,:   CAPIZ,ROXAS CITY,BAYBAY,*CONLU SUBDIVISION,,RR,Residential - Regular,2900.0
raw,"RDO No. 72 - Roxas City, Capiz is composed of the following City and Munic",025-2021,"October 31, 2021",3RD,:   CAPIZ,ROXAS CITY,BAYBAY,*KAWILIHAN SUBDIVISION,,RR,Residential - Regular,2900.0
raw,"RDO No. 72 - Roxas City, Capiz is composed of the following City and Munic",025-2021,"October 31, 2021",3RD,:   CAPIZ,ROXAS CITY,BAYBAY,*MARIAN PARK SUBDIVISION,,RR,Residential - Regular,2900.0
raw,"RDO No. 72 - Roxas City, Capiz is composed of the following City and Munic",025-2021,"October 31, 2021",3RD,:   CAPIZ,ROXAS CITY,BAYBAY,*MARTELINO SUBDIVISION,,RR,Residential - Regular,2900.0
raw,"RDO No. 72 - Roxas City, Capiz is composed of the following City and Munic",025-2021,"October 31, 2021",3RD,:   CAPIZ,ROXAS CITY,BAYBAY,*RIO GRANDE SUBD.,,RR,Residential - Regular,4570.0
raw,"RDO No. 72 - Roxas City, Capiz is composed of the following City and Munic",025-2021,"October 31, 2021",3RD,:   CAPIZ,ROXAS CITY,BAYBAY,*RIO GRANDE SUBD.,,CR,Commercial - Regular,9620.0
raw,"RDO No. 72 - Roxas City, Capiz is composed of the following City and Munic",025-2021,"October 31, 2021",3RD,:   CAPIZ,ROXAS CITY,BAYBAY,*SAN ANTONIO VILLAGE SUBD.,,RR,Residential - Regular,4640.0
raw,"RDO No. 72 - Roxas City, Capiz is composed of the following City and Munic",025-2021,"October 31, 2021",3RD,:   CAPIZ,ROXAS CITY,BAYBAY,*SAN ANTONIO VILLAGE SUBD.,,CR,Commercial - Regular,9620.0
raw,"RDO No. 72 - Roxas City, Capiz is composed of the following City and Munic",025-2021,"October 31, 2021",3RD,:   CAPIZ,ROXAS CITY,BAYBAY,*SERVERINO SUBDIVISION,,RR,Residential - Regular,2900.0
raw,"RDO No. 72 - Roxas City, Capiz is composed of the following City and Munic",025-2021,"October 31, 2021",3RD,:   CAPIZ,ROXAS CITY,BAYBAY,*SITIO BAYBAY CROSSING,TO AIRPORT,RR,Residential - Regular,3100.0
raw,"RDO No. 72 - Roxas City, Capiz is composed of the following City and Munic",025-2021,"October 31, 2021",3RD,:   CAPIZ,ROXAS CITY,BAYBAY,*SITIO BAYBAY CROSSING,TO AIRPORT,CR,Commercial - Regular,9220.0
raw,"RDO No. 72 - Roxas City, Capiz is composed of the following City and Munic",025-2021,"October 31, 2021",3RD,:   CAPIZ,ROXAS CITY,BAYBAY,*SITIO LAWIS,TO AIRPORT,RR,Residential - Regular,3100.0
raw,"RDO No. 72 - Roxas City, Capiz is composed of the following City and Munic",025-2021,"October 31, 2021",3RD,:   CAPIZ,ROXAS CITY,BAYBAY,*SITIO LAWIS,TO AIRPORT,CR,Commercial - Regular,9220.0
raw,"RDO No. 72 - Roxas City, Capiz is composed of the following City and Munic",025-2021,"October 31, 2021",3RD,:   CAPIZ,ROXAS CITY,BAYBAY,*SITIO LAWIS,TO AIRPORT,A39,Agricultural - A39,10870.0
raw,"RDO No. 72 - Roxas City, Capiz is composed of the following City and Munic",025-2021,"October 31, 2021",3RD,:   CAPIZ,ROXAS CITY,BAYBAY,*SITIO M. ALTAVAS,TO AIRPORT,RR,Residential - Regular,3100.0
raw,"RDO No. 72 - Roxas City, Capiz is composed of the following City and Munic",025-2021,"October 31, 2021",3RD,:   CAPIZ,ROXAS CITY,BAYBAY,*SITIO PUNTA SAN ROQUE (Formerly Sitio Takilid),TO AIRPORT,RR,Residential - Regular,3100.0
raw,"RDO No. 72 - Roxas City, Capiz is composed of the following City and Munic",025-2021,"October 31, 2021",3RD,:   CAPIZ,ROXAS CITY,BAYBAY,*SITIO PUNTA SAN ROQUE (Formerly Sitio Takilid),TO AIRPORT,CR,Commercial - Regular,9220.0
raw,"RDO No. 72 - Roxas City, Capiz is composed of the following City and Munic",025-2021,"October 31, 2021",3RD,:   CAPIZ,ROXAS CITY,BAYBAY,*SITIO SAN JUAN POBLACION,TO AIRPORT,RR,Residential - Regular,3100.0
raw,"RDO No. 72 - Roxas City, Capiz is composed of the following City and Munic",025-2021,"October 31, 2021",3RD,:   CAPIZ,ROXAS CITY,BAYBAY,*SITIO SAN JUAN POBLACION,TO AIRPORT,CR,Commercial - Regular,9220.0
raw,"RDO No. 72 - Roxas City, Capiz is composed of the following City and Munic",025-2021,"October 31, 2021",3RD,:   CAPIZ,ROXAS CITY,BAYBAY,*SITIO SAN JUAN POBLACION,TO AIRPORT,A39,Agricultural - A39,9370.0
raw,"RDO No. 72 - Roxas City, Capiz is composed of the following City and Munic",025-2021,"October 31, 2021",3RD,:   CAPIZ,ROXAS CITY,BAYBAY,*SITIO STO. NIÑO,TO AIRPORT,RR,Residential - Regular,3100.0
raw,"RDO No. 72 - Roxas City, Capiz is composed of the following City and Munic",025-2021,"October 31, 2021",3RD,:   CAPIZ,ROXAS CITY,BAYBAY,*SITIO STO. NIÑO,TO AIRPORT,CR,Commercial - Regular,9220.0
raw,"RDO No. 72 - Roxas City, Capiz is composed of the following City and Munic",025-2021,"October 31, 2021",3RD,:   CAPIZ,ROXAS CITY,BAYBAY,*URBAN POOR POBLACION,TO AIRPORT,RR,Residential - Regular,3100.0
raw,"RDO No. 72 - Roxas City, Capiz is composed of the following City and Munic",025-2021,"October 31, 2021",3RD,:   CAPIZ,ROXAS CITY,BAYBAY,*VILLA CARMEL VILLAGE,,RR,Residential - Regular,2900.0
raw,"RDO No. 72 - Roxas City, Capiz is composed of the following City and Munic",025-2021,"October 31, 2021",3RD,:   CAPIZ,ROXAS CITY,BAYBAY,AIRPORT ROAD,*FROM EASTERN SIDE OF ARNALDO BLVD.,RR,Residential - Regular,4630.0
raw,"RDO No. 72 - Roxas City, Capiz is composed of the following City and Munic",025-2021,"October 31, 2021",3RD,:   CAPIZ,ROXAS CITY,BAYBAY,AIRPORT ROAD,TO AIRPORT,CR,Commercial - Regular,9870.0
raw,"RDO No. 72 - Roxas City, Capiz is composed of the following City and Munic",,,2ND,:   CAPIZ,ROXAS CITY,BAYBAY,AIRPORT ROAD,INTERIOR LOTS,RR,Residential - Regular,2750.0
raw,"RDO No. 72 - Roxas City, Capiz is composed of the following City and Munic",,,2ND,:   CAPIZ,ROXAS CITY,BAYBAY,AIRPORT ROAD,INTERIOR LOTS,CR,Commercial - Regular,5890.0
raw,"RDO No. 72 - Roxas City, Capiz is composed of the following City and Munic",025-2021,"October 31, 2021",3RD,:   CAPIZ,ROXAS CITY,BAYBAY,ALL OTHER STREETS,,I,Industrial,9240.0
raw,"RDO No. 72 - Roxas City, Capiz is composed of the following City and Munic",025-2021,"October 31, 2021",3RD,:   CAPIZ,ROXAS CITY,BAYBAY,ALL OTHER STREETS,,X,Special / Other,9320.0
raw,"RDO No. 72 - Roxas City, Capiz is composed of the following City and Munic",025-2021,"October 31, 2021",3RD,:   CAPIZ,ROXAS CITY,BAYBAY,ALL OTHER STREETS,,RR,Residential - Regular,2900.0
raw,"RDO No. 72 - Roxas City, Capiz is composed of the following City and Munic",025-2021,"October 31, 2021",3RD,:   CAPIZ,ROXAS CITY,BAYBAY,ALL OTHER STREETS,,CR,Commercial - Regular,9220.0
raw,"RDO No. 72 - Roxas City, Capiz is composed of the following City and Munic",025-2021,"October 31, 2021",3RD,:   CAPIZ,ROXAS CITY,BAYBAY,ALL OTHER STREETS,,GP,General Purpose,1660.0
raw,"RDO No. 72 - Roxas City, Capiz is composed of the following City and Munic",025-2021,"October 31, 2021",3RD,:   CAPIZ,ROXAS CITY,BAYBAY,ALL OTHER STREETS,,A6,Agricultural - A6,120.0
raw,"RDO No. 72 - Roxas City, Capiz is composed of the following City and Munic",025-2021,"October 31, 2021",3RD,:   CAPIZ,ROXAS CITY,BAYBAY,ALL OTHER STREETS,,A17,Agricultural - A17,90.0
raw,"RDO No. 72 - Roxas City, Capiz is composed of the following City and Munic",025-2021,"October 31, 2021",3RD,:   CAPIZ,ROXAS CITY,BAYBAY,ALL OTHER STREETS,,A39,Agricultural - A39,9220.0
raw,"RDO No. 72 - Roxas City, Capiz is composed of the following City and Munic",025-2021,"October 31, 2021",3RD,:   CAPIZ,ROXAS CITY,BAYBAY,ALL OTHER STREETS,,A40,Agricultural - A40,9320.0
raw,"RDO No. 72 - Roxas City, Capiz is composed of the following City and Munic",025-2021,"October 31, 2021",3RD,:   CAPIZ,ROXAS CITY,BAYBAY,ALL OTHER STREETS,,A50,Agricultural - A50,35.0
raw,"RDO No. 72 - Roxas City, Capiz is composed of the following City and Munic",,,2ND,:   CAPIZ,ROXAS CITY,BAYBAY,ALL OTHER STREETS,INTERIOR LOTS,I,Industrial,4640.0
raw,"RDO No. 72 - Roxas City, Capiz is composed of the following City and Munic",,,2ND,:   CAPIZ,ROXAS CITY,BAYBAY,ALL OTHER STREETS,INTERIOR LOTS,X,Special / Other,4800.0
raw,"RDO No. 72 - Roxas City, Capiz is composed of the following City and Munic",,,2ND,:   CAPIZ,ROXAS CITY,BAYBAY,ALL OTHER STREETS,INTERIOR LOTS,RR,Residential - Regular,1630.0
raw,"RDO No. 72 - Roxas City, Capiz is composed of the following City and Munic",,,2ND,:   CAPIZ,ROXAS CITY,BAYBAY,ALL OTHER STREETS,INTERIOR LOTS,GP,General Purpose,850.0
raw,"RDO No. 72 - Roxas City, Capiz is composed of the following City and Munic",,,2ND,:   CAPIZ,ROXAS CITY,BAYBAY,ALL OTHER STREETS,INTERIOR LOTS,A6,Agricultural - A6,70.0
raw,"RDO No. 72 - Roxas City, Capiz is composed of the following City and Munic",,,2ND,:   CAPIZ,ROXAS CITY,BAYBAY,ALL OTHER STREETS,INTERIOR LOTS,A17,Agricultural - A17,50.0
raw,"RDO No. 72 - Roxas City, Capiz is composed of the following City and Munic",,,2ND,:   CAPIZ,ROXAS CITY,BAYBAY,ALL OTHER STREETS,INTERIOR LOTS,A39,Agricultural - A39,8000.0
raw,"RDO No. 72 - Roxas City, Capiz is composed of the following City and Munic",,,2ND,:   CAPIZ,ROXAS CITY,BAYBAY,ALL OTHER STREETS,INTERIOR LOTS,A40,Agricultural - A40,5000.0
raw,"RDO No. 72 - Roxas City, Capiz is composed of the following City and Munic",,,2ND,:   CAPIZ,ROXAS CITY,BAYBAY,ALL OTHER STREETS,INTERIOR LOTS,A50,Agricultural - A50,15.0
raw,"RDO No. 72 - Roxas City, Capiz is composed of the following City and Munic",025-2021,"October 31, 2021",3RD,:   CAPIZ,ROXAS CITY,BAYBAY,ARNALDO BOULEVARD,*FROM JUNCTION OF CULASI-DUMOLOG ROAD TO BRGY.BDRY. LINE OF BRGY.TANQUE,RR,Residential - Regular,4640.0
raw,"RDO No. 72 - Roxas City, Capiz is composed of the following City and Munic",025-2021,"October 31, 2021",3RD,:   CAPIZ,ROXAS CITY,BAYBAY,ARNALDO BOULEVARD,*FROM JUNCTION OF CULASI-DUMOLOG ROAD TO BRGY.BDRY. LINE OF BRGY.TANQUE,CR,Commercial - Regular,9670.0
raw,"RDO No. 72 - Roxas City, Capiz is composed of the following City and Munic",,,2ND,:   CAPIZ,ROXAS CITY,BAYBAY,ARNALDO BOULEVARD,,RR,Residential - Regular,2775.0
raw,"RDO No. 72 - Roxas City, Capiz is composed of the following City and Munic",,,2ND,:   CAPIZ,ROXAS CITY,BAYBAY,ARNALDO BOULEVARD,,CR,Commercial - Regular,5280.0
raw,"RDO No. 72 - Roxas City, Capiz is composed of the following City and Munic",025-2021,"October 31, 2021",3RD,:   CAPIZ,ROXAS CITY,BAYBAY,CULASI-DUMOLOG ROAD,*FROM BRGY.CULASI BOUNDARY LINE TRO BRGY. DUMOLOG BDRY.LONE,RR,Residential - Regular,4470.0
raw,"RDO No. 72 - Roxas City, Capiz is composed of the following City and Munic",025-2021,"October 31, 2021",3RD,:   CAPIZ,ROXAS CITY,BAYBAY,CULASI-DUMOLOG ROAD,*FROM BRGY.CULASI BOUNDARY LINE TRO BRGY. DUMOLOG BDRY.LONE,CR,Commercial - Regular,9160.0
raw,"RDO No. 72 - Roxas City, Capiz is composed of the following City and Munic",025-2021,"October 31, 2021",3RD,:   CAPIZ,ROXAS CITY,BAYBAY,CULASI-DUMOLOG ROAD,INTERIOR LOTS,RR,Residential - Regular,4060.0
raw,"RDO No. 72 - Roxas City, Capiz is composed of the following City and Munic",,,2ND,:   CAPIZ,ROXAS CITY,BAYBAY,CULASI-DUMOLOG ROAD,,RR,Residential - Regular,1500.0
raw,"RDO No. 72 - Roxas City, Capiz is composed of the following City and Munic",,,2ND,:   CAPIZ,ROXAS CITY,BAYBAY,CULASI-DUMOLOG ROAD,,CR,Commercial - Regular,5890.0
raw,"RDO No. 72 - Roxas City, Capiz is composed of the following City and Munic",,,2ND,:   CAPIZ,ROXAS CITY,BAYBAY,CULASI-DUMOLOG ROAD,INTERIOR LOTS,RR,Residential - Regular,2430.0
raw,"RDO No. 72 - Roxas City, Capiz is composed of the following City and Munic",,,2ND,:   CAPIZ,ROXAS CITY,BAYBAY,CULASI-DUMOLOG ROAD,INTERIOR LOTS,CR,Commercial - Regular,5975.0
raw,"RDO No. 72 - Roxas City, Capiz is composed of the following City and Munic",025-2021,"October 31, 2021",3RD,:   CAPIZ,ROXAS CITY,BOLO,*SITIO NASAGUD,*FROM PANG-PANG BOLO ROAD TO TIERRA VERDE SUBDIVISION LOT,RR,Residential - Regular,3180.0
raw,"RDO No. 72 - Roxas City, Capiz is composed of the following City and Munic",025-2021,"October 31, 2021",3RD,:   CAPIZ,ROXAS CITY,BOLO,*SITIO NASAGUD,*FROM PANG-PANG BOLO ROAD TO TIERRA VERDE SUBDIVISION LOT,CR,Commercial - Regular,5500.0
raw,"RDO No. 72 - Roxas City, Capiz is composed of the following City and Munic",025-2021,"October 31, 2021",3RD,:   CAPIZ,ROXAS CITY,BOLO,ALL OTHER STREETS,*FROM PANG-PANG BOLO ROAD TO TIERRA VERDE SUBDIVISION LOT,I,Industrial,4990.0
raw,"RDO No. 72 - Roxas City, Capiz is composed of the following City and Munic",025-2021,"October 31, 2021",3RD,:   CAPIZ,ROXAS CITY,BOLO,ALL OTHER STREETS,*FROM PANG-PANG BOLO ROAD TO TIERRA VERDE SUBDIVISION LOT,X,Special / Other,4460.0
raw,"RDO No. 72 - Roxas City, Capiz is composed of the following City and Munic",025-2021,"October 31, 2021",3RD,:   CAPIZ,ROXAS CITY,BOLO,ALL OTHER STREETS,*FROM PANG-PANG BOLO ROAD TO TIERRA VERDE SUBDIVISION LOT,RR,Residential - Regular,2430.0
raw,"RDO No. 72 - Roxas City, Capiz is composed of the following City and Munic",025-2021,"October 31, 2021",3RD,:   CAPIZ,ROXAS CITY,BOLO,ALL OTHER STREETS,*FROM PANG-PANG BOLO ROAD TO TIERRA VERDE SUBDIVISION LOT,GP,General Purpose,1380.0
raw,"RDO No. 72 - Roxas City, Capiz is composed of the following City and Munic",025-2021,"October 31, 2021",3RD,:   CAPIZ,ROXAS CITY,BOLO,ALL OTHER STREETS,*FROM PANG-PANG BOLO ROAD TO TIERRA VERDE SUBDIVISION LOT,A2,Agricultural - A2,30.0
raw,"RDO No. 72 - Roxas City, Capiz is composed of the following City and Munic",025-2021,"October 31, 2021",3RD,:   CAPIZ,ROXAS CITY,BOLO,ALL OTHER STREETS,*FROM PANG-PANG BOLO ROAD TO TIERRA VERDE SUBDIVISION LOT,A6,Agricultural - A6,120.0
raw,"RDO No. 72 - Roxas City, Capiz is composed of the following City and Munic",025-2021,"October 31, 2021",3RD,:   CAPIZ,ROXAS CITY,BOLO,ALL OTHER STREETS,*FROM PANG-PANG BOLO ROAD TO TIERRA VERDE SUBDIVISION LOT,A17,Agricultural - A17,80.0
raw,"RDO No. 72 - Roxas City, Capiz is composed of the following City and Munic",025-2021,"October 31, 2021",3RD,:   CAPIZ,ROXAS CITY,BOLO,ALL OTHER STREETS,*FROM PANG-PANG BOLO ROAD TO TIERRA VERDE SUBDIVISION LOT,A49,Agricultural - A49,30.0
raw,"RDO No. 72 - Roxas City, Capiz is composed of the following City and Munic",025-2021,"October 31, 2021",3RD,:   CAPIZ,ROXAS CITY,BOLO,ALL OTHER STREETS,*FROM PANG-PANG BOLO ROAD TO TIERRA VERDE SUBDIVISION LOT,A50,Agricultural - A50,30.0
raw,"RDO No. 72 - Roxas City, Capiz is composed of the following City and Munic",,,2ND,:   CAPIZ,ROXAS CITY,BOLO,ALL OTHER STREETS,INTERIOR LOTS,I,Industrial,2500.0
raw,"RDO No. 72 - Roxas City, Capiz is composed of the following City and Munic",,,2ND,:   CAPIZ,ROXAS CITY,BOLO,ALL OTHER STREETS,INTERIOR LOTS,X,Special / Other,2000.0
raw,"RDO No. 72 - Roxas City, Capiz is composed of the following City and Munic",,,2ND,:   CAPIZ,ROXAS CITY,BOLO,ALL OTHER STREETS,INTERIOR LOTS,RR,Residential - Regular,2060.0
raw,"RDO No. 72 - Roxas City, Capiz is composed of the following City and Munic",,,2ND,:   CAPIZ,ROXAS CITY,BOLO,ALL OTHER STREETS,INTERIOR LOTS,GP,General Purpose,675.0
raw,"RDO No. 72 - Roxas City, Capiz is composed of the following City and Munic",,,2ND,:   CAPIZ,ROXAS CITY,BOLO,ALL OTHER STREETS,INTERIOR LOTS,A2,Agricultural - A2,25.0
raw,"RDO No. 72 - Roxas City, Capiz is composed of the following City and Munic",,,2ND,:   CAPIZ,ROXAS CITY,BOLO,ALL OTHER STREETS,INTERIOR LOTS,A6,Agricultural - A6,70.0
raw,"RDO No. 72 - Roxas City, Capiz is composed of the following City and Munic",,,2ND,:   CAPIZ,ROXAS CITY,BOLO,ALL OTHER STREETS,INTERIOR LOTS,A17,Agricultural - A17,50.0
raw,"RDO No. 72 - Roxas City, Capiz is composed of the following City and Munic",,,2ND,:   CAPIZ,ROXAS CITY,BOLO,ALL OTHER STREETS,INTERIOR LOTS,A49,Agricultural - A49,15.0
raw,"RDO No. 72 - Roxas City, Capiz is composed of the following City and Munic",,,2ND,:   CAPIZ,ROXAS CITY,BOLO,ALL OTHER STREETS,INTERIOR LOTS,A50,Agricultural - A50,15.0
raw,"RDO No. 72 - Roxas City, Capiz is composed of the following City and Munic",025-2021,"October 31, 2021",3RD,:   CAPIZ,ROXAS CITY,BOLO,BOLO-ARCABALO ROAD,*FROM JUNCTION OF LAWAAN LANOT BALO ROAD TO JUNCTION OF PANG-PANG BOLO,RR,Residential - Regular,2430.0
raw,"RDO No. 72 - Roxas City, Capiz is composed of the following City and Munic",025-2021,"October 31, 2021",3RD,:   CAPIZ,ROXAS CITY,BOLO,BOLO-ARCABALO ROAD,*FROM JUNCTION OF LAWAAN LANOT BALO ROAD TO JUNCTION OF PANG-PANG BOLO,CR,Commercial - Regular,6490.0
raw,"RDO No. 72 - Roxas City, Capiz is composed of the following City and Munic",,,2ND,:   CAPIZ,ROXAS CITY,BOLO,BOLO-ARCABALO ROAD,,RR,Residential - Regular,1350.0
raw,"RDO No. 72 - Roxas City, Capiz is composed of the following City and Munic",,,2ND,:   CAPIZ,ROXAS CITY,BOLO,BOLO-ARCABALO ROAD,,CR,Commercial - Regular,3920.0
raw,"RDO No. 72 - Roxas City, Capiz is composed of the following City and Munic",025-2021,"October 31, 2021",3RD,:   CAPIZ,ROXAS CITY,BOLO,BOLO-PINAYPAYAN ROAD,*FROM JUNCTION OF LAWAAN LANOT BOLO ROAD TO JUNCTION OF PANG-PANG BOLO,RR,Residential - Regular,2430.0
raw,"RDO No. 72 - Roxas City, Capiz is composed of the following City and Munic",025-2021,"October 31, 2021",3RD,:   CAPIZ,ROXAS CITY,BOLO,BOLO-PINAYPAYAN ROAD,*FROM JUNCTION OF LAWAAN LANOT BOLO ROAD TO JUNCTION OF PANG-PANG BOLO,CR,Commercial - Regular,6490.0
raw,"RDO No. 72 - Roxas City, Capiz is composed of the following City and Munic",025-2021,"October 31, 2021",3RD,:   CAPIZ,ROXAS CITY,BOLO,BOLO-PINAYPAYAN ROAD,INTERIOR LOTS,RR,Residential - Regular,2060.0
raw,"RDO No. 72 - Roxas City, Capiz is composed of the following City and Munic",025-2021,"October 31, 2021",3RD,:   CAPIZ,ROXAS CITY,BOLO,BOLO-PINAYPAYAN ROAD,INTERIOR LOTS,CR,Commercial - Regular,5500.0
raw,"RDO No. 72 - Roxas City, Capiz is composed of the following City and Munic",,,2ND,:   CAPIZ,ROXAS CITY,BOLO,BOLO-PINAYPAYAN ROAD,,RR,Residential - Regular,1350.0
raw,"RDO No. 72 - Roxas City, Capiz is composed of the following City and Munic",,,2ND,:   CAPIZ,ROXAS CITY,BOLO,BOLO-PINAYPAYAN ROAD,,CR,Commercial - Regular,3920.0
raw,"RDO No. 72 - Roxas City, Capiz is composed of the following City and Munic",,,2ND,:   CAPIZ,ROXAS CITY,BOLO,BOLO-PINAYPAYAN ROAD,INTERIOR LOTS,RR,Residential - Regular,1000.0
raw,"RDO No. 72 - Roxas City, Capiz is composed of the following City and Munic",,,2ND,:   CAPIZ,ROXAS CITY,BOLO,BOLO-PINAYPAYAN ROAD,INTERIOR LOTS,CR,Commercial - Regular,2980.0
raw,"RDO No. 72 - Roxas City, Capiz is composed of the following City and Munic",025-2021,"October 31, 2021",3RD,:   CAPIZ,ROXAS CITY,BOLO,INTERIOR ROADS,*FROM PANG-PANG BOLO ROAD TO TIERRA VERDE SUBDIVISION LOT,RR,Residential - Regular,2240.0
raw,"RDO No. 72 - Roxas City, Capiz is composed of the following City and Munic",025-2021,"October 31, 2021",3RD,:   CAPIZ,ROXAS CITY,BOLO,INTERIOR ROADS,*FROM PANG-PANG BOLO ROAD TO TIERRA VERDE SUBDIVISION LOT,CR,Commercial - Regular,5500.0
raw,"RDO No. 72 - Roxas City, Capiz is composed of the following City and Munic",,,2ND,:   CAPIZ,ROXAS CITY,BOLO,INTERIOR ROADS,INTERIOR LOTS,RR,Residential - Regular,1175.0
raw,"RDO No. 72 - Roxas City, Capiz is composed of the following City and Munic",,,2ND,:   CAPIZ,ROXAS CITY,BOLO,INTERIOR ROADS,INTERIOR LOTS,CR,Commercial - Regular,2980.0
raw,"RDO No. 72 - Roxas City, Capiz is composed of the following City and Munic",025-2021,"October 31, 2021",3RD,:   CAPIZ,ROXAS CITY,BOLO,LAWA-AN BOLO-LANOT ROAD,*FROM BRGY.BDRY OF BRGY.LANOT TO BGRY. BOUNDARY OF BRGY.LONOY,RR,Residential - Regular,3420.0
raw,"RDO No. 72 - Roxas City, Capiz is composed of the following City and Munic",025-2021,"October 31, 2021",3RD,:   CAPIZ,ROXAS CITY,BOLO,LAWA-AN BOLO-LANOT ROAD,*FROM BRGY.BDRY OF BRGY.LANOT TO BGRY. BOUNDARY OF BRGY.LONOY,CR,Commercial - Regular,7020.0
raw,"RDO No. 72 - Roxas City, Capiz is composed of the following City and Munic",,,2ND,:   CAPIZ,ROXAS CITY,BOLO,LAWA-AN BOLO-LANOT ROAD,,RR,Residential - Regular,1980.0
raw,"RDO No. 72 - Roxas City, Capiz is composed of the following City and Munic",,,2ND,:   CAPIZ,ROXAS CITY,BOLO,LAWA-AN BOLO-LANOT ROAD,,CR,Commercial - Regular,4040.0
raw,"RDO No. 72 - Roxas City, Capiz is composed of the following City and Munic",025-2021,"October 31, 2021",3RD,:   CAPIZ,ROXAS CITY,BOLO,PANG-PANG BOLO ROAD,*FROM BRGY.BDRY LINE OF BRGY.MILIBILI TO BRGY. BONDARY LINE BRGY.LANOT,RR,Residential - Regular,2430.0
raw,"RDO No. 72 - Roxas City, Capiz is composed of the following City and Munic",025-2021,"October 31, 2021",3RD,:   CAPIZ,ROXAS CITY,BOLO,PANG-PANG BOLO ROAD,*FROM BRGY.BDRY LINE OF BRGY.MILIBILI TO BRGY. BONDARY LINE BRGY.LANOT,CR,Commercial - Regular,6490.0
raw,"RDO No. 72 - Roxas City, Capiz is composed of the following City and Munic",,,2ND,:   CAPIZ,ROXAS CITY,BOLO,PANG-PANG BOLO ROAD,INTERIOR LOTS,RR,Residential - Regular,1350.0
raw,"RDO No. 72 - Roxas City, Capiz is composed of the following City and Munic",,,2ND,:   CAPIZ,ROXAS CITY,BOLO,PANG-PANG BOLO ROAD,INTERIOR LOTS,CR,Commercial - Regular,3920.0
raw,"RDO No. 72 - Roxas City, Capiz is composed of the following City and Munic",025-2021,"October 31, 2021",3RD,:   CAPIZ,ROXAS CITY,CABUGAO,ALL OTHER STREETS,*FROM JUNCTION OF CABUGAO NAT'L ROAD TO BRGY.BOUNDARY LINE OF BRGY.LONOY,I,Industrial,5100.0
raw,"RDO No. 72 - Roxas City, Capiz is composed of the following City and Munic",025-2021,"October 31, 2021",3RD,:   CAPIZ,ROXAS CITY,CABUGAO,ALL OTHER STREETS,*FROM JUNCTION OF CABUGAO NAT'L ROAD TO BRGY.BOUNDARY LINE OF BRGY.LONOY,X,Special / Other,4460.0
raw,"RDO No. 72 - Roxas City, Capiz is composed of the following City and Munic",025-2021,"October 31, 2021",3RD,:   CAPIZ,ROXAS CITY,CABUGAO,ALL OTHER STREETS,*FROM JUNCTION OF CABUGAO NAT'L ROAD TO BRGY.BOUNDARY LINE OF BRGY.LONOY,RR,Residential - Regular,1900.0
raw,"RDO No. 72 - Roxas City, Capiz is composed of the following City and Munic",025-2021,"October 31, 2021",3RD,:   CAPIZ,ROXAS CITY,CABUGAO,ALL OTHER STREETS,*FROM JUNCTION OF CABUGAO NAT'L ROAD TO BRGY.BOUNDARY LINE OF BRGY.LONOY,GP,General Purpose,1330.0
raw,"RDO No. 72 - Roxas City, Capiz is composed of the following City and Munic",025-2021,"October 31, 2021",3RD,:   CAPIZ,ROXAS CITY,CABUGAO,ALL OTHER STREETS,*FROM JUNCTION OF CABUGAO NAT'L ROAD TO BRGY.BOUNDARY LINE OF BRGY.LONOY,A2,Agricultural - A2,40.0
raw,"RDO No. 72 - Roxas City, Capiz is composed of the following City and Munic",025-2021,"October 31, 2021",3RD,:   CAPIZ,ROXAS CITY,CABUGAO,ALL OTHER STREETS,*FROM JUNCTION OF CABUGAO NAT'L ROAD TO BRGY.BOUNDARY LINE OF BRGY.LONOY,A6,Agricultural - A6,120.0
raw,"RDO No. 72 - Roxas City, Capiz is composed of the following City and Munic",025-2021,"October 31, 2021",3RD,:   CAPIZ,ROXAS CITY,CABUGAO,ALL OTHER STREETS,*FROM JUNCTION OF CABUGAO NAT'L ROAD TO BRGY.BOUNDARY LINE OF BRGY.LONOY,A17,Agricultural - A17,80.0
raw,"RDO No. 72 - Roxas City, Capiz is composed of the following City and Munic",025-2021,"October 31, 2021",3RD,:   CAPIZ,ROXAS CITY,CABUGAO,ALL OTHER STREETS,*FROM JUNCTION OF CABUGAO NAT'L ROAD TO BRGY.BOUNDARY LINE OF BRGY.LONOY,A49,Agricultural - A49,30.0
raw,"RDO No. 72 - Roxas City, Capiz is composed of the following City and Munic",025-2021,"October 31, 2021",3RD,:   CAPIZ,ROXAS CITY,CABUGAO,ALL OTHER STREETS,*FROM JUNCTION OF CABUGAO NAT'L ROAD TO BRGY.BOUNDARY LINE OF BRGY.LONOY,A50,Agricultural - A50,30.0
raw,"RDO No. 72 - Roxas City, Capiz is composed of the following City and Munic",,,2ND,:   CAPIZ,ROXAS CITY,CABUGAO,ALL OTHER STREETS,,I,Industrial,2600.0
raw,"RDO No. 72 - Roxas City, Capiz is composed of the following City and Munic",,,2ND,:   CAPIZ,ROXAS CITY,CABUGAO,ALL OTHER STREETS,,X,Special / Other,2000.0
raw,"RDO No. 72 - Roxas City, Capiz is composed of the following City and Munic",,,2ND,:   CAPIZ,ROXAS CITY,CABUGAO,ALL OTHER STREETS,,RR,Residential - Regular,850.0
raw,"RDO No. 72 - Roxas City, Capiz is composed of the following City and Munic",,,2ND,:   CAPIZ,ROXAS CITY,CABUGAO,ALL OTHER STREETS,,GP,General Purpose,635.0
raw,"RDO No. 72 - Roxas City, Capiz is composed of the following City and Munic",,,2ND,:   CAPIZ,ROXAS CITY,CABUGAO,ALL OTHER STREETS,,A2,Agricultural - A2,25.0
raw,"RDO No. 72 - Roxas City, Capiz is composed of the following City and Munic",,,2ND,:   CAPIZ,ROXAS CITY,CABUGAO,ALL OTHER STREETS,,A6,Agricultural - A6,70.0
raw,"RDO No. 72 - Roxas City, Capiz is composed of the following City and Munic",,,2ND,:   CAPIZ,ROXAS CITY,CABUGAO,ALL OTHER STREETS,,A17,Agricultural - A17,50.0
raw,"RDO No. 72 - Roxas City, Capiz is composed of the following City and Munic",,,2ND,:   CAPIZ,ROXAS CITY,CABUGAO,ALL OTHER STREETS,,A49,Agricultural - A49,15.0
raw,"RDO No. 72 - Roxas City, Capiz is composed of the following City and Munic",,,2ND,:   CAPIZ,ROXAS CITY,CABUGAO,ALL OTHER STREETS,,A50,Agricultural - A50,15.0
raw,"RDO No. 72 - Roxas City, Capiz is composed of the following City and Munic",025-2021,"October 31, 2021",3RD,:   CAPIZ,ROXAS CITY,CABUGAO,CABUGAO BARANGAY ROAD,*FROM JUNCTION OF CABUGAO NAT'L ROAD TO BRGY.BOUNDARY LINE OF BRGY.LONOY,RR,Residential - Regular,2160.0
raw,"RDO No. 72 - Roxas City, Capiz is composed of the following City and Munic",025-2021,"October 31, 2021",3RD,:   CAPIZ,ROXAS CITY,CABUGAO,CABUGAO BARANGAY ROAD,*FROM JUNCTION OF CABUGAO NAT'L ROAD TO BRGY.BOUNDARY LINE OF BRGY.LONOY,CR,Commercial - Regular,5490.0
raw,"RDO No. 72 - Roxas City, Capiz is composed of the following City and Munic",,,2ND,:   CAPIZ,ROXAS CITY,CABUGAO,CABUGAO BARANGAY ROAD,,RR,Residential - Regular,1370.0
raw,"RDO No. 72 - Roxas City, Capiz is composed of the following City and Munic",,,2ND,:   CAPIZ,ROXAS CITY,CABUGAO,CABUGAO BARANGAY ROAD,,CR,Commercial - Regular,2976.0
raw,"RDO No. 72 - Roxas City, Capiz is composed of the following City and Munic",025-2021,"October 31, 2021",3RD,:   CAPIZ,ROXAS CITY,CABUGAO,CABUGAO NATIONAL ROAD,*FROM BRGY.BDRY OF BRGY.LANOT TO BRGY.BOUNDARY OF BRGY.LONOY,RR,Residential - Regular,2650.0
raw,"RDO No. 72 - Roxas City, Capiz is composed of the following City and Munic",025-2021,"October 31, 2021",3RD,:   CAPIZ,ROXAS CITY,CABUGAO,CABUGAO NATIONAL ROAD,*FROM BRGY.BDRY OF BRGY.LANOT TO BRGY.BOUNDARY OF BRGY.LONOY,CR,Commercial - Regular,5490.0
raw,"RDO No. 72 - Roxas City, Capiz is composed of the following City and Munic",,,2ND,:   CAPIZ,ROXAS CITY,CABUGAO,CABUGAO NATIONAL ROAD,,RR,Residential - Regular,1560.0
raw,"RDO No. 72 - Roxas City, Capiz is composed of the following City and Munic",,,2ND,:   CAPIZ,ROXAS CITY,CABUGAO,CABUGAO NATIONAL ROAD,,CR,Commercial - Regular,2976.0
raw,"RDO No. 72 - Roxas City, Capiz is composed of the following City and Munic",025-2021,"October 31, 2021",3RD,:   CAPIZ,ROXAS CITY,CAGAY,*COSTA VERDE SUBD/ SAN LORENZO VILLAGE SUBD,DEV'D&CONSTRUCTED OWN ROAD,RR,Residential - Regular,4160.0
raw,"RDO No. 72 - Roxas City, Capiz is composed of the following City and Munic",025-2021,"October 31, 2021",3RD,:   CAPIZ,ROXAS CITY,CAGAY,*COSTA VERDE SUBD/ SAN LORENZO VILLAGE SUBD,DEV'D&CONSTRUCTED OWN ROAD,CR,Commercial - Regular,8490.0
raw,"RDO No. 72 - Roxas City, Capiz is composed of the following City and Munic",025-2021,"October 31, 2021",3RD,:   CAPIZ,ROXAS CITY,CAGAY,*VILLA DE SAN LORENZO 1 RES'L LOTS,DEV'D&CONSTRUCTED OWN ROAD,RR,Residential - Regular,4160.0
raw,"RDO No. 72 - Roxas City, Capiz is composed of the following City and Munic",025-2021,"October 31, 2021",3RD,:   CAPIZ,ROXAS CITY,CAGAY,*VILLA DE SAN LORENZO 2 RES'L LOTS,DEV'D&CONSTRUCTED OWN ROAD,RR,Residential - Regular,4160.0
raw,"RDO No. 72 - Roxas City, Capiz is composed of the following City and Munic",025-2021,"October 31, 2021",3RD,:   CAPIZ,ROXAS CITY,CAGAY,*VILLA DE SAN LORENZO 3 RES'L LOTS,DEV'D&CONSTRUCTED OWN ROAD,RR,Residential - Regular,4160.0
raw,"RDO No. 72 - Roxas City, Capiz is composed of the following City and Munic",025-2021,"October 31, 2021",3RD,:   CAPIZ,ROXAS CITY,CAGAY,ALL OTHER STREETS,ROADS TO COSTA VRDE SUBD LOTS,I,Industrial,6800.0
raw,"RDO No. 72 - Roxas City, Capiz is composed of the following City and Munic",025-2021,"October 31, 2021",3RD,:   CAPIZ,ROXAS CITY,CAGAY,ALL OTHER STREETS,ROADS TO COSTA VRDE SUBD LOTS,X,Special / Other,5450.0
raw,"RDO No. 72 - Roxas City, Capiz is composed of the following City and Munic",025-2021,"October 31, 2021",3RD,:   CAPIZ,ROXAS CITY,CAGAY,ALL OTHER STREETS,ROADS TO COSTA VRDE SUBD LOTS,RR,Residential - Regular,3290.0
raw,"RDO No. 72 - Roxas City, Capiz is composed of the following City and Munic",025-2021,"October 31, 2021",3RD,:   CAPIZ,ROXAS CITY,CAGAY,ALL OTHER STREETS,ROADS TO COSTA VRDE SUBD LOTS,GP,General Purpose,1540.0
raw,"RDO No. 72 - Roxas City, Capiz is composed of the following City and Munic",025-2021,"October 31, 2021",3RD,:   CAPIZ,ROXAS CITY,CAGAY,ALL OTHER STREETS,ROADS TO COSTA VRDE SUBD LOTS,A2,Agricultural - A2,50.0
raw,"RDO No. 72 - Roxas City, Capiz is composed of the following City and Munic",025-2021,"October 31, 2021",3RD,:   CAPIZ,ROXAS CITY,CAGAY,ALL OTHER STREETS,ROADS TO COSTA VRDE SUBD LOTS,A6,Agricultural - A6,132.0
raw,"RDO No. 72 - Roxas City, Capiz is composed of the following City and Munic",025-2021,"October 31, 2021",3RD,:   CAPIZ,ROXAS CITY,CAGAY,ALL OTHER STREETS,ROADS TO COSTA VRDE SUBD LOTS,A17,Agricultural - A17,95.0
raw,"RDO No. 72 - Roxas City, Capiz is composed of the following City and Munic",025-2021,"October 31, 2021",3RD,:   CAPIZ,ROXAS CITY,CAGAY,ALL OTHER STREETS,ROADS TO COSTA VRDE SUBD LOTS,A40,Agricultural - A40,6490.0
raw,"RDO No. 72 - Roxas City, Capiz is composed of the following City and Munic",025-2021,"October 31, 2021",3RD,:   CAPIZ,ROXAS CITY,CAGAY,ALL OTHER STREETS,ROADS TO COSTA VRDE SUBD LOTS,A50,Agricultural - A50,31.0
raw,"RDO No. 72 - Roxas City, Capiz is composed of the following City and Munic",,,2ND,:   CAPIZ,ROXAS CITY,CAGAY,ALL OTHER STREETS,ROADS TO COSTA VERDE SUBD LOTS,I,Industrial,3000.0
raw,"RDO No. 72 - Roxas City, Capiz is composed of the following City and Munic",,,2ND,:   CAPIZ,ROXAS CITY,CAGAY,ALL OTHER STREETS,ROADS TO COSTA VERDE SUBD LOTS,X,Special / Other,2000.0
raw,"RDO No. 72 - Roxas City, Capiz is composed of the following City and Munic",,,2ND,:   CAPIZ,ROXAS CITY,CAGAY,ALL OTHER STREETS,ROADS TO COSTA VERDE SUBD LOTS,RR,Residential - Regular,1450.0
raw,"RDO No. 72 - Roxas City, Capiz is composed of the following City and Munic",,,2ND,:   CAPIZ,ROXAS CITY,CAGAY,ALL OTHER STREETS,ROADS TO COSTA VERDE SUBD LOTS,GP,General Purpose,650.0
raw,"RDO No. 72 - Roxas City, Capiz is composed of the following City and Munic",,,2ND,:   CAPIZ,ROXAS CITY,CAGAY,ALL OTHER STREETS,ROADS TO COSTA VERDE SUBD LOTS,A2,Agricultural - A2,25.0
raw,"RDO No. 72 - Roxas City, Capiz is composed of the following City and Munic",,,2ND,:   CAPIZ,ROXAS CITY,CAGAY,ALL OTHER STREETS,ROADS TO COSTA VERDE SUBD LOTS,A6,Agricultural - A6,70.0
raw,"RDO No. 72 - Roxas City, Capiz is composed of the following City and Munic",,,2ND,:   CAPIZ,ROXAS CITY,CAGAY,ALL OTHER STREETS,ROADS TO COSTA VERDE SUBD LOTS,A17,Agricultural - A17,50.0
raw,"RDO No. 72 - Roxas City, Capiz is composed of the following City and Munic",,,2ND,:   CAPIZ,ROXAS CITY,CAGAY,ALL OTHER STREETS,ROADS TO COSTA VERDE SUBD LOTS,A50,Agricultural - A50,15.0
raw,"RDO No. 72 - Roxas City, Capiz is composed of the following City and Munic",025-2021,"October 31, 2021",3RD,:   CAPIZ,ROXAS CITY,CAGAY,CAGAY BARANGAY ROAD,*FROM JUNCTION OF PUNTA TABUC-CAGAY- DINGINAN ROAD TO KABLATAN PROPER,RR,Residential - Regular,3690.0
raw,"RDO No. 72 - Roxas City, Capiz is composed of the following City and Munic",025-2021,"October 31, 2021",3RD,:   CAPIZ,ROXAS CITY,CAGAY,CAGAY BARANGAY ROAD,*FROM JUNCTION OF PUNTA TABUC-CAGAY- DINGINAN ROAD TO KABLATAN PROPER,CR,Commercial - Regular,5140.0
raw,"RDO No. 72 - Roxas City, Capiz is composed of the following City and Munic",025-2021,"October 31, 2021",3RD,:   CAPIZ,ROXAS CITY,CAGAY,CAGAY BARANGAY ROAD,INTERIOR LOTS,RR,Residential - Regular,2680.0
raw,"RDO No. 72 - Roxas City, Capiz is composed of the following City and Munic",025-2021,"October 31, 2021",3RD,:   CAPIZ,ROXAS CITY,CAGAY,CAGAY BARANGAY ROAD,INTERIOR LOTS,CR,Commercial - Regular,8170.0
raw,"RDO No. 72 - Roxas City, Capiz is composed of the following City and Munic",,,2ND,:   CAPIZ,ROXAS CITY,CAGAY,CAGAY BARANGAY ROAD,,RR,Residential - Regular,1750.0
raw,"RDO No. 72 - Roxas City, Capiz is composed of the following City and Munic",,,2ND,:   CAPIZ,ROXAS CITY,CAGAY,CAGAY BARANGAY ROAD,,CR,Commercial - Regular,1770.0
raw,"RDO No. 72 - Roxas City, Capiz is composed of the following City and Munic",,,2ND,:   CAPIZ,ROXAS CITY,CAGAY,CAGAY BARANGAY ROAD,INTERIOR LOTS,RR,Residential - Regular,1000.0
raw,"RDO No. 72 - Roxas City, Capiz is composed of the following City and Munic",,,2ND,:   CAPIZ,ROXAS CITY,CAGAY,CAGAY BARANGAY ROAD,INTERIOR LOTS,CR,Commercial - Regular,4010.0
raw,"RDO No. 72 - Roxas City, Capiz is composed of the following City and Munic",025-2021,"October 31, 2021",3RD,:   CAPIZ,ROXAS CITY,CAGAY,INTERIOR ROADS,FR JUNCTION OF PUNTA TABUC-CAGAY-DINGINAN,RR,Residential - Regular,3580.0
raw,"RDO No. 72 - Roxas City, Capiz is composed of the following City and Munic",025-2021,"October 31, 2021",3RD,:   CAPIZ,ROXAS CITY,CAGAY,INTERIOR ROADS,ROADS TO COSTA VRDE SUBD LOTS,CR,Commercial - Regular,9230.0
raw,"RDO No. 72 - Roxas City, Capiz is composed of the following City and Munic",,,2ND,:   CAPIZ,ROXAS CITY,CAGAY,INTERIOR ROADS,FR JUNCTION OF PUNTA TABUC-CAGAY-DINGINAN,CR,Commercial - Regular,1670.0
raw,"RDO No. 72 - Roxas City, Capiz is composed of the following City and Munic",,,2ND,:   CAPIZ,ROXAS CITY,CAGAY,INTERIOR ROADS,ROADS TO COSTA VERDE SUBD LOTS,CR,Commercial - Regular,4800.0
raw,"RDO No. 72 - Roxas City, Capiz is composed of the following City and Munic",025-2021,"October 31, 2021",3RD,:   CAPIZ,ROXAS CITY,CAGAY,PTA TABUC-CAGAY-DINGINAN ROAD,*FROM BBM 54 TO BRGY BOUNDARY LINE OF BRGY.DINGINAN,RR,Residential - Regular,4160.0
raw,"RDO No. 72 - Roxas City, Capiz is composed of the following City and Munic",025-2021,"October 31, 2021",3RD,:   CAPIZ,ROXAS CITY,CAGAY,PTA TABUC-CAGAY-DINGINAN ROAD,*FROM BBM 54 TO BRGY BOUNDARY LINE OF BRGY.DINGINAN,CR,Commercial - Regular,8490.0
raw,"RDO No. 72 - Roxas City, Capiz is composed of the following City and Munic",,,2ND,:   CAPIZ,ROXAS CITY,CAGAY,PTA TABUC-CAGAY-DINGINAN ROAD,,RR,Residential - Regular,2100.0
raw,"RDO No. 72 - Roxas City, Capiz is composed of the following City and Munic",,,2ND,:   CAPIZ,ROXAS CITY,CAGAY,PTA TABUC-CAGAY-DINGINAN ROAD,,CR,Commercial - Regular,4250.0
raw,"RDO No. 72 - Roxas City, Capiz is composed of the following City and Munic",025-2021,"October 31, 2021",3RD,:   CAPIZ,ROXAS CITY,COGON,ALL OTHER STREETS,INTERIOR LOTS,I,Industrial,5700.0
raw,"RDO No. 72 - Roxas City, Capiz is composed of the following City and Munic",025-2021,"October 31, 2021",3RD,:   CAPIZ,ROXAS CITY,COGON,ALL OTHER STREETS,INTERIOR LOTS,X,Special / Other,5260.0
raw,"RDO No. 72 - Roxas City, Capiz is composed of the following City and Munic",025-2021,"October 31, 2021",3RD,:   CAPIZ,ROXAS CITY,COGON,ALL OTHER STREETS,INTERIOR LOTS,RR,Residential - Regular,2390.0
raw,"RDO No. 72 - Roxas City, Capiz is composed of the following City and Munic",025-2021,"October 31, 2021",3RD,:   CAPIZ,ROXAS CITY,COGON,ALL OTHER STREETS,INTERIOR LOTS,GP,General Purpose,1250.0
raw,"RDO No. 72 - Roxas City, Capiz is composed of the following City and Munic",025-2021,"October 31, 2021",3RD,:   CAPIZ,ROXAS CITY,COGON,ALL OTHER STREETS,INTERIOR LOTS,A6,Agricultural - A6,140.0
raw,"RDO No. 72 - Roxas City, Capiz is composed of the following City and Munic",025-2021,"October 31, 2021",3RD,:   CAPIZ,ROXAS CITY,COGON,ALL OTHER STREETS,INTERIOR LOTS,A49,Agricultural - A49,72.0
raw,"RDO No. 72 - Roxas City, Capiz is composed of the following City and Munic",025-2021,"October 31, 2021",3RD,:   CAPIZ,ROXAS CITY,COGON,ALL OTHER STREETS,INTERIOR LOTS,A50,Agricultural - A50,33.0
raw,"RDO No. 72 - Roxas City, Capiz is composed of the following City and Munic",,,2ND,:   CAPIZ,ROXAS CITY,COGON,ALL OTHER STREETS,INTERIOR LOTS,I,Industrial,2300.0
raw,"RDO No. 72 - Roxas City, Capiz is composed of the following City and Munic",,,2ND,:   CAPIZ,ROXAS CITY,COGON,ALL OTHER STREETS,INTERIOR LOTS,X,Special / Other,2000.0
raw,"RDO No. 72 - Roxas City, Capiz is composed of the following City and Munic",,,2ND,:   CAPIZ,ROXAS CITY,COGON,ALL OTHER STREETS,INTERIOR LOTS,RR,Residential - Regular,950.0
raw,"RDO No. 72 - Roxas City, Capiz is composed of the following City and Munic",,,2ND,:   CAPIZ,ROXAS CITY,COGON,ALL OTHER STREETS,INTERIOR LOTS,GP,General Purpose,325.0
raw,"RDO No. 72 - Roxas City, Capiz is composed of the following City and Munic",,,2ND,:   CAPIZ,ROXAS CITY,COGON,ALL OTHER STREETS,INTERIOR LOTS,A6,Agricultural - A6,70.0
raw,"RDO No. 72 - Roxas City, Capiz is composed of the following City and Munic",,,2ND,:   CAPIZ,ROXAS CITY,COGON,ALL OTHER STREETS,INTERIOR LOTS,A17,Agricultural - A17,50.0
raw,"RDO No. 72 - Roxas City, Capiz is composed of the following City and Munic",,,2ND,:   CAPIZ,ROXAS CITY,COGON,ALL OTHER STREETS,INTERIOR LOTS,A50,Agricultural - A50,15.0
raw,"RDO No. 72 - Roxas City, Capiz is composed of the following City and Munic",025-2021,"October 31, 2021",3RD,:   CAPIZ,ROXAS CITY,COGON,DUMOLOG COGON ROAD,*FROM BRGY.BODRY.LINE OF BRGY.DUMOLOG TO BRGY LINE PTA.TABUC,RR,Residential - Regular,2820.0
raw,"RDO No. 72 - Roxas City, Capiz is composed of the following City and Munic",025-2021,"October 31, 2021",3RD,:   CAPIZ,ROXAS CITY,COGON,DUMOLOG COGON ROAD,*FROM BRGY.BODRY.LINE OF BRGY.DUMOLOG TO BRGY LINE PTA.TABUC,CR,Commercial - Regular,7370.0
raw,"RDO No. 72 - Roxas City, Capiz is composed of the following City and Munic",025-2021,"October 31, 2021",3RD,:   CAPIZ,ROXAS CITY,COGON,DUMOLOG COGON ROAD,INTERIOR LOTS,RR,Residential - Regular,2150.0
raw,"RDO No. 72 - Roxas City, Capiz is composed of the following City and Munic",025-2021,"October 31, 2021",3RD,:   CAPIZ,ROXAS CITY,COGON,DUMOLOG COGON ROAD,INTERIOR LOTS,CR,Commercial - Regular,5790.0
raw,"RDO No. 72 - Roxas City, Capiz is composed of the following City and Munic",,,2ND,:   CAPIZ,ROXAS CITY,COGON,DUMOLOG COGON ROAD,,RR,Residential - Regular,1250.0
raw,"RDO No. 72 - Roxas City, Capiz is composed of the following City and Munic",,,2ND,:   CAPIZ,ROXAS CITY,COGON,DUMOLOG COGON ROAD,,CR,Commercial - Regular,3450.0
raw,"RDO No. 72 - Roxas City, Capiz is composed of the following City and Munic",,,2ND,:   CAPIZ,ROXAS CITY,COGON,DUMOLOG COGON ROAD,INTERIOR LOTS,RR,Residential - Regular,785.0
raw,"RDO No. 72 - Roxas City, Capiz is composed of the following City and Munic",,,2ND,:   CAPIZ,ROXAS CITY,COGON,DUMOLOG COGON ROAD,INTERIOR LOTS,CR,Commercial - Regular,2360.0
raw,"RDO No. 72 - Roxas City, Capiz is composed of the following City and Munic",025-2021,"October 31, 2021",3RD,:   CAPIZ,ROXAS CITY,CULAJAO,ALL OTHER STREETS,"*FROM BDRY.LINE OF BRGY.MONGPONG, CULAJAO RIVER TO SOUTH OF BGRY. CULAJAO",RR,Residential - Regular,1460.0
raw,"RDO No. 72 - Roxas City, Capiz is composed of the following City and Munic",025-2021,"October 31, 2021",3RD,:   CAPIZ,ROXAS CITY,CULAJAO,ALL OTHER STREETS,"*FROM BDRY.LINE OF BRGY.MONGPONG, CULAJAO RIVER TO SOUTH OF BGRY. CULAJAO",CR,Commercial - Regular,6410.0
raw,"RDO No. 72 - Roxas City, Capiz is composed of the following City and Munic",025-2021,"October 31, 2021",3RD,:   CAPIZ,ROXAS CITY,CULAJAO,ALL OTHER STREETS,"*FROM BDRY.LINE OF BRGY.MONGPONG, CULAJAO RIVER TO SOUTH OF BGRY. CULAJAO",GP,General Purpose,1070.0
raw,"RDO No. 72 - Roxas City, Capiz is composed of the following City and Munic",025-2021,"October 31, 2021",3RD,:   CAPIZ,ROXAS CITY,CULAJAO,ALL OTHER STREETS,"*FROM BDRY.LINE OF BRGY.MONGPONG, CULAJAO RIVER TO SOUTH OF BGRY. CULAJAO",A6,Agricultural - A6,120.0
raw,"RDO No. 72 - Roxas City, Capiz is composed of the following City and Munic",025-2021,"October 31, 2021",3RD,:   CAPIZ,ROXAS CITY,CULAJAO,ALL OTHER STREETS,"*FROM BDRY.LINE OF BRGY.MONGPONG, CULAJAO RIVER TO SOUTH OF BGRY. CULAJAO",A24,Agricultural - A24,33.0
raw,"RDO No. 72 - Roxas City, Capiz is composed of the following City and Munic",025-2021,"October 31, 2021",3RD,:   CAPIZ,ROXAS CITY,CULAJAO,ALL OTHER STREETS,"*FROM BDRY.LINE OF BRGY.MONGPONG, CULAJAO RIVER TO SOUTH OF BGRY. CULAJAO",A50,Agricultural - A50,30.0
raw,"RDO No. 72 - Roxas City, Capiz is composed of the following City and Munic",,,2ND,:   CAPIZ,ROXAS CITY,CULAJAO,ALL OTHER STREETS,,RR,Residential - Regular,550.0
raw,"RDO No. 72 - Roxas City, Capiz is composed of the following City and Munic",,,2ND,:   CAPIZ,ROXAS CITY,CULAJAO,ALL OTHER STREETS,,GP,General Purpose,375.0
raw,"RDO No. 72 - Roxas City, Capiz is composed of the following City and Munic",,,2ND,:   CAPIZ,ROXAS CITY,CULAJAO,ALL OTHER STREETS,,A6,Agricultural - A6,60.0
raw,"RDO No. 72 - Roxas City, Capiz is composed of the following City and Munic",,,2ND,:   CAPIZ,ROXAS CITY,CULAJAO,ALL OTHER STREETS,,A17,Agricultural - A17,40.0
raw,"RDO No. 72 - Roxas City, Capiz is composed of the following City and Munic",,,2ND,:   CAPIZ,ROXAS CITY,CULAJAO,ALL OTHER STREETS,,A50,Agricultural - A50,15.0
raw,"RDO No. 72 - Roxas City, Capiz is composed of the following City and Munic",025-2021,"October 31, 2021",3RD,:   CAPIZ,ROXAS CITY,CULAJAO,MONGPONG-CULAJAO ROAD,"*FROM BDRY.LINE OF BRGY.MONGPONG, CULAJAO RIVER TO SOUTH OF BGRY. CULAJAO",RR,Residential - Regular,2740.0
raw,"RDO No. 72 - Roxas City, Capiz is composed of the following City and Munic",025-2021,"October 31, 2021",3RD,:   CAPIZ,ROXAS CITY,CULAJAO,MONGPONG-CULAJAO ROAD,"*FROM BDRY.LINE OF BRGY.MONGPONG, CULAJAO RIVER TO SOUTH OF BGRY. CULAJAO",CR,Commercial - Regular,6410.0
raw,"RDO No. 72 - Roxas City, Capiz is composed of the following City and Munic",025-2021,"October 31, 2021",3RD,:   CAPIZ,ROXAS CITY,CULAJAO,MONGPONG-CULAJAO ROAD,"*FROM BDRY.LINE OF BRGY.MONGPONG, CULAJAO RIVER TO SOUTH OF BGRY. CULAJAO",I,Industrial,7430.0
raw,"RDO No. 72 - Roxas City, Capiz is composed of the following City and Munic",025-2021,"October 31, 2021",3RD,:   CAPIZ,ROXAS CITY,CULAJAO,MONGPONG-CULAJAO ROAD,"*FROM BDRY.LINE OF BRGY.MONGPONG, CULAJAO RIVER TO SOUTH OF BGRY. CULAJAO",X,Special / Other,5250.0
raw,"RDO No. 72 - Roxas City, Capiz is composed of the following City and Munic",,,2ND,:   CAPIZ,ROXAS CITY,CULAJAO,MONGPONG-CULAJAO ROAD,,RR,Residential - Regular,1200.0
raw,"RDO No. 72 - Roxas City, Capiz is composed of the following City and Munic",,,2ND,:   CAPIZ,ROXAS CITY,CULAJAO,MONGPONG-CULAJAO ROAD,,CR,Commercial - Regular,2800.0
raw,"RDO No. 72 - Roxas City, Capiz is composed of the following City and Munic",,,2ND,:   CAPIZ,ROXAS CITY,CULAJAO,MONGPONG-CULAJAO ROAD,,I,Industrial,3500.0
raw,"RDO No. 72 - Roxas City, Capiz is composed of the following City and Munic",,,2ND,:   CAPIZ,ROXAS CITY,CULAJAO,MONGPONG-CULAJAO ROAD,,X,Special / Other,2000.0
raw,"RDO No. 72 - Roxas City, Capiz is composed of the following City and Munic",025-2021,"October 31, 2021",3RD,:   CAPIZ,ROXAS CITY,CULASI,ALL OTHER STREETS,*FROM JUNCTION OF BAYBAY -CULASI ROAD TO INTERIOR LOTS OF SITIO NIPA,I,Industrial,4990.0
raw,"RDO No. 72 - Roxas City, Capiz is composed of the following City and Munic",025-2021,"October 31, 2021",3RD,:   CAPIZ,ROXAS CITY,CULASI,ALL OTHER STREETS,*FROM JUNCTION OF BAYBAY -CULASI ROAD TO INTERIOR LOTS OF SITIO NIPA,X,Special / Other,4460.0
raw,"RDO No. 72 - Roxas City, Capiz is composed of the following City and Munic",025-2021,"October 31, 2021",3RD,:   CAPIZ,ROXAS CITY,CULASI,ALL OTHER STREETS,INTERIOR LOTS,RR,Residential - Regular,2270.0
raw,"RDO No. 72 - Roxas City, Capiz is composed of the following City and Munic",025-2021,"October 31, 2021",3RD,:   CAPIZ,ROXAS CITY,CULASI,ALL OTHER STREETS,INTERIOR LOTS,GP,General Purpose,1400.0
raw,"RDO No. 72 - Roxas City, Capiz is composed of the following City and Munic",025-2021,"October 31, 2021",3RD,:   CAPIZ,ROXAS CITY,CULASI,ALL OTHER STREETS,INTERIOR LOTS,A6,Agricultural - A6,100.0
raw,"RDO No. 72 - Roxas City, Capiz is composed of the following City and Munic",025-2021,"October 31, 2021",3RD,:   CAPIZ,ROXAS CITY,CULASI,ALL OTHER STREETS,INTERIOR LOTS,A39,Agricultural - A39,6030.0
raw,"RDO No. 72 - Roxas City, Capiz is composed of the following City and Munic",025-2021,"October 31, 2021",3RD,:   CAPIZ,ROXAS CITY,CULASI,ALL OTHER STREETS,INTERIOR LOTS,A40,Agricultural - A40,7980.0
raw,"RDO No. 72 - Roxas City, Capiz is composed of the following City and Munic",025-2021,"October 31, 2021",3RD,:   CAPIZ,ROXAS CITY,CULASI,ALL OTHER STREETS,INTERIOR LOTS,A49,Agricultural - A49,25.0
raw,"RDO No. 72 - Roxas City, Capiz is composed of the following City and Munic",025-2021,"October 31, 2021",3RD,:   CAPIZ,ROXAS CITY,CULASI,ALL OTHER STREETS,INTERIOR LOTS,A50,Agricultural - A50,25.0
raw,"RDO No. 72 - Roxas City, Capiz is composed of the following City and Munic",,,2ND,:   CAPIZ,ROXAS CITY,CULASI,ALL OTHER STREETS,,I,Industrial,2500.0
raw,"RDO No. 72 - Roxas City, Capiz is composed of the following City and Munic",,,2ND,:   CAPIZ,ROXAS CITY,CULASI,ALL OTHER STREETS,,X,Special / Other,2000.0
raw,"RDO No. 72 - Roxas City, Capiz is composed of the following City and Munic",,,2ND,:   CAPIZ,ROXAS CITY,CULASI,ALL OTHER STREETS,INTERIOR LOTS,RR,Residential - Regular,1200.0
raw,"RDO No. 72 - Roxas City, Capiz is composed of the following City and Munic",,,2ND,:   CAPIZ,ROXAS CITY,CULASI,ALL OTHER STREETS,INTERIOR LOTS,GP,General Purpose,700.0
raw,"RDO No. 72 - Roxas City, Capiz is composed of the following City and Munic",,,2ND,:   CAPIZ,ROXAS CITY,CULASI,ALL OTHER STREETS,INTERIOR LOTS,A6,Agricultural - A6,60.0
raw,"RDO No. 72 - Roxas City, Capiz is composed of the following City and Munic",,,2ND,:   CAPIZ,ROXAS CITY,CULASI,ALL OTHER STREETS,INTERIOR LOTS,A17,Agricultural - A17,50.0
raw,"RDO No. 72 - Roxas City, Capiz is composed of the following City and Munic",,,2ND,:   CAPIZ,ROXAS CITY,CULASI,ALL OTHER STREETS,INTERIOR LOTS,A40,Agricultural - A40,5000.0
raw,"RDO No. 72 - Roxas City, Capiz is composed of the following City and Munic",,,2ND,:   CAPIZ,ROXAS CITY,CULASI,ALL OTHER STREETS,INTERIOR LOTS,A49,Agricultural - A49,15.0
raw,"RDO No. 72 - Roxas City, Capiz is composed of the following City and Munic",,,2ND,:   CAPIZ,ROXAS CITY,CULASI,ALL OTHER STREETS,INTERIOR LOTS,A50,Agricultural - A50,15.0
raw,"RDO No. 72 - Roxas City, Capiz is composed of the following City and Munic",025-2021,"October 31, 2021",3RD,:   CAPIZ,ROXAS CITY,CULASI,BAYBAY-CULASI ROAD,*FROM CULASI PORT TO BRGY.BDRY LINE OF BRGY.BAYBAY,RR,Residential - Regular,3000.0
raw,"RDO No. 72 - Roxas City, Capiz is composed of the following City and Munic",025-2021,"October 31, 2021",3RD,:   CAPIZ,ROXAS CITY,CULASI,BAYBAY-CULASI ROAD,*FROM CULASI PORT TO BRGY.BDRY LINE OF BRGY.BAYBAY,CR,Commercial - Regular,6570.0
raw,"RDO No. 72 - Roxas City, Capiz is composed of the following City and Munic",,,2ND,:   CAPIZ,ROXAS CITY,CULASI,BAYBAY-CULASI ROAD,,RR,Residential - Regular,1900.0
raw,"RDO No. 72 - Roxas City, Capiz is composed of the following City and Munic",,,2ND,:   CAPIZ,ROXAS CITY,CULASI,BAYBAY-CULASI ROAD,,CR,Commercial - Regular,4000.0
raw,"RDO No. 72 - Roxas City, Capiz is composed of the following City and Munic",025-2021,"October 31, 2021",3RD,:   CAPIZ,ROXAS CITY,CULASI,INTERIOR ROAD (SITIO NIPA),*FROM JUNCTION OF BAYBAY -CULASI ROAD TO INTERIOR LOTS OF SITIO NIPA,RR,Residential - Regular,2270.0
raw,"RDO No. 72 - Roxas City, Capiz is composed of the following City and Munic",025-2021,"October 31, 2021",3RD,:   CAPIZ,ROXAS CITY,CULASI,INTERIOR ROAD (SITIO NIPA),*FROM JUNCTION OF BAYBAY -CULASI ROAD TO INTERIOR LOTS OF SITIO NIPA,CR,Commercial - Regular,5520.0
raw,"RDO No. 72 - Roxas City, Capiz is composed of the following City and Munic",,,2ND,:   CAPIZ,ROXAS CITY,CULASI,INTERIOR ROAD (SITIO NIPA),,RR,Residential - Regular,1300.0
raw,"RDO No. 72 - Roxas City, Capiz is composed of the following City and Munic",,,2ND,:   CAPIZ,ROXAS CITY,CULASI,INTERIOR ROAD (SITIO NIPA),,CR,Commercial - Regular,3000.0
raw,"RDO No. 72 - Roxas City, Capiz is composed of the following City and Munic",025-2021,"October 31, 2021",3RD,:   CAPIZ,ROXAS CITY,DAYAO,*ALICIA SUBDIVISION,INTERIOR,RR,Residential - Regular,3480.0
raw,"RDO No. 72 - Roxas City, Capiz is composed of the following City and Munic",025-2021,"October 31, 2021",3RD,:   CAPIZ,ROXAS CITY,DAYAO,*CABRAL COMPOUND,INTERIOR,RR,Residential - Regular,3480.0
raw,"RDO No. 72 - Roxas City, Capiz is composed of the following City and Munic",025-2021,"October 31, 2021",3RD,:   CAPIZ,ROXAS CITY,DAYAO,*CENTRO SIMPLE SUBD.RESIDENTIAL,INTERIOR,RR,Residential - Regular,3480.0
raw,"RDO No. 72 - Roxas City, Capiz is composed of the following City and Munic",025-2021,"October 31, 2021",3RD,:   CAPIZ,ROXAS CITY,DAYAO,*CENTRO VILLAS 1 RESIDENTIAL,INTERIOR,RR,Residential - Regular,3480.0
raw,"RDO No. 72 - Roxas City, Capiz is composed of the following City and Munic",025-2021,"October 31, 2021",3RD,:   CAPIZ,ROXAS CITY,DAYAO,*CENTRO VILLAS 2 RESIDENTIAL,INTERIOR,RR,Residential - Regular,3480.0
raw,"RDO No. 72 - Roxas City, Capiz is composed of the following City and Munic",025-2021,"October 31, 2021",3RD,:   CAPIZ,ROXAS CITY,DAYAO,*CIRCUMFERENTIAL ROAD,,RR,Residential - Regular,3480.0
raw,"RDO No. 72 - Roxas City, Capiz is composed of the following City and Munic",025-2021,"October 31, 2021",3RD,:   CAPIZ,ROXAS CITY,DAYAO,*FUENTE ACUNA SUBDIVISION,*RIZAL STREET TO DAYAO,RR,Residential - Regular,3480.0
raw,"RDO No. 72 - Roxas City, Capiz is composed of the following City and Munic",025-2021,"October 31, 2021",3RD,:   CAPIZ,ROXAS CITY,DAYAO,*FUENTE ACUNA SUBDIVISION,*RIZAL STREET TO DAYAO,CR,Commercial - Regular,6760.0
raw,"RDO No. 72 - Roxas City, Capiz is composed of the following City and Munic",025-2021,"October 31, 2021",3RD,:   CAPIZ,ROXAS CITY,DAYAO,*SMALLVILLE I SUBDIVISION,*RIZAL STREET TO DAYAO,RR,Residential - Regular,3480.0
raw,"RDO No. 72 - Roxas City, Capiz is composed of the following City and Munic",025-2021,"October 31, 2021",3RD,:   CAPIZ,ROXAS CITY,DAYAO,*WEST LAKE SUBD,*RIZAL STREET TO DAYAO,RR,Residential - Regular,3610.0
raw,"RDO No. 72 - Roxas City, Capiz is composed of the following City and Munic",025-2021,"October 31, 2021",3RD,:   CAPIZ,ROXAS CITY,DAYAO,*WEST LAKE SUBD,*RIZAL STREET TO DAYAO,CR,Commercial - Regular,5260.0
raw,"RDO No. 72 - Roxas City, Capiz is composed of the following City and Munic",025-2021,"October 31, 2021",3RD,:   CAPIZ,ROXAS CITY,DAYAO,ALL OTHER STREETS,*FROM DAYAO LIBAS ROADS TO GRF CONVENTION TO RESIDENTIAL AREA(SITIO PAGUTOK),I,Industrial,6470.0
raw,"RDO No. 72 - Roxas City, Capiz is composed of the following City and Munic",025-2021,"October 31, 2021",3RD,:   CAPIZ,ROXAS CITY,DAYAO,ALL OTHER STREETS,*FROM DAYAO LIBAS ROADS TO GRF CONVENTION TO RESIDENTIAL AREA(SITIO PAGUTOK),X,Special / Other,5630.0
raw,"RDO No. 72 - Roxas City, Capiz is composed of the following City and Munic",025-2021,"October 31, 2021",3RD,:   CAPIZ,ROXAS CITY,DAYAO,ALL OTHER STREETS,INTERIOR,RR,Residential - Regular,2230.0
raw,"RDO No. 72 - Roxas City, Capiz is composed of the following City and Munic",025-2021,"October 31, 2021",3RD,:   CAPIZ,ROXAS CITY,DAYAO,ALL OTHER STREETS,INTERIOR,GP,General Purpose,1300.0
raw,"RDO No. 72 - Roxas City, Capiz is composed of the following City and Munic",025-2021,"October 31, 2021",3RD,:   CAPIZ,ROXAS CITY,DAYAO,ALL OTHER STREETS,INTERIOR,A6,Agricultural - A6,120.0
raw,"RDO No. 72 - Roxas City, Capiz is composed of the following City and Munic",025-2021,"October 31, 2021",3RD,:   CAPIZ,ROXAS CITY,DAYAO,ALL OTHER STREETS,INTERIOR,A50,Agricultural - A50,30.0
raw,"RDO No. 72 - Roxas City, Capiz is composed of the following City and Munic",,,2ND,:   CAPIZ,ROXAS CITY,DAYAO,ALL OTHER STREETS,,I,Industrial,2800.0
raw,"RDO No. 72 - Roxas City, Capiz is composed of the following City and Munic",,,2ND,:   CAPIZ,ROXAS CITY,DAYAO,ALL OTHER STREETS,,X,Special / Other,2150.0
raw,"RDO No. 72 - Roxas City, Capiz is composed of the following City and Munic",,,2ND,:   CAPIZ,ROXAS CITY,DAYAO,ALL OTHER STREETS,INTERIOR,RR,Residential - Regular,700.0
raw,"RDO No. 72 - Roxas City, Capiz is composed of the following City and Munic",,,2ND,:   CAPIZ,ROXAS CITY,DAYAO,ALL OTHER STREETS,INTERIOR,GP,General Purpose,60.0
raw,"RDO No. 72 - Roxas City, Capiz is composed of the following City and Munic",,,2ND,:   CAPIZ,ROXAS CITY,DAYAO,ALL OTHER STREETS,INTERIOR,A2,Agricultural - A2,25.0
raw,"RDO No. 72 - Roxas City, Capiz is composed of the following City and Munic",,,2ND,:   CAPIZ,ROXAS CITY,DAYAO,ALL OTHER STREETS,INTERIOR,A6,Agricultural - A6,60.0
raw,"RDO No. 72 - Roxas City, Capiz is composed of the following City and Munic",,,2ND,:   CAPIZ,ROXAS CITY,DAYAO,ALL OTHER STREETS,INTERIOR,A17,Agricultural - A17,40.0
raw,"RDO No. 72 - Roxas City, Capiz is composed of the following City and Munic",,,2ND,:   CAPIZ,ROXAS CITY,DAYAO,ALL OTHER STREETS,INTERIOR,A50,Agricultural - A50,15.0
raw,"RDO No. 72 - Roxas City, Capiz is composed of the following City and Munic",025-2021,"October 31, 2021",3RD,:   CAPIZ,ROXAS CITY,DAYAO,DAYAO-BARRA LIBAS ROAD,"*FROM BRGY.BDRY LINE OF BRGY.BARRA,BRGY.LIBAS TO THE FOOT OF DAYAO BRIDGE",RR,Residential - Regular,3480.0
raw,"RDO No. 72 - Roxas City, Capiz is composed of the following City and Munic",025-2021,"October 31, 2021",3RD,:   CAPIZ,ROXAS CITY,DAYAO,DAYAO-BARRA LIBAS ROAD,"*FROM BRGY.BDRY LINE OF BRGY.BARRA,BRGY.LIBAS TO THE FOOT OF DAYAO BRIDGE",CR,Commercial - Regular,6760.0
raw,"RDO No. 72 - Roxas City, Capiz is composed of the following City and Munic",,,2ND,:   CAPIZ,ROXAS CITY,DAYAO,DAYAO-BARRA LIBAS ROAD,,RR,Residential - Regular,1550.0
raw,"RDO No. 72 - Roxas City, Capiz is composed of the following City and Munic",,,2ND,:   CAPIZ,ROXAS CITY,DAYAO,DAYAO-BARRA LIBAS ROAD,,CR,Commercial - Regular,3000.0
raw,"RDO No. 72 - Roxas City, Capiz is composed of the following City and Munic",025-2021,"October 31, 2021",3RD,:   CAPIZ,ROXAS CITY,DAYAO,MERCEDES HOMES SUBD,*FROM DAYAO LIBASROAD TO INTERIOR LOTS OF MERCEDES HOMES SUBDIVISION,RR,Residential - Regular,3410.0
raw,"RDO No. 72 - Roxas City, Capiz is composed of the following City and Munic",025-2021,"October 31, 2021",3RD,:   CAPIZ,ROXAS CITY,DAYAO,MERCEDES HOMES SUBD,*FROM DAYAO LIBASROAD TO INTERIOR LOTS OF MERCEDES HOMES SUBDIVISION,CR,Commercial - Regular,7130.0
raw,"RDO No. 72 - Roxas City, Capiz is composed of the following City and Munic",,,2ND,:   CAPIZ,ROXAS CITY,DAYAO,MERCEDES HOMES SUBD,,RR,Residential - Regular,1500.0
raw,"RDO No. 72 - Roxas City, Capiz is composed of the following City and Munic",,,2ND,:   CAPIZ,ROXAS CITY,DAYAO,MERCEDES HOMES SUBD,,CR,Commercial - Regular,3250.0
raw,"RDO No. 72 - Roxas City, Capiz is composed of the following City and Munic",025-2021,"October 31, 2021",3RD,:   CAPIZ,ROXAS CITY,DAYAO,ROAD TO GERRY ROXAS FONDATION INTERIOR ROAD,*FROM DAYAO LIBAS ROADS TO GRF CONVENTION TO RESIDENTIAL AREA(SITIO PAGUTOK),RR,Residential - Regular,3210.0
raw,"RDO No. 72 - Roxas City, Capiz is composed of the following City and Munic",025-2021,"October 31, 2021",3RD,:   CAPIZ,ROXAS CITY,DAYAO,ROAD TO GERRY ROXAS FONDATION INTERIOR ROAD,*FROM DAYAO LIBAS ROADS TO GRF CONVENTION TO RESIDENTIAL AREA(SITIO PAGUTOK),CR,Commercial - Regular,7130.0
raw,"RDO No. 72 - Roxas City, Capiz is composed of the following City and Munic",,,2ND,:   CAPIZ,ROXAS CITY,DAYAO,ROAD TO GERRY ROXAS FONDATION INTERIOR ROAD,,RR,Residential - Regular,1500.0
raw,"RDO No. 72 - Roxas City, Capiz is composed of the following City and Munic",,,2ND,:   CAPIZ,ROXAS CITY,DAYAO,ROAD TO GERRY ROXAS FONDATION INTERIOR ROAD,,CR,Commercial - Regular,3250.0
raw,"RDO No. 72 - Roxas City, Capiz is composed of the following City and Munic",025-2021,"October 31, 2021",3RD,:   CAPIZ,ROXAS CITY,DAYAO,TWIN HEARTS VILLAGE,*FROM DAYAO LIBAS RAOD TO INTERIOR LOTS OF TWIN HEARTS VILLAGE SUBDIVISION,RR,Residential - Regular,3530.0
raw,"RDO No. 72 - Roxas City, Capiz is composed of the following City and Munic",025-2021,"October 31, 2021",3RD,:   CAPIZ,ROXAS CITY,DAYAO,TWIN HEARTS VILLAGE,*FROM DAYAO LIBAS RAOD TO INTERIOR LOTS OF TWIN HEARTS VILLAGE SUBDIVISION,CR,Commercial - Regular,7210.0
raw,"RDO No. 72 - Roxas City, Capiz is composed of the following City and Munic",,,2ND,:   CAPIZ,ROXAS CITY,DAYAO,TWIN HEARTS VILLAGE,,RR,Residential - Regular,1500.0
raw,"RDO No. 72 - Roxas City, Capiz is composed of the following City and Munic",,,2ND,:   CAPIZ,ROXAS CITY,DAYAO,TWIN HEARTS VILLAGE,,CR,Commercial - Regular,3300.0
raw,"RDO No. 72 - Roxas City, Capiz is composed of the following City and Munic",025-2021,"October 31, 2021",3RD,:   CAPIZ,ROXAS CITY,DINGINAN,*ORCHARD LANE 1 SUBD,,RR,Residential - Regular,4030.0
raw,"RDO No. 72 - Roxas City, Capiz is composed of the following City and Munic",025-2021,"October 31, 2021",3RD,:   CAPIZ,ROXAS CITY,DINGINAN,*ORCHARD LANE 2 SUBD,,RR,Residential - Regular,4030.0
raw,"RDO No. 72 - Roxas City, Capiz is composed of the following City and Munic",025-2021,"October 31, 2021",3RD,:   CAPIZ,ROXAS CITY,DINGINAN,*PARAGON VILLAGE SUBD,"*SITIO PILI, DINGINAN",RR,Residential - Regular,4030.0
raw,"RDO No. 72 - Roxas City, Capiz is composed of the following City and Munic",025-2021,"October 31, 2021",3RD,:   CAPIZ,ROXAS CITY,DINGINAN,*PUEBLO DE PANAY 3,"*SITIO PILI, DINGINAN",RR,Residential - Regular,4260.0
raw,"RDO No. 72 - Roxas City, Capiz is composed of the following City and Munic",025-2021,"October 31, 2021",3RD,:   CAPIZ,ROXAS CITY,DINGINAN,*PUEBLO DE PANAY 3,"*SITIO PILI, DINGINAN",CR,Commercial - Regular,10060.0
raw,"RDO No. 72 - Roxas City, Capiz is composed of the following City and Munic",025-2021,"October 31, 2021",3RD,:   CAPIZ,ROXAS CITY,DINGINAN,*VERDANT MEADOWS SUBD,,RR,Residential - Regular,4030.0
raw,"RDO No. 72 - Roxas City, Capiz is composed of the following City and Munic",025-2021,"October 31, 2021",3RD,:   CAPIZ,ROXAS CITY,DINGINAN,ALL OTHER STREETS,,I,Industrial,6840.0
raw,"RDO No. 72 - Roxas City, Capiz is composed of the following City and Munic",025-2021,"October 31, 2021",3RD,:   CAPIZ,ROXAS CITY,DINGINAN,ALL OTHER STREETS,,X,Special / Other,6120.0
raw,"RDO No. 72 - Roxas City, Capiz is composed of the following City and Munic",,,2ND,:   CAPIZ,ROXAS CITY,DINGINAN,ALL OTHER STREETS,,I,Industrial,2380.0
raw,"RDO No. 72 - Roxas City, Capiz is composed of the following City and Munic",,,2ND,:   CAPIZ,ROXAS CITY,DINGINAN,ALL OTHER STREETS,,X,Special / Other,2000.0
raw,"RDO No. 72 - Roxas City, Capiz is composed of the following City and Munic",025-2021,"October 31, 2021",3RD,:   CAPIZ,ROXAS CITY,DINGINAN,CAGAY-DINGINAN-SIBAGUAN ROAD,,RR,Residential - Regular,4030.0
raw,"RDO No. 72 - Roxas City, Capiz is composed of the following City and Munic",025-2021,"October 31, 2021",3RD,:   CAPIZ,ROXAS CITY,DINGINAN,CAGAY-DINGINAN-SIBAGUAN ROAD,,CR,Commercial - Regular,8670.0
raw,"RDO No. 72 - Roxas City, Capiz is composed of the following City and Munic",,,2ND,:   CAPIZ,ROXAS CITY,DINGINAN,CAGAY-DINGINAN-SIBAGUAN ROAD,,RR,Residential - Regular,1500.0
raw,"RDO No. 72 - Roxas City, Capiz is composed of the following City and Munic",,,2ND,:   CAPIZ,ROXAS CITY,DINGINAN,CAGAY-DINGINAN-SIBAGUAN ROAD,,CR,Commercial - Regular,3350.0
raw,"RDO No. 72 - Roxas City, Capiz is composed of the following City and Munic",025-2021,"October 31, 2021",3RD,:   CAPIZ,ROXAS CITY,DINGINAN,DINGINAN BARANGAY ROAD,,RR,Residential - Regular,3670.0
raw,"RDO No. 72 - Roxas City, Capiz is composed of the following City and Munic",025-2021,"October 31, 2021",3RD,:   CAPIZ,ROXAS CITY,DINGINAN,DINGINAN BARANGAY ROAD,,CR,Commercial - Regular,8480.0
raw,"RDO No. 72 - Roxas City, Capiz is composed of the following City and Munic",,,2ND,:   CAPIZ,ROXAS CITY,DINGINAN,DINGINAN BARANGAY ROAD,,RR,Residential - Regular,1416.0
raw,"RDO No. 72 - Roxas City, Capiz is composed of the following City and Munic",,,2ND,:   CAPIZ,ROXAS CITY,DINGINAN,DINGINAN BARANGAY ROAD,,CR,Commercial - Regular,3250.0
raw,"RDO No. 72 - Roxas City, Capiz is composed of the following City and Munic",025-2021,"October 31, 2021",3RD,:   CAPIZ,ROXAS CITY,DINGINAN,DINGINAN-LAWA-AN ROAD,,RR,Residential - Regular,3970.0
raw,"RDO No. 72 - Roxas City, Capiz is composed of the following City and Munic",025-2021,"October 31, 2021",3RD,:   CAPIZ,ROXAS CITY,DINGINAN,DINGINAN-LAWA-AN ROAD,,CR,Commercial - Regular,7630.0
raw,"RDO No. 72 - Roxas City, Capiz is composed of the following City and Munic",,,2ND,:   CAPIZ,ROXAS CITY,DINGINAN,DINGINAN-LAWA-AN ROAD,,RR,Residential - Regular,1400.0
raw,"RDO No. 72 - Roxas City, Capiz is composed of the following City and Munic",,,2ND,:   CAPIZ,ROXAS CITY,DINGINAN,DINGINAN-LAWA-AN ROAD,,CR,Commercial - Regular,2800.0
raw,"RDO No. 72 - Roxas City, Capiz is composed of the following City and Munic",025-2021,"October 31, 2021",3RD,:   CAPIZ,ROXAS CITY,DINGINAN,INTERIOR,,CR,Commercial - Regular,5310.0
raw,"RDO No. 72 - Roxas City, Capiz is composed of the following City and Munic",025-2021,"October 31, 2021",3RD,:   CAPIZ,ROXAS CITY,DINGINAN,INTERIOR,,RR,Residential - Regular,1980.0
raw,"RDO No. 72 - Roxas City, Capiz is composed of the following City and Munic",025-2021,"October 31, 2021",3RD,:   CAPIZ,ROXAS CITY,DINGINAN,INTERIOR,,GP,General Purpose,1000.0
raw,"RDO No. 72 - Roxas City, Capiz is composed of the following City and Munic",025-2021,"October 31, 2021",3RD,:   CAPIZ,ROXAS CITY,DINGINAN,INTERIOR,,A6,Agricultural - A6,112.0
raw,"RDO No. 72 - Roxas City, Capiz is composed of the following City and Munic",025-2021,"October 31, 2021",3RD,:   CAPIZ,ROXAS CITY,DINGINAN,INTERIOR,,A12,Agricultural - A12,40.0
raw,"RDO No. 72 - Roxas City, Capiz is composed of the following City and Munic",025-2021,"October 31, 2021",3RD,:   CAPIZ,ROXAS CITY,DINGINAN,INTERIOR,,A17,Agricultural - A17,150.0
raw,"RDO No. 72 - Roxas City, Capiz is composed of the following City and Munic",025-2021,"October 31, 2021",3RD,:   CAPIZ,ROXAS CITY,DINGINAN,INTERIOR,,A49,Agricultural - A49,100.0
raw,"RDO No. 72 - Roxas City, Capiz is composed of the following City and Munic",025-2021,"October 31, 2021",3RD,:   CAPIZ,ROXAS CITY,DINGINAN,INTERIOR,,A50,Agricultural - A50,36.0
raw,"RDO No. 72 - Roxas City, Capiz is composed of the following City and Munic",,,2ND,:   CAPIZ,ROXAS CITY,DINGINAN,INTERIOR,,RR,Residential - Regular,700.0
raw,"RDO No. 72 - Roxas City, Capiz is composed of the following City and Munic",,,2ND,:   CAPIZ,ROXAS CITY,DINGINAN,INTERIOR,,GP,General Purpose,25.0
raw,"RDO No. 72 - Roxas City, Capiz is composed of the following City and Munic",,,2ND,:   CAPIZ,ROXAS CITY,DINGINAN,INTERIOR,,A6,Agricultural - A6,675.0
raw,"RDO No. 72 - Roxas City, Capiz is composed of the following City and Munic",,,2ND,:   CAPIZ,ROXAS CITY,DINGINAN,INTERIOR,,A17,Agricultural - A17,60.0
raw,"RDO No. 72 - Roxas City, Capiz is composed of the following City and Munic",,,2ND,:   CAPIZ,ROXAS CITY,DINGINAN,INTERIOR,,A49,Agricultural - A49,40.0
raw,"RDO No. 72 - Roxas City, Capiz is composed of the following City and Munic",,,2ND,:   CAPIZ,ROXAS CITY,DINGINAN,INTERIOR,,A50,Agricultural - A50,15.0
raw,"RDO No. 72 - Roxas City, Capiz is composed of the following City and Munic",025-2021,"October 31, 2021",3RD,:   CAPIZ,ROXAS CITY,DINGINAN,SIBAGUAN-DINGINAN-LAWA-AN ROAD,,RR,Residential - Regular,3540.0
raw,"RDO No. 72 - Roxas City, Capiz is composed of the following City and Munic",025-2021,"October 31, 2021",3RD,:   CAPIZ,ROXAS CITY,DINGINAN,SIBAGUAN-DINGINAN-LAWA-AN ROAD,,CR,Commercial - Regular,8670.0
raw,"RDO No. 72 - Roxas City, Capiz is composed of the following City and Munic",,,2ND,:   CAPIZ,ROXAS CITY,DINGINAN,SIBAGUAN-DINGINAN-LAWA-AN ROAD,,RR,Residential - Regular,1400.0
raw,"RDO No. 72 - Roxas City, Capiz is composed of the following City and Munic",,,2ND,:   CAPIZ,ROXAS CITY,DINGINAN,SIBAGUAN-DINGINAN-LAWA-AN ROAD,,CR,Commercial - Regular,3350.0
raw,"RDO No. 72 - Roxas City, Capiz is composed of the following City and Munic",025-2021,"October 31, 2021",3RD,:   CAPIZ,ROXAS CITY,DUMOLOG,ALL OTHER STREETS,,I,Industrial,7430.0
raw,"RDO No. 72 - Roxas City, Capiz is composed of the following City and Munic",025-2021,"October 31, 2021",3RD,:   CAPIZ,ROXAS CITY,DUMOLOG,ALL OTHER STREETS,,X,Special / Other,6270.0
raw,"RDO No. 72 - Roxas City, Capiz is composed of the following City and Munic",,,2ND,:   CAPIZ,ROXAS CITY,DUMOLOG,ALL OTHER STREETS,,I,Industrial,3500.0
raw,"RDO No. 72 - Roxas City, Capiz is composed of the following City and Munic",,,2ND,:   CAPIZ,ROXAS CITY,DUMOLOG,ALL OTHER STREETS,,X,Special / Other,2700.0
raw,"RDO No. 72 - Roxas City, Capiz is composed of the following City and Munic",025-2021,"October 31, 2021",3RD,:   CAPIZ,ROXAS CITY,DUMOLOG,BAYBAY-DUMOLOG ROAD,,RR,Residential - Regular,3330.0
raw,"RDO No. 72 - Roxas City, Capiz is composed of the following City and Munic",025-2021,"October 31, 2021",3RD,:   CAPIZ,ROXAS CITY,DUMOLOG,BAYBAY-DUMOLOG ROAD,,CR,Commercial - Regular,8590.0
raw,"RDO No. 72 - Roxas City, Capiz is composed of the following City and Munic",,,2ND,:   CAPIZ,ROXAS CITY,DUMOLOG,BAYBAY-DUMOLOG ROAD,,RR,Residential - Regular,1600.0
raw,"RDO No. 72 - Roxas City, Capiz is composed of the following City and Munic",,,2ND,:   CAPIZ,ROXAS CITY,DUMOLOG,BAYBAY-DUMOLOG ROAD,,CR,Commercial - Regular,4300.0
raw,"RDO No. 72 - Roxas City, Capiz is composed of the following City and Munic",025-2021,"October 31, 2021",3RD,:   CAPIZ,ROXAS CITY,DUMOLOG,GABU-AN DUMOLOG ROAD,,RR,Residential - Regular,2750.0
raw,"RDO No. 72 - Roxas City, Capiz is composed of the following City and Munic",025-2021,"October 31, 2021",3RD,:   CAPIZ,ROXAS CITY,DUMOLOG,GABU-AN DUMOLOG ROAD,,CR,Commercial - Regular,7280.0
raw,"RDO No. 72 - Roxas City, Capiz is composed of the following City and Munic",,,2ND,:   CAPIZ,ROXAS CITY,DUMOLOG,GABU-AN DUMOLOG ROAD,,RR,Residential - Regular,1200.0
raw,"RDO No. 72 - Roxas City, Capiz is composed of the following City and Munic",,,2ND,:   CAPIZ,ROXAS CITY,DUMOLOG,GABU-AN DUMOLOG ROAD,,CR,Commercial - Regular,3400.0
raw,"RDO No. 72 - Roxas City, Capiz is composed of the following City and Munic",025-2021,"October 31, 2021",3RD,:   CAPIZ,ROXAS CITY,DUMOLOG,INTERIOR LOTS,,RR,Residential - Regular,2310.0
raw,"RDO No. 72 - Roxas City, Capiz is composed of the following City and Munic",025-2021,"October 31, 2021",3RD,:   CAPIZ,ROXAS CITY,DUMOLOG,INTERIOR LOTS,,GP,General Purpose,1650.0
raw,"RDO No. 72 - Roxas City, Capiz is composed of the following City and Munic",025-2021,"October 31, 2021",3RD,:   CAPIZ,ROXAS CITY,DUMOLOG,INTERIOR LOTS,,A6,Agricultural - A6,120.0
raw,"RDO No. 72 - Roxas City, Capiz is composed of the following City and Munic",025-2021,"October 31, 2021",3RD,:   CAPIZ,ROXAS CITY,DUMOLOG,INTERIOR LOTS,,A39,Agricultural - A39,8940.0
raw,"RDO No. 72 - Roxas City, Capiz is composed of the following City and Munic",025-2021,"October 31, 2021",3RD,:   CAPIZ,ROXAS CITY,DUMOLOG,INTERIOR LOTS,,A40,Agricultural - A40,8940.0
raw,"RDO No. 72 - Roxas City, Capiz is composed of the following City and Munic",025-2021,"October 31, 2021",3RD,:   CAPIZ,ROXAS CITY,DUMOLOG,INTERIOR LOTS,,A50,Agricultural - A50,30.0
raw,"RDO No. 72 - Roxas City, Capiz is composed of the following City and Munic",,,2ND,:   CAPIZ,ROXAS CITY,DUMOLOG,INTERIOR LOTS,,RR,Residential - Regular,900.0
raw,"RDO No. 72 - Roxas City, Capiz is composed of the following City and Munic",,,2ND,:   CAPIZ,ROXAS CITY,DUMOLOG,INTERIOR LOTS,,GP,General Purpose,675.0
raw,"RDO No. 72 - Roxas City, Capiz is composed of the following City and Munic",,,2ND,:   CAPIZ,ROXAS CITY,DUMOLOG,INTERIOR LOTS,,A6,Agricultural - A6,60.0
raw,"RDO No. 72 - Roxas City, Capiz is composed of the following City and Munic",,,2ND,:   CAPIZ,ROXAS CITY,DUMOLOG,INTERIOR LOTS,,A17,Agricultural - A17,50.0
raw,"RDO No. 72 - Roxas City, Capiz is composed of the following City and Munic",,,2ND,:   CAPIZ,ROXAS CITY,DUMOLOG,INTERIOR LOTS,,A39,Agricultural - A39,5000.0
raw,"RDO No. 72 - Roxas City, Capiz is composed of the following City and Munic",,,2ND,:   CAPIZ,ROXAS CITY,DUMOLOG,INTERIOR LOTS,,A40,Agricultural - A40,5000.0
raw,"RDO No. 72 - Roxas City, Capiz is composed of the following City and Munic",,,2ND,:   CAPIZ,ROXAS CITY,DUMOLOG,INTERIOR LOTS,,A50,Agricultural - A50,15.0
raw,"RDO No. 72 - Roxas City, Capiz is composed of the following City and Munic",025-2021,"October 31, 2021",3RD,:   CAPIZ,ROXAS CITY,GABU-AN,ALL OTHER STREETS,,I,Industrial,5700.0
raw,"RDO No. 72 - Roxas City, Capiz is composed of the following City and Munic",025-2021,"October 31, 2021",3RD,:   CAPIZ,ROXAS CITY,GABU-AN,ALL OTHER STREETS,,X,Special / Other,5260.0
raw,"RDO No. 72 - Roxas City, Capiz is composed of the following City and Munic",,,2ND,:   CAPIZ,ROXAS CITY,GABU-AN,ALL OTHER STREETS,,I,Industrial,2300.0
raw,"RDO No. 72 - Roxas City, Capiz is composed of the following City and Munic",,,2ND,:   CAPIZ,ROXAS CITY,GABU-AN,ALL OTHER STREETS,,X,Special / Other,2000.0
raw,"RDO No. 72 - Roxas City, Capiz is composed of the following City and Munic",025-2021,"October 31, 2021",3RD,:   CAPIZ,ROXAS CITY,GABU-AN,DUMOLOG-GABU-AN-MONGPONG ROAD,,RR,Residential - Regular,2950.0
raw,"RDO No. 72 - Roxas City, Capiz is composed of the following City and Munic",025-2021,"October 31, 2021",3RD,:   CAPIZ,ROXAS CITY,GABU-AN,DUMOLOG-GABU-AN-MONGPONG ROAD,,CR,Commercial - Regular,6430.0
raw,"RDO No. 72 - Roxas City, Capiz is composed of the following City and Munic",,,2ND,:   CAPIZ,ROXAS CITY,GABU-AN,DUMOLOG-GABU-AN-MONGPONG ROAD,,RR,Residential - Regular,1200.0
raw,"RDO No. 72 - Roxas City, Capiz is composed of the following City and Munic",,,2ND,:   CAPIZ,ROXAS CITY,GABU-AN,DUMOLOG-GABU-AN-MONGPONG ROAD,,CR,Commercial - Regular,2800.0
raw,"RDO No. 72 - Roxas City, Capiz is composed of the following City and Munic",025-2021,"October 31, 2021",3RD,:   CAPIZ,ROXAS CITY,GABU-AN,INTERIOR LOTS,,CR,Commercial - Regular,5410.0
raw,"RDO No. 72 - Roxas City, Capiz is composed of the following City and Munic",025-2021,"October 31, 2021",3RD,:   CAPIZ,ROXAS CITY,GABU-AN,INTERIOR LOTS,,RR,Residential - Regular,2310.0
raw,"RDO No. 72 - Roxas City, Capiz is composed of the following City and Munic",025-2021,"October 31, 2021",3RD,:   CAPIZ,ROXAS CITY,GABU-AN,INTERIOR LOTS,,GP,General Purpose,1650.0
raw,"RDO No. 72 - Roxas City, Capiz is composed of the following City and Munic",025-2021,"October 31, 2021",3RD,:   CAPIZ,ROXAS CITY,GABU-AN,INTERIOR LOTS,,A2,Agricultural - A2,50.0
raw,"RDO No. 72 - Roxas City, Capiz is composed of the following City and Munic",025-2021,"October 31, 2021",3RD,:   CAPIZ,ROXAS CITY,GABU-AN,INTERIOR LOTS,,A6,Agricultural - A6,120.0
raw,"RDO No. 72 - Roxas City, Capiz is composed of the following City and Munic",,,2ND,:   CAPIZ,ROXAS CITY,GABU-AN,INTERIOR LOTS,,RR,Residential - Regular,900.0
raw,"RDO No. 72 - Roxas City, Capiz is composed of the following City and Munic",,,2ND,:   CAPIZ,ROXAS CITY,GABU-AN,INTERIOR LOTS,,GP,General Purpose,675.0
raw,"RDO No. 72 - Roxas City, Capiz is composed of the following City and Munic",,,2ND,:   CAPIZ,ROXAS CITY,GABU-AN,INTERIOR LOTS,,A2,Agricultural - A2,25.0
raw,"RDO No. 72 - Roxas City, Capiz is composed of the following City and Munic",,,2ND,:   CAPIZ,ROXAS CITY,GABU-AN,INTERIOR LOTS,,A6,Agricultural - A6,60.0
raw,"RDO No. 72 - Roxas City, Capiz is composed of the following City and Munic",,,2ND,:   CAPIZ,ROXAS CITY,GABU-AN,INTERIOR LOTS,,A17,Agricultural - A17,50.0
raw,"RDO No. 72 - Roxas City, Capiz is composed of the following City and Munic",,,2ND,:   CAPIZ,ROXAS CITY,GABU-AN,INTERIOR LOTS,,A50,Agricultural - A50,15.0
raw,"RDO No. 72 - Roxas City, Capiz is composed of the following City and Munic",025-2021,"October 31, 2021",3RD,:   CAPIZ,ROXAS CITY,II,*EASTERN SIDE OF SAN ROQUE ST,"*FROM CLARO M.RECTO(MAGALLANES)TO SALVADOR MEDINA ST.,(BANGBANGA0",RR,Residential - Regular,2980.0
raw,"RDO No. 72 - Roxas City, Capiz is composed of the following City and Munic",025-2021,"October 31, 2021",3RD,:   CAPIZ,ROXAS CITY,II,*EASTERN SIDE OF SAN ROQUE ST,"*FROM CLARO M.RECTO(MAGALLANES)TO SALVADOR MEDINA ST.,(BANGBANGA0",CR,Commercial - Regular,7350.0
raw,"RDO No. 72 - Roxas City, Capiz is composed of the following City and Munic",025-2021,"October 31, 2021",3RD,:   CAPIZ,ROXAS CITY,II,"*WESTERN SIDE OF JOSE ABAD SANTOS ST.,(FORMERLY ELLIETA ST.,)","*FROM CLARO M.RECTO(MAGALLANES)TO SALVADOR MEDINA ST.,(BANGBANGA0",RR,Residential - Regular,2620.0
raw,"RDO No. 72 - Roxas City, Capiz is composed of the following City and Munic",025-2021,"October 31, 2021",3RD,:   CAPIZ,ROXAS CITY,II,"*WESTERN SIDE OF JOSE ABAD SANTOS ST.,(FORMERLY ELLIETA ST.,)","*FROM CLARO M.RECTO(MAGALLANES)TO SALVADOR MEDINA ST.,(BANGBANGA0",CR,Commercial - Regular,5930.0
raw,"RDO No. 72 - Roxas City, Capiz is composed of the following City and Munic",025-2021,"October 31, 2021",3RD,:   CAPIZ,ROXAS CITY,II,AGUINALDO ST,"*FROM CLARO M.RECTO(MAGALLANES)TO SALVADOR MEDINA ST.,(BANGBANGA0",RR,Residential - Regular,2560.0
raw,"RDO No. 72 - Roxas City, Capiz is composed of the following City and Munic",025-2021,"October 31, 2021",3RD,:   CAPIZ,ROXAS CITY,II,AGUINALDO ST,"*FROM CLARO M.RECTO(MAGALLANES)TO SALVADOR MEDINA ST.,(BANGBANGA0",CR,Commercial - Regular,5750.0
raw,"RDO No. 72 - Roxas City, Capiz is composed of the following City and Munic",,,2ND,:   CAPIZ,ROXAS CITY,II,AGUINALDO ST,,RR,Residential - Regular,1258.0
raw,"RDO No. 72 - Roxas City, Capiz is composed of the following City and Munic",,,2ND,:   CAPIZ,ROXAS CITY,II,AGUINALDO ST,,CR,Commercial - Regular,3075.0
raw,"RDO No. 72 - Roxas City, Capiz is composed of the following City and Munic",025-2021,"October 31, 2021",3RD,:   CAPIZ,ROXAS CITY,II,ALL STREETS,"*FROM SAN ROQUE ST., TO JOSE ABAD SANTOS ST.,(ELLIETA)",X,Special / Other,6000.0
raw,"RDO No. 72 - Roxas City, Capiz is composed of the following City and Munic",025-2021,"October 31, 2021",3RD,:   CAPIZ,ROXAS CITY,II,ALL STREETS,"*FROM SAN ROQUE ST., TO JOSE ABAD SANTOS ST.,(ELLIETA)",GP,General Purpose,1400.0
raw,"RDO No. 72 - Roxas City, Capiz is composed of the following City and Munic",,,2ND,:   CAPIZ,ROXAS CITY,II,ALL STREETS,,X,Special / Other,3325.0
raw,"RDO No. 72 - Roxas City, Capiz is composed of the following City and Munic",,,2ND,:   CAPIZ,ROXAS CITY,II,ALL STREETS,,GP,General Purpose,750.0
raw,"RDO No. 72 - Roxas City, Capiz is composed of the following City and Munic",025-2021,"October 31, 2021",3RD,:   CAPIZ,ROXAS CITY,II,ASIS ST,"*FROM CLARO M.RECTO(MAGALLANES)TO SALVADOR MEDINA ST.,(BANGBANGA0",RR,Residential - Regular,2610.0
raw,"RDO No. 72 - Roxas City, Capiz is composed of the following City and Munic",025-2021,"October 31, 2021",3RD,:   CAPIZ,ROXAS CITY,II,ASIS ST,"*FROM CLARO M.RECTO(MAGALLANES)TO SALVADOR MEDINA ST.,(BANGBANGA0",CR,Commercial - Regular,5930.0
raw,"RDO No. 72 - Roxas City, Capiz is composed of the following City and Munic",,,2ND,:   CAPIZ,ROXAS CITY,II,ASIS ST,,RR,Residential - Regular,1310.0
raw,"RDO No. 72 - Roxas City, Capiz is composed of the following City and Munic",,,2ND,:   CAPIZ,ROXAS CITY,II,ASIS ST,,CR,Commercial - Regular,3260.0
raw,"RDO No. 72 - Roxas City, Capiz is composed of the following City and Munic",025-2021,"October 31, 2021",3RD,:   CAPIZ,ROXAS CITY,II,BURGOS ST,"*FROM SAN  ROQUE ST., TO COR.JOSE ABAD SANTOS ST.,(ELLIETA)",RR,Residential - Regular,2690.0
raw,"RDO No. 72 - Roxas City, Capiz is composed of the following City and Munic",025-2021,"October 31, 2021",3RD,:   CAPIZ,ROXAS CITY,II,BURGOS ST,"*FROM SAN  ROQUE ST., TO COR.JOSE ABAD SANTOS ST.,(ELLIETA)",CR,Commercial - Regular,6140.0
raw,"RDO No. 72 - Roxas City, Capiz is composed of the following City and Munic",,,2ND,:   CAPIZ,ROXAS CITY,II,BURGOS ST,,RR,Residential - Regular,1390.0
raw,"RDO No. 72 - Roxas City, Capiz is composed of the following City and Munic",,,2ND,:   CAPIZ,ROXAS CITY,II,BURGOS ST,,CR,Commercial - Regular,3470.0
raw,"RDO No. 72 - Roxas City, Capiz is composed of the following City and Munic",025-2021,"October 31, 2021",3RD,:   CAPIZ,ROXAS CITY,II,CLARO M. RECTO ST (Formerly Magallanes St),"*FROM SAN ROQUE ST., TO JOSE ABAD SANTOS ST.,(ELLIETA)",RR,Residential - Regular,6820.0
raw,"RDO No. 72 - Roxas City, Capiz is composed of the following City and Munic",025-2021,"October 31, 2021",3RD,:   CAPIZ,ROXAS CITY,II,CLARO M. RECTO ST (Formerly Magallanes St),"*FROM SAN ROQUE ST., TO JOSE ABAD SANTOS ST.,(ELLIETA)",CR,Commercial - Regular,7950.0
raw,"RDO No. 72 - Roxas City, Capiz is composed of the following City and Munic",025-2021,"October 31, 2021",3RD,:   CAPIZ,ROXAS CITY,II,CLARO M. RECTO ST (Formerly Magallanes St),"*FROM SAN ROQUE ST., TO JOSE ABAD SANTOS ST.,(ELLIETA)",I,Industrial,5170.0
raw,"RDO No. 72 - Roxas City, Capiz is composed of the following City and Munic",,,2ND,:   CAPIZ,ROXAS CITY,II,CLARO M. RECTO ST (Formerly Magallanes St),,RR,Residential - Regular,4550.0
raw,"RDO No. 72 - Roxas City, Capiz is composed of the following City and Munic",,,2ND,:   CAPIZ,ROXAS CITY,II,CLARO M. RECTO ST (Formerly Magallanes St),,CR,Commercial - Regular,5075.0
raw,"RDO No. 72 - Roxas City, Capiz is composed of the following City and Munic",,,2ND,:   CAPIZ,ROXAS CITY,II,CLARO M. RECTO ST (Formerly Magallanes St),,I,Industrial,3325.0
raw,"RDO No. 72 - Roxas City, Capiz is composed of the following City and Munic",025-2021,"October 31, 2021",3RD,:   CAPIZ,ROXAS CITY,II,EMILIO JACINTO ST (Formerly Legaspi St),"*FROM SAN  ROQUE ST., TO COR.JOSE ABAD SANTOS ST.,(ELLIETA)",RR,Residential - Regular,2330.0
raw,"RDO No. 72 - Roxas City, Capiz is composed of the following City and Munic",025-2021,"October 31, 2021",3RD,:   CAPIZ,ROXAS CITY,II,EMILIO JACINTO ST (Formerly Legaspi St),"*FROM SAN ROQUE ST., TO JOSE ABAD SANTOS ST.,(ELLIETA)",CR,Commercial - Regular,8670.0
raw,"RDO No. 72 - Roxas City, Capiz is composed of the following City and Munic",,,2ND,:   CAPIZ,ROXAS CITY,II,EMILIO JACINTO ST (Formerly Legaspi St),,RR,Residential - Regular,466.5
raw,"RDO No. 72 - Roxas City, Capiz is composed of the following City and Munic",,,2ND,:   CAPIZ,ROXAS CITY,II,EMILIO JACINTO ST (Formerly Legaspi St),,CR,Commercial - Regular,5300.0
raw,"RDO No. 72 - Roxas City, Capiz is composed of the following City and Munic",,,2ND,:   CAPIZ,ROXAS CITY,II,JOSE ABAD SANTOS ST (FORMERLY ELLIETA ST),,RR,Residential - Regular,1320.0
raw,"RDO No. 72 - Roxas City, Capiz is composed of the following City and Munic",,,2ND,:   CAPIZ,ROXAS CITY,II,JOSE ABAD SANTOS ST (FORMERLY ELLIETA ST),,CR,Commercial - Regular,3260.0
raw,"RDO No. 72 - Roxas City, Capiz is composed of the following City and Munic",025-2021,"October 31, 2021",3RD,:   CAPIZ,ROXAS CITY,II,LUNA NOVICIO ST,"*FROM CLARO M.RECTO(MAGALLANES)TO SALVADOR MEDINA ST.,(BANGBANGA0",RR,Residential - Regular,2620.0
raw,"RDO No. 72 - Roxas City, Capiz is composed of the following City and Munic",025-2021,"October 31, 2021",3RD,:   CAPIZ,ROXAS CITY,II,LUNA NOVICIO ST,"*FROM CLARO M.RECTO(MAGALLANES)TO SALVADOR MEDINA ST.,(BANGBANGA0",CR,Commercial - Regular,5930.0
raw,"RDO No. 72 - Roxas City, Capiz is composed of the following City and Munic",,,2ND,:   CAPIZ,ROXAS CITY,II,LUNA NOVICIO ST,,RR,Residential - Regular,1320.0
raw,"RDO No. 72 - Roxas City, Capiz is composed of the following City and Munic",,,2ND,:   CAPIZ,ROXAS CITY,II,LUNA NOVICIO ST,,CR,Commercial - Regular,3260.0
raw,"RDO No. 72 - Roxas City, Capiz is composed of the following City and Munic",025-2021,"October 31, 2021",3RD,:   CAPIZ,ROXAS CITY,II,SALVADOR MEDINA ST Formerly Bangbang St),"*FROM CLARO M.RECTO(MAGALLANES)TO SALVADOR MEDINA ST.,(BANGBANGA0",RR,Residential - Regular,2620.0
raw,"RDO No. 72 - Roxas City, Capiz is composed of the following City and Munic",025-2021,"October 31, 2021",3RD,:   CAPIZ,ROXAS CITY,II,SALVADOR MEDINA ST Formerly Bangbang St),"*FROM CLARO M.RECTO(MAGALLANES)TO SALVADOR MEDINA ST.,(BANGBANGA0",CR,Commercial - Regular,5930.0
raw,"RDO No. 72 - Roxas City, Capiz is composed of the following City and Munic",,,2ND,:   CAPIZ,ROXAS CITY,II,SALVADOR MEDINA ST Formerly Bangbang St),,RR,Residential - Regular,1320.0
raw,"RDO No. 72 - Roxas City, Capiz is composed of the following City and Munic",,,2ND,:   CAPIZ,ROXAS CITY,II,SALVADOR MEDINA ST Formerly Bangbang St),,CR,Commercial - Regular,3260.0
raw,"RDO No. 72 - Roxas City, Capiz is composed of the following City and Munic",,,2ND,:   CAPIZ,ROXAS CITY,II,SAN ROQUE ST,,RR,Residential - Regular,1690.0
raw,"RDO No. 72 - Roxas City, Capiz is composed of the following City and Munic",,,2ND,:   CAPIZ,ROXAS CITY,II,SAN ROQUE ST,,CR,Commercial - Regular,4200.0
raw,"RDO No. 72 - Roxas City, Capiz is composed of the following City and Munic",025-2021,"October 31, 2021",3RD,:   CAPIZ,ROXAS CITY,III,"*EASTERN SIDE OF GREGORIO DEL PILAR ST.,(FORMERLY TAFT)","*FROM BURGOS ST., TO LAPU-LAPU ST.",RR,Residential - Regular,4000.0
raw,"RDO No. 72 - Roxas City, Capiz is composed of the following City and Munic",025-2021,"October 31, 2021",3RD,:   CAPIZ,ROXAS CITY,III,"*EASTERN SIDE OF GREGORIO DEL PILAR ST.,(FORMERLY TAFT)","*FROM BURGOS ST., TO LAPU-LAPU ST.",CR,Commercial - Regular,7850.0
raw,"RDO No. 72 - Roxas City, Capiz is composed of the following City and Munic",025-2021,"October 31, 2021",3RD,:   CAPIZ,ROXAS CITY,III,*SOUTHERN SIDE OF BURGOS ST,"*FROM BURGOS ST.,TO LAPU-LAPU ST",RR,Residential - Regular,3960.0
raw,"RDO No. 72 - Roxas City, Capiz is composed of the following City and Munic",025-2021,"October 31, 2021",3RD,:   CAPIZ,ROXAS CITY,III,*SOUTHERN SIDE OF BURGOS ST,"*FROM BURGOS ST.,TO LAPU-LAPU ST",CR,Commercial - Regular,6600.0
raw,"RDO No. 72 - Roxas City, Capiz is composed of the following City and Munic",025-2021,"October 31, 2021",3RD,:   CAPIZ,ROXAS CITY,III,*WESTERN SIDE OF SAN ROQUE ST,"*FROM BURGOS ST.,TO LAPU-LAPU ST",RR,Residential - Regular,3960.0
raw,"RDO No. 72 - Roxas City, Capiz is composed of the following City and Munic",025-2021,"October 31, 2021",3RD,:   CAPIZ,ROXAS CITY,III,*WESTERN SIDE OF SAN ROQUE ST,"*FROM BURGOS ST.,TO LAPU-LAPU ST",CR,Commercial - Regular,7350.0
raw,"RDO No. 72 - Roxas City, Capiz is composed of the following City and Munic",025-2021,"October 31, 2021",3RD,:   CAPIZ,ROXAS CITY,III,ALL STREETS,"*FROM BURGOS ST.,TO LAPU-LAPU ST",X,Special / Other,6860.0
raw,"RDO No. 72 - Roxas City, Capiz is composed of the following City and Munic",025-2021,"October 31, 2021",3RD,:   CAPIZ,ROXAS CITY,III,ALL STREETS,"*FROM BURGOS ST.,TO LAPU-LAPU ST",GP,General Purpose,2250.0
raw,"RDO No. 72 - Roxas City, Capiz is composed of the following City and Munic",,,2ND,:   CAPIZ,ROXAS CITY,III,ALL STREETS,,X,Special / Other,2675.0
raw,"RDO No. 72 - Roxas City, Capiz is composed of the following City and Munic",,,2ND,:   CAPIZ,ROXAS CITY,III,ALL STREETS,,GP,General Purpose,975.0
raw,"RDO No. 72 - Roxas City, Capiz is composed of the following City and Munic",025-2021,"October 31, 2021",3RD,:   CAPIZ,ROXAS CITY,III,ALLEY,"*FROM EMILIO JACINTO ST.,(LEGASPI)TO NORTHERN SIDE OF CORNER CLARO M. RECTO",RR,Residential - Regular,3960.0
raw,"RDO No. 72 - Roxas City, Capiz is composed of the following City and Munic",025-2021,"October 31, 2021",3RD,:   CAPIZ,ROXAS CITY,III,ALLEY,"*FROM EMILIO JACINTO ST.,(LEGASPI)TO NORTHERN SIDE OF CORNER CLARO M. RECTO",CR,Commercial - Regular,6600.0
raw,"RDO No. 72 - Roxas City, Capiz is composed of the following City and Munic",,,2ND,:   CAPIZ,ROXAS CITY,III,ALLEY,,RR,Residential - Regular,2658.0
raw,"RDO No. 72 - Roxas City, Capiz is composed of the following City and Munic",,,2ND,:   CAPIZ,ROXAS CITY,III,ALLEY,,CR,Commercial - Regular,4545.0
raw,"RDO No. 72 - Roxas City, Capiz is composed of the following City and Munic",025-2021,"October 31, 2021",3RD,:   CAPIZ,ROXAS CITY,III,ANDRES BONIFACIO ST (Formerly Mckinley St),"*FROM BURGOS ST.,TO LAPU-LAPU ST",RR,Residential - Regular,3960.0
raw,"RDO No. 72 - Roxas City, Capiz is composed of the following City and Munic",025-2021,"October 31, 2021",3RD,:   CAPIZ,ROXAS CITY,III,ANDRES BONIFACIO ST (Formerly Mckinley St),"*FROM BURGOS ST.,TO LAPU-LAPU ST",CR,Commercial - Regular,6850.0
raw,"RDO No. 72 - Roxas City, Capiz is composed of the following City and Munic",,,2ND,:   CAPIZ,ROXAS CITY,III,ANDRES BONIFACIO ST (Formerly Mckinley St),,RR,Residential - Regular,2550.0
raw,"RDO No. 72 - Roxas City, Capiz is composed of the following City and Munic",,,2ND,:   CAPIZ,ROXAS CITY,III,ANDRES BONIFACIO ST (Formerly Mckinley St),,CR,Commercial - Regular,5200.0
raw,"RDO No. 72 - Roxas City, Capiz is composed of the following City and Munic",025-2021,"October 31, 2021",3RD,:   CAPIZ,ROXAS CITY,III,ARELLANO ST,"*FROM BURGOS ST.,TO LAPU-LAPU ST",RR,Residential - Regular,4060.0
raw,"RDO No. 72 - Roxas City, Capiz is composed of the following City and Munic",025-2021,"October 31, 2021",3RD,:   CAPIZ,ROXAS CITY,III,ARELLANO ST,"*FROM BURGOS ST.,TO LAPU-LAPU ST",CR,Commercial - Regular,6600.0
raw,"RDO No. 72 - Roxas City, Capiz is composed of the following City and Munic",,,2ND,:   CAPIZ,ROXAS CITY,III,ARELLANO ST,,RR,Residential - Regular,2875.0
raw,"RDO No. 72 - Roxas City, Capiz is composed of the following City and Munic",,,2ND,:   CAPIZ,ROXAS CITY,III,ARELLANO ST,,CR,Commercial - Regular,4670.0
raw,"RDO No. 72 - Roxas City, Capiz is composed of the following City and Munic",,,2ND,:   CAPIZ,ROXAS CITY,III,BURGOS ST,,RR,Residential - Regular,2203.5
raw,"RDO No. 72 - Roxas City, Capiz is composed of the following City and Munic",,,2ND,:   CAPIZ,ROXAS CITY,III,BURGOS ST,,CR,Commercial - Regular,5270.0
raw,"RDO No. 72 - Roxas City, Capiz is composed of the following City and Munic",025-2021,"October 31, 2021",3RD,:   CAPIZ,ROXAS CITY,III,CLARO M. RECTO ST (Formerly Magallanes St),"*FROM BURGOS ST.,TO LAPU-LAPU ST",RR,Residential - Regular,4860.0
raw,"RDO No. 72 - Roxas City, Capiz is composed of the following City and Munic",025-2021,"October 31, 2021",3RD,:   CAPIZ,ROXAS CITY,III,CLARO M. RECTO ST (Formerly Magallanes St),"*FROM BURGOS ST.,TO LAPU-LAPU ST",CR,Commercial - Regular,7750.0
raw,"RDO No. 72 - Roxas City, Capiz is composed of the following City and Munic",,,2ND,:   CAPIZ,ROXAS CITY,III,CLARO M. RECTO ST (Formerly Magallanes St),,RR,Residential - Regular,4700.0
raw,"RDO No. 72 - Roxas City, Capiz is composed of the following City and Munic",,,2ND,:   CAPIZ,ROXAS CITY,III,CLARO M. RECTO ST (Formerly Magallanes St),,CR,Commercial - Regular,7050.0
raw,"RDO No. 72 - Roxas City, Capiz is composed of the following City and Munic",025-2021,"October 31, 2021",3RD,:   CAPIZ,ROXAS CITY,III,EMILIO JACINTO ST (Formerly Legaspi St),"*FROM BURGOS ST.,TO LAPU-LAPU ST",RR,Residential - Regular,4860.0
raw,"RDO No. 72 - Roxas City, Capiz is composed of the following City and Munic",025-2021,"October 31, 2021",3RD,:   CAPIZ,ROXAS CITY,III,EMILIO JACINTO ST (Formerly Legaspi St),"*FROM BURGOS ST.,TO LAPU-LAPU ST",CR,Commercial - Regular,7600.0
raw,"RDO No. 72 - Roxas City, Capiz is composed of the following City and Munic",,,2ND,:   CAPIZ,ROXAS CITY,III,EMILIO JACINTO ST (Formerly Legaspi St),,RR,Residential - Regular,4683.5
raw,"RDO No. 72 - Roxas City, Capiz is composed of the following City and Munic",,,2ND,:   CAPIZ,ROXAS CITY,III,EMILIO JACINTO ST (Formerly Legaspi St),,CR,Commercial - Regular,6300.0
raw,"RDO No. 72 - Roxas City, Capiz is composed of the following City and Munic",,,2ND,:   CAPIZ,ROXAS CITY,III,GREGORIO DEL PILAR ST,,RR,Residential - Regular,1600.0
raw,"RDO No. 72 - Roxas City, Capiz is composed of the following City and Munic",,,2ND,:   CAPIZ,ROXAS CITY,III,GREGORIO DEL PILAR ST,,CR,Commercial - Regular,5200.0
raw,"RDO No. 72 - Roxas City, Capiz is composed of the following City and Munic",025-2021,"October 31, 2021",3RD,:   CAPIZ,ROXAS CITY,III,LAPU-LAPU ST,"*FROM BURGOS ST.,TO LAPU-LAPU ST",RR,Residential - Regular,3780.0
raw,"RDO No. 72 - Roxas City, Capiz is composed of the following City and Munic",025-2021,"October 31, 2021",3RD,:   CAPIZ,ROXAS CITY,III,LAPU-LAPU ST,"*FROM BURGOS ST.,TO LAPU-LAPU ST",CR,Commercial - Regular,6600.0
raw,"RDO No. 72 - Roxas City, Capiz is composed of the following City and Munic",025-2021,"October 31, 2021",3RD,:   CAPIZ,ROXAS CITY,III,LAPU-LAPU ST,"*FROM BURGOS ST.,TO LAPU-LAPU ST",I,Industrial,6860.0
raw,"RDO No. 72 - Roxas City, Capiz is composed of the following City and Munic",,,2ND,:   CAPIZ,ROXAS CITY,III,LAPU-LAPU ST,,RR,Residential - Regular,2200.0
raw,"RDO No. 72 - Roxas City, Capiz is composed of the following City and Munic",,,2ND,:   CAPIZ,ROXAS CITY,III,LAPU-LAPU ST,,CR,Commercial - Regular,4900.0
raw,"RDO No. 72 - Roxas City, Capiz is composed of the following City and Munic",,,2ND,:   CAPIZ,ROXAS CITY,III,LAPU-LAPU ST,,I,Industrial,2675.0
raw,"RDO No. 72 - Roxas City, Capiz is composed of the following City and Munic",025-2021,"October 31, 2021",3RD,:   CAPIZ,ROXAS CITY,III,LOPEZ JAENA ST,"*FROM BURGOS ST.,TO LAPU-LAPU ST",RR,Residential - Regular,4060.0
raw,"RDO No. 72 - Roxas City, Capiz is composed of the following City and Munic",025-2021,"October 31, 2021",3RD,:   CAPIZ,ROXAS CITY,III,LOPEZ JAENA ST,"*FROM BURGOS ST.,TO LAPU-LAPU ST",CR,Commercial - Regular,6600.0
raw,"RDO No. 72 - Roxas City, Capiz is composed of the following City and Munic",,,2ND,:   CAPIZ,ROXAS CITY,III,LOPEZ JAENA ST,,RR,Residential - Regular,2900.0
raw,"RDO No. 72 - Roxas City, Capiz is composed of the following City and Munic",,,2ND,:   CAPIZ,ROXAS CITY,III,LOPEZ JAENA ST,,CR,Commercial - Regular,5200.0
raw,"RDO No. 72 - Roxas City, Capiz is composed of the following City and Munic",025-2021,"October 31, 2021",3RD,:   CAPIZ,ROXAS CITY,III,MANUEL L QUEZON ST (Formerly Bilbao St),"*FROM EMILIO JACINTO ST.,(LEGASPI)TO NORTHERN SIDE OF CORNER CLARO M. RECTO",RR,Residential - Regular,3860.0
raw,"RDO No. 72 - Roxas City, Capiz is composed of the following City and Munic",025-2021,"October 31, 2021",3RD,:   CAPIZ,ROXAS CITY,III,MANUEL L QUEZON ST (Formerly Bilbao St),"*FROM BURGOS ST., TO ANDRES BONIFACIO ST., MCLINLEY",CR,Commercial - Regular,6600.0
raw,"RDO No. 72 - Roxas City, Capiz is composed of the following City and Munic",,,2ND,:   CAPIZ,ROXAS CITY,III,MANUEL L QUEZON ST (Formerly Bilbao St),,RR,Residential - Regular,2741.0
raw,"RDO No. 72 - Roxas City, Capiz is composed of the following City and Munic",,,2ND,:   CAPIZ,ROXAS CITY,III,MANUEL L QUEZON ST (Formerly Bilbao St),,CR,Commercial - Regular,4725.0
raw,"RDO No. 72 - Roxas City, Capiz is composed of the following City and Munic",025-2021,"October 31, 2021",3RD,:   CAPIZ,ROXAS CITY,III,SN JOSE ST,"*FROM URGOS ST., LAPU-LAPU ST",RR,Residential - Regular,3860.0
raw,"RDO No. 72 - Roxas City, Capiz is composed of the following City and Munic",025-2021,"October 31, 2021",3RD,:   CAPIZ,ROXAS CITY,III,SN JOSE ST,"*FROM URGOS ST., LAPU-LAPU ST",CR,Commercial - Regular,6600.0
raw,"RDO No. 72 - Roxas City, Capiz is composed of the following City and Munic",,,2ND,:   CAPIZ,ROXAS CITY,III,SN JOSE ST,,RR,Residential - Regular,2428.0
raw,"RDO No. 72 - Roxas City, Capiz is composed of the following City and Munic",,,2ND,:   CAPIZ,ROXAS CITY,III,SN JOSE ST,,CR,Commercial - Regular,4450.5
raw,"RDO No. 72 - Roxas City, Capiz is composed of the following City and Munic",025-2021,"October 31, 2021",3RD,:   CAPIZ,ROXAS CITY,INZO ARNALDO,*ARELLANO STREET,*FROM WESTERN SIDE OF CORNER ARNALDO BLVD TO JOSE ABAD SANTOS ST.,RR,Residential - Regular,4560.0
raw,"RDO No. 72 - Roxas City, Capiz is composed of the following City and Munic",025-2021,"October 31, 2021",3RD,:   CAPIZ,ROXAS CITY,INZO ARNALDO,*ARELLANO STREET,*FROM WESTERN SIDE OF CORNER ARNALDO BLVD TO JOSE ABAD SANTOS ST.,CR,Commercial - Regular,7550.0
raw,"RDO No. 72 - Roxas City, Capiz is composed of the following City and Munic",025-2021,"October 31, 2021",3RD,:   CAPIZ,ROXAS CITY,INZO ARNALDO,*MEJORADA SUBDIVISION,*FROM WESTERN SIDE OF CORNER ARNALDO BLVD TO JOSE ABAD SANTOS ST.,RR,Residential - Regular,4510.0
raw,"RDO No. 72 - Roxas City, Capiz is composed of the following City and Munic",025-2021,"October 31, 2021",3RD,:   CAPIZ,ROXAS CITY,INZO ARNALDO,*MEJORADA SUBDIVISION,*FROM WESTERN SIDE OF CORNER ARNALDO BLVD TO JOSE ABAD SANTOS ST.,CR,Commercial - Regular,7550.0
raw,"RDO No. 72 - Roxas City, Capiz is composed of the following City and Munic",025-2021,"October 31, 2021",3RD,:   CAPIZ,ROXAS CITY,INZO ARNALDO,*NORTHERN SIDE OF BURGOS STREET,*FROM WESTERN SIDE OF CORNER ARNALDO BLVD TO JOSE ABAD SANTOS ST.,RR,Residential - Regular,4500.0
raw,"RDO No. 72 - Roxas City, Capiz is composed of the following City and Munic",025-2021,"October 31, 2021",3RD,:   CAPIZ,ROXAS CITY,INZO ARNALDO,*NORTHERN SIDE OF BURGOS STREET,*FROM WESTERN SIDE OF CORNER ARNALDO BLVD TO JOSE ABAD SANTOS ST.,CR,Commercial - Regular,8000.0
raw,"RDO No. 72 - Roxas City, Capiz is composed of the following City and Munic",025-2021,"October 31, 2021",3RD,:   CAPIZ,ROXAS CITY,INZO ARNALDO,*SAN ROQUE STREET/MABINI EXTENSION,*FROM WESTERN SIDE OF CORNER ARNALDO BLVD TO JOSE ABAD SANTOS ST.,RR,Residential - Regular,4560.0
raw,"RDO No. 72 - Roxas City, Capiz is composed of the following City and Munic",025-2021,"October 31, 2021",3RD,:   CAPIZ,ROXAS CITY,INZO ARNALDO,*SAN ROQUE STREET/MABINI EXTENSION,*FROM WESTERN SIDE OF CORNER ARNALDO BLVD TO JOSE ABAD SANTOS ST.,CR,Commercial - Regular,7550.0
raw,"RDO No. 72 - Roxas City, Capiz is composed of the following City and Munic",025-2021,"October 31, 2021",3RD,:   CAPIZ,ROXAS CITY,INZO ARNALDO,ALL OTHER STREETS,*FROM WESTERN SIDE OF CORNER ARNALDO BLVD TO JOSE ABAD SANTOS ST.,I,Industrial,7030.0
raw,"RDO No. 72 - Roxas City, Capiz is composed of the following City and Munic",025-2021,"October 31, 2021",3RD,:   CAPIZ,ROXAS CITY,INZO ARNALDO,ALL OTHER STREETS,*FROM WESTERN SIDE OF CORNER ARNALDO BLVD TO JOSE ABAD SANTOS ST.,X,Special / Other,7030.0
raw,"RDO No. 72 - Roxas City, Capiz is composed of the following City and Munic",025-2021,"October 31, 2021",3RD,:   CAPIZ,ROXAS CITY,INZO ARNALDO,ALL OTHER STREETS,*FROM WESTERN SIDE OF CORNER ARNALDO BLVD TO JOSE ABAD SANTOS ST.,RR,Residential - Regular,4710.0
raw,"RDO No. 72 - Roxas City, Capiz is composed of the following City and Munic",025-2021,"October 31, 2021",3RD,:   CAPIZ,ROXAS CITY,INZO ARNALDO,ALL OTHER STREETS,*FROM WESTERN SIDE OF CORNER ARNALDO BLVD TO JOSE ABAD SANTOS ST.,CR,Commercial - Regular,7300.0
raw,"RDO No. 72 - Roxas City, Capiz is composed of the following City and Munic",025-2021,"October 31, 2021",3RD,:   CAPIZ,ROXAS CITY,INZO ARNALDO,ALL OTHER STREETS,*FROM WESTERN SIDE OF CORNER ARNALDO BLVD TO JOSE ABAD SANTOS ST.,GP,General Purpose,1690.0
raw,"RDO No. 72 - Roxas City, Capiz is composed of the following City and Munic",,,2ND,:   CAPIZ,ROXAS CITY,INZO ARNALDO,ALL OTHER STREETS,,X,Special / Other,5500.0
raw,"RDO No. 72 - Roxas City, Capiz is composed of the following City and Munic",,,2ND,:   CAPIZ,ROXAS CITY,INZO ARNALDO,ALL OTHER STREETS,,GP,General Purpose,1300.0
raw,"RDO No. 72 - Roxas City, Capiz is composed of the following City and Munic",025-2021,"October 31, 2021",3RD,:   CAPIZ,ROXAS CITY,INZO ARNALDO,ARNALDO BLVD,*FROM BBM 13 TO NORTHERN SIDE OF CORNER BURGOS ST.,RR,Residential - Regular,5260.0
raw,"RDO No. 72 - Roxas City, Capiz is composed of the following City and Munic",025-2021,"October 31, 2021",3RD,:   CAPIZ,ROXAS CITY,INZO ARNALDO,ARNALDO BLVD,*FROM BBM 13 TO NORTHERN SIDE OF CORNER BURGOS ST.,CR,Commercial - Regular,8300.0
raw,"RDO No. 72 - Roxas City, Capiz is composed of the following City and Munic",,,2ND,:   CAPIZ,ROXAS CITY,INZO ARNALDO,ARNALDO BLVD,,RR,Residential - Regular,3570.0
raw,"RDO No. 72 - Roxas City, Capiz is composed of the following City and Munic",,,2ND,:   CAPIZ,ROXAS CITY,INZO ARNALDO,ARNALDO BLVD,,CR,Commercial - Regular,6300.0
raw,"RDO No. 72 - Roxas City, Capiz is composed of the following City and Munic",,,2ND,:   CAPIZ,ROXAS CITY,INZO ARNALDO,BURGOS ST,,RR,Residential - Regular,2695.0
raw,"RDO No. 72 - Roxas City, Capiz is composed of the following City and Munic",,,2ND,:   CAPIZ,ROXAS CITY,INZO ARNALDO,BURGOS ST,,CR,Commercial - Regular,6860.0
raw,"RDO No. 72 - Roxas City, Capiz is composed of the following City and Munic",,,2ND,:   CAPIZ,ROXAS CITY,INZO ARNALDO,BURGOS ST,,I,Industrial,5500.0
raw,"RDO No. 72 - Roxas City, Capiz is composed of the following City and Munic",025-2021,"October 31, 2021",3RD,:   CAPIZ,ROXAS CITY,INZO ARNALDO,JOSE ABAD SANTOS ST (formerly Ellieta St.),*FROM SOUTHERN SIDE OF CORNER SALVADOR MEDINA ST. TO NORTHEN SIDE OF BURGOS ST.,RR,Residential - Regular,4510.0
raw,"RDO No. 72 - Roxas City, Capiz is composed of the following City and Munic",025-2021,"October 31, 2021",3RD,:   CAPIZ,ROXAS CITY,INZO ARNALDO,JOSE ABAD SANTOS ST (formerly Ellieta St.),*FROM SOUTHERN SIDE OF CORNER SALVADOR MEDINA ST. TO NORTHEN SIDE OF BURGOS ST.,CR,Commercial - Regular,7150.0
raw,"RDO No. 72 - Roxas City, Capiz is composed of the following City and Munic",,,2ND,:   CAPIZ,ROXAS CITY,INZO ARNALDO,JOSE ABAD SANTOS ST (formerly Ellieta St.),,RR,Residential - Regular,1575.0
raw,"RDO No. 72 - Roxas City, Capiz is composed of the following City and Munic",,,2ND,:   CAPIZ,ROXAS CITY,INZO ARNALDO,JOSE ABAD SANTOS ST (formerly Ellieta St.),,CR,Commercial - Regular,2925.0
raw,"RDO No. 72 - Roxas City, Capiz is composed of the following City and Munic",025-2021,"October 31, 2021",3RD,:   CAPIZ,ROXAS CITY,INZO ARNALDO,JOVITA FUENTES ST (formerly Taft St. Extension),*FROM SOUTHERN SIDE OF MABINI ST. TO NORTHERN SIDE OF BURGOS ST.,RR,Residential - Regular,4660.0
raw,"RDO No. 72 - Roxas City, Capiz is composed of the following City and Munic",025-2021,"October 31, 2021",3RD,:   CAPIZ,ROXAS CITY,INZO ARNALDO,JOVITA FUENTES ST (formerly Taft St. Extension),*FROM SOUTHERN SIDE OF MABINI ST. TO NORTHERN SIDE OF BURGOS ST.,CR,Commercial - Regular,7950.0
raw,"RDO No. 72 - Roxas City, Capiz is composed of the following City and Munic",,,2ND,:   CAPIZ,ROXAS CITY,INZO ARNALDO,JOVITA FUENTES ST (formerly Taft St. Extension),,RR,Residential - Regular,2447.5
raw,"RDO No. 72 - Roxas City, Capiz is composed of the following City and Munic",,,2ND,:   CAPIZ,ROXAS CITY,INZO ARNALDO,JOVITA FUENTES ST (formerly Taft St. Extension),,CR,Commercial - Regular,5680.0
raw,"RDO No. 72 - Roxas City, Capiz is composed of the following City and Munic",025-2021,"October 31, 2021",3RD,:   CAPIZ,ROXAS CITY,INZO ARNALDO,MABINI ST,*FROM WESTERN SIDE OF ARNALDO BLVD TO SAN ROQUE ST.,RR,Residential - Regular,4680.0
raw,"RDO No. 72 - Roxas City, Capiz is composed of the following City and Munic",025-2021,"October 31, 2021",3RD,:   CAPIZ,ROXAS CITY,INZO ARNALDO,MABINI ST,*FROM WESTERN SIDE OF ARNALDO BLVD TO SAN ROQUE ST.,CR,Commercial - Regular,7200.0
raw,"RDO No. 72 - Roxas City, Capiz is composed of the following City and Munic",,,2ND,:   CAPIZ,ROXAS CITY,INZO ARNALDO,MABINI ST,,RR,Residential - Regular,2560.0
raw,"RDO No. 72 - Roxas City, Capiz is composed of the following City and Munic",,,2ND,:   CAPIZ,ROXAS CITY,INZO ARNALDO,MABINI ST,,CR,Commercial - Regular,4050.0
raw,"RDO No. 72 - Roxas City, Capiz is composed of the following City and Munic",025-2021,"October 31, 2021",3RD,:   CAPIZ,ROXAS CITY,INZO ARNALDO,MANUEL L. QUEZON ST (formerly Bilbao St.),*FROM SOUTHERN SIDE OF MABINI ST.TO NORTHERN SIDE OF BURGOS ST.,RR,Residential - Regular,4680.0
raw,"RDO No. 72 - Roxas City, Capiz is composed of the following City and Munic",025-2021,"October 31, 2021",3RD,:   CAPIZ,ROXAS CITY,INZO ARNALDO,MANUEL L. QUEZON ST (formerly Bilbao St.),*FROM SOUTHERN SIDE OF MABINI ST.TO NORTHERN SIDE OF BURGOS ST.,CR,Commercial - Regular,7550.0
raw,"RDO No. 72 - Roxas City, Capiz is composed of the following City and Munic",,,2ND,:   CAPIZ,ROXAS CITY,INZO ARNALDO,MANUEL L. QUEZON ST (formerly Bilbao St.),,RR,Residential - Regular,2127.5
raw,"RDO No. 72 - Roxas City, Capiz is composed of the following City and Munic",,,2ND,:   CAPIZ,ROXAS CITY,INZO ARNALDO,MANUEL L. QUEZON ST (formerly Bilbao St.),,CR,Commercial - Regular,4545.0
raw,"RDO No. 72 - Roxas City, Capiz is composed of the following City and Munic",025-2021,"October 31, 2021",3RD,:   CAPIZ,ROXAS CITY,INZO ARNALDO,SALVADOR MEDINA ST (formerly Bangbang St.),*FROM JOVITA FUENTES ST. TO COR. JOSE ABAD SANTOS ST.,RR,Residential - Regular,4510.0
raw,"RDO No. 72 - Roxas City, Capiz is composed of the following City and Munic",025-2021,"October 31, 2021",3RD,:   CAPIZ,ROXAS CITY,INZO ARNALDO,SALVADOR MEDINA ST (formerly Bangbang St.),*FROM JOVITA FUENTES ST. TO COR. JOSE ABAD SANTOS ST.,CR,Commercial - Regular,7250.0
raw,"RDO No. 72 - Roxas City, Capiz is composed of the following City and Munic",,,2ND,:   CAPIZ,ROXAS CITY,INZO ARNALDO,SALVADOR MEDINA ST (formerly Bangbang St.),,RR,Residential - Regular,2235.0
raw,"RDO No. 72 - Roxas City, Capiz is composed of the following City and Munic",,,2ND,:   CAPIZ,ROXAS CITY,INZO ARNALDO,SALVADOR MEDINA ST (formerly Bangbang St.),,CR,Commercial - Regular,4605.0
raw,"RDO No. 72 - Roxas City, Capiz is composed of the following City and Munic",025-2021,"October 31, 2021",3RD,:   CAPIZ,ROXAS CITY,INZO ARNALDO,SAN ROQUE ST,*FROM BOUNDARY LINE OF BRGY. BAYBAY& INZO ARNALDO TO NORTH OF BURGOS ST.,RR,Residential - Regular,4680.0
raw,"RDO No. 72 - Roxas City, Capiz is composed of the following City and Munic",025-2021,"October 31, 2021",3RD,:   CAPIZ,ROXAS CITY,INZO ARNALDO,SAN ROQUE ST,*FROM BOUNDARY LINE OF BRGY. BAYBAY& INZO ARNALDO TO NORTH OF BURGOS ST.,CR,Commercial - Regular,7200.0
raw,"RDO No. 72 - Roxas City, Capiz is composed of the following City and Munic",,,2ND,:   CAPIZ,ROXAS CITY,INZO ARNALDO,SAN ROQUE ST,,RR,Residential - Regular,2215.0
raw,"RDO No. 72 - Roxas City, Capiz is composed of the following City and Munic",,,2ND,:   CAPIZ,ROXAS CITY,INZO ARNALDO,SAN ROQUE ST,,CR,Commercial - Regular,4720.0
raw,"RDO No. 72 - Roxas City, Capiz is composed of the following City and Munic",025-2021,"October 31, 2021",3RD,:   CAPIZ,ROXAS CITY,IV,* WESTERN SIDE OF GREGORIO DEL PILAR ST (formerly Taft St.),"*FROM EMILIO JACINTO ST.,(LEGASPI) TO RIZAL ST",RR,Residential - Regular,5380.0
raw,"RDO No. 72 - Roxas City, Capiz is composed of the following City and Munic",025-2021,"October 31, 2021",3RD,:   CAPIZ,ROXAS CITY,IV,* WESTERN SIDE OF GREGORIO DEL PILAR ST (formerly Taft St.),*FROM SOUTHERN SIDE OF BURGOS ST.TO NORTHERN SIDE OF PANAY RIVER,CR,Commercial - Regular,14590.0
raw,"RDO No. 72 - Roxas City, Capiz is composed of the following City and Munic",025-2021,"October 31, 2021",3RD,:   CAPIZ,ROXAS CITY,IV,*EASTERN SIDE OF LOPEZ JAENA ST,*FROM BURGOD ST. TO RIZAL ST,RR,Residential - Regular,3780.0
raw,"RDO No. 72 - Roxas City, Capiz is composed of the following City and Munic",025-2021,"October 31, 2021",3RD,:   CAPIZ,ROXAS CITY,IV,*EASTERN SIDE OF LOPEZ JAENA ST,*FROM BURGOD ST. TO RIZAL ST,CR,Commercial - Regular,9660.0
raw,"RDO No. 72 - Roxas City, Capiz is composed of the following City and Munic",025-2021,"October 31, 2021",3RD,:   CAPIZ,ROXAS CITY,IV,*NORTHERN SIDE OF RIZAL ST,*FROM LOPEZ JAENA ST. TO GREGORIO DEL PILAR ST.(TAFT),RR,Residential - Regular,5210.0
raw,"RDO No. 72 - Roxas City, Capiz is composed of the following City and Munic",025-2021,"October 31, 2021",3RD,:   CAPIZ,ROXAS CITY,IV,*NORTHERN SIDE OF RIZAL ST,*FROM LOPEZ JAENA ST. TO GREGORIO DEL PILAR ST.(TAFT),CR,Commercial - Regular,14570.0
raw,"RDO No. 72 - Roxas City, Capiz is composed of the following City and Munic",025-2021,"October 31, 2021",3RD,:   CAPIZ,ROXAS CITY,IV,*NORTHERN SIDE OF RIZAL ST,*FROM LOPEZ JAENA ST. TO GREGORIO DEL PILAR ST.(TAFT),I,Industrial,8860.0
raw,"RDO No. 72 - Roxas City, Capiz is composed of the following City and Munic",025-2021,"October 31, 2021",3RD,:   CAPIZ,ROXAS CITY,IV,ALL STREETS,*FROM LOPEZ JAENA ST. TO GREGORIO DEL PILAR ST.(TAFT),X,Special / Other,9870.0
raw,"RDO No. 72 - Roxas City, Capiz is composed of the following City and Munic",025-2021,"October 31, 2021",3RD,:   CAPIZ,ROXAS CITY,IV,ALL STREETS,*FROM LOPEZ JAENA ST. TO GREGORIO DEL PILAR ST.(TAFT),GP,General Purpose,2450.0
raw,"RDO No. 72 - Roxas City, Capiz is composed of the following City and Munic",,,2ND,:   CAPIZ,ROXAS CITY,IV,ALL STREETS,,X,Special / Other,4638.0
raw,"RDO No. 72 - Roxas City, Capiz is composed of the following City and Munic",,,2ND,:   CAPIZ,ROXAS CITY,IV,ALL STREETS,,GP,General Purpose,1108.0
raw,"RDO No. 72 - Roxas City, Capiz is composed of the following City and Munic",025-2021,"October 31, 2021",3RD,:   CAPIZ,ROXAS CITY,IV,ARSOBISPO ST,"*FROM HUGHES ST.TO GREGORIO DEL PILAR ST.,(TAFT)",RR,Residential - Regular,4880.0
raw,"RDO No. 72 - Roxas City, Capiz is composed of the following City and Munic",025-2021,"October 31, 2021",3RD,:   CAPIZ,ROXAS CITY,IV,ARSOBISPO ST,"*FROM HUGHES ST.TO GREGORIO DEL PILAR ST.,(TAFT)",CR,Commercial - Regular,14190.0
raw,"RDO No. 72 - Roxas City, Capiz is composed of the following City and Munic",,,2ND,:   CAPIZ,ROXAS CITY,IV,ARSOBISPO ST,,RR,Residential - Regular,2200.0
raw,"RDO No. 72 - Roxas City, Capiz is composed of the following City and Munic",,,2ND,:   CAPIZ,ROXAS CITY,IV,ARSOBISPO ST,,CR,Commercial - Regular,6900.0
raw,"RDO No. 72 - Roxas City, Capiz is composed of the following City and Munic",,,2ND,:   CAPIZ,ROXAS CITY,IV,BURGOS ST,,RR,Residential - Regular,2200.0
raw,"RDO No. 72 - Roxas City, Capiz is composed of the following City and Munic",,,2ND,:   CAPIZ,ROXAS CITY,IV,BURGOS ST,,CR,Commercial - Regular,6800.0
raw,"RDO No. 72 - Roxas City, Capiz is composed of the following City and Munic",025-2021,"October 31, 2021",3RD,:   CAPIZ,ROXAS CITY,IV,"EMILIO JACINTO ST (formerly Legaspi St.,)",*FROM LOPEZ JAENA ST. TO GREGORIO DEL PILAR ST.(TAFT),RR,Residential - Regular,9180.0
raw,"RDO No. 72 - Roxas City, Capiz is composed of the following City and Munic",025-2021,"October 31, 2021",3RD,:   CAPIZ,ROXAS CITY,IV,"EMILIO JACINTO ST (formerly Legaspi St.,)",*FROM LOPEZ JAENA ST. TO GREGORIO DEL PILAR ST.(TAFT),CR,Commercial - Regular,14510.0
raw,"RDO No. 72 - Roxas City, Capiz is composed of the following City and Munic",,,2ND,:   CAPIZ,ROXAS CITY,IV,"EMILIO JACINTO ST (formerly Legaspi St.,)",,RR,Residential - Regular,4416.5
raw,"RDO No. 72 - Roxas City, Capiz is composed of the following City and Munic",,,2ND,:   CAPIZ,ROXAS CITY,IV,"EMILIO JACINTO ST (formerly Legaspi St.,)",,CR,Commercial - Regular,6850.0
raw,"RDO No. 72 - Roxas City, Capiz is composed of the following City and Munic",025-2021,"October 31, 2021",3RD,:   CAPIZ,ROXAS CITY,IV,GOV. ABALO ST (formerly Gomez St.),*FROM BURGOD ST. TO RIZAL ST,RR,Residential - Regular,5130.0
raw,"RDO No. 72 - Roxas City, Capiz is composed of the following City and Munic",025-2021,"October 31, 2021",3RD,:   CAPIZ,ROXAS CITY,IV,GOV. ABALO ST (formerly Gomez St.),*FROM BURGOD ST. TO RIZAL ST,CR,Commercial - Regular,10980.0
raw,"RDO No. 72 - Roxas City, Capiz is composed of the following City and Munic",,,2ND,:   CAPIZ,ROXAS CITY,IV,GOV. ABALO ST (formerly Gomez St.),,RR,Residential - Regular,2200.0
raw,"RDO No. 72 - Roxas City, Capiz is composed of the following City and Munic",,,2ND,:   CAPIZ,ROXAS CITY,IV,GOV. ABALO ST (formerly Gomez St.),,CR,Commercial - Regular,5200.0
raw,"RDO No. 72 - Roxas City, Capiz is composed of the following City and Munic",,,2ND,:   CAPIZ,ROXAS CITY,IV,GREGORIO DEL PILAR ST (formerly Taft St.),,RR,Residential - Regular,2366.0
raw,"RDO No. 72 - Roxas City, Capiz is composed of the following City and Munic",,,2ND,:   CAPIZ,ROXAS CITY,IV,GREGORIO DEL PILAR ST (formerly Taft St.),,CR,Commercial - Regular,6900.0
raw,"RDO No. 72 - Roxas City, Capiz is composed of the following City and Munic",025-2021,"October 31, 2021",3RD,:   CAPIZ,ROXAS CITY,IV,HUGHES ST,*FROM BURGOD ST. TO RIZAL ST,RR,Residential - Regular,5210.0
raw,"RDO No. 72 - Roxas City, Capiz is composed of the following City and Munic",025-2021,"October 31, 2021",3RD,:   CAPIZ,ROXAS CITY,IV,HUGHES ST,*FROM BURGOD ST. TO RIZAL ST,CR,Commercial - Regular,14180.0
raw,"RDO No. 72 - Roxas City, Capiz is composed of the following City and Munic",,,2ND,:   CAPIZ,ROXAS CITY,IV,HUGHES ST,,RR,Residential - Regular,2416.0
raw,"RDO No. 72 - Roxas City, Capiz is composed of the following City and Munic",,,2ND,:   CAPIZ,ROXAS CITY,IV,HUGHES ST,,CR,Commercial - Regular,6800.0
raw,"RDO No. 72 - Roxas City, Capiz is composed of the following City and Munic",,,2ND,:   CAPIZ,ROXAS CITY,IV,LOPEZ JAENA ST,,RR,Residential - Regular,1600.0
raw,"RDO No. 72 - Roxas City, Capiz is composed of the following City and Munic",,,2ND,:   CAPIZ,ROXAS CITY,IV,LOPEZ JAENA ST,,CR,Commercial - Regular,4500.0
raw,"RDO No. 72 - Roxas City, Capiz is composed of the following City and Munic",025-2021,"October 31, 2021",3RD,:   CAPIZ,ROXAS CITY,IV,PASEO DE CATHEDRAL (formerly J.M. Basa St.),*FROM BURGOD ST. TO RIZAL ST,RR,Residential - Regular,4240.0
raw,"RDO No. 72 - Roxas City, Capiz is composed of the following City and Munic",025-2021,"October 31, 2021",3RD,:   CAPIZ,ROXAS CITY,IV,PASEO DE CATHEDRAL (formerly J.M. Basa St.),"*FROM EMILIO JACINTO ST.,(LEGASPI) TO RIZAL ST",CR,Commercial - Regular,10980.0
raw,"RDO No. 72 - Roxas City, Capiz is composed of the following City and Munic",,,2ND,:   CAPIZ,ROXAS CITY,IV,PASEO DE CATHEDRAL (formerly J.M. Basa St.),,RR,Residential - Regular,1900.0
raw,"RDO No. 72 - Roxas City, Capiz is composed of the following City and Munic",,,2ND,:   CAPIZ,ROXAS CITY,IV,PASEO DE CATHEDRAL (formerly J.M. Basa St.),,CR,Commercial - Regular,5200.0
raw,"RDO No. 72 - Roxas City, Capiz is composed of the following City and Munic",,,2ND,:   CAPIZ,ROXAS CITY,IV,RIZAL ST,,RR,Residential - Regular,2416.0
raw,"RDO No. 72 - Roxas City, Capiz is composed of the following City and Munic",,,2ND,:   CAPIZ,ROXAS CITY,IV,RIZAL ST,,CR,Commercial - Regular,7050.0
raw,"RDO No. 72 - Roxas City, Capiz is composed of the following City and Munic",025-2021,"October 31, 2021",3RD,:   CAPIZ,ROXAS CITY,IV,SOUTHERN SIDE OF BURGOS ST,*FROM LOPEZ JAENA ST. TO GREGORIO DEL PILAR ST.(TAFT),RR,Residential - Regular,4880.0
raw,"RDO No. 72 - Roxas City, Capiz is composed of the following City and Munic",025-2021,"October 31, 2021",3RD,:   CAPIZ,ROXAS CITY,IV,SOUTHERN SIDE OF BURGOS ST,*FROM LOPEZ JAENA ST. TO GREGORIO DEL PILAR ST.(TAFT),CR,Commercial - Regular,14330.0
raw,"RDO No. 72 - Roxas City, Capiz is composed of the following City and Munic",025-2021,"October 31, 2021",3RD,:   CAPIZ,ROXAS CITY,IX,*WESTERN SIDE OF ROXAS AVENUE,*FROM FOOT OF CAPIZ BRIDGE TO THE BRGY. BOUNDARY LINE BRGY. X,RR,Residential - Regular,4890.0
raw,"RDO No. 72 - Roxas City, Capiz is composed of the following City and Munic",025-2021,"October 31, 2021",3RD,:   CAPIZ,ROXAS CITY,IX,*WESTERN SIDE OF ROXAS AVENUE,*FROM FOOT OF CAPIZ BRIDGE TO THE BRGY. BOUNDARY LINE BRGY. X,CR,Commercial - Regular,13030.0
raw,"RDO No. 72 - Roxas City, Capiz is composed of the following City and Munic",025-2021,"October 31, 2021",3RD,:   CAPIZ,ROXAS CITY,IX,*WESTERN SIDE OF ROXAS AVENUE,*FROM FOOT OF CAPIZ BRIDGE TO THE BRGY. BOUNDARY LINE BRGY. X,I,Industrial,9710.0
raw,"RDO No. 72 - Roxas City, Capiz is composed of the following City and Munic",025-2021,"October 31, 2021",3RD,:   CAPIZ,ROXAS CITY,IX,A. BELO ST (formerly Premier de Mayo St.),,RR,Residential - Regular,4490.0
raw,"RDO No. 72 - Roxas City, Capiz is composed of the following City and Munic",025-2021,"October 31, 2021",3RD,:   CAPIZ,ROXAS CITY,IX,A. BELO ST (formerly Premier de Mayo St.),*FROM ROXAS AVE. FOOT OF CAPIZ BRIDGE TO BOUNDARY OF BRGY X& BRGY PTA TABUC,CR,Commercial - Regular,10780.0
raw,"RDO No. 72 - Roxas City, Capiz is composed of the following City and Munic",,,2ND,:   CAPIZ,ROXAS CITY,IX,A. BELO ST (formerly Premier de Mayo St.),,RR,Residential - Regular,3800.0
raw,"RDO No. 72 - Roxas City, Capiz is composed of the following City and Munic",,,2ND,:   CAPIZ,ROXAS CITY,IX,A. BELO ST (formerly Premier de Mayo St.),,CR,Commercial - Regular,9000.0
raw,"RDO No. 72 - Roxas City, Capiz is composed of the following City and Munic",025-2021,"October 31, 2021",3RD,:   CAPIZ,ROXAS CITY,IX,ALL OTHER STREETS,*FROM FOOT OF CAPIZ BRIDGE TO THE BRGY. BOUNDARY LINE BRGY. X,RR,Residential - Regular,3990.0
raw,"RDO No. 72 - Roxas City, Capiz is composed of the following City and Munic",025-2021,"October 31, 2021",3RD,:   CAPIZ,ROXAS CITY,IX,ALL OTHER STREETS,*FROM FOOT OF CAPIZ BRIDGE TO THE BRGY. BOUNDARY LINE BRGY. X,CR,Commercial - Regular,8730.0
raw,"RDO No. 72 - Roxas City, Capiz is composed of the following City and Munic",025-2021,"October 31, 2021",3RD,:   CAPIZ,ROXAS CITY,IX,ALL OTHER STREETS,*FROM FOOT OF CAPIZ BRIDGE TO THE BRGY. BOUNDARY LINE BRGY. X,X,Special / Other,9710.0
raw,"RDO No. 72 - Roxas City, Capiz is composed of the following City and Munic",025-2021,"October 31, 2021",3RD,:   CAPIZ,ROXAS CITY,IX,ALL OTHER STREETS,*FROM FOOT OF CAPIZ BRIDGE TO THE BRGY. BOUNDARY LINE BRGY. X,GP,General Purpose,2670.0
raw,"RDO No. 72 - Roxas City, Capiz is composed of the following City and Munic",,,2ND,:   CAPIZ,ROXAS CITY,IX,ALL OTHER STREETS,,X,Special / Other,6825.0
raw,"RDO No. 72 - Roxas City, Capiz is composed of the following City and Munic",,,2ND,:   CAPIZ,ROXAS CITY,IX,ALL OTHER STREETS,,GP,General Purpose,2250.0
raw,"RDO No. 72 - Roxas City, Capiz is composed of the following City and Munic",025-2021,"October 31, 2021",3RD,:   CAPIZ,ROXAS CITY,IX,BAYOT DRIVE,*FROM BELO ST.(WASHINGTON) TO ROXAS AVE,RR,Residential - Regular,3990.0
raw,"RDO No. 72 - Roxas City, Capiz is composed of the following City and Munic",025-2021,"October 31, 2021",3RD,:   CAPIZ,ROXAS CITY,IX,BAYOT DRIVE,*FROM BELO ST.(WASHINGTON) TO ROXAS AVE,CR,Commercial - Regular,10330.0
raw,"RDO No. 72 - Roxas City, Capiz is composed of the following City and Munic",,,2ND,:   CAPIZ,ROXAS CITY,IX,BAYOT DRIVE,,RR,Residential - Regular,2680.0
raw,"RDO No. 72 - Roxas City, Capiz is composed of the following City and Munic",,,2ND,:   CAPIZ,ROXAS CITY,IX,BAYOT DRIVE,,CR,Commercial - Regular,8040.0
raw,"RDO No. 72 - Roxas City, Capiz is composed of the following City and Munic",,,2ND,:   CAPIZ,ROXAS CITY,IX,ROXAS AVENUE,,RR,Residential - Regular,4392.0
raw,"RDO No. 72 - Roxas City, Capiz is composed of the following City and Munic",,,2ND,:   CAPIZ,ROXAS CITY,IX,ROXAS AVENUE,,CR,Commercial - Regular,12376.0
raw,"RDO No. 72 - Roxas City, Capiz is composed of the following City and Munic",,,2ND,:   CAPIZ,ROXAS CITY,IX,ROXAS AVENUE,,I,Industrial,6825.0
raw,"RDO No. 72 - Roxas City, Capiz is composed of the following City and Munic",025-2021,"October 31, 2021",3RD,:   CAPIZ,ROXAS CITY,IX,SERGIO OSMEÑA ST (formerly Pavia St.),*FROM BELO (WASHINGTON) TO ROXAS AVE,RR,Residential - Regular,3990.0
raw,"RDO No. 72 - Roxas City, Capiz is composed of the following City and Munic",025-2021,"October 31, 2021",3RD,:   CAPIZ,ROXAS CITY,IX,SERGIO OSMEÑA ST (formerly Pavia St.),*FROM BELO (WASHINGTON) TO ROXAS AVE,CR,Commercial - Regular,9880.0
raw,"RDO No. 72 - Roxas City, Capiz is composed of the following City and Munic",,,2ND,:   CAPIZ,ROXAS CITY,IX,SERGIO OSMEÑA ST (formerly Pavia St.),,RR,Residential - Regular,2815.0
raw,"RDO No. 72 - Roxas City, Capiz is composed of the following City and Munic",,,2ND,:   CAPIZ,ROXAS CITY,IX,SERGIO OSMEÑA ST (formerly Pavia St.),,CR,Commercial - Regular,7020.0
raw,"RDO No. 72 - Roxas City, Capiz is composed of the following City and Munic",025-2021,"October 31, 2021",3RD,:   CAPIZ,ROXAS CITY,JUMAGUICJUIC,ALL OTHER STREETS,,I,Industrial,4680.0
raw,"RDO No. 72 - Roxas City, Capiz is composed of the following City and Munic",025-2021,"October 31, 2021",3RD,:   CAPIZ,ROXAS CITY,JUMAGUICJUIC,ALL OTHER STREETS,,X,Special / Other,4460.0
raw,"RDO No. 72 - Roxas City, Capiz is composed of the following City and Munic",,,2ND,:   CAPIZ,ROXAS CITY,JUMAGUICJUIC,ALL OTHER STREETS,,I,Industrial,2200.0
raw,"RDO No. 72 - Roxas City, Capiz is composed of the following City and Munic",,,2ND,:   CAPIZ,ROXAS CITY,JUMAGUICJUIC,ALL OTHER STREETS,,X,Special / Other,2000.0
raw,"RDO No. 72 - Roxas City, Capiz is composed of the following City and Munic",025-2021,"October 31, 2021",3RD,:   CAPIZ,ROXAS CITY,JUMAGUICJUIC,INTERIOR LOTS,,RR,Residential - Regular,1460.0
raw,"RDO No. 72 - Roxas City, Capiz is composed of the following City and Munic",025-2021,"October 31, 2021",3RD,:   CAPIZ,ROXAS CITY,JUMAGUICJUIC,INTERIOR LOTS,,CR,Commercial - Regular,4620.0
raw,"RDO No. 72 - Roxas City, Capiz is composed of the following City and Munic",025-2021,"October 31, 2021",3RD,:   CAPIZ,ROXAS CITY,JUMAGUICJUIC,INTERIOR LOTS,,I,Industrial,4290.0
raw,"RDO No. 72 - Roxas City, Capiz is composed of the following City and Munic",025-2021,"October 31, 2021",3RD,:   CAPIZ,ROXAS CITY,JUMAGUICJUIC,INTERIOR LOTS,,X,Special / Other,4110.0
raw,"RDO No. 72 - Roxas City, Capiz is composed of the following City and Munic",025-2021,"October 31, 2021",3RD,:   CAPIZ,ROXAS CITY,JUMAGUICJUIC,INTERIOR LOTS,,GP,General Purpose,1350.0
raw,"RDO No. 72 - Roxas City, Capiz is composed of the following City and Munic",025-2021,"October 31, 2021",3RD,:   CAPIZ,ROXAS CITY,JUMAGUICJUIC,INTERIOR LOTS,,A2,Agricultural - A2,40.0
raw,"RDO No. 72 - Roxas City, Capiz is composed of the following City and Munic",025-2021,"October 31, 2021",3RD,:   CAPIZ,ROXAS CITY,JUMAGUICJUIC,INTERIOR LOTS,,A4,Agricultural - A4,40.0
raw,"RDO No. 72 - Roxas City, Capiz is composed of the following City and Munic",025-2021,"October 31, 2021",3RD,:   CAPIZ,ROXAS CITY,JUMAGUICJUIC,INTERIOR LOTS,,A10,Agricultural - A10,23.0
raw,"RDO No. 72 - Roxas City, Capiz is composed of the following City and Munic",025-2021,"October 31, 2021",3RD,:   CAPIZ,ROXAS CITY,JUMAGUICJUIC,INTERIOR LOTS,,A12,Agricultural - A12,40.0
raw,"RDO No. 72 - Roxas City, Capiz is composed of the following City and Munic",025-2021,"October 31, 2021",3RD,:   CAPIZ,ROXAS CITY,JUMAGUICJUIC,INTERIOR LOTS,,A16,Agricultural - A16,23.0
raw,"RDO No. 72 - Roxas City, Capiz is composed of the following City and Munic",025-2021,"October 31, 2021",3RD,:   CAPIZ,ROXAS CITY,JUMAGUICJUIC,INTERIOR LOTS,,A49,Agricultural - A49,23.0
raw,"RDO No. 72 - Roxas City, Capiz is composed of the following City and Munic",025-2021,"October 31, 2021",3RD,:   CAPIZ,ROXAS CITY,JUMAGUICJUIC,INTERIOR LOTS,,A50,Agricultural - A50,23.0
raw,"RDO No. 72 - Roxas City, Capiz is composed of the following City and Munic",,,2ND,:   CAPIZ,ROXAS CITY,JUMAGUICJUIC,INTERIOR LOTS,,RR,Residential - Regular,750.0
raw,"RDO No. 72 - Roxas City, Capiz is composed of the following City and Munic",,,2ND,:   CAPIZ,ROXAS CITY,JUMAGUICJUIC,INTERIOR LOTS,,GP,General Purpose,650.0
raw,"RDO No. 72 - Roxas City, Capiz is composed of the following City and Munic",,,2ND,:   CAPIZ,ROXAS CITY,JUMAGUICJUIC,INTERIOR LOTS,,A2,Agricultural - A2,25.0
raw,"RDO No. 72 - Roxas City, Capiz is composed of the following City and Munic",,,2ND,:   CAPIZ,ROXAS CITY,JUMAGUICJUIC,INTERIOR LOTS,,A6,Agricultural - A6,60.0
raw,"RDO No. 72 - Roxas City, Capiz is composed of the following City and Munic",,,2ND,:   CAPIZ,ROXAS CITY,JUMAGUICJUIC,INTERIOR LOTS,,A17,Agricultural - A17,50.0
raw,"RDO No. 72 - Roxas City, Capiz is composed of the following City and Munic",,,2ND,:   CAPIZ,ROXAS CITY,JUMAGUICJUIC,INTERIOR LOTS,,A49,Agricultural - A49,15.0
raw,"RDO No. 72 - Roxas City, Capiz is composed of the following City and Munic",,,2ND,:   CAPIZ,ROXAS CITY,JUMAGUICJUIC,INTERIOR LOTS,,A50,Agricultural - A50,15.0
raw,"RDO No. 72 - Roxas City, Capiz is composed of the following City and Munic",025-2021,"October 31, 2021",3RD,:   CAPIZ,ROXAS CITY,JUMAGUICJUIC,LI-ONG-KUMAGUICJUIC-SAN JOSE ROAD,,RR,Residential - Regular,1610.0
raw,"RDO No. 72 - Roxas City, Capiz is composed of the following City and Munic",025-2021,"October 31, 2021",3RD,:   CAPIZ,ROXAS CITY,JUMAGUICJUIC,LI-ONG-KUMAGUICJUIC-SAN JOSE ROAD,,CR,Commercial - Regular,5070.0
raw,"RDO No. 72 - Roxas City, Capiz is composed of the following City and Munic",,,2ND,:   CAPIZ,ROXAS CITY,JUMAGUICJUIC,LI-ONG-KUMAGUICJUIC-SAN JOSE ROAD,,RR,Residential - Regular,900.0
raw,"RDO No. 72 - Roxas City, Capiz is composed of the following City and Munic",,,2ND,:   CAPIZ,ROXAS CITY,JUMAGUICJUIC,LI-ONG-KUMAGUICJUIC-SAN JOSE ROAD,,CR,Commercial - Regular,2574.0
raw,"RDO No. 72 - Roxas City, Capiz is composed of the following City and Munic",025-2021,"October 31, 2021",3RD,:   CAPIZ,ROXAS CITY,LANOT,*CAPITOL HILLS SUBD,INTERIOR LOTS,RR,Residential - Regular,2810.0
raw,"RDO No. 72 - Roxas City, Capiz is composed of the following City and Munic",025-2021,"October 31, 2021",3RD,:   CAPIZ,ROXAS CITY,LANOT,*CAPITOL HILLS SUBD,INTERIOR LOTS,CR,Commercial - Regular,6340.0
raw,"RDO No. 72 - Roxas City, Capiz is composed of the following City and Munic",025-2021,"October 31, 2021",3RD,:   CAPIZ,ROXAS CITY,LANOT,ALL OTHER STREETS,,RR,Residential - Regular,2910.0
raw,"RDO No. 72 - Roxas City, Capiz is composed of the following City and Munic",025-2021,"October 31, 2021",3RD,:   CAPIZ,ROXAS CITY,LANOT,ALL OTHER STREETS,,CR,Commercial - Regular,5940.0
raw,"RDO No. 72 - Roxas City, Capiz is composed of the following City and Munic",025-2021,"October 31, 2021",3RD,:   CAPIZ,ROXAS CITY,LANOT,ALL OTHER STREETS,,X,Special / Other,4460.0
raw,"RDO No. 72 - Roxas City, Capiz is composed of the following City and Munic",025-2021,"October 31, 2021",3RD,:   CAPIZ,ROXAS CITY,LANOT,ALL OTHER STREETS,,I,Industrial,5520.0
raw,"RDO No. 72 - Roxas City, Capiz is composed of the following City and Munic",025-2021,"October 31, 2021",3RD,:   CAPIZ,ROXAS CITY,LANOT,ALL OTHER STREETS,INTERIOR LOTS,RR,Residential - Regular,2120.0
raw,"RDO No. 72 - Roxas City, Capiz is composed of the following City and Munic",025-2021,"October 31, 2021",3RD,:   CAPIZ,ROXAS CITY,LANOT,ALL OTHER STREETS,INTERIOR LOTS,CR,Commercial - Regular,3200.0
raw,"RDO No. 72 - Roxas City, Capiz is composed of the following City and Munic",025-2021,"October 31, 2021",3RD,:   CAPIZ,ROXAS CITY,LANOT,ALL OTHER STREETS,INTERIOR LOTS,GP,General Purpose,1000.0
raw,"RDO No. 72 - Roxas City, Capiz is composed of the following City and Munic",025-2021,"October 31, 2021",3RD,:   CAPIZ,ROXAS CITY,LANOT,ALL OTHER STREETS,INTERIOR LOTS,A2,Agricultural - A2,40.0
raw,"RDO No. 72 - Roxas City, Capiz is composed of the following City and Munic",025-2021,"October 31, 2021",3RD,:   CAPIZ,ROXAS CITY,LANOT,ALL OTHER STREETS,INTERIOR LOTS,A50,Agricultural - A50,24.0
raw,"RDO No. 72 - Roxas City, Capiz is composed of the following City and Munic",,,2ND,:   CAPIZ,ROXAS CITY,LANOT,ALL OTHER STREETS,,I,Industrial,3000.0
raw,"RDO No. 72 - Roxas City, Capiz is composed of the following City and Munic",,,2ND,:   CAPIZ,ROXAS CITY,LANOT,ALL OTHER STREETS,,X,Special / Other,2000.0
raw,"RDO No. 72 - Roxas City, Capiz is composed of the following City and Munic",,,2ND,:   CAPIZ,ROXAS CITY,LANOT,ALL OTHER STREETS,INTERIOR LOTS,RR,Residential - Regular,750.0
raw,"RDO No. 72 - Roxas City, Capiz is composed of the following City and Munic",,,2ND,:   CAPIZ,ROXAS CITY,LANOT,ALL OTHER STREETS,INTERIOR LOTS,CR,Commercial - Regular,675.0
raw,"RDO No. 72 - Roxas City, Capiz is composed of the following City and Munic",,,2ND,:   CAPIZ,ROXAS CITY,LANOT,ALL OTHER STREETS,INTERIOR LOTS,A2,Agricultural - A2,25.0
raw,"RDO No. 72 - Roxas City, Capiz is composed of the following City and Munic",,,2ND,:   CAPIZ,ROXAS CITY,LANOT,ALL OTHER STREETS,INTERIOR LOTS,A6,Agricultural - A6,60.0
raw,"RDO No. 72 - Roxas City, Capiz is composed of the following City and Munic",,,2ND,:   CAPIZ,ROXAS CITY,LANOT,ALL OTHER STREETS,INTERIOR LOTS,A17,Agricultural - A17,50.0
raw,"RDO No. 72 - Roxas City, Capiz is composed of the following City and Munic",,,2ND,:   CAPIZ,ROXAS CITY,LANOT,ALL OTHER STREETS,INTERIOR LOTS,A50,Agricultural - A50,15.0
raw,"RDO No. 72 - Roxas City, Capiz is composed of the following City and Munic",025-2021,"October 31, 2021",3RD,:   CAPIZ,ROXAS CITY,LANOT,BOLO-LANOT-LOCTUGAN ROAD,,RR,Residential - Regular,3000.0
raw,"RDO No. 72 - Roxas City, Capiz is composed of the following City and Munic",025-2021,"October 31, 2021",3RD,:   CAPIZ,ROXAS CITY,LANOT,BOLO-LANOT-LOCTUGAN ROAD,,CR,Commercial - Regular,6620.0
raw,"RDO No. 72 - Roxas City, Capiz is composed of the following City and Munic",,,2ND,:   CAPIZ,ROXAS CITY,LANOT,BOLO-LANOT-LOCTUGAN ROAD,,RR,Residential - Regular,1700.0
raw,"RDO No. 72 - Roxas City, Capiz is composed of the following City and Munic",,,2ND,:   CAPIZ,ROXAS CITY,LANOT,BOLO-LANOT-LOCTUGAN ROAD,,CR,Commercial - Regular,4040.0
raw,"RDO No. 72 - Roxas City, Capiz is composed of the following City and Munic",025-2021,"October 31, 2021",3RD,:   CAPIZ,ROXAS CITY,LANOT,BRGY ROAD GOING TO BRGY HALL,,RR,Residential - Regular,2810.0
raw,"RDO No. 72 - Roxas City, Capiz is composed of the following City and Munic",025-2021,"October 31, 2021",3RD,:   CAPIZ,ROXAS CITY,LANOT,BRGY ROAD GOING TO BRGY HALL,,CR,Commercial - Regular,5940.0
raw,"RDO No. 72 - Roxas City, Capiz is composed of the following City and Munic",,,2ND,:   CAPIZ,ROXAS CITY,LANOT,BRGY ROAD GOING TO BRGY HALL,,RR,Residential - Regular,1400.0
raw,"RDO No. 72 - Roxas City, Capiz is composed of the following City and Munic",,,2ND,:   CAPIZ,ROXAS CITY,LANOT,BRGY ROAD GOING TO BRGY HALL,,CR,Commercial - Regular,3400.0
raw,"RDO No. 72 - Roxas City, Capiz is composed of the following City and Munic",025-2021,"October 31, 2021",3RD,:   CAPIZ,ROXAS CITY,LANOT,LANOT-CABUGAO ROAD,,RR,Residential - Regular,2750.0
raw,"RDO No. 72 - Roxas City, Capiz is composed of the following City and Munic",025-2021,"October 31, 2021",3RD,:   CAPIZ,ROXAS CITY,LANOT,LANOT-CABUGAO ROAD,,CR,Commercial - Regular,6320.0
raw,"RDO No. 72 - Roxas City, Capiz is composed of the following City and Munic",,,2ND,:   CAPIZ,ROXAS CITY,LANOT,LANOT-CABUGAO ROAD,,RR,Residential - Regular,1650.0
raw,"RDO No. 72 - Roxas City, Capiz is composed of the following City and Munic",,,2ND,:   CAPIZ,ROXAS CITY,LANOT,LANOT-CABUGAO ROAD,,CR,Commercial - Regular,3760.0
raw,"RDO No. 72 - Roxas City, Capiz is composed of the following City and Munic",025-2021,"October 31, 2021",3RD,:   CAPIZ,ROXAS CITY,LANOT,PINAYPAYAN ROAD,,RR,Residential - Regular,2480.0
raw,"RDO No. 72 - Roxas City, Capiz is composed of the following City and Munic",025-2021,"October 31, 2021",3RD,:   CAPIZ,ROXAS CITY,LANOT,PINAYPAYAN ROAD,,CR,Commercial - Regular,5940.0
raw,"RDO No. 72 - Roxas City, Capiz is composed of the following City and Munic",,,2ND,:   CAPIZ,ROXAS CITY,LANOT,PINAYPAYAN ROAD,,RR,Residential - Regular,1400.0
raw,"RDO No. 72 - Roxas City, Capiz is composed of the following City and Munic",,,2ND,:   CAPIZ,ROXAS CITY,LANOT,PINAYPAYAN ROAD,,CR,Commercial - Regular,3400.0
raw,"RDO No. 72 - Roxas City, Capiz is composed of the following City and Munic",,,2ND,:   CAPIZ,ROXAS CITY,LANOT,ROAD NEAR COCA-COLA OFFICE,,RR,Residential - Regular,1500.0
raw,"RDO No. 72 - Roxas City, Capiz is composed of the following City and Munic",,,2ND,:   CAPIZ,ROXAS CITY,LANOT,ROAD NEAR COCA-COLA OFFICE,,CR,Commercial - Regular,3400.0
raw,"RDO No. 72 - Roxas City, Capiz is composed of the following City and Munic",025-2021,"October 31, 2021",3RD,:   CAPIZ,ROXAS CITY,LANOT,SITIO NASAGUD ROAD,,RR,Residential - Regular,2480.0
raw,"RDO No. 72 - Roxas City, Capiz is composed of the following City and Munic",025-2021,"October 31, 2021",3RD,:   CAPIZ,ROXAS CITY,LANOT,SITIO NASAGUD ROAD,,CR,Commercial - Regular,5940.0
raw,"RDO No. 72 - Roxas City, Capiz is composed of the following City and Munic",,,2ND,:   CAPIZ,ROXAS CITY,LANOT,SITIO NASAGUD ROAD,,RR,Residential - Regular,1400.0
raw,"RDO No. 72 - Roxas City, Capiz is composed of the following City and Munic",,,2ND,:   CAPIZ,ROXAS CITY,LANOT,SITIO NASAGUD ROAD,,CR,Commercial - Regular,3400.0
raw,"RDO No. 72 - Roxas City, Capiz is composed of the following City and Munic",025-2021,"October 31, 2021",3RD,:   CAPIZ,ROXAS CITY,LAWA-AN,*ALBAR ROLLING HILLS,,RR,Residential - Regular,4260.0
raw,"RDO No. 72 - Roxas City, Capiz is composed of the following City and Munic",025-2021,"October 31, 2021",3RD,:   CAPIZ,ROXAS CITY,LAWA-AN,*ALBAR ROLLING HILLS,,CR,Commercial - Regular,10060.0
raw,"RDO No. 72 - Roxas City, Capiz is composed of the following City and Munic",025-2021,"October 31, 2021",3RD,:   CAPIZ,ROXAS CITY,LAWA-AN,*ALL OTHER SUBDIVISIONS,,RR,Residential - Regular,4260.0
raw,"RDO No. 72 - Roxas City, Capiz is composed of the following City and Munic",025-2021,"October 31, 2021",3RD,:   CAPIZ,ROXAS CITY,LAWA-AN,*ALL OTHER SUBDIVISIONS,,CR,Commercial - Regular,10060.0
raw,"RDO No. 72 - Roxas City, Capiz is composed of the following City and Munic",025-2021,"October 31, 2021",3RD,:   CAPIZ,ROXAS CITY,LAWA-AN,*BARANGAY ROAD TO LAWAAN PROPER,,RR,Residential - Regular,4260.0
raw,"RDO No. 72 - Roxas City, Capiz is composed of the following City and Munic",025-2021,"October 31, 2021",3RD,:   CAPIZ,ROXAS CITY,LAWA-AN,*BARANGAY ROAD TO LAWAAN PROPER,,CR,Commercial - Regular,10060.0
raw,"RDO No. 72 - Roxas City, Capiz is composed of the following City and Munic",025-2021,"October 31, 2021",3RD,:   CAPIZ,ROXAS CITY,LAWA-AN,*CAPIZ REHABILITATION CENTER ROAD,,RR,Residential - Regular,4260.0
raw,"RDO No. 72 - Roxas City, Capiz is composed of the following City and Munic",025-2021,"October 31, 2021",3RD,:   CAPIZ,ROXAS CITY,LAWA-AN,*CAPIZ REHABILITATION CENTER ROAD,,X,Special / Other,6250.0
raw,"RDO No. 72 - Roxas City, Capiz is composed of the following City and Munic",025-2021,"October 31, 2021",3RD,:   CAPIZ,ROXAS CITY,LAWA-AN,*HOMESITE LAWA-AN,,RR,Residential - Regular,4260.0
raw,"RDO No. 72 - Roxas City, Capiz is composed of the following City and Munic",025-2021,"October 31, 2021",3RD,:   CAPIZ,ROXAS CITY,LAWA-AN,*HOMESITE LAWA-AN,,CR,Commercial - Regular,10060.0
raw,"RDO No. 72 - Roxas City, Capiz is composed of the following City and Munic",025-2021,"October 31, 2021",3RD,:   CAPIZ,ROXAS CITY,LAWA-AN,*IMMACULATE HEART OF MARY AVENUE,,CR,Commercial - Regular,10210.0
raw,"RDO No. 72 - Roxas City, Capiz is composed of the following City and Munic",025-2021,"October 31, 2021",3RD,:   CAPIZ,ROXAS CITY,LAWA-AN,*KATIPUNAN VILLAGE,,RR,Residential - Regular,4260.0
raw,"RDO No. 72 - Roxas City, Capiz is composed of the following City and Munic",025-2021,"October 31, 2021",3RD,:   CAPIZ,ROXAS CITY,LAWA-AN,*KATIPUNAN VILLAGE,,CR,Commercial - Regular,10060.0
raw,"RDO No. 72 - Roxas City, Capiz is composed of the following City and Munic",025-2021,"October 31, 2021",3RD,:   CAPIZ,ROXAS CITY,LAWA-AN,*KILOMETER 1,,CR,Commercial - Regular,10210.0
raw,"RDO No. 72 - Roxas City, Capiz is composed of the following City and Munic",025-2021,"October 31, 2021",3RD,:   CAPIZ,ROXAS CITY,LAWA-AN,*KILOMETER 3 (CARMELITE),,RR,Residential - Regular,4260.0
raw,"RDO No. 72 - Roxas City, Capiz is composed of the following City and Munic",025-2021,"October 31, 2021",3RD,:   CAPIZ,ROXAS CITY,LAWA-AN,*KILOMETER 3 (CARMELITE),,CR,Commercial - Regular,10060.0
raw,"RDO No. 72 - Roxas City, Capiz is composed of the following City and Munic",025-2021,"October 31, 2021",3RD,:   CAPIZ,ROXAS CITY,LAWA-AN,*NATIONAL ROAD,,RR,Residential - Regular,4260.0
raw,"RDO No. 72 - Roxas City, Capiz is composed of the following City and Munic",025-2021,"October 31, 2021",3RD,:   CAPIZ,ROXAS CITY,LAWA-AN,*NATIONAL ROAD,,CR,Commercial - Regular,10210.0
raw,"RDO No. 72 - Roxas City, Capiz is composed of the following City and Munic",025-2021,"October 31, 2021",3RD,:   CAPIZ,ROXAS CITY,LAWA-AN,*NATIONAL ROAD,,I,Industrial,9180.0
raw,"RDO No. 72 - Roxas City, Capiz is composed of the following City and Munic",025-2021,"October 31, 2021",3RD,:   CAPIZ,ROXAS CITY,LAWA-AN,*NATIONAL ROAD,,X,Special / Other,9180.0
raw,"RDO No. 72 - Roxas City, Capiz is composed of the following City and Munic",025-2021,"October 31, 2021",3RD,:   CAPIZ,ROXAS CITY,LAWA-AN,*ONE WATERFRONT SUBDIVISION,,RR,Residential - Regular,4260.0
raw,"RDO No. 72 - Roxas City, Capiz is composed of the following City and Munic",025-2021,"October 31, 2021",3RD,:   CAPIZ,ROXAS CITY,LAWA-AN,*ONE WATERFRONT SUBDIVISION,,CR,Commercial - Regular,10060.0
raw,"RDO No. 72 - Roxas City, Capiz is composed of the following City and Munic",025-2021,"October 31, 2021",3RD,:   CAPIZ,ROXAS CITY,LAWA-AN,*ORCHARD LANE SUBDIVISION,,RR,Residential - Regular,4260.0
raw,"RDO No. 72 - Roxas City, Capiz is composed of the following City and Munic",025-2021,"October 31, 2021",3RD,:   CAPIZ,ROXAS CITY,LAWA-AN,"*PUEBLO DE PANAY 1,LAWAAN SIDE",23,RR,Residential - Regular,4260.0
raw,"RDO No. 72 - Roxas City, Capiz is composed of the following City and Munic",025-2021,"October 31, 2021",3RD,:   CAPIZ,ROXAS CITY,LAWA-AN,"*PUEBLO DE PANAY 1,LAWAAN SIDE",23,CR,Commercial - Regular,10060.0
raw,"RDO No. 72 - Roxas City, Capiz is composed of the following City and Munic",025-2021,"October 31, 2021",3RD,:   CAPIZ,ROXAS CITY,LAWA-AN,"*PUEBLO DE PANAY 2,LAWAAN SIDE",23,RR,Residential - Regular,4260.0
raw,"RDO No. 72 - Roxas City, Capiz is composed of the following City and Munic",025-2021,"October 31, 2021",3RD,:   CAPIZ,ROXAS CITY,LAWA-AN,"*PUEBLO DE PANAY 2,LAWAAN SIDE",23,CR,Commercial - Regular,10060.0
raw,"RDO No. 72 - Roxas City, Capiz is composed of the following City and Munic",025-2021,"October 31, 2021",3RD,:   CAPIZ,ROXAS CITY,LAWA-AN,*ROAD TO CHILD'S ACADEMY,,RR,Residential - Regular,4260.0
raw,"RDO No. 72 - Roxas City, Capiz is composed of the following City and Munic",025-2021,"October 31, 2021",3RD,:   CAPIZ,ROXAS CITY,LAWA-AN,*ROAD TO CHILD'S ACADEMY,,CR,Commercial - Regular,10060.0
raw,"RDO No. 72 - Roxas City, Capiz is composed of the following City and Munic",025-2021,"October 31, 2021",3RD,:   CAPIZ,ROXAS CITY,LAWA-AN,*ROAD TO CHILD'S ACADEMY,,X,Special / Other,6250.0
raw,"RDO No. 72 - Roxas City, Capiz is composed of the following City and Munic",025-2021,"October 31, 2021",3RD,:   CAPIZ,ROXAS CITY,LAWA-AN,*ROAD TO CHILD'S ACADEMY,,I,Industrial,9180.0
raw,"RDO No. 72 - Roxas City, Capiz is composed of the following City and Munic",025-2021,"October 31, 2021",3RD,:   CAPIZ,ROXAS CITY,LAWA-AN,*ROAD TO EL CIRCULO,,CR,Commercial - Regular,10060.0
raw,"RDO No. 72 - Roxas City, Capiz is composed of the following City and Munic",025-2021,"October 31, 2021",3RD,:   CAPIZ,ROXAS CITY,LAWA-AN,*ROAD TO ROXAS CITY TERMINAL,,RR,Residential - Regular,4260.0
raw,"RDO No. 72 - Roxas City, Capiz is composed of the following City and Munic",025-2021,"October 31, 2021",3RD,:   CAPIZ,ROXAS CITY,LAWA-AN,*ROAD TO ROXAS CITY TERMINAL,,CR,Commercial - Regular,10060.0
raw,"RDO No. 72 - Roxas City, Capiz is composed of the following City and Munic",025-2021,"October 31, 2021",3RD,:   CAPIZ,ROXAS CITY,LAWA-AN,*ROAD TO ROXAS CITY TERMINAL,,I,Industrial,9180.0
raw,"RDO No. 72 - Roxas City, Capiz is composed of the following City and Munic",025-2021,"October 31, 2021",3RD,:   CAPIZ,ROXAS CITY,LAWA-AN,*SACRED HEART OF JESUS BOULEVARD,,CR,Commercial - Regular,10210.0
raw,"RDO No. 72 - Roxas City, Capiz is composed of the following City and Munic",025-2021,"October 31, 2021",3RD,:   CAPIZ,ROXAS CITY,LAWA-AN,*SITIO KILOMETER 2,,RR,Residential - Regular,4260.0
raw,"RDO No. 72 - Roxas City, Capiz is composed of the following City and Munic",025-2021,"October 31, 2021",3RD,:   CAPIZ,ROXAS CITY,LAWA-AN,*SITIO KILOMETER 2,,CR,Commercial - Regular,10060.0
raw,"RDO No. 72 - Roxas City, Capiz is composed of the following City and Munic",025-2021,"October 31, 2021",3RD,:   CAPIZ,ROXAS CITY,LAWA-AN,*SITIO PATAG,,RR,Residential - Regular,4260.0
raw,"RDO No. 72 - Roxas City, Capiz is composed of the following City and Munic",025-2021,"October 31, 2021",3RD,:   CAPIZ,ROXAS CITY,LAWA-AN,*SITIO PATAG,,CR,Commercial - Regular,10060.0
raw,"RDO No. 72 - Roxas City, Capiz is composed of the following City and Munic",025-2021,"October 31, 2021",3RD,:   CAPIZ,ROXAS CITY,LAWA-AN,*SITIO PATAG,,I,Industrial,9180.0
raw,"RDO No. 72 - Roxas City, Capiz is composed of the following City and Munic",025-2021,"October 31, 2021",3RD,:   CAPIZ,ROXAS CITY,LAWA-AN,*SITIO PATAG,,A2,Agricultural - A2,100.0
raw,"RDO No. 72 - Roxas City, Capiz is composed of the following City and Munic",025-2021,"October 31, 2021",3RD,:   CAPIZ,ROXAS CITY,LAWA-AN,*SITIO UNO  RESIDENTIAL UNITS (CONDO),,RC,Residential - Condominium,59650.0
raw,"RDO No. 72 - Roxas City, Capiz is composed of the following City and Munic",025-2021,"October 31, 2021",3RD,:   CAPIZ,ROXAS CITY,LAWA-AN,*ST. JOSEPH AVENUE,,CR,Commercial - Regular,10060.0
raw,"RDO No. 72 - Roxas City, Capiz is composed of the following City and Munic",025-2021,"October 31, 2021",3RD,:   CAPIZ,ROXAS CITY,LAWA-AN,*ST. JOSEPH AVENUE (PUEBLO DE PANAY ENTRANCE),,RR,Residential - Regular,4260.0
raw,"RDO No. 72 - Roxas City, Capiz is composed of the following City and Munic",025-2021,"October 31, 2021",3RD,:   CAPIZ,ROXAS CITY,LAWA-AN,*ST. JOSEPH AVENUE (PUEBLO DE PANAY ENTRANCE),,CR,Commercial - Regular,10060.0
raw,"RDO No. 72 - Roxas City, Capiz is composed of the following City and Munic",025-2021,"October 31, 2021",3RD,:   CAPIZ,ROXAS CITY,LAWA-AN,*ST. PIUS SEMINARY ROAD,,RR,Residential - Regular,4260.0
raw,"RDO No. 72 - Roxas City, Capiz is composed of the following City and Munic",025-2021,"October 31, 2021",3RD,:   CAPIZ,ROXAS CITY,LAWA-AN,*ST. PIUS SEMINARY ROAD,,CR,Commercial - Regular,10060.0
raw,"RDO No. 72 - Roxas City, Capiz is composed of the following City and Munic",025-2021,"October 31, 2021",3RD,:   CAPIZ,ROXAS CITY,LAWA-AN,*ST.IGNATIUS VALLEY,,RR,Residential - Regular,4260.0
raw,"RDO No. 72 - Roxas City, Capiz is composed of the following City and Munic",025-2021,"October 31, 2021",3RD,:   CAPIZ,ROXAS CITY,LAWA-AN,*ST.IGNATIUS VALLEY,,CR,Commercial - Regular,10060.0
raw,"RDO No. 72 - Roxas City, Capiz is composed of the following City and Munic",025-2021,"October 31, 2021",3RD,:   CAPIZ,ROXAS CITY,LAWA-AN,ALL OTHER STREETS,,I,Industrial,9180.0
raw,"RDO No. 72 - Roxas City, Capiz is composed of the following City and Munic",025-2021,"October 31, 2021",3RD,:   CAPIZ,ROXAS CITY,LAWA-AN,ALL OTHER STREETS,,X,Special / Other,6250.0
raw,"RDO No. 72 - Roxas City, Capiz is composed of the following City and Munic",025-2021,"October 31, 2021",3RD,:   CAPIZ,ROXAS CITY,LAWA-AN,ALL OTHER STREETS,,RR,Residential - Regular,3170.0
raw,"RDO No. 72 - Roxas City, Capiz is composed of the following City and Munic",025-2021,"October 31, 2021",3RD,:   CAPIZ,ROXAS CITY,LAWA-AN,ALL OTHER STREETS,,GP,General Purpose,1980.0
raw,"RDO No. 72 - Roxas City, Capiz is composed of the following City and Munic",025-2021,"October 31, 2021",3RD,:   CAPIZ,ROXAS CITY,LAWA-AN,ALL OTHER STREETS,,A2,Agricultural - A2,61.0
raw,"RDO No. 72 - Roxas City, Capiz is composed of the following City and Munic",025-2021,"October 31, 2021",3RD,:   CAPIZ,ROXAS CITY,LAWA-AN,ALL OTHER STREETS,,A6,Agricultural - A6,161.0
raw,"RDO No. 72 - Roxas City, Capiz is composed of the following City and Munic",025-2021,"October 31, 2021",3RD,:   CAPIZ,ROXAS CITY,LAWA-AN,ALL OTHER STREETS,,A50,Agricultural - A50,37.0
raw,"RDO No. 72 - Roxas City, Capiz is composed of the following City and Munic",,,2ND,:   CAPIZ,ROXAS CITY,LAWA-AN,ALL OTHER STREETS,,I,Industrial,3500.0
raw,"RDO No. 72 - Roxas City, Capiz is composed of the following City and Munic",,,2ND,:   CAPIZ,ROXAS CITY,LAWA-AN,ALL OTHER STREETS,,X,Special / Other,2000.0
raw,"RDO No. 72 - Roxas City, Capiz is composed of the following City and Munic",,,2ND,:   CAPIZ,ROXAS CITY,LAWA-AN,ALL OTHER STREETS,INTERIOR LOTS,RR,Residential - Regular,950.0
raw,"RDO No. 72 - Roxas City, Capiz is composed of the following City and Munic",,,2ND,:   CAPIZ,ROXAS CITY,LAWA-AN,ALL OTHER STREETS,INTERIOR LOTS,GP,General Purpose,675.0
raw,"RDO No. 72 - Roxas City, Capiz is composed of the following City and Munic",,,2ND,:   CAPIZ,ROXAS CITY,LAWA-AN,ALL OTHER STREETS,INTERIOR LOTS,A2,Agricultural - A2,25.0
raw,"RDO No. 72 - Roxas City, Capiz is composed of the following City and Munic",,,2ND,:   CAPIZ,ROXAS CITY,LAWA-AN,ALL OTHER STREETS,INTERIOR LOTS,A6,Agricultural - A6,65.0
raw,"RDO No. 72 - Roxas City, Capiz is composed of the following City and Munic",,,2ND,:   CAPIZ,ROXAS CITY,LAWA-AN,ALL OTHER STREETS,INTERIOR LOTS,A17,Agricultural - A17,50.0
raw,"RDO No. 72 - Roxas City, Capiz is composed of the following City and Munic",,,2ND,:   CAPIZ,ROXAS CITY,LAWA-AN,ALL OTHER STREETS,INTERIOR LOTS,A50,Agricultural - A50,15.0
raw,"RDO No. 72 - Roxas City, Capiz is composed of the following City and Munic",,,2ND,:   CAPIZ,ROXAS CITY,LAWA-AN,ALL SUBDIVISION ROADS,,RR,Residential - Regular,1500.0
raw,"RDO No. 72 - Roxas City, Capiz is composed of the following City and Munic",,,2ND,:   CAPIZ,ROXAS CITY,LAWA-AN,ALL SUBDIVISION ROADS,,CR,Commercial - Regular,3810.0
raw,"RDO No. 72 - Roxas City, Capiz is composed of the following City and Munic",025-2021,"October 31, 2021",3RD,:   CAPIZ,ROXAS CITY,LAWA-AN,ARCABALO ROAD,,RR,Residential - Regular,4180.0
raw,"RDO No. 72 - Roxas City, Capiz is composed of the following City and Munic",025-2021,"October 31, 2021",3RD,:   CAPIZ,ROXAS CITY,LAWA-AN,ARCABALO ROAD,,CR,Commercial - Regular,10060.0
raw,"RDO No. 72 - Roxas City, Capiz is composed of the following City and Munic",,,2ND,:   CAPIZ,ROXAS CITY,LAWA-AN,ARCABALO ROAD,,RR,Residential - Regular,1500.0
raw,"RDO No. 72 - Roxas City, Capiz is composed of the following City and Munic",,,2ND,:   CAPIZ,ROXAS CITY,LAWA-AN,ARCABALO ROAD,,CR,Commercial - Regular,4000.0
raw,"RDO No. 72 - Roxas City, Capiz is composed of the following City and Munic",025-2021,"October 31, 2021",3RD,:   CAPIZ,ROXAS CITY,LAWA-AN,LAWA-AN-BOLO ROAD,,RR,Residential - Regular,4260.0
raw,"RDO No. 72 - Roxas City, Capiz is composed of the following City and Munic",025-2021,"October 31, 2021",3RD,:   CAPIZ,ROXAS CITY,LAWA-AN,LAWA-AN-BOLO ROAD,,CR,Commercial - Regular,10460.0
raw,"RDO No. 72 - Roxas City, Capiz is composed of the following City and Munic",,,2ND,:   CAPIZ,ROXAS CITY,LAWA-AN,LAWA-AN-BOLO ROAD,,RR,Residential - Regular,1500.0
raw,"RDO No. 72 - Roxas City, Capiz is composed of the following City and Munic",,,2ND,:   CAPIZ,ROXAS CITY,LAWA-AN,LAWA-AN-BOLO ROAD,,CR,Commercial - Regular,3950.0
raw,"RDO No. 72 - Roxas City, Capiz is composed of the following City and Munic",025-2021,"October 31, 2021",3RD,:   CAPIZ,ROXAS CITY,LAWA-AN,LAWA-AN-DINGINAN ROAD,,RR,Residential - Regular,4130.0
raw,"RDO No. 72 - Roxas City, Capiz is composed of the following City and Munic",025-2021,"October 31, 2021",3RD,:   CAPIZ,ROXAS CITY,LAWA-AN,LAWA-AN-DINGINAN ROAD,,CR,Commercial - Regular,10060.0
raw,"RDO No. 72 - Roxas City, Capiz is composed of the following City and Munic",,,2ND,:   CAPIZ,ROXAS CITY,LAWA-AN,LAWA-AN-DINGINAN ROAD,,RR,Residential - Regular,1500.0
raw,"RDO No. 72 - Roxas City, Capiz is composed of the following City and Munic",,,2ND,:   CAPIZ,ROXAS CITY,LAWA-AN,LAWA-AN-DINGINAN ROAD,,CR,Commercial - Regular,4000.0
raw,"RDO No. 72 - Roxas City, Capiz is composed of the following City and Munic",025-2021,"October 31, 2021",3RD,:   CAPIZ,ROXAS CITY,LAWA-AN,SITIO PATAG LAWA-AN-DINGINAN ROAD,,RR,Residential - Regular,3930.0
raw,"RDO No. 72 - Roxas City, Capiz is composed of the following City and Munic",025-2021,"October 31, 2021",3RD,:   CAPIZ,ROXAS CITY,LAWA-AN,SITIO PATAG LAWA-AN-DINGINAN ROAD,,CR,Commercial - Regular,10060.0
raw,"RDO No. 72 - Roxas City, Capiz is composed of the following City and Munic",,,2ND,:   CAPIZ,ROXAS CITY,LAWA-AN,SITIO PATAG LAWA-AN-DINGINAN ROAD,,RR,Residential - Regular,1500.0
raw,"RDO No. 72 - Roxas City, Capiz is composed of the following City and Munic",,,2ND,:   CAPIZ,ROXAS CITY,LAWA-AN,SITIO PATAG LAWA-AN-DINGINAN ROAD,,CR,Commercial - Regular,4000.0
raw,"RDO No. 72 - Roxas City, Capiz is composed of the following City and Munic",025-2021,"October 31, 2021",3RD,:   CAPIZ,ROXAS CITY,LI-ONG,*ALL LOTS,*ADLAWAN-LI-ONG-JUMAGUICJUIC ROAD,RR,Residential - Regular,1870.0
raw,"RDO No. 72 - Roxas City, Capiz is composed of the following City and Munic",025-2021,"October 31, 2021",3RD,:   CAPIZ,ROXAS CITY,LI-ONG,*ALL LOTS,*ADLAWAN-LI-ONG-JUMAGUICJUIC ROAD,CR,Commercial - Regular,5330.0
raw,"RDO No. 72 - Roxas City, Capiz is composed of the following City and Munic",025-2021,"October 31, 2021",3RD,:   CAPIZ,ROXAS CITY,LI-ONG,*ALL LOTS,*ADLAWAN LI-ONG ROAD,RR,Residential - Regular,1870.0
raw,"RDO No. 72 - Roxas City, Capiz is composed of the following City and Munic",025-2021,"October 31, 2021",3RD,:   CAPIZ,ROXAS CITY,LI-ONG,*ALL LOTS,*ADLAWAN LI-ONG ROAD,CR,Commercial - Regular,5330.0
raw,"RDO No. 72 - Roxas City, Capiz is composed of the following City and Munic",,,2ND,:   CAPIZ,ROXAS CITY,LI-ONG,ADLAWAN-LI-ONG-JUMAGUICJUIC ROAD,,RR,Residential - Regular,1140.0
raw,"RDO No. 72 - Roxas City, Capiz is composed of the following City and Munic",,,2ND,:   CAPIZ,ROXAS CITY,LI-ONG,ADLAWAN-LI-ONG-JUMAGUICJUIC ROAD,,CR,Commercial - Regular,2820.0
raw,"RDO No. 72 - Roxas City, Capiz is composed of the following City and Munic",025-2021,"October 31, 2021",3RD,:   CAPIZ,ROXAS CITY,LI-ONG,ALL OTHER STREETS,*ADLAWAN LI-ONG ROAD,I,Industrial,5520.0
raw,"RDO No. 72 - Roxas City, Capiz is composed of the following City and Munic",025-2021,"October 31, 2021",3RD,:   CAPIZ,ROXAS CITY,LI-ONG,ALL OTHER STREETS,*ADLAWAN LI-ONG ROAD,X,Special / Other,4460.0
raw,"RDO No. 72 - Roxas City, Capiz is composed of the following City and Munic",025-2021,"October 31, 2021",3RD,:   CAPIZ,ROXAS CITY,LI-ONG,ALL OTHER STREETS,INTERIOR LOTS,RR,Residential - Regular,1250.0
raw,"RDO No. 72 - Roxas City, Capiz is composed of the following City and Munic",025-2021,"October 31, 2021",3RD,:   CAPIZ,ROXAS CITY,LI-ONG,ALL OTHER STREETS,INTERIOR LOTS,GP,General Purpose,1350.0
raw,"RDO No. 72 - Roxas City, Capiz is composed of the following City and Munic",025-2021,"October 31, 2021",3RD,:   CAPIZ,ROXAS CITY,LI-ONG,ALL OTHER STREETS,INTERIOR LOTS,A2,Agricultural - A2,40.0
raw,"RDO No. 72 - Roxas City, Capiz is composed of the following City and Munic",025-2021,"October 31, 2021",3RD,:   CAPIZ,ROXAS CITY,LI-ONG,ALL OTHER STREETS,INTERIOR LOTS,A17,Agricultural - A17,80.0
raw,"RDO No. 72 - Roxas City, Capiz is composed of the following City and Munic",025-2021,"October 31, 2021",3RD,:   CAPIZ,ROXAS CITY,LI-ONG,ALL OTHER STREETS,INTERIOR LOTS,A50,Agricultural - A50,24.0
raw,"RDO No. 72 - Roxas City, Capiz is composed of the following City and Munic",,,2ND,:   CAPIZ,ROXAS CITY,LI-ONG,ALL OTHER STREETS,,I,Industrial,3000.0
raw,"RDO No. 72 - Roxas City, Capiz is composed of the following City and Munic",,,2ND,:   CAPIZ,ROXAS CITY,LI-ONG,ALL OTHER STREETS,,X,Special / Other,2000.0
raw,"RDO No. 72 - Roxas City, Capiz is composed of the following City and Munic",,,2ND,:   CAPIZ,ROXAS CITY,LI-ONG,ALL OTHER STREETS,INTERIOR LOTS,RR,Residential - Regular,550.0
raw,"RDO No. 72 - Roxas City, Capiz is composed of the following City and Munic",,,2ND,:   CAPIZ,ROXAS CITY,LI-ONG,ALL OTHER STREETS,INTERIOR LOTS,GP,General Purpose,650.0
raw,"RDO No. 72 - Roxas City, Capiz is composed of the following City and Munic",,,2ND,:   CAPIZ,ROXAS CITY,LI-ONG,ALL OTHER STREETS,INTERIOR LOTS,A2,Agricultural - A2,25.0
raw,"RDO No. 72 - Roxas City, Capiz is composed of the following City and Munic",,,2ND,:   CAPIZ,ROXAS CITY,LI-ONG,ALL OTHER STREETS,INTERIOR LOTS,A6,Agricultural - A6,70.0
raw,"RDO No. 72 - Roxas City, Capiz is composed of the following City and Munic",,,2ND,:   CAPIZ,ROXAS CITY,LI-ONG,ALL OTHER STREETS,INTERIOR LOTS,A17,Agricultural - A17,50.0
raw,"RDO No. 72 - Roxas City, Capiz is composed of the following City and Munic",,,2ND,:   CAPIZ,ROXAS CITY,LI-ONG,ALL OTHER STREETS,INTERIOR LOTS,A50,Agricultural - A50,15.0
raw,"RDO No. 72 - Roxas City, Capiz is composed of the following City and Munic",025-2021,"October 31, 2021",3RD,:   CAPIZ,ROXAS CITY,LIBAS,*RAMON DINGLASAN VISTA ESTATE HOMEOWNERS,INTERIOR LOTS,RR,Residential - Regular,2750.0
raw,"RDO No. 72 - Roxas City, Capiz is composed of the following City and Munic",025-2021,"October 31, 2021",3RD,:   CAPIZ,ROXAS CITY,LIBAS,*VISTA DEL RIO SUBD,INTERIOR LOTS,RR,Residential - Regular,3380.0
raw,"RDO No. 72 - Roxas City, Capiz is composed of the following City and Munic",025-2021,"October 31, 2021",3RD,:   CAPIZ,ROXAS CITY,LIBAS,*VISTA DEL RIO SUBD,INTERIOR LOTS,CR,Commercial - Regular,9200.0
raw,"RDO No. 72 - Roxas City, Capiz is composed of the following City and Munic",025-2021,"October 31, 2021",3RD,:   CAPIZ,ROXAS CITY,LIBAS,ALL OTHER STREETS,,I,Industrial,8350.0
raw,"RDO No. 72 - Roxas City, Capiz is composed of the following City and Munic",025-2021,"October 31, 2021",3RD,:   CAPIZ,ROXAS CITY,LIBAS,ALL OTHER STREETS,,X,Special / Other,6540.0
raw,"RDO No. 72 - Roxas City, Capiz is composed of the following City and Munic",025-2021,"October 31, 2021",3RD,:   CAPIZ,ROXAS CITY,LIBAS,ALL OTHER STREETS,INTERIOR LOTS,RR,Residential - Regular,2750.0
raw,"RDO No. 72 - Roxas City, Capiz is composed of the following City and Munic",025-2021,"October 31, 2021",3RD,:   CAPIZ,ROXAS CITY,LIBAS,ALL OTHER STREETS,INTERIOR LOTS,GP,General Purpose,1900.0
raw,"RDO No. 72 - Roxas City, Capiz is composed of the following City and Munic",025-2021,"October 31, 2021",3RD,:   CAPIZ,ROXAS CITY,LIBAS,ALL OTHER STREETS,INTERIOR LOTS,A6,Agricultural - A6,170.0
raw,"RDO No. 72 - Roxas City, Capiz is composed of the following City and Munic",025-2021,"October 31, 2021",3RD,:   CAPIZ,ROXAS CITY,LIBAS,ALL OTHER STREETS,INTERIOR LOTS,A17,Agricultural - A17,122.0
raw,"RDO No. 72 - Roxas City, Capiz is composed of the following City and Munic",025-2021,"October 31, 2021",3RD,:   CAPIZ,ROXAS CITY,LIBAS,ALL OTHER STREETS,INTERIOR LOTS,A40,Agricultural - A40,10460.0
raw,"RDO No. 72 - Roxas City, Capiz is composed of the following City and Munic",025-2021,"October 31, 2021",3RD,:   CAPIZ,ROXAS CITY,LIBAS,ALL OTHER STREETS,INTERIOR LOTS,A49,Agricultural - A49,80.0
raw,"RDO No. 72 - Roxas City, Capiz is composed of the following City and Munic",025-2021,"October 31, 2021",3RD,:   CAPIZ,ROXAS CITY,LIBAS,ALL OTHER STREETS,INTERIOR LOTS,A50,Agricultural - A50,36.0
raw,"RDO No. 72 - Roxas City, Capiz is composed of the following City and Munic",,,2ND,:   CAPIZ,ROXAS CITY,LIBAS,ALL OTHER STREETS,,I,Industrial,2950.0
raw,"RDO No. 72 - Roxas City, Capiz is composed of the following City and Munic",,,2ND,:   CAPIZ,ROXAS CITY,LIBAS,ALL OTHER STREETS,,X,Special / Other,2000.0
raw,"RDO No. 72 - Roxas City, Capiz is composed of the following City and Munic",,,2ND,:   CAPIZ,ROXAS CITY,LIBAS,ALL OTHER STREETS,INTERIOR LOTS,RR,Residential - Regular,750.0
raw,"RDO No. 72 - Roxas City, Capiz is composed of the following City and Munic",,,2ND,:   CAPIZ,ROXAS CITY,LIBAS,ALL OTHER STREETS,INTERIOR LOTS,GP,General Purpose,650.0
raw,"RDO No. 72 - Roxas City, Capiz is composed of the following City and Munic",,,2ND,:   CAPIZ,ROXAS CITY,LIBAS,ALL OTHER STREETS,INTERIOR LOTS,A6,Agricultural - A6,70.0
raw,"RDO No. 72 - Roxas City, Capiz is composed of the following City and Munic",,,2ND,:   CAPIZ,ROXAS CITY,LIBAS,ALL OTHER STREETS,INTERIOR LOTS,A17,Agricultural - A17,50.0
raw,"RDO No. 72 - Roxas City, Capiz is composed of the following City and Munic",,,2ND,:   CAPIZ,ROXAS CITY,LIBAS,ALL OTHER STREETS,INTERIOR LOTS,A40,Agricultural - A40,8000.0
raw,"RDO No. 72 - Roxas City, Capiz is composed of the following City and Munic",,,2ND,:   CAPIZ,ROXAS CITY,LIBAS,ALL OTHER STREETS,INTERIOR LOTS,A50,Agricultural - A50,15.0
raw,"RDO No. 72 - Roxas City, Capiz is composed of the following City and Munic",025-2021,"October 31, 2021",3RD,:   CAPIZ,ROXAS CITY,LIBAS,DAYAO-LIBAS-BARRA ROAD,,RR,Residential - Regular,3660.0
raw,"RDO No. 72 - Roxas City, Capiz is composed of the following City and Munic",025-2021,"October 31, 2021",3RD,:   CAPIZ,ROXAS CITY,LIBAS,DAYAO-LIBAS-BARRA ROAD,,CR,Commercial - Regular,8650.0
raw,"RDO No. 72 - Roxas City, Capiz is composed of the following City and Munic",,,2ND,:   CAPIZ,ROXAS CITY,LIBAS,DAYAO-LIBAS-BARRA ROAD,,RR,Residential - Regular,1400.0
raw,"RDO No. 72 - Roxas City, Capiz is composed of the following City and Munic",,,2ND,:   CAPIZ,ROXAS CITY,LIBAS,DAYAO-LIBAS-BARRA ROAD,,CR,Commercial - Regular,3320.0
raw,"RDO No. 72 - Roxas City, Capiz is composed of the following City and Munic",025-2021,"October 31, 2021",3RD,:   CAPIZ,ROXAS CITY,LIBAS,PUROK I ROAD,,RR,Residential - Regular,3390.0
raw,"RDO No. 72 - Roxas City, Capiz is composed of the following City and Munic",025-2021,"October 31, 2021",3RD,:   CAPIZ,ROXAS CITY,LIBAS,PUROK I ROAD,,CR,Commercial - Regular,8800.0
raw,"RDO No. 72 - Roxas City, Capiz is composed of the following City and Munic",,,2ND,:   CAPIZ,ROXAS CITY,LIBAS,PUROK I ROAD,,RR,Residential - Regular,1400.0
raw,"RDO No. 72 - Roxas City, Capiz is composed of the following City and Munic",,,2ND,:   CAPIZ,ROXAS CITY,LIBAS,PUROK I ROAD,,CR,Commercial - Regular,3400.0
raw,"RDO No. 72 - Roxas City, Capiz is composed of the following City and Munic",025-2021,"October 31, 2021",3RD,:   CAPIZ,ROXAS CITY,LOCTUGAN,ALL OTHER STREETS,*FROM JUNCTION OF BRGY .PARIAN TO LOCTUGAN CEMETERY,I,Industrial,6050.0
raw,"RDO No. 72 - Roxas City, Capiz is composed of the following City and Munic",025-2021,"October 31, 2021",3RD,:   CAPIZ,ROXAS CITY,LOCTUGAN,ALL OTHER STREETS,*FROM JUNCTION OF BRGY .PARIAN TO LOCTUGAN CEMETERY,X,Special / Other,4460.0
raw,"RDO No. 72 - Roxas City, Capiz is composed of the following City and Munic",025-2021,"October 31, 2021",3RD,:   CAPIZ,ROXAS CITY,LOCTUGAN,ALL OTHER STREETS,*FROM JUNCTION OF BRGY .PARIAN TO LOCTUGAN CEMETERY,RR,Residential - Regular,1950.0
raw,"RDO No. 72 - Roxas City, Capiz is composed of the following City and Munic",025-2021,"October 31, 2021",3RD,:   CAPIZ,ROXAS CITY,LOCTUGAN,ALL OTHER STREETS,*FROM JUNCTION OF BRGY .PARIAN TO LOCTUGAN CEMETERY,GP,General Purpose,1350.0
raw,"RDO No. 72 - Roxas City, Capiz is composed of the following City and Munic",025-2021,"October 31, 2021",3RD,:   CAPIZ,ROXAS CITY,LOCTUGAN,ALL OTHER STREETS,*FROM JUNCTION OF BRGY .PARIAN TO LOCTUGAN CEMETERY,A2,Agricultural - A2,40.0
raw,"RDO No. 72 - Roxas City, Capiz is composed of the following City and Munic",025-2021,"October 31, 2021",3RD,:   CAPIZ,ROXAS CITY,LOCTUGAN,ALL OTHER STREETS,*FROM JUNCTION OF BRGY .PARIAN TO LOCTUGAN CEMETERY,A6,Agricultural - A6,100.0
raw,"RDO No. 72 - Roxas City, Capiz is composed of the following City and Munic",025-2021,"October 31, 2021",3RD,:   CAPIZ,ROXAS CITY,LOCTUGAN,ALL OTHER STREETS,*FROM JUNCTION OF BRGY .PARIAN TO LOCTUGAN CEMETERY,A17,Agricultural - A17,80.0
raw,"RDO No. 72 - Roxas City, Capiz is composed of the following City and Munic",025-2021,"October 31, 2021",3RD,:   CAPIZ,ROXAS CITY,LOCTUGAN,ALL OTHER STREETS,*FROM JUNCTION OF BRGY .PARIAN TO LOCTUGAN CEMETERY,A50,Agricultural - A50,24.0
raw,"RDO No. 72 - Roxas City, Capiz is composed of the following City and Munic",,,2ND,:   CAPIZ,ROXAS CITY,LOCTUGAN,ALL OTHER STREETS,,I,Industrial,3500.0
raw,"RDO No. 72 - Roxas City, Capiz is composed of the following City and Munic",,,2ND,:   CAPIZ,ROXAS CITY,LOCTUGAN,ALL OTHER STREETS,,X,Special / Other,2000.0
raw,"RDO No. 72 - Roxas City, Capiz is composed of the following City and Munic",,,2ND,:   CAPIZ,ROXAS CITY,LOCTUGAN,ALL OTHER STREETS,,RR,Residential - Regular,900.0
raw,"RDO No. 72 - Roxas City, Capiz is composed of the following City and Munic",,,2ND,:   CAPIZ,ROXAS CITY,LOCTUGAN,ALL OTHER STREETS,,GP,General Purpose,650.0
raw,"RDO No. 72 - Roxas City, Capiz is composed of the following City and Munic",,,2ND,:   CAPIZ,ROXAS CITY,LOCTUGAN,ALL OTHER STREETS,,A2,Agricultural - A2,25.0
raw,"RDO No. 72 - Roxas City, Capiz is composed of the following City and Munic",,,2ND,:   CAPIZ,ROXAS CITY,LOCTUGAN,ALL OTHER STREETS,,A6,Agricultural - A6,60.0
raw,"RDO No. 72 - Roxas City, Capiz is composed of the following City and Munic",,,2ND,:   CAPIZ,ROXAS CITY,LOCTUGAN,ALL OTHER STREETS,,A17,Agricultural - A17,50.0
raw,"RDO No. 72 - Roxas City, Capiz is composed of the following City and Munic",,,2ND,:   CAPIZ,ROXAS CITY,LOCTUGAN,ALL OTHER STREETS,,A50,Agricultural - A50,15.0
raw,"RDO No. 72 - Roxas City, Capiz is composed of the following City and Munic",,,2ND,:   CAPIZ,ROXAS CITY,LOCTUGAN,CALLE CERVALES,,RR,Residential - Regular,1400.0
raw,"RDO No. 72 - Roxas City, Capiz is composed of the following City and Munic",,,2ND,:   CAPIZ,ROXAS CITY,LOCTUGAN,CALLE CERVALES,,CR,Commercial - Regular,3650.0
raw,"RDO No. 72 - Roxas City, Capiz is composed of the following City and Munic",025-2021,"October 31, 2021",3RD,:   CAPIZ,ROXAS CITY,LOCTUGAN,CALLE CERVANTES,*FROM JUNCTION OF BRGY .PARIAN TO LOCTUGAN CEMETERY,RR,Residential - Regular,2220.0
raw,"RDO No. 72 - Roxas City, Capiz is composed of the following City and Munic",025-2021,"October 31, 2021",3RD,:   CAPIZ,ROXAS CITY,LOCTUGAN,CALLE CERVANTES,*FROM JUNCTION OF BRGY .PARIAN TO LOCTUGAN CEMETERY,CR,Commercial - Regular,6210.0
raw,"RDO No. 72 - Roxas City, Capiz is composed of the following City and Munic",025-2021,"October 31, 2021",3RD,:   CAPIZ,ROXAS CITY,LOCTUGAN,CALLE PARIAN,*FROM BGRY.BDRY LINE OF BAGO -LOCTUGAN TO BRGY LINE OF LOCTUGAN ADLAWAN,RR,Residential - Regular,2480.0
raw,"RDO No. 72 - Roxas City, Capiz is composed of the following City and Munic",025-2021,"October 31, 2021",3RD,:   CAPIZ,ROXAS CITY,LOCTUGAN,CALLE PARIAN,*FROM BGRY.BDRY LINE OF BAGO -LOCTUGAN TO BRGY LINE OF LOCTUGAN ADLAWAN,CR,Commercial - Regular,5520.0
raw,"RDO No. 72 - Roxas City, Capiz is composed of the following City and Munic",,,2ND,:   CAPIZ,ROXAS CITY,LOCTUGAN,CALLE PARIAN,,RR,Residential - Regular,1400.0
raw,"RDO No. 72 - Roxas City, Capiz is composed of the following City and Munic",,,2ND,:   CAPIZ,ROXAS CITY,LOCTUGAN,CALLE PARIAN,,CR,Commercial - Regular,3000.0
raw,"RDO No. 72 - Roxas City, Capiz is composed of the following City and Munic",025-2021,"October 31, 2021",3RD,:   CAPIZ,ROXAS CITY,LOCTUGAN,CALLE SAN ROQUE,*FROM JUNCTION OF SUBD.ROAD TO EGDE TO PANAY RIVER,RR,Residential - Regular,2480.0
raw,"RDO No. 72 - Roxas City, Capiz is composed of the following City and Munic",025-2021,"October 31, 2021",3RD,:   CAPIZ,ROXAS CITY,LOCTUGAN,CALLE SAN ROQUE,*FROM JUNCTION OF SUBD.ROAD TO EGDE TO PANAY RIVER,CR,Commercial - Regular,6210.0
raw,"RDO No. 72 - Roxas City, Capiz is composed of the following City and Munic",,,2ND,:   CAPIZ,ROXAS CITY,LOCTUGAN,CALLE SAN ROQUE,,RR,Residential - Regular,1400.0
raw,"RDO No. 72 - Roxas City, Capiz is composed of the following City and Munic",,,2ND,:   CAPIZ,ROXAS CITY,LOCTUGAN,CALLE SAN ROQUE,,CR,Commercial - Regular,3650.0
raw,"RDO No. 72 - Roxas City, Capiz is composed of the following City and Munic",025-2021,"October 31, 2021",3RD,:   CAPIZ,ROXAS CITY,LOCTUGAN,CALLE STA. ROSA,*FROM BRGY.BDRY LINE OF BRGY.LANOT TO EDGE OF PANAY RIVER,RR,Residential - Regular,2480.0
raw,"RDO No. 72 - Roxas City, Capiz is composed of the following City and Munic",025-2021,"October 31, 2021",3RD,:   CAPIZ,ROXAS CITY,LOCTUGAN,CALLE STA. ROSA,*FROM BRGY.BDRY LINE OF BRGY.LANOT TO EDGE OF PANAY RIVER,CR,Commercial - Regular,5600.0
raw,"RDO No. 72 - Roxas City, Capiz is composed of the following City and Munic",,,2ND,:   CAPIZ,ROXAS CITY,LOCTUGAN,CALLE STA. ROSA,,RR,Residential - Regular,1400.0
raw,"RDO No. 72 - Roxas City, Capiz is composed of the following City and Munic",,,2ND,:   CAPIZ,ROXAS CITY,LOCTUGAN,CALLE STA. ROSA,,CR,Commercial - Regular,3075.0
raw,"RDO No. 72 - Roxas City, Capiz is composed of the following City and Munic",025-2021,"October 31, 2021",3RD,:   CAPIZ,ROXAS CITY,LOCTUGAN,INTERIOR ROAD,*FROM JUNCTION OF BRGY .PARIAN TO LOCTUGAN CEMETERY,RR,Residential - Regular,1950.0
raw,"RDO No. 72 - Roxas City, Capiz is composed of the following City and Munic",025-2021,"October 31, 2021",3RD,:   CAPIZ,ROXAS CITY,LOCTUGAN,INTERIOR ROAD,*FROM JUNCTION OF BRGY .PARIAN TO LOCTUGAN CEMETERY,CR,Commercial - Regular,6210.0
raw,"RDO No. 72 - Roxas City, Capiz is composed of the following City and Munic",,,2ND,:   CAPIZ,ROXAS CITY,LOCTUGAN,INTERIOR ROAD,,RR,Residential - Regular,900.0
raw,"RDO No. 72 - Roxas City, Capiz is composed of the following City and Munic",,,2ND,:   CAPIZ,ROXAS CITY,LOCTUGAN,INTERIOR ROAD,,CR,Commercial - Regular,3650.0
raw,"RDO No. 72 - Roxas City, Capiz is composed of the following City and Munic",025-2021,"October 31, 2021",3RD,:   CAPIZ,ROXAS CITY,LONOY,ALL OTHER STREETS,INTERIOR LOTS,I,Industrial,5520.0
raw,"RDO No. 72 - Roxas City, Capiz is composed of the following City and Munic",025-2021,"October 31, 2021",3RD,:   CAPIZ,ROXAS CITY,LONOY,ALL OTHER STREETS,INTERIOR LOTS,X,Special / Other,4460.0
raw,"RDO No. 72 - Roxas City, Capiz is composed of the following City and Munic",025-2021,"October 31, 2021",3RD,:   CAPIZ,ROXAS CITY,LONOY,ALL OTHER STREETS,INTERIOR LOTS,RR,Residential - Regular,1850.0
raw,"RDO No. 72 - Roxas City, Capiz is composed of the following City and Munic",025-2021,"October 31, 2021",3RD,:   CAPIZ,ROXAS CITY,LONOY,ALL OTHER STREETS,INTERIOR LOTS,GP,General Purpose,1350.0
raw,"RDO No. 72 - Roxas City, Capiz is composed of the following City and Munic",025-2021,"October 31, 2021",3RD,:   CAPIZ,ROXAS CITY,LONOY,ALL OTHER STREETS,INTERIOR LOTS,A2,Agricultural - A2,40.0
raw,"RDO No. 72 - Roxas City, Capiz is composed of the following City and Munic",025-2021,"October 31, 2021",3RD,:   CAPIZ,ROXAS CITY,LONOY,ALL OTHER STREETS,INTERIOR LOTS,A6,Agricultural - A6,95.0
raw,"RDO No. 72 - Roxas City, Capiz is composed of the following City and Munic",025-2021,"October 31, 2021",3RD,:   CAPIZ,ROXAS CITY,LONOY,ALL OTHER STREETS,INTERIOR LOTS,A17,Agricultural - A17,80.0
raw,"RDO No. 72 - Roxas City, Capiz is composed of the following City and Munic",025-2021,"October 31, 2021",3RD,:   CAPIZ,ROXAS CITY,LONOY,ALL OTHER STREETS,INTERIOR LOTS,A49,Agricultural - A49,24.0
raw,"RDO No. 72 - Roxas City, Capiz is composed of the following City and Munic",025-2021,"October 31, 2021",3RD,:   CAPIZ,ROXAS CITY,LONOY,ALL OTHER STREETS,INTERIOR LOTS,A50,Agricultural - A50,24.0
raw,"RDO No. 72 - Roxas City, Capiz is composed of the following City and Munic",,,2ND,:   CAPIZ,ROXAS CITY,LONOY,ALL OTHER STREETS,INTERIOR LOTS,I,Industrial,3000.0
raw,"RDO No. 72 - Roxas City, Capiz is composed of the following City and Munic",,,2ND,:   CAPIZ,ROXAS CITY,LONOY,ALL OTHER STREETS,INTERIOR LOTS,X,Special / Other,2000.0
raw,"RDO No. 72 - Roxas City, Capiz is composed of the following City and Munic",,,2ND,:   CAPIZ,ROXAS CITY,LONOY,ALL OTHER STREETS,INTERIOR LOTS,RR,Residential - Regular,800.0
raw,"RDO No. 72 - Roxas City, Capiz is composed of the following City and Munic",,,2ND,:   CAPIZ,ROXAS CITY,LONOY,ALL OTHER STREETS,INTERIOR LOTS,GP,General Purpose,650.0
raw,"RDO No. 72 - Roxas City, Capiz is composed of the following City and Munic",,,2ND,:   CAPIZ,ROXAS CITY,LONOY,ALL OTHER STREETS,INTERIOR LOTS,A2,Agricultural - A2,25.0
raw,"RDO No. 72 - Roxas City, Capiz is composed of the following City and Munic",,,2ND,:   CAPIZ,ROXAS CITY,LONOY,ALL OTHER STREETS,INTERIOR LOTS,A6,Agricultural - A6,60.0
raw,"RDO No. 72 - Roxas City, Capiz is composed of the following City and Munic",,,2ND,:   CAPIZ,ROXAS CITY,LONOY,ALL OTHER STREETS,INTERIOR LOTS,A17,Agricultural - A17,50.0
raw,"RDO No. 72 - Roxas City, Capiz is composed of the following City and Munic",,,2ND,:   CAPIZ,ROXAS CITY,LONOY,ALL OTHER STREETS,INTERIOR LOTS,A49,Agricultural - A49,15.0
raw,"RDO No. 72 - Roxas City, Capiz is composed of the following City and Munic",,,2ND,:   CAPIZ,ROXAS CITY,LONOY,ALL OTHER STREETS,INTERIOR LOTS,A50,Agricultural - A50,15.0
raw,"RDO No. 72 - Roxas City, Capiz is composed of the following City and Munic",025-2021,"October 31, 2021",3RD,:   CAPIZ,ROXAS CITY,LONOY,CABUGAO-LONOY-IVISAN ROAD,,RR,Residential - Regular,2430.0
raw,"RDO No. 72 - Roxas City, Capiz is composed of the following City and Munic",025-2021,"October 31, 2021",3RD,:   CAPIZ,ROXAS CITY,LONOY,CABUGAO-LONOY-IVISAN ROAD,,CR,Commercial - Regular,5390.0
raw,"RDO No. 72 - Roxas City, Capiz is composed of the following City and Munic",025-2021,"October 31, 2021",3RD,:   CAPIZ,ROXAS CITY,LONOY,CABUGAO-LONOY-IVISAN ROAD,,X,Special / Other,4460.0
raw,"RDO No. 72 - Roxas City, Capiz is composed of the following City and Munic",,,2ND,:   CAPIZ,ROXAS CITY,LONOY,CABUGAO-LONOY-IVISAN ROAD,,RR,Residential - Regular,1350.0
raw,"RDO No. 72 - Roxas City, Capiz is composed of the following City and Munic",,,2ND,:   CAPIZ,ROXAS CITY,LONOY,CABUGAO-LONOY-IVISAN ROAD,,CR,Commercial - Regular,2880.0
raw,"RDO No. 72 - Roxas City, Capiz is composed of the following City and Munic",025-2021,"October 31, 2021",3RD,:   CAPIZ,ROXAS CITY,LONOY,LONOY-CABUGAO ROAD,,RR,Residential - Regular,1930.0
raw,"RDO No. 72 - Roxas City, Capiz is composed of the following City and Munic",025-2021,"October 31, 2021",3RD,:   CAPIZ,ROXAS CITY,LONOY,LONOY-CABUGAO ROAD,,CR,Commercial - Regular,5200.0
raw,"RDO No. 72 - Roxas City, Capiz is composed of the following City and Munic",025-2021,"October 31, 2021",3RD,:   CAPIZ,ROXAS CITY,LONOY,LONOY-CABUGAO ROAD,INTERIOR LOTS,RR,Residential - Regular,2060.0
raw,"RDO No. 72 - Roxas City, Capiz is composed of the following City and Munic",025-2021,"October 31, 2021",3RD,:   CAPIZ,ROXAS CITY,LONOY,LONOY-CABUGAO ROAD,INTERIOR LOTS,CR,Commercial - Regular,5140.0
raw,"RDO No. 72 - Roxas City, Capiz is composed of the following City and Munic",,,2ND,:   CAPIZ,ROXAS CITY,LONOY,LONOY-CABUGAO ROAD,,RR,Residential - Regular,1200.0
raw,"RDO No. 72 - Roxas City, Capiz is composed of the following City and Munic",,,2ND,:   CAPIZ,ROXAS CITY,LONOY,LONOY-CABUGAO ROAD,,CR,Commercial - Regular,2700.0
raw,"RDO No. 72 - Roxas City, Capiz is composed of the following City and Munic",,,2ND,:   CAPIZ,ROXAS CITY,LONOY,LONOY-CABUGAO ROAD,INTERIOR LOTS,RR,Residential - Regular,997.0
raw,"RDO No. 72 - Roxas City, Capiz is composed of the following City and Munic",,,2ND,:   CAPIZ,ROXAS CITY,LONOY,LONOY-CABUGAO ROAD,INTERIOR LOTS,CR,Commercial - Regular,2640.0
raw,"RDO No. 72 - Roxas City, Capiz is composed of the following City and Munic",025-2021,"October 31, 2021",3RD,:   CAPIZ,ROXAS CITY,LONOY,LONOY-SAN JOSE ROAD,,RR,Residential - Regular,1850.0
raw,"RDO No. 72 - Roxas City, Capiz is composed of the following City and Munic",025-2021,"October 31, 2021",3RD,:   CAPIZ,ROXAS CITY,LONOY,LONOY-SAN JOSE ROAD,,CR,Commercial - Regular,5200.0
raw,"RDO No. 72 - Roxas City, Capiz is composed of the following City and Munic",,,2ND,:   CAPIZ,ROXAS CITY,LONOY,LONOY-SAN JOSE ROAD,,RR,Residential - Regular,800.0
raw,"RDO No. 72 - Roxas City, Capiz is composed of the following City and Munic",,,2ND,:   CAPIZ,ROXAS CITY,LONOY,LONOY-SAN JOSE ROAD,,CR,Commercial - Regular,2700.0
raw,"RDO No. 72 - Roxas City, Capiz is composed of the following City and Munic",025-2021,"October 31, 2021",3RD,:   CAPIZ,ROXAS CITY,MILIBILI,*CYYSTA HEIGHTS SUBDIVISION,INTERIOR  LOTS,RR,Residential - Regular,3240.0
raw,"RDO No. 72 - Roxas City, Capiz is composed of the following City and Munic",025-2021,"October 31, 2021",3RD,:   CAPIZ,ROXAS CITY,MILIBILI,"*MERRYVILLE (URBAN POOR,MILIBILI)",INTERIOR  LOTS,RR,Residential - Regular,3240.0
raw,"RDO No. 72 - Roxas City, Capiz is composed of the following City and Munic",025-2021,"October 31, 2021",3RD,:   CAPIZ,ROXAS CITY,MILIBILI,*MILIBILI HEIGHTS (SIMPLE SUB),INTERIOR  LOTS,RR,Residential - Regular,3240.0
raw,"RDO No. 72 - Roxas City, Capiz is composed of the following City and Munic",025-2021,"October 31, 2021",3RD,:   CAPIZ,ROXAS CITY,MILIBILI,*MISSION HILLS SUBD,INTERIOR  LOTS,RR,Residential - Regular,3570.0
raw,"RDO No. 72 - Roxas City, Capiz is composed of the following City and Munic",025-2021,"October 31, 2021",3RD,:   CAPIZ,ROXAS CITY,MILIBILI,*OUR LADY OF GUADALUPE HOA/INC. SUBDIVISION,INTERIOR  LOTS,RR,Residential - Regular,3240.0
raw,"RDO No. 72 - Roxas City, Capiz is composed of the following City and Munic",025-2021,"October 31, 2021",3RD,:   CAPIZ,ROXAS CITY,MILIBILI,*SITIO FATIMA,,RR,Residential - Regular,3240.0
raw,"RDO No. 72 - Roxas City, Capiz is composed of the following City and Munic",025-2021,"October 31, 2021",3RD,:   CAPIZ,ROXAS CITY,MILIBILI,*SITIO FATIMA,,CR,Commercial - Regular,7050.0
raw,"RDO No. 72 - Roxas City, Capiz is composed of the following City and Munic",025-2021,"October 31, 2021",3RD,:   CAPIZ,ROXAS CITY,MILIBILI,*ZUMIGA STREET,,RR,Residential - Regular,3240.0
raw,"RDO No. 72 - Roxas City, Capiz is composed of the following City and Munic",025-2021,"October 31, 2021",3RD,:   CAPIZ,ROXAS CITY,MILIBILI,ALL OTHER STREETS,,I,Industrial,6770.0
raw,"RDO No. 72 - Roxas City, Capiz is composed of the following City and Munic",025-2021,"October 31, 2021",3RD,:   CAPIZ,ROXAS CITY,MILIBILI,ALL OTHER STREETS,,X,Special / Other,5330.0
raw,"RDO No. 72 - Roxas City, Capiz is composed of the following City and Munic",025-2021,"October 31, 2021",3RD,:   CAPIZ,ROXAS CITY,MILIBILI,ALL OTHER STREETS,INTERIOR  LOTS,RR,Residential - Regular,2080.0
raw,"RDO No. 72 - Roxas City, Capiz is composed of the following City and Munic",025-2021,"October 31, 2021",3RD,:   CAPIZ,ROXAS CITY,MILIBILI,ALL OTHER STREETS,INTERIOR  LOTS,GP,General Purpose,1780.0
raw,"RDO No. 72 - Roxas City, Capiz is composed of the following City and Munic",025-2021,"October 31, 2021",3RD,:   CAPIZ,ROXAS CITY,MILIBILI,ALL OTHER STREETS,INTERIOR  LOTS,A49,Agricultural - A49,30.0
raw,"RDO No. 72 - Roxas City, Capiz is composed of the following City and Munic",025-2021,"October 31, 2021",3RD,:   CAPIZ,ROXAS CITY,MILIBILI,ALL OTHER STREETS,INTERIOR  LOTS,A50,Agricultural - A50,30.0
raw,"RDO No. 72 - Roxas City, Capiz is composed of the following City and Munic",,,2ND,:   CAPIZ,ROXAS CITY,MILIBILI,ALL OTHER STREETS,,I,Industrial,2962.5
raw,"RDO No. 72 - Roxas City, Capiz is composed of the following City and Munic",,,2ND,:   CAPIZ,ROXAS CITY,MILIBILI,ALL OTHER STREETS,,X,Special / Other,2000.0
raw,"RDO No. 72 - Roxas City, Capiz is composed of the following City and Munic",,,2ND,:   CAPIZ,ROXAS CITY,MILIBILI,ALL OTHER STREETS,INTERIOR  LOTS,RR,Residential - Regular,950.0
raw,"RDO No. 72 - Roxas City, Capiz is composed of the following City and Munic",,,2ND,:   CAPIZ,ROXAS CITY,MILIBILI,ALL OTHER STREETS,INTERIOR  LOTS,GP,General Purpose,750.0
raw,"RDO No. 72 - Roxas City, Capiz is composed of the following City and Munic",,,2ND,:   CAPIZ,ROXAS CITY,MILIBILI,ALL OTHER STREETS,INTERIOR  LOTS,A6,Agricultural - A6,60.0
raw,"RDO No. 72 - Roxas City, Capiz is composed of the following City and Munic",,,2ND,:   CAPIZ,ROXAS CITY,MILIBILI,ALL OTHER STREETS,INTERIOR  LOTS,A17,Agricultural - A17,50.0
raw,"RDO No. 72 - Roxas City, Capiz is composed of the following City and Munic",,,2ND,:   CAPIZ,ROXAS CITY,MILIBILI,ALL OTHER STREETS,INTERIOR  LOTS,A49,Agricultural - A49,15.0
raw,"RDO No. 72 - Roxas City, Capiz is composed of the following City and Munic",,,2ND,:   CAPIZ,ROXAS CITY,MILIBILI,ALL OTHER STREETS,INTERIOR  LOTS,A50,Agricultural - A50,15.0
raw,"RDO No. 72 - Roxas City, Capiz is composed of the following City and Munic",025-2021,"October 31, 2021",3RD,:   CAPIZ,ROXAS CITY,MILIBILI,INTERIOR ROADS,,RR,Residential - Regular,3170.0
raw,"RDO No. 72 - Roxas City, Capiz is composed of the following City and Munic",025-2021,"October 31, 2021",3RD,:   CAPIZ,ROXAS CITY,MILIBILI,INTERIOR ROADS,,CR,Commercial - Regular,7420.0
raw,"RDO No. 72 - Roxas City, Capiz is composed of the following City and Munic",,,2ND,:   CAPIZ,ROXAS CITY,MILIBILI,INTERIOR ROADS,,RR,Residential - Regular,1450.0
raw,"RDO No. 72 - Roxas City, Capiz is composed of the following City and Munic",,,2ND,:   CAPIZ,ROXAS CITY,MILIBILI,INTERIOR ROADS,,CR,Commercial - Regular,3400.0
raw,"RDO No. 72 - Roxas City, Capiz is composed of the following City and Munic",025-2021,"October 31, 2021",3RD,:   CAPIZ,ROXAS CITY,MILIBILI,TIZA-MILIBILI-BATO-BOLO-LAWA-AN,,RR,Residential - Regular,3240.0
raw,"RDO No. 72 - Roxas City, Capiz is composed of the following City and Munic",025-2021,"October 31, 2021",3RD,:   CAPIZ,ROXAS CITY,MILIBILI,TIZA-MILIBILI-BATO-BOLO-LAWA-AN,,CR,Commercial - Regular,7050.0
raw,"RDO No. 72 - Roxas City, Capiz is composed of the following City and Munic",,,2ND,:   CAPIZ,ROXAS CITY,MILIBILI,TIZA-MILIBILI-BATO-BOLO-LAWA-AN,,RR,Residential - Regular,1500.0
raw,"RDO No. 72 - Roxas City, Capiz is composed of the following City and Munic",,,2ND,:   CAPIZ,ROXAS CITY,MILIBILI,TIZA-MILIBILI-BATO-BOLO-LAWA-AN,,CR,Commercial - Regular,3150.0
raw,"RDO No. 72 - Roxas City, Capiz is composed of the following City and Munic",025-2021,"October 31, 2021",3RD,:   CAPIZ,ROXAS CITY,MONGPONG,*LA FRONTERA SUBD,,RR,Residential - Regular,3290.0
raw,"RDO No. 72 - Roxas City, Capiz is composed of the following City and Munic",025-2021,"October 31, 2021",3RD,:   CAPIZ,ROXAS CITY,MONGPONG,*OKWOOD SUBD,,RR,Residential - Regular,3290.0
raw,"RDO No. 72 - Roxas City, Capiz is composed of the following City and Munic",025-2021,"October 31, 2021",3RD,:   CAPIZ,ROXAS CITY,MONGPONG,ALL OTHER STREETS,,I,Industrial,5250.0
raw,"RDO No. 72 - Roxas City, Capiz is composed of the following City and Munic",025-2021,"October 31, 2021",3RD,:   CAPIZ,ROXAS CITY,MONGPONG,ALL OTHER STREETS,,X,Special / Other,3590.0
raw,"RDO No. 72 - Roxas City, Capiz is composed of the following City and Munic",025-2021,"October 31, 2021",3RD,:   CAPIZ,ROXAS CITY,MONGPONG,ALL OTHER STREETS,INTERIOR LOTS,RR,Residential - Regular,2270.0
raw,"RDO No. 72 - Roxas City, Capiz is composed of the following City and Munic",025-2021,"October 31, 2021",3RD,:   CAPIZ,ROXAS CITY,MONGPONG,ALL OTHER STREETS,INTERIOR LOTS,GP,General Purpose,1000.0
raw,"RDO No. 72 - Roxas City, Capiz is composed of the following City and Munic",025-2021,"October 31, 2021",3RD,:   CAPIZ,ROXAS CITY,MONGPONG,ALL OTHER STREETS,INTERIOR LOTS,A6,Agricultural - A6,50.0
raw,"RDO No. 72 - Roxas City, Capiz is composed of the following City and Munic",025-2021,"October 31, 2021",3RD,:   CAPIZ,ROXAS CITY,MONGPONG,ALL OTHER STREETS,INTERIOR LOTS,A50,Agricultural - A50,15.0
raw,"RDO No. 72 - Roxas City, Capiz is composed of the following City and Munic",,,2ND,:   CAPIZ,ROXAS CITY,MONGPONG,ALL OTHER STREETS,,I,Industrial,2850.0
raw,"RDO No. 72 - Roxas City, Capiz is composed of the following City and Munic",,,2ND,:   CAPIZ,ROXAS CITY,MONGPONG,ALL OTHER STREETS,,X,Special / Other,2000.0
raw,"RDO No. 72 - Roxas City, Capiz is composed of the following City and Munic",,,2ND,:   CAPIZ,ROXAS CITY,MONGPONG,ALL OTHER STREETS,INTERIOR LOTS,RR,Residential - Regular,850.0
raw,"RDO No. 72 - Roxas City, Capiz is composed of the following City and Munic",,,2ND,:   CAPIZ,ROXAS CITY,MONGPONG,ALL OTHER STREETS,INTERIOR LOTS,GP,General Purpose,650.0
raw,"RDO No. 72 - Roxas City, Capiz is composed of the following City and Munic",,,2ND,:   CAPIZ,ROXAS CITY,MONGPONG,ALL OTHER STREETS,INTERIOR LOTS,A6,Agricultural - A6,50.0
raw,"RDO No. 72 - Roxas City, Capiz is composed of the following City and Munic",,,2ND,:   CAPIZ,ROXAS CITY,MONGPONG,ALL OTHER STREETS,INTERIOR LOTS,A17,Agricultural - A17,30.0
raw,"RDO No. 72 - Roxas City, Capiz is composed of the following City and Munic",,,2ND,:   CAPIZ,ROXAS CITY,MONGPONG,ALL OTHER STREETS,INTERIOR LOTS,A50,Agricultural - A50,15.0
raw,"RDO No. 72 - Roxas City, Capiz is composed of the following City and Munic",025-2021,"October 31, 2021",3RD,:   CAPIZ,ROXAS CITY,MONGPONG,BANICA-MONGPONG ROAD,,RR,Residential - Regular,3090.0
raw,"RDO No. 72 - Roxas City, Capiz is composed of the following City and Munic",025-2021,"October 31, 2021",3RD,:   CAPIZ,ROXAS CITY,MONGPONG,BANICA-MONGPONG ROAD,,CR,Commercial - Regular,6700.0
raw,"RDO No. 72 - Roxas City, Capiz is composed of the following City and Munic",,,2ND,:   CAPIZ,ROXAS CITY,MONGPONG,BANICA-MONGPONG ROAD,,RR,Residential - Regular,1300.0
raw,"RDO No. 72 - Roxas City, Capiz is composed of the following City and Munic",,,2ND,:   CAPIZ,ROXAS CITY,MONGPONG,BANICA-MONGPONG ROAD,,CR,Commercial - Regular,3000.0
raw,"RDO No. 72 - Roxas City, Capiz is composed of the following City and Munic",025-2021,"October 31, 2021",3RD,:   CAPIZ,ROXAS CITY,MONGPONG,BANICA-MONGPONG-CULAJAO ROAD,,RR,Residential - Regular,2890.0
raw,"RDO No. 72 - Roxas City, Capiz is composed of the following City and Munic",025-2021,"October 31, 2021",3RD,:   CAPIZ,ROXAS CITY,MONGPONG,BANICA-MONGPONG-CULAJAO ROAD,,CR,Commercial - Regular,6700.0
raw,"RDO No. 72 - Roxas City, Capiz is composed of the following City and Munic",,,2ND,:   CAPIZ,ROXAS CITY,MONGPONG,BANICA-MONGPONG-CULAJAO ROAD,,RR,Residential - Regular,1300.0
raw,"RDO No. 72 - Roxas City, Capiz is composed of the following City and Munic",,,2ND,:   CAPIZ,ROXAS CITY,MONGPONG,BANICA-MONGPONG-CULAJAO ROAD,,CR,Commercial - Regular,3000.0
raw,"RDO No. 72 - Roxas City, Capiz is composed of the following City and Munic",025-2021,"October 31, 2021",3RD,:   CAPIZ,ROXAS CITY,MONGPONG,MONGPONG-GABU-AN ROAD,,RR,Residential - Regular,2890.0
raw,"RDO No. 72 - Roxas City, Capiz is composed of the following City and Munic",025-2021,"October 31, 2021",3RD,:   CAPIZ,ROXAS CITY,MONGPONG,MONGPONG-GABU-AN ROAD,,CR,Commercial - Regular,6700.0
raw,"RDO No. 72 - Roxas City, Capiz is composed of the following City and Munic",,,2ND,:   CAPIZ,ROXAS CITY,MONGPONG,MONGPONG-GABU-AN ROAD,,RR,Residential - Regular,1300.0
raw,"RDO No. 72 - Roxas City, Capiz is composed of the following City and Munic",,,2ND,:   CAPIZ,ROXAS CITY,MONGPONG,MONGPONG-GABU-AN ROAD,,CR,Commercial - Regular,3000.0
raw,"RDO No. 72 - Roxas City, Capiz is composed of the following City and Munic",025-2021,"October 31, 2021",3RD,:   CAPIZ,ROXAS CITY,MONGPONG,MONGPONG-INZO ARNALDO VILLAGE,,RR,Residential - Regular,3090.0
raw,"RDO No. 72 - Roxas City, Capiz is composed of the following City and Munic",025-2021,"October 31, 2021",3RD,:   CAPIZ,ROXAS CITY,MONGPONG,MONGPONG-INZO ARNALDO VILLAGE,,CR,Commercial - Regular,7280.0
raw,"RDO No. 72 - Roxas City, Capiz is composed of the following City and Munic",,,2ND,:   CAPIZ,ROXAS CITY,MONGPONG,MONGPONG-INZO ARNALDO VILLAGE,,RR,Residential - Regular,1300.0
raw,"RDO No. 72 - Roxas City, Capiz is composed of the following City and Munic",,,2ND,:   CAPIZ,ROXAS CITY,MONGPONG,MONGPONG-INZO ARNALDO VILLAGE,,CR,Commercial - Regular,3400.0
raw,"RDO No. 72 - Roxas City, Capiz is composed of the following City and Munic",025-2021,"October 31, 2021",3RD,:   CAPIZ,ROXAS CITY,OLOTAYAN,ALL OTHER STREETS,,I,Industrial,3990.0
raw,"RDO No. 72 - Roxas City, Capiz is composed of the following City and Munic",025-2021,"October 31, 2021",3RD,:   CAPIZ,ROXAS CITY,OLOTAYAN,ALL OTHER STREETS,,X,Special / Other,3990.0
raw,"RDO No. 72 - Roxas City, Capiz is composed of the following City and Munic",025-2021,"October 31, 2021",3RD,:   CAPIZ,ROXAS CITY,OLOTAYAN,ALL OTHER STREETS,INTERIOR LOTS,RR,Residential - Regular,1400.0
raw,"RDO No. 72 - Roxas City, Capiz is composed of the following City and Munic",025-2021,"October 31, 2021",3RD,:   CAPIZ,ROXAS CITY,OLOTAYAN,ALL OTHER STREETS,INTERIOR LOTS,GP,General Purpose,1410.0
raw,"RDO No. 72 - Roxas City, Capiz is composed of the following City and Munic",025-2021,"October 31, 2021",3RD,:   CAPIZ,ROXAS CITY,OLOTAYAN,ALL OTHER STREETS,INTERIOR LOTS,A6,Agricultural - A6,110.0
raw,"RDO No. 72 - Roxas City, Capiz is composed of the following City and Munic",025-2021,"October 31, 2021",3RD,:   CAPIZ,ROXAS CITY,OLOTAYAN,ALL OTHER STREETS,INTERIOR LOTS,A17,Agricultural - A17,70.0
raw,"RDO No. 72 - Roxas City, Capiz is composed of the following City and Munic",025-2021,"October 31, 2021",3RD,:   CAPIZ,ROXAS CITY,OLOTAYAN,ALL OTHER STREETS,INTERIOR LOTS,A39,Agricultural - A39,1340.0
raw,"RDO No. 72 - Roxas City, Capiz is composed of the following City and Munic",025-2021,"October 31, 2021",3RD,:   CAPIZ,ROXAS CITY,OLOTAYAN,ALL OTHER STREETS,INTERIOR LOTS,A40,Agricultural - A40,1340.0
raw,"RDO No. 72 - Roxas City, Capiz is composed of the following City and Munic",025-2021,"October 31, 2021",3RD,:   CAPIZ,ROXAS CITY,OLOTAYAN,ALL OTHER STREETS,INTERIOR LOTS,A49,Agricultural - A49,48.0
raw,"RDO No. 72 - Roxas City, Capiz is composed of the following City and Munic",025-2021,"October 31, 2021",3RD,:   CAPIZ,ROXAS CITY,OLOTAYAN,ALL OTHER STREETS,INTERIOR LOTS,A50,Agricultural - A50,30.0
raw,"RDO No. 72 - Roxas City, Capiz is composed of the following City and Munic",,,2ND,:   CAPIZ,ROXAS CITY,OLOTAYAN,ALL OTHER STREETS,,I,Industrial,2000.0
raw,"RDO No. 72 - Roxas City, Capiz is composed of the following City and Munic",,,2ND,:   CAPIZ,ROXAS CITY,OLOTAYAN,ALL OTHER STREETS,,X,Special / Other,2000.0
raw,"RDO No. 72 - Roxas City, Capiz is composed of the following City and Munic",,,2ND,:   CAPIZ,ROXAS CITY,OLOTAYAN,ALL OTHER STREETS,INTERIOR LOTS,RR,Residential - Regular,490.0
raw,"RDO No. 72 - Roxas City, Capiz is composed of the following City and Munic",,,2ND,:   CAPIZ,ROXAS CITY,OLOTAYAN,ALL OTHER STREETS,INTERIOR LOTS,GP,General Purpose,500.0
raw,"RDO No. 72 - Roxas City, Capiz is composed of the following City and Munic",,,2ND,:   CAPIZ,ROXAS CITY,OLOTAYAN,ALL OTHER STREETS,INTERIOR LOTS,A6,Agricultural - A6,50.0
raw,"RDO No. 72 - Roxas City, Capiz is composed of the following City and Munic",,,2ND,:   CAPIZ,ROXAS CITY,OLOTAYAN,ALL OTHER STREETS,INTERIOR LOTS,A17,Agricultural - A17,30.0
raw,"RDO No. 72 - Roxas City, Capiz is composed of the following City and Munic",,,2ND,:   CAPIZ,ROXAS CITY,OLOTAYAN,ALL OTHER STREETS,INTERIOR LOTS,A40,Agricultural - A40,450.0
raw,"RDO No. 72 - Roxas City, Capiz is composed of the following City and Munic",,,2ND,:   CAPIZ,ROXAS CITY,OLOTAYAN,ALL OTHER STREETS,INTERIOR LOTS,A50,Agricultural - A50,15.0
raw,"RDO No. 72 - Roxas City, Capiz is composed of the following City and Munic",025-2021,"October 31, 2021",3RD,:   CAPIZ,ROXAS CITY,OLOTAYAN,FOOT WALK (NO ROAD NETWORKS SYSTEM),,RR,Residential - Regular,1530.0
raw,"RDO No. 72 - Roxas City, Capiz is composed of the following City and Munic",025-2021,"October 31, 2021",3RD,:   CAPIZ,ROXAS CITY,OLOTAYAN,FOOT WALK (NO ROAD NETWORKS SYSTEM),,CR,Commercial - Regular,4400.0
raw,"RDO No. 72 - Roxas City, Capiz is composed of the following City and Munic",,,2ND,:   CAPIZ,ROXAS CITY,OLOTAYAN,FOOT WALK (NO ROAD NETWORKS SYSTEM),,RR,Residential - Regular,580.0
raw,"RDO No. 72 - Roxas City, Capiz is composed of the following City and Munic",,,2ND,:   CAPIZ,ROXAS CITY,OLOTAYAN,FOOT WALK (NO ROAD NETWORKS SYSTEM),,CR,Commercial - Regular,2500.0
raw,"RDO No. 72 - Roxas City, Capiz is composed of the following City and Munic",025-2021,"October 31, 2021",3RD,:   CAPIZ,ROXAS CITY,PTA. COGON,*COGON -PTA.COGON ROAD,,RR,Residential - Regular,2410.0
raw,"RDO No. 72 - Roxas City, Capiz is composed of the following City and Munic",025-2021,"October 31, 2021",3RD,:   CAPIZ,ROXAS CITY,PTA. COGON,*COGON -PTA.COGON ROAD,,CR,Commercial - Regular,6500.0
raw,"RDO No. 72 - Roxas City, Capiz is composed of the following City and Munic",025-2021,"October 31, 2021",3RD,:   CAPIZ,ROXAS CITY,PTA. COGON,ALL OTHER STREETS,,I,Industrial,2430.0
raw,"RDO No. 72 - Roxas City, Capiz is composed of the following City and Munic",025-2021,"October 31, 2021",3RD,:   CAPIZ,ROXAS CITY,PTA. COGON,ALL OTHER STREETS,,X,Special / Other,3400.0
raw,"RDO No. 72 - Roxas City, Capiz is composed of the following City and Munic",025-2021,"October 31, 2021",3RD,:   CAPIZ,ROXAS CITY,PTA. COGON,ALL OTHER STREETS,,RR,Residential - Regular,2496.0
raw,"RDO No. 72 - Roxas City, Capiz is composed of the following City and Munic",025-2021,"October 31, 2021",3RD,:   CAPIZ,ROXAS CITY,PTA. COGON,ALL OTHER STREETS,,CR,Commercial - Regular,6500.0
raw,"RDO No. 72 - Roxas City, Capiz is composed of the following City and Munic",025-2021,"October 31, 2021",3RD,:   CAPIZ,ROXAS CITY,PTA. COGON,ALL OTHER STREETS,,GP,General Purpose,3160.0
raw,"RDO No. 72 - Roxas City, Capiz is composed of the following City and Munic",025-2021,"October 31, 2021",3RD,:   CAPIZ,ROXAS CITY,PTA. COGON,ALL OTHER STREETS,,A,Agricultural,60.0
raw,"RDO No. 72 - Roxas City, Capiz is composed of the following City and Munic",025-2021,"October 31, 2021",3RD,:   CAPIZ,ROXAS CITY,PTA. COGON,ALL OTHER STREETS,,A6,Agricultural - A6,54.0
raw,"RDO No. 72 - Roxas City, Capiz is composed of the following City and Munic",025-2021,"October 31, 2021",3RD,:   CAPIZ,ROXAS CITY,PTA. COGON,ALL OTHER STREETS,,A17,Agricultural - A17,40.0
raw,"RDO No. 72 - Roxas City, Capiz is composed of the following City and Munic",025-2021,"October 31, 2021",3RD,:   CAPIZ,ROXAS CITY,PTA. COGON,ALL OTHER STREETS,INTERIOR LOTS,RR,Residential - Regular,1510.0
raw,"RDO No. 72 - Roxas City, Capiz is composed of the following City and Munic",,,2ND,:   CAPIZ,ROXAS CITY,PTA. COGON,ALL OTHER STREETS,,I,Industrial,50.0
raw,"RDO No. 72 - Roxas City, Capiz is composed of the following City and Munic",,,2ND,:   CAPIZ,ROXAS CITY,PTA. COGON,ALL OTHER STREETS,,X,Special / Other,30.0
raw,"RDO No. 72 - Roxas City, Capiz is composed of the following City and Munic",,,2ND,:   CAPIZ,ROXAS CITY,PTA. COGON,ALL OTHER STREETS,,RR,Residential - Regular,3000.0
raw,"RDO No. 72 - Roxas City, Capiz is composed of the following City and Munic",,,2ND,:   CAPIZ,ROXAS CITY,PTA. COGON,ALL OTHER STREETS,,GP,General Purpose,5000.0
raw,"RDO No. 72 - Roxas City, Capiz is composed of the following City and Munic",,,2ND,:   CAPIZ,ROXAS CITY,PTA. COGON,ALL OTHER STREETS,,A17,Agricultural - A17,15.0
raw,"RDO No. 72 - Roxas City, Capiz is composed of the following City and Munic",,,2ND,:   CAPIZ,ROXAS CITY,PTA. COGON,ALL OTHER STREETS,INTERIOR LOTS,RR,Residential - Regular,580.0
raw,"RDO No. 72 - Roxas City, Capiz is composed of the following City and Munic",,,2ND,:   CAPIZ,ROXAS CITY,PTA. COGON,ALL OTHER STREETS,INTERIOR LOTS,CR,Commercial - Regular,700.0
raw,"RDO No. 72 - Roxas City, Capiz is composed of the following City and Munic",025-2021,"October 31, 2021",3RD,:   CAPIZ,ROXAS CITY,PTA. COGON,BANICA-TANZA PANAY ROAD,,RR,Residential - Regular,2500.0
raw,"RDO No. 72 - Roxas City, Capiz is composed of the following City and Munic",025-2021,"October 31, 2021",3RD,:   CAPIZ,ROXAS CITY,PTA. COGON,BANICA-TANZA PANAY ROAD,,CR,Commercial - Regular,6500.0
raw,"RDO No. 72 - Roxas City, Capiz is composed of the following City and Munic",,,2ND,:   CAPIZ,ROXAS CITY,PTA. COGON,BANICA-TANZA PANAY ROAD,,RR,Residential - Regular,1200.0
raw,"RDO No. 72 - Roxas City, Capiz is composed of the following City and Munic",,,2ND,:   CAPIZ,ROXAS CITY,PTA. COGON,BANICA-TANZA PANAY ROAD,,CR,Commercial - Regular,2850.0
raw,"RDO No. 72 - Roxas City, Capiz is composed of the following City and Munic",025-2021,"October 31, 2021",3RD,:   CAPIZ,ROXAS CITY,PTA. COGON,INTERIOR ROAD,,RR,Residential - Regular,2500.0
raw,"RDO No. 72 - Roxas City, Capiz is composed of the following City and Munic",025-2021,"October 31, 2021",3RD,:   CAPIZ,ROXAS CITY,PTA. COGON,INTERIOR ROAD,,CR,Commercial - Regular,6500.0
raw,"RDO No. 72 - Roxas City, Capiz is composed of the following City and Munic",,,2ND,:   CAPIZ,ROXAS CITY,PTA. COGON,INTERIOR ROAD,,RR,Residential - Regular,3000.0
raw,"RDO No. 72 - Roxas City, Capiz is composed of the following City and Munic",,,2ND,:   CAPIZ,ROXAS CITY,PTA. COGON,INTERIOR ROAD,,CR,Commercial - Regular,2000.0
raw,"RDO No. 72 - Roxas City, Capiz is composed of the following City and Munic",025-2021,"October 31, 2021",3RD,:   CAPIZ,ROXAS CITY,PTA. TABUC,*HERMANOS SUBDIVISION,INTERIOR LOTS,RR,Residential - Regular,5220.0
raw,"RDO No. 72 - Roxas City, Capiz is composed of the following City and Munic",025-2021,"October 31, 2021",3RD,:   CAPIZ,ROXAS CITY,PTA. TABUC,*SITIO CANARY,INTERIOR LOTS,RR,Residential - Regular,5220.0
raw,"RDO No. 72 - Roxas City, Capiz is composed of the following City and Munic",025-2021,"October 31, 2021",3RD,:   CAPIZ,ROXAS CITY,PTA. TABUC,*SITIO IPIL-IPIL,INTERIOR LOTS,RR,Residential - Regular,5220.0
raw,"RDO No. 72 - Roxas City, Capiz is composed of the following City and Munic",025-2021,"October 31, 2021",3RD,:   CAPIZ,ROXAS CITY,PTA. TABUC,*VILLA ALEGRIA SUBDIVISION,INTERIOR LOTS,RR,Residential - Regular,5220.0
raw,"RDO No. 72 - Roxas City, Capiz is composed of the following City and Munic",025-2021,"October 31, 2021",3RD,:   CAPIZ,ROXAS CITY,PTA. TABUC,ALL OTHER STREETS,,X,Special / Other,9880.0
raw,"RDO No. 72 - Roxas City, Capiz is composed of the following City and Munic",025-2021,"October 31, 2021",3RD,:   CAPIZ,ROXAS CITY,PTA. TABUC,ALL OTHER STREETS,INTERIOR LOTS,RR,Residential - Regular,3710.0
raw,"RDO No. 72 - Roxas City, Capiz is composed of the following City and Munic",025-2021,"October 31, 2021",3RD,:   CAPIZ,ROXAS CITY,PTA. TABUC,ALL OTHER STREETS,INTERIOR LOTS,GP,General Purpose,2480.0
raw,"RDO No. 72 - Roxas City, Capiz is composed of the following City and Munic",025-2021,"October 31, 2021",3RD,:   CAPIZ,ROXAS CITY,PTA. TABUC,ALL OTHER STREETS,INTERIOR LOTS,A6,Agricultural - A6,153.0
raw,"RDO No. 72 - Roxas City, Capiz is composed of the following City and Munic",025-2021,"October 31, 2021",3RD,:   CAPIZ,ROXAS CITY,PTA. TABUC,ALL OTHER STREETS,INTERIOR LOTS,A17,Agricultural - A17,92.0
raw,"RDO No. 72 - Roxas City, Capiz is composed of the following City and Munic",025-2021,"October 31, 2021",3RD,:   CAPIZ,ROXAS CITY,PTA. TABUC,ALL OTHER STREETS,INTERIOR LOTS,A50,Agricultural - A50,46.0
raw,"RDO No. 72 - Roxas City, Capiz is composed of the following City and Munic",,,2ND,:   CAPIZ,ROXAS CITY,PTA. TABUC,ALL OTHER STREETS,,X,Special / Other,3000.0
raw,"RDO No. 72 - Roxas City, Capiz is composed of the following City and Munic",,,2ND,:   CAPIZ,ROXAS CITY,PTA. TABUC,ALL OTHER STREETS,INTERIOR LOTS,RR,Residential - Regular,1000.0
raw,"RDO No. 72 - Roxas City, Capiz is composed of the following City and Munic",,,2ND,:   CAPIZ,ROXAS CITY,PTA. TABUC,ALL OTHER STREETS,INTERIOR LOTS,GP,General Purpose,725.0
raw,"RDO No. 72 - Roxas City, Capiz is composed of the following City and Munic",,,2ND,:   CAPIZ,ROXAS CITY,PTA. TABUC,ALL OTHER STREETS,INTERIOR LOTS,A6,Agricultural - A6,50.0
raw,"RDO No. 72 - Roxas City, Capiz is composed of the following City and Munic",,,2ND,:   CAPIZ,ROXAS CITY,PTA. TABUC,ALL OTHER STREETS,INTERIOR LOTS,A17,Agricultural - A17,30.0
raw,"RDO No. 72 - Roxas City, Capiz is composed of the following City and Munic",,,2ND,:   CAPIZ,ROXAS CITY,PTA. TABUC,ALL OTHER STREETS,INTERIOR LOTS,A50,Agricultural - A50,15.0
raw,"RDO No. 72 - Roxas City, Capiz is composed of the following City and Munic",025-2021,"October 31, 2021",3RD,:   CAPIZ,ROXAS CITY,PTA. TABUC,BRGY ROAD GOING TO BRGY HALL,,RR,Residential - Regular,4140.0
raw,"RDO No. 72 - Roxas City, Capiz is composed of the following City and Munic",025-2021,"October 31, 2021",3RD,:   CAPIZ,ROXAS CITY,PTA. TABUC,BRGY ROAD GOING TO BRGY HALL,,CR,Commercial - Regular,10640.0
raw,"RDO No. 72 - Roxas City, Capiz is composed of the following City and Munic",,,2ND,:   CAPIZ,ROXAS CITY,PTA. TABUC,BRGY ROAD GOING TO BRGY HALL,,RR,Residential - Regular,1250.0
raw,"RDO No. 72 - Roxas City, Capiz is composed of the following City and Munic",,,2ND,:   CAPIZ,ROXAS CITY,PTA. TABUC,BRGY ROAD GOING TO BRGY HALL,,CR,Commercial - Regular,3300.0
raw,"RDO No. 72 - Roxas City, Capiz is composed of the following City and Munic",025-2021,"October 31, 2021",3RD,:   CAPIZ,ROXAS CITY,PTA. TABUC,CALIPAYAN ROAD,,RR,Residential - Regular,4340.0
raw,"RDO No. 72 - Roxas City, Capiz is composed of the following City and Munic",025-2021,"October 31, 2021",3RD,:   CAPIZ,ROXAS CITY,PTA. TABUC,CALIPAYAN ROAD,,CR,Commercial - Regular,12850.0
raw,"RDO No. 72 - Roxas City, Capiz is composed of the following City and Munic",,,2ND,:   CAPIZ,ROXAS CITY,PTA. TABUC,CALIPAYAN ROAD,,RR,Residential - Regular,1250.0
raw,"RDO No. 72 - Roxas City, Capiz is composed of the following City and Munic",,,2ND,:   CAPIZ,ROXAS CITY,PTA. TABUC,CALIPAYAN ROAD,,CR,Commercial - Regular,4180.0
raw,"RDO No. 72 - Roxas City, Capiz is composed of the following City and Munic",025-2021,"October 31, 2021",3RD,:   CAPIZ,ROXAS CITY,PTA. TABUC,PTA TABUC-CAGAY ROAD,,RR,Residential - Regular,5350.0
raw,"RDO No. 72 - Roxas City, Capiz is composed of the following City and Munic",025-2021,"October 31, 2021",3RD,:   CAPIZ,ROXAS CITY,PTA. TABUC,PTA TABUC-CAGAY ROAD,,CR,Commercial - Regular,11410.0
raw,"RDO No. 72 - Roxas City, Capiz is composed of the following City and Munic",,,2ND,:   CAPIZ,ROXAS CITY,PTA. TABUC,PTA TABUC-CAGAY ROAD,,RR,Residential - Regular,1600.0
raw,"RDO No. 72 - Roxas City, Capiz is composed of the following City and Munic",,,2ND,:   CAPIZ,ROXAS CITY,PTA. TABUC,PTA TABUC-CAGAY ROAD,,CR,Commercial - Regular,3450.0
raw,"RDO No. 72 - Roxas City, Capiz is composed of the following City and Munic",025-2021,"October 31, 2021",3RD,:   CAPIZ,ROXAS CITY,SAN JOSE,ALL OTHER STREETS,,I,Industrial,5520.0
raw,"RDO No. 72 - Roxas City, Capiz is composed of the following City and Munic",025-2021,"October 31, 2021",3RD,:   CAPIZ,ROXAS CITY,SAN JOSE,ALL OTHER STREETS,,X,Special / Other,4460.0
raw,"RDO No. 72 - Roxas City, Capiz is composed of the following City and Munic",025-2021,"October 31, 2021",3RD,:   CAPIZ,ROXAS CITY,SAN JOSE,ALL OTHER STREETS,INTERIOR LOTS,RR,Residential - Regular,1590.0
raw,"RDO No. 72 - Roxas City, Capiz is composed of the following City and Munic",025-2021,"October 31, 2021",3RD,:   CAPIZ,ROXAS CITY,SAN JOSE,ALL OTHER STREETS,INTERIOR LOTS,GP,General Purpose,1380.0
raw,"RDO No. 72 - Roxas City, Capiz is composed of the following City and Munic",025-2021,"October 31, 2021",3RD,:   CAPIZ,ROXAS CITY,SAN JOSE,ALL OTHER STREETS,INTERIOR LOTS,A2,Agricultural - A2,40.0
raw,"RDO No. 72 - Roxas City, Capiz is composed of the following City and Munic",025-2021,"October 31, 2021",3RD,:   CAPIZ,ROXAS CITY,SAN JOSE,ALL OTHER STREETS,INTERIOR LOTS,A6,Agricultural - A6,80.0
raw,"RDO No. 72 - Roxas City, Capiz is composed of the following City and Munic",025-2021,"October 31, 2021",3RD,:   CAPIZ,ROXAS CITY,SAN JOSE,ALL OTHER STREETS,INTERIOR LOTS,A17,Agricultural - A17,50.0
raw,"RDO No. 72 - Roxas City, Capiz is composed of the following City and Munic",025-2021,"October 31, 2021",3RD,:   CAPIZ,ROXAS CITY,SAN JOSE,ALL OTHER STREETS,INTERIOR LOTS,A50,Agricultural - A50,24.0
raw,"RDO No. 72 - Roxas City, Capiz is composed of the following City and Munic",,,2ND,:   CAPIZ,ROXAS CITY,SAN JOSE,ALL OTHER STREETS,,I,Industrial,3000.0
raw,"RDO No. 72 - Roxas City, Capiz is composed of the following City and Munic",,,2ND,:   CAPIZ,ROXAS CITY,SAN JOSE,ALL OTHER STREETS,,X,Special / Other,2000.0
raw,"RDO No. 72 - Roxas City, Capiz is composed of the following City and Munic",,,2ND,:   CAPIZ,ROXAS CITY,SAN JOSE,ALL OTHER STREETS,INTERIOR LOTS,RR,Residential - Regular,880.0
raw,"RDO No. 72 - Roxas City, Capiz is composed of the following City and Munic",,,2ND,:   CAPIZ,ROXAS CITY,SAN JOSE,ALL OTHER STREETS,INTERIOR LOTS,GP,General Purpose,675.0
raw,"RDO No. 72 - Roxas City, Capiz is composed of the following City and Munic",,,2ND,:   CAPIZ,ROXAS CITY,SAN JOSE,ALL OTHER STREETS,INTERIOR LOTS,A2,Agricultural - A2,25.0
raw,"RDO No. 72 - Roxas City, Capiz is composed of the following City and Munic",,,2ND,:   CAPIZ,ROXAS CITY,SAN JOSE,ALL OTHER STREETS,INTERIOR LOTS,A6,Agricultural - A6,50.0
raw,"RDO No. 72 - Roxas City, Capiz is composed of the following City and Munic",,,2ND,:   CAPIZ,ROXAS CITY,SAN JOSE,ALL OTHER STREETS,INTERIOR LOTS,A17,Agricultural - A17,30.0
raw,"RDO No. 72 - Roxas City, Capiz is composed of the following City and Munic",,,2ND,:   CAPIZ,ROXAS CITY,SAN JOSE,ALL OTHER STREETS,INTERIOR LOTS,A50,Agricultural - A50,15.0
raw,"RDO No. 72 - Roxas City, Capiz is composed of the following City and Munic",025-2021,"October 31, 2021",3RD,:   CAPIZ,ROXAS CITY,SAN JOSE,CABUGAO-SAN JOSE ROAD,,RR,Residential - Regular,1930.0
raw,"RDO No. 72 - Roxas City, Capiz is composed of the following City and Munic",025-2021,"October 31, 2021",3RD,:   CAPIZ,ROXAS CITY,SAN JOSE,CABUGAO-SAN JOSE ROAD,,CR,Commercial - Regular,5360.0
raw,"RDO No. 72 - Roxas City, Capiz is composed of the following City and Munic",,,2ND,:   CAPIZ,ROXAS CITY,SAN JOSE,CABUGAO-SAN JOSE ROAD,,RR,Residential - Regular,1200.0
raw,"RDO No. 72 - Roxas City, Capiz is composed of the following City and Munic",,,2ND,:   CAPIZ,ROXAS CITY,SAN JOSE,CABUGAO-SAN JOSE ROAD,,CR,Commercial - Regular,2850.0
raw,"RDO No. 72 - Roxas City, Capiz is composed of the following City and Munic",025-2021,"October 31, 2021",3RD,:   CAPIZ,ROXAS CITY,SAN JOSE,JUMAGUICJUIC-SAN JOSE ROAD,,RR,Residential - Regular,1930.0
raw,"RDO No. 72 - Roxas City, Capiz is composed of the following City and Munic",025-2021,"October 31, 2021",3RD,:   CAPIZ,ROXAS CITY,SAN JOSE,JUMAGUICJUIC-SAN JOSE ROAD,,CR,Commercial - Regular,5360.0
raw,"RDO No. 72 - Roxas City, Capiz is composed of the following City and Munic",,,2ND,:   CAPIZ,ROXAS CITY,SAN JOSE,JUMAGUICJUIC-SAN JOSE ROAD,,RR,Residential - Regular,1200.0
raw,"RDO No. 72 - Roxas City, Capiz is composed of the following City and Munic",,,2ND,:   CAPIZ,ROXAS CITY,SAN JOSE,JUMAGUICJUIC-SAN JOSE ROAD,,CR,Commercial - Regular,2850.0
raw,"RDO No. 72 - Roxas City, Capiz is composed of the following City and Munic",025-2021,"October 31, 2021",3RD,:   CAPIZ,ROXAS CITY,SIBAGUAN,*CAMELLA CAPIZ-BP12220,INTERIOR LOTS,RR,Residential - Regular,4080.0
raw,"RDO No. 72 - Roxas City, Capiz is composed of the following City and Munic",025-2021,"October 31, 2021",3RD,:   CAPIZ,ROXAS CITY,SIBAGUAN,*CAMELLA CAPIZ-PD957,INTERIOR LOTS,RR,Residential - Regular,4080.0
raw,"RDO No. 72 - Roxas City, Capiz is composed of the following City and Munic",025-2021,"October 31, 2021",3RD,:   CAPIZ,ROXAS CITY,SIBAGUAN,"*HAPPY HOME 2 RESIDENTIAL, SIBAGUAN",,RR,Residential - Regular,3830.0
raw,"RDO No. 72 - Roxas City, Capiz is composed of the following City and Munic",025-2021,"October 31, 2021",3RD,:   CAPIZ,ROXAS CITY,SIBAGUAN,"*HAPPY HOMES 1 RESIDENTIAL, SIBAGUAN",,RR,Residential - Regular,3830.0
raw,"RDO No. 72 - Roxas City, Capiz is composed of the following City and Munic",025-2021,"October 31, 2021",3RD,:   CAPIZ,ROXAS CITY,SIBAGUAN,*HAPPY HOMES COMMERCIAL,INTERIOR LOTS,CR,Commercial - Regular,5180.0
raw,"RDO No. 72 - Roxas City, Capiz is composed of the following City and Munic",025-2021,"October 31, 2021",3RD,:   CAPIZ,ROXAS CITY,SIBAGUAN,"*HAPPY HOMES COMMERCIAL, SIBAGUAN",,CR,Commercial - Regular,5750.0
raw,"RDO No. 72 - Roxas City, Capiz is composed of the following City and Munic",025-2021,"October 31, 2021",3RD,:   CAPIZ,ROXAS CITY,SIBAGUAN,*LESSANDRA CAPIZ -BP220,INTERIOR LOTS,RR,Residential - Regular,3830.0
raw,"RDO No. 72 - Roxas City, Capiz is composed of the following City and Munic",025-2021,"October 31, 2021",3RD,:   CAPIZ,ROXAS CITY,SIBAGUAN,*PUEBLO DE PANAY,INTERIOR LOTS,RR,Residential - Regular,4080.0
raw,"RDO No. 72 - Roxas City, Capiz is composed of the following City and Munic",025-2021,"October 31, 2021",3RD,:   CAPIZ,ROXAS CITY,SIBAGUAN,*PUEBLO DE PANAY,INTERIOR LOTS,CR,Commercial - Regular,7590.0
raw,"RDO No. 72 - Roxas City, Capiz is composed of the following City and Munic",025-2021,"October 31, 2021",3RD,:   CAPIZ,ROXAS CITY,SIBAGUAN,ALL OTHER STREETS,,I,Industrial,7070.0
raw,"RDO No. 72 - Roxas City, Capiz is composed of the following City and Munic",025-2021,"October 31, 2021",3RD,:   CAPIZ,ROXAS CITY,SIBAGUAN,ALL OTHER STREETS,,X,Special / Other,6120.0
raw,"RDO No. 72 - Roxas City, Capiz is composed of the following City and Munic",025-2021,"October 31, 2021",3RD,:   CAPIZ,ROXAS CITY,SIBAGUAN,ALL OTHER STREETS,INTERIOR LOTS,RR,Residential - Regular,2170.0
raw,"RDO No. 72 - Roxas City, Capiz is composed of the following City and Munic",025-2021,"October 31, 2021",3RD,:   CAPIZ,ROXAS CITY,SIBAGUAN,ALL OTHER STREETS,INTERIOR LOTS,GP,General Purpose,1830.0
raw,"RDO No. 72 - Roxas City, Capiz is composed of the following City and Munic",025-2021,"October 31, 2021",3RD,:   CAPIZ,ROXAS CITY,SIBAGUAN,ALL OTHER STREETS,INTERIOR LOTS,A6,Agricultural - A6,130.0
raw,"RDO No. 72 - Roxas City, Capiz is composed of the following City and Munic",025-2021,"October 31, 2021",3RD,:   CAPIZ,ROXAS CITY,SIBAGUAN,ALL OTHER STREETS,INTERIOR LOTS,A17,Agricultural - A17,73.0
raw,"RDO No. 72 - Roxas City, Capiz is composed of the following City and Munic",025-2021,"October 31, 2021",3RD,:   CAPIZ,ROXAS CITY,SIBAGUAN,ALL OTHER STREETS,INTERIOR LOTS,A50,Agricultural - A50,36.0
raw,"RDO No. 72 - Roxas City, Capiz is composed of the following City and Munic",,,2ND,:   CAPIZ,ROXAS CITY,SIBAGUAN,ALL OTHER STREETS,,I,Industrial,2500.0
raw,"RDO No. 72 - Roxas City, Capiz is composed of the following City and Munic",,,2ND,:   CAPIZ,ROXAS CITY,SIBAGUAN,ALL OTHER STREETS,,X,Special / Other,2000.0
raw,"RDO No. 72 - Roxas City, Capiz is composed of the following City and Munic",,,2ND,:   CAPIZ,ROXAS CITY,SIBAGUAN,ALL OTHER STREETS,INTERIOR LOTS,RR,Residential - Regular,620.0
raw,"RDO No. 72 - Roxas City, Capiz is composed of the following City and Munic",,,2ND,:   CAPIZ,ROXAS CITY,SIBAGUAN,ALL OTHER STREETS,INTERIOR LOTS,GP,General Purpose,620.0
raw,"RDO No. 72 - Roxas City, Capiz is composed of the following City and Munic",,,2ND,:   CAPIZ,ROXAS CITY,SIBAGUAN,ALL OTHER STREETS,INTERIOR LOTS,A6,Agricultural - A6,50.0
raw,"RDO No. 72 - Roxas City, Capiz is composed of the following City and Munic",,,2ND,:   CAPIZ,ROXAS CITY,SIBAGUAN,ALL OTHER STREETS,INTERIOR LOTS,A17,Agricultural - A17,30.0
raw,"RDO No. 72 - Roxas City, Capiz is composed of the following City and Munic",,,2ND,:   CAPIZ,ROXAS CITY,SIBAGUAN,ALL OTHER STREETS,INTERIOR LOTS,A50,Agricultural - A50,15.0
raw,"RDO No. 72 - Roxas City, Capiz is composed of the following City and Munic",025-2021,"October 31, 2021",3RD,:   CAPIZ,ROXAS CITY,SIBAGUAN,DINGINAN-SABAGUAN-BALIJUAGAN ROAD,,RR,Residential - Regular,3830.0
raw,"RDO No. 72 - Roxas City, Capiz is composed of the following City and Munic",025-2021,"October 31, 2021",3RD,:   CAPIZ,ROXAS CITY,SIBAGUAN,DINGINAN-SABAGUAN-BALIJUAGAN ROAD,,CR,Commercial - Regular,8990.0
raw,"RDO No. 72 - Roxas City, Capiz is composed of the following City and Munic",,,2ND,:   CAPIZ,ROXAS CITY,SIBAGUAN,DINGINAN-SABAGUAN-BALIJUAGAN ROAD,,RR,Residential - Regular,1500.0
raw,"RDO No. 72 - Roxas City, Capiz is composed of the following City and Munic",,,2ND,:   CAPIZ,ROXAS CITY,SIBAGUAN,DINGINAN-SABAGUAN-BALIJUAGAN ROAD,,CR,Commercial - Regular,3520.0
raw,"RDO No. 72 - Roxas City, Capiz is composed of the following City and Munic",025-2021,"October 31, 2021",3RD,:   CAPIZ,ROXAS CITY,SIBAGUAN,SIBAGUAN BRGY ROAD,,RR,Residential - Regular,3360.0
raw,"RDO No. 72 - Roxas City, Capiz is composed of the following City and Munic",025-2021,"October 31, 2021",3RD,:   CAPIZ,ROXAS CITY,SIBAGUAN,SIBAGUAN BRGY ROAD,,CR,Commercial - Regular,7440.0
raw,"RDO No. 72 - Roxas City, Capiz is composed of the following City and Munic",,,2ND,:   CAPIZ,ROXAS CITY,SIBAGUAN,SIBAGUAN BRGY ROAD,,RR,Residential - Regular,1400.0
raw,"RDO No. 72 - Roxas City, Capiz is composed of the following City and Munic",,,2ND,:   CAPIZ,ROXAS CITY,SIBAGUAN,SIBAGUAN BRGY ROAD,,CR,Commercial - Regular,2700.0
raw,"RDO No. 72 - Roxas City, Capiz is composed of the following City and Munic",025-2021,"October 31, 2021",3RD,:   CAPIZ,ROXAS CITY,TALON,ALL OTHER STREETS,INTERIOR LOTS,CR,Commercial - Regular,6200.0
raw,"RDO No. 72 - Roxas City, Capiz is composed of the following City and Munic",025-2021,"October 31, 2021",3RD,:   CAPIZ,ROXAS CITY,TALON,ALL OTHER STREETS,INTERIOR LOTS,RR,Residential - Regular,1840.0
raw,"RDO No. 72 - Roxas City, Capiz is composed of the following City and Munic",025-2021,"October 31, 2021",3RD,:   CAPIZ,ROXAS CITY,TALON,ALL OTHER STREETS,INTERIOR LOTS,GP,General Purpose,1840.0
raw,"RDO No. 72 - Roxas City, Capiz is composed of the following City and Munic",025-2021,"October 31, 2021",3RD,:   CAPIZ,ROXAS CITY,TALON,ALL OTHER STREETS,INTERIOR LOTS,A3,Agricultural - A3,150.0
raw,"RDO No. 72 - Roxas City, Capiz is composed of the following City and Munic",025-2021,"October 31, 2021",3RD,:   CAPIZ,ROXAS CITY,TALON,ALL OTHER STREETS,INTERIOR LOTS,A6,Agricultural - A6,95.0
raw,"RDO No. 72 - Roxas City, Capiz is composed of the following City and Munic",025-2021,"October 31, 2021",3RD,:   CAPIZ,ROXAS CITY,TALON,ALL OTHER STREETS,INTERIOR LOTS,A12,Agricultural - A12,150.0
raw,"RDO No. 72 - Roxas City, Capiz is composed of the following City and Munic",025-2021,"October 31, 2021",3RD,:   CAPIZ,ROXAS CITY,TALON,ALL OTHER STREETS,INTERIOR LOTS,A17,Agricultural - A17,57.0
raw,"RDO No. 72 - Roxas City, Capiz is composed of the following City and Munic",025-2021,"October 31, 2021",3RD,:   CAPIZ,ROXAS CITY,TALON,ALL OTHER STREETS,INTERIOR LOTS,A23,Agricultural - A23,150.0
raw,"RDO No. 72 - Roxas City, Capiz is composed of the following City and Munic",025-2021,"October 31, 2021",3RD,:   CAPIZ,ROXAS CITY,TALON,ALL OTHER STREETS,INTERIOR LOTS,A39,Agricultural - A39,4200.0
raw,"RDO No. 72 - Roxas City, Capiz is composed of the following City and Munic",025-2021,"October 31, 2021",3RD,:   CAPIZ,ROXAS CITY,TALON,ALL OTHER STREETS,INTERIOR LOTS,A40,Agricultural - A40,7000.0
raw,"RDO No. 72 - Roxas City, Capiz is composed of the following City and Munic",025-2021,"October 31, 2021",3RD,:   CAPIZ,ROXAS CITY,TALON,ALL OTHER STREETS,INTERIOR LOTS,A50,Agricultural - A50,30.0
raw,"RDO No. 72 - Roxas City, Capiz is composed of the following City and Munic",,,2ND,:   CAPIZ,ROXAS CITY,TALON,ALL OTHER STREETS,,I,Industrial,2200.0
raw,"RDO No. 72 - Roxas City, Capiz is composed of the following City and Munic",,,2ND,:   CAPIZ,ROXAS CITY,TALON,ALL OTHER STREETS,,X,Special / Other,2000.0
raw,"RDO No. 72 - Roxas City, Capiz is composed of the following City and Munic",,,2ND,:   CAPIZ,ROXAS CITY,TALON,ALL OTHER STREETS,INTERIOR LOTS,RR,Residential - Regular,870.0
raw,"RDO No. 72 - Roxas City, Capiz is composed of the following City and Munic",,,2ND,:   CAPIZ,ROXAS CITY,TALON,ALL OTHER STREETS,INTERIOR LOTS,GP,General Purpose,975.0
raw,"RDO No. 72 - Roxas City, Capiz is composed of the following City and Munic",,,2ND,:   CAPIZ,ROXAS CITY,TALON,ALL OTHER STREETS,INTERIOR LOTS,A6,Agricultural - A6,50.0
raw,"RDO No. 72 - Roxas City, Capiz is composed of the following City and Munic",,,2ND,:   CAPIZ,ROXAS CITY,TALON,ALL OTHER STREETS,INTERIOR LOTS,A17,Agricultural - A17,30.0
raw,"RDO No. 72 - Roxas City, Capiz is composed of the following City and Munic",,,2ND,:   CAPIZ,ROXAS CITY,TALON,ALL OTHER STREETS,INTERIOR LOTS,A39,Agricultural - A39,3000.0
raw,"RDO No. 72 - Roxas City, Capiz is composed of the following City and Munic",,,2ND,:   CAPIZ,ROXAS CITY,TALON,ALL OTHER STREETS,INTERIOR LOTS,A40,Agricultural - A40,5000.0
raw,"RDO No. 72 - Roxas City, Capiz is composed of the following City and Munic",,,2ND,:   CAPIZ,ROXAS CITY,TALON,ALL OTHER STREETS,INTERIOR LOTS,A50,Agricultural - A50,15.0
raw,"RDO No. 72 - Roxas City, Capiz is composed of the following City and Munic",025-2021,"October 31, 2021",3RD,:   CAPIZ,ROXAS CITY,TALON,BALIJUAGAN-TALON ROAD,,RR,Residential - Regular,2220.0
raw,"RDO No. 72 - Roxas City, Capiz is composed of the following City and Munic",025-2021,"October 31, 2021",3RD,:   CAPIZ,ROXAS CITY,TALON,BALIJUAGAN-TALON ROAD,,CR,Commercial - Regular,6200.0
raw,"RDO No. 72 - Roxas City, Capiz is composed of the following City and Munic",,,2ND,:   CAPIZ,ROXAS CITY,TALON,BALIJUAGAN-TALON ROAD,,RR,Residential - Regular,1150.0
raw,"RDO No. 72 - Roxas City, Capiz is composed of the following City and Munic",,,2ND,:   CAPIZ,ROXAS CITY,TALON,BALIJUAGAN-TALON ROAD,,CR,Commercial - Regular,2850.0
raw,"RDO No. 72 - Roxas City, Capiz is composed of the following City and Munic",025-2021,"October 31, 2021",3RD,:   CAPIZ,ROXAS CITY,TALON,INTERIOR ROAD,,RR,Residential - Regular,2220.0
raw,"RDO No. 72 - Roxas City, Capiz is composed of the following City and Munic",025-2021,"October 31, 2021",3RD,:   CAPIZ,ROXAS CITY,TALON,INTERIOR ROAD,,CR,Commercial - Regular,6130.0
raw,"RDO No. 72 - Roxas City, Capiz is composed of the following City and Munic",025-2021,"October 31, 2021",3RD,:   CAPIZ,ROXAS CITY,TALON,INTERIOR ROAD,,I,Industrial,5320.0
raw,"RDO No. 72 - Roxas City, Capiz is composed of the following City and Munic",025-2021,"October 31, 2021",3RD,:   CAPIZ,ROXAS CITY,TALON,INTERIOR ROAD,,X,Special / Other,5050.0
raw,"RDO No. 72 - Roxas City, Capiz is composed of the following City and Munic",,,2ND,:   CAPIZ,ROXAS CITY,TALON,INTERIOR ROAD,,RR,Residential - Regular,1150.0
raw,"RDO No. 72 - Roxas City, Capiz is composed of the following City and Munic",,,2ND,:   CAPIZ,ROXAS CITY,TALON,INTERIOR ROAD,,CR,Commercial - Regular,2800.0
raw,"RDO No. 72 - Roxas City, Capiz is composed of the following City and Munic",025-2021,"October 31, 2021",3RD,:   CAPIZ,ROXAS CITY,TANQUE,*ST.FRANCIS VILLAGE SUBD,,RR,Residential - Regular,4420.0
raw,"RDO No. 72 - Roxas City, Capiz is composed of the following City and Munic",025-2021,"October 31, 2021",3RD,:   CAPIZ,ROXAS CITY,TANQUE,*ST.FRANCIS VILLAGE SUBD,,CR,Commercial - Regular,7770.0
raw,"RDO No. 72 - Roxas City, Capiz is composed of the following City and Munic",025-2021,"October 31, 2021",3RD,:   CAPIZ,ROXAS CITY,TANQUE,*WEST LAKE SUBD,,RR,Residential - Regular,4420.0
raw,"RDO No. 72 - Roxas City, Capiz is composed of the following City and Munic",025-2021,"October 31, 2021",3RD,:   CAPIZ,ROXAS CITY,TANQUE,*WEST LAKE SUBD,,CR,Commercial - Regular,7770.0
raw,"RDO No. 72 - Roxas City, Capiz is composed of the following City and Munic",025-2021,"October 31, 2021",3RD,:   CAPIZ,ROXAS CITY,TANQUE,ALL OTHER STREETS,,X,Special / Other,8940.0
raw,"RDO No. 72 - Roxas City, Capiz is composed of the following City and Munic",025-2021,"October 31, 2021",3RD,:   CAPIZ,ROXAS CITY,TANQUE,ALL OTHER STREETS,INTERIOR LOTS,RR,Residential - Regular,2760.0
raw,"RDO No. 72 - Roxas City, Capiz is composed of the following City and Munic",025-2021,"October 31, 2021",3RD,:   CAPIZ,ROXAS CITY,TANQUE,ALL OTHER STREETS,INTERIOR LOTS,GP,General Purpose,1800.0
raw,"RDO No. 72 - Roxas City, Capiz is composed of the following City and Munic",025-2021,"October 31, 2021",3RD,:   CAPIZ,ROXAS CITY,TANQUE,ALL OTHER STREETS,INTERIOR LOTS,A6,Agricultural - A6,92.0
raw,"RDO No. 72 - Roxas City, Capiz is composed of the following City and Munic",025-2021,"October 31, 2021",3RD,:   CAPIZ,ROXAS CITY,TANQUE,ALL OTHER STREETS,INTERIOR LOTS,A50,Agricultural - A50,27.0
raw,"RDO No. 72 - Roxas City, Capiz is composed of the following City and Munic",,,2ND,:   CAPIZ,ROXAS CITY,TANQUE,ALL OTHER STREETS,,X,Special / Other,4950.0
raw,"RDO No. 72 - Roxas City, Capiz is composed of the following City and Munic",,,2ND,:   CAPIZ,ROXAS CITY,TANQUE,ALL OTHER STREETS,INTERIOR LOTS,RR,Residential - Regular,1100.0
raw,"RDO No. 72 - Roxas City, Capiz is composed of the following City and Munic",,,2ND,:   CAPIZ,ROXAS CITY,TANQUE,ALL OTHER STREETS,INTERIOR LOTS,GP,General Purpose,875.0
raw,"RDO No. 72 - Roxas City, Capiz is composed of the following City and Munic",,,2ND,:   CAPIZ,ROXAS CITY,TANQUE,ALL OTHER STREETS,INTERIOR LOTS,A6,Agricultural - A6,50.0
raw,"RDO No. 72 - Roxas City, Capiz is composed of the following City and Munic",,,2ND,:   CAPIZ,ROXAS CITY,TANQUE,ALL OTHER STREETS,INTERIOR LOTS,A17,Agricultural - A17,30.0
raw,"RDO No. 72 - Roxas City, Capiz is composed of the following City and Munic",,,2ND,:   CAPIZ,ROXAS CITY,TANQUE,ALL OTHER STREETS,INTERIOR LOTS,A50,Agricultural - A50,15.0
raw,"RDO No. 72 - Roxas City, Capiz is composed of the following City and Munic",025-2021,"October 31, 2021",3RD,:   CAPIZ,ROXAS CITY,TANQUE,ARNALDO BOULEVARD,,RR,Residential - Regular,4570.0
raw,"RDO No. 72 - Roxas City, Capiz is composed of the following City and Munic",025-2021,"October 31, 2021",3RD,:   CAPIZ,ROXAS CITY,TANQUE,ARNALDO BOULEVARD,,CR,Commercial - Regular,9620.0
raw,"RDO No. 72 - Roxas City, Capiz is composed of the following City and Munic",,,2ND,:   CAPIZ,ROXAS CITY,TANQUE,ARNALDO BOULEVARD,,RR,Residential - Regular,2350.0
raw,"RDO No. 72 - Roxas City, Capiz is composed of the following City and Munic",,,2ND,:   CAPIZ,ROXAS CITY,TANQUE,ARNALDO BOULEVARD,,CR,Commercial - Regular,3575.0
raw,"RDO No. 72 - Roxas City, Capiz is composed of the following City and Munic",025-2021,"October 31, 2021",3RD,:   CAPIZ,ROXAS CITY,TANQUE,CAPRICHO II ESTENSION,,RR,Residential - Regular,3480.0
raw,"RDO No. 72 - Roxas City, Capiz is composed of the following City and Munic",025-2021,"October 31, 2021",3RD,:   CAPIZ,ROXAS CITY,TANQUE,CAPRICHO II ESTENSION,,CR,Commercial - Regular,7810.0
raw,"RDO No. 72 - Roxas City, Capiz is composed of the following City and Munic",,,2ND,:   CAPIZ,ROXAS CITY,TANQUE,CAPRICHO II ESTENSION,,RR,Residential - Regular,1750.0
raw,"RDO No. 72 - Roxas City, Capiz is composed of the following City and Munic",,,2ND,:   CAPIZ,ROXAS CITY,TANQUE,CAPRICHO II ESTENSION,,CR,Commercial - Regular,3900.0
raw,"RDO No. 72 - Roxas City, Capiz is composed of the following City and Munic",025-2021,"October 31, 2021",3RD,:   CAPIZ,ROXAS CITY,TANQUE,DEBONAIRE'S VILLAGE ROAD,,RR,Residential - Regular,3350.0
raw,"RDO No. 72 - Roxas City, Capiz is composed of the following City and Munic",025-2021,"October 31, 2021",3RD,:   CAPIZ,ROXAS CITY,TANQUE,DEBONAIRE'S VILLAGE ROAD,,CR,Commercial - Regular,7390.0
raw,"RDO No. 72 - Roxas City, Capiz is composed of the following City and Munic",,,2ND,:   CAPIZ,ROXAS CITY,TANQUE,DEBONAIRE'S VILLAGE ROAD,,RR,Residential - Regular,1650.0
raw,"RDO No. 72 - Roxas City, Capiz is composed of the following City and Munic",,,2ND,:   CAPIZ,ROXAS CITY,TANQUE,DEBONAIRE'S VILLAGE ROAD,,CR,Commercial - Regular,3600.0
raw,"RDO No. 72 - Roxas City, Capiz is composed of the following City and Munic",025-2021,"October 31, 2021",3RD,:   CAPIZ,ROXAS CITY,TANQUE,INTERIOR ROAD,,RR,Residential - Regular,3280.0
raw,"RDO No. 72 - Roxas City, Capiz is composed of the following City and Munic",025-2021,"October 31, 2021",3RD,:   CAPIZ,ROXAS CITY,TANQUE,INTERIOR ROAD,,CR,Commercial - Regular,7830.0
raw,"RDO No. 72 - Roxas City, Capiz is composed of the following City and Munic",,,2ND,:   CAPIZ,ROXAS CITY,TANQUE,INTERIOR ROAD,,RR,Residential - Regular,1500.0
raw,"RDO No. 72 - Roxas City, Capiz is composed of the following City and Munic",,,2ND,:   CAPIZ,ROXAS CITY,TANQUE,INTERIOR ROAD,,CR,Commercial - Regular,4210.0
raw,"RDO No. 72 - Roxas City, Capiz is composed of the following City and Munic",025-2021,"October 31, 2021",3RD,:   CAPIZ,ROXAS CITY,TANQUE,NORTHERN PORTIONOF BURGOS STREET,,RR,Residential - Regular,4100.0
raw,"RDO No. 72 - Roxas City, Capiz is composed of the following City and Munic",025-2021,"October 31, 2021",3RD,:   CAPIZ,ROXAS CITY,TANQUE,NORTHERN PORTIONOF BURGOS STREET,,CR,Commercial - Regular,7200.0
raw,"RDO No. 72 - Roxas City, Capiz is composed of the following City and Munic",,,2ND,:   CAPIZ,ROXAS CITY,TANQUE,NORTHERN PORTIONOF BURGOS STREET,,RR,Residential - Regular,2130.0
raw,"RDO No. 72 - Roxas City, Capiz is composed of the following City and Munic",,,2ND,:   CAPIZ,ROXAS CITY,TANQUE,NORTHERN PORTIONOF BURGOS STREET,,CR,Commercial - Regular,3460.0
raw,"RDO No. 72 - Roxas City, Capiz is composed of the following City and Munic",025-2021,"October 31, 2021",3RD,:   CAPIZ,ROXAS CITY,TANQUE,TANQUE ILAWOD STREET,,RR,Residential - Regular,3320.0
raw,"RDO No. 72 - Roxas City, Capiz is composed of the following City and Munic",025-2021,"October 31, 2021",3RD,:   CAPIZ,ROXAS CITY,TANQUE,TANQUE ILAWOD STREET,,CR,Commercial - Regular,7290.0
raw,"RDO No. 72 - Roxas City, Capiz is composed of the following City and Munic",,,2ND,:   CAPIZ,ROXAS CITY,TANQUE,TANQUE ILAWOD STREET,,RR,Residential - Regular,1625.0
raw,"RDO No. 72 - Roxas City, Capiz is composed of the following City and Munic",,,2ND,:   CAPIZ,ROXAS CITY,TANQUE,TANQUE ILAWOD STREET,,CR,Commercial - Regular,3525.0
raw,"RDO No. 72 - Roxas City, Capiz is composed of the following City and Munic",025-2021,"October 31, 2021",3RD,:   CAPIZ,ROXAS CITY,TANQUE,TANQUE ILAYA STREET,,RR,Residential - Regular,3480.0
raw,"RDO No. 72 - Roxas City, Capiz is composed of the following City and Munic",025-2021,"October 31, 2021",3RD,:   CAPIZ,ROXAS CITY,TANQUE,TANQUE ILAYA STREET,,CR,Commercial - Regular,7810.0
raw,"RDO No. 72 - Roxas City, Capiz is composed of the following City and Munic",,,2ND,:   CAPIZ,ROXAS CITY,TANQUE,TANQUE ILAYA STREET,,RR,Residential - Regular,1750.0
raw,"RDO No. 72 - Roxas City, Capiz is composed of the following City and Munic",,,2ND,:   CAPIZ,ROXAS CITY,TANQUE,TANQUE ILAYA STREET,,CR,Commercial - Regular,3900.0
raw,"RDO No. 72 - Roxas City, Capiz is composed of the following City and Munic",025-2021,"October 31, 2021",3RD,:   CAPIZ,ROXAS CITY,TANZA,ALL OTHER STREETS,,I,Industrial,4380.0
raw,"RDO No. 72 - Roxas City, Capiz is composed of the following City and Munic",025-2021,"October 31, 2021",3RD,:   CAPIZ,ROXAS CITY,TANZA,ALL OTHER STREETS,,X,Special / Other,4050.0
raw,"RDO No. 72 - Roxas City, Capiz is composed of the following City and Munic",025-2021,"October 31, 2021",3RD,:   CAPIZ,ROXAS CITY,TANZA,ALL OTHER STREETS,,RR,Residential - Regular,2010.0
raw,"RDO No. 72 - Roxas City, Capiz is composed of the following City and Munic",025-2021,"October 31, 2021",3RD,:   CAPIZ,ROXAS CITY,TANZA,ALL OTHER STREETS,,CR,Commercial - Regular,5210.0
raw,"RDO No. 72 - Roxas City, Capiz is composed of the following City and Munic",025-2021,"October 31, 2021",3RD,:   CAPIZ,ROXAS CITY,TANZA,ALL OTHER STREETS,,GP,General Purpose,1220.0
raw,"RDO No. 72 - Roxas City, Capiz is composed of the following City and Munic",025-2021,"October 31, 2021",3RD,:   CAPIZ,ROXAS CITY,TANZA,ALL OTHER STREETS,,A50,Agricultural - A50,90.0
raw,"RDO No. 72 - Roxas City, Capiz is composed of the following City and Munic",025-2021,"October 31, 2021",3RD,:   CAPIZ,ROXAS CITY,TANZA,ALL OTHER STREETS,,A6,Agricultural - A6,26.0
raw,"RDO No. 72 - Roxas City, Capiz is composed of the following City and Munic",025-2021,"October 31, 2021",3RD,:   CAPIZ,ROXAS CITY,TANZA,ALL OTHER STREETS,INTERIOR LOTS,RR,Residential - Regular,1970.0
raw,"RDO No. 72 - Roxas City, Capiz is composed of the following City and Munic",025-2021,"October 31, 2021",3RD,:   CAPIZ,ROXAS CITY,TANZA,ALL OTHER STREETS,INTERIOR LOTS,CR,Commercial - Regular,5210.0
raw,"RDO No. 72 - Roxas City, Capiz is composed of the following City and Munic",,,2ND,:   CAPIZ,ROXAS CITY,TANZA,ALL OTHER STREETS,,I,Industrial,3300.0
raw,"RDO No. 72 - Roxas City, Capiz is composed of the following City and Munic",,,2ND,:   CAPIZ,ROXAS CITY,TANZA,ALL OTHER STREETS,,CR,Commercial - Regular,2880.0
raw,"RDO No. 72 - Roxas City, Capiz is composed of the following City and Munic",,,2ND,:   CAPIZ,ROXAS CITY,TANZA,ALL OTHER STREETS,,X,Special / Other,2000.0
raw,"RDO No. 72 - Roxas City, Capiz is composed of the following City and Munic",,,2ND,:   CAPIZ,ROXAS CITY,TANZA,ALL OTHER STREETS,,RR,Residential - Regular,950.0
raw,"RDO No. 72 - Roxas City, Capiz is composed of the following City and Munic",,,2ND,:   CAPIZ,ROXAS CITY,TANZA,ALL OTHER STREETS,,GP,General Purpose,650.0
raw,"RDO No. 72 - Roxas City, Capiz is composed of the following City and Munic",,,2ND,:   CAPIZ,ROXAS CITY,TANZA,ALL OTHER STREETS,,A17,Agricultural - A17,50.0
raw,"RDO No. 72 - Roxas City, Capiz is composed of the following City and Munic",,,2ND,:   CAPIZ,ROXAS CITY,TANZA,ALL OTHER STREETS,,A50,Agricultural - A50,65.0
raw,"RDO No. 72 - Roxas City, Capiz is composed of the following City and Munic",,,2ND,:   CAPIZ,ROXAS CITY,TANZA,ALL OTHER STREETS,,A6,Agricultural - A6,15.0
raw,"RDO No. 72 - Roxas City, Capiz is composed of the following City and Munic",,,2ND,:   CAPIZ,ROXAS CITY,TANZA,ALL OTHER STREETS,INTERIOR LOTS,RR,Residential - Regular,900.0
raw,"RDO No. 72 - Roxas City, Capiz is composed of the following City and Munic",025-2021,"October 31, 2021",3RD,:   CAPIZ,ROXAS CITY,TANZA,BANICA-TANZA-PANAY ROAD,,RR,Residential - Regular,2660.0
raw,"RDO No. 72 - Roxas City, Capiz is composed of the following City and Munic",025-2021,"October 31, 2021",3RD,:   CAPIZ,ROXAS CITY,TANZA,BANICA-TANZA-PANAY ROAD,,CR,Commercial - Regular,5610.0
raw,"RDO No. 72 - Roxas City, Capiz is composed of the following City and Munic",,,2ND,:   CAPIZ,ROXAS CITY,TANZA,BANICA-TANZA-PANAY ROAD,,RR,Residential - Regular,1570.0
raw,"RDO No. 72 - Roxas City, Capiz is composed of the following City and Munic",,,2ND,:   CAPIZ,ROXAS CITY,TANZA,BANICA-TANZA-PANAY ROAD,,CR,Commercial - Regular,3360.0
raw,"RDO No. 72 - Roxas City, Capiz is composed of the following City and Munic",025-2021,"October 31, 2021",3RD,:   CAPIZ,ROXAS CITY,TANZA,INTERIOR ROAD,,RR,Residential - Regular,2560.0
raw,"RDO No. 72 - Roxas City, Capiz is composed of the following City and Munic",025-2021,"October 31, 2021",3RD,:   CAPIZ,ROXAS CITY,TANZA,INTERIOR ROAD,,CR,Commercial - Regular,4900.0
raw,"RDO No. 72 - Roxas City, Capiz is composed of the following City and Munic",,,2ND,:   CAPIZ,ROXAS CITY,TANZA,INTERIOR ROAD,,RR,Residential - Regular,1450.0
raw,"RDO No. 72 - Roxas City, Capiz is composed of the following City and Munic",,,2ND,:   CAPIZ,ROXAS CITY,TANZA,INTERIOR ROAD,,CR,Commercial - Regular,3000.0
raw,"RDO No. 72 - Roxas City, Capiz is composed of the following City and Munic",025-2021,"October 31, 2021",3RD,:   CAPIZ,ROXAS CITY,TIZA,*A. INOCENCIO STREET,,RR,Residential - Regular,5720.0
raw,"RDO No. 72 - Roxas City, Capiz is composed of the following City and Munic",025-2021,"October 31, 2021",3RD,:   CAPIZ,ROXAS CITY,TIZA,*ARCENAS SUBDIVISION,,RR,Residential - Regular,5720.0
raw,"RDO No. 72 - Roxas City, Capiz is composed of the following City and Munic",025-2021,"October 31, 2021",3RD,:   CAPIZ,ROXAS CITY,TIZA,*BANGKILING STREET,INTERIOR LOTS,RR,Residential - Regular,5720.0
raw,"RDO No. 72 - Roxas City, Capiz is composed of the following City and Munic",025-2021,"October 31, 2021",3RD,:   CAPIZ,ROXAS CITY,TIZA,*CATMON STREET,,RR,Residential - Regular,5720.0
raw,"RDO No. 72 - Roxas City, Capiz is composed of the following City and Munic",025-2021,"October 31, 2021",3RD,:   CAPIZ,ROXAS CITY,TIZA,*CHICO STREET,,RR,Residential - Regular,5720.0
raw,"RDO No. 72 - Roxas City, Capiz is composed of the following City and Munic",025-2021,"October 31, 2021",3RD,:   CAPIZ,ROXAS CITY,TIZA,*CHICO STREET,,CR,Commercial - Regular,11200.0
raw,"RDO No. 72 - Roxas City, Capiz is composed of the following City and Munic",025-2021,"October 31, 2021",3RD,:   CAPIZ,ROXAS CITY,TIZA,*DATILES STREET,,RR,Residential - Regular,5720.0
raw,"RDO No. 72 - Roxas City, Capiz is composed of the following City and Munic",025-2021,"October 31, 2021",3RD,:   CAPIZ,ROXAS CITY,TIZA,*DATILES STREET,,CR,Commercial - Regular,11200.0
raw,"RDO No. 72 - Roxas City, Capiz is composed of the following City and Munic",025-2021,"October 31, 2021",3RD,:   CAPIZ,ROXAS CITY,TIZA,*GRACEVILLE SUBD,,RR,Residential - Regular,5720.0
raw,"RDO No. 72 - Roxas City, Capiz is composed of the following City and Munic",025-2021,"October 31, 2021",3RD,:   CAPIZ,ROXAS CITY,TIZA,*GRACEVILLE SUBD,,CR,Commercial - Regular,11600.0
raw,"RDO No. 72 - Roxas City, Capiz is composed of the following City and Munic",025-2021,"October 31, 2021",3RD,:   CAPIZ,ROXAS CITY,TIZA,*MALIPAYON VILLAGE,INTERIOR LOTS,RR,Residential - Regular,5720.0
raw,"RDO No. 72 - Roxas City, Capiz is composed of the following City and Munic",025-2021,"October 31, 2021",3RD,:   CAPIZ,ROXAS CITY,TIZA,*MALIPAYON VILLAGE,INTERIOR LOTS,CR,Commercial - Regular,11200.0
raw,"RDO No. 72 - Roxas City, Capiz is composed of the following City and Munic",025-2021,"October 31, 2021",3RD,:   CAPIZ,ROXAS CITY,TIZA,*NATIVIDAD SUBDIVISION,,RR,Residential - Regular,5720.0
raw,"RDO No. 72 - Roxas City, Capiz is composed of the following City and Munic",025-2021,"October 31, 2021",3RD,:   CAPIZ,ROXAS CITY,TIZA,*NATIVIDAD SUBDIVISION,,CR,Commercial - Regular,11200.0
raw,"RDO No. 72 - Roxas City, Capiz is composed of the following City and Munic",025-2021,"October 31, 2021",3RD,:   CAPIZ,ROXAS CITY,TIZA,*NORTH PALMS ESTATE,INTERIOR LOTS,RR,Residential - Regular,5720.0
raw,"RDO No. 72 - Roxas City, Capiz is composed of the following City and Munic",025-2021,"October 31, 2021",3RD,:   CAPIZ,ROXAS CITY,TIZA,*SAN JOSE VILLAGE,,RR,Residential - Regular,5720.0
raw,"RDO No. 72 - Roxas City, Capiz is composed of the following City and Munic",025-2021,"October 31, 2021",3RD,:   CAPIZ,ROXAS CITY,TIZA,*SAN MIGUEL VILLAGE,INTERIOR LOTS,RR,Residential - Regular,5720.0
raw,"RDO No. 72 - Roxas City, Capiz is composed of the following City and Munic",025-2021,"October 31, 2021",3RD,:   CAPIZ,ROXAS CITY,TIZA,*SITIO CALUMDOM,INTERIOR LOTS,RR,Residential - Regular,5720.0
raw,"RDO No. 72 - Roxas City, Capiz is composed of the following City and Munic",025-2021,"October 31, 2021",3RD,:   CAPIZ,ROXAS CITY,TIZA,*ST. JOSEPH STREET,,RR,Residential - Regular,5720.0
raw,"RDO No. 72 - Roxas City, Capiz is composed of the following City and Munic",025-2021,"October 31, 2021",3RD,:   CAPIZ,ROXAS CITY,TIZA,*ST. JOSEPH STREET,,CR,Commercial - Regular,11200.0
raw,"RDO No. 72 - Roxas City, Capiz is composed of the following City and Munic",025-2021,"October 31, 2021",3RD,:   CAPIZ,ROXAS CITY,TIZA,*ST. JOSEPH VILLAGE,INTERIOR LOTS,RR,Residential - Regular,5720.0
raw,"RDO No. 72 - Roxas City, Capiz is composed of the following City and Munic",025-2021,"October 31, 2021",3RD,:   CAPIZ,ROXAS CITY,TIZA,*STA. MARIA VILLAGE RES LOTS,,RR,Residential - Regular,3720.0
raw,"RDO No. 72 - Roxas City, Capiz is composed of the following City and Munic",025-2021,"October 31, 2021",3RD,:   CAPIZ,ROXAS CITY,TIZA,ALL OTHER STREETS,,X,Special / Other,6660.0
raw,"RDO No. 72 - Roxas City, Capiz is composed of the following City and Munic",025-2021,"October 31, 2021",3RD,:   CAPIZ,ROXAS CITY,TIZA,ALL OTHER STREETS,INTERIOR LOTS,RR,Residential - Regular,3720.0
raw,"RDO No. 72 - Roxas City, Capiz is composed of the following City and Munic",025-2021,"October 31, 2021",3RD,:   CAPIZ,ROXAS CITY,TIZA,ALL OTHER STREETS,INTERIOR LOTS,GP,General Purpose,2200.0
raw,"RDO No. 72 - Roxas City, Capiz is composed of the following City and Munic",025-2021,"October 31, 2021",3RD,:   CAPIZ,ROXAS CITY,TIZA,ALL OTHER STREETS,INTERIOR LOTS,A6,Agricultural - A6,160.0
raw,"RDO No. 72 - Roxas City, Capiz is composed of the following City and Munic",025-2021,"October 31, 2021",3RD,:   CAPIZ,ROXAS CITY,TIZA,ALL OTHER STREETS,INTERIOR LOTS,A50,Agricultural - A50,40.0
raw,"RDO No. 72 - Roxas City, Capiz is composed of the following City and Munic",,,2ND,:   CAPIZ,ROXAS CITY,TIZA,ALL OTHER STREETS,,X,Special / Other,2250.0
raw,"RDO No. 72 - Roxas City, Capiz is composed of the following City and Munic",,,2ND,:   CAPIZ,ROXAS CITY,TIZA,ALL OTHER STREETS,INTERIOR LOTS,RR,Residential - Regular,1250.0
raw,"RDO No. 72 - Roxas City, Capiz is composed of the following City and Munic",,,2ND,:   CAPIZ,ROXAS CITY,TIZA,ALL OTHER STREETS,INTERIOR LOTS,GP,General Purpose,800.0
raw,"RDO No. 72 - Roxas City, Capiz is composed of the following City and Munic",,,2ND,:   CAPIZ,ROXAS CITY,TIZA,ALL OTHER STREETS,INTERIOR LOTS,A6,Agricultural - A6,65.0
raw,"RDO No. 72 - Roxas City, Capiz is composed of the following City and Munic",,,2ND,:   CAPIZ,ROXAS CITY,TIZA,ALL OTHER STREETS,INTERIOR LOTS,A17,Agricultural - A17,50.0
raw,"RDO No. 72 - Roxas City, Capiz is composed of the following City and Munic",,,2ND,:   CAPIZ,ROXAS CITY,TIZA,ALL OTHER STREETS,INTERIOR LOTS,A50,Agricultural - A50,15.0
raw,"RDO No. 72 - Roxas City, Capiz is composed of the following City and Munic",025-2021,"October 31, 2021",3RD,:   CAPIZ,ROXAS CITY,TIZA,ATIENZA ST,,RR,Residential - Regular,5840.0
raw,"RDO No. 72 - Roxas City, Capiz is composed of the following City and Munic",025-2021,"October 31, 2021",3RD,:   CAPIZ,ROXAS CITY,TIZA,ATIENZA ST,,CR,Commercial - Regular,11260.0
raw,"RDO No. 72 - Roxas City, Capiz is composed of the following City and Munic",,,2ND,:   CAPIZ,ROXAS CITY,TIZA,ATIENZA ST,,RR,Residential - Regular,2355.0
raw,"RDO No. 72 - Roxas City, Capiz is composed of the following City and Munic",,,2ND,:   CAPIZ,ROXAS CITY,TIZA,ATIENZA ST,,CR,Commercial - Regular,4440.0
raw,"RDO No. 72 - Roxas City, Capiz is composed of the following City and Munic",025-2021,"October 31, 2021",3RD,:   CAPIZ,ROXAS CITY,TIZA,HEMINGWAY ST,,RR,Residential - Regular,5720.0
raw,"RDO No. 72 - Roxas City, Capiz is composed of the following City and Munic",025-2021,"October 31, 2021",3RD,:   CAPIZ,ROXAS CITY,TIZA,HEMINGWAY ST,,CR,Commercial - Regular,11600.0
raw,"RDO No. 72 - Roxas City, Capiz is composed of the following City and Munic",,,2ND,:   CAPIZ,ROXAS CITY,TIZA,HIMINGWAY ST,,RR,Residential - Regular,2290.0
raw,"RDO No. 72 - Roxas City, Capiz is composed of the following City and Munic",,,2ND,:   CAPIZ,ROXAS CITY,TIZA,HIMINGWAY ST,,CR,Commercial - Regular,4620.0
raw,"RDO No. 72 - Roxas City, Capiz is composed of the following City and Munic",025-2021,"October 31, 2021",3RD,:   CAPIZ,ROXAS CITY,TIZA,LOMBOY ST,,RR,Residential - Regular,5370.0
raw,"RDO No. 72 - Roxas City, Capiz is composed of the following City and Munic",025-2021,"October 31, 2021",3RD,:   CAPIZ,ROXAS CITY,TIZA,LOMBOY ST,,CR,Commercial - Regular,10950.0
raw,"RDO No. 72 - Roxas City, Capiz is composed of the following City and Munic",,,2ND,:   CAPIZ,ROXAS CITY,TIZA,LOMBOY ST,,RR,Residential - Regular,2110.0
raw,"RDO No. 72 - Roxas City, Capiz is composed of the following City and Munic",,,2ND,:   CAPIZ,ROXAS CITY,TIZA,LOMBOY ST,,CR,Commercial - Regular,4280.0
raw,"RDO No. 72 - Roxas City, Capiz is composed of the following City and Munic",025-2021,"October 31, 2021",3RD,:   CAPIZ,ROXAS CITY,TIZA,NORTH ROAD TO STADIUM,,RR,Residential - Regular,6330.0
raw,"RDO No. 72 - Roxas City, Capiz is composed of the following City and Munic",025-2021,"October 31, 2021",3RD,:   CAPIZ,ROXAS CITY,TIZA,NORTH ROAD TO STADIUM,,CR,Commercial - Regular,11670.0
raw,"RDO No. 72 - Roxas City, Capiz is composed of the following City and Munic",,,2ND,:   CAPIZ,ROXAS CITY,TIZA,NORTH ROAD TO STADIUM,,RR,Residential - Regular,2600.0
raw,"RDO No. 72 - Roxas City, Capiz is composed of the following City and Munic",,,2ND,:   CAPIZ,ROXAS CITY,TIZA,NORTH ROAD TO STADIUM,,CR,Commercial - Regular,4800.0
raw,"RDO No. 72 - Roxas City, Capiz is composed of the following City and Munic",025-2021,"October 31, 2021",3RD,:   CAPIZ,ROXAS CITY,TIZA,SOUTH ROAD OF STADIUM,,RR,Residential - Regular,6330.0
raw,"RDO No. 72 - Roxas City, Capiz is composed of the following City and Munic",025-2021,"October 31, 2021",3RD,:   CAPIZ,ROXAS CITY,TIZA,SOUTH ROAD OF STADIUM,,CR,Commercial - Regular,10980.0
raw,"RDO No. 72 - Roxas City, Capiz is composed of the following City and Munic",,,2ND,:   CAPIZ,ROXAS CITY,TIZA,SOUTH ROAD OF STADIUM,,RR,Residential - Regular,2600.0
raw,"RDO No. 72 - Roxas City, Capiz is composed of the following City and Munic",,,2ND,:   CAPIZ,ROXAS CITY,TIZA,SOUTH ROAD OF STADIUM,,CR,Commercial - Regular,4440.0
raw,"RDO No. 72 - Roxas City, Capiz is composed of the following City and Munic",025-2021,"October 31, 2021",3RD,:   CAPIZ,ROXAS CITY,TIZA,TAMBIS ST,,RR,Residential - Regular,5250.0
raw,"RDO No. 72 - Roxas City, Capiz is composed of the following City and Munic",025-2021,"October 31, 2021",3RD,:   CAPIZ,ROXAS CITY,TIZA,TAMBIS ST,,CR,Commercial - Regular,10550.0
raw,"RDO No. 72 - Roxas City, Capiz is composed of the following City and Munic",,,2ND,:   CAPIZ,ROXAS CITY,TIZA,TAMBIS ST,,RR,Residential - Regular,2110.0
raw,"RDO No. 72 - Roxas City, Capiz is composed of the following City and Munic",,,2ND,:   CAPIZ,ROXAS CITY,TIZA,TAMBIS ST,,CR,Commercial - Regular,4280.0
raw,"RDO No. 72 - Roxas City, Capiz is composed of the following City and Munic",025-2021,"October 31, 2021",3RD,:   CAPIZ,ROXAS CITY,TIZA,TIZA BRGY ROAD (EAST SIDE OF STADIUM),,RR,Residential - Regular,6200.0
raw,"RDO No. 72 - Roxas City, Capiz is composed of the following City and Munic",025-2021,"October 31, 2021",3RD,:   CAPIZ,ROXAS CITY,TIZA,TIZA BRGY ROAD (EAST SIDE OF STADIUM),,CR,Commercial - Regular,10820.0
raw,"RDO No. 72 - Roxas City, Capiz is composed of the following City and Munic",,,2ND,:   CAPIZ,ROXAS CITY,TIZA,TIZA BRGY ROAD (EAST SIDE OF STADIUM),,RR,Residential - Regular,2540.0
raw,"RDO No. 72 - Roxas City, Capiz is composed of the following City and Munic",,,2ND,:   CAPIZ,ROXAS CITY,TIZA,TIZA BRGY ROAD (EAST SIDE OF STADIUM),,CR,Commercial - Regular,4420.0
raw,"RDO No. 72 - Roxas City, Capiz is composed of the following City and Munic",025-2021,"October 31, 2021",3RD,:   CAPIZ,ROXAS CITY,TIZA,TIZA-MILIBILI ROAD,,RR,Residential - Regular,5600.0
raw,"RDO No. 72 - Roxas City, Capiz is composed of the following City and Munic",025-2021,"October 31, 2021",3RD,:   CAPIZ,ROXAS CITY,TIZA,TIZA-MILIBILI ROAD,,CR,Commercial - Regular,10510.0
raw,"RDO No. 72 - Roxas City, Capiz is composed of the following City and Munic",,,2ND,:   CAPIZ,ROXAS CITY,TIZA,TIZA-MILIBILI ROAD,,RR,Residential - Regular,2295.0
raw,"RDO No. 72 - Roxas City, Capiz is composed of the following City and Munic",,,2ND,:   CAPIZ,ROXAS CITY,TIZA,TIZA-MILIBILI ROAD,,CR,Commercial - Regular,4260.0
raw,"RDO No. 72 - Roxas City, Capiz is composed of the following City and Munic",025-2021,"October 31, 2021",3RD,:   CAPIZ,ROXAS CITY,TIZA,WEST ROAD OF STADIUM,,RR,Residential - Regular,6330.0
raw,"RDO No. 72 - Roxas City, Capiz is composed of the following City and Munic",025-2021,"October 31, 2021",3RD,:   CAPIZ,ROXAS CITY,TIZA,WEST ROAD OF STADIUM,,CR,Commercial - Regular,11600.0
raw,"RDO No. 72 - Roxas City, Capiz is composed of the following City and Munic",,,2ND,:   CAPIZ,ROXAS CITY,TIZA,WEST ROAD OF STADIUM,,RR,Residential - Regular,2600.0
raw,"RDO No. 72 - Roxas City, Capiz is composed of the following City and Munic",,,2ND,:   CAPIZ,ROXAS CITY,TIZA,WEST ROAD OF STADIUM,,CR,Commercial - Regular,4800.0
raw,"RDO No. 72 - Roxas City, Capiz is composed of the following City and Munic",025-2021,"October 31, 2021",3RD,:   CAPIZ,ROXAS CITY,V,*NORTHERN SIDE RIZAL ST,*FROM RIZAL ST. CREEK TO LOPEZ JAENA ST,RR,Residential - Regular,4400.0
raw,"RDO No. 72 - Roxas City, Capiz is composed of the following City and Munic",025-2021,"October 31, 2021",3RD,:   CAPIZ,ROXAS CITY,V,*NORTHERN SIDE RIZAL ST,*FROM RIZAL ST. CREEK TO LOPEZ JAENA ST,CR,Commercial - Regular,10850.0
raw,"RDO No. 72 - Roxas City, Capiz is composed of the following City and Munic",025-2021,"October 31, 2021",3RD,:   CAPIZ,ROXAS CITY,V,*SOUTHERN SIDE OF BURGOS ST,*FROM THE FOOT OF DAYAO BRIDGE TO LOPEZ JAENA ST,RR,Residential - Regular,3320.0
raw,"RDO No. 72 - Roxas City, Capiz is composed of the following City and Munic",025-2021,"October 31, 2021",3RD,:   CAPIZ,ROXAS CITY,V,*SOUTHERN SIDE OF BURGOS ST,*FROM THE FOOT OF DAYAO BRIDGE TO LOPEZ JAENA ST,CR,Commercial - Regular,9920.0
raw,"RDO No. 72 - Roxas City, Capiz is composed of the following City and Munic",025-2021,"October 31, 2021",3RD,:   CAPIZ,ROXAS CITY,V,*WESTERN SIDE OF LOPEZ JAENA ST,*FROM BURGOS ST.TO RIZAL ST,RR,Residential - Regular,3630.0
raw,"RDO No. 72 - Roxas City, Capiz is composed of the following City and Munic",025-2021,"October 31, 2021",3RD,:   CAPIZ,ROXAS CITY,V,*WESTERN SIDE OF LOPEZ JAENA ST,*FROM BURGOS ST.TO RIZAL ST,CR,Commercial - Regular,9580.0
raw,"RDO No. 72 - Roxas City, Capiz is composed of the following City and Munic",025-2021,"October 31, 2021",3RD,:   CAPIZ,ROXAS CITY,V,*WESTERN SIDE OF LOPEZ JAENA ST,*FROM BURGOS ST.TO RIZAL ST,I,Industrial,6680.0
raw,"RDO No. 72 - Roxas City, Capiz is composed of the following City and Munic",025-2021,"October 31, 2021",3RD,:   CAPIZ,ROXAS CITY,V,ALL OTHER STREETS,*FROM BURGOS ST.TO RIZAL ST,RR,Residential - Regular,3500.0
raw,"RDO No. 72 - Roxas City, Capiz is composed of the following City and Munic",025-2021,"October 31, 2021",3RD,:   CAPIZ,ROXAS CITY,V,ALL OTHER STREETS,*FROM BURGOS ST.TO RIZAL ST,CR,Commercial - Regular,9180.0
raw,"RDO No. 72 - Roxas City, Capiz is composed of the following City and Munic",025-2021,"October 31, 2021",3RD,:   CAPIZ,ROXAS CITY,V,ALL OTHER STREETS,*FROM BURGOS ST.TO RIZAL ST,X,Special / Other,7110.0
raw,"RDO No. 72 - Roxas City, Capiz is composed of the following City and Munic",025-2021,"October 31, 2021",3RD,:   CAPIZ,ROXAS CITY,V,ALL OTHER STREETS,*FROM BURGOS ST.TO RIZAL ST,GP,General Purpose,1740.0
raw,"RDO No. 72 - Roxas City, Capiz is composed of the following City and Munic",,,2ND,:   CAPIZ,ROXAS CITY,V,ALL STREETS,,X,Special / Other,3100.0
raw,"RDO No. 72 - Roxas City, Capiz is composed of the following City and Munic",,,2ND,:   CAPIZ,ROXAS CITY,V,ALL STREETS,,GP,General Purpose,700.0
raw,"RDO No. 72 - Roxas City, Capiz is composed of the following City and Munic",,,2ND,:   CAPIZ,ROXAS CITY,V,BURGOS ST,,RR,Residential - Regular,1300.0
raw,"RDO No. 72 - Roxas City, Capiz is composed of the following City and Munic",,,2ND,:   CAPIZ,ROXAS CITY,V,BURGOS ST,,CR,Commercial - Regular,4670.0
raw,"RDO No. 72 - Roxas City, Capiz is composed of the following City and Munic",025-2021,"October 31, 2021",3RD,:   CAPIZ,ROXAS CITY,V,CONRADO BARIO ST (formerly Capricho II St),*FROM BURGOS ST.TO RIZAL ST,RR,Residential - Regular,4090.0
raw,"RDO No. 72 - Roxas City, Capiz is composed of the following City and Munic",025-2021,"October 31, 2021",3RD,:   CAPIZ,ROXAS CITY,V,CONRADO BARIO ST (formerly Capricho II St),*FROM BURGOS ST.TO RIZAL ST,CR,Commercial - Regular,9580.0
raw,"RDO No. 72 - Roxas City, Capiz is composed of the following City and Munic",,,2ND,:   CAPIZ,ROXAS CITY,V,CONRADO BARIO ST (formerly Capricho II St),,CR,Commercial - Regular,4900.0
raw,"RDO No. 72 - Roxas City, Capiz is composed of the following City and Munic",,,2ND,:   CAPIZ,ROXAS CITY,V,CONRADO BARIO ST (formerly Capricho II St),,RR,Residential - Regular,1800.0
raw,"RDO No. 72 - Roxas City, Capiz is composed of the following City and Munic",,,2ND,:   CAPIZ,ROXAS CITY,V,CONRADO BARIO ST (formerly Capricho II St),,CR,Commercial - Regular,4450.0
raw,"RDO No. 72 - Roxas City, Capiz is composed of the following City and Munic",025-2021,"October 31, 2021",3RD,:   CAPIZ,ROXAS CITY,V,EMILIO JACINTO ST (formerly Legaspi St),*FROM FEEDER OF ROAD TO LOPEZ JAENA ST,RR,Residential - Regular,8930.0
raw,"RDO No. 72 - Roxas City, Capiz is composed of the following City and Munic",025-2021,"October 31, 2021",3RD,:   CAPIZ,ROXAS CITY,V,EMILIO JACINTO ST (formerly Legaspi St),*FROM FEEDER OF ROAD TO LOPEZ JAENA ST,CR,Commercial - Regular,12050.0
raw,"RDO No. 72 - Roxas City, Capiz is composed of the following City and Munic",,,2ND,:   CAPIZ,ROXAS CITY,V,EMILIO JACINTO ST (formerly Legaspi St),,RR,Residential - Regular,4350.0
raw,"RDO No. 72 - Roxas City, Capiz is composed of the following City and Munic",,,2ND,:   CAPIZ,ROXAS CITY,V,EMILIO JACINTO ST (formerly Legaspi St),,CR,Commercial - Regular,5800.0
raw,"RDO No. 72 - Roxas City, Capiz is composed of the following City and Munic",,,2ND,:   CAPIZ,ROXAS CITY,V,GOV G HERNANDEZ AVENUE,,RR,Residential - Regular,2000.0
raw,"RDO No. 72 - Roxas City, Capiz is composed of the following City and Munic",025-2021,"October 31, 2021",3RD,:   CAPIZ,ROXAS CITY,V,GOV.G. HERNANDEZ AVENUE,*FROM BURGOS ST.TO RIZAL ST,RR,Residential - Regular,4400.0
raw,"RDO No. 72 - Roxas City, Capiz is composed of the following City and Munic",025-2021,"October 31, 2021",3RD,:   CAPIZ,ROXAS CITY,V,GOV.G. HERNANDEZ AVENUE,*FROM BURGOS ST.TO RIZAL ST,CR,Commercial - Regular,10520.0
raw,"RDO No. 72 - Roxas City, Capiz is composed of the following City and Munic",025-2021,"October 31, 2021",3RD,:   CAPIZ,ROXAS CITY,V,JOSE HONTIVEROS ST (formerly Capricho I St.),*FROM BURGOS ST.TO RIZAL ST,RR,Residential - Regular,4050.0
raw,"RDO No. 72 - Roxas City, Capiz is composed of the following City and Munic",025-2021,"October 31, 2021",3RD,:   CAPIZ,ROXAS CITY,V,JOSE HONTIVEROS ST (formerly Capricho I St.),*FROM BURGOS ST.TO RIZAL ST,CR,Commercial - Regular,9580.0
raw,"RDO No. 72 - Roxas City, Capiz is composed of the following City and Munic",,,2ND,:   CAPIZ,ROXAS CITY,V,JOSE HONTIVEROS ST (formerly Capricho I St.),,RR,Residential - Regular,1775.0
raw,"RDO No. 72 - Roxas City, Capiz is composed of the following City and Munic",,,2ND,:   CAPIZ,ROXAS CITY,V,JOSE HONTIVEROS ST (formerly Capricho I St.),,CR,Commercial - Regular,4450.0
raw,"RDO No. 72 - Roxas City, Capiz is composed of the following City and Munic",,,2ND,:   CAPIZ,ROXAS CITY,V,JOSE RIZAL ST,,RR,Residential - Regular,2000.0
raw,"RDO No. 72 - Roxas City, Capiz is composed of the following City and Munic",,,2ND,:   CAPIZ,ROXAS CITY,V,JOSE RIZAL ST,,CR,Commercial - Regular,4950.0
raw,"RDO No. 72 - Roxas City, Capiz is composed of the following City and Munic",025-2021,"October 31, 2021",3RD,:   CAPIZ,ROXAS CITY,V,LAKANDULA ST,*FROM BURGOS ST.TO RIZAL ST,RR,Residential - Regular,3630.0
raw,"RDO No. 72 - Roxas City, Capiz is composed of the following City and Munic",025-2021,"October 31, 2021",3RD,:   CAPIZ,ROXAS CITY,V,LAKANDULA ST,*FROM BURGOS ST.TO RIZAL ST,CR,Commercial - Regular,9350.0
raw,"RDO No. 72 - Roxas City, Capiz is composed of the following City and Munic",,,2ND,:   CAPIZ,ROXAS CITY,V,LAKANDULA ST,,RR,Residential - Regular,1500.0
raw,"RDO No. 72 - Roxas City, Capiz is composed of the following City and Munic",,,2ND,:   CAPIZ,ROXAS CITY,V,LAKANDULA ST,,CR,Commercial - Regular,4300.0
raw,"RDO No. 72 - Roxas City, Capiz is composed of the following City and Munic",,,2ND,:   CAPIZ,ROXAS CITY,V,LOPEZ JAENA ST,,RR,Residential - Regular,1500.0
raw,"RDO No. 72 - Roxas City, Capiz is composed of the following City and Munic",,,2ND,:   CAPIZ,ROXAS CITY,V,LOPEZ JAENA ST,,CR,Commercial - Regular,4450.0
raw,"RDO No. 72 - Roxas City, Capiz is composed of the following City and Munic",,,2ND,:   CAPIZ,ROXAS CITY,V,LOPEZ JAENA ST,,I,Industrial,3100.0
raw,"RDO No. 72 - Roxas City, Capiz is composed of the following City and Munic",025-2021,"October 31, 2021",3RD,:   CAPIZ,ROXAS CITY,V,ZAMORA ST,*FROM BURGOS ST.TO RIZAL ST,RR,Residential - Regular,4170.0
raw,"RDO No. 72 - Roxas City, Capiz is composed of the following City and Munic",025-2021,"October 31, 2021",3RD,:   CAPIZ,ROXAS CITY,V,ZAMORA ST,*FROM BURGOS ST.TO RIZAL ST,CR,Commercial - Regular,11130.0
raw,"RDO No. 72 - Roxas City, Capiz is composed of the following City and Munic",,,2ND,:   CAPIZ,ROXAS CITY,V,ZAMORA ST,,RR,Residential - Regular,1850.0
raw,"RDO No. 72 - Roxas City, Capiz is composed of the following City and Munic",,,2ND,:   CAPIZ,ROXAS CITY,V,ZAMORA ST,,CR,Commercial - Regular,5300.0
raw,"RDO No. 72 - Roxas City, Capiz is composed of the following City and Munic",025-2021,"October 31, 2021",3RD,:   CAPIZ,ROXAS CITY,VI,*EASTERN SIDE OF ZAMORA ST,*FROM RIZAL ST.TO J.M.ALBAR ST(WASHINGTON),RR,Residential - Regular,4270.0
raw,"RDO No. 72 - Roxas City, Capiz is composed of the following City and Munic",025-2021,"October 31, 2021",3RD,:   CAPIZ,ROXAS CITY,VI,*EASTERN SIDE OF ZAMORA ST,*FROM RIZAL ST.TO J.M.ALBAR ST(WASHINGTON),CR,Commercial - Regular,9580.0
raw,"RDO No. 72 - Roxas City, Capiz is composed of the following City and Munic",025-2021,"October 31, 2021",3RD,:   CAPIZ,ROXAS CITY,VI,*SOUTHERN SIDE OF RIZAL ST,*FROM ZAMORA ST TO LOPEZ JAENA ST,RR,Residential - Regular,4400.0
raw,"RDO No. 72 - Roxas City, Capiz is composed of the following City and Munic",025-2021,"October 31, 2021",3RD,:   CAPIZ,ROXAS CITY,VI,*SOUTHERN SIDE OF RIZAL ST,*FROM ZAMORA ST TO LOPEZ JAENA ST,CR,Commercial - Regular,11350.0
raw,"RDO No. 72 - Roxas City, Capiz is composed of the following City and Munic",025-2021,"October 31, 2021",3RD,:   CAPIZ,ROXAS CITY,VI,*WESTERN SIDE OF LOPEZ JAENA ST,*FROM RIZAL ST. TO J.M ALBAR ST (WASHINGTON),RR,Residential - Regular,4010.0
raw,"RDO No. 72 - Roxas City, Capiz is composed of the following City and Munic",025-2021,"October 31, 2021",3RD,:   CAPIZ,ROXAS CITY,VI,*WESTERN SIDE OF LOPEZ JAENA ST,*FROM RIZAL ST. TO J.M ALBAR ST (WASHINGTON),CR,Commercial - Regular,9890.0
raw,"RDO No. 72 - Roxas City, Capiz is composed of the following City and Munic",025-2021,"October 31, 2021",3RD,:   CAPIZ,ROXAS CITY,VI,AGLIPAY ST,*FROM RIZAL ST.TO J.M ALBAR ST.(WASHINGTON),RR,Residential - Regular,4010.0
raw,"RDO No. 72 - Roxas City, Capiz is composed of the following City and Munic",025-2021,"October 31, 2021",3RD,:   CAPIZ,ROXAS CITY,VI,AGLIPAY ST,*FROM RIZAL ST.TO J.M ALBAR ST.(WASHINGTON),CR,Commercial - Regular,9660.0
raw,"RDO No. 72 - Roxas City, Capiz is composed of the following City and Munic",,,2ND,:   CAPIZ,ROXAS CITY,VI,AGLIPAY ST,,RR,Residential - Regular,1750.0
raw,"RDO No. 72 - Roxas City, Capiz is composed of the following City and Munic",,,2ND,:   CAPIZ,ROXAS CITY,VI,AGLIPAY ST,,CR,Commercial - Regular,4500.0
raw,"RDO No. 72 - Roxas City, Capiz is composed of the following City and Munic",025-2021,"October 31, 2021",3RD,:   CAPIZ,ROXAS CITY,VI,ALL OTHER STREETS,*FROM RIZAL ST.TO END SIDE OF JM ALBAR ST,RR,Residential - Regular,4010.0
raw,"RDO No. 72 - Roxas City, Capiz is composed of the following City and Munic",025-2021,"October 31, 2021",3RD,:   CAPIZ,ROXAS CITY,VI,ALL OTHER STREETS,*FROM RIZAL ST.TO END SIDE OF JM ALBAR ST,CR,Commercial - Regular,9330.0
raw,"RDO No. 72 - Roxas City, Capiz is composed of the following City and Munic",025-2021,"October 31, 2021",3RD,:   CAPIZ,ROXAS CITY,VI,ALL OTHER STREETS,*FROM RIZAL ST.TO END SIDE OF JM ALBAR ST,X,Special / Other,8580.0
raw,"RDO No. 72 - Roxas City, Capiz is composed of the following City and Munic",025-2021,"October 31, 2021",3RD,:   CAPIZ,ROXAS CITY,VI,ALL OTHER STREETS,*FROM RIZAL ST.TO END SIDE OF JM ALBAR ST,GP,General Purpose,1890.0
raw,"RDO No. 72 - Roxas City, Capiz is composed of the following City and Munic",,,2ND,:   CAPIZ,ROXAS CITY,VI,ALL OTHER STREETS,,X,Special / Other,3800.0
raw,"RDO No. 72 - Roxas City, Capiz is composed of the following City and Munic",,,2ND,:   CAPIZ,ROXAS CITY,VI,ALL OTHER STREETS,,GP,General Purpose,800.0
raw,"RDO No. 72 - Roxas City, Capiz is composed of the following City and Munic",025-2021,"October 31, 2021",3RD,:   CAPIZ,ROXAS CITY,VI,CALLE SIN NOMBRE,*FROM SOUTHERN SIDE OF ELOISA ST,RR,Residential - Regular,4010.0
raw,"RDO No. 72 - Roxas City, Capiz is composed of the following City and Munic",025-2021,"October 31, 2021",3RD,:   CAPIZ,ROXAS CITY,VI,CALLE SIN NOMBRE,*FROM SOUTHERN SIDE OF ELOISA ST,CR,Commercial - Regular,9660.0
raw,"RDO No. 72 - Roxas City, Capiz is composed of the following City and Munic",,,2ND,:   CAPIZ,ROXAS CITY,VI,CALLE SIN NOMBRE,,RR,Residential - Regular,1750.0
raw,"RDO No. 72 - Roxas City, Capiz is composed of the following City and Munic",,,2ND,:   CAPIZ,ROXAS CITY,VI,CALLE SIN NOMBRE,,CR,Commercial - Regular,4500.0
raw,"RDO No. 72 - Roxas City, Capiz is composed of the following City and Munic",025-2021,"October 31, 2021",3RD,:   CAPIZ,ROXAS CITY,VI,ELOISA ST,*FROM ZAMORA ST. LOPEZ JAENA ST,RR,Residential - Regular,4010.0
raw,"RDO No. 72 - Roxas City, Capiz is composed of the following City and Munic",025-2021,"October 31, 2021",3RD,:   CAPIZ,ROXAS CITY,VI,ELOISA ST,*FROM ZAMORA ST. LOPEZ JAENA ST,CR,Commercial - Regular,9270.0
raw,"RDO No. 72 - Roxas City, Capiz is composed of the following City and Munic",,,2ND,:   CAPIZ,ROXAS CITY,VI,ELOISA ST,,RR,Residential - Regular,1750.0
raw,"RDO No. 72 - Roxas City, Capiz is composed of the following City and Munic",025-2021,"October 31, 2021",3RD,:   CAPIZ,ROXAS CITY,VI,GOV ABALO ST,*FROM RIZAL ST.TO END SIDE OF JM ALBAR ST,RR,Residential - Regular,4470.0
raw,"RDO No. 72 - Roxas City, Capiz is composed of the following City and Munic",025-2021,"October 31, 2021",3RD,:   CAPIZ,ROXAS CITY,VI,GOV ABALO ST,*FROM RIZAL ST.TO END SIDE OF JM ALBAR ST,CR,Commercial - Regular,12800.0
raw,"RDO No. 72 - Roxas City, Capiz is composed of the following City and Munic",025-2021,"October 31, 2021",3RD,:   CAPIZ,ROXAS CITY,VI,GOV ABALO ST,*FROM RIZAL ST.TO END SIDE OF JM ALBAR ST,I,Industrial,5230.0
raw,"RDO No. 72 - Roxas City, Capiz is composed of the following City and Munic",,,2ND,:   CAPIZ,ROXAS CITY,VI,GOV ABALO ST,,RR,Residential - Regular,2050.0
raw,"RDO No. 72 - Roxas City, Capiz is composed of the following City and Munic",,,2ND,:   CAPIZ,ROXAS CITY,VI,GOV ABALO ST,,CR,Commercial - Regular,5900.0
raw,"RDO No. 72 - Roxas City, Capiz is composed of the following City and Munic",,,2ND,:   CAPIZ,ROXAS CITY,VI,GOV ABALO ST,,I,Industrial,2150.0
raw,"RDO No. 72 - Roxas City, Capiz is composed of the following City and Munic",025-2021,"October 31, 2021",3RD,:   CAPIZ,ROXAS CITY,VI,J.M. ALBAR ST (formerly Washington St),*FROM ZAMORA ST.TO GOV. ABALO ST(GOMEZ),RR,Residential - Regular,8950.0
raw,"RDO No. 72 - Roxas City, Capiz is composed of the following City and Munic",025-2021,"October 31, 2021",3RD,:   CAPIZ,ROXAS CITY,VI,J.M. ALBAR ST (formerly Washington St),*FROM ZAMORA ST.TO GOV. ABALO ST(GOMEZ),CR,Commercial - Regular,11210.0
raw,"RDO No. 72 - Roxas City, Capiz is composed of the following City and Munic",,,2ND,:   CAPIZ,ROXAS CITY,VI,J.M. ALBAR ST (formerly Washington St),,CR,Commercial - Regular,4250.0
raw,"RDO No. 72 - Roxas City, Capiz is composed of the following City and Munic",,,2ND,:   CAPIZ,ROXAS CITY,VI,J.M. ALBAR ST (formerly Washington St),,RR,Residential - Regular,4400.0
raw,"RDO No. 72 - Roxas City, Capiz is composed of the following City and Munic",,,2ND,:   CAPIZ,ROXAS CITY,VI,J.M. ALBAR ST (formerly Washington St),,CR,Commercial - Regular,5450.0
raw,"RDO No. 72 - Roxas City, Capiz is composed of the following City and Munic",025-2021,"October 31, 2021",3RD,:   CAPIZ,ROXAS CITY,VI,LAKANDULA ST,*FROM RIZAL ST. TO NORTHERN ELOISA ST,RR,Residential - Regular,4010.0
raw,"RDO No. 72 - Roxas City, Capiz is composed of the following City and Munic",025-2021,"October 31, 2021",3RD,:   CAPIZ,ROXAS CITY,VI,LAKANDULA ST,*FROM RIZAL ST. TO NORTHERN ELOISA ST,CR,Commercial - Regular,9000.0
raw,"RDO No. 72 - Roxas City, Capiz is composed of the following City and Munic",,,2ND,:   CAPIZ,ROXAS CITY,VI,LAKANDULA ST,,RR,Residential - Regular,1750.0
raw,"RDO No. 72 - Roxas City, Capiz is composed of the following City and Munic",,,2ND,:   CAPIZ,ROXAS CITY,VI,LAKANDULA ST,,CR,Commercial - Regular,4300.0
raw,"RDO No. 72 - Roxas City, Capiz is composed of the following City and Munic",,,2ND,:   CAPIZ,ROXAS CITY,VI,LOPEZ JAENA ST,,RR,Residential - Regular,1800.0
raw,"RDO No. 72 - Roxas City, Capiz is composed of the following City and Munic",,,2ND,:   CAPIZ,ROXAS CITY,VI,LOPEZ JAENA ST,,CR,Commercial - Regular,4650.0
raw,"RDO No. 72 - Roxas City, Capiz is composed of the following City and Munic",,,2ND,:   CAPIZ,ROXAS CITY,VI,RIZAL ST,,RR,Residential - Regular,2000.0
raw,"RDO No. 72 - Roxas City, Capiz is composed of the following City and Munic",,,2ND,:   CAPIZ,ROXAS CITY,VI,RIZAL ST,,CR,Commercial - Regular,4950.0
raw,"RDO No. 72 - Roxas City, Capiz is composed of the following City and Munic",,,2ND,:   CAPIZ,ROXAS CITY,VI,ZAMORA ST,,RR,Residential - Regular,1915.0
raw,"RDO No. 72 - Roxas City, Capiz is composed of the following City and Munic",,,2ND,:   CAPIZ,ROXAS CITY,VI,ZAMORA ST,,CR,Commercial - Regular,4450.0
raw,"RDO No. 72 - Roxas City, Capiz is composed of the following City and Munic",025-2021,"October 31, 2021",3RD,:   CAPIZ,ROXAS CITY,VII,*SOUTHERN SIDE OF RIZAL ST,*FROM RIZAL ST.CREEK TO ZAMORA ST,RR,Residential - Regular,4500.0
raw,"RDO No. 72 - Roxas City, Capiz is composed of the following City and Munic",025-2021,"October 31, 2021",3RD,:   CAPIZ,ROXAS CITY,VII,*SOUTHERN SIDE OF RIZAL ST,*FROM RIZAL ST.CREEK TO ZAMORA ST,CR,Commercial - Regular,10940.0
raw,"RDO No. 72 - Roxas City, Capiz is composed of the following City and Munic",025-2021,"October 31, 2021",3RD,:   CAPIZ,ROXAS CITY,VII,*WESTERN SIDE OF ZAMORA ST,*FROM RIZAL ST. JOSE ALBAR ST,RR,Residential - Regular,4500.0
raw,"RDO No. 72 - Roxas City, Capiz is composed of the following City and Munic",025-2021,"October 31, 2021",3RD,:   CAPIZ,ROXAS CITY,VII,*WESTERN SIDE OF ZAMORA ST,*FROM RIZAL ST. JOSE ALBAR ST,CR,Commercial - Regular,10390.0
raw,"RDO No. 72 - Roxas City, Capiz is composed of the following City and Munic",025-2021,"October 31, 2021",3RD,:   CAPIZ,ROXAS CITY,VII,*WESTERN SIDE OF ZAMORA ST,*FROM RIZAL ST. JOSE ALBAR ST,I,Industrial,7980.0
raw,"RDO No. 72 - Roxas City, Capiz is composed of the following City and Munic",025-2021,"October 31, 2021",3RD,:   CAPIZ,ROXAS CITY,VII,ALL OTHER STREETS,*FROM RIZAL ST. JOSE ALBAR ST,X,Special / Other,8810.0
raw,"RDO No. 72 - Roxas City, Capiz is composed of the following City and Munic",025-2021,"October 31, 2021",3RD,:   CAPIZ,ROXAS CITY,VII,ALL OTHER STREETS,*FROM RIZAL ST. JOSE ALBAR ST,GP,General Purpose,2030.0
raw,"RDO No. 72 - Roxas City, Capiz is composed of the following City and Munic",,,2ND,:   CAPIZ,ROXAS CITY,VII,ALL OTHER STREETS,,X,Special / Other,3438.0
raw,"RDO No. 72 - Roxas City, Capiz is composed of the following City and Munic",,,2ND,:   CAPIZ,ROXAS CITY,VII,ALL OTHER STREETS,,GP,General Purpose,775.0
raw,"RDO No. 72 - Roxas City, Capiz is composed of the following City and Munic",025-2021,"October 31, 2021",3RD,:   CAPIZ,ROXAS CITY,VII,GOV. G. HERNANDEZ AVENUE,*FROM RIZAL ST.TO FOOT OF MAYOR JULIANO ALBA BRIDGE(JUMBO BRIDGE),RR,Residential - Regular,4410.0
raw,"RDO No. 72 - Roxas City, Capiz is composed of the following City and Munic",025-2021,"October 31, 2021",3RD,:   CAPIZ,ROXAS CITY,VII,GOV. G. HERNANDEZ AVENUE,*FROM RIZAL ST.TO FOOT OF MAYOR JULIANO ALBA BRIDGE(JUMBO BRIDGE),CR,Commercial - Regular,10670.0
raw,"RDO No. 72 - Roxas City, Capiz is composed of the following City and Munic",,,2ND,:   CAPIZ,ROXAS CITY,VII,GOV. G. HERNANDEZ AVENUE,,RR,Residential - Regular,1750.0
raw,"RDO No. 72 - Roxas City, Capiz is composed of the following City and Munic",,,2ND,:   CAPIZ,ROXAS CITY,VII,GOV. G. HERNANDEZ AVENUE,,CR,Commercial - Regular,4500.0
raw,"RDO No. 72 - Roxas City, Capiz is composed of the following City and Munic",,,2ND,:   CAPIZ,ROXAS CITY,VII,RIZAL ST,,RR,Residential - Regular,1800.0
raw,"RDO No. 72 - Roxas City, Capiz is composed of the following City and Munic",,,2ND,:   CAPIZ,ROXAS CITY,VII,RIZAL ST,,CR,Commercial - Regular,4650.0
raw,"RDO No. 72 - Roxas City, Capiz is composed of the following City and Munic",,,2ND,:   CAPIZ,ROXAS CITY,VII,ZAMORA ST,,RR,Residential - Regular,1800.0
raw,"RDO No. 72 - Roxas City, Capiz is composed of the following City and Munic",,,2ND,:   CAPIZ,ROXAS CITY,VII,ZAMORA ST,,CR,Commercial - Regular,4340.0
raw,"RDO No. 72 - Roxas City, Capiz is composed of the following City and Munic",,,2ND,:   CAPIZ,ROXAS CITY,VII,ZAMORA ST,,I,Industrial,3438.0
raw,"RDO No. 72 - Roxas City, Capiz is composed of the following City and Munic",025-2021,"October 31, 2021",3RD,:   CAPIZ,ROXAS CITY,VIII,*EASTERN SIDE OF ROXAS AVENUE,*FROM PANAY RIVER TO CORNER FUENTES DRIVE,RR,Residential - Regular,5640.0
raw,"RDO No. 72 - Roxas City, Capiz is composed of the following City and Munic",025-2021,"October 31, 2021",3RD,:   CAPIZ,ROXAS CITY,VIII,*EASTERN SIDE OF ROXAS AVENUE,*FROM PANAY RIVER TO CORNER FUENTES DRIVE,CR,Commercial - Regular,12750.0
raw,"RDO No. 72 - Roxas City, Capiz is composed of the following City and Munic",025-2021,"October 31, 2021",3RD,:   CAPIZ,ROXAS CITY,VIII,*EASTERN SIDE OF ROXAS AVENUE,*FROM PANAY RIVER TO CORNER FUENTES DRIVE,I,Industrial,10000.0
raw,"RDO No. 72 - Roxas City, Capiz is composed of the following City and Munic",025-2021,"October 31, 2021",3RD,:   CAPIZ,ROXAS CITY,VIII,*LAKANDULA ST,*FROM ROXAS AVENUE TO CORNER HONTIVEROS ST.(PLARIDEL),RR,Residential - Regular,5140.0
raw,"RDO No. 72 - Roxas City, Capiz is composed of the following City and Munic",025-2021,"October 31, 2021",3RD,:   CAPIZ,ROXAS CITY,VIII,*LAKANDULA ST,*FROM ROXAS AVENUE TO CORNER HONTIVEROS ST.(PLARIDEL),CR,Commercial - Regular,10500.0
raw,"RDO No. 72 - Roxas City, Capiz is composed of the following City and Munic",025-2021,"October 31, 2021",3RD,:   CAPIZ,ROXAS CITY,VIII,*NORTHERN SIDE OF FUENTES DRIVE,*FROM ROXAS AVENUE TO SAN ROQUE EXT.,RR,Residential - Regular,4030.0
raw,"RDO No. 72 - Roxas City, Capiz is composed of the following City and Munic",025-2021,"October 31, 2021",3RD,:   CAPIZ,ROXAS CITY,VIII,*NORTHERN SIDE OF FUENTES DRIVE,*FROM ROXAS AVENUE TO SAN ROQUE EXT.,CR,Commercial - Regular,11580.0
raw,"RDO No. 72 - Roxas City, Capiz is composed of the following City and Munic",025-2021,"October 31, 2021",3RD,:   CAPIZ,ROXAS CITY,VIII,*TATC SOUTH ROAD,*FROM PLARIDEL/HONTIVEROS ST. TO CORNER SAN ROQUE EXT.,RR,Residential - Regular,5240.0
raw,"RDO No. 72 - Roxas City, Capiz is composed of the following City and Munic",025-2021,"October 31, 2021",3RD,:   CAPIZ,ROXAS CITY,VIII,*TATC SOUTH ROAD,*FROM PLARIDEL/HONTIVEROS ST. TO CORNER SAN ROQUE EXT.,CR,Commercial - Regular,12750.0
raw,"RDO No. 72 - Roxas City, Capiz is composed of the following City and Munic",025-2021,"October 31, 2021",3RD,:   CAPIZ,ROXAS CITY,VIII,ALL STREETS,*FROM ROXAS AVENUE TO CORNER HONTIVEROS ST.(PLARIDEL),RR,Residential - Regular,5140.0
raw,"RDO No. 72 - Roxas City, Capiz is composed of the following City and Munic",025-2021,"October 31, 2021",3RD,:   CAPIZ,ROXAS CITY,VIII,ALL STREETS,*FROM ROXAS AVENUE TO CORNER HONTIVEROS ST.(PLARIDEL),CR,Commercial - Regular,9500.0
raw,"RDO No. 72 - Roxas City, Capiz is composed of the following City and Munic",025-2021,"October 31, 2021",3RD,:   CAPIZ,ROXAS CITY,VIII,ALL STREETS,*FROM ROXAS AVENUE TO CORNER HONTIVEROS ST.(PLARIDEL),I,Industrial,10650.0
raw,"RDO No. 72 - Roxas City, Capiz is composed of the following City and Munic",025-2021,"October 31, 2021",3RD,:   CAPIZ,ROXAS CITY,VIII,ALL STREETS,*FROM ROXAS AVENUE TO CORNER HONTIVEROS ST.(PLARIDEL),X,Special / Other,4560.0
raw,"RDO No. 72 - Roxas City, Capiz is composed of the following City and Munic",025-2021,"October 31, 2021",3RD,:   CAPIZ,ROXAS CITY,VIII,ALL STREETS,*FROM ROXAS AVENUE TO CORNER HONTIVEROS ST.(PLARIDEL),GP,General Purpose,3160.0
raw,"RDO No. 72 - Roxas City, Capiz is composed of the following City and Munic",,,2ND,:   CAPIZ,ROXAS CITY,VIII,ALL STREETS,,X,Special / Other,2450.0
raw,"RDO No. 72 - Roxas City, Capiz is composed of the following City and Munic",,,2ND,:   CAPIZ,ROXAS CITY,VIII,ALL STREETS,,GP,General Purpose,2450.0
raw,"RDO No. 72 - Roxas City, Capiz is composed of the following City and Munic",,,2ND,:   CAPIZ,ROXAS CITY,VIII,FUENTES DRIVE,,RR,Residential - Regular,3100.0
raw,"RDO No. 72 - Roxas City, Capiz is composed of the following City and Munic",,,2ND,:   CAPIZ,ROXAS CITY,VIII,FUENTES DRIVE,,CR,Commercial - Regular,9084.0
raw,"RDO No. 72 - Roxas City, Capiz is composed of the following City and Munic",025-2021,"October 31, 2021",3RD,:   CAPIZ,ROXAS CITY,VIII,JUSTICE HONTEVEROS ST (formerly Altavas St),*FROM FOOT OF CAPIZ BRIDGE TO NORTHERN SIDE OF FUENTES DRIVE,RR,Residential - Regular,7470.0
raw,"RDO No. 72 - Roxas City, Capiz is composed of the following City and Munic",025-2021,"October 31, 2021",3RD,:   CAPIZ,ROXAS CITY,VIII,JUSTICE HONTEVEROS ST (formerly Altavas St),*FROM FOOT OF CAPIZ BRIDGE TO NORTHERN SIDE OF FUENTES DRIVE,CR,Commercial - Regular,12730.0
raw,"RDO No. 72 - Roxas City, Capiz is composed of the following City and Munic",,,2ND,:   CAPIZ,ROXAS CITY,VIII,JUSTICE HONTEVEROS ST (formerly Altavas St),,RR,Residential - Regular,5800.0
raw,"RDO No. 72 - Roxas City, Capiz is composed of the following City and Munic",,,2ND,:   CAPIZ,ROXAS CITY,VIII,JUSTICE HONTEVEROS ST (formerly Altavas St),,CR,Commercial - Regular,9960.0
raw,"RDO No. 72 - Roxas City, Capiz is composed of the following City and Munic",,,2ND,:   CAPIZ,ROXAS CITY,VIII,ROXAS AVENUE,,RR,Residential - Regular,4392.0
raw,"RDO No. 72 - Roxas City, Capiz is composed of the following City and Munic",,,2ND,:   CAPIZ,ROXAS CITY,VIII,ROXAS AVENUE,,CR,Commercial - Regular,10200.0
raw,"RDO No. 72 - Roxas City, Capiz is composed of the following City and Munic",025-2021,"October 31, 2021",3RD,:   CAPIZ,ROXAS CITY,VIII,SAN ROQUE EXTENSION,*FROM FOOT OF SAN ROQUE BRIDGE TO FUENTES DRIVE,RR,Residential - Regular,3500.0
raw,"RDO No. 72 - Roxas City, Capiz is composed of the following City and Munic",025-2021,"October 31, 2021",3RD,:   CAPIZ,ROXAS CITY,VIII,SAN ROQUE EXTENSION,*FROM FOOT OF SAN ROQUE BRIDGE TO FUENTES DRIVE,CR,Commercial - Regular,10500.0
raw,"RDO No. 72 - Roxas City, Capiz is composed of the following City and Munic",,,2ND,:   CAPIZ,ROXAS CITY,VIII,SAN ROQUE EXTENSION,,RR,Residential - Regular,2900.0
raw,"RDO No. 72 - Roxas City, Capiz is composed of the following City and Munic",,,2ND,:   CAPIZ,ROXAS CITY,VIII,SAN ROQUE EXTENSION,,CR,Commercial - Regular,9390.0
raw,"RDO No. 72 - Roxas City, Capiz is composed of the following City and Munic",025-2021,"October 31, 2021",3RD,:   CAPIZ,ROXAS CITY,VIII,SERGIO OSMEÑ ST (formerly Pavia St.),*FROM ROXAS AVENUE TO CORNER HONTIVEROS ST.(PLARIDEL),RR,Residential - Regular,3990.0
raw,"RDO No. 72 - Roxas City, Capiz is composed of the following City and Munic",025-2021,"October 31, 2021",3RD,:   CAPIZ,ROXAS CITY,VIII,SERGIO OSMEÑ ST (formerly Pavia St.),*FROM ROXAS AVENUE TO CORNER HONTIVEROS ST.(PLARIDEL),CR,Commercial - Regular,10920.0
raw,"RDO No. 72 - Roxas City, Capiz is composed of the following City and Munic",025-2021,"October 31, 2021",3RD,:   CAPIZ,ROXAS CITY,VIII,SERGIO OSMEÑ ST (formerly Pavia St.),*FROM ROXAS AVENUE TO CORNER HONTIVEROS ST.(PLARIDEL),I,Industrial,7760.0
raw,"RDO No. 72 - Roxas City, Capiz is composed of the following City and Munic",,,2ND,:   CAPIZ,ROXAS CITY,VIII,SERGIO OSMEÑ ST (formerly Pavia St.),,RR,Residential - Regular,2700.0
raw,"RDO No. 72 - Roxas City, Capiz is composed of the following City and Munic",,,2ND,:   CAPIZ,ROXAS CITY,VIII,SERGIO OSMEÑ ST (formerly Pavia St.),,CR,Commercial - Regular,8730.0
raw,"RDO No. 72 - Roxas City, Capiz is composed of the following City and Munic",,,2ND,:   CAPIZ,ROXAS CITY,VIII,SERGIO OSMEÑ ST (formerly Pavia St.),,I,Industrial,6125.0
raw,"RDO No. 72 - Roxas City, Capiz is composed of the following City and Munic",025-2021,"October 31, 2021",3RD,:   CAPIZ,ROXAS CITY,VIII,TATC NORTH ROAD,*FROM PLARIDEL/HONTIVEROS ST. TO CORNER SAN ROQUE EXT.,RR,Residential - Regular,4430.0
raw,"RDO No. 72 - Roxas City, Capiz is composed of the following City and Munic",025-2021,"October 31, 2021",3RD,:   CAPIZ,ROXAS CITY,VIII,TATC NORTH ROAD,*FROM PLARIDEL/HONTIVEROS ST. TO CORNER SAN ROQUE EXT.,CR,Commercial - Regular,12640.0
raw,"RDO No. 72 - Roxas City, Capiz is composed of the following City and Munic",,,2ND,:   CAPIZ,ROXAS CITY,VIII,TATC NORTH ROAD,,RR,Residential - Regular,3300.0
raw,"RDO No. 72 - Roxas City, Capiz is composed of the following City and Munic",,,2ND,:   CAPIZ,ROXAS CITY,VIII,TATC NORTH ROAD,,CR,Commercial - Regular,10050.0
raw,"RDO No. 72 - Roxas City, Capiz is composed of the following City and Munic",,,2ND,:   CAPIZ,ROXAS CITY,VIII,TATC NORTH ROAD,,RR,Residential - Regular,3300.0
raw,"RDO No. 72 - Roxas City, Capiz is composed of the following City and Munic",,,2ND,:   CAPIZ,ROXAS CITY,VIII,TATC NORTH ROAD,,CR,Commercial - Regular,10050.0
raw,"RDO No. 72 - Roxas City, Capiz is composed of the following City and Munic",025-2021,"October 31, 2021",3RD,:   CAPIZ,ROXAS CITY,X,*LAWA-AN LANOT ROAD (HIGHWAY)WESTERN SIDE OF ROXAS AVE,*FROM ROXAS AVE. TO BRGY. BOUNDARY LINE OF BRGY. X AND LAWAAN,RR,Residential - Regular,3630.0
raw,"RDO No. 72 - Roxas City, Capiz is composed of the following City and Munic",025-2021,"October 31, 2021",3RD,:   CAPIZ,ROXAS CITY,X,*LAWA-AN LANOT ROAD (HIGHWAY)WESTERN SIDE OF ROXAS AVE,*FROM ROXAS AVE. TO BRGY. BOUNDARY LINE OF BRGY. X AND LAWAAN,CR,Commercial - Regular,12730.0
raw,"RDO No. 72 - Roxas City, Capiz is composed of the following City and Munic",025-2021,"October 31, 2021",3RD,:   CAPIZ,ROXAS CITY,X,ALL OTHER STREETS,*FROM BBM 51 TO EASTERN PORTION OF BBM 32,RR,Residential - Regular,3130.0
raw,"RDO No. 72 - Roxas City, Capiz is composed of the following City and Munic",025-2021,"October 31, 2021",3RD,:   CAPIZ,ROXAS CITY,X,ALL OTHER STREETS,*FROM BBM 51 TO EASTERN PORTION OF BBM 32,CR,Commercial - Regular,9380.0
raw,"RDO No. 72 - Roxas City, Capiz is composed of the following City and Munic",025-2021,"October 31, 2021",3RD,:   CAPIZ,ROXAS CITY,X,ALL OTHER STREETS,*FROM BBM 51 TO EASTERN PORTION OF BBM 32,X,Special / Other,5620.0
raw,"RDO No. 72 - Roxas City, Capiz is composed of the following City and Munic",,,2ND,:   CAPIZ,ROXAS CITY,X,ALL OTHER STREETS,FR BBM 51 TO EASTERN PORTION OF BBM 32,X,Special / Other,4875.0
raw,"RDO No. 72 - Roxas City, Capiz is composed of the following City and Munic",,,2ND,:   CAPIZ,ROXAS CITY,X,ALL OTHER STREETS,FR BBM 51 TO EASTERN PORTION OF BBM 32,GP,General Purpose,1000.0
raw,"RDO No. 72 - Roxas City, Capiz is composed of the following City and Munic",025-2021,"October 31, 2021",3RD,:   CAPIZ,ROXAS CITY,X,ALZAREZ SUBDIVISION,*FROM BBM 51 TO EASTERN PORTION OF BBM 32,RR,Residential - Regular,3680.0
raw,"RDO No. 72 - Roxas City, Capiz is composed of the following City and Munic",025-2021,"October 31, 2021",3RD,:   CAPIZ,ROXAS CITY,X,ALZAREZ SUBDIVISION,*FROM BBM 51 TO EASTERN PORTION OF BBM 32,CR,Commercial - Regular,6610.0
raw,"RDO No. 72 - Roxas City, Capiz is composed of the following City and Munic",,,2ND,:   CAPIZ,ROXAS CITY,X,ALZAREZ SUBDIVISION,FR BBM 51 TO EASTERN PORTION OF BBM 32,RR,Residential - Regular,3200.0
raw,"RDO No. 72 - Roxas City, Capiz is composed of the following City and Munic",,,2ND,:   CAPIZ,ROXAS CITY,X,ALZAREZ SUBDIVISION,FR BBM 51 TO EASTERN PORTION OF BBM 32,CR,Commercial - Regular,5640.0
raw,"RDO No. 72 - Roxas City, Capiz is composed of the following City and Munic",,,2ND,:   CAPIZ,ROXAS CITY,X,LAWA-AN LANOT ROAD (HIGHWAY),,RR,Residential - Regular,2500.0
raw,"RDO No. 72 - Roxas City, Capiz is composed of the following City and Munic",,,2ND,:   CAPIZ,ROXAS CITY,X,LAWA-AN LANOT ROAD (HIGHWAY),,CR,Commercial - Regular,10805.0
raw,"RDO No. 72 - Roxas City, Capiz is composed of the following City and Munic",025-2021,"October 31, 2021",3RD,:   CAPIZ,ROXAS CITY,X,PHIL. RAILWAY STREET,*FROM BBM 51 TO EASTERN PORTION OF BBM 32,RR,Residential - Regular,3480.0
raw,"RDO No. 72 - Roxas City, Capiz is composed of the following City and Munic",025-2021,"October 31, 2021",3RD,:   CAPIZ,ROXAS CITY,X,PHIL. RAILWAY STREET,*FROM BBM 51 TO EASTERN PORTION OF BBM 32,CR,Commercial - Regular,5900.0
raw,"RDO No. 72 - Roxas City, Capiz is composed of the following City and Munic",025-2021,"October 31, 2021",3RD,:   CAPIZ,ROXAS CITY,X,PHIL. RAILWAY STREET,*FROM BBM 51 TO EASTERN PORTION OF BBM 32,I,Industrial,5180.0
raw,"RDO No. 72 - Roxas City, Capiz is composed of the following City and Munic",,,2ND,:   CAPIZ,ROXAS CITY,X,PHIL. RAILWAY STREET,FR BBM 51 TO EASTERN PORTION OF BBM 32,RR,Residential - Regular,2930.0
raw,"RDO No. 72 - Roxas City, Capiz is composed of the following City and Munic",,,2ND,:   CAPIZ,ROXAS CITY,X,PHIL. RAILWAY STREET,FR BBM 51 TO EASTERN PORTION OF BBM 32,CR,Commercial - Regular,4840.0
raw,"RDO No. 72 - Roxas City, Capiz is composed of the following City and Munic",,,2ND,:   CAPIZ,ROXAS CITY,X,PHIL. RAILWAY STREET,FR BBM 51 TO EASTERN PORTION OF BBM 32,I,Industrial,4500.0
raw,"RDO No. 72 - Roxas City, Capiz is composed of the following City and Munic",025-2021,"October 31, 2021",3RD,:   CAPIZ,ROXAS CITY,XI,*EASTERN SIDE OF ROXAS AVENUE,*FROM NOTHERN SIDE OF ROXAS AVE. CORNER FUENTES DRIVE TO BRGY. LINE OF BRGY.,RR,Residential - Regular,5000.0
raw,"RDO No. 72 - Roxas City, Capiz is composed of the following City and Munic",025-2021,"October 31, 2021",3RD,:   CAPIZ,ROXAS CITY,XI,*EASTERN SIDE OF ROXAS AVENUE,*FROM NOTHERN SIDE OF ROXAS AVE. CORNER FUENTES DRIVE TO BRGY. LINE OF BRGY.,CR,Commercial - Regular,12000.0
raw,"RDO No. 72 - Roxas City, Capiz is composed of the following City and Munic",025-2021,"October 31, 2021",3RD,:   CAPIZ,ROXAS CITY,XI,*EASTERN SIDE OF ROXAS AVENUE,*FROM NOTHERN SIDE OF ROXAS AVE. CORNER FUENTES DRIVE TO BRGY. LINE OF BRGY.,I,Industrial,7120.0
raw,"RDO No. 72 - Roxas City, Capiz is composed of the following City and Munic",025-2021,"October 31, 2021",3RD,:   CAPIZ,ROXAS CITY,XI,*SOUTHERN SIDE OF FUENTES DRIVE,*FROM AVE TO BGRY. BDRY.LINE OF BRGY. IX BRGY TIZA,RR,Residential - Regular,3950.0
raw,"RDO No. 72 - Roxas City, Capiz is composed of the following City and Munic",025-2021,"October 31, 2021",3RD,:   CAPIZ,ROXAS CITY,XI,*SOUTHERN SIDE OF FUENTES DRIVE,*FROM AVE TO BGRY. BDRY.LINE OF BRGY. IX BRGY TIZA,CR,Commercial - Regular,10170.0
raw,"RDO No. 72 - Roxas City, Capiz is composed of the following City and Munic",025-2021,"October 31, 2021",3RD,:   CAPIZ,ROXAS CITY,XI,ALCAZAR SUBDIVISION ROAD,*FROM EASTERN SIDE OF ROXAS AVE. GOING AROUND DPWH TO BGRY. BDRY. LINE OF BGRY.,RR,Residential - Regular,3040.0
raw,"RDO No. 72 - Roxas City, Capiz is composed of the following City and Munic",025-2021,"October 31, 2021",3RD,:   CAPIZ,ROXAS CITY,XI,ALCAZAR SUBDIVISION ROAD,*FROM EASTERN SIDE OF ROXAS AVE. GOING AROUND DPWH TO BGRY. BDRY. LINE OF BGRY.,CR,Commercial - Regular,6320.0
raw,"RDO No. 72 - Roxas City, Capiz is composed of the following City and Munic",,,2ND,:   CAPIZ,ROXAS CITY,XI,ALCAZAR SUBDIVISION ROAD,,RR,Residential - Regular,2040.0
raw,"RDO No. 72 - Roxas City, Capiz is composed of the following City and Munic",,,2ND,:   CAPIZ,ROXAS CITY,XI,ALCAZAR SUBDIVISION ROAD,,CR,Commercial - Regular,4245.0
raw,"RDO No. 72 - Roxas City, Capiz is composed of the following City and Munic",025-2021,"October 31, 2021",3RD,:   CAPIZ,ROXAS CITY,XI,ALL OTHER STREETS,*FROM NOTHERN SIDE OF ROXAS AVE. CORNER FUENTES DRIVE TO BRGY. LINE OF BRGY.,RR,Residential - Regular,2840.0
raw,"RDO No. 72 - Roxas City, Capiz is composed of the following City and Munic",025-2021,"October 31, 2021",3RD,:   CAPIZ,ROXAS CITY,XI,ALL OTHER STREETS,*FROM NOTHERN SIDE OF ROXAS AVE. CORNER FUENTES DRIVE TO BRGY. LINE OF BRGY.,CR,Commercial - Regular,5920.0
raw,"RDO No. 72 - Roxas City, Capiz is composed of the following City and Munic",025-2021,"October 31, 2021",3RD,:   CAPIZ,ROXAS CITY,XI,ALL OTHER STREETS,*FROM NOTHERN SIDE OF ROXAS AVE. CORNER FUENTES DRIVE TO BRGY. LINE OF BRGY.,I,Industrial,7070.0
raw,"RDO No. 72 - Roxas City, Capiz is composed of the following City and Munic",025-2021,"October 31, 2021",3RD,:   CAPIZ,ROXAS CITY,XI,ALL OTHER STREETS,*FROM NOTHERN SIDE OF ROXAS AVE. CORNER FUENTES DRIVE TO BRGY. LINE OF BRGY.,X,Special / Other,7070.0
raw,"RDO No. 72 - Roxas City, Capiz is composed of the following City and Munic",025-2021,"October 31, 2021",3RD,:   CAPIZ,ROXAS CITY,XI,ALL OTHER STREETS,*FROM NOTHERN SIDE OF ROXAS AVE. CORNER FUENTES DRIVE TO BRGY. LINE OF BRGY.,GP,General Purpose,2840.0
raw,"RDO No. 72 - Roxas City, Capiz is composed of the following City and Munic",,,2ND,:   CAPIZ,ROXAS CITY,XI,ALL OTHER STREETS,,X,Special / Other,5200.0
raw,"RDO No. 72 - Roxas City, Capiz is composed of the following City and Munic",,,2ND,:   CAPIZ,ROXAS CITY,XI,ALL OTHER STREETS,,GP,General Purpose,2033.5
raw,"RDO No. 72 - Roxas City, Capiz is composed of the following City and Munic",025-2021,"October 31, 2021",3RD,:   CAPIZ,ROXAS CITY,XI,CALLE JOAQUIN,*FROM EASTERN SIDE OF ROXAS AVE TO NORTHERN SIDE OF CALLE MARGARITA,RR,Residential - Regular,3250.0
raw,"RDO No. 72 - Roxas City, Capiz is composed of the following City and Munic",025-2021,"October 31, 2021",3RD,:   CAPIZ,ROXAS CITY,XI,CALLE JOAQUIN,*FROM EASTERN SIDE OF ROXAS AVE TO NORTHERN SIDE OF CALLE MARGARITA,CR,Commercial - Regular,7050.0
raw,"RDO No. 72 - Roxas City, Capiz is composed of the following City and Munic",,,2ND,:   CAPIZ,ROXAS CITY,XI,CALLE JOAQUIN,,RR,Residential - Regular,2290.0
raw,"RDO No. 72 - Roxas City, Capiz is composed of the following City and Munic",,,2ND,:   CAPIZ,ROXAS CITY,XI,CALLE JOAQUIN,,CR,Commercial - Regular,5110.0
raw,"RDO No. 72 - Roxas City, Capiz is composed of the following City and Munic",025-2021,"October 31, 2021",3RD,:   CAPIZ,ROXAS CITY,XI,CALLE MARGARITA,*FROM SOUTHERN SIDE OF CALLE JOAQUIN TO NORTHEN SIDE OF MANSSION ROAD,RR,Residential - Regular,3580.0
raw,"RDO No. 72 - Roxas City, Capiz is composed of the following City and Munic",025-2021,"October 31, 2021",3RD,:   CAPIZ,ROXAS CITY,XI,CALLE MARGARITA,*FROM SOUTHERN SIDE OF CALLE JOAQUIN TO NORTHEN SIDE OF MANSSION ROAD,CR,Commercial - Regular,6750.0
raw,"RDO No. 72 - Roxas City, Capiz is composed of the following City and Munic",,,2ND,:   CAPIZ,ROXAS CITY,XI,CALLE MARGARITA,,RR,Residential - Regular,2585.0
raw,"RDO No. 72 - Roxas City, Capiz is composed of the following City and Munic",,,2ND,:   CAPIZ,ROXAS CITY,XI,CALLE MARGARITA,,CR,Commercial - Regular,4755.0
raw,"RDO No. 72 - Roxas City, Capiz is composed of the following City and Munic",,,2ND,:   CAPIZ,ROXAS CITY,XI,FUENTES DRIVE,,RR,Residential - Regular,2765.5
raw,"RDO No. 72 - Roxas City, Capiz is composed of the following City and Munic",,,2ND,:   CAPIZ,ROXAS CITY,XI,FUENTES DRIVE,,CR,Commercial - Regular,7334.0
raw,"RDO No. 72 - Roxas City, Capiz is composed of the following City and Munic",025-2021,"October 31, 2021",3RD,:   CAPIZ,ROXAS CITY,XI,HEMINGWAY ST,*FROM NORTHERN SIDE OF ROXAS AVE. CORNER.FUENTES DRIVE TO BRGY. BDRY. LINE OF BRGY.,RR,Residential - Regular,3490.0
raw,"RDO No. 72 - Roxas City, Capiz is composed of the following City and Munic",025-2021,"October 31, 2021",3RD,:   CAPIZ,ROXAS CITY,XI,HEMINGWAY ST,*FROM NORTHERN SIDE OF ROXAS AVE. CORNER.FUENTES DRIVE TO BRGY. BDRY. LINE OF BRGY.,CR,Commercial - Regular,6500.0
raw,"RDO No. 72 - Roxas City, Capiz is composed of the following City and Munic",,,2ND,:   CAPIZ,ROXAS CITY,XI,HIMINGWAY ST,,RR,Residential - Regular,2485.0
raw,"RDO No. 72 - Roxas City, Capiz is composed of the following City and Munic",,,2ND,:   CAPIZ,ROXAS CITY,XI,HIMINGWAY ST,,CR,Commercial - Regular,4455.0
raw,"RDO No. 72 - Roxas City, Capiz is composed of the following City and Munic",025-2021,"October 31, 2021",3RD,:   CAPIZ,ROXAS CITY,XI,MANSION ROAD,*FROM EASTERN SIDE OF ROXAS AVE. TO EASTERN SIDE OF CALLE MARGARITA,RR,Residential - Regular,2920.0
raw,"RDO No. 72 - Roxas City, Capiz is composed of the following City and Munic",025-2021,"October 31, 2021",3RD,:   CAPIZ,ROXAS CITY,XI,MANSION ROAD,*FROM EASTERN SIDE OF ROXAS AVE. TO EASTERN SIDE OF CALLE MARGARITA,CR,Commercial - Regular,5500.0
raw,"RDO No. 72 - Roxas City, Capiz is composed of the following City and Munic",,,2ND,:   CAPIZ,ROXAS CITY,XI,MANSION ROAD,,RR,Residential - Regular,1892.0
raw,"RDO No. 72 - Roxas City, Capiz is composed of the following City and Munic",,,2ND,:   CAPIZ,ROXAS CITY,XI,MANSION ROAD,,CR,Commercial - Regular,4940.0
raw,"RDO No. 72 - Roxas City, Capiz is composed of the following City and Munic",025-2021,"October 31, 2021",3RD,:   CAPIZ,ROXAS CITY,XI,ROOSEVILLE HEIGHTS,*FROM EASTERN SIDE OF ROXAS AVE. TO INTERIOR SIDE OF ROSEVILLE HEIGHTS,RR,Residential - Regular,2850.0
raw,"RDO No. 72 - Roxas City, Capiz is composed of the following City and Munic",025-2021,"October 31, 2021",3RD,:   CAPIZ,ROXAS CITY,XI,ROOSEVILLE HEIGHTS,*FROM EASTERN SIDE OF ROXAS AVE. TO INTERIOR SIDE OF ROSEVILLE HEIGHTS,CR,Commercial - Regular,6400.0
raw,"RDO No. 72 - Roxas City, Capiz is composed of the following City and Munic",,,2ND,:   CAPIZ,ROXAS CITY,XI,ROOSEVILLE HEIGHTS,,RR,Residential - Regular,1815.0
raw,"RDO No. 72 - Roxas City, Capiz is composed of the following City and Munic",,,2ND,:   CAPIZ,ROXAS CITY,XI,ROOSEVILLE HEIGHTS,,CR,Commercial - Regular,4345.0
raw,"RDO No. 72 - Roxas City, Capiz is composed of the following City and Munic",,,2ND,:   CAPIZ,ROXAS CITY,XI,ROXAS AVENUE,,RR,Residential - Regular,4680.0
raw,"RDO No. 72 - Roxas City, Capiz is composed of the following City and Munic",,,2ND,:   CAPIZ,ROXAS CITY,XI,ROXAS AVENUE,,CR,Commercial - Regular,10860.0
raw,"RDO No. 72 - Roxas City, Capiz is composed of the following City and Munic",,,2ND,:   CAPIZ,ROXAS CITY,XI,ROXAS AVENUE,,I,Industrial,5200.0
raw,"RDO No. 72 - Roxas City, Capiz is composed of the following City and Munic",,,2ND,:   CAPIZ,SAPI-AN,"AGSILAB, AGTACACAY NORTE",ALL LOTS,ADJOINED BY ROAD,RR,Residential - Regular,540.0
raw,"RDO No. 72 - Roxas City, Capiz is composed of the following City and Munic",,,2ND,:   CAPIZ,SAPI-AN,"AGSILAB, AGTACACAY NORTE",ALL LOTS,NOT ADJOINED BY ROADS,RR,Residential - Regular,400.0
raw,"RDO No. 72 - Roxas City, Capiz is composed of the following City and Munic",,,2ND,:   CAPIZ,SAPI-AN,"AGTACACAY SUR, BILAO, DAMAYAN",ALL LOTS,ADJOINED BY ROAD,RR,Residential - Regular,540.0
raw,"RDO No. 72 - Roxas City, Capiz is composed of the following City and Munic",,,2ND,:   CAPIZ,SAPI-AN,"AGTACACAY SUR, BILAO, DAMAYAN",ALL LOTS,NOT ADJOINED BY ROADS,RR,Residential - Regular,400.0
raw,"RDO No. 72 - Roxas City, Capiz is composed of the following City and Munic",,,2ND,:   CAPIZ,SAPI-AN,ALL BARANGAYS (ALL AGRICULTURAL),ALL LOTS,,A1,Agricultural - A1,23.0
raw,"RDO No. 72 - Roxas City, Capiz is composed of the following City and Munic",,,2ND,:   CAPIZ,SAPI-AN,ALL BARANGAYS (ALL AGRICULTURAL),ALL LOTS,,A2,Agricultural - A2,18.0
raw,"RDO No. 72 - Roxas City, Capiz is composed of the following City and Munic",,,2ND,:   CAPIZ,SAPI-AN,ALL BARANGAYS (ALL AGRICULTURAL),ALL LOTS,,A3,Agricultural - A3,10.0
raw,"RDO No. 72 - Roxas City, Capiz is composed of the following City and Munic",,,2ND,:   CAPIZ,SAPI-AN,ALL BARANGAYS (ALL AGRICULTURAL),ALL LOTS,,A4,Agricultural - A4,10.0
raw,"RDO No. 72 - Roxas City, Capiz is composed of the following City and Munic",,,2ND,:   CAPIZ,SAPI-AN,ALL BARANGAYS (ALL AGRICULTURAL),ALL LOTS,,A5,Agricultural - A5,8.0
raw,"RDO No. 72 - Roxas City, Capiz is composed of the following City and Munic",,,2ND,:   CAPIZ,SAPI-AN,ALL BARANGAYS (ALL AGRICULTURAL),ALL LOTS,,A6,Agricultural - A6,18.0
raw,"RDO No. 72 - Roxas City, Capiz is composed of the following City and Munic",,,2ND,:   CAPIZ,SAPI-AN,ALL BARANGAYS (ALL AGRICULTURAL),ALL LOTS,,A7,Agricultural - A7,12.0
raw,"RDO No. 72 - Roxas City, Capiz is composed of the following City and Munic",,,2ND,:   CAPIZ,SAPI-AN,ALL BARANGAYS (ALL AGRICULTURAL),ALL LOTS,,A8,Agricultural - A8,16.0
raw,"RDO No. 72 - Roxas City, Capiz is composed of the following City and Munic",,,2ND,:   CAPIZ,SAPI-AN,ALL BARANGAYS (ALL AGRICULTURAL),ALL LOTS,,A10,Agricultural - A10,7.0
raw,"RDO No. 72 - Roxas City, Capiz is composed of the following City and Munic",,,2ND,:   CAPIZ,SAPI-AN,ALL BARANGAYS (ALL AGRICULTURAL),ALL LOTS,,A12,Agricultural - A12,9.0
raw,"RDO No. 72 - Roxas City, Capiz is composed of the following City and Munic",,,2ND,:   CAPIZ,SAPI-AN,ALL BARANGAYS (ALL AGRICULTURAL),ALL LOTS,,A14,Agricultural - A14,9.0
raw,"RDO No. 72 - Roxas City, Capiz is composed of the following City and Munic",,,2ND,:   CAPIZ,SAPI-AN,ALL BARANGAYS (ALL AGRICULTURAL),ALL LOTS,,A15,Agricultural - A15,8.0
raw,"RDO No. 72 - Roxas City, Capiz is composed of the following City and Munic",,,2ND,:   CAPIZ,SAPI-AN,ALL BARANGAYS (ALL AGRICULTURAL),ALL LOTS,,A16,Agricultural - A16,9.0
raw,"RDO No. 72 - Roxas City, Capiz is composed of the following City and Munic",,,2ND,:   CAPIZ,SAPI-AN,ALL BARANGAYS (ALL AGRICULTURAL),ALL LOTS,,A17,Agricultural - A17,11.0
raw,"RDO No. 72 - Roxas City, Capiz is composed of the following City and Munic",,,2ND,:   CAPIZ,SAPI-AN,ALL BARANGAYS (ALL AGRICULTURAL),ALL LOTS,,A26,Agricultural - A26,9.0
raw,"RDO No. 72 - Roxas City, Capiz is composed of the following City and Munic",,,2ND,:   CAPIZ,SAPI-AN,ALL BARANGAYS (ALL AGRICULTURAL),ALL LOTS,,A36,Agricultural - A36,11.0
raw,"RDO No. 72 - Roxas City, Capiz is composed of the following City and Munic",,,2ND,:   CAPIZ,SAPI-AN,ALL BARANGAYS (ALL AGRICULTURAL),ALL LOTS,,A50,Agricultural - A50,6.0
raw,"RDO No. 72 - Roxas City, Capiz is composed of the following City and Munic",,,2ND,:   CAPIZ,SAPI-AN,ALL BARANGAYS (ALL AGRICULTURAL),ALL LOTS,,A49,Agricultural - A49,5.0
raw,"RDO No. 72 - Roxas City, Capiz is composed of the following City and Munic",,,2ND,:   CAPIZ,SAPI-AN,BONIFACIO ST,A. ALAYON ST,POBLACION,RR,Residential - Regular,580.0
raw,"RDO No. 72 - Roxas City, Capiz is composed of the following City and Munic",,,2ND,:   CAPIZ,SAPI-AN,BONIFACIO ST,A. ARBOLEDA ST,POBLACION,RR,Residential - Regular,585.0
raw,"RDO No. 72 - Roxas City, Capiz is composed of the following City and Munic",,,2ND,:   CAPIZ,SAPI-AN,BONIFACIO ST,ALL OTHER LOTS,AROUND PUBLIC MARKET,CR,Commercial - Regular,435.0
raw,"RDO No. 72 - Roxas City, Capiz is composed of the following City and Munic",,,2ND,:   CAPIZ,SAPI-AN,BONIFACIO ST,ALL OTHER LOTS,WITHIN 1 KL FROM POBLACION,RR,Residential - Regular,300.0
raw,"RDO No. 72 - Roxas City, Capiz is composed of the following City and Munic",,,2ND,:   CAPIZ,SAPI-AN,BONIFACIO ST,ALL OTHER LOTS,MORE THAN 1 KL FROM POBLACION,RR,Residential - Regular,200.0
raw,"RDO No. 72 - Roxas City, Capiz is composed of the following City and Munic",,,2ND,:   CAPIZ,SAPI-AN,BONIFACIO ST,ANTIGUA ST,ALONG PROVINCIAL ROAD,RR,Residential - Regular,565.0
raw,"RDO No. 72 - Roxas City, Capiz is composed of the following City and Munic",,,2ND,:   CAPIZ,SAPI-AN,BONIFACIO ST,C. PAJARILLO ST,POBLACION,RR,Residential - Regular,585.0
raw,"RDO No. 72 - Roxas City, Capiz is composed of the following City and Munic",,,2ND,:   CAPIZ,SAPI-AN,BONIFACIO ST,C.B. OLIVERA ST,POBLACION,RR,Residential - Regular,625.0
raw,"RDO No. 72 - Roxas City, Capiz is composed of the following City and Munic",,,2ND,:   CAPIZ,SAPI-AN,BONIFACIO ST,H. OBLIGACION ST,POBLACION,RR,Residential - Regular,585.0
raw,"RDO No. 72 - Roxas City, Capiz is composed of the following City and Munic",,,2ND,:   CAPIZ,SAPI-AN,BONIFACIO ST,J. ORILLOS ST,ALONG PROVINCIAL ROAD,RR,Residential - Regular,585.0
raw,"RDO No. 72 - Roxas City, Capiz is composed of the following City and Munic",,,2ND,:   CAPIZ,SAPI-AN,BONIFACIO ST,J. ORLEANS ST,POBLACION,RR,Residential - Regular,475.0
raw,"RDO No. 72 - Roxas City, Capiz is composed of the following City and Munic",,,2ND,:   CAPIZ,SAPI-AN,BONIFACIO ST,J.P. ORLEANS SUBD,POBLACION,RR,Residential - Regular,585.0
raw,"RDO No. 72 - Roxas City, Capiz is composed of the following City and Munic",,,2ND,:   CAPIZ,SAPI-AN,BONIFACIO ST,M.H. DEL PILAR ST (N.H.Del Pilar),ALONG PROVINCIAL ROAD,RR,Residential - Regular,1465.0
raw,"RDO No. 72 - Roxas City, Capiz is composed of the following City and Munic",,,2ND,:   CAPIZ,SAPI-AN,BONIFACIO ST,MABINI ST,ALONG PROVINCIAL ROAD,RR,Residential - Regular,1465.0
raw,"RDO No. 72 - Roxas City, Capiz is composed of the following City and Munic",,,2ND,:   CAPIZ,SAPI-AN,BONIFACIO ST,N. ODUCADO ST,POBLACION,RR,Residential - Regular,585.0
raw,"RDO No. 72 - Roxas City, Capiz is composed of the following City and Munic",,,2ND,:   CAPIZ,SAPI-AN,BONIFACIO ST,N. OROLOSO ST,POBLACION,RR,Residential - Regular,585.0
raw,"RDO No. 72 - Roxas City, Capiz is composed of the following City and Munic",,,2ND,:   CAPIZ,SAPI-AN,"DAPDAPAN, LONOY, MAJANLUD, MANINANG",ALL LOTS,ADJOINED BY ROAD,RR,Residential - Regular,540.0
raw,"RDO No. 72 - Roxas City, Capiz is composed of the following City and Munic",,,2ND,:   CAPIZ,SAPI-AN,"DAPDAPAN, LONOY, MAJANLUD, MANINANG",ALL LOTS,NOT ADJOINED BY ROADS,RR,Residential - Regular,400.0
raw,"RDO No. 72 - Roxas City, Capiz is composed of the following City and Munic",,,2ND,:   CAPIZ,SAPI-AN,POBLACION,GEN LUNA ST,ALONG PROVINCIAL ROAD,CR,Commercial - Regular,1465.0
raw,"RDO No. 72 - Roxas City, Capiz is composed of the following City and Munic",,,2ND,:   CAPIZ,SAPI-AN,POBLACION,JOSE RIZAL ST,ALONG PROVINCIAL ROAD,CR,Commercial - Regular,1230.0
raw,"RDO No. 72 - Roxas City, Capiz is composed of the following City and Munic",025-2021,"October 31, 2021",3RD,:   CAPIZ,SAPIAN,"AGSILAB, AGTATACAY NORTE & AGTATACAY SUR",ALL LOTS,*WITHIN 1 KM. FROM BARANGAY PROPER,RR,Residential - Regular,1170.0
raw,"RDO No. 72 - Roxas City, Capiz is composed of the following City and Munic",025-2021,"October 31, 2021",3RD,:   CAPIZ,SAPIAN,"AGSILAB, AGTATACAY NORTE & AGTATACAY SUR",ALL LOTS,*MORE THAN 1 KM BUT LESS THAN 3 KM FROM BARANGAY PROPER,RR,Residential - Regular,870.0
raw,"RDO No. 72 - Roxas City, Capiz is composed of the following City and Munic",025-2021,"October 31, 2021",3RD,:   CAPIZ,SAPIAN,"AGSILAB, AGTATACAY NORTE & AGTATACAY SUR",ALL LOTS,*INTERIOR LOTS W/O ROAD BENEFITS,RR,Residential - Regular,770.0
raw,"RDO No. 72 - Roxas City, Capiz is composed of the following City and Munic",025-2021,"October 31, 2021",3RD,:   CAPIZ,SAPIAN,ALL BARANGAYS   (ALL AGRICULTURAL LANDS),ALL LOTS,,A1,Agricultural - A1,50.0
raw,"RDO No. 72 - Roxas City, Capiz is composed of the following City and Munic",025-2021,"October 31, 2021",3RD,:   CAPIZ,SAPIAN,ALL BARANGAYS   (ALL AGRICULTURAL LANDS),ALL LOTS,,A2,Agricultural - A2,40.0
raw,"RDO No. 72 - Roxas City, Capiz is composed of the following City and Munic",025-2021,"October 31, 2021",3RD,:   CAPIZ,SAPIAN,ALL BARANGAYS   (ALL AGRICULTURAL LANDS),ALL LOTS,,A3,Agricultural - A3,25.0
raw,"RDO No. 72 - Roxas City, Capiz is composed of the following City and Munic",025-2021,"October 31, 2021",3RD,:   CAPIZ,SAPIAN,ALL BARANGAYS   (ALL AGRICULTURAL LANDS),ALL LOTS,,A4,Agricultural - A4,25.0
raw,"RDO No. 72 - Roxas City, Capiz is composed of the following City and Munic",025-2021,"October 31, 2021",3RD,:   CAPIZ,SAPIAN,ALL BARANGAYS   (ALL AGRICULTURAL LANDS),ALL LOTS,,A5,Agricultural - A5,20.0
raw,"RDO No. 72 - Roxas City, Capiz is composed of the following City and Munic",025-2021,"October 31, 2021",3RD,:   CAPIZ,SAPIAN,ALL BARANGAYS   (ALL AGRICULTURAL LANDS),ALL LOTS,,A6,Agricultural - A6,45.0
raw,"RDO No. 72 - Roxas City, Capiz is composed of the following City and Munic",025-2021,"October 31, 2021",3RD,:   CAPIZ,SAPIAN,ALL BARANGAYS   (ALL AGRICULTURAL LANDS),ALL LOTS,,A7,Agricultural - A7,30.0
raw,"RDO No. 72 - Roxas City, Capiz is composed of the following City and Munic",025-2021,"October 31, 2021",3RD,:   CAPIZ,SAPIAN,ALL BARANGAYS   (ALL AGRICULTURAL LANDS),ALL LOTS,,A8,Agricultural - A8,35.0
raw,"RDO No. 72 - Roxas City, Capiz is composed of the following City and Munic",025-2021,"October 31, 2021",3RD,:   CAPIZ,SAPIAN,ALL BARANGAYS   (ALL AGRICULTURAL LANDS),ALL LOTS,,A10,Agricultural - A10,20.0
raw,"RDO No. 72 - Roxas City, Capiz is composed of the following City and Munic",025-2021,"October 31, 2021",3RD,:   CAPIZ,SAPIAN,ALL BARANGAYS   (ALL AGRICULTURAL LANDS),ALL LOTS,,A12,Agricultural - A12,20.0
raw,"RDO No. 72 - Roxas City, Capiz is composed of the following City and Munic",025-2021,"October 31, 2021",3RD,:   CAPIZ,SAPIAN,ALL BARANGAYS   (ALL AGRICULTURAL LANDS),ALL LOTS,,A14,Agricultural - A14,20.0
raw,"RDO No. 72 - Roxas City, Capiz is composed of the following City and Munic",025-2021,"October 31, 2021",3RD,:   CAPIZ,SAPIAN,ALL BARANGAYS   (ALL AGRICULTURAL LANDS),ALL LOTS,,A15,Agricultural - A15,20.0
raw,"RDO No. 72 - Roxas City, Capiz is composed of the following City and Munic",025-2021,"October 31, 2021",3RD,:   CAPIZ,SAPIAN,ALL BARANGAYS   (ALL AGRICULTURAL LANDS),ALL LOTS,,A16,Agricultural - A16,20.0
raw,"RDO No. 72 - Roxas City, Capiz is composed of the following City and Munic",025-2021,"October 31, 2021",3RD,:   CAPIZ,SAPIAN,ALL BARANGAYS   (ALL AGRICULTURAL LANDS),ALL LOTS,,A17,Agricultural - A17,30.0
raw,"RDO No. 72 - Roxas City, Capiz is composed of the following City and Munic",025-2021,"October 31, 2021",3RD,:   CAPIZ,SAPIAN,ALL BARANGAYS   (ALL AGRICULTURAL LANDS),ALL LOTS,,A26,Agricultural - A26,25.0
raw,"RDO No. 72 - Roxas City, Capiz is composed of the following City and Munic",025-2021,"October 31, 2021",3RD,:   CAPIZ,SAPIAN,ALL BARANGAYS   (ALL AGRICULTURAL LANDS),ALL LOTS,,A36,Agricultural - A36,30.0
raw,"RDO No. 72 - Roxas City, Capiz is composed of the following City and Munic",025-2021,"October 31, 2021",3RD,:   CAPIZ,SAPIAN,ALL BARANGAYS   (ALL AGRICULTURAL LANDS),ALL LOTS,,A49,Agricultural - A49,15.0
raw,"RDO No. 72 - Roxas City, Capiz is composed of the following City and Munic",025-2021,"October 31, 2021",3RD,:   CAPIZ,SAPIAN,ALL BARANGAYS   (ALL AGRICULTURAL LANDS),ALL LOTS,,A50,Agricultural - A50,15.0
raw,"RDO No. 72 - Roxas City, Capiz is composed of the following City and Munic",025-2021,"October 31, 2021",3RD,:   CAPIZ,SAPIAN,"BILAO, DAMAYAN & LONOY",ALL LOTS,*WITHIN 1 KM. FROM BARANGAY PROPER,RR,Residential - Regular,870.0
raw,"RDO No. 72 - Roxas City, Capiz is composed of the following City and Munic",025-2021,"October 31, 2021",3RD,:   CAPIZ,SAPIAN,"BILAO, DAMAYAN & LONOY",ALL LOTS,*INTERIOR LOTS W/O ROAD BENEFITS,RR,Residential - Regular,770.0
raw,"RDO No. 72 - Roxas City, Capiz is composed of the following City and Munic",025-2021,"October 31, 2021",3RD,:   CAPIZ,SAPIAN,"DAPDAPAN, MAJANLUD & MANINANG",ALL LOTS,*WITHIN 1 KM. FROM BARANGAY PROPER,RR,Residential - Regular,870.0
raw,"RDO No. 72 - Roxas City, Capiz is composed of the following City and Munic",025-2021,"October 31, 2021",3RD,:   CAPIZ,SAPIAN,"DAPDAPAN, MAJANLUD & MANINANG",ALL LOTS,*INTERIOR LOTS W/O ROAD BENEFITS,RR,Residential - Regular,770.0
raw,"RDO No. 72 - Roxas City, Capiz is composed of the following City and Munic",025-2021,"October 31, 2021",3RD,:   CAPIZ,SAPIAN,POBLACION,*DIOSDADO HONDRADO STREET,*POBLACION PROPER,RR,Residential - Regular,1340.0
raw,"RDO No. 72 - Roxas City, Capiz is composed of the following City and Munic",025-2021,"October 31, 2021",3RD,:   CAPIZ,SAPIAN,POBLACION,*INDUSTRIAL LANDS,*WITHIN 1-3 KM.FROM POBLACION,I,Industrial,1540.0
raw,"RDO No. 72 - Roxas City, Capiz is composed of the following City and Munic",025-2021,"October 31, 2021",3RD,:   CAPIZ,SAPIAN,POBLACION,*J PAJARILLO STREET,*POBLACION PROPER,RR,Residential - Regular,1440.0
raw,"RDO No. 72 - Roxas City, Capiz is composed of the following City and Munic",025-2021,"October 31, 2021",3RD,:   CAPIZ,SAPIAN,POBLACION,*OTHER RESIDENTIAL LANDS,*WITHIN 1-3 KM.FROM POBLACION 1.1-3 KMS.FROM POBLACION INTERIOR LOTS W/O ROAD BENEFITS,RR,Residential - Regular,880.0
raw,"RDO No. 72 - Roxas City, Capiz is composed of the following City and Munic",025-2021,"October 31, 2021",3RD,:   CAPIZ,SAPIAN,POBLACION,*OTHER RESIDENTIAL LANDS,*WITHIN 1-3 KM.FROM POBLACION 1.1-3 KMS.FROM POBLACION INTERIOR LOTS W/O ROAD BENEFITS,RR,Residential - Regular,620.0
raw,"RDO No. 72 - Roxas City, Capiz is composed of the following City and Munic",025-2021,"October 31, 2021",3RD,:   CAPIZ,SAPIAN,POBLACION,ALL OTHER LOTS,AROUND PUBLIC MARKET,CR,Commercial - Regular,1450.0
raw,"RDO No. 72 - Roxas City, Capiz is composed of the following City and Munic",025-2021,"October 31, 2021",3RD,:   CAPIZ,SAPIAN,POBLACION,ALL OTHER LOTS,WITHIN 1 KL FROM POBLACION,RR,Residential - Regular,1080.0
raw,"RDO No. 72 - Roxas City, Capiz is composed of the following City and Munic",025-2021,"October 31, 2021",3RD,:   CAPIZ,SAPIAN,POBLACION,ALL OTHER LOTS,MORE THAN 1 KL FROM POBLACION,RR,Residential - Regular,920.0
raw,"RDO No. 72 - Roxas City, Capiz is composed of the following City and Munic",025-2021,"October 31, 2021",3RD,:   CAPIZ,SAPIAN,POBLACION,ANGEL ARBOLEDA STREET (former GENERAL LUNA STREET),ALONG PROVINCIAL ROAD,RR,Residential - Regular,1690.0
raw,"RDO No. 72 - Roxas City, Capiz is composed of the following City and Munic",025-2021,"October 31, 2021",3RD,:   CAPIZ,SAPIAN,POBLACION,APOLINARIO ALAYRA STREET (former DEL PILAR  STREET),*POBLACION PROPER,RR,Residential - Regular,1500.0
raw,"RDO No. 72 - Roxas City, Capiz is composed of the following City and Munic",025-2021,"October 31, 2021",3RD,:   CAPIZ,SAPIAN,POBLACION,BENIGNO OLIVERA STREET (former ROXAS  STREET),*POBLACION PROPER,RR,Residential - Regular,1500.0
raw,"RDO No. 72 - Roxas City, Capiz is composed of the following City and Munic",025-2021,"October 31, 2021",3RD,:   CAPIZ,SAPIAN,POBLACION,ELIAS ORO STREET (former BURGOS STREET),*POBLACION PROPER,RR,Residential - Regular,1690.0
raw,"RDO No. 72 - Roxas City, Capiz is composed of the following City and Munic",025-2021,"October 31, 2021",3RD,:   CAPIZ,SAPIAN,POBLACION,HIPOLITO OBLIGATION STREET (former JOSE RIZAL STREET),ALONG PROVINCIAL ROAD,CR,Commercial - Regular,2000.0
raw,"RDO No. 72 - Roxas City, Capiz is composed of the following City and Munic",025-2021,"October 31, 2021",3RD,:   CAPIZ,SAPIAN,POBLACION,HIPOLITO OBLIGATION STREET (former JOSE RIZAL STREET),*POBLACION PROPER,RR,Residential - Regular,1540.0
raw,"RDO No. 72 - Roxas City, Capiz is composed of the following City and Munic",025-2021,"October 31, 2021",3RD,:   CAPIZ,SAPIAN,POBLACION,HIPOLITO OBLIGATION STREET (former JOSE RIZAL STREET),*POBLACION PROPER,CR,Commercial - Regular,1950.0
raw,"RDO No. 72 - Roxas City, Capiz is composed of the following City and Munic",025-2021,"October 31, 2021",3RD,:   CAPIZ,SAPIAN,POBLACION,JESUS ORLEANS STREET (former MABINI STREET ),*POBLACION PROPER,RR,Residential - Regular,1500.0
raw,"RDO No. 72 - Roxas City, Capiz is composed of the following City and Munic",025-2021,"October 31, 2021",3RD,:   CAPIZ,SAPIAN,POBLACION,JESUS P. ORLEANS SUBDIVISION,POBLACION PROPER,RR,Residential - Regular,1340.0
raw,"RDO No. 72 - Roxas City, Capiz is composed of the following City and Munic",025-2021,"October 31, 2021",3RD,:   CAPIZ,SAPIAN,POBLACION,JULIO ORILLLOS STREET,*POBLACION PROPER,RR,Residential - Regular,1690.0
raw,"RDO No. 72 - Roxas City, Capiz is composed of the following City and Munic",025-2021,"October 31, 2021",3RD,:   CAPIZ,SAPIAN,POBLACION,NEMESIO ODUCADO  AVENUE (former  ANTIGUA STREET),*POBLACION PROPER,RR,Residential - Regular,1440.0
raw,"RDO No. 72 - Roxas City, Capiz is composed of the following City and Munic",025-2021,"October 31, 2021",3RD,:   CAPIZ,SAPIAN,POBLACION,NEMESIO OLOROSO AVENUE (former BONIFACIO STREET),*POBLACION PROPER,RR,Residential - Regular,1440.0
raw,"RDO No. 72 - Roxas City, Capiz is composed of the following City and Munic",025-2021,"October 31, 2021",3RD,:   CAPIZ,SIGMA,***TAWOG,*NATIONAL ROAD (ILOILO-CAPIZ RD),,RR,Residential - Regular,1750.0
raw,"RDO No. 72 - Roxas City, Capiz is composed of the following City and Munic",025-2021,"October 31, 2021",3RD,:   CAPIZ,SIGMA,***TAWOG,*NATIONAL ROAD (ILOILO-CAPIZ RD),,CR,Commercial - Regular,2170.0
raw,"RDO No. 72 - Roxas City, Capiz is composed of the following City and Munic",025-2021,"October 31, 2021",3RD,:   CAPIZ,SIGMA,***TAWOG,*NATIONAL ROAD (SIGMA TO MAMBUSAO TO JAMINDAN RD),,RR,Residential - Regular,1600.0
raw,"RDO No. 72 - Roxas City, Capiz is composed of the following City and Munic",025-2021,"October 31, 2021",3RD,:   CAPIZ,SIGMA,***TAWOG,*NATIONAL ROAD (SIGMA TO MAMBUSAO TO JAMINDAN RD),,CR,Commercial - Regular,2020.0
raw,"RDO No. 72 - Roxas City, Capiz is composed of the following City and Munic",025-2021,"October 31, 2021",3RD,:   CAPIZ,SIGMA,***TAWOG,*PROVINCIAL ROAD,,RR,Residential - Regular,1400.0
raw,"RDO No. 72 - Roxas City, Capiz is composed of the following City and Munic",,,2ND,:   CAPIZ,SIGMA,"ACBO, AMAGA, BALUCUAN, BANGONBANGON, CAPUYHAN, COGON, DAYHAGON",ALL LOTS,,RR,Residential - Regular,240.0
raw,"RDO No. 72 - Roxas City, Capiz is composed of the following City and Munic",,,2ND,:   CAPIZ,SIGMA,"ACBO, AMAGA, BALUCUAN, BANGONBANGON, CAPUYHAN, COGON, DAYHAGON",ALL LOTS,INTERIOR LOTS,RR,Residential - Regular,175.0
raw,"RDO No. 72 - Roxas City, Capiz is composed of the following City and Munic",,,2ND,:   CAPIZ,SIGMA,ALL BARANGAYS,ALL LOTS,,A1,Agricultural - A1,25.0
raw,"RDO No. 72 - Roxas City, Capiz is composed of the following City and Munic",,,2ND,:   CAPIZ,SIGMA,ALL BARANGAYS,ALL LOTS,,A2,Agricultural - A2,20.0
raw,"RDO No. 72 - Roxas City, Capiz is composed of the following City and Munic",,,2ND,:   CAPIZ,SIGMA,ALL BARANGAYS,ALL LOTS,,A3,Agricultural - A3,15.0
raw,"RDO No. 72 - Roxas City, Capiz is composed of the following City and Munic",,,2ND,:   CAPIZ,SIGMA,ALL BARANGAYS,ALL LOTS,,A4,Agricultural - A4,13.0
raw,"RDO No. 72 - Roxas City, Capiz is composed of the following City and Munic",,,2ND,:   CAPIZ,SIGMA,ALL BARANGAYS,ALL LOTS,,A10,Agricultural - A10,8.0
raw,"RDO No. 72 - Roxas City, Capiz is composed of the following City and Munic",,,2ND,:   CAPIZ,SIGMA,ALL BARANGAYS,ALL LOTS,,A12,Agricultural - A12,9.0
raw,"RDO No. 72 - Roxas City, Capiz is composed of the following City and Munic",,,2ND,:   CAPIZ,SIGMA,ALL BARANGAYS,ALL LOTS,,A15,Agricultural - A15,8.0
raw,"RDO No. 72 - Roxas City, Capiz is composed of the following City and Munic",,,2ND,:   CAPIZ,SIGMA,ALL BARANGAYS,ALL LOTS,,A16,Agricultural - A16,13.0
raw,"RDO No. 72 - Roxas City, Capiz is composed of the following City and Munic",,,2ND,:   CAPIZ,SIGMA,ALL BARANGAYS,ALL LOTS,,A17,Agricultural - A17,24.0
raw,"RDO No. 72 - Roxas City, Capiz is composed of the following City and Munic",,,2ND,:   CAPIZ,SIGMA,ALL BARANGAYS,ALL LOTS,,A26,Agricultural - A26,15.0
raw,"RDO No. 72 - Roxas City, Capiz is composed of the following City and Munic",,,2ND,:   CAPIZ,SIGMA,ALL BARANGAYS,ALL LOTS,,A36,Agricultural - A36,9.0
raw,"RDO No. 72 - Roxas City, Capiz is composed of the following City and Munic",,,2ND,:   CAPIZ,SIGMA,ALL BARANGAYS,ALL LOTS,,A50,Agricultural - A50,5.0
raw,"RDO No. 72 - Roxas City, Capiz is composed of the following City and Munic",,,2ND,:   CAPIZ,SIGMA,ALL BARANGAYS,ALL LOTS,,A49,Agricultural - A49,7.5
raw,"RDO No. 72 - Roxas City, Capiz is composed of the following City and Munic",,,2ND,:   CAPIZ,SIGMA,ALL BARANGAYS,ALL OTHER LOTS,WITHIN POBLACION,RR,Residential - Regular,400.0
raw,"RDO No. 72 - Roxas City, Capiz is composed of the following City and Munic",,,2ND,:   CAPIZ,SIGMA,ALL BARANGAYS,ALL OTHER LOTS,INTERIOR LOTS,RR,Residential - Regular,350.0
raw,"RDO No. 72 - Roxas City, Capiz is composed of the following City and Munic",,,2ND,:   CAPIZ,SIGMA,ALL BARANGAYS,ALL OTHER LOTS,POBLACION SUR,RR,Residential - Regular,350.0
raw,"RDO No. 72 - Roxas City, Capiz is composed of the following City and Munic",,,2ND,:   CAPIZ,SIGMA,ALL BARANGAYS,ALL OTHER LOTS,POBLACION SUR,GP,General Purpose,188.0
raw,"RDO No. 72 - Roxas City, Capiz is composed of the following City and Munic",,,2ND,:   CAPIZ,SIGMA,ALL BARANGAYS,ALL OTHER LOTS,POBLACION SUR,I,Industrial,1050.0
raw,"RDO No. 72 - Roxas City, Capiz is composed of the following City and Munic",,,2ND,:   CAPIZ,SIGMA,ALL BARANGAYS,ALL OTHER LOTS,POBLACION SUR,A1,Agricultural - A1,275.0
raw,"RDO No. 72 - Roxas City, Capiz is composed of the following City and Munic",,,2ND,:   CAPIZ,SIGMA,ALL BARANGAYS,HIGHWAY,,RR,Residential - Regular,950.0
raw,"RDO No. 72 - Roxas City, Capiz is composed of the following City and Munic",,,2ND,:   CAPIZ,SIGMA,ALL BARANGAYS,HIGHWAY,,CR,Commercial - Regular,1200.0
raw,"RDO No. 72 - Roxas City, Capiz is composed of the following City and Munic",,,2ND,:   CAPIZ,SIGMA,ALL BARANGAYS,JUARE,,RR,Residential - Regular,800.0
raw,"RDO No. 72 - Roxas City, Capiz is composed of the following City and Munic",,,2ND,:   CAPIZ,SIGMA,ALL BARANGAYS,NATIONL ROAD,,RR,Residential - Regular,800.0
raw,"RDO No. 72 - Roxas City, Capiz is composed of the following City and Munic",,,2ND,:   CAPIZ,SIGMA,ALL BARANGAYS,PENSARAN EST,,RR,Residential - Regular,950.0
raw,"RDO No. 72 - Roxas City, Capiz is composed of the following City and Munic",,,2ND,:   CAPIZ,SIGMA,ALL BARANGAYS,PENSARAN EXT,,RR,Residential - Regular,800.0
raw,"RDO No. 72 - Roxas City, Capiz is composed of the following City and Munic",,,2ND,:   CAPIZ,SIGMA,ALL BARANGAYS,STO. NINO,,RR,Residential - Regular,600.0
raw,"RDO No. 72 - Roxas City, Capiz is composed of the following City and Munic",,,2ND,:   CAPIZ,SIGMA,ALL BARANGAYS,VILLANOY,,RR,Residential - Regular,600.0
raw,"RDO No. 72 - Roxas City, Capiz is composed of the following City and Munic",025-2021,"October 31, 2021",3RD,:   CAPIZ,SIGMA,ALL BARANGAYS (AGRICULTURAL LANDS),ALL LOTS,,A1,Agricultural - A1,130.0
raw,"RDO No. 72 - Roxas City, Capiz is composed of the following City and Munic",025-2021,"October 31, 2021",3RD,:   CAPIZ,SIGMA,ALL BARANGAYS (AGRICULTURAL LANDS),ALL LOTS,,A2,Agricultural - A2,100.0
raw,"RDO No. 72 - Roxas City, Capiz is composed of the following City and Munic",025-2021,"October 31, 2021",3RD,:   CAPIZ,SIGMA,ALL BARANGAYS (AGRICULTURAL LANDS),ALL LOTS,,A3,Agricultural - A3,80.0
raw,"RDO No. 72 - Roxas City, Capiz is composed of the following City and Munic",025-2021,"October 31, 2021",3RD,:   CAPIZ,SIGMA,ALL BARANGAYS (AGRICULTURAL LANDS),ALL LOTS,,A4,Agricultural - A4,60.0
raw,"RDO No. 72 - Roxas City, Capiz is composed of the following City and Munic",025-2021,"October 31, 2021",3RD,:   CAPIZ,SIGMA,ALL BARANGAYS (AGRICULTURAL LANDS),ALL LOTS,,A10,Agricultural - A10,35.0
raw,"RDO No. 72 - Roxas City, Capiz is composed of the following City and Munic",025-2021,"October 31, 2021",3RD,:   CAPIZ,SIGMA,ALL BARANGAYS (AGRICULTURAL LANDS),ALL LOTS,,A12,Agricultural - A12,45.0
raw,"RDO No. 72 - Roxas City, Capiz is composed of the following City and Munic",025-2021,"October 31, 2021",3RD,:   CAPIZ,SIGMA,ALL BARANGAYS (AGRICULTURAL LANDS),ALL LOTS,,A15,Agricultural - A15,35.0
raw,"RDO No. 72 - Roxas City, Capiz is composed of the following City and Munic",025-2021,"October 31, 2021",3RD,:   CAPIZ,SIGMA,ALL BARANGAYS (AGRICULTURAL LANDS),ALL LOTS,,A16,Agricultural - A16,60.0
raw,"RDO No. 72 - Roxas City, Capiz is composed of the following City and Munic",025-2021,"October 31, 2021",3RD,:   CAPIZ,SIGMA,ALL BARANGAYS (AGRICULTURAL LANDS),ALL LOTS,,A17,Agricultural - A17,125.0
raw,"RDO No. 72 - Roxas City, Capiz is composed of the following City and Munic",025-2021,"October 31, 2021",3RD,:   CAPIZ,SIGMA,ALL BARANGAYS (AGRICULTURAL LANDS),ALL LOTS,,A26,Agricultural - A26,80.0
raw,"RDO No. 72 - Roxas City, Capiz is composed of the following City and Munic",025-2021,"October 31, 2021",3RD,:   CAPIZ,SIGMA,ALL BARANGAYS (AGRICULTURAL LANDS),ALL LOTS,,A36,Agricultural - A36,50.0
raw,"RDO No. 72 - Roxas City, Capiz is composed of the following City and Munic",025-2021,"October 31, 2021",3RD,:   CAPIZ,SIGMA,ALL BARANGAYS (AGRICULTURAL LANDS),ALL LOTS,,A49,Agricultural - A49,35.0
raw,"RDO No. 72 - Roxas City, Capiz is composed of the following City and Munic",025-2021,"October 31, 2021",3RD,:   CAPIZ,SIGMA,ALL BARANGAYS (AGRICULTURAL LANDS),ALL LOTS,,A50,Agricultural - A50,25.0
raw,"RDO No. 72 - Roxas City, Capiz is composed of the following City and Munic",025-2021,"October 31, 2021",3RD,:   CAPIZ,SIGMA,ALL LOTS,*NATIONAL ROAD (ILOILO-CAPIZ RD),,RR,Residential - Regular,1750.0
raw,"RDO No. 72 - Roxas City, Capiz is composed of the following City and Munic",025-2021,"October 31, 2021",3RD,:   CAPIZ,SIGMA,ALL LOTS,*NATIONAL ROAD (ILOILO-CAPIZ RD),,CR,Commercial - Regular,2170.0
raw,"RDO No. 72 - Roxas City, Capiz is composed of the following City and Munic",025-2021,"October 31, 2021",3RD,:   CAPIZ,SIGMA,ALL LOTS,*NATIONAL ROAD (ILOILO-CAPIZ RD),,RR,Residential - Regular,1750.0
raw,"RDO No. 72 - Roxas City, Capiz is composed of the following City and Munic",025-2021,"October 31, 2021",3RD,:   CAPIZ,SIGMA,ALL LOTS,*NATIONAL ROAD (ILOILO-CAPIZ RD),,CR,Commercial - Regular,2170.0
raw,"RDO No. 72 - Roxas City, Capiz is composed of the following City and Munic",025-2021,"October 31, 2021",3RD,:   CAPIZ,SIGMA,ALL LOTS,*NATIONAL ROAD (ILOILO-CAPIZ RD),,RR,Residential - Regular,1750.0
raw,"RDO No. 72 - Roxas City, Capiz is composed of the following City and Munic",025-2021,"October 31, 2021",3RD,:   CAPIZ,SIGMA,ALL LOTS,*NATIONAL ROAD (ILOILO-CAPIZ RD),,CR,Commercial - Regular,2170.0
raw,"RDO No. 72 - Roxas City, Capiz is composed of the following City and Munic",025-2021,"October 31, 2021",3RD,:   CAPIZ,SIGMA,ALL LOTS,*NATIONAL ROAD (ILOILO-CAPIZ RD),,RR,Residential - Regular,1600.0
raw,"RDO No. 72 - Roxas City, Capiz is composed of the following City and Munic",025-2021,"October 31, 2021",3RD,:   CAPIZ,SIGMA,ALL LOTS,*NATIONAL ROAD (ILOILO-CAPIZ RD),,CR,Commercial - Regular,2150.0
raw,"RDO No. 72 - Roxas City, Capiz is composed of the following City and Munic",025-2021,"October 31, 2021",3RD,:   CAPIZ,SIGMA,ALL LOTS,*NATIONAL ROAD (MIANAY -PANITAN RD),,RR,Residential - Regular,1350.0
raw,"RDO No. 72 - Roxas City, Capiz is composed of the following City and Munic",025-2021,"October 31, 2021",3RD,:   CAPIZ,SIGMA,ALL LOTS,*NATIONAL ROAD (MIANAY -PANITAN RD),,CR,Commercial - Regular,2020.0
raw,"RDO No. 72 - Roxas City, Capiz is composed of the following City and Munic",025-2021,"October 31, 2021",3RD,:   CAPIZ,SIGMA,ALL LOTS,*NATIONAL ROAD (SIGMA TO MAMBUSAO TO JAMINDAN RD),,RR,Residential - Regular,1600.0
raw,"RDO No. 72 - Roxas City, Capiz is composed of the following City and Munic",025-2021,"October 31, 2021",3RD,:   CAPIZ,SIGMA,ALL LOTS,*NATIONAL ROAD (SIGMA TO MAMBUSAO TO JAMINDAN RD),,CR,Commercial - Regular,2020.0
raw,"RDO No. 72 - Roxas City, Capiz is composed of the following City and Munic",025-2021,"October 31, 2021",3RD,:   CAPIZ,SIGMA,ALL LOTS,*NATIONAL ROAD (SIGMA TO MAMBUSAO TO JAMINDAN RD),,RR,Residential - Regular,1600.0
raw,"RDO No. 72 - Roxas City, Capiz is composed of the following City and Munic",025-2021,"October 31, 2021",3RD,:   CAPIZ,SIGMA,ALL LOTS,*NATIONAL ROAD (SIGMA TO MAMBUSAO TO JAMINDAN RD),,CR,Commercial - Regular,2020.0
raw,"RDO No. 72 - Roxas City, Capiz is composed of the following City and Munic",025-2021,"October 31, 2021",3RD,:   CAPIZ,SIGMA,ALL LOTS,*NATIONAL ROAD (SIGMA TO MAMBUSAO TO JAMINDAN RD),,RR,Residential - Regular,1600.0
raw,"RDO No. 72 - Roxas City, Capiz is composed of the following City and Munic",025-2021,"October 31, 2021",3RD,:   CAPIZ,SIGMA,ALL LOTS,*NATIONAL ROAD (SIGMA TO MAMBUSAO TO JAMINDAN RD),,CR,Commercial - Regular,2020.0
raw,"RDO No. 72 - Roxas City, Capiz is composed of the following City and Munic",025-2021,"October 31, 2021",3RD,:   CAPIZ,SIGMA,ALL LOTS,*PROVINCIAL ROAD,,RR,Residential - Regular,1400.0
raw,"RDO No. 72 - Roxas City, Capiz is composed of the following City and Munic",025-2021,"October 31, 2021",3RD,:   CAPIZ,SIGMA,ALL LOTS,*PROVINCIAL ROAD,,RR,Residential - Regular,1400.0
raw,"RDO No. 72 - Roxas City, Capiz is composed of the following City and Munic",025-2021,"October 31, 2021",3RD,:   CAPIZ,SIGMA,ALL LOTS,*PROVINCIAL ROAD,,RR,Residential - Regular,1400.0
raw,"RDO No. 72 - Roxas City, Capiz is composed of the following City and Munic",025-2021,"October 31, 2021",3RD,:   CAPIZ,SIGMA,AMAGA,*NATIONAL ROAD (ILOILO-CAPIZ RD),,RR,Residential - Regular,1600.0
raw,"RDO No. 72 - Roxas City, Capiz is composed of the following City and Munic",025-2021,"October 31, 2021",3RD,:   CAPIZ,SIGMA,AMAGA,*NATIONAL ROAD (ILOILO-CAPIZ RD),,CR,Commercial - Regular,2150.0
raw,"RDO No. 72 - Roxas City, Capiz is composed of the following City and Munic",025-2021,"October 31, 2021",3RD,:   CAPIZ,SIGMA,AMAGA,*NATIONAL ROAD (MIANAY -PANITAN RD),,RR,Residential - Regular,1350.0
raw,"RDO No. 72 - Roxas City, Capiz is composed of the following City and Munic",025-2021,"October 31, 2021",3RD,:   CAPIZ,SIGMA,AMAGA,*NATIONAL ROAD (MIANAY -PANITAN RD),,CR,Commercial - Regular,2020.0
raw,"RDO No. 72 - Roxas City, Capiz is composed of the following City and Munic",025-2021,"October 31, 2021",3RD,:   CAPIZ,SIGMA,BALUCUAN,*NATIONAL ROAD (ILOILO-CAPIZ RD),,RR,Residential - Regular,1750.0
raw,"RDO No. 72 - Roxas City, Capiz is composed of the following City and Munic",025-2021,"October 31, 2021",3RD,:   CAPIZ,SIGMA,BALUCUAN,*NATIONAL ROAD (ILOILO-CAPIZ RD),,CR,Commercial - Regular,2170.0
raw,"RDO No. 72 - Roxas City, Capiz is composed of the following City and Munic",025-2021,"October 31, 2021",3RD,:   CAPIZ,SIGMA,BALUCUAN,*NATIONAL ROAD (SIGMA TO MAMBUSAO TO JAMINDAN RD),,RR,Residential - Regular,1600.0
raw,"RDO No. 72 - Roxas City, Capiz is composed of the following City and Munic",025-2021,"October 31, 2021",3RD,:   CAPIZ,SIGMA,BALUCUAN,*NATIONAL ROAD (SIGMA TO MAMBUSAO TO JAMINDAN RD),,CR,Commercial - Regular,2020.0
raw,"RDO No. 72 - Roxas City, Capiz is composed of the following City and Munic",025-2021,"October 31, 2021",3RD,:   CAPIZ,SIGMA,BALUCUAN,*PROVINCIAL ROAD,,RR,Residential - Regular,1400.0
raw,"RDO No. 72 - Roxas City, Capiz is composed of the following City and Munic",025-2021,"October 31, 2021",3RD,:   CAPIZ,SIGMA,CAPUYHAN,*NATIONAL ROAD (ILOILO-CAPIZ RD),,RR,Residential - Regular,1750.0
raw,"RDO No. 72 - Roxas City, Capiz is composed of the following City and Munic",025-2021,"October 31, 2021",3RD,:   CAPIZ,SIGMA,CAPUYHAN,*NATIONAL ROAD (ILOILO-CAPIZ RD),,CR,Commercial - Regular,2170.0
raw,"RDO No. 72 - Roxas City, Capiz is composed of the following City and Munic",025-2021,"October 31, 2021",3RD,:   CAPIZ,SIGMA,CAPUYHAN,*NATIONAL ROAD (SIGMA TO MAMBUSAO TO JAMINDAN RD),,RR,Residential - Regular,1600.0
raw,"RDO No. 72 - Roxas City, Capiz is composed of the following City and Munic",025-2021,"October 31, 2021",3RD,:   CAPIZ,SIGMA,CAPUYHAN,*NATIONAL ROAD (SIGMA TO MAMBUSAO TO JAMINDAN RD),,CR,Commercial - Regular,2020.0
raw,"RDO No. 72 - Roxas City, Capiz is composed of the following City and Munic",025-2021,"October 31, 2021",3RD,:   CAPIZ,SIGMA,CAPUYHAN,*PROVINCIAL ROAD,,RR,Residential - Regular,1400.0
raw,"RDO No. 72 - Roxas City, Capiz is composed of the following City and Munic",025-2021,"October 31, 2021",3RD,:   CAPIZ,SIGMA,COGON,*NATIONAL ROAD (ILOILO-CAPIZ RD),,RR,Residential - Regular,1750.0
raw,"RDO No. 72 - Roxas City, Capiz is composed of the following City and Munic",025-2021,"October 31, 2021",3RD,:   CAPIZ,SIGMA,COGON,*NATIONAL ROAD (ILOILO-CAPIZ RD),,CR,Commercial - Regular,2170.0
raw,"RDO No. 72 - Roxas City, Capiz is composed of the following City and Munic",025-2021,"October 31, 2021",3RD,:   CAPIZ,SIGMA,COGON,*NATIONAL ROAD (SIGMA TO MAMBUSAO TO JAMINDAN RD),,RR,Residential - Regular,1600.0
raw,"RDO No. 72 - Roxas City, Capiz is composed of the following City and Munic",025-2021,"October 31, 2021",3RD,:   CAPIZ,SIGMA,COGON,*NATIONAL ROAD (SIGMA TO MAMBUSAO TO JAMINDAN RD),,CR,Commercial - Regular,2020.0
raw,"RDO No. 72 - Roxas City, Capiz is composed of the following City and Munic",025-2021,"October 31, 2021",3RD,:   CAPIZ,SIGMA,COGON,*PROVINCIAL ROAD,,RR,Residential - Regular,1400.0
raw,"RDO No. 72 - Roxas City, Capiz is composed of the following City and Munic",025-2021,"October 31, 2021",3RD,:   CAPIZ,SIGMA,DAYHAGON,ALL LOTS,*NATIONAL ROAD (ILOILO-CAPIZ RD),RR,Residential - Regular,1750.0
raw,"RDO No. 72 - Roxas City, Capiz is composed of the following City and Munic",025-2021,"October 31, 2021",3RD,:   CAPIZ,SIGMA,DAYHAGON,ALL LOTS,*NATIONAL ROAD (ILOILO-CAPIZ RD),CR,Commercial - Regular,2170.0
raw,"RDO No. 72 - Roxas City, Capiz is composed of the following City and Munic",025-2021,"October 31, 2021",3RD,:   CAPIZ,SIGMA,DAYHAGON,ALL LOTS,*NATIONAL ROAD (SIGMA TO MAMBUSAO TO JAMINDAN RD),RR,Residential - Regular,1600.0
raw,"RDO No. 72 - Roxas City, Capiz is composed of the following City and Munic",025-2021,"October 31, 2021",3RD,:   CAPIZ,SIGMA,DAYHAGON,ALL LOTS,*NATIONAL ROAD (SIGMA TO MAMBUSAO TO JAMINDAN RD),CR,Commercial - Regular,2020.0
raw,"RDO No. 72 - Roxas City, Capiz is composed of the following City and Munic",025-2021,"October 31, 2021",3RD,:   CAPIZ,SIGMA,DAYHAGON,ALL LOTS,*PROVINCIAL ROAD,RR,Residential - Regular,1400.0
raw,"RDO No. 72 - Roxas City, Capiz is composed of the following City and Munic",,,2ND,:   CAPIZ,SIGMA,"GUINTAS, MALAPAD COGON, MANGOSO, MANSACUL, MATANGCONG, MATINABUS",ALL LOTS,,RR,Residential - Regular,240.0
raw,"RDO No. 72 - Roxas City, Capiz is composed of the following City and Munic",,,2ND,:   CAPIZ,SIGMA,"GUINTAS, MALAPAD COGON, MANGOSO, MANSACUL, MATANGCONG, MATINABUS",ALL LOTS,INTERIOR LOTS,RR,Residential - Regular,175.0
raw,"RDO No. 72 - Roxas City, Capiz is composed of the following City and Munic",025-2021,"October 31, 2021",3RD,:   CAPIZ,SIGMA,MALAPAD COGON,*NATIONAL ROAD (ILOILO-CAPIZ RD),,RR,Residential - Regular,1600.0
raw,"RDO No. 72 - Roxas City, Capiz is composed of the following City and Munic",025-2021,"October 31, 2021",3RD,:   CAPIZ,SIGMA,MALAPAD COGON,*NATIONAL ROAD (ILOILO-CAPIZ RD),,CR,Commercial - Regular,2150.0
raw,"RDO No. 72 - Roxas City, Capiz is composed of the following City and Munic",025-2021,"October 31, 2021",3RD,:   CAPIZ,SIGMA,MALAPAD COGON,*NATIONAL ROAD (MIANAY -PANITAN RD),,RR,Residential - Regular,1350.0
raw,"RDO No. 72 - Roxas City, Capiz is composed of the following City and Munic",025-2021,"October 31, 2021",3RD,:   CAPIZ,SIGMA,MALAPAD COGON,*NATIONAL ROAD (MIANAY -PANITAN RD),,CR,Commercial - Regular,2020.0
raw,"RDO No. 72 - Roxas City, Capiz is composed of the following City and Munic",025-2021,"October 31, 2021",3RD,:   CAPIZ,SIGMA,MANSACUL,*ALL OTHER LOTS,*ACBO&MATANGCONG,RR,Residential - Regular,1550.0
raw,"RDO No. 72 - Roxas City, Capiz is composed of the following City and Munic",025-2021,"October 31, 2021",3RD,:   CAPIZ,SIGMA,MANSACUL,*ALL OTHER LOTS,*INTERIOR LOTS,RR,Residential - Regular,1350.0
raw,"RDO No. 72 - Roxas City, Capiz is composed of the following City and Munic",025-2021,"October 31, 2021",3RD,:   CAPIZ,SIGMA,MANSACUL,*PROVINCIAL ROAD,*ACBO&MATANGCONG,RR,Residential - Regular,1840.0
raw,"RDO No. 72 - Roxas City, Capiz is composed of the following City and Munic",025-2021,"October 31, 2021",3RD,:   CAPIZ,SIGMA,MATANGCONG,*NATIONAL ROAD (ILOILO-CAPIZ RD),,RR,Residential - Regular,1750.0
raw,"RDO No. 72 - Roxas City, Capiz is composed of the following City and Munic",025-2021,"October 31, 2021",3RD,:   CAPIZ,SIGMA,MATANGCONG,*NATIONAL ROAD (ILOILO-CAPIZ RD),,CR,Commercial - Regular,2170.0
raw,"RDO No. 72 - Roxas City, Capiz is composed of the following City and Munic",025-2021,"October 31, 2021",3RD,:   CAPIZ,SIGMA,MATANGCONG,*NATIONAL ROAD (SIGMA TO MAMBUSAO TO JAMINDAN RD),,RR,Residential - Regular,1600.0
raw,"RDO No. 72 - Roxas City, Capiz is composed of the following City and Munic",025-2021,"October 31, 2021",3RD,:   CAPIZ,SIGMA,MATANGCONG,*NATIONAL ROAD (SIGMA TO MAMBUSAO TO JAMINDAN RD),,CR,Commercial - Regular,2020.0
raw,"RDO No. 72 - Roxas City, Capiz is composed of the following City and Munic",025-2021,"October 31, 2021",3RD,:   CAPIZ,SIGMA,MATANGCONG,*PROVINCIAL ROAD,,RR,Residential - Regular,1400.0
raw,"RDO No. 72 - Roxas City, Capiz is composed of the following City and Munic",025-2021,"October 31, 2021",3RD,:   CAPIZ,SIGMA,MATINABUS,*NATIONAL ROAD (ILOILO-CAPIZ RD),,RR,Residential - Regular,1600.0
raw,"RDO No. 72 - Roxas City, Capiz is composed of the following City and Munic",025-2021,"October 31, 2021",3RD,:   CAPIZ,SIGMA,MATINABUS,*NATIONAL ROAD (ILOILO-CAPIZ RD),,CR,Commercial - Regular,2150.0
raw,"RDO No. 72 - Roxas City, Capiz is composed of the following City and Munic",025-2021,"October 31, 2021",3RD,:   CAPIZ,SIGMA,MATINABUS,*NATIONAL ROAD (MIANAY -PANITAN RD),,RR,Residential - Regular,1350.0
raw,"RDO No. 72 - Roxas City, Capiz is composed of the following City and Munic",025-2021,"October 31, 2021",3RD,:   CAPIZ,SIGMA,MATINABUS,*NATIONAL ROAD (MIANAY -PANITAN RD),,CR,Commercial - Regular,2020.0
raw,"RDO No. 72 - Roxas City, Capiz is composed of the following City and Munic",,,2ND,:   CAPIZ,SIGMA,"MI-ANAY, OYONG, PAGBUNITAN, PARI-AN, PINAMALATICAN",ALL LOTS,,RR,Residential - Regular,240.0
raw,"RDO No. 72 - Roxas City, Capiz is composed of the following City and Munic",,,2ND,:   CAPIZ,SIGMA,"MI-ANAY, OYONG, PAGBUNITAN, PARI-AN, PINAMALATICAN",ALL LOTS,INTERIOR LOTS,RR,Residential - Regular,175.0
raw,"RDO No. 72 - Roxas City, Capiz is composed of the following City and Munic",025-2021,"October 31, 2021",3RD,:   CAPIZ,SIGMA,MIANAY,*NATIONAL ROAD (ILOILO-CAPIZ RD),,RR,Residential - Regular,1600.0
raw,"RDO No. 72 - Roxas City, Capiz is composed of the following City and Munic",025-2021,"October 31, 2021",3RD,:   CAPIZ,SIGMA,MIANAY,*NATIONAL ROAD (ILOILO-CAPIZ RD),,CR,Commercial - Regular,2150.0
raw,"RDO No. 72 - Roxas City, Capiz is composed of the following City and Munic",025-2021,"October 31, 2021",3RD,:   CAPIZ,SIGMA,MIANAY,*NATIONAL ROAD (MIANAY -PANITAN RD),,RR,Residential - Regular,1350.0
raw,"RDO No. 72 - Roxas City, Capiz is composed of the following City and Munic",025-2021,"October 31, 2021",3RD,:   CAPIZ,SIGMA,MIANAY,*NATIONAL ROAD (MIANAY -PANITAN RD),,CR,Commercial - Regular,2020.0
raw,"RDO No. 72 - Roxas City, Capiz is composed of the following City and Munic",025-2021,"October 31, 2021",3RD,:   CAPIZ,SIGMA,OYONG,*ALL OTHER LOTS,*ACBO&MATANGCONG,RR,Residential - Regular,1550.0
raw,"RDO No. 72 - Roxas City, Capiz is composed of the following City and Munic",025-2021,"October 31, 2021",3RD,:   CAPIZ,SIGMA,OYONG,*ALL OTHER LOTS,*INTERIOR LOTS,RR,Residential - Regular,1350.0
raw,"RDO No. 72 - Roxas City, Capiz is composed of the following City and Munic",025-2021,"October 31, 2021",3RD,:   CAPIZ,SIGMA,OYONG,*PROVINCIAL ROAD,*ACBO&MATANGCONG,RR,Residential - Regular,1350.0
raw,"RDO No. 72 - Roxas City, Capiz is composed of the following City and Munic",025-2021,"October 31, 2021",3RD,:   CAPIZ,SIGMA,PAGBUNITAN,*NATIONAL ROAD (ILOILO-CAPIZ RD),,RR,Residential - Regular,1600.0
raw,"RDO No. 72 - Roxas City, Capiz is composed of the following City and Munic",025-2021,"October 31, 2021",3RD,:   CAPIZ,SIGMA,PAGBUNITAN,*NATIONAL ROAD (ILOILO-CAPIZ RD),,CR,Commercial - Regular,2150.0
raw,"RDO No. 72 - Roxas City, Capiz is composed of the following City and Munic",025-2021,"October 31, 2021",3RD,:   CAPIZ,SIGMA,PAGBUNITAN,*NATIONAL ROAD (MIANAY -PANITAN RD),,RR,Residential - Regular,1350.0
raw,"RDO No. 72 - Roxas City, Capiz is composed of the following City and Munic",025-2021,"October 31, 2021",3RD,:   CAPIZ,SIGMA,PAGBUNITAN,*NATIONAL ROAD (MIANAY -PANITAN RD),,CR,Commercial - Regular,2020.0
raw,"RDO No. 72 - Roxas City, Capiz is composed of the following City and Munic",025-2021,"October 31, 2021",3RD,:   CAPIZ,SIGMA,PARIAN,*NATIONAL ROAD (ILOILO-CAPIZ RD),,RR,Residential - Regular,1600.0
raw,"RDO No. 72 - Roxas City, Capiz is composed of the following City and Munic",025-2021,"October 31, 2021",3RD,:   CAPIZ,SIGMA,PARIAN,*NATIONAL ROAD (ILOILO-CAPIZ RD),,CR,Commercial - Regular,2150.0
raw,"RDO No. 72 - Roxas City, Capiz is composed of the following City and Munic",025-2021,"October 31, 2021",3RD,:   CAPIZ,SIGMA,PARIAN,*NATIONAL ROAD (MIANAY -PANITAN RD),,RR,Residential - Regular,1350.0
raw,"RDO No. 72 - Roxas City, Capiz is composed of the following City and Munic",025-2021,"October 31, 2021",3RD,:   CAPIZ,SIGMA,PARIAN,*NATIONAL ROAD (MIANAY -PANITAN RD),,CR,Commercial - Regular,2020.0
raw,"RDO No. 72 - Roxas City, Capiz is composed of the following City and Munic",025-2021,"October 31, 2021",3RD,:   CAPIZ,SIGMA,PINAMALATICAN,*NATIONAL ROAD (ILOILO-CAPIZ RD),,RR,Residential - Regular,1600.0
raw,"RDO No. 72 - Roxas City, Capiz is composed of the following City and Munic",025-2021,"October 31, 2021",3RD,:   CAPIZ,SIGMA,PINAMALATICAN,*NATIONAL ROAD (ILOILO-CAPIZ RD),,CR,Commercial - Regular,2150.0
raw,"RDO No. 72 - Roxas City, Capiz is composed of the following City and Munic",025-2021,"October 31, 2021",3RD,:   CAPIZ,SIGMA,PINAMALATICAN,*NATIONAL ROAD (MIANAY -PANITAN RD),,RR,Residential - Regular,1350.0
raw,"RDO No. 72 - Roxas City, Capiz is composed of the following City and Munic",025-2021,"October 31, 2021",3RD,:   CAPIZ,SIGMA,PINAMALATICAN,*NATIONAL ROAD (MIANAY -PANITAN RD),,CR,Commercial - Regular,2020.0
raw,"RDO No. 72 - Roxas City, Capiz is composed of the following City and Munic",025-2021,"October 31, 2021",3RD,:   CAPIZ,SIGMA,POBLACION,ALL OTHER LOTS,WITHIN POBLACION,RR,Residential - Regular,1970.0
raw,"RDO No. 72 - Roxas City, Capiz is composed of the following City and Munic",025-2021,"October 31, 2021",3RD,:   CAPIZ,SIGMA,POBLACION,ALL OTHER LOTS,INTERIOR LOTS,RR,Residential - Regular,1700.0
raw,"RDO No. 72 - Roxas City, Capiz is composed of the following City and Munic",025-2021,"October 31, 2021",3RD,:   CAPIZ,SIGMA,POBLACION,ALL OTHER LOTS,POBLACION SUR,RR,Residential - Regular,1890.0
raw,"RDO No. 72 - Roxas City, Capiz is composed of the following City and Munic",025-2021,"October 31, 2021",3RD,:   CAPIZ,SIGMA,POBLACION,ALL OTHER LOTS,POBLACION SUR,GP,General Purpose,1000.0
raw,"RDO No. 72 - Roxas City, Capiz is composed of the following City and Munic",025-2021,"October 31, 2021",3RD,:   CAPIZ,SIGMA,POBLACION,ALL OTHER LOTS,POBLACION SUR,I,Industrial,2360.0
raw,"RDO No. 72 - Roxas City, Capiz is composed of the following City and Munic",025-2021,"October 31, 2021",3RD,:   CAPIZ,SIGMA,POBLACION,ALL OTHER LOTS,POBLACION SUR,X,Special / Other,2580.0
raw,"RDO No. 72 - Roxas City, Capiz is composed of the following City and Munic",025-2021,"October 31, 2021",3RD,:   CAPIZ,SIGMA,POBLACION,HIGHWAY,*WITHIN POB. NORTE&SUR,RR,Residential - Regular,2110.0
raw,"RDO No. 72 - Roxas City, Capiz is composed of the following City and Munic",025-2021,"October 31, 2021",3RD,:   CAPIZ,SIGMA,POBLACION,HIGHWAY,*WITHIN POB. NORTE&SUR,CR,Commercial - Regular,2670.0
raw,"RDO No. 72 - Roxas City, Capiz is composed of the following City and Munic",025-2021,"October 31, 2021",3RD,:   CAPIZ,SIGMA,POBLACION,JUARE,*POB. NORTE,RR,Residential - Regular,2190.0
raw,"RDO No. 72 - Roxas City, Capiz is composed of the following City and Munic",025-2021,"October 31, 2021",3RD,:   CAPIZ,SIGMA,POBLACION,NATIONAL ROAD,*WITHIN POB. NORTE&SUR,RR,Residential - Regular,2340.0
raw,"RDO No. 72 - Roxas City, Capiz is composed of the following City and Munic",025-2021,"October 31, 2021",3RD,:   CAPIZ,SIGMA,POBLACION,NATIONAL ROAD,*WITHIN POB. NORTE&SUR,CR,Commercial - Regular,2930.0
raw,"RDO No. 72 - Roxas City, Capiz is composed of the following City and Munic",025-2021,"October 31, 2021",3RD,:   CAPIZ,SIGMA,POBLACION,PENSARAN EST,*WITHIN POB. NORTE&SUR,RR,Residential - Regular,2190.0
raw,"RDO No. 72 - Roxas City, Capiz is composed of the following City and Munic",025-2021,"October 31, 2021",3RD,:   CAPIZ,SIGMA,POBLACION,PENSARAN EST,*WITHIN POB. NORTE&SUR,CR,Commercial - Regular,2380.0
raw,"RDO No. 72 - Roxas City, Capiz is composed of the following City and Munic",025-2021,"October 31, 2021",3RD,:   CAPIZ,SIGMA,POBLACION,PONSARAN EXT,*POB. NORTE,RR,Residential - Regular,2190.0
raw,"RDO No. 72 - Roxas City, Capiz is composed of the following City and Munic",025-2021,"October 31, 2021",3RD,:   CAPIZ,SIGMA,POBLACION,STO. NINO,,RR,Residential - Regular,2090.0
raw,"RDO No. 72 - Roxas City, Capiz is composed of the following City and Munic",025-2021,"October 31, 2021",3RD,:   CAPIZ,SIGMA,POBLACION,VILLANOY,,RR,Residential - Regular,2090.0
raw,"RDO No. 72 - Roxas City, Capiz is composed of the following City and Munic",025-2021,"October 31, 2021",3RD,:   CAPIZ,SIGMA,POBLACION,VILLANOY,*POB. NORTE,CR,Commercial - Regular,2810.0
raw,"RDO No. 72 - Roxas City, Capiz is composed of the following City and Munic",,,2ND,:   CAPIZ,TAPAZ,"ABANGAY, ACUNA, AGCOCO, AGLINAB, AGLUPACAN, AGPALALI",All Lots,,RR,Residential - Regular,180.0
raw,"RDO No. 72 - Roxas City, Capiz is composed of the following City and Munic",,,2ND,:   CAPIZ,TAPAZ,"ABANGAY, ACUNA, AGCOCO, AGLINAB, AGLUPACAN, AGPALALI",All Lots,,RR,Residential - Regular,180.0
raw,"RDO No. 72 - Roxas City, Capiz is composed of the following City and Munic",025-2021,"October 31, 2021",3RD,:   CAPIZ,TAPAZ,ALL BARANGAYS,ALL LOTS,,A1,Agricultural - A1,80.0
raw,"RDO No. 72 - Roxas City, Capiz is composed of the following City and Munic",025-2021,"October 31, 2021",3RD,:   CAPIZ,TAPAZ,ALL BARANGAYS,ALL LOTS,,A2,Agricultural - A2,70.0
raw,"RDO No. 72 - Roxas City, Capiz is composed of the following City and Munic",025-2021,"October 31, 2021",3RD,:   CAPIZ,TAPAZ,ALL BARANGAYS,ALL LOTS,,A3,Agricultural - A3,60.0
raw,"RDO No. 72 - Roxas City, Capiz is composed of the following City and Munic",025-2021,"October 31, 2021",3RD,:   CAPIZ,TAPAZ,ALL BARANGAYS,ALL LOTS,,A4,Agricultural - A4,50.0
raw,"RDO No. 72 - Roxas City, Capiz is composed of the following City and Munic",025-2021,"October 31, 2021",3RD,:   CAPIZ,TAPAZ,ALL BARANGAYS,ALL LOTS,,A10,Agricultural - A10,50.0
raw,"RDO No. 72 - Roxas City, Capiz is composed of the following City and Munic",025-2021,"October 31, 2021",3RD,:   CAPIZ,TAPAZ,ALL BARANGAYS,ALL LOTS,,A12,Agricultural - A12,40.0
raw,"RDO No. 72 - Roxas City, Capiz is composed of the following City and Munic",025-2021,"October 31, 2021",3RD,:   CAPIZ,TAPAZ,ALL BARANGAYS,ALL LOTS,,A14,Agricultural - A14,40.0
raw,"RDO No. 72 - Roxas City, Capiz is composed of the following City and Munic",025-2021,"October 31, 2021",3RD,:   CAPIZ,TAPAZ,ALL BARANGAYS,ALL LOTS,,A15,Agricultural - A15,40.0
raw,"RDO No. 72 - Roxas City, Capiz is composed of the following City and Munic",025-2021,"October 31, 2021",3RD,:   CAPIZ,TAPAZ,ALL BARANGAYS,ALL LOTS,,A16,Agricultural - A16,50.0
raw,"RDO No. 72 - Roxas City, Capiz is composed of the following City and Munic",025-2021,"October 31, 2021",3RD,:   CAPIZ,TAPAZ,ALL BARANGAYS,ALL LOTS,,A17,Agricultural - A17,50.0
raw,"RDO No. 72 - Roxas City, Capiz is composed of the following City and Munic",025-2021,"October 31, 2021",3RD,:   CAPIZ,TAPAZ,ALL BARANGAYS,ALL LOTS,,A23,Agricultural - A23,50.0
raw,"RDO No. 72 - Roxas City, Capiz is composed of the following City and Munic",025-2021,"October 31, 2021",3RD,:   CAPIZ,TAPAZ,ALL BARANGAYS,ALL LOTS,,A26,Agricultural - A26,30.0
raw,"RDO No. 72 - Roxas City, Capiz is composed of the following City and Munic",025-2021,"October 31, 2021",3RD,:   CAPIZ,TAPAZ,ALL BARANGAYS,ALL LOTS,,A36,Agricultural - A36,30.0
raw,"RDO No. 72 - Roxas City, Capiz is composed of the following City and Munic",025-2021,"October 31, 2021",3RD,:   CAPIZ,TAPAZ,ALL BARANGAYS,ALL LOTS,,A48,Agricultural - A48,40.0
raw,"RDO No. 72 - Roxas City, Capiz is composed of the following City and Munic",025-2021,"October 31, 2021",3RD,:   CAPIZ,TAPAZ,ALL BARANGAYS,ALL LOTS,,A50,Agricultural - A50,20.0
raw,"RDO No. 72 - Roxas City, Capiz is composed of the following City and Munic",025-2021,"October 31, 2021",3RD,:   CAPIZ,TAPAZ,ALL BARANGAYS,ALL LOTS,,A49,Agricultural - A49,20.0
raw,"RDO No. 72 - Roxas City, Capiz is composed of the following City and Munic",,,2ND,:   CAPIZ,TAPAZ,ALL BARANGAYS,ALL LOTS,,A1,Agricultural - A1,22.0
raw,"RDO No. 72 - Roxas City, Capiz is composed of the following City and Munic",,,2ND,:   CAPIZ,TAPAZ,ALL BARANGAYS,ALL LOTS,,A2,Agricultural - A2,20.0
raw,"RDO No. 72 - Roxas City, Capiz is composed of the following City and Munic",,,2ND,:   CAPIZ,TAPAZ,ALL BARANGAYS,ALL LOTS,,A3,Agricultural - A3,17.0
raw,"RDO No. 72 - Roxas City, Capiz is composed of the following City and Munic",,,2ND,:   CAPIZ,TAPAZ,ALL BARANGAYS,ALL LOTS,,A4,Agricultural - A4,13.0
raw,"RDO No. 72 - Roxas City, Capiz is composed of the following City and Munic",,,2ND,:   CAPIZ,TAPAZ,ALL BARANGAYS,ALL LOTS,,A10,Agricultural - A10,13.0
raw,"RDO No. 72 - Roxas City, Capiz is composed of the following City and Munic",,,2ND,:   CAPIZ,TAPAZ,ALL BARANGAYS,ALL LOTS,,A12,Agricultural - A12,9.0
raw,"RDO No. 72 - Roxas City, Capiz is composed of the following City and Munic",,,2ND,:   CAPIZ,TAPAZ,ALL BARANGAYS,ALL LOTS,,A14,Agricultural - A14,9.0
raw,"RDO No. 72 - Roxas City, Capiz is composed of the following City and Munic",,,2ND,:   CAPIZ,TAPAZ,ALL BARANGAYS,ALL LOTS,,A15,Agricultural - A15,10.0
raw,"RDO No. 72 - Roxas City, Capiz is composed of the following City and Munic",,,2ND,:   CAPIZ,TAPAZ,ALL BARANGAYS,ALL LOTS,,A16,Agricultural - A16,12.0
raw,"RDO No. 72 - Roxas City, Capiz is composed of the following City and Munic",,,2ND,:   CAPIZ,TAPAZ,ALL BARANGAYS,ALL LOTS,,A17,Agricultural - A17,12.0
raw,"RDO No. 72 - Roxas City, Capiz is composed of the following City and Munic",,,2ND,:   CAPIZ,TAPAZ,ALL BARANGAYS,ALL LOTS,,A23,Agricultural - A23,13.0
raw,"RDO No. 72 - Roxas City, Capiz is composed of the following City and Munic",,,2ND,:   CAPIZ,TAPAZ,ALL BARANGAYS,ALL LOTS,,A26,Agricultural - A26,8.0
raw,"RDO No. 72 - Roxas City, Capiz is composed of the following City and Munic",,,2ND,:   CAPIZ,TAPAZ,ALL BARANGAYS,ALL LOTS,,A36,Agricultural - A36,6.0
raw,"RDO No. 72 - Roxas City, Capiz is composed of the following City and Munic",,,2ND,:   CAPIZ,TAPAZ,ALL BARANGAYS,ALL LOTS,,A48,Agricultural - A48,9.0
raw,"RDO No. 72 - Roxas City, Capiz is composed of the following City and Munic",,,2ND,:   CAPIZ,TAPAZ,ALL BARANGAYS,ALL LOTS,,A50,Agricultural - A50,4.0
raw,"RDO No. 72 - Roxas City, Capiz is composed of the following City and Munic",,,2ND,:   CAPIZ,TAPAZ,ALL BARANGAYS,ALL LOTS,,A49,Agricultural - A49,4.0
raw,"RDO No. 72 - Roxas City, Capiz is composed of the following City and Munic",,,2ND,:   CAPIZ,TAPAZ,"APERO, ARTUZ, BAGONG BARYO, BATO-BATO, CANBURANAN, CANDELARIA",All Lots,,RR,Residential - Regular,180.0
raw,"RDO No. 72 - Roxas City, Capiz is composed of the following City and Munic",,,2ND,:   CAPIZ,TAPAZ,"CARIDAD, CRISTINA, DA-AN BANWA, DA-AN NORTE, DA-AN SUR, GARCIA",All Lots,,RR,Residential - Regular,180.0
raw,"RDO No. 72 - Roxas City, Capiz is composed of the following City and Munic",,,2ND,:   CAPIZ,TAPAZ,"GIBIO-AN, HILWAN, INITAN, KATIPUNAN, LAGDUNGAN, LAHUG",All Lots,,RR,Residential - Regular,180.0
raw,"RDO No. 72 - Roxas City, Capiz is composed of the following City and Munic",025-2021,"October 31, 2021",3RD,:   CAPIZ,TAPAZ,"II. BAG-ONG BARRIO, CAMBURANAN, CANDELARIA, DAAN BANWA, LAGDUNGAN, MALITBOG, SAN FRANCISCO, SAN JOSE, SAN JULIAN,  SAN NICOLAS, SWITCH",*II. LOWLAND BARANGAYS ALONG NATIONAL ROAD,,CR,Commercial - Regular,1000.0
raw,"RDO No. 72 - Roxas City, Capiz is composed of the following City and Munic",025-2021,"October 31, 2021",3RD,:   CAPIZ,TAPAZ,"II. BAG-ONG BARRIO, CAMBURANAN, CANDELARIA, DAAN BANWA, LAGDUNGAN, MALITBOG, SAN FRANCISCO, SAN JOSE, SAN JULIAN,  SAN NICOLAS, SWITCH",*II. LOWLAND BARANGAYS ALONG NATIONAL ROAD,,RR,Residential - Regular,700.0
raw,"RDO No. 72 - Roxas City, Capiz is composed of the following City and Munic",025-2021,"October 31, 2021",3RD,:   CAPIZ,TAPAZ,"II. BAG-ONG BARRIO, CAMBURANAN, CANDELARIA, DAAN BANWA, LAGDUNGAN, MALITBOG, SAN FRANCISCO, SAN JOSE, SAN JULIAN,  SAN NICOLAS, SWITCH",*INTERIOR LOTS,,RR,Residential - Regular,600.0
raw,"RDO No. 72 - Roxas City, Capiz is composed of the following City and Munic",025-2021,"October 31, 2021",3RD,:   CAPIZ,TAPAZ,"III. APERO, CARIDAD, CRISTINA, GARCIA, INITAN, LIBERTAD, GIBIO-AN, KATIPUNAN, ROOSEVELT, SALONG, SAN ANTONIO",*III. LOWLAND BARANGAYS NOT ALONG NATIONAL ROAD,,RR,Residential - Regular,600.0
raw,"RDO No. 72 - Roxas City, Capiz is composed of the following City and Munic",025-2021,"October 31, 2021",3RD,:   CAPIZ,TAPAZ,"III. APERO, CARIDAD, CRISTINA, GARCIA, INITAN, LIBERTAD, GIBIO-AN, KATIPUNAN, ROOSEVELT, SALONG, SAN ANTONIO",*INTERIOR LANDS,,RR,Residential - Regular,550.0
raw,"RDO No. 72 - Roxas City, Capiz is composed of the following City and Munic",025-2021,"October 31, 2021",3RD,:   CAPIZ,TAPAZ,"IV. ABANGAY, ACUNA, AGCOCOC, AGLINAB, ARTUZ, ROXAS",*INTERIOR LOTS,,RR,Residential - Regular,500.0
raw,"RDO No. 72 - Roxas City, Capiz is composed of the following City and Munic",025-2021,"October 31, 2021",3RD,:   CAPIZ,TAPAZ,"IV. ABANGAY, ACUNA, AGCOCOC, AGLINAB, ARTUZ, ROXAS",*IV. UPLAND BARANGAYS WITH ROAD,,RR,Residential - Regular,540.0
raw,"RDO No. 72 - Roxas City, Capiz is composed of the following City and Munic",,,2ND,:   CAPIZ,TAPAZ,"MABINI, MALIAO, MALITBOG, MINAN, NAYAMAN, RIZAL NORTE, RIZAL SUR",All Lots,,RR,Residential - Regular,180.0
raw,"RDO No. 72 - Roxas City, Capiz is composed of the following City and Munic",,,2ND,:   CAPIZ,TAPAZ,POBLACION,ALL OTHER LOTS,RD.MORE THAN 1KM. FR. POB.,RR,Residential - Regular,350.0
raw,"RDO No. 72 - Roxas City, Capiz is composed of the following City and Munic",,,2ND,:   CAPIZ,TAPAZ,POBLACION,ALL OTHER LOTS,ROAD W/IN 1KM. FR. POB.,RR,Residential - Regular,300.0
raw,"RDO No. 72 - Roxas City, Capiz is composed of the following City and Munic",,,2ND,:   CAPIZ,TAPAZ,POBLACION,ALL OTHER LOTS,WITHIN 10 KM. FROM TRADING CENTER,I,Industrial,550.0
raw,"RDO No. 72 - Roxas City, Capiz is composed of the following City and Munic",,,2ND,:   CAPIZ,TAPAZ,POBLACION,ALL WEATHER ROAD,WITHIN 10 KM. FROM TRADING CENTER,RR,Residential - Regular,265.0
raw,"RDO No. 72 - Roxas City, Capiz is composed of the following City and Munic",,,2ND,:   CAPIZ,TAPAZ,POBLACION,ALL WEATHER ROAD,INTERIOR LOTS,RR,Residential - Regular,215.0
raw,"RDO No. 72 - Roxas City, Capiz is composed of the following City and Munic",,,2ND,:   CAPIZ,TAPAZ,POBLACION,BONIFACIO,,RR,Residential - Regular,350.0
raw,"RDO No. 72 - Roxas City, Capiz is composed of the following City and Munic",,,2ND,:   CAPIZ,TAPAZ,POBLACION,BURGOS,,CR,Commercial - Regular,600.0
raw,"RDO No. 72 - Roxas City, Capiz is composed of the following City and Munic",,,2ND,:   CAPIZ,TAPAZ,POBLACION,BURGOS,,RR,Residential - Regular,350.0
raw,"RDO No. 72 - Roxas City, Capiz is composed of the following City and Munic",,,2ND,:   CAPIZ,TAPAZ,POBLACION,ROOSEVELT,,RR,Residential - Regular,350.0
raw,"RDO No. 72 - Roxas City, Capiz is composed of the following City and Munic",,,2ND,:   CAPIZ,TAPAZ,POBLACION,ROSEVELT ST.,BONIFACIO -ZAMORA,RR,Residential - Regular,350.0
raw,"RDO No. 72 - Roxas City, Capiz is composed of the following City and Munic",,,2ND,:   CAPIZ,TAPAZ,POBLACION,ROSEVELT ST.,VILLAREAL STREET,RR,Residential - Regular,350.0
raw,"RDO No. 72 - Roxas City, Capiz is composed of the following City and Munic",,,2ND,:   CAPIZ,TAPAZ,POBLACION,ROXAS AVE.,,RR,Residential - Regular,350.0
raw,"RDO No. 72 - Roxas City, Capiz is composed of the following City and Munic",,,2ND,:   CAPIZ,TAPAZ,POBLACION,ZAMORA,,RR,Residential - Regular,350.0
raw,"RDO No. 72 - Roxas City, Capiz is composed of the following City and Munic",025-2021,"October 31, 2021",3RD,:   CAPIZ,TAPAZ,POBLACION NORTE,*ALL OTHERS LOTS,*W/IN 1KM fr. POB.BUT ALONG ROAD INTERIOR LOTS,RR,Residential - Regular,1330.0
raw,"RDO No. 72 - Roxas City, Capiz is composed of the following City and Munic",025-2021,"October 31, 2021",3RD,:   CAPIZ,TAPAZ,POBLACION NORTE,*ALL OTHERS LOTS,*W/IN 1KM MORE THAN 1KMFR POB.BUT ALONG ROAD INTERIOR LOTS,RR,Residential - Regular,1000.0
raw,"RDO No. 72 - Roxas City, Capiz is composed of the following City and Munic",025-2021,"October 31, 2021",3RD,:   CAPIZ,TAPAZ,POBLACION NORTE,*ALL OTHERS LOTS,*W/IN 1KM MORE THAN 1KMFR POB.BUT ALONG ROAD INTERIOR LOTS,CR,Commercial - Regular,1230.0
raw,"RDO No. 72 - Roxas City, Capiz is composed of the following City and Munic",025-2021,"October 31, 2021",3RD,:   CAPIZ,TAPAZ,POBLACION NORTE,*ALL OTHERS LOTS,*III. LOWLAND BARANGAYS NOT ALONG NATIONAL ROAD,RR,Residential - Regular,600.0
raw,"RDO No. 72 - Roxas City, Capiz is composed of the following City and Munic",025-2021,"October 31, 2021",3RD,:   CAPIZ,TAPAZ,POBLACION NORTE,*ALL OTHERS LOTS,*INTERIOR LANDS,RR,Residential - Regular,500.0
raw,"RDO No. 72 - Roxas City, Capiz is composed of the following City and Munic",025-2021,"October 31, 2021",3RD,:   CAPIZ,TAPAZ,POBLACION NORTE,*ALL OTHERS LOTS,*1V. UPLAND BARANGAYS WITH ROAD,RR,Residential - Regular,440.0
raw,"RDO No. 72 - Roxas City, Capiz is composed of the following City and Munic",025-2021,"October 31, 2021",3RD,:   CAPIZ,TAPAZ,POBLACION NORTE,*ALL OTHERS LOTS,*INTERIOR LOTS,RR,Residential - Regular,350.0
raw,"RDO No. 72 - Roxas City, Capiz is composed of the following City and Munic",025-2021,"October 31, 2021",3RD,:   CAPIZ,TAPAZ,POBLACION NORTE,*ALL OTHERS LOTS,*V. UPLAND BARANGAYS W/O ROAD,RR,Residential - Regular,300.0
raw,"RDO No. 72 - Roxas City, Capiz is composed of the following City and Munic",025-2021,"October 31, 2021",3RD,:   CAPIZ,TAPAZ,POBLACION NORTE,*VILLAREAL,*GOMEZ-ROXAS,RR,Residential - Regular,1330.0
raw,"RDO No. 72 - Roxas City, Capiz is composed of the following City and Munic",025-2021,"October 31, 2021",3RD,:   CAPIZ,TAPAZ,POBLACION NORTE,*VILLAREAL,*GOMEZ-ROXAS,CR,Commercial - Regular,2270.0
raw,"RDO No. 72 - Roxas City, Capiz is composed of the following City and Munic",025-2021,"October 31, 2021",3RD,:   CAPIZ,TAPAZ,POBLACION NORTE,BONIFACIO,,CR,Commercial - Regular,2270.0
raw,"RDO No. 72 - Roxas City, Capiz is composed of the following City and Munic",025-2021,"October 31, 2021",3RD,:   CAPIZ,TAPAZ,POBLACION NORTE,BONIFACIO,,X,Special / Other,2270.0
raw,"RDO No. 72 - Roxas City, Capiz is composed of the following City and Munic",025-2021,"October 31, 2021",3RD,:   CAPIZ,TAPAZ,POBLACION NORTE,BURGOS,,CR,Commercial - Regular,2270.0
raw,"RDO No. 72 - Roxas City, Capiz is composed of the following City and Munic",025-2021,"October 31, 2021",3RD,:   CAPIZ,TAPAZ,POBLACION NORTE,GOMEZ,,CR,Commercial - Regular,2270.0
raw,"RDO No. 72 - Roxas City, Capiz is composed of the following City and Munic",025-2021,"October 31, 2021",3RD,:   CAPIZ,TAPAZ,POBLACION NORTE,GOMEZ,,RR,Residential - Regular,1330.0
raw,"RDO No. 72 - Roxas City, Capiz is composed of the following City and Munic",025-2021,"October 31, 2021",3RD,:   CAPIZ,TAPAZ,POBLACION NORTE,ROOSEVELT,BONIFACIO -ZAMORA,RR,Residential - Regular,1330.0
raw,"RDO No. 72 - Roxas City, Capiz is composed of the following City and Munic",025-2021,"October 31, 2021",3RD,:   CAPIZ,TAPAZ,POBLACION NORTE,ROOSEVELT,*ZAMORA-GOMEZ,RR,Residential - Regular,1330.0
raw,"RDO No. 72 - Roxas City, Capiz is composed of the following City and Munic",025-2021,"October 31, 2021",3RD,:   CAPIZ,TAPAZ,POBLACION NORTE,ROOSEVELT,VILLAREAL STREET,CR,Commercial - Regular,2270.0
raw,"RDO No. 72 - Roxas City, Capiz is composed of the following City and Munic",025-2021,"October 31, 2021",3RD,:   CAPIZ,TAPAZ,POBLACION NORTE,ROOSEVELT,VILLAREAL STREET,X,Special / Other,2270.0
raw,"RDO No. 72 - Roxas City, Capiz is composed of the following City and Munic",025-2021,"October 31, 2021",3RD,:   CAPIZ,TAPAZ,POBLACION NORTE,ROOSEVELT,*GOMEZ-ROXAS,RR,Residential - Regular,1330.0
raw,"RDO No. 72 - Roxas City, Capiz is composed of the following City and Munic",025-2021,"October 31, 2021",3RD,:   CAPIZ,TAPAZ,POBLACION NORTE,ROXAS,,RR,Residential - Regular,1330.0
raw,"RDO No. 72 - Roxas City, Capiz is composed of the following City and Munic",025-2021,"October 31, 2021",3RD,:   CAPIZ,TAPAZ,POBLACION NORTE,SAN GERONIMO,,CR,Commercial - Regular,2270.0
raw,"RDO No. 72 - Roxas City, Capiz is composed of the following City and Munic",025-2021,"October 31, 2021",3RD,:   CAPIZ,TAPAZ,POBLACION NORTE,SAN GERONIMO,,RR,Residential - Regular,1330.0
raw,"RDO No. 72 - Roxas City, Capiz is composed of the following City and Munic",025-2021,"October 31, 2021",3RD,:   CAPIZ,TAPAZ,POBLACION NORTE,ZAMORA,,CR,Commercial - Regular,2270.0
raw,"RDO No. 72 - Roxas City, Capiz is composed of the following City and Munic",,,2ND,:   CAPIZ,TAPAZ,"ROOSEVELT, ROXAS, SALONG, SAN ANTONIO, SAN FRANCISCO, SAN JOSE",All Lots,,RR,Residential - Regular,180.0
raw,"RDO No. 72 - Roxas City, Capiz is composed of the following City and Munic",,,2ND,:   CAPIZ,TAPAZ,"SAN JULIAN, SAN MIGUEL ILAWOD, SAN MIGUEL ILAYA, SAN NICOLAS",All Lots,,RR,Residential - Regular,180.0
raw,"RDO No. 72 - Roxas City, Capiz is composed of the following City and Munic",,,2ND,:   CAPIZ,TAPAZ,"SAN PEDRO, SAN ROQUE, SAN VICENTE, STA. ANA, STA. PETRONILA",All Lots,,RR,Residential - Regular,180.0
raw,"RDO No. 72 - Roxas City, Capiz is composed of the following City and Munic",,,2ND,:   CAPIZ,TAPAZ,"SENONOD, SIYA, SWITCH, TABON, TACAYAN, TAFT",All Lots,,RR,Residential - Regular,180.0
raw,"RDO No. 72 - Roxas City, Capiz is composed of the following City and Munic",025-2021,"October 31, 2021",3RD,:   CAPIZ,TAPAZ,"V. AGLUPACAN, AGPALAI, BATO-BATO, DAAN NORTE, DAAN SUR, HILWAN, LAHUG, MABINI, MALIAO, MINAN, NAYAWAN, RIZAL NORTE",*V. UPLAND BARANGAYS W/O ROAD,,RR,Residential - Regular,500.0
