region,rdo,do_no,effectivity,revision,province,city,barangay,street,vicinity,classification,class_name,value_sqm
raw,RDO No. 53B - Muntinlupa City  is composed of the following Barangays:,,,,,,AEHP 1 & 2,AYALA TOWNHOUSE,ACACIA & UNIV.,RC,Residential - Condominium,16000.0
raw,RDO No. 53B - Muntinlupa City  is composed of the following Barangays:,,,,,,AEHP 1 & 2,AYALA TOWNHOUSE,ACACIA & UNIV.,RC,Residential - Condominium,16000.0
raw,RDO No. 53B - Muntinlupa City  is composed of the following Barangays:,,,,,,AEHP 1 & 2,EMPLOYEES HOUSING,CAMACHILE AND PILI DR.,RR,Residential - Regular,11500.0
raw,RDO No. 53B - Muntinlupa City  is composed of the following Barangays:,,,,,,AEHP 1 & 2,EMPLOYEES HOUSING,CAMACHILE AND PILI DR.,RR,Residential - Regular,10000.0
raw,RDO No. 53B - Muntinlupa City  is composed of the following Barangays:,,,,,,AEHP 1 & 2,EMPLOYEES HOUSING,CAMACHILE AND PILI DR.,RR,Residential - Regular,4500.0
raw,RDO No. 53B - Muntinlupa City  is composed of the following Barangays:,,,,,,AEHP 1 & 2,EMPLOYEES HOUSING,CAMACHILE AND PILI DR.,RR,Residential - Regular,11500.0
raw,RDO No. 53B - Muntinlupa City  is composed of the following Barangays:,,,,,,AEHP 1 & 2,EMPLOYEES HOUSING,CAMACHILE AND PILI DR.,RR,Residential - Regular,10000.0
raw,RDO No. 53B - Muntinlupa City  is composed of the following Barangays:,,,,,,AEHP 1 & 2,EMPLOYEES HOUSING,CAMACHILE AND PILI DR.,RR,Residential - Regular,4500.0
raw,RDO No. 53B - Muntinlupa City  is composed of the following Barangays:,,,,,,AEHP 1 & 2,MADRIGAL BUSINESS PARK,COMMERCIAL CENTER,CR,Commercial - Regular,50000.0
raw,RDO No. 53B - Muntinlupa City  is composed of the following Barangays:,,,,,,AEHP 1 & 2,MADRIGAL BUSINESS PARK,COMMERCIAL CENTER,CR,Commercial - Regular,40000.0
raw,RDO No. 53B - Muntinlupa City  is composed of the following Barangays:,,,,,,AEHP 1 & 2,MADRIGAL BUSINESS PARK,COMMERCIAL CENTER,CR,Commercial - Regular,15000.0
raw,RDO No. 53B - Muntinlupa City  is composed of the following Barangays:,,,,,,AEHP 1 & 2,MADRIGAL BUSINESS PARK,COMMERCIAL CENTER,CR,Commercial - Regular,50000.0
raw,RDO No. 53B - Muntinlupa City  is composed of the following Barangays:,,,,,,AEHP 1 & 2,MADRIGAL BUSINESS PARK,COMMERCIAL CENTER,CR,Commercial - Regular,40000.0
raw,RDO No. 53B - Muntinlupa City  is composed of the following Barangays:,,,,,,AEHP 1 & 2,MADRIGAL BUSINESS PARK,COMMERCIAL CENTER,CR,Commercial - Regular,15000.0
raw,RDO No. 53B - Muntinlupa City  is composed of the following Barangays:,,,,,,AEHP 1 & 2,MONTILLANO ST,NATIONAL RD- TM ROAD,CR,Commercial - Regular,25600.0
raw,RDO No. 53B - Muntinlupa City  is composed of the following Barangays:,,,,,,AEHP 1 & 2,MONTILLANO ST,NATIONAL RD- TM ROAD,CR,Commercial - Regular,20000.0
raw,RDO No. 53B - Muntinlupa City  is composed of the following Barangays:,,,,,,AEHP 1 & 2,MONTILLANO ST,NATIONAL RD- TM ROAD,CR,Commercial - Regular,12000.0
raw,RDO No. 53B - Muntinlupa City  is composed of the following Barangays:,,,,,,AEHP 1 & 2,MONTILLANO ST,NATIONAL RD- TM ROAD,CR,Commercial - Regular,25600.0
raw,RDO No. 53B - Muntinlupa City  is composed of the following Barangays:,,,,,,AEHP 1 & 2,MONTILLANO ST,NATIONAL RD- TM ROAD,CR,Commercial - Regular,20000.0
raw,RDO No. 53B - Muntinlupa City  is composed of the following Barangays:,,,,,,AEHP 1 & 2,MONTILLANO ST,NATIONAL RD- TM ROAD,CR,Commercial - Regular,12000.0
raw,RDO No. 53B - Muntinlupa City  is composed of the following Barangays:,,,,,,AEHP 1 & 2,NATIONAL ROAD,TOLL GATE - SEC. BANK,CR,Commercial - Regular,32000.0
raw,RDO No. 53B - Muntinlupa City  is composed of the following Barangays:,,,,,,AEHP 1 & 2,NATIONAL ROAD,TOLL GATE - SEC. BANK,CR,Commercial - Regular,25000.0
raw,RDO No. 53B - Muntinlupa City  is composed of the following Barangays:,,,,,,AEHP 1 & 2,NATIONAL ROAD,TOLL GATE - SEC. BANK,CR,Commercial - Regular,15000.0
raw,RDO No. 53B - Muntinlupa City  is composed of the following Barangays:,,,,,,AEHP 1 & 2,NATIONAL ROAD,TOLL GATE - SEC. BANK,CR,Commercial - Regular,32000.0
raw,RDO No. 53B - Muntinlupa City  is composed of the following Barangays:,,,,,,AEHP 1 & 2,NATIONAL ROAD,TOLL GATE - SEC. BANK,CR,Commercial - Regular,25000.0
raw,RDO No. 53B - Muntinlupa City  is composed of the following Barangays:,,,,,,AEHP 1 & 2,NATIONAL ROAD,TOLL GATE - SEC. BANK,CR,Commercial - Regular,15000.0
raw,RDO No. 53B - Muntinlupa City  is composed of the following Barangays:,,,,,,AEHP 1 & 2,SOUTH EXPRESSWAY,HILLSIDE HOSP-BAYANAN,RR,Residential - Regular,1250.0
raw,RDO No. 53B - Muntinlupa City  is composed of the following Barangays:,,,,,,AEHP 1 & 2,SOUTH EXPRESSWAY,HILLSIDE HOSP-BAYANAN,RR,Residential - Regular,1100.0
raw,RDO No. 53B - Muntinlupa City  is composed of the following Barangays:,,,,,,AEHP 1 & 2,SOUTH EXPRESSWAY,HILLSIDE HOSP-BAYANAN,RR,Residential - Regular,700.0
raw,RDO No. 53B - Muntinlupa City  is composed of the following Barangays:,,,,,,AEHP 1 & 2,SOUTH EXPRESSWAY,HILLSIDE HOSP-BAYANAN,RR,Residential - Regular,1250.0
raw,RDO No. 53B - Muntinlupa City  is composed of the following Barangays:,,,,,,AEHP 1 & 2,SOUTH EXPRESSWAY,HILLSIDE HOSP-BAYANAN,RR,Residential - Regular,1100.0
raw,RDO No. 53B - Muntinlupa City  is composed of the following Barangays:,,,,,,AEHP 1 & 2,SOUTH EXPRESSWAY,HILLSIDE HOSP-BAYANAN,RR,Residential - Regular,700.0
raw,RDO No. 53B - Muntinlupa City  is composed of the following Barangays:,,,7TH,NCR,,ALABANG,2301 CIVIC PLACE CONDOMINIUM,FILINVEST CORPORATE CITY,RC,Residential - Condominium,55000.0
raw,RDO No. 53B - Muntinlupa City  is composed of the following Barangays:,,,7TH,NCR,,ALABANG,2301 CIVIC PLACE CONDOMINIUM,FILINVEST CORPORATE CITY,CC,Commercial - Condominium,65000.0
raw,RDO No. 53B - Muntinlupa City  is composed of the following Barangays:,,,7TH,NCR,,ALABANG,2301 CIVIC PLACE CONDOMINIUM,FILINVEST CORPORATE CITY,PS,Parking Slot / Private School,48000.0
raw,RDO No. 53B - Muntinlupa City  is composed of the following Barangays:,,,7TH,NCR,,ALABANG,2301 CIVIC PLACE CONDOMINIUM,FILINVEST CORPORATE CITY,RC,Residential - Condominium,55000.0
raw,RDO No. 53B - Muntinlupa City  is composed of the following Barangays:,,,7TH,NCR,,ALABANG,2301 CIVIC PLACE CONDOMINIUM,FILINVEST CORPORATE CITY,CC,Commercial - Condominium,65000.0
raw,RDO No. 53B - Muntinlupa City  is composed of the following Barangays:,,,7TH,NCR,,ALABANG,2301 CIVIC PLACE CONDOMINIUM,FILINVEST CORPORATE CITY,PS,Parking Slot / Private School,48000.0
raw,RDO No. 53B - Muntinlupa City  is composed of the following Barangays:,,,7TH,NCR,,ALABANG,ACACIA GROVE,FILINVEST CORPORATE CITY,RC,Residential - Condominium,60000.0
raw,RDO No. 53B - Muntinlupa City  is composed of the following Barangays:,,,7TH,NCR,,ALABANG,ACACIA GROVE,FILINVEST CORPORATE CITY,CC,Commercial - Condominium,70000.0
raw,RDO No. 53B - Muntinlupa City  is composed of the following Barangays:,,,7TH,NCR,,ALABANG,ACACIA GROVE,FILINVEST CORPORATE CITY,PS,Parking Slot / Private School,54000.0
raw,RDO No. 53B - Muntinlupa City  is composed of the following Barangays:,,,7TH,NCR,,ALABANG,ACACIA GROVE,FILINVEST CORPORATE CITY,RC,Residential - Condominium,60000.0
raw,RDO No. 53B - Muntinlupa City  is composed of the following Barangays:,,,7TH,NCR,,ALABANG,ACACIA GROVE,FILINVEST CORPORATE CITY,CC,Commercial - Condominium,70000.0
raw,RDO No. 53B - Muntinlupa City  is composed of the following Barangays:,,,7TH,NCR,,ALABANG,ACACIA GROVE,FILINVEST CORPORATE CITY,PS,Parking Slot / Private School,54000.0
raw,RDO No. 53B - Muntinlupa City  is composed of the following Barangays:,,,,,,ALABANG,ALABANG  HILLS,VIII IX X AND VI,RR,Residential - Regular,2000.0
raw,RDO No. 53B - Muntinlupa City  is composed of the following Barangays:,,,,,,ALABANG,ALABANG  HILLS,VIII IX X AND VI,RR,Residential - Regular,2000.0
raw,RDO No. 53B - Muntinlupa City  is composed of the following Barangays:,,,,,,ALABANG,ALABANG SOUTHVALE,ALABANG,RR,Residential - Regular,15000.0
raw,RDO No. 53B - Muntinlupa City  is composed of the following Barangays:,,,,,,ALABANG,ALABANG SOUTHVALE,XI-B AND XI-C,RR,Residential - Regular,18100.0
raw,RDO No. 53B - Muntinlupa City  is composed of the following Barangays:,,,,,,ALABANG,ALABANG SOUTHVALE,PHASE 2B: BLKS 2 & 16,RR,Residential - Regular,16500.0
raw,RDO No. 53B - Muntinlupa City  is composed of the following Barangays:,,,,,,ALABANG,ALABANG SOUTHVALE,CAMACHILE AND PILI DR.,RR,Residential - Regular,16000.0
raw,RDO No. 53B - Muntinlupa City  is composed of the following Barangays:,,,,,,ALABANG,ALABANG SOUTHVALE,ALABANG,RR,Residential - Regular,15000.0
raw,RDO No. 53B - Muntinlupa City  is composed of the following Barangays:,,,,,,ALABANG,ALABANG SOUTHVALE,XI-B AND XI-C,RR,Residential - Regular,18100.0
raw,RDO No. 53B - Muntinlupa City  is composed of the following Barangays:,,,,,,ALABANG,ALABANG SOUTHVALE,PHASE 2B: BLKS 2 & 16,RR,Residential - Regular,16500.0
raw,RDO No. 53B - Muntinlupa City  is composed of the following Barangays:,,,,,,ALABANG,ALABANG SOUTHVALE,CAMACHILE AND PILI DR.,RR,Residential - Regular,16000.0
raw,RDO No. 53B - Muntinlupa City  is composed of the following Barangays:,,,,,,ALABANG,ALL OTHER PROPERTIES,ALABANG RAIL RD,GP,General Purpose,500.0
raw,RDO No. 53B - Muntinlupa City  is composed of the following Barangays:,,,,,,ALABANG,ALL OTHER PROPERTIES,ZAPOTE ALABANG,GP,General Purpose,250.0
raw,RDO No. 53B - Muntinlupa City  is composed of the following Barangays:,,,,,,ALABANG,ALL OTHER PROPERTIES,ALABANG RAIL RD,GP,General Purpose,500.0
raw,RDO No. 53B - Muntinlupa City  is composed of the following Barangays:,,,,,,ALABANG,ALL OTHER PROPERTIES,ZAPOTE ALABANG,GP,General Purpose,250.0
raw,RDO No. 53B - Muntinlupa City  is composed of the following Barangays:,,,7TH,NCR,,ALABANG,ALL OTHER STREETS,HILLSIDE HOSPITAL - BAYANAN,RR,Residential - Regular,12000.0
raw,RDO No. 53B - Muntinlupa City  is composed of the following Barangays:,,,7TH,NCR,,ALABANG,ALL OTHER STREETS,HILLSIDE HOSPITAL - BAYANAN,CR,Commercial - Regular,25000.0
raw,RDO No. 53B - Muntinlupa City  is composed of the following Barangays:,,,7TH,NCR,,ALABANG,ALL OTHER STREETS,HILLSIDE HOSPITAL - BAYANAN,I,Industrial,23000.0
raw,RDO No. 53B - Muntinlupa City  is composed of the following Barangays:,,,7TH,NCR,,ALABANG,ALL OTHER STREETS,HILLSIDE HOSPITAL - BAYANAN,X,Special / Other,20000.0
raw,RDO No. 53B - Muntinlupa City  is composed of the following Barangays:,,,,,,ALABANG,ALL OTHER STREETS,PH VIII IX X AND VI,CR,Commercial - Regular,1500.0
raw,RDO No. 53B - Muntinlupa City  is composed of the following Barangays:,,,,,,ALABANG,ALL OTHER STREETS,PH VIII IX X AND VI,RR,Residential - Regular,600.0
raw,RDO No. 53B - Muntinlupa City  is composed of the following Barangays:,,,,,,ALABANG,ALL OTHER STREETS,PH VIII IX X AND VI,GP,General Purpose,500.0
raw,RDO No. 53B - Muntinlupa City  is composed of the following Barangays:,,,7TH,NCR,,ALABANG,ALL OTHER STREETS,HILLSIDE HOSPITAL - BAYANAN,RR,Residential - Regular,12000.0
raw,RDO No. 53B - Muntinlupa City  is composed of the following Barangays:,,,7TH,NCR,,ALABANG,ALL OTHER STREETS,HILLSIDE HOSPITAL - BAYANAN,CR,Commercial - Regular,25000.0
raw,RDO No. 53B - Muntinlupa City  is composed of the following Barangays:,,,7TH,NCR,,ALABANG,ALL OTHER STREETS,HILLSIDE HOSPITAL - BAYANAN,I,Industrial,23000.0
raw,RDO No. 53B - Muntinlupa City  is composed of the following Barangays:,,,7TH,NCR,,ALABANG,ALL OTHER STREETS,HILLSIDE HOSPITAL - BAYANAN,X,Special / Other,20000.0
raw,RDO No. 53B - Muntinlupa City  is composed of the following Barangays:,,,,,,ALABANG,ALL OTHER STREETS,PH VIII IX X AND VI,CR,Commercial - Regular,1500.0
raw,RDO No. 53B - Muntinlupa City  is composed of the following Barangays:,,,,,,ALABANG,ALL OTHER STREETS,PH VIII IX X AND VI,RR,Residential - Regular,600.0
raw,RDO No. 53B - Muntinlupa City  is composed of the following Barangays:,,,,,,ALABANG,ALL OTHER STREETS,PH VIII IX X AND VI,GP,General Purpose,500.0
raw,RDO No. 53B - Muntinlupa City  is composed of the following Barangays:,,,7TH,NCR,,ALABANG,ALONG PHILIPPINE NATIONAL RAILWAYS,BARRIO PROPER,RR,Residential - Regular,12000.0
raw,RDO No. 53B - Muntinlupa City  is composed of the following Barangays:,,,7TH,NCR,,ALABANG,ALONG PHILIPPINE NATIONAL RAILWAYS,BARRIO PROPER,RR,Residential - Regular,12000.0
raw,RDO No. 53B - Muntinlupa City  is composed of the following Barangays:,,,7TH,NCR,,ALABANG,ASIAN HOSPITAL & MEDICAL CTR,FILINVEST CORPORATE CITY,RC,Residential - Condominium,65000.0
raw,RDO No. 53B - Muntinlupa City  is composed of the following Barangays:,,,7TH,NCR,,ALABANG,ASIAN HOSPITAL & MEDICAL CTR,FILINVEST CORPORATE CITY,CC,Commercial - Condominium,75000.0
raw,RDO No. 53B - Muntinlupa City  is composed of the following Barangays:,,,7TH,NCR,,ALABANG,ASIAN HOSPITAL & MEDICAL CTR,FILINVEST CORPORATE CITY,PS,Parking Slot / Private School,54000.0
raw,RDO No. 53B - Muntinlupa City  is composed of the following Barangays:,,,7TH,NCR,,ALABANG,ASIAN HOSPITAL & MEDICAL CTR,FILINVEST CORPORATE CITY,RC,Residential - Condominium,65000.0
raw,RDO No. 53B - Muntinlupa City  is composed of the following Barangays:,,,7TH,NCR,,ALABANG,ASIAN HOSPITAL & MEDICAL CTR,FILINVEST CORPORATE CITY,CC,Commercial - Condominium,75000.0
raw,RDO No. 53B - Muntinlupa City  is composed of the following Barangays:,,,7TH,NCR,,ALABANG,ASIAN HOSPITAL & MEDICAL CTR,FILINVEST CORPORATE CITY,PS,Parking Slot / Private School,54000.0
raw,RDO No. 53B - Muntinlupa City  is composed of the following Barangays:,,,7TH,NCR,,ALABANG,ASIAN STAR CONDOMINIUM,FILINVEST CORPORATE CITY,RC,Residential - Condominium,55000.0
raw,RDO No. 53B - Muntinlupa City  is composed of the following Barangays:,,,7TH,NCR,,ALABANG,ASIAN STAR CONDOMINIUM,FILINVEST CORPORATE CITY,CC,Commercial - Condominium,65000.0
raw,RDO No. 53B - Muntinlupa City  is composed of the following Barangays:,,,7TH,NCR,,ALABANG,ASIAN STAR CONDOMINIUM,FILINVEST CORPORATE CITY,PS,Parking Slot / Private School,48000.0
raw,RDO No. 53B - Muntinlupa City  is composed of the following Barangays:,,,7TH,NCR,,ALABANG,ASIAN STAR CONDOMINIUM,FILINVEST CORPORATE CITY,RC,Residential - Condominium,55000.0
raw,RDO No. 53B - Muntinlupa City  is composed of the following Barangays:,,,7TH,NCR,,ALABANG,ASIAN STAR CONDOMINIUM,FILINVEST CORPORATE CITY,CC,Commercial - Condominium,65000.0
raw,RDO No. 53B - Muntinlupa City  is composed of the following Barangays:,,,7TH,NCR,,ALABANG,ASIAN STAR CONDOMINIUM,FILINVEST CORPORATE CITY,PS,Parking Slot / Private School,48000.0
raw,RDO No. 53B - Muntinlupa City  is composed of the following Barangays:,,,7TH,NCR,,ALABANG,ASPEN TOWER,FILINVEST CORPORATE CITY,RC,Residential - Condominium,60000.0
raw,RDO No. 53B - Muntinlupa City  is composed of the following Barangays:,,,7TH,NCR,,ALABANG,ASPEN TOWER,FILINVEST CORPORATE CITY,CC,Commercial - Condominium,70000.0
raw,RDO No. 53B - Muntinlupa City  is composed of the following Barangays:,,,7TH,NCR,,ALABANG,ASPEN TOWER,FILINVEST CORPORATE CITY,PS,Parking Slot / Private School,54000.0
raw,RDO No. 53B - Muntinlupa City  is composed of the following Barangays:,,,7TH,NCR,,ALABANG,ASPEN TOWER,FILINVEST CORPORATE CITY,RC,Residential - Condominium,60000.0
raw,RDO No. 53B - Muntinlupa City  is composed of the following Barangays:,,,7TH,NCR,,ALABANG,ASPEN TOWER,FILINVEST CORPORATE CITY,CC,Commercial - Condominium,70000.0
raw,RDO No. 53B - Muntinlupa City  is composed of the following Barangays:,,,7TH,NCR,,ALABANG,ASPEN TOWER,FILINVEST CORPORATE CITY,PS,Parking Slot / Private School,54000.0
raw,RDO No. 53B - Muntinlupa City  is composed of the following Barangays:,,,,,,ALABANG,AYALA ALABANG,BUS. PARK/COMM'L. CENTER,CR,Commercial - Regular,41000.0
raw,RDO No. 53B - Muntinlupa City  is composed of the following Barangays:,,,,,,ALABANG,AYALA ALABANG,BUS. PARK/COMM'L. CENTER,CR,Commercial - Regular,30000.0
raw,RDO No. 53B - Muntinlupa City  is composed of the following Barangays:,,,,,,ALABANG,AYALA ALABANG,XI-B AND XI-C,RR,Residential - Regular,14000.0
raw,RDO No. 53B - Muntinlupa City  is composed of the following Barangays:,,,,,,ALABANG,AYALA ALABANG,PHASE 2B: BLKS 2 & 16,RR,Residential - Regular,16500.0
raw,RDO No. 53B - Muntinlupa City  is composed of the following Barangays:,,,,,,ALABANG,AYALA ALABANG,CAMACHILE AND PILI DR.,RR,Residential - Regular,12000.0
raw,RDO No. 53B - Muntinlupa City  is composed of the following Barangays:,,,,,,ALABANG,AYALA ALABANG,BUS. PARK/COMM'L. CENTER,CR,Commercial - Regular,15000.0
raw,RDO No. 53B - Muntinlupa City  is composed of the following Barangays:,,,,,,ALABANG,AYALA ALABANG,XI-B AND XI-C,RR,Residential - Regular,7000.0
raw,RDO No. 53B - Muntinlupa City  is composed of the following Barangays:,,,,,,ALABANG,AYALA ALABANG,PHASE 2B: BLKS. 2 & 16,RR,Residential - Regular,8500.0
raw,RDO No. 53B - Muntinlupa City  is composed of the following Barangays:,,,,,,ALABANG,AYALA ALABANG,CAMACHILE AND PILI DR.,RR,Residential - Regular,6000.0
raw,RDO No. 53B - Muntinlupa City  is composed of the following Barangays:,,,,,,ALABANG,AYALA ALABANG,COMMERCIAL CENTER,CR,Commercial - Regular,8000.0
raw,RDO No. 53B - Muntinlupa City  is composed of the following Barangays:,,,,,,ALABANG,AYALA ALABANG,PH 1 2A 2B,RR,Residential - Regular,5000.0
raw,RDO No. 53B - Muntinlupa City  is composed of the following Barangays:,,,,,,ALABANG,AYALA ALABANG,PH 3A1 3B2 IV,RR,Residential - Regular,6000.0
raw,RDO No. 53B - Muntinlupa City  is composed of the following Barangays:,,,,,,ALABANG,AYALA ALABANG,PH 5 IIA,RR,Residential - Regular,5000.0
raw,RDO No. 53B - Muntinlupa City  is composed of the following Barangays:,,,,,,ALABANG,AYALA ALABANG,PH 3A2 AND IIB,RR,Residential - Regular,5000.0
raw,RDO No. 53B - Muntinlupa City  is composed of the following Barangays:,,,,,,ALABANG,AYALA ALABANG,PH 3B3 XIB,RR,Residential - Regular,5000.0
raw,RDO No. 53B - Muntinlupa City  is composed of the following Barangays:,,,,,,ALABANG,AYALA ALABANG,PH VII,RR,Residential - Regular,4500.0
raw,RDO No. 53B - Muntinlupa City  is composed of the following Barangays:,,,,,,ALABANG,AYALA ALABANG,PH VIII IX X AND VI,RR,Residential - Regular,4500.0
raw,RDO No. 53B - Muntinlupa City  is composed of the following Barangays:,,,,,,ALABANG,AYALA ALABANG,PH I 2A 2B,CR,Commercial - Regular,6000.0
raw,RDO No. 53B - Muntinlupa City  is composed of the following Barangays:,,,,,,ALABANG,AYALA ALABANG,PH I 2A 2B,RR,Residential - Regular,5000.0
raw,RDO No. 53B - Muntinlupa City  is composed of the following Barangays:,,,,,,ALABANG,AYALA ALABANG,PH 3A1 3B2 IV,RR,Residential - Regular,6000.0
raw,RDO No. 53B - Muntinlupa City  is composed of the following Barangays:,,,,,,ALABANG,AYALA ALABANG,PH 5 IIA,RR,Residential - Regular,5000.0
raw,RDO No. 53B - Muntinlupa City  is composed of the following Barangays:,,,,,,ALABANG,AYALA ALABANG,3A2 AND IIB,RR,Residential - Regular,5000.0
raw,RDO No. 53B - Muntinlupa City  is composed of the following Barangays:,,,,,,ALABANG,AYALA ALABANG,3B3 XI B,RR,Residential - Regular,5000.0
raw,RDO No. 53B - Muntinlupa City  is composed of the following Barangays:,,,,,,ALABANG,AYALA ALABANG,VII,RR,Residential - Regular,4500.0
raw,RDO No. 53B - Muntinlupa City  is composed of the following Barangays:,,,,,,ALABANG,AYALA ALABANG,VIII IX X AND VI,RR,Residential - Regular,4500.0
raw,RDO No. 53B - Muntinlupa City  is composed of the following Barangays:,,,,,,ALABANG,AYALA ALABANG,MANILA SOUTH ROAD,RR,Residential - Regular,2000.0
raw,RDO No. 53B - Muntinlupa City  is composed of the following Barangays:,,,,,,ALABANG,AYALA ALABANG,MLA SOUTH RD,RR,Residential - Regular,700.0
raw,RDO No. 53B - Muntinlupa City  is composed of the following Barangays:,,,,,,ALABANG,AYALA ALABANG,BUS. PARK/COMM'L. CENTER,CR,Commercial - Regular,41000.0
raw,RDO No. 53B - Muntinlupa City  is composed of the following Barangays:,,,,,,ALABANG,AYALA ALABANG,BUS. PARK/COMM'L. CENTER,CR,Commercial - Regular,30000.0
raw,RDO No. 53B - Muntinlupa City  is composed of the following Barangays:,,,,,,ALABANG,AYALA ALABANG,XI-B AND XI-C,RR,Residential - Regular,14000.0
raw,RDO No. 53B - Muntinlupa City  is composed of the following Barangays:,,,,,,ALABANG,AYALA ALABANG,PHASE 2B: BLKS 2 & 16,RR,Residential - Regular,16500.0
raw,RDO No. 53B - Muntinlupa City  is composed of the following Barangays:,,,,,,ALABANG,AYALA ALABANG,CAMACHILE AND PILI DR.,RR,Residential - Regular,12000.0
raw,RDO No. 53B - Muntinlupa City  is composed of the following Barangays:,,,,,,ALABANG,AYALA ALABANG,BUS. PARK/COMM'L. CENTER,CR,Commercial - Regular,15000.0
raw,RDO No. 53B - Muntinlupa City  is composed of the following Barangays:,,,,,,ALABANG,AYALA ALABANG,XI-B AND XI-C,RR,Residential - Regular,7000.0
raw,RDO No. 53B - Muntinlupa City  is composed of the following Barangays:,,,,,,ALABANG,AYALA ALABANG,PHASE 2B: BLKS. 2 & 16,RR,Residential - Regular,8500.0
raw,RDO No. 53B - Muntinlupa City  is composed of the following Barangays:,,,,,,ALABANG,AYALA ALABANG,CAMACHILE AND PILI DR.,RR,Residential - Regular,6000.0
raw,RDO No. 53B - Muntinlupa City  is composed of the following Barangays:,,,,,,ALABANG,AYALA ALABANG,COMMERCIAL CENTER,CR,Commercial - Regular,8000.0
raw,RDO No. 53B - Muntinlupa City  is composed of the following Barangays:,,,,,,ALABANG,AYALA ALABANG,PH 1 2A 2B,RR,Residential - Regular,5000.0
raw,RDO No. 53B - Muntinlupa City  is composed of the following Barangays:,,,,,,ALABANG,AYALA ALABANG,PH 3A1 3B2 IV,RR,Residential - Regular,6000.0
raw,RDO No. 53B - Muntinlupa City  is composed of the following Barangays:,,,,,,ALABANG,AYALA ALABANG,PH 5 IIA,RR,Residential - Regular,5000.0
raw,RDO No. 53B - Muntinlupa City  is composed of the following Barangays:,,,,,,ALABANG,AYALA ALABANG,PH 3A2 AND IIB,RR,Residential - Regular,5000.0
raw,RDO No. 53B - Muntinlupa City  is composed of the following Barangays:,,,,,,ALABANG,AYALA ALABANG,PH 3B3 XIB,RR,Residential - Regular,5000.0
raw,RDO No. 53B - Muntinlupa City  is composed of the following Barangays:,,,,,,ALABANG,AYALA ALABANG,PH VII,RR,Residential - Regular,4500.0
raw,RDO No. 53B - Muntinlupa City  is composed of the following Barangays:,,,,,,ALABANG,AYALA ALABANG,PH VIII IX X AND VI,RR,Residential - Regular,4500.0
raw,RDO No. 53B - Muntinlupa City  is composed of the following Barangays:,,,,,,ALABANG,AYALA ALABANG,PH I 2A 2B,CR,Commercial - Regular,6000.0
raw,RDO No. 53B - Muntinlupa City  is composed of the following Barangays:,,,,,,ALABANG,AYALA ALABANG,PH I 2A 2B,RR,Residential - Regular,5000.0
raw,RDO No. 53B - Muntinlupa City  is composed of the following Barangays:,,,,,,ALABANG,AYALA ALABANG,PH 3A1 3B2 IV,RR,Residential - Regular,6000.0
raw,RDO No. 53B - Muntinlupa City  is composed of the following Barangays:,,,,,,ALABANG,AYALA ALABANG,PH 5 IIA,RR,Residential - Regular,5000.0
raw,RDO No. 53B - Muntinlupa City  is composed of the following Barangays:,,,,,,ALABANG,AYALA ALABANG,3A2 AND IIB,RR,Residential - Regular,5000.0
raw,RDO No. 53B - Muntinlupa City  is composed of the following Barangays:,,,,,,ALABANG,AYALA ALABANG,3B3 XI B,RR,Residential - Regular,5000.0
raw,RDO No. 53B - Muntinlupa City  is composed of the following Barangays:,,,,,,ALABANG,AYALA ALABANG,VII,RR,Residential - Regular,4500.0
raw,RDO No. 53B - Muntinlupa City  is composed of the following Barangays:,,,,,,ALABANG,AYALA ALABANG,VIII IX X AND VI,RR,Residential - Regular,4500.0
raw,RDO No. 53B - Muntinlupa City  is composed of the following Barangays:,,,,,,ALABANG,AYALA ALABANG,MANILA SOUTH ROAD,RR,Residential - Regular,2000.0
raw,RDO No. 53B - Muntinlupa City  is composed of the following Barangays:,,,,,,ALABANG,AYALA ALABANG,MLA SOUTH RD,RR,Residential - Regular,700.0
raw,RDO No. 53B - Muntinlupa City  is composed of the following Barangays:,,,,,,ALABANG,AYALA HOUSING,PH VIII IX X AND VI,RC,Residential - Condominium,15000.0
raw,RDO No. 53B - Muntinlupa City  is composed of the following Barangays:,,,,,,ALABANG,AYALA HOUSING,PH VIII IX X AND VI,RR,Residential - Regular,3700.0
raw,RDO No. 53B - Muntinlupa City  is composed of the following Barangays:,,,,,,ALABANG,AYALA HOUSING,VIII IX X AND VI,RR,Residential - Regular,3500.0
raw,RDO No. 53B - Muntinlupa City  is composed of the following Barangays:,,,,,,ALABANG,AYALA HOUSING,PH VIII IX X AND VI,RC,Residential - Condominium,15000.0
raw,RDO No. 53B - Muntinlupa City  is composed of the following Barangays:,,,,,,ALABANG,AYALA HOUSING,PH VIII IX X AND VI,RR,Residential - Regular,3700.0
raw,RDO No. 53B - Muntinlupa City  is composed of the following Barangays:,,,,,,ALABANG,AYALA HOUSING,VIII IX X AND VI,RR,Residential - Regular,3500.0
raw,RDO No. 53B - Muntinlupa City  is composed of the following Barangays:,,,7TH,NCR,,ALABANG,BOTANIKA NATURE RESOURCES,FILINVEST CORPORATE CITY,RC,Residential - Condominium,70000.0
raw,RDO No. 53B - Muntinlupa City  is composed of the following Barangays:,,,7TH,NCR,,ALABANG,BOTANIKA NATURE RESOURCES,FILINVEST CORPORATE CITY,CC,Commercial - Condominium,80000.0
raw,RDO No. 53B - Muntinlupa City  is composed of the following Barangays:,,,7TH,NCR,,ALABANG,BOTANIKA NATURE RESOURCES,FILINVEST CORPORATE CITY,PS,Parking Slot / Private School,54000.0
raw,RDO No. 53B - Muntinlupa City  is composed of the following Barangays:,,,7TH,NCR,,ALABANG,BOTANIKA NATURE RESOURCES,FILINVEST CORPORATE CITY,RC,Residential - Condominium,70000.0
raw,RDO No. 53B - Muntinlupa City  is composed of the following Barangays:,,,7TH,NCR,,ALABANG,BOTANIKA NATURE RESOURCES,FILINVEST CORPORATE CITY,CC,Commercial - Condominium,80000.0
raw,RDO No. 53B - Muntinlupa City  is composed of the following Barangays:,,,7TH,NCR,,ALABANG,BOTANIKA NATURE RESOURCES,FILINVEST CORPORATE CITY,PS,Parking Slot / Private School,54000.0
raw,RDO No. 53B - Muntinlupa City  is composed of the following Barangays:,,,7TH,NCR,,ALABANG,BRISTOL CONDOMINIUM,FILINVEST CORPORATE CITY,RC,Residential - Condominium,70000.0
raw,RDO No. 53B - Muntinlupa City  is composed of the following Barangays:,,,7TH,NCR,,ALABANG,BRISTOL CONDOMINIUM,FILINVEST CORPORATE CITY,CC,Commercial - Condominium,80000.0
raw,RDO No. 53B - Muntinlupa City  is composed of the following Barangays:,,,7TH,NCR,,ALABANG,BRISTOL CONDOMINIUM,FILINVEST CORPORATE CITY,PS,Parking Slot / Private School,54000.0
raw,RDO No. 53B - Muntinlupa City  is composed of the following Barangays:,,,7TH,NCR,,ALABANG,BRISTOL CONDOMINIUM,FILINVEST CORPORATE CITY,RC,Residential - Condominium,70000.0
raw,RDO No. 53B - Muntinlupa City  is composed of the following Barangays:,,,7TH,NCR,,ALABANG,BRISTOL CONDOMINIUM,FILINVEST CORPORATE CITY,CC,Commercial - Condominium,80000.0
raw,RDO No. 53B - Muntinlupa City  is composed of the following Barangays:,,,7TH,NCR,,ALABANG,BRISTOL CONDOMINIUM,FILINVEST CORPORATE CITY,PS,Parking Slot / Private School,54000.0
raw,RDO No. 53B - Muntinlupa City  is composed of the following Barangays:,,,7TH,NCR,,ALABANG,CAPITAL ONE,FILINVEST CORPORATE CITY,RC,Residential - Condominium,45000.0
raw,RDO No. 53B - Muntinlupa City  is composed of the following Barangays:,,,7TH,NCR,,ALABANG,CAPITAL ONE,FILINVEST CORPORATE CITY,CC,Commercial - Condominium,55000.0
raw,RDO No. 53B - Muntinlupa City  is composed of the following Barangays:,,,7TH,NCR,,ALABANG,CAPITAL ONE,FILINVEST CORPORATE CITY,PS,Parking Slot / Private School,40000.0
raw,RDO No. 53B - Muntinlupa City  is composed of the following Barangays:,,,7TH,NCR,,ALABANG,CAPITAL ONE,FILINVEST CORPORATE CITY,RC,Residential - Condominium,45000.0
raw,RDO No. 53B - Muntinlupa City  is composed of the following Barangays:,,,7TH,NCR,,ALABANG,CAPITAL ONE,FILINVEST CORPORATE CITY,CC,Commercial - Condominium,55000.0
raw,RDO No. 53B - Muntinlupa City  is composed of the following Barangays:,,,7TH,NCR,,ALABANG,CAPITAL ONE,FILINVEST CORPORATE CITY,PS,Parking Slot / Private School,40000.0
raw,RDO No. 53B - Muntinlupa City  is composed of the following Barangays:,,,7TH,NCR,,ALABANG,CHMI HOTEL AND RESIDENCES,FILINVEST CORPORATE CITY,RC,Residential - Condominium,55000.0
raw,RDO No. 53B - Muntinlupa City  is composed of the following Barangays:,,,7TH,NCR,,ALABANG,CHMI HOTEL AND RESIDENCES,FILINVEST CORPORATE CITY,CC,Commercial - Condominium,65000.0
raw,RDO No. 53B - Muntinlupa City  is composed of the following Barangays:,,,7TH,NCR,,ALABANG,CHMI HOTEL AND RESIDENCES,FILINVEST CORPORATE CITY,PS,Parking Slot / Private School,48000.0
raw,RDO No. 53B - Muntinlupa City  is composed of the following Barangays:,,,7TH,NCR,,ALABANG,CHMI HOTEL AND RESIDENCES,FILINVEST CORPORATE CITY,RC,Residential - Condominium,55000.0
raw,RDO No. 53B - Muntinlupa City  is composed of the following Barangays:,,,7TH,NCR,,ALABANG,CHMI HOTEL AND RESIDENCES,FILINVEST CORPORATE CITY,CC,Commercial - Condominium,65000.0
raw,RDO No. 53B - Muntinlupa City  is composed of the following Barangays:,,,7TH,NCR,,ALABANG,CHMI HOTEL AND RESIDENCES,FILINVEST CORPORATE CITY,PS,Parking Slot / Private School,48000.0
raw,RDO No. 53B - Muntinlupa City  is composed of the following Barangays:,,,7TH,NCR,,ALABANG,CIVIC PRIME CONDO,FILINVEST CORPORATE CITY,RC,Residential - Condominium,55000.0
raw,RDO No. 53B - Muntinlupa City  is composed of the following Barangays:,,,7TH,NCR,,ALABANG,CIVIC PRIME CONDO,FILINVEST CORPORATE CITY,CC,Commercial - Condominium,65000.0
raw,RDO No. 53B - Muntinlupa City  is composed of the following Barangays:,,,7TH,NCR,,ALABANG,CIVIC PRIME CONDO,FILINVEST CORPORATE CITY,PS,Parking Slot / Private School,48000.0
raw,RDO No. 53B - Muntinlupa City  is composed of the following Barangays:,,,7TH,NCR,,ALABANG,CIVIC PRIME CONDO,FILINVEST CORPORATE CITY,RC,Residential - Condominium,55000.0
raw,RDO No. 53B - Muntinlupa City  is composed of the following Barangays:,,,7TH,NCR,,ALABANG,CIVIC PRIME CONDO,FILINVEST CORPORATE CITY,CC,Commercial - Condominium,65000.0
raw,RDO No. 53B - Muntinlupa City  is composed of the following Barangays:,,,7TH,NCR,,ALABANG,CIVIC PRIME CONDO,FILINVEST CORPORATE CITY,PS,Parking Slot / Private School,48000.0
raw,RDO No. 53B - Muntinlupa City  is composed of the following Barangays:,,,7TH,NCR,,ALABANG,DE MESA COMPOUND,L & B 2,RR,Residential - Regular,12000.0
raw,RDO No. 53B - Muntinlupa City  is composed of the following Barangays:,,,7TH,NCR,,ALABANG,DE MESA COMPOUND,L & B 2,RR,Residential - Regular,12000.0
raw,RDO No. 53B - Muntinlupa City  is composed of the following Barangays:,,,,,,ALABANG,DONATA,SAN JOSE SUBD,RR,Residential - Regular,3750.0
raw,RDO No. 53B - Muntinlupa City  is composed of the following Barangays:,,,,,,ALABANG,DONATA,SAN JOSE SUBD,RR,Residential - Regular,3200.0
raw,RDO No. 53B - Muntinlupa City  is composed of the following Barangays:,,,,,,ALABANG,DONATA,SAN JOSE SUBD,RR,Residential - Regular,2200.0
raw,RDO No. 53B - Muntinlupa City  is composed of the following Barangays:,,,,,,ALABANG,DONATA,SAN JOSE SUBD,RR,Residential - Regular,1400.0
raw,RDO No. 53B - Muntinlupa City  is composed of the following Barangays:,,,,,,ALABANG,DONATA,SAN JOSE SUBD,RR,Residential - Regular,3750.0
raw,RDO No. 53B - Muntinlupa City  is composed of the following Barangays:,,,,,,ALABANG,DONATA,SAN JOSE SUBD,RR,Residential - Regular,3200.0
raw,RDO No. 53B - Muntinlupa City  is composed of the following Barangays:,,,,,,ALABANG,DONATA,SAN JOSE SUBD,RR,Residential - Regular,2200.0
raw,RDO No. 53B - Muntinlupa City  is composed of the following Barangays:,,,,,,ALABANG,DONATA,SAN JOSE SUBD,RR,Residential - Regular,1400.0
raw,RDO No. 53B - Muntinlupa City  is composed of the following Barangays:,,,,,,ALABANG,DONATA ST,SAN JOSE SUBD,RR,Residential - Regular,1200.0
raw,RDO No. 53B - Muntinlupa City  is composed of the following Barangays:,,,,,,ALABANG,DONATA ST,SAN JOSE SUBD,RR,Residential - Regular,600.0
raw,RDO No. 53B - Muntinlupa City  is composed of the following Barangays:,,,,,,ALABANG,DONATA ST,SAN JOSE SUBD,RR,Residential - Regular,1200.0
raw,RDO No. 53B - Muntinlupa City  is composed of the following Barangays:,,,,,,ALABANG,DONATA ST,SAN JOSE SUBD,RR,Residential - Regular,600.0
raw,RDO No. 53B - Muntinlupa City  is composed of the following Barangays:,,,7TH,NCR,,ALABANG,EAST SERVICE ROAD,ALABANG TOLL GATE - CUPANG RIVER,RR,Residential - Regular,17000.0
raw,RDO No. 53B - Muntinlupa City  is composed of the following Barangays:,,,7TH,NCR,,ALABANG,EAST SERVICE ROAD,ALABANG TOLL GATE - CUPANG RIVER,CR,Commercial - Regular,25000.0
raw,RDO No. 53B - Muntinlupa City  is composed of the following Barangays:,,,7TH,NCR,,ALABANG,EAST SERVICE ROAD,ALABANG TOLL GATE - CUPANG RIVER,I,Industrial,23000.0
raw,RDO No. 53B - Muntinlupa City  is composed of the following Barangays:,,,7TH,NCR,,ALABANG,EAST SERVICE ROAD,ALABANG TOLL GATE - CUPANG RIVER,X,Special / Other,25000.0
raw,RDO No. 53B - Muntinlupa City  is composed of the following Barangays:,,,7TH,NCR,,ALABANG,EAST SERVICE ROAD,ALABANG TOLL GATE - CUPANG RIVER,RR,Residential - Regular,17000.0
raw,RDO No. 53B - Muntinlupa City  is composed of the following Barangays:,,,7TH,NCR,,ALABANG,EAST SERVICE ROAD,ALABANG TOLL GATE - CUPANG RIVER,CR,Commercial - Regular,25000.0
raw,RDO No. 53B - Muntinlupa City  is composed of the following Barangays:,,,7TH,NCR,,ALABANG,EAST SERVICE ROAD,ALABANG TOLL GATE - CUPANG RIVER,I,Industrial,23000.0
raw,RDO No. 53B - Muntinlupa City  is composed of the following Barangays:,,,7TH,NCR,,ALABANG,EAST SERVICE ROAD,ALABANG TOLL GATE - CUPANG RIVER,X,Special / Other,25000.0
raw,RDO No. 53B - Muntinlupa City  is composed of the following Barangays:,,,7TH,NCR,,ALABANG,ENTRATA TOWER,ALABANG-ZAPOTE ROAD,RC,Residential - Condominium,60000.0
raw,RDO No. 53B - Muntinlupa City  is composed of the following Barangays:,,,7TH,NCR,,ALABANG,ENTRATA TOWER,ALABANG-ZAPOTE ROAD,CC,Commercial - Condominium,70000.0
raw,RDO No. 53B - Muntinlupa City  is composed of the following Barangays:,,,7TH,NCR,,ALABANG,ENTRATA TOWER,ALABANG-ZAPOTE ROAD,PS,Parking Slot / Private School,54000.0
raw,RDO No. 53B - Muntinlupa City  is composed of the following Barangays:,,,7TH,NCR,,ALABANG,ENTRATA TOWER,ALABANG-ZAPOTE ROAD,RC,Residential - Condominium,60000.0
raw,RDO No. 53B - Muntinlupa City  is composed of the following Barangays:,,,7TH,NCR,,ALABANG,ENTRATA TOWER,ALABANG-ZAPOTE ROAD,CC,Commercial - Condominium,70000.0
raw,RDO No. 53B - Muntinlupa City  is composed of the following Barangays:,,,7TH,NCR,,ALABANG,ENTRATA TOWER,ALABANG-ZAPOTE ROAD,PS,Parking Slot / Private School,54000.0
raw,RDO No. 53B - Muntinlupa City  is composed of the following Barangays:,,,7TH,NCR,,ALABANG,ESTE HONOR COMPOUND,BARRIO PROPER,RR,Residential - Regular,12000.0
raw,RDO No. 53B - Muntinlupa City  is composed of the following Barangays:,,,7TH,NCR,,ALABANG,ESTE HONOR COMPOUND,BARRIO PROPER,RR,Residential - Regular,12000.0
raw,RDO No. 53B - Muntinlupa City  is composed of the following Barangays:,,,7TH,NCR,,ALABANG,F DE CASTRO COMPOUND,BARRIO PROPER,RR,Residential - Regular,12000.0
raw,RDO No. 53B - Muntinlupa City  is composed of the following Barangays:,,,7TH,NCR,,ALABANG,F DE CASTRO COMPOUND,BARRIO PROPER,X,Special / Other,20000.0
raw,RDO No. 53B - Muntinlupa City  is composed of the following Barangays:,,,7TH,NCR,,ALABANG,F DE CASTRO COMPOUND,BARRIO PROPER,RR,Residential - Regular,12000.0
raw,RDO No. 53B - Muntinlupa City  is composed of the following Barangays:,,,7TH,NCR,,ALABANG,F DE CASTRO COMPOUND,BARRIO PROPER,X,Special / Other,20000.0
raw,RDO No. 53B - Muntinlupa City  is composed of the following Barangays:,,,,,,ALABANG,FILINVEST,ALABANG,CR,Commercial - Regular,55000.0
raw,RDO No. 53B - Muntinlupa City  is composed of the following Barangays:,,,,,,ALABANG,FILINVEST,ALABANG,CR,Commercial - Regular,55000.0
raw,RDO No. 53B - Muntinlupa City  is composed of the following Barangays:,,,7TH,NCR,,ALABANG,FILINVEST  CORPORATE CITY,ALABANG-ZAPOTE RD- FILINVEST AVENUE,CR,Commercial - Regular,75000.0
raw,RDO No. 53B - Muntinlupa City  is composed of the following Barangays:,,,7TH,NCR,,ALABANG,FILINVEST  CORPORATE CITY,ALABANG-ZAPOTE RD- FILINVEST AVENUE,X,Special / Other,75000.0
raw,RDO No. 53B - Muntinlupa City  is composed of the following Barangays:,,,7TH,NCR,,ALABANG,FILINVEST  CORPORATE CITY,ALABANG-ZAPOTE RD- FILINVEST AVENUE,CR,Commercial - Regular,75000.0
raw,RDO No. 53B - Muntinlupa City  is composed of the following Barangays:,,,7TH,NCR,,ALABANG,FILINVEST  CORPORATE CITY,ALABANG-ZAPOTE RD- FILINVEST AVENUE,X,Special / Other,75000.0
raw,RDO No. 53B - Muntinlupa City  is composed of the following Barangays:,,,7TH,NCR,,ALABANG,HIGHWAY HOMES SUBD.,NATIONAL HIGHWAY,RR,Residential - Regular,12000.0
raw,RDO No. 53B - Muntinlupa City  is composed of the following Barangays:,,,7TH,NCR,,ALABANG,HIGHWAY HOMES SUBD.,NATIONAL HIGHWAY,RR,Residential - Regular,12000.0
raw,RDO No. 53B - Muntinlupa City  is composed of the following Barangays:,,,,,,ALABANG,HILLSBOROUGH,ALABANG RAIL ROAD,RR,Residential - Regular,4000.0
raw,RDO No. 53B - Muntinlupa City  is composed of the following Barangays:,,,,,,ALABANG,HILLSBOROUGH,ALABANG RAIL RD,RR,Residential - Regular,3250.0
raw,RDO No. 53B - Muntinlupa City  is composed of the following Barangays:,,,,,,ALABANG,HILLSBOROUGH,ALABANG RAIL ROAD,RR,Residential - Regular,4000.0
raw,RDO No. 53B - Muntinlupa City  is composed of the following Barangays:,,,,,,ALABANG,HILLSBOROUGH,ALABANG RAIL RD,RR,Residential - Regular,3250.0
raw,RDO No. 53B - Muntinlupa City  is composed of the following Barangays:,,,,,,ALABANG,JOAQUIN CPD,RAILROAD,RR,Residential - Regular,1800.0
raw,RDO No. 53B - Muntinlupa City  is composed of the following Barangays:,,,,,,ALABANG,JOAQUIN CPD,RAILROAD,RR,Residential - Regular,1400.0
raw,RDO No. 53B - Muntinlupa City  is composed of the following Barangays:,,,,,,ALABANG,JOAQUIN CPD,RAILROAD,RR,Residential - Regular,1100.0
raw,RDO No. 53B - Muntinlupa City  is composed of the following Barangays:,,,,,,ALABANG,JOAQUIN CPD,RAILROAD,RR,Residential - Regular,700.0
raw,RDO No. 53B - Muntinlupa City  is composed of the following Barangays:,,,,,,ALABANG,JOAQUIN CPD,RAILROAD,RR,Residential - Regular,600.0
raw,RDO No. 53B - Muntinlupa City  is composed of the following Barangays:,,,,,,ALABANG,JOAQUIN CPD,RAILROAD,RR,Residential - Regular,300.0
raw,RDO No. 53B - Muntinlupa City  is composed of the following Barangays:,,,,,,ALABANG,JOAQUIN CPD,RAILROAD,RR,Residential - Regular,1800.0
raw,RDO No. 53B - Muntinlupa City  is composed of the following Barangays:,,,,,,ALABANG,JOAQUIN CPD,RAILROAD,RR,Residential - Regular,1400.0
raw,RDO No. 53B - Muntinlupa City  is composed of the following Barangays:,,,,,,ALABANG,JOAQUIN CPD,RAILROAD,RR,Residential - Regular,1100.0
raw,RDO No. 53B - Muntinlupa City  is composed of the following Barangays:,,,,,,ALABANG,JOAQUIN CPD,RAILROAD,RR,Residential - Regular,700.0
raw,RDO No. 53B - Muntinlupa City  is composed of the following Barangays:,,,,,,ALABANG,JOAQUIN CPD,RAILROAD,RR,Residential - Regular,600.0
raw,RDO No. 53B - Muntinlupa City  is composed of the following Barangays:,,,,,,ALABANG,JOAQUIN CPD,RAILROAD,RR,Residential - Regular,300.0
raw,RDO No. 53B - Muntinlupa City  is composed of the following Barangays:,,,,,,ALABANG,KELLY'S ROAD,ESTE HONOR,CR,Commercial - Regular,9300.0
raw,RDO No. 53B - Muntinlupa City  is composed of the following Barangays:,,,,,,ALABANG,KELLY'S ROAD,ESTE HONOR,RR,Residential - Regular,1650.0
raw,RDO No. 53B - Muntinlupa City  is composed of the following Barangays:,,,,,,ALABANG,KELLY'S ROAD,ESTE HONOR,CR,Commercial - Regular,7500.0
raw,RDO No. 53B - Muntinlupa City  is composed of the following Barangays:,,,,,,ALABANG,KELLY'S ROAD,ESTE HONOR,RR,Residential - Regular,1200.0
raw,RDO No. 53B - Muntinlupa City  is composed of the following Barangays:,,,,,,ALABANG,KELLY'S ROAD,ESTE HONOR,CR,Commercial - Regular,6000.0
raw,RDO No. 53B - Muntinlupa City  is composed of the following Barangays:,,,,,,ALABANG,KELLY'S ROAD,ESTE HONOR,RR,Residential - Regular,800.0
raw,RDO No. 53B - Muntinlupa City  is composed of the following Barangays:,,,,,,ALABANG,KELLY'S ROAD,ESTE HONOR,CR,Commercial - Regular,3000.0
raw,RDO No. 53B - Muntinlupa City  is composed of the following Barangays:,,,,,,ALABANG,KELLY'S ROAD,ESTE HONOR,CR,Commercial - Regular,1200.0
raw,RDO No. 53B - Muntinlupa City  is composed of the following Barangays:,,,,,,ALABANG,KELLY'S ROAD,ESTE HONOR,CR,Commercial - Regular,9300.0
raw,RDO No. 53B - Muntinlupa City  is composed of the following Barangays:,,,,,,ALABANG,KELLY'S ROAD,ESTE HONOR,RR,Residential - Regular,1650.0
raw,RDO No. 53B - Muntinlupa City  is composed of the following Barangays:,,,,,,ALABANG,KELLY'S ROAD,ESTE HONOR,CR,Commercial - Regular,7500.0
raw,RDO No. 53B - Muntinlupa City  is composed of the following Barangays:,,,,,,ALABANG,KELLY'S ROAD,ESTE HONOR,RR,Residential - Regular,1200.0
raw,RDO No. 53B - Muntinlupa City  is composed of the following Barangays:,,,,,,ALABANG,KELLY'S ROAD,ESTE HONOR,CR,Commercial - Regular,6000.0
raw,RDO No. 53B - Muntinlupa City  is composed of the following Barangays:,,,,,,ALABANG,KELLY'S ROAD,ESTE HONOR,RR,Residential - Regular,800.0
raw,RDO No. 53B - Muntinlupa City  is composed of the following Barangays:,,,,,,ALABANG,KELLY'S ROAD,ESTE HONOR,CR,Commercial - Regular,3000.0
raw,RDO No. 53B - Muntinlupa City  is composed of the following Barangays:,,,,,,ALABANG,KELLY'S ROAD,ESTE HONOR,CR,Commercial - Regular,1200.0
raw,RDO No. 53B - Muntinlupa City  is composed of the following Barangays:,,,,,,ALABANG,KELLYS ROAD,ESTE HONOR,CR,Commercial - Regular,2500.0
raw,RDO No. 53B - Muntinlupa City  is composed of the following Barangays:,,,,,,ALABANG,KELLYS ROAD,ESTE HONOR,CR,Commercial - Regular,2500.0
raw,RDO No. 53B - Muntinlupa City  is composed of the following Barangays:,,,,,,ALABANG,L  B COMPOUND,NATIONAL ROAD,RR,Residential - Regular,500.0
raw,RDO No. 53B - Muntinlupa City  is composed of the following Barangays:,,,,,,ALABANG,L  B COMPOUND,NATIONAL ROAD,RR,Residential - Regular,500.0
raw,RDO No. 53B - Muntinlupa City  is composed of the following Barangays:,,,7TH,NCR,,ALABANG,L & B COMOUND 1,INT. NATIONAL ROAD,RR,Residential - Regular,12000.0
raw,RDO No. 53B - Muntinlupa City  is composed of the following Barangays:,,,7TH,NCR,,ALABANG,L & B COMOUND 1,INT. NATIONAL ROAD,RR,Residential - Regular,12000.0
raw,RDO No. 53B - Muntinlupa City  is composed of the following Barangays:,,,,,,ALABANG,L & B COMPOUND,NATIONAL ROAD,RR,Residential - Regular,2600.0
raw,RDO No. 53B - Muntinlupa City  is composed of the following Barangays:,,,,,,ALABANG,L & B COMPOUND,NATIONAL ROAD,RR,Residential - Regular,2600.0
raw,RDO No. 53B - Muntinlupa City  is composed of the following Barangays:,,,,,,ALABANG,L & B COMPOUND,NATIONAL ROAD,RR,Residential - Regular,1700.0
raw,RDO No. 53B - Muntinlupa City  is composed of the following Barangays:,,,,,,ALABANG,L & B COMPOUND,NATIONAL ROAD,RR,Residential - Regular,2600.0
raw,RDO No. 53B - Muntinlupa City  is composed of the following Barangays:,,,,,,ALABANG,L & B COMPOUND,NATIONAL ROAD,RR,Residential - Regular,2600.0
raw,RDO No. 53B - Muntinlupa City  is composed of the following Barangays:,,,,,,ALABANG,L & B COMPOUND,NATIONAL ROAD,RR,Residential - Regular,1700.0
raw,RDO No. 53B - Muntinlupa City  is composed of the following Barangays:,,,7TH,NCR,,ALABANG,L & B COMPOUND 2,INT. T.M. ROAD,RR,Residential - Regular,12000.0
raw,RDO No. 53B - Muntinlupa City  is composed of the following Barangays:,,,7TH,NCR,,ALABANG,L & B COMPOUND 2,INT. T.M. ROAD,RR,Residential - Regular,12000.0
raw,RDO No. 53B - Muntinlupa City  is composed of the following Barangays:,,,7TH,NCR,,ALABANG,L & B COMPOUND 3,LAGUNA DE BAY,RR,Residential - Regular,12000.0
raw,RDO No. 53B - Muntinlupa City  is composed of the following Barangays:,,,7TH,NCR,,ALABANG,L & B COMPOUND 3,LAGUNA DE BAY,RR,Residential - Regular,12000.0
raw,RDO No. 53B - Muntinlupa City  is composed of the following Barangays:,,,,,,ALABANG,L B CPD,NATIONAL ROAD,RR,Residential - Regular,1100.0
raw,RDO No. 53B - Muntinlupa City  is composed of the following Barangays:,,,,,,ALABANG,L B CPD,NATIONAL ROAD,RR,Residential - Regular,1000.0
raw,RDO No. 53B - Muntinlupa City  is composed of the following Barangays:,,,,,,ALABANG,L B CPD,NATIONAL ROAD,RR,Residential - Regular,1100.0
raw,RDO No. 53B - Muntinlupa City  is composed of the following Barangays:,,,,,,ALABANG,L B CPD,NATIONAL ROAD,RR,Residential - Regular,1000.0
raw,RDO No. 53B - Muntinlupa City  is composed of the following Barangays:,,,7TH,NCR,,ALABANG,LA VIE FLATS,FILINVEST CORPORATE CITY,RC,Residential - Condominium,60000.0
raw,RDO No. 53B - Muntinlupa City  is composed of the following Barangays:,,,7TH,NCR,,ALABANG,LA VIE FLATS,FILINVEST CORPORATE CITY,CC,Commercial - Condominium,70000.0
raw,RDO No. 53B - Muntinlupa City  is composed of the following Barangays:,,,7TH,NCR,,ALABANG,LA VIE FLATS,FILINVEST CORPORATE CITY,PS,Parking Slot / Private School,54000.0
raw,RDO No. 53B - Muntinlupa City  is composed of the following Barangays:,,,7TH,NCR,,ALABANG,LA VIE FLATS,FILINVEST CORPORATE CITY,RC,Residential - Condominium,60000.0
raw,RDO No. 53B - Muntinlupa City  is composed of the following Barangays:,,,7TH,NCR,,ALABANG,LA VIE FLATS,FILINVEST CORPORATE CITY,CC,Commercial - Condominium,70000.0
raw,RDO No. 53B - Muntinlupa City  is composed of the following Barangays:,,,7TH,NCR,,ALABANG,LA VIE FLATS,FILINVEST CORPORATE CITY,PS,Parking Slot / Private School,54000.0
raw,RDO No. 53B - Muntinlupa City  is composed of the following Barangays:,,,7TH,NCR,,ALABANG,MENDIOLA ST.,BARRIO PROPER,RR,Residential - Regular,12000.0
raw,RDO No. 53B - Muntinlupa City  is composed of the following Barangays:,,,7TH,NCR,,ALABANG,MENDIOLA ST.,BARRIO PROPER,X,Special / Other,20000.0
raw,RDO No. 53B - Muntinlupa City  is composed of the following Barangays:,,,7TH,NCR,,ALABANG,MENDIOLA ST.,BARRIO PROPER,RR,Residential - Regular,12000.0
raw,RDO No. 53B - Muntinlupa City  is composed of the following Barangays:,,,7TH,NCR,,ALABANG,MENDIOLA ST.,BARRIO PROPER,X,Special / Other,20000.0
raw,RDO No. 53B - Muntinlupa City  is composed of the following Barangays:,,,7TH,NCR,,ALABANG,MONDRIAN PLACE,FILINVEST CORPORATE CITY,RC,Residential - Condominium,55000.0
raw,RDO No. 53B - Muntinlupa City  is composed of the following Barangays:,,,7TH,NCR,,ALABANG,MONDRIAN PLACE,FILINVEST CORPORATE CITY,CC,Commercial - Condominium,65000.0
raw,RDO No. 53B - Muntinlupa City  is composed of the following Barangays:,,,7TH,NCR,,ALABANG,MONDRIAN PLACE,FILINVEST CORPORATE CITY,PS,Parking Slot / Private School,48000.0
raw,RDO No. 53B - Muntinlupa City  is composed of the following Barangays:,,,7TH,NCR,,ALABANG,MONDRIAN PLACE,FILINVEST CORPORATE CITY,RC,Residential - Condominium,55000.0
raw,RDO No. 53B - Muntinlupa City  is composed of the following Barangays:,,,7TH,NCR,,ALABANG,MONDRIAN PLACE,FILINVEST CORPORATE CITY,CC,Commercial - Condominium,65000.0
raw,RDO No. 53B - Muntinlupa City  is composed of the following Barangays:,,,7TH,NCR,,ALABANG,MONDRIAN PLACE,FILINVEST CORPORATE CITY,PS,Parking Slot / Private School,48000.0
raw,RDO No. 53B - Muntinlupa City  is composed of the following Barangays:,,,7TH,NCR,,ALABANG,MONTILLANO ST,INTERIOR (PNR-TM Road),RR,Residential - Regular,20000.0
raw,RDO No. 53B - Muntinlupa City  is composed of the following Barangays:,,,7TH,NCR,,ALABANG,MONTILLANO ST,NATIONAL RD- TM ROAD,CR,Commercial - Regular,30000.0
raw,RDO No. 53B - Muntinlupa City  is composed of the following Barangays:,,,7TH,NCR,,ALABANG,MONTILLANO ST,INTERIOR MONTILLANO,X,Special / Other,30000.0
raw,RDO No. 53B - Muntinlupa City  is composed of the following Barangays:,,,7TH,NCR,,ALABANG,MONTILLANO ST,INTERIOR (PNR-TM Road),RR,Residential - Regular,20000.0
raw,RDO No. 53B - Muntinlupa City  is composed of the following Barangays:,,,7TH,NCR,,ALABANG,MONTILLANO ST,NATIONAL RD- TM ROAD,CR,Commercial - Regular,30000.0
raw,RDO No. 53B - Muntinlupa City  is composed of the following Barangays:,,,7TH,NCR,,ALABANG,MONTILLANO ST,INTERIOR MONTILLANO,X,Special / Other,30000.0
raw,RDO No. 53B - Muntinlupa City  is composed of the following Barangays:,,,7TH,NCR,,ALABANG,NATIONAL ROAD,TOLL GATE - BAYANAN RIVER,RR,Residential - Regular,35000.0
raw,RDO No. 53B - Muntinlupa City  is composed of the following Barangays:,,,7TH,NCR,,ALABANG,NATIONAL ROAD,TOLL GATE - BAYANAN RIVER,CR,Commercial - Regular,40000.0
raw,RDO No. 53B - Muntinlupa City  is composed of the following Barangays:,,,7TH,NCR,,ALABANG,NATIONAL ROAD,TOLL GATE - BAYANAN RIVER,X,Special / Other,40000.0
raw,RDO No. 53B - Muntinlupa City  is composed of the following Barangays:,,,7TH,NCR,,ALABANG,NATIONAL ROAD,TOLL GATE - BAYANAN RIVER,RR,Residential - Regular,35000.0
raw,RDO No. 53B - Muntinlupa City  is composed of the following Barangays:,,,7TH,NCR,,ALABANG,NATIONAL ROAD,TOLL GATE - BAYANAN RIVER,CR,Commercial - Regular,40000.0
raw,RDO No. 53B - Muntinlupa City  is composed of the following Barangays:,,,7TH,NCR,,ALABANG,NATIONAL ROAD,TOLL GATE - BAYANAN RIVER,X,Special / Other,40000.0
raw,RDO No. 53B - Muntinlupa City  is composed of the following Barangays:,,,,,,ALABANG,NEW ALABANG 400,ALABANG RAIL ROAD,RR,Residential - Regular,3000.0
raw,RDO No. 53B - Muntinlupa City  is composed of the following Barangays:,,,,,,ALABANG,NEW ALABANG 400,ALABANG RAIL RD,RR,Residential - Regular,2500.0
raw,RDO No. 53B - Muntinlupa City  is composed of the following Barangays:,,,,,,ALABANG,NEW ALABANG 400,ZAPOTE ALABANG,RR,Residential - Regular,800.0
raw,RDO No. 53B - Muntinlupa City  is composed of the following Barangays:,,,,,,ALABANG,NEW ALABANG 400,ALABANG RAIL ROAD,RR,Residential - Regular,3000.0
raw,RDO No. 53B - Muntinlupa City  is composed of the following Barangays:,,,,,,ALABANG,NEW ALABANG 400,ALABANG RAIL RD,RR,Residential - Regular,2500.0
raw,RDO No. 53B - Muntinlupa City  is composed of the following Barangays:,,,,,,ALABANG,NEW ALABANG 400,ZAPOTE ALABANG,RR,Residential - Regular,800.0
raw,RDO No. 53B - Muntinlupa City  is composed of the following Barangays:,,,7TH,NCR,,ALABANG,NORTHGATE CENTER,ALABANG ZAPOTE-NORTH BRIDGEWAY,CR,Commercial - Regular,75000.0
raw,RDO No. 53B - Muntinlupa City  is composed of the following Barangays:,,,7TH,NCR,,ALABANG,NORTHGATE CENTER,ALABANG ZAPOTE-NORTH BRIDGEWAY,X,Special / Other,75000.0
raw,RDO No. 53B - Muntinlupa City  is composed of the following Barangays:,,,7TH,NCR,,ALABANG,NORTHGATE CENTER,ALABANG ZAPOTE-NORTH BRIDGEWAY,CR,Commercial - Regular,75000.0
raw,RDO No. 53B - Muntinlupa City  is composed of the following Barangays:,,,7TH,NCR,,ALABANG,NORTHGATE CENTER,ALABANG ZAPOTE-NORTH BRIDGEWAY,X,Special / Other,75000.0
raw,RDO No. 53B - Muntinlupa City  is composed of the following Barangays:,,,,,,ALABANG,PACIFIC HOMES,MANILA SOUTH ROAD,RR,Residential - Regular,2500.0
raw,RDO No. 53B - Muntinlupa City  is composed of the following Barangays:,,,,,,ALABANG,PACIFIC HOMES,MLA SOUTH ROAD,RR,Residential - Regular,2200.0
raw,RDO No. 53B - Muntinlupa City  is composed of the following Barangays:,,,,,,ALABANG,PACIFIC HOMES,MANILA SOUTH ROAD,RR,Residential - Regular,1100.0
raw,RDO No. 53B - Muntinlupa City  is composed of the following Barangays:,,,,,,ALABANG,PACIFIC HOMES,MLA SOUTH RD,RR,Residential - Regular,500.0
raw,RDO No. 53B - Muntinlupa City  is composed of the following Barangays:,,,,,,ALABANG,PACIFIC HOMES,MANILA SOUTH ROAD,RR,Residential - Regular,2500.0
raw,RDO No. 53B - Muntinlupa City  is composed of the following Barangays:,,,,,,ALABANG,PACIFIC HOMES,MLA SOUTH ROAD,RR,Residential - Regular,2200.0
raw,RDO No. 53B - Muntinlupa City  is composed of the following Barangays:,,,,,,ALABANG,PACIFIC HOMES,MANILA SOUTH ROAD,RR,Residential - Regular,1100.0
raw,RDO No. 53B - Muntinlupa City  is composed of the following Barangays:,,,,,,ALABANG,PACIFIC HOMES,MLA SOUTH RD,RR,Residential - Regular,500.0
raw,RDO No. 53B - Muntinlupa City  is composed of the following Barangays:,,,,,,ALABANG,PACIFIC VILLAGE,MANILA SOUTH ROAD,RR,Residential - Regular,9000.0
raw,RDO No. 53B - Muntinlupa City  is composed of the following Barangays:,,,,,,ALABANG,PACIFIC VILLAGE,MANILA SOUTH ROAD,RR,Residential - Regular,8000.0
raw,RDO No. 53B - Muntinlupa City  is composed of the following Barangays:,,,,,,ALABANG,PACIFIC VILLAGE,MANILA SOUTH ROAD,RR,Residential - Regular,4000.0
raw,RDO No. 53B - Muntinlupa City  is composed of the following Barangays:,,,,,,ALABANG,PACIFIC VILLAGE,MANILA SOUTH ROAD,RR,Residential - Regular,9000.0
raw,RDO No. 53B - Muntinlupa City  is composed of the following Barangays:,,,,,,ALABANG,PACIFIC VILLAGE,MANILA SOUTH ROAD,RR,Residential - Regular,8000.0
raw,RDO No. 53B - Muntinlupa City  is composed of the following Barangays:,,,,,,ALABANG,PACIFIC VILLAGE,MANILA SOUTH ROAD,RR,Residential - Regular,4000.0
raw,RDO No. 53B - Muntinlupa City  is composed of the following Barangays:,,,7TH,NCR,,ALABANG,PALMS POINTE SUBDIVISION,FILINVEST CORPORATE CITY,RR,Residential - Regular,50000.0
raw,RDO No. 53B - Muntinlupa City  is composed of the following Barangays:,,,7TH,NCR,,ALABANG,PALMS POINTE SUBDIVISION,FILINVEST CORPORATE CITY,RR,Residential - Regular,50000.0
raw,RDO No. 53B - Muntinlupa City  is composed of the following Barangays:,,,7TH,NCR,,ALABANG,PARQUE ESPAÑA RESIDENCE HOTEL,FILINVEST CORPORATE CITY,RC,Residential - Condominium,55000.0
raw,RDO No. 53B - Muntinlupa City  is composed of the following Barangays:,,,7TH,NCR,,ALABANG,PARQUE ESPAÑA RESIDENCE HOTEL,FILINVEST CORPORATE CITY,CC,Commercial - Condominium,65000.0
raw,RDO No. 53B - Muntinlupa City  is composed of the following Barangays:,,,7TH,NCR,,ALABANG,PARQUE ESPAÑA RESIDENCE HOTEL,FILINVEST CORPORATE CITY,PS,Parking Slot / Private School,48000.0
raw,RDO No. 53B - Muntinlupa City  is composed of the following Barangays:,,,7TH,NCR,,ALABANG,PARQUE ESPAÑA RESIDENCE HOTEL,FILINVEST CORPORATE CITY,RC,Residential - Condominium,55000.0
raw,RDO No. 53B - Muntinlupa City  is composed of the following Barangays:,,,7TH,NCR,,ALABANG,PARQUE ESPAÑA RESIDENCE HOTEL,FILINVEST CORPORATE CITY,CC,Commercial - Condominium,65000.0
raw,RDO No. 53B - Muntinlupa City  is composed of the following Barangays:,,,7TH,NCR,,ALABANG,PARQUE ESPAÑA RESIDENCE HOTEL,FILINVEST CORPORATE CITY,PS,Parking Slot / Private School,48000.0
raw,RDO No. 53B - Muntinlupa City  is composed of the following Barangays:,,,7TH,NCR,,ALABANG,PAULINE CONDOMINIUM,ILAYA,RC,Residential - Condominium,25000.0
raw,RDO No. 53B - Muntinlupa City  is composed of the following Barangays:,,,7TH,NCR,,ALABANG,PAULINE CONDOMINIUM,ILAYA,CC,Commercial - Condominium,30000.0
raw,RDO No. 53B - Muntinlupa City  is composed of the following Barangays:,,,7TH,NCR,,ALABANG,PAULINE CONDOMINIUM,ILAYA,RC,Residential - Condominium,25000.0
raw,RDO No. 53B - Muntinlupa City  is composed of the following Barangays:,,,7TH,NCR,,ALABANG,PAULINE CONDOMINIUM,ILAYA,CC,Commercial - Condominium,30000.0
raw,RDO No. 53B - Muntinlupa City  is composed of the following Barangays:,,,7TH,NCR,,ALABANG,PLAZA A CONDOMINIUM,FILINVEST CORPORATE CITY,RC,Residential - Condominium,45000.0
raw,RDO No. 53B - Muntinlupa City  is composed of the following Barangays:,,,7TH,NCR,,ALABANG,PLAZA A CONDOMINIUM,FILINVEST CORPORATE CITY,CC,Commercial - Condominium,55000.0
raw,RDO No. 53B - Muntinlupa City  is composed of the following Barangays:,,,7TH,NCR,,ALABANG,PLAZA A CONDOMINIUM,FILINVEST CORPORATE CITY,PS,Parking Slot / Private School,40000.0
raw,RDO No. 53B - Muntinlupa City  is composed of the following Barangays:,,,7TH,NCR,,ALABANG,PLAZA A CONDOMINIUM,FILINVEST CORPORATE CITY,RC,Residential - Condominium,45000.0
raw,RDO No. 53B - Muntinlupa City  is composed of the following Barangays:,,,7TH,NCR,,ALABANG,PLAZA A CONDOMINIUM,FILINVEST CORPORATE CITY,CC,Commercial - Condominium,55000.0
raw,RDO No. 53B - Muntinlupa City  is composed of the following Barangays:,,,7TH,NCR,,ALABANG,PLAZA A CONDOMINIUM,FILINVEST CORPORATE CITY,PS,Parking Slot / Private School,40000.0
raw,RDO No. 53B - Muntinlupa City  is composed of the following Barangays:,,,7TH,NCR,,ALABANG,PLAZA B CONDOMINIUM,FILINVEST CORPORATE CITY,RC,Residential - Condominium,45000.0
raw,RDO No. 53B - Muntinlupa City  is composed of the following Barangays:,,,7TH,NCR,,ALABANG,PLAZA B CONDOMINIUM,FILINVEST CORPORATE CITY,CC,Commercial - Condominium,55000.0
raw,RDO No. 53B - Muntinlupa City  is composed of the following Barangays:,,,7TH,NCR,,ALABANG,PLAZA B CONDOMINIUM,FILINVEST CORPORATE CITY,PS,Parking Slot / Private School,40000.0
raw,RDO No. 53B - Muntinlupa City  is composed of the following Barangays:,,,7TH,NCR,,ALABANG,PLAZA B CONDOMINIUM,FILINVEST CORPORATE CITY,RC,Residential - Condominium,45000.0
raw,RDO No. 53B - Muntinlupa City  is composed of the following Barangays:,,,7TH,NCR,,ALABANG,PLAZA B CONDOMINIUM,FILINVEST CORPORATE CITY,CC,Commercial - Condominium,55000.0
raw,RDO No. 53B - Muntinlupa City  is composed of the following Barangays:,,,7TH,NCR,,ALABANG,PLAZA B CONDOMINIUM,FILINVEST CORPORATE CITY,PS,Parking Slot / Private School,40000.0
raw,RDO No. 53B - Muntinlupa City  is composed of the following Barangays:,,,,,,ALABANG,PUROK V EXT'N,S.S. HIGHWAY,RR,Residential - Regular,1900.0
raw,RDO No. 53B - Muntinlupa City  is composed of the following Barangays:,,,,,,ALABANG,PUROK V EXT'N,S.S. HIGHWAY,RR,Residential - Regular,1500.0
raw,RDO No. 53B - Muntinlupa City  is composed of the following Barangays:,,,,,,ALABANG,PUROK V EXT'N,S.S. HIGHWAY,RR,Residential - Regular,1100.0
raw,RDO No. 53B - Muntinlupa City  is composed of the following Barangays:,,,,,,ALABANG,PUROK V EXT'N,S.S. HIGHWAY,RR,Residential - Regular,700.0
raw,RDO No. 53B - Muntinlupa City  is composed of the following Barangays:,,,,,,ALABANG,PUROK V EXT'N,SO SUPERHIWAY,RR,Residential - Regular,300.0
raw,RDO No. 53B - Muntinlupa City  is composed of the following Barangays:,,,,,,ALABANG,PUROK V EXT'N,S.S. HIGHWAY,RR,Residential - Regular,1900.0
raw,RDO No. 53B - Muntinlupa City  is composed of the following Barangays:,,,,,,ALABANG,PUROK V EXT'N,S.S. HIGHWAY,RR,Residential - Regular,1500.0
raw,RDO No. 53B - Muntinlupa City  is composed of the following Barangays:,,,,,,ALABANG,PUROK V EXT'N,S.S. HIGHWAY,RR,Residential - Regular,1100.0
raw,RDO No. 53B - Muntinlupa City  is composed of the following Barangays:,,,,,,ALABANG,PUROK V EXT'N,S.S. HIGHWAY,RR,Residential - Regular,700.0
raw,RDO No. 53B - Muntinlupa City  is composed of the following Barangays:,,,,,,ALABANG,PUROK V EXT'N,SO SUPERHIWAY,RR,Residential - Regular,300.0
raw,RDO No. 53B - Muntinlupa City  is composed of the following Barangays:,,,,,,ALABANG,PUROK V EXTN,SO SUPERHIWAY,RR,Residential - Regular,600.0
raw,RDO No. 53B - Muntinlupa City  is composed of the following Barangays:,,,,,,ALABANG,PUROK V EXTN,SO SUPERHIWAY,RR,Residential - Regular,600.0
raw,RDO No. 53B - Muntinlupa City  is composed of the following Barangays:,,,,,,ALABANG,PUROK VI  B,MOLINA,RR,Residential - Regular,1900.0
raw,RDO No. 53B - Muntinlupa City  is composed of the following Barangays:,,,,,,ALABANG,PUROK VI  B,MOLINA,RR,Residential - Regular,1500.0
raw,RDO No. 53B - Muntinlupa City  is composed of the following Barangays:,,,,,,ALABANG,PUROK VI  B,MOLINA,RR,Residential - Regular,1100.0
raw,RDO No. 53B - Muntinlupa City  is composed of the following Barangays:,,,,,,ALABANG,PUROK VI  B,MOLINA,RR,Residential - Regular,700.0
raw,RDO No. 53B - Muntinlupa City  is composed of the following Barangays:,,,,,,ALABANG,PUROK VI  B,MOLINA ST,RR,Residential - Regular,600.0
raw,RDO No. 53B - Muntinlupa City  is composed of the following Barangays:,,,,,,ALABANG,PUROK VI  B,MOLINA ST,RR,Residential - Regular,300.0
raw,RDO No. 53B - Muntinlupa City  is composed of the following Barangays:,,,,,,ALABANG,PUROK VI  B,MOLINA,RR,Residential - Regular,1900.0
raw,RDO No. 53B - Muntinlupa City  is composed of the following Barangays:,,,,,,ALABANG,PUROK VI  B,MOLINA,RR,Residential - Regular,1500.0
raw,RDO No. 53B - Muntinlupa City  is composed of the following Barangays:,,,,,,ALABANG,PUROK VI  B,MOLINA,RR,Residential - Regular,1100.0
raw,RDO No. 53B - Muntinlupa City  is composed of the following Barangays:,,,,,,ALABANG,PUROK VI  B,MOLINA,RR,Residential - Regular,700.0
raw,RDO No. 53B - Muntinlupa City  is composed of the following Barangays:,,,,,,ALABANG,PUROK VI  B,MOLINA ST,RR,Residential - Regular,600.0
raw,RDO No. 53B - Muntinlupa City  is composed of the following Barangays:,,,,,,ALABANG,PUROK VI  B,MOLINA ST,RR,Residential - Regular,300.0
raw,RDO No. 53B - Muntinlupa City  is composed of the following Barangays:,,,,,,ALABANG,PUROK VI  C,MOLINA,RR,Residential - Regular,1900.0
raw,RDO No. 53B - Muntinlupa City  is composed of the following Barangays:,,,,,,ALABANG,PUROK VI  C,MOLINA,RR,Residential - Regular,1500.0
raw,RDO No. 53B - Muntinlupa City  is composed of the following Barangays:,,,,,,ALABANG,PUROK VI  C,MOLINA,RR,Residential - Regular,1100.0
raw,RDO No. 53B - Muntinlupa City  is composed of the following Barangays:,,,,,,ALABANG,PUROK VI  C,MOLINA,RR,Residential - Regular,1900.0
raw,RDO No. 53B - Muntinlupa City  is composed of the following Barangays:,,,,,,ALABANG,PUROK VI  C,MOLINA,RR,Residential - Regular,1500.0
raw,RDO No. 53B - Muntinlupa City  is composed of the following Barangays:,,,,,,ALABANG,PUROK VI  C,MOLINA,RR,Residential - Regular,1100.0
raw,RDO No. 53B - Muntinlupa City  is composed of the following Barangays:,,,,,,ALABANG,PUROK VI C,MOLINA,RR,Residential - Regular,700.0
raw,RDO No. 53B - Muntinlupa City  is composed of the following Barangays:,,,,,,ALABANG,PUROK VI C,MOLINA,RR,Residential - Regular,700.0
raw,RDO No. 53B - Muntinlupa City  is composed of the following Barangays:,,,,,,ALABANG,PUROK VII  C,MOLINA ST,RR,Residential - Regular,300.0
raw,RDO No. 53B - Muntinlupa City  is composed of the following Barangays:,,,,,,ALABANG,PUROK VII  C,MOLINA ST,RR,Residential - Regular,300.0
raw,RDO No. 53B - Muntinlupa City  is composed of the following Barangays:,,,,,,ALABANG,PUROK VII C,MOLINA ST,RR,Residential - Regular,600.0
raw,RDO No. 53B - Muntinlupa City  is composed of the following Barangays:,,,,,,ALABANG,PUROK VII C,MOLINA ST,RR,Residential - Regular,600.0
raw,RDO No. 53B - Muntinlupa City  is composed of the following Barangays:,,,7TH,NCR,,ALABANG,REMERATA SUBDIVISION,L & B  COMPOUND,RR,Residential - Regular,12000.0
raw,RDO No. 53B - Muntinlupa City  is composed of the following Barangays:,,,7TH,NCR,,ALABANG,REMERATA SUBDIVISION,L & B  COMPOUND,RR,Residential - Regular,12000.0
raw,RDO No. 53B - Muntinlupa City  is composed of the following Barangays:,,,7TH,NCR,,ALABANG,RICHVILLE REGENCY SUITES CONDOMINIUM,FILINVEST CORPORATE CITY,RC,Residential - Condominium,45000.0
raw,RDO No. 53B - Muntinlupa City  is composed of the following Barangays:,,,7TH,NCR,,ALABANG,RICHVILLE REGENCY SUITES CONDOMINIUM,FILINVEST CORPORATE CITY,CC,Commercial - Condominium,55000.0
raw,RDO No. 53B - Muntinlupa City  is composed of the following Barangays:,,,7TH,NCR,,ALABANG,RICHVILLE REGENCY SUITES CONDOMINIUM,FILINVEST CORPORATE CITY,PS,Parking Slot / Private School,40000.0
raw,RDO No. 53B - Muntinlupa City  is composed of the following Barangays:,,,7TH,NCR,,ALABANG,RICHVILLE REGENCY SUITES CONDOMINIUM,FILINVEST CORPORATE CITY,RC,Residential - Condominium,45000.0
raw,RDO No. 53B - Muntinlupa City  is composed of the following Barangays:,,,7TH,NCR,,ALABANG,RICHVILLE REGENCY SUITES CONDOMINIUM,FILINVEST CORPORATE CITY,CC,Commercial - Condominium,55000.0
raw,RDO No. 53B - Muntinlupa City  is composed of the following Barangays:,,,7TH,NCR,,ALABANG,RICHVILLE REGENCY SUITES CONDOMINIUM,FILINVEST CORPORATE CITY,PS,Parking Slot / Private School,40000.0
raw,RDO No. 53B - Muntinlupa City  is composed of the following Barangays:,,,,,,ALABANG,SAN JOSE CPD,E GATCHES VILL,RR,Residential - Regular,3300.0
raw,RDO No. 53B - Muntinlupa City  is composed of the following Barangays:,,,,,,ALABANG,SAN JOSE CPD,E GATCHES VILL,RR,Residential - Regular,2500.0
raw,RDO No. 53B - Muntinlupa City  is composed of the following Barangays:,,,,,,ALABANG,SAN JOSE CPD,E GATCHES VILL,RR,Residential - Regular,1550.0
raw,RDO No. 53B - Muntinlupa City  is composed of the following Barangays:,,,,,,ALABANG,SAN JOSE CPD,E GATCHES VILL,RR,Residential - Regular,800.0
raw,RDO No. 53B - Muntinlupa City  is composed of the following Barangays:,,,,,,ALABANG,SAN JOSE CPD,E GATCHES VIL,RR,Residential - Regular,700.0
raw,RDO No. 53B - Muntinlupa City  is composed of the following Barangays:,,,,,,ALABANG,SAN JOSE CPD,E GATCHES VIL,RR,Residential - Regular,350.0
raw,RDO No. 53B - Muntinlupa City  is composed of the following Barangays:,,,,,,ALABANG,SAN JOSE CPD,E GATCHES VILL,RR,Residential - Regular,3300.0
raw,RDO No. 53B - Muntinlupa City  is composed of the following Barangays:,,,,,,ALABANG,SAN JOSE CPD,E GATCHES VILL,RR,Residential - Regular,2500.0
raw,RDO No. 53B - Muntinlupa City  is composed of the following Barangays:,,,,,,ALABANG,SAN JOSE CPD,E GATCHES VILL,RR,Residential - Regular,1550.0
raw,RDO No. 53B - Muntinlupa City  is composed of the following Barangays:,,,,,,ALABANG,SAN JOSE CPD,E GATCHES VILL,RR,Residential - Regular,800.0
raw,RDO No. 53B - Muntinlupa City  is composed of the following Barangays:,,,,,,ALABANG,SAN JOSE CPD,E GATCHES VIL,RR,Residential - Regular,700.0
raw,RDO No. 53B - Muntinlupa City  is composed of the following Barangays:,,,,,,ALABANG,SAN JOSE CPD,E GATCHES VIL,RR,Residential - Regular,350.0
raw,RDO No. 53B - Muntinlupa City  is composed of the following Barangays:,,,,,,ALABANG,SITIO BAGONG PAG-ASA,SQUATTERS AREA,RR,Residential - Regular,1700.0
raw,RDO No. 53B - Muntinlupa City  is composed of the following Barangays:,,,,,,ALABANG,SITIO BAGONG PAG-ASA,SQUATTERS AREA,RR,Residential - Regular,1300.0
raw,RDO No. 53B - Muntinlupa City  is composed of the following Barangays:,,,,,,ALABANG,SITIO BAGONG PAG-ASA,SQUATTERS AREA,RR,Residential - Regular,950.0
raw,RDO No. 53B - Muntinlupa City  is composed of the following Barangays:,,,,,,ALABANG,SITIO BAGONG PAG-ASA,SQUATTERS AREA,RR,Residential - Regular,600.0
raw,RDO No. 53B - Muntinlupa City  is composed of the following Barangays:,,,,,,ALABANG,SITIO BAGONG PAG-ASA,SQUATTERS AREA,RR,Residential - Regular,1700.0
raw,RDO No. 53B - Muntinlupa City  is composed of the following Barangays:,,,,,,ALABANG,SITIO BAGONG PAG-ASA,SQUATTERS AREA,RR,Residential - Regular,1300.0
raw,RDO No. 53B - Muntinlupa City  is composed of the following Barangays:,,,,,,ALABANG,SITIO BAGONG PAG-ASA,SQUATTERS AREA,RR,Residential - Regular,950.0
raw,RDO No. 53B - Muntinlupa City  is composed of the following Barangays:,,,,,,ALABANG,SITIO BAGONG PAG-ASA,SQUATTERS AREA,RR,Residential - Regular,600.0
raw,RDO No. 53B - Muntinlupa City  is composed of the following Barangays:,,,,,,ALABANG,SITIO BG PAGASA,SQUATTER AREA,RR,Residential - Regular,500.0
raw,RDO No. 53B - Muntinlupa City  is composed of the following Barangays:,,,,,,ALABANG,SITIO BG PAGASA,SQUATTER AREA,RR,Residential - Regular,250.0
raw,RDO No. 53B - Muntinlupa City  is composed of the following Barangays:,,,,,,ALABANG,SITIO BG PAGASA,SQUATTER AREA,RR,Residential - Regular,500.0
raw,RDO No. 53B - Muntinlupa City  is composed of the following Barangays:,,,,,,ALABANG,SITIO BG PAGASA,SQUATTER AREA,RR,Residential - Regular,250.0
raw,RDO No. 53B - Muntinlupa City  is composed of the following Barangays:,,,,,,ALABANG,SITIO MASAGANA,SQUATTERS AREA,RR,Residential - Regular,1700.0
raw,RDO No. 53B - Muntinlupa City  is composed of the following Barangays:,,,,,,ALABANG,SITIO MASAGANA,SQUATTERS AREA,RR,Residential - Regular,1300.0
raw,RDO No. 53B - Muntinlupa City  is composed of the following Barangays:,,,,,,ALABANG,SITIO MASAGANA,SQUATTERS AREA,RR,Residential - Regular,950.0
raw,RDO No. 53B - Muntinlupa City  is composed of the following Barangays:,,,,,,ALABANG,SITIO MASAGANA,SQUATTERS AREA,RR,Residential - Regular,600.0
raw,RDO No. 53B - Muntinlupa City  is composed of the following Barangays:,,,,,,ALABANG,SITIO MASAGANA,SQUATTER AREA,RR,Residential - Regular,500.0
raw,RDO No. 53B - Muntinlupa City  is composed of the following Barangays:,,,,,,ALABANG,SITIO MASAGANA,SQUATTER AREA,RR,Residential - Regular,250.0
raw,RDO No. 53B - Muntinlupa City  is composed of the following Barangays:,,,,,,ALABANG,SITIO MASAGANA,SQUATTERS AREA,RR,Residential - Regular,1700.0
raw,RDO No. 53B - Muntinlupa City  is composed of the following Barangays:,,,,,,ALABANG,SITIO MASAGANA,SQUATTERS AREA,RR,Residential - Regular,1300.0
raw,RDO No. 53B - Muntinlupa City  is composed of the following Barangays:,,,,,,ALABANG,SITIO MASAGANA,SQUATTERS AREA,RR,Residential - Regular,950.0
raw,RDO No. 53B - Muntinlupa City  is composed of the following Barangays:,,,,,,ALABANG,SITIO MASAGANA,SQUATTERS AREA,RR,Residential - Regular,600.0
raw,RDO No. 53B - Muntinlupa City  is composed of the following Barangays:,,,,,,ALABANG,SITIO MASAGANA,SQUATTER AREA,RR,Residential - Regular,500.0
raw,RDO No. 53B - Muntinlupa City  is composed of the following Barangays:,,,,,,ALABANG,SITIO MASAGANA,SQUATTER AREA,RR,Residential - Regular,250.0
raw,RDO No. 53B - Muntinlupa City  is composed of the following Barangays:,,,,,,ALABANG,SITIO RIZAL,RIZAL VILL,RR,Residential - Regular,2000.0
raw,RDO No. 53B - Muntinlupa City  is composed of the following Barangays:,,,,,,ALABANG,SITIO RIZAL,RIZAL VILL,RR,Residential - Regular,1600.0
raw,RDO No. 53B - Muntinlupa City  is composed of the following Barangays:,,,,,,ALABANG,SITIO RIZAL,RIZAL VILL,RR,Residential - Regular,1250.0
raw,RDO No. 53B - Muntinlupa City  is composed of the following Barangays:,,,,,,ALABANG,SITIO RIZAL,RIZAL VILL,RR,Residential - Regular,800.0
raw,RDO No. 53B - Muntinlupa City  is composed of the following Barangays:,,,,,,ALABANG,SITIO RIZAL,RIZAL VIL,RR,Residential - Regular,700.0
raw,RDO No. 53B - Muntinlupa City  is composed of the following Barangays:,,,,,,ALABANG,SITIO RIZAL,RIZAL VIL,RR,Residential - Regular,350.0
raw,RDO No. 53B - Muntinlupa City  is composed of the following Barangays:,,,,,,ALABANG,SITIO RIZAL,RIZAL VILL,RR,Residential - Regular,2000.0
raw,RDO No. 53B - Muntinlupa City  is composed of the following Barangays:,,,,,,ALABANG,SITIO RIZAL,RIZAL VILL,RR,Residential - Regular,1600.0
raw,RDO No. 53B - Muntinlupa City  is composed of the following Barangays:,,,,,,ALABANG,SITIO RIZAL,RIZAL VILL,RR,Residential - Regular,1250.0
raw,RDO No. 53B - Muntinlupa City  is composed of the following Barangays:,,,,,,ALABANG,SITIO RIZAL,RIZAL VILL,RR,Residential - Regular,800.0
raw,RDO No. 53B - Muntinlupa City  is composed of the following Barangays:,,,,,,ALABANG,SITIO RIZAL,RIZAL VIL,RR,Residential - Regular,700.0
raw,RDO No. 53B - Muntinlupa City  is composed of the following Barangays:,,,,,,ALABANG,SITIO RIZAL,RIZAL VIL,RR,Residential - Regular,350.0
raw,RDO No. 53B - Muntinlupa City  is composed of the following Barangays:,,,7TH,NCR,,ALABANG,SOUTH GATE TOWER,FILINVEST CORPORATE CITY,RC,Residential - Condominium,55000.0
raw,RDO No. 53B - Muntinlupa City  is composed of the following Barangays:,,,7TH,NCR,,ALABANG,SOUTH GATE TOWER,FILINVEST CORPORATE CITY,CC,Commercial - Condominium,65000.0
raw,RDO No. 53B - Muntinlupa City  is composed of the following Barangays:,,,7TH,NCR,,ALABANG,SOUTH GATE TOWER,FILINVEST CORPORATE CITY,PS,Parking Slot / Private School,48000.0
raw,RDO No. 53B - Muntinlupa City  is composed of the following Barangays:,,,7TH,NCR,,ALABANG,SOUTH GATE TOWER,FILINVEST CORPORATE CITY,RC,Residential - Condominium,55000.0
raw,RDO No. 53B - Muntinlupa City  is composed of the following Barangays:,,,7TH,NCR,,ALABANG,SOUTH GATE TOWER,FILINVEST CORPORATE CITY,CC,Commercial - Condominium,65000.0
raw,RDO No. 53B - Muntinlupa City  is composed of the following Barangays:,,,7TH,NCR,,ALABANG,SOUTH GATE TOWER,FILINVEST CORPORATE CITY,PS,Parking Slot / Private School,48000.0
raw,RDO No. 53B - Muntinlupa City  is composed of the following Barangays:,,,7TH,NCR,,ALABANG,STUDIO CITY CONDOMINIUM,FILINVEST CORPORATE CITY,RC,Residential - Condominium,50000.0
raw,RDO No. 53B - Muntinlupa City  is composed of the following Barangays:,,,7TH,NCR,,ALABANG,STUDIO CITY CONDOMINIUM,FILINVEST CORPORATE CITY,CC,Commercial - Condominium,60000.0
raw,RDO No. 53B - Muntinlupa City  is composed of the following Barangays:,,,7TH,NCR,,ALABANG,STUDIO CITY CONDOMINIUM,FILINVEST CORPORATE CITY,PS,Parking Slot / Private School,45000.0
raw,RDO No. 53B - Muntinlupa City  is composed of the following Barangays:,,,7TH,NCR,,ALABANG,STUDIO CITY CONDOMINIUM,FILINVEST CORPORATE CITY,RC,Residential - Condominium,50000.0
raw,RDO No. 53B - Muntinlupa City  is composed of the following Barangays:,,,7TH,NCR,,ALABANG,STUDIO CITY CONDOMINIUM,FILINVEST CORPORATE CITY,CC,Commercial - Condominium,60000.0
raw,RDO No. 53B - Muntinlupa City  is composed of the following Barangays:,,,7TH,NCR,,ALABANG,STUDIO CITY CONDOMINIUM,FILINVEST CORPORATE CITY,PS,Parking Slot / Private School,45000.0
raw,RDO No. 53B - Muntinlupa City  is composed of the following Barangays:,,,7TH,NCR,,ALABANG,STUDIO ONE CONDO,FILINVEST CORPORATE CITY,RC,Residential - Condominium,50000.0
raw,RDO No. 53B - Muntinlupa City  is composed of the following Barangays:,,,7TH,NCR,,ALABANG,STUDIO ONE CONDO,FILINVEST CORPORATE CITY,CC,Commercial - Condominium,60000.0
raw,RDO No. 53B - Muntinlupa City  is composed of the following Barangays:,,,7TH,NCR,,ALABANG,STUDIO ONE CONDO,FILINVEST CORPORATE CITY,PS,Parking Slot / Private School,45000.0
raw,RDO No. 53B - Muntinlupa City  is composed of the following Barangays:,,,7TH,NCR,,ALABANG,STUDIO ONE CONDO,FILINVEST CORPORATE CITY,RC,Residential - Condominium,50000.0
raw,RDO No. 53B - Muntinlupa City  is composed of the following Barangays:,,,7TH,NCR,,ALABANG,STUDIO ONE CONDO,FILINVEST CORPORATE CITY,CC,Commercial - Condominium,60000.0
raw,RDO No. 53B - Muntinlupa City  is composed of the following Barangays:,,,7TH,NCR,,ALABANG,STUDIO ONE CONDO,FILINVEST CORPORATE CITY,PS,Parking Slot / Private School,45000.0
raw,RDO No. 53B - Muntinlupa City  is composed of the following Barangays:,,,7TH,NCR,,ALABANG,STUDIO TWO CONDO,FILINVEST CORPORATE CITY,RC,Residential - Condominium,50000.0
raw,RDO No. 53B - Muntinlupa City  is composed of the following Barangays:,,,7TH,NCR,,ALABANG,STUDIO TWO CONDO,FILINVEST CORPORATE CITY,CC,Commercial - Condominium,60000.0
raw,RDO No. 53B - Muntinlupa City  is composed of the following Barangays:,,,7TH,NCR,,ALABANG,STUDIO TWO CONDO,FILINVEST CORPORATE CITY,PS,Parking Slot / Private School,45000.0
raw,RDO No. 53B - Muntinlupa City  is composed of the following Barangays:,,,7TH,NCR,,ALABANG,STUDIO TWO CONDO,FILINVEST CORPORATE CITY,RC,Residential - Condominium,50000.0
raw,RDO No. 53B - Muntinlupa City  is composed of the following Barangays:,,,7TH,NCR,,ALABANG,STUDIO TWO CONDO,FILINVEST CORPORATE CITY,CC,Commercial - Condominium,60000.0
raw,RDO No. 53B - Muntinlupa City  is composed of the following Barangays:,,,7TH,NCR,,ALABANG,STUDIO TWO CONDO,FILINVEST CORPORATE CITY,PS,Parking Slot / Private School,45000.0
raw,RDO No. 53B - Muntinlupa City  is composed of the following Barangays:,,,,,,ALABANG,T M RD ALABANG,LAGUNA LAKE,RR,Residential - Regular,1100.0
raw,RDO No. 53B - Muntinlupa City  is composed of the following Barangays:,,,,,,ALABANG,T M RD ALABANG,LAGUNA LAKE,RR,Residential - Regular,550.0
raw,RDO No. 53B - Muntinlupa City  is composed of the following Barangays:,,,,,,ALABANG,T M RD ALABANG,LAGUNA LAKE,RR,Residential - Regular,1100.0
raw,RDO No. 53B - Muntinlupa City  is composed of the following Barangays:,,,,,,ALABANG,T M RD ALABANG,LAGUNA LAKE,RR,Residential - Regular,550.0
raw,RDO No. 53B - Muntinlupa City  is composed of the following Barangays:,,,7TH,NCR,,ALABANG,T. MOLINA ST.,BARRIO PROPER,RR,Residential - Regular,12000.0
raw,RDO No. 53B - Muntinlupa City  is composed of the following Barangays:,,,7TH,NCR,,ALABANG,T. MOLINA ST.,BARRIO PROPER,RR,Residential - Regular,12000.0
raw,RDO No. 53B - Muntinlupa City  is composed of the following Barangays:,,,7TH,NCR,,ALABANG,THE LEVELS,FILINVEST CORPORATE CITY,RC,Residential - Condominium,55000.0
raw,RDO No. 53B - Muntinlupa City  is composed of the following Barangays:,,,7TH,NCR,,ALABANG,THE LEVELS,FILINVEST CORPORATE CITY,CC,Commercial - Condominium,65000.0
raw,RDO No. 53B - Muntinlupa City  is composed of the following Barangays:,,,7TH,NCR,,ALABANG,THE LEVELS,FILINVEST CORPORATE CITY,PS,Parking Slot / Private School,50000.0
raw,RDO No. 53B - Muntinlupa City  is composed of the following Barangays:,,,7TH,NCR,,ALABANG,THE LEVELS,FILINVEST CORPORATE CITY,RC,Residential - Condominium,55000.0
raw,RDO No. 53B - Muntinlupa City  is composed of the following Barangays:,,,7TH,NCR,,ALABANG,THE LEVELS,FILINVEST CORPORATE CITY,CC,Commercial - Condominium,65000.0
raw,RDO No. 53B - Muntinlupa City  is composed of the following Barangays:,,,7TH,NCR,,ALABANG,THE LEVELS,FILINVEST CORPORATE CITY,PS,Parking Slot / Private School,50000.0
raw,RDO No. 53B - Muntinlupa City  is composed of the following Barangays:,,,,,,ALABANG,TIERRA NUEVA,ZAPOTE ALABANG,RR,Residential - Regular,6800.0
raw,RDO No. 53B - Muntinlupa City  is composed of the following Barangays:,,,,,,ALABANG,TIERRA NUEVA,ZAPOTE ALABANG,RR,Residential - Regular,5400.0
raw,RDO No. 53B - Muntinlupa City  is composed of the following Barangays:,,,,,,ALABANG,TIERRA NUEVA,ZAPOTE ALABANG,RR,Residential - Regular,4200.0
raw,RDO No. 53B - Muntinlupa City  is composed of the following Barangays:,,,,,,ALABANG,TIERRA NUEVA,ZAPOTE ALABANG,RR,Residential - Regular,2700.0
raw,RDO No. 53B - Muntinlupa City  is composed of the following Barangays:,,,,,,ALABANG,TIERRA NUEVA,ZAPOTE ALABANG,RR,Residential - Regular,2400.0
raw,RDO No. 53B - Muntinlupa City  is composed of the following Barangays:,,,,,,ALABANG,TIERRA NUEVA,ZAPOTE ALABANG,RR,Residential - Regular,1200.0
raw,RDO No. 53B - Muntinlupa City  is composed of the following Barangays:,,,,,,ALABANG,TIERRA NUEVA,ZAPOTE ALABANG,RR,Residential - Regular,600.0
raw,RDO No. 53B - Muntinlupa City  is composed of the following Barangays:,,,,,,ALABANG,TIERRA NUEVA,ZAPOTE ALABANG,RR,Residential - Regular,6800.0
raw,RDO No. 53B - Muntinlupa City  is composed of the following Barangays:,,,,,,ALABANG,TIERRA NUEVA,ZAPOTE ALABANG,RR,Residential - Regular,5400.0
raw,RDO No. 53B - Muntinlupa City  is composed of the following Barangays:,,,,,,ALABANG,TIERRA NUEVA,ZAPOTE ALABANG,RR,Residential - Regular,4200.0
raw,RDO No. 53B - Muntinlupa City  is composed of the following Barangays:,,,,,,ALABANG,TIERRA NUEVA,ZAPOTE ALABANG,RR,Residential - Regular,2700.0
raw,RDO No. 53B - Muntinlupa City  is composed of the following Barangays:,,,,,,ALABANG,TIERRA NUEVA,ZAPOTE ALABANG,RR,Residential - Regular,2400.0
raw,RDO No. 53B - Muntinlupa City  is composed of the following Barangays:,,,,,,ALABANG,TIERRA NUEVA,ZAPOTE ALABANG,RR,Residential - Regular,1200.0
raw,RDO No. 53B - Muntinlupa City  is composed of the following Barangays:,,,,,,ALABANG,TIERRA NUEVA,ZAPOTE ALABANG,RR,Residential - Regular,600.0
raw,RDO No. 53B - Muntinlupa City  is composed of the following Barangays:,,,7TH,NCR,,ALABANG,TIERRA VILLAS,L & B 2,RR,Residential - Regular,12000.0
raw,RDO No. 53B - Muntinlupa City  is composed of the following Barangays:,,,7TH,NCR,,ALABANG,TIERRA VILLAS,L & B 2,RR,Residential - Regular,12000.0
raw,RDO No. 53B - Muntinlupa City  is composed of the following Barangays:,,,7TH,NCR,,ALABANG,TM RD - LAGUNA LAKESIDE,LAGUNA LAKE SIDE,RR,Residential - Regular,3000.0
raw,RDO No. 53B - Muntinlupa City  is composed of the following Barangays:,,,7TH,NCR,,ALABANG,TM RD - LAGUNA LAKESIDE,LAGUNA LAKE SIDE,RR,Residential - Regular,3000.0
raw,RDO No. 53B - Muntinlupa City  is composed of the following Barangays:,,,,,,ALABANG,TM RD ALABANG,LAGUNA LAKE,RR,Residential - Regular,3100.0
raw,RDO No. 53B - Muntinlupa City  is composed of the following Barangays:,,,,,,ALABANG,TM RD ALABANG,LAGUNA LAKE,RR,Residential - Regular,2500.0
raw,RDO No. 53B - Muntinlupa City  is composed of the following Barangays:,,,,,,ALABANG,TM RD ALABANG,LAGUNA LAKE,RR,Residential - Regular,1950.0
raw,RDO No. 53B - Muntinlupa City  is composed of the following Barangays:,,,,,,ALABANG,TM RD ALABANG,LAGUNA LAKE,RR,Residential - Regular,1300.0
raw,RDO No. 53B - Muntinlupa City  is composed of the following Barangays:,,,,,,ALABANG,TM RD ALABANG,LAGUNA LAKE,RR,Residential - Regular,3100.0
raw,RDO No. 53B - Muntinlupa City  is composed of the following Barangays:,,,,,,ALABANG,TM RD ALABANG,LAGUNA LAKE,RR,Residential - Regular,2500.0
raw,RDO No. 53B - Muntinlupa City  is composed of the following Barangays:,,,,,,ALABANG,TM RD ALABANG,LAGUNA LAKE,RR,Residential - Regular,1950.0
raw,RDO No. 53B - Muntinlupa City  is composed of the following Barangays:,,,,,,ALABANG,TM RD ALABANG,LAGUNA LAKE,RR,Residential - Regular,1300.0
raw,RDO No. 53B - Muntinlupa City  is composed of the following Barangays:,,,7TH,NCR,,ALABANG,TM RD ALABANG (SAN GUILLERMO STREET) PNR SIDE,PNR SIDE,RR,Residential - Regular,5000.0
raw,RDO No. 53B - Muntinlupa City  is composed of the following Barangays:,,,7TH,NCR,,ALABANG,TM RD ALABANG (SAN GUILLERMO STREET) PNR SIDE,PNR SIDE,RR,Residential - Regular,5000.0
raw,RDO No. 53B - Muntinlupa City  is composed of the following Barangays:,,,,,,ALABANG,TOWNHOUSES,VIII IX X AND VI,RC,Residential - Condominium,12000.0
raw,RDO No. 53B - Muntinlupa City  is composed of the following Barangays:,,,,,,ALABANG,TOWNHOUSES,VIII IX X AND VI,RC,Residential - Condominium,12000.0
raw,RDO No. 53B - Muntinlupa City  is composed of the following Barangays:,,,,,,ALABANG,UP SIDE SUBD,ALABANG RAIL ROAD,RR,Residential - Regular,1800.0
raw,RDO No. 53B - Muntinlupa City  is composed of the following Barangays:,,,,,,ALABANG,UP SIDE SUBD,ALABANG RAIL ROAD,RR,Residential - Regular,1400.0
raw,RDO No. 53B - Muntinlupa City  is composed of the following Barangays:,,,,,,ALABANG,UP SIDE SUBD,ALABANG RAIL ROAD,RR,Residential - Regular,1100.0
raw,RDO No. 53B - Muntinlupa City  is composed of the following Barangays:,,,,,,ALABANG,UP SIDE SUBD,ALABANG RAIL ROAD,RR,Residential - Regular,700.0
raw,RDO No. 53B - Muntinlupa City  is composed of the following Barangays:,,,,,,ALABANG,UP SIDE SUBD,ALABANG RAIL RD,RR,Residential - Regular,600.0
raw,RDO No. 53B - Muntinlupa City  is composed of the following Barangays:,,,,,,ALABANG,UP SIDE SUBD,ALABANG RAIL ROAD,RR,Residential - Regular,300.0
raw,RDO No. 53B - Muntinlupa City  is composed of the following Barangays:,,,,,,ALABANG,UP SIDE SUBD,ALABANG RAIL ROAD,RR,Residential - Regular,1800.0
raw,RDO No. 53B - Muntinlupa City  is composed of the following Barangays:,,,,,,ALABANG,UP SIDE SUBD,ALABANG RAIL ROAD,RR,Residential - Regular,1400.0
raw,RDO No. 53B - Muntinlupa City  is composed of the following Barangays:,,,,,,ALABANG,UP SIDE SUBD,ALABANG RAIL ROAD,RR,Residential - Regular,1100.0
raw,RDO No. 53B - Muntinlupa City  is composed of the following Barangays:,,,,,,ALABANG,UP SIDE SUBD,ALABANG RAIL ROAD,RR,Residential - Regular,700.0
raw,RDO No. 53B - Muntinlupa City  is composed of the following Barangays:,,,,,,ALABANG,UP SIDE SUBD,ALABANG RAIL RD,RR,Residential - Regular,600.0
raw,RDO No. 53B - Muntinlupa City  is composed of the following Barangays:,,,,,,ALABANG,UP SIDE SUBD,ALABANG RAIL ROAD,RR,Residential - Regular,300.0
raw,RDO No. 53B - Muntinlupa City  is composed of the following Barangays:,,,7TH,NCR,,ALABANG,UP SIDE SUBDIVISION,NATIONAL HIGHWAY - BAYANAN CREEK,RR,Residential - Regular,12000.0
raw,RDO No. 53B - Muntinlupa City  is composed of the following Barangays:,,,7TH,NCR,,ALABANG,UP SIDE SUBDIVISION,NATIONAL HIGHWAY - BAYANAN CREEK,RR,Residential - Regular,12000.0
raw,RDO No. 53B - Muntinlupa City  is composed of the following Barangays:,,,7TH,NCR,,ALABANG,VECTOR ONE,NORTHGATE CYBERZONE,RC,Residential - Condominium,50000.0
raw,RDO No. 53B - Muntinlupa City  is composed of the following Barangays:,,,7TH,NCR,,ALABANG,VECTOR ONE,NORTHGATE CYBERZONE,CC,Commercial - Condominium,60000.0
raw,RDO No. 53B - Muntinlupa City  is composed of the following Barangays:,,,7TH,NCR,,ALABANG,VECTOR ONE,NORTHGATE CYBERZONE,PS,Parking Slot / Private School,45000.0
raw,RDO No. 53B - Muntinlupa City  is composed of the following Barangays:,,,7TH,NCR,,ALABANG,VECTOR ONE,NORTHGATE CYBERZONE,RC,Residential - Condominium,50000.0
raw,RDO No. 53B - Muntinlupa City  is composed of the following Barangays:,,,7TH,NCR,,ALABANG,VECTOR ONE,NORTHGATE CYBERZONE,CC,Commercial - Condominium,60000.0
raw,RDO No. 53B - Muntinlupa City  is composed of the following Barangays:,,,7TH,NCR,,ALABANG,VECTOR ONE,NORTHGATE CYBERZONE,PS,Parking Slot / Private School,45000.0
raw,RDO No. 53B - Muntinlupa City  is composed of the following Barangays:,,,7TH,NCR,,ALABANG,VIVANT FLATS,FILINVEST CORPORATE CITY,RC,Residential - Condominium,55000.0
raw,RDO No. 53B - Muntinlupa City  is composed of the following Barangays:,,,7TH,NCR,,ALABANG,VIVANT FLATS,FILINVEST CORPORATE CITY,CC,Commercial - Condominium,65000.0
raw,RDO No. 53B - Muntinlupa City  is composed of the following Barangays:,,,7TH,NCR,,ALABANG,VIVANT FLATS,FILINVEST CORPORATE CITY,PS,Parking Slot / Private School,50000.0
raw,RDO No. 53B - Muntinlupa City  is composed of the following Barangays:,,,7TH,NCR,,ALABANG,VIVANT FLATS,FILINVEST CORPORATE CITY,RC,Residential - Condominium,55000.0
raw,RDO No. 53B - Muntinlupa City  is composed of the following Barangays:,,,7TH,NCR,,ALABANG,VIVANT FLATS,FILINVEST CORPORATE CITY,CC,Commercial - Condominium,65000.0
raw,RDO No. 53B - Muntinlupa City  is composed of the following Barangays:,,,7TH,NCR,,ALABANG,VIVANT FLATS,FILINVEST CORPORATE CITY,PS,Parking Slot / Private School,50000.0
raw,RDO No. 53B - Muntinlupa City  is composed of the following Barangays:,,,7TH,NCR,,ALABANG,VIVERE HOTEL AND RESORTS,FILINVEST CORPORATE CITY,RC,Residential - Condominium,55000.0
raw,RDO No. 53B - Muntinlupa City  is composed of the following Barangays:,,,7TH,NCR,,ALABANG,VIVERE HOTEL AND RESORTS,FILINVEST CORPORATE CITY,CC,Commercial - Condominium,65000.0
raw,RDO No. 53B - Muntinlupa City  is composed of the following Barangays:,,,7TH,NCR,,ALABANG,VIVERE HOTEL AND RESORTS,FILINVEST CORPORATE CITY,PS,Parking Slot / Private School,50000.0
raw,RDO No. 53B - Muntinlupa City  is composed of the following Barangays:,,,7TH,NCR,,ALABANG,VIVERE HOTEL AND RESORTS,FILINVEST CORPORATE CITY,RC,Residential - Condominium,55000.0
raw,RDO No. 53B - Muntinlupa City  is composed of the following Barangays:,,,7TH,NCR,,ALABANG,VIVERE HOTEL AND RESORTS,FILINVEST CORPORATE CITY,CC,Commercial - Condominium,65000.0
raw,RDO No. 53B - Muntinlupa City  is composed of the following Barangays:,,,7TH,NCR,,ALABANG,VIVERE HOTEL AND RESORTS,FILINVEST CORPORATE CITY,PS,Parking Slot / Private School,50000.0
raw,RDO No. 53B - Muntinlupa City  is composed of the following Barangays:,,,7TH,NCR,,ALABANG,WEST PARC ALDER,FILINVEST CORPORATE CITY,RC,Residential - Condominium,50000.0
raw,RDO No. 53B - Muntinlupa City  is composed of the following Barangays:,,,7TH,NCR,,ALABANG,WEST PARC ALDER,FILINVEST CORPORATE CITY,CC,Commercial - Condominium,60000.0
raw,RDO No. 53B - Muntinlupa City  is composed of the following Barangays:,,,7TH,NCR,,ALABANG,WEST PARC ALDER,FILINVEST CORPORATE CITY,PS,Parking Slot / Private School,45000.0
raw,RDO No. 53B - Muntinlupa City  is composed of the following Barangays:,,,7TH,NCR,,ALABANG,WEST PARC ALDER,FILINVEST CORPORATE CITY,RC,Residential - Condominium,50000.0
raw,RDO No. 53B - Muntinlupa City  is composed of the following Barangays:,,,7TH,NCR,,ALABANG,WEST PARC ALDER,FILINVEST CORPORATE CITY,CC,Commercial - Condominium,60000.0
raw,RDO No. 53B - Muntinlupa City  is composed of the following Barangays:,,,7TH,NCR,,ALABANG,WEST PARC ALDER,FILINVEST CORPORATE CITY,PS,Parking Slot / Private School,45000.0
raw,RDO No. 53B - Muntinlupa City  is composed of the following Barangays:,,,7TH,NCR,,ALABANG,WEST PARC BIRCH,FILINVEST CORPORATE CITY,RC,Residential - Condominium,50000.0
raw,RDO No. 53B - Muntinlupa City  is composed of the following Barangays:,,,7TH,NCR,,ALABANG,WEST PARC BIRCH,FILINVEST CORPORATE CITY,CC,Commercial - Condominium,60000.0
raw,RDO No. 53B - Muntinlupa City  is composed of the following Barangays:,,,7TH,NCR,,ALABANG,WEST PARC BIRCH,FILINVEST CORPORATE CITY,PS,Parking Slot / Private School,45000.0
raw,RDO No. 53B - Muntinlupa City  is composed of the following Barangays:,,,7TH,NCR,,ALABANG,WEST PARC BIRCH,FILINVEST CORPORATE CITY,RC,Residential - Condominium,50000.0
raw,RDO No. 53B - Muntinlupa City  is composed of the following Barangays:,,,7TH,NCR,,ALABANG,WEST PARC BIRCH,FILINVEST CORPORATE CITY,CC,Commercial - Condominium,60000.0
raw,RDO No. 53B - Muntinlupa City  is composed of the following Barangays:,,,7TH,NCR,,ALABANG,WEST PARC BIRCH,FILINVEST CORPORATE CITY,PS,Parking Slot / Private School,45000.0
raw,RDO No. 53B - Muntinlupa City  is composed of the following Barangays:,,,7TH,NCR,,ALABANG,WEST PARC CEDAR,FILINVEST CORPORATE CITY,RC,Residential - Condominium,50000.0
raw,RDO No. 53B - Muntinlupa City  is composed of the following Barangays:,,,7TH,NCR,,ALABANG,WEST PARC CEDAR,FILINVEST CORPORATE CITY,CC,Commercial - Condominium,60000.0
raw,RDO No. 53B - Muntinlupa City  is composed of the following Barangays:,,,7TH,NCR,,ALABANG,WEST PARC CEDAR,FILINVEST CORPORATE CITY,PS,Parking Slot / Private School,45000.0
raw,RDO No. 53B - Muntinlupa City  is composed of the following Barangays:,,,7TH,NCR,,ALABANG,WEST PARC CEDAR,FILINVEST CORPORATE CITY,RC,Residential - Condominium,50000.0
raw,RDO No. 53B - Muntinlupa City  is composed of the following Barangays:,,,7TH,NCR,,ALABANG,WEST PARC CEDAR,FILINVEST CORPORATE CITY,CC,Commercial - Condominium,60000.0
raw,RDO No. 53B - Muntinlupa City  is composed of the following Barangays:,,,7TH,NCR,,ALABANG,WEST PARC CEDAR,FILINVEST CORPORATE CITY,PS,Parking Slot / Private School,45000.0
raw,RDO No. 53B - Muntinlupa City  is composed of the following Barangays:,,,7TH,NCR,,ALABANG,WEST SERVICE ROAD,HILLSIDE HOSPITAL - BAYANAN,RR,Residential - Regular,17000.0
raw,RDO No. 53B - Muntinlupa City  is composed of the following Barangays:,,,7TH,NCR,,ALABANG,WEST SERVICE ROAD,HILLSIDE HOSPITAL - BAYANAN,CR,Commercial - Regular,25000.0
raw,RDO No. 53B - Muntinlupa City  is composed of the following Barangays:,,,7TH,NCR,,ALABANG,WEST SERVICE ROAD,HILLSIDE HOSPITAL - BAYANAN,I,Industrial,23000.0
raw,RDO No. 53B - Muntinlupa City  is composed of the following Barangays:,,,7TH,NCR,,ALABANG,WEST SERVICE ROAD,HILLSIDE HOSPITAL - BAYANAN,X,Special / Other,25000.0
raw,RDO No. 53B - Muntinlupa City  is composed of the following Barangays:,,,7TH,NCR,,ALABANG,WEST SERVICE ROAD,HILLSIDE HOSPITAL - BAYANAN,RR,Residential - Regular,17000.0
raw,RDO No. 53B - Muntinlupa City  is composed of the following Barangays:,,,7TH,NCR,,ALABANG,WEST SERVICE ROAD,HILLSIDE HOSPITAL - BAYANAN,CR,Commercial - Regular,25000.0
raw,RDO No. 53B - Muntinlupa City  is composed of the following Barangays:,,,7TH,NCR,,ALABANG,WEST SERVICE ROAD,HILLSIDE HOSPITAL - BAYANAN,I,Industrial,23000.0
raw,RDO No. 53B - Muntinlupa City  is composed of the following Barangays:,,,7TH,NCR,,ALABANG,WEST SERVICE ROAD,HILLSIDE HOSPITAL - BAYANAN,X,Special / Other,25000.0
raw,RDO No. 53B - Muntinlupa City  is composed of the following Barangays:,,,7TH,NCR,,ALABANG,WESTGATE CENTER,ALABANG ZAPOTE - COMMERCE AVENUE,CR,Commercial - Regular,75000.0
raw,RDO No. 53B - Muntinlupa City  is composed of the following Barangays:,,,7TH,NCR,,ALABANG,WESTGATE CENTER,ALABANG ZAPOTE - COMMERCE AVENUE,CR,Commercial - Regular,75000.0
raw,RDO No. 53B - Muntinlupa City  is composed of the following Barangays:,,,7TH,NCR,,ALABANG,WESTGATE TOWER CONDO,MADRIGAL BUSINESS PARK,RC,Residential - Condominium,50000.0
raw,RDO No. 53B - Muntinlupa City  is composed of the following Barangays:,,,7TH,NCR,,ALABANG,WESTGATE TOWER CONDO,MADRIGAL BUSINESS PARK,CC,Commercial - Condominium,60000.0
raw,RDO No. 53B - Muntinlupa City  is composed of the following Barangays:,,,7TH,NCR,,ALABANG,WESTGATE TOWER CONDO,MADRIGAL BUSINESS PARK,PS,Parking Slot / Private School,45000.0
raw,RDO No. 53B - Muntinlupa City  is composed of the following Barangays:,,,7TH,NCR,,ALABANG,WESTGATE TOWER CONDO,MADRIGAL BUSINESS PARK,RC,Residential - Condominium,50000.0
raw,RDO No. 53B - Muntinlupa City  is composed of the following Barangays:,,,7TH,NCR,,ALABANG,WESTGATE TOWER CONDO,MADRIGAL BUSINESS PARK,CC,Commercial - Condominium,60000.0
raw,RDO No. 53B - Muntinlupa City  is composed of the following Barangays:,,,7TH,NCR,,ALABANG,WESTGATE TOWER CONDO,MADRIGAL BUSINESS PARK,PS,Parking Slot / Private School,45000.0
raw,RDO No. 53B - Muntinlupa City  is composed of the following Barangays:,,,,,,ALL OTHER TOWNHOUSES/,CONDOMINIUMS,PUTATAN,RC,Residential - Condominium,14000.0
raw,RDO No. 53B - Muntinlupa City  is composed of the following Barangays:,,,,,,ALL OTHER TOWNHOUSES/,CONDOMINIUMS,PUTATAN,RC,Residential - Condominium,14000.0
raw,RDO No. 53B - Muntinlupa City  is composed of the following Barangays:,,,7TH,NCR,,AYALA ALABANG,ALABANG BUSINESS TOWER,MADRIGAL BUSINESS PARK,RC,Residential - Condominium,45000.0
raw,RDO No. 53B - Muntinlupa City  is composed of the following Barangays:,,,7TH,NCR,,AYALA ALABANG,ALABANG BUSINESS TOWER,MADRIGAL BUSINESS PARK,CC,Commercial - Condominium,55000.0
raw,RDO No. 53B - Muntinlupa City  is composed of the following Barangays:,,,7TH,NCR,,AYALA ALABANG,ALABANG BUSINESS TOWER,MADRIGAL BUSINESS PARK,PS,Parking Slot / Private School,40000.0
raw,RDO No. 53B - Muntinlupa City  is composed of the following Barangays:,,,7TH,NCR,,AYALA ALABANG,ALABANG BUSINESS TOWER,MADRIGAL BUSINESS PARK,RC,Residential - Condominium,45000.0
raw,RDO No. 53B - Muntinlupa City  is composed of the following Barangays:,,,7TH,NCR,,AYALA ALABANG,ALABANG BUSINESS TOWER,MADRIGAL BUSINESS PARK,CC,Commercial - Condominium,55000.0
raw,RDO No. 53B - Muntinlupa City  is composed of the following Barangays:,,,7TH,NCR,,AYALA ALABANG,ALABANG BUSINESS TOWER,MADRIGAL BUSINESS PARK,PS,Parking Slot / Private School,40000.0
raw,RDO No. 53B - Muntinlupa City  is composed of the following Barangays:,,,7TH,NCR,,AYALA ALABANG,ALABANG TOWN CENTER,ALABANG-ZAPOTE ROAD- COMMERCE AVENUE,CR,Commercial - Regular,75000.0
raw,RDO No. 53B - Muntinlupa City  is composed of the following Barangays:,,,7TH,NCR,,AYALA ALABANG,ALABANG TOWN CENTER,ALABANG-ZAPOTE ROAD- COMMERCE AVENUE,X,Special / Other,75000.0
raw,RDO No. 53B - Muntinlupa City  is composed of the following Barangays:,,,7TH,NCR,,AYALA ALABANG,ALABANG TOWN CENTER,ALABANG-ZAPOTE ROAD- COMMERCE AVENUE,CR,Commercial - Regular,75000.0
raw,RDO No. 53B - Muntinlupa City  is composed of the following Barangays:,,,7TH,NCR,,AYALA ALABANG,ALABANG TOWN CENTER,ALABANG-ZAPOTE ROAD- COMMERCE AVENUE,X,Special / Other,75000.0
raw,RDO No. 53B - Muntinlupa City  is composed of the following Barangays:,,,7TH,NCR,,AYALA ALABANG,ALL OTHER STREETS,ALABANG-ZAPOTE RD- APITONG,RR,Residential - Regular,35000.0
raw,RDO No. 53B - Muntinlupa City  is composed of the following Barangays:,,,7TH,NCR,,AYALA ALABANG,ALL OTHER STREETS,ALABANG-ZAPOTE RD- APITONG,CR,Commercial - Regular,75000.0
raw,RDO No. 53B - Muntinlupa City  is composed of the following Barangays:,,,7TH,NCR,,AYALA ALABANG,ALL OTHER STREETS,ALABANG-ZAPOTE RD- APITONG,X,Special / Other,40000.0
raw,RDO No. 53B - Muntinlupa City  is composed of the following Barangays:,,,7TH,NCR,,AYALA ALABANG,ALL OTHER STREETS,ALABANG-ZAPOTE RD- APITONG,RR,Residential - Regular,35000.0
raw,RDO No. 53B - Muntinlupa City  is composed of the following Barangays:,,,7TH,NCR,,AYALA ALABANG,ALL OTHER STREETS,ALABANG-ZAPOTE RD- APITONG,CR,Commercial - Regular,75000.0
raw,RDO No. 53B - Muntinlupa City  is composed of the following Barangays:,,,7TH,NCR,,AYALA ALABANG,ALL OTHER STREETS,ALABANG-ZAPOTE RD- APITONG,X,Special / Other,40000.0
raw,RDO No. 53B - Muntinlupa City  is composed of the following Barangays:,,,7TH,NCR,,AYALA ALABANG,ALPAP BLDG.,MADRIGAL BUSINESS PARK,RC,Residential - Condominium,65000.0
raw,RDO No. 53B - Muntinlupa City  is composed of the following Barangays:,,,7TH,NCR,,AYALA ALABANG,ALPAP BLDG.,MADRIGAL BUSINESS PARK,CC,Commercial - Condominium,78000.0
raw,RDO No. 53B - Muntinlupa City  is composed of the following Barangays:,,,7TH,NCR,,AYALA ALABANG,ALPAP BLDG.,MADRIGAL BUSINESS PARK,PS,Parking Slot / Private School,55000.0
raw,RDO No. 53B - Muntinlupa City  is composed of the following Barangays:,,,7TH,NCR,,AYALA ALABANG,ALPAP BLDG.,MADRIGAL BUSINESS PARK,RC,Residential - Condominium,65000.0
raw,RDO No. 53B - Muntinlupa City  is composed of the following Barangays:,,,7TH,NCR,,AYALA ALABANG,ALPAP BLDG.,MADRIGAL BUSINESS PARK,CC,Commercial - Condominium,78000.0
raw,RDO No. 53B - Muntinlupa City  is composed of the following Barangays:,,,7TH,NCR,,AYALA ALABANG,ALPAP BLDG.,MADRIGAL BUSINESS PARK,PS,Parking Slot / Private School,55000.0
raw,RDO No. 53B - Muntinlupa City  is composed of the following Barangays:,,,7TH,NCR,,AYALA ALABANG,AVIDA TOWER CONDO,MADRIGAL BUSINESS PARK,RC,Residential - Condominium,60000.0
raw,RDO No. 53B - Muntinlupa City  is composed of the following Barangays:,,,7TH,NCR,,AYALA ALABANG,AVIDA TOWER CONDO,MADRIGAL BUSINESS PARK,CC,Commercial - Condominium,75000.0
raw,RDO No. 53B - Muntinlupa City  is composed of the following Barangays:,,,7TH,NCR,,AYALA ALABANG,AVIDA TOWER CONDO,MADRIGAL BUSINESS PARK,PS,Parking Slot / Private School,54000.0
raw,RDO No. 53B - Muntinlupa City  is composed of the following Barangays:,,,7TH,NCR,,AYALA ALABANG,AVIDA TOWER CONDO,MADRIGAL BUSINESS PARK,RC,Residential - Condominium,60000.0
raw,RDO No. 53B - Muntinlupa City  is composed of the following Barangays:,,,7TH,NCR,,AYALA ALABANG,AVIDA TOWER CONDO,MADRIGAL BUSINESS PARK,CC,Commercial - Condominium,75000.0
raw,RDO No. 53B - Muntinlupa City  is composed of the following Barangays:,,,7TH,NCR,,AYALA ALABANG,AVIDA TOWER CONDO,MADRIGAL BUSINESS PARK,PS,Parking Slot / Private School,54000.0
raw,RDO No. 53B - Muntinlupa City  is composed of the following Barangays:,,,7TH,NCR,,AYALA ALABANG,AYALA ALABANG  COMMERCIAL CENTER,ALABANG-ZAPOTE ROAD/MADRIGAL BUSINESS PARK,CR,Commercial - Regular,75000.0
raw,RDO No. 53B - Muntinlupa City  is composed of the following Barangays:,,,7TH,NCR,,AYALA ALABANG,AYALA ALABANG  COMMERCIAL CENTER,ALABANG-ZAPOTE ROAD/MADRIGAL BUSINESS PARK,CR,Commercial - Regular,75000.0
raw,RDO No. 53B - Muntinlupa City  is composed of the following Barangays:,,,7TH,NCR,,AYALA ALABANG,AYALA ALABANG VILLAGE,"PHASES 1, 2A, , 3A1, 3A2, 3B1, 3B2, 3B3, 4, 5, 6, 7, 8A, 8B, 9, 10A, 10B, 10C, 10D, XI-A, XI-B, XI-C & XII",RR,Residential - Regular,40000.0
raw,RDO No. 53B - Muntinlupa City  is composed of the following Barangays:,,,7TH,NCR,,AYALA ALABANG,AYALA ALABANG VILLAGE,LOTS BACKING THE GOLF COURSE PHASES 4 & 2B,RR,Residential - Regular,60000.0
raw,RDO No. 53B - Muntinlupa City  is composed of the following Barangays:,,,7TH,NCR,,AYALA ALABANG,AYALA ALABANG VILLAGE,"LOTS ALONG THE PERIMETERS OF APITONG, ADELFA, ROSAL, BATANGAS EAST, SOUTH & WEST, TAMARIND, LANGKA, SANTIAGO, & PORTIONS OF SAN JUANICO, GUAVA DRIVE, TAMARIND DRIVE, SAN LORENZO, MABOLO, CAMACHILE AND PILI DRIVE",RR,Residential - Regular,38000.0
raw,RDO No. 53B - Muntinlupa City  is composed of the following Barangays:,,,7TH,NCR,,AYALA ALABANG,AYALA ALABANG VILLAGE,"SCHOOLS, CHURCHES",X,Special / Other,40000.0
raw,RDO No. 53B - Muntinlupa City  is composed of the following Barangays:,,,7TH,NCR,,AYALA ALABANG,AYALA ALABANG VILLAGE,AYALA ALABANG EMPLOYEES HOUSING PROJECT 1 & 2 (AEHP 1 & 2 EMPLOYEES HOUSING),RR,Residential - Regular,35000.0
raw,RDO No. 53B - Muntinlupa City  is composed of the following Barangays:,,,7TH,NCR,,AYALA ALABANG,AYALA ALABANG VILLAGE,BPI HOUSING,RR,Residential - Regular,35000.0
raw,RDO No. 53B - Muntinlupa City  is composed of the following Barangays:,,,7TH,NCR,,AYALA ALABANG,AYALA ALABANG VILLAGE,"PHASES 1, 2A, , 3A1, 3A2, 3B1, 3B2, 3B3, 4, 5, 6, 7, 8A, 8B, 9, 10A, 10B, 10C, 10D, XI-A, XI-B, XI-C & XII",RR,Residential - Regular,40000.0
raw,RDO No. 53B - Muntinlupa City  is composed of the following Barangays:,,,7TH,NCR,,AYALA ALABANG,AYALA ALABANG VILLAGE,LOTS BACKING THE GOLF COURSE PHASES 4 & 2B,RR,Residential - Regular,60000.0
raw,RDO No. 53B - Muntinlupa City  is composed of the following Barangays:,,,7TH,NCR,,AYALA ALABANG,AYALA ALABANG VILLAGE,"LOTS ALONG THE PERIMETERS OF APITONG, ADELFA, ROSAL, BATANGAS EAST, SOUTH & WEST, TAMARIND, LANGKA, SANTIAGO, & PORTIONS OF SAN JUANICO, GUAVA DRIVE, TAMARIND DRIVE, SAN LORENZO, MABOLO, CAMACHILE AND PILI DRIVE",RR,Residential - Regular,38000.0
raw,RDO No. 53B - Muntinlupa City  is composed of the following Barangays:,,,7TH,NCR,,AYALA ALABANG,AYALA ALABANG VILLAGE,"SCHOOLS, CHURCHES",X,Special / Other,40000.0
raw,RDO No. 53B - Muntinlupa City  is composed of the following Barangays:,,,7TH,NCR,,AYALA ALABANG,AYALA ALABANG VILLAGE,AYALA ALABANG EMPLOYEES HOUSING PROJECT 1 & 2 (AEHP 1 & 2 EMPLOYEES HOUSING),RR,Residential - Regular,35000.0
raw,RDO No. 53B - Muntinlupa City  is composed of the following Barangays:,,,7TH,NCR,,AYALA ALABANG,AYALA ALABANG VILLAGE,BPI HOUSING,RR,Residential - Regular,35000.0
raw,RDO No. 53B - Muntinlupa City  is composed of the following Barangays:,,,7TH,NCR,,AYALA ALABANG,AYALA LIFE - FGU CENTER,MADRIGAL BUSINESS PARK,RC,Residential - Condominium,55000.0
raw,RDO No. 53B - Muntinlupa City  is composed of the following Barangays:,,,7TH,NCR,,AYALA ALABANG,AYALA LIFE - FGU CENTER,MADRIGAL BUSINESS PARK,CC,Commercial - Condominium,65000.0
raw,RDO No. 53B - Muntinlupa City  is composed of the following Barangays:,,,7TH,NCR,,AYALA ALABANG,AYALA LIFE - FGU CENTER,MADRIGAL BUSINESS PARK,PS,Parking Slot / Private School,48000.0
raw,RDO No. 53B - Muntinlupa City  is composed of the following Barangays:,,,7TH,NCR,,AYALA ALABANG,AYALA LIFE - FGU CENTER,MADRIGAL BUSINESS PARK,RC,Residential - Condominium,55000.0
raw,RDO No. 53B - Muntinlupa City  is composed of the following Barangays:,,,7TH,NCR,,AYALA ALABANG,AYALA LIFE - FGU CENTER,MADRIGAL BUSINESS PARK,CC,Commercial - Condominium,65000.0
raw,RDO No. 53B - Muntinlupa City  is composed of the following Barangays:,,,7TH,NCR,,AYALA ALABANG,AYALA LIFE - FGU CENTER,MADRIGAL BUSINESS PARK,PS,Parking Slot / Private School,48000.0
raw,RDO No. 53B - Muntinlupa City  is composed of the following Barangays:,,,7TH,NCR,,AYALA ALABANG,AZUMI RESIDENCES,MADRIGAL BUSINESS PARK,RC,Residential - Condominium,55000.0
raw,RDO No. 53B - Muntinlupa City  is composed of the following Barangays:,,,7TH,NCR,,AYALA ALABANG,AZUMI RESIDENCES,MADRIGAL BUSINESS PARK,CC,Commercial - Condominium,65000.0
raw,RDO No. 53B - Muntinlupa City  is composed of the following Barangays:,,,7TH,NCR,,AYALA ALABANG,AZUMI RESIDENCES,MADRIGAL BUSINESS PARK,PS,Parking Slot / Private School,48000.0
raw,RDO No. 53B - Muntinlupa City  is composed of the following Barangays:,,,7TH,NCR,,AYALA ALABANG,AZUMI RESIDENCES,MADRIGAL BUSINESS PARK,RC,Residential - Condominium,55000.0
raw,RDO No. 53B - Muntinlupa City  is composed of the following Barangays:,,,7TH,NCR,,AYALA ALABANG,AZUMI RESIDENCES,MADRIGAL BUSINESS PARK,CC,Commercial - Condominium,65000.0
raw,RDO No. 53B - Muntinlupa City  is composed of the following Barangays:,,,7TH,NCR,,AYALA ALABANG,AZUMI RESIDENCES,MADRIGAL BUSINESS PARK,PS,Parking Slot / Private School,48000.0
raw,RDO No. 53B - Muntinlupa City  is composed of the following Barangays:,,,7TH,NCR,,AYALA ALABANG,CELEREICA CORP TOWER CONDO,AYALA ALABANG VILLAGE,RC,Residential - Condominium,50000.0
raw,RDO No. 53B - Muntinlupa City  is composed of the following Barangays:,,,7TH,NCR,,AYALA ALABANG,CELEREICA CORP TOWER CONDO,AYALA ALABANG VILLAGE,CC,Commercial - Condominium,60000.0
raw,RDO No. 53B - Muntinlupa City  is composed of the following Barangays:,,,7TH,NCR,,AYALA ALABANG,CELEREICA CORP TOWER CONDO,AYALA ALABANG VILLAGE,PS,Parking Slot / Private School,45000.0
raw,RDO No. 53B - Muntinlupa City  is composed of the following Barangays:,,,7TH,NCR,,AYALA ALABANG,CELEREICA CORP TOWER CONDO,AYALA ALABANG VILLAGE,RC,Residential - Condominium,50000.0
raw,RDO No. 53B - Muntinlupa City  is composed of the following Barangays:,,,7TH,NCR,,AYALA ALABANG,CELEREICA CORP TOWER CONDO,AYALA ALABANG VILLAGE,CC,Commercial - Condominium,60000.0
raw,RDO No. 53B - Muntinlupa City  is composed of the following Barangays:,,,7TH,NCR,,AYALA ALABANG,CELEREICA CORP TOWER CONDO,AYALA ALABANG VILLAGE,PS,Parking Slot / Private School,45000.0
raw,RDO No. 53B - Muntinlupa City  is composed of the following Barangays:,,,7TH,NCR,,AYALA ALABANG,COMMON GOAL TOWER,MADRIGAL BUSINESS PARK,RC,Residential - Condominium,45000.0
raw,RDO No. 53B - Muntinlupa City  is composed of the following Barangays:,,,7TH,NCR,,AYALA ALABANG,COMMON GOAL TOWER,MADRIGAL BUSINESS PARK,CC,Commercial - Condominium,55000.0
raw,RDO No. 53B - Muntinlupa City  is composed of the following Barangays:,,,7TH,NCR,,AYALA ALABANG,COMMON GOAL TOWER,MADRIGAL BUSINESS PARK,PS,Parking Slot / Private School,40000.0
raw,RDO No. 53B - Muntinlupa City  is composed of the following Barangays:,,,7TH,NCR,,AYALA ALABANG,COMMON GOAL TOWER,MADRIGAL BUSINESS PARK,RC,Residential - Condominium,45000.0
raw,RDO No. 53B - Muntinlupa City  is composed of the following Barangays:,,,7TH,NCR,,AYALA ALABANG,COMMON GOAL TOWER,MADRIGAL BUSINESS PARK,CC,Commercial - Condominium,55000.0
raw,RDO No. 53B - Muntinlupa City  is composed of the following Barangays:,,,7TH,NCR,,AYALA ALABANG,COMMON GOAL TOWER,MADRIGAL BUSINESS PARK,PS,Parking Slot / Private School,40000.0
raw,RDO No. 53B - Muntinlupa City  is composed of the following Barangays:,,,7TH,NCR,,AYALA ALABANG,DAFFODILS,MADRIGAL BUSINESS PARK,RC,Residential - Condominium,45000.0
raw,RDO No. 53B - Muntinlupa City  is composed of the following Barangays:,,,7TH,NCR,,AYALA ALABANG,DAFFODILS,MADRIGAL BUSINESS PARK,CC,Commercial - Condominium,55000.0
raw,RDO No. 53B - Muntinlupa City  is composed of the following Barangays:,,,7TH,NCR,,AYALA ALABANG,DAFFODILS,MADRIGAL BUSINESS PARK,PS,Parking Slot / Private School,40000.0
raw,RDO No. 53B - Muntinlupa City  is composed of the following Barangays:,,,7TH,NCR,,AYALA ALABANG,DAFFODILS,MADRIGAL BUSINESS PARK,RC,Residential - Condominium,45000.0
raw,RDO No. 53B - Muntinlupa City  is composed of the following Barangays:,,,7TH,NCR,,AYALA ALABANG,DAFFODILS,MADRIGAL BUSINESS PARK,CC,Commercial - Condominium,55000.0
raw,RDO No. 53B - Muntinlupa City  is composed of the following Barangays:,,,7TH,NCR,,AYALA ALABANG,DAFFODILS,MADRIGAL BUSINESS PARK,PS,Parking Slot / Private School,40000.0
raw,RDO No. 53B - Muntinlupa City  is composed of the following Barangays:,,,7TH,NCR,,AYALA ALABANG,DON NICANOR REALTY,MADRIGAL BUSINESS PARK,RC,Residential - Condominium,50000.0
raw,RDO No. 53B - Muntinlupa City  is composed of the following Barangays:,,,7TH,NCR,,AYALA ALABANG,DON NICANOR REALTY,MADRIGAL BUSINESS PARK,CC,Commercial - Condominium,60000.0
raw,RDO No. 53B - Muntinlupa City  is composed of the following Barangays:,,,7TH,NCR,,AYALA ALABANG,DON NICANOR REALTY,MADRIGAL BUSINESS PARK,PS,Parking Slot / Private School,45000.0
raw,RDO No. 53B - Muntinlupa City  is composed of the following Barangays:,,,7TH,NCR,,AYALA ALABANG,DON NICANOR REALTY,MADRIGAL BUSINESS PARK,RC,Residential - Condominium,50000.0
raw,RDO No. 53B - Muntinlupa City  is composed of the following Barangays:,,,7TH,NCR,,AYALA ALABANG,DON NICANOR REALTY,MADRIGAL BUSINESS PARK,CC,Commercial - Condominium,60000.0
raw,RDO No. 53B - Muntinlupa City  is composed of the following Barangays:,,,7TH,NCR,,AYALA ALABANG,DON NICANOR REALTY,MADRIGAL BUSINESS PARK,PS,Parking Slot / Private School,45000.0
raw,RDO No. 53B - Muntinlupa City  is composed of the following Barangays:,,,7TH,NCR,,AYALA ALABANG,KINGSTON TOWER,MADRIGAL BUSINESS PARK,RC,Residential - Condominium,50000.0
raw,RDO No. 53B - Muntinlupa City  is composed of the following Barangays:,,,7TH,NCR,,AYALA ALABANG,KINGSTON TOWER,MADRIGAL BUSINESS PARK,CC,Commercial - Condominium,60000.0
raw,RDO No. 53B - Muntinlupa City  is composed of the following Barangays:,,,7TH,NCR,,AYALA ALABANG,KINGSTON TOWER,MADRIGAL BUSINESS PARK,PS,Parking Slot / Private School,45000.0
raw,RDO No. 53B - Muntinlupa City  is composed of the following Barangays:,,,7TH,NCR,,AYALA ALABANG,KINGSTON TOWER,MADRIGAL BUSINESS PARK,RC,Residential - Condominium,50000.0
raw,RDO No. 53B - Muntinlupa City  is composed of the following Barangays:,,,7TH,NCR,,AYALA ALABANG,KINGSTON TOWER,MADRIGAL BUSINESS PARK,CC,Commercial - Condominium,60000.0
raw,RDO No. 53B - Muntinlupa City  is composed of the following Barangays:,,,7TH,NCR,,AYALA ALABANG,KINGSTON TOWER,MADRIGAL BUSINESS PARK,PS,Parking Slot / Private School,45000.0
raw,RDO No. 53B - Muntinlupa City  is composed of the following Barangays:,,,7TH,NCR,,AYALA ALABANG,MADRIGAL BUSINESS PARK 1 & 2,ALONG COMMERCE AVE/AYALA ALABANG,CR,Commercial - Regular,75000.0
raw,RDO No. 53B - Muntinlupa City  is composed of the following Barangays:,,,7TH,NCR,,AYALA ALABANG,MADRIGAL BUSINESS PARK 1 & 2,ALONG COMMERCE AVE/AYALA ALABANG,CR,Commercial - Regular,75000.0
raw,RDO No. 53B - Muntinlupa City  is composed of the following Barangays:,,,7TH,NCR,,AYALA ALABANG,MADRIGAL-VASQUEZ PROPERTY,MADRIGAL AVE. ALABANG-ZAPOTE RD,CR,Commercial - Regular,75000.0
raw,RDO No. 53B - Muntinlupa City  is composed of the following Barangays:,,,7TH,NCR,,AYALA ALABANG,MADRIGAL-VASQUEZ PROPERTY,MADRIGAL AVE. ALABANG-ZAPOTE RD,CR,Commercial - Regular,75000.0
raw,RDO No. 53B - Muntinlupa City  is composed of the following Barangays:,,,7TH,NCR,,AYALA ALABANG,MOLITO COMMERCIAL COMPLEX,ALABANG-ZAPOTE RD- APITONG,CR,Commercial - Regular,85000.0
raw,RDO No. 53B - Muntinlupa City  is composed of the following Barangays:,,,7TH,NCR,,AYALA ALABANG,MOLITO COMMERCIAL COMPLEX,ALABANG-ZAPOTE RD- APITONG,CR,Commercial - Regular,85000.0
raw,RDO No. 53B - Muntinlupa City  is composed of the following Barangays:,,,7TH,NCR,,AYALA ALABANG,NOL BUILDING,MADRIGAL BUSINESS PARK,RC,Residential - Condominium,50000.0
raw,RDO No. 53B - Muntinlupa City  is composed of the following Barangays:,,,7TH,NCR,,AYALA ALABANG,NOL BUILDING,MADRIGAL BUSINESS PARK,CC,Commercial - Condominium,60000.0
raw,RDO No. 53B - Muntinlupa City  is composed of the following Barangays:,,,7TH,NCR,,AYALA ALABANG,NOL BUILDING,MADRIGAL BUSINESS PARK,PS,Parking Slot / Private School,45000.0
raw,RDO No. 53B - Muntinlupa City  is composed of the following Barangays:,,,7TH,NCR,,AYALA ALABANG,NOL BUILDING,MADRIGAL BUSINESS PARK,RC,Residential - Condominium,50000.0
raw,RDO No. 53B - Muntinlupa City  is composed of the following Barangays:,,,7TH,NCR,,AYALA ALABANG,NOL BUILDING,MADRIGAL BUSINESS PARK,CC,Commercial - Condominium,60000.0
raw,RDO No. 53B - Muntinlupa City  is composed of the following Barangays:,,,7TH,NCR,,AYALA ALABANG,NOL BUILDING,MADRIGAL BUSINESS PARK,PS,Parking Slot / Private School,45000.0
raw,RDO No. 53B - Muntinlupa City  is composed of the following Barangays:,,,7TH,NCR,,AYALA ALABANG,PAGE ONE,MADRIGAL BUSINESS PARK,RC,Residential - Condominium,50000.0
raw,RDO No. 53B - Muntinlupa City  is composed of the following Barangays:,,,7TH,NCR,,AYALA ALABANG,PAGE ONE,MADRIGAL BUSINESS PARK,CC,Commercial - Condominium,60000.0
raw,RDO No. 53B - Muntinlupa City  is composed of the following Barangays:,,,7TH,NCR,,AYALA ALABANG,PAGE ONE,MADRIGAL BUSINESS PARK,PS,Parking Slot / Private School,45000.0
raw,RDO No. 53B - Muntinlupa City  is composed of the following Barangays:,,,7TH,NCR,,AYALA ALABANG,PAGE ONE,MADRIGAL BUSINESS PARK,RC,Residential - Condominium,50000.0
raw,RDO No. 53B - Muntinlupa City  is composed of the following Barangays:,,,7TH,NCR,,AYALA ALABANG,PAGE ONE,MADRIGAL BUSINESS PARK,CC,Commercial - Condominium,60000.0
raw,RDO No. 53B - Muntinlupa City  is composed of the following Barangays:,,,7TH,NCR,,AYALA ALABANG,PAGE ONE,MADRIGAL BUSINESS PARK,PS,Parking Slot / Private School,45000.0
raw,RDO No. 53B - Muntinlupa City  is composed of the following Barangays:,,,7TH,NCR,,AYALA ALABANG,PARAGON CORPORATE CENTER,MADRIGAL BUSINESS PARK,RC,Residential - Condominium,45000.0
raw,RDO No. 53B - Muntinlupa City  is composed of the following Barangays:,,,7TH,NCR,,AYALA ALABANG,PARAGON CORPORATE CENTER,MADRIGAL BUSINESS PARK,CC,Commercial - Condominium,55000.0
raw,RDO No. 53B - Muntinlupa City  is composed of the following Barangays:,,,7TH,NCR,,AYALA ALABANG,PARAGON CORPORATE CENTER,MADRIGAL BUSINESS PARK,PS,Parking Slot / Private School,40000.0
raw,RDO No. 53B - Muntinlupa City  is composed of the following Barangays:,,,7TH,NCR,,AYALA ALABANG,PARAGON CORPORATE CENTER,MADRIGAL BUSINESS PARK,RC,Residential - Condominium,45000.0
raw,RDO No. 53B - Muntinlupa City  is composed of the following Barangays:,,,7TH,NCR,,AYALA ALABANG,PARAGON CORPORATE CENTER,MADRIGAL BUSINESS PARK,CC,Commercial - Condominium,55000.0
raw,RDO No. 53B - Muntinlupa City  is composed of the following Barangays:,,,7TH,NCR,,AYALA ALABANG,PARAGON CORPORATE CENTER,MADRIGAL BUSINESS PARK,PS,Parking Slot / Private School,40000.0
raw,RDO No. 53B - Muntinlupa City  is composed of the following Barangays:,,,7TH,NCR,,AYALA ALABANG,PARK TRADE CENTER,MADRIGAL BUSINESS PARK,RC,Residential - Condominium,45000.0
raw,RDO No. 53B - Muntinlupa City  is composed of the following Barangays:,,,7TH,NCR,,AYALA ALABANG,PARK TRADE CENTER,MADRIGAL BUSINESS PARK,CC,Commercial - Condominium,55000.0
raw,RDO No. 53B - Muntinlupa City  is composed of the following Barangays:,,,7TH,NCR,,AYALA ALABANG,PARK TRADE CENTER,MADRIGAL BUSINESS PARK,PS,Parking Slot / Private School,40000.0
raw,RDO No. 53B - Muntinlupa City  is composed of the following Barangays:,,,7TH,NCR,,AYALA ALABANG,PARK TRADE CENTER,MADRIGAL BUSINESS PARK,RC,Residential - Condominium,45000.0
raw,RDO No. 53B - Muntinlupa City  is composed of the following Barangays:,,,7TH,NCR,,AYALA ALABANG,PARK TRADE CENTER,MADRIGAL BUSINESS PARK,CC,Commercial - Condominium,55000.0
raw,RDO No. 53B - Muntinlupa City  is composed of the following Barangays:,,,7TH,NCR,,AYALA ALABANG,PARK TRADE CENTER,MADRIGAL BUSINESS PARK,PS,Parking Slot / Private School,40000.0
raw,RDO No. 53B - Muntinlupa City  is composed of the following Barangays:,,,7TH,NCR,,AYALA ALABANG,PHILAM LIFE BLDG,MADRIGAL BUSINESS PARK,RC,Residential - Condominium,70000.0
raw,RDO No. 53B - Muntinlupa City  is composed of the following Barangays:,,,7TH,NCR,,AYALA ALABANG,PHILAM LIFE BLDG,MADRIGAL BUSINESS PARK,CC,Commercial - Condominium,85000.0
raw,RDO No. 53B - Muntinlupa City  is composed of the following Barangays:,,,7TH,NCR,,AYALA ALABANG,PHILAM LIFE BLDG,MADRIGAL BUSINESS PARK,PS,Parking Slot / Private School,60000.0
raw,RDO No. 53B - Muntinlupa City  is composed of the following Barangays:,,,7TH,NCR,,AYALA ALABANG,PHILAM LIFE BLDG,MADRIGAL BUSINESS PARK,RC,Residential - Condominium,70000.0
raw,RDO No. 53B - Muntinlupa City  is composed of the following Barangays:,,,7TH,NCR,,AYALA ALABANG,PHILAM LIFE BLDG,MADRIGAL BUSINESS PARK,CC,Commercial - Condominium,85000.0
raw,RDO No. 53B - Muntinlupa City  is composed of the following Barangays:,,,7TH,NCR,,AYALA ALABANG,PHILAM LIFE BLDG,MADRIGAL BUSINESS PARK,PS,Parking Slot / Private School,60000.0
raw,RDO No. 53B - Muntinlupa City  is composed of the following Barangays:,,,7TH,NCR,,AYALA ALABANG,PRIME CENTER,MADRIGAL BUSINESS PARK,RC,Residential - Condominium,50000.0
raw,RDO No. 53B - Muntinlupa City  is composed of the following Barangays:,,,7TH,NCR,,AYALA ALABANG,PRIME CENTER,MADRIGAL BUSINESS PARK,CC,Commercial - Condominium,60000.0
raw,RDO No. 53B - Muntinlupa City  is composed of the following Barangays:,,,7TH,NCR,,AYALA ALABANG,PRIME CENTER,MADRIGAL BUSINESS PARK,PS,Parking Slot / Private School,45000.0
raw,RDO No. 53B - Muntinlupa City  is composed of the following Barangays:,,,7TH,NCR,,AYALA ALABANG,PRIME CENTER,MADRIGAL BUSINESS PARK,RC,Residential - Condominium,50000.0
raw,RDO No. 53B - Muntinlupa City  is composed of the following Barangays:,,,7TH,NCR,,AYALA ALABANG,PRIME CENTER,MADRIGAL BUSINESS PARK,CC,Commercial - Condominium,60000.0
raw,RDO No. 53B - Muntinlupa City  is composed of the following Barangays:,,,7TH,NCR,,AYALA ALABANG,PRIME CENTER,MADRIGAL BUSINESS PARK,PS,Parking Slot / Private School,45000.0
raw,RDO No. 53B - Muntinlupa City  is composed of the following Barangays:,,,7TH,NCR,,AYALA ALABANG,RICHVILLE CORPORATE CENTER,MADRIGAL BUSINESS PARK,RC,Residential - Condominium,50000.0
raw,RDO No. 53B - Muntinlupa City  is composed of the following Barangays:,,,7TH,NCR,,AYALA ALABANG,RICHVILLE CORPORATE CENTER,MADRIGAL BUSINESS PARK,CC,Commercial - Condominium,60000.0
raw,RDO No. 53B - Muntinlupa City  is composed of the following Barangays:,,,7TH,NCR,,AYALA ALABANG,RICHVILLE CORPORATE CENTER,MADRIGAL BUSINESS PARK,PS,Parking Slot / Private School,45000.0
raw,RDO No. 53B - Muntinlupa City  is composed of the following Barangays:,,,7TH,NCR,,AYALA ALABANG,RICHVILLE CORPORATE CENTER,MADRIGAL BUSINESS PARK,RC,Residential - Condominium,50000.0
raw,RDO No. 53B - Muntinlupa City  is composed of the following Barangays:,,,7TH,NCR,,AYALA ALABANG,RICHVILLE CORPORATE CENTER,MADRIGAL BUSINESS PARK,CC,Commercial - Condominium,60000.0
raw,RDO No. 53B - Muntinlupa City  is composed of the following Barangays:,,,7TH,NCR,,AYALA ALABANG,RICHVILLE CORPORATE CENTER,MADRIGAL BUSINESS PARK,PS,Parking Slot / Private School,45000.0
raw,RDO No. 53B - Muntinlupa City  is composed of the following Barangays:,,,7TH,NCR,,AYALA ALABANG,RICHVILLE CORPORATE TOWER,MADRIGAL BUSINESS PARK,RC,Residential - Condominium,50000.0
raw,RDO No. 53B - Muntinlupa City  is composed of the following Barangays:,,,7TH,NCR,,AYALA ALABANG,RICHVILLE CORPORATE TOWER,MADRIGAL BUSINESS PARK,CC,Commercial - Condominium,60000.0
raw,RDO No. 53B - Muntinlupa City  is composed of the following Barangays:,,,7TH,NCR,,AYALA ALABANG,RICHVILLE CORPORATE TOWER,MADRIGAL BUSINESS PARK,PS,Parking Slot / Private School,45000.0
raw,RDO No. 53B - Muntinlupa City  is composed of the following Barangays:,,,7TH,NCR,,AYALA ALABANG,RICHVILLE CORPORATE TOWER,MADRIGAL BUSINESS PARK,RC,Residential - Condominium,50000.0
raw,RDO No. 53B - Muntinlupa City  is composed of the following Barangays:,,,7TH,NCR,,AYALA ALABANG,RICHVILLE CORPORATE TOWER,MADRIGAL BUSINESS PARK,CC,Commercial - Condominium,60000.0
raw,RDO No. 53B - Muntinlupa City  is composed of the following Barangays:,,,7TH,NCR,,AYALA ALABANG,RICHVILLE CORPORATE TOWER,MADRIGAL BUSINESS PARK,PS,Parking Slot / Private School,45000.0
raw,RDO No. 53B - Muntinlupa City  is composed of the following Barangays:,,,7TH,NCR,,AYALA ALABANG,RICHVILLE REGENCY SUITES CONDO,MADRIGAL BUSINESS PARK,RC,Residential - Condominium,50000.0
raw,RDO No. 53B - Muntinlupa City  is composed of the following Barangays:,,,7TH,NCR,,AYALA ALABANG,RICHVILLE REGENCY SUITES CONDO,MADRIGAL BUSINESS PARK,CC,Commercial - Condominium,60000.0
raw,RDO No. 53B - Muntinlupa City  is composed of the following Barangays:,,,7TH,NCR,,AYALA ALABANG,RICHVILLE REGENCY SUITES CONDO,MADRIGAL BUSINESS PARK,PS,Parking Slot / Private School,45000.0
raw,RDO No. 53B - Muntinlupa City  is composed of the following Barangays:,,,7TH,NCR,,AYALA ALABANG,RICHVILLE REGENCY SUITES CONDO,MADRIGAL BUSINESS PARK,RC,Residential - Condominium,50000.0
raw,RDO No. 53B - Muntinlupa City  is composed of the following Barangays:,,,7TH,NCR,,AYALA ALABANG,RICHVILLE REGENCY SUITES CONDO,MADRIGAL BUSINESS PARK,CC,Commercial - Condominium,60000.0
raw,RDO No. 53B - Muntinlupa City  is composed of the following Barangays:,,,7TH,NCR,,AYALA ALABANG,RICHVILLE REGENCY SUITES CONDO,MADRIGAL BUSINESS PARK,PS,Parking Slot / Private School,45000.0
raw,RDO No. 53B - Muntinlupa City  is composed of the following Barangays:,,,7TH,NCR,,AYALA ALABANG,SONRIA,MADRIGAL BUSINESS PARK,RC,Residential - Condominium,80000.0
raw,RDO No. 53B - Muntinlupa City  is composed of the following Barangays:,,,7TH,NCR,,AYALA ALABANG,SONRIA,MADRIGAL BUSINESS PARK,CC,Commercial - Condominium,108000.0
raw,RDO No. 53B - Muntinlupa City  is composed of the following Barangays:,,,7TH,NCR,,AYALA ALABANG,SONRIA,MADRIGAL BUSINESS PARK,PS,Parking Slot / Private School,70000.0
raw,RDO No. 53B - Muntinlupa City  is composed of the following Barangays:,,,7TH,NCR,,AYALA ALABANG,SONRIA,MADRIGAL BUSINESS PARK,RC,Residential - Condominium,80000.0
raw,RDO No. 53B - Muntinlupa City  is composed of the following Barangays:,,,7TH,NCR,,AYALA ALABANG,SONRIA,MADRIGAL BUSINESS PARK,CC,Commercial - Condominium,108000.0
raw,RDO No. 53B - Muntinlupa City  is composed of the following Barangays:,,,7TH,NCR,,AYALA ALABANG,SONRIA,MADRIGAL BUSINESS PARK,PS,Parking Slot / Private School,70000.0
raw,RDO No. 53B - Muntinlupa City  is composed of the following Barangays:,,,7TH,NCR,,AYALA ALABANG,SOUTH CENTER TOWER,MADRIGAL BUSINESS PARK,RC,Residential - Condominium,50000.0
raw,RDO No. 53B - Muntinlupa City  is composed of the following Barangays:,,,7TH,NCR,,AYALA ALABANG,SOUTH CENTER TOWER,MADRIGAL BUSINESS PARK,CC,Commercial - Condominium,60000.0
raw,RDO No. 53B - Muntinlupa City  is composed of the following Barangays:,,,7TH,NCR,,AYALA ALABANG,SOUTH CENTER TOWER,MADRIGAL BUSINESS PARK,PS,Parking Slot / Private School,45000.0
raw,RDO No. 53B - Muntinlupa City  is composed of the following Barangays:,,,7TH,NCR,,AYALA ALABANG,SOUTH CENTER TOWER,MADRIGAL BUSINESS PARK,RC,Residential - Condominium,50000.0
raw,RDO No. 53B - Muntinlupa City  is composed of the following Barangays:,,,7TH,NCR,,AYALA ALABANG,SOUTH CENTER TOWER,MADRIGAL BUSINESS PARK,CC,Commercial - Condominium,60000.0
raw,RDO No. 53B - Muntinlupa City  is composed of the following Barangays:,,,7TH,NCR,,AYALA ALABANG,SOUTH CENTER TOWER,MADRIGAL BUSINESS PARK,PS,Parking Slot / Private School,45000.0
raw,RDO No. 53B - Muntinlupa City  is composed of the following Barangays:,,,7TH,NCR,,AYALA ALABANG,SOUTHGATE BLDG,MADRIGAL BUSINESS PARK,RC,Residential - Condominium,75000.0
raw,RDO No. 53B - Muntinlupa City  is composed of the following Barangays:,,,7TH,NCR,,AYALA ALABANG,SOUTHGATE BLDG,MADRIGAL BUSINESS PARK,CC,Commercial - Condominium,90000.0
raw,RDO No. 53B - Muntinlupa City  is composed of the following Barangays:,,,7TH,NCR,,AYALA ALABANG,SOUTHGATE BLDG,MADRIGAL BUSINESS PARK,PS,Parking Slot / Private School,65000.0
raw,RDO No. 53B - Muntinlupa City  is composed of the following Barangays:,,,7TH,NCR,,AYALA ALABANG,SOUTHGATE BLDG,MADRIGAL BUSINESS PARK,RC,Residential - Condominium,75000.0
raw,RDO No. 53B - Muntinlupa City  is composed of the following Barangays:,,,7TH,NCR,,AYALA ALABANG,SOUTHGATE BLDG,MADRIGAL BUSINESS PARK,CC,Commercial - Condominium,90000.0
raw,RDO No. 53B - Muntinlupa City  is composed of the following Barangays:,,,7TH,NCR,,AYALA ALABANG,SOUTHGATE BLDG,MADRIGAL BUSINESS PARK,PS,Parking Slot / Private School,65000.0
raw,RDO No. 53B - Muntinlupa City  is composed of the following Barangays:,,,7TH,NCR,,AYALA ALABANG,UNIOIL CENTER BLDG,MADRIGAL BUSINESS PARK,RC,Residential - Condominium,50000.0
raw,RDO No. 53B - Muntinlupa City  is composed of the following Barangays:,,,7TH,NCR,,AYALA ALABANG,UNIOIL CENTER BLDG,MADRIGAL BUSINESS PARK,CC,Commercial - Condominium,60000.0
raw,RDO No. 53B - Muntinlupa City  is composed of the following Barangays:,,,7TH,NCR,,AYALA ALABANG,UNIOIL CENTER BLDG,MADRIGAL BUSINESS PARK,PS,Parking Slot / Private School,45000.0
raw,RDO No. 53B - Muntinlupa City  is composed of the following Barangays:,,,7TH,NCR,,AYALA ALABANG,UNIOIL CENTER BLDG,MADRIGAL BUSINESS PARK,RC,Residential - Condominium,50000.0
raw,RDO No. 53B - Muntinlupa City  is composed of the following Barangays:,,,7TH,NCR,,AYALA ALABANG,UNIOIL CENTER BLDG,MADRIGAL BUSINESS PARK,CC,Commercial - Condominium,60000.0
raw,RDO No. 53B - Muntinlupa City  is composed of the following Barangays:,,,7TH,NCR,,AYALA ALABANG,UNIOIL CENTER BLDG,MADRIGAL BUSINESS PARK,PS,Parking Slot / Private School,45000.0
raw,RDO No. 53B - Muntinlupa City  is composed of the following Barangays:,,,7TH,NCR,,BAYANAN,ALL OTHER STREETS,T.M. ROAD - PNR SIDE,RR,Residential - Regular,6000.0
raw,RDO No. 53B - Muntinlupa City  is composed of the following Barangays:,,,7TH,NCR,,BAYANAN,ALL OTHER STREETS,T.M. ROAD - PNR SIDE,CR,Commercial - Regular,25000.0
raw,RDO No. 53B - Muntinlupa City  is composed of the following Barangays:,,,7TH,NCR,,BAYANAN,ALL OTHER STREETS,T.M. ROAD - PNR SIDE,I,Industrial,23000.0
raw,RDO No. 53B - Muntinlupa City  is composed of the following Barangays:,,,7TH,NCR,,BAYANAN,ALL OTHER STREETS,T.M. ROAD - PNR SIDE,X,Special / Other,10000.0
raw,RDO No. 53B - Muntinlupa City  is composed of the following Barangays:,,,,,,BAYANAN,ALL OTHER STREETS,BO. PROPER,RR,Residential - Regular,1300.0
raw,RDO No. 53B - Muntinlupa City  is composed of the following Barangays:,,,,,,BAYANAN,ALL OTHER STREETS,BO. PROPER,CR,Commercial - Regular,2700.0
raw,RDO No. 53B - Muntinlupa City  is composed of the following Barangays:,,,,,,BAYANAN,ALL OTHER STREETS,BO. PROPER,RR,Residential - Regular,1100.0
raw,RDO No. 53B - Muntinlupa City  is composed of the following Barangays:,,,,,,BAYANAN,ALL OTHER STREETS,BO. PROPER,CR,Commercial - Regular,2500.0
raw,RDO No. 53B - Muntinlupa City  is composed of the following Barangays:,,,7TH,NCR,,BAYANAN,ALL OTHER STREETS,T.M. ROAD - PNR SIDE,RR,Residential - Regular,6000.0
raw,RDO No. 53B - Muntinlupa City  is composed of the following Barangays:,,,7TH,NCR,,BAYANAN,ALL OTHER STREETS,T.M. ROAD - PNR SIDE,CR,Commercial - Regular,25000.0
raw,RDO No. 53B - Muntinlupa City  is composed of the following Barangays:,,,7TH,NCR,,BAYANAN,ALL OTHER STREETS,T.M. ROAD - PNR SIDE,I,Industrial,23000.0
raw,RDO No. 53B - Muntinlupa City  is composed of the following Barangays:,,,7TH,NCR,,BAYANAN,ALL OTHER STREETS,T.M. ROAD - PNR SIDE,X,Special / Other,10000.0
raw,RDO No. 53B - Muntinlupa City  is composed of the following Barangays:,,,,,,BAYANAN,ALL OTHER STREETS,BO. PROPER,RR,Residential - Regular,1300.0
raw,RDO No. 53B - Muntinlupa City  is composed of the following Barangays:,,,,,,BAYANAN,ALL OTHER STREETS,BO. PROPER,CR,Commercial - Regular,2700.0
raw,RDO No. 53B - Muntinlupa City  is composed of the following Barangays:,,,,,,BAYANAN,ALL OTHER STREETS,BO. PROPER,RR,Residential - Regular,1100.0
raw,RDO No. 53B - Muntinlupa City  is composed of the following Barangays:,,,,,,BAYANAN,ALL OTHER STREETS,BO. PROPER,CR,Commercial - Regular,2500.0
raw,RDO No. 53B - Muntinlupa City  is composed of the following Barangays:,,,7TH,NCR,,BAYANAN,ALONG PHILIPPINE NATIONAL RAILWAYS,BARRIO PROPER,RR,Residential - Regular,6000.0
raw,RDO No. 53B - Muntinlupa City  is composed of the following Barangays:,,,7TH,NCR,,BAYANAN,ALONG PHILIPPINE NATIONAL RAILWAYS,BARRIO PROPER,RR,Residential - Regular,6000.0
raw,RDO No. 53B - Muntinlupa City  is composed of the following Barangays:,,,7TH,NCR,,BAYANAN,BAGONG PARAISO,INT. TM ROAD,RR,Residential - Regular,6000.0
raw,RDO No. 53B - Muntinlupa City  is composed of the following Barangays:,,,7TH,NCR,,BAYANAN,BAGONG PARAISO,INT. TM ROAD,RR,Residential - Regular,6000.0
raw,RDO No. 53B - Muntinlupa City  is composed of the following Barangays:,,,7TH,NCR,,BAYANAN,BAUTISTA ST,NATIONAL ROAD - T.M. ROAD,RR,Residential - Regular,13000.0
raw,RDO No. 53B - Muntinlupa City  is composed of the following Barangays:,,,7TH,NCR,,BAYANAN,BAUTISTA ST,NATIONAL ROAD - SLEX,RR,Residential - Regular,13000.0
raw,RDO No. 53B - Muntinlupa City  is composed of the following Barangays:,,,,,,BAYANAN,BAUTISTA ST,NAT'L ROAD-SO. EXPRESSWAY,RR,Residential - Regular,5200.0
raw,RDO No. 53B - Muntinlupa City  is composed of the following Barangays:,,,,,,BAYANAN,BAUTISTA ST,NAT'L ROAD-SO. EXPRESSWAY,RR,Residential - Regular,3800.0
raw,RDO No. 53B - Muntinlupa City  is composed of the following Barangays:,,,,,,BAYANAN,BAUTISTA ST,NAT'L ROAD-SO. EXPRESSWAY,RR,Residential - Regular,2500.0
raw,RDO No. 53B - Muntinlupa City  is composed of the following Barangays:,,,7TH,NCR,,BAYANAN,BAUTISTA ST,NATIONAL ROAD - T.M. ROAD,RR,Residential - Regular,13000.0
raw,RDO No. 53B - Muntinlupa City  is composed of the following Barangays:,,,7TH,NCR,,BAYANAN,BAUTISTA ST,NATIONAL ROAD - SLEX,RR,Residential - Regular,13000.0
raw,RDO No. 53B - Muntinlupa City  is composed of the following Barangays:,,,,,,BAYANAN,BAUTISTA ST,NAT'L ROAD-SO. EXPRESSWAY,RR,Residential - Regular,5200.0
raw,RDO No. 53B - Muntinlupa City  is composed of the following Barangays:,,,,,,BAYANAN,BAUTISTA ST,NAT'L ROAD-SO. EXPRESSWAY,RR,Residential - Regular,3800.0
raw,RDO No. 53B - Muntinlupa City  is composed of the following Barangays:,,,,,,BAYANAN,BAUTISTA ST,NAT'L ROAD-SO. EXPRESSWAY,RR,Residential - Regular,2500.0
raw,RDO No. 53B - Muntinlupa City  is composed of the following Barangays:,,,,,,BAYANAN,FILRIZAM SUBD,NAT'L ROAD-SO. EXPRESSWAY,RR,Residential - Regular,1300.0
raw,RDO No. 53B - Muntinlupa City  is composed of the following Barangays:,,,,,,BAYANAN,FILRIZAM SUBD,NAT'L ROAD-SO. EXPRESSWAY,RR,Residential - Regular,1100.0
raw,RDO No. 53B - Muntinlupa City  is composed of the following Barangays:,,,,,,BAYANAN,FILRIZAM SUBD,NAT'L ROAD-SO. EXPRESSWAY,RR,Residential - Regular,800.0
raw,RDO No. 53B - Muntinlupa City  is composed of the following Barangays:,,,,,,BAYANAN,FILRIZAM SUBD,NAT'L ROAD-SO. EXPRESSWAY,RR,Residential - Regular,1300.0
raw,RDO No. 53B - Muntinlupa City  is composed of the following Barangays:,,,,,,BAYANAN,FILRIZAM SUBD,NAT'L ROAD-SO. EXPRESSWAY,RR,Residential - Regular,1100.0
raw,RDO No. 53B - Muntinlupa City  is composed of the following Barangays:,,,,,,BAYANAN,FILRIZAM SUBD,NAT'L ROAD-SO. EXPRESSWAY,RR,Residential - Regular,800.0
raw,RDO No. 53B - Muntinlupa City  is composed of the following Barangays:,,,7TH,NCR,,BAYANAN,FILRIZAM SUBDIVISION,INT. BAUTISTA ST.,RR,Residential - Regular,8000.0
raw,RDO No. 53B - Muntinlupa City  is composed of the following Barangays:,,,7TH,NCR,,BAYANAN,FILRIZAM SUBDIVISION,INT. BAUTISTA ST.,RR,Residential - Regular,8000.0
raw,RDO No. 53B - Muntinlupa City  is composed of the following Barangays:,,,7TH,NCR,,BAYANAN,NATIONAL ROAD,BAYANAN RVR-PUTATAN BDRY,RR,Residential - Regular,15000.0
raw,RDO No. 53B - Muntinlupa City  is composed of the following Barangays:,,,7TH,NCR,,BAYANAN,NATIONAL ROAD,BAYANAN RVR-PUTATAN BDRY,CR,Commercial - Regular,25000.0
raw,RDO No. 53B - Muntinlupa City  is composed of the following Barangays:,,,7TH,NCR,,BAYANAN,NATIONAL ROAD,BAYANAN RVR-PUTATAN BDRY,X,Special / Other,25000.0
raw,RDO No. 53B - Muntinlupa City  is composed of the following Barangays:,,,,,,BAYANAN,NATIONAL ROAD,BAYANAN RVR-PUTATAN BDRY,CR,Commercial - Regular,8000.0
raw,RDO No. 53B - Muntinlupa City  is composed of the following Barangays:,,,,,,BAYANAN,NATIONAL ROAD,BAYANAN RVR-PUTATAN BDRY,CR,Commercial - Regular,6200.0
raw,RDO No. 53B - Muntinlupa City  is composed of the following Barangays:,,,,,,BAYANAN,NATIONAL ROAD,BAYANAN RVR-PUTATAN BDRY,CR,Commercial - Regular,5000.0
raw,RDO No. 53B - Muntinlupa City  is composed of the following Barangays:,,,7TH,NCR,,BAYANAN,NATIONAL ROAD,BAYANAN RVR-PUTATAN BDRY,RR,Residential - Regular,15000.0
raw,RDO No. 53B - Muntinlupa City  is composed of the following Barangays:,,,7TH,NCR,,BAYANAN,NATIONAL ROAD,BAYANAN RVR-PUTATAN BDRY,CR,Commercial - Regular,25000.0
raw,RDO No. 53B - Muntinlupa City  is composed of the following Barangays:,,,7TH,NCR,,BAYANAN,NATIONAL ROAD,BAYANAN RVR-PUTATAN BDRY,X,Special / Other,25000.0
raw,RDO No. 53B - Muntinlupa City  is composed of the following Barangays:,,,,,,BAYANAN,NATIONAL ROAD,BAYANAN RVR-PUTATAN BDRY,CR,Commercial - Regular,8000.0
raw,RDO No. 53B - Muntinlupa City  is composed of the following Barangays:,,,,,,BAYANAN,NATIONAL ROAD,BAYANAN RVR-PUTATAN BDRY,CR,Commercial - Regular,6200.0
raw,RDO No. 53B - Muntinlupa City  is composed of the following Barangays:,,,,,,BAYANAN,NATIONAL ROAD,BAYANAN RVR-PUTATAN BDRY,CR,Commercial - Regular,5000.0
raw,RDO No. 53B - Muntinlupa City  is composed of the following Barangays:,,,,,,BAYANAN,PLEASANT VIL,SO EXPRESSWAY,RR,Residential - Regular,800.0
raw,RDO No. 53B - Muntinlupa City  is composed of the following Barangays:,,,,,,BAYANAN,PLEASANT VIL,SO EXPRESSWAY,RR,Residential - Regular,400.0
raw,RDO No. 53B - Muntinlupa City  is composed of the following Barangays:,,,,,,BAYANAN,PLEASANT VIL,SO EXPRESSWAY,RR,Residential - Regular,800.0
raw,RDO No. 53B - Muntinlupa City  is composed of the following Barangays:,,,,,,BAYANAN,PLEASANT VIL,SO EXPRESSWAY,RR,Residential - Regular,400.0
raw,RDO No. 53B - Muntinlupa City  is composed of the following Barangays:,,,,,,BAYANAN,PLEASANT VILL,S EXPRESSWAY,RR,Residential - Regular,2400.0
raw,RDO No. 53B - Muntinlupa City  is composed of the following Barangays:,,,,,,BAYANAN,PLEASANT VILL,S EXPRESSWAY,RR,Residential - Regular,1900.0
raw,RDO No. 53B - Muntinlupa City  is composed of the following Barangays:,,,,,,BAYANAN,PLEASANT VILL,S EXPRESSWAY,RR,Residential - Regular,1500.0
raw,RDO No. 53B - Muntinlupa City  is composed of the following Barangays:,,,,,,BAYANAN,PLEASANT VILL,S EXPRESSWAY,RR,Residential - Regular,900.0
raw,RDO No. 53B - Muntinlupa City  is composed of the following Barangays:,,,,,,BAYANAN,PLEASANT VILL,S EXPRESSWAY,RR,Residential - Regular,2400.0
raw,RDO No. 53B - Muntinlupa City  is composed of the following Barangays:,,,,,,BAYANAN,PLEASANT VILL,S EXPRESSWAY,RR,Residential - Regular,1900.0
raw,RDO No. 53B - Muntinlupa City  is composed of the following Barangays:,,,,,,BAYANAN,PLEASANT VILL,S EXPRESSWAY,RR,Residential - Regular,1500.0
raw,RDO No. 53B - Muntinlupa City  is composed of the following Barangays:,,,,,,BAYANAN,PLEASANT VILL,S EXPRESSWAY,RR,Residential - Regular,900.0
raw,RDO No. 53B - Muntinlupa City  is composed of the following Barangays:,,,7TH,NCR,,BAYANAN,PLEASANT VILLAGE,SOUTH EXPRESSWAY,RR,Residential - Regular,12000.0
raw,RDO No. 53B - Muntinlupa City  is composed of the following Barangays:,,,7TH,NCR,,BAYANAN,PLEASANT VILLAGE,SOUTH EXPRESSWAY,RR,Residential - Regular,12000.0
raw,RDO No. 53B - Muntinlupa City  is composed of the following Barangays:,,,7TH,NCR,,BAYANAN,PUROK  1-IV,EXPRESSWAY,RR,Residential - Regular,6000.0
raw,RDO No. 53B - Muntinlupa City  is composed of the following Barangays:,,,7TH,NCR,,BAYANAN,PUROK  1-IV,EXPRESSWAY,RR,Residential - Regular,6000.0
raw,RDO No. 53B - Muntinlupa City  is composed of the following Barangays:,,,,,,BAYANAN,PUROK I B-4,EXPRESSWAY,RR,Residential - Regular,1800.0
raw,RDO No. 53B - Muntinlupa City  is composed of the following Barangays:,,,,,,BAYANAN,PUROK I B-4,EXPRESSWAY,RR,Residential - Regular,1400.0
raw,RDO No. 53B - Muntinlupa City  is composed of the following Barangays:,,,,,,BAYANAN,PUROK I B-4,EXPRESSWAY,RR,Residential - Regular,1100.0
raw,RDO No. 53B - Muntinlupa City  is composed of the following Barangays:,,,,,,BAYANAN,PUROK I B-4,EXPRESSWAY,RR,Residential - Regular,700.0
raw,RDO No. 53B - Muntinlupa City  is composed of the following Barangays:,,,,,,BAYANAN,PUROK I B-4,EXPRESSWAY,RR,Residential - Regular,1800.0
raw,RDO No. 53B - Muntinlupa City  is composed of the following Barangays:,,,,,,BAYANAN,PUROK I B-4,EXPRESSWAY,RR,Residential - Regular,1400.0
raw,RDO No. 53B - Muntinlupa City  is composed of the following Barangays:,,,,,,BAYANAN,PUROK I B-4,EXPRESSWAY,RR,Residential - Regular,1100.0
raw,RDO No. 53B - Muntinlupa City  is composed of the following Barangays:,,,,,,BAYANAN,PUROK I B-4,EXPRESSWAY,RR,Residential - Regular,700.0
raw,RDO No. 53B - Muntinlupa City  is composed of the following Barangays:,,,,,,BAYANAN,PUROK I BLK 4,EXPRESSWAY,RR,Residential - Regular,600.0
raw,RDO No. 53B - Muntinlupa City  is composed of the following Barangays:,,,,,,BAYANAN,PUROK I BLK 4,EXPRESSWAY,RR,Residential - Regular,300.0
raw,RDO No. 53B - Muntinlupa City  is composed of the following Barangays:,,,,,,BAYANAN,PUROK I BLK 4,EXPRESSWAY,RR,Residential - Regular,600.0
raw,RDO No. 53B - Muntinlupa City  is composed of the following Barangays:,,,,,,BAYANAN,PUROK I BLK 4,EXPRESSWAY,RR,Residential - Regular,300.0
raw,RDO No. 53B - Muntinlupa City  is composed of the following Barangays:,,,,,,BAYANAN,PUROK II,RAILROAD,RR,Residential - Regular,1500.0
raw,RDO No. 53B - Muntinlupa City  is composed of the following Barangays:,,,,,,BAYANAN,PUROK II,RAILROAD,RR,Residential - Regular,1200.0
raw,RDO No. 53B - Muntinlupa City  is composed of the following Barangays:,,,,,,BAYANAN,PUROK II,RAILROAD,RR,Residential - Regular,950.0
raw,RDO No. 53B - Muntinlupa City  is composed of the following Barangays:,,,,,,BAYANAN,PUROK II,RAILROAD,RR,Residential - Regular,600.0
raw,RDO No. 53B - Muntinlupa City  is composed of the following Barangays:,,,,,,BAYANAN,PUROK II,RAILROAD,RR,Residential - Regular,500.0
raw,RDO No. 53B - Muntinlupa City  is composed of the following Barangays:,,,,,,BAYANAN,PUROK II,RAILROAD,RR,Residential - Regular,250.0
raw,RDO No. 53B - Muntinlupa City  is composed of the following Barangays:,,,,,,BAYANAN,PUROK II,RAILROAD,RR,Residential - Regular,1500.0
raw,RDO No. 53B - Muntinlupa City  is composed of the following Barangays:,,,,,,BAYANAN,PUROK II,RAILROAD,RR,Residential - Regular,1200.0
raw,RDO No. 53B - Muntinlupa City  is composed of the following Barangays:,,,,,,BAYANAN,PUROK II,RAILROAD,RR,Residential - Regular,950.0
raw,RDO No. 53B - Muntinlupa City  is composed of the following Barangays:,,,,,,BAYANAN,PUROK II,RAILROAD,RR,Residential - Regular,600.0
raw,RDO No. 53B - Muntinlupa City  is composed of the following Barangays:,,,,,,BAYANAN,PUROK II,RAILROAD,RR,Residential - Regular,500.0
raw,RDO No. 53B - Muntinlupa City  is composed of the following Barangays:,,,,,,BAYANAN,PUROK II,RAILROAD,RR,Residential - Regular,250.0
raw,RDO No. 53B - Muntinlupa City  is composed of the following Barangays:,,,,,,BAYANAN,PUROK III,RAILROAD,RR,Residential - Regular,1500.0
raw,RDO No. 53B - Muntinlupa City  is composed of the following Barangays:,,,,,,BAYANAN,PUROK III,RAILROAD,RR,Residential - Regular,1200.0
raw,RDO No. 53B - Muntinlupa City  is composed of the following Barangays:,,,,,,BAYANAN,PUROK III,RAILROAD,RR,Residential - Regular,950.0
raw,RDO No. 53B - Muntinlupa City  is composed of the following Barangays:,,,,,,BAYANAN,PUROK III,RAILROAD,RR,Residential - Regular,600.0
raw,RDO No. 53B - Muntinlupa City  is composed of the following Barangays:,,,,,,BAYANAN,PUROK III,RAILROAD,RR,Residential - Regular,500.0
raw,RDO No. 53B - Muntinlupa City  is composed of the following Barangays:,,,,,,BAYANAN,PUROK III,RAILROAD,RR,Residential - Regular,250.0
raw,RDO No. 53B - Muntinlupa City  is composed of the following Barangays:,,,,,,BAYANAN,PUROK III,RAILROAD,RR,Residential - Regular,1500.0
raw,RDO No. 53B - Muntinlupa City  is composed of the following Barangays:,,,,,,BAYANAN,PUROK III,RAILROAD,RR,Residential - Regular,1200.0
raw,RDO No. 53B - Muntinlupa City  is composed of the following Barangays:,,,,,,BAYANAN,PUROK III,RAILROAD,RR,Residential - Regular,950.0
raw,RDO No. 53B - Muntinlupa City  is composed of the following Barangays:,,,,,,BAYANAN,PUROK III,RAILROAD,RR,Residential - Regular,600.0
raw,RDO No. 53B - Muntinlupa City  is composed of the following Barangays:,,,,,,BAYANAN,PUROK III,RAILROAD,RR,Residential - Regular,500.0
raw,RDO No. 53B - Muntinlupa City  is composed of the following Barangays:,,,,,,BAYANAN,PUROK III,RAILROAD,RR,Residential - Regular,250.0
raw,RDO No. 53B - Muntinlupa City  is composed of the following Barangays:,,,,,,BAYANAN,PUROK IV,TAGUIG MUNT ROAD,RR,Residential - Regular,1500.0
raw,RDO No. 53B - Muntinlupa City  is composed of the following Barangays:,,,,,,BAYANAN,PUROK IV,TAGUIG MUNT ROAD,RR,Residential - Regular,1200.0
raw,RDO No. 53B - Muntinlupa City  is composed of the following Barangays:,,,,,,BAYANAN,PUROK IV,TAGUIG MUNT ROAD,RR,Residential - Regular,950.0
raw,RDO No. 53B - Muntinlupa City  is composed of the following Barangays:,,,,,,BAYANAN,PUROK IV,TAGUIG MUNT ROAD,RR,Residential - Regular,600.0
raw,RDO No. 53B - Muntinlupa City  is composed of the following Barangays:,,,,,,BAYANAN,PUROK IV,TAGUIG MUNT ROAD,RR,Residential - Regular,500.0
raw,RDO No. 53B - Muntinlupa City  is composed of the following Barangays:,,,,,,BAYANAN,PUROK IV,TAGUIG MUNT RRD,RR,Residential - Regular,250.0
raw,RDO No. 53B - Muntinlupa City  is composed of the following Barangays:,,,,,,BAYANAN,PUROK IV,TAGUIG MUNT ROAD,RR,Residential - Regular,1500.0
raw,RDO No. 53B - Muntinlupa City  is composed of the following Barangays:,,,,,,BAYANAN,PUROK IV,TAGUIG MUNT ROAD,RR,Residential - Regular,1200.0
raw,RDO No. 53B - Muntinlupa City  is composed of the following Barangays:,,,,,,BAYANAN,PUROK IV,TAGUIG MUNT ROAD,RR,Residential - Regular,950.0
raw,RDO No. 53B - Muntinlupa City  is composed of the following Barangays:,,,,,,BAYANAN,PUROK IV,TAGUIG MUNT ROAD,RR,Residential - Regular,600.0
raw,RDO No. 53B - Muntinlupa City  is composed of the following Barangays:,,,,,,BAYANAN,PUROK IV,TAGUIG MUNT ROAD,RR,Residential - Regular,500.0
raw,RDO No. 53B - Muntinlupa City  is composed of the following Barangays:,,,,,,BAYANAN,PUROK IV,TAGUIG MUNT RRD,RR,Residential - Regular,250.0
raw,RDO No. 53B - Muntinlupa City  is composed of the following Barangays:,,,,,,BAYANAN,PUROK VI APLAYA,LAGUNA LAKE,RR,Residential - Regular,1500.0
raw,RDO No. 53B - Muntinlupa City  is composed of the following Barangays:,,,,,,BAYANAN,PUROK VI APLAYA,LAGUNA LAKE,RR,Residential - Regular,1200.0
raw,RDO No. 53B - Muntinlupa City  is composed of the following Barangays:,,,,,,BAYANAN,PUROK VI APLAYA,LAGUNA LAKE,RR,Residential - Regular,950.0
raw,RDO No. 53B - Muntinlupa City  is composed of the following Barangays:,,,,,,BAYANAN,PUROK VI APLAYA,LAGUNA LAKE,RR,Residential - Regular,600.0
raw,RDO No. 53B - Muntinlupa City  is composed of the following Barangays:,,,,,,BAYANAN,PUROK VI APLAYA,LAGUNA LAKE,RR,Residential - Regular,500.0
raw,RDO No. 53B - Muntinlupa City  is composed of the following Barangays:,,,,,,BAYANAN,PUROK VI APLAYA,LAGUNA LAKE,RR,Residential - Regular,250.0
raw,RDO No. 53B - Muntinlupa City  is composed of the following Barangays:,,,,,,BAYANAN,PUROK VI APLAYA,LAGUNA LAKE,RR,Residential - Regular,1500.0
raw,RDO No. 53B - Muntinlupa City  is composed of the following Barangays:,,,,,,BAYANAN,PUROK VI APLAYA,LAGUNA LAKE,RR,Residential - Regular,1200.0
raw,RDO No. 53B - Muntinlupa City  is composed of the following Barangays:,,,,,,BAYANAN,PUROK VI APLAYA,LAGUNA LAKE,RR,Residential - Regular,950.0
raw,RDO No. 53B - Muntinlupa City  is composed of the following Barangays:,,,,,,BAYANAN,PUROK VI APLAYA,LAGUNA LAKE,RR,Residential - Regular,600.0
raw,RDO No. 53B - Muntinlupa City  is composed of the following Barangays:,,,,,,BAYANAN,PUROK VI APLAYA,LAGUNA LAKE,RR,Residential - Regular,500.0
raw,RDO No. 53B - Muntinlupa City  is composed of the following Barangays:,,,,,,BAYANAN,PUROK VI APLAYA,LAGUNA LAKE,RR,Residential - Regular,250.0
raw,RDO No. 53B - Muntinlupa City  is composed of the following Barangays:,,,7TH,NCR,,BAYANAN,SOUTH LUZON EXPRESSWAY      (SLEX),POBLACION RIVER-ALABANG VIADUCT,RR,Residential - Regular,12000.0
raw,RDO No. 53B - Muntinlupa City  is composed of the following Barangays:,,,7TH,NCR,,BAYANAN,SOUTH LUZON EXPRESSWAY      (SLEX),POBLACION RIVER-ALABANG VIADUCT,CR,Commercial - Regular,43000.0
raw,RDO No. 53B - Muntinlupa City  is composed of the following Barangays:,,,7TH,NCR,,BAYANAN,SOUTH LUZON EXPRESSWAY      (SLEX),POBLACION RIVER-ALABANG VIADUCT,I,Industrial,23000.0
raw,RDO No. 53B - Muntinlupa City  is composed of the following Barangays:,,,7TH,NCR,,BAYANAN,SOUTH LUZON EXPRESSWAY      (SLEX),POBLACION RIVER-ALABANG VIADUCT,X,Special / Other,23000.0
raw,RDO No. 53B - Muntinlupa City  is composed of the following Barangays:,,,7TH,NCR,,BAYANAN,SOUTH LUZON EXPRESSWAY      (SLEX),POBLACION RIVER-ALABANG VIADUCT,RR,Residential - Regular,12000.0
raw,RDO No. 53B - Muntinlupa City  is composed of the following Barangays:,,,7TH,NCR,,BAYANAN,SOUTH LUZON EXPRESSWAY      (SLEX),POBLACION RIVER-ALABANG VIADUCT,CR,Commercial - Regular,43000.0
raw,RDO No. 53B - Muntinlupa City  is composed of the following Barangays:,,,7TH,NCR,,BAYANAN,SOUTH LUZON EXPRESSWAY      (SLEX),POBLACION RIVER-ALABANG VIADUCT,I,Industrial,23000.0
raw,RDO No. 53B - Muntinlupa City  is composed of the following Barangays:,,,7TH,NCR,,BAYANAN,SOUTH LUZON EXPRESSWAY      (SLEX),POBLACION RIVER-ALABANG VIADUCT,X,Special / Other,23000.0
raw,RDO No. 53B - Muntinlupa City  is composed of the following Barangays:,,,7TH,NCR,,BAYANAN,SUMMIT CIRCLE,INT. NATIONAL ROAD,RR,Residential - Regular,6000.0
raw,RDO No. 53B - Muntinlupa City  is composed of the following Barangays:,,,7TH,NCR,,BAYANAN,SUMMIT CIRCLE,INT. NATIONAL ROAD,RR,Residential - Regular,6000.0
raw,RDO No. 53B - Muntinlupa City  is composed of the following Barangays:,,,,,,BAYANAN,SUMMIT VIL,SO EXPRESSWAY,RR,Residential - Regular,800.0
raw,RDO No. 53B - Muntinlupa City  is composed of the following Barangays:,,,,,,BAYANAN,SUMMIT VIL,SO EXPRESSWAY,RR,Residential - Regular,400.0
raw,RDO No. 53B - Muntinlupa City  is composed of the following Barangays:,,,,,,BAYANAN,SUMMIT VIL,SO EXPRESSWAY,RR,Residential - Regular,800.0
raw,RDO No. 53B - Muntinlupa City  is composed of the following Barangays:,,,,,,BAYANAN,SUMMIT VIL,SO EXPRESSWAY,RR,Residential - Regular,400.0
raw,RDO No. 53B - Muntinlupa City  is composed of the following Barangays:,,,,,,BAYANAN,SUMMITVILL,S EXPRESSWAY,RR,Residential - Regular,900.0
raw,RDO No. 53B - Muntinlupa City  is composed of the following Barangays:,,,,,,BAYANAN,SUMMITVILL,S EXPRESSWAY,RR,Residential - Regular,900.0
raw,RDO No. 53B - Muntinlupa City  is composed of the following Barangays:,,,,,,BAYANAN,SUMMITVILLE,S EXPRESSWAY,RR,Residential - Regular,2300.0
raw,RDO No. 53B - Muntinlupa City  is composed of the following Barangays:,,,,,,BAYANAN,SUMMITVILLE,S EXPRESSWAY,RR,Residential - Regular,1800.0
raw,RDO No. 53B - Muntinlupa City  is composed of the following Barangays:,,,,,,BAYANAN,SUMMITVILLE,S EXPRESSWAY,RR,Residential - Regular,1400.0
raw,RDO No. 53B - Muntinlupa City  is composed of the following Barangays:,,,,,,BAYANAN,SUMMITVILLE,S EXPRESSWAY,RR,Residential - Regular,2300.0
raw,RDO No. 53B - Muntinlupa City  is composed of the following Barangays:,,,,,,BAYANAN,SUMMITVILLE,S EXPRESSWAY,RR,Residential - Regular,1800.0
raw,RDO No. 53B - Muntinlupa City  is composed of the following Barangays:,,,,,,BAYANAN,SUMMITVILLE,S EXPRESSWAY,RR,Residential - Regular,1400.0
raw,RDO No. 53B - Muntinlupa City  is composed of the following Barangays:,,,,,,BAYANAN,SUNRISE VIL,ALONG RAILROAD,RR,Residential - Regular,250.0
raw,RDO No. 53B - Muntinlupa City  is composed of the following Barangays:,,,,,,BAYANAN,SUNRISE VIL,ALONG RAILROAD,RR,Residential - Regular,250.0
raw,RDO No. 53B - Muntinlupa City  is composed of the following Barangays:,,,,,,BAYANAN,SUNRISE VILL,ALONG RAILROAD,RR,Residential - Regular,1500.0
raw,RDO No. 53B - Muntinlupa City  is composed of the following Barangays:,,,,,,BAYANAN,SUNRISE VILL,ALONG RAILROAD,RR,Residential - Regular,1200.0
raw,RDO No. 53B - Muntinlupa City  is composed of the following Barangays:,,,,,,BAYANAN,SUNRISE VILL,ALONG RAILROAD,RR,Residential - Regular,950.0
raw,RDO No. 53B - Muntinlupa City  is composed of the following Barangays:,,,,,,BAYANAN,SUNRISE VILL,ALONG RAILROAD,RR,Residential - Regular,600.0
raw,RDO No. 53B - Muntinlupa City  is composed of the following Barangays:,,,,,,BAYANAN,SUNRISE VILL,ALONG RAILROAD,RR,Residential - Regular,500.0
raw,RDO No. 53B - Muntinlupa City  is composed of the following Barangays:,,,,,,BAYANAN,SUNRISE VILL,ALONG RAILROAD,RR,Residential - Regular,1500.0
raw,RDO No. 53B - Muntinlupa City  is composed of the following Barangays:,,,,,,BAYANAN,SUNRISE VILL,ALONG RAILROAD,RR,Residential - Regular,1200.0
raw,RDO No. 53B - Muntinlupa City  is composed of the following Barangays:,,,,,,BAYANAN,SUNRISE VILL,ALONG RAILROAD,RR,Residential - Regular,950.0
raw,RDO No. 53B - Muntinlupa City  is composed of the following Barangays:,,,,,,BAYANAN,SUNRISE VILL,ALONG RAILROAD,RR,Residential - Regular,600.0
raw,RDO No. 53B - Muntinlupa City  is composed of the following Barangays:,,,,,,BAYANAN,SUNRISE VILL,ALONG RAILROAD,RR,Residential - Regular,500.0
raw,RDO No. 53B - Muntinlupa City  is composed of the following Barangays:,,,7TH,NCR,,BAYANAN,SUNRISE VILLAGE,ALONG RAILROAD,RR,Residential - Regular,6000.0
raw,RDO No. 53B - Muntinlupa City  is composed of the following Barangays:,,,7TH,NCR,,BAYANAN,SUNRISE VILLAGE,ALONG RAILROAD,RR,Residential - Regular,6000.0
raw,RDO No. 53B - Muntinlupa City  is composed of the following Barangays:,,,,,,BAYANAN,T M ROAD,BO. PROPER,RR,Residential - Regular,1300.0
raw,RDO No. 53B - Muntinlupa City  is composed of the following Barangays:,,,,,,BAYANAN,T M ROAD,BO. PROPER,RR,Residential - Regular,1000.0
raw,RDO No. 53B - Muntinlupa City  is composed of the following Barangays:,,,,,,BAYANAN,T M ROAD,BO. PROPER,RR,Residential - Regular,800.0
raw,RDO No. 53B - Muntinlupa City  is composed of the following Barangays:,,,,,,BAYANAN,T M ROAD,BO. PROPER,RR,Residential - Regular,1300.0
raw,RDO No. 53B - Muntinlupa City  is composed of the following Barangays:,,,,,,BAYANAN,T M ROAD,BO. PROPER,RR,Residential - Regular,1000.0
raw,RDO No. 53B - Muntinlupa City  is composed of the following Barangays:,,,,,,BAYANAN,T M ROAD,BO. PROPER,RR,Residential - Regular,800.0
raw,RDO No. 53B - Muntinlupa City  is composed of the following Barangays:,,,7TH,NCR,,BAYANAN,T.M. ROAD (SAN GUUILLERMO ST.) PNR SIDE,T.M. ROAD - PNR SIDE,RR,Residential - Regular,5000.0
raw,RDO No. 53B - Muntinlupa City  is composed of the following Barangays:,,,7TH,NCR,,BAYANAN,T.M. ROAD (SAN GUUILLERMO ST.) PNR SIDE,T.M. ROAD - PNR SIDE,RR,Residential - Regular,5000.0
raw,RDO No. 53B - Muntinlupa City  is composed of the following Barangays:,,,7TH,NCR,,BAYANAN,T.M. ROAD- LAGUNA LAKESIDE,LAKESIDE- T.M. ROAD,RR,Residential - Regular,3000.0
raw,RDO No. 53B - Muntinlupa City  is composed of the following Barangays:,,,7TH,NCR,,BAYANAN,T.M. ROAD- LAGUNA LAKESIDE,LAKESIDE- T.M. ROAD,RR,Residential - Regular,3000.0
raw,RDO No. 53B - Muntinlupa City  is composed of the following Barangays:,,,,,,BULI,ALL OTHER PROPERTIES,W SERVICE RD EX,GP,General Purpose,300.0
raw,RDO No. 53B - Muntinlupa City  is composed of the following Barangays:,,,,,,BULI,ALL OTHER PROPERTIES,,GP,General Purpose,200.0
raw,RDO No. 53B - Muntinlupa City  is composed of the following Barangays:,,,,,,BULI,ALL OTHER PROPERTIES,W SERVICE RD EX,GP,General Purpose,300.0
raw,RDO No. 53B - Muntinlupa City  is composed of the following Barangays:,,,,,,BULI,ALL OTHER PROPERTIES,,GP,General Purpose,200.0
raw,RDO No. 53B - Muntinlupa City  is composed of the following Barangays:,,,,,,BULI,ALL OTHER STREETS,BO. PROPER,RR,Residential - Regular,1900.0
raw,RDO No. 53B - Muntinlupa City  is composed of the following Barangays:,,,,,,BULI,ALL OTHER STREETS,BO. PROPER,CR,Commercial - Regular,3500.0
raw,RDO No. 53B - Muntinlupa City  is composed of the following Barangays:,,,,,,BULI,ALL OTHER STREETS,BO. PROPER,GP,General Purpose,1300.0
raw,RDO No. 53B - Muntinlupa City  is composed of the following Barangays:,,,,,,BULI,ALL OTHER STREETS,BO. PROPER,RR,Residential - Regular,1500.0
raw,RDO No. 53B - Muntinlupa City  is composed of the following Barangays:,,,,,,BULI,ALL OTHER STREETS,BO. PROPER,CR,Commercial - Regular,3000.0
raw,RDO No. 53B - Muntinlupa City  is composed of the following Barangays:,,,,,,BULI,ALL OTHER STREETS,BO. PROPER,GP,General Purpose,1000.0
raw,RDO No. 53B - Muntinlupa City  is composed of the following Barangays:,,,,,,BULI,ALL OTHER STREETS,BO. PROPER,RR,Residential - Regular,1200.0
raw,RDO No. 53B - Muntinlupa City  is composed of the following Barangays:,,,,,,BULI,ALL OTHER STREETS,BO. PROPER,GP,General Purpose,800.0
raw,RDO No. 53B - Muntinlupa City  is composed of the following Barangays:,,,,,,BULI,ALL OTHER STREETS,W SERV RD EX,RR,Residential - Regular,600.0
raw,RDO No. 53B - Muntinlupa City  is composed of the following Barangays:,,,,,,BULI,ALL OTHER STREETS,W SERV RD EX,GP,General Purpose,400.0
raw,RDO No. 53B - Muntinlupa City  is composed of the following Barangays:,,,,,,BULI,ALL OTHER STREETS,BO. PROPER,RR,Residential - Regular,1900.0
raw,RDO No. 53B - Muntinlupa City  is composed of the following Barangays:,,,,,,BULI,ALL OTHER STREETS,BO. PROPER,CR,Commercial - Regular,3500.0
raw,RDO No. 53B - Muntinlupa City  is composed of the following Barangays:,,,,,,BULI,ALL OTHER STREETS,BO. PROPER,GP,General Purpose,1300.0
raw,RDO No. 53B - Muntinlupa City  is composed of the following Barangays:,,,,,,BULI,ALL OTHER STREETS,BO. PROPER,RR,Residential - Regular,1500.0
raw,RDO No. 53B - Muntinlupa City  is composed of the following Barangays:,,,,,,BULI,ALL OTHER STREETS,BO. PROPER,CR,Commercial - Regular,3000.0
raw,RDO No. 53B - Muntinlupa City  is composed of the following Barangays:,,,,,,BULI,ALL OTHER STREETS,BO. PROPER,GP,General Purpose,1000.0
raw,RDO No. 53B - Muntinlupa City  is composed of the following Barangays:,,,,,,BULI,ALL OTHER STREETS,BO. PROPER,RR,Residential - Regular,1200.0
raw,RDO No. 53B - Muntinlupa City  is composed of the following Barangays:,,,,,,BULI,ALL OTHER STREETS,BO. PROPER,GP,General Purpose,800.0
raw,RDO No. 53B - Muntinlupa City  is composed of the following Barangays:,,,,,,BULI,ALL OTHER STREETS,W SERV RD EX,RR,Residential - Regular,600.0
raw,RDO No. 53B - Muntinlupa City  is composed of the following Barangays:,,,,,,BULI,ALL OTHER STREETS,W SERV RD EX,GP,General Purpose,400.0
raw,RDO No. 53B - Muntinlupa City  is composed of the following Barangays:,,,,,,BULI,ALONG LAGUNA LAKE,TAGUIG MUNT ROAD,RR,Residential - Regular,1600.0
raw,RDO No. 53B - Muntinlupa City  is composed of the following Barangays:,,,,,,BULI,ALONG LAGUNA LAKE,TAGUIG MUNT ROAD,RR,Residential - Regular,1150.0
raw,RDO No. 53B - Muntinlupa City  is composed of the following Barangays:,,,,,,BULI,ALONG LAGUNA LAKE,TAGUIG MUNT ROAD,RR,Residential - Regular,1025.0
raw,RDO No. 53B - Muntinlupa City  is composed of the following Barangays:,,,,,,BULI,ALONG LAGUNA LAKE,TAGUIG MUNT ROAD,RR,Residential - Regular,900.0
raw,RDO No. 53B - Muntinlupa City  is composed of the following Barangays:,,,,,,BULI,ALONG LAGUNA LAKE,TAGIG MUNT RD,RR,Residential - Regular,800.0
raw,RDO No. 53B - Muntinlupa City  is composed of the following Barangays:,,,,,,BULI,ALONG LAGUNA LAKE,TAGIG MUNT RD,RR,Residential - Regular,400.0
raw,RDO No. 53B - Muntinlupa City  is composed of the following Barangays:,,,,,,BULI,ALONG LAGUNA LAKE,TAGUIG MUNT ROAD,RR,Residential - Regular,1600.0
raw,RDO No. 53B - Muntinlupa City  is composed of the following Barangays:,,,,,,BULI,ALONG LAGUNA LAKE,TAGUIG MUNT ROAD,RR,Residential - Regular,1150.0
raw,RDO No. 53B - Muntinlupa City  is composed of the following Barangays:,,,,,,BULI,ALONG LAGUNA LAKE,TAGUIG MUNT ROAD,RR,Residential - Regular,1025.0
raw,RDO No. 53B - Muntinlupa City  is composed of the following Barangays:,,,,,,BULI,ALONG LAGUNA LAKE,TAGUIG MUNT ROAD,RR,Residential - Regular,900.0
raw,RDO No. 53B - Muntinlupa City  is composed of the following Barangays:,,,,,,BULI,ALONG LAGUNA LAKE,TAGIG MUNT RD,RR,Residential - Regular,800.0
raw,RDO No. 53B - Muntinlupa City  is composed of the following Barangays:,,,,,,BULI,ALONG LAGUNA LAKE,TAGIG MUNT RD,RR,Residential - Regular,400.0
raw,RDO No. 53B - Muntinlupa City  is composed of the following Barangays:,,,7TH,NCR,,BULI,ALONG PHILIPPINE NATIONAL RAILWAYS,BARRIO PROPER,RR,Residential - Regular,6000.0
raw,RDO No. 53B - Muntinlupa City  is composed of the following Barangays:,,,7TH,NCR,,BULI,ALONG PHILIPPINE NATIONAL RAILWAYS,BARRIO PROPER,RR,Residential - Regular,6000.0
raw,RDO No. 53B - Muntinlupa City  is composed of the following Barangays:,,,,,,BULI,ALONG RAILROAD,SQUATTERS' AREA,RR,Residential - Regular,1600.0
raw,RDO No. 53B - Muntinlupa City  is composed of the following Barangays:,,,,,,BULI,ALONG RAILROAD,SQUATTERS' AREA,RR,Residential - Regular,1300.0
raw,RDO No. 53B - Muntinlupa City  is composed of the following Barangays:,,,,,,BULI,ALONG RAILROAD,SQUATTERS' AREA,RR,Residential - Regular,1000.0
raw,RDO No. 53B - Muntinlupa City  is composed of the following Barangays:,,,,,,BULI,ALONG RAILROAD,SQUATTERS' AREA,RR,Residential - Regular,600.0
raw,RDO No. 53B - Muntinlupa City  is composed of the following Barangays:,,,,,,BULI,ALONG RAILROAD,SQUATTER AREA,RR,Residential - Regular,500.0
raw,RDO No. 53B - Muntinlupa City  is composed of the following Barangays:,,,,,,BULI,ALONG RAILROAD,SQUATTER AREA,RR,Residential - Regular,250.0
raw,RDO No. 53B - Muntinlupa City  is composed of the following Barangays:,,,,,,BULI,ALONG RAILROAD,SQUATTERS' AREA,RR,Residential - Regular,1600.0
raw,RDO No. 53B - Muntinlupa City  is composed of the following Barangays:,,,,,,BULI,ALONG RAILROAD,SQUATTERS' AREA,RR,Residential - Regular,1300.0
raw,RDO No. 53B - Muntinlupa City  is composed of the following Barangays:,,,,,,BULI,ALONG RAILROAD,SQUATTERS' AREA,RR,Residential - Regular,1000.0
raw,RDO No. 53B - Muntinlupa City  is composed of the following Barangays:,,,,,,BULI,ALONG RAILROAD,SQUATTERS' AREA,RR,Residential - Regular,600.0
raw,RDO No. 53B - Muntinlupa City  is composed of the following Barangays:,,,,,,BULI,ALONG RAILROAD,SQUATTER AREA,RR,Residential - Regular,500.0
raw,RDO No. 53B - Muntinlupa City  is composed of the following Barangays:,,,,,,BULI,ALONG RAILROAD,SQUATTER AREA,RR,Residential - Regular,250.0
raw,RDO No. 53B - Muntinlupa City  is composed of the following Barangays:,,,,,,BULI,BAGONG SILANG,W SERV RD EX,RR,Residential - Regular,2300.0
raw,RDO No. 53B - Muntinlupa City  is composed of the following Barangays:,,,,,,BULI,BAGONG SILANG,W SERV RD EX,RR,Residential - Regular,1800.0
raw,RDO No. 53B - Muntinlupa City  is composed of the following Barangays:,,,,,,BULI,BAGONG SILANG,W SERV RD EX,RR,Residential - Regular,1400.0
raw,RDO No. 53B - Muntinlupa City  is composed of the following Barangays:,,,,,,BULI,BAGONG SILANG,W SERV RD EX,RR,Residential - Regular,900.0
raw,RDO No. 53B - Muntinlupa City  is composed of the following Barangays:,,,,,,BULI,BAGONG SILANG,W SERVICE RD EX,RR,Residential - Regular,800.0
raw,RDO No. 53B - Muntinlupa City  is composed of the following Barangays:,,,,,,BULI,BAGONG SILANG,W SERVICE RD EX,RR,Residential - Regular,400.0
raw,RDO No. 53B - Muntinlupa City  is composed of the following Barangays:,,,,,,BULI,BAGONG SILANG,W SERV RD EX,RR,Residential - Regular,2300.0
raw,RDO No. 53B - Muntinlupa City  is composed of the following Barangays:,,,,,,BULI,BAGONG SILANG,W SERV RD EX,RR,Residential - Regular,1800.0
raw,RDO No. 53B - Muntinlupa City  is composed of the following Barangays:,,,,,,BULI,BAGONG SILANG,W SERV RD EX,RR,Residential - Regular,1400.0
raw,RDO No. 53B - Muntinlupa City  is composed of the following Barangays:,,,,,,BULI,BAGONG SILANG,W SERV RD EX,RR,Residential - Regular,900.0
raw,RDO No. 53B - Muntinlupa City  is composed of the following Barangays:,,,,,,BULI,BAGONG SILANG,W SERVICE RD EX,RR,Residential - Regular,800.0
raw,RDO No. 53B - Muntinlupa City  is composed of the following Barangays:,,,,,,BULI,BAGONG SILANG,W SERVICE RD EX,RR,Residential - Regular,400.0
raw,RDO No. 53B - Muntinlupa City  is composed of the following Barangays:,,,7TH,NCR,,BULI,CONCEPCION ROAD,EAST SERVICE ROAD,RR,Residential - Regular,17000.0
raw,RDO No. 53B - Muntinlupa City  is composed of the following Barangays:,,,7TH,NCR,,BULI,CONCEPCION ROAD,EAST SERVICE ROAD,CR,Commercial - Regular,25000.0
raw,RDO No. 53B - Muntinlupa City  is composed of the following Barangays:,,,7TH,NCR,,BULI,CONCEPCION ROAD,EAST SERVICE ROAD,I,Industrial,23000.0
raw,RDO No. 53B - Muntinlupa City  is composed of the following Barangays:,,,7TH,NCR,,BULI,CONCEPCION ROAD,EAST SERVICE ROAD,X,Special / Other,25000.0
raw,RDO No. 53B - Muntinlupa City  is composed of the following Barangays:,,,7TH,NCR,,BULI,CONCEPCION ROAD,EAST SERVICE ROAD,RR,Residential - Regular,17000.0
raw,RDO No. 53B - Muntinlupa City  is composed of the following Barangays:,,,7TH,NCR,,BULI,CONCEPCION ROAD,EAST SERVICE ROAD,CR,Commercial - Regular,25000.0
raw,RDO No. 53B - Muntinlupa City  is composed of the following Barangays:,,,7TH,NCR,,BULI,CONCEPCION ROAD,EAST SERVICE ROAD,I,Industrial,23000.0
raw,RDO No. 53B - Muntinlupa City  is composed of the following Barangays:,,,7TH,NCR,,BULI,CONCEPCION ROAD,EAST SERVICE ROAD,X,Special / Other,25000.0
raw,RDO No. 53B - Muntinlupa City  is composed of the following Barangays:,,,7TH,NCR,,BULI,EAST SERVICE ROAD,CUPANG BDRY- BULI RIVER,RR,Residential - Regular,17000.0
raw,RDO No. 53B - Muntinlupa City  is composed of the following Barangays:,,,7TH,NCR,,BULI,EAST SERVICE ROAD,CUPANG BDRY- BULI RIVER,CR,Commercial - Regular,25000.0
raw,RDO No. 53B - Muntinlupa City  is composed of the following Barangays:,,,7TH,NCR,,BULI,EAST SERVICE ROAD,CUPANG BDRY- BULI RIVER,I,Industrial,23000.0
raw,RDO No. 53B - Muntinlupa City  is composed of the following Barangays:,,,7TH,NCR,,BULI,EAST SERVICE ROAD,CUPANG BDRY- BULI RIVER,X,Special / Other,25000.0
raw,RDO No. 53B - Muntinlupa City  is composed of the following Barangays:,,,7TH,NCR,,BULI,EAST SERVICE ROAD,CUPANG BDRY- BULI RIVER,RR,Residential - Regular,17000.0
raw,RDO No. 53B - Muntinlupa City  is composed of the following Barangays:,,,7TH,NCR,,BULI,EAST SERVICE ROAD,CUPANG BDRY- BULI RIVER,CR,Commercial - Regular,25000.0
raw,RDO No. 53B - Muntinlupa City  is composed of the following Barangays:,,,7TH,NCR,,BULI,EAST SERVICE ROAD,CUPANG BDRY- BULI RIVER,I,Industrial,23000.0
raw,RDO No. 53B - Muntinlupa City  is composed of the following Barangays:,,,7TH,NCR,,BULI,EAST SERVICE ROAD,CUPANG BDRY- BULI RIVER,X,Special / Other,25000.0
raw,RDO No. 53B - Muntinlupa City  is composed of the following Barangays:,,,7TH,NCR,,BULI,ESPELETA ST.,BARRIO PROPER,RR,Residential - Regular,6000.0
raw,RDO No. 53B - Muntinlupa City  is composed of the following Barangays:,,,7TH,NCR,,BULI,ESPELETA ST.,BARRIO PROPER,X,Special / Other,8000.0
raw,RDO No. 53B - Muntinlupa City  is composed of the following Barangays:,,,7TH,NCR,,BULI,ESPELETA ST.,BARRIO PROPER,RR,Residential - Regular,6000.0
raw,RDO No. 53B - Muntinlupa City  is composed of the following Barangays:,,,7TH,NCR,,BULI,ESPELETA ST.,BARRIO PROPER,X,Special / Other,8000.0
raw,RDO No. 53B - Muntinlupa City  is composed of the following Barangays:,,,,,,BULI,PUYAT CPD,W SERV RD EX,RR,Residential - Regular,2300.0
raw,RDO No. 53B - Muntinlupa City  is composed of the following Barangays:,,,,,,BULI,PUYAT CPD,W SERV RD EX,RR,Residential - Regular,1800.0
raw,RDO No. 53B - Muntinlupa City  is composed of the following Barangays:,,,,,,BULI,PUYAT CPD,W SERV RD EX,RR,Residential - Regular,1400.0
raw,RDO No. 53B - Muntinlupa City  is composed of the following Barangays:,,,,,,BULI,PUYAT CPD,W SERV RD EX,RR,Residential - Regular,900.0
raw,RDO No. 53B - Muntinlupa City  is composed of the following Barangays:,,,,,,BULI,PUYAT CPD,W SERVICE RD EX,RR,Residential - Regular,800.0
raw,RDO No. 53B - Muntinlupa City  is composed of the following Barangays:,,,,,,BULI,PUYAT CPD,W SERVICE RD EX,RR,Residential - Regular,400.0
raw,RDO No. 53B - Muntinlupa City  is composed of the following Barangays:,,,,,,BULI,PUYAT CPD,W SERV RD EX,RR,Residential - Regular,2300.0
raw,RDO No. 53B - Muntinlupa City  is composed of the following Barangays:,,,,,,BULI,PUYAT CPD,W SERV RD EX,RR,Residential - Regular,1800.0
raw,RDO No. 53B - Muntinlupa City  is composed of the following Barangays:,,,,,,BULI,PUYAT CPD,W SERV RD EX,RR,Residential - Regular,1400.0
raw,RDO No. 53B - Muntinlupa City  is composed of the following Barangays:,,,,,,BULI,PUYAT CPD,W SERV RD EX,RR,Residential - Regular,900.0
raw,RDO No. 53B - Muntinlupa City  is composed of the following Barangays:,,,,,,BULI,PUYAT CPD,W SERVICE RD EX,RR,Residential - Regular,800.0
raw,RDO No. 53B - Muntinlupa City  is composed of the following Barangays:,,,,,,BULI,PUYAT CPD,W SERVICE RD EX,RR,Residential - Regular,400.0
raw,RDO No. 53B - Muntinlupa City  is composed of the following Barangays:,,,,,,BULI,SOUTH EXPRESSWAY,CUPANG BDRY-BULI RIVER,RR,Residential - Regular,4300.0
raw,RDO No. 53B - Muntinlupa City  is composed of the following Barangays:,,,,,,BULI,SOUTH EXPRESSWAY,CUPANG BDRY-BULI RIVER,RR,Residential - Regular,3700.0
raw,RDO No. 53B - Muntinlupa City  is composed of the following Barangays:,,,,,,BULI,SOUTH EXPRESSWAY,CUPANG BDRY-BULI RIVER,RR,Residential - Regular,2500.0
raw,RDO No. 53B - Muntinlupa City  is composed of the following Barangays:,,,,,,BULI,SOUTH EXPRESSWAY,CUPANG BDRY-BULI RIVER,RR,Residential - Regular,4300.0
raw,RDO No. 53B - Muntinlupa City  is composed of the following Barangays:,,,,,,BULI,SOUTH EXPRESSWAY,CUPANG BDRY-BULI RIVER,RR,Residential - Regular,3700.0
raw,RDO No. 53B - Muntinlupa City  is composed of the following Barangays:,,,,,,BULI,SOUTH EXPRESSWAY,CUPANG BDRY-BULI RIVER,RR,Residential - Regular,2500.0
raw,RDO No. 53B - Muntinlupa City  is composed of the following Barangays:,,,,,,BULI,T M ROAD,BO. PROPER,RR,Residential - Regular,1400.0
raw,RDO No. 53B - Muntinlupa City  is composed of the following Barangays:,,,,,,BULI,T M ROAD,BO. PROPER,RR,Residential - Regular,1300.0
raw,RDO No. 53B - Muntinlupa City  is composed of the following Barangays:,,,,,,BULI,T M ROAD,BO. PROPER,RR,Residential - Regular,800.0
raw,RDO No. 53B - Muntinlupa City  is composed of the following Barangays:,,,,,,BULI,T M ROAD,BO. PROPER,RR,Residential - Regular,1400.0
raw,RDO No. 53B - Muntinlupa City  is composed of the following Barangays:,,,,,,BULI,T M ROAD,BO. PROPER,RR,Residential - Regular,1300.0
raw,RDO No. 53B - Muntinlupa City  is composed of the following Barangays:,,,,,,BULI,T M ROAD,BO. PROPER,RR,Residential - Regular,800.0
raw,RDO No. 53B - Muntinlupa City  is composed of the following Barangays:,,,,,,CONDOMINIUMS,TOWNHOUSES,,RC,Residential - Condominium,12000.0
raw,RDO No. 53B - Muntinlupa City  is composed of the following Barangays:,,,,,,CONDOMINIUMS,TOWNHOUSES,,RC,Residential - Condominium,12000.0
raw,RDO No. 53B - Muntinlupa City  is composed of the following Barangays:,,,,,,CUPANG,ALABANG 400,SAN JOSE SUBD,RR,Residential - Regular,2500.0
raw,RDO No. 53B - Muntinlupa City  is composed of the following Barangays:,,,,,,CUPANG,ALABANG 400,SAN JOSE SUBD.,RR,Residential - Regular,2500.0
raw,RDO No. 53B - Muntinlupa City  is composed of the following Barangays:,,,,,,CUPANG,ALABANG 400,SAN JOSE SUBD,RR,Residential - Regular,600.0
raw,RDO No. 53B - Muntinlupa City  is composed of the following Barangays:,,,,,,CUPANG,ALABANG 400,SAN JOSE SUBD,RR,Residential - Regular,2500.0
raw,RDO No. 53B - Muntinlupa City  is composed of the following Barangays:,,,,,,CUPANG,ALABANG 400,SAN JOSE SUBD.,RR,Residential - Regular,2500.0
raw,RDO No. 53B - Muntinlupa City  is composed of the following Barangays:,,,,,,CUPANG,ALABANG 400,SAN JOSE SUBD,RR,Residential - Regular,600.0
raw,RDO No. 53B - Muntinlupa City  is composed of the following Barangays:,,,7TH,NCR,,CUPANG,ALABANG 400 VILLAGE SUBD,DON JESUS BLVD,RR,Residential - Regular,20000.0
raw,RDO No. 53B - Muntinlupa City  is composed of the following Barangays:,,,7TH,NCR,,CUPANG,ALABANG 400 VILLAGE SUBD,DON JESUS BLVD,RR,Residential - Regular,20000.0
raw,RDO No. 53B - Muntinlupa City  is composed of the following Barangays:,,,,,,CUPANG,ALABANG HILLS,ST BENEDICTINE,RR,Residential - Regular,8000.0
raw,RDO No. 53B - Muntinlupa City  is composed of the following Barangays:,,,,,,CUPANG,ALABANG HILLS,ST BENEDICTINE,RR,Residential - Regular,6000.0
raw,RDO No. 53B - Muntinlupa City  is composed of the following Barangays:,,,,,,CUPANG,ALABANG HILLS,ST BENEDICTINE,RR,Residential - Regular,2700.0
raw,RDO No. 53B - Muntinlupa City  is composed of the following Barangays:,,,,,,CUPANG,ALABANG HILLS,ST BENEDICTINE,RR,Residential - Regular,2200.0
raw,RDO No. 53B - Muntinlupa City  is composed of the following Barangays:,,,,,,CUPANG,ALABANG HILLS,SAN JOSE SUBD,RR,Residential - Regular,2200.0
raw,RDO No. 53B - Muntinlupa City  is composed of the following Barangays:,,,,,,CUPANG,ALABANG HILLS,ST BENEDICTINE,RR,Residential - Regular,2000.0
raw,RDO No. 53B - Muntinlupa City  is composed of the following Barangays:,,,,,,CUPANG,ALABANG HILLS,SAN JOSE SUBD.,RR,Residential - Regular,2000.0
raw,RDO No. 53B - Muntinlupa City  is composed of the following Barangays:,,,,,,CUPANG,ALABANG HILLS,ST BENEDICTINE,RR,Residential - Regular,550.0
raw,RDO No. 53B - Muntinlupa City  is composed of the following Barangays:,,,,,,CUPANG,ALABANG HILLS,SAN JOSE SUBD,RR,Residential - Regular,550.0
raw,RDO No. 53B - Muntinlupa City  is composed of the following Barangays:,,,,,,CUPANG,ALABANG HILLS,ST BENEDICTINE,RR,Residential - Regular,8000.0
raw,RDO No. 53B - Muntinlupa City  is composed of the following Barangays:,,,,,,CUPANG,ALABANG HILLS,ST BENEDICTINE,RR,Residential - Regular,6000.0
raw,RDO No. 53B - Muntinlupa City  is composed of the following Barangays:,,,,,,CUPANG,ALABANG HILLS,ST BENEDICTINE,RR,Residential - Regular,2700.0
raw,RDO No. 53B - Muntinlupa City  is composed of the following Barangays:,,,,,,CUPANG,ALABANG HILLS,ST BENEDICTINE,RR,Residential - Regular,2200.0
raw,RDO No. 53B - Muntinlupa City  is composed of the following Barangays:,,,,,,CUPANG,ALABANG HILLS,SAN JOSE SUBD,RR,Residential - Regular,2200.0
raw,RDO No. 53B - Muntinlupa City  is composed of the following Barangays:,,,,,,CUPANG,ALABANG HILLS,ST BENEDICTINE,RR,Residential - Regular,2000.0
raw,RDO No. 53B - Muntinlupa City  is composed of the following Barangays:,,,,,,CUPANG,ALABANG HILLS,SAN JOSE SUBD.,RR,Residential - Regular,2000.0
raw,RDO No. 53B - Muntinlupa City  is composed of the following Barangays:,,,,,,CUPANG,ALABANG HILLS,ST BENEDICTINE,RR,Residential - Regular,550.0
raw,RDO No. 53B - Muntinlupa City  is composed of the following Barangays:,,,,,,CUPANG,ALABANG HILLS,SAN JOSE SUBD,RR,Residential - Regular,550.0
raw,RDO No. 53B - Muntinlupa City  is composed of the following Barangays:,,,7TH,NCR,,CUPANG,ALABANG HILLS VILLAGE SUBD,ST BENEDICTINE,RR,Residential - Regular,28000.0
raw,RDO No. 53B - Muntinlupa City  is composed of the following Barangays:,,,7TH,NCR,,CUPANG,ALABANG HILLS VILLAGE SUBD,ST BENEDICTINE,RR,Residential - Regular,28000.0
raw,RDO No. 53B - Muntinlupa City  is composed of the following Barangays:,,,7TH,NCR,,CUPANG,ALABANG HILLSBOROUGH,ALABANG HILLS,RR,Residential - Regular,28000.0
raw,RDO No. 53B - Muntinlupa City  is composed of the following Barangays:,,,7TH,NCR,,CUPANG,ALABANG HILLSBOROUGH,ALABANG HILLS,X,Special / Other,28000.0
raw,RDO No. 53B - Muntinlupa City  is composed of the following Barangays:,,,7TH,NCR,,CUPANG,ALABANG HILLSBOROUGH,ALABANG HILLS,RR,Residential - Regular,28000.0
raw,RDO No. 53B - Muntinlupa City  is composed of the following Barangays:,,,7TH,NCR,,CUPANG,ALABANG HILLSBOROUGH,ALABANG HILLS,X,Special / Other,28000.0
raw,RDO No. 53B - Muntinlupa City  is composed of the following Barangays:,,,7TH,NCR,,CUPANG,ALABANG-ZAPOTE ROAD,ALABANG HILLS,CR,Commercial - Regular,60000.0
raw,RDO No. 53B - Muntinlupa City  is composed of the following Barangays:,,,7TH,NCR,,CUPANG,ALABANG-ZAPOTE ROAD,ALABANG HILLS,X,Special / Other,60000.0
raw,RDO No. 53B - Muntinlupa City  is composed of the following Barangays:,,,7TH,NCR,,CUPANG,ALABANG-ZAPOTE ROAD,ALABANG HILLS,CR,Commercial - Regular,60000.0
raw,RDO No. 53B - Muntinlupa City  is composed of the following Barangays:,,,7TH,NCR,,CUPANG,ALABANG-ZAPOTE ROAD,ALABANG HILLS,X,Special / Other,60000.0
raw,RDO No. 53B - Muntinlupa City  is composed of the following Barangays:,,,,,,CUPANG,ALL OTHER PROPERTIES,EXPRESSSWAY,GP,General Purpose,300.0
raw,RDO No. 53B - Muntinlupa City  is composed of the following Barangays:,,,,,,CUPANG,ALL OTHER PROPERTIES,,GP,General Purpose,200.0
raw,RDO No. 53B - Muntinlupa City  is composed of the following Barangays:,,,,,,CUPANG,ALL OTHER PROPERTIES,EXPRESSSWAY,GP,General Purpose,300.0
raw,RDO No. 53B - Muntinlupa City  is composed of the following Barangays:,,,,,,CUPANG,ALL OTHER PROPERTIES,,GP,General Purpose,200.0
raw,RDO No. 53B - Muntinlupa City  is composed of the following Barangays:,,,7TH,NCR,,CUPANG,ALL OTHER STREETS,CUPANG RIVER - BULI RIVER,RR,Residential - Regular,8000.0
raw,RDO No. 53B - Muntinlupa City  is composed of the following Barangays:,,,7TH,NCR,,CUPANG,ALL OTHER STREETS,CUPANG RIVER - BULI RIVER,CR,Commercial - Regular,25000.0
raw,RDO No. 53B - Muntinlupa City  is composed of the following Barangays:,,,7TH,NCR,,CUPANG,ALL OTHER STREETS,CUPANG RIVER - BULI RIVER,I,Industrial,23000.0
raw,RDO No. 53B - Muntinlupa City  is composed of the following Barangays:,,,7TH,NCR,,CUPANG,ALL OTHER STREETS,CUPANG RIVER - BULI RIVER,X,Special / Other,8000.0
raw,RDO No. 53B - Muntinlupa City  is composed of the following Barangays:,,,,,,CUPANG,ALL OTHER STREETS,EXPRESSSWAY,RR,Residential - Regular,1900.0
raw,RDO No. 53B - Muntinlupa City  is composed of the following Barangays:,,,,,,CUPANG,ALL OTHER STREETS,EXPRESSSWAY,CR,Commercial - Regular,3500.0
raw,RDO No. 53B - Muntinlupa City  is composed of the following Barangays:,,,,,,CUPANG,ALL OTHER STREETS,EXPRESSSWAY,RR,Residential - Regular,1500.0
raw,RDO No. 53B - Muntinlupa City  is composed of the following Barangays:,,,,,,CUPANG,ALL OTHER STREETS,EXPRESSSWAY,CR,Commercial - Regular,3000.0
raw,RDO No. 53B - Muntinlupa City  is composed of the following Barangays:,,,,,,CUPANG,ALL OTHER STREETS,EXPRESSSWAY,RR,Residential - Regular,700.0
raw,RDO No. 53B - Muntinlupa City  is composed of the following Barangays:,,,,,,CUPANG,ALL OTHER STREETS,EXPRESSSWAY,CR,Commercial - Regular,3000.0
raw,RDO No. 53B - Muntinlupa City  is composed of the following Barangays:,,,,,,CUPANG,ALL OTHER STREETS,EXPRESSSWAY,GP,General Purpose,500.0
raw,RDO No. 53B - Muntinlupa City  is composed of the following Barangays:,,,7TH,NCR,,CUPANG,ALL OTHER STREETS,CUPANG RIVER - BULI RIVER,RR,Residential - Regular,8000.0
raw,RDO No. 53B - Muntinlupa City  is composed of the following Barangays:,,,7TH,NCR,,CUPANG,ALL OTHER STREETS,CUPANG RIVER - BULI RIVER,CR,Commercial - Regular,25000.0
raw,RDO No. 53B - Muntinlupa City  is composed of the following Barangays:,,,7TH,NCR,,CUPANG,ALL OTHER STREETS,CUPANG RIVER - BULI RIVER,I,Industrial,23000.0
raw,RDO No. 53B - Muntinlupa City  is composed of the following Barangays:,,,7TH,NCR,,CUPANG,ALL OTHER STREETS,CUPANG RIVER - BULI RIVER,X,Special / Other,8000.0
raw,RDO No. 53B - Muntinlupa City  is composed of the following Barangays:,,,,,,CUPANG,ALL OTHER STREETS,EXPRESSSWAY,RR,Residential - Regular,1900.0
raw,RDO No. 53B - Muntinlupa City  is composed of the following Barangays:,,,,,,CUPANG,ALL OTHER STREETS,EXPRESSSWAY,CR,Commercial - Regular,3500.0
raw,RDO No. 53B - Muntinlupa City  is composed of the following Barangays:,,,,,,CUPANG,ALL OTHER STREETS,EXPRESSSWAY,RR,Residential - Regular,1500.0
raw,RDO No. 53B - Muntinlupa City  is composed of the following Barangays:,,,,,,CUPANG,ALL OTHER STREETS,EXPRESSSWAY,CR,Commercial - Regular,3000.0
raw,RDO No. 53B - Muntinlupa City  is composed of the following Barangays:,,,,,,CUPANG,ALL OTHER STREETS,EXPRESSSWAY,RR,Residential - Regular,700.0
raw,RDO No. 53B - Muntinlupa City  is composed of the following Barangays:,,,,,,CUPANG,ALL OTHER STREETS,EXPRESSSWAY,CR,Commercial - Regular,3000.0
raw,RDO No. 53B - Muntinlupa City  is composed of the following Barangays:,,,,,,CUPANG,ALL OTHER STREETS,EXPRESSSWAY,GP,General Purpose,500.0
raw,RDO No. 53B - Muntinlupa City  is composed of the following Barangays:,,,7TH,NCR,,CUPANG,ALONG PHILIPPINE NATIONAL RAILWAYS,ALABANG HILLS,RR,Residential - Regular,8000.0
raw,RDO No. 53B - Muntinlupa City  is composed of the following Barangays:,,,7TH,NCR,,CUPANG,ALONG PHILIPPINE NATIONAL RAILWAYS,ALABANG HILLS,RR,Residential - Regular,8000.0
raw,RDO No. 53B - Muntinlupa City  is composed of the following Barangays:,,,7TH,NCR,,CUPANG,ASIA ENCLAVES CONDO,WEST SERVICE ROAD,RC,Residential - Condominium,55000.0
raw,RDO No. 53B - Muntinlupa City  is composed of the following Barangays:,,,7TH,NCR,,CUPANG,ASIA ENCLAVES CONDO,WEST SERVICE ROAD,CC,Commercial - Condominium,65000.0
raw,RDO No. 53B - Muntinlupa City  is composed of the following Barangays:,,,7TH,NCR,,CUPANG,ASIA ENCLAVES CONDO,WEST SERVICE ROAD,PS,Parking Slot / Private School,48000.0
raw,RDO No. 53B - Muntinlupa City  is composed of the following Barangays:,,,7TH,NCR,,CUPANG,ASIA ENCLAVES CONDO,WEST SERVICE ROAD,RC,Residential - Condominium,55000.0
raw,RDO No. 53B - Muntinlupa City  is composed of the following Barangays:,,,7TH,NCR,,CUPANG,ASIA ENCLAVES CONDO,WEST SERVICE ROAD,CC,Commercial - Condominium,65000.0
raw,RDO No. 53B - Muntinlupa City  is composed of the following Barangays:,,,7TH,NCR,,CUPANG,ASIA ENCLAVES CONDO,WEST SERVICE ROAD,PS,Parking Slot / Private School,48000.0
raw,RDO No. 53B - Muntinlupa City  is composed of the following Barangays:,,,7TH,NCR,,CUPANG,AVIDA TOWERS ALABANG,ALABANG-ZAPOTE RD,RC,Residential - Condominium,55000.0
raw,RDO No. 53B - Muntinlupa City  is composed of the following Barangays:,,,7TH,NCR,,CUPANG,AVIDA TOWERS ALABANG,ALABANG-ZAPOTE RD,CC,Commercial - Condominium,65000.0
raw,RDO No. 53B - Muntinlupa City  is composed of the following Barangays:,,,7TH,NCR,,CUPANG,AVIDA TOWERS ALABANG,ALABANG-ZAPOTE RD,PS,Parking Slot / Private School,48000.0
raw,RDO No. 53B - Muntinlupa City  is composed of the following Barangays:,,,7TH,NCR,,CUPANG,AVIDA TOWERS ALABANG,ALABANG-ZAPOTE RD,RC,Residential - Condominium,55000.0
raw,RDO No. 53B - Muntinlupa City  is composed of the following Barangays:,,,7TH,NCR,,CUPANG,AVIDA TOWERS ALABANG,ALABANG-ZAPOTE RD,CC,Commercial - Condominium,65000.0
raw,RDO No. 53B - Muntinlupa City  is composed of the following Barangays:,,,7TH,NCR,,CUPANG,AVIDA TOWERS ALABANG,ALABANG-ZAPOTE RD,PS,Parking Slot / Private School,48000.0
raw,RDO No. 53B - Muntinlupa City  is composed of the following Barangays:,,,,,,CUPANG,BF HOMES  P-VI,ALABANG HILLS,RR,Residential - Regular,5050.0
raw,RDO No. 53B - Muntinlupa City  is composed of the following Barangays:,,,,,,CUPANG,BF HOMES  P-VI,ALABANG HILLS,RR,Residential - Regular,4100.0
raw,RDO No. 53B - Muntinlupa City  is composed of the following Barangays:,,,,,,CUPANG,BF HOMES  P-VI,ALABANG HILLS,RR,Residential - Regular,2700.0
raw,RDO No. 53B - Muntinlupa City  is composed of the following Barangays:,,,,,,CUPANG,BF HOMES  P-VI,ALABANG HILLS,RR,Residential - Regular,2200.0
raw,RDO No. 53B - Muntinlupa City  is composed of the following Barangays:,,,,,,CUPANG,BF HOMES  P-VI,ALABANG HILLS,RR,Residential - Regular,5050.0
raw,RDO No. 53B - Muntinlupa City  is composed of the following Barangays:,,,,,,CUPANG,BF HOMES  P-VI,ALABANG HILLS,RR,Residential - Regular,4100.0
raw,RDO No. 53B - Muntinlupa City  is composed of the following Barangays:,,,,,,CUPANG,BF HOMES  P-VI,ALABANG HILLS,RR,Residential - Regular,2700.0
raw,RDO No. 53B - Muntinlupa City  is composed of the following Barangays:,,,,,,CUPANG,BF HOMES  P-VI,ALABANG HILLS,RR,Residential - Regular,2200.0
raw,RDO No. 53B - Muntinlupa City  is composed of the following Barangays:,,,,,,CUPANG,BF HOMES  PH VI,ALABANG HILLS,RR,Residential - Regular,1500.0
raw,RDO No. 53B - Muntinlupa City  is composed of the following Barangays:,,,,,,CUPANG,BF HOMES  PH VI,ALABANG HILLS,RR,Residential - Regular,450.0
raw,RDO No. 53B - Muntinlupa City  is composed of the following Barangays:,,,,,,CUPANG,BF HOMES  PH VI,ALABANG HILLS,RR,Residential - Regular,1500.0
raw,RDO No. 53B - Muntinlupa City  is composed of the following Barangays:,,,,,,CUPANG,BF HOMES  PH VI,ALABANG HILLS,RR,Residential - Regular,450.0
raw,RDO No. 53B - Muntinlupa City  is composed of the following Barangays:,,,7TH,NCR,,CUPANG,BF HOMES  SUBD PHASE 6,ALABANG HILLS,RR,Residential - Regular,15000.0
raw,RDO No. 53B - Muntinlupa City  is composed of the following Barangays:,,,7TH,NCR,,CUPANG,BF HOMES  SUBD PHASE 6,ALABANG HILLS,RR,Residential - Regular,15000.0
raw,RDO No. 53B - Muntinlupa City  is composed of the following Barangays:,,,,,,CUPANG,BUNYI CPD,LIBERTY HOMES,RR,Residential - Regular,1900.0
raw,RDO No. 53B - Muntinlupa City  is composed of the following Barangays:,,,,,,CUPANG,BUNYI CPD,LIBERTY HOMES,RR,Residential - Regular,1600.0
raw,RDO No. 53B - Muntinlupa City  is composed of the following Barangays:,,,,,,CUPANG,BUNYI CPD,LIBERTY HOMES,RR,Residential - Regular,1100.0
raw,RDO No. 53B - Muntinlupa City  is composed of the following Barangays:,,,,,,CUPANG,BUNYI CPD,LIBERTY HOMES,RR,Residential - Regular,700.0
raw,RDO No. 53B - Muntinlupa City  is composed of the following Barangays:,,,,,,CUPANG,BUNYI CPD,LIBERTY HOMES,RR,Residential - Regular,600.0
raw,RDO No. 53B - Muntinlupa City  is composed of the following Barangays:,,,,,,CUPANG,BUNYI CPD,LIBERTY HOMES,RR,Residential - Regular,300.0
raw,RDO No. 53B - Muntinlupa City  is composed of the following Barangays:,,,,,,CUPANG,BUNYI CPD,LIBERTY HOMES,RR,Residential - Regular,1900.0
raw,RDO No. 53B - Muntinlupa City  is composed of the following Barangays:,,,,,,CUPANG,BUNYI CPD,LIBERTY HOMES,RR,Residential - Regular,1600.0
raw,RDO No. 53B - Muntinlupa City  is composed of the following Barangays:,,,,,,CUPANG,BUNYI CPD,LIBERTY HOMES,RR,Residential - Regular,1100.0
raw,RDO No. 53B - Muntinlupa City  is composed of the following Barangays:,,,,,,CUPANG,BUNYI CPD,LIBERTY HOMES,RR,Residential - Regular,700.0
raw,RDO No. 53B - Muntinlupa City  is composed of the following Barangays:,,,,,,CUPANG,BUNYI CPD,LIBERTY HOMES,RR,Residential - Regular,600.0
raw,RDO No. 53B - Muntinlupa City  is composed of the following Barangays:,,,,,,CUPANG,BUNYI CPD,LIBERTY HOMES,RR,Residential - Regular,300.0
raw,RDO No. 53B - Muntinlupa City  is composed of the following Barangays:,,,,,,CUPANG,CABEZAS CPD,TAGUIG MUNT,RR,Residential - Regular,2000.0
raw,RDO No. 53B - Muntinlupa City  is composed of the following Barangays:,,,,,,CUPANG,CABEZAS CPD,TAGUIG MUNT,RR,Residential - Regular,1700.0
raw,RDO No. 53B - Muntinlupa City  is composed of the following Barangays:,,,,,,CUPANG,CABEZAS CPD,TAGUIG MUNT,RR,Residential - Regular,1200.0
raw,RDO No. 53B - Muntinlupa City  is composed of the following Barangays:,,,,,,CUPANG,CABEZAS CPD,TAGUIG MUNT,RR,Residential - Regular,700.0
raw,RDO No. 53B - Muntinlupa City  is composed of the following Barangays:,,,,,,CUPANG,CABEZAS CPD,TAGUIG MUNT RD,RR,Residential - Regular,600.0
raw,RDO No. 53B - Muntinlupa City  is composed of the following Barangays:,,,,,,CUPANG,CABEZAS CPD,TAGUIG MUNT RD,RR,Residential - Regular,300.0
raw,RDO No. 53B - Muntinlupa City  is composed of the following Barangays:,,,,,,CUPANG,CABEZAS CPD,TAGUIG MUNT,RR,Residential - Regular,2000.0
raw,RDO No. 53B - Muntinlupa City  is composed of the following Barangays:,,,,,,CUPANG,CABEZAS CPD,TAGUIG MUNT,RR,Residential - Regular,1700.0
raw,RDO No. 53B - Muntinlupa City  is composed of the following Barangays:,,,,,,CUPANG,CABEZAS CPD,TAGUIG MUNT,RR,Residential - Regular,1200.0
raw,RDO No. 53B - Muntinlupa City  is composed of the following Barangays:,,,,,,CUPANG,CABEZAS CPD,TAGUIG MUNT,RR,Residential - Regular,700.0
raw,RDO No. 53B - Muntinlupa City  is composed of the following Barangays:,,,,,,CUPANG,CABEZAS CPD,TAGUIG MUNT RD,RR,Residential - Regular,600.0
raw,RDO No. 53B - Muntinlupa City  is composed of the following Barangays:,,,,,,CUPANG,CABEZAS CPD,TAGUIG MUNT RD,RR,Residential - Regular,300.0
raw,RDO No. 53B - Muntinlupa City  is composed of the following Barangays:,,,7TH,NCR,,CUPANG,CAPRI CONDO,CUPANG RIVER - BULI RIVER,RC,Residential - Condominium,30000.0
raw,RDO No. 53B - Muntinlupa City  is composed of the following Barangays:,,,7TH,NCR,,CUPANG,CAPRI CONDO,CUPANG RIVER - BULI RIVER,PS,Parking Slot / Private School,25000.0
raw,RDO No. 53B - Muntinlupa City  is composed of the following Barangays:,,,7TH,NCR,,CUPANG,CAPRI CONDO,CUPANG RIVER - BULI RIVER,RC,Residential - Condominium,30000.0
raw,RDO No. 53B - Muntinlupa City  is composed of the following Barangays:,,,7TH,NCR,,CUPANG,CAPRI CONDO,CUPANG RIVER - BULI RIVER,PS,Parking Slot / Private School,25000.0
raw,RDO No. 53B - Muntinlupa City  is composed of the following Barangays:,,,,,,CUPANG,CARMINA CPD,EAST SERVICE ROAD,RR,Residential - Regular,2100.0
raw,RDO No. 53B - Muntinlupa City  is composed of the following Barangays:,,,,,,CUPANG,CARMINA CPD,EAST SERVICE ROAD,RR,Residential - Regular,1700.0
raw,RDO No. 53B - Muntinlupa City  is composed of the following Barangays:,,,,,,CUPANG,CARMINA CPD,EAST SERVICE ROAD,RR,Residential - Regular,1250.0
raw,RDO No. 53B - Muntinlupa City  is composed of the following Barangays:,,,,,,CUPANG,CARMINA CPD,EAST SERVICE ROAD,RR,Residential - Regular,800.0
raw,RDO No. 53B - Muntinlupa City  is composed of the following Barangays:,,,,,,CUPANG,CARMINA CPD,E SERVICE RD EX,RR,Residential - Regular,700.0
raw,RDO No. 53B - Muntinlupa City  is composed of the following Barangays:,,,,,,CUPANG,CARMINA CPD,E SERVICE RD EX,RR,Residential - Regular,350.0
raw,RDO No. 53B - Muntinlupa City  is composed of the following Barangays:,,,,,,CUPANG,CARMINA CPD,EAST SERVICE ROAD,RR,Residential - Regular,2100.0
raw,RDO No. 53B - Muntinlupa City  is composed of the following Barangays:,,,,,,CUPANG,CARMINA CPD,EAST SERVICE ROAD,RR,Residential - Regular,1700.0
raw,RDO No. 53B - Muntinlupa City  is composed of the following Barangays:,,,,,,CUPANG,CARMINA CPD,EAST SERVICE ROAD,RR,Residential - Regular,1250.0
raw,RDO No. 53B - Muntinlupa City  is composed of the following Barangays:,,,,,,CUPANG,CARMINA CPD,EAST SERVICE ROAD,RR,Residential - Regular,800.0
raw,RDO No. 53B - Muntinlupa City  is composed of the following Barangays:,,,,,,CUPANG,CARMINA CPD,E SERVICE RD EX,RR,Residential - Regular,700.0
raw,RDO No. 53B - Muntinlupa City  is composed of the following Barangays:,,,,,,CUPANG,CARMINA CPD,E SERVICE RD EX,RR,Residential - Regular,350.0
raw,RDO No. 53B - Muntinlupa City  is composed of the following Barangays:,,,7TH,NCR,,CUPANG,DON JESUS BLVD.,WEST SERVICE ROAD,CR,Commercial - Regular,30000.0
raw,RDO No. 53B - Muntinlupa City  is composed of the following Barangays:,,,7TH,NCR,,CUPANG,DON JESUS BLVD.,WEST SERVICE ROAD,X,Special / Other,30000.0
raw,RDO No. 53B - Muntinlupa City  is composed of the following Barangays:,,,7TH,NCR,,CUPANG,DON JESUS BLVD.,WEST SERVICE ROAD,CR,Commercial - Regular,30000.0
raw,RDO No. 53B - Muntinlupa City  is composed of the following Barangays:,,,7TH,NCR,,CUPANG,DON JESUS BLVD.,WEST SERVICE ROAD,X,Special / Other,30000.0
raw,RDO No. 53B - Muntinlupa City  is composed of the following Barangays:,,,7TH,NCR,,CUPANG,DON MANOLO BLVD,ALABANG - ZAPOTE ROAD- DON JESUS BLVD,RR,Residential - Regular,28000.0
raw,RDO No. 53B - Muntinlupa City  is composed of the following Barangays:,,,7TH,NCR,,CUPANG,DON MANOLO BLVD,ALABANG - ZAPOTE ROAD- DON JESUS BLVD,X,Special / Other,28000.0
raw,RDO No. 53B - Muntinlupa City  is composed of the following Barangays:,,,7TH,NCR,,CUPANG,DON MANOLO BLVD,ALABANG - ZAPOTE ROAD- DON JESUS BLVD,RR,Residential - Regular,28000.0
raw,RDO No. 53B - Muntinlupa City  is composed of the following Barangays:,,,7TH,NCR,,CUPANG,DON MANOLO BLVD,ALABANG - ZAPOTE ROAD- DON JESUS BLVD,X,Special / Other,28000.0
raw,RDO No. 53B - Muntinlupa City  is composed of the following Barangays:,,,,,,CUPANG,EAST KABULUSAN,SO EXPRESSWAY,RR,Residential - Regular,800.0
raw,RDO No. 53B - Muntinlupa City  is composed of the following Barangays:,,,,,,CUPANG,EAST KABULUSAN,SO EXPRESSWAY,RR,Residential - Regular,400.0
raw,RDO No. 53B - Muntinlupa City  is composed of the following Barangays:,,,,,,CUPANG,EAST KABULUSAN,SO EXPRESSWAY,RR,Residential - Regular,800.0
raw,RDO No. 53B - Muntinlupa City  is composed of the following Barangays:,,,,,,CUPANG,EAST KABULUSAN,SO EXPRESSWAY,RR,Residential - Regular,400.0
raw,RDO No. 53B - Muntinlupa City  is composed of the following Barangays:,,,,,,CUPANG,EAST MABULUSAN,S EXPRESSWAY,RR,Residential - Regular,2800.0
raw,RDO No. 53B - Muntinlupa City  is composed of the following Barangays:,,,,,,CUPANG,EAST MABULUSAN,S EXPRESSWAY,RR,Residential - Regular,2800.0
raw,RDO No. 53B - Muntinlupa City  is composed of the following Barangays:,,,,,,CUPANG,EAST MABULUSAN,S EXPRESSWAY,RR,Residential - Regular,1400.0
raw,RDO No. 53B - Muntinlupa City  is composed of the following Barangays:,,,,,,CUPANG,EAST MABULUSAN,S EXPRESSWAY,RR,Residential - Regular,900.0
raw,RDO No. 53B - Muntinlupa City  is composed of the following Barangays:,,,,,,CUPANG,EAST MABULUSAN,S EXPRESSWAY,RR,Residential - Regular,2800.0
raw,RDO No. 53B - Muntinlupa City  is composed of the following Barangays:,,,,,,CUPANG,EAST MABULUSAN,S EXPRESSWAY,RR,Residential - Regular,2800.0
raw,RDO No. 53B - Muntinlupa City  is composed of the following Barangays:,,,,,,CUPANG,EAST MABULUSAN,S EXPRESSWAY,RR,Residential - Regular,1400.0
raw,RDO No. 53B - Muntinlupa City  is composed of the following Barangays:,,,,,,CUPANG,EAST MABULUSAN,S EXPRESSWAY,RR,Residential - Regular,900.0
raw,RDO No. 53B - Muntinlupa City  is composed of the following Barangays:,,,7TH,NCR,,CUPANG,EAST SERVICE ROAD,CUPANG RIVER-BULI RIVER,RR,Residential - Regular,20000.0
raw,RDO No. 53B - Muntinlupa City  is composed of the following Barangays:,,,7TH,NCR,,CUPANG,EAST SERVICE ROAD,CUPANG RIVER-BULI RIVER,CR,Commercial - Regular,25000.0
raw,RDO No. 53B - Muntinlupa City  is composed of the following Barangays:,,,7TH,NCR,,CUPANG,EAST SERVICE ROAD,CUPANG RIVER-BULI RIVER,I,Industrial,23000.0
raw,RDO No. 53B - Muntinlupa City  is composed of the following Barangays:,,,7TH,NCR,,CUPANG,EAST SERVICE ROAD,CUPANG RIVER-BULI RIVER,X,Special / Other,25000.0
raw,RDO No. 53B - Muntinlupa City  is composed of the following Barangays:,,,7TH,NCR,,CUPANG,EAST SERVICE ROAD,CUPANG RIVER-BULI RIVER,RR,Residential - Regular,20000.0
raw,RDO No. 53B - Muntinlupa City  is composed of the following Barangays:,,,7TH,NCR,,CUPANG,EAST SERVICE ROAD,CUPANG RIVER-BULI RIVER,CR,Commercial - Regular,25000.0
raw,RDO No. 53B - Muntinlupa City  is composed of the following Barangays:,,,7TH,NCR,,CUPANG,EAST SERVICE ROAD,CUPANG RIVER-BULI RIVER,I,Industrial,23000.0
raw,RDO No. 53B - Muntinlupa City  is composed of the following Barangays:,,,7TH,NCR,,CUPANG,EAST SERVICE ROAD,CUPANG RIVER-BULI RIVER,X,Special / Other,25000.0
raw,RDO No. 53B - Muntinlupa City  is composed of the following Barangays:,,,,,,CUPANG,EMBASSY VIL,SO EXPRESSWAY,RR,Residential - Regular,1000.0
raw,RDO No. 53B - Muntinlupa City  is composed of the following Barangays:,,,,,,CUPANG,EMBASSY VIL,SO EXPRESSWAY,RR,Residential - Regular,500.0
raw,RDO No. 53B - Muntinlupa City  is composed of the following Barangays:,,,,,,CUPANG,EMBASSY VIL,SO EXPRESSWAY,RR,Residential - Regular,1000.0
raw,RDO No. 53B - Muntinlupa City  is composed of the following Barangays:,,,,,,CUPANG,EMBASSY VIL,SO EXPRESSWAY,RR,Residential - Regular,500.0
raw,RDO No. 53B - Muntinlupa City  is composed of the following Barangays:,,,,,,CUPANG,EMBASSY VILL,S EXPRESSWAY,RR,Residential - Regular,3150.0
raw,RDO No. 53B - Muntinlupa City  is composed of the following Barangays:,,,,,,CUPANG,EMBASSY VILL,S EXPRESSWAY,RR,Residential - Regular,3000.0
raw,RDO No. 53B - Muntinlupa City  is composed of the following Barangays:,,,,,,CUPANG,EMBASSY VILL,S EXPRESSWAY,RR,Residential - Regular,1700.0
raw,RDO No. 53B - Muntinlupa City  is composed of the following Barangays:,,,,,,CUPANG,EMBASSY VILL,S EXPRESSWAY,RR,Residential - Regular,1100.0
raw,RDO No. 53B - Muntinlupa City  is composed of the following Barangays:,,,,,,CUPANG,EMBASSY VILL,S EXPRESSWAY,RR,Residential - Regular,3150.0
raw,RDO No. 53B - Muntinlupa City  is composed of the following Barangays:,,,,,,CUPANG,EMBASSY VILL,S EXPRESSWAY,RR,Residential - Regular,3000.0
raw,RDO No. 53B - Muntinlupa City  is composed of the following Barangays:,,,,,,CUPANG,EMBASSY VILL,S EXPRESSWAY,RR,Residential - Regular,1700.0
raw,RDO No. 53B - Muntinlupa City  is composed of the following Barangays:,,,,,,CUPANG,EMBASSY VILL,S EXPRESSWAY,RR,Residential - Regular,1100.0
raw,RDO No. 53B - Muntinlupa City  is composed of the following Barangays:,,,7TH,NCR,,CUPANG,EMBASSY VILLAGE,EAST SERVICE ROAD,RR,Residential - Regular,17000.0
raw,RDO No. 53B - Muntinlupa City  is composed of the following Barangays:,,,7TH,NCR,,CUPANG,EMBASSY VILLAGE,EAST SERVICE ROAD,RR,Residential - Regular,17000.0
raw,RDO No. 53B - Muntinlupa City  is composed of the following Barangays:,,,,,,CUPANG,HILLSBOROUGH,S EXPRESSWAY,RR,Residential - Regular,11500.0
raw,RDO No. 53B - Muntinlupa City  is composed of the following Barangays:,,,,,,CUPANG,HILLSBOROUGH,S EXPRESSWAY,RR,Residential - Regular,8000.0
raw,RDO No. 53B - Muntinlupa City  is composed of the following Barangays:,,,,,,CUPANG,HILLSBOROUGH,S EXPRESSWAY,RR,Residential - Regular,6000.0
raw,RDO No. 53B - Muntinlupa City  is composed of the following Barangays:,,,,,,CUPANG,HILLSBOROUGH,S EXPRESSWAY,RR,Residential - Regular,11500.0
raw,RDO No. 53B - Muntinlupa City  is composed of the following Barangays:,,,,,,CUPANG,HILLSBOROUGH,S EXPRESSWAY,RR,Residential - Regular,8000.0
raw,RDO No. 53B - Muntinlupa City  is composed of the following Barangays:,,,,,,CUPANG,HILLSBOROUGH,S EXPRESSWAY,RR,Residential - Regular,6000.0
raw,RDO No. 53B - Muntinlupa City  is composed of the following Barangays:,,,7TH,NCR,,CUPANG,INTEGRAL TOWNHOMES,EAST SERVICE ROAD,RR,Residential - Regular,30000.0
raw,RDO No. 53B - Muntinlupa City  is composed of the following Barangays:,,,7TH,NCR,,CUPANG,INTEGRAL TOWNHOMES,EAST SERVICE ROAD,RR,Residential - Regular,30000.0
raw,RDO No. 53B - Muntinlupa City  is composed of the following Barangays:,,,,,,CUPANG,INTER CITY,W SERVICE RD EX,RR,Residential - Regular,1100.0
raw,RDO No. 53B - Muntinlupa City  is composed of the following Barangays:,,,,,,CUPANG,INTER CITY,W SERVICE RD EX,RR,Residential - Regular,550.0
raw,RDO No. 53B - Muntinlupa City  is composed of the following Barangays:,,,,,,CUPANG,INTER CITY,W SERVICE RD EX,RR,Residential - Regular,1100.0
raw,RDO No. 53B - Muntinlupa City  is composed of the following Barangays:,,,,,,CUPANG,INTER CITY,W SERVICE RD EX,RR,Residential - Regular,550.0
raw,RDO No. 53B - Muntinlupa City  is composed of the following Barangays:,,,,,,CUPANG,INTERCITY,WEST SERVICE ROAD,RR,Residential - Regular,2300.0
raw,RDO No. 53B - Muntinlupa City  is composed of the following Barangays:,,,,,,CUPANG,INTERCITY,WEST SERVICE ROAD,RR,Residential - Regular,1800.0
raw,RDO No. 53B - Muntinlupa City  is composed of the following Barangays:,,,,,,CUPANG,INTERCITY,WEST SERVICE ROAD,RR,Residential - Regular,1400.0
raw,RDO No. 53B - Muntinlupa City  is composed of the following Barangays:,,,,,,CUPANG,INTERCITY,WEST SERVICE ROAD,RR,Residential - Regular,1100.0
raw,RDO No. 53B - Muntinlupa City  is composed of the following Barangays:,,,,,,CUPANG,INTERCITY,WEST SERVICE ROAD,RR,Residential - Regular,2300.0
raw,RDO No. 53B - Muntinlupa City  is composed of the following Barangays:,,,,,,CUPANG,INTERCITY,WEST SERVICE ROAD,RR,Residential - Regular,1800.0
raw,RDO No. 53B - Muntinlupa City  is composed of the following Barangays:,,,,,,CUPANG,INTERCITY,WEST SERVICE ROAD,RR,Residential - Regular,1400.0
raw,RDO No. 53B - Muntinlupa City  is composed of the following Barangays:,,,,,,CUPANG,INTERCITY,WEST SERVICE ROAD,RR,Residential - Regular,1100.0
raw,RDO No. 53B - Muntinlupa City  is composed of the following Barangays:,,,7TH,NCR,,CUPANG,INTERCITY HOMES SUBDIVISION,WEST SERVICE ROAD,RR,Residential - Regular,8000.0
raw,RDO No. 53B - Muntinlupa City  is composed of the following Barangays:,,,7TH,NCR,,CUPANG,INTERCITY HOMES SUBDIVISION,WEST SERVICE ROAD,RR,Residential - Regular,8000.0
raw,RDO No. 53B - Muntinlupa City  is composed of the following Barangays:,,,7TH,NCR,,CUPANG,KALIPAYAN HOMES VILLAGE,DON JESUS BLVD,RR,Residential - Regular,26000.0
raw,RDO No. 53B - Muntinlupa City  is composed of the following Barangays:,,,7TH,NCR,,CUPANG,KALIPAYAN HOMES VILLAGE,DON JESUS BLVD,RR,Residential - Regular,26000.0
raw,RDO No. 53B - Muntinlupa City  is composed of the following Barangays:,,,7TH,NCR,,CUPANG,LA RESIDENCIA,CUPANG RIVER - BULI RIVER,RC,Residential - Condominium,50000.0
raw,RDO No. 53B - Muntinlupa City  is composed of the following Barangays:,,,7TH,NCR,,CUPANG,LA RESIDENCIA,CUPANG RIVER - BULI RIVER,CC,Commercial - Condominium,60000.0
raw,RDO No. 53B - Muntinlupa City  is composed of the following Barangays:,,,7TH,NCR,,CUPANG,LA RESIDENCIA,"BUENCAMINO, ALABANG",RC,Residential - Condominium,40000.0
raw,RDO No. 53B - Muntinlupa City  is composed of the following Barangays:,,,7TH,NCR,,CUPANG,LA RESIDENCIA,CUPANG RIVER - BULI RIVER,RC,Residential - Condominium,50000.0
raw,RDO No. 53B - Muntinlupa City  is composed of the following Barangays:,,,7TH,NCR,,CUPANG,LA RESIDENCIA,CUPANG RIVER - BULI RIVER,CC,Commercial - Condominium,60000.0
raw,RDO No. 53B - Muntinlupa City  is composed of the following Barangays:,,,7TH,NCR,,CUPANG,LA RESIDENCIA,"BUENCAMINO, ALABANG",RC,Residential - Condominium,40000.0
raw,RDO No. 53B - Muntinlupa City  is composed of the following Barangays:,,,,,,CUPANG,LAGUNA LAKE,BO. PROPER,RR,Residential - Regular,450.0
raw,RDO No. 53B - Muntinlupa City  is composed of the following Barangays:,,,,,,CUPANG,LAGUNA LAKE,BO. PROPER,RR,Residential - Regular,360.0
raw,RDO No. 53B - Muntinlupa City  is composed of the following Barangays:,,,,,,CUPANG,LAGUNA LAKE,BO. PROPER,RR,Residential - Regular,275.0
raw,RDO No. 53B - Muntinlupa City  is composed of the following Barangays:,,,,,,CUPANG,LAGUNA LAKE,BO. PROPER,RR,Residential - Regular,450.0
raw,RDO No. 53B - Muntinlupa City  is composed of the following Barangays:,,,,,,CUPANG,LAGUNA LAKE,BO. PROPER,RR,Residential - Regular,360.0
raw,RDO No. 53B - Muntinlupa City  is composed of the following Barangays:,,,,,,CUPANG,LAGUNA LAKE,BO. PROPER,RR,Residential - Regular,275.0
raw,RDO No. 53B - Muntinlupa City  is composed of the following Barangays:,,,7TH,NCR,,CUPANG,LAGUNA LAKESIDE,LAKESIDE- T.M. ROAD,RR,Residential - Regular,3000.0
raw,RDO No. 53B - Muntinlupa City  is composed of the following Barangays:,,,7TH,NCR,,CUPANG,LAGUNA LAKESIDE,LAKESIDE- T.M. ROAD,RR,Residential - Regular,3000.0
raw,RDO No. 53B - Muntinlupa City  is composed of the following Barangays:,,,7TH,NCR,,CUPANG,LIBERTY HOMES,INT. EAST SERVICE ROAD,RR,Residential - Regular,8000.0
raw,RDO No. 53B - Muntinlupa City  is composed of the following Barangays:,,,7TH,NCR,,CUPANG,LIBERTY HOMES,INT. EAST SERVICE ROAD,X,Special / Other,8000.0
raw,RDO No. 53B - Muntinlupa City  is composed of the following Barangays:,,,,,,CUPANG,LIBERTY HOMES,E SERVICE ROAD,RR,Residential - Regular,2200.0
raw,RDO No. 53B - Muntinlupa City  is composed of the following Barangays:,,,,,,CUPANG,LIBERTY HOMES,E SERVICE ROAD,RR,Residential - Regular,1900.0
raw,RDO No. 53B - Muntinlupa City  is composed of the following Barangays:,,,,,,CUPANG,LIBERTY HOMES,E SERVICE ROAD,RR,Residential - Regular,1300.0
raw,RDO No. 53B - Muntinlupa City  is composed of the following Barangays:,,,,,,CUPANG,LIBERTY HOMES,E SERVICE ROAD,RR,Residential - Regular,800.0
raw,RDO No. 53B - Muntinlupa City  is composed of the following Barangays:,,,,,,CUPANG,LIBERTY HOMES,E SERVICE RD EX,RR,Residential - Regular,700.0
raw,RDO No. 53B - Muntinlupa City  is composed of the following Barangays:,,,,,,CUPANG,LIBERTY HOMES,E SERVICE RD EX,RR,Residential - Regular,350.0
raw,RDO No. 53B - Muntinlupa City  is composed of the following Barangays:,,,7TH,NCR,,CUPANG,LIBERTY HOMES,INT. EAST SERVICE ROAD,RR,Residential - Regular,8000.0
raw,RDO No. 53B - Muntinlupa City  is composed of the following Barangays:,,,7TH,NCR,,CUPANG,LIBERTY HOMES,INT. EAST SERVICE ROAD,X,Special / Other,8000.0
raw,RDO No. 53B - Muntinlupa City  is composed of the following Barangays:,,,,,,CUPANG,LIBERTY HOMES,E SERVICE ROAD,RR,Residential - Regular,2200.0
raw,RDO No. 53B - Muntinlupa City  is composed of the following Barangays:,,,,,,CUPANG,LIBERTY HOMES,E SERVICE ROAD,RR,Residential - Regular,1900.0
raw,RDO No. 53B - Muntinlupa City  is composed of the following Barangays:,,,,,,CUPANG,LIBERTY HOMES,E SERVICE ROAD,RR,Residential - Regular,1300.0
raw,RDO No. 53B - Muntinlupa City  is composed of the following Barangays:,,,,,,CUPANG,LIBERTY HOMES,E SERVICE ROAD,RR,Residential - Regular,800.0
raw,RDO No. 53B - Muntinlupa City  is composed of the following Barangays:,,,,,,CUPANG,LIBERTY HOMES,E SERVICE RD EX,RR,Residential - Regular,700.0
raw,RDO No. 53B - Muntinlupa City  is composed of the following Barangays:,,,,,,CUPANG,LIBERTY HOMES,E SERVICE RD EX,RR,Residential - Regular,350.0
raw,RDO No. 53B - Muntinlupa City  is composed of the following Barangays:,,,7TH,NCR,,CUPANG,MADRIGAL BUSINESS PARK 3,ALABANG HILLS VILLAGE/ PACIFIC VILLAGE,CR,Commercial - Regular,75000.0
raw,RDO No. 53B - Muntinlupa City  is composed of the following Barangays:,,,7TH,NCR,,CUPANG,MADRIGAL BUSINESS PARK 3,ALABANG HILLS VILLAGE/ PACIFIC VILLAGE,X,Special / Other,75000.0
raw,RDO No. 53B - Muntinlupa City  is composed of the following Barangays:,,,7TH,NCR,,CUPANG,MADRIGAL BUSINESS PARK 3,ALABANG HILLS VILLAGE/ PACIFIC VILLAGE,CR,Commercial - Regular,75000.0
raw,RDO No. 53B - Muntinlupa City  is composed of the following Barangays:,,,7TH,NCR,,CUPANG,MADRIGAL BUSINESS PARK 3,ALABANG HILLS VILLAGE/ PACIFIC VILLAGE,X,Special / Other,75000.0
raw,RDO No. 53B - Muntinlupa City  is composed of the following Barangays:,,,7TH,NCR,,CUPANG,MINTCOR SOUTHROW TOWNHOUSES,INTERIOR WEST SERVICE ROAD,RR,Residential - Regular,15000.0
raw,RDO No. 53B - Muntinlupa City  is composed of the following Barangays:,,,7TH,NCR,,CUPANG,MINTCOR SOUTHROW TOWNHOUSES,WEST SERVICE ROAD,CR,Commercial - Regular,25000.0
raw,RDO No. 53B - Muntinlupa City  is composed of the following Barangays:,,,7TH,NCR,,CUPANG,MINTCOR SOUTHROW TOWNHOUSES,INTERIOR WEST SERVICE ROAD,RR,Residential - Regular,15000.0
raw,RDO No. 53B - Muntinlupa City  is composed of the following Barangays:,,,7TH,NCR,,CUPANG,MINTCOR SOUTHROW TOWNHOUSES,WEST SERVICE ROAD,CR,Commercial - Regular,25000.0
raw,RDO No. 53B - Muntinlupa City  is composed of the following Barangays:,,,,,,CUPANG,MINTCOR TOWNHOMES,SO. EXPRESSWAY,RR,Residential - Regular,10350.0
raw,RDO No. 53B - Muntinlupa City  is composed of the following Barangays:,,,,,,CUPANG,MINTCOR TOWNHOMES,SO. EXPRESSWAY,RR,Residential - Regular,8100.0
raw,RDO No. 53B - Muntinlupa City  is composed of the following Barangays:,,,,,,CUPANG,MINTCOR TOWNHOMES,SO. EXPRESSWAY,RR,Residential - Regular,6500.0
raw,RDO No. 53B - Muntinlupa City  is composed of the following Barangays:,,,,,,CUPANG,MINTCOR TOWNHOMES,SO. EXPRESSWAY,RR,Residential - Regular,10350.0
raw,RDO No. 53B - Muntinlupa City  is composed of the following Barangays:,,,,,,CUPANG,MINTCOR TOWNHOMES,SO. EXPRESSWAY,RR,Residential - Regular,8100.0
raw,RDO No. 53B - Muntinlupa City  is composed of the following Barangays:,,,,,,CUPANG,MINTCOR TOWNHOMES,SO. EXPRESSWAY,RR,Residential - Regular,6500.0
raw,RDO No. 53B - Muntinlupa City  is composed of the following Barangays:,,,,,,CUPANG,NATIONAL RD,BARRIO PROPER,RR,Residential - Regular,1100.0
raw,RDO No. 53B - Muntinlupa City  is composed of the following Barangays:,,,,,,CUPANG,NATIONAL RD,BARRIO PROPER,RR,Residential - Regular,550.0
raw,RDO No. 53B - Muntinlupa City  is composed of the following Barangays:,,,,,,CUPANG,NATIONAL RD,BARRIO PROPER,RR,Residential - Regular,1100.0
raw,RDO No. 53B - Muntinlupa City  is composed of the following Barangays:,,,,,,CUPANG,NATIONAL RD,BARRIO PROPER,RR,Residential - Regular,550.0
raw,RDO No. 53B - Muntinlupa City  is composed of the following Barangays:,,,,,,CUPANG,NATIONAL ROAD,BO. PROPER,RR,Residential - Regular,3100.0
raw,RDO No. 53B - Muntinlupa City  is composed of the following Barangays:,,,,,,CUPANG,NATIONAL ROAD,BO. PROPER,RR,Residential - Regular,2500.0
raw,RDO No. 53B - Muntinlupa City  is composed of the following Barangays:,,,,,,CUPANG,NATIONAL ROAD,BO. PROPER,RR,Residential - Regular,1950.0
raw,RDO No. 53B - Muntinlupa City  is composed of the following Barangays:,,,,,,CUPANG,NATIONAL ROAD,BO. PROPER,RR,Residential - Regular,1300.0
raw,RDO No. 53B - Muntinlupa City  is composed of the following Barangays:,,,,,,CUPANG,NATIONAL ROAD,BO. PROPER,RR,Residential - Regular,3100.0
raw,RDO No. 53B - Muntinlupa City  is composed of the following Barangays:,,,,,,CUPANG,NATIONAL ROAD,BO. PROPER,RR,Residential - Regular,2500.0
raw,RDO No. 53B - Muntinlupa City  is composed of the following Barangays:,,,,,,CUPANG,NATIONAL ROAD,BO. PROPER,RR,Residential - Regular,1950.0
raw,RDO No. 53B - Muntinlupa City  is composed of the following Barangays:,,,,,,CUPANG,NATIONAL ROAD,BO. PROPER,RR,Residential - Regular,1300.0
raw,RDO No. 53B - Muntinlupa City  is composed of the following Barangays:,,,,,,CUPANG,NEW ALABANG 400,BO. PROPER,RR,Residential - Regular,7000.0
raw,RDO No. 53B - Muntinlupa City  is composed of the following Barangays:,,,,,,CUPANG,NEW ALABANG 400,BO. PROPER,RR,Residential - Regular,6000.0
raw,RDO No. 53B - Muntinlupa City  is composed of the following Barangays:,,,,,,CUPANG,NEW ALABANG 400,BO. PROPER,RR,Residential - Regular,6000.0
raw,RDO No. 53B - Muntinlupa City  is composed of the following Barangays:,,,,,,CUPANG,NEW ALABANG 400,BO. PROPER,RR,Residential - Regular,7000.0
raw,RDO No. 53B - Muntinlupa City  is composed of the following Barangays:,,,,,,CUPANG,NEW ALABANG 400,BO. PROPER,RR,Residential - Regular,6000.0
raw,RDO No. 53B - Muntinlupa City  is composed of the following Barangays:,,,,,,CUPANG,NEW ALABANG 400,BO. PROPER,RR,Residential - Regular,6000.0
raw,RDO No. 53B - Muntinlupa City  is composed of the following Barangays:,,,,,,CUPANG,P MALAYAN SUBD,ALABANG HILLS,RR,Residential - Regular,1100.0
raw,RDO No. 53B - Muntinlupa City  is composed of the following Barangays:,,,,,,CUPANG,P MALAYAN SUBD,ALABANG HILLS,RR,Residential - Regular,550.0
raw,RDO No. 53B - Muntinlupa City  is composed of the following Barangays:,,,,,,CUPANG,P MALAYAN SUBD,ALABANG HILLS,RR,Residential - Regular,1100.0
raw,RDO No. 53B - Muntinlupa City  is composed of the following Barangays:,,,,,,CUPANG,P MALAYAN SUBD,ALABANG HILLS,RR,Residential - Regular,550.0
raw,RDO No. 53B - Muntinlupa City  is composed of the following Barangays:,,,,,,CUPANG,PACIFIC MALAYAN SUBD,ALABANG HILLS,RR,Residential - Regular,6350.0
raw,RDO No. 53B - Muntinlupa City  is composed of the following Barangays:,,,,,,CUPANG,PACIFIC MALAYAN SUBD,ALABANG HILLS,RR,Residential - Regular,5200.0
raw,RDO No. 53B - Muntinlupa City  is composed of the following Barangays:,,,,,,CUPANG,PACIFIC MALAYAN SUBD,ALABANG HILLS,RR,Residential - Regular,3700.0
raw,RDO No. 53B - Muntinlupa City  is composed of the following Barangays:,,,,,,CUPANG,PACIFIC MALAYAN SUBD,ALABANG HILLS,RR,Residential - Regular,2200.0
raw,RDO No. 53B - Muntinlupa City  is composed of the following Barangays:,,,,,,CUPANG,PACIFIC MALAYAN SUBD,ALABANG HILLS,RR,Residential - Regular,6350.0
raw,RDO No. 53B - Muntinlupa City  is composed of the following Barangays:,,,,,,CUPANG,PACIFIC MALAYAN SUBD,ALABANG HILLS,RR,Residential - Regular,5200.0
raw,RDO No. 53B - Muntinlupa City  is composed of the following Barangays:,,,,,,CUPANG,PACIFIC MALAYAN SUBD,ALABANG HILLS,RR,Residential - Regular,3700.0
raw,RDO No. 53B - Muntinlupa City  is composed of the following Barangays:,,,,,,CUPANG,PACIFIC MALAYAN SUBD,ALABANG HILLS,RR,Residential - Regular,2200.0
raw,RDO No. 53B - Muntinlupa City  is composed of the following Barangays:,,,7TH,NCR,,CUPANG,PACIFIC MALAYAN VILLAGE,ALABANG HILLS,RR,Residential - Regular,20000.0
raw,RDO No. 53B - Muntinlupa City  is composed of the following Barangays:,,,7TH,NCR,,CUPANG,PACIFIC MALAYAN VILLAGE,ALABANG HILLS,RR,Residential - Regular,20000.0
raw,RDO No. 53B - Muntinlupa City  is composed of the following Barangays:,,,7TH,NCR,,CUPANG,PACIFIC VILLAGE,ALABANG HILLS,RR,Residential - Regular,22000.0
raw,RDO No. 53B - Muntinlupa City  is composed of the following Barangays:,,,7TH,NCR,,CUPANG,PACIFIC VILLAGE,ALABANG HILLS,RR,Residential - Regular,22000.0
raw,RDO No. 53B - Muntinlupa City  is composed of the following Barangays:,,,7TH,NCR,,CUPANG,PRIMAVERA  HOMES SUBDIVISION,RIZAL VILLAGE,RR,Residential - Regular,8000.0
raw,RDO No. 53B - Muntinlupa City  is composed of the following Barangays:,,,7TH,NCR,,CUPANG,PRIMAVERA  HOMES SUBDIVISION,RIZAL VILLAGE,RR,Residential - Regular,8000.0
raw,RDO No. 53B - Muntinlupa City  is composed of the following Barangays:,,,,,,CUPANG,PUROK I,TAGUIG MUNT RD,RR,Residential - Regular,1900.0
raw,RDO No. 53B - Muntinlupa City  is composed of the following Barangays:,,,,,,CUPANG,PUROK I,TAGUIG MUNT RD,RR,Residential - Regular,1600.0
raw,RDO No. 53B - Muntinlupa City  is composed of the following Barangays:,,,,,,CUPANG,PUROK I,TAGUIG MUNT RD,RR,Residential - Regular,1100.0
raw,RDO No. 53B - Muntinlupa City  is composed of the following Barangays:,,,,,,CUPANG,PUROK I,TAGUIG MUNT RD,RR,Residential - Regular,700.0
raw,RDO No. 53B - Muntinlupa City  is composed of the following Barangays:,,,,,,CUPANG,PUROK I,TAGUIG MUNT RRD,RR,Residential - Regular,600.0
raw,RDO No. 53B - Muntinlupa City  is composed of the following Barangays:,,,,,,CUPANG,PUROK I,TAGUIG MUNT RRD,RR,Residential - Regular,300.0
raw,RDO No. 53B - Muntinlupa City  is composed of the following Barangays:,,,,,,CUPANG,PUROK I,TAGUIG MUNT RD,RR,Residential - Regular,1900.0
raw,RDO No. 53B - Muntinlupa City  is composed of the following Barangays:,,,,,,CUPANG,PUROK I,TAGUIG MUNT RD,RR,Residential - Regular,1600.0
raw,RDO No. 53B - Muntinlupa City  is composed of the following Barangays:,,,,,,CUPANG,PUROK I,TAGUIG MUNT RD,RR,Residential - Regular,1100.0
raw,RDO No. 53B - Muntinlupa City  is composed of the following Barangays:,,,,,,CUPANG,PUROK I,TAGUIG MUNT RD,RR,Residential - Regular,700.0
raw,RDO No. 53B - Muntinlupa City  is composed of the following Barangays:,,,,,,CUPANG,PUROK I,TAGUIG MUNT RRD,RR,Residential - Regular,600.0
raw,RDO No. 53B - Muntinlupa City  is composed of the following Barangays:,,,,,,CUPANG,PUROK I,TAGUIG MUNT RRD,RR,Residential - Regular,300.0
raw,RDO No. 53B - Muntinlupa City  is composed of the following Barangays:,,,,,,CUPANG,PUROK V,TAGUIG MUNT RD,RR,Residential - Regular,1900.0
raw,RDO No. 53B - Muntinlupa City  is composed of the following Barangays:,,,,,,CUPANG,PUROK V,TAGUIG MUNT RD,RR,Residential - Regular,1600.0
raw,RDO No. 53B - Muntinlupa City  is composed of the following Barangays:,,,,,,CUPANG,PUROK V,TAGUIG MUNT RD,RR,Residential - Regular,1100.0
raw,RDO No. 53B - Muntinlupa City  is composed of the following Barangays:,,,,,,CUPANG,PUROK V,TAGUIG MUNT RD,RR,Residential - Regular,700.0
raw,RDO No. 53B - Muntinlupa City  is composed of the following Barangays:,,,,,,CUPANG,PUROK V,TAGUIG MUNT RRD,RR,Residential - Regular,600.0
raw,RDO No. 53B - Muntinlupa City  is composed of the following Barangays:,,,,,,CUPANG,PUROK V,TAGUIG MUNT RRD,RR,Residential - Regular,300.0
raw,RDO No. 53B - Muntinlupa City  is composed of the following Barangays:,,,,,,CUPANG,PUROK V,TAGUIG MUNT RD,RR,Residential - Regular,1900.0
raw,RDO No. 53B - Muntinlupa City  is composed of the following Barangays:,,,,,,CUPANG,PUROK V,TAGUIG MUNT RD,RR,Residential - Regular,1600.0
raw,RDO No. 53B - Muntinlupa City  is composed of the following Barangays:,,,,,,CUPANG,PUROK V,TAGUIG MUNT RD,RR,Residential - Regular,1100.0
raw,RDO No. 53B - Muntinlupa City  is composed of the following Barangays:,,,,,,CUPANG,PUROK V,TAGUIG MUNT RD,RR,Residential - Regular,700.0
raw,RDO No. 53B - Muntinlupa City  is composed of the following Barangays:,,,,,,CUPANG,PUROK V,TAGUIG MUNT RRD,RR,Residential - Regular,600.0
raw,RDO No. 53B - Muntinlupa City  is composed of the following Barangays:,,,,,,CUPANG,PUROK V,TAGUIG MUNT RRD,RR,Residential - Regular,300.0
raw,RDO No. 53B - Muntinlupa City  is composed of the following Barangays:,,,7TH,NCR,,CUPANG,RIZAL VILLAGE,SITIO RIZAL,RR,Residential - Regular,8000.0
raw,RDO No. 53B - Muntinlupa City  is composed of the following Barangays:,,,7TH,NCR,,CUPANG,RIZAL VILLAGE,SITIO RIZAL,X,Special / Other,8000.0
raw,RDO No. 53B - Muntinlupa City  is composed of the following Barangays:,,,7TH,NCR,,CUPANG,RIZAL VILLAGE,SITIO RIZAL,RR,Residential - Regular,8000.0
raw,RDO No. 53B - Muntinlupa City  is composed of the following Barangays:,,,7TH,NCR,,CUPANG,RIZAL VILLAGE,SITIO RIZAL,X,Special / Other,8000.0
raw,RDO No. 53B - Muntinlupa City  is composed of the following Barangays:,,,,,,CUPANG,SAN JOSE,ST BENEDICTINE,RR,Residential - Regular,3700.0
raw,RDO No. 53B - Muntinlupa City  is composed of the following Barangays:,,,,,,CUPANG,SAN JOSE,ST BENEDICTINE,RR,Residential - Regular,3100.0
raw,RDO No. 53B - Muntinlupa City  is composed of the following Barangays:,,,,,,CUPANG,SAN JOSE,ST BENEDICTINE,RR,Residential - Regular,2200.0
raw,RDO No. 53B - Muntinlupa City  is composed of the following Barangays:,,,,,,CUPANG,SAN JOSE,ST BENEDICTINE,RR,Residential - Regular,3700.0
raw,RDO No. 53B - Muntinlupa City  is composed of the following Barangays:,,,,,,CUPANG,SAN JOSE,ST BENEDICTINE,RR,Residential - Regular,3100.0
raw,RDO No. 53B - Muntinlupa City  is composed of the following Barangays:,,,,,,CUPANG,SAN JOSE,ST BENEDICTINE,RR,Residential - Regular,2200.0
raw,RDO No. 53B - Muntinlupa City  is composed of the following Barangays:,,,7TH,NCR,,CUPANG,SAN JOSE  VILLAGE SUBD,ELSIE GACHES,RR,Residential - Regular,15000.0
raw,RDO No. 53B - Muntinlupa City  is composed of the following Barangays:,,,7TH,NCR,,CUPANG,SAN JOSE  VILLAGE SUBD,ELSIE GACHES,X,Special / Other,15000.0
raw,RDO No. 53B - Muntinlupa City  is composed of the following Barangays:,,,7TH,NCR,,CUPANG,SAN JOSE  VILLAGE SUBD,ELSIE GACHES,RR,Residential - Regular,15000.0
raw,RDO No. 53B - Muntinlupa City  is composed of the following Barangays:,,,7TH,NCR,,CUPANG,SAN JOSE  VILLAGE SUBD,ELSIE GACHES,X,Special / Other,15000.0
raw,RDO No. 53B - Muntinlupa City  is composed of the following Barangays:,,,7TH,NCR,,CUPANG,SITIO RIZAL,RIZAL VILLAGE,RR,Residential - Regular,8000.0
raw,RDO No. 53B - Muntinlupa City  is composed of the following Barangays:,,,7TH,NCR,,CUPANG,SITIO RIZAL,RIZAL VILLAGE,RR,Residential - Regular,8000.0
raw,RDO No. 53B - Muntinlupa City  is composed of the following Barangays:,,,7TH,NCR,,CUPANG,SITIO SANTO NINO,SQUATTER AREA,RR,Residential - Regular,8000.0
raw,RDO No. 53B - Muntinlupa City  is composed of the following Barangays:,,,,,,CUPANG,SITIO SANTO NINO,SQUATTER AREA,RR,Residential - Regular,1900.0
raw,RDO No. 53B - Muntinlupa City  is composed of the following Barangays:,,,,,,CUPANG,SITIO SANTO NINO,SQUATTER AREA,RR,Residential - Regular,1100.0
raw,RDO No. 53B - Muntinlupa City  is composed of the following Barangays:,,,,,,CUPANG,SITIO SANTO NINO,SQUATTER AREA,RR,Residential - Regular,700.0
raw,RDO No. 53B - Muntinlupa City  is composed of the following Barangays:,,,,,,CUPANG,SITIO SANTO NINO,SQUATTER AREA,RR,Residential - Regular,560.0
raw,RDO No. 53B - Muntinlupa City  is composed of the following Barangays:,,,,,,CUPANG,SITIO SANTO NINO,SQUATTER AREA,RR,Residential - Regular,280.0
raw,RDO No. 53B - Muntinlupa City  is composed of the following Barangays:,,,7TH,NCR,,CUPANG,SITIO SANTO NINO,SQUATTER AREA,RR,Residential - Regular,8000.0
raw,RDO No. 53B - Muntinlupa City  is composed of the following Barangays:,,,,,,CUPANG,SITIO SANTO NINO,SQUATTER AREA,RR,Residential - Regular,1900.0
raw,RDO No. 53B - Muntinlupa City  is composed of the following Barangays:,,,,,,CUPANG,SITIO SANTO NINO,SQUATTER AREA,RR,Residential - Regular,1100.0
raw,RDO No. 53B - Muntinlupa City  is composed of the following Barangays:,,,,,,CUPANG,SITIO SANTO NINO,SQUATTER AREA,RR,Residential - Regular,700.0
raw,RDO No. 53B - Muntinlupa City  is composed of the following Barangays:,,,,,,CUPANG,SITIO SANTO NINO,SQUATTER AREA,RR,Residential - Regular,560.0
raw,RDO No. 53B - Muntinlupa City  is composed of the following Barangays:,,,,,,CUPANG,SITIO SANTO NINO,SQUATTER AREA,RR,Residential - Regular,280.0
raw,RDO No. 53B - Muntinlupa City  is composed of the following Barangays:,,,,,,CUPANG,SITIO STO NINO,SQUATTER AREA,RR,Residential - Regular,1600.0
raw,RDO No. 53B - Muntinlupa City  is composed of the following Barangays:,,,,,,CUPANG,SITIO STO NINO,SQUATTER AREA,RR,Residential - Regular,1600.0
raw,RDO No. 53B - Muntinlupa City  is composed of the following Barangays:,,,,,,CUPANG,SOUTH EXPRESSWAY,TOLL GATE-BULI BDRY,RR,Residential - Regular,4300.0
raw,RDO No. 53B - Muntinlupa City  is composed of the following Barangays:,,,,,,CUPANG,SOUTH EXPRESSWAY,TOLL GATE-BULI BDRY,RR,Residential - Regular,3600.0
raw,RDO No. 53B - Muntinlupa City  is composed of the following Barangays:,,,,,,CUPANG,SOUTH EXPRESSWAY,TOLL GATE-BULI BDRY,RR,Residential - Regular,2500.0
raw,RDO No. 53B - Muntinlupa City  is composed of the following Barangays:,,,,,,CUPANG,SOUTH EXPRESSWAY,TOLL GATE-BULI BDRY,RR,Residential - Regular,4300.0
raw,RDO No. 53B - Muntinlupa City  is composed of the following Barangays:,,,,,,CUPANG,SOUTH EXPRESSWAY,TOLL GATE-BULI BDRY,RR,Residential - Regular,3600.0
raw,RDO No. 53B - Muntinlupa City  is composed of the following Barangays:,,,,,,CUPANG,SOUTH EXPRESSWAY,TOLL GATE-BULI BDRY,RR,Residential - Regular,2500.0
raw,RDO No. 53B - Muntinlupa City  is composed of the following Barangays:,,,7TH,NCR,,CUPANG,T.M. ROAD -LAGUNA LAKESIDE,LAKESIDE- T.M. ROAD,RR,Residential - Regular,3000.0
raw,RDO No. 53B - Muntinlupa City  is composed of the following Barangays:,,,7TH,NCR,,CUPANG,T.M. ROAD -LAGUNA LAKESIDE,LAKESIDE- T.M. ROAD,RR,Residential - Regular,3000.0
raw,RDO No. 53B - Muntinlupa City  is composed of the following Barangays:,,,7TH,NCR,,CUPANG,TIERRA NUEVA SUBDIVISION,ALABANG ZAPOTE ROAD,RR,Residential - Regular,15000.0
raw,RDO No. 53B - Muntinlupa City  is composed of the following Barangays:,,,7TH,NCR,,CUPANG,TIERRA NUEVA SUBDIVISION,ALABANG ZAPOTE ROAD,X,Special / Other,15000.0
raw,RDO No. 53B - Muntinlupa City  is composed of the following Barangays:,,,7TH,NCR,,CUPANG,TIERRA NUEVA SUBDIVISION,ALABANG ZAPOTE ROAD,RR,Residential - Regular,15000.0
raw,RDO No. 53B - Muntinlupa City  is composed of the following Barangays:,,,7TH,NCR,,CUPANG,TIERRA NUEVA SUBDIVISION,ALABANG ZAPOTE ROAD,X,Special / Other,15000.0
raw,RDO No. 53B - Muntinlupa City  is composed of the following Barangays:,,,7TH,NCR,,CUPANG,TITO JOVER TOWER,"BUENCAMINO, ALABANG",RC,Residential - Condominium,40000.0
raw,RDO No. 53B - Muntinlupa City  is composed of the following Barangays:,,,7TH,NCR,,CUPANG,TITO JOVER TOWER,"BUENCAMINO, ALABANG",CC,Commercial - Condominium,50000.0
raw,RDO No. 53B - Muntinlupa City  is composed of the following Barangays:,,,7TH,NCR,,CUPANG,TITO JOVER TOWER,"BUENCAMINO, ALABANG",PS,Parking Slot / Private School,35000.0
raw,RDO No. 53B - Muntinlupa City  is composed of the following Barangays:,,,7TH,NCR,,CUPANG,TITO JOVER TOWER,"BUENCAMINO, ALABANG",RC,Residential - Condominium,40000.0
raw,RDO No. 53B - Muntinlupa City  is composed of the following Barangays:,,,7TH,NCR,,CUPANG,TITO JOVER TOWER,"BUENCAMINO, ALABANG",CC,Commercial - Condominium,50000.0
raw,RDO No. 53B - Muntinlupa City  is composed of the following Barangays:,,,7TH,NCR,,CUPANG,TITO JOVER TOWER,"BUENCAMINO, ALABANG",PS,Parking Slot / Private School,35000.0
raw,RDO No. 53B - Muntinlupa City  is composed of the following Barangays:,,,,,,CUPANG,TM ROAD,LAGUNA LAKE,RR,Residential - Regular,2000.0
raw,RDO No. 53B - Muntinlupa City  is composed of the following Barangays:,,,,,,CUPANG,TM ROAD,LAGUNA LAKE,RR,Residential - Regular,1700.0
raw,RDO No. 53B - Muntinlupa City  is composed of the following Barangays:,,,,,,CUPANG,TM ROAD,LAGUNA LAKE,RR,Residential - Regular,1200.0
raw,RDO No. 53B - Muntinlupa City  is composed of the following Barangays:,,,,,,CUPANG,TM ROAD,LAGUNA LAKE,RR,Residential - Regular,800.0
raw,RDO No. 53B - Muntinlupa City  is composed of the following Barangays:,,,,,,CUPANG,TM ROAD,LAGUNA LAKE,RR,Residential - Regular,700.0
raw,RDO No. 53B - Muntinlupa City  is composed of the following Barangays:,,,,,,CUPANG,TM ROAD,LAGUNA LAKE,RR,Residential - Regular,350.0
raw,RDO No. 53B - Muntinlupa City  is composed of the following Barangays:,,,,,,CUPANG,TM ROAD,LAGUNA LAKE,RR,Residential - Regular,2000.0
raw,RDO No. 53B - Muntinlupa City  is composed of the following Barangays:,,,,,,CUPANG,TM ROAD,LAGUNA LAKE,RR,Residential - Regular,1700.0
raw,RDO No. 53B - Muntinlupa City  is composed of the following Barangays:,,,,,,CUPANG,TM ROAD,LAGUNA LAKE,RR,Residential - Regular,1200.0
raw,RDO No. 53B - Muntinlupa City  is composed of the following Barangays:,,,,,,CUPANG,TM ROAD,LAGUNA LAKE,RR,Residential - Regular,800.0
raw,RDO No. 53B - Muntinlupa City  is composed of the following Barangays:,,,,,,CUPANG,TM ROAD,LAGUNA LAKE,RR,Residential - Regular,700.0
raw,RDO No. 53B - Muntinlupa City  is composed of the following Barangays:,,,,,,CUPANG,TM ROAD,LAGUNA LAKE,RR,Residential - Regular,350.0
raw,RDO No. 53B - Muntinlupa City  is composed of the following Barangays:,,,7TH,NCR,,CUPANG,TM ROAD / PRES. MANUEL L. QUEZON - PNR SIDE,T.M.ROAD-PNR SIDE,RR,Residential - Regular,5000.0
raw,RDO No. 53B - Muntinlupa City  is composed of the following Barangays:,,,7TH,NCR,,CUPANG,TM ROAD / PRES. MANUEL L. QUEZON - PNR SIDE,T.M.ROAD-PNR SIDE,RR,Residential - Regular,5000.0
raw,RDO No. 53B - Muntinlupa City  is composed of the following Barangays:,,,,,,CUPANG,TUKLAS CPD,RAILROAD,RR,Residential - Regular,1850.0
raw,RDO No. 53B - Muntinlupa City  is composed of the following Barangays:,,,,,,CUPANG,TUKLAS CPD,RAILROAD,RR,Residential - Regular,1600.0
raw,RDO No. 53B - Muntinlupa City  is composed of the following Barangays:,,,,,,CUPANG,TUKLAS CPD,RAILROAD,RR,Residential - Regular,1100.0
raw,RDO No. 53B - Muntinlupa City  is composed of the following Barangays:,,,,,,CUPANG,TUKLAS CPD,RAILROAD,RR,Residential - Regular,700.0
raw,RDO No. 53B - Muntinlupa City  is composed of the following Barangays:,,,,,,CUPANG,TUKLAS CPD,RAILROAD,RR,Residential - Regular,600.0
raw,RDO No. 53B - Muntinlupa City  is composed of the following Barangays:,,,,,,CUPANG,TUKLAS CPD,RAILROAD,RR,Residential - Regular,300.0
raw,RDO No. 53B - Muntinlupa City  is composed of the following Barangays:,,,,,,CUPANG,TUKLAS CPD,RAILROAD,RR,Residential - Regular,1850.0
raw,RDO No. 53B - Muntinlupa City  is composed of the following Barangays:,,,,,,CUPANG,TUKLAS CPD,RAILROAD,RR,Residential - Regular,1600.0
raw,RDO No. 53B - Muntinlupa City  is composed of the following Barangays:,,,,,,CUPANG,TUKLAS CPD,RAILROAD,RR,Residential - Regular,1100.0
raw,RDO No. 53B - Muntinlupa City  is composed of the following Barangays:,,,,,,CUPANG,TUKLAS CPD,RAILROAD,RR,Residential - Regular,700.0
raw,RDO No. 53B - Muntinlupa City  is composed of the following Barangays:,,,,,,CUPANG,TUKLAS CPD,RAILROAD,RR,Residential - Regular,600.0
raw,RDO No. 53B - Muntinlupa City  is composed of the following Barangays:,,,,,,CUPANG,TUKLAS CPD,RAILROAD,RR,Residential - Regular,300.0
raw,RDO No. 53B - Muntinlupa City  is composed of the following Barangays:,,,7TH,NCR,,CUPANG,VILLA DONATA,SAN JOSE SUBD.,RR,Residential - Regular,15000.0
raw,RDO No. 53B - Muntinlupa City  is composed of the following Barangays:,,,7TH,NCR,,CUPANG,VILLA DONATA,SAN JOSE SUBD.,RR,Residential - Regular,15000.0
raw,RDO No. 53B - Muntinlupa City  is composed of the following Barangays:,,,,,,CUPANG,WEST KABULUSAN,SO EXPRESSWAY,RR,Residential - Regular,800.0
raw,RDO No. 53B - Muntinlupa City  is composed of the following Barangays:,,,,,,CUPANG,WEST KABULUSAN,SO EXPRESSWAY,RR,Residential - Regular,400.0
raw,RDO No. 53B - Muntinlupa City  is composed of the following Barangays:,,,,,,CUPANG,WEST KABULUSAN,SO EXPRESSWAY,RR,Residential - Regular,800.0
raw,RDO No. 53B - Muntinlupa City  is composed of the following Barangays:,,,,,,CUPANG,WEST KABULUSAN,SO EXPRESSWAY,RR,Residential - Regular,400.0
raw,RDO No. 53B - Muntinlupa City  is composed of the following Barangays:,,,,,,CUPANG,WEST KALUBUSAN,S EXPRESSWAY,RR,Residential - Regular,2800.0
raw,RDO No. 53B - Muntinlupa City  is composed of the following Barangays:,,,,,,CUPANG,WEST KALUBUSAN,S EXPRESSWAY,RR,Residential - Regular,2800.0
raw,RDO No. 53B - Muntinlupa City  is composed of the following Barangays:,,,,,,CUPANG,WEST KALUBUSAN,S EXPRESSWAY,RR,Residential - Regular,1400.0
raw,RDO No. 53B - Muntinlupa City  is composed of the following Barangays:,,,,,,CUPANG,WEST KALUBUSAN,S EXPRESSWAY,RR,Residential - Regular,900.0
raw,RDO No. 53B - Muntinlupa City  is composed of the following Barangays:,,,,,,CUPANG,WEST KALUBUSAN,S EXPRESSWAY,RR,Residential - Regular,2800.0
raw,RDO No. 53B - Muntinlupa City  is composed of the following Barangays:,,,,,,CUPANG,WEST KALUBUSAN,S EXPRESSWAY,RR,Residential - Regular,2800.0
raw,RDO No. 53B - Muntinlupa City  is composed of the following Barangays:,,,,,,CUPANG,WEST KALUBUSAN,S EXPRESSWAY,RR,Residential - Regular,1400.0
raw,RDO No. 53B - Muntinlupa City  is composed of the following Barangays:,,,,,,CUPANG,WEST KALUBUSAN,S EXPRESSWAY,RR,Residential - Regular,900.0
raw,RDO No. 53B - Muntinlupa City  is composed of the following Barangays:,,,,,,CUPANG,WEST SERVICE RD,EXPRESSSWAY,RR,Residential - Regular,1200.0
raw,RDO No. 53B - Muntinlupa City  is composed of the following Barangays:,,,,,,CUPANG,WEST SERVICE RD,EXPRESSSWAY,RR,Residential - Regular,600.0
raw,RDO No. 53B - Muntinlupa City  is composed of the following Barangays:,,,,,,CUPANG,WEST SERVICE RD,EXPRESSSWAY,RR,Residential - Regular,1200.0
raw,RDO No. 53B - Muntinlupa City  is composed of the following Barangays:,,,,,,CUPANG,WEST SERVICE RD,EXPRESSSWAY,RR,Residential - Regular,600.0
raw,RDO No. 53B - Muntinlupa City  is composed of the following Barangays:,,,7TH,NCR,,CUPANG,WEST SERVICE ROAD,CUPANG RIVER - BULI RIVER,RR,Residential - Regular,17000.0
raw,RDO No. 53B - Muntinlupa City  is composed of the following Barangays:,,,7TH,NCR,,CUPANG,WEST SERVICE ROAD,CUPANG RIVER - BULI RIVER,CR,Commercial - Regular,25000.0
raw,RDO No. 53B - Muntinlupa City  is composed of the following Barangays:,,,7TH,NCR,,CUPANG,WEST SERVICE ROAD,CUPANG RIVER - BULI RIVER,I,Industrial,23000.0
raw,RDO No. 53B - Muntinlupa City  is composed of the following Barangays:,,,7TH,NCR,,CUPANG,WEST SERVICE ROAD,CUPANG RIVER - BULI RIVER,X,Special / Other,25000.0
raw,RDO No. 53B - Muntinlupa City  is composed of the following Barangays:,,,,,,CUPANG,WEST SERVICE ROAD,EXPRESSSWAY,RR,Residential - Regular,4400.0
raw,RDO No. 53B - Muntinlupa City  is composed of the following Barangays:,,,,,,CUPANG,WEST SERVICE ROAD,EXPRESSSWAY,RR,Residential - Regular,3700.0
raw,RDO No. 53B - Muntinlupa City  is composed of the following Barangays:,,,,,,CUPANG,WEST SERVICE ROAD,EXPRESSSWAY,RR,Residential - Regular,2650.0
raw,RDO No. 53B - Muntinlupa City  is composed of the following Barangays:,,,,,,CUPANG,WEST SERVICE ROAD,EXPRESSSWAY,RR,Residential - Regular,1400.0
raw,RDO No. 53B - Muntinlupa City  is composed of the following Barangays:,,,7TH,NCR,,CUPANG,WEST SERVICE ROAD,CUPANG RIVER - BULI RIVER,RR,Residential - Regular,17000.0
raw,RDO No. 53B - Muntinlupa City  is composed of the following Barangays:,,,7TH,NCR,,CUPANG,WEST SERVICE ROAD,CUPANG RIVER - BULI RIVER,CR,Commercial - Regular,25000.0
raw,RDO No. 53B - Muntinlupa City  is composed of the following Barangays:,,,7TH,NCR,,CUPANG,WEST SERVICE ROAD,CUPANG RIVER - BULI RIVER,I,Industrial,23000.0
raw,RDO No. 53B - Muntinlupa City  is composed of the following Barangays:,,,7TH,NCR,,CUPANG,WEST SERVICE ROAD,CUPANG RIVER - BULI RIVER,X,Special / Other,25000.0
raw,RDO No. 53B - Muntinlupa City  is composed of the following Barangays:,,,,,,CUPANG,WEST SERVICE ROAD,EXPRESSSWAY,RR,Residential - Regular,4400.0
raw,RDO No. 53B - Muntinlupa City  is composed of the following Barangays:,,,,,,CUPANG,WEST SERVICE ROAD,EXPRESSSWAY,RR,Residential - Regular,3700.0
raw,RDO No. 53B - Muntinlupa City  is composed of the following Barangays:,,,,,,CUPANG,WEST SERVICE ROAD,EXPRESSSWAY,RR,Residential - Regular,2650.0
raw,RDO No. 53B - Muntinlupa City  is composed of the following Barangays:,,,,,,CUPANG,WEST SERVICE ROAD,EXPRESSSWAY,RR,Residential - Regular,1400.0
raw,RDO No. 53B - Muntinlupa City  is composed of the following Barangays:,,,,,,"I, IV, II-E, 4A",CHATELET COND,ALABANG ZAPOTE RD,RC,Residential - Condominium,25600.0
raw,RDO No. 53B - Muntinlupa City  is composed of the following Barangays:,,,,,,"I, IV, II-E, 4A",CHATELET COND,ALABANG ZAPOTE RD,RC,Residential - Condominium,25600.0
raw,RDO No. 53B - Muntinlupa City  is composed of the following Barangays:,,,,,,"I, IV, II-E, 4A",EXPRESS VIEW VILLAS,PUTATAN,RC,Residential - Condominium,19200.0
raw,RDO No. 53B - Muntinlupa City  is composed of the following Barangays:,,,,,,"I, IV, II-E, 4A",EXPRESS VIEW VILLAS,PUTATAN,RC,Residential - Condominium,19200.0
raw,RDO No. 53B - Muntinlupa City  is composed of the following Barangays:,,,,,,"I, IV, II-E, 4A",GALLERIA DE ALABANG,CUPANG,RC,Residential - Condominium,19200.0
raw,RDO No. 53B - Muntinlupa City  is composed of the following Barangays:,,,,,,"I, IV, II-E, 4A",GALLERIA DE ALABANG,CUPANG,RC,Residential - Condominium,19200.0
raw,RDO No. 53B - Muntinlupa City  is composed of the following Barangays:,,,,,,"I, IV, II-E, 4A","II, III, IV,",BAYANAN,RC,Residential - Condominium,12800.0
raw,RDO No. 53B - Muntinlupa City  is composed of the following Barangays:,,,,,,"I, IV, II-E, 4A","II, III, IV,",BAYANAN,RC,Residential - Condominium,12800.0
raw,RDO No. 53B - Muntinlupa City  is composed of the following Barangays:,,,,,,"I, IV, II-E, 4A",JAYSONVILLE 2 SUBD,PUTATAN,RC,Residential - Condominium,19200.0
raw,RDO No. 53B - Muntinlupa City  is composed of the following Barangays:,,,,,,"I, IV, II-E, 4A",JAYSONVILLE 2 SUBD,PUTATAN,RC,Residential - Condominium,19200.0
raw,RDO No. 53B - Muntinlupa City  is composed of the following Barangays:,,,,,,"I, IV, II-E, 4A",MIDLAND PROPERTIES,PUTATAN,RC,Residential - Condominium,19200.0
raw,RDO No. 53B - Muntinlupa City  is composed of the following Barangays:,,,,,,"I, IV, II-E, 4A",MIDLAND PROPERTIES,PUTATAN,RC,Residential - Condominium,19200.0
raw,RDO No. 53B - Muntinlupa City  is composed of the following Barangays:,,,,,,"I, IV, II-E, 4A",PUPA COMPOUND,PUTATAN,RC,Residential - Condominium,19200.0
raw,RDO No. 53B - Muntinlupa City  is composed of the following Barangays:,,,,,,"I, IV, II-E, 4A",PUPA COMPOUND,PUTATAN,RC,Residential - Condominium,19200.0
raw,RDO No. 53B - Muntinlupa City  is composed of the following Barangays:,,,,,,"I, IV, II-E, 4A",S G TOWNHOUSE,TUNASAN,RC,Residential - Condominium,19200.0
raw,RDO No. 53B - Muntinlupa City  is composed of the following Barangays:,,,,,,"I, IV, II-E, 4A",S G TOWNHOUSE,TUNASAN,RC,Residential - Condominium,19200.0
raw,RDO No. 53B - Muntinlupa City  is composed of the following Barangays:,,,,,,"I, IV, II-E, 4A",SHARITA HAJAL-UH,PUTATAN,RC,Residential - Condominium,12800.0
raw,RDO No. 53B - Muntinlupa City  is composed of the following Barangays:,,,,,,"I, IV, II-E, 4A",SHARITA HAJAL-UH,PUTATAN,RC,Residential - Condominium,12800.0
raw,RDO No. 53B - Muntinlupa City  is composed of the following Barangays:,,,,,,"I, IV, II-E, 4A",SUMMITVILLE SUBD P-II,PUTATAN,RC,Residential - Condominium,19200.0
raw,RDO No. 53B - Muntinlupa City  is composed of the following Barangays:,,,,,,"I, IV, II-E, 4A",SUMMITVILLE SUBD P-II,PUTATAN,RC,Residential - Condominium,19200.0
raw,RDO No. 53B - Muntinlupa City  is composed of the following Barangays:,,,,,,"I, IV, II-E, 4A",TITO JOVY TOWER,"BUENCAMINO, ALABANG",RC,Residential - Condominium,25600.0
raw,RDO No. 53B - Muntinlupa City  is composed of the following Barangays:,,,,,,"I, IV, II-E, 4A",TITO JOVY TOWER,"BUENCAMINO, ALABANG",RC,Residential - Condominium,25600.0
raw,RDO No. 53B - Muntinlupa City  is composed of the following Barangays:,,,,,,"I, IV, II-E, 4A",TOWNHOUSES,PUTATAN,RC,Residential - Condominium,37750.0
raw,RDO No. 53B - Muntinlupa City  is composed of the following Barangays:,,,,,,"I, IV, II-E, 4A",TOWNHOUSES,PUTATAN,RC,Residential - Condominium,37750.0
raw,RDO No. 53B - Muntinlupa City  is composed of the following Barangays:,,,,,,"I, IV, II-E, 4A",VM TOWNHOMES,PUTATAN,RC,Residential - Condominium,18600.0
raw,RDO No. 53B - Muntinlupa City  is composed of the following Barangays:,,,,,,"I, IV, II-E, 4A",VM TOWNHOMES,PUTATAN,RC,Residential - Condominium,18600.0
raw,RDO No. 53B - Muntinlupa City  is composed of the following Barangays:,,,,,,"I, IV, II-E, 4A,",CHATELET COND,ALABANG ZAPOTE RD,RC,Residential - Condominium,20000.0
raw,RDO No. 53B - Muntinlupa City  is composed of the following Barangays:,,,,,,"I, IV, II-E, 4A,",CHATELET COND,ALABANG ZAPOTE RD,RC,Residential - Condominium,20000.0
raw,RDO No. 53B - Muntinlupa City  is composed of the following Barangays:,,,,,,"I, IV, II-E, 4A,",EXPRESS VIEW VILLAS,PUTATAN,RC,Residential - Condominium,15000.0
raw,RDO No. 53B - Muntinlupa City  is composed of the following Barangays:,,,,,,"I, IV, II-E, 4A,",EXPRESS VIEW VILLAS,PUTATAN,RC,Residential - Condominium,15000.0
raw,RDO No. 53B - Muntinlupa City  is composed of the following Barangays:,,,,,,"I, IV, II-E, 4A,",GALLERIA DE ALABANG,CUPANG,RC,Residential - Condominium,15000.0
raw,RDO No. 53B - Muntinlupa City  is composed of the following Barangays:,,,,,,"I, IV, II-E, 4A,",GALLERIA DE ALABANG,CUPANG,RC,Residential - Condominium,15000.0
raw,RDO No. 53B - Muntinlupa City  is composed of the following Barangays:,,,,,,"I, IV, II-E, 4A,","II, III, IV",BAYANAN,RC,Residential - Condominium,10000.0
raw,RDO No. 53B - Muntinlupa City  is composed of the following Barangays:,,,,,,"I, IV, II-E, 4A,","II, III, IV",BAYANAN,RC,Residential - Condominium,10000.0
raw,RDO No. 53B - Muntinlupa City  is composed of the following Barangays:,,,,,,"I, IV, II-E, 4A,",JAYSONVILLE 2 SUBD,PUTATAN,RC,Residential - Condominium,15000.0
raw,RDO No. 53B - Muntinlupa City  is composed of the following Barangays:,,,,,,"I, IV, II-E, 4A,",JAYSONVILLE 2 SUBD,PUTATAN,RC,Residential - Condominium,15000.0
raw,RDO No. 53B - Muntinlupa City  is composed of the following Barangays:,,,,,,"I, IV, II-E, 4A,",MIDLAND PROPERTIES,PUTATAN,RC,Residential - Condominium,15000.0
raw,RDO No. 53B - Muntinlupa City  is composed of the following Barangays:,,,,,,"I, IV, II-E, 4A,",MIDLAND PROPERTIES,PUTATAN,RC,Residential - Condominium,15000.0
raw,RDO No. 53B - Muntinlupa City  is composed of the following Barangays:,,,,,,"I, IV, II-E, 4A,",PUPA COMPOUND,PUTATAN,RC,Residential - Condominium,15000.0
raw,RDO No. 53B - Muntinlupa City  is composed of the following Barangays:,,,,,,"I, IV, II-E, 4A,",PUPA COMPOUND,PUTATAN,RC,Residential - Condominium,15000.0
raw,RDO No. 53B - Muntinlupa City  is composed of the following Barangays:,,,,,,"I, IV, II-E, 4A,",S G TOWNHOUSE,TUNASAN,RC,Residential - Condominium,14000.0
raw,RDO No. 53B - Muntinlupa City  is composed of the following Barangays:,,,,,,"I, IV, II-E, 4A,",S G TOWNHOUSE,TUNASAN,RC,Residential - Condominium,14000.0
raw,RDO No. 53B - Muntinlupa City  is composed of the following Barangays:,,,,,,"I, IV, II-E, 4A,",SHARITA HAJAL-UH,PUTATAN,RC,Residential - Condominium,10000.0
raw,RDO No. 53B - Muntinlupa City  is composed of the following Barangays:,,,,,,"I, IV, II-E, 4A,",SHARITA HAJAL-UH,PUTATAN,RC,Residential - Condominium,10000.0
raw,RDO No. 53B - Muntinlupa City  is composed of the following Barangays:,,,,,,"I, IV, II-E, 4A,",SUMMITVILLE SUBD P-II,PUTATAN,RC,Residential - Condominium,15000.0
raw,RDO No. 53B - Muntinlupa City  is composed of the following Barangays:,,,,,,"I, IV, II-E, 4A,",SUMMITVILLE SUBD P-II,PUTATAN,RC,Residential - Condominium,15000.0
raw,RDO No. 53B - Muntinlupa City  is composed of the following Barangays:,,,,,,"I, IV, II-E, 4A,",TITO JOVY TOWER,"BUENCAMINO, ALABANG",RC,Residential - Condominium,20000.0
raw,RDO No. 53B - Muntinlupa City  is composed of the following Barangays:,,,,,,"I, IV, II-E, 4A,",TITO JOVY TOWER,"BUENCAMINO, ALABANG",RC,Residential - Condominium,20000.0
raw,RDO No. 53B - Muntinlupa City  is composed of the following Barangays:,,,,,,"I, IV, II-E, 4A,",TOWNHOUSES,PUTATAN,RC,Residential - Condominium,31800.0
raw,RDO No. 53B - Muntinlupa City  is composed of the following Barangays:,,,,,,"I, IV, II-E, 4A,",TOWNHOUSES,PUTATAN,RC,Residential - Condominium,31800.0
raw,RDO No. 53B - Muntinlupa City  is composed of the following Barangays:,,,,,,"I, IV, II-E, 4A,",VM TOWNHOMES,PUTATAN,RC,Residential - Condominium,15000.0
raw,RDO No. 53B - Muntinlupa City  is composed of the following Barangays:,,,,,,"I, IV, II-E, 4A,",VM TOWNHOMES,PUTATAN,RC,Residential - Condominium,15000.0
raw,RDO No. 53B - Muntinlupa City  is composed of the following Barangays:,,,7TH,NCR,,POBLACION,ALONG PHILIPPINE NATIONAL RAILWAYS,BARRIO PROPER,RR,Residential - Regular,6000.0
raw,RDO No. 53B - Muntinlupa City  is composed of the following Barangays:,,,7TH,NCR,,POBLACION,ALONG PHILIPPINE NATIONAL RAILWAYS,BARRIO PROPER,RR,Residential - Regular,6000.0
raw,RDO No. 53B - Muntinlupa City  is composed of the following Barangays:,,,7TH,NCR,,POBLACION,CAMELLA HOMES IV,KATIHAN,RR,Residential - Regular,8000.0
raw,RDO No. 53B - Muntinlupa City  is composed of the following Barangays:,,,7TH,NCR,,POBLACION,CAMELLA HOMES IV,KATIHAN,RR,Residential - Regular,8000.0
raw,RDO No. 53B - Muntinlupa City  is composed of the following Barangays:,,,7TH,NCR,,POBLACION,COUNTRY HOMES 2,CAMELLA HOMES 4,RR,Residential - Regular,8000.0
raw,RDO No. 53B - Muntinlupa City  is composed of the following Barangays:,,,7TH,NCR,,POBLACION,COUNTRY HOMES 2,CAMELLA HOMES 4,RR,Residential - Regular,8000.0
raw,RDO No. 53B - Muntinlupa City  is composed of the following Barangays:,,,7TH,NCR,,POBLACION,E.RODRIGUEZ SR. AVENUE,SLEX-BILIBID ROAD,RR,Residential - Regular,12000.0
raw,RDO No. 53B - Muntinlupa City  is composed of the following Barangays:,,,7TH,NCR,,POBLACION,E.RODRIGUEZ SR. AVENUE,SLEX-BILIBID ROAD,CR,Commercial - Regular,18000.0
raw,RDO No. 53B - Muntinlupa City  is composed of the following Barangays:,,,7TH,NCR,,POBLACION,E.RODRIGUEZ SR. AVENUE,SLEX-BILIBID ROAD,I,Industrial,15000.0
raw,RDO No. 53B - Muntinlupa City  is composed of the following Barangays:,,,7TH,NCR,,POBLACION,E.RODRIGUEZ SR. AVENUE,SLEX-BILIBID ROAD,X,Special / Other,18000.0
raw,RDO No. 53B - Muntinlupa City  is composed of the following Barangays:,,,7TH,NCR,,POBLACION,E.RODRIGUEZ SR. AVENUE,SLEX-BILIBID ROAD,RR,Residential - Regular,12000.0
raw,RDO No. 53B - Muntinlupa City  is composed of the following Barangays:,,,7TH,NCR,,POBLACION,E.RODRIGUEZ SR. AVENUE,SLEX-BILIBID ROAD,CR,Commercial - Regular,18000.0
raw,RDO No. 53B - Muntinlupa City  is composed of the following Barangays:,,,7TH,NCR,,POBLACION,E.RODRIGUEZ SR. AVENUE,SLEX-BILIBID ROAD,I,Industrial,15000.0
raw,RDO No. 53B - Muntinlupa City  is composed of the following Barangays:,,,7TH,NCR,,POBLACION,E.RODRIGUEZ SR. AVENUE,SLEX-BILIBID ROAD,X,Special / Other,18000.0
raw,RDO No. 53B - Muntinlupa City  is composed of the following Barangays:,,,7TH,NCR,,POBLACION,KATARUNGAN VILLAGE I,NBP RESERVATION,RR,Residential - Regular,8000.0
raw,RDO No. 53B - Muntinlupa City  is composed of the following Barangays:,,,7TH,NCR,,POBLACION,KATARUNGAN VILLAGE I,NBP RESERVATION,RR,Residential - Regular,8000.0
raw,RDO No. 53B - Muntinlupa City  is composed of the following Barangays:,,,7TH,NCR,,POBLACION,KATARUNGAN VILLAGE II,NBP RESERVATION,RR,Residential - Regular,7000.0
raw,RDO No. 53B - Muntinlupa City  is composed of the following Barangays:,,,7TH,NCR,,POBLACION,KATARUNGAN VILLAGE II,NBP RESERVATION,RR,Residential - Regular,7000.0
raw,RDO No. 53B - Muntinlupa City  is composed of the following Barangays:,,,,,,POBLACION,KATIHAN I & II,PUROK 1,RR,Residential - Regular,1700.0
raw,RDO No. 53B - Muntinlupa City  is composed of the following Barangays:,,,,,,POBLACION,KATIHAN I & II,PUROK 1,RR,Residential - Regular,1300.0
raw,RDO No. 53B - Muntinlupa City  is composed of the following Barangays:,,,,,,POBLACION,KATIHAN I & II,PUROK 1,RR,Residential - Regular,1100.0
raw,RDO No. 53B - Muntinlupa City  is composed of the following Barangays:,,,,,,POBLACION,KATIHAN I & II,PUROK 1,RR,Residential - Regular,700.0
raw,RDO No. 53B - Muntinlupa City  is composed of the following Barangays:,,,,,,POBLACION,KATIHAN I & II,PUROK 1,RR,Residential - Regular,1700.0
raw,RDO No. 53B - Muntinlupa City  is composed of the following Barangays:,,,,,,POBLACION,KATIHAN I & II,PUROK 1,RR,Residential - Regular,1300.0
raw,RDO No. 53B - Muntinlupa City  is composed of the following Barangays:,,,,,,POBLACION,KATIHAN I & II,PUROK 1,RR,Residential - Regular,1100.0
raw,RDO No. 53B - Muntinlupa City  is composed of the following Barangays:,,,,,,POBLACION,KATIHAN I & II,PUROK 1,RR,Residential - Regular,700.0
raw,RDO No. 53B - Muntinlupa City  is composed of the following Barangays:,,,,,,POBLACION,KATIHAN P I  II,PUROK 1,RR,Residential - Regular,300.0
raw,RDO No. 53B - Muntinlupa City  is composed of the following Barangays:,,,,,,POBLACION,KATIHAN P I  II,PUROK 1,RR,Residential - Regular,300.0
raw,RDO No. 53B - Muntinlupa City  is composed of the following Barangays:,,,,,,POBLACION,KATIHAN P I II,PUROK 1,RR,Residential - Regular,600.0
raw,RDO No. 53B - Muntinlupa City  is composed of the following Barangays:,,,,,,POBLACION,KATIHAN P I II,PUROK 1,RR,Residential - Regular,600.0
raw,RDO No. 53B - Muntinlupa City  is composed of the following Barangays:,,,7TH,NCR,,POBLACION,NATIONAL ROAD,MAGDAONG RIV-BALIMBING RIVER,CR,Commercial - Regular,25000.0
raw,RDO No. 53B - Muntinlupa City  is composed of the following Barangays:,,,7TH,NCR,,POBLACION,NATIONAL ROAD,MAGDAONG RIV-BALIMBING RIVER,X,Special / Other,25000.0
raw,RDO No. 53B - Muntinlupa City  is composed of the following Barangays:,,,,,,POBLACION,NATIONAL ROAD,MAGDAONG RIV-BALIMBING RIVER,CR,Commercial - Regular,12100.0
raw,RDO No. 53B - Muntinlupa City  is composed of the following Barangays:,,,,,,POBLACION,NATIONAL ROAD,MAGDAONG RIV-BALIMBING RIVER,CR,Commercial - Regular,9600.0
raw,RDO No. 53B - Muntinlupa City  is composed of the following Barangays:,,,,,,POBLACION,NATIONAL ROAD,MAGDAONG RIV-BALIMBING RIVER,CR,Commercial - Regular,7500.0
raw,RDO No. 53B - Muntinlupa City  is composed of the following Barangays:,,,7TH,NCR,,POBLACION,NATIONAL ROAD,MAGDAONG RIV-BALIMBING RIVER,CR,Commercial - Regular,25000.0
raw,RDO No. 53B - Muntinlupa City  is composed of the following Barangays:,,,7TH,NCR,,POBLACION,NATIONAL ROAD,MAGDAONG RIV-BALIMBING RIVER,X,Special / Other,25000.0
raw,RDO No. 53B - Muntinlupa City  is composed of the following Barangays:,,,,,,POBLACION,NATIONAL ROAD,MAGDAONG RIV-BALIMBING RIVER,CR,Commercial - Regular,12100.0
raw,RDO No. 53B - Muntinlupa City  is composed of the following Barangays:,,,,,,POBLACION,NATIONAL ROAD,MAGDAONG RIV-BALIMBING RIVER,CR,Commercial - Regular,9600.0
raw,RDO No. 53B - Muntinlupa City  is composed of the following Barangays:,,,,,,POBLACION,NATIONAL ROAD,MAGDAONG RIV-BALIMBING RIVER,CR,Commercial - Regular,7500.0
raw,RDO No. 53B - Muntinlupa City  is composed of the following Barangays:,,,,,,POBLACION,POBLACION PROPER,PUROK 9,RR,Residential - Regular,1900.0
raw,RDO No. 53B - Muntinlupa City  is composed of the following Barangays:,,,,,,POBLACION,POBLACION PROPER,PUROK 9,RR,Residential - Regular,1500.0
raw,RDO No. 53B - Muntinlupa City  is composed of the following Barangays:,,,,,,POBLACION,POBLACION PROPER,PUROK 9,RR,Residential - Regular,1200.0
raw,RDO No. 53B - Muntinlupa City  is composed of the following Barangays:,,,,,,POBLACION,POBLACION PROPER,PUROK 9,RR,Residential - Regular,1900.0
raw,RDO No. 53B - Muntinlupa City  is composed of the following Barangays:,,,,,,POBLACION,POBLACION PROPER,PUROK 9,RR,Residential - Regular,1500.0
raw,RDO No. 53B - Muntinlupa City  is composed of the following Barangays:,,,,,,POBLACION,POBLACION PROPER,PUROK 9,RR,Residential - Regular,1200.0
raw,RDO No. 53B - Muntinlupa City  is composed of the following Barangays:,,,,,,POBLACION,PULONG ENG ENG,PUROK 9,RR,Residential - Regular,600.0
raw,RDO No. 53B - Muntinlupa City  is composed of the following Barangays:,,,,,,POBLACION,PULONG ENG ENG,PUROK 9,RR,Residential - Regular,300.0
raw,RDO No. 53B - Muntinlupa City  is composed of the following Barangays:,,,,,,POBLACION,PULONG ENG ENG,PUROK 9,RR,Residential - Regular,600.0
raw,RDO No. 53B - Muntinlupa City  is composed of the following Barangays:,,,,,,POBLACION,PULONG ENG ENG,PUROK 9,RR,Residential - Regular,300.0
raw,RDO No. 53B - Muntinlupa City  is composed of the following Barangays:,,,,,,POBLACION,PULONG ENG-ENG,PUROK 9,RR,Residential - Regular,1700.0
raw,RDO No. 53B - Muntinlupa City  is composed of the following Barangays:,,,,,,POBLACION,PULONG ENG-ENG,PUROK 9,RR,Residential - Regular,1300.0
raw,RDO No. 53B - Muntinlupa City  is composed of the following Barangays:,,,,,,POBLACION,PULONG ENG-ENG,PUROK 9,RR,Residential - Regular,1100.0
raw,RDO No. 53B - Muntinlupa City  is composed of the following Barangays:,,,,,,POBLACION,PULONG ENG-ENG,PUROK 9,RR,Residential - Regular,700.0
raw,RDO No. 53B - Muntinlupa City  is composed of the following Barangays:,,,,,,POBLACION,PULONG ENG-ENG,PUROK 9,RR,Residential - Regular,1700.0
raw,RDO No. 53B - Muntinlupa City  is composed of the following Barangays:,,,,,,POBLACION,PULONG ENG-ENG,PUROK 9,RR,Residential - Regular,1300.0
raw,RDO No. 53B - Muntinlupa City  is composed of the following Barangays:,,,,,,POBLACION,PULONG ENG-ENG,PUROK 9,RR,Residential - Regular,1100.0
raw,RDO No. 53B - Muntinlupa City  is composed of the following Barangays:,,,,,,POBLACION,PULONG ENG-ENG,PUROK 9,RR,Residential - Regular,700.0
raw,RDO No. 53B - Muntinlupa City  is composed of the following Barangays:,,,7TH,NCR,,POBLACION PROPER,ALL OTHER STREETS,T.M.ROAD - PNR SIDE,RR,Residential - Regular,6000.0
raw,RDO No. 53B - Muntinlupa City  is composed of the following Barangays:,,,7TH,NCR,,POBLACION PROPER,ALL OTHER STREETS,T.M.ROAD - PNR SIDE,CR,Commercial - Regular,18000.0
raw,RDO No. 53B - Muntinlupa City  is composed of the following Barangays:,,,7TH,NCR,,POBLACION PROPER,ALL OTHER STREETS,T.M.ROAD - PNR SIDE,I,Industrial,15000.0
raw,RDO No. 53B - Muntinlupa City  is composed of the following Barangays:,,,7TH,NCR,,POBLACION PROPER,ALL OTHER STREETS,T.M.ROAD - PNR SIDE,X,Special / Other,15000.0
raw,RDO No. 53B - Muntinlupa City  is composed of the following Barangays:,,,7TH,NCR,,POBLACION PROPER,ALL OTHER STREETS,T.M.ROAD - PNR SIDE,RR,Residential - Regular,6000.0
raw,RDO No. 53B - Muntinlupa City  is composed of the following Barangays:,,,7TH,NCR,,POBLACION PROPER,ALL OTHER STREETS,T.M.ROAD - PNR SIDE,CR,Commercial - Regular,18000.0
raw,RDO No. 53B - Muntinlupa City  is composed of the following Barangays:,,,7TH,NCR,,POBLACION PROPER,ALL OTHER STREETS,T.M.ROAD - PNR SIDE,I,Industrial,15000.0
raw,RDO No. 53B - Muntinlupa City  is composed of the following Barangays:,,,7TH,NCR,,POBLACION PROPER,ALL OTHER STREETS,T.M.ROAD - PNR SIDE,X,Special / Other,15000.0
raw,RDO No. 53B - Muntinlupa City  is composed of the following Barangays:,,,7TH,NCR,,POBLACION PROPER,QUEZON ST.,NATIONAL ROAD-PNR,RR,Residential - Regular,10000.0
raw,RDO No. 53B - Muntinlupa City  is composed of the following Barangays:,,,7TH,NCR,,POBLACION PROPER,QUEZON ST.,NATIONAL ROAD-PNR,CR,Commercial - Regular,18000.0
raw,RDO No. 53B - Muntinlupa City  is composed of the following Barangays:,,,7TH,NCR,,POBLACION PROPER,QUEZON ST.,NATIONAL ROAD-PNR,X,Special / Other,18000.0
raw,RDO No. 53B - Muntinlupa City  is composed of the following Barangays:,,,7TH,NCR,,POBLACION PROPER,QUEZON ST.,NATIONAL ROAD-PNR,RR,Residential - Regular,10000.0
raw,RDO No. 53B - Muntinlupa City  is composed of the following Barangays:,,,7TH,NCR,,POBLACION PROPER,QUEZON ST.,NATIONAL ROAD-PNR,CR,Commercial - Regular,18000.0
raw,RDO No. 53B - Muntinlupa City  is composed of the following Barangays:,,,7TH,NCR,,POBLACION PROPER,QUEZON ST.,NATIONAL ROAD-PNR,X,Special / Other,18000.0
raw,RDO No. 53B - Muntinlupa City  is composed of the following Barangays:,,,7TH,NCR,,POBLACION PROPER,RIZAL ST.,NBP-SLEX,RR,Residential - Regular,10000.0
raw,RDO No. 53B - Muntinlupa City  is composed of the following Barangays:,,,7TH,NCR,,POBLACION PROPER,RIZAL ST.,NBP-SLEX,X,Special / Other,15000.0
raw,RDO No. 53B - Muntinlupa City  is composed of the following Barangays:,,,7TH,NCR,,POBLACION PROPER,RIZAL ST.,SLEX-NATIONAL ROAD (KATIHAN),RR,Residential - Regular,15000.0
raw,RDO No. 53B - Muntinlupa City  is composed of the following Barangays:,,,7TH,NCR,,POBLACION PROPER,RIZAL ST.,SLEX-NATIONAL ROAD (KATIHAN),CR,Commercial - Regular,18000.0
raw,RDO No. 53B - Muntinlupa City  is composed of the following Barangays:,,,7TH,NCR,,POBLACION PROPER,RIZAL ST.,SLEX-NATIONAL ROAD (KATIHAN),X,Special / Other,18000.0
raw,RDO No. 53B - Muntinlupa City  is composed of the following Barangays:,,,7TH,NCR,,POBLACION PROPER,RIZAL ST.,NATIONAL ROAD-PNR,RR,Residential - Regular,10000.0
raw,RDO No. 53B - Muntinlupa City  is composed of the following Barangays:,,,7TH,NCR,,POBLACION PROPER,RIZAL ST.,NATIONAL ROAD-PNR,CR,Commercial - Regular,18000.0
raw,RDO No. 53B - Muntinlupa City  is composed of the following Barangays:,,,7TH,NCR,,POBLACION PROPER,RIZAL ST.,NATIONAL ROAD-PNR,X,Special / Other,18000.0
raw,RDO No. 53B - Muntinlupa City  is composed of the following Barangays:,,,7TH,NCR,,POBLACION PROPER,RIZAL ST.,PNR - TM ROAD,RR,Residential - Regular,6000.0
raw,RDO No. 53B - Muntinlupa City  is composed of the following Barangays:,,,7TH,NCR,,POBLACION PROPER,RIZAL ST.,NBP-SLEX,RR,Residential - Regular,10000.0
raw,RDO No. 53B - Muntinlupa City  is composed of the following Barangays:,,,7TH,NCR,,POBLACION PROPER,RIZAL ST.,NBP-SLEX,X,Special / Other,15000.0
raw,RDO No. 53B - Muntinlupa City  is composed of the following Barangays:,,,7TH,NCR,,POBLACION PROPER,RIZAL ST.,SLEX-NATIONAL ROAD (KATIHAN),RR,Residential - Regular,15000.0
raw,RDO No. 53B - Muntinlupa City  is composed of the following Barangays:,,,7TH,NCR,,POBLACION PROPER,RIZAL ST.,SLEX-NATIONAL ROAD (KATIHAN),CR,Commercial - Regular,18000.0
raw,RDO No. 53B - Muntinlupa City  is composed of the following Barangays:,,,7TH,NCR,,POBLACION PROPER,RIZAL ST.,SLEX-NATIONAL ROAD (KATIHAN),X,Special / Other,18000.0
raw,RDO No. 53B - Muntinlupa City  is composed of the following Barangays:,,,7TH,NCR,,POBLACION PROPER,RIZAL ST.,NATIONAL ROAD-PNR,RR,Residential - Regular,10000.0
raw,RDO No. 53B - Muntinlupa City  is composed of the following Barangays:,,,7TH,NCR,,POBLACION PROPER,RIZAL ST.,NATIONAL ROAD-PNR,CR,Commercial - Regular,18000.0
raw,RDO No. 53B - Muntinlupa City  is composed of the following Barangays:,,,7TH,NCR,,POBLACION PROPER,RIZAL ST.,NATIONAL ROAD-PNR,X,Special / Other,18000.0
raw,RDO No. 53B - Muntinlupa City  is composed of the following Barangays:,,,7TH,NCR,,POBLACION PROPER,RIZAL ST.,PNR - TM ROAD,RR,Residential - Regular,6000.0
raw,RDO No. 53B - Muntinlupa City  is composed of the following Barangays:,,,7TH,NCR,,POBLACION PROPER,SAMAHANG MAGKAKAPITBAHAY,MAGDAONG ST,RR,Residential - Regular,6000.0
raw,RDO No. 53B - Muntinlupa City  is composed of the following Barangays:,,,7TH,NCR,,POBLACION PROPER,SAMAHANG MAGKAKAPITBAHAY,MAGDAONG ST,RR,Residential - Regular,6000.0
raw,RDO No. 53B - Muntinlupa City  is composed of the following Barangays:,,,7TH,NCR,,POBLACION PROPER,SOUTH LUZON EXPRESSWAY (SLEX),PUTATAN BOUNDARY-TUNASAN BOUNDARY,CR,Commercial - Regular,25000.0
raw,RDO No. 53B - Muntinlupa City  is composed of the following Barangays:,,,7TH,NCR,,POBLACION PROPER,SOUTH LUZON EXPRESSWAY (SLEX),PUTATAN BOUNDARY-TUNASAN BOUNDARY,I,Industrial,23000.0
raw,RDO No. 53B - Muntinlupa City  is composed of the following Barangays:,,,7TH,NCR,,POBLACION PROPER,SOUTH LUZON EXPRESSWAY (SLEX),PUTATAN BOUNDARY-TUNASAN BOUNDARY,X,Special / Other,20000.0
raw,RDO No. 53B - Muntinlupa City  is composed of the following Barangays:,,,7TH,NCR,,POBLACION PROPER,SOUTH LUZON EXPRESSWAY (SLEX),PUTATAN BOUNDARY-TUNASAN BOUNDARY,CR,Commercial - Regular,25000.0
raw,RDO No. 53B - Muntinlupa City  is composed of the following Barangays:,,,7TH,NCR,,POBLACION PROPER,SOUTH LUZON EXPRESSWAY (SLEX),PUTATAN BOUNDARY-TUNASAN BOUNDARY,I,Industrial,23000.0
raw,RDO No. 53B - Muntinlupa City  is composed of the following Barangays:,,,7TH,NCR,,POBLACION PROPER,SOUTH LUZON EXPRESSWAY (SLEX),PUTATAN BOUNDARY-TUNASAN BOUNDARY,X,Special / Other,20000.0
raw,RDO No. 53B - Muntinlupa City  is composed of the following Barangays:,,,7TH,NCR,,POBLACION PROPER,SOUTHVILLE I-III,SAMPAGUITA ROAD-INSULAR PRISON ROAD,RR,Residential - Regular,6000.0
raw,RDO No. 53B - Muntinlupa City  is composed of the following Barangays:,,,7TH,NCR,,POBLACION PROPER,SOUTHVILLE I-III,SAMPAGUITA ROAD-INSULAR PRISON ROAD,RR,Residential - Regular,6000.0
raw,RDO No. 53B - Muntinlupa City  is composed of the following Barangays:,,,7TH,NCR,,POBLACION PROPER,T.M. ROAD (SAN GUILLERMO ST) PNR SIDE,T.M.ROAD - PNR SIDE,RR,Residential - Regular,6000.0
raw,RDO No. 53B - Muntinlupa City  is composed of the following Barangays:,,,7TH,NCR,,POBLACION PROPER,T.M. ROAD (SAN GUILLERMO ST) PNR SIDE,T.M.ROAD - PNR SIDE,RR,Residential - Regular,6000.0
raw,RDO No. 53B - Muntinlupa City  is composed of the following Barangays:,,,7TH,NCR,,POBLACION PROPER,T.M. ROAD- LAGUNA LAKESIDE,LAKESIDE - T.M. ROAD,RR,Residential - Regular,3000.0
raw,RDO No. 53B - Muntinlupa City  is composed of the following Barangays:,,,7TH,NCR,,POBLACION PROPER,T.M. ROAD- LAGUNA LAKESIDE,LAKESIDE - T.M. ROAD,RR,Residential - Regular,3000.0
raw,RDO No. 53B - Muntinlupa City  is composed of the following Barangays:,,,7TH,NCR,,PUTATAN,A & A AGRO HOMES,INT. NATIONAL ROAD,RR,Residential - Regular,8000.0
raw,RDO No. 53B - Muntinlupa City  is composed of the following Barangays:,,,7TH,NCR,,PUTATAN,A & A AGRO HOMES,INT. NATIONAL ROAD,RR,Residential - Regular,8000.0
raw,RDO No. 53B - Muntinlupa City  is composed of the following Barangays:,,,,,,PUTATAN,AGRO HOMES,NATIONAL HOMES,RR,Residential - Regular,3500.0
raw,RDO No. 53B - Muntinlupa City  is composed of the following Barangays:,,,,,,PUTATAN,AGRO HOMES,NATIONAL HOMES,RR,Residential - Regular,2825.0
raw,RDO No. 53B - Muntinlupa City  is composed of the following Barangays:,,,,,,PUTATAN,AGRO HOMES,NATIONAL HOMES,RR,Residential - Regular,2250.0
raw,RDO No. 53B - Muntinlupa City  is composed of the following Barangays:,,,,,,PUTATAN,AGRO HOMES,NATIONAL HOMES,RR,Residential - Regular,3500.0
raw,RDO No. 53B - Muntinlupa City  is composed of the following Barangays:,,,,,,PUTATAN,AGRO HOMES,NATIONAL HOMES,RR,Residential - Regular,2825.0
raw,RDO No. 53B - Muntinlupa City  is composed of the following Barangays:,,,,,,PUTATAN,AGRO HOMES,NATIONAL HOMES,RR,Residential - Regular,2250.0
raw,RDO No. 53B - Muntinlupa City  is composed of the following Barangays:,,,,,,PUTATAN,ALL OTHER PROPERTIES,SUMMITVILLE,GP,General Purpose,300.0
raw,RDO No. 53B - Muntinlupa City  is composed of the following Barangays:,,,,,,PUTATAN,ALL OTHER PROPERTIES,,GP,General Purpose,250.0
raw,RDO No. 53B - Muntinlupa City  is composed of the following Barangays:,,,,,,PUTATAN,ALL OTHER PROPERTIES,SUMMITVILLE,GP,General Purpose,300.0
raw,RDO No. 53B - Muntinlupa City  is composed of the following Barangays:,,,,,,PUTATAN,ALL OTHER PROPERTIES,,GP,General Purpose,250.0
raw,RDO No. 53B - Muntinlupa City  is composed of the following Barangays:,,,7TH,NCR,,PUTATAN,ALL OTHER STREETS,SLEX,RR,Residential - Regular,6000.0
raw,RDO No. 53B - Muntinlupa City  is composed of the following Barangays:,,,7TH,NCR,,PUTATAN,ALL OTHER STREETS,SLEX,CR,Commercial - Regular,15000.0
raw,RDO No. 53B - Muntinlupa City  is composed of the following Barangays:,,,7TH,NCR,,PUTATAN,ALL OTHER STREETS,SLEX,X,Special / Other,8000.0
raw,RDO No. 53B - Muntinlupa City  is composed of the following Barangays:,,,,,,PUTATAN,ALL OTHER STREETS,SUMMITVILLE,RR,Residential - Regular,1650.0
raw,RDO No. 53B - Muntinlupa City  is composed of the following Barangays:,,,,,,PUTATAN,ALL OTHER STREETS,SUMMITVILLE,CR,Commercial - Regular,6950.0
raw,RDO No. 53B - Muntinlupa City  is composed of the following Barangays:,,,,,,PUTATAN,ALL OTHER STREETS,SUMMITVILLE,GP,General Purpose,1950.0
raw,RDO No. 53B - Muntinlupa City  is composed of the following Barangays:,,,,,,PUTATAN,ALL OTHER STREETS,SUMMITVILLE,RR,Residential - Regular,1325.0
raw,RDO No. 53B - Muntinlupa City  is composed of the following Barangays:,,,,,,PUTATAN,ALL OTHER STREETS,SUMMITVILLE,CR,Commercial - Regular,5600.0
raw,RDO No. 53B - Muntinlupa City  is composed of the following Barangays:,,,,,,PUTATAN,ALL OTHER STREETS,SUMMITVILLE,GP,General Purpose,1500.0
raw,RDO No. 53B - Muntinlupa City  is composed of the following Barangays:,,,,,,PUTATAN,ALL OTHER STREETS,SOLDIERS HILLS,RR,Residential - Regular,1050.0
raw,RDO No. 53B - Muntinlupa City  is composed of the following Barangays:,,,,,,PUTATAN,ALL OTHER STREETS,SOLDIERS HILLS,CR,Commercial - Regular,4500.0
raw,RDO No. 53B - Muntinlupa City  is composed of the following Barangays:,,,,,,PUTATAN,ALL OTHER STREETS,SOLDIERS HILLS,GP,General Purpose,1000.0
raw,RDO No. 53B - Muntinlupa City  is composed of the following Barangays:,,,,,,PUTATAN,ALL OTHER STREETS,SUMMITVILLE,RR,Residential - Regular,700.0
raw,RDO No. 53B - Muntinlupa City  is composed of the following Barangays:,,,,,,PUTATAN,ALL OTHER STREETS,SUMMITVILLE,CR,Commercial - Regular,3000.0
raw,RDO No. 53B - Muntinlupa City  is composed of the following Barangays:,,,,,,PUTATAN,ALL OTHER STREETS,SUMMITVILLE,GP,General Purpose,500.0
raw,RDO No. 53B - Muntinlupa City  is composed of the following Barangays:,,,7TH,NCR,,PUTATAN,ALL OTHER STREETS,SLEX,RR,Residential - Regular,6000.0
raw,RDO No. 53B - Muntinlupa City  is composed of the following Barangays:,,,7TH,NCR,,PUTATAN,ALL OTHER STREETS,SLEX,CR,Commercial - Regular,15000.0
raw,RDO No. 53B - Muntinlupa City  is composed of the following Barangays:,,,7TH,NCR,,PUTATAN,ALL OTHER STREETS,SLEX,X,Special / Other,8000.0
raw,RDO No. 53B - Muntinlupa City  is composed of the following Barangays:,,,,,,PUTATAN,ALL OTHER STREETS,SUMMITVILLE,RR,Residential - Regular,1650.0
raw,RDO No. 53B - Muntinlupa City  is composed of the following Barangays:,,,,,,PUTATAN,ALL OTHER STREETS,SUMMITVILLE,CR,Commercial - Regular,6950.0
raw,RDO No. 53B - Muntinlupa City  is composed of the following Barangays:,,,,,,PUTATAN,ALL OTHER STREETS,SUMMITVILLE,GP,General Purpose,1950.0
raw,RDO No. 53B - Muntinlupa City  is composed of the following Barangays:,,,,,,PUTATAN,ALL OTHER STREETS,SUMMITVILLE,RR,Residential - Regular,1325.0
raw,RDO No. 53B - Muntinlupa City  is composed of the following Barangays:,,,,,,PUTATAN,ALL OTHER STREETS,SUMMITVILLE,CR,Commercial - Regular,5600.0
raw,RDO No. 53B - Muntinlupa City  is composed of the following Barangays:,,,,,,PUTATAN,ALL OTHER STREETS,SUMMITVILLE,GP,General Purpose,1500.0
raw,RDO No. 53B - Muntinlupa City  is composed of the following Barangays:,,,,,,PUTATAN,ALL OTHER STREETS,SOLDIERS HILLS,RR,Residential - Regular,1050.0
raw,RDO No. 53B - Muntinlupa City  is composed of the following Barangays:,,,,,,PUTATAN,ALL OTHER STREETS,SOLDIERS HILLS,CR,Commercial - Regular,4500.0
raw,RDO No. 53B - Muntinlupa City  is composed of the following Barangays:,,,,,,PUTATAN,ALL OTHER STREETS,SOLDIERS HILLS,GP,General Purpose,1000.0
raw,RDO No. 53B - Muntinlupa City  is composed of the following Barangays:,,,,,,PUTATAN,ALL OTHER STREETS,SUMMITVILLE,RR,Residential - Regular,700.0
raw,RDO No. 53B - Muntinlupa City  is composed of the following Barangays:,,,,,,PUTATAN,ALL OTHER STREETS,SUMMITVILLE,CR,Commercial - Regular,3000.0
raw,RDO No. 53B - Muntinlupa City  is composed of the following Barangays:,,,,,,PUTATAN,ALL OTHER STREETS,SUMMITVILLE,GP,General Purpose,500.0
raw,RDO No. 53B - Muntinlupa City  is composed of the following Barangays:,,,,,,PUTATAN,ALMAN VILLE,SUMMIT VILLE,RR,Residential - Regular,2400.0
raw,RDO No. 53B - Muntinlupa City  is composed of the following Barangays:,,,,,,PUTATAN,ALMAN VILLE,SUMMIT VILLE,RR,Residential - Regular,2000.0
raw,RDO No. 53B - Muntinlupa City  is composed of the following Barangays:,,,,,,PUTATAN,ALMAN VILLE,SUMMIT VILLE,RR,Residential - Regular,1500.0
raw,RDO No. 53B - Muntinlupa City  is composed of the following Barangays:,,,,,,PUTATAN,ALMAN VILLE,SUMMIT VILLE,RR,Residential - Regular,2400.0
raw,RDO No. 53B - Muntinlupa City  is composed of the following Barangays:,,,,,,PUTATAN,ALMAN VILLE,SUMMIT VILLE,RR,Residential - Regular,2000.0
raw,RDO No. 53B - Muntinlupa City  is composed of the following Barangays:,,,,,,PUTATAN,ALMAN VILLE,SUMMIT VILLE,RR,Residential - Regular,1500.0
raw,RDO No. 53B - Muntinlupa City  is composed of the following Barangays:,,,7TH,NCR,,PUTATAN,ALMAN VILLE SUBDIVISION,SUMMIT VILLE,RR,Residential - Regular,8000.0
raw,RDO No. 53B - Muntinlupa City  is composed of the following Barangays:,,,7TH,NCR,,PUTATAN,ALMAN VILLE SUBDIVISION,SUMMIT VILLE,RR,Residential - Regular,8000.0
raw,RDO No. 53B - Muntinlupa City  is composed of the following Barangays:,,,7TH,NCR,,PUTATAN,ALONG PHILIPPINE NATIONAL RAILWAYS,BARRIO PROPER,RR,Residential - Regular,6000.0
raw,RDO No. 53B - Muntinlupa City  is composed of the following Barangays:,,,7TH,NCR,,PUTATAN,ALONG PHILIPPINE NATIONAL RAILWAYS,BARRIO PROPER,RR,Residential - Regular,6000.0
raw,RDO No. 53B - Muntinlupa City  is composed of the following Barangays:,,,,,,PUTATAN,ALONG RAILROAD,BRUGER SUBD,RR,Residential - Regular,1900.0
raw,RDO No. 53B - Muntinlupa City  is composed of the following Barangays:,,,,,,PUTATAN,ALONG RAILROAD,BRUGER SUBD,RR,Residential - Regular,1525.0
raw,RDO No. 53B - Muntinlupa City  is composed of the following Barangays:,,,,,,PUTATAN,ALONG RAILROAD,BRUGER SUBD,RR,Residential - Regular,1200.0
raw,RDO No. 53B - Muntinlupa City  is composed of the following Barangays:,,,,,,PUTATAN,ALONG RAILROAD,BRUGER SUBD,RR,Residential - Regular,800.0
raw,RDO No. 53B - Muntinlupa City  is composed of the following Barangays:,,,,,,PUTATAN,ALONG RAILROAD,BRUGER SUBD,RR,Residential - Regular,700.0
raw,RDO No. 53B - Muntinlupa City  is composed of the following Barangays:,,,,,,PUTATAN,ALONG RAILROAD,BRUGER SUBD,RR,Residential - Regular,350.0
raw,RDO No. 53B - Muntinlupa City  is composed of the following Barangays:,,,,,,PUTATAN,ALONG RAILROAD,BRUGER SUBD,RR,Residential - Regular,1900.0
raw,RDO No. 53B - Muntinlupa City  is composed of the following Barangays:,,,,,,PUTATAN,ALONG RAILROAD,BRUGER SUBD,RR,Residential - Regular,1525.0
raw,RDO No. 53B - Muntinlupa City  is composed of the following Barangays:,,,,,,PUTATAN,ALONG RAILROAD,BRUGER SUBD,RR,Residential - Regular,1200.0
raw,RDO No. 53B - Muntinlupa City  is composed of the following Barangays:,,,,,,PUTATAN,ALONG RAILROAD,BRUGER SUBD,RR,Residential - Regular,800.0
raw,RDO No. 53B - Muntinlupa City  is composed of the following Barangays:,,,,,,PUTATAN,ALONG RAILROAD,BRUGER SUBD,RR,Residential - Regular,700.0
raw,RDO No. 53B - Muntinlupa City  is composed of the following Barangays:,,,,,,PUTATAN,ALONG RAILROAD,BRUGER SUBD,RR,Residential - Regular,350.0
raw,RDO No. 53B - Muntinlupa City  is composed of the following Barangays:,,,7TH,NCR,,PUTATAN,BAGONG SIBOL,PASONG MAKIPOT,RR,Residential - Regular,8000.0
raw,RDO No. 53B - Muntinlupa City  is composed of the following Barangays:,,,7TH,NCR,,PUTATAN,BAGONG SIBOL,PASONG MAKIPOT,RR,Residential - Regular,8000.0
raw,RDO No. 53B - Muntinlupa City  is composed of the following Barangays:,,,7TH,NCR,,PUTATAN,BAYFAIR SUBDDIVISION,INT. BRUGER ROAD,RR,Residential - Regular,9000.0
raw,RDO No. 53B - Muntinlupa City  is composed of the following Barangays:,,,7TH,NCR,,PUTATAN,BAYFAIR SUBDDIVISION,INT. BRUGER ROAD,RR,Residential - Regular,9000.0
raw,RDO No. 53B - Muntinlupa City  is composed of the following Barangays:,,,,,,PUTATAN,BRUGER SUBD,RAILROAD,RR,Residential - Regular,2050.0
raw,RDO No. 53B - Muntinlupa City  is composed of the following Barangays:,,,,,,PUTATAN,BRUGER SUBD,RAILROAD,RR,Residential - Regular,1600.0
raw,RDO No. 53B - Muntinlupa City  is composed of the following Barangays:,,,,,,PUTATAN,BRUGER SUBD,RAILROAD,RR,Residential - Regular,1250.0
raw,RDO No. 53B - Muntinlupa City  is composed of the following Barangays:,,,,,,PUTATAN,BRUGER SUBD,RAILROAD,RR,Residential - Regular,800.0
raw,RDO No. 53B - Muntinlupa City  is composed of the following Barangays:,,,,,,PUTATAN,BRUGER SUBD,RAILROAD,RR,Residential - Regular,700.0
raw,RDO No. 53B - Muntinlupa City  is composed of the following Barangays:,,,,,,PUTATAN,BRUGER SUBD,RAILROAD,RR,Residential - Regular,350.0
raw,RDO No. 53B - Muntinlupa City  is composed of the following Barangays:,,,,,,PUTATAN,BRUGER SUBD,RAILROAD,RR,Residential - Regular,2050.0
raw,RDO No. 53B - Muntinlupa City  is composed of the following Barangays:,,,,,,PUTATAN,BRUGER SUBD,RAILROAD,RR,Residential - Regular,1600.0
raw,RDO No. 53B - Muntinlupa City  is composed of the following Barangays:,,,,,,PUTATAN,BRUGER SUBD,RAILROAD,RR,Residential - Regular,1250.0
raw,RDO No. 53B - Muntinlupa City  is composed of the following Barangays:,,,,,,PUTATAN,BRUGER SUBD,RAILROAD,RR,Residential - Regular,800.0
raw,RDO No. 53B - Muntinlupa City  is composed of the following Barangays:,,,,,,PUTATAN,BRUGER SUBD,RAILROAD,RR,Residential - Regular,700.0
raw,RDO No. 53B - Muntinlupa City  is composed of the following Barangays:,,,,,,PUTATAN,BRUGER SUBD,RAILROAD,RR,Residential - Regular,350.0
raw,RDO No. 53B - Muntinlupa City  is composed of the following Barangays:,,,7TH,NCR,,PUTATAN,BRUGER SUBDIVISION,RAILROAD,RR,Residential - Regular,10000.0
raw,RDO No. 53B - Muntinlupa City  is composed of the following Barangays:,,,7TH,NCR,,PUTATAN,BRUGER SUBDIVISION,RAILROAD,X,Special / Other,10000.0
raw,RDO No. 53B - Muntinlupa City  is composed of the following Barangays:,,,7TH,NCR,,PUTATAN,BRUGER SUBDIVISION,RAILROAD,RR,Residential - Regular,10000.0
raw,RDO No. 53B - Muntinlupa City  is composed of the following Barangays:,,,7TH,NCR,,PUTATAN,BRUGER SUBDIVISION,RAILROAD,X,Special / Other,10000.0
raw,RDO No. 53B - Muntinlupa City  is composed of the following Barangays:,,,,,,PUTATAN,CAMELLA HOMES,SOLDIER HILLS,RR,Residential - Regular,3800.0
raw,RDO No. 53B - Muntinlupa City  is composed of the following Barangays:,,,,,,PUTATAN,CAMELLA HOMES,SOLDIER HILLS,RR,Residential - Regular,2325.0
raw,RDO No. 53B - Muntinlupa City  is composed of the following Barangays:,,,,,,PUTATAN,CAMELLA HOMES,SOLDIER HILLS,RR,Residential - Regular,1850.0
raw,RDO No. 53B - Muntinlupa City  is composed of the following Barangays:,,,,,,PUTATAN,CAMELLA HOMES,SOLDIER HILLS,RR,Residential - Regular,1100.0
raw,RDO No. 53B - Muntinlupa City  is composed of the following Barangays:,,,,,,PUTATAN,CAMELLA HOMES,SOLDIERS HILLS,RR,Residential - Regular,1000.0
raw,RDO No. 53B - Muntinlupa City  is composed of the following Barangays:,,,,,,PUTATAN,CAMELLA HOMES,SOLDIER'S HILLS,RR,Residential - Regular,500.0
raw,RDO No. 53B - Muntinlupa City  is composed of the following Barangays:,,,,,,PUTATAN,CAMELLA HOMES,SOLDIER HILLS,RR,Residential - Regular,3800.0
raw,RDO No. 53B - Muntinlupa City  is composed of the following Barangays:,,,,,,PUTATAN,CAMELLA HOMES,SOLDIER HILLS,RR,Residential - Regular,2325.0
raw,RDO No. 53B - Muntinlupa City  is composed of the following Barangays:,,,,,,PUTATAN,CAMELLA HOMES,SOLDIER HILLS,RR,Residential - Regular,1850.0
raw,RDO No. 53B - Muntinlupa City  is composed of the following Barangays:,,,,,,PUTATAN,CAMELLA HOMES,SOLDIER HILLS,RR,Residential - Regular,1100.0
raw,RDO No. 53B - Muntinlupa City  is composed of the following Barangays:,,,,,,PUTATAN,CAMELLA HOMES,SOLDIERS HILLS,RR,Residential - Regular,1000.0
raw,RDO No. 53B - Muntinlupa City  is composed of the following Barangays:,,,,,,PUTATAN,CAMELLA HOMES,SOLDIER'S HILLS,RR,Residential - Regular,500.0
raw,RDO No. 53B - Muntinlupa City  is composed of the following Barangays:,,,7TH,NCR,,PUTATAN,CAMELLA HOMES 1,SOUTH SUPERVILLE SUBD,RR,Residential - Regular,10000.0
raw,RDO No. 53B - Muntinlupa City  is composed of the following Barangays:,,,7TH,NCR,,PUTATAN,CAMELLA HOMES 1,SOUTH SUPERVILLE SUBD,RR,Residential - Regular,10000.0
raw,RDO No. 53B - Muntinlupa City  is composed of the following Barangays:,,,7TH,NCR,,PUTATAN,CAMELLA HOMES 2,SOLDIER'S HILLS,RR,Residential - Regular,10000.0
raw,RDO No. 53B - Muntinlupa City  is composed of the following Barangays:,,,7TH,NCR,,PUTATAN,CAMELLA HOMES 2,SOLDIER'S HILLS,RR,Residential - Regular,10000.0
raw,RDO No. 53B - Muntinlupa City  is composed of the following Barangays:,,,7TH,NCR,,PUTATAN,CAMELLA HOMES II- E,SOLDIER'S HILLS,RR,Residential - Regular,10000.0
raw,RDO No. 53B - Muntinlupa City  is composed of the following Barangays:,,,7TH,NCR,,PUTATAN,CAMELLA HOMES II- E,SOLDIER'S HILLS,RR,Residential - Regular,10000.0
raw,RDO No. 53B - Muntinlupa City  is composed of the following Barangays:,,,7TH,NCR,,PUTATAN,CAMELLA HOMES II-D,SOLDIER'S HILLS,RR,Residential - Regular,10000.0
raw,RDO No. 53B - Muntinlupa City  is composed of the following Barangays:,,,7TH,NCR,,PUTATAN,CAMELLA HOMES II-D,SOLDIER'S HILLS,RR,Residential - Regular,10000.0
raw,RDO No. 53B - Muntinlupa City  is composed of the following Barangays:,,,7TH,NCR,,PUTATAN,CAMELLA HOMES IV-B,BALIMBING RIVER,RR,Residential - Regular,10000.0
raw,RDO No. 53B - Muntinlupa City  is composed of the following Barangays:,,,7TH,NCR,,PUTATAN,CAMELLA HOMES IV-B,BALIMBING RIVER,RR,Residential - Regular,10000.0
raw,RDO No. 53B - Muntinlupa City  is composed of the following Barangays:,,,7TH,NCR,,PUTATAN,CAMELLA TOWNHOMES 1,CAMELLA HOMES I,RR,Residential - Regular,10000.0
raw,RDO No. 53B - Muntinlupa City  is composed of the following Barangays:,,,7TH,NCR,,PUTATAN,CAMELLA TOWNHOMES 1,CAMELLA HOMES I,RR,Residential - Regular,10000.0
raw,RDO No. 53B - Muntinlupa City  is composed of the following Barangays:,,,7TH,NCR,,PUTATAN,CAMELLA TOWNHOMES 2,SOUTH SUPERVILLE SUBD,RR,Residential - Regular,10000.0
raw,RDO No. 53B - Muntinlupa City  is composed of the following Barangays:,,,7TH,NCR,,PUTATAN,CAMELLA TOWNHOMES 2,SOUTH SUPERVILLE SUBD,RR,Residential - Regular,10000.0
raw,RDO No. 53B - Muntinlupa City  is composed of the following Barangays:,,,,,,PUTATAN,COUNTRY HOMES,LAKEVIEW I,RR,Residential - Regular,3100.0
raw,RDO No. 53B - Muntinlupa City  is composed of the following Barangays:,,,,,,PUTATAN,COUNTRY HOMES,LAKEVIEW I,RR,Residential - Regular,2525.0
raw,RDO No. 53B - Muntinlupa City  is composed of the following Barangays:,,,,,,PUTATAN,COUNTRY HOMES,LAKEVIEW I,RR,Residential - Regular,2050.0
raw,RDO No. 53B - Muntinlupa City  is composed of the following Barangays:,,,,,,PUTATAN,COUNTRY HOMES,LAKEVIEW I,RR,Residential - Regular,1300.0
raw,RDO No. 53B - Muntinlupa City  is composed of the following Barangays:,,,,,,PUTATAN,COUNTRY HOMES,LAKEVIEW I,RR,Residential - Regular,1100.0
raw,RDO No. 53B - Muntinlupa City  is composed of the following Barangays:,,,,,,PUTATAN,COUNTRY HOMES,LAKEVIEW I,RR,Residential - Regular,550.0
raw,RDO No. 53B - Muntinlupa City  is composed of the following Barangays:,,,,,,PUTATAN,COUNTRY HOMES,LAKEVIEW I,RR,Residential - Regular,3100.0
raw,RDO No. 53B - Muntinlupa City  is composed of the following Barangays:,,,,,,PUTATAN,COUNTRY HOMES,LAKEVIEW I,RR,Residential - Regular,2525.0
raw,RDO No. 53B - Muntinlupa City  is composed of the following Barangays:,,,,,,PUTATAN,COUNTRY HOMES,LAKEVIEW I,RR,Residential - Regular,2050.0
raw,RDO No. 53B - Muntinlupa City  is composed of the following Barangays:,,,,,,PUTATAN,COUNTRY HOMES,LAKEVIEW I,RR,Residential - Regular,1300.0
raw,RDO No. 53B - Muntinlupa City  is composed of the following Barangays:,,,,,,PUTATAN,COUNTRY HOMES,LAKEVIEW I,RR,Residential - Regular,1100.0
raw,RDO No. 53B - Muntinlupa City  is composed of the following Barangays:,,,,,,PUTATAN,COUNTRY HOMES,LAKEVIEW I,RR,Residential - Regular,550.0
raw,RDO No. 53B - Muntinlupa City  is composed of the following Barangays:,,,7TH,NCR,,PUTATAN,COUNTRY HOMES/CERF TOWNHOMES,SLEX,RR,Residential - Regular,12000.0
raw,RDO No. 53B - Muntinlupa City  is composed of the following Barangays:,,,7TH,NCR,,PUTATAN,COUNTRY HOMES/CERF TOWNHOMES,SLEX,RR,Residential - Regular,12000.0
raw,RDO No. 53B - Muntinlupa City  is composed of the following Barangays:,,,,,,PUTATAN,ESPOLAS CPD,FREDOM HILLS,RR,Residential - Regular,1900.0
raw,RDO No. 53B - Muntinlupa City  is composed of the following Barangays:,,,,,,PUTATAN,ESPOLAS CPD,FREDOM HILLS,RR,Residential - Regular,1500.0
raw,RDO No. 53B - Muntinlupa City  is composed of the following Barangays:,,,,,,PUTATAN,ESPOLAS CPD,FREDOM HILLS,RR,Residential - Regular,1200.0
raw,RDO No. 53B - Muntinlupa City  is composed of the following Barangays:,,,,,,PUTATAN,ESPOLAS CPD,FREDOM HILLS,RR,Residential - Regular,1900.0
raw,RDO No. 53B - Muntinlupa City  is composed of the following Barangays:,,,,,,PUTATAN,ESPOLAS CPD,FREDOM HILLS,RR,Residential - Regular,1500.0
raw,RDO No. 53B - Muntinlupa City  is composed of the following Barangays:,,,,,,PUTATAN,ESPOLAS CPD,FREDOM HILLS,RR,Residential - Regular,1200.0
raw,RDO No. 53B - Muntinlupa City  is composed of the following Barangays:,,,7TH,NCR,,PUTATAN,ESPORLAS CPD,F. DE MESA ELEM SCHOOL,RR,Residential - Regular,8000.0
raw,RDO No. 53B - Muntinlupa City  is composed of the following Barangays:,,,7TH,NCR,,PUTATAN,ESPORLAS CPD,F. DE MESA ELEM SCHOOL,X,Special / Other,8000.0
raw,RDO No. 53B - Muntinlupa City  is composed of the following Barangays:,,,,,,PUTATAN,ESPORLAS CPD,FREDOM HILLS,RR,Residential - Regular,800.0
raw,RDO No. 53B - Muntinlupa City  is composed of the following Barangays:,,,,,,PUTATAN,ESPORLAS CPD,FREDOM HILLS,RR,Residential - Regular,650.0
raw,RDO No. 53B - Muntinlupa City  is composed of the following Barangays:,,,,,,PUTATAN,ESPORLAS CPD,FREEDOM HILLS,RR,Residential - Regular,300.0
raw,RDO No. 53B - Muntinlupa City  is composed of the following Barangays:,,,7TH,NCR,,PUTATAN,ESPORLAS CPD,F. DE MESA ELEM SCHOOL,RR,Residential - Regular,8000.0
raw,RDO No. 53B - Muntinlupa City  is composed of the following Barangays:,,,7TH,NCR,,PUTATAN,ESPORLAS CPD,F. DE MESA ELEM SCHOOL,X,Special / Other,8000.0
raw,RDO No. 53B - Muntinlupa City  is composed of the following Barangays:,,,,,,PUTATAN,ESPORLAS CPD,FREDOM HILLS,RR,Residential - Regular,800.0
raw,RDO No. 53B - Muntinlupa City  is composed of the following Barangays:,,,,,,PUTATAN,ESPORLAS CPD,FREDOM HILLS,RR,Residential - Regular,650.0
raw,RDO No. 53B - Muntinlupa City  is composed of the following Barangays:,,,,,,PUTATAN,ESPORLAS CPD,FREEDOM HILLS,RR,Residential - Regular,300.0
raw,RDO No. 53B - Muntinlupa City  is composed of the following Barangays:,,,7TH,NCR,,PUTATAN,EXPRESS VIEW VILLAS,SLEX,RR,Residential - Regular,12000.0
raw,RDO No. 53B - Muntinlupa City  is composed of the following Barangays:,,,,,,PUTATAN,EXPRESS VIEW VILLAS,SOUTH EXPRESSWAY,RR,Residential - Regular,3500.0
raw,RDO No. 53B - Muntinlupa City  is composed of the following Barangays:,,,,,,PUTATAN,EXPRESS VIEW VILLAS,SOUTH EXPRESSWAY,RR,Residential - Regular,2825.0
raw,RDO No. 53B - Muntinlupa City  is composed of the following Barangays:,,,,,,PUTATAN,EXPRESS VIEW VILLAS,SOUTH EXPRESSWAY,RR,Residential - Regular,2250.0
raw,RDO No. 53B - Muntinlupa City  is composed of the following Barangays:,,,7TH,NCR,,PUTATAN,EXPRESS VIEW VILLAS,SLEX,RR,Residential - Regular,12000.0
raw,RDO No. 53B - Muntinlupa City  is composed of the following Barangays:,,,,,,PUTATAN,EXPRESS VIEW VILLAS,SOUTH EXPRESSWAY,RR,Residential - Regular,3500.0
raw,RDO No. 53B - Muntinlupa City  is composed of the following Barangays:,,,,,,PUTATAN,EXPRESS VIEW VILLAS,SOUTH EXPRESSWAY,RR,Residential - Regular,2825.0
raw,RDO No. 53B - Muntinlupa City  is composed of the following Barangays:,,,,,,PUTATAN,EXPRESS VIEW VILLAS,SOUTH EXPRESSWAY,RR,Residential - Regular,2250.0
raw,RDO No. 53B - Muntinlupa City  is composed of the following Barangays:,,,,,,PUTATAN,F DE MESA,FREDOM HILLS,RR,Residential - Regular,1900.0
raw,RDO No. 53B - Muntinlupa City  is composed of the following Barangays:,,,,,,PUTATAN,F DE MESA,FREDOM HILLS,RR,Residential - Regular,1500.0
raw,RDO No. 53B - Muntinlupa City  is composed of the following Barangays:,,,,,,PUTATAN,F DE MESA,FREDOM HILLS,RR,Residential - Regular,1200.0
raw,RDO No. 53B - Muntinlupa City  is composed of the following Barangays:,,,,,,PUTATAN,F DE MESA,FREDOM HILLS,RR,Residential - Regular,800.0
raw,RDO No. 53B - Muntinlupa City  is composed of the following Barangays:,,,,,,PUTATAN,F DE MESA,FREDOM HILLS,RR,Residential - Regular,700.0
raw,RDO No. 53B - Muntinlupa City  is composed of the following Barangays:,,,,,,PUTATAN,F DE MESA,FREEDOM HILLS,RR,Residential - Regular,350.0
raw,RDO No. 53B - Muntinlupa City  is composed of the following Barangays:,,,,,,PUTATAN,F DE MESA,FREDOM HILLS,RR,Residential - Regular,1900.0
raw,RDO No. 53B - Muntinlupa City  is composed of the following Barangays:,,,,,,PUTATAN,F DE MESA,FREDOM HILLS,RR,Residential - Regular,1500.0
raw,RDO No. 53B - Muntinlupa City  is composed of the following Barangays:,,,,,,PUTATAN,F DE MESA,FREDOM HILLS,RR,Residential - Regular,1200.0
raw,RDO No. 53B - Muntinlupa City  is composed of the following Barangays:,,,,,,PUTATAN,F DE MESA,FREDOM HILLS,RR,Residential - Regular,800.0
raw,RDO No. 53B - Muntinlupa City  is composed of the following Barangays:,,,,,,PUTATAN,F DE MESA,FREDOM HILLS,RR,Residential - Regular,700.0
raw,RDO No. 53B - Muntinlupa City  is composed of the following Barangays:,,,,,,PUTATAN,F DE MESA,FREEDOM HILLS,RR,Residential - Regular,350.0
raw,RDO No. 53B - Muntinlupa City  is composed of the following Barangays:,,,,,,PUTATAN,FREEDOM HILLS,MANILA SOUTH ROAD,RR,Residential - Regular,2000.0
raw,RDO No. 53B - Muntinlupa City  is composed of the following Barangays:,,,,,,PUTATAN,FREEDOM HILLS,MANILA SOUTH ROAD,RR,Residential - Regular,1600.0
raw,RDO No. 53B - Muntinlupa City  is composed of the following Barangays:,,,,,,PUTATAN,FREEDOM HILLS,MANILA SOUTH ROAD,RR,Residential - Regular,1250.0
raw,RDO No. 53B - Muntinlupa City  is composed of the following Barangays:,,,,,,PUTATAN,FREEDOM HILLS,MANILA SOUTH ROAD,RR,Residential - Regular,800.0
raw,RDO No. 53B - Muntinlupa City  is composed of the following Barangays:,,,,,,PUTATAN,FREEDOM HILLS,MANILA SOUTH ROAD,RR,Residential - Regular,700.0
raw,RDO No. 53B - Muntinlupa City  is composed of the following Barangays:,,,,,,PUTATAN,FREEDOM HILLS,MLA SOUTH ROAD,RR,Residential - Regular,350.0
raw,RDO No. 53B - Muntinlupa City  is composed of the following Barangays:,,,,,,PUTATAN,FREEDOM HILLS,MANILA SOUTH ROAD,RR,Residential - Regular,2000.0
raw,RDO No. 53B - Muntinlupa City  is composed of the following Barangays:,,,,,,PUTATAN,FREEDOM HILLS,MANILA SOUTH ROAD,RR,Residential - Regular,1600.0
raw,RDO No. 53B - Muntinlupa City  is composed of the following Barangays:,,,,,,PUTATAN,FREEDOM HILLS,MANILA SOUTH ROAD,RR,Residential - Regular,1250.0
raw,RDO No. 53B - Muntinlupa City  is composed of the following Barangays:,,,,,,PUTATAN,FREEDOM HILLS,MANILA SOUTH ROAD,RR,Residential - Regular,800.0
raw,RDO No. 53B - Muntinlupa City  is composed of the following Barangays:,,,,,,PUTATAN,FREEDOM HILLS,MANILA SOUTH ROAD,RR,Residential - Regular,700.0
raw,RDO No. 53B - Muntinlupa City  is composed of the following Barangays:,,,,,,PUTATAN,FREEDOM HILLS,MLA SOUTH ROAD,RR,Residential - Regular,350.0
raw,RDO No. 53B - Muntinlupa City  is composed of the following Barangays:,,,7TH,NCR,,PUTATAN,FREEDOM HILLS SUBDIVISION,INT. NATIONAL ROAD,RR,Residential - Regular,10000.0
raw,RDO No. 53B - Muntinlupa City  is composed of the following Barangays:,,,7TH,NCR,,PUTATAN,FREEDOM HILLS SUBDIVISION,INT. NATIONAL ROAD,RR,Residential - Regular,10000.0
raw,RDO No. 53B - Muntinlupa City  is composed of the following Barangays:,,,7TH,NCR,,PUTATAN,FREEWILL SUBDIVISION,INT. TM ROAD,RR,Residential - Regular,10000.0
raw,RDO No. 53B - Muntinlupa City  is composed of the following Barangays:,,,7TH,NCR,,PUTATAN,FREEWILL SUBDIVISION,INT. TM ROAD,RR,Residential - Regular,10000.0
raw,RDO No. 53B - Muntinlupa City  is composed of the following Barangays:,,,,,,PUTATAN,GONZALES CPD,SUMMITVILLE,RR,Residential - Regular,1900.0
raw,RDO No. 53B - Muntinlupa City  is composed of the following Barangays:,,,,,,PUTATAN,GONZALES CPD,SUMMITVILLE,RR,Residential - Regular,1550.0
raw,RDO No. 53B - Muntinlupa City  is composed of the following Barangays:,,,,,,PUTATAN,GONZALES CPD,SUMMITVILLE,RR,Residential - Regular,1200.0
raw,RDO No. 53B - Muntinlupa City  is composed of the following Barangays:,,,,,,PUTATAN,GONZALES CPD,SUMMITVILLE,RR,Residential - Regular,800.0
raw,RDO No. 53B - Muntinlupa City  is composed of the following Barangays:,,,,,,PUTATAN,GONZALES CPD,SUMMITVILLE,RR,Residential - Regular,700.0
raw,RDO No. 53B - Muntinlupa City  is composed of the following Barangays:,,,,,,PUTATAN,GONZALES CPD,SUMMITVILLE,RR,Residential - Regular,350.0
raw,RDO No. 53B - Muntinlupa City  is composed of the following Barangays:,,,,,,PUTATAN,GONZALES CPD,SUMMITVILLE,RR,Residential - Regular,1900.0
raw,RDO No. 53B - Muntinlupa City  is composed of the following Barangays:,,,,,,PUTATAN,GONZALES CPD,SUMMITVILLE,RR,Residential - Regular,1550.0
raw,RDO No. 53B - Muntinlupa City  is composed of the following Barangays:,,,,,,PUTATAN,GONZALES CPD,SUMMITVILLE,RR,Residential - Regular,1200.0
raw,RDO No. 53B - Muntinlupa City  is composed of the following Barangays:,,,,,,PUTATAN,GONZALES CPD,SUMMITVILLE,RR,Residential - Regular,800.0
raw,RDO No. 53B - Muntinlupa City  is composed of the following Barangays:,,,,,,PUTATAN,GONZALES CPD,SUMMITVILLE,RR,Residential - Regular,700.0
raw,RDO No. 53B - Muntinlupa City  is composed of the following Barangays:,,,,,,PUTATAN,GONZALES CPD,SUMMITVILLE,RR,Residential - Regular,350.0
raw,RDO No. 53B - Muntinlupa City  is composed of the following Barangays:,,,,,,PUTATAN,GRUENVILLE,RAILROAD,RR,Residential - Regular,2500.0
raw,RDO No. 53B - Muntinlupa City  is composed of the following Barangays:,,,,,,PUTATAN,GRUENVILLE,RAILROAD,RR,Residential - Regular,2100.0
raw,RDO No. 53B - Muntinlupa City  is composed of the following Barangays:,,,,,,PUTATAN,GRUENVILLE,RAILROAD,RR,Residential - Regular,1500.0
raw,RDO No. 53B - Muntinlupa City  is composed of the following Barangays:,,,,,,PUTATAN,GRUENVILLE,RAILROAD,RR,Residential - Regular,2500.0
raw,RDO No. 53B - Muntinlupa City  is composed of the following Barangays:,,,,,,PUTATAN,GRUENVILLE,RAILROAD,RR,Residential - Regular,2100.0
raw,RDO No. 53B - Muntinlupa City  is composed of the following Barangays:,,,,,,PUTATAN,GRUENVILLE,RAILROAD,RR,Residential - Regular,1500.0
raw,RDO No. 53B - Muntinlupa City  is composed of the following Barangays:,,,7TH,NCR,,PUTATAN,GRUENVILLE SUBDIVISION,BRUGER ROAD,RR,Residential - Regular,10000.0
raw,RDO No. 53B - Muntinlupa City  is composed of the following Barangays:,,,7TH,NCR,,PUTATAN,GRUENVILLE SUBDIVISION,BRUGER ROAD,RR,Residential - Regular,10000.0
raw,RDO No. 53B - Muntinlupa City  is composed of the following Barangays:,,,7TH,NCR,,PUTATAN,HILLS VIEW,INT. NATIONAL ROAD,RR,Residential - Regular,10000.0
raw,RDO No. 53B - Muntinlupa City  is composed of the following Barangays:,,,7TH,NCR,,PUTATAN,HILLS VIEW,INT. NATIONAL ROAD,RR,Residential - Regular,10000.0
raw,RDO No. 53B - Muntinlupa City  is composed of the following Barangays:,,,,,,PUTATAN,JAYSON'S VILLE,NATIONAL ROAD,RR,Residential - Regular,2450.0
raw,RDO No. 53B - Muntinlupa City  is composed of the following Barangays:,,,,,,PUTATAN,JAYSON'S VILLE,NATIONAL ROAD,RR,Residential - Regular,2100.0
raw,RDO No. 53B - Muntinlupa City  is composed of the following Barangays:,,,,,,PUTATAN,JAYSON'S VILLE,NATIONAL ROAD,RR,Residential - Regular,1500.0
raw,RDO No. 53B - Muntinlupa City  is composed of the following Barangays:,,,,,,PUTATAN,JAYSON'S VILLE,NATIONAL ROAD,RR,Residential - Regular,2450.0
raw,RDO No. 53B - Muntinlupa City  is composed of the following Barangays:,,,,,,PUTATAN,JAYSON'S VILLE,NATIONAL ROAD,RR,Residential - Regular,2100.0
raw,RDO No. 53B - Muntinlupa City  is composed of the following Barangays:,,,,,,PUTATAN,JAYSON'S VILLE,NATIONAL ROAD,RR,Residential - Regular,1500.0
raw,RDO No. 53B - Muntinlupa City  is composed of the following Barangays:,,,7TH,NCR,,PUTATAN,JAYSONVILLE  SUBDIVISION,INT. NATIONAL ROAD,RR,Residential - Regular,10000.0
raw,RDO No. 53B - Muntinlupa City  is composed of the following Barangays:,,,7TH,NCR,,PUTATAN,JAYSONVILLE  SUBDIVISION,INT. NATIONAL ROAD,X,Special / Other,10000.0
raw,RDO No. 53B - Muntinlupa City  is composed of the following Barangays:,,,7TH,NCR,,PUTATAN,JAYSONVILLE  SUBDIVISION,INT. NATIONAL ROAD,RR,Residential - Regular,10000.0
raw,RDO No. 53B - Muntinlupa City  is composed of the following Barangays:,,,7TH,NCR,,PUTATAN,JAYSONVILLE  SUBDIVISION,INT. NATIONAL ROAD,X,Special / Other,10000.0
raw,RDO No. 53B - Muntinlupa City  is composed of the following Barangays:,,,7TH,NCR,,PUTATAN,JOAS MERRY SUBDIVISION,BRUGER SUBD,RR,Residential - Regular,10000.0
raw,RDO No. 53B - Muntinlupa City  is composed of the following Barangays:,,,7TH,NCR,,PUTATAN,JOAS MERRY SUBDIVISION,BRUGER SUBD,X,Special / Other,10000.0
raw,RDO No. 53B - Muntinlupa City  is composed of the following Barangays:,,,7TH,NCR,,PUTATAN,JOAS MERRY SUBDIVISION,BRUGER SUBD,RR,Residential - Regular,10000.0
raw,RDO No. 53B - Muntinlupa City  is composed of the following Barangays:,,,7TH,NCR,,PUTATAN,JOAS MERRY SUBDIVISION,BRUGER SUBD,X,Special / Other,10000.0
raw,RDO No. 53B - Muntinlupa City  is composed of the following Barangays:,,,,,,PUTATAN,JPA SUBD,MANILA SOUTH ROAD,RR,Residential - Regular,2250.0
raw,RDO No. 53B - Muntinlupa City  is composed of the following Barangays:,,,,,,PUTATAN,JPA SUBD,MANILA SOUTH ROAD,RR,Residential - Regular,1750.0
raw,RDO No. 53B - Muntinlupa City  is composed of the following Barangays:,,,,,,PUTATAN,JPA SUBD,MANILA SOUTH ROAD,RR,Residential - Regular,1400.0
raw,RDO No. 53B - Muntinlupa City  is composed of the following Barangays:,,,,,,PUTATAN,JPA SUBD,MANILA SOUTH ROAD,RR,Residential - Regular,1000.0
raw,RDO No. 53B - Muntinlupa City  is composed of the following Barangays:,,,,,,PUTATAN,JPA SUBD,MLA SOUTH ROAD,RR,Residential - Regular,900.0
raw,RDO No. 53B - Muntinlupa City  is composed of the following Barangays:,,,,,,PUTATAN,JPA SUBD,MLA SOUTH ROAD,RR,Residential - Regular,450.0
raw,RDO No. 53B - Muntinlupa City  is composed of the following Barangays:,,,,,,PUTATAN,JPA SUBD,MANILA SOUTH ROAD,RR,Residential - Regular,2250.0
raw,RDO No. 53B - Muntinlupa City  is composed of the following Barangays:,,,,,,PUTATAN,JPA SUBD,MANILA SOUTH ROAD,RR,Residential - Regular,1750.0
raw,RDO No. 53B - Muntinlupa City  is composed of the following Barangays:,,,,,,PUTATAN,JPA SUBD,MANILA SOUTH ROAD,RR,Residential - Regular,1400.0
raw,RDO No. 53B - Muntinlupa City  is composed of the following Barangays:,,,,,,PUTATAN,JPA SUBD,MANILA SOUTH ROAD,RR,Residential - Regular,1000.0
raw,RDO No. 53B - Muntinlupa City  is composed of the following Barangays:,,,,,,PUTATAN,JPA SUBD,MLA SOUTH ROAD,RR,Residential - Regular,900.0
raw,RDO No. 53B - Muntinlupa City  is composed of the following Barangays:,,,,,,PUTATAN,JPA SUBD,MLA SOUTH ROAD,RR,Residential - Regular,450.0
raw,RDO No. 53B - Muntinlupa City  is composed of the following Barangays:,,,7TH,NCR,,PUTATAN,JRS CMPD/SORIANO VILLE,INT. TM ROAD (TAGUIG MUNT. ROAD),RR,Residential - Regular,10000.0
raw,RDO No. 53B - Muntinlupa City  is composed of the following Barangays:,,,7TH,NCR,,PUTATAN,JRS CMPD/SORIANO VILLE,INT. TM ROAD (TAGUIG MUNT. ROAD),RR,Residential - Regular,10000.0
raw,RDO No. 53B - Muntinlupa City  is composed of the following Barangays:,,,7TH,NCR,,PUTATAN,LA CHARINA HEIGHTS,SLEX,RR,Residential - Regular,10000.0
raw,RDO No. 53B - Muntinlupa City  is composed of the following Barangays:,,,,,,PUTATAN,LA CHARINA HEIGHTS,SOUTH EXPRESSWAY,RR,Residential - Regular,2400.0
raw,RDO No. 53B - Muntinlupa City  is composed of the following Barangays:,,,,,,PUTATAN,LA CHARINA HEIGHTS,SOUTH EXPRESSWAY,RR,Residential - Regular,1950.0
raw,RDO No. 53B - Muntinlupa City  is composed of the following Barangays:,,,,,,PUTATAN,LA CHARINA HEIGHTS,SOUTH EXPRESSWAY,RR,Residential - Regular,1500.0
raw,RDO No. 53B - Muntinlupa City  is composed of the following Barangays:,,,7TH,NCR,,PUTATAN,LA CHARINA HEIGHTS,SLEX,RR,Residential - Regular,10000.0
raw,RDO No. 53B - Muntinlupa City  is composed of the following Barangays:,,,,,,PUTATAN,LA CHARINA HEIGHTS,SOUTH EXPRESSWAY,RR,Residential - Regular,2400.0
raw,RDO No. 53B - Muntinlupa City  is composed of the following Barangays:,,,,,,PUTATAN,LA CHARINA HEIGHTS,SOUTH EXPRESSWAY,RR,Residential - Regular,1950.0
raw,RDO No. 53B - Muntinlupa City  is composed of the following Barangays:,,,,,,PUTATAN,LA CHARINA HEIGHTS,SOUTH EXPRESSWAY,RR,Residential - Regular,1500.0
raw,RDO No. 53B - Muntinlupa City  is composed of the following Barangays:,,,,,,PUTATAN,LAGUNA LAKE,TAGUIG MUNT ROAD,RR,Residential - Regular,1300.0
raw,RDO No. 53B - Muntinlupa City  is composed of the following Barangays:,,,,,,PUTATAN,LAGUNA LAKE,TAGUIG MUNT ROAD,RR,Residential - Regular,1000.0
raw,RDO No. 53B - Muntinlupa City  is composed of the following Barangays:,,,,,,PUTATAN,LAGUNA LAKE,TAGUIG MUNT ROAD,RR,Residential - Regular,825.0
raw,RDO No. 53B - Muntinlupa City  is composed of the following Barangays:,,,,,,PUTATAN,LAGUNA LAKE,TAGUIG MUNT ROAD,RR,Residential - Regular,700.0
raw,RDO No. 53B - Muntinlupa City  is composed of the following Barangays:,,,,,,PUTATAN,LAGUNA LAKE,TAGUIG MUNT ROAD,RR,Residential - Regular,600.0
raw,RDO No. 53B - Muntinlupa City  is composed of the following Barangays:,,,,,,PUTATAN,LAGUNA LAKE,TAGUIG MUNT ROAD,RR,Residential - Regular,300.0
raw,RDO No. 53B - Muntinlupa City  is composed of the following Barangays:,,,,,,PUTATAN,LAGUNA LAKE,TAGUIG MUNT ROAD,RR,Residential - Regular,1300.0
raw,RDO No. 53B - Muntinlupa City  is composed of the following Barangays:,,,,,,PUTATAN,LAGUNA LAKE,TAGUIG MUNT ROAD,RR,Residential - Regular,1000.0
raw,RDO No. 53B - Muntinlupa City  is composed of the following Barangays:,,,,,,PUTATAN,LAGUNA LAKE,TAGUIG MUNT ROAD,RR,Residential - Regular,825.0
raw,RDO No. 53B - Muntinlupa City  is composed of the following Barangays:,,,,,,PUTATAN,LAGUNA LAKE,TAGUIG MUNT ROAD,RR,Residential - Regular,700.0
raw,RDO No. 53B - Muntinlupa City  is composed of the following Barangays:,,,,,,PUTATAN,LAGUNA LAKE,TAGUIG MUNT ROAD,RR,Residential - Regular,600.0
raw,RDO No. 53B - Muntinlupa City  is composed of the following Barangays:,,,,,,PUTATAN,LAGUNA LAKE,TAGUIG MUNT ROAD,RR,Residential - Regular,300.0
raw,RDO No. 53B - Muntinlupa City  is composed of the following Barangays:,,,7TH,NCR,,PUTATAN,LAKEVIEW HOMES I SUBDIVISION,INT. NATIONAL ROAD,RR,Residential - Regular,8000.0
raw,RDO No. 53B - Muntinlupa City  is composed of the following Barangays:,,,7TH,NCR,,PUTATAN,LAKEVIEW HOMES I SUBDIVISION,INT. NATIONAL ROAD,X,Special / Other,8000.0
raw,RDO No. 53B - Muntinlupa City  is composed of the following Barangays:,,,7TH,NCR,,PUTATAN,LAKEVIEW HOMES I SUBDIVISION,INT. NATIONAL ROAD,RR,Residential - Regular,8000.0
raw,RDO No. 53B - Muntinlupa City  is composed of the following Barangays:,,,7TH,NCR,,PUTATAN,LAKEVIEW HOMES I SUBDIVISION,INT. NATIONAL ROAD,X,Special / Other,8000.0
raw,RDO No. 53B - Muntinlupa City  is composed of the following Barangays:,,,7TH,NCR,,PUTATAN,LAKEVIEW HOMES II  SUBDIVISION,INT. TM ROAD,RR,Residential - Regular,8000.0
raw,RDO No. 53B - Muntinlupa City  is composed of the following Barangays:,,,7TH,NCR,,PUTATAN,LAKEVIEW HOMES II  SUBDIVISION,INT. TM ROAD,RR,Residential - Regular,8000.0
raw,RDO No. 53B - Muntinlupa City  is composed of the following Barangays:,,,,,,PUTATAN,LAKEVIEW I  II,MUN HOMES II,RR,Residential - Regular,700.0
raw,RDO No. 53B - Muntinlupa City  is composed of the following Barangays:,,,,,,PUTATAN,LAKEVIEW I  II,MUNT HOMES II,RR,Residential - Regular,350.0
raw,RDO No. 53B - Muntinlupa City  is composed of the following Barangays:,,,,,,PUTATAN,LAKEVIEW I  II,MUN HOMES II,RR,Residential - Regular,700.0
raw,RDO No. 53B - Muntinlupa City  is composed of the following Barangays:,,,,,,PUTATAN,LAKEVIEW I  II,MUNT HOMES II,RR,Residential - Regular,350.0
raw,RDO No. 53B - Muntinlupa City  is composed of the following Barangays:,,,,,,PUTATAN,LAKEVIEW I & II,MUNT HOMES II,RR,Residential - Regular,1900.0
raw,RDO No. 53B - Muntinlupa City  is composed of the following Barangays:,,,,,,PUTATAN,LAKEVIEW I & II,MUNT HOMES II,RR,Residential - Regular,1550.0
raw,RDO No. 53B - Muntinlupa City  is composed of the following Barangays:,,,,,,PUTATAN,LAKEVIEW I & II,MUNT HOMES II,RR,Residential - Regular,1200.0
raw,RDO No. 53B - Muntinlupa City  is composed of the following Barangays:,,,,,,PUTATAN,LAKEVIEW I & II,MUNT HOMES II,RR,Residential - Regular,800.0
raw,RDO No. 53B - Muntinlupa City  is composed of the following Barangays:,,,,,,PUTATAN,LAKEVIEW I & II,MUNT HOMES II,RR,Residential - Regular,1900.0
raw,RDO No. 53B - Muntinlupa City  is composed of the following Barangays:,,,,,,PUTATAN,LAKEVIEW I & II,MUNT HOMES II,RR,Residential - Regular,1550.0
raw,RDO No. 53B - Muntinlupa City  is composed of the following Barangays:,,,,,,PUTATAN,LAKEVIEW I & II,MUNT HOMES II,RR,Residential - Regular,1200.0
raw,RDO No. 53B - Muntinlupa City  is composed of the following Barangays:,,,,,,PUTATAN,LAKEVIEW I & II,MUNT HOMES II,RR,Residential - Regular,800.0
raw,RDO No. 53B - Muntinlupa City  is composed of the following Barangays:,,,,,,PUTATAN,LAS VEGAS ST,NATIONAL ROAD,RR,Residential - Regular,1900.0
raw,RDO No. 53B - Muntinlupa City  is composed of the following Barangays:,,,,,,PUTATAN,LAS VEGAS ST,NATIONAL ROAD,RR,Residential - Regular,1500.0
raw,RDO No. 53B - Muntinlupa City  is composed of the following Barangays:,,,,,,PUTATAN,LAS VEGAS ST,NATIONAL ROAD,RR,Residential - Regular,1200.0
raw,RDO No. 53B - Muntinlupa City  is composed of the following Barangays:,,,,,,PUTATAN,LAS VEGAS ST,NATIONAL ROAD,RR,Residential - Regular,1900.0
raw,RDO No. 53B - Muntinlupa City  is composed of the following Barangays:,,,,,,PUTATAN,LAS VEGAS ST,NATIONAL ROAD,RR,Residential - Regular,1500.0
raw,RDO No. 53B - Muntinlupa City  is composed of the following Barangays:,,,,,,PUTATAN,LAS VEGAS ST,NATIONAL ROAD,RR,Residential - Regular,1200.0
raw,RDO No. 53B - Muntinlupa City  is composed of the following Barangays:,,,7TH,NCR,,PUTATAN,LAS VEGAST ST,INT. NATIONAL ROAD,RR,Residential - Regular,8000.0
raw,RDO No. 53B - Muntinlupa City  is composed of the following Barangays:,,,7TH,NCR,,PUTATAN,LAS VEGAST ST,INT. NATIONAL ROAD,RR,Residential - Regular,8000.0
raw,RDO No. 53B - Muntinlupa City  is composed of the following Barangays:,,,7TH,NCR,,PUTATAN,LITE HOMES SUBD.,BRUGER ROAD,RR,Residential - Regular,10000.0
raw,RDO No. 53B - Muntinlupa City  is composed of the following Barangays:,,,7TH,NCR,,PUTATAN,LITE HOMES SUBD.,BRUGER ROAD,RR,Residential - Regular,10000.0
raw,RDO No. 53B - Muntinlupa City  is composed of the following Barangays:,,,,,,PUTATAN,MIDLAND SUBD,GRUENVILLE,RR,Residential - Regular,2450.0
raw,RDO No. 53B - Muntinlupa City  is composed of the following Barangays:,,,,,,PUTATAN,MIDLAND SUBD,GRUENVILLE,RR,Residential - Regular,2100.0
raw,RDO No. 53B - Muntinlupa City  is composed of the following Barangays:,,,,,,PUTATAN,MIDLAND SUBD,GRUENVILLE,RR,Residential - Regular,1500.0
raw,RDO No. 53B - Muntinlupa City  is composed of the following Barangays:,,,,,,PUTATAN,MIDLAND SUBD,GRUENVILLE,RR,Residential - Regular,2450.0
raw,RDO No. 53B - Muntinlupa City  is composed of the following Barangays:,,,,,,PUTATAN,MIDLAND SUBD,GRUENVILLE,RR,Residential - Regular,2100.0
raw,RDO No. 53B - Muntinlupa City  is composed of the following Barangays:,,,,,,PUTATAN,MIDLAND SUBD,GRUENVILLE,RR,Residential - Regular,1500.0
raw,RDO No. 53B - Muntinlupa City  is composed of the following Barangays:,,,7TH,NCR,,PUTATAN,MIDLAND SUBDIVISION,GRUENVILLE,RR,Residential - Regular,10000.0
raw,RDO No. 53B - Muntinlupa City  is composed of the following Barangays:,,,7TH,NCR,,PUTATAN,MIDLAND SUBDIVISION,GRUENVILLE,RR,Residential - Regular,10000.0
raw,RDO No. 53B - Muntinlupa City  is composed of the following Barangays:,,,7TH,NCR,,PUTATAN,MULTILAND I & 2 SUBDIVISION,GRUENVILLE,RR,Residential - Regular,10000.0
raw,RDO No. 53B - Muntinlupa City  is composed of the following Barangays:,,,7TH,NCR,,PUTATAN,MULTILAND I & 2 SUBDIVISION,GRUENVILLE,RR,Residential - Regular,10000.0
raw,RDO No. 53B - Muntinlupa City  is composed of the following Barangays:,,,7TH,NCR,,PUTATAN,MUNTING NAYON,SUMMITVILLE,RR,Residential - Regular,10000.0
raw,RDO No. 53B - Muntinlupa City  is composed of the following Barangays:,,,7TH,NCR,,PUTATAN,MUNTING NAYON,SUMMITVILLE,RR,Residential - Regular,10000.0
raw,RDO No. 53B - Muntinlupa City  is composed of the following Barangays:,,,,,,PUTATAN,MUTUAL HOMES,SOLDIERS HILLS,RR,Residential - Regular,2150.0
raw,RDO No. 53B - Muntinlupa City  is composed of the following Barangays:,,,,,,PUTATAN,MUTUAL HOMES,SOLDIERS HILLS,RR,Residential - Regular,1800.0
raw,RDO No. 53B - Muntinlupa City  is composed of the following Barangays:,,,,,,PUTATAN,MUTUAL HOMES,SOLDIERS HILLS,RR,Residential - Regular,1300.0
raw,RDO No. 53B - Muntinlupa City  is composed of the following Barangays:,,,,,,PUTATAN,MUTUAL HOMES,SUMMITVILLE,RR,Residential - Regular,800.0
raw,RDO No. 53B - Muntinlupa City  is composed of the following Barangays:,,,,,,PUTATAN,MUTUAL HOMES,SOLDIERS HILLS,RR,Residential - Regular,2150.0
raw,RDO No. 53B - Muntinlupa City  is composed of the following Barangays:,,,,,,PUTATAN,MUTUAL HOMES,SOLDIERS HILLS,RR,Residential - Regular,1800.0
raw,RDO No. 53B - Muntinlupa City  is composed of the following Barangays:,,,,,,PUTATAN,MUTUAL HOMES,SOLDIERS HILLS,RR,Residential - Regular,1300.0
raw,RDO No. 53B - Muntinlupa City  is composed of the following Barangays:,,,,,,PUTATAN,MUTUAL HOMES,SUMMITVILLE,RR,Residential - Regular,800.0
raw,RDO No. 53B - Muntinlupa City  is composed of the following Barangays:,,,7TH,NCR,,PUTATAN,MUTUAL HOMES I & II,SOLDIERS HILLS,RR,Residential - Regular,10000.0
raw,RDO No. 53B - Muntinlupa City  is composed of the following Barangays:,,,7TH,NCR,,PUTATAN,MUTUAL HOMES I & II,SOLDIERS HILLS,RR,Residential - Regular,10000.0
raw,RDO No. 53B - Muntinlupa City  is composed of the following Barangays:,,,7TH,NCR,,PUTATAN,MUTUAL HOMES III,SOLDIERS HILLS,RR,Residential - Regular,10000.0
raw,RDO No. 53B - Muntinlupa City  is composed of the following Barangays:,,,7TH,NCR,,PUTATAN,MUTUAL HOMES III,SOLDIERS HILLS,RR,Residential - Regular,10000.0
raw,RDO No. 53B - Muntinlupa City  is composed of the following Barangays:,,,7TH,NCR,,PUTATAN,NATIONAL ROAD,BALIMBING - BAYANAN BOUNDARY,RR,Residential - Regular,15000.0
raw,RDO No. 53B - Muntinlupa City  is composed of the following Barangays:,,,7TH,NCR,,PUTATAN,NATIONAL ROAD,BALIMBING - BAYANAN BOUNDARY,CR,Commercial - Regular,25000.0
raw,RDO No. 53B - Muntinlupa City  is composed of the following Barangays:,,,7TH,NCR,,PUTATAN,NATIONAL ROAD,BALIMBING - BAYANAN BOUNDARY,X,Special / Other,25000.0
raw,RDO No. 53B - Muntinlupa City  is composed of the following Barangays:,,,,,,PUTATAN,NATIONAL ROAD,J P RIZAL,CR,Commercial - Regular,14750.0
raw,RDO No. 53B - Muntinlupa City  is composed of the following Barangays:,,,,,,PUTATAN,NATIONAL ROAD,J P RIZAL,CR,Commercial - Regular,11250.0
raw,RDO No. 53B - Muntinlupa City  is composed of the following Barangays:,,,,,,PUTATAN,NATIONAL ROAD,J P RIZAL,CR,Commercial - Regular,7500.0
raw,RDO No. 53B - Muntinlupa City  is composed of the following Barangays:,,,,,,PUTATAN,NATIONAL ROAD,J P RIZAL,CR,Commercial - Regular,5000.0
raw,RDO No. 53B - Muntinlupa City  is composed of the following Barangays:,,,,,,PUTATAN,NATIONAL ROAD,J P RIZAL,CR,Commercial - Regular,4000.0
raw,RDO No. 53B - Muntinlupa City  is composed of the following Barangays:,,,,,,PUTATAN,NATIONAL ROAD,BESIDE MUN HALL,RR,Residential - Regular,600.0
raw,RDO No. 53B - Muntinlupa City  is composed of the following Barangays:,,,,,,PUTATAN,NATIONAL ROAD,J P RIZAL,CR,Commercial - Regular,1000.0
raw,RDO No. 53B - Muntinlupa City  is composed of the following Barangays:,,,7TH,NCR,,PUTATAN,NATIONAL ROAD,BALIMBING - BAYANAN BOUNDARY,RR,Residential - Regular,15000.0
raw,RDO No. 53B - Muntinlupa City  is composed of the following Barangays:,,,7TH,NCR,,PUTATAN,NATIONAL ROAD,BALIMBING - BAYANAN BOUNDARY,CR,Commercial - Regular,25000.0
raw,RDO No. 53B - Muntinlupa City  is composed of the following Barangays:,,,7TH,NCR,,PUTATAN,NATIONAL ROAD,BALIMBING - BAYANAN BOUNDARY,X,Special / Other,25000.0
raw,RDO No. 53B - Muntinlupa City  is composed of the following Barangays:,,,,,,PUTATAN,NATIONAL ROAD,J P RIZAL,CR,Commercial - Regular,14750.0
raw,RDO No. 53B - Muntinlupa City  is composed of the following Barangays:,,,,,,PUTATAN,NATIONAL ROAD,J P RIZAL,CR,Commercial - Regular,11250.0
raw,RDO No. 53B - Muntinlupa City  is composed of the following Barangays:,,,,,,PUTATAN,NATIONAL ROAD,J P RIZAL,CR,Commercial - Regular,7500.0
raw,RDO No. 53B - Muntinlupa City  is composed of the following Barangays:,,,,,,PUTATAN,NATIONAL ROAD,J P RIZAL,CR,Commercial - Regular,5000.0
raw,RDO No. 53B - Muntinlupa City  is composed of the following Barangays:,,,,,,PUTATAN,NATIONAL ROAD,J P RIZAL,CR,Commercial - Regular,4000.0
raw,RDO No. 53B - Muntinlupa City  is composed of the following Barangays:,,,,,,PUTATAN,NATIONAL ROAD,BESIDE MUN HALL,RR,Residential - Regular,600.0
raw,RDO No. 53B - Muntinlupa City  is composed of the following Barangays:,,,,,,PUTATAN,NATIONAL ROAD,J P RIZAL,CR,Commercial - Regular,1000.0
raw,RDO No. 53B - Muntinlupa City  is composed of the following Barangays:,,,7TH,NCR,,PUTATAN,NHA HOUSING COMPOUND,SOLDIERS HILLS,RR,Residential - Regular,10000.0
raw,RDO No. 53B - Muntinlupa City  is composed of the following Barangays:,,,7TH,NCR,,PUTATAN,NHA HOUSING COMPOUND,SOLDIERS HILLS,RR,Residential - Regular,10000.0
raw,RDO No. 53B - Muntinlupa City  is composed of the following Barangays:,,,7TH,NCR,,PUTATAN,NUWHRAIN HOMES SUBDIVISION,BRUGER ROAD,RR,Residential - Regular,10000.0
raw,RDO No. 53B - Muntinlupa City  is composed of the following Barangays:,,,7TH,NCR,,PUTATAN,NUWHRAIN HOMES SUBDIVISION,BRUGER ROAD,RR,Residential - Regular,10000.0
raw,RDO No. 53B - Muntinlupa City  is composed of the following Barangays:,,,,,,PUTATAN,NUWHRIAN HOMES,RAILROAD,RR,Residential - Regular,2450.0
raw,RDO No. 53B - Muntinlupa City  is composed of the following Barangays:,,,,,,PUTATAN,NUWHRIAN HOMES,RAILROAD,RR,Residential - Regular,2100.0
raw,RDO No. 53B - Muntinlupa City  is composed of the following Barangays:,,,,,,PUTATAN,NUWHRIAN HOMES,RAILROAD,RR,Residential - Regular,1500.0
raw,RDO No. 53B - Muntinlupa City  is composed of the following Barangays:,,,,,,PUTATAN,NUWHRIAN HOMES,RAILROAD,RR,Residential - Regular,2450.0
raw,RDO No. 53B - Muntinlupa City  is composed of the following Barangays:,,,,,,PUTATAN,NUWHRIAN HOMES,RAILROAD,RR,Residential - Regular,2100.0
raw,RDO No. 53B - Muntinlupa City  is composed of the following Barangays:,,,,,,PUTATAN,NUWHRIAN HOMES,RAILROAD,RR,Residential - Regular,1500.0
raw,RDO No. 53B - Muntinlupa City  is composed of the following Barangays:,,,,,,PUTATAN,PARK HOMES P-1,MANILA SOUTH ROAD,RR,Residential - Regular,2800.0
raw,RDO No. 53B - Muntinlupa City  is composed of the following Barangays:,,,,,,PUTATAN,PARK HOMES P-1,MANILA SOUTH ROAD,RR,Residential - Regular,2200.0
raw,RDO No. 53B - Muntinlupa City  is composed of the following Barangays:,,,,,,PUTATAN,PARK HOMES P-1,MANILA SOUTH ROAD,RR,Residential - Regular,1800.0
raw,RDO No. 53B - Muntinlupa City  is composed of the following Barangays:,,,,,,PUTATAN,PARK HOMES P-1,MANILA SOUTH ROAD,RR,Residential - Regular,1100.0
raw,RDO No. 53B - Muntinlupa City  is composed of the following Barangays:,,,,,,PUTATAN,PARK HOMES P-1,MANILA SOUTH ROAD,RR,Residential - Regular,2800.0
raw,RDO No. 53B - Muntinlupa City  is composed of the following Barangays:,,,,,,PUTATAN,PARK HOMES P-1,MANILA SOUTH ROAD,RR,Residential - Regular,2200.0
raw,RDO No. 53B - Muntinlupa City  is composed of the following Barangays:,,,,,,PUTATAN,PARK HOMES P-1,MANILA SOUTH ROAD,RR,Residential - Regular,1800.0
raw,RDO No. 53B - Muntinlupa City  is composed of the following Barangays:,,,,,,PUTATAN,PARK HOMES P-1,MANILA SOUTH ROAD,RR,Residential - Regular,1100.0
raw,RDO No. 53B - Muntinlupa City  is composed of the following Barangays:,,,,,,PUTATAN,PARK HOMES PH 1,MLA SOUTH ROAD,RR,Residential - Regular,1100.0
raw,RDO No. 53B - Muntinlupa City  is composed of the following Barangays:,,,,,,PUTATAN,PARK HOMES PH 1,MLA SOUTH ROAD,RR,Residential - Regular,1100.0
raw,RDO No. 53B - Muntinlupa City  is composed of the following Barangays:,,,,,,PUTATAN,PARK HOMES PH I,MLA SOUTH ROAD,RR,Residential - Regular,550.0
raw,RDO No. 53B - Muntinlupa City  is composed of the following Barangays:,,,,,,PUTATAN,PARK HOMES PH I,MLA SOUTH ROAD,RR,Residential - Regular,550.0
raw,RDO No. 53B - Muntinlupa City  is composed of the following Barangays:,,,7TH,NCR,,PUTATAN,PASONG MAKIPOT,MUNTINLUPA - CAVITE BDRY,RR,Residential - Regular,8000.0
raw,RDO No. 53B - Muntinlupa City  is composed of the following Barangays:,,,,,,PUTATAN,PASONG MAKIPOT,MUNT CAVITE BOY,RR,Residential - Regular,1700.0
raw,RDO No. 53B - Muntinlupa City  is composed of the following Barangays:,,,,,,PUTATAN,PASONG MAKIPOT,MUNT CAVITE BOY,RR,Residential - Regular,1350.0
raw,RDO No. 53B - Muntinlupa City  is composed of the following Barangays:,,,,,,PUTATAN,PASONG MAKIPOT,MUNT CAVITE BOY,RR,Residential - Regular,1100.0
raw,RDO No. 53B - Muntinlupa City  is composed of the following Barangays:,,,,,,PUTATAN,PASONG MAKIPOT,MUNT CAVITE BOY,RR,Residential - Regular,700.0
raw,RDO No. 53B - Muntinlupa City  is composed of the following Barangays:,,,,,,PUTATAN,PASONG MAKIPOT,MUNT CAVITE BOY,RR,Residential - Regular,600.0
raw,RDO No. 53B - Muntinlupa City  is composed of the following Barangays:,,,,,,PUTATAN,PASONG MAKIPOT,MUNT CAVITE BDY,RR,Residential - Regular,300.0
raw,RDO No. 53B - Muntinlupa City  is composed of the following Barangays:,,,7TH,NCR,,PUTATAN,PASONG MAKIPOT,MUNTINLUPA - CAVITE BDRY,RR,Residential - Regular,8000.0
raw,RDO No. 53B - Muntinlupa City  is composed of the following Barangays:,,,,,,PUTATAN,PASONG MAKIPOT,MUNT CAVITE BOY,RR,Residential - Regular,1700.0
raw,RDO No. 53B - Muntinlupa City  is composed of the following Barangays:,,,,,,PUTATAN,PASONG MAKIPOT,MUNT CAVITE BOY,RR,Residential - Regular,1350.0
raw,RDO No. 53B - Muntinlupa City  is composed of the following Barangays:,,,,,,PUTATAN,PASONG MAKIPOT,MUNT CAVITE BOY,RR,Residential - Regular,1100.0
raw,RDO No. 53B - Muntinlupa City  is composed of the following Barangays:,,,,,,PUTATAN,PASONG MAKIPOT,MUNT CAVITE BOY,RR,Residential - Regular,700.0
raw,RDO No. 53B - Muntinlupa City  is composed of the following Barangays:,,,,,,PUTATAN,PASONG MAKIPOT,MUNT CAVITE BOY,RR,Residential - Regular,600.0
raw,RDO No. 53B - Muntinlupa City  is composed of the following Barangays:,,,,,,PUTATAN,PASONG MAKIPOT,MUNT CAVITE BDY,RR,Residential - Regular,300.0
raw,RDO No. 53B - Muntinlupa City  is composed of the following Barangays:,,,7TH,NCR,,PUTATAN,PATDU COMPOUND,SOUTH GREENHEIGHTS,RR,Residential - Regular,8000.0
raw,RDO No. 53B - Muntinlupa City  is composed of the following Barangays:,,,7TH,NCR,,PUTATAN,PATDU COMPOUND,SOUTH GREENHEIGHTS,RR,Residential - Regular,8000.0
raw,RDO No. 53B - Muntinlupa City  is composed of the following Barangays:,,,7TH,NCR,,PUTATAN,PRIMAVERA VILLAS,SOUTH SUPERVILLE SUBD,RR,Residential - Regular,10000.0
raw,RDO No. 53B - Muntinlupa City  is composed of the following Barangays:,,,7TH,NCR,,PUTATAN,PRIMAVERA VILLAS,SOUTH SUPERVILLE SUBD,RR,Residential - Regular,10000.0
raw,RDO No. 53B - Muntinlupa City  is composed of the following Barangays:,,,7TH,NCR,,PUTATAN,PUPA COMPOUND,SUMMITVILLE,RR,Residential - Regular,10000.0
raw,RDO No. 53B - Muntinlupa City  is composed of the following Barangays:,,,7TH,NCR,,PUTATAN,PUPA COMPOUND,SUMMITVILLE,RR,Residential - Regular,10000.0
raw,RDO No. 53B - Muntinlupa City  is composed of the following Barangays:,,,7TH,NCR,,PUTATAN,RCE HOMES,SOLDIERS HILLS,RR,Residential - Regular,10000.0
raw,RDO No. 53B - Muntinlupa City  is composed of the following Barangays:,,,7TH,NCR,,PUTATAN,RCE HOMES,SOLDIERS HILLS,RR,Residential - Regular,10000.0
raw,RDO No. 53B - Muntinlupa City  is composed of the following Barangays:,,,7TH,NCR,,PUTATAN,SAN FRANCISCO ST,INT. NATIONAL ROAD,RR,Residential - Regular,8000.0
raw,RDO No. 53B - Muntinlupa City  is composed of the following Barangays:,,,,,,PUTATAN,SAN FRANCISCO ST,NATIONAL ROAD,RR,Residential - Regular,1950.0
raw,RDO No. 53B - Muntinlupa City  is composed of the following Barangays:,,,,,,PUTATAN,SAN FRANCISCO ST,NATIONAL ROAD,RR,Residential - Regular,1500.0
raw,RDO No. 53B - Muntinlupa City  is composed of the following Barangays:,,,,,,PUTATAN,SAN FRANCISCO ST,NATIONAL ROAD,RR,Residential - Regular,1200.0
raw,RDO No. 53B - Muntinlupa City  is composed of the following Barangays:,,,7TH,NCR,,PUTATAN,SAN FRANCISCO ST,INT. NATIONAL ROAD,RR,Residential - Regular,8000.0
raw,RDO No. 53B - Muntinlupa City  is composed of the following Barangays:,,,,,,PUTATAN,SAN FRANCISCO ST,NATIONAL ROAD,RR,Residential - Regular,1950.0
raw,RDO No. 53B - Muntinlupa City  is composed of the following Barangays:,,,,,,PUTATAN,SAN FRANCISCO ST,NATIONAL ROAD,RR,Residential - Regular,1500.0
raw,RDO No. 53B - Muntinlupa City  is composed of the following Barangays:,,,,,,PUTATAN,SAN FRANCISCO ST,NATIONAL ROAD,RR,Residential - Regular,1200.0
raw,RDO No. 53B - Muntinlupa City  is composed of the following Barangays:,,,,,,PUTATAN,SO GREENHEIGHTS,AFP MEAT SUBD,RR,Residential - Regular,700.0
raw,RDO No. 53B - Muntinlupa City  is composed of the following Barangays:,,,,,,PUTATAN,SO GREENHEIGHTS,AFP MBAI SUBD,RR,Residential - Regular,350.0
raw,RDO No. 53B - Muntinlupa City  is composed of the following Barangays:,,,,,,PUTATAN,SO GREENHEIGHTS,AFP MEAT SUBD,RR,Residential - Regular,700.0
raw,RDO No. 53B - Muntinlupa City  is composed of the following Barangays:,,,,,,PUTATAN,SO GREENHEIGHTS,AFP MBAI SUBD,RR,Residential - Regular,350.0
raw,RDO No. 53B - Muntinlupa City  is composed of the following Barangays:,,,,,,PUTATAN,SOLDIERS HILLS,SOUTH EXPRESSWAY,RR,Residential - Regular,2700.0
raw,RDO No. 53B - Muntinlupa City  is composed of the following Barangays:,,,,,,PUTATAN,SOLDIERS HILLS,SOUTH EXPRESSWAY,RR,Residential - Regular,2150.0
raw,RDO No. 53B - Muntinlupa City  is composed of the following Barangays:,,,,,,PUTATAN,SOLDIERS HILLS,SOUTH EXPRESSWAY,RR,Residential - Regular,1700.0
raw,RDO No. 53B - Muntinlupa City  is composed of the following Barangays:,,,,,,PUTATAN,SOLDIERS HILLS,SOUTH EXPRESSWAY,RR,Residential - Regular,1100.0
raw,RDO No. 53B - Muntinlupa City  is composed of the following Barangays:,,,,,,PUTATAN,SOLDIERS HILLS,SO EXPRESSWAY,RR,Residential - Regular,960.0
raw,RDO No. 53B - Muntinlupa City  is composed of the following Barangays:,,,,,,PUTATAN,SOLDIERS HILLS,SO EXPRESSWAY,RR,Residential - Regular,480.0
raw,RDO No. 53B - Muntinlupa City  is composed of the following Barangays:,,,,,,PUTATAN,SOLDIERS HILLS,SOUTH EXPRESSWAY,RR,Residential - Regular,2700.0
raw,RDO No. 53B - Muntinlupa City  is composed of the following Barangays:,,,,,,PUTATAN,SOLDIERS HILLS,SOUTH EXPRESSWAY,RR,Residential - Regular,2150.0
raw,RDO No. 53B - Muntinlupa City  is composed of the following Barangays:,,,,,,PUTATAN,SOLDIERS HILLS,SOUTH EXPRESSWAY,RR,Residential - Regular,1700.0
raw,RDO No. 53B - Muntinlupa City  is composed of the following Barangays:,,,,,,PUTATAN,SOLDIERS HILLS,SOUTH EXPRESSWAY,RR,Residential - Regular,1100.0
raw,RDO No. 53B - Muntinlupa City  is composed of the following Barangays:,,,,,,PUTATAN,SOLDIERS HILLS,SO EXPRESSWAY,RR,Residential - Regular,960.0
raw,RDO No. 53B - Muntinlupa City  is composed of the following Barangays:,,,,,,PUTATAN,SOLDIERS HILLS,SO EXPRESSWAY,RR,Residential - Regular,480.0
raw,RDO No. 53B - Muntinlupa City  is composed of the following Barangays:,,,7TH,NCR,,PUTATAN,SOLDIERS HILLS VILLAGES,NATIONAL ROAD TO SLEX,RR,Residential - Regular,8000.0
raw,RDO No. 53B - Muntinlupa City  is composed of the following Barangays:,,,7TH,NCR,,PUTATAN,SOLDIERS HILLS VILLAGES,NATIONAL ROAD TO SLEX,CR,Commercial - Regular,15000.0
raw,RDO No. 53B - Muntinlupa City  is composed of the following Barangays:,,,7TH,NCR,,PUTATAN,SOLDIERS HILLS VILLAGES,NATIONAL ROAD TO SLEX,X,Special / Other,15000.0
raw,RDO No. 53B - Muntinlupa City  is composed of the following Barangays:,,,7TH,NCR,,PUTATAN,SOLDIERS HILLS VILLAGES,NATIONAL ROAD TO SLEX,RR,Residential - Regular,8000.0
raw,RDO No. 53B - Muntinlupa City  is composed of the following Barangays:,,,7TH,NCR,,PUTATAN,SOLDIERS HILLS VILLAGES,NATIONAL ROAD TO SLEX,CR,Commercial - Regular,15000.0
raw,RDO No. 53B - Muntinlupa City  is composed of the following Barangays:,,,7TH,NCR,,PUTATAN,SOLDIERS HILLS VILLAGES,NATIONAL ROAD TO SLEX,X,Special / Other,15000.0
raw,RDO No. 53B - Muntinlupa City  is composed of the following Barangays:,,,,,,PUTATAN,SORIANO VIL,TAGUIG MUNT RD,RR,Residential - Regular,700.0
raw,RDO No. 53B - Muntinlupa City  is composed of the following Barangays:,,,,,,PUTATAN,SORIANO VIL,TAGUIG MUNT ROAD,RR,Residential - Regular,350.0
raw,RDO No. 53B - Muntinlupa City  is composed of the following Barangays:,,,,,,PUTATAN,SORIANO VIL,TAGUIG MUNT RD,RR,Residential - Regular,700.0
raw,RDO No. 53B - Muntinlupa City  is composed of the following Barangays:,,,,,,PUTATAN,SORIANO VIL,TAGUIG MUNT ROAD,RR,Residential - Regular,350.0
raw,RDO No. 53B - Muntinlupa City  is composed of the following Barangays:,,,,,,PUTATAN,SORIANO VILLAGE,TAGUIG MUNT ROAD,RR,Residential - Regular,2000.0
raw,RDO No. 53B - Muntinlupa City  is composed of the following Barangays:,,,,,,PUTATAN,SORIANO VILLAGE,TAGUIG MUNT ROAD,RR,Residential - Regular,1550.0
raw,RDO No. 53B - Muntinlupa City  is composed of the following Barangays:,,,,,,PUTATAN,SORIANO VILLAGE,TAGUIG MUNT ROAD,RR,Residential - Regular,1250.0
raw,RDO No. 53B - Muntinlupa City  is composed of the following Barangays:,,,,,,PUTATAN,SORIANO VILLAGE,TAGUIG MUNT ROAD,RR,Residential - Regular,800.0
raw,RDO No. 53B - Muntinlupa City  is composed of the following Barangays:,,,,,,PUTATAN,SORIANO VILLAGE,TAGUIG MUNT ROAD,RR,Residential - Regular,2000.0
raw,RDO No. 53B - Muntinlupa City  is composed of the following Barangays:,,,,,,PUTATAN,SORIANO VILLAGE,TAGUIG MUNT ROAD,RR,Residential - Regular,1550.0
raw,RDO No. 53B - Muntinlupa City  is composed of the following Barangays:,,,,,,PUTATAN,SORIANO VILLAGE,TAGUIG MUNT ROAD,RR,Residential - Regular,1250.0
raw,RDO No. 53B - Muntinlupa City  is composed of the following Barangays:,,,,,,PUTATAN,SORIANO VILLAGE,TAGUIG MUNT ROAD,RR,Residential - Regular,800.0
raw,RDO No. 53B - Muntinlupa City  is composed of the following Barangays:,,,,,,PUTATAN,SOUTH GREEN HEIGHTS,AFP MEAT SUBD,RR,Residential - Regular,2000.0
raw,RDO No. 53B - Muntinlupa City  is composed of the following Barangays:,,,,,,PUTATAN,SOUTH GREEN HEIGHTS,AFP MEAT SUBD,RR,Residential - Regular,1550.0
raw,RDO No. 53B - Muntinlupa City  is composed of the following Barangays:,,,,,,PUTATAN,SOUTH GREEN HEIGHTS,AFP MEAT SUBD,RR,Residential - Regular,1250.0
raw,RDO No. 53B - Muntinlupa City  is composed of the following Barangays:,,,,,,PUTATAN,SOUTH GREEN HEIGHTS,AFP MEAT SUBD,RR,Residential - Regular,800.0
raw,RDO No. 53B - Muntinlupa City  is composed of the following Barangays:,,,,,,PUTATAN,SOUTH GREEN HEIGHTS,AFP MEAT SUBD,RR,Residential - Regular,2000.0
raw,RDO No. 53B - Muntinlupa City  is composed of the following Barangays:,,,,,,PUTATAN,SOUTH GREEN HEIGHTS,AFP MEAT SUBD,RR,Residential - Regular,1550.0
raw,RDO No. 53B - Muntinlupa City  is composed of the following Barangays:,,,,,,PUTATAN,SOUTH GREEN HEIGHTS,AFP MEAT SUBD,RR,Residential - Regular,1250.0
raw,RDO No. 53B - Muntinlupa City  is composed of the following Barangays:,,,,,,PUTATAN,SOUTH GREEN HEIGHTS,AFP MEAT SUBD,RR,Residential - Regular,800.0
raw,RDO No. 53B - Muntinlupa City  is composed of the following Barangays:,,,7TH,NCR,,PUTATAN,SOUTH GREENHEIGHTS SUBDIVISION,CAMELLA HOMES I,RR,Residential - Regular,10000.0
raw,RDO No. 53B - Muntinlupa City  is composed of the following Barangays:,,,7TH,NCR,,PUTATAN,SOUTH GREENHEIGHTS SUBDIVISION,CAMELLA HOMES I,RR,Residential - Regular,10000.0
raw,RDO No. 53B - Muntinlupa City  is composed of the following Barangays:,,,7TH,NCR,,PUTATAN,SOUTH SUPERVILLE SUBDIVISION,CAMELLA HOMES II,RR,Residential - Regular,10000.0
raw,RDO No. 53B - Muntinlupa City  is composed of the following Barangays:,,,7TH,NCR,,PUTATAN,SOUTH SUPERVILLE SUBDIVISION,CAMELLA HOMES II,RR,Residential - Regular,10000.0
raw,RDO No. 53B - Muntinlupa City  is composed of the following Barangays:,,,,,,PUTATAN,SUMMITVILLE,MANILA SOUTH ROAD,RR,Residential - Regular,1100.0
raw,RDO No. 53B - Muntinlupa City  is composed of the following Barangays:,,,,,,PUTATAN,SUMMITVILLE,MLA SOUTH ROAD,RR,Residential - Regular,1000.0
raw,RDO No. 53B - Muntinlupa City  is composed of the following Barangays:,,,,,,PUTATAN,SUMMITVILLE,MLA SOUTH ROAD,RR,Residential - Regular,500.0
raw,RDO No. 53B - Muntinlupa City  is composed of the following Barangays:,,,,,,PUTATAN,SUMMITVILLE,MANILA SOUTH ROAD,RR,Residential - Regular,1100.0
raw,RDO No. 53B - Muntinlupa City  is composed of the following Barangays:,,,,,,PUTATAN,SUMMITVILLE,MLA SOUTH ROAD,RR,Residential - Regular,1000.0
raw,RDO No. 53B - Muntinlupa City  is composed of the following Barangays:,,,,,,PUTATAN,SUMMITVILLE,MLA SOUTH ROAD,RR,Residential - Regular,500.0
raw,RDO No. 53B - Muntinlupa City  is composed of the following Barangays:,,,7TH,NCR,,PUTATAN,SUMMITVILLE SUBDIVISION,INT. NATIONAL ROAD,RR,Residential - Regular,10000.0
raw,RDO No. 53B - Muntinlupa City  is composed of the following Barangays:,,,7TH,NCR,,PUTATAN,SUMMITVILLE SUBDIVISION,INT. NATIONAL ROAD,X,Special / Other,10000.0
raw,RDO No. 53B - Muntinlupa City  is composed of the following Barangays:,,,7TH,NCR,,PUTATAN,SUMMITVILLE SUBDIVISION,INT. NATIONAL ROAD,RR,Residential - Regular,10000.0
raw,RDO No. 53B - Muntinlupa City  is composed of the following Barangays:,,,7TH,NCR,,PUTATAN,SUMMITVILLE SUBDIVISION,INT. NATIONAL ROAD,X,Special / Other,10000.0
raw,RDO No. 53B - Muntinlupa City  is composed of the following Barangays:,,,,,,PUTATAN,T M ROAD,LAGUNA LAKE,RR,Residential - Regular,2400.0
raw,RDO No. 53B - Muntinlupa City  is composed of the following Barangays:,,,,,,PUTATAN,T M ROAD,LAGUNA LAKE,RR,Residential - Regular,1925.0
raw,RDO No. 53B - Muntinlupa City  is composed of the following Barangays:,,,,,,PUTATAN,T M ROAD,LAGUNA LAKE,RR,Residential - Regular,1550.0
raw,RDO No. 53B - Muntinlupa City  is composed of the following Barangays:,,,,,,PUTATAN,T M ROAD,LAGUNA LAKE,RR,Residential - Regular,2400.0
raw,RDO No. 53B - Muntinlupa City  is composed of the following Barangays:,,,,,,PUTATAN,T M ROAD,LAGUNA LAKE,RR,Residential - Regular,1925.0
raw,RDO No. 53B - Muntinlupa City  is composed of the following Barangays:,,,,,,PUTATAN,T M ROAD,LAGUNA LAKE,RR,Residential - Regular,1550.0
raw,RDO No. 53B - Muntinlupa City  is composed of the following Barangays:,,,7TH,NCR,,PUTATAN,T.J. DIAZ TOWNHOMES,BACK OF BLISS,RR,Residential - Regular,8000.0
raw,RDO No. 53B - Muntinlupa City  is composed of the following Barangays:,,,7TH,NCR,,PUTATAN,T.J. DIAZ TOWNHOMES,BACK OF BLISS,RR,Residential - Regular,8000.0
raw,RDO No. 53B - Muntinlupa City  is composed of the following Barangays:,,,7TH,NCR,,PUTATAN,T.M. ROAD- LAGUNA LAKESIDE,LAKESIDE - T.M. ROAD,RR,Residential - Regular,3000.0
raw,RDO No. 53B - Muntinlupa City  is composed of the following Barangays:,,,7TH,NCR,,PUTATAN,T.M. ROAD- LAGUNA LAKESIDE,LAKESIDE - T.M. ROAD,RR,Residential - Regular,3000.0
raw,RDO No. 53B - Muntinlupa City  is composed of the following Barangays:,,,,,,PUTATAN,TABERA CPD,RAILROAD,RR,Residential - Regular,1900.0
raw,RDO No. 53B - Muntinlupa City  is composed of the following Barangays:,,,,,,PUTATAN,TABERA CPD,RAILROAD,RR,Residential - Regular,1500.0
raw,RDO No. 53B - Muntinlupa City  is composed of the following Barangays:,,,,,,PUTATAN,TABERA CPD,RAILROAD,RR,Residential - Regular,1200.0
raw,RDO No. 53B - Muntinlupa City  is composed of the following Barangays:,,,,,,PUTATAN,TABERA CPD,RAILROAD,RR,Residential - Regular,800.0
raw,RDO No. 53B - Muntinlupa City  is composed of the following Barangays:,,,,,,PUTATAN,TABERA CPD,RAILROAD,RR,Residential - Regular,700.0
raw,RDO No. 53B - Muntinlupa City  is composed of the following Barangays:,,,,,,PUTATAN,TABERA CPD,RAILROAD,RR,Residential - Regular,350.0
raw,RDO No. 53B - Muntinlupa City  is composed of the following Barangays:,,,,,,PUTATAN,TABERA CPD,RAILROAD,RR,Residential - Regular,1900.0
raw,RDO No. 53B - Muntinlupa City  is composed of the following Barangays:,,,,,,PUTATAN,TABERA CPD,RAILROAD,RR,Residential - Regular,1500.0
raw,RDO No. 53B - Muntinlupa City  is composed of the following Barangays:,,,,,,PUTATAN,TABERA CPD,RAILROAD,RR,Residential - Regular,1200.0
raw,RDO No. 53B - Muntinlupa City  is composed of the following Barangays:,,,,,,PUTATAN,TABERA CPD,RAILROAD,RR,Residential - Regular,800.0
raw,RDO No. 53B - Muntinlupa City  is composed of the following Barangays:,,,,,,PUTATAN,TABERA CPD,RAILROAD,RR,Residential - Regular,700.0
raw,RDO No. 53B - Muntinlupa City  is composed of the following Barangays:,,,,,,PUTATAN,TABERA CPD,RAILROAD,RR,Residential - Regular,350.0
raw,RDO No. 53B - Muntinlupa City  is composed of the following Barangays:,,,,,,PUTATAN,TAGUIG MUNT RD,LAGUNA LAKE,RR,Residential - Regular,300.0
raw,RDO No. 53B - Muntinlupa City  is composed of the following Barangays:,,,,,,PUTATAN,TAGUIG MUNT RD,LAGUNA LAKE,RR,Residential - Regular,300.0
raw,RDO No. 53B - Muntinlupa City  is composed of the following Barangays:,,,,,,PUTATAN,TAGUIG MUNT ROAD,LAGUNA LAKE,RR,Residential - Regular,1700.0
raw,RDO No. 53B - Muntinlupa City  is composed of the following Barangays:,,,,,,PUTATAN,TAGUIG MUNT ROAD,LAGUNA LAKE,RR,Residential - Regular,1350.0
raw,RDO No. 53B - Muntinlupa City  is composed of the following Barangays:,,,,,,PUTATAN,TAGUIG MUNT ROAD,LAGUNA LAKE,RR,Residential - Regular,1100.0
raw,RDO No. 53B - Muntinlupa City  is composed of the following Barangays:,,,,,,PUTATAN,TAGUIG MUNT ROAD,LAGUNA LAKE,RR,Residential - Regular,700.0
raw,RDO No. 53B - Muntinlupa City  is composed of the following Barangays:,,,,,,PUTATAN,TAGUIG MUNT ROAD,LAGUNA LAKE,RR,Residential - Regular,600.0
raw,RDO No. 53B - Muntinlupa City  is composed of the following Barangays:,,,,,,PUTATAN,TAGUIG MUNT ROAD,LAGUNA LAKE,RR,Residential - Regular,1700.0
raw,RDO No. 53B - Muntinlupa City  is composed of the following Barangays:,,,,,,PUTATAN,TAGUIG MUNT ROAD,LAGUNA LAKE,RR,Residential - Regular,1350.0
raw,RDO No. 53B - Muntinlupa City  is composed of the following Barangays:,,,,,,PUTATAN,TAGUIG MUNT ROAD,LAGUNA LAKE,RR,Residential - Regular,1100.0
raw,RDO No. 53B - Muntinlupa City  is composed of the following Barangays:,,,,,,PUTATAN,TAGUIG MUNT ROAD,LAGUNA LAKE,RR,Residential - Regular,700.0
raw,RDO No. 53B - Muntinlupa City  is composed of the following Barangays:,,,,,,PUTATAN,TAGUIG MUNT ROAD,LAGUNA LAKE,RR,Residential - Regular,600.0
raw,RDO No. 53B - Muntinlupa City  is composed of the following Barangays:,,,7TH,NCR,,PUTATAN,TM ROAD (SAN GUILLERMO ST) PNR SIDE,T.M.ROAD-PNR SIDE,RR,Residential - Regular,5000.0
raw,RDO No. 53B - Muntinlupa City  is composed of the following Barangays:,,,7TH,NCR,,PUTATAN,TM ROAD (SAN GUILLERMO ST) PNR SIDE,T.M.ROAD-PNR SIDE,RR,Residential - Regular,5000.0
raw,RDO No. 53B - Muntinlupa City  is composed of the following Barangays:,,,7TH,NCR,,PUTATAN,TOP HILLS SUBDIVISION,LAKEVIEW I,RR,Residential - Regular,8000.0
raw,RDO No. 53B - Muntinlupa City  is composed of the following Barangays:,,,7TH,NCR,,PUTATAN,TOP HILLS SUBDIVISION,LAKEVIEW I,RR,Residential - Regular,8000.0
raw,RDO No. 53B - Muntinlupa City  is composed of the following Barangays:,,,7TH,NCR,,PUTATAN,TREELANE PARK SUBD,INT. NATIONAL ROAD,RR,Residential - Regular,8000.0
raw,RDO No. 53B - Muntinlupa City  is composed of the following Barangays:,,,7TH,NCR,,PUTATAN,TREELANE PARK SUBD,INT. NATIONAL ROAD,RR,Residential - Regular,8000.0
raw,RDO No. 53B - Muntinlupa City  is composed of the following Barangays:,,,,,,PUTATAN,UMALI STATE,SUMMITVILLE,RR,Residential - Regular,1900.0
raw,RDO No. 53B - Muntinlupa City  is composed of the following Barangays:,,,,,,PUTATAN,UMALI STATE,SUMMITVILLE,RR,Residential - Regular,1500.0
raw,RDO No. 53B - Muntinlupa City  is composed of the following Barangays:,,,,,,PUTATAN,UMALI STATE,SUMMITVILLE,RR,Residential - Regular,1200.0
raw,RDO No. 53B - Muntinlupa City  is composed of the following Barangays:,,,,,,PUTATAN,UMALI STATE,SUMMITVILLE,RR,Residential - Regular,800.0
raw,RDO No. 53B - Muntinlupa City  is composed of the following Barangays:,,,,,,PUTATAN,UMALI STATE,SUMMITVILLE,RR,Residential - Regular,1900.0
raw,RDO No. 53B - Muntinlupa City  is composed of the following Barangays:,,,,,,PUTATAN,UMALI STATE,SUMMITVILLE,RR,Residential - Regular,1500.0
raw,RDO No. 53B - Muntinlupa City  is composed of the following Barangays:,,,,,,PUTATAN,UMALI STATE,SUMMITVILLE,RR,Residential - Regular,1200.0
raw,RDO No. 53B - Muntinlupa City  is composed of the following Barangays:,,,,,,PUTATAN,UMALI STATE,SUMMITVILLE,RR,Residential - Regular,800.0
raw,RDO No. 53B - Muntinlupa City  is composed of the following Barangays:,,,,,,PUTATAN,UMALI STOLO,SUMMITVILLE,RR,Residential - Regular,700.0
raw,RDO No. 53B - Muntinlupa City  is composed of the following Barangays:,,,,,,PUTATAN,UMALI STOLO,SUMMITVILLE,RR,Residential - Regular,350.0
raw,RDO No. 53B - Muntinlupa City  is composed of the following Barangays:,,,,,,PUTATAN,UMALI STOLO,SUMMITVILLE,RR,Residential - Regular,700.0
raw,RDO No. 53B - Muntinlupa City  is composed of the following Barangays:,,,,,,PUTATAN,UMALI STOLO,SUMMITVILLE,RR,Residential - Regular,350.0
raw,RDO No. 53B - Muntinlupa City  is composed of the following Barangays:,,,7TH,NCR,,PUTATAN,VERONICA VILLAS,SLEX,RR,Residential - Regular,12000.0
raw,RDO No. 53B - Muntinlupa City  is composed of the following Barangays:,,,7TH,NCR,,PUTATAN,VERONICA VILLAS,SLEX,RR,Residential - Regular,12000.0
raw,RDO No. 53B - Muntinlupa City  is composed of the following Barangays:,,,7TH,NCR,,PUYAT SUBDIVISION,ALL OTHER STREETS,CUPANG BDRY- BULI RIVER,RR,Residential - Regular,6000.0
raw,RDO No. 53B - Muntinlupa City  is composed of the following Barangays:,,,7TH,NCR,,PUYAT SUBDIVISION,ALL OTHER STREETS,CUPANG BDRY- BULI RIVER,CR,Commercial - Regular,25000.0
raw,RDO No. 53B - Muntinlupa City  is composed of the following Barangays:,,,7TH,NCR,,PUYAT SUBDIVISION,ALL OTHER STREETS,CUPANG BDRY- BULI RIVER,I,Industrial,23000.0
raw,RDO No. 53B - Muntinlupa City  is composed of the following Barangays:,,,7TH,NCR,,PUYAT SUBDIVISION,ALL OTHER STREETS,CUPANG BDRY- BULI RIVER,X,Special / Other,8000.0
raw,RDO No. 53B - Muntinlupa City  is composed of the following Barangays:,,,7TH,NCR,,PUYAT SUBDIVISION,ALL OTHER STREETS,CUPANG BDRY- BULI RIVER,RR,Residential - Regular,6000.0
raw,RDO No. 53B - Muntinlupa City  is composed of the following Barangays:,,,7TH,NCR,,PUYAT SUBDIVISION,ALL OTHER STREETS,CUPANG BDRY- BULI RIVER,CR,Commercial - Regular,25000.0
raw,RDO No. 53B - Muntinlupa City  is composed of the following Barangays:,,,7TH,NCR,,PUYAT SUBDIVISION,ALL OTHER STREETS,CUPANG BDRY- BULI RIVER,I,Industrial,23000.0
raw,RDO No. 53B - Muntinlupa City  is composed of the following Barangays:,,,7TH,NCR,,PUYAT SUBDIVISION,ALL OTHER STREETS,CUPANG BDRY- BULI RIVER,X,Special / Other,8000.0
raw,RDO No. 53B - Muntinlupa City  is composed of the following Barangays:,,,7TH,NCR,,PUYAT SUBDIVISION,ANUVA CONDO,EAST SERVICE ROAD,RC,Residential - Condominium,50000.0
raw,RDO No. 53B - Muntinlupa City  is composed of the following Barangays:,,,7TH,NCR,,PUYAT SUBDIVISION,ANUVA CONDO,EAST SERVICE ROAD,CC,Commercial - Condominium,60000.0
raw,RDO No. 53B - Muntinlupa City  is composed of the following Barangays:,,,7TH,NCR,,PUYAT SUBDIVISION,ANUVA CONDO,EAST SERVICE ROAD,PS,Parking Slot / Private School,40000.0
raw,RDO No. 53B - Muntinlupa City  is composed of the following Barangays:,,,7TH,NCR,,PUYAT SUBDIVISION,ANUVA CONDO,EAST SERVICE ROAD,RC,Residential - Condominium,50000.0
raw,RDO No. 53B - Muntinlupa City  is composed of the following Barangays:,,,7TH,NCR,,PUYAT SUBDIVISION,ANUVA CONDO,EAST SERVICE ROAD,CC,Commercial - Condominium,60000.0
raw,RDO No. 53B - Muntinlupa City  is composed of the following Barangays:,,,7TH,NCR,,PUYAT SUBDIVISION,ANUVA CONDO,EAST SERVICE ROAD,PS,Parking Slot / Private School,40000.0
raw,RDO No. 53B - Muntinlupa City  is composed of the following Barangays:,,,7TH,NCR,,PUYAT SUBDIVISION,RHAPSODY RESIDENCES-CARILLON/CELLO/CLARINET/   HARMONICA BLDG/MARIMBA BLDG,EAST SERVICE ROAD,RC,Residential - Condominium,45000.0
raw,RDO No. 53B - Muntinlupa City  is composed of the following Barangays:,,,7TH,NCR,,PUYAT SUBDIVISION,RHAPSODY RESIDENCES-CARILLON/CELLO/CLARINET/   HARMONICA BLDG/MARIMBA BLDG,EAST SERVICE ROAD,CC,Commercial - Condominium,50000.0
raw,RDO No. 53B - Muntinlupa City  is composed of the following Barangays:,,,7TH,NCR,,PUYAT SUBDIVISION,RHAPSODY RESIDENCES-CARILLON/CELLO/CLARINET/   HARMONICA BLDG/MARIMBA BLDG,EAST SERVICE ROAD,PS,Parking Slot / Private School,40000.0
raw,RDO No. 53B - Muntinlupa City  is composed of the following Barangays:,,,7TH,NCR,,PUYAT SUBDIVISION,RHAPSODY RESIDENCES-CARILLON/CELLO/CLARINET/   HARMONICA BLDG/MARIMBA BLDG,EAST SERVICE ROAD,RC,Residential - Condominium,45000.0
raw,RDO No. 53B - Muntinlupa City  is composed of the following Barangays:,,,7TH,NCR,,PUYAT SUBDIVISION,RHAPSODY RESIDENCES-CARILLON/CELLO/CLARINET/   HARMONICA BLDG/MARIMBA BLDG,EAST SERVICE ROAD,CC,Commercial - Condominium,50000.0
raw,RDO No. 53B - Muntinlupa City  is composed of the following Barangays:,,,7TH,NCR,,PUYAT SUBDIVISION,RHAPSODY RESIDENCES-CARILLON/CELLO/CLARINET/   HARMONICA BLDG/MARIMBA BLDG,EAST SERVICE ROAD,PS,Parking Slot / Private School,40000.0
raw,RDO No. 53B - Muntinlupa City  is composed of the following Barangays:,,,7TH,NCR,,PUYAT SUBDIVISION,T M ROAD (PRESIDENT MANUEL L. QUEZON) PNR SIDE,T.M.ROAD-PNR SIDE,RR,Residential - Regular,5000.0
raw,RDO No. 53B - Muntinlupa City  is composed of the following Barangays:,,,7TH,NCR,,PUYAT SUBDIVISION,T M ROAD (PRESIDENT MANUEL L. QUEZON) PNR SIDE,T.M.ROAD-PNR SIDE,X,Special / Other,8000.0
raw,RDO No. 53B - Muntinlupa City  is composed of the following Barangays:,,,7TH,NCR,,PUYAT SUBDIVISION,T M ROAD (PRESIDENT MANUEL L. QUEZON) PNR SIDE,T.M.ROAD-PNR SIDE,RR,Residential - Regular,5000.0
raw,RDO No. 53B - Muntinlupa City  is composed of the following Barangays:,,,7TH,NCR,,PUYAT SUBDIVISION,T M ROAD (PRESIDENT MANUEL L. QUEZON) PNR SIDE,T.M.ROAD-PNR SIDE,X,Special / Other,8000.0
raw,RDO No. 53B - Muntinlupa City  is composed of the following Barangays:,,,7TH,NCR,,PUYAT SUBDIVISION,T.M. ROAD-LAGUNA LAKESIDE,LAKESIDE- T.M.ROAD,RR,Residential - Regular,3000.0
raw,RDO No. 53B - Muntinlupa City  is composed of the following Barangays:,,,7TH,NCR,,PUYAT SUBDIVISION,T.M. ROAD-LAGUNA LAKESIDE,LAKESIDE- T.M.ROAD,RR,Residential - Regular,3000.0
raw,RDO No. 53B - Muntinlupa City  is composed of the following Barangays:,,,7TH,NCR,,PUYAT SUBDIVISION,WEST SERVICE ROAD,CUPANG BDRY- BULI RIVER,RR,Residential - Regular,17000.0
raw,RDO No. 53B - Muntinlupa City  is composed of the following Barangays:,,,7TH,NCR,,PUYAT SUBDIVISION,WEST SERVICE ROAD,CUPANG BDRY- BULI RIVER,CR,Commercial - Regular,25000.0
raw,RDO No. 53B - Muntinlupa City  is composed of the following Barangays:,,,7TH,NCR,,PUYAT SUBDIVISION,WEST SERVICE ROAD,CUPANG BDRY- BULI RIVER,I,Industrial,23000.0
raw,RDO No. 53B - Muntinlupa City  is composed of the following Barangays:,,,7TH,NCR,,PUYAT SUBDIVISION,WEST SERVICE ROAD,CUPANG BDRY- BULI RIVER,X,Special / Other,25000.0
raw,RDO No. 53B - Muntinlupa City  is composed of the following Barangays:,,,7TH,NCR,,PUYAT SUBDIVISION,WEST SERVICE ROAD,CUPANG BDRY- BULI RIVER,RR,Residential - Regular,17000.0
raw,RDO No. 53B - Muntinlupa City  is composed of the following Barangays:,,,7TH,NCR,,PUYAT SUBDIVISION,WEST SERVICE ROAD,CUPANG BDRY- BULI RIVER,CR,Commercial - Regular,25000.0
raw,RDO No. 53B - Muntinlupa City  is composed of the following Barangays:,,,7TH,NCR,,PUYAT SUBDIVISION,WEST SERVICE ROAD,CUPANG BDRY- BULI RIVER,I,Industrial,23000.0
raw,RDO No. 53B - Muntinlupa City  is composed of the following Barangays:,,,7TH,NCR,,PUYAT SUBDIVISION,WEST SERVICE ROAD,CUPANG BDRY- BULI RIVER,X,Special / Other,25000.0
raw,RDO No. 53B - Muntinlupa City  is composed of the following Barangays:,,,,,,SUCAT,ALL OTHER PROPERTIES,MERALCO STN,GP,General Purpose,300.0
raw,RDO No. 53B - Muntinlupa City  is composed of the following Barangays:,,,,,,SUCAT,ALL OTHER PROPERTIES,,GP,General Purpose,200.0
raw,RDO No. 53B - Muntinlupa City  is composed of the following Barangays:,,,,,,SUCAT,ALL OTHER PROPERTIES,MERALCO STN,GP,General Purpose,300.0
raw,RDO No. 53B - Muntinlupa City  is composed of the following Barangays:,,,,,,SUCAT,ALL OTHER PROPERTIES,,GP,General Purpose,200.0
raw,RDO No. 53B - Muntinlupa City  is composed of the following Barangays:,,,7TH,NCR,,SUCAT,ALL OTHER STREETS,BULI RIVER-MUNTI-P'QUE BDRY,RR,Residential - Regular,6000.0
raw,RDO No. 53B - Muntinlupa City  is composed of the following Barangays:,,,7TH,NCR,,SUCAT,ALL OTHER STREETS,BULI RIVER-MUNTI-P'QUE BDRY,CR,Commercial - Regular,22000.0
raw,RDO No. 53B - Muntinlupa City  is composed of the following Barangays:,,,7TH,NCR,,SUCAT,ALL OTHER STREETS,BULI RIVER-MUNTI-P'QUE BDRY,I,Industrial,20000.0
raw,RDO No. 53B - Muntinlupa City  is composed of the following Barangays:,,,7TH,NCR,,SUCAT,ALL OTHER STREETS,BULI RIVER-MUNTI-P'QUE BDRY,X,Special / Other,15000.0
raw,RDO No. 53B - Muntinlupa City  is composed of the following Barangays:,,,,,,SUCAT,ALL OTHER STREETS,SUCAT UINTERCHANGE-MRR RD,RR,Residential - Regular,3200.0
raw,RDO No. 53B - Muntinlupa City  is composed of the following Barangays:,,,,,,SUCAT,ALL OTHER STREETS,SUCAT UINTERCHANGE-MRR RD,CR,Commercial - Regular,3600.0
raw,RDO No. 53B - Muntinlupa City  is composed of the following Barangays:,,,,,,SUCAT,ALL OTHER STREETS,SUCAT UINTERCHANGE-MRR RD,GP,General Purpose,1150.0
raw,RDO No. 53B - Muntinlupa City  is composed of the following Barangays:,,,,,,SUCAT,ALL OTHER STREETS,SUCAT UINTERCHANGE-MRR RD,RR,Residential - Regular,2500.0
raw,RDO No. 53B - Muntinlupa City  is composed of the following Barangays:,,,,,,SUCAT,ALL OTHER STREETS,SUCAT UINTERCHANGE-MRR RD,CR,Commercial - Regular,2900.0
raw,RDO No. 53B - Muntinlupa City  is composed of the following Barangays:,,,,,,SUCAT,ALL OTHER STREETS,SUCAT UINTERCHANGE-MRR RD,GP,General Purpose,925.0
raw,RDO No. 53B - Muntinlupa City  is composed of the following Barangays:,,,,,,SUCAT,ALL OTHER STREETS,SUCAT UINTERCHANGE-MRR RD,RR,Residential - Regular,2000.0
raw,RDO No. 53B - Muntinlupa City  is composed of the following Barangays:,,,,,,SUCAT,ALL OTHER STREETS,SUCAT UINTERCHANGE-MRR RD,CR,Commercial - Regular,2250.0
raw,RDO No. 53B - Muntinlupa City  is composed of the following Barangays:,,,,,,SUCAT,ALL OTHER STREETS,SUCAT UINTERCHANGE-MRR RD,GP,General Purpose,750.0
raw,RDO No. 53B - Muntinlupa City  is composed of the following Barangays:,,,,,,SUCAT,ALL OTHER STREETS,MERALCO STATION,RR,Residential - Regular,1000.0
raw,RDO No. 53B - Muntinlupa City  is composed of the following Barangays:,,,,,,SUCAT,ALL OTHER STREETS,MERALCO STATION,CR,Commercial - Regular,1500.0
raw,RDO No. 53B - Muntinlupa City  is composed of the following Barangays:,,,,,,SUCAT,ALL OTHER STREETS,MERALCO STATION,GP,General Purpose,500.0
raw,RDO No. 53B - Muntinlupa City  is composed of the following Barangays:,,,7TH,NCR,,SUCAT,ALL OTHER STREETS,BULI RIVER-MUNTI-P'QUE BDRY,RR,Residential - Regular,6000.0
raw,RDO No. 53B - Muntinlupa City  is composed of the following Barangays:,,,7TH,NCR,,SUCAT,ALL OTHER STREETS,BULI RIVER-MUNTI-P'QUE BDRY,CR,Commercial - Regular,22000.0
raw,RDO No. 53B - Muntinlupa City  is composed of the following Barangays:,,,7TH,NCR,,SUCAT,ALL OTHER STREETS,BULI RIVER-MUNTI-P'QUE BDRY,I,Industrial,20000.0
raw,RDO No. 53B - Muntinlupa City  is composed of the following Barangays:,,,7TH,NCR,,SUCAT,ALL OTHER STREETS,BULI RIVER-MUNTI-P'QUE BDRY,X,Special / Other,15000.0
raw,RDO No. 53B - Muntinlupa City  is composed of the following Barangays:,,,,,,SUCAT,ALL OTHER STREETS,SUCAT UINTERCHANGE-MRR RD,RR,Residential - Regular,3200.0
raw,RDO No. 53B - Muntinlupa City  is composed of the following Barangays:,,,,,,SUCAT,ALL OTHER STREETS,SUCAT UINTERCHANGE-MRR RD,CR,Commercial - Regular,3600.0
raw,RDO No. 53B - Muntinlupa City  is composed of the following Barangays:,,,,,,SUCAT,ALL OTHER STREETS,SUCAT UINTERCHANGE-MRR RD,GP,General Purpose,1150.0
raw,RDO No. 53B - Muntinlupa City  is composed of the following Barangays:,,,,,,SUCAT,ALL OTHER STREETS,SUCAT UINTERCHANGE-MRR RD,RR,Residential - Regular,2500.0
raw,RDO No. 53B - Muntinlupa City  is composed of the following Barangays:,,,,,,SUCAT,ALL OTHER STREETS,SUCAT UINTERCHANGE-MRR RD,CR,Commercial - Regular,2900.0
raw,RDO No. 53B - Muntinlupa City  is composed of the following Barangays:,,,,,,SUCAT,ALL OTHER STREETS,SUCAT UINTERCHANGE-MRR RD,GP,General Purpose,925.0
raw,RDO No. 53B - Muntinlupa City  is composed of the following Barangays:,,,,,,SUCAT,ALL OTHER STREETS,SUCAT UINTERCHANGE-MRR RD,RR,Residential - Regular,2000.0
raw,RDO No. 53B - Muntinlupa City  is composed of the following Barangays:,,,,,,SUCAT,ALL OTHER STREETS,SUCAT UINTERCHANGE-MRR RD,CR,Commercial - Regular,2250.0
raw,RDO No. 53B - Muntinlupa City  is composed of the following Barangays:,,,,,,SUCAT,ALL OTHER STREETS,SUCAT UINTERCHANGE-MRR RD,GP,General Purpose,750.0
raw,RDO No. 53B - Muntinlupa City  is composed of the following Barangays:,,,,,,SUCAT,ALL OTHER STREETS,MERALCO STATION,RR,Residential - Regular,1000.0
raw,RDO No. 53B - Muntinlupa City  is composed of the following Barangays:,,,,,,SUCAT,ALL OTHER STREETS,MERALCO STATION,CR,Commercial - Regular,1500.0
raw,RDO No. 53B - Muntinlupa City  is composed of the following Barangays:,,,,,,SUCAT,ALL OTHER STREETS,MERALCO STATION,GP,General Purpose,500.0
raw,RDO No. 53B - Muntinlupa City  is composed of the following Barangays:,,,7TH,NCR,,SUCAT,ALONG PHILIPPINE NATIONAL RAILWAYS,SUCAT ROAD,RR,Residential - Regular,6000.0
raw,RDO No. 53B - Muntinlupa City  is composed of the following Barangays:,,,7TH,NCR,,SUCAT,ALONG PHILIPPINE NATIONAL RAILWAYS,SUCAT ROAD,RR,Residential - Regular,6000.0
raw,RDO No. 53B - Muntinlupa City  is composed of the following Barangays:,,,,,,SUCAT,ALONG RAILROAD,SUCAT ROAD,RR,Residential - Regular,2000.0
raw,RDO No. 53B - Muntinlupa City  is composed of the following Barangays:,,,,,,SUCAT,ALONG RAILROAD,SUCAT ROAD,RR,Residential - Regular,1575.0
raw,RDO No. 53B - Muntinlupa City  is composed of the following Barangays:,,,,,,SUCAT,ALONG RAILROAD,SUCAT ROAD,RR,Residential - Regular,1250.0
raw,RDO No. 53B - Muntinlupa City  is composed of the following Barangays:,,,,,,SUCAT,ALONG RAILROAD,SUCAT ROAD,RR,Residential - Regular,800.0
raw,RDO No. 53B - Muntinlupa City  is composed of the following Barangays:,,,,,,SUCAT,ALONG RAILROAD,SUCAT ROAD,RR,Residential - Regular,700.0
raw,RDO No. 53B - Muntinlupa City  is composed of the following Barangays:,,,,,,SUCAT,ALONG RAILROAD,SUCAT ROAD,RR,Residential - Regular,2000.0
raw,RDO No. 53B - Muntinlupa City  is composed of the following Barangays:,,,,,,SUCAT,ALONG RAILROAD,SUCAT ROAD,RR,Residential - Regular,1575.0
raw,RDO No. 53B - Muntinlupa City  is composed of the following Barangays:,,,,,,SUCAT,ALONG RAILROAD,SUCAT ROAD,RR,Residential - Regular,1250.0
raw,RDO No. 53B - Muntinlupa City  is composed of the following Barangays:,,,,,,SUCAT,ALONG RAILROAD,SUCAT ROAD,RR,Residential - Regular,800.0
raw,RDO No. 53B - Muntinlupa City  is composed of the following Barangays:,,,,,,SUCAT,ALONG RAILROAD,SUCAT ROAD,RR,Residential - Regular,700.0
raw,RDO No. 53B - Muntinlupa City  is composed of the following Barangays:,,,,,,SUCAT,BAYVIEW SUBD,DONA ROSARIO,RR,Residential - Regular,2000.0
raw,RDO No. 53B - Muntinlupa City  is composed of the following Barangays:,,,,,,SUCAT,BAYVIEW SUBD,DONA ROSARIO,RR,Residential - Regular,1700.0
raw,RDO No. 53B - Muntinlupa City  is composed of the following Barangays:,,,,,,SUCAT,BAYVIEW SUBD,DONA ROSARIO,RR,Residential - Regular,1250.0
raw,RDO No. 53B - Muntinlupa City  is composed of the following Barangays:,,,,,,SUCAT,BAYVIEW SUBD,DONA ROSARIO,RR,Residential - Regular,800.0
raw,RDO No. 53B - Muntinlupa City  is composed of the following Barangays:,,,,,,SUCAT,BAYVIEW SUBD,DONA ROSARIO,RR,Residential - Regular,700.0
raw,RDO No. 53B - Muntinlupa City  is composed of the following Barangays:,,,,,,SUCAT,BAYVIEW SUBD,DONA ROSARIO,RR,Residential - Regular,2000.0
raw,RDO No. 53B - Muntinlupa City  is composed of the following Barangays:,,,,,,SUCAT,BAYVIEW SUBD,DONA ROSARIO,RR,Residential - Regular,1700.0
raw,RDO No. 53B - Muntinlupa City  is composed of the following Barangays:,,,,,,SUCAT,BAYVIEW SUBD,DONA ROSARIO,RR,Residential - Regular,1250.0
raw,RDO No. 53B - Muntinlupa City  is composed of the following Barangays:,,,,,,SUCAT,BAYVIEW SUBD,DONA ROSARIO,RR,Residential - Regular,800.0
raw,RDO No. 53B - Muntinlupa City  is composed of the following Barangays:,,,,,,SUCAT,BAYVIEW SUBD,DONA ROSARIO,RR,Residential - Regular,700.0
raw,RDO No. 53B - Muntinlupa City  is composed of the following Barangays:,,,7TH,NCR,,SUCAT,BELLINI CONDO,PRESIDIO BRITTANY BAY,RC,Residential - Condominium,45000.0
raw,RDO No. 53B - Muntinlupa City  is composed of the following Barangays:,,,7TH,NCR,,SUCAT,BELLINI CONDO,PRESIDIO BRITTANY BAY,CC,Commercial - Condominium,55000.0
raw,RDO No. 53B - Muntinlupa City  is composed of the following Barangays:,,,7TH,NCR,,SUCAT,BELLINI CONDO,PRESIDIO BRITTANY BAY,PS,Parking Slot / Private School,40000.0
raw,RDO No. 53B - Muntinlupa City  is composed of the following Barangays:,,,7TH,NCR,,SUCAT,BELLINI CONDO,PRESIDIO BRITTANY BAY,RC,Residential - Condominium,45000.0
raw,RDO No. 53B - Muntinlupa City  is composed of the following Barangays:,,,7TH,NCR,,SUCAT,BELLINI CONDO,PRESIDIO BRITTANY BAY,CC,Commercial - Condominium,55000.0
raw,RDO No. 53B - Muntinlupa City  is composed of the following Barangays:,,,7TH,NCR,,SUCAT,BELLINI CONDO,PRESIDIO BRITTANY BAY,PS,Parking Slot / Private School,40000.0
raw,RDO No. 53B - Muntinlupa City  is composed of the following Barangays:,,,7TH,NCR,,SUCAT,BLOSSOM ESTATE INC.,WEST SERVICE ROAD,RC,Residential - Condominium,40000.0
raw,RDO No. 53B - Muntinlupa City  is composed of the following Barangays:,,,7TH,NCR,,SUCAT,BLOSSOM ESTATE INC.,WEST SERVICE ROAD,CC,Commercial - Condominium,50000.0
raw,RDO No. 53B - Muntinlupa City  is composed of the following Barangays:,,,7TH,NCR,,SUCAT,BLOSSOM ESTATE INC.,WEST SERVICE ROAD,PS,Parking Slot / Private School,35000.0
raw,RDO No. 53B - Muntinlupa City  is composed of the following Barangays:,,,7TH,NCR,,SUCAT,BLOSSOM ESTATE INC.,WEST SERVICE ROAD,RC,Residential - Condominium,40000.0
raw,RDO No. 53B - Muntinlupa City  is composed of the following Barangays:,,,7TH,NCR,,SUCAT,BLOSSOM ESTATE INC.,WEST SERVICE ROAD,CC,Commercial - Condominium,50000.0
raw,RDO No. 53B - Muntinlupa City  is composed of the following Barangays:,,,7TH,NCR,,SUCAT,BLOSSOM ESTATE INC.,WEST SERVICE ROAD,PS,Parking Slot / Private School,35000.0
raw,RDO No. 53B - Muntinlupa City  is composed of the following Barangays:,,,7TH,NCR,,SUCAT,BRITTANY BAY / LA POSADA,POSADAS VILLAGE,RR,Residential - Regular,24000.0
raw,RDO No. 53B - Muntinlupa City  is composed of the following Barangays:,,,7TH,NCR,,SUCAT,BRITTANY BAY / LA POSADA,POSADAS VILLAGE,RR,Residential - Regular,24000.0
raw,RDO No. 53B - Muntinlupa City  is composed of the following Barangays:,,,7TH,NCR,,SUCAT,CENTROPOLIS COMMUNITIES,VILLONCO,RC,Residential - Condominium,40000.0
raw,RDO No. 53B - Muntinlupa City  is composed of the following Barangays:,,,7TH,NCR,,SUCAT,CENTROPOLIS COMMUNITIES,VILLONCO,CC,Commercial - Condominium,50000.0
raw,RDO No. 53B - Muntinlupa City  is composed of the following Barangays:,,,7TH,NCR,,SUCAT,CENTROPOLIS COMMUNITIES,VILLONCO,PS,Parking Slot / Private School,35000.0
raw,RDO No. 53B - Muntinlupa City  is composed of the following Barangays:,,,7TH,NCR,,SUCAT,CENTROPOLIS COMMUNITIES,VILLONCO,RC,Residential - Condominium,40000.0
raw,RDO No. 53B - Muntinlupa City  is composed of the following Barangays:,,,7TH,NCR,,SUCAT,CENTROPOLIS COMMUNITIES,VILLONCO,CC,Commercial - Condominium,50000.0
raw,RDO No. 53B - Muntinlupa City  is composed of the following Barangays:,,,7TH,NCR,,SUCAT,CENTROPOLIS COMMUNITIES,VILLONCO,PS,Parking Slot / Private School,35000.0
raw,RDO No. 53B - Muntinlupa City  is composed of the following Barangays:,,,7TH,NCR,,SUCAT,CORINTHIAN VILLAS,POSADAS VILLAGE,RR,Residential - Regular,24000.0
raw,RDO No. 53B - Muntinlupa City  is composed of the following Barangays:,,,7TH,NCR,,SUCAT,CORINTHIAN VILLAS,POSADAS VILLAGE,RR,Residential - Regular,24000.0
raw,RDO No. 53B - Muntinlupa City  is composed of the following Barangays:,,,7TH,NCR,,SUCAT,DA VINCI TOWER CONDO,PRESIDIO BRITTANY BAY,RC,Residential - Condominium,40000.0
raw,RDO No. 53B - Muntinlupa City  is composed of the following Barangays:,,,7TH,NCR,,SUCAT,DA VINCI TOWER CONDO,PRESIDIO BRITTANY BAY,CC,Commercial - Condominium,50000.0
raw,RDO No. 53B - Muntinlupa City  is composed of the following Barangays:,,,7TH,NCR,,SUCAT,DA VINCI TOWER CONDO,PRESIDIO BRITTANY BAY,PS,Parking Slot / Private School,35000.0
raw,RDO No. 53B - Muntinlupa City  is composed of the following Barangays:,,,7TH,NCR,,SUCAT,DA VINCI TOWER CONDO,PRESIDIO BRITTANY BAY,RC,Residential - Condominium,50000.0
raw,RDO No. 53B - Muntinlupa City  is composed of the following Barangays:,,,7TH,NCR,,SUCAT,DA VINCI TOWER CONDO,PRESIDIO BRITTANY BAY,CC,Commercial - Condominium,60000.0
raw,RDO No. 53B - Muntinlupa City  is composed of the following Barangays:,,,7TH,NCR,,SUCAT,DA VINCI TOWER CONDO,PRESIDIO BRITTANY BAY,PS,Parking Slot / Private School,40000.0
raw,RDO No. 53B - Muntinlupa City  is composed of the following Barangays:,,,7TH,NCR,,SUCAT,DA VINCI TOWER CONDO,PRESIDIO BRITTANY BAY,RC,Residential - Condominium,40000.0
raw,RDO No. 53B - Muntinlupa City  is composed of the following Barangays:,,,7TH,NCR,,SUCAT,DA VINCI TOWER CONDO,PRESIDIO BRITTANY BAY,CC,Commercial - Condominium,50000.0
raw,RDO No. 53B - Muntinlupa City  is composed of the following Barangays:,,,7TH,NCR,,SUCAT,DA VINCI TOWER CONDO,PRESIDIO BRITTANY BAY,PS,Parking Slot / Private School,35000.0
raw,RDO No. 53B - Muntinlupa City  is composed of the following Barangays:,,,7TH,NCR,,SUCAT,DA VINCI TOWER CONDO,PRESIDIO BRITTANY BAY,RC,Residential - Condominium,50000.0
raw,RDO No. 53B - Muntinlupa City  is composed of the following Barangays:,,,7TH,NCR,,SUCAT,DA VINCI TOWER CONDO,PRESIDIO BRITTANY BAY,CC,Commercial - Condominium,60000.0
raw,RDO No. 53B - Muntinlupa City  is composed of the following Barangays:,,,7TH,NCR,,SUCAT,DA VINCI TOWER CONDO,PRESIDIO BRITTANY BAY,PS,Parking Slot / Private School,40000.0
raw,RDO No. 53B - Muntinlupa City  is composed of the following Barangays:,,,7TH,NCR,,SUCAT,DON JUAN BAYVIEW SUBD.,TM ROAD,RR,Residential - Regular,12000.0
raw,RDO No. 53B - Muntinlupa City  is composed of the following Barangays:,,,7TH,NCR,,SUCAT,DON JUAN BAYVIEW SUBD.,TM ROAD,RR,Residential - Regular,12000.0
raw,RDO No. 53B - Muntinlupa City  is composed of the following Barangays:,,,,,,SUCAT,DONA ROSARIO HEIGHTS,DONA ROSARIO,RR,Residential - Regular,4000.0
raw,RDO No. 53B - Muntinlupa City  is composed of the following Barangays:,,,,,,SUCAT,DONA ROSARIO HEIGHTS,DONA ROSARIO,RR,Residential - Regular,3100.0
raw,RDO No. 53B - Muntinlupa City  is composed of the following Barangays:,,,,,,SUCAT,DONA ROSARIO HEIGHTS,DONA ROSARIO,RR,Residential - Regular,2500.0
raw,RDO No. 53B - Muntinlupa City  is composed of the following Barangays:,,,,,,SUCAT,DONA ROSARIO HEIGHTS,DONA ROSARIO,RR,Residential - Regular,4000.0
raw,RDO No. 53B - Muntinlupa City  is composed of the following Barangays:,,,,,,SUCAT,DONA ROSARIO HEIGHTS,DONA ROSARIO,RR,Residential - Regular,3100.0
raw,RDO No. 53B - Muntinlupa City  is composed of the following Barangays:,,,,,,SUCAT,DONA ROSARIO HEIGHTS,DONA ROSARIO,RR,Residential - Regular,2500.0
raw,RDO No. 53B - Muntinlupa City  is composed of the following Barangays:,,,7TH,NCR,,SUCAT,DONA ROSARIO HEIGHTS SUBD.,POSADAS VILLAGE,RR,Residential - Regular,15000.0
raw,RDO No. 53B - Muntinlupa City  is composed of the following Barangays:,,,7TH,NCR,,SUCAT,DONA ROSARIO HEIGHTS SUBD.,POSADAS VILLAGE,X,Special / Other,15000.0
raw,RDO No. 53B - Muntinlupa City  is composed of the following Barangays:,,,7TH,NCR,,SUCAT,DONA ROSARIO HEIGHTS SUBD.,POSADAS VILLAGE,RR,Residential - Regular,15000.0
raw,RDO No. 53B - Muntinlupa City  is composed of the following Barangays:,,,7TH,NCR,,SUCAT,DONA ROSARIO HEIGHTS SUBD.,POSADAS VILLAGE,X,Special / Other,15000.0
raw,RDO No. 53B - Muntinlupa City  is composed of the following Barangays:,,,7TH,NCR,,SUCAT,DOÑA ROSARIO BAYVIEW SUBD.,DON JUAN BAYVIEW,RR,Residential - Regular,15000.0
raw,RDO No. 53B - Muntinlupa City  is composed of the following Barangays:,,,7TH,NCR,,SUCAT,DOÑA ROSARIO BAYVIEW SUBD.,DON JUAN BAYVIEW,RR,Residential - Regular,15000.0
raw,RDO No. 53B - Muntinlupa City  is composed of the following Barangays:,,,7TH,NCR,,SUCAT,EAST SERVICE ROAD,BULI RIVER-MUNTI-P'QUE BDRY,RR,Residential - Regular,17000.0
raw,RDO No. 53B - Muntinlupa City  is composed of the following Barangays:,,,7TH,NCR,,SUCAT,EAST SERVICE ROAD,BULI RIVER-MUNTI-P'QUE BDRY,CR,Commercial - Regular,25000.0
raw,RDO No. 53B - Muntinlupa City  is composed of the following Barangays:,,,7TH,NCR,,SUCAT,EAST SERVICE ROAD,BULI RIVER-MUNTI-P'QUE BDRY,I,Industrial,23000.0
raw,RDO No. 53B - Muntinlupa City  is composed of the following Barangays:,,,7TH,NCR,,SUCAT,EAST SERVICE ROAD,BULI RIVER-MUNTI-P'QUE BDRY,X,Special / Other,25000.0
raw,RDO No. 53B - Muntinlupa City  is composed of the following Barangays:,,,7TH,NCR,,SUCAT,EAST SERVICE ROAD,BULI RIVER-MUNTI-P'QUE BDRY,RR,Residential - Regular,17000.0
raw,RDO No. 53B - Muntinlupa City  is composed of the following Barangays:,,,7TH,NCR,,SUCAT,EAST SERVICE ROAD,BULI RIVER-MUNTI-P'QUE BDRY,CR,Commercial - Regular,25000.0
raw,RDO No. 53B - Muntinlupa City  is composed of the following Barangays:,,,7TH,NCR,,SUCAT,EAST SERVICE ROAD,BULI RIVER-MUNTI-P'QUE BDRY,I,Industrial,23000.0
raw,RDO No. 53B - Muntinlupa City  is composed of the following Barangays:,,,7TH,NCR,,SUCAT,EAST SERVICE ROAD,BULI RIVER-MUNTI-P'QUE BDRY,X,Special / Other,25000.0
raw,RDO No. 53B - Muntinlupa City  is composed of the following Barangays:,,,7TH,NCR,,SUCAT,LA POSADA SUBDIVISION,BULI RIVER-MUNTI-P'QUE BDRY,RR,Residential - Regular,16000.0
raw,RDO No. 53B - Muntinlupa City  is composed of the following Barangays:,,,7TH,NCR,,SUCAT,LA POSADA SUBDIVISION,BULI RIVER-MUNTI-P'QUE BDRY,RR,Residential - Regular,16000.0
raw,RDO No. 53B - Muntinlupa City  is composed of the following Barangays:,,,,,,SUCAT,LAGUNA LAKE,TAGUIG MUNT ROAD,RR,Residential - Regular,1500.0
raw,RDO No. 53B - Muntinlupa City  is composed of the following Barangays:,,,,,,SUCAT,LAGUNA LAKE,TAGUIG MUNT ROAD,RR,Residential - Regular,1175.0
raw,RDO No. 53B - Muntinlupa City  is composed of the following Barangays:,,,,,,SUCAT,LAGUNA LAKE,TAGUIG MUNT ROAD,RR,Residential - Regular,925.0
raw,RDO No. 53B - Muntinlupa City  is composed of the following Barangays:,,,,,,SUCAT,LAGUNA LAKE,TAGUIG MUNT ROAD,RR,Residential - Regular,800.0
raw,RDO No. 53B - Muntinlupa City  is composed of the following Barangays:,,,,,,SUCAT,LAGUNA LAKE,TAGUIG MUNT RD,RR,Residential - Regular,700.0
raw,RDO No. 53B - Muntinlupa City  is composed of the following Barangays:,,,,,,SUCAT,LAGUNA LAKE,TAGUIG MUNT ROAD,RR,Residential - Regular,1500.0
raw,RDO No. 53B - Muntinlupa City  is composed of the following Barangays:,,,,,,SUCAT,LAGUNA LAKE,TAGUIG MUNT ROAD,RR,Residential - Regular,1175.0
raw,RDO No. 53B - Muntinlupa City  is composed of the following Barangays:,,,,,,SUCAT,LAGUNA LAKE,TAGUIG MUNT ROAD,RR,Residential - Regular,925.0
raw,RDO No. 53B - Muntinlupa City  is composed of the following Barangays:,,,,,,SUCAT,LAGUNA LAKE,TAGUIG MUNT ROAD,RR,Residential - Regular,800.0
raw,RDO No. 53B - Muntinlupa City  is composed of the following Barangays:,,,,,,SUCAT,LAGUNA LAKE,TAGUIG MUNT RD,RR,Residential - Regular,700.0
raw,RDO No. 53B - Muntinlupa City  is composed of the following Barangays:,,,7TH,NCR,,SUCAT,MARFORI TOWER,LAKEFRONT SUCAT,RC,Residential - Condominium,45000.0
raw,RDO No. 53B - Muntinlupa City  is composed of the following Barangays:,,,7TH,NCR,,SUCAT,MARFORI TOWER,LAKEFRONT SUCAT,CC,Commercial - Condominium,55000.0
raw,RDO No. 53B - Muntinlupa City  is composed of the following Barangays:,,,7TH,NCR,,SUCAT,MARFORI TOWER,LAKEFRONT SUCAT,PS,Parking Slot / Private School,40000.0
raw,RDO No. 53B - Muntinlupa City  is composed of the following Barangays:,,,7TH,NCR,,SUCAT,MARFORI TOWER,LAKEFRONT SUCAT,RC,Residential - Condominium,45000.0
raw,RDO No. 53B - Muntinlupa City  is composed of the following Barangays:,,,7TH,NCR,,SUCAT,MARFORI TOWER,LAKEFRONT SUCAT,CC,Commercial - Condominium,55000.0
raw,RDO No. 53B - Muntinlupa City  is composed of the following Barangays:,,,7TH,NCR,,SUCAT,MARFORI TOWER,LAKEFRONT SUCAT,PS,Parking Slot / Private School,40000.0
raw,RDO No. 53B - Muntinlupa City  is composed of the following Barangays:,,,7TH,NCR,,SUCAT,MARINA HEIGHTS,BRITTANY,RR,Residential - Regular,24000.0
raw,RDO No. 53B - Muntinlupa City  is composed of the following Barangays:,,,7TH,NCR,,SUCAT,MARINA HEIGHTS,BRITTANY,RR,Residential - Regular,24000.0
raw,RDO No. 53B - Muntinlupa City  is composed of the following Barangays:,,,7TH,NCR,,SUCAT,MICHAELANGELO TOWER,PRESIDIO BRITTANY BAY,RC,Residential - Condominium,45000.0
raw,RDO No. 53B - Muntinlupa City  is composed of the following Barangays:,,,7TH,NCR,,SUCAT,MICHAELANGELO TOWER,PRESIDIO BRITTANY BAY,CC,Commercial - Condominium,55000.0
raw,RDO No. 53B - Muntinlupa City  is composed of the following Barangays:,,,7TH,NCR,,SUCAT,MICHAELANGELO TOWER,PRESIDIO BRITTANY BAY,PS,Parking Slot / Private School,40000.0
raw,RDO No. 53B - Muntinlupa City  is composed of the following Barangays:,,,7TH,NCR,,SUCAT,MICHAELANGELO TOWER,PRESIDIO BRITTANY BAY,RC,Residential - Condominium,45000.0
raw,RDO No. 53B - Muntinlupa City  is composed of the following Barangays:,,,7TH,NCR,,SUCAT,MICHAELANGELO TOWER,PRESIDIO BRITTANY BAY,CC,Commercial - Condominium,55000.0
raw,RDO No. 53B - Muntinlupa City  is composed of the following Barangays:,,,7TH,NCR,,SUCAT,MICHAELANGELO TOWER,PRESIDIO BRITTANY BAY,PS,Parking Slot / Private School,40000.0
raw,RDO No. 53B - Muntinlupa City  is composed of the following Barangays:,,,7TH,NCR,,SUCAT,MONET TOWER CONDO,PRESIDIO BRITTANY BAY,RC,Residential - Condominium,45000.0
raw,RDO No. 53B - Muntinlupa City  is composed of the following Barangays:,,,7TH,NCR,,SUCAT,MONET TOWER CONDO,PRESIDIO BRITTANY BAY,CC,Commercial - Condominium,55000.0
raw,RDO No. 53B - Muntinlupa City  is composed of the following Barangays:,,,7TH,NCR,,SUCAT,MONET TOWER CONDO,PRESIDIO BRITTANY BAY,PS,Parking Slot / Private School,40000.0
raw,RDO No. 53B - Muntinlupa City  is composed of the following Barangays:,,,7TH,NCR,,SUCAT,MONET TOWER CONDO,PRESIDIO BRITTANY BAY,RC,Residential - Condominium,45000.0
raw,RDO No. 53B - Muntinlupa City  is composed of the following Barangays:,,,7TH,NCR,,SUCAT,MONET TOWER CONDO,PRESIDIO BRITTANY BAY,CC,Commercial - Condominium,55000.0
raw,RDO No. 53B - Muntinlupa City  is composed of the following Barangays:,,,7TH,NCR,,SUCAT,MONET TOWER CONDO,PRESIDIO BRITTANY BAY,PS,Parking Slot / Private School,40000.0
raw,RDO No. 53B - Muntinlupa City  is composed of the following Barangays:,,,7TH,NCR,,SUCAT,NEW VICTORIANNE ROW,LA POSADA,RR,Residential - Regular,16000.0
raw,RDO No. 53B - Muntinlupa City  is composed of the following Barangays:,,,7TH,NCR,,SUCAT,NEW VICTORIANNE ROW,LA POSADA,RR,Residential - Regular,16000.0
raw,RDO No. 53B - Muntinlupa City  is composed of the following Barangays:,,,7TH,NCR,,SUCAT,PATIO HOMES,POSADAS VILLAGE,RR,Residential - Regular,15000.0
raw,RDO No. 53B - Muntinlupa City  is composed of the following Barangays:,,,,,,SUCAT,PATIO HOMES,POSADAS VILLAGE,RR,Residential - Regular,2900.0
raw,RDO No. 53B - Muntinlupa City  is composed of the following Barangays:,,,,,,SUCAT,PATIO HOMES,POSADAS VILLAGE,RR,Residential - Regular,2350.0
raw,RDO No. 53B - Muntinlupa City  is composed of the following Barangays:,,,,,,SUCAT,PATIO HOMES,POSADAS VILLAGE,RR,Residential - Regular,1800.0
raw,RDO No. 53B - Muntinlupa City  is composed of the following Barangays:,,,7TH,NCR,,SUCAT,PATIO HOMES,POSADAS VILLAGE,RR,Residential - Regular,15000.0
raw,RDO No. 53B - Muntinlupa City  is composed of the following Barangays:,,,,,,SUCAT,PATIO HOMES,POSADAS VILLAGE,RR,Residential - Regular,2900.0
raw,RDO No. 53B - Muntinlupa City  is composed of the following Barangays:,,,,,,SUCAT,PATIO HOMES,POSADAS VILLAGE,RR,Residential - Regular,2350.0
raw,RDO No. 53B - Muntinlupa City  is composed of the following Barangays:,,,,,,SUCAT,PATIO HOMES,POSADAS VILLAGE,RR,Residential - Regular,1800.0
raw,RDO No. 53B - Muntinlupa City  is composed of the following Barangays:,,,7TH,NCR,,SUCAT,PICASSO TOWER,PRESIDIO BRITANNY BAY,RC,Residential - Condominium,45000.0
raw,RDO No. 53B - Muntinlupa City  is composed of the following Barangays:,,,7TH,NCR,,SUCAT,PICASSO TOWER,PRESIDIO BRITANNY BAY,CC,Commercial - Condominium,55000.0
raw,RDO No. 53B - Muntinlupa City  is composed of the following Barangays:,,,7TH,NCR,,SUCAT,PICASSO TOWER,PRESIDIO BRITANNY BAY,PS,Parking Slot / Private School,40000.0
raw,RDO No. 53B - Muntinlupa City  is composed of the following Barangays:,,,7TH,NCR,,SUCAT,PICASSO TOWER,PRESIDIO BRITANNY BAY,RC,Residential - Condominium,45000.0
raw,RDO No. 53B - Muntinlupa City  is composed of the following Barangays:,,,7TH,NCR,,SUCAT,PICASSO TOWER,PRESIDIO BRITANNY BAY,CC,Commercial - Condominium,55000.0
raw,RDO No. 53B - Muntinlupa City  is composed of the following Barangays:,,,7TH,NCR,,SUCAT,PICASSO TOWER,PRESIDIO BRITANNY BAY,PS,Parking Slot / Private School,40000.0
raw,RDO No. 53B - Muntinlupa City  is composed of the following Barangays:,,,,,,SUCAT,POSADAS VIL,SO EXPRESSWAY,RR,Residential - Regular,1100.0
raw,RDO No. 53B - Muntinlupa City  is composed of the following Barangays:,,,,,,SUCAT,POSADAS VIL,SO EXPRESSWAY,RR,Residential - Regular,1100.0
raw,RDO No. 53B - Muntinlupa City  is composed of the following Barangays:,,,7TH,NCR,,SUCAT,POSADAS VILLAGE,SLEX,RR,Residential - Regular,15000.0
raw,RDO No. 53B - Muntinlupa City  is composed of the following Barangays:,,,,,,SUCAT,POSADAS VILLAGE,S EXPRESSWAY,RR,Residential - Regular,3600.0
raw,RDO No. 53B - Muntinlupa City  is composed of the following Barangays:,,,,,,SUCAT,POSADAS VILLAGE,S EXPRESSWAY,RR,Residential - Regular,2900.0
raw,RDO No. 53B - Muntinlupa City  is composed of the following Barangays:,,,,,,SUCAT,POSADAS VILLAGE,S EXPRESSWAY,RR,Residential - Regular,2200.0
raw,RDO No. 53B - Muntinlupa City  is composed of the following Barangays:,,,,,,SUCAT,POSADAS VILLAGE,S EXPRESSWAY,RR,Residential - Regular,1300.0
raw,RDO No. 53B - Muntinlupa City  is composed of the following Barangays:,,,7TH,NCR,,SUCAT,POSADAS VILLAGE,SLEX,RR,Residential - Regular,15000.0
raw,RDO No. 53B - Muntinlupa City  is composed of the following Barangays:,,,,,,SUCAT,POSADAS VILLAGE,S EXPRESSWAY,RR,Residential - Regular,3600.0
raw,RDO No. 53B - Muntinlupa City  is composed of the following Barangays:,,,,,,SUCAT,POSADAS VILLAGE,S EXPRESSWAY,RR,Residential - Regular,2900.0
raw,RDO No. 53B - Muntinlupa City  is composed of the following Barangays:,,,,,,SUCAT,POSADAS VILLAGE,S EXPRESSWAY,RR,Residential - Regular,2200.0
raw,RDO No. 53B - Muntinlupa City  is composed of the following Barangays:,,,,,,SUCAT,POSADAS VILLAGE,S EXPRESSWAY,RR,Residential - Regular,1300.0
raw,RDO No. 53B - Muntinlupa City  is composed of the following Barangays:,,,7TH,NCR,,SUCAT,PRESIDIO CONDO,PRESIDIO BRITTANY BAY,RC,Residential - Condominium,50000.0
raw,RDO No. 53B - Muntinlupa City  is composed of the following Barangays:,,,7TH,NCR,,SUCAT,PRESIDIO CONDO,PRESIDIO BRITTANY BAY,CC,Commercial - Condominium,60000.0
raw,RDO No. 53B - Muntinlupa City  is composed of the following Barangays:,,,7TH,NCR,,SUCAT,PRESIDIO CONDO,PRESIDIO BRITTANY BAY,PS,Parking Slot / Private School,45000.0
raw,RDO No. 53B - Muntinlupa City  is composed of the following Barangays:,,,7TH,NCR,,SUCAT,PRESIDIO CONDO,PRESIDIO BRITTANY BAY,RC,Residential - Condominium,50000.0
raw,RDO No. 53B - Muntinlupa City  is composed of the following Barangays:,,,7TH,NCR,,SUCAT,PRESIDIO CONDO,PRESIDIO BRITTANY BAY,CC,Commercial - Condominium,60000.0
raw,RDO No. 53B - Muntinlupa City  is composed of the following Barangays:,,,7TH,NCR,,SUCAT,PRESIDIO CONDO,PRESIDIO BRITTANY BAY,PS,Parking Slot / Private School,45000.0
raw,RDO No. 53B - Muntinlupa City  is composed of the following Barangays:,,,7TH,NCR,,SUCAT,REMBRANT TOWER,PRESIDIO BRITTANY BAY,RC,Residential - Condominium,45000.0
raw,RDO No. 53B - Muntinlupa City  is composed of the following Barangays:,,,7TH,NCR,,SUCAT,REMBRANT TOWER,PRESIDIO BRITTANY BAY,CC,Commercial - Condominium,55000.0
raw,RDO No. 53B - Muntinlupa City  is composed of the following Barangays:,,,7TH,NCR,,SUCAT,REMBRANT TOWER,PRESIDIO BRITTANY BAY,PS,Parking Slot / Private School,40000.0
raw,RDO No. 53B - Muntinlupa City  is composed of the following Barangays:,,,7TH,NCR,,SUCAT,REMBRANT TOWER,PRESIDIO BRITTANY BAY,RC,Residential - Condominium,45000.0
raw,RDO No. 53B - Muntinlupa City  is composed of the following Barangays:,,,7TH,NCR,,SUCAT,REMBRANT TOWER,PRESIDIO BRITTANY BAY,CC,Commercial - Condominium,55000.0
raw,RDO No. 53B - Muntinlupa City  is composed of the following Barangays:,,,7TH,NCR,,SUCAT,REMBRANT TOWER,PRESIDIO BRITTANY BAY,PS,Parking Slot / Private School,40000.0
raw,RDO No. 53B - Muntinlupa City  is composed of the following Barangays:,,,7TH,NCR,,SUCAT,RENOIR TOWER CONDO,PRESIDIO BRITTANY BAY,RC,Residential - Condominium,50000.0
raw,RDO No. 53B - Muntinlupa City  is composed of the following Barangays:,,,7TH,NCR,,SUCAT,RENOIR TOWER CONDO,PRESIDIO BRITTANY BAY,CC,Commercial - Condominium,55000.0
raw,RDO No. 53B - Muntinlupa City  is composed of the following Barangays:,,,7TH,NCR,,SUCAT,RENOIR TOWER CONDO,PRESIDIO BRITTANY BAY,PS,Parking Slot / Private School,45000.0
raw,RDO No. 53B - Muntinlupa City  is composed of the following Barangays:,,,7TH,NCR,,SUCAT,RENOIR TOWER CONDO,PRESIDIO BRITTANY BAY,RC,Residential - Condominium,50000.0
raw,RDO No. 53B - Muntinlupa City  is composed of the following Barangays:,,,7TH,NCR,,SUCAT,RENOIR TOWER CONDO,PRESIDIO BRITTANY BAY,CC,Commercial - Condominium,55000.0
raw,RDO No. 53B - Muntinlupa City  is composed of the following Barangays:,,,7TH,NCR,,SUCAT,RENOIR TOWER CONDO,PRESIDIO BRITTANY BAY,PS,Parking Slot / Private School,45000.0
raw,RDO No. 53B - Muntinlupa City  is composed of the following Barangays:,,,,,,SUCAT,S PAGKAKAISA,MERALCO STN,RR,Residential - Regular,1000.0
raw,RDO No. 53B - Muntinlupa City  is composed of the following Barangays:,,,,,,SUCAT,S PAGKAKAISA,MERALCO STN,RR,Residential - Regular,1000.0
raw,RDO No. 53B - Muntinlupa City  is composed of the following Barangays:,,,,,,SUCAT,S' PAGKAKAISA,MERALCO STATION,RR,Residential - Regular,3100.0
raw,RDO No. 53B - Muntinlupa City  is composed of the following Barangays:,,,,,,SUCAT,S' PAGKAKAISA,MERALCO STATION,RR,Residential - Regular,2425.0
raw,RDO No. 53B - Muntinlupa City  is composed of the following Barangays:,,,,,,SUCAT,S' PAGKAKAISA,MERALCO STATION,RR,Residential - Regular,1950.0
raw,RDO No. 53B - Muntinlupa City  is composed of the following Barangays:,,,,,,SUCAT,S' PAGKAKAISA,MERALCO STATION,RR,Residential - Regular,1300.0
raw,RDO No. 53B - Muntinlupa City  is composed of the following Barangays:,,,,,,SUCAT,S' PAGKAKAISA,MERALCO STATION,RR,Residential - Regular,3100.0
raw,RDO No. 53B - Muntinlupa City  is composed of the following Barangays:,,,,,,SUCAT,S' PAGKAKAISA,MERALCO STATION,RR,Residential - Regular,2425.0
raw,RDO No. 53B - Muntinlupa City  is composed of the following Barangays:,,,,,,SUCAT,S' PAGKAKAISA,MERALCO STATION,RR,Residential - Regular,1950.0
raw,RDO No. 53B - Muntinlupa City  is composed of the following Barangays:,,,,,,SUCAT,S' PAGKAKAISA,MERALCO STATION,RR,Residential - Regular,1300.0
raw,RDO No. 53B - Muntinlupa City  is composed of the following Barangays:,,,7TH,NCR,,SUCAT,SAMAHANG  PAGKAKAISA,MERALCO STATION,RR,Residential - Regular,8000.0
raw,RDO No. 53B - Muntinlupa City  is composed of the following Barangays:,,,7TH,NCR,,SUCAT,SAMAHANG  PAGKAKAISA,MERALCO STATION,RR,Residential - Regular,8000.0
raw,RDO No. 53B - Muntinlupa City  is composed of the following Barangays:,,,7TH,NCR,,SUCAT,SAMSON ROAD,WEST SERVICE ROAD,RR,Residential - Regular,17000.0
raw,RDO No. 53B - Muntinlupa City  is composed of the following Barangays:,,,7TH,NCR,,SUCAT,SAMSON ROAD,WEST SERVICE ROAD,CR,Commercial - Regular,22000.0
raw,RDO No. 53B - Muntinlupa City  is composed of the following Barangays:,,,7TH,NCR,,SUCAT,SAMSON ROAD,WEST SERVICE ROAD,I,Industrial,20000.0
raw,RDO No. 53B - Muntinlupa City  is composed of the following Barangays:,,,7TH,NCR,,SUCAT,SAMSON ROAD,WEST SERVICE ROAD,X,Special / Other,22000.0
raw,RDO No. 53B - Muntinlupa City  is composed of the following Barangays:,,,7TH,NCR,,SUCAT,SAMSON ROAD,WEST SERVICE ROAD,RR,Residential - Regular,17000.0
raw,RDO No. 53B - Muntinlupa City  is composed of the following Barangays:,,,7TH,NCR,,SUCAT,SAMSON ROAD,WEST SERVICE ROAD,CR,Commercial - Regular,22000.0
raw,RDO No. 53B - Muntinlupa City  is composed of the following Barangays:,,,7TH,NCR,,SUCAT,SAMSON ROAD,WEST SERVICE ROAD,I,Industrial,20000.0
raw,RDO No. 53B - Muntinlupa City  is composed of the following Barangays:,,,7TH,NCR,,SUCAT,SAMSON ROAD,WEST SERVICE ROAD,X,Special / Other,22000.0
raw,RDO No. 53B - Muntinlupa City  is composed of the following Barangays:,,,7TH,NCR,,SUCAT,SOLANO HILLS 1-6,V ILLONCO ROAD,RC,Residential - Condominium,40000.0
raw,RDO No. 53B - Muntinlupa City  is composed of the following Barangays:,,,7TH,NCR,,SUCAT,SOLANO HILLS 1-6,V ILLONCO ROAD,CC,Commercial - Condominium,45000.0
raw,RDO No. 53B - Muntinlupa City  is composed of the following Barangays:,,,7TH,NCR,,SUCAT,SOLANO HILLS 1-6,V ILLONCO ROAD,PS,Parking Slot / Private School,35000.0
raw,RDO No. 53B - Muntinlupa City  is composed of the following Barangays:,,,7TH,NCR,,SUCAT,SOLANO HILLS 1-6,V ILLONCO ROAD,RC,Residential - Condominium,40000.0
raw,RDO No. 53B - Muntinlupa City  is composed of the following Barangays:,,,7TH,NCR,,SUCAT,SOLANO HILLS 1-6,V ILLONCO ROAD,CC,Commercial - Condominium,45000.0
raw,RDO No. 53B - Muntinlupa City  is composed of the following Barangays:,,,7TH,NCR,,SUCAT,SOLANO HILLS 1-6,V ILLONCO ROAD,PS,Parking Slot / Private School,35000.0
raw,RDO No. 53B - Muntinlupa City  is composed of the following Barangays:,,,,,,SUCAT,SOUTH EXPRESSWAY,BULI RIV-MUNTI-P'QUE BDRY,RR,Residential - Regular,5700.0
raw,RDO No. 53B - Muntinlupa City  is composed of the following Barangays:,,,,,,SUCAT,SOUTH EXPRESSWAY,BULI RIV-MUNTI-P'QUE BDRY,RR,Residential - Regular,3750.0
raw,RDO No. 53B - Muntinlupa City  is composed of the following Barangays:,,,,,,SUCAT,SOUTH EXPRESSWAY,BULI RIV-MUNTI-P'QUE BDRY,RR,Residential - Regular,3750.0
raw,RDO No. 53B - Muntinlupa City  is composed of the following Barangays:,,,,,,SUCAT,SOUTH EXPRESSWAY,BULI RIV-MUNTI-P'QUE BDRY,RR,Residential - Regular,5700.0
raw,RDO No. 53B - Muntinlupa City  is composed of the following Barangays:,,,,,,SUCAT,SOUTH EXPRESSWAY,BULI RIV-MUNTI-P'QUE BDRY,RR,Residential - Regular,3750.0
raw,RDO No. 53B - Muntinlupa City  is composed of the following Barangays:,,,,,,SUCAT,SOUTH EXPRESSWAY,BULI RIV-MUNTI-P'QUE BDRY,RR,Residential - Regular,3750.0
raw,RDO No. 53B - Muntinlupa City  is composed of the following Barangays:,,,7TH,NCR,,SUCAT,SUCAT ROAD,SUCAT INTERCHANGE-MRR RD,RR,Residential - Regular,17000.0
raw,RDO No. 53B - Muntinlupa City  is composed of the following Barangays:,,,7TH,NCR,,SUCAT,SUCAT ROAD,SUCAT INTERCHANGE-MRR RD,CR,Commercial - Regular,22000.0
raw,RDO No. 53B - Muntinlupa City  is composed of the following Barangays:,,,7TH,NCR,,SUCAT,SUCAT ROAD,SUCAT INTERCHANGE-MRR RD,I,Industrial,20000.0
raw,RDO No. 53B - Muntinlupa City  is composed of the following Barangays:,,,7TH,NCR,,SUCAT,SUCAT ROAD,SUCAT INTERCHANGE-MRR RD,X,Special / Other,22000.0
raw,RDO No. 53B - Muntinlupa City  is composed of the following Barangays:,,,,,,SUCAT,SUCAT ROAD,SUCAT UINTERCHANGE-MRR RD,RR,Residential - Regular,4300.0
raw,RDO No. 53B - Muntinlupa City  is composed of the following Barangays:,,,,,,SUCAT,SUCAT ROAD,SUCAT UINTERCHANGE-MRR RD,RR,Residential - Regular,3350.0
raw,RDO No. 53B - Muntinlupa City  is composed of the following Barangays:,,,,,,SUCAT,SUCAT ROAD,SUCAT UINTERCHANGE-MRR RD,RR,Residential - Regular,2700.0
raw,RDO No. 53B - Muntinlupa City  is composed of the following Barangays:,,,7TH,NCR,,SUCAT,SUCAT ROAD,SUCAT INTERCHANGE-MRR RD,RR,Residential - Regular,17000.0
raw,RDO No. 53B - Muntinlupa City  is composed of the following Barangays:,,,7TH,NCR,,SUCAT,SUCAT ROAD,SUCAT INTERCHANGE-MRR RD,CR,Commercial - Regular,22000.0
raw,RDO No. 53B - Muntinlupa City  is composed of the following Barangays:,,,7TH,NCR,,SUCAT,SUCAT ROAD,SUCAT INTERCHANGE-MRR RD,I,Industrial,20000.0
raw,RDO No. 53B - Muntinlupa City  is composed of the following Barangays:,,,7TH,NCR,,SUCAT,SUCAT ROAD,SUCAT INTERCHANGE-MRR RD,X,Special / Other,22000.0
raw,RDO No. 53B - Muntinlupa City  is composed of the following Barangays:,,,,,,SUCAT,SUCAT ROAD,SUCAT UINTERCHANGE-MRR RD,RR,Residential - Regular,4300.0
raw,RDO No. 53B - Muntinlupa City  is composed of the following Barangays:,,,,,,SUCAT,SUCAT ROAD,SUCAT UINTERCHANGE-MRR RD,RR,Residential - Regular,3350.0
raw,RDO No. 53B - Muntinlupa City  is composed of the following Barangays:,,,,,,SUCAT,SUCAT ROAD,SUCAT UINTERCHANGE-MRR RD,RR,Residential - Regular,2700.0
raw,RDO No. 53B - Muntinlupa City  is composed of the following Barangays:,,,,,,SUCAT,T M ROAD,SUCAT UINTERCHANGE-MRR RD,RR,Residential - Regular,1900.0
raw,RDO No. 53B - Muntinlupa City  is composed of the following Barangays:,,,,,,SUCAT,T M ROAD,SUCAT UINTERCHANGE-MRR RD,RR,Residential - Regular,1500.0
raw,RDO No. 53B - Muntinlupa City  is composed of the following Barangays:,,,,,,SUCAT,T M ROAD,SUCAT UINTERCHANGE-MRR RD,RR,Residential - Regular,1200.0
raw,RDO No. 53B - Muntinlupa City  is composed of the following Barangays:,,,,,,SUCAT,T M ROAD,SUCAT UINTERCHANGE-MRR RD,RR,Residential - Regular,1900.0
raw,RDO No. 53B - Muntinlupa City  is composed of the following Barangays:,,,,,,SUCAT,T M ROAD,SUCAT UINTERCHANGE-MRR RD,RR,Residential - Regular,1500.0
raw,RDO No. 53B - Muntinlupa City  is composed of the following Barangays:,,,,,,SUCAT,T M ROAD,SUCAT UINTERCHANGE-MRR RD,RR,Residential - Regular,1200.0
raw,RDO No. 53B - Muntinlupa City  is composed of the following Barangays:,,,7TH,NCR,,SUCAT,T M ROAD (PRES MANUEL L. QUEZON),T.M. ROAD - PNR SIDE,RR,Residential - Regular,5000.0
raw,RDO No. 53B - Muntinlupa City  is composed of the following Barangays:,,,7TH,NCR,,SUCAT,T M ROAD (PRES MANUEL L. QUEZON),T.M. ROAD - PNR SIDE,RR,Residential - Regular,5000.0
raw,RDO No. 53B - Muntinlupa City  is composed of the following Barangays:,,,7TH,NCR,,SUCAT,T.M. ROAD- LAGUNA LAKESIDE,LAKESIDE - T.M. ROAD,RR,Residential - Regular,3000.0
raw,RDO No. 53B - Muntinlupa City  is composed of the following Barangays:,,,7TH,NCR,,SUCAT,T.M. ROAD- LAGUNA LAKESIDE,LAKESIDE - T.M. ROAD,RR,Residential - Regular,3000.0
raw,RDO No. 53B - Muntinlupa City  is composed of the following Barangays:,,,7TH,NCR,,SUCAT,TRIBECA 1,INT EAST SERVICE ROAD,RC,Residential - Condominium,60000.0
raw,RDO No. 53B - Muntinlupa City  is composed of the following Barangays:,,,7TH,NCR,,SUCAT,TRIBECA 1,INT EAST SERVICE ROAD,CC,Commercial - Condominium,65000.0
raw,RDO No. 53B - Muntinlupa City  is composed of the following Barangays:,,,7TH,NCR,,SUCAT,TRIBECA 1,INT EAST SERVICE ROAD,PS,Parking Slot / Private School,50000.0
raw,RDO No. 53B - Muntinlupa City  is composed of the following Barangays:,,,7TH,NCR,,SUCAT,TRIBECA 1,INT EAST SERVICE ROAD,RC,Residential - Condominium,60000.0
raw,RDO No. 53B - Muntinlupa City  is composed of the following Barangays:,,,7TH,NCR,,SUCAT,TRIBECA 1,INT EAST SERVICE ROAD,CC,Commercial - Condominium,65000.0
raw,RDO No. 53B - Muntinlupa City  is composed of the following Barangays:,,,7TH,NCR,,SUCAT,TRIBECA 1,INT EAST SERVICE ROAD,PS,Parking Slot / Private School,50000.0
raw,RDO No. 53B - Muntinlupa City  is composed of the following Barangays:,,,7TH,NCR,,SUCAT,TRIBECA 2,INT EAST SERVICE ROAD,RC,Residential - Condominium,60000.0
raw,RDO No. 53B - Muntinlupa City  is composed of the following Barangays:,,,7TH,NCR,,SUCAT,TRIBECA 2,INT EAST SERVICE ROAD,CC,Commercial - Condominium,65000.0
raw,RDO No. 53B - Muntinlupa City  is composed of the following Barangays:,,,7TH,NCR,,SUCAT,TRIBECA 2,INT EAST SERVICE ROAD,PS,Parking Slot / Private School,50000.0
raw,RDO No. 53B - Muntinlupa City  is composed of the following Barangays:,,,7TH,NCR,,SUCAT,TRIBECA 2,INT EAST SERVICE ROAD,RC,Residential - Condominium,60000.0
raw,RDO No. 53B - Muntinlupa City  is composed of the following Barangays:,,,7TH,NCR,,SUCAT,TRIBECA 2,INT EAST SERVICE ROAD,CC,Commercial - Condominium,65000.0
raw,RDO No. 53B - Muntinlupa City  is composed of the following Barangays:,,,7TH,NCR,,SUCAT,TRIBECA 2,INT EAST SERVICE ROAD,PS,Parking Slot / Private School,50000.0
raw,RDO No. 53B - Muntinlupa City  is composed of the following Barangays:,,,7TH,NCR,,SUCAT,TRIBECA 3,INT EAST SERVICE ROAD,RC,Residential - Condominium,60000.0
raw,RDO No. 53B - Muntinlupa City  is composed of the following Barangays:,,,7TH,NCR,,SUCAT,TRIBECA 3,INT EAST SERVICE ROAD,CC,Commercial - Condominium,65000.0
raw,RDO No. 53B - Muntinlupa City  is composed of the following Barangays:,,,7TH,NCR,,SUCAT,TRIBECA 3,INT EAST SERVICE ROAD,PS,Parking Slot / Private School,50000.0
raw,RDO No. 53B - Muntinlupa City  is composed of the following Barangays:,,,7TH,NCR,,SUCAT,TRIBECA 3,INT EAST SERVICE ROAD,RC,Residential - Condominium,60000.0
raw,RDO No. 53B - Muntinlupa City  is composed of the following Barangays:,,,7TH,NCR,,SUCAT,TRIBECA 3,INT EAST SERVICE ROAD,CC,Commercial - Condominium,65000.0
raw,RDO No. 53B - Muntinlupa City  is composed of the following Barangays:,,,7TH,NCR,,SUCAT,TRIBECA 3,INT EAST SERVICE ROAD,PS,Parking Slot / Private School,50000.0
raw,RDO No. 53B - Muntinlupa City  is composed of the following Barangays:,,,7TH,NCR,,SUCAT,TRIBECA BRYANT PLACE 3,INT EAST SERVICE ROAD,RC,Residential - Condominium,60000.0
raw,RDO No. 53B - Muntinlupa City  is composed of the following Barangays:,,,7TH,NCR,,SUCAT,TRIBECA BRYANT PLACE 3,INT EAST SERVICE ROAD,CC,Commercial - Condominium,65000.0
raw,RDO No. 53B - Muntinlupa City  is composed of the following Barangays:,,,7TH,NCR,,SUCAT,TRIBECA BRYANT PLACE 3,INT EAST SERVICE ROAD,PS,Parking Slot / Private School,50000.0
raw,RDO No. 53B - Muntinlupa City  is composed of the following Barangays:,,,7TH,NCR,,SUCAT,TRIBECA BRYANT PLACE 3,INT EAST SERVICE ROAD,RC,Residential - Condominium,60000.0
raw,RDO No. 53B - Muntinlupa City  is composed of the following Barangays:,,,7TH,NCR,,SUCAT,TRIBECA BRYANT PLACE 3,INT EAST SERVICE ROAD,CC,Commercial - Condominium,65000.0
raw,RDO No. 53B - Muntinlupa City  is composed of the following Barangays:,,,7TH,NCR,,SUCAT,TRIBECA BRYANT PLACE 3,INT EAST SERVICE ROAD,PS,Parking Slot / Private School,50000.0
raw,RDO No. 53B - Muntinlupa City  is composed of the following Barangays:,,,7TH,NCR,,SUCAT,VICTORIANNE ROW 2,T.M. ROAD - PNR SIDE,RR,Residential - Regular,16000.0
raw,RDO No. 53B - Muntinlupa City  is composed of the following Barangays:,,,7TH,NCR,,SUCAT,VICTORIANNE ROW 2,T.M. ROAD - PNR SIDE,RR,Residential - Regular,16000.0
raw,RDO No. 53B - Muntinlupa City  is composed of the following Barangays:,,,7TH,NCR,,SUCAT,VILLONCO ST.,WEST SERVICE RD,RR,Residential - Regular,17000.0
raw,RDO No. 53B - Muntinlupa City  is composed of the following Barangays:,,,7TH,NCR,,SUCAT,VILLONCO ST.,WEST SERVICE RD,CR,Commercial - Regular,22000.0
raw,RDO No. 53B - Muntinlupa City  is composed of the following Barangays:,,,7TH,NCR,,SUCAT,VILLONCO ST.,WEST SERVICE RD,I,Industrial,20000.0
raw,RDO No. 53B - Muntinlupa City  is composed of the following Barangays:,,,7TH,NCR,,SUCAT,VILLONCO ST.,WEST SERVICE RD,RR,Residential - Regular,17000.0
raw,RDO No. 53B - Muntinlupa City  is composed of the following Barangays:,,,7TH,NCR,,SUCAT,VILLONCO ST.,WEST SERVICE RD,CR,Commercial - Regular,22000.0
raw,RDO No. 53B - Muntinlupa City  is composed of the following Barangays:,,,7TH,NCR,,SUCAT,VILLONCO ST.,WEST SERVICE RD,I,Industrial,20000.0
raw,RDO No. 53B - Muntinlupa City  is composed of the following Barangays:,,,7TH,NCR,,SUCAT,WATERFUN CONDO,SUCAT WEST SERVICE ROAD,RC,Residential - Condominium,40000.0
raw,RDO No. 53B - Muntinlupa City  is composed of the following Barangays:,,,7TH,NCR,,SUCAT,WATERFUN CONDO,SUCAT WEST SERVICE ROAD,CC,Commercial - Condominium,45000.0
raw,RDO No. 53B - Muntinlupa City  is composed of the following Barangays:,,,7TH,NCR,,SUCAT,WATERFUN CONDO,SUCAT WEST SERVICE ROAD,PS,Parking Slot / Private School,35000.0
raw,RDO No. 53B - Muntinlupa City  is composed of the following Barangays:,,,7TH,NCR,,SUCAT,WATERFUN CONDO,SUCAT WEST SERVICE ROAD,RC,Residential - Condominium,40000.0
raw,RDO No. 53B - Muntinlupa City  is composed of the following Barangays:,,,7TH,NCR,,SUCAT,WATERFUN CONDO,SUCAT WEST SERVICE ROAD,CC,Commercial - Condominium,45000.0
raw,RDO No. 53B - Muntinlupa City  is composed of the following Barangays:,,,7TH,NCR,,SUCAT,WATERFUN CONDO,SUCAT WEST SERVICE ROAD,PS,Parking Slot / Private School,35000.0
raw,RDO No. 53B - Muntinlupa City  is composed of the following Barangays:,,,7TH,NCR,,SUCAT,WEST SERVICE ROAD,BULI RIVER-MUNTI-P'QUE BDRY,RR,Residential - Regular,17000.0
raw,RDO No. 53B - Muntinlupa City  is composed of the following Barangays:,,,7TH,NCR,,SUCAT,WEST SERVICE ROAD,BULI RIVER-MUNTI-P'QUE BDRY,CR,Commercial - Regular,25000.0
raw,RDO No. 53B - Muntinlupa City  is composed of the following Barangays:,,,7TH,NCR,,SUCAT,WEST SERVICE ROAD,BULI RIVER-MUNTI-P'QUE BDRY,I,Industrial,23000.0
raw,RDO No. 53B - Muntinlupa City  is composed of the following Barangays:,,,7TH,NCR,,SUCAT,WEST SERVICE ROAD,BULI RIVER-MUNTI-P'QUE BDRY,X,Special / Other,25000.0
raw,RDO No. 53B - Muntinlupa City  is composed of the following Barangays:,,,7TH,NCR,,SUCAT,WEST SERVICE ROAD,BULI RIVER-MUNTI-P'QUE BDRY,RR,Residential - Regular,17000.0
raw,RDO No. 53B - Muntinlupa City  is composed of the following Barangays:,,,7TH,NCR,,SUCAT,WEST SERVICE ROAD,BULI RIVER-MUNTI-P'QUE BDRY,CR,Commercial - Regular,25000.0
raw,RDO No. 53B - Muntinlupa City  is composed of the following Barangays:,,,7TH,NCR,,SUCAT,WEST SERVICE ROAD,BULI RIVER-MUNTI-P'QUE BDRY,I,Industrial,23000.0
raw,RDO No. 53B - Muntinlupa City  is composed of the following Barangays:,,,7TH,NCR,,SUCAT,WEST SERVICE ROAD,BULI RIVER-MUNTI-P'QUE BDRY,X,Special / Other,25000.0
raw,RDO No. 53B - Muntinlupa City  is composed of the following Barangays:,,,7TH,NCR,,TOWNHOUSES (CCT),ALMAN TOWNHOUSE,SUMMITVILLE,RC,Residential - Condominium,23000.0
raw,RDO No. 53B - Muntinlupa City  is composed of the following Barangays:,,,7TH,NCR,,TOWNHOUSES (CCT),ALMAN TOWNHOUSE,SUMMITVILLE,RC,Residential - Condominium,23000.0
raw,RDO No. 53B - Muntinlupa City  is composed of the following Barangays:,,,7TH,NCR,,TOWNHOUSES (CCT),DOÑA  SEGUNDINA TOWNHOUSE,INT. NATIONAL ROAD,RC,Residential - Condominium,25000.0
raw,RDO No. 53B - Muntinlupa City  is composed of the following Barangays:,,,7TH,NCR,,TOWNHOUSES (CCT),DOÑA  SEGUNDINA TOWNHOUSE,INT. NATIONAL ROAD,RC,Residential - Condominium,25000.0
raw,RDO No. 53B - Muntinlupa City  is composed of the following Barangays:,,,7TH,NCR,,TOWNHOUSES (CCT),NEW AYALA ALABANG TOWNHOUSE,AYALA ALABANG VILLAGE,RC,Residential - Condominium,60000.0
raw,RDO No. 53B - Muntinlupa City  is composed of the following Barangays:,,,7TH,NCR,,TOWNHOUSES (CCT),NEW AYALA ALABANG TOWNHOUSE,AYALA ALABANG VILLAGE,RC,Residential - Condominium,60000.0
raw,RDO No. 53B - Muntinlupa City  is composed of the following Barangays:,,,7TH,NCR,,TOWNHOUSES (CCT),NHA FILINVEST,NORTHGATE CYBERZONE CENTER,RC,Residential - Condominium,20000.0
raw,RDO No. 53B - Muntinlupa City  is composed of the following Barangays:,,,7TH,NCR,,TOWNHOUSES (CCT),NHA FILINVEST,NORTHGATE CYBERZONE CENTER,RC,Residential - Condominium,20000.0
raw,RDO No. 53B - Muntinlupa City  is composed of the following Barangays:,,,7TH,NCR,,TOWNHOUSES (CCT),TITO JOVY TOWNHOUSE,BF HOMES PH VI,RC,Residential - Condominium,40000.0
raw,RDO No. 53B - Muntinlupa City  is composed of the following Barangays:,,,7TH,NCR,,TOWNHOUSES (CCT),TITO JOVY TOWNHOUSE,BF HOMES PH VI,RC,Residential - Condominium,40000.0
raw,RDO No. 53B - Muntinlupa City  is composed of the following Barangays:,,,7TH,NCR,,TOWNHOUSES (CCT),VM TOWNHOMES,SOLDIERS HILLS,RC,Residential - Condominium,23000.0
raw,RDO No. 53B - Muntinlupa City  is composed of the following Barangays:,,,7TH,NCR,,TOWNHOUSES (CCT),VM TOWNHOMES,SOLDIERS HILLS,RC,Residential - Condominium,23000.0
raw,RDO No. 53B - Muntinlupa City  is composed of the following Barangays:,,,7TH,NCR,,TUNASAN,ABBY'S PLACE,SUSANA HEIGHTS,RR,Residential - Regular,8000.0
raw,RDO No. 53B - Muntinlupa City  is composed of the following Barangays:,,,7TH,NCR,,TUNASAN,ABBY'S PLACE,SUSANA HEIGHTS,RR,Residential - Regular,8000.0
raw,RDO No. 53B - Muntinlupa City  is composed of the following Barangays:,,,7TH,NCR,,TUNASAN,AGUILA VILLAGE,SUSANA HEIGHTS,RR,Residential - Regular,10000.0
raw,RDO No. 53B - Muntinlupa City  is composed of the following Barangays:,,,,,,TUNASAN,AGUILA VILLAGE,SUSANA HEIGHTS,RR,Residential - Regular,2700.0
raw,RDO No. 53B - Muntinlupa City  is composed of the following Barangays:,,,,,,TUNASAN,AGUILA VILLAGE,BAGBAGAN,RC,Residential - Condominium,19200.0
raw,RDO No. 53B - Muntinlupa City  is composed of the following Barangays:,,,,,,TUNASAN,AGUILA VILLAGE,SUSANA HEIGHTS,RR,Residential - Regular,2350.0
raw,RDO No. 53B - Muntinlupa City  is composed of the following Barangays:,,,,,,TUNASAN,AGUILA VILLAGE,BAGBAGAN,RC,Residential - Condominium,15000.0
raw,RDO No. 53B - Muntinlupa City  is composed of the following Barangays:,,,,,,TUNASAN,AGUILA VILLAGE,SUSANA HEIGHTS,RR,Residential - Regular,1500.0
raw,RDO No. 53B - Muntinlupa City  is composed of the following Barangays:,,,7TH,NCR,,TUNASAN,AGUILA VILLAGE,SUSANA HEIGHTS,RR,Residential - Regular,10000.0
raw,RDO No. 53B - Muntinlupa City  is composed of the following Barangays:,,,,,,TUNASAN,AGUILA VILLAGE,SUSANA HEIGHTS,RR,Residential - Regular,2700.0
raw,RDO No. 53B - Muntinlupa City  is composed of the following Barangays:,,,,,,TUNASAN,AGUILA VILLAGE,BAGBAGAN,RC,Residential - Condominium,19200.0
raw,RDO No. 53B - Muntinlupa City  is composed of the following Barangays:,,,,,,TUNASAN,AGUILA VILLAGE,SUSANA HEIGHTS,RR,Residential - Regular,2350.0
raw,RDO No. 53B - Muntinlupa City  is composed of the following Barangays:,,,,,,TUNASAN,AGUILA VILLAGE,BAGBAGAN,RC,Residential - Condominium,15000.0
raw,RDO No. 53B - Muntinlupa City  is composed of the following Barangays:,,,,,,TUNASAN,AGUILA VILLAGE,SUSANA HEIGHTS,RR,Residential - Regular,1500.0
raw,RDO No. 53B - Muntinlupa City  is composed of the following Barangays:,,,,,,TUNASAN,ALL OTHER PROPERTIES,MKTI GULF COUNT,GP,General Purpose,300.0
raw,RDO No. 53B - Muntinlupa City  is composed of the following Barangays:,,,,,,TUNASAN,ALL OTHER PROPERTIES,,GP,General Purpose,200.0
raw,RDO No. 53B - Muntinlupa City  is composed of the following Barangays:,,,,,,TUNASAN,ALL OTHER PROPERTIES,MKTI GULF COUNT,GP,General Purpose,300.0
raw,RDO No. 53B - Muntinlupa City  is composed of the following Barangays:,,,,,,TUNASAN,ALL OTHER PROPERTIES,,GP,General Purpose,200.0
raw,RDO No. 53B - Muntinlupa City  is composed of the following Barangays:,,,,,,TUNASAN,ALL OTHER STREETS,MAKATI GULF COURT,RR,Residential - Regular,2500.0
raw,RDO No. 53B - Muntinlupa City  is composed of the following Barangays:,,,,,,TUNASAN,ALL OTHER STREETS,MAKATI GULF COURT,CR,Commercial - Regular,4500.0
raw,RDO No. 53B - Muntinlupa City  is composed of the following Barangays:,,,,,,TUNASAN,ALL OTHER STREETS,MAKATI GULF COURT,GP,General Purpose,2050.0
raw,RDO No. 53B - Muntinlupa City  is composed of the following Barangays:,,,,,,TUNASAN,ALL OTHER STREETS,MAKATI GULF COURT,RR,Residential - Regular,2000.0
raw,RDO No. 53B - Muntinlupa City  is composed of the following Barangays:,,,,,,TUNASAN,ALL OTHER STREETS,MAKATI GULF COURT,CR,Commercial - Regular,3500.0
raw,RDO No. 53B - Muntinlupa City  is composed of the following Barangays:,,,,,,TUNASAN,ALL OTHER STREETS,MAKATI GULF COURT,GP,General Purpose,1500.0
raw,RDO No. 53B - Muntinlupa City  is composed of the following Barangays:,,,,,,TUNASAN,ALL OTHER STREETS,MAKATI GULF COURT,EFFECTIVITYDATE,EFFECTIVITYDATE,35194.0
raw,RDO No. 53B - Muntinlupa City  is composed of the following Barangays:,,,,,,TUNASAN,ALL OTHER STREETS,MAKATI GULF COURT,RR,Residential - Regular,1600.0
raw,RDO No. 53B - Muntinlupa City  is composed of the following Barangays:,,,,,,TUNASAN,ALL OTHER STREETS,MAKATI GULF COURT,CR,Commercial - Regular,2800.0
raw,RDO No. 53B - Muntinlupa City  is composed of the following Barangays:,,,,,,TUNASAN,ALL OTHER STREETS,MAKATI GULF COURT,GP,General Purpose,1000.0
raw,RDO No. 53B - Muntinlupa City  is composed of the following Barangays:,,,,,,TUNASAN,ALL OTHER STREETS,MAKATI GULF COURT,RR,Residential - Regular,800.0
raw,RDO No. 53B - Muntinlupa City  is composed of the following Barangays:,,,,,,TUNASAN,ALL OTHER STREETS,MAKATI GULF COURT,CR,Commercial - Regular,1400.0
raw,RDO No. 53B - Muntinlupa City  is composed of the following Barangays:,,,,,,TUNASAN,ALL OTHER STREETS,MAKATI GULF COURT,GP,General Purpose,500.0
raw,RDO No. 53B - Muntinlupa City  is composed of the following Barangays:,,,,,,TUNASAN,ALL OTHER STREETS,MAKATI GULF COURT,RR,Residential - Regular,2500.0
raw,RDO No. 53B - Muntinlupa City  is composed of the following Barangays:,,,,,,TUNASAN,ALL OTHER STREETS,MAKATI GULF COURT,CR,Commercial - Regular,4500.0
raw,RDO No. 53B - Muntinlupa City  is composed of the following Barangays:,,,,,,TUNASAN,ALL OTHER STREETS,MAKATI GULF COURT,GP,General Purpose,2050.0
raw,RDO No. 53B - Muntinlupa City  is composed of the following Barangays:,,,,,,TUNASAN,ALL OTHER STREETS,MAKATI GULF COURT,RR,Residential - Regular,2000.0
raw,RDO No. 53B - Muntinlupa City  is composed of the following Barangays:,,,,,,TUNASAN,ALL OTHER STREETS,MAKATI GULF COURT,CR,Commercial - Regular,3500.0
raw,RDO No. 53B - Muntinlupa City  is composed of the following Barangays:,,,,,,TUNASAN,ALL OTHER STREETS,MAKATI GULF COURT,GP,General Purpose,1500.0
raw,RDO No. 53B - Muntinlupa City  is composed of the following Barangays:,,,,,,TUNASAN,ALL OTHER STREETS,MAKATI GULF COURT,EFFECTIVITYDATE,EFFECTIVITYDATE,35194.0
raw,RDO No. 53B - Muntinlupa City  is composed of the following Barangays:,,,,,,TUNASAN,ALL OTHER STREETS,MAKATI GULF COURT,RR,Residential - Regular,1600.0
raw,RDO No. 53B - Muntinlupa City  is composed of the following Barangays:,,,,,,TUNASAN,ALL OTHER STREETS,MAKATI GULF COURT,CR,Commercial - Regular,2800.0
raw,RDO No. 53B - Muntinlupa City  is composed of the following Barangays:,,,,,,TUNASAN,ALL OTHER STREETS,MAKATI GULF COURT,GP,General Purpose,1000.0
raw,RDO No. 53B - Muntinlupa City  is composed of the following Barangays:,,,,,,TUNASAN,ALL OTHER STREETS,MAKATI GULF COURT,RR,Residential - Regular,800.0
raw,RDO No. 53B - Muntinlupa City  is composed of the following Barangays:,,,,,,TUNASAN,ALL OTHER STREETS,MAKATI GULF COURT,CR,Commercial - Regular,1400.0
raw,RDO No. 53B - Muntinlupa City  is composed of the following Barangays:,,,,,,TUNASAN,ALL OTHER STREETS,MAKATI GULF COURT,GP,General Purpose,500.0
raw,RDO No. 53B - Muntinlupa City  is composed of the following Barangays:,,,,,,TUNASAN,ALMAN TOWNHOMES,BAYANAN,RC,Residential - Condominium,19200.0
raw,RDO No. 53B - Muntinlupa City  is composed of the following Barangays:,,,,,,TUNASAN,ALMAN TOWNHOMES,BAYANAN,RC,Residential - Condominium,15000.0
raw,RDO No. 53B - Muntinlupa City  is composed of the following Barangays:,,,,,,TUNASAN,ALMAN TOWNHOMES,BAYANAN,RC,Residential - Condominium,19200.0
raw,RDO No. 53B - Muntinlupa City  is composed of the following Barangays:,,,,,,TUNASAN,ALMAN TOWNHOMES,BAYANAN,RC,Residential - Condominium,15000.0
raw,RDO No. 53B - Muntinlupa City  is composed of the following Barangays:,,,7TH,NCR,,TUNASAN,ALONG PHILIPPINE NATIONAL RAILWAYS,BARRIO PROPER,RR,Residential - Regular,6000.0
raw,RDO No. 53B - Muntinlupa City  is composed of the following Barangays:,,,7TH,NCR,,TUNASAN,ALONG PHILIPPINE NATIONAL RAILWAYS,BARRIO PROPER,RR,Residential - Regular,6000.0
raw,RDO No. 53B - Muntinlupa City  is composed of the following Barangays:,,,7TH,NCR,,TUNASAN,ARANDIA ST.,BARRIO PROPER,RR,Residential - Regular,6000.0
raw,RDO No. 53B - Muntinlupa City  is composed of the following Barangays:,,,7TH,NCR,,TUNASAN,ARANDIA ST.,BARRIO PROPER,RR,Residential - Regular,6000.0
raw,RDO No. 53B - Muntinlupa City  is composed of the following Barangays:,,,,,,TUNASAN,AYALA ALABANG,ALABANG ZAPOTE RD,RC,Residential - Condominium,30000.0
raw,RDO No. 53B - Muntinlupa City  is composed of the following Barangays:,,,,,,TUNASAN,AYALA ALABANG,ALABANG ZAPOTE RD,RC,Residential - Condominium,30000.0
raw,RDO No. 53B - Muntinlupa City  is composed of the following Barangays:,,,,,,TUNASAN,AYALA ALABANG,ALABANG ZAPOTE RD,RC,Residential - Condominium,30000.0
raw,RDO No. 53B - Muntinlupa City  is composed of the following Barangays:,,,,,,TUNASAN,AYALA ALABANG,ALABANG ZAPOTE RD,RC,Residential - Condominium,30000.0
raw,RDO No. 53B - Muntinlupa City  is composed of the following Barangays:,,,,,,TUNASAN,AYALA ALABANG  P  IIC,ALABANG ZAPOTE RD,RC,Residential - Condominium,15000.0
raw,RDO No. 53B - Muntinlupa City  is composed of the following Barangays:,,,,,,TUNASAN,AYALA ALABANG  P  IIC,ALABANG ZAPOTE RD,RC,Residential - Condominium,15000.0
raw,RDO No. 53B - Muntinlupa City  is composed of the following Barangays:,,,,,,TUNASAN,AYALA ALABANG  P  III,ALABANG ZAPOTE RD,RC,Residential - Condominium,19200.0
raw,RDO No. 53B - Muntinlupa City  is composed of the following Barangays:,,,,,,TUNASAN,AYALA ALABANG  P  III,ALABANG ZAPOTE RD,RC,Residential - Condominium,19200.0
raw,RDO No. 53B - Muntinlupa City  is composed of the following Barangays:,,,,,,TUNASAN,AYALA TOWNHOUSE,ACACIA & UNIV.,RC,Residential - Condominium,25900.0
raw,RDO No. 53B - Muntinlupa City  is composed of the following Barangays:,,,,,,TUNASAN,AYALA TOWNHOUSE,ACACIA & UNIV.,RC,Residential - Condominium,22000.0
raw,RDO No. 53B - Muntinlupa City  is composed of the following Barangays:,,,,,,TUNASAN,AYALA TOWNHOUSE,ACACIA & UNIV.,RC,Residential - Condominium,25900.0
raw,RDO No. 53B - Muntinlupa City  is composed of the following Barangays:,,,,,,TUNASAN,AYALA TOWNHOUSE,ACACIA & UNIV.,RC,Residential - Condominium,22000.0
raw,RDO No. 53B - Muntinlupa City  is composed of the following Barangays:,,,,,,TUNASAN,BAGONG PARAISO PROJ,BAYANAN,RC,Residential - Condominium,19200.0
raw,RDO No. 53B - Muntinlupa City  is composed of the following Barangays:,,,,,,TUNASAN,BAGONG PARAISO PROJ,BAYANAN,RC,Residential - Condominium,15000.0
raw,RDO No. 53B - Muntinlupa City  is composed of the following Barangays:,,,,,,TUNASAN,BAGONG PARAISO PROJ,BAYANAN,RC,Residential - Condominium,19200.0
raw,RDO No. 53B - Muntinlupa City  is composed of the following Barangays:,,,,,,TUNASAN,BAGONG PARAISO PROJ,BAYANAN,RC,Residential - Condominium,15000.0
raw,RDO No. 53B - Muntinlupa City  is composed of the following Barangays:,,,7TH,NCR,,TUNASAN,BISMAC HOMES,ARANDIA ST.,RR,Residential - Regular,7000.0
raw,RDO No. 53B - Muntinlupa City  is composed of the following Barangays:,,,7TH,NCR,,TUNASAN,BISMAC HOMES,ARANDIA ST.,RR,Residential - Regular,7000.0
raw,RDO No. 53B - Muntinlupa City  is composed of the following Barangays:,,,7TH,NCR,,TUNASAN,BLOOMDALES HOMES,VICTORIA HOMES,RR,Residential - Regular,10000.0
raw,RDO No. 53B - Muntinlupa City  is composed of the following Barangays:,,,7TH,NCR,,TUNASAN,BLOOMDALES HOMES,VICTORIA HOMES,RR,Residential - Regular,10000.0
raw,RDO No. 53B - Muntinlupa City  is composed of the following Barangays:,,,,,,TUNASAN,BPI REAL ESTATE PROJ,PUTATAN,RC,Residential - Condominium,19200.0
raw,RDO No. 53B - Muntinlupa City  is composed of the following Barangays:,,,,,,TUNASAN,BPI REAL ESTATE PROJ,PUTATAN,RC,Residential - Condominium,15000.0
raw,RDO No. 53B - Muntinlupa City  is composed of the following Barangays:,,,,,,TUNASAN,BPI REAL ESTATE PROJ,PUTATAN,RC,Residential - Condominium,19200.0
raw,RDO No. 53B - Muntinlupa City  is composed of the following Barangays:,,,,,,TUNASAN,BPI REAL ESTATE PROJ,PUTATAN,RC,Residential - Condominium,15000.0
raw,RDO No. 53B - Muntinlupa City  is composed of the following Barangays:,,,7TH,NCR,,TUNASAN,BRAZILIA HEIGHTS,SUSANA HEIGHTS,RR,Residential - Regular,15000.0
raw,RDO No. 53B - Muntinlupa City  is composed of the following Barangays:,,,7TH,NCR,,TUNASAN,BRAZILIA HEIGHTS,SUSANA HEIGHTS,RR,Residential - Regular,15000.0
raw,RDO No. 53B - Muntinlupa City  is composed of the following Barangays:,,,7TH,NCR,,TUNASAN,BUENDIA ST. PNR SIDE,BUENDIA - PNR SIDE,RR,Residential - Regular,5000.0
raw,RDO No. 53B - Muntinlupa City  is composed of the following Barangays:,,,7TH,NCR,,TUNASAN,BUENDIA ST. PNR SIDE,BUENDIA - PNR SIDE,X,Special / Other,10000.0
raw,RDO No. 53B - Muntinlupa City  is composed of the following Barangays:,,,7TH,NCR,,TUNASAN,BUENDIA ST. PNR SIDE,BUENDIA - PNR SIDE,RR,Residential - Regular,5000.0
raw,RDO No. 53B - Muntinlupa City  is composed of the following Barangays:,,,7TH,NCR,,TUNASAN,BUENDIA ST. PNR SIDE,BUENDIA - PNR SIDE,X,Special / Other,10000.0
raw,RDO No. 53B - Muntinlupa City  is composed of the following Barangays:,,,7TH,NCR,,TUNASAN,BUENDIA ST.-LAGUNA LAKESIDE,LAKESIDE - BUENDIA ST.,RR,Residential - Regular,3000.0
raw,RDO No. 53B - Muntinlupa City  is composed of the following Barangays:,,,7TH,NCR,,TUNASAN,BUENDIA ST.-LAGUNA LAKESIDE,LAKESIDE - BUENDIA ST.,RR,Residential - Regular,3000.0
raw,RDO No. 53B - Muntinlupa City  is composed of the following Barangays:,,,7TH,NCR,,TUNASAN,CAMELLA  RIDGEVIEW  1 & 2,VICTORIA HOMES,RR,Residential - Regular,10000.0
raw,RDO No. 53B - Muntinlupa City  is composed of the following Barangays:,,,7TH,NCR,,TUNASAN,CAMELLA  RIDGEVIEW  1 & 2,VICTORIA HOMES,RR,Residential - Regular,10000.0
raw,RDO No. 53B - Muntinlupa City  is composed of the following Barangays:,,,7TH,NCR,,TUNASAN,CAMELLA HOMES ALABANG  III,NATIONAL ROAD,RR,Residential - Regular,10000.0
raw,RDO No. 53B - Muntinlupa City  is composed of the following Barangays:,,,7TH,NCR,,TUNASAN,CAMELLA HOMES ALABANG  III,NATIONAL ROAD,RR,Residential - Regular,10000.0
raw,RDO No. 53B - Muntinlupa City  is composed of the following Barangays:,,,,,,TUNASAN,CAMELLA HOMES III,NATIONAL ROAD,RR,Residential - Regular,2350.0
raw,RDO No. 53B - Muntinlupa City  is composed of the following Barangays:,,,,,,TUNASAN,CAMELLA HOMES III,NATIONAL ROAD,RR,Residential - Regular,1850.0
raw,RDO No. 53B - Muntinlupa City  is composed of the following Barangays:,,,,,,TUNASAN,CAMELLA HOMES III,NATIONAL ROAD,RR,Residential - Regular,1500.0
raw,RDO No. 53B - Muntinlupa City  is composed of the following Barangays:,,,,,,TUNASAN,CAMELLA HOMES III,NATIONAL ROAD,RR,Residential - Regular,2350.0
raw,RDO No. 53B - Muntinlupa City  is composed of the following Barangays:,,,,,,TUNASAN,CAMELLA HOMES III,NATIONAL ROAD,RR,Residential - Regular,1850.0
raw,RDO No. 53B - Muntinlupa City  is composed of the following Barangays:,,,,,,TUNASAN,CAMELLA HOMES III,NATIONAL ROAD,RR,Residential - Regular,1500.0
raw,RDO No. 53B - Muntinlupa City  is composed of the following Barangays:,,,,,,TUNASAN,CONDOMINIUMS AND TOWNHOUSES (CCT)**-MUNTINLUPA,MAKATI GULF COURT,EFFECTIVITYDATE,EFFECTIVITYDATE,35552.0
raw,RDO No. 53B - Muntinlupa City  is composed of the following Barangays:,,,,,,TUNASAN,CONDOMINIUMS AND TOWNHOUSES (CCT)**-MUNTINLUPA,MAKATI GULF COURT,EFFECTIVITYDATE,EFFECTIVITYDATE,35552.0
raw,RDO No. 53B - Muntinlupa City  is composed of the following Barangays:,,,,,,TUNASAN,JPA SUBD,MANILA SOUTH ROAD,RR,Residential - Regular,2250.0
raw,RDO No. 53B - Muntinlupa City  is composed of the following Barangays:,,,,,,TUNASAN,JPA SUBD,MANILA SOUTH ROAD,RR,Residential - Regular,1750.0
raw,RDO No. 53B - Muntinlupa City  is composed of the following Barangays:,,,,,,TUNASAN,JPA SUBD,MANILA SOUTH ROAD,RR,Residential - Regular,1400.0
raw,RDO No. 53B - Muntinlupa City  is composed of the following Barangays:,,,,,,TUNASAN,JPA SUBD,MANILA SOUTH ROAD,RR,Residential - Regular,800.0
raw,RDO No. 53B - Muntinlupa City  is composed of the following Barangays:,,,,,,TUNASAN,JPA SUBD,MLA SOUTH RD,RR,Residential - Regular,600.0
raw,RDO No. 53B - Muntinlupa City  is composed of the following Barangays:,,,,,,TUNASAN,JPA SUBD,MANILA SOUTH ROAD,RR,Residential - Regular,2250.0
raw,RDO No. 53B - Muntinlupa City  is composed of the following Barangays:,,,,,,TUNASAN,JPA SUBD,MANILA SOUTH ROAD,RR,Residential - Regular,1750.0
raw,RDO No. 53B - Muntinlupa City  is composed of the following Barangays:,,,,,,TUNASAN,JPA SUBD,MANILA SOUTH ROAD,RR,Residential - Regular,1400.0
raw,RDO No. 53B - Muntinlupa City  is composed of the following Barangays:,,,,,,TUNASAN,JPA SUBD,MANILA SOUTH ROAD,RR,Residential - Regular,800.0
raw,RDO No. 53B - Muntinlupa City  is composed of the following Barangays:,,,,,,TUNASAN,JPA SUBD,MLA SOUTH RD,RR,Residential - Regular,600.0
raw,RDO No. 53B - Muntinlupa City  is composed of the following Barangays:,,,,,,TUNASAN,LAGUNA LAKE,T M. ROAD,RR,Residential - Regular,410.0
raw,RDO No. 53B - Muntinlupa City  is composed of the following Barangays:,,,,,,TUNASAN,LAGUNA LAKE,T M. ROAD,RR,Residential - Regular,330.0
raw,RDO No. 53B - Muntinlupa City  is composed of the following Barangays:,,,,,,TUNASAN,LAGUNA LAKE,T M. ROAD,RR,Residential - Regular,275.0
raw,RDO No. 53B - Muntinlupa City  is composed of the following Barangays:,,,,,,TUNASAN,LAGUNA LAKE,T M. ROAD,RR,Residential - Regular,410.0
raw,RDO No. 53B - Muntinlupa City  is composed of the following Barangays:,,,,,,TUNASAN,LAGUNA LAKE,T M. ROAD,RR,Residential - Regular,330.0
raw,RDO No. 53B - Muntinlupa City  is composed of the following Barangays:,,,,,,TUNASAN,LAGUNA LAKE,T M. ROAD,RR,Residential - Regular,275.0
raw,RDO No. 53B - Muntinlupa City  is composed of the following Barangays:,,,,,,TUNASAN,LODORA VIL,MLA SOUTH RD,RR,Residential - Regular,600.0
raw,RDO No. 53B - Muntinlupa City  is composed of the following Barangays:,,,,,,TUNASAN,LODORA VIL,MLA SOUTH RD,RR,Residential - Regular,600.0
raw,RDO No. 53B - Muntinlupa City  is composed of the following Barangays:,,,,,,TUNASAN,LODORA VILLAGE,MANILA SOUTH ROAD,RR,Residential - Regular,2200.0
raw,RDO No. 53B - Muntinlupa City  is composed of the following Barangays:,,,,,,TUNASAN,LODORA VILLAGE,MANILA SOUTH ROAD,RR,Residential - Regular,1750.0
raw,RDO No. 53B - Muntinlupa City  is composed of the following Barangays:,,,,,,TUNASAN,LODORA VILLAGE,MANILA SOUTH ROAD,RR,Residential - Regular,1350.0
raw,RDO No. 53B - Muntinlupa City  is composed of the following Barangays:,,,,,,TUNASAN,LODORA VILLAGE,MANILA SOUTH ROAD,RR,Residential - Regular,800.0
raw,RDO No. 53B - Muntinlupa City  is composed of the following Barangays:,,,,,,TUNASAN,LODORA VILLAGE,MANILA SOUTH ROAD,RR,Residential - Regular,2200.0
raw,RDO No. 53B - Muntinlupa City  is composed of the following Barangays:,,,,,,TUNASAN,LODORA VILLAGE,MANILA SOUTH ROAD,RR,Residential - Regular,1750.0
raw,RDO No. 53B - Muntinlupa City  is composed of the following Barangays:,,,,,,TUNASAN,LODORA VILLAGE,MANILA SOUTH ROAD,RR,Residential - Regular,1350.0
raw,RDO No. 53B - Muntinlupa City  is composed of the following Barangays:,,,,,,TUNASAN,LODORA VILLAGE,MANILA SOUTH ROAD,RR,Residential - Regular,800.0
raw,RDO No. 53B - Muntinlupa City  is composed of the following Barangays:,,,,,,TUNASAN,NATIONAL ROAD,PEPSI CPD,CR,Commercial - Regular,11600.0
raw,RDO No. 53B - Muntinlupa City  is composed of the following Barangays:,,,,,,TUNASAN,NATIONAL ROAD,PEPSI CPD,CR,Commercial - Regular,9500.0
raw,RDO No. 53B - Muntinlupa City  is composed of the following Barangays:,,,,,,TUNASAN,NATIONAL ROAD,PEPSI CPD,CR,Commercial - Regular,7500.0
raw,RDO No. 53B - Muntinlupa City  is composed of the following Barangays:,,,,,,TUNASAN,NATIONAL ROAD,PEPSI CPD,CR,Commercial - Regular,5000.0
raw,RDO No. 53B - Muntinlupa City  is composed of the following Barangays:,,,,,,TUNASAN,NATIONAL ROAD,PEPSI COMPOUND,CR,Commercial - Regular,4000.0
raw,RDO No. 53B - Muntinlupa City  is composed of the following Barangays:,,,,,,TUNASAN,NATIONAL ROAD,PEPSI CPD,CR,Commercial - Regular,11600.0
raw,RDO No. 53B - Muntinlupa City  is composed of the following Barangays:,,,,,,TUNASAN,NATIONAL ROAD,PEPSI CPD,CR,Commercial - Regular,9500.0
raw,RDO No. 53B - Muntinlupa City  is composed of the following Barangays:,,,,,,TUNASAN,NATIONAL ROAD,PEPSI CPD,CR,Commercial - Regular,7500.0
raw,RDO No. 53B - Muntinlupa City  is composed of the following Barangays:,,,,,,TUNASAN,NATIONAL ROAD,PEPSI CPD,CR,Commercial - Regular,5000.0
raw,RDO No. 53B - Muntinlupa City  is composed of the following Barangays:,,,,,,TUNASAN,NATIONAL ROAD,PEPSI COMPOUND,CR,Commercial - Regular,4000.0
raw,RDO No. 53B - Muntinlupa City  is composed of the following Barangays:,,,,,,TUNASAN,PITONG GATANG,BARRIO PROPER,RR,Residential - Regular,1900.0
raw,RDO No. 53B - Muntinlupa City  is composed of the following Barangays:,,,,,,TUNASAN,PITONG GATANG,BARRIO PROPER,RR,Residential - Regular,1400.0
raw,RDO No. 53B - Muntinlupa City  is composed of the following Barangays:,,,,,,TUNASAN,PITONG GATANG,BARRIO PROPER,RR,Residential - Regular,1200.0
raw,RDO No. 53B - Muntinlupa City  is composed of the following Barangays:,,,,,,TUNASAN,PITONG GATANG,BARRIO PROPER,RR,Residential - Regular,800.0
raw,RDO No. 53B - Muntinlupa City  is composed of the following Barangays:,,,,,,TUNASAN,PITONG GATANG,BARRIO PROPER,RR,Residential - Regular,600.0
raw,RDO No. 53B - Muntinlupa City  is composed of the following Barangays:,,,,,,TUNASAN,PITONG GATANG,BARRIO PROPER,RR,Residential - Regular,1900.0
raw,RDO No. 53B - Muntinlupa City  is composed of the following Barangays:,,,,,,TUNASAN,PITONG GATANG,BARRIO PROPER,RR,Residential - Regular,1400.0
raw,RDO No. 53B - Muntinlupa City  is composed of the following Barangays:,,,,,,TUNASAN,PITONG GATANG,BARRIO PROPER,RR,Residential - Regular,1200.0
raw,RDO No. 53B - Muntinlupa City  is composed of the following Barangays:,,,,,,TUNASAN,PITONG GATANG,BARRIO PROPER,RR,Residential - Regular,800.0
raw,RDO No. 53B - Muntinlupa City  is composed of the following Barangays:,,,,,,TUNASAN,PITONG GATANG,BARRIO PROPER,RR,Residential - Regular,600.0
raw,RDO No. 53B - Muntinlupa City  is composed of the following Barangays:,,,,,,TUNASAN,PLANA CPD,MANILA SOUTH ROAD,RR,Residential - Regular,1000.0
raw,RDO No. 53B - Muntinlupa City  is composed of the following Barangays:,,,,,,TUNASAN,PLANA CPD,MLA SOUTH RD,RR,Residential - Regular,800.0
raw,RDO No. 53B - Muntinlupa City  is composed of the following Barangays:,,,,,,TUNASAN,PLANA CPD,MANILA SOUTH ROAD,RR,Residential - Regular,1000.0
raw,RDO No. 53B - Muntinlupa City  is composed of the following Barangays:,,,,,,TUNASAN,PLANA CPD,MLA SOUTH RD,RR,Residential - Regular,800.0
raw,RDO No. 53B - Muntinlupa City  is composed of the following Barangays:,,,,,,TUNASAN,PLANAS CPD,MANILA SOUTH ROAD,RR,Residential - Regular,2300.0
raw,RDO No. 53B - Muntinlupa City  is composed of the following Barangays:,,,,,,TUNASAN,PLANAS CPD,MANILA SOUTH ROAD,RR,Residential - Regular,1500.0
raw,RDO No. 53B - Muntinlupa City  is composed of the following Barangays:,,,,,,TUNASAN,PLANAS CPD,MANILA SOUTH ROAD,RR,Residential - Regular,1500.0
raw,RDO No. 53B - Muntinlupa City  is composed of the following Barangays:,,,,,,TUNASAN,PLANAS CPD,MANILA SOUTH ROAD,RR,Residential - Regular,2300.0
raw,RDO No. 53B - Muntinlupa City  is composed of the following Barangays:,,,,,,TUNASAN,PLANAS CPD,MANILA SOUTH ROAD,RR,Residential - Regular,1500.0
raw,RDO No. 53B - Muntinlupa City  is composed of the following Barangays:,,,,,,TUNASAN,PLANAS CPD,MANILA SOUTH ROAD,RR,Residential - Regular,1500.0
raw,RDO No. 53B - Muntinlupa City  is composed of the following Barangays:,,,,,,TUNASAN,REGALAS CPD,MANILA SOUTH ROAD,RR,Residential - Regular,2100.0
raw,RDO No. 53B - Muntinlupa City  is composed of the following Barangays:,,,,,,TUNASAN,REGALAS CPD,MANILA SOUTH ROAD,RR,Residential - Regular,1700.0
raw,RDO No. 53B - Muntinlupa City  is composed of the following Barangays:,,,,,,TUNASAN,REGALAS CPD,MANILA SOUTH ROAD,RR,Residential - Regular,1250.0
raw,RDO No. 53B - Muntinlupa City  is composed of the following Barangays:,,,,,,TUNASAN,REGALAS CPD,MLA SOUTH ROAD,RR,Residential - Regular,600.0
raw,RDO No. 53B - Muntinlupa City  is composed of the following Barangays:,,,,,,TUNASAN,REGALAS CPD,MANILA SOUTH ROAD,RR,Residential - Regular,2100.0
raw,RDO No. 53B - Muntinlupa City  is composed of the following Barangays:,,,,,,TUNASAN,REGALAS CPD,MANILA SOUTH ROAD,RR,Residential - Regular,1700.0
raw,RDO No. 53B - Muntinlupa City  is composed of the following Barangays:,,,,,,TUNASAN,REGALAS CPD,MANILA SOUTH ROAD,RR,Residential - Regular,1250.0
raw,RDO No. 53B - Muntinlupa City  is composed of the following Barangays:,,,,,,TUNASAN,REGALAS CPD,MLA SOUTH ROAD,RR,Residential - Regular,600.0
raw,RDO No. 53B - Muntinlupa City  is composed of the following Barangays:,,,,,,TUNASAN,REGALES CPD,MANILA SOUTH ROAD,RR,Residential - Regular,800.0
raw,RDO No. 53B - Muntinlupa City  is composed of the following Barangays:,,,,,,TUNASAN,REGALES CPD,MANILA SOUTH ROAD,RR,Residential - Regular,800.0
raw,RDO No. 53B - Muntinlupa City  is composed of the following Barangays:,,,,,,TUNASAN,SANTO NINO VILLAGE,MANILA SOUTH ROAD,RR,Residential - Regular,2300.0
raw,RDO No. 53B - Muntinlupa City  is composed of the following Barangays:,,,,,,TUNASAN,SANTO NINO VILLAGE,MANILA SOUTH ROAD,RR,Residential - Regular,1500.0
raw,RDO No. 53B - Muntinlupa City  is composed of the following Barangays:,,,,,,TUNASAN,SANTO NINO VILLAGE,MANILA SOUTH ROAD,RR,Residential - Regular,800.0
raw,RDO No. 53B - Muntinlupa City  is composed of the following Barangays:,,,,,,TUNASAN,SANTO NINO VILLAGE,MLA SOUTH RD,RR,Residential - Regular,700.0
raw,RDO No. 53B - Muntinlupa City  is composed of the following Barangays:,,,,,,TUNASAN,SANTO NINO VILLAGE,MANILA SOUTH ROAD,RR,Residential - Regular,2300.0
raw,RDO No. 53B - Muntinlupa City  is composed of the following Barangays:,,,,,,TUNASAN,SANTO NINO VILLAGE,MANILA SOUTH ROAD,RR,Residential - Regular,1500.0
raw,RDO No. 53B - Muntinlupa City  is composed of the following Barangays:,,,,,,TUNASAN,SANTO NINO VILLAGE,MANILA SOUTH ROAD,RR,Residential - Regular,800.0
raw,RDO No. 53B - Muntinlupa City  is composed of the following Barangays:,,,,,,TUNASAN,SANTO NINO VILLAGE,MLA SOUTH RD,RR,Residential - Regular,700.0
raw,RDO No. 53B - Muntinlupa City  is composed of the following Barangays:,,,,,,TUNASAN,SITIO SALVACION,MANILA SOUTH ROAD,RR,Residential - Regular,2500.0
raw,RDO No. 53B - Muntinlupa City  is composed of the following Barangays:,,,,,,TUNASAN,SITIO SALVACION,MANILA SOUTH ROAD,RR,Residential - Regular,1600.0
raw,RDO No. 53B - Muntinlupa City  is composed of the following Barangays:,,,,,,TUNASAN,SITIO SALVACION,MANILA SOUTH ROAD,RR,Residential - Regular,1600.0
raw,RDO No. 53B - Muntinlupa City  is composed of the following Barangays:,,,,,,TUNASAN,SITIO SALVACION,MANILA SOUTH ROAD,RR,Residential - Regular,1000.0
raw,RDO No. 53B - Muntinlupa City  is composed of the following Barangays:,,,,,,TUNASAN,SITIO SALVACION,MLA SOUTH RD,RR,Residential - Regular,800.0
raw,RDO No. 53B - Muntinlupa City  is composed of the following Barangays:,,,,,,TUNASAN,SITIO SALVACION,MANILA SOUTH ROAD,RR,Residential - Regular,2500.0
raw,RDO No. 53B - Muntinlupa City  is composed of the following Barangays:,,,,,,TUNASAN,SITIO SALVACION,MANILA SOUTH ROAD,RR,Residential - Regular,1600.0
raw,RDO No. 53B - Muntinlupa City  is composed of the following Barangays:,,,,,,TUNASAN,SITIO SALVACION,MANILA SOUTH ROAD,RR,Residential - Regular,1600.0
raw,RDO No. 53B - Muntinlupa City  is composed of the following Barangays:,,,,,,TUNASAN,SITIO SALVACION,MANILA SOUTH ROAD,RR,Residential - Regular,1000.0
raw,RDO No. 53B - Muntinlupa City  is composed of the following Barangays:,,,,,,TUNASAN,SITIO SALVACION,MLA SOUTH RD,RR,Residential - Regular,800.0
raw,RDO No. 53B - Muntinlupa City  is composed of the following Barangays:,,,,,,TUNASAN,SOUTH EXPRESSWAY,POBLACION - SAN PEDRO,RR,Residential - Regular,1100.0
raw,RDO No. 53B - Muntinlupa City  is composed of the following Barangays:,,,,,,TUNASAN,SOUTH EXPRESSWAY,POBLACION - SAN PEDRO,RR,Residential - Regular,900.0
raw,RDO No. 53B - Muntinlupa City  is composed of the following Barangays:,,,,,,TUNASAN,SOUTH EXPRESSWAY,POBLACION - SAN PEDRO,RR,Residential - Regular,700.0
raw,RDO No. 53B - Muntinlupa City  is composed of the following Barangays:,,,,,,TUNASAN,SOUTH EXPRESSWAY,POBLACION - SAN PEDRO,RR,Residential - Regular,1100.0
raw,RDO No. 53B - Muntinlupa City  is composed of the following Barangays:,,,,,,TUNASAN,SOUTH EXPRESSWAY,POBLACION - SAN PEDRO,RR,Residential - Regular,900.0
raw,RDO No. 53B - Muntinlupa City  is composed of the following Barangays:,,,,,,TUNASAN,SOUTH EXPRESSWAY,POBLACION - SAN PEDRO,RR,Residential - Regular,700.0
raw,RDO No. 53B - Muntinlupa City  is composed of the following Barangays:,,,,,,TUNASAN,STO NINO VILLAGE,MANILA SOUTH ROAD,RR,Residential - Regular,1850.0
raw,RDO No. 53B - Muntinlupa City  is composed of the following Barangays:,,,,,,TUNASAN,STO NINO VILLAGE,MANILA SOUTH ROAD,RR,Residential - Regular,1850.0
raw,RDO No. 53B - Muntinlupa City  is composed of the following Barangays:,,,,,,TUNASAN,SUSANA HEIGHTS,S EXPRESSWAY,RR,Residential - Regular,3700.0
raw,RDO No. 53B - Muntinlupa City  is composed of the following Barangays:,,,,,,TUNASAN,SUSANA HEIGHTS,S EXPRESSWAY,RR,Residential - Regular,3250.0
raw,RDO No. 53B - Muntinlupa City  is composed of the following Barangays:,,,,,,TUNASAN,SUSANA HEIGHTS,S EXPRESSWAY,RR,Residential - Regular,2000.0
raw,RDO No. 53B - Muntinlupa City  is composed of the following Barangays:,,,,,,TUNASAN,SUSANA HEIGHTS,S EXPRESSWAY,RR,Residential - Regular,1400.0
raw,RDO No. 53B - Muntinlupa City  is composed of the following Barangays:,,,,,,TUNASAN,SUSANA HEIGHTS,SO EXPRESSWAY,RR,Residential - Regular,1200.0
raw,RDO No. 53B - Muntinlupa City  is composed of the following Barangays:,,,,,,TUNASAN,SUSANA HEIGHTS,S EXPRESSWAY,RR,Residential - Regular,3700.0
raw,RDO No. 53B - Muntinlupa City  is composed of the following Barangays:,,,,,,TUNASAN,SUSANA HEIGHTS,S EXPRESSWAY,RR,Residential - Regular,3250.0
raw,RDO No. 53B - Muntinlupa City  is composed of the following Barangays:,,,,,,TUNASAN,SUSANA HEIGHTS,S EXPRESSWAY,RR,Residential - Regular,2000.0
raw,RDO No. 53B - Muntinlupa City  is composed of the following Barangays:,,,,,,TUNASAN,SUSANA HEIGHTS,S EXPRESSWAY,RR,Residential - Regular,1400.0
raw,RDO No. 53B - Muntinlupa City  is composed of the following Barangays:,,,,,,TUNASAN,SUSANA HEIGHTS,SO EXPRESSWAY,RR,Residential - Regular,1200.0
raw,RDO No. 53B - Muntinlupa City  is composed of the following Barangays:,,,,,,TUNASAN,T M ROAD,LAGUNA LAKE,RR,Residential - Regular,1300.0
raw,RDO No. 53B - Muntinlupa City  is composed of the following Barangays:,,,,,,TUNASAN,T M ROAD,LAGUNA LAKE,RR,Residential - Regular,1000.0
raw,RDO No. 53B - Muntinlupa City  is composed of the following Barangays:,,,,,,TUNASAN,T M ROAD,LAGUNA LAKE,RR,Residential - Regular,800.0
raw,RDO No. 53B - Muntinlupa City  is composed of the following Barangays:,,,,,,TUNASAN,T M ROAD,LAGUNA LAKE,RR,Residential - Regular,1300.0
raw,RDO No. 53B - Muntinlupa City  is composed of the following Barangays:,,,,,,TUNASAN,T M ROAD,LAGUNA LAKE,RR,Residential - Regular,1000.0
raw,RDO No. 53B - Muntinlupa City  is composed of the following Barangays:,,,,,,TUNASAN,T M ROAD,LAGUNA LAKE,RR,Residential - Regular,800.0
raw,RDO No. 53B - Muntinlupa City  is composed of the following Barangays:,,,,,,TUNASAN,TIOSEJO SUBD,RODRIGUEZ,I,Industrial,2400.0
raw,RDO No. 53B - Muntinlupa City  is composed of the following Barangays:,,,,,,TUNASAN,TIOSEJO SUBD,RODRIGUEZ,RR,Residential - Regular,2250.0
raw,RDO No. 53B - Muntinlupa City  is composed of the following Barangays:,,,,,,TUNASAN,TIOSEJO SUBD,RODRIGUEZ,I,Industrial,1950.0
raw,RDO No. 53B - Muntinlupa City  is composed of the following Barangays:,,,,,,TUNASAN,TIOSEJO SUBD,RODRIGUEZ,RR,Residential - Regular,1750.0
raw,RDO No. 53B - Muntinlupa City  is composed of the following Barangays:,,,,,,TUNASAN,TIOSEJO SUBD,RODRIGUEZ,I,Industrial,1500.0
raw,RDO No. 53B - Muntinlupa City  is composed of the following Barangays:,,,,,,TUNASAN,TIOSEJO SUBD,RODRIGUEZ,RR,Residential - Regular,1400.0
raw,RDO No. 53B - Muntinlupa City  is composed of the following Barangays:,,,,,,TUNASAN,TIOSEJO SUBD,RODRIGUEZ,I,Industrial,800.0
raw,RDO No. 53B - Muntinlupa City  is composed of the following Barangays:,,,,,,TUNASAN,TIOSEJO SUBD,RODRIGUEZ ST,I,Industrial,700.0
raw,RDO No. 53B - Muntinlupa City  is composed of the following Barangays:,,,,,,TUNASAN,TIOSEJO SUBD,RODRIGUEZ,I,Industrial,2400.0
raw,RDO No. 53B - Muntinlupa City  is composed of the following Barangays:,,,,,,TUNASAN,TIOSEJO SUBD,RODRIGUEZ,RR,Residential - Regular,2250.0
raw,RDO No. 53B - Muntinlupa City  is composed of the following Barangays:,,,,,,TUNASAN,TIOSEJO SUBD,RODRIGUEZ,I,Industrial,1950.0
raw,RDO No. 53B - Muntinlupa City  is composed of the following Barangays:,,,,,,TUNASAN,TIOSEJO SUBD,RODRIGUEZ,RR,Residential - Regular,1750.0
raw,RDO No. 53B - Muntinlupa City  is composed of the following Barangays:,,,,,,TUNASAN,TIOSEJO SUBD,RODRIGUEZ,I,Industrial,1500.0
raw,RDO No. 53B - Muntinlupa City  is composed of the following Barangays:,,,,,,TUNASAN,TIOSEJO SUBD,RODRIGUEZ,RR,Residential - Regular,1400.0
raw,RDO No. 53B - Muntinlupa City  is composed of the following Barangays:,,,,,,TUNASAN,TIOSEJO SUBD,RODRIGUEZ,I,Industrial,800.0
raw,RDO No. 53B - Muntinlupa City  is composed of the following Barangays:,,,,,,TUNASAN,TIOSEJO SUBD,RODRIGUEZ ST,I,Industrial,700.0
raw,RDO No. 53B - Muntinlupa City  is composed of the following Barangays:,,,,,,TUNASAN,VICTORIA HOMES,SUSANA HEIGHTS,RR,Residential - Regular,2000.0
raw,RDO No. 53B - Muntinlupa City  is composed of the following Barangays:,,,,,,TUNASAN,VICTORIA HOMES,SUSANA HEIGHTS,RR,Residential - Regular,1950.0
raw,RDO No. 53B - Muntinlupa City  is composed of the following Barangays:,,,,,,TUNASAN,VICTORIA HOMES,SUSANA HEIGHTS,RR,Residential - Regular,1250.0
raw,RDO No. 53B - Muntinlupa City  is composed of the following Barangays:,,,,,,TUNASAN,VICTORIA HOMES,SUSANA HEIGHTS,RR,Residential - Regular,800.0
raw,RDO No. 53B - Muntinlupa City  is composed of the following Barangays:,,,,,,TUNASAN,VICTORIA HOMES,SUSANA HEIGHTS,RR,Residential - Regular,600.0
raw,RDO No. 53B - Muntinlupa City  is composed of the following Barangays:,,,,,,TUNASAN,VICTORIA HOMES,SUSANA HEIGHTS,RR,Residential - Regular,2000.0
raw,RDO No. 53B - Muntinlupa City  is composed of the following Barangays:,,,,,,TUNASAN,VICTORIA HOMES,SUSANA HEIGHTS,RR,Residential - Regular,1950.0
raw,RDO No. 53B - Muntinlupa City  is composed of the following Barangays:,,,,,,TUNASAN,VICTORIA HOMES,SUSANA HEIGHTS,RR,Residential - Regular,1250.0
raw,RDO No. 53B - Muntinlupa City  is composed of the following Barangays:,,,,,,TUNASAN,VICTORIA HOMES,SUSANA HEIGHTS,RR,Residential - Regular,800.0
raw,RDO No. 53B - Muntinlupa City  is composed of the following Barangays:,,,,,,TUNASAN,VICTORIA HOMES,SUSANA HEIGHTS,RR,Residential - Regular,600.0
raw,RDO No. 53B - Muntinlupa City  is composed of the following Barangays:,,,,,,TUNASAN,VILLA CAROLINA,MAKATI GULF COURT,RR,Residential - Regular,2700.0
raw,RDO No. 53B - Muntinlupa City  is composed of the following Barangays:,,,,,,TUNASAN,VILLA CAROLINA,MAKATI GULF COURT,RR,Residential - Regular,2300.0
raw,RDO No. 53B - Muntinlupa City  is composed of the following Barangays:,,,,,,TUNASAN,VILLA CAROLINA,MAKATI GULF COURT,RR,Residential - Regular,1750.0
raw,RDO No. 53B - Muntinlupa City  is composed of the following Barangays:,,,,,,TUNASAN,VILLA CAROLINA,MAKATI GULF COURT,RR,Residential - Regular,1100.0
raw,RDO No. 53B - Muntinlupa City  is composed of the following Barangays:,,,,,,TUNASAN,VILLA CAROLINA,MKTI GULF COUNT,RR,Residential - Regular,1000.0
raw,RDO No. 53B - Muntinlupa City  is composed of the following Barangays:,,,,,,TUNASAN,VILLA CAROLINA,MAKATI GULF COURT,RR,Residential - Regular,2700.0
raw,RDO No. 53B - Muntinlupa City  is composed of the following Barangays:,,,,,,TUNASAN,VILLA CAROLINA,MAKATI GULF COURT,RR,Residential - Regular,2300.0
raw,RDO No. 53B - Muntinlupa City  is composed of the following Barangays:,,,,,,TUNASAN,VILLA CAROLINA,MAKATI GULF COURT,RR,Residential - Regular,1750.0
raw,RDO No. 53B - Muntinlupa City  is composed of the following Barangays:,,,,,,TUNASAN,VILLA CAROLINA,MAKATI GULF COURT,RR,Residential - Regular,1100.0
raw,RDO No. 53B - Muntinlupa City  is composed of the following Barangays:,,,,,,TUNASAN,VILLA CAROLINA,MKTI GULF COUNT,RR,Residential - Regular,1000.0
raw,RDO No. 53B - Muntinlupa City  is composed of the following Barangays:,,,,,MUNTINLUPA,SUCAT,ALONG RAILROAD,SUCAT ROAD,RR,Residential - Regular,350.0
raw,RDO No. 53B - Muntinlupa City  is composed of the following Barangays:,,,,,MUNTINLUPA,SUCAT,ALONG RAILROAD,SUCAT ROAD,RR,Residential - Regular,350.0
raw,RDO No. 53B - Muntinlupa City  is composed of the following Barangays:,,,,,MUNTINLUPA,SUCAT,BAYVIEW SUBD,DONA ROSARIO,RR,Residential - Regular,350.0
raw,RDO No. 53B - Muntinlupa City  is composed of the following Barangays:,,,,,MUNTINLUPA,SUCAT,BAYVIEW SUBD,DONA ROSARIO,RR,Residential - Regular,350.0
raw,RDO No. 53B - Muntinlupa City  is composed of the following Barangays:,,,,,MUNTINLUPA,SUCAT,LAGUNA LAKE,TAGUIG MUNT ROAD,RR,Residential - Regular,350.0
raw,RDO No. 53B - Muntinlupa City  is composed of the following Barangays:,,,,,MUNTINLUPA,SUCAT,LAGUNA LAKE,TAGUIG MUNT ROAD,RR,Residential - Regular,350.0
raw,RDO No. 53B - Muntinlupa City  is composed of the following Barangays:,,,,,MUNTINLUPA,SUCAT,POSADAS VIL,SO EXPRESSWAY,RR,Residential - Regular,550.0
raw,RDO No. 53B - Muntinlupa City  is composed of the following Barangays:,,,,,MUNTINLUPA,SUCAT,POSADAS VIL,SO EXPRESSWAY,RR,Residential - Regular,550.0
raw,RDO No. 53B - Muntinlupa City  is composed of the following Barangays:,,,,,MUNTINLUPA,SUCAT,S PAGKAKAISA,MERALCO STN,RR,Residential - Regular,500.0
raw,RDO No. 53B - Muntinlupa City  is composed of the following Barangays:,,,,,MUNTINLUPA,SUCAT,S PAGKAKAISA,MERALCO STN,RR,Residential - Regular,500.0
raw,RDO No. 53B - Muntinlupa City  is composed of the following Barangays:,,,,,MUNTINLUPA,TUNASAN,JPA SUBD,MLA SOUTH RD,RR,Residential - Regular,300.0
raw,RDO No. 53B - Muntinlupa City  is composed of the following Barangays:,,,,,MUNTINLUPA,TUNASAN,JPA SUBD,MLA SOUTH RD,RR,Residential - Regular,300.0
raw,RDO No. 53B - Muntinlupa City  is composed of the following Barangays:,,,,,MUNTINLUPA,TUNASAN,LODORA VIL,MLA SOUTH RD,RR,Residential - Regular,300.0
raw,RDO No. 53B - Muntinlupa City  is composed of the following Barangays:,,,,,MUNTINLUPA,TUNASAN,LODORA VIL,MLA SOUTH RD,RR,Residential - Regular,300.0
raw,RDO No. 53B - Muntinlupa City  is composed of the following Barangays:,,,,,MUNTINLUPA,TUNASAN,NATIONAL ROAD,PEPSI COMPOUND,CR,Commercial - Regular,1000.0
raw,RDO No. 53B - Muntinlupa City  is composed of the following Barangays:,,,,,MUNTINLUPA,TUNASAN,NATIONAL ROAD,PEPSI COMPOUND,CR,Commercial - Regular,1000.0
raw,RDO No. 53B - Muntinlupa City  is composed of the following Barangays:,,,,,MUNTINLUPA,TUNASAN,PITONG GATANG,BARRIO PROPER,RR,Residential - Regular,300.0
raw,RDO No. 53B - Muntinlupa City  is composed of the following Barangays:,,,,,MUNTINLUPA,TUNASAN,PITONG GATANG,BARRIO PROPER,RR,Residential - Regular,300.0
raw,RDO No. 53B - Muntinlupa City  is composed of the following Barangays:,,,,,MUNTINLUPA,TUNASAN,PLANA CPD,MLA SOUTH RD,RR,Residential - Regular,400.0
raw,RDO No. 53B - Muntinlupa City  is composed of the following Barangays:,,,,,MUNTINLUPA,TUNASAN,PLANA CPD,MLA SOUTH RD,RR,Residential - Regular,400.0
raw,RDO No. 53B - Muntinlupa City  is composed of the following Barangays:,,,,,MUNTINLUPA,TUNASAN,REGALES CPD,MLA SOUTH ROAD,RR,Residential - Regular,300.0
raw,RDO No. 53B - Muntinlupa City  is composed of the following Barangays:,,,,,MUNTINLUPA,TUNASAN,REGALES CPD,MLA SOUTH ROAD,RR,Residential - Regular,300.0
raw,RDO No. 53B - Muntinlupa City  is composed of the following Barangays:,,,,,MUNTINLUPA,TUNASAN,SANTO NINO VIL,MLA SOUTH RD,RR,Residential - Regular,350.0
raw,RDO No. 53B - Muntinlupa City  is composed of the following Barangays:,,,,,MUNTINLUPA,TUNASAN,SANTO NINO VIL,MLA SOUTH RD,RR,Residential - Regular,350.0
raw,RDO No. 53B - Muntinlupa City  is composed of the following Barangays:,,,,,MUNTINLUPA,TUNASAN,SITIO SALVACION,MLA SOUTH RD,RR,Residential - Regular,400.0
raw,RDO No. 53B - Muntinlupa City  is composed of the following Barangays:,,,,,MUNTINLUPA,TUNASAN,SITIO SALVACION,MLA SOUTH RD,RR,Residential - Regular,400.0
raw,RDO No. 53B - Muntinlupa City  is composed of the following Barangays:,,,,,MUNTINLUPA,TUNASAN,SUSANA HEIGHTS,SO EXPRESSWAY,RR,Residential - Regular,600.0
raw,RDO No. 53B - Muntinlupa City  is composed of the following Barangays:,,,,,MUNTINLUPA,TUNASAN,SUSANA HEIGHTS,SO EXPRESSWAY,RR,Residential - Regular,600.0
raw,RDO No. 53B - Muntinlupa City  is composed of the following Barangays:,,,,,MUNTINLUPA,TUNASAN,TIOSEJO SUBD,RODRIGUEZ ST,I,Industrial,350.0
raw,RDO No. 53B - Muntinlupa City  is composed of the following Barangays:,,,,,MUNTINLUPA,TUNASAN,TIOSEJO SUBD,RODRIGUEZ ST,I,Industrial,350.0
raw,RDO No. 53B - Muntinlupa City  is composed of the following Barangays:,,,,,MUNTINLUPA,TUNASAN,VICTORIA HOMES,SUSANA HEIGHTS,RR,Residential - Regular,300.0
raw,RDO No. 53B - Muntinlupa City  is composed of the following Barangays:,,,,,MUNTINLUPA,TUNASAN,VICTORIA HOMES,SUSANA HEIGHTS,RR,Residential - Regular,300.0
raw,RDO No. 53B - Muntinlupa City  is composed of the following Barangays:,,,,,MUNTINLUPA,TUNASAN,VILLA CAROLINA,MAKATI GULF COUNT,RR,Residential - Regular,500.0
raw,RDO No. 53B - Muntinlupa City  is composed of the following Barangays:,,,,,MUNTINLUPA,TUNASAN,VILLA CAROLINA,MAKATI GULF COUNT,RR,Residential - Regular,500.0
raw,RDO No. 53B - Muntinlupa City  is composed of the following Barangays:,,,9TH,NCR,MUNTINLUPA CITY,ALABANG,2301 CIVIC PLACE CONDOMINIUM,FILINVEST CORPORATE CITY,RC,Residential - Condominium,115000.0
raw,RDO No. 53B - Muntinlupa City  is composed of the following Barangays:,,,9TH,NCR,MUNTINLUPA CITY,ALABANG,2301 CIVIC PLACE CONDOMINIUM,FILINVEST CORPORATE CITY,CC,Commercial - Condominium,130000.0
raw,RDO No. 53B - Muntinlupa City  is composed of the following Barangays:,,,9TH,NCR,MUNTINLUPA CITY,ALABANG,2301 CIVIC PLACE CONDOMINIUM,FILINVEST CORPORATE CITY,PS,Parking Slot / Private School,80000.0
raw,RDO No. 53B - Muntinlupa City  is composed of the following Barangays:,039-2019,"July 11, 2019",8TH,,MUNTINLUPA CITY,ALABANG,2301 CIVIC PLACE CONDOMINIUM,FILINVEST CORPORATE CITY,RC,Residential - Condominium,95000.0
raw,RDO No. 53B - Muntinlupa City  is composed of the following Barangays:,039-2019,"July 11, 2019",8TH,,MUNTINLUPA CITY,ALABANG,2301 CIVIC PLACE CONDOMINIUM,FILINVEST CORPORATE CITY,CC,Commercial - Condominium,110000.0
raw,RDO No. 53B - Muntinlupa City  is composed of the following Barangays:,039-2019,"July 11, 2019",8TH,,MUNTINLUPA CITY,ALABANG,2301 CIVIC PLACE CONDOMINIUM,FILINVEST CORPORATE CITY,PS,Parking Slot / Private School,68000.0
raw,RDO No. 53B - Muntinlupa City  is composed of the following Barangays:,039-2019,"July 11, 2019",8TH,,MUNTINLUPA CITY,ALABANG,2301 CIVIC PLACE CONDOMINIUM,FILINVEST CORPORATE CITY,RC,Residential - Condominium,95000.0
raw,RDO No. 53B - Muntinlupa City  is composed of the following Barangays:,039-2019,"July 11, 2019",8TH,,MUNTINLUPA CITY,ALABANG,2301 CIVIC PLACE CONDOMINIUM,FILINVEST CORPORATE CITY,CC,Commercial - Condominium,110000.0
raw,RDO No. 53B - Muntinlupa City  is composed of the following Barangays:,039-2019,"July 11, 2019",8TH,,MUNTINLUPA CITY,ALABANG,2301 CIVIC PLACE CONDOMINIUM,FILINVEST CORPORATE CITY,PS,Parking Slot / Private School,68000.0
raw,RDO No. 53B - Muntinlupa City  is composed of the following Barangays:,,,9TH,NCR,MUNTINLUPA CITY,ALABANG,3 FORTY FIFTH RESIDENCES,ALABANG,RC,Residential - Condominium,180000.0
raw,RDO No. 53B - Muntinlupa City  is composed of the following Barangays:,,,9TH,NCR,MUNTINLUPA CITY,ALABANG,3 FORTY FIFTH RESIDENCES,ALABANG,PS,Parking Slot / Private School,126000.0
raw,RDO No. 53B - Muntinlupa City  is composed of the following Barangays:,039-2019,"July 11, 2019",8TH,,MUNTINLUPA CITY,ALABANG,3 FORTY FIFTH RESIDENCES,ALABANG,RC,Residential - Condominium,150000.0
raw,RDO No. 53B - Muntinlupa City  is composed of the following Barangays:,039-2019,"July 11, 2019",8TH,,MUNTINLUPA CITY,ALABANG,3 FORTY FIFTH RESIDENCES,ALABANG,PS,Parking Slot / Private School,105000.0
raw,RDO No. 53B - Muntinlupa City  is composed of the following Barangays:,039-2019,"July 11, 2019",8TH,,MUNTINLUPA CITY,ALABANG,3 FORTY FIFTH RESIDENCES,ALABANG,RC,Residential - Condominium,150000.0
raw,RDO No. 53B - Muntinlupa City  is composed of the following Barangays:,039-2019,"July 11, 2019",8TH,,MUNTINLUPA CITY,ALABANG,3 FORTY FIFTH RESIDENCES,ALABANG,PS,Parking Slot / Private School,105000.0
raw,RDO No. 53B - Muntinlupa City  is composed of the following Barangays:,039-2019,"July 11, 2019",8TH,,MUNTINLUPA CITY,ALABANG,ACACIA GROVE/ACACIA HOTEL,FILINVEST CORPORATE CITY,RC,Residential - Condominium,140000.0
raw,RDO No. 53B - Muntinlupa City  is composed of the following Barangays:,039-2019,"July 11, 2019",8TH,,MUNTINLUPA CITY,ALABANG,ACACIA GROVE/ACACIA HOTEL,FILINVEST CORPORATE CITY,CC,Commercial - Condominium,160000.0
raw,RDO No. 53B - Muntinlupa City  is composed of the following Barangays:,039-2019,"July 11, 2019",8TH,,MUNTINLUPA CITY,ALABANG,ACACIA GROVE/ACACIA HOTEL,FILINVEST CORPORATE CITY,PS,Parking Slot / Private School,90000.0
raw,RDO No. 53B - Muntinlupa City  is composed of the following Barangays:,039-2019,"July 11, 2019",8TH,,MUNTINLUPA CITY,ALABANG,ACACIA GROVE/ACACIA HOTEL,FILINVEST CORPORATE CITY,CC,Commercial - Condominium,100000.0
raw,RDO No. 53B - Muntinlupa City  is composed of the following Barangays:,039-2019,"July 11, 2019",8TH,,MUNTINLUPA CITY,ALABANG,ACACIA GROVE/ACACIA HOTEL,FILINVEST CORPORATE CITY,PS,Parking Slot / Private School,70000.0
raw,RDO No. 53B - Muntinlupa City  is composed of the following Barangays:,039-2019,"July 11, 2019",8TH,,MUNTINLUPA CITY,ALABANG,ACACIA GROVE/ACACIA HOTEL,FILINVEST CORPORATE CITY,CC,Commercial - Condominium,250000.0
raw,RDO No. 53B - Muntinlupa City  is composed of the following Barangays:,039-2019,"July 11, 2019",8TH,,MUNTINLUPA CITY,ALABANG,ACACIA GROVE/ACACIA HOTEL,FILINVEST CORPORATE CITY,PS,Parking Slot / Private School,150000.0
raw,RDO No. 53B - Muntinlupa City  is composed of the following Barangays:,039-2019,"July 11, 2019",8TH,,MUNTINLUPA CITY,ALABANG,ACACIA GROVE/ACACIA HOTEL,FILINVEST CORPORATE CITY,RC,Residential - Condominium,140000.0
raw,RDO No. 53B - Muntinlupa City  is composed of the following Barangays:,039-2019,"July 11, 2019",8TH,,MUNTINLUPA CITY,ALABANG,ACACIA GROVE/ACACIA HOTEL,FILINVEST CORPORATE CITY,CC,Commercial - Condominium,160000.0
raw,RDO No. 53B - Muntinlupa City  is composed of the following Barangays:,039-2019,"July 11, 2019",8TH,,MUNTINLUPA CITY,ALABANG,ACACIA GROVE/ACACIA HOTEL,FILINVEST CORPORATE CITY,PS,Parking Slot / Private School,90000.0
raw,RDO No. 53B - Muntinlupa City  is composed of the following Barangays:,039-2019,"July 11, 2019",8TH,,MUNTINLUPA CITY,ALABANG,ACACIA GROVE/ACACIA HOTEL,FILINVEST CORPORATE CITY,CC,Commercial - Condominium,100000.0
raw,RDO No. 53B - Muntinlupa City  is composed of the following Barangays:,039-2019,"July 11, 2019",8TH,,MUNTINLUPA CITY,ALABANG,ACACIA GROVE/ACACIA HOTEL,FILINVEST CORPORATE CITY,PS,Parking Slot / Private School,70000.0
raw,RDO No. 53B - Muntinlupa City  is composed of the following Barangays:,039-2019,"July 11, 2019",8TH,,MUNTINLUPA CITY,ALABANG,ACACIA GROVE/ACACIA HOTEL,FILINVEST CORPORATE CITY,CC,Commercial - Condominium,250000.0
raw,RDO No. 53B - Muntinlupa City  is composed of the following Barangays:,039-2019,"July 11, 2019",8TH,,MUNTINLUPA CITY,ALABANG,ACACIA GROVE/ACACIA HOTEL,FILINVEST CORPORATE CITY,PS,Parking Slot / Private School,150000.0
raw,RDO No. 53B - Muntinlupa City  is composed of the following Barangays:,,,9TH,NCR,MUNTINLUPA CITY,ALABANG,ACACIA GROVE/ACACIA HOTEL (FORMERLY CHMI HOTEL AND RESIDENCES),FILINVEST CORPORATE CITY,RC,Residential - Condominium,165000.0
raw,RDO No. 53B - Muntinlupa City  is composed of the following Barangays:,,,9TH,NCR,MUNTINLUPA CITY,ALABANG,ACACIA GROVE/ACACIA HOTEL (FORMERLY CHMI HOTEL AND RESIDENCES),FILINVEST CORPORATE CITY,CC,Commercial - Condominium,190000.0
raw,RDO No. 53B - Muntinlupa City  is composed of the following Barangays:,,,9TH,NCR,MUNTINLUPA CITY,ALABANG,ACACIA GROVE/ACACIA HOTEL (FORMERLY CHMI HOTEL AND RESIDENCES),FILINVEST CORPORATE CITY,PS,Parking Slot / Private School,115000.0
raw,RDO No. 53B - Muntinlupa City  is composed of the following Barangays:,039-2019,"July 11, 2019",8TH,,MUNTINLUPA CITY,ALABANG,ALL OTHER STREETS,HILLSIDE HOSPITAL - BAYANAN,RR,Residential - Regular,13000.0
raw,RDO No. 53B - Muntinlupa City  is composed of the following Barangays:,039-2019,"July 11, 2019",8TH,,MUNTINLUPA CITY,ALABANG,ALL OTHER STREETS,HILLSIDE HOSPITAL - BAYANAN,CR,Commercial - Regular,50000.0
raw,RDO No. 53B - Muntinlupa City  is composed of the following Barangays:,039-2019,"July 11, 2019",8TH,,MUNTINLUPA CITY,ALABANG,ALL OTHER STREETS,HILLSIDE HOSPITAL - BAYANAN,I,Industrial,45000.0
raw,RDO No. 53B - Muntinlupa City  is composed of the following Barangays:,039-2019,"July 11, 2019",8TH,,MUNTINLUPA CITY,ALABANG,ALL OTHER STREETS,HILLSIDE HOSPITAL - BAYANAN,X,Special / Other,25000.0
raw,RDO No. 53B - Muntinlupa City  is composed of the following Barangays:,039-2019,"July 11, 2019",8TH,,MUNTINLUPA CITY,ALABANG,ALL OTHER STREETS,HILLSIDE HOSPITAL - BAYANAN,RR,Residential - Regular,13000.0
raw,RDO No. 53B - Muntinlupa City  is composed of the following Barangays:,039-2019,"July 11, 2019",8TH,,MUNTINLUPA CITY,ALABANG,ALL OTHER STREETS,HILLSIDE HOSPITAL - BAYANAN,CR,Commercial - Regular,50000.0
raw,RDO No. 53B - Muntinlupa City  is composed of the following Barangays:,039-2019,"July 11, 2019",8TH,,MUNTINLUPA CITY,ALABANG,ALL OTHER STREETS,HILLSIDE HOSPITAL - BAYANAN,I,Industrial,45000.0
raw,RDO No. 53B - Muntinlupa City  is composed of the following Barangays:,039-2019,"July 11, 2019",8TH,,MUNTINLUPA CITY,ALABANG,ALL OTHER STREETS,HILLSIDE HOSPITAL - BAYANAN,X,Special / Other,25000.0
raw,RDO No. 53B - Muntinlupa City  is composed of the following Barangays:,,,9TH,NCR,MUNTINLUPA CITY,ALABANG,ALL OTHER STREETS*****,HILLSIDE HOSPITAL - BAYANAN,RR,Residential - Regular,11000.0
raw,RDO No. 53B - Muntinlupa City  is composed of the following Barangays:,,,9TH,NCR,MUNTINLUPA CITY,ALABANG,ALL OTHER STREETS*****,HILLSIDE HOSPITAL - BAYANAN,CR,Commercial - Regular,29000.0
raw,RDO No. 53B - Muntinlupa City  is composed of the following Barangays:,,,9TH,NCR,MUNTINLUPA CITY,ALABANG,ALONG PHILIPPINE NATIONAL RAILWAYS,BARRIO PROPER,RR,Residential - Regular,16000.0
raw,RDO No. 53B - Muntinlupa City  is composed of the following Barangays:,039-2019,"July 11, 2019",,,MUNTINLUPA CITY,ALABANG,ALONG PHILIPPINE NATIONAL RAILWAYS,BARRIO PROPER,RR,Residential - Regular,12000.0
raw,RDO No. 53B - Muntinlupa City  is composed of the following Barangays:,039-2019,"July 11, 2019",,,MUNTINLUPA CITY,ALABANG,ALONG PHILIPPINE NATIONAL RAILWAYS,BARRIO PROPER,RR,Residential - Regular,12000.0
raw,RDO No. 53B - Muntinlupa City  is composed of the following Barangays:,,,9TH,NCR,MUNTINLUPA CITY,ALABANG,ASIAN HOSPITAL & MEDICAL CTR,FILINVEST CORPORATE CITY,CC,Commercial - Condominium,300000.0
raw,RDO No. 53B - Muntinlupa City  is composed of the following Barangays:,,,9TH,NCR,MUNTINLUPA CITY,ALABANG,ASIAN HOSPITAL & MEDICAL CTR,FILINVEST CORPORATE CITY,PS,Parking Slot / Private School,210000.0
raw,RDO No. 53B - Muntinlupa City  is composed of the following Barangays:,,,9TH,NCR,MUNTINLUPA CITY,ALABANG,ASIAN STAR CONDOMINIUM,FILINVEST CORPORATE CITY,CC,Commercial - Condominium,120000.0
raw,RDO No. 53B - Muntinlupa City  is composed of the following Barangays:,,,9TH,NCR,MUNTINLUPA CITY,ALABANG,ASIAN STAR CONDOMINIUM,FILINVEST CORPORATE CITY,PS,Parking Slot / Private School,84000.0
raw,RDO No. 53B - Muntinlupa City  is composed of the following Barangays:,,,9TH,NCR,MUNTINLUPA CITY,ALABANG,ASPEN TOWER,FILINVEST CORPORATE CITY,RC,Residential - Condominium,120000.0
raw,RDO No. 53B - Muntinlupa City  is composed of the following Barangays:,,,9TH,NCR,MUNTINLUPA CITY,ALABANG,ASPEN TOWER,FILINVEST CORPORATE CITY,PS,Parking Slot / Private School,84000.0
raw,RDO No. 53B - Muntinlupa City  is composed of the following Barangays:,039-2019,"July 11, 2019",8TH,,MUNTINLUPA CITY,ALABANG,ASPEN TOWER,FILINVEST CORPORATE CITY,RC,Residential - Condominium,100000.0
raw,RDO No. 53B - Muntinlupa City  is composed of the following Barangays:,039-2019,"July 11, 2019",8TH,,MUNTINLUPA CITY,ALABANG,ASPEN TOWER,FILINVEST CORPORATE CITY,PS,Parking Slot / Private School,70000.0
raw,RDO No. 53B - Muntinlupa City  is composed of the following Barangays:,039-2019,"July 11, 2019",8TH,,MUNTINLUPA CITY,ALABANG,ASPEN TOWER,FILINVEST CORPORATE CITY,RC,Residential - Condominium,100000.0
raw,RDO No. 53B - Muntinlupa City  is composed of the following Barangays:,039-2019,"July 11, 2019",8TH,,MUNTINLUPA CITY,ALABANG,ASPEN TOWER,FILINVEST CORPORATE CITY,PS,Parking Slot / Private School,70000.0
raw,RDO No. 53B - Muntinlupa City  is composed of the following Barangays:,,,9TH,NCR,MUNTINLUPA CITY,ALABANG,AVIDA TOWERS - ALTURA,National Road (Alabang Area),RC,Residential - Condominium,150000.0
raw,RDO No. 53B - Muntinlupa City  is composed of the following Barangays:,,,9TH,NCR,MUNTINLUPA CITY,ALABANG,AVIDA TOWERS - ALTURA,National Road (Alabang Area),PS,Parking Slot / Private School,105000.0
raw,RDO No. 53B - Muntinlupa City  is composed of the following Barangays:,039-2019,"July 11, 2019",8TH,,MUNTINLUPA CITY,ALABANG,AVIDA TOWERS - ALTURA,National Road (Alabang Area),RC,Residential - Condominium,120000.0
raw,RDO No. 53B - Muntinlupa City  is composed of the following Barangays:,039-2019,"July 11, 2019",8TH,,MUNTINLUPA CITY,ALABANG,AVIDA TOWERS - ALTURA,National Road (Alabang Area),PS,Parking Slot / Private School,84000.0
raw,RDO No. 53B - Muntinlupa City  is composed of the following Barangays:,039-2019,"July 11, 2019",8TH,,MUNTINLUPA CITY,ALABANG,AVIDA TOWERS - ALTURA,National Road (Alabang Area),RC,Residential - Condominium,120000.0
raw,RDO No. 53B - Muntinlupa City  is composed of the following Barangays:,039-2019,"July 11, 2019",8TH,,MUNTINLUPA CITY,ALABANG,AVIDA TOWERS - ALTURA,National Road (Alabang Area),PS,Parking Slot / Private School,84000.0
raw,RDO No. 53B - Muntinlupa City  is composed of the following Barangays:,,,9TH,NCR,MUNTINLUPA CITY,ALABANG,BOTANIKA NATURE RESIDENCES,FILINVEST CORPORATE CITY,RC,Residential - Condominium,200000.0
raw,RDO No. 53B - Muntinlupa City  is composed of the following Barangays:,,,9TH,NCR,MUNTINLUPA CITY,ALABANG,BOTANIKA NATURE RESIDENCES,FILINVEST CORPORATE CITY,PS,Parking Slot / Private School,140000.0
raw,RDO No. 53B - Muntinlupa City  is composed of the following Barangays:,039-2019,"July 11, 2019",8TH,,MUNTINLUPA CITY,ALABANG,BOTANIKA NATURE RESOURCES,FILINVEST CORPORATE CITY,RC,Residential - Condominium,150000.0
raw,RDO No. 53B - Muntinlupa City  is composed of the following Barangays:,039-2019,"July 11, 2019",8TH,,MUNTINLUPA CITY,ALABANG,BOTANIKA NATURE RESOURCES,FILINVEST CORPORATE CITY,PS,Parking Slot / Private School,85000.0
raw,RDO No. 53B - Muntinlupa City  is composed of the following Barangays:,039-2019,"July 11, 2019",8TH,,MUNTINLUPA CITY,ALABANG,BOTANIKA NATURE RESOURCES,FILINVEST CORPORATE CITY,RC,Residential - Condominium,150000.0
raw,RDO No. 53B - Muntinlupa City  is composed of the following Barangays:,039-2019,"July 11, 2019",8TH,,MUNTINLUPA CITY,ALABANG,BOTANIKA NATURE RESOURCES,FILINVEST CORPORATE CITY,PS,Parking Slot / Private School,85000.0
raw,RDO No. 53B - Muntinlupa City  is composed of the following Barangays:,,,9TH,NCR,MUNTINLUPA CITY,ALABANG,BRISTOL CONDOMINIUM,FILINVEST CORPORATE CITY,RC,Residential - Condominium,160000.0
raw,RDO No. 53B - Muntinlupa City  is composed of the following Barangays:,,,9TH,NCR,MUNTINLUPA CITY,ALABANG,BRISTOL CONDOMINIUM,FILINVEST CORPORATE CITY,CC,Commercial - Condominium,205000.0
raw,RDO No. 53B - Muntinlupa City  is composed of the following Barangays:,,,9TH,NCR,MUNTINLUPA CITY,ALABANG,BRISTOL CONDOMINIUM,FILINVEST CORPORATE CITY,PS,Parking Slot / Private School,112000.0
raw,RDO No. 53B - Muntinlupa City  is composed of the following Barangays:,039-2019,"July 11, 2019",8TH,,MUNTINLUPA CITY,ALABANG,BRISTOL CONDOMINIUM,FILINVEST CORPORATE CITY,RC,Residential - Condominium,130000.0
raw,RDO No. 53B - Muntinlupa City  is composed of the following Barangays:,039-2019,"July 11, 2019",8TH,,MUNTINLUPA CITY,ALABANG,BRISTOL CONDOMINIUM,FILINVEST CORPORATE CITY,CC,Commercial - Condominium,180000.0
raw,RDO No. 53B - Muntinlupa City  is composed of the following Barangays:,039-2019,"July 11, 2019",8TH,,MUNTINLUPA CITY,ALABANG,BRISTOL CONDOMINIUM,FILINVEST CORPORATE CITY,PS,Parking Slot / Private School,80000.0
raw,RDO No. 53B - Muntinlupa City  is composed of the following Barangays:,039-2019,"July 11, 2019",8TH,,MUNTINLUPA CITY,ALABANG,BRISTOL CONDOMINIUM,FILINVEST CORPORATE CITY,CC,Commercial - Condominium,100000.0
raw,RDO No. 53B - Muntinlupa City  is composed of the following Barangays:,039-2019,"July 11, 2019",8TH,,MUNTINLUPA CITY,ALABANG,BRISTOL CONDOMINIUM,FILINVEST CORPORATE CITY,PS,Parking Slot / Private School,70000.0
raw,RDO No. 53B - Muntinlupa City  is composed of the following Barangays:,039-2019,"July 11, 2019",8TH,,MUNTINLUPA CITY,ALABANG,BRISTOL CONDOMINIUM,FILINVEST CORPORATE CITY,RC,Residential - Condominium,130000.0
raw,RDO No. 53B - Muntinlupa City  is composed of the following Barangays:,039-2019,"July 11, 2019",8TH,,MUNTINLUPA CITY,ALABANG,BRISTOL CONDOMINIUM,FILINVEST CORPORATE CITY,CC,Commercial - Condominium,180000.0
raw,RDO No. 53B - Muntinlupa City  is composed of the following Barangays:,039-2019,"July 11, 2019",8TH,,MUNTINLUPA CITY,ALABANG,BRISTOL CONDOMINIUM,FILINVEST CORPORATE CITY,PS,Parking Slot / Private School,80000.0
raw,RDO No. 53B - Muntinlupa City  is composed of the following Barangays:,039-2019,"July 11, 2019",8TH,,MUNTINLUPA CITY,ALABANG,BRISTOL CONDOMINIUM,FILINVEST CORPORATE CITY,CC,Commercial - Condominium,100000.0
raw,RDO No. 53B - Muntinlupa City  is composed of the following Barangays:,039-2019,"July 11, 2019",8TH,,MUNTINLUPA CITY,ALABANG,BRISTOL CONDOMINIUM,FILINVEST CORPORATE CITY,PS,Parking Slot / Private School,70000.0
raw,RDO No. 53B - Muntinlupa City  is composed of the following Barangays:,,,9TH,NCR,MUNTINLUPA CITY,ALABANG,CAPITAL ONE,FILINVEST CORPORATE CITY,CC,Commercial - Condominium,115000.0
raw,RDO No. 53B - Muntinlupa City  is composed of the following Barangays:,,,9TH,NCR,MUNTINLUPA CITY,ALABANG,CAPITAL ONE,FILINVEST CORPORATE CITY,PS,Parking Slot / Private School,81000.0
raw,RDO No. 53B - Muntinlupa City  is composed of the following Barangays:,,,9TH,NCR,MUNTINLUPA CITY,ALABANG,CERCA ALABANG,INVESTMENT DRIVE  COR ALABANG ZAPOTE ROAD,RC,Residential - Condominium,200000.0
raw,RDO No. 53B - Muntinlupa City  is composed of the following Barangays:,,,9TH,NCR,MUNTINLUPA CITY,ALABANG,CERCA ALABANG,INVESTMENT DRIVE  COR ALABANG ZAPOTE ROAD,PS,Parking Slot / Private School,140000.0
raw,RDO No. 53B - Muntinlupa City  is composed of the following Barangays:,039-2019,"July 11, 2019",8TH,,MUNTINLUPA CITY,ALABANG,CERCA ALABANG,INVESTMENT DRIVE  COR ALABANG ZAPOTE ROAD,RC,Residential - Condominium,170000.0
raw,RDO No. 53B - Muntinlupa City  is composed of the following Barangays:,039-2019,"July 11, 2019",8TH,,MUNTINLUPA CITY,ALABANG,CERCA ALABANG,INVESTMENT DRIVE  COR ALABANG ZAPOTE ROAD,PS,Parking Slot / Private School,110000.0
raw,RDO No. 53B - Muntinlupa City  is composed of the following Barangays:,039-2019,"July 11, 2019",8TH,,MUNTINLUPA CITY,ALABANG,CERCA ALABANG,INVESTMENT DRIVE  COR ALABANG ZAPOTE ROAD,RC,Residential - Condominium,170000.0
raw,RDO No. 53B - Muntinlupa City  is composed of the following Barangays:,039-2019,"July 11, 2019",8TH,,MUNTINLUPA CITY,ALABANG,CERCA ALABANG,INVESTMENT DRIVE  COR ALABANG ZAPOTE ROAD,PS,Parking Slot / Private School,110000.0
raw,RDO No. 53B - Muntinlupa City  is composed of the following Barangays:,,,9TH,NCR,MUNTINLUPA CITY,ALABANG,CIVIC PRIME CONDO,FILINVEST CORPORATE CITY,RC,Residential - Condominium,110000.0
raw,RDO No. 53B - Muntinlupa City  is composed of the following Barangays:,,,9TH,NCR,MUNTINLUPA CITY,ALABANG,CIVIC PRIME CONDO,FILINVEST CORPORATE CITY,CC,Commercial - Condominium,130000.0
raw,RDO No. 53B - Muntinlupa City  is composed of the following Barangays:,,,9TH,NCR,MUNTINLUPA CITY,ALABANG,CIVIC PRIME CONDO,FILINVEST CORPORATE CITY,PS,Parking Slot / Private School,77000.0
raw,RDO No. 53B - Muntinlupa City  is composed of the following Barangays:,039-2019,"July 11, 2019",8TH,,MUNTINLUPA CITY,ALABANG,CIVIC PRIME CONDO,FILINVEST CORPORATE CITY,RC,Residential - Condominium,95000.0
raw,RDO No. 53B - Muntinlupa City  is composed of the following Barangays:,039-2019,"July 11, 2019",8TH,,MUNTINLUPA CITY,ALABANG,CIVIC PRIME CONDO,FILINVEST CORPORATE CITY,CC,Commercial - Condominium,110000.0
raw,RDO No. 53B - Muntinlupa City  is composed of the following Barangays:,039-2019,"July 11, 2019",8TH,,MUNTINLUPA CITY,ALABANG,CIVIC PRIME CONDO,FILINVEST CORPORATE CITY,PS,Parking Slot / Private School,70000.0
raw,RDO No. 53B - Muntinlupa City  is composed of the following Barangays:,039-2019,"July 11, 2019",8TH,,MUNTINLUPA CITY,ALABANG,CIVIC PRIME CONDO,FILINVEST CORPORATE CITY,RC,Residential - Condominium,95000.0
raw,RDO No. 53B - Muntinlupa City  is composed of the following Barangays:,039-2019,"July 11, 2019",8TH,,MUNTINLUPA CITY,ALABANG,CIVIC PRIME CONDO,FILINVEST CORPORATE CITY,CC,Commercial - Condominium,110000.0
raw,RDO No. 53B - Muntinlupa City  is composed of the following Barangays:,039-2019,"July 11, 2019",8TH,,MUNTINLUPA CITY,ALABANG,CIVIC PRIME CONDO,FILINVEST CORPORATE CITY,PS,Parking Slot / Private School,70000.0
raw,RDO No. 53B - Muntinlupa City  is composed of the following Barangays:,,,9TH,NCR,MUNTINLUPA CITY,ALABANG,CORPORATE WOODS LOOP,FILINVEST CORPORATE CITY,CR,Commercial - Regular,313000.0
raw,RDO No. 53B - Muntinlupa City  is composed of the following Barangays:,039-2019,"July 11, 2019",,,MUNTINLUPA CITY,ALABANG,CORPORATE WOODS LOOP,FILINVEST CORPORATE CITY,CR,Commercial - Regular,250000.0
raw,RDO No. 53B - Muntinlupa City  is composed of the following Barangays:,039-2019,"July 11, 2019",,,MUNTINLUPA CITY,ALABANG,CORPORATE WOODS LOOP,FILINVEST CORPORATE CITY,CR,Commercial - Regular,250000.0
raw,RDO No. 53B - Muntinlupa City  is composed of the following Barangays:,,,9TH,NCR,MUNTINLUPA CITY,ALABANG,DE MESA COMPOUND,L & B 2,RR,Residential - Regular,18000.0
raw,RDO No. 53B - Muntinlupa City  is composed of the following Barangays:,039-2019,"July 11, 2019",,,MUNTINLUPA CITY,ALABANG,DE MESA COMPOUND,L & B 2,RR,Residential - Regular,14000.0
raw,RDO No. 53B - Muntinlupa City  is composed of the following Barangays:,039-2019,"July 11, 2019",,,MUNTINLUPA CITY,ALABANG,DE MESA COMPOUND,L & B 2,RR,Residential - Regular,14000.0
raw,RDO No. 53B - Muntinlupa City  is composed of the following Barangays:,,,9TH,NCR,MUNTINLUPA CITY,ALABANG,EAST SERVICE ROAD,ALABANG TOLL GATE - CUPANG RIVER - ALONG THE ROAD,RR,Residential - Regular,60000.0
raw,RDO No. 53B - Muntinlupa City  is composed of the following Barangays:,,,9TH,NCR,MUNTINLUPA CITY,ALABANG,EAST SERVICE ROAD,ALABANG TOLL GATE - CUPANG RIVER - ALONG THE ROAD,CR,Commercial - Regular,70000.0
raw,RDO No. 53B - Muntinlupa City  is composed of the following Barangays:,,,9TH,NCR,MUNTINLUPA CITY,ALABANG,EAST SERVICE ROAD,ALABANG TOLL GATE - CUPANG RIVER -INTERIOR,RR,Residential - Regular,30000.0
raw,RDO No. 53B - Muntinlupa City  is composed of the following Barangays:,,,9TH,NCR,MUNTINLUPA CITY,ALABANG,EAST SERVICE ROAD,ALABANG TOLL GATE - CUPANG RIVER -INTERIOR,CR,Commercial - Regular,42000.0
raw,RDO No. 53B - Muntinlupa City  is composed of the following Barangays:,039-2019,"July 11, 2019",,,MUNTINLUPA CITY,ALABANG,EAST SERVICE ROAD,ALABANG TOLL GATE - CUPANG RIVER,RR,Residential - Regular,45000.0
raw,RDO No. 53B - Muntinlupa City  is composed of the following Barangays:,039-2019,"July 11, 2019",,,MUNTINLUPA CITY,ALABANG,EAST SERVICE ROAD,ALONG THE ROAD,CR,Commercial - Regular,50000.0
raw,RDO No. 53B - Muntinlupa City  is composed of the following Barangays:,039-2019,"July 11, 2019",,,MUNTINLUPA CITY,ALABANG,EAST SERVICE ROAD,ALABANG TOLL GATE - CUPANG RIVER,RR,Residential - Regular,25000.0
raw,RDO No. 53B - Muntinlupa City  is composed of the following Barangays:,039-2019,"July 11, 2019",,,MUNTINLUPA CITY,ALABANG,EAST SERVICE ROAD,INTERIOR,CR,Commercial - Regular,35000.0
raw,RDO No. 53B - Muntinlupa City  is composed of the following Barangays:,039-2019,"July 11, 2019",,,MUNTINLUPA CITY,ALABANG,EAST SERVICE ROAD,ALABANG TOLL GATE - CUPANG RIVER,RR,Residential - Regular,45000.0
raw,RDO No. 53B - Muntinlupa City  is composed of the following Barangays:,039-2019,"July 11, 2019",,,MUNTINLUPA CITY,ALABANG,EAST SERVICE ROAD,ALONG THE ROAD,CR,Commercial - Regular,50000.0
raw,RDO No. 53B - Muntinlupa City  is composed of the following Barangays:,039-2019,"July 11, 2019",,,MUNTINLUPA CITY,ALABANG,EAST SERVICE ROAD,ALABANG TOLL GATE - CUPANG RIVER,RR,Residential - Regular,25000.0
raw,RDO No. 53B - Muntinlupa City  is composed of the following Barangays:,039-2019,"July 11, 2019",,,MUNTINLUPA CITY,ALABANG,EAST SERVICE ROAD,INTERIOR,CR,Commercial - Regular,35000.0
raw,RDO No. 53B - Muntinlupa City  is composed of the following Barangays:,,,9TH,NCR,MUNTINLUPA CITY,ALABANG,ENTRATA TOWER,ALABANG-ZAPOTE ROAD,RC,Residential - Condominium,140000.0
raw,RDO No. 53B - Muntinlupa City  is composed of the following Barangays:,,,9TH,NCR,MUNTINLUPA CITY,ALABANG,ENTRATA TOWER,ALABANG-ZAPOTE ROAD,CC,Commercial - Condominium,160000.0
raw,RDO No. 53B - Muntinlupa City  is composed of the following Barangays:,,,9TH,NCR,MUNTINLUPA CITY,ALABANG,ENTRATA TOWER,ALABANG-ZAPOTE ROAD,PS,Parking Slot / Private School,98000.0
raw,RDO No. 53B - Muntinlupa City  is composed of the following Barangays:,039-2019,"July 11, 2019",8TH,,MUNTINLUPA CITY,ALABANG,ENTRATA TOWER,ALABANG-ZAPOTE ROAD,RC,Residential - Condominium,125000.0
raw,RDO No. 53B - Muntinlupa City  is composed of the following Barangays:,039-2019,"July 11, 2019",8TH,,MUNTINLUPA CITY,ALABANG,ENTRATA TOWER,ALABANG-ZAPOTE ROAD,CC,Commercial - Condominium,145000.0
raw,RDO No. 53B - Muntinlupa City  is composed of the following Barangays:,039-2019,"July 11, 2019",8TH,,MUNTINLUPA CITY,ALABANG,ENTRATA TOWER,ALABANG-ZAPOTE ROAD,PS,Parking Slot / Private School,85000.0
raw,RDO No. 53B - Muntinlupa City  is composed of the following Barangays:,039-2019,"July 11, 2019",8TH,,MUNTINLUPA CITY,ALABANG,ENTRATA TOWER,ALABANG-ZAPOTE ROAD,RC,Residential - Condominium,125000.0
raw,RDO No. 53B - Muntinlupa City  is composed of the following Barangays:,039-2019,"July 11, 2019",8TH,,MUNTINLUPA CITY,ALABANG,ENTRATA TOWER,ALABANG-ZAPOTE ROAD,CC,Commercial - Condominium,145000.0
raw,RDO No. 53B - Muntinlupa City  is composed of the following Barangays:,039-2019,"July 11, 2019",8TH,,MUNTINLUPA CITY,ALABANG,ENTRATA TOWER,ALABANG-ZAPOTE ROAD,PS,Parking Slot / Private School,85000.0
raw,RDO No. 53B - Muntinlupa City  is composed of the following Barangays:,,,9TH,NCR,MUNTINLUPA CITY,ALABANG,ESTE HONOR COMPOUND,BARRIO PROPER,RR,Residential - Regular,18000.0
raw,RDO No. 53B - Muntinlupa City  is composed of the following Barangays:,039-2019,"July 11, 2019",,,MUNTINLUPA CITY,ALABANG,ESTE HONOR COMPOUND,BARRIO PROPER,RR,Residential - Regular,13000.0
raw,RDO No. 53B - Muntinlupa City  is composed of the following Barangays:,039-2019,"July 11, 2019",,,MUNTINLUPA CITY,ALABANG,ESTE HONOR COMPOUND,BARRIO PROPER,RR,Residential - Regular,13000.0
raw,RDO No. 53B - Muntinlupa City  is composed of the following Barangays:,,,9TH,NCR,MUNTINLUPA CITY,ALABANG,F DE CASTRO COMPOUND,NEAR T. MOLINA AND PNR RAILWAY,RR,Residential - Regular,18000.0
raw,RDO No. 53B - Muntinlupa City  is composed of the following Barangays:,,,9TH,NCR,MUNTINLUPA CITY,ALABANG,F DE CASTRO COMPOUND,NEAR T. MOLINA AND PNR RAILWAY,X,Special / Other,28000.0
raw,RDO No. 53B - Muntinlupa City  is composed of the following Barangays:,039-2019,"July 11, 2019",,,MUNTINLUPA CITY,ALABANG,F DE CASTRO COMPOUND,BARRIO PROPER,RR,Residential - Regular,13000.0
raw,RDO No. 53B - Muntinlupa City  is composed of the following Barangays:,039-2019,"July 11, 2019",,,MUNTINLUPA CITY,ALABANG,F DE CASTRO COMPOUND,BARRIO PROPER,X,Special / Other,23000.0
raw,RDO No. 53B - Muntinlupa City  is composed of the following Barangays:,039-2019,"July 11, 2019",,,MUNTINLUPA CITY,ALABANG,F DE CASTRO COMPOUND,BARRIO PROPER,RR,Residential - Regular,13000.0
raw,RDO No. 53B - Muntinlupa City  is composed of the following Barangays:,039-2019,"July 11, 2019",,,MUNTINLUPA CITY,ALABANG,F DE CASTRO COMPOUND,BARRIO PROPER,X,Special / Other,23000.0
raw,RDO No. 53B - Muntinlupa City  is composed of the following Barangays:,,,9TH,NCR,MUNTINLUPA CITY,ALABANG,FILINVEST  CORPORATE CITY,ALABANG-ZAPOTE RD- FILINVEST AVENUE,CR,Commercial - Regular,313000.0
raw,RDO No. 53B - Muntinlupa City  is composed of the following Barangays:,,,9TH,NCR,MUNTINLUPA CITY,ALABANG,FILINVEST  CORPORATE CITY,ALABANG-ZAPOTE RD- FILINVEST AVENUE,X,Special / Other,313000.0
raw,RDO No. 53B - Muntinlupa City  is composed of the following Barangays:,039-2019,"July 11, 2019",,,MUNTINLUPA CITY,ALABANG,FILINVEST  CORPORATE CITY,ALABANG-ZAPOTE RD- FILINVEST AVENUE,CR,Commercial - Regular,250000.0
raw,RDO No. 53B - Muntinlupa City  is composed of the following Barangays:,039-2019,"July 11, 2019",,,MUNTINLUPA CITY,ALABANG,FILINVEST  CORPORATE CITY,ALABANG-ZAPOTE RD- FILINVEST AVENUE,X,Special / Other,225000.0
raw,RDO No. 53B - Muntinlupa City  is composed of the following Barangays:,039-2019,"July 11, 2019",,,MUNTINLUPA CITY,ALABANG,FILINVEST  CORPORATE CITY,ALABANG-ZAPOTE RD- FILINVEST AVENUE,CR,Commercial - Regular,250000.0
raw,RDO No. 53B - Muntinlupa City  is composed of the following Barangays:,039-2019,"July 11, 2019",,,MUNTINLUPA CITY,ALABANG,FILINVEST  CORPORATE CITY,ALABANG-ZAPOTE RD- FILINVEST AVENUE,X,Special / Other,225000.0
raw,RDO No. 53B - Muntinlupa City  is composed of the following Barangays:,,,9TH,NCR,MUNTINLUPA CITY,ALABANG,HIGHWAY HOMES SUBD.,NATIONAL HIGHWAY,RR,Residential - Regular,19000.0
raw,RDO No. 53B - Muntinlupa City  is composed of the following Barangays:,039-2019,"July 11, 2019",,,MUNTINLUPA CITY,ALABANG,HIGHWAY HOMES SUBD.,NATIONAL HIGHWAY,RR,Residential - Regular,15000.0
raw,RDO No. 53B - Muntinlupa City  is composed of the following Barangays:,039-2019,"July 11, 2019",,,MUNTINLUPA CITY,ALABANG,HIGHWAY HOMES SUBD.,NATIONAL HIGHWAY,RR,Residential - Regular,15000.0
raw,RDO No. 53B - Muntinlupa City  is composed of the following Barangays:,,,9TH,NCR,MUNTINLUPA CITY,ALABANG,L & B COMPOUND 1,INT. NATIONAL ROAD,RR,Residential - Regular,20000.0
raw,RDO No. 53B - Muntinlupa City  is composed of the following Barangays:,039-2019,"July 11, 2019",,,MUNTINLUPA CITY,ALABANG,L & B COMPOUND 1,INT. NATIONAL ROAD,RR,Residential - Regular,15000.0
raw,RDO No. 53B - Muntinlupa City  is composed of the following Barangays:,039-2019,"July 11, 2019",,,MUNTINLUPA CITY,ALABANG,L & B COMPOUND 1,INT. NATIONAL ROAD,RR,Residential - Regular,15000.0
raw,RDO No. 53B - Muntinlupa City  is composed of the following Barangays:,,,9TH,NCR,MUNTINLUPA CITY,ALABANG,L & B COMPOUND 2,INT. T.M. ROAD,RR,Residential - Regular,20000.0
raw,RDO No. 53B - Muntinlupa City  is composed of the following Barangays:,039-2019,"July 11, 2019",,,MUNTINLUPA CITY,ALABANG,L & B COMPOUND 2,INT. T.M. ROAD,RR,Residential - Regular,15000.0
raw,RDO No. 53B - Muntinlupa City  is composed of the following Barangays:,039-2019,"July 11, 2019",,,MUNTINLUPA CITY,ALABANG,L & B COMPOUND 2,INT. T.M. ROAD,RR,Residential - Regular,15000.0
raw,RDO No. 53B - Muntinlupa City  is composed of the following Barangays:,,,9TH,NCR,MUNTINLUPA CITY,ALABANG,L & B COMPOUND 3,LAGUNA DE BAY,RR,Residential - Regular,20000.0
raw,RDO No. 53B - Muntinlupa City  is composed of the following Barangays:,039-2019,"July 11, 2019",,,MUNTINLUPA CITY,ALABANG,L & B COMPOUND 3,LAGUNA DE BAY,RR,Residential - Regular,15000.0
raw,RDO No. 53B - Muntinlupa City  is composed of the following Barangays:,039-2019,"July 11, 2019",,,MUNTINLUPA CITY,ALABANG,L & B COMPOUND 3,LAGUNA DE BAY,RR,Residential - Regular,15000.0
raw,RDO No. 53B - Muntinlupa City  is composed of the following Barangays:,,,9TH,NCR,MUNTINLUPA CITY,ALABANG,LA VIE FLATS,FILINVEST CORPORATE CITY,RC,Residential - Condominium,150000.0
raw,RDO No. 53B - Muntinlupa City  is composed of the following Barangays:,,,9TH,NCR,MUNTINLUPA CITY,ALABANG,LA VIE FLATS,FILINVEST CORPORATE CITY,PS,Parking Slot / Private School,105000.0
raw,RDO No. 53B - Muntinlupa City  is composed of the following Barangays:,039-2019,"July 11, 2019",8TH,,MUNTINLUPA CITY,ALABANG,LA VIE FLATS,FILINVEST CORPORATE CITY,RC,Residential - Condominium,115000.0
raw,RDO No. 53B - Muntinlupa City  is composed of the following Barangays:,039-2019,"July 11, 2019",8TH,,MUNTINLUPA CITY,ALABANG,LA VIE FLATS,FILINVEST CORPORATE CITY,PS,Parking Slot / Private School,75000.0
raw,RDO No. 53B - Muntinlupa City  is composed of the following Barangays:,039-2019,"July 11, 2019",8TH,,MUNTINLUPA CITY,ALABANG,LA VIE FLATS,FILINVEST CORPORATE CITY,RC,Residential - Condominium,115000.0
raw,RDO No. 53B - Muntinlupa City  is composed of the following Barangays:,039-2019,"July 11, 2019",8TH,,MUNTINLUPA CITY,ALABANG,LA VIE FLATS,FILINVEST CORPORATE CITY,PS,Parking Slot / Private School,75000.0
raw,RDO No. 53B - Muntinlupa City  is composed of the following Barangays:,039-2019,"July 11, 2019",,,MUNTINLUPA CITY,ALABANG,LAGUNA HEIGHTS,FILINVEST CORPORATE CITY,CR,Commercial - Regular,250000.0
raw,RDO No. 53B - Muntinlupa City  is composed of the following Barangays:,039-2019,"July 11, 2019",,,MUNTINLUPA CITY,ALABANG,LAGUNA HEIGHTS,FILINVEST CORPORATE CITY,CR,Commercial - Regular,250000.0
raw,RDO No. 53B - Muntinlupa City  is composed of the following Barangays:,,,9TH,NCR,MUNTINLUPA CITY,ALABANG,LAGUNA HEIGHTS DRIVE,FILINVEST CORPORATE CITY,CR,Commercial - Regular,313000.0
raw,RDO No. 53B - Muntinlupa City  is composed of the following Barangays:,,,9TH,NCR,MUNTINLUPA CITY,ALABANG,MENDIOLA ST.,BARRIO PROPER,RR,Residential - Regular,20000.0
raw,RDO No. 53B - Muntinlupa City  is composed of the following Barangays:,,,9TH,NCR,MUNTINLUPA CITY,ALABANG,MENDIOLA ST.,BARRIO PROPER,X,Special / Other,30000.0
raw,RDO No. 53B - Muntinlupa City  is composed of the following Barangays:,039-2019,"July 11, 2019",,,MUNTINLUPA CITY,ALABANG,MENDIOLA ST.,BARRIO PROPER,RR,Residential - Regular,15000.0
raw,RDO No. 53B - Muntinlupa City  is composed of the following Barangays:,039-2019,"July 11, 2019",,,MUNTINLUPA CITY,ALABANG,MENDIOLA ST.,BARRIO PROPER,X,Special / Other,25000.0
raw,RDO No. 53B - Muntinlupa City  is composed of the following Barangays:,039-2019,"July 11, 2019",,,MUNTINLUPA CITY,ALABANG,MENDIOLA ST.,BARRIO PROPER,RR,Residential - Regular,15000.0
raw,RDO No. 53B - Muntinlupa City  is composed of the following Barangays:,039-2019,"July 11, 2019",,,MUNTINLUPA CITY,ALABANG,MENDIOLA ST.,BARRIO PROPER,X,Special / Other,25000.0
raw,RDO No. 53B - Muntinlupa City  is composed of the following Barangays:,,,9TH,NCR,MUNTINLUPA CITY,ALABANG,MONDRIAN PLACE,FILINVEST CORPORATE CITY,RC,Residential - Condominium,132000.0
raw,RDO No. 53B - Muntinlupa City  is composed of the following Barangays:,,,9TH,NCR,MUNTINLUPA CITY,ALABANG,MONDRIAN PLACE,FILINVEST CORPORATE CITY,PS,Parking Slot / Private School,92000.0
raw,RDO No. 53B - Muntinlupa City  is composed of the following Barangays:,039-2019,"July 11, 2019",8TH,,MUNTINLUPA CITY,ALABANG,MONDRIAN PLACE,FILINVEST CORPORATE CITY,RC,Residential - Condominium,115000.0
raw,RDO No. 53B - Muntinlupa City  is composed of the following Barangays:,039-2019,"July 11, 2019",8TH,,MUNTINLUPA CITY,ALABANG,MONDRIAN PLACE,FILINVEST CORPORATE CITY,PS,Parking Slot / Private School,75000.0
raw,RDO No. 53B - Muntinlupa City  is composed of the following Barangays:,039-2019,"July 11, 2019",8TH,,MUNTINLUPA CITY,ALABANG,MONDRIAN PLACE,FILINVEST CORPORATE CITY,RC,Residential - Condominium,115000.0
raw,RDO No. 53B - Muntinlupa City  is composed of the following Barangays:,039-2019,"July 11, 2019",8TH,,MUNTINLUPA CITY,ALABANG,MONDRIAN PLACE,FILINVEST CORPORATE CITY,PS,Parking Slot / Private School,75000.0
raw,RDO No. 53B - Muntinlupa City  is composed of the following Barangays:,,,9TH,NCR,MUNTINLUPA CITY,ALABANG,MONTILLANO ST,INTERIOR (PNR-TM Road),RR,Residential - Regular,35000.0
raw,RDO No. 53B - Muntinlupa City  is composed of the following Barangays:,,,9TH,NCR,MUNTINLUPA CITY,ALABANG,MONTILLANO ST,NATIONAL RD- TM ROAD,CR,Commercial - Regular,70000.0
raw,RDO No. 53B - Muntinlupa City  is composed of the following Barangays:,,,9TH,NCR,MUNTINLUPA CITY,ALABANG,MONTILLANO ST,INTERIOR MONTILLANO,X,Special / Other,60000.0
raw,RDO No. 53B - Muntinlupa City  is composed of the following Barangays:,039-2019,"July 11, 2019",,,MUNTINLUPA CITY,ALABANG,MONTILLANO ST,INTERIOR (PNR-TM Road),RR,Residential - Regular,25000.0
raw,RDO No. 53B - Muntinlupa City  is composed of the following Barangays:,039-2019,"July 11, 2019",,,MUNTINLUPA CITY,ALABANG,MONTILLANO ST,NATIONAL RD- TM ROAD,CR,Commercial - Regular,50000.0
raw,RDO No. 53B - Muntinlupa City  is composed of the following Barangays:,039-2019,"July 11, 2019",,,MUNTINLUPA CITY,ALABANG,MONTILLANO ST,INTERIOR MONTILLANO,X,Special / Other,40000.0
raw,RDO No. 53B - Muntinlupa City  is composed of the following Barangays:,039-2019,"July 11, 2019",,,MUNTINLUPA CITY,ALABANG,MONTILLANO ST,INTERIOR (PNR-TM Road),RR,Residential - Regular,25000.0
raw,RDO No. 53B - Muntinlupa City  is composed of the following Barangays:,039-2019,"July 11, 2019",,,MUNTINLUPA CITY,ALABANG,MONTILLANO ST,NATIONAL RD- TM ROAD,CR,Commercial - Regular,50000.0
raw,RDO No. 53B - Muntinlupa City  is composed of the following Barangays:,039-2019,"July 11, 2019",,,MUNTINLUPA CITY,ALABANG,MONTILLANO ST,INTERIOR MONTILLANO,X,Special / Other,40000.0
raw,RDO No. 53B - Muntinlupa City  is composed of the following Barangays:,,,9TH,NCR,MUNTINLUPA CITY,ALABANG,NATIONAL ROAD,TOLL GATE - BAYANAN RIVER,RR,Residential - Regular,53000.0
raw,RDO No. 53B - Muntinlupa City  is composed of the following Barangays:,,,9TH,NCR,MUNTINLUPA CITY,ALABANG,NATIONAL ROAD,TOLL GATE - BAYANAN RIVER,CR,Commercial - Regular,63000.0
raw,RDO No. 53B - Muntinlupa City  is composed of the following Barangays:,,,9TH,NCR,MUNTINLUPA CITY,ALABANG,NATIONAL ROAD,TOLL GATE - BAYANAN RIVER,X,Special / Other,58000.0
raw,RDO No. 53B - Muntinlupa City  is composed of the following Barangays:,039-2019,"July 11, 2019",,,MUNTINLUPA CITY,ALABANG,NATIONAL ROAD,TOLL GATE - BAYANAN RIVER,RR,Residential - Regular,40000.0
raw,RDO No. 53B - Muntinlupa City  is composed of the following Barangays:,039-2019,"July 11, 2019",,,MUNTINLUPA CITY,ALABANG,NATIONAL ROAD,TOLL GATE - BAYANAN RIVER,CR,Commercial - Regular,50000.0
raw,RDO No. 53B - Muntinlupa City  is composed of the following Barangays:,039-2019,"July 11, 2019",,,MUNTINLUPA CITY,ALABANG,NATIONAL ROAD,TOLL GATE - BAYANAN RIVER,X,Special / Other,45000.0
raw,RDO No. 53B - Muntinlupa City  is composed of the following Barangays:,039-2019,"July 11, 2019",,,MUNTINLUPA CITY,ALABANG,NATIONAL ROAD,TOLL GATE - BAYANAN RIVER,RR,Residential - Regular,40000.0
raw,RDO No. 53B - Muntinlupa City  is composed of the following Barangays:,039-2019,"July 11, 2019",,,MUNTINLUPA CITY,ALABANG,NATIONAL ROAD,TOLL GATE - BAYANAN RIVER,CR,Commercial - Regular,50000.0
raw,RDO No. 53B - Muntinlupa City  is composed of the following Barangays:,039-2019,"July 11, 2019",,,MUNTINLUPA CITY,ALABANG,NATIONAL ROAD,TOLL GATE - BAYANAN RIVER,X,Special / Other,45000.0
raw,RDO No. 53B - Muntinlupa City  is composed of the following Barangays:,,,9TH,NCR,MUNTINLUPA CITY,ALABANG,NORTHGATE CENTER,ALABANG ZAPOTE-NORTH BRIDGEWAY/ Northgate District,CR,Commercial - Regular,313000.0
raw,RDO No. 53B - Muntinlupa City  is composed of the following Barangays:,,,9TH,NCR,MUNTINLUPA CITY,ALABANG,NORTHGATE CENTER,ALABANG ZAPOTE-NORTH BRIDGEWAY/ Northgate District,X,Special / Other,313000.0
raw,RDO No. 53B - Muntinlupa City  is composed of the following Barangays:,039-2019,"July 11, 2019",,,MUNTINLUPA CITY,ALABANG,NORTHGATE CENTER,ALABANG ZAPOTE-NORTH BRIDGEWAY/ Northgate District (additional vicinity)*,CR,Commercial - Regular,250000.0
raw,RDO No. 53B - Muntinlupa City  is composed of the following Barangays:,039-2019,"July 11, 2019",,,MUNTINLUPA CITY,ALABANG,NORTHGATE CENTER,ALABANG ZAPOTE-NORTH BRIDGEWAY/ Northgate District (additional vicinity)*,X,Special / Other,250000.0
raw,RDO No. 53B - Muntinlupa City  is composed of the following Barangays:,039-2019,"July 11, 2019",,,MUNTINLUPA CITY,ALABANG,NORTHGATE CENTER,ALABANG ZAPOTE-NORTH BRIDGEWAY/ Northgate District (additional vicinity)*,CR,Commercial - Regular,250000.0
raw,RDO No. 53B - Muntinlupa City  is composed of the following Barangays:,039-2019,"July 11, 2019",,,MUNTINLUPA CITY,ALABANG,NORTHGATE CENTER,ALABANG ZAPOTE-NORTH BRIDGEWAY/ Northgate District (additional vicinity)*,X,Special / Other,250000.0
raw,RDO No. 53B - Muntinlupa City  is composed of the following Barangays:,,,9TH,NCR,MUNTINLUPA CITY,ALABANG,PACIFIC RIM,FILINVEST CORPORATE CITY,CR,Commercial - Regular,313000.0
raw,RDO No. 53B - Muntinlupa City  is composed of the following Barangays:,039-2019,"July 11, 2019",,,MUNTINLUPA CITY,ALABANG,PACIFIC RIM,FILINVEST CORPORATE CITY,CR,Commercial - Regular,250000.0
raw,RDO No. 53B - Muntinlupa City  is composed of the following Barangays:,039-2019,"July 11, 2019",,,MUNTINLUPA CITY,ALABANG,PACIFIC RIM,FILINVEST CORPORATE CITY,CR,Commercial - Regular,250000.0
raw,RDO No. 53B - Muntinlupa City  is composed of the following Barangays:,,,9TH,NCR,MUNTINLUPA CITY,ALABANG,PALMS POINTE SUBDIVISION,FILINVEST CORPORATE CITY,RR,Residential - Regular,150000.0
raw,RDO No. 53B - Muntinlupa City  is composed of the following Barangays:,039-2019,"July 11, 2019",,,MUNTINLUPA CITY,ALABANG,PALMS POINTE SUBDIVISION,FILINVEST CORPORATE CITY,RR,Residential - Regular,100000.0
raw,RDO No. 53B - Muntinlupa City  is composed of the following Barangays:,039-2019,"July 11, 2019",,,MUNTINLUPA CITY,ALABANG,PALMS POINTE SUBDIVISION,FILINVEST CORPORATE CITY,RR,Residential - Regular,100000.0
raw,RDO No. 53B - Muntinlupa City  is composed of the following Barangays:,,,9TH,NCR,MUNTINLUPA CITY,ALABANG,PARKWAY CORPORATE CENTER,FILINVEST CORPORATE CITY,CC,Commercial - Condominium,230000.0
raw,RDO No. 53B - Muntinlupa City  is composed of the following Barangays:,,,9TH,NCR,MUNTINLUPA CITY,ALABANG,PARKWAY CORPORATE CENTER,FILINVEST CORPORATE CITY,PS,Parking Slot / Private School,161000.0
raw,RDO No. 53B - Muntinlupa City  is composed of the following Barangays:,039-2019,"July 11, 2019",8TH,,MUNTINLUPA CITY,ALABANG,PARKWAY CORPORATE CENTER,FILINVEST CORPORATE CITY,CC,Commercial - Condominium,195000.0
raw,RDO No. 53B - Muntinlupa City  is composed of the following Barangays:,039-2019,"July 11, 2019",8TH,,MUNTINLUPA CITY,ALABANG,PARKWAY CORPORATE CENTER,FILINVEST CORPORATE CITY,PS,Parking Slot / Private School,120000.0
raw,RDO No. 53B - Muntinlupa City  is composed of the following Barangays:,039-2019,"July 11, 2019",8TH,,MUNTINLUPA CITY,ALABANG,PARKWAY CORPORATE CENTER,FILINVEST CORPORATE CITY,CC,Commercial - Condominium,195000.0
raw,RDO No. 53B - Muntinlupa City  is composed of the following Barangays:,039-2019,"July 11, 2019",8TH,,MUNTINLUPA CITY,ALABANG,PARKWAY CORPORATE CENTER,FILINVEST CORPORATE CITY,PS,Parking Slot / Private School,120000.0
raw,RDO No. 53B - Muntinlupa City  is composed of the following Barangays:,,,9TH,NCR,MUNTINLUPA CITY,ALABANG,PARQUE ESPAÑA RESIDENCE HOTEL,FILINVEST CORPORATE CITY,RC,Residential - Condominium,110000.0
raw,RDO No. 53B - Muntinlupa City  is composed of the following Barangays:,,,9TH,NCR,MUNTINLUPA CITY,ALABANG,PARQUE ESPAÑA RESIDENCE HOTEL,FILINVEST CORPORATE CITY,PS,Parking Slot / Private School,77000.0
raw,RDO No. 53B - Muntinlupa City  is composed of the following Barangays:,039-2019,"July 11, 2019",8TH,,MUNTINLUPA CITY,ALABANG,PARQUE ESPAÑA RESIDENCE HOTEL,FILINVEST CORPORATE CITY,RC,Residential - Condominium,90000.0
raw,RDO No. 53B - Muntinlupa City  is composed of the following Barangays:,039-2019,"July 11, 2019",8TH,,MUNTINLUPA CITY,ALABANG,PARQUE ESPAÑA RESIDENCE HOTEL,FILINVEST CORPORATE CITY,PS,Parking Slot / Private School,65000.0
raw,RDO No. 53B - Muntinlupa City  is composed of the following Barangays:,039-2019,"July 11, 2019",8TH,,MUNTINLUPA CITY,ALABANG,PARQUE ESPAÑA RESIDENCE HOTEL,FILINVEST CORPORATE CITY,CC,Commercial - Condominium,100000.0
raw,RDO No. 53B - Muntinlupa City  is composed of the following Barangays:,039-2019,"July 11, 2019",8TH,,MUNTINLUPA CITY,ALABANG,PARQUE ESPAÑA RESIDENCE HOTEL,FILINVEST CORPORATE CITY,PS,Parking Slot / Private School,70000.0
raw,RDO No. 53B - Muntinlupa City  is composed of the following Barangays:,039-2019,"July 11, 2019",8TH,,MUNTINLUPA CITY,ALABANG,PARQUE ESPAÑA RESIDENCE HOTEL,FILINVEST CORPORATE CITY,CC,Commercial - Condominium,100000.0
raw,RDO No. 53B - Muntinlupa City  is composed of the following Barangays:,039-2019,"July 11, 2019",8TH,,MUNTINLUPA CITY,ALABANG,PARQUE ESPAÑA RESIDENCE HOTEL,FILINVEST CORPORATE CITY,PS,Parking Slot / Private School,70000.0
raw,RDO No. 53B - Muntinlupa City  is composed of the following Barangays:,039-2019,"July 11, 2019",8TH,,MUNTINLUPA CITY,ALABANG,PARQUE ESPAÑA RESIDENCE HOTEL,FILINVEST CORPORATE CITY,RC,Residential - Condominium,90000.0
raw,RDO No. 53B - Muntinlupa City  is composed of the following Barangays:,039-2019,"July 11, 2019",8TH,,MUNTINLUPA CITY,ALABANG,PARQUE ESPAÑA RESIDENCE HOTEL,FILINVEST CORPORATE CITY,PS,Parking Slot / Private School,65000.0
raw,RDO No. 53B - Muntinlupa City  is composed of the following Barangays:,039-2019,"July 11, 2019",8TH,,MUNTINLUPA CITY,ALABANG,PARQUE ESPAÑA RESIDENCE HOTEL,FILINVEST CORPORATE CITY,CC,Commercial - Condominium,100000.0
raw,RDO No. 53B - Muntinlupa City  is composed of the following Barangays:,039-2019,"July 11, 2019",8TH,,MUNTINLUPA CITY,ALABANG,PARQUE ESPAÑA RESIDENCE HOTEL,FILINVEST CORPORATE CITY,PS,Parking Slot / Private School,70000.0
raw,RDO No. 53B - Muntinlupa City  is composed of the following Barangays:,039-2019,"July 11, 2019",8TH,,MUNTINLUPA CITY,ALABANG,PARQUE ESPAÑA RESIDENCE HOTEL,FILINVEST CORPORATE CITY,CC,Commercial - Condominium,100000.0
raw,RDO No. 53B - Muntinlupa City  is composed of the following Barangays:,039-2019,"July 11, 2019",8TH,,MUNTINLUPA CITY,ALABANG,PARQUE ESPAÑA RESIDENCE HOTEL,FILINVEST CORPORATE CITY,PS,Parking Slot / Private School,70000.0
raw,RDO No. 53B - Muntinlupa City  is composed of the following Barangays:,,,9TH,NCR,MUNTINLUPA CITY,ALABANG,PAULINE CONDOMINIUM,ILAYA,RC,Residential - Condominium,41000.0
raw,RDO No. 53B - Muntinlupa City  is composed of the following Barangays:,,,9TH,NCR,MUNTINLUPA CITY,ALABANG,PAULINE CONDOMINIUM,ILAYA,PS,Parking Slot / Private School,29000.0
raw,RDO No. 53B - Muntinlupa City  is composed of the following Barangays:,039-2019,"July 11, 2019",8TH,,MUNTINLUPA CITY,ALABANG,PAULINE CONDOMINIUM,ILAYA,RC,Residential - Condominium,35000.0
raw,RDO No. 53B - Muntinlupa City  is composed of the following Barangays:,039-2019,"July 11, 2019",8TH,,MUNTINLUPA CITY,ALABANG,PAULINE CONDOMINIUM,ILAYA,PS,Parking Slot / Private School,30000.0
raw,RDO No. 53B - Muntinlupa City  is composed of the following Barangays:,039-2019,"July 11, 2019",8TH,,MUNTINLUPA CITY,ALABANG,PAULINE CONDOMINIUM,ILAYA,RC,Residential - Condominium,35000.0
raw,RDO No. 53B - Muntinlupa City  is composed of the following Barangays:,039-2019,"July 11, 2019",8TH,,MUNTINLUPA CITY,ALABANG,PAULINE CONDOMINIUM,ILAYA,PS,Parking Slot / Private School,30000.0
raw,RDO No. 53B - Muntinlupa City  is composed of the following Barangays:,,,9TH,NCR,MUNTINLUPA CITY,ALABANG,PLAZA A CONDOMINIUM,FILINVEST CORPORATE CITY,CC,Commercial - Condominium,120000.0
raw,RDO No. 53B - Muntinlupa City  is composed of the following Barangays:,,,9TH,NCR,MUNTINLUPA CITY,ALABANG,PLAZA A CONDOMINIUM,FILINVEST CORPORATE CITY,PS,Parking Slot / Private School,84000.0
raw,RDO No. 53B - Muntinlupa City  is composed of the following Barangays:,,,9TH,NCR,MUNTINLUPA CITY,ALABANG,PLAZA B CONDOMINIUM,FILINVEST CORPORATE CITY,CC,Commercial - Condominium,120000.0
raw,RDO No. 53B - Muntinlupa City  is composed of the following Barangays:,,,9TH,NCR,MUNTINLUPA CITY,ALABANG,PLAZA B CONDOMINIUM,FILINVEST CORPORATE CITY,PS,Parking Slot / Private School,84000.0
raw,RDO No. 53B - Muntinlupa City  is composed of the following Barangays:,,,9TH,NCR,MUNTINLUPA CITY,ALABANG,"PLAZA C, D, E CONDOMINIUM ^",FILINVEST CORPORATE CITY,CC,Commercial - Condominium,120000.0
raw,RDO No. 53B - Muntinlupa City  is composed of the following Barangays:,,,9TH,NCR,MUNTINLUPA CITY,ALABANG,"PLAZA C, D, E CONDOMINIUM ^",FILINVEST CORPORATE CITY,PS,Parking Slot / Private School,84000.0
raw,RDO No. 53B - Muntinlupa City  is composed of the following Barangays:,039-2019,"July 11, 2019",8TH,,MUNTINLUPA CITY,ALABANG,"PLAZA C, D, E CONDOMINIUM ^",FILINVEST CORPORATE CITY,CC,Commercial - Condominium,100000.0
raw,RDO No. 53B - Muntinlupa City  is composed of the following Barangays:,039-2019,"July 11, 2019",8TH,,MUNTINLUPA CITY,ALABANG,"PLAZA C, D, E CONDOMINIUM ^",FILINVEST CORPORATE CITY,PS,Parking Slot / Private School,70000.0
raw,RDO No. 53B - Muntinlupa City  is composed of the following Barangays:,039-2019,"July 11, 2019",8TH,,MUNTINLUPA CITY,ALABANG,"PLAZA C, D, E CONDOMINIUM ^",FILINVEST CORPORATE CITY,CC,Commercial - Condominium,100000.0
raw,RDO No. 53B - Muntinlupa City  is composed of the following Barangays:,039-2019,"July 11, 2019",8TH,,MUNTINLUPA CITY,ALABANG,"PLAZA C, D, E CONDOMINIUM ^",FILINVEST CORPORATE CITY,PS,Parking Slot / Private School,70000.0
raw,RDO No. 53B - Muntinlupa City  is composed of the following Barangays:,,,9TH,NCR,MUNTINLUPA CITY,ALABANG,PLEASANT VILLAGE,SOUTH EXPRESSWAY,RR,Residential - Regular,19000.0
raw,RDO No. 53B - Muntinlupa City  is composed of the following Barangays:,039-2019,"July 11, 2019",,,MUNTINLUPA CITY,ALABANG,PLEASANT VILLAGE,SOUTH EXPRESSWAY,RR,Residential - Regular,15000.0
raw,RDO No. 53B - Muntinlupa City  is composed of the following Barangays:,039-2019,"July 11, 2019",,,MUNTINLUPA CITY,ALABANG,PLEASANT VILLAGE,SOUTH EXPRESSWAY,RR,Residential - Regular,15000.0
raw,RDO No. 53B - Muntinlupa City  is composed of the following Barangays:,,,9TH,NCR,MUNTINLUPA CITY,ALABANG,REMERATA SUBDIVISION,L & B  COMPOUND,RR,Residential - Regular,19000.0
raw,RDO No. 53B - Muntinlupa City  is composed of the following Barangays:,039-2019,"July 11, 2019",,,MUNTINLUPA CITY,ALABANG,REMERATA SUBDIVISION,L & B  COMPOUND,RR,Residential - Regular,15000.0
raw,RDO No. 53B - Muntinlupa City  is composed of the following Barangays:,039-2019,"July 11, 2019",,,MUNTINLUPA CITY,ALABANG,REMERATA SUBDIVISION,L & B  COMPOUND,RR,Residential - Regular,15000.0
raw,RDO No. 53B - Muntinlupa City  is composed of the following Barangays:,,,9TH,NCR,MUNTINLUPA CITY,ALABANG,SPECTRUM/BRIDEGEWAY/COMMERCE AVE.,FILINVEST CORPORATE CITY,CR,Commercial - Regular,313000.0
raw,RDO No. 53B - Muntinlupa City  is composed of the following Barangays:,039-2019,"July 11, 2019",,,MUNTINLUPA CITY,ALABANG,SPECTRUM/BRIDEGEWAY/COMMERCE AVE.,FILINVEST CORPORATE CITY,CR,Commercial - Regular,250000.0
raw,RDO No. 53B - Muntinlupa City  is composed of the following Barangays:,039-2019,"July 11, 2019",,,MUNTINLUPA CITY,ALABANG,SPECTRUM/BRIDEGEWAY/COMMERCE AVE.,FILINVEST CORPORATE CITY,CR,Commercial - Regular,250000.0
raw,RDO No. 53B - Muntinlupa City  is composed of the following Barangays:,,,9TH,NCR,MUNTINLUPA CITY,ALABANG,STUDIO CITY CONDOMINIUM,FILINVEST CORPORATE CITY,RC,Residential - Condominium,115000.0
raw,RDO No. 53B - Muntinlupa City  is composed of the following Barangays:,,,9TH,NCR,MUNTINLUPA CITY,ALABANG,STUDIO CITY CONDOMINIUM,FILINVEST CORPORATE CITY,CC,Commercial - Condominium,135000.0
raw,RDO No. 53B - Muntinlupa City  is composed of the following Barangays:,,,9TH,NCR,MUNTINLUPA CITY,ALABANG,STUDIO CITY CONDOMINIUM,FILINVEST CORPORATE CITY,PS,Parking Slot / Private School,80000.0
raw,RDO No. 53B - Muntinlupa City  is composed of the following Barangays:,039-2019,"July 11, 2019",8TH,,MUNTINLUPA CITY,ALABANG,STUDIO CITY CONDOMINIUM,FILINVEST CORPORATE CITY,RC,Residential - Condominium,100000.0
raw,RDO No. 53B - Muntinlupa City  is composed of the following Barangays:,039-2019,"July 11, 2019",8TH,,MUNTINLUPA CITY,ALABANG,STUDIO CITY CONDOMINIUM,FILINVEST CORPORATE CITY,CC,Commercial - Condominium,120000.0
raw,RDO No. 53B - Muntinlupa City  is composed of the following Barangays:,039-2019,"July 11, 2019",8TH,,MUNTINLUPA CITY,ALABANG,STUDIO CITY CONDOMINIUM,FILINVEST CORPORATE CITY,PS,Parking Slot / Private School,70000.0
raw,RDO No. 53B - Muntinlupa City  is composed of the following Barangays:,039-2019,"July 11, 2019",8TH,,MUNTINLUPA CITY,ALABANG,STUDIO CITY CONDOMINIUM,FILINVEST CORPORATE CITY,RC,Residential - Condominium,100000.0
raw,RDO No. 53B - Muntinlupa City  is composed of the following Barangays:,039-2019,"July 11, 2019",8TH,,MUNTINLUPA CITY,ALABANG,STUDIO CITY CONDOMINIUM,FILINVEST CORPORATE CITY,CC,Commercial - Condominium,120000.0
raw,RDO No. 53B - Muntinlupa City  is composed of the following Barangays:,039-2019,"July 11, 2019",8TH,,MUNTINLUPA CITY,ALABANG,STUDIO CITY CONDOMINIUM,FILINVEST CORPORATE CITY,PS,Parking Slot / Private School,70000.0
raw,RDO No. 53B - Muntinlupa City  is composed of the following Barangays:,,,9TH,NCR,MUNTINLUPA CITY,ALABANG,STUDIO ONE CONDO,FILINVEST CORPORATE CITY,RC,Residential - Condominium,115000.0
raw,RDO No. 53B - Muntinlupa City  is composed of the following Barangays:,,,9TH,NCR,MUNTINLUPA CITY,ALABANG,STUDIO ONE CONDO,FILINVEST CORPORATE CITY,CC,Commercial - Condominium,135000.0
raw,RDO No. 53B - Muntinlupa City  is composed of the following Barangays:,,,9TH,NCR,MUNTINLUPA CITY,ALABANG,STUDIO ONE CONDO,FILINVEST CORPORATE CITY,PS,Parking Slot / Private School,80000.0
raw,RDO No. 53B - Muntinlupa City  is composed of the following Barangays:,039-2019,"July 11, 2019",8TH,,MUNTINLUPA CITY,ALABANG,STUDIO ONE CONDO,FILINVEST CORPORATE CITY,RC,Residential - Condominium,100000.0
raw,RDO No. 53B - Muntinlupa City  is composed of the following Barangays:,039-2019,"July 11, 2019",8TH,,MUNTINLUPA CITY,ALABANG,STUDIO ONE CONDO,FILINVEST CORPORATE CITY,CC,Commercial - Condominium,120000.0
raw,RDO No. 53B - Muntinlupa City  is composed of the following Barangays:,039-2019,"July 11, 2019",8TH,,MUNTINLUPA CITY,ALABANG,STUDIO ONE CONDO,FILINVEST CORPORATE CITY,PS,Parking Slot / Private School,70000.0
raw,RDO No. 53B - Muntinlupa City  is composed of the following Barangays:,039-2019,"July 11, 2019",8TH,,MUNTINLUPA CITY,ALABANG,STUDIO ONE CONDO,FILINVEST CORPORATE CITY,RC,Residential - Condominium,100000.0
raw,RDO No. 53B - Muntinlupa City  is composed of the following Barangays:,039-2019,"July 11, 2019",8TH,,MUNTINLUPA CITY,ALABANG,STUDIO ONE CONDO,FILINVEST CORPORATE CITY,CC,Commercial - Condominium,120000.0
raw,RDO No. 53B - Muntinlupa City  is composed of the following Barangays:,039-2019,"July 11, 2019",8TH,,MUNTINLUPA CITY,ALABANG,STUDIO ONE CONDO,FILINVEST CORPORATE CITY,PS,Parking Slot / Private School,70000.0
raw,RDO No. 53B - Muntinlupa City  is composed of the following Barangays:,,,9TH,NCR,MUNTINLUPA CITY,ALABANG,STUDIO TWO CONDO,FILINVEST CORPORATE CITY,RC,Residential - Condominium,115000.0
raw,RDO No. 53B - Muntinlupa City  is composed of the following Barangays:,,,9TH,NCR,MUNTINLUPA CITY,ALABANG,STUDIO TWO CONDO,FILINVEST CORPORATE CITY,CC,Commercial - Condominium,135000.0
raw,RDO No. 53B - Muntinlupa City  is composed of the following Barangays:,,,9TH,NCR,MUNTINLUPA CITY,ALABANG,STUDIO TWO CONDO,FILINVEST CORPORATE CITY,PS,Parking Slot / Private School,80000.0
raw,RDO No. 53B - Muntinlupa City  is composed of the following Barangays:,039-2019,"July 11, 2019",8TH,,MUNTINLUPA CITY,ALABANG,STUDIO TWO CONDO,FILINVEST CORPORATE CITY,RC,Residential - Condominium,100000.0
raw,RDO No. 53B - Muntinlupa City  is composed of the following Barangays:,039-2019,"July 11, 2019",8TH,,MUNTINLUPA CITY,ALABANG,STUDIO TWO CONDO,FILINVEST CORPORATE CITY,CC,Commercial - Condominium,120000.0
raw,RDO No. 53B - Muntinlupa City  is composed of the following Barangays:,039-2019,"July 11, 2019",8TH,,MUNTINLUPA CITY,ALABANG,STUDIO TWO CONDO,FILINVEST CORPORATE CITY,PS,Parking Slot / Private School,70000.0
raw,RDO No. 53B - Muntinlupa City  is composed of the following Barangays:,039-2019,"July 11, 2019",8TH,,MUNTINLUPA CITY,ALABANG,STUDIO TWO CONDO,FILINVEST CORPORATE CITY,RC,Residential - Condominium,100000.0
raw,RDO No. 53B - Muntinlupa City  is composed of the following Barangays:,039-2019,"July 11, 2019",8TH,,MUNTINLUPA CITY,ALABANG,STUDIO TWO CONDO,FILINVEST CORPORATE CITY,CC,Commercial - Condominium,120000.0
raw,RDO No. 53B - Muntinlupa City  is composed of the following Barangays:,039-2019,"July 11, 2019",8TH,,MUNTINLUPA CITY,ALABANG,STUDIO TWO CONDO,FILINVEST CORPORATE CITY,PS,Parking Slot / Private School,70000.0
raw,RDO No. 53B - Muntinlupa City  is composed of the following Barangays:,,,9TH,NCR,MUNTINLUPA CITY,ALABANG,T. MOLINA ST.,BARRIO PROPER,RR,Residential - Regular,19000.0
raw,RDO No. 53B - Muntinlupa City  is composed of the following Barangays:,039-2019,"July 11, 2019",,,MUNTINLUPA CITY,ALABANG,T. MOLINA ST.,BARRIO PROPER,RR,Residential - Regular,15000.0
raw,RDO No. 53B - Muntinlupa City  is composed of the following Barangays:,039-2019,"July 11, 2019",,,MUNTINLUPA CITY,ALABANG,T. MOLINA ST.,BARRIO PROPER,RR,Residential - Regular,15000.0
raw,RDO No. 53B - Muntinlupa City  is composed of the following Barangays:,039-2019,"July 11, 2019",8TH,,MUNTINLUPA CITY,ALABANG,THE LEVELS,FILINVEST CORPORATE CITY,RC,Residential - Condominium,115000.0
raw,RDO No. 53B - Muntinlupa City  is composed of the following Barangays:,039-2019,"July 11, 2019",8TH,,MUNTINLUPA CITY,ALABANG,THE LEVELS,FILINVEST CORPORATE CITY,PS,Parking Slot / Private School,75000.0
raw,RDO No. 53B - Muntinlupa City  is composed of the following Barangays:,039-2019,"July 11, 2019",8TH,,MUNTINLUPA CITY,ALABANG,THE LEVELS,FILINVEST CORPORATE CITY,CC,Commercial - Condominium,100000.0
raw,RDO No. 53B - Muntinlupa City  is composed of the following Barangays:,039-2019,"July 11, 2019",8TH,,MUNTINLUPA CITY,ALABANG,THE LEVELS,FILINVEST CORPORATE CITY,PS,Parking Slot / Private School,70000.0
raw,RDO No. 53B - Muntinlupa City  is composed of the following Barangays:,039-2019,"July 11, 2019",8TH,,MUNTINLUPA CITY,ALABANG,THE LEVELS,FILINVEST CORPORATE CITY,RC,Residential - Condominium,115000.0
raw,RDO No. 53B - Muntinlupa City  is composed of the following Barangays:,039-2019,"July 11, 2019",8TH,,MUNTINLUPA CITY,ALABANG,THE LEVELS,FILINVEST CORPORATE CITY,PS,Parking Slot / Private School,75000.0
raw,RDO No. 53B - Muntinlupa City  is composed of the following Barangays:,039-2019,"July 11, 2019",8TH,,MUNTINLUPA CITY,ALABANG,THE LEVELS,FILINVEST CORPORATE CITY,CC,Commercial - Condominium,100000.0
raw,RDO No. 53B - Muntinlupa City  is composed of the following Barangays:,039-2019,"July 11, 2019",8TH,,MUNTINLUPA CITY,ALABANG,THE LEVELS,FILINVEST CORPORATE CITY,PS,Parking Slot / Private School,70000.0
raw,RDO No. 53B - Muntinlupa City  is composed of the following Barangays:,,,9TH,NCR,MUNTINLUPA CITY,ALABANG,"THE LEVELS (ANAHEIM - OLD)
                       (BURBANK - NEW CCT)",FILINVEST CORPORATE CITY,RC,Residential - Condominium,135000.0
raw,RDO No. 53B - Muntinlupa City  is composed of the following Barangays:,,,9TH,NCR,MUNTINLUPA CITY,ALABANG,"THE LEVELS (ANAHEIM - OLD)
                       (BURBANK - NEW CCT)",FILINVEST CORPORATE CITY,PS,Parking Slot / Private School,94000.0
raw,RDO No. 53B - Muntinlupa City  is composed of the following Barangays:,,,9TH,NCR,MUNTINLUPA CITY,ALABANG,TIERRA VILLAS,L & B 2,RR,Residential - Regular,19000.0
raw,RDO No. 53B - Muntinlupa City  is composed of the following Barangays:,039-2019,"July 11, 2019",,,MUNTINLUPA CITY,ALABANG,TIERRA VILLAS,L & B 2,RR,Residential - Regular,15000.0
raw,RDO No. 53B - Muntinlupa City  is composed of the following Barangays:,039-2019,"July 11, 2019",,,MUNTINLUPA CITY,ALABANG,TIERRA VILLAS,L & B 2,RR,Residential - Regular,15000.0
raw,RDO No. 53B - Muntinlupa City  is composed of the following Barangays:,,,9TH,NCR,MUNTINLUPA CITY,ALABANG,TM RD - LAGUNA LAKESIDE,LAGUNA LAKE SIDE,RR,Residential - Regular,10000.0
raw,RDO No. 53B - Muntinlupa City  is composed of the following Barangays:,,,9TH,NCR,MUNTINLUPA CITY,ALABANG,TM RD - LAGUNA LAKESIDE,LAGUNA LAKE SIDE,CR,Commercial - Regular,30000.0
raw,RDO No. 53B - Muntinlupa City  is composed of the following Barangays:,039-2019,"July 11, 2019",,,MUNTINLUPA CITY,ALABANG,TM RD - LAGUNA LAKESIDE,LAGUNA LAKE SIDE,RR,Residential - Regular,5000.0
raw,RDO No. 53B - Muntinlupa City  is composed of the following Barangays:,039-2019,"July 11, 2019",,,MUNTINLUPA CITY,ALABANG,TM RD - LAGUNA LAKESIDE,LAGUNA LAKE SIDE,RR,Residential - Regular,5000.0
raw,RDO No. 53B - Muntinlupa City  is composed of the following Barangays:,,,9TH,NCR,MUNTINLUPA CITY,ALABANG,TM RD ALABANG (SAN GUILLERMO STREET) PNR SIDE,PNR SIDE,RR,Residential - Regular,12000.0
raw,RDO No. 53B - Muntinlupa City  is composed of the following Barangays:,,,9TH,NCR,MUNTINLUPA CITY,ALABANG,TM RD ALABANG (SAN GUILLERMO STREET) PNR SIDE,PNR SIDE,CR,Commercial - Regular,30000.0
raw,RDO No. 53B - Muntinlupa City  is composed of the following Barangays:,039-2019,"July 11, 2019",,,MUNTINLUPA CITY,ALABANG,TM RD ALABANG (SAN GUILLERMO STREET) PNR SIDE,PNR SIDE,RR,Residential - Regular,7000.0
raw,RDO No. 53B - Muntinlupa City  is composed of the following Barangays:,039-2019,"July 11, 2019",,,MUNTINLUPA CITY,ALABANG,TM RD ALABANG (SAN GUILLERMO STREET) PNR SIDE,PNR SIDE,RR,Residential - Regular,7000.0
raw,RDO No. 53B - Muntinlupa City  is composed of the following Barangays:,,,9TH,NCR,MUNTINLUPA CITY,ALABANG,UP SIDE SUBDIVISION,NATIONAL HIGHWAY - BAYANAN CREEK,RR,Residential - Regular,19000.0
raw,RDO No. 53B - Muntinlupa City  is composed of the following Barangays:,039-2019,"July 11, 2019",,,MUNTINLUPA CITY,ALABANG,UP SIDE SUBDIVISION,NATIONAL HIGHWAY - BAYANAN CREEK,RR,Residential - Regular,15000.0
raw,RDO No. 53B - Muntinlupa City  is composed of the following Barangays:,039-2019,"July 11, 2019",,,MUNTINLUPA CITY,ALABANG,UP SIDE SUBDIVISION,NATIONAL HIGHWAY - BAYANAN CREEK,RR,Residential - Regular,15000.0
raw,RDO No. 53B - Muntinlupa City  is composed of the following Barangays:,,,9TH,NCR,MUNTINLUPA CITY,ALABANG,VECTOR ONE,FILINVEST CORPORATE CITY,CC,Commercial - Condominium,120000.0
raw,RDO No. 53B - Muntinlupa City  is composed of the following Barangays:,,,9TH,NCR,MUNTINLUPA CITY,ALABANG,VECTOR ONE,FILINVEST CORPORATE CITY,PS,Parking Slot / Private School,84000.0
raw,RDO No. 53B - Muntinlupa City  is composed of the following Barangays:,,,9TH,NCR,MUNTINLUPA CITY,ALABANG,VIVANT FLATS,FILINVEST CORPORATE CITY,RC,Residential - Condominium,135000.0
raw,RDO No. 53B - Muntinlupa City  is composed of the following Barangays:,,,9TH,NCR,MUNTINLUPA CITY,ALABANG,VIVANT FLATS,FILINVEST CORPORATE CITY,PS,Parking Slot / Private School,94000.0
raw,RDO No. 53B - Muntinlupa City  is composed of the following Barangays:,039-2019,"July 11, 2019",8TH,,MUNTINLUPA CITY,ALABANG,VIVANT FLATS,FILINVEST CORPORATE CITY,RC,Residential - Condominium,115000.0
raw,RDO No. 53B - Muntinlupa City  is composed of the following Barangays:,039-2019,"July 11, 2019",8TH,,MUNTINLUPA CITY,ALABANG,VIVANT FLATS,FILINVEST CORPORATE CITY,PS,Parking Slot / Private School,75000.0
raw,RDO No. 53B - Muntinlupa City  is composed of the following Barangays:,039-2019,"July 11, 2019",8TH,,MUNTINLUPA CITY,ALABANG,VIVANT FLATS,FILINVEST CORPORATE CITY,RC,Residential - Condominium,115000.0
raw,RDO No. 53B - Muntinlupa City  is composed of the following Barangays:,039-2019,"July 11, 2019",8TH,,MUNTINLUPA CITY,ALABANG,VIVANT FLATS,FILINVEST CORPORATE CITY,PS,Parking Slot / Private School,75000.0
raw,RDO No. 53B - Muntinlupa City  is composed of the following Barangays:,039-2019,"July 11, 2019",8TH,,MUNTINLUPA CITY,ALABANG,VIVERE HOTEL AND RESORTS,FILINVEST CORPORATE CITY,RC,Residential - Condominium,120000.0
raw,RDO No. 53B - Muntinlupa City  is composed of the following Barangays:,039-2019,"July 11, 2019",8TH,,MUNTINLUPA CITY,ALABANG,VIVERE HOTEL AND RESORTS,FILINVEST CORPORATE CITY,CC,Commercial - Condominium,130000.0
raw,RDO No. 53B - Muntinlupa City  is composed of the following Barangays:,039-2019,"July 11, 2019",8TH,,MUNTINLUPA CITY,ALABANG,VIVERE HOTEL AND RESORTS,FILINVEST CORPORATE CITY,PS,Parking Slot / Private School,80000.0
raw,RDO No. 53B - Muntinlupa City  is composed of the following Barangays:,039-2019,"July 11, 2019",8TH,,MUNTINLUPA CITY,ALABANG,VIVERE HOTEL AND RESORTS,FILINVEST CORPORATE CITY,RC,Residential - Condominium,120000.0
raw,RDO No. 53B - Muntinlupa City  is composed of the following Barangays:,039-2019,"July 11, 2019",8TH,,MUNTINLUPA CITY,ALABANG,VIVERE HOTEL AND RESORTS,FILINVEST CORPORATE CITY,CC,Commercial - Condominium,130000.0
raw,RDO No. 53B - Muntinlupa City  is composed of the following Barangays:,039-2019,"July 11, 2019",8TH,,MUNTINLUPA CITY,ALABANG,VIVERE HOTEL AND RESORTS,FILINVEST CORPORATE CITY,PS,Parking Slot / Private School,80000.0
raw,RDO No. 53B - Muntinlupa City  is composed of the following Barangays:,,,9TH,NCR,MUNTINLUPA CITY,ALABANG,VIVERE HOTEL AND RESORTS (ALSO KNOWN AS RICHVILLE REGENCY SUITES CONDO),FILINVEST CORPORATE CITY,RC,Residential - Condominium,145000.0
raw,RDO No. 53B - Muntinlupa City  is composed of the following Barangays:,,,9TH,NCR,MUNTINLUPA CITY,ALABANG,VIVERE HOTEL AND RESORTS (ALSO KNOWN AS RICHVILLE REGENCY SUITES CONDO),FILINVEST CORPORATE CITY,CC,Commercial - Condominium,155000.0
raw,RDO No. 53B - Muntinlupa City  is composed of the following Barangays:,,,9TH,NCR,MUNTINLUPA CITY,ALABANG,VIVERE HOTEL AND RESORTS (ALSO KNOWN AS RICHVILLE REGENCY SUITES CONDO),FILINVEST CORPORATE CITY,PS,Parking Slot / Private School,102000.0
raw,RDO No. 53B - Muntinlupa City  is composed of the following Barangays:,,,9TH,NCR,MUNTINLUPA CITY,ALABANG,WEST PARC ALDER,FILINVEST CORPORATE CITY,RC,Residential - Condominium,115000.0
raw,RDO No. 53B - Muntinlupa City  is composed of the following Barangays:,,,9TH,NCR,MUNTINLUPA CITY,ALABANG,WEST PARC ALDER,FILINVEST CORPORATE CITY,CC,Commercial - Condominium,130000.0
raw,RDO No. 53B - Muntinlupa City  is composed of the following Barangays:,,,9TH,NCR,MUNTINLUPA CITY,ALABANG,WEST PARC ALDER,FILINVEST CORPORATE CITY,PS,Parking Slot / Private School,80000.0
raw,RDO No. 53B - Muntinlupa City  is composed of the following Barangays:,039-2019,"July 11, 2019",8TH,,MUNTINLUPA CITY,ALABANG,WEST PARC ALDER,FILINVEST CORPORATE CITY,RC,Residential - Condominium,95000.0
raw,RDO No. 53B - Muntinlupa City  is composed of the following Barangays:,039-2019,"July 11, 2019",8TH,,MUNTINLUPA CITY,ALABANG,WEST PARC ALDER,FILINVEST CORPORATE CITY,CC,Commercial - Condominium,110000.0
raw,RDO No. 53B - Muntinlupa City  is composed of the following Barangays:,039-2019,"July 11, 2019",8TH,,MUNTINLUPA CITY,ALABANG,WEST PARC ALDER,FILINVEST CORPORATE CITY,PS,Parking Slot / Private School,68000.0
raw,RDO No. 53B - Muntinlupa City  is composed of the following Barangays:,039-2019,"July 11, 2019",8TH,,MUNTINLUPA CITY,ALABANG,WEST PARC ALDER,FILINVEST CORPORATE CITY,RC,Residential - Condominium,95000.0
raw,RDO No. 53B - Muntinlupa City  is composed of the following Barangays:,039-2019,"July 11, 2019",8TH,,MUNTINLUPA CITY,ALABANG,WEST PARC ALDER,FILINVEST CORPORATE CITY,CC,Commercial - Condominium,110000.0
raw,RDO No. 53B - Muntinlupa City  is composed of the following Barangays:,039-2019,"July 11, 2019",8TH,,MUNTINLUPA CITY,ALABANG,WEST PARC ALDER,FILINVEST CORPORATE CITY,PS,Parking Slot / Private School,68000.0
raw,RDO No. 53B - Muntinlupa City  is composed of the following Barangays:,,,9TH,NCR,MUNTINLUPA CITY,ALABANG,WEST PARC BIRCH,FILINVEST CORPORATE CITY,RC,Residential - Condominium,115000.0
raw,RDO No. 53B - Muntinlupa City  is composed of the following Barangays:,,,9TH,NCR,MUNTINLUPA CITY,ALABANG,WEST PARC BIRCH,FILINVEST CORPORATE CITY,CC,Commercial - Condominium,130000.0
raw,RDO No. 53B - Muntinlupa City  is composed of the following Barangays:,,,9TH,NCR,MUNTINLUPA CITY,ALABANG,WEST PARC BIRCH,FILINVEST CORPORATE CITY,PS,Parking Slot / Private School,80000.0
raw,RDO No. 53B - Muntinlupa City  is composed of the following Barangays:,039-2019,"July 11, 2019",8TH,,MUNTINLUPA CITY,ALABANG,WEST PARC BIRCH,FILINVEST CORPORATE CITY,RC,Residential - Condominium,95000.0
raw,RDO No. 53B - Muntinlupa City  is composed of the following Barangays:,039-2019,"July 11, 2019",8TH,,MUNTINLUPA CITY,ALABANG,WEST PARC BIRCH,FILINVEST CORPORATE CITY,CC,Commercial - Condominium,110000.0
raw,RDO No. 53B - Muntinlupa City  is composed of the following Barangays:,039-2019,"July 11, 2019",8TH,,MUNTINLUPA CITY,ALABANG,WEST PARC BIRCH,FILINVEST CORPORATE CITY,PS,Parking Slot / Private School,68000.0
raw,RDO No. 53B - Muntinlupa City  is composed of the following Barangays:,039-2019,"July 11, 2019",8TH,,MUNTINLUPA CITY,ALABANG,WEST PARC BIRCH,FILINVEST CORPORATE CITY,RC,Residential - Condominium,95000.0
raw,RDO No. 53B - Muntinlupa City  is composed of the following Barangays:,039-2019,"July 11, 2019",8TH,,MUNTINLUPA CITY,ALABANG,WEST PARC BIRCH,FILINVEST CORPORATE CITY,CC,Commercial - Condominium,110000.0
raw,RDO No. 53B - Muntinlupa City  is composed of the following Barangays:,039-2019,"July 11, 2019",8TH,,MUNTINLUPA CITY,ALABANG,WEST PARC BIRCH,FILINVEST CORPORATE CITY,PS,Parking Slot / Private School,68000.0
raw,RDO No. 53B - Muntinlupa City  is composed of the following Barangays:,,,9TH,NCR,MUNTINLUPA CITY,ALABANG,WEST PARC CEDAR,FILINVEST CORPORATE CITY,RC,Residential - Condominium,115000.0
raw,RDO No. 53B - Muntinlupa City  is composed of the following Barangays:,,,9TH,NCR,MUNTINLUPA CITY,ALABANG,WEST PARC CEDAR,FILINVEST CORPORATE CITY,CC,Commercial - Condominium,130000.0
raw,RDO No. 53B - Muntinlupa City  is composed of the following Barangays:,,,9TH,NCR,MUNTINLUPA CITY,ALABANG,WEST PARC CEDAR,FILINVEST CORPORATE CITY,PS,Parking Slot / Private School,80000.0
raw,RDO No. 53B - Muntinlupa City  is composed of the following Barangays:,039-2019,"July 11, 2019",8TH,,MUNTINLUPA CITY,ALABANG,WEST PARC CEDAR,FILINVEST CORPORATE CITY,RC,Residential - Condominium,95000.0
raw,RDO No. 53B - Muntinlupa City  is composed of the following Barangays:,039-2019,"July 11, 2019",8TH,,MUNTINLUPA CITY,ALABANG,WEST PARC CEDAR,FILINVEST CORPORATE CITY,CC,Commercial - Condominium,110000.0
raw,RDO No. 53B - Muntinlupa City  is composed of the following Barangays:,039-2019,"July 11, 2019",8TH,,MUNTINLUPA CITY,ALABANG,WEST PARC CEDAR,FILINVEST CORPORATE CITY,PS,Parking Slot / Private School,68000.0
raw,RDO No. 53B - Muntinlupa City  is composed of the following Barangays:,039-2019,"July 11, 2019",8TH,,MUNTINLUPA CITY,ALABANG,WEST PARC CEDAR,FILINVEST CORPORATE CITY,CC,Commercial - Condominium,100000.0
raw,RDO No. 53B - Muntinlupa City  is composed of the following Barangays:,039-2019,"July 11, 2019",8TH,,MUNTINLUPA CITY,ALABANG,WEST PARC CEDAR,FILINVEST CORPORATE CITY,PS,Parking Slot / Private School,70000.0
raw,RDO No. 53B - Muntinlupa City  is composed of the following Barangays:,039-2019,"July 11, 2019",8TH,,MUNTINLUPA CITY,ALABANG,WEST PARC CEDAR,FILINVEST CORPORATE CITY,RC,Residential - Condominium,95000.0
raw,RDO No. 53B - Muntinlupa City  is composed of the following Barangays:,039-2019,"July 11, 2019",8TH,,MUNTINLUPA CITY,ALABANG,WEST PARC CEDAR,FILINVEST CORPORATE CITY,CC,Commercial - Condominium,110000.0
raw,RDO No. 53B - Muntinlupa City  is composed of the following Barangays:,039-2019,"July 11, 2019",8TH,,MUNTINLUPA CITY,ALABANG,WEST PARC CEDAR,FILINVEST CORPORATE CITY,PS,Parking Slot / Private School,68000.0
raw,RDO No. 53B - Muntinlupa City  is composed of the following Barangays:,039-2019,"July 11, 2019",8TH,,MUNTINLUPA CITY,ALABANG,WEST PARC CEDAR,FILINVEST CORPORATE CITY,CC,Commercial - Condominium,100000.0
raw,RDO No. 53B - Muntinlupa City  is composed of the following Barangays:,039-2019,"July 11, 2019",8TH,,MUNTINLUPA CITY,ALABANG,WEST PARC CEDAR,FILINVEST CORPORATE CITY,PS,Parking Slot / Private School,70000.0
raw,RDO No. 53B - Muntinlupa City  is composed of the following Barangays:,,,9TH,NCR,MUNTINLUPA CITY,ALABANG,WEST SERVICE ROAD,HILLSIDE HOSPITAL - BAYANAN,RR,Residential - Regular,35000.0
raw,RDO No. 53B - Muntinlupa City  is composed of the following Barangays:,,,9TH,NCR,MUNTINLUPA CITY,ALABANG,WEST SERVICE ROAD,HILLSIDE HOSPITAL - BAYANAN,CR,Commercial - Regular,65000.0
raw,RDO No. 53B - Muntinlupa City  is composed of the following Barangays:,,,9TH,NCR,MUNTINLUPA CITY,ALABANG,WEST SERVICE ROAD,HILLSIDE HOSPITAL - BAYANAN,I,Industrial,55000.0
raw,RDO No. 53B - Muntinlupa City  is composed of the following Barangays:,,,9TH,NCR,MUNTINLUPA CITY,ALABANG,WEST SERVICE ROAD,HILLSIDE HOSPITAL - BAYANAN,X,Special / Other,50000.0
raw,RDO No. 53B - Muntinlupa City  is composed of the following Barangays:,039-2019,"July 11, 2019",8TH,,MUNTINLUPA CITY,ALABANG,WEST SERVICE ROAD,HILLSIDE HOSPITAL - BAYANAN,RR,Residential - Regular,25000.0
raw,RDO No. 53B - Muntinlupa City  is composed of the following Barangays:,039-2019,"July 11, 2019",8TH,,MUNTINLUPA CITY,ALABANG,WEST SERVICE ROAD,HILLSIDE HOSPITAL - BAYANAN,CR,Commercial - Regular,50000.0
raw,RDO No. 53B - Muntinlupa City  is composed of the following Barangays:,039-2019,"July 11, 2019",8TH,,MUNTINLUPA CITY,ALABANG,WEST SERVICE ROAD,HILLSIDE HOSPITAL - BAYANAN,I,Industrial,45000.0
raw,RDO No. 53B - Muntinlupa City  is composed of the following Barangays:,039-2019,"July 11, 2019",8TH,,MUNTINLUPA CITY,ALABANG,WEST SERVICE ROAD,HILLSIDE HOSPITAL - BAYANAN,X,Special / Other,35000.0
raw,RDO No. 53B - Muntinlupa City  is composed of the following Barangays:,039-2019,"July 11, 2019",8TH,,MUNTINLUPA CITY,ALABANG,WEST SERVICE ROAD,HILLSIDE HOSPITAL - BAYANAN,RR,Residential - Regular,25000.0
raw,RDO No. 53B - Muntinlupa City  is composed of the following Barangays:,039-2019,"July 11, 2019",8TH,,MUNTINLUPA CITY,ALABANG,WEST SERVICE ROAD,HILLSIDE HOSPITAL - BAYANAN,CR,Commercial - Regular,50000.0
raw,RDO No. 53B - Muntinlupa City  is composed of the following Barangays:,039-2019,"July 11, 2019",8TH,,MUNTINLUPA CITY,ALABANG,WEST SERVICE ROAD,HILLSIDE HOSPITAL - BAYANAN,I,Industrial,45000.0
raw,RDO No. 53B - Muntinlupa City  is composed of the following Barangays:,039-2019,"July 11, 2019",8TH,,MUNTINLUPA CITY,ALABANG,WEST SERVICE ROAD,HILLSIDE HOSPITAL - BAYANAN,X,Special / Other,35000.0
raw,RDO No. 53B - Muntinlupa City  is composed of the following Barangays:,,,9TH,NCR,MUNTINLUPA CITY,ALABANG,WESTGATE CENTER,ALABANG ZAPOTE - COMMERCE AVENUE,CR,Commercial - Regular,313000.0
raw,RDO No. 53B - Muntinlupa City  is composed of the following Barangays:,039-2019,"July 11, 2019",8TH,,MUNTINLUPA CITY,ALABANG,WESTGATE CENTER,ALABANG ZAPOTE - COMMERCE AVENUE,CR,Commercial - Regular,250000.0
raw,RDO No. 53B - Muntinlupa City  is composed of the following Barangays:,039-2019,"July 11, 2019",8TH,,MUNTINLUPA CITY,ALABANG,WESTGATE CENTER,ALABANG ZAPOTE - COMMERCE AVENUE,CR,Commercial - Regular,250000.0
raw,RDO No. 53B - Muntinlupa City  is composed of the following Barangays:,,,9TH,NCR,MUNTINLUPA CITY,ALABANG,WESTGATE TOWER CONDO,MADRIGAL BUSINESS PARK,CC,Commercial - Condominium,120000.0
raw,RDO No. 53B - Muntinlupa City  is composed of the following Barangays:,,,9TH,NCR,MUNTINLUPA CITY,ALABANG,WESTGATE TOWER CONDO,MADRIGAL BUSINESS PARK,PS,Parking Slot / Private School,84000.0
raw,RDO No. 53B - Muntinlupa City  is composed of the following Barangays:,039-2019,"July 11, 2019",8TH,,MUNTINLUPA CITY,AYALA ALABANG,,,CC,Commercial - Condominium,90000.0
raw,RDO No. 53B - Muntinlupa City  is composed of the following Barangays:,039-2019,"July 11, 2019",8TH,,MUNTINLUPA CITY,AYALA ALABANG,,,PS,Parking Slot / Private School,65000.0
raw,RDO No. 53B - Muntinlupa City  is composed of the following Barangays:,039-2019,"July 11, 2019",8TH,,MUNTINLUPA CITY,AYALA ALABANG,,,CC,Commercial - Condominium,100000.0
raw,RDO No. 53B - Muntinlupa City  is composed of the following Barangays:,039-2019,"July 11, 2019",8TH,,MUNTINLUPA CITY,AYALA ALABANG,,,PS,Parking Slot / Private School,70000.0
raw,RDO No. 53B - Muntinlupa City  is composed of the following Barangays:,039-2019,"July 11, 2019",8TH,,MUNTINLUPA CITY,AYALA ALABANG,,,CC,Commercial - Condominium,100000.0
raw,RDO No. 53B - Muntinlupa City  is composed of the following Barangays:,039-2019,"July 11, 2019",8TH,,MUNTINLUPA CITY,AYALA ALABANG,,,PS,Parking Slot / Private School,70000.0
raw,RDO No. 53B - Muntinlupa City  is composed of the following Barangays:,039-2019,"July 11, 2019",8TH,,MUNTINLUPA CITY,AYALA ALABANG,,,CC,Commercial - Condominium,90000.0
raw,RDO No. 53B - Muntinlupa City  is composed of the following Barangays:,039-2019,"July 11, 2019",8TH,,MUNTINLUPA CITY,AYALA ALABANG,,,PS,Parking Slot / Private School,65000.0
raw,RDO No. 53B - Muntinlupa City  is composed of the following Barangays:,039-2019,"July 11, 2019",8TH,,MUNTINLUPA CITY,AYALA ALABANG,,,CC,Commercial - Condominium,100000.0
raw,RDO No. 53B - Muntinlupa City  is composed of the following Barangays:,039-2019,"July 11, 2019",8TH,,MUNTINLUPA CITY,AYALA ALABANG,,,PS,Parking Slot / Private School,70000.0
raw,RDO No. 53B - Muntinlupa City  is composed of the following Barangays:,039-2019,"July 11, 2019",8TH,,MUNTINLUPA CITY,AYALA ALABANG,,,CC,Commercial - Condominium,100000.0
raw,RDO No. 53B - Muntinlupa City  is composed of the following Barangays:,039-2019,"July 11, 2019",8TH,,MUNTINLUPA CITY,AYALA ALABANG,,,PS,Parking Slot / Private School,70000.0
raw,RDO No. 53B - Muntinlupa City  is composed of the following Barangays:,,,9TH,NCR,MUNTINLUPA CITY,AYALA ALABANG,ALABANG BUSINESS TOWER,MADRIGAL BUSINESS PARK,CC,Commercial - Condominium,120000.0
raw,RDO No. 53B - Muntinlupa City  is composed of the following Barangays:,,,9TH,NCR,MUNTINLUPA CITY,AYALA ALABANG,ALABANG BUSINESS TOWER,MADRIGAL BUSINESS PARK,PS,Parking Slot / Private School,84000.0
raw,RDO No. 53B - Muntinlupa City  is composed of the following Barangays:,,,9TH,NCR,MUNTINLUPA CITY,AYALA ALABANG,ALABANG TOWN CENTER,ALABANG-ZAPOTE ROAD- COMMERCE AVENUE,CR,Commercial - Regular,313000.0
raw,RDO No. 53B - Muntinlupa City  is composed of the following Barangays:,,,9TH,NCR,MUNTINLUPA CITY,AYALA ALABANG,ALABANG TOWN CENTER,ALABANG-ZAPOTE ROAD- COMMERCE AVENUE,X,Special / Other,250000.0
raw,RDO No. 53B - Muntinlupa City  is composed of the following Barangays:,039-2019,"July 11, 2019",8TH,,MUNTINLUPA CITY,AYALA ALABANG,ALABANG TOWN CENTER,ALABANG-ZAPOTE ROAD- COMMERCE AVENUE,CR,Commercial - Regular,250000.0
raw,RDO No. 53B - Muntinlupa City  is composed of the following Barangays:,039-2019,"July 11, 2019",8TH,,MUNTINLUPA CITY,AYALA ALABANG,ALABANG TOWN CENTER,ALABANG-ZAPOTE ROAD- COMMERCE AVENUE,X,Special / Other,200000.0
raw,RDO No. 53B - Muntinlupa City  is composed of the following Barangays:,039-2019,"July 11, 2019",8TH,,MUNTINLUPA CITY,AYALA ALABANG,ALABANG TOWN CENTER,ALABANG-ZAPOTE ROAD- COMMERCE AVENUE,CR,Commercial - Regular,250000.0
raw,RDO No. 53B - Muntinlupa City  is composed of the following Barangays:,039-2019,"July 11, 2019",8TH,,MUNTINLUPA CITY,AYALA ALABANG,ALABANG TOWN CENTER,ALABANG-ZAPOTE ROAD- COMMERCE AVENUE,X,Special / Other,200000.0
raw,RDO No. 53B - Muntinlupa City  is composed of the following Barangays:,,,9TH,NCR,MUNTINLUPA CITY,AYALA ALABANG,ALL OTHER STREETS,ALABANG-ZAPOTE RD- APITONG,RR,Residential - Regular,98000.0
raw,RDO No. 53B - Muntinlupa City  is composed of the following Barangays:,,,9TH,NCR,MUNTINLUPA CITY,AYALA ALABANG,ALL OTHER STREETS,ALABANG-ZAPOTE RD- APITONG,CR,Commercial - Regular,300000.0
raw,RDO No. 53B - Muntinlupa City  is composed of the following Barangays:,,,9TH,NCR,MUNTINLUPA CITY,AYALA ALABANG,ALL OTHER STREETS,ALABANG-ZAPOTE RD- APITONG,X,Special / Other,240000.0
raw,RDO No. 53B - Muntinlupa City  is composed of the following Barangays:,039-2019,"July 11, 2019",8TH,,MUNTINLUPA CITY,AYALA ALABANG,ALL OTHER STREETS,ALABANG-ZAPOTE RD- APITONG,RR,Residential - Regular,80000.0
raw,RDO No. 53B - Muntinlupa City  is composed of the following Barangays:,039-2019,"July 11, 2019",8TH,,MUNTINLUPA CITY,AYALA ALABANG,ALL OTHER STREETS,ALABANG-ZAPOTE RD- APITONG,CR,Commercial - Regular,250000.0
raw,RDO No. 53B - Muntinlupa City  is composed of the following Barangays:,039-2019,"July 11, 2019",8TH,,MUNTINLUPA CITY,AYALA ALABANG,ALL OTHER STREETS,ALABANG-ZAPOTE RD- APITONG,X,Special / Other,200000.0
raw,RDO No. 53B - Muntinlupa City  is composed of the following Barangays:,039-2019,"July 11, 2019",8TH,,MUNTINLUPA CITY,AYALA ALABANG,ALL OTHER STREETS,ALABANG-ZAPOTE RD- APITONG,CC,Commercial - Condominium,100000.0
raw,RDO No. 53B - Muntinlupa City  is composed of the following Barangays:,039-2019,"July 11, 2019",8TH,,MUNTINLUPA CITY,AYALA ALABANG,ALL OTHER STREETS,ALABANG-ZAPOTE RD- APITONG,PS,Parking Slot / Private School,70000.0
raw,RDO No. 53B - Muntinlupa City  is composed of the following Barangays:,039-2019,"July 11, 2019",8TH,,MUNTINLUPA CITY,AYALA ALABANG,ALL OTHER STREETS,ALABANG-ZAPOTE RD- APITONG,CC,Commercial - Condominium,105000.0
raw,RDO No. 53B - Muntinlupa City  is composed of the following Barangays:,039-2019,"July 11, 2019",8TH,,MUNTINLUPA CITY,AYALA ALABANG,ALL OTHER STREETS,ALABANG-ZAPOTE RD- APITONG,PS,Parking Slot / Private School,75000.0
raw,RDO No. 53B - Muntinlupa City  is composed of the following Barangays:,039-2019,"July 11, 2019",8TH,,MUNTINLUPA CITY,AYALA ALABANG,ALL OTHER STREETS,ALABANG-ZAPOTE RD- APITONG,CC,Commercial - Condominium,105000.0
raw,RDO No. 53B - Muntinlupa City  is composed of the following Barangays:,039-2019,"July 11, 2019",8TH,,MUNTINLUPA CITY,AYALA ALABANG,ALL OTHER STREETS,ALABANG-ZAPOTE RD- APITONG,PS,Parking Slot / Private School,75000.0
raw,RDO No. 53B - Muntinlupa City  is composed of the following Barangays:,039-2019,"July 11, 2019",8TH,,MUNTINLUPA CITY,AYALA ALABANG,ALL OTHER STREETS,ALABANG-ZAPOTE RD- APITONG,RR,Residential - Regular,80000.0
raw,RDO No. 53B - Muntinlupa City  is composed of the following Barangays:,039-2019,"July 11, 2019",8TH,,MUNTINLUPA CITY,AYALA ALABANG,ALL OTHER STREETS,ALABANG-ZAPOTE RD- APITONG,CR,Commercial - Regular,250000.0
raw,RDO No. 53B - Muntinlupa City  is composed of the following Barangays:,039-2019,"July 11, 2019",8TH,,MUNTINLUPA CITY,AYALA ALABANG,ALL OTHER STREETS,ALABANG-ZAPOTE RD- APITONG,X,Special / Other,200000.0
raw,RDO No. 53B - Muntinlupa City  is composed of the following Barangays:,039-2019,"July 11, 2019",8TH,,MUNTINLUPA CITY,AYALA ALABANG,ALL OTHER STREETS,ALABANG-ZAPOTE RD- APITONG,CC,Commercial - Condominium,100000.0
raw,RDO No. 53B - Muntinlupa City  is composed of the following Barangays:,039-2019,"July 11, 2019",8TH,,MUNTINLUPA CITY,AYALA ALABANG,ALL OTHER STREETS,ALABANG-ZAPOTE RD- APITONG,PS,Parking Slot / Private School,70000.0
raw,RDO No. 53B - Muntinlupa City  is composed of the following Barangays:,039-2019,"July 11, 2019",8TH,,MUNTINLUPA CITY,AYALA ALABANG,ALL OTHER STREETS,ALABANG-ZAPOTE RD- APITONG,CC,Commercial - Condominium,105000.0
raw,RDO No. 53B - Muntinlupa City  is composed of the following Barangays:,039-2019,"July 11, 2019",8TH,,MUNTINLUPA CITY,AYALA ALABANG,ALL OTHER STREETS,ALABANG-ZAPOTE RD- APITONG,PS,Parking Slot / Private School,75000.0
raw,RDO No. 53B - Muntinlupa City  is composed of the following Barangays:,039-2019,"July 11, 2019",8TH,,MUNTINLUPA CITY,AYALA ALABANG,ALL OTHER STREETS,ALABANG-ZAPOTE RD- APITONG,CC,Commercial - Condominium,105000.0
raw,RDO No. 53B - Muntinlupa City  is composed of the following Barangays:,039-2019,"July 11, 2019",8TH,,MUNTINLUPA CITY,AYALA ALABANG,ALL OTHER STREETS,ALABANG-ZAPOTE RD- APITONG,PS,Parking Slot / Private School,75000.0
raw,RDO No. 53B - Muntinlupa City  is composed of the following Barangays:,,,9TH,NCR,MUNTINLUPA CITY,AYALA ALABANG,ALPAP BLDG.,MADRIGAL BUSINESS PARK,CC,Commercial - Condominium,125000.0
raw,RDO No. 53B - Muntinlupa City  is composed of the following Barangays:,,,9TH,NCR,MUNTINLUPA CITY,AYALA ALABANG,ALPAP BLDG.,MADRIGAL BUSINESS PARK,PS,Parking Slot / Private School,88000.0
raw,RDO No. 53B - Muntinlupa City  is composed of the following Barangays:,,,9TH,NCR,MUNTINLUPA CITY,AYALA ALABANG,AVIDA TOWER CONDO,MADRIGAL BUSINESS PARK,RC,Residential - Condominium,120000.0
raw,RDO No. 53B - Muntinlupa City  is composed of the following Barangays:,,,9TH,NCR,MUNTINLUPA CITY,AYALA ALABANG,AVIDA TOWER CONDO,MADRIGAL BUSINESS PARK,CC,Commercial - Condominium,150000.0
raw,RDO No. 53B - Muntinlupa City  is composed of the following Barangays:,,,9TH,NCR,MUNTINLUPA CITY,AYALA ALABANG,AVIDA TOWER CONDO,MADRIGAL BUSINESS PARK,PS,Parking Slot / Private School,84000.0
raw,RDO No. 53B - Muntinlupa City  is composed of the following Barangays:,039-2019,"July 11, 2019",8TH,,MUNTINLUPA CITY,AYALA ALABANG,AVIDA TOWER CONDO,MADRIGAL BUSINESS PARK,RC,Residential - Condominium,100000.0
raw,RDO No. 53B - Muntinlupa City  is composed of the following Barangays:,039-2019,"July 11, 2019",8TH,,MUNTINLUPA CITY,AYALA ALABANG,AVIDA TOWER CONDO,MADRIGAL BUSINESS PARK,CC,Commercial - Condominium,120000.0
raw,RDO No. 53B - Muntinlupa City  is composed of the following Barangays:,039-2019,"July 11, 2019",8TH,,MUNTINLUPA CITY,AYALA ALABANG,AVIDA TOWER CONDO,MADRIGAL BUSINESS PARK,PS,Parking Slot / Private School,70000.0
raw,RDO No. 53B - Muntinlupa City  is composed of the following Barangays:,039-2019,"July 11, 2019",8TH,,MUNTINLUPA CITY,AYALA ALABANG,AVIDA TOWER CONDO,MADRIGAL BUSINESS PARK,RC,Residential - Condominium,100000.0
raw,RDO No. 53B - Muntinlupa City  is composed of the following Barangays:,039-2019,"July 11, 2019",8TH,,MUNTINLUPA CITY,AYALA ALABANG,AVIDA TOWER CONDO,MADRIGAL BUSINESS PARK,CC,Commercial - Condominium,120000.0
raw,RDO No. 53B - Muntinlupa City  is composed of the following Barangays:,039-2019,"July 11, 2019",8TH,,MUNTINLUPA CITY,AYALA ALABANG,AVIDA TOWER CONDO,MADRIGAL BUSINESS PARK,PS,Parking Slot / Private School,70000.0
raw,RDO No. 53B - Muntinlupa City  is composed of the following Barangays:,,,9TH,NCR,MUNTINLUPA CITY,AYALA ALABANG,AYALA ALABANG  COMMERCIAL CENTER,ALABANG-ZAPOTE ROAD/MADRIGAL BUSINESS PARK,CR,Commercial - Regular,313000.0
raw,RDO No. 53B - Muntinlupa City  is composed of the following Barangays:,039-2019,"July 11, 2019",8TH,,MUNTINLUPA CITY,AYALA ALABANG,AYALA ALABANG  COMMERCIAL CENTER,ALABANG-ZAPOTE ROAD/MADRIGAL BUSINESS PARK,CR,Commercial - Regular,250000.0
raw,RDO No. 53B - Muntinlupa City  is composed of the following Barangays:,039-2019,"July 11, 2019",8TH,,MUNTINLUPA CITY,AYALA ALABANG,AYALA ALABANG  COMMERCIAL CENTER,ALABANG-ZAPOTE ROAD/MADRIGAL BUSINESS PARK,CR,Commercial - Regular,250000.0
raw,RDO No. 53B - Muntinlupa City  is composed of the following Barangays:,,,9TH,NCR,MUNTINLUPA CITY,AYALA ALABANG,AYALA ALABANG VILLAGE,"PHASES 1, 2A,2B , 3A1, 3A2, 3B1, 3B2, 3B3, 4, 5, 6, 7, 8A, 8B, 9, 10A, 10B, 10C, 10D, XI-A, XI-B, XI-C & XII",RR,Residential - Regular,135000.0
raw,RDO No. 53B - Muntinlupa City  is composed of the following Barangays:,,,9TH,NCR,MUNTINLUPA CITY,AYALA ALABANG,AYALA ALABANG VILLAGE,LOTS BACKING THE GOLF COURSE PHASES 4 & 2B,RR,Residential - Regular,157000.0
raw,RDO No. 53B - Muntinlupa City  is composed of the following Barangays:,,,9TH,NCR,MUNTINLUPA CITY,AYALA ALABANG,AYALA ALABANG VILLAGE,"LOTS ALONG THE PERIMETERS OF APITONG, ADELFA, ROSAL, BATANGAS EAST, SOUTH & WEST, TAMARIND, LANGKA, SANTIAGO, & PORTIONS OF SAN JUANICO, GUAVA DRIVE, TAMARIND DRIVE, SAN LORENZO, MABOLO, CAMACHILE AND PILI DRIVE",RR,Residential - Regular,100000.0
raw,RDO No. 53B - Muntinlupa City  is composed of the following Barangays:,,,9TH,NCR,MUNTINLUPA CITY,AYALA ALABANG,AYALA ALABANG VILLAGE,"SCHOOLS, CHURCHES",X,Special / Other,110000.0
raw,RDO No. 53B - Muntinlupa City  is composed of the following Barangays:,,,9TH,NCR,MUNTINLUPA CITY,AYALA ALABANG,AYALA ALABANG VILLAGE,AYALA ALABANG EMPLOYEES HOUSING PROJECT 1 & 2 (AEHP 1 & 2 EMPLOYEES HOUSING),RR,Residential - Regular,100000.0
raw,RDO No. 53B - Muntinlupa City  is composed of the following Barangays:,,,9TH,NCR,MUNTINLUPA CITY,AYALA ALABANG,AYALA ALABANG VILLAGE,BPI HOUSING,RR,Residential - Regular,100000.0
raw,RDO No. 53B - Muntinlupa City  is composed of the following Barangays:,,,9TH,NCR,MUNTINLUPA CITY,AYALA ALABANG,AYALA ALABANG VILLAGE,LOTS ALONG ACACIA AVENUE,RR,Residential - Regular,180000.0
raw,RDO No. 53B - Muntinlupa City  is composed of the following Barangays:,,,9TH,NCR,MUNTINLUPA CITY,AYALA ALABANG,AYALA ALABANG VILLAGE,LOTS ALONG MADRIGAL AVENUE,RR,Residential - Regular,180000.0
raw,RDO No. 53B - Muntinlupa City  is composed of the following Barangays:,,,9TH,NCR,MUNTINLUPA CITY,AYALA ALABANG,AYALA ALABANG VILLAGE,LOTS ALONG MINDANAO AVENUE,RR,Residential - Regular,180000.0
raw,RDO No. 53B - Muntinlupa City  is composed of the following Barangays:,039-2019,"July 11, 2019",8TH,,MUNTINLUPA CITY,AYALA ALABANG,AYALA ALABANG VILLAGE,"PHASES 1, 2A,2B , 3A1, 3A2, 3B1, 3B2, 3B3, 4, 5, 6, 7, 8A, 8B, 9, 10A, 10B, 10C, 10D, XI-A, XI-B, XI-C & XII",RR,Residential - Regular,100000.0
raw,RDO No. 53B - Muntinlupa City  is composed of the following Barangays:,039-2019,"July 11, 2019",8TH,,MUNTINLUPA CITY,AYALA ALABANG,AYALA ALABANG VILLAGE,LOTS BACKING THE GOLF COURSE PHASES 4 & 2B,RR,Residential - Regular,120000.0
raw,RDO No. 53B - Muntinlupa City  is composed of the following Barangays:,039-2019,"July 11, 2019",8TH,,MUNTINLUPA CITY,AYALA ALABANG,AYALA ALABANG VILLAGE,"LOTS ALONG THE PERIMETERS OF APITONG, ADELFA, ROSAL, BATANGAS EAST, SOUTH & WEST, TAMARIND, LANGKA, SANTIAGO, & PORTIONS OF SAN JUANICO, GUAVA DRIVE, TAMARIND DRIVE, SAN LORENZO, MABOLO, CAMACHILE AND PILI DRIVE",RR,Residential - Regular,80000.0
raw,RDO No. 53B - Muntinlupa City  is composed of the following Barangays:,039-2019,"July 11, 2019",8TH,,MUNTINLUPA CITY,AYALA ALABANG,AYALA ALABANG VILLAGE,"SCHOOLS, CHURCHES",X,Special / Other,90000.0
raw,RDO No. 53B - Muntinlupa City  is composed of the following Barangays:,039-2019,"July 11, 2019",8TH,,MUNTINLUPA CITY,AYALA ALABANG,AYALA ALABANG VILLAGE,AYALA ALABANG EMPLOYEES HOUSING PROJECT 1 & 2 (AEHP 1 & 2 EMPLOYEES HOUSING),RR,Residential - Regular,80000.0
raw,RDO No. 53B - Muntinlupa City  is composed of the following Barangays:,039-2019,"July 11, 2019",8TH,,MUNTINLUPA CITY,AYALA ALABANG,AYALA ALABANG VILLAGE,BPI HOUSING,RR,Residential - Regular,80000.0
raw,RDO No. 53B - Muntinlupa City  is composed of the following Barangays:,039-2019,"July 11, 2019",8TH,,MUNTINLUPA CITY,AYALA ALABANG,AYALA ALABANG VILLAGE,LOTS ALONG ACACIA AVENUE,RR,Residential - Regular,150000.0
raw,RDO No. 53B - Muntinlupa City  is composed of the following Barangays:,039-2019,"July 11, 2019",8TH,,MUNTINLUPA CITY,AYALA ALABANG,AYALA ALABANG VILLAGE,LOTS ALONG MADRIGAL AVENUE,RR,Residential - Regular,150000.0
raw,RDO No. 53B - Muntinlupa City  is composed of the following Barangays:,039-2019,"July 11, 2019",8TH,,MUNTINLUPA CITY,AYALA ALABANG,AYALA ALABANG VILLAGE,LOTS ALONG MINDANAO AVENUE,RR,Residential - Regular,120000.0
raw,RDO No. 53B - Muntinlupa City  is composed of the following Barangays:,039-2019,"July 11, 2019",8TH,,MUNTINLUPA CITY,AYALA ALABANG,AYALA ALABANG VILLAGE,"PHASES 1, 2A,2B , 3A1, 3A2, 3B1, 3B2, 3B3, 4, 5, 6, 7, 8A, 8B, 9, 10A, 10B, 10C, 10D, XI-A, XI-B, XI-C & XII",RR,Residential - Regular,100000.0
raw,RDO No. 53B - Muntinlupa City  is composed of the following Barangays:,039-2019,"July 11, 2019",8TH,,MUNTINLUPA CITY,AYALA ALABANG,AYALA ALABANG VILLAGE,LOTS BACKING THE GOLF COURSE PHASES 4 & 2B,RR,Residential - Regular,120000.0
raw,RDO No. 53B - Muntinlupa City  is composed of the following Barangays:,039-2019,"July 11, 2019",8TH,,MUNTINLUPA CITY,AYALA ALABANG,AYALA ALABANG VILLAGE,"LOTS ALONG THE PERIMETERS OF APITONG, ADELFA, ROSAL, BATANGAS EAST, SOUTH & WEST, TAMARIND, LANGKA, SANTIAGO, & PORTIONS OF SAN JUANICO, GUAVA DRIVE, TAMARIND DRIVE, SAN LORENZO, MABOLO, CAMACHILE AND PILI DRIVE",RR,Residential - Regular,80000.0
raw,RDO No. 53B - Muntinlupa City  is composed of the following Barangays:,039-2019,"July 11, 2019",8TH,,MUNTINLUPA CITY,AYALA ALABANG,AYALA ALABANG VILLAGE,"SCHOOLS, CHURCHES",X,Special / Other,90000.0
raw,RDO No. 53B - Muntinlupa City  is composed of the following Barangays:,039-2019,"July 11, 2019",8TH,,MUNTINLUPA CITY,AYALA ALABANG,AYALA ALABANG VILLAGE,AYALA ALABANG EMPLOYEES HOUSING PROJECT 1 & 2 (AEHP 1 & 2 EMPLOYEES HOUSING),RR,Residential - Regular,80000.0
raw,RDO No. 53B - Muntinlupa City  is composed of the following Barangays:,039-2019,"July 11, 2019",8TH,,MUNTINLUPA CITY,AYALA ALABANG,AYALA ALABANG VILLAGE,BPI HOUSING,RR,Residential - Regular,80000.0
raw,RDO No. 53B - Muntinlupa City  is composed of the following Barangays:,039-2019,"July 11, 2019",8TH,,MUNTINLUPA CITY,AYALA ALABANG,AYALA ALABANG VILLAGE,LOTS ALONG ACACIA AVENUE,RR,Residential - Regular,150000.0
raw,RDO No. 53B - Muntinlupa City  is composed of the following Barangays:,039-2019,"July 11, 2019",8TH,,MUNTINLUPA CITY,AYALA ALABANG,AYALA ALABANG VILLAGE,LOTS ALONG MADRIGAL AVENUE,RR,Residential - Regular,150000.0
raw,RDO No. 53B - Muntinlupa City  is composed of the following Barangays:,039-2019,"July 11, 2019",8TH,,MUNTINLUPA CITY,AYALA ALABANG,AYALA ALABANG VILLAGE,LOTS ALONG MINDANAO AVENUE,RR,Residential - Regular,120000.0
raw,RDO No. 53B - Muntinlupa City  is composed of the following Barangays:,,,9TH,NCR,MUNTINLUPA CITY,AYALA ALABANG,AYALA LIFE - FGU CENTER,MADRIGAL BUSINESS PARK,CC,Commercial - Condominium,125000.0
raw,RDO No. 53B - Muntinlupa City  is composed of the following Barangays:,,,9TH,NCR,MUNTINLUPA CITY,AYALA ALABANG,AYALA LIFE - FGU CENTER,MADRIGAL BUSINESS PARK,PS,Parking Slot / Private School,88000.0
raw,RDO No. 53B - Muntinlupa City  is composed of the following Barangays:,,,9TH,NCR,MUNTINLUPA CITY,AYALA ALABANG,AZUMI RESIDENCES,MADRIGAL BUSINESS PARK,RC,Residential - Condominium,120000.0
raw,RDO No. 53B - Muntinlupa City  is composed of the following Barangays:,,,9TH,NCR,MUNTINLUPA CITY,AYALA ALABANG,AZUMI RESIDENCES,MADRIGAL BUSINESS PARK,CC,Commercial - Condominium,150000.0
raw,RDO No. 53B - Muntinlupa City  is composed of the following Barangays:,,,9TH,NCR,MUNTINLUPA CITY,AYALA ALABANG,AZUMI RESIDENCES,MADRIGAL BUSINESS PARK,PS,Parking Slot / Private School,84000.0
raw,RDO No. 53B - Muntinlupa City  is composed of the following Barangays:,039-2019,"July 11, 2019",8TH,,MUNTINLUPA CITY,AYALA ALABANG,AZUMI RESIDENCES,MADRIGAL BUSINESS PARK,RC,Residential - Condominium,100000.0
raw,RDO No. 53B - Muntinlupa City  is composed of the following Barangays:,039-2019,"July 11, 2019",8TH,,MUNTINLUPA CITY,AYALA ALABANG,AZUMI RESIDENCES,MADRIGAL BUSINESS PARK,CC,Commercial - Condominium,120000.0
raw,RDO No. 53B - Muntinlupa City  is composed of the following Barangays:,039-2019,"July 11, 2019",8TH,,MUNTINLUPA CITY,AYALA ALABANG,AZUMI RESIDENCES,MADRIGAL BUSINESS PARK,PS,Parking Slot / Private School,70000.0
raw,RDO No. 53B - Muntinlupa City  is composed of the following Barangays:,039-2019,"July 11, 2019",8TH,,MUNTINLUPA CITY,AYALA ALABANG,AZUMI RESIDENCES,MADRIGAL BUSINESS PARK,CC,Commercial - Condominium,90000.0
raw,RDO No. 53B - Muntinlupa City  is composed of the following Barangays:,039-2019,"July 11, 2019",8TH,,MUNTINLUPA CITY,AYALA ALABANG,AZUMI RESIDENCES,MADRIGAL BUSINESS PARK,PS,Parking Slot / Private School,65000.0
raw,RDO No. 53B - Muntinlupa City  is composed of the following Barangays:,039-2019,"July 11, 2019",8TH,,MUNTINLUPA CITY,AYALA ALABANG,AZUMI RESIDENCES,MADRIGAL BUSINESS PARK,CC,Commercial - Condominium,100000.0
raw,RDO No. 53B - Muntinlupa City  is composed of the following Barangays:,039-2019,"July 11, 2019",8TH,,MUNTINLUPA CITY,AYALA ALABANG,AZUMI RESIDENCES,MADRIGAL BUSINESS PARK,PS,Parking Slot / Private School,70000.0
raw,RDO No. 53B - Muntinlupa City  is composed of the following Barangays:,039-2019,"July 11, 2019",8TH,,MUNTINLUPA CITY,AYALA ALABANG,AZUMI RESIDENCES,MADRIGAL BUSINESS PARK,CC,Commercial - Condominium,90000.0
raw,RDO No. 53B - Muntinlupa City  is composed of the following Barangays:,039-2019,"July 11, 2019",8TH,,MUNTINLUPA CITY,AYALA ALABANG,AZUMI RESIDENCES,MADRIGAL BUSINESS PARK,PS,Parking Slot / Private School,65000.0
raw,RDO No. 53B - Muntinlupa City  is composed of the following Barangays:,039-2019,"July 11, 2019",8TH,,MUNTINLUPA CITY,AYALA ALABANG,AZUMI RESIDENCES,MADRIGAL BUSINESS PARK,CC,Commercial - Condominium,105000.0
raw,RDO No. 53B - Muntinlupa City  is composed of the following Barangays:,039-2019,"July 11, 2019",8TH,,MUNTINLUPA CITY,AYALA ALABANG,AZUMI RESIDENCES,MADRIGAL BUSINESS PARK,PS,Parking Slot / Private School,70000.0
raw,RDO No. 53B - Muntinlupa City  is composed of the following Barangays:,039-2019,"July 11, 2019",8TH,,MUNTINLUPA CITY,AYALA ALABANG,AZUMI RESIDENCES,MADRIGAL BUSINESS PARK,CC,Commercial - Condominium,100000.0
raw,RDO No. 53B - Muntinlupa City  is composed of the following Barangays:,039-2019,"July 11, 2019",8TH,,MUNTINLUPA CITY,AYALA ALABANG,AZUMI RESIDENCES,MADRIGAL BUSINESS PARK,PS,Parking Slot / Private School,65000.0
raw,RDO No. 53B - Muntinlupa City  is composed of the following Barangays:,039-2019,"July 11, 2019",8TH,,MUNTINLUPA CITY,AYALA ALABANG,AZUMI RESIDENCES,MADRIGAL BUSINESS PARK,CC,Commercial - Condominium,90000.0
raw,RDO No. 53B - Muntinlupa City  is composed of the following Barangays:,039-2019,"July 11, 2019",8TH,,MUNTINLUPA CITY,AYALA ALABANG,AZUMI RESIDENCES,MADRIGAL BUSINESS PARK,PS,Parking Slot / Private School,65000.0
raw,RDO No. 53B - Muntinlupa City  is composed of the following Barangays:,039-2019,"July 11, 2019",8TH,,MUNTINLUPA CITY,AYALA ALABANG,AZUMI RESIDENCES,MADRIGAL BUSINESS PARK,CC,Commercial - Condominium,108000.0
raw,RDO No. 53B - Muntinlupa City  is composed of the following Barangays:,039-2019,"July 11, 2019",8TH,,MUNTINLUPA CITY,AYALA ALABANG,AZUMI RESIDENCES,MADRIGAL BUSINESS PARK,PS,Parking Slot / Private School,75000.0
raw,RDO No. 53B - Muntinlupa City  is composed of the following Barangays:,039-2019,"July 11, 2019",8TH,,MUNTINLUPA CITY,AYALA ALABANG,AZUMI RESIDENCES,MADRIGAL BUSINESS PARK,CC,Commercial - Condominium,90000.0
raw,RDO No. 53B - Muntinlupa City  is composed of the following Barangays:,039-2019,"July 11, 2019",8TH,,MUNTINLUPA CITY,AYALA ALABANG,AZUMI RESIDENCES,MADRIGAL BUSINESS PARK,PS,Parking Slot / Private School,65000.0
raw,RDO No. 53B - Muntinlupa City  is composed of the following Barangays:,039-2019,"July 11, 2019",8TH,,MUNTINLUPA CITY,AYALA ALABANG,AZUMI RESIDENCES,MADRIGAL BUSINESS PARK,CC,Commercial - Condominium,90000.0
raw,RDO No. 53B - Muntinlupa City  is composed of the following Barangays:,039-2019,"July 11, 2019",8TH,,MUNTINLUPA CITY,AYALA ALABANG,AZUMI RESIDENCES,MADRIGAL BUSINESS PARK,PS,Parking Slot / Private School,65000.0
raw,RDO No. 53B - Muntinlupa City  is composed of the following Barangays:,039-2019,"July 11, 2019",8TH,,MUNTINLUPA CITY,AYALA ALABANG,AZUMI RESIDENCES,MADRIGAL BUSINESS PARK,RC,Residential - Condominium,100000.0
raw,RDO No. 53B - Muntinlupa City  is composed of the following Barangays:,039-2019,"July 11, 2019",8TH,,MUNTINLUPA CITY,AYALA ALABANG,AZUMI RESIDENCES,MADRIGAL BUSINESS PARK,CC,Commercial - Condominium,120000.0
raw,RDO No. 53B - Muntinlupa City  is composed of the following Barangays:,039-2019,"July 11, 2019",8TH,,MUNTINLUPA CITY,AYALA ALABANG,AZUMI RESIDENCES,MADRIGAL BUSINESS PARK,PS,Parking Slot / Private School,70000.0
raw,RDO No. 53B - Muntinlupa City  is composed of the following Barangays:,039-2019,"July 11, 2019",8TH,,MUNTINLUPA CITY,AYALA ALABANG,AZUMI RESIDENCES,MADRIGAL BUSINESS PARK,CC,Commercial - Condominium,90000.0
raw,RDO No. 53B - Muntinlupa City  is composed of the following Barangays:,039-2019,"July 11, 2019",8TH,,MUNTINLUPA CITY,AYALA ALABANG,AZUMI RESIDENCES,MADRIGAL BUSINESS PARK,PS,Parking Slot / Private School,65000.0
raw,RDO No. 53B - Muntinlupa City  is composed of the following Barangays:,039-2019,"July 11, 2019",8TH,,MUNTINLUPA CITY,AYALA ALABANG,AZUMI RESIDENCES,MADRIGAL BUSINESS PARK,CC,Commercial - Condominium,100000.0
raw,RDO No. 53B - Muntinlupa City  is composed of the following Barangays:,039-2019,"July 11, 2019",8TH,,MUNTINLUPA CITY,AYALA ALABANG,AZUMI RESIDENCES,MADRIGAL BUSINESS PARK,PS,Parking Slot / Private School,70000.0
raw,RDO No. 53B - Muntinlupa City  is composed of the following Barangays:,039-2019,"July 11, 2019",8TH,,MUNTINLUPA CITY,AYALA ALABANG,AZUMI RESIDENCES,MADRIGAL BUSINESS PARK,CC,Commercial - Condominium,90000.0
raw,RDO No. 53B - Muntinlupa City  is composed of the following Barangays:,039-2019,"July 11, 2019",8TH,,MUNTINLUPA CITY,AYALA ALABANG,AZUMI RESIDENCES,MADRIGAL BUSINESS PARK,PS,Parking Slot / Private School,65000.0
raw,RDO No. 53B - Muntinlupa City  is composed of the following Barangays:,039-2019,"July 11, 2019",8TH,,MUNTINLUPA CITY,AYALA ALABANG,AZUMI RESIDENCES,MADRIGAL BUSINESS PARK,CC,Commercial - Condominium,105000.0
raw,RDO No. 53B - Muntinlupa City  is composed of the following Barangays:,039-2019,"July 11, 2019",8TH,,MUNTINLUPA CITY,AYALA ALABANG,AZUMI RESIDENCES,MADRIGAL BUSINESS PARK,PS,Parking Slot / Private School,70000.0
raw,RDO No. 53B - Muntinlupa City  is composed of the following Barangays:,039-2019,"July 11, 2019",8TH,,MUNTINLUPA CITY,AYALA ALABANG,AZUMI RESIDENCES,MADRIGAL BUSINESS PARK,CC,Commercial - Condominium,100000.0
raw,RDO No. 53B - Muntinlupa City  is composed of the following Barangays:,039-2019,"July 11, 2019",8TH,,MUNTINLUPA CITY,AYALA ALABANG,AZUMI RESIDENCES,MADRIGAL BUSINESS PARK,PS,Parking Slot / Private School,65000.0
raw,RDO No. 53B - Muntinlupa City  is composed of the following Barangays:,039-2019,"July 11, 2019",8TH,,MUNTINLUPA CITY,AYALA ALABANG,AZUMI RESIDENCES,MADRIGAL BUSINESS PARK,CC,Commercial - Condominium,90000.0
raw,RDO No. 53B - Muntinlupa City  is composed of the following Barangays:,039-2019,"July 11, 2019",8TH,,MUNTINLUPA CITY,AYALA ALABANG,AZUMI RESIDENCES,MADRIGAL BUSINESS PARK,PS,Parking Slot / Private School,65000.0
raw,RDO No. 53B - Muntinlupa City  is composed of the following Barangays:,039-2019,"July 11, 2019",8TH,,MUNTINLUPA CITY,AYALA ALABANG,AZUMI RESIDENCES,MADRIGAL BUSINESS PARK,CC,Commercial - Condominium,108000.0
raw,RDO No. 53B - Muntinlupa City  is composed of the following Barangays:,039-2019,"July 11, 2019",8TH,,MUNTINLUPA CITY,AYALA ALABANG,AZUMI RESIDENCES,MADRIGAL BUSINESS PARK,PS,Parking Slot / Private School,75000.0
raw,RDO No. 53B - Muntinlupa City  is composed of the following Barangays:,039-2019,"July 11, 2019",8TH,,MUNTINLUPA CITY,AYALA ALABANG,AZUMI RESIDENCES,MADRIGAL BUSINESS PARK,CC,Commercial - Condominium,90000.0
raw,RDO No. 53B - Muntinlupa City  is composed of the following Barangays:,039-2019,"July 11, 2019",8TH,,MUNTINLUPA CITY,AYALA ALABANG,AZUMI RESIDENCES,MADRIGAL BUSINESS PARK,PS,Parking Slot / Private School,65000.0
raw,RDO No. 53B - Muntinlupa City  is composed of the following Barangays:,039-2019,"July 11, 2019",8TH,,MUNTINLUPA CITY,AYALA ALABANG,AZUMI RESIDENCES,MADRIGAL BUSINESS PARK,CC,Commercial - Condominium,90000.0
raw,RDO No. 53B - Muntinlupa City  is composed of the following Barangays:,039-2019,"July 11, 2019",8TH,,MUNTINLUPA CITY,AYALA ALABANG,AZUMI RESIDENCES,MADRIGAL BUSINESS PARK,PS,Parking Slot / Private School,65000.0
raw,RDO No. 53B - Muntinlupa City  is composed of the following Barangays:,,,9TH,NCR,MUNTINLUPA CITY,AYALA ALABANG,CELEREICA CORP TOWER CONDO (MAFRE INSULAR),"ACACIA AVENUE, AYALA ALABANG VILLAGE",CC,Commercial - Condominium,110000.0
raw,RDO No. 53B - Muntinlupa City  is composed of the following Barangays:,,,9TH,NCR,MUNTINLUPA CITY,AYALA ALABANG,CELEREICA CORP TOWER CONDO (MAFRE INSULAR),"ACACIA AVENUE, AYALA ALABANG VILLAGE",PS,Parking Slot / Private School,77000.0
raw,RDO No. 53B - Muntinlupa City  is composed of the following Barangays:,,,9TH,NCR,MUNTINLUPA CITY,AYALA ALABANG,COMMON GOAL TOWER,MADRIGAL BUSINESS PARK,CC,Commercial - Condominium,120000.0
raw,RDO No. 53B - Muntinlupa City  is composed of the following Barangays:,,,9TH,NCR,MUNTINLUPA CITY,AYALA ALABANG,COMMON GOAL TOWER,MADRIGAL BUSINESS PARK,PS,Parking Slot / Private School,84000.0
raw,RDO No. 53B - Muntinlupa City  is composed of the following Barangays:,,,9TH,NCR,MUNTINLUPA CITY,AYALA ALABANG,DAFFODILS (ENERGY OPT),"VENTURE ST., MADRIGAL BUSINESS PARK",CC,Commercial - Condominium,110000.0
raw,RDO No. 53B - Muntinlupa City  is composed of the following Barangays:,,,9TH,NCR,MUNTINLUPA CITY,AYALA ALABANG,DAFFODILS (ENERGY OPT),"VENTURE ST., MADRIGAL BUSINESS PARK",PS,Parking Slot / Private School,77000.0
raw,RDO No. 53B - Muntinlupa City  is composed of the following Barangays:,,,9TH,NCR,MUNTINLUPA CITY,AYALA ALABANG,JD TOWER (FORMERLY NOL BUILDING),MADRIGAL BUSINESS PARK,CC,Commercial - Condominium,125000.0
raw,RDO No. 53B - Muntinlupa City  is composed of the following Barangays:,,,9TH,NCR,MUNTINLUPA CITY,AYALA ALABANG,JD TOWER (FORMERLY NOL BUILDING),MADRIGAL BUSINESS PARK,PS,Parking Slot / Private School,88000.0
raw,RDO No. 53B - Muntinlupa City  is composed of the following Barangays:,,,9TH,NCR,MUNTINLUPA CITY,AYALA ALABANG,KINGSTON TOWER,MADRIGAL BUSINESS PARK,CC,Commercial - Condominium,125000.0
raw,RDO No. 53B - Muntinlupa City  is composed of the following Barangays:,,,9TH,NCR,MUNTINLUPA CITY,AYALA ALABANG,KINGSTON TOWER,MADRIGAL BUSINESS PARK,PS,Parking Slot / Private School,88000.0
raw,RDO No. 53B - Muntinlupa City  is composed of the following Barangays:,039-2019,"July 11, 2019",8TH,,MUNTINLUPA CITY,AYALA ALABANG,MADRIGAL BUSINESS PARK 1 & 2,ALONG COMMERCE AVE/AYALA ALABANG,CR,Commercial - Regular,250000.0
raw,RDO No. 53B - Muntinlupa City  is composed of the following Barangays:,039-2019,"July 11, 2019",8TH,,MUNTINLUPA CITY,AYALA ALABANG,MADRIGAL BUSINESS PARK 1 & 2,ALONG COMMERCE AVE/AYALA ALABANG,CR,Commercial - Regular,250000.0
raw,RDO No. 53B - Muntinlupa City  is composed of the following Barangays:,,,9TH,NCR,MUNTINLUPA CITY,AYALA ALABANG,"MADRIGAL BUSINESS PARK 1, 2 & 3  (formerly MADRIGAL BUSINESS PARK 1 & 2)","ALONG COMMERCE AVE/AYALA ALABANG
ALABANG HILLS VILLAGE/PACIFIC VILLAGE",CR,Commercial - Regular,313000.0
raw,RDO No. 53B - Muntinlupa City  is composed of the following Barangays:,,,9TH,NCR,MUNTINLUPA CITY,AYALA ALABANG,"MADRIGAL BUSINESS PARK 1, 2 & 3  (formerly MADRIGAL BUSINESS PARK 1 & 2)","ALONG COMMERCE AVE/AYALA ALABANG
ALABANG HILLS VILLAGE/PACIFIC VILLAGE",X,Special / Other,280000.0
raw,RDO No. 53B - Muntinlupa City  is composed of the following Barangays:,039-2019,"July 11, 2019",8TH,,MUNTINLUPA CITY,AYALA ALABANG,MADRIGAL BUSINESS PARK 3,ALABANG HILLS VILLAGE/PACIFIC VILLAGE,CR,Commercial - Regular,250000.0
raw,RDO No. 53B - Muntinlupa City  is composed of the following Barangays:,039-2019,"July 11, 2019",8TH,,MUNTINLUPA CITY,AYALA ALABANG,MADRIGAL BUSINESS PARK 3,ALABANG HILLS VILLAGE/PACIFIC VILLAGE,X,Special / Other,200000.0
raw,RDO No. 53B - Muntinlupa City  is composed of the following Barangays:,039-2019,"July 11, 2019",8TH,,MUNTINLUPA CITY,AYALA ALABANG,MADRIGAL BUSINESS PARK 3,ALABANG HILLS VILLAGE/PACIFIC VILLAGE,CR,Commercial - Regular,250000.0
raw,RDO No. 53B - Muntinlupa City  is composed of the following Barangays:,039-2019,"July 11, 2019",8TH,,MUNTINLUPA CITY,AYALA ALABANG,MADRIGAL BUSINESS PARK 3,ALABANG HILLS VILLAGE/PACIFIC VILLAGE,X,Special / Other,200000.0
raw,RDO No. 53B - Muntinlupa City  is composed of the following Barangays:,,,9TH,NCR,MUNTINLUPA CITY,AYALA ALABANG,MADRIGAL-VASQUEZ PROPERTY,MADRIGAL AVE. ALABANG-ZAPOTE RD,CR,Commercial - Regular,313000.0
raw,RDO No. 53B - Muntinlupa City  is composed of the following Barangays:,039-2019,"July 11, 2019",8TH,,MUNTINLUPA CITY,AYALA ALABANG,MADRIGAL-VASQUEZ PROPERTY,MADRIGAL AVE. ALABANG-ZAPOTE RD,CR,Commercial - Regular,250000.0
raw,RDO No. 53B - Muntinlupa City  is composed of the following Barangays:,039-2019,"July 11, 2019",8TH,,MUNTINLUPA CITY,AYALA ALABANG,MADRIGAL-VASQUEZ PROPERTY,MADRIGAL AVE. ALABANG-ZAPOTE RD,CR,Commercial - Regular,250000.0
raw,RDO No. 53B - Muntinlupa City  is composed of the following Barangays:,,,9TH,NCR,MUNTINLUPA CITY,AYALA ALABANG,MOLITO COMMERCIAL COMPLEX,ALABANG-ZAPOTE RD- APITONG,CR,Commercial - Regular,313000.0
raw,RDO No. 53B - Muntinlupa City  is composed of the following Barangays:,039-2019,"July 11, 2019",8TH,,MUNTINLUPA CITY,AYALA ALABANG,MOLITO COMMERCIAL COMPLEX,ALABANG-ZAPOTE RD- APITONG,CR,Commercial - Regular,250000.0
raw,RDO No. 53B - Muntinlupa City  is composed of the following Barangays:,039-2019,"July 11, 2019",8TH,,MUNTINLUPA CITY,AYALA ALABANG,MOLITO COMMERCIAL COMPLEX,ALABANG-ZAPOTE RD- APITONG,CR,Commercial - Regular,250000.0
raw,RDO No. 53B - Muntinlupa City  is composed of the following Barangays:,,,9TH,NCR,MUNTINLUPA CITY,AYALA ALABANG,PAGE ONE (DON NICANOR REALTY),MADRIGAL BUSINESS PARK,CC,Commercial - Condominium,110000.0
raw,RDO No. 53B - Muntinlupa City  is composed of the following Barangays:,,,9TH,NCR,MUNTINLUPA CITY,AYALA ALABANG,PAGE ONE (DON NICANOR REALTY),MADRIGAL BUSINESS PARK,PS,Parking Slot / Private School,77000.0
raw,RDO No. 53B - Muntinlupa City  is composed of the following Barangays:,,,9TH,NCR,MUNTINLUPA CITY,AYALA ALABANG,PARAGON CORPORATE CENTER,MADRIGAL BUSINESS PARK,CC,Commercial - Condominium,110000.0
raw,RDO No. 53B - Muntinlupa City  is composed of the following Barangays:,,,9TH,NCR,MUNTINLUPA CITY,AYALA ALABANG,PARAGON CORPORATE CENTER,MADRIGAL BUSINESS PARK,PS,Parking Slot / Private School,77000.0
raw,RDO No. 53B - Muntinlupa City  is composed of the following Barangays:,,,9TH,NCR,MUNTINLUPA CITY,AYALA ALABANG,PARK TRADE CENTER,MADRIGAL BUSINESS PARK,CC,Commercial - Condominium,110000.0
raw,RDO No. 53B - Muntinlupa City  is composed of the following Barangays:,,,9TH,NCR,MUNTINLUPA CITY,AYALA ALABANG,PARK TRADE CENTER,MADRIGAL BUSINESS PARK,PS,Parking Slot / Private School,77000.0
raw,RDO No. 53B - Muntinlupa City  is composed of the following Barangays:,,,9TH,NCR,MUNTINLUPA CITY,AYALA ALABANG,PHILAM LIFE BLDG,MADRIGAL BUSINESS PARK,CC,Commercial - Condominium,130000.0
raw,RDO No. 53B - Muntinlupa City  is composed of the following Barangays:,,,9TH,NCR,MUNTINLUPA CITY,AYALA ALABANG,PHILAM LIFE BLDG,MADRIGAL BUSINESS PARK,PS,Parking Slot / Private School,91000.0
raw,RDO No. 53B - Muntinlupa City  is composed of the following Barangays:,,,9TH,NCR,MUNTINLUPA CITY,AYALA ALABANG,PRIME CENTER,MADRIGAL BUSINESS PARK,CC,Commercial - Condominium,110000.0
raw,RDO No. 53B - Muntinlupa City  is composed of the following Barangays:,,,9TH,NCR,MUNTINLUPA CITY,AYALA ALABANG,PRIME CENTER,MADRIGAL BUSINESS PARK,PS,Parking Slot / Private School,77000.0
raw,RDO No. 53B - Muntinlupa City  is composed of the following Barangays:,,,9TH,NCR,MUNTINLUPA CITY,AYALA ALABANG,RICHVILLE CORPORATE CENTER,MADRIGAL BUSINESS PARK,CC,Commercial - Condominium,120000.0
raw,RDO No. 53B - Muntinlupa City  is composed of the following Barangays:,,,9TH,NCR,MUNTINLUPA CITY,AYALA ALABANG,RICHVILLE CORPORATE CENTER,MADRIGAL BUSINESS PARK,PS,Parking Slot / Private School,84000.0
raw,RDO No. 53B - Muntinlupa City  is composed of the following Barangays:,,,9TH,NCR,MUNTINLUPA CITY,AYALA ALABANG,RICHVILLE CORPORATE TOWER,MADRIGAL BUSINESS PARK,CC,Commercial - Condominium,120000.0
raw,RDO No. 53B - Muntinlupa City  is composed of the following Barangays:,,,9TH,NCR,MUNTINLUPA CITY,AYALA ALABANG,RICHVILLE CORPORATE TOWER,MADRIGAL BUSINESS PARK,PS,Parking Slot / Private School,84000.0
raw,RDO No. 53B - Muntinlupa City  is composed of the following Barangays:,,,9TH,NCR,MUNTINLUPA CITY,AYALA ALABANG,SONRIA,MADRIGAL BUSINESS PARK,RC,Residential - Condominium,180000.0
raw,RDO No. 53B - Muntinlupa City  is composed of the following Barangays:,,,9TH,NCR,MUNTINLUPA CITY,AYALA ALABANG,SONRIA,MADRIGAL BUSINESS PARK,CC,Commercial - Condominium,200000.0
raw,RDO No. 53B - Muntinlupa City  is composed of the following Barangays:,,,9TH,NCR,MUNTINLUPA CITY,AYALA ALABANG,SONRIA,MADRIGAL BUSINESS PARK,PS,Parking Slot / Private School,126000.0
raw,RDO No. 53B - Muntinlupa City  is composed of the following Barangays:,039-2019,"July 11, 2019",8TH,,MUNTINLUPA CITY,AYALA ALABANG,SONRIA,MADRIGAL BUSINESS PARK,RC,Residential - Condominium,120000.0
raw,RDO No. 53B - Muntinlupa City  is composed of the following Barangays:,039-2019,"July 11, 2019",8TH,,MUNTINLUPA CITY,AYALA ALABANG,SONRIA,MADRIGAL BUSINESS PARK,CC,Commercial - Condominium,145000.0
raw,RDO No. 53B - Muntinlupa City  is composed of the following Barangays:,039-2019,"July 11, 2019",8TH,,MUNTINLUPA CITY,AYALA ALABANG,SONRIA,MADRIGAL BUSINESS PARK,PS,Parking Slot / Private School,80000.0
raw,RDO No. 53B - Muntinlupa City  is composed of the following Barangays:,039-2019,"July 11, 2019",8TH,,MUNTINLUPA CITY,AYALA ALABANG,SONRIA,MADRIGAL BUSINESS PARK,CC,Commercial - Condominium,100000.0
raw,RDO No. 53B - Muntinlupa City  is composed of the following Barangays:,039-2019,"July 11, 2019",8TH,,MUNTINLUPA CITY,AYALA ALABANG,SONRIA,MADRIGAL BUSINESS PARK,PS,Parking Slot / Private School,70000.0
raw,RDO No. 53B - Muntinlupa City  is composed of the following Barangays:,039-2019,"July 11, 2019",8TH,,MUNTINLUPA CITY,AYALA ALABANG,SONRIA,MADRIGAL BUSINESS PARK,CC,Commercial - Condominium,105000.0
raw,RDO No. 53B - Muntinlupa City  is composed of the following Barangays:,039-2019,"July 11, 2019",8TH,,MUNTINLUPA CITY,AYALA ALABANG,SONRIA,MADRIGAL BUSINESS PARK,PS,Parking Slot / Private School,75000.0
raw,RDO No. 53B - Muntinlupa City  is composed of the following Barangays:,039-2019,"July 11, 2019",8TH,,MUNTINLUPA CITY,AYALA ALABANG,SONRIA,MADRIGAL BUSINESS PARK,CC,Commercial - Condominium,100000.0
raw,RDO No. 53B - Muntinlupa City  is composed of the following Barangays:,039-2019,"July 11, 2019",8TH,,MUNTINLUPA CITY,AYALA ALABANG,SONRIA,MADRIGAL BUSINESS PARK,PS,Parking Slot / Private School,69000.0
raw,RDO No. 53B - Muntinlupa City  is composed of the following Barangays:,039-2019,"July 11, 2019",8TH,,MUNTINLUPA CITY,AYALA ALABANG,SONRIA,MADRIGAL BUSINESS PARK,RC,Residential - Condominium,120000.0
raw,RDO No. 53B - Muntinlupa City  is composed of the following Barangays:,039-2019,"July 11, 2019",8TH,,MUNTINLUPA CITY,AYALA ALABANG,SONRIA,MADRIGAL BUSINESS PARK,CC,Commercial - Condominium,145000.0
raw,RDO No. 53B - Muntinlupa City  is composed of the following Barangays:,039-2019,"July 11, 2019",8TH,,MUNTINLUPA CITY,AYALA ALABANG,SONRIA,MADRIGAL BUSINESS PARK,PS,Parking Slot / Private School,80000.0
raw,RDO No. 53B - Muntinlupa City  is composed of the following Barangays:,039-2019,"July 11, 2019",8TH,,MUNTINLUPA CITY,AYALA ALABANG,SONRIA,MADRIGAL BUSINESS PARK,CC,Commercial - Condominium,100000.0
raw,RDO No. 53B - Muntinlupa City  is composed of the following Barangays:,039-2019,"July 11, 2019",8TH,,MUNTINLUPA CITY,AYALA ALABANG,SONRIA,MADRIGAL BUSINESS PARK,PS,Parking Slot / Private School,70000.0
raw,RDO No. 53B - Muntinlupa City  is composed of the following Barangays:,039-2019,"July 11, 2019",8TH,,MUNTINLUPA CITY,AYALA ALABANG,SONRIA,MADRIGAL BUSINESS PARK,CC,Commercial - Condominium,105000.0
raw,RDO No. 53B - Muntinlupa City  is composed of the following Barangays:,039-2019,"July 11, 2019",8TH,,MUNTINLUPA CITY,AYALA ALABANG,SONRIA,MADRIGAL BUSINESS PARK,PS,Parking Slot / Private School,75000.0
raw,RDO No. 53B - Muntinlupa City  is composed of the following Barangays:,039-2019,"July 11, 2019",8TH,,MUNTINLUPA CITY,AYALA ALABANG,SONRIA,MADRIGAL BUSINESS PARK,CC,Commercial - Condominium,100000.0
raw,RDO No. 53B - Muntinlupa City  is composed of the following Barangays:,039-2019,"July 11, 2019",8TH,,MUNTINLUPA CITY,AYALA ALABANG,SONRIA,MADRIGAL BUSINESS PARK,PS,Parking Slot / Private School,69000.0
raw,RDO No. 53B - Muntinlupa City  is composed of the following Barangays:,,,9TH,NCR,MUNTINLUPA CITY,AYALA ALABANG,SOUTH CENTER TOWER,MADRIGAL BUSINESS PARK,CC,Commercial - Condominium,120000.0
raw,RDO No. 53B - Muntinlupa City  is composed of the following Barangays:,,,9TH,NCR,MUNTINLUPA CITY,AYALA ALABANG,SOUTH CENTER TOWER,MADRIGAL BUSINESS PARK,PS,Parking Slot / Private School,84000.0
raw,RDO No. 53B - Muntinlupa City  is composed of the following Barangays:,,,9TH,NCR,MUNTINLUPA CITY,AYALA ALABANG,SOUTHGATE BLDG,MADRIGAL BUSINESS PARK,CC,Commercial - Condominium,125000.0
raw,RDO No. 53B - Muntinlupa City  is composed of the following Barangays:,,,9TH,NCR,MUNTINLUPA CITY,AYALA ALABANG,SOUTHGATE BLDG,MADRIGAL BUSINESS PARK,PS,Parking Slot / Private School,88000.0
raw,RDO No. 53B - Muntinlupa City  is composed of the following Barangays:,,,9TH,NCR,MUNTINLUPA CITY,AYALA ALABANG,UNIOIL CENTER BLDG,MADRIGAL BUSINESS PARK,CC,Commercial - Condominium,120000.0
raw,RDO No. 53B - Muntinlupa City  is composed of the following Barangays:,,,9TH,NCR,MUNTINLUPA CITY,AYALA ALABANG,UNIOIL CENTER BLDG,MADRIGAL BUSINESS PARK,PS,Parking Slot / Private School,84000.0
raw,RDO No. 53B - Muntinlupa City  is composed of the following Barangays:,039-2019,"July 11, 2019",8TH,,MUNTINLUPA CITY,BAYANAN,ALL OTHER STREETS,PNR SIDE,RR,Residential - Regular,7000.0
raw,RDO No. 53B - Muntinlupa City  is composed of the following Barangays:,039-2019,"July 11, 2019",8TH,,MUNTINLUPA CITY,BAYANAN,ALL OTHER STREETS,PNR SIDE,CR,Commercial - Regular,45000.0
raw,RDO No. 53B - Muntinlupa City  is composed of the following Barangays:,039-2019,"July 11, 2019",8TH,,MUNTINLUPA CITY,BAYANAN,ALL OTHER STREETS,PNR SIDE,I,Industrial,33000.0
raw,RDO No. 53B - Muntinlupa City  is composed of the following Barangays:,039-2019,"July 11, 2019",8TH,,MUNTINLUPA CITY,BAYANAN,ALL OTHER STREETS,PNR SIDE,X,Special / Other,25000.0
raw,RDO No. 53B - Muntinlupa City  is composed of the following Barangays:,039-2019,"July 11, 2019",8TH,,MUNTINLUPA CITY,BAYANAN,ALL OTHER STREETS,PNR SIDE,RR,Residential - Regular,7000.0
raw,RDO No. 53B - Muntinlupa City  is composed of the following Barangays:,039-2019,"July 11, 2019",8TH,,MUNTINLUPA CITY,BAYANAN,ALL OTHER STREETS,PNR SIDE,CR,Commercial - Regular,45000.0
raw,RDO No. 53B - Muntinlupa City  is composed of the following Barangays:,039-2019,"July 11, 2019",8TH,,MUNTINLUPA CITY,BAYANAN,ALL OTHER STREETS,PNR SIDE,I,Industrial,33000.0
raw,RDO No. 53B - Muntinlupa City  is composed of the following Barangays:,039-2019,"July 11, 2019",8TH,,MUNTINLUPA CITY,BAYANAN,ALL OTHER STREETS,PNR SIDE,X,Special / Other,25000.0
raw,RDO No. 53B - Muntinlupa City  is composed of the following Barangays:,,,9TH,NCR,MUNTINLUPA CITY,BAYANAN,ALL OTHER STREETS*****,PNR SIDE,RR,Residential - Regular,7000.0
raw,RDO No. 53B - Muntinlupa City  is composed of the following Barangays:,,,9TH,NCR,MUNTINLUPA CITY,BAYANAN,ALL OTHER STREETS*****,PNR SIDE,CR,Commercial - Regular,17000.0
raw,RDO No. 53B - Muntinlupa City  is composed of the following Barangays:,,,9TH,NCR,MUNTINLUPA CITY,BAYANAN,ALONG PHILIPPINE NATIONAL RAILWAYS,BARRIO PROPER,RR,Residential - Regular,14000.0
raw,RDO No. 53B - Muntinlupa City  is composed of the following Barangays:,039-2019,"July 11, 2019",8TH,,MUNTINLUPA CITY,BAYANAN,ALONG PHILIPPINE NATIONAL RAILWAYS,BARRIO PROPER,RR,Residential - Regular,10000.0
raw,RDO No. 53B - Muntinlupa City  is composed of the following Barangays:,039-2019,"July 11, 2019",8TH,,MUNTINLUPA CITY,BAYANAN,ALONG PHILIPPINE NATIONAL RAILWAYS,BARRIO PROPER,RR,Residential - Regular,10000.0
raw,RDO No. 53B - Muntinlupa City  is composed of the following Barangays:,,,9TH,NCR,MUNTINLUPA CITY,BAYANAN,BAGONG PARAISO,INT. TM ROAD,RR,Residential - Regular,10000.0
raw,RDO No. 53B - Muntinlupa City  is composed of the following Barangays:,039-2019,"July 11, 2019",8TH,,MUNTINLUPA CITY,BAYANAN,BAGONG PARAISO,INT. TM ROAD,RR,Residential - Regular,8000.0
raw,RDO No. 53B - Muntinlupa City  is composed of the following Barangays:,039-2019,"July 11, 2019",8TH,,MUNTINLUPA CITY,BAYANAN,BAGONG PARAISO,INT. TM ROAD,RR,Residential - Regular,8000.0
raw,RDO No. 53B - Muntinlupa City  is composed of the following Barangays:,039-2019,"July 11, 2019",8TH,,MUNTINLUPA CITY,BAYANAN,BAUTISTA ST,NATIONAL ROAD - T.M. ROAD,RR,Residential - Regular,20000.0
raw,RDO No. 53B - Muntinlupa City  is composed of the following Barangays:,039-2019,"July 11, 2019",8TH,,MUNTINLUPA CITY,BAYANAN,BAUTISTA ST,NATIONAL ROAD,CR,Commercial - Regular,48000.0
raw,RDO No. 53B - Muntinlupa City  is composed of the following Barangays:,039-2019,"July 11, 2019",8TH,,MUNTINLUPA CITY,BAYANAN,BAUTISTA ST,NATIONAL ROAD - SLEX,RR,Residential - Regular,20000.0
raw,RDO No. 53B - Muntinlupa City  is composed of the following Barangays:,039-2019,"July 11, 2019",8TH,,MUNTINLUPA CITY,BAYANAN,BAUTISTA ST,NATIONAL ROAD - T.M. ROAD,RR,Residential - Regular,20000.0
raw,RDO No. 53B - Muntinlupa City  is composed of the following Barangays:,039-2019,"July 11, 2019",8TH,,MUNTINLUPA CITY,BAYANAN,BAUTISTA ST,NATIONAL ROAD,CR,Commercial - Regular,48000.0
raw,RDO No. 53B - Muntinlupa City  is composed of the following Barangays:,039-2019,"July 11, 2019",8TH,,MUNTINLUPA CITY,BAYANAN,BAUTISTA ST,NATIONAL ROAD - SLEX,RR,Residential - Regular,20000.0
raw,RDO No. 53B - Muntinlupa City  is composed of the following Barangays:,,,9TH,NCR,MUNTINLUPA CITY,BAYANAN,BAUTISTA ST.,NATIONAL ROAD - T.M. ROAD LAKESIDE,RR,Residential - Regular,25000.0
raw,RDO No. 53B - Muntinlupa City  is composed of the following Barangays:,,,9TH,NCR,MUNTINLUPA CITY,BAYANAN,BAUTISTA ST.,NATIONAL ROAD,CR,Commercial - Regular,58000.0
raw,RDO No. 53B - Muntinlupa City  is composed of the following Barangays:,,,9TH,NCR,MUNTINLUPA CITY,BAYANAN,BAUTISTA ST.,"NATIONAL ROAD - SLEX 
GOING TO PLEASANT DRIVE",RR,Residential - Regular,25000.0
raw,RDO No. 53B - Muntinlupa City  is composed of the following Barangays:,,,9TH,NCR,MUNTINLUPA CITY,BAYANAN,FILRIZAM SUBDIVISION,"VALEDA
FEEDER ROAD 
BAUTISTA ST.",RR,Residential - Regular,18000.0
raw,RDO No. 53B - Muntinlupa City  is composed of the following Barangays:,039-2019,"July 11, 2019",8TH,,MUNTINLUPA CITY,BAYANAN,FILRIZAM SUBDIVISION,INT. BAUTISTA ST.,RR,Residential - Regular,15000.0
raw,RDO No. 53B - Muntinlupa City  is composed of the following Barangays:,039-2019,"July 11, 2019",8TH,,MUNTINLUPA CITY,BAYANAN,FILRIZAM SUBDIVISION,INT. BAUTISTA ST.,RR,Residential - Regular,15000.0
raw,RDO No. 53B - Muntinlupa City  is composed of the following Barangays:,,,9TH,NCR,MUNTINLUPA CITY,BAYANAN,MILLE CASE RESIDENCES (NEW),NEAR SUMMIT CIRCLE / SUMMIT STREET,RC,Residential - Condominium,87000.0
raw,RDO No. 53B - Muntinlupa City  is composed of the following Barangays:,,,9TH,NCR,MUNTINLUPA CITY,BAYANAN,MILLE CASE RESIDENCES (NEW),NEAR SUMMIT CIRCLE / SUMMIT STREET,CC,Commercial - Condominium,104000.0
raw,RDO No. 53B - Muntinlupa City  is composed of the following Barangays:,,,9TH,NCR,MUNTINLUPA CITY,BAYANAN,MILLE CASE RESIDENCES (NEW),NEAR SUMMIT CIRCLE / SUMMIT STREET,PS,Parking Slot / Private School,61000.0
raw,RDO No. 53B - Muntinlupa City  is composed of the following Barangays:,,,9TH,NCR,MUNTINLUPA CITY,BAYANAN,NATIONAL ROAD,BAYANAN RVR-PUTATAN BDRY,RR,Residential - Regular,43000.0
raw,RDO No. 53B - Muntinlupa City  is composed of the following Barangays:,,,9TH,NCR,MUNTINLUPA CITY,BAYANAN,NATIONAL ROAD,BAYANAN RVR-PUTATAN BDRY,CR,Commercial - Regular,63000.0
raw,RDO No. 53B - Muntinlupa City  is composed of the following Barangays:,,,9TH,NCR,MUNTINLUPA CITY,BAYANAN,NATIONAL ROAD,BAYANAN RVR-PUTATAN BDRY,X,Special / Other,58000.0
raw,RDO No. 53B - Muntinlupa City  is composed of the following Barangays:,039-2019,"July 11, 2019",8TH,,MUNTINLUPA CITY,BAYANAN,NATIONAL ROAD,BAYANAN RVR-PUTATAN BDRY,RR,Residential - Regular,30000.0
raw,RDO No. 53B - Muntinlupa City  is composed of the following Barangays:,039-2019,"July 11, 2019",8TH,,MUNTINLUPA CITY,BAYANAN,NATIONAL ROAD,BAYANAN RVR-PUTATAN BDRY,CR,Commercial - Regular,50000.0
raw,RDO No. 53B - Muntinlupa City  is composed of the following Barangays:,039-2019,"July 11, 2019",8TH,,MUNTINLUPA CITY,BAYANAN,NATIONAL ROAD,BAYANAN RVR-PUTATAN BDRY,X,Special / Other,42000.0
raw,RDO No. 53B - Muntinlupa City  is composed of the following Barangays:,039-2019,"July 11, 2019",8TH,,MUNTINLUPA CITY,BAYANAN,NATIONAL ROAD,BAYANAN RVR-PUTATAN BDRY,RR,Residential - Regular,30000.0
raw,RDO No. 53B - Muntinlupa City  is composed of the following Barangays:,039-2019,"July 11, 2019",8TH,,MUNTINLUPA CITY,BAYANAN,NATIONAL ROAD,BAYANAN RVR-PUTATAN BDRY,CR,Commercial - Regular,50000.0
raw,RDO No. 53B - Muntinlupa City  is composed of the following Barangays:,039-2019,"July 11, 2019",8TH,,MUNTINLUPA CITY,BAYANAN,NATIONAL ROAD,BAYANAN RVR-PUTATAN BDRY,X,Special / Other,42000.0
raw,RDO No. 53B - Muntinlupa City  is composed of the following Barangays:,,,9TH,NCR,MUNTINLUPA CITY,BAYANAN,PUROK  1 ****,"BLOCK 1 - 10
SOUTH LUZON EXPRESSWAY",RR,Residential - Regular,12000.0
raw,RDO No. 53B - Muntinlupa City  is composed of the following Barangays:,039-2019,"July 11, 2019",8TH,,MUNTINLUPA CITY,BAYANAN,PUROK  1-IV,EXPRESSWAY,RR,Residential - Regular,10000.0
raw,RDO No. 53B - Muntinlupa City  is composed of the following Barangays:,039-2019,"July 11, 2019",8TH,,MUNTINLUPA CITY,BAYANAN,PUROK  1-IV,EXPRESSWAY,RR,Residential - Regular,10000.0
raw,RDO No. 53B - Muntinlupa City  is composed of the following Barangays:,039-2019,"July 11, 2019",8TH,,MUNTINLUPA CITY,BAYANAN,SOUTH LUZON EXPRESSWAY      (SLEX),POBLACION RIVER-ALABANG VIADUCT,RR,Residential - Regular,15000.0
raw,RDO No. 53B - Muntinlupa City  is composed of the following Barangays:,039-2019,"July 11, 2019",8TH,,MUNTINLUPA CITY,BAYANAN,SOUTH LUZON EXPRESSWAY      (SLEX),POBLACION RIVER-ALABANG VIADUCT,CR,Commercial - Regular,45000.0
raw,RDO No. 53B - Muntinlupa City  is composed of the following Barangays:,039-2019,"July 11, 2019",8TH,,MUNTINLUPA CITY,BAYANAN,SOUTH LUZON EXPRESSWAY      (SLEX),POBLACION RIVER-ALABANG VIADUCT,I,Industrial,35000.0
raw,RDO No. 53B - Muntinlupa City  is composed of the following Barangays:,039-2019,"July 11, 2019",8TH,,MUNTINLUPA CITY,BAYANAN,SOUTH LUZON EXPRESSWAY      (SLEX),POBLACION RIVER-ALABANG VIADUCT,X,Special / Other,25000.0
raw,RDO No. 53B - Muntinlupa City  is composed of the following Barangays:,039-2019,"July 11, 2019",8TH,,MUNTINLUPA CITY,BAYANAN,SOUTH LUZON EXPRESSWAY      (SLEX),POBLACION RIVER-ALABANG VIADUCT,RR,Residential - Regular,15000.0
raw,RDO No. 53B - Muntinlupa City  is composed of the following Barangays:,039-2019,"July 11, 2019",8TH,,MUNTINLUPA CITY,BAYANAN,SOUTH LUZON EXPRESSWAY      (SLEX),POBLACION RIVER-ALABANG VIADUCT,CR,Commercial - Regular,45000.0
raw,RDO No. 53B - Muntinlupa City  is composed of the following Barangays:,039-2019,"July 11, 2019",8TH,,MUNTINLUPA CITY,BAYANAN,SOUTH LUZON EXPRESSWAY      (SLEX),POBLACION RIVER-ALABANG VIADUCT,I,Industrial,35000.0
raw,RDO No. 53B - Muntinlupa City  is composed of the following Barangays:,039-2019,"July 11, 2019",8TH,,MUNTINLUPA CITY,BAYANAN,SOUTH LUZON EXPRESSWAY      (SLEX),POBLACION RIVER-ALABANG VIADUCT,X,Special / Other,25000.0
raw,RDO No. 53B - Muntinlupa City  is composed of the following Barangays:,,,9TH,NCR,MUNTINLUPA CITY,BAYANAN,SOUTH LUZON EXPRESSWAY (SLEX),POBLACION RIVER-ALABANG VIADUCT,RR,Residential - Regular,18000.0
raw,RDO No. 53B - Muntinlupa City  is composed of the following Barangays:,,,9TH,NCR,MUNTINLUPA CITY,BAYANAN,SOUTH LUZON EXPRESSWAY (SLEX),POBLACION RIVER-ALABANG VIADUCT,CR,Commercial - Regular,54000.0
raw,RDO No. 53B - Muntinlupa City  is composed of the following Barangays:,,,9TH,NCR,MUNTINLUPA CITY,BAYANAN,SOUTH LUZON EXPRESSWAY (SLEX),POBLACION RIVER-ALABANG VIADUCT,I,Industrial,42000.0
raw,RDO No. 53B - Muntinlupa City  is composed of the following Barangays:,,,9TH,NCR,MUNTINLUPA CITY,BAYANAN,SOUTH LUZON EXPRESSWAY (SLEX),POBLACION RIVER-ALABANG VIADUCT,X,Special / Other,30000.0
raw,RDO No. 53B - Muntinlupa City  is composed of the following Barangays:,,,9TH,NCR,MUNTINLUPA CITY,BAYANAN,SUMMIT CIRCLE,INT. NATIONAL ROAD,RR,Residential - Regular,12000.0
raw,RDO No. 53B - Muntinlupa City  is composed of the following Barangays:,039-2019,"July 11, 2019",8TH,,MUNTINLUPA CITY,BAYANAN,SUMMIT CIRCLE,INT. NATIONAL ROAD,RR,Residential - Regular,10000.0
raw,RDO No. 53B - Muntinlupa City  is composed of the following Barangays:,039-2019,"July 11, 2019",8TH,,MUNTINLUPA CITY,BAYANAN,SUMMIT CIRCLE,INT. NATIONAL ROAD,RR,Residential - Regular,10000.0
raw,RDO No. 53B - Muntinlupa City  is composed of the following Barangays:,,,9TH,NCR,MUNTINLUPA CITY,BAYANAN,SUNRISE VILLAGE,ALONG RAILROAD,RR,Residential - Regular,10000.0
raw,RDO No. 53B - Muntinlupa City  is composed of the following Barangays:,039-2019,"July 11, 2019",8TH,,MUNTINLUPA CITY,BAYANAN,SUNRISE VILLAGE,ALONG RAILROAD,RR,Residential - Regular,8000.0
raw,RDO No. 53B - Muntinlupa City  is composed of the following Barangays:,039-2019,"July 11, 2019",8TH,,MUNTINLUPA CITY,BAYANAN,SUNRISE VILLAGE,ALONG RAILROAD,RR,Residential - Regular,8000.0
raw,RDO No. 53B - Muntinlupa City  is composed of the following Barangays:,,,9TH,NCR,MUNTINLUPA CITY,BAYANAN,T.M. ROAD,LAKESIDE- T.M. ROAD,RR,Residential - Regular,8000.0
raw,RDO No. 53B - Muntinlupa City  is composed of the following Barangays:,,,9TH,NCR,MUNTINLUPA CITY,BAYANAN,T.M. ROAD,LAKESIDE- T.M. ROAD,CR,Commercial - Regular,18000.0
raw,RDO No. 53B - Muntinlupa City  is composed of the following Barangays:,039-2019,"July 11, 2019",8TH,,MUNTINLUPA CITY,BAYANAN,T.M. ROAD,LAKESIDE- T.M. ROAD,RR,Residential - Regular,5000.0
raw,RDO No. 53B - Muntinlupa City  is composed of the following Barangays:,039-2019,"July 11, 2019",8TH,,MUNTINLUPA CITY,BAYANAN,T.M. ROAD,LAKESIDE- T.M. ROAD,RR,Residential - Regular,5000.0
raw,RDO No. 53B - Muntinlupa City  is composed of the following Barangays:,,,9TH,NCR,MUNTINLUPA CITY,BAYANAN,T.M. ROAD (SAN GUILLERMO ST.),PNR SIDE,RR,Residential - Regular,10000.0
raw,RDO No. 53B - Muntinlupa City  is composed of the following Barangays:,,,9TH,NCR,MUNTINLUPA CITY,BAYANAN,T.M. ROAD (SAN GUILLERMO ST.),PNR SIDE,CR,Commercial - Regular,18000.0
raw,RDO No. 53B - Muntinlupa City  is composed of the following Barangays:,039-2019,"July 11, 2019",8TH,,MUNTINLUPA CITY,BAYANAN,T.M. ROAD (SAN GUILLERMO ST.),PNR SIDE,RR,Residential - Regular,7000.0
raw,RDO No. 53B - Muntinlupa City  is composed of the following Barangays:,039-2019,"July 11, 2019",8TH,,MUNTINLUPA CITY,BAYANAN,T.M. ROAD (SAN GUILLERMO ST.),PNR SIDE,RR,Residential - Regular,7000.0
raw,RDO No. 53B - Muntinlupa City  is composed of the following Barangays:,039-2019,"July 11, 2019",8TH,,MUNTINLUPA CITY,BULI,ALL OTHER STREETS,CUPANG BDRY- BULI RIVER,RR,Residential - Regular,10000.0
raw,RDO No. 53B - Muntinlupa City  is composed of the following Barangays:,039-2019,"July 11, 2019",8TH,,MUNTINLUPA CITY,BULI,ALL OTHER STREETS,CUPANG BDRY- BULI RIVER,CR,Commercial - Regular,50000.0
raw,RDO No. 53B - Muntinlupa City  is composed of the following Barangays:,039-2019,"July 11, 2019",8TH,,MUNTINLUPA CITY,BULI,ALL OTHER STREETS,CUPANG BDRY- BULI RIVER,I,Industrial,45000.0
raw,RDO No. 53B - Muntinlupa City  is composed of the following Barangays:,039-2019,"July 11, 2019",8TH,,MUNTINLUPA CITY,BULI,ALL OTHER STREETS,CUPANG BDRY- BULI RIVER,X,Special / Other,35000.0
raw,RDO No. 53B - Muntinlupa City  is composed of the following Barangays:,039-2019,"July 11, 2019",8TH,,MUNTINLUPA CITY,BULI,ALL OTHER STREETS,CUPANG BDRY- BULI RIVER,RR,Residential - Regular,10000.0
raw,RDO No. 53B - Muntinlupa City  is composed of the following Barangays:,039-2019,"July 11, 2019",8TH,,MUNTINLUPA CITY,BULI,ALL OTHER STREETS,CUPANG BDRY- BULI RIVER,CR,Commercial - Regular,50000.0
raw,RDO No. 53B - Muntinlupa City  is composed of the following Barangays:,039-2019,"July 11, 2019",8TH,,MUNTINLUPA CITY,BULI,ALL OTHER STREETS,CUPANG BDRY- BULI RIVER,I,Industrial,45000.0
raw,RDO No. 53B - Muntinlupa City  is composed of the following Barangays:,039-2019,"July 11, 2019",8TH,,MUNTINLUPA CITY,BULI,ALL OTHER STREETS,CUPANG BDRY- BULI RIVER,X,Special / Other,35000.0
raw,RDO No. 53B - Muntinlupa City  is composed of the following Barangays:,,,9TH,NCR,MUNTINLUPA CITY,BULI,ALL OTHER STREETS***,CUPANG BDRY- BULI RIVER,RR,Residential - Regular,7000.0
raw,RDO No. 53B - Muntinlupa City  is composed of the following Barangays:,,,9TH,NCR,MUNTINLUPA CITY,BULI,ALL OTHER STREETS***,CUPANG BDRY- BULI RIVER,CR,Commercial - Regular,17000.0
raw,RDO No. 53B - Muntinlupa City  is composed of the following Barangays:,,,9TH,NCR,MUNTINLUPA CITY,BULI,ALONG PHILIPPINE NATIONAL RAILWAYS,BARRIO PROPER,RR,Residential - Regular,10000.0
raw,RDO No. 53B - Muntinlupa City  is composed of the following Barangays:,039-2019,"July 11, 2019",8TH,,MUNTINLUPA CITY,BULI,ALONG PHILIPPINE NATIONAL RAILWAYS,BARRIO PROPER,RR,Residential - Regular,8000.0
raw,RDO No. 53B - Muntinlupa City  is composed of the following Barangays:,039-2019,"July 11, 2019",8TH,,MUNTINLUPA CITY,BULI,ALONG PHILIPPINE NATIONAL RAILWAYS,BARRIO PROPER,RR,Residential - Regular,8000.0
raw,RDO No. 53B - Muntinlupa City  is composed of the following Barangays:,,,9TH,NCR,MUNTINLUPA CITY,BULI,ANUVA CONDO,EAST SERVICE ROAD,RC,Residential - Condominium,120000.0
raw,RDO No. 53B - Muntinlupa City  is composed of the following Barangays:,,,9TH,NCR,MUNTINLUPA CITY,BULI,ANUVA CONDO,EAST SERVICE ROAD,PS,Parking Slot / Private School,85000.0
raw,RDO No. 53B - Muntinlupa City  is composed of the following Barangays:,039-2019,"July 11, 2019",8TH,,MUNTINLUPA CITY,BULI,ANUVA CONDO,EAST SERVICE ROAD,RC,Residential - Condominium,100000.0
raw,RDO No. 53B - Muntinlupa City  is composed of the following Barangays:,039-2019,"July 11, 2019",8TH,,MUNTINLUPA CITY,BULI,ANUVA CONDO,EAST SERVICE ROAD,PS,Parking Slot / Private School,70000.0
raw,RDO No. 53B - Muntinlupa City  is composed of the following Barangays:,039-2019,"July 11, 2019",8TH,,MUNTINLUPA CITY,BULI,ANUVA CONDO,EAST SERVICE ROAD,RC,Residential - Condominium,100000.0
raw,RDO No. 53B - Muntinlupa City  is composed of the following Barangays:,039-2019,"July 11, 2019",8TH,,MUNTINLUPA CITY,BULI,ANUVA CONDO,EAST SERVICE ROAD,PS,Parking Slot / Private School,70000.0
raw,RDO No. 53B - Muntinlupa City  is composed of the following Barangays:,,,9TH,NCR,MUNTINLUPA CITY,BULI,CONCEPCION ROAD,EAST SERVICE ROAD,RR,Residential - Regular,30000.0
raw,RDO No. 53B - Muntinlupa City  is composed of the following Barangays:,,,9TH,NCR,MUNTINLUPA CITY,BULI,CONCEPCION ROAD,EAST SERVICE ROAD,CR,Commercial - Regular,60000.0
raw,RDO No. 53B - Muntinlupa City  is composed of the following Barangays:,,,9TH,NCR,MUNTINLUPA CITY,BULI,CONCEPCION ROAD,EAST SERVICE ROAD,I,Industrial,55000.0
raw,RDO No. 53B - Muntinlupa City  is composed of the following Barangays:,,,9TH,NCR,MUNTINLUPA CITY,BULI,CONCEPCION ROAD,EAST SERVICE ROAD,X,Special / Other,42000.0
raw,RDO No. 53B - Muntinlupa City  is composed of the following Barangays:,039-2019,"July 11, 2019",8TH,,MUNTINLUPA CITY,BULI,CONCEPCION ROAD,EAST SERVICE ROAD,RR,Residential - Regular,25000.0
raw,RDO No. 53B - Muntinlupa City  is composed of the following Barangays:,039-2019,"July 11, 2019",8TH,,MUNTINLUPA CITY,BULI,CONCEPCION ROAD,EAST SERVICE ROAD,CR,Commercial - Regular,50000.0
raw,RDO No. 53B - Muntinlupa City  is composed of the following Barangays:,039-2019,"July 11, 2019",8TH,,MUNTINLUPA CITY,BULI,CONCEPCION ROAD,EAST SERVICE ROAD,I,Industrial,45000.0
raw,RDO No. 53B - Muntinlupa City  is composed of the following Barangays:,039-2019,"July 11, 2019",8TH,,MUNTINLUPA CITY,BULI,CONCEPCION ROAD,EAST SERVICE ROAD,X,Special / Other,35000.0
raw,RDO No. 53B - Muntinlupa City  is composed of the following Barangays:,039-2019,"July 11, 2019",8TH,,MUNTINLUPA CITY,BULI,CONCEPCION ROAD,EAST SERVICE ROAD,RR,Residential - Regular,25000.0
raw,RDO No. 53B - Muntinlupa City  is composed of the following Barangays:,039-2019,"July 11, 2019",8TH,,MUNTINLUPA CITY,BULI,CONCEPCION ROAD,EAST SERVICE ROAD,CR,Commercial - Regular,50000.0
raw,RDO No. 53B - Muntinlupa City  is composed of the following Barangays:,039-2019,"July 11, 2019",8TH,,MUNTINLUPA CITY,BULI,CONCEPCION ROAD,EAST SERVICE ROAD,I,Industrial,45000.0
raw,RDO No. 53B - Muntinlupa City  is composed of the following Barangays:,039-2019,"July 11, 2019",8TH,,MUNTINLUPA CITY,BULI,CONCEPCION ROAD,EAST SERVICE ROAD,X,Special / Other,35000.0
raw,RDO No. 53B - Muntinlupa City  is composed of the following Barangays:,,,9TH,NCR,MUNTINLUPA CITY,BULI,EAST SERVICE ROAD,CUPANG BDRY- BULI RIVER,RR,Residential - Regular,35000.0
raw,RDO No. 53B - Muntinlupa City  is composed of the following Barangays:,,,9TH,NCR,MUNTINLUPA CITY,BULI,EAST SERVICE ROAD,CUPANG BDRY- BULI RIVER,CR,Commercial - Regular,60000.0
raw,RDO No. 53B - Muntinlupa City  is composed of the following Barangays:,,,9TH,NCR,MUNTINLUPA CITY,BULI,EAST SERVICE ROAD,CUPANG BDRY- BULI RIVER,I,Industrial,55000.0
raw,RDO No. 53B - Muntinlupa City  is composed of the following Barangays:,,,9TH,NCR,MUNTINLUPA CITY,BULI,EAST SERVICE ROAD,CUPANG BDRY- BULI RIVER,X,Special / Other,42000.0
raw,RDO No. 53B - Muntinlupa City  is composed of the following Barangays:,039-2019,"July 11, 2019",8TH,,MUNTINLUPA CITY,BULI,EAST SERVICE ROAD,CUPANG BDRY- BULI RIVER,RR,Residential - Regular,25000.0
raw,RDO No. 53B - Muntinlupa City  is composed of the following Barangays:,039-2019,"July 11, 2019",8TH,,MUNTINLUPA CITY,BULI,EAST SERVICE ROAD,CUPANG BDRY- BULI RIVER,CR,Commercial - Regular,50000.0
raw,RDO No. 53B - Muntinlupa City  is composed of the following Barangays:,039-2019,"July 11, 2019",8TH,,MUNTINLUPA CITY,BULI,EAST SERVICE ROAD,CUPANG BDRY- BULI RIVER,I,Industrial,45000.0
raw,RDO No. 53B - Muntinlupa City  is composed of the following Barangays:,039-2019,"July 11, 2019",8TH,,MUNTINLUPA CITY,BULI,EAST SERVICE ROAD,CUPANG BDRY- BULI RIVER,X,Special / Other,35000.0
raw,RDO No. 53B - Muntinlupa City  is composed of the following Barangays:,039-2019,"July 11, 2019",8TH,,MUNTINLUPA CITY,BULI,EAST SERVICE ROAD,CUPANG BDRY- BULI RIVER,RR,Residential - Regular,25000.0
raw,RDO No. 53B - Muntinlupa City  is composed of the following Barangays:,039-2019,"July 11, 2019",8TH,,MUNTINLUPA CITY,BULI,EAST SERVICE ROAD,CUPANG BDRY- BULI RIVER,CR,Commercial - Regular,50000.0
raw,RDO No. 53B - Muntinlupa City  is composed of the following Barangays:,039-2019,"July 11, 2019",8TH,,MUNTINLUPA CITY,BULI,EAST SERVICE ROAD,CUPANG BDRY- BULI RIVER,I,Industrial,45000.0
raw,RDO No. 53B - Muntinlupa City  is composed of the following Barangays:,039-2019,"July 11, 2019",8TH,,MUNTINLUPA CITY,BULI,EAST SERVICE ROAD,CUPANG BDRY- BULI RIVER,X,Special / Other,35000.0
raw,RDO No. 53B - Muntinlupa City  is composed of the following Barangays:,,,9TH,NCR,MUNTINLUPA CITY,BULI,ESPELETA ST.,BARRIO PROPER,RR,Residential - Regular,10000.0
raw,RDO No. 53B - Muntinlupa City  is composed of the following Barangays:,,,9TH,NCR,MUNTINLUPA CITY,BULI,ESPELETA ST.,BARRIO PROPER,X,Special / Other,12000.0
raw,RDO No. 53B - Muntinlupa City  is composed of the following Barangays:,039-2019,"July 11, 2019",8TH,,MUNTINLUPA CITY,BULI,ESPELETA ST.,BARRIO PROPER,RR,Residential - Regular,8000.0
raw,RDO No. 53B - Muntinlupa City  is composed of the following Barangays:,039-2019,"July 11, 2019",8TH,,MUNTINLUPA CITY,BULI,ESPELETA ST.,BARRIO PROPER,X,Special / Other,10000.0
raw,RDO No. 53B - Muntinlupa City  is composed of the following Barangays:,039-2019,"July 11, 2019",8TH,,MUNTINLUPA CITY,BULI,ESPELETA ST.,BARRIO PROPER,RR,Residential - Regular,8000.0
raw,RDO No. 53B - Muntinlupa City  is composed of the following Barangays:,039-2019,"July 11, 2019",8TH,,MUNTINLUPA CITY,BULI,ESPELETA ST.,BARRIO PROPER,X,Special / Other,10000.0
raw,RDO No. 53B - Muntinlupa City  is composed of the following Barangays:,,,9TH,NCR,MUNTINLUPA CITY,BULI,RHAPSODY RESIDENCES-CARILLON/CELLO/CLARINET/   HARMONICA BLDG/MARIMBA BLDG,EAST SERVICE ROAD,RC,Residential - Condominium,120000.0
raw,RDO No. 53B - Muntinlupa City  is composed of the following Barangays:,,,9TH,NCR,MUNTINLUPA CITY,BULI,RHAPSODY RESIDENCES-CARILLON/CELLO/CLARINET/   HARMONICA BLDG/MARIMBA BLDG,EAST SERVICE ROAD,PS,Parking Slot / Private School,85000.0
raw,RDO No. 53B - Muntinlupa City  is composed of the following Barangays:,039-2019,"July 11, 2019",8TH,,MUNTINLUPA CITY,BULI,RHAPSODY RESIDENCES-CARILLON/CELLO/CLARINET/   HARMONICA BLDG/MARIMBA BLDG,EAST SERVICE ROAD,RC,Residential - Condominium,100000.0
raw,RDO No. 53B - Muntinlupa City  is composed of the following Barangays:,039-2019,"July 11, 2019",8TH,,MUNTINLUPA CITY,BULI,RHAPSODY RESIDENCES-CARILLON/CELLO/CLARINET/   HARMONICA BLDG/MARIMBA BLDG,EAST SERVICE ROAD,PS,Parking Slot / Private School,70000.0
raw,RDO No. 53B - Muntinlupa City  is composed of the following Barangays:,039-2019,"July 11, 2019",8TH,,MUNTINLUPA CITY,BULI,RHAPSODY RESIDENCES-CARILLON/CELLO/CLARINET/   HARMONICA BLDG/MARIMBA BLDG,EAST SERVICE ROAD,RC,Residential - Condominium,100000.0
raw,RDO No. 53B - Muntinlupa City  is composed of the following Barangays:,039-2019,"July 11, 2019",8TH,,MUNTINLUPA CITY,BULI,RHAPSODY RESIDENCES-CARILLON/CELLO/CLARINET/   HARMONICA BLDG/MARIMBA BLDG,EAST SERVICE ROAD,PS,Parking Slot / Private School,70000.0
raw,RDO No. 53B - Muntinlupa City  is composed of the following Barangays:,039-2019,"July 11, 2019",8TH,,MUNTINLUPA CITY,BULI,T M ROAD (PRESIDENT MANUEL L. QUEZON) PNR SIDE,T.M.ROAD-PNR SIDE,RR,Residential - Regular,7000.0
raw,RDO No. 53B - Muntinlupa City  is composed of the following Barangays:,039-2019,"July 11, 2019",8TH,,MUNTINLUPA CITY,BULI,T M ROAD (PRESIDENT MANUEL L. QUEZON) PNR SIDE,T.M.ROAD-PNR SIDE,X,Special / Other,10000.0
raw,RDO No. 53B - Muntinlupa City  is composed of the following Barangays:,039-2019,"July 11, 2019",8TH,,MUNTINLUPA CITY,BULI,T M ROAD (PRESIDENT MANUEL L. QUEZON) PNR SIDE,T.M.ROAD-PNR SIDE,RR,Residential - Regular,7000.0
raw,RDO No. 53B - Muntinlupa City  is composed of the following Barangays:,039-2019,"July 11, 2019",8TH,,MUNTINLUPA CITY,BULI,T M ROAD (PRESIDENT MANUEL L. QUEZON) PNR SIDE,T.M.ROAD-PNR SIDE,X,Special / Other,10000.0
raw,RDO No. 53B - Muntinlupa City  is composed of the following Barangays:,039-2019,"July 11, 2019",8TH,,MUNTINLUPA CITY,BULI,T.M. ROAD,LAKESIDE,RR,Residential - Regular,5000.0
raw,RDO No. 53B - Muntinlupa City  is composed of the following Barangays:,039-2019,"July 11, 2019",8TH,,MUNTINLUPA CITY,BULI,T.M. ROAD,LAKESIDE,RR,Residential - Regular,5000.0
raw,RDO No. 53B - Muntinlupa City  is composed of the following Barangays:,,,9TH,NCR,MUNTINLUPA CITY,BULI,TAGUIG MUNTINLUPA ROAD ( T M ROAD) (PRESIDENT MANUEL L. QUEZON) PNR SIDE,T.M.ROAD-PNR SIDE,RR,Residential - Regular,10000.0
raw,RDO No. 53B - Muntinlupa City  is composed of the following Barangays:,,,9TH,NCR,MUNTINLUPA CITY,BULI,TAGUIG MUNTINLUPA ROAD ( T M ROAD) (PRESIDENT MANUEL L. QUEZON) PNR SIDE,T.M.ROAD-PNR SIDE,CR,Commercial - Regular,18000.0
raw,RDO No. 53B - Muntinlupa City  is composed of the following Barangays:,,,9TH,NCR,MUNTINLUPA CITY,BULI,TAGUIG MUNTINLUPA ROAD ( T M ROAD) (PRESIDENT MANUEL L. QUEZON) PNR SIDE,T.M.ROAD-PNR SIDE,X,Special / Other,12000.0
raw,RDO No. 53B - Muntinlupa City  is composed of the following Barangays:,,,9TH,NCR,MUNTINLUPA CITY,BULI,TAGUIG MUNTINLUPA ROAD ( T.M. ROAD),"LAKESIDE  
ECHO ASIA 
BRGY. BULI ROAD",RR,Residential - Regular,8000.0
raw,RDO No. 53B - Muntinlupa City  is composed of the following Barangays:,,,9TH,NCR,MUNTINLUPA CITY,BULI,TAGUIG MUNTINLUPA ROAD ( T.M. ROAD),"LAKESIDE  
ECHO ASIA 
BRGY. BULI ROAD",CR,Commercial - Regular,18000.0
raw,RDO No. 53B - Muntinlupa City  is composed of the following Barangays:,,,9TH,NCR,MUNTINLUPA CITY,BULI,TAGUIG MUNTINLUPA ROAD ( T.M. ROAD),"LAKESIDE  
ECHO ASIA 
BRGY. BULI ROAD",I,Industrial,45000.0
raw,RDO No. 53B - Muntinlupa City  is composed of the following Barangays:,,,9TH,NCR,MUNTINLUPA CITY,BULI,WEST SERVICE ROAD,CUPANG BDRY- BULI RIVER,RR,Residential - Regular,35000.0
raw,RDO No. 53B - Muntinlupa City  is composed of the following Barangays:,,,9TH,NCR,MUNTINLUPA CITY,BULI,WEST SERVICE ROAD,CUPANG BDRY- BULI RIVER,CR,Commercial - Regular,60000.0
raw,RDO No. 53B - Muntinlupa City  is composed of the following Barangays:,,,9TH,NCR,MUNTINLUPA CITY,BULI,WEST SERVICE ROAD,CUPANG BDRY- BULI RIVER,I,Industrial,55000.0
raw,RDO No. 53B - Muntinlupa City  is composed of the following Barangays:,,,9TH,NCR,MUNTINLUPA CITY,BULI,WEST SERVICE ROAD,CUPANG BDRY- BULI RIVER,X,Special / Other,45000.0
raw,RDO No. 53B - Muntinlupa City  is composed of the following Barangays:,039-2019,"July 11, 2019",8TH,,MUNTINLUPA CITY,BULI,WEST SERVICE ROAD,CUPANG BDRY- BULI RIVER,RR,Residential - Regular,25000.0
raw,RDO No. 53B - Muntinlupa City  is composed of the following Barangays:,039-2019,"July 11, 2019",8TH,,MUNTINLUPA CITY,BULI,WEST SERVICE ROAD,CUPANG BDRY- BULI RIVER,CR,Commercial - Regular,50000.0
raw,RDO No. 53B - Muntinlupa City  is composed of the following Barangays:,039-2019,"July 11, 2019",8TH,,MUNTINLUPA CITY,BULI,WEST SERVICE ROAD,CUPANG BDRY- BULI RIVER,I,Industrial,45000.0
raw,RDO No. 53B - Muntinlupa City  is composed of the following Barangays:,039-2019,"July 11, 2019",8TH,,MUNTINLUPA CITY,BULI,WEST SERVICE ROAD,CUPANG BDRY- BULI RIVER,X,Special / Other,35000.0
raw,RDO No. 53B - Muntinlupa City  is composed of the following Barangays:,039-2019,"July 11, 2019",8TH,,MUNTINLUPA CITY,BULI,WEST SERVICE ROAD,CUPANG BDRY- BULI RIVER,RR,Residential - Regular,25000.0
raw,RDO No. 53B - Muntinlupa City  is composed of the following Barangays:,039-2019,"July 11, 2019",8TH,,MUNTINLUPA CITY,BULI,WEST SERVICE ROAD,CUPANG BDRY- BULI RIVER,CR,Commercial - Regular,50000.0
raw,RDO No. 53B - Muntinlupa City  is composed of the following Barangays:,039-2019,"July 11, 2019",8TH,,MUNTINLUPA CITY,BULI,WEST SERVICE ROAD,CUPANG BDRY- BULI RIVER,I,Industrial,45000.0
raw,RDO No. 53B - Muntinlupa City  is composed of the following Barangays:,039-2019,"July 11, 2019",8TH,,MUNTINLUPA CITY,BULI,WEST SERVICE ROAD,CUPANG BDRY- BULI RIVER,X,Special / Other,35000.0
raw,RDO No. 53B - Muntinlupa City  is composed of the following Barangays:,,,9TH,NCR,MUNTINLUPA CITY,CUPANG,ALABANG 400 VILLAGE SUBD,DON JESUS BLVD,RR,Residential - Regular,60000.0
raw,RDO No. 53B - Muntinlupa City  is composed of the following Barangays:,039-2019,"July 11, 2019",8TH,,MUNTINLUPA CITY,CUPANG,ALABANG 400 VILLAGE SUBD,DON JESUS BLVD,RR,Residential - Regular,45000.0
raw,RDO No. 53B - Muntinlupa City  is composed of the following Barangays:,039-2019,"July 11, 2019",8TH,,MUNTINLUPA CITY,CUPANG,ALABANG 400 VILLAGE SUBD,DON JESUS BLVD,RR,Residential - Regular,45000.0
raw,RDO No. 53B - Muntinlupa City  is composed of the following Barangays:,,,9TH,NCR,MUNTINLUPA CITY,CUPANG,ALABANG HILLS VILLAGE SUBD,SAN BEDA ALABANG (FORMERLY ST BENEDICTINE ),RR,Residential - Regular,65000.0
raw,RDO No. 53B - Muntinlupa City  is composed of the following Barangays:,,,9TH,NCR,MUNTINLUPA CITY,CUPANG,ALABANG HILLS VILLAGE SUBD,SAN BEDA ALABANG (FORMERLY ST BENEDICTINE ),X,Special / Other,72000.0
raw,RDO No. 53B - Muntinlupa City  is composed of the following Barangays:,039-2019,"July 11, 2019",8TH,,MUNTINLUPA CITY,CUPANG,ALABANG HILLS VILLAGE SUBD,ST BENEDICTINE,RR,Residential - Regular,50000.0
raw,RDO No. 53B - Muntinlupa City  is composed of the following Barangays:,039-2019,"July 11, 2019",8TH,,MUNTINLUPA CITY,CUPANG,ALABANG HILLS VILLAGE SUBD,ST BENEDICTINE,RR,Residential - Regular,50000.0
raw,RDO No. 53B - Muntinlupa City  is composed of the following Barangays:,,,9TH,NCR,MUNTINLUPA CITY,CUPANG,ALABANG HILLSBOROUGH,"DON JESUS BLVD.
ALABANG HILLS",RR,Residential - Regular,65000.0
raw,RDO No. 53B - Muntinlupa City  is composed of the following Barangays:,,,9TH,NCR,MUNTINLUPA CITY,CUPANG,ALABANG HILLSBOROUGH,"DON JESUS BLVD.
ALABANG HILLS",X,Special / Other,72000.0
raw,RDO No. 53B - Muntinlupa City  is composed of the following Barangays:,039-2019,"July 11, 2019",8TH,,MUNTINLUPA CITY,CUPANG,ALABANG HILLSBOROUGH,ALABANG HILLS,RR,Residential - Regular,50000.0
raw,RDO No. 53B - Muntinlupa City  is composed of the following Barangays:,039-2019,"July 11, 2019",8TH,,MUNTINLUPA CITY,CUPANG,ALABANG HILLSBOROUGH,ALABANG HILLS,X,Special / Other,60000.0
raw,RDO No. 53B - Muntinlupa City  is composed of the following Barangays:,039-2019,"July 11, 2019",8TH,,MUNTINLUPA CITY,CUPANG,ALABANG HILLSBOROUGH,ALABANG HILLS,RR,Residential - Regular,50000.0
raw,RDO No. 53B - Muntinlupa City  is composed of the following Barangays:,039-2019,"July 11, 2019",8TH,,MUNTINLUPA CITY,CUPANG,ALABANG HILLSBOROUGH,ALABANG HILLS,X,Special / Other,60000.0
raw,RDO No. 53B - Muntinlupa City  is composed of the following Barangays:,,,9TH,NCR,MUNTINLUPA CITY,CUPANG,ALABANG-ZAPOTE ROAD,WESTGATE TO BUENCAMINO,CR,Commercial - Regular,145000.0
raw,RDO No. 53B - Muntinlupa City  is composed of the following Barangays:,,,9TH,NCR,MUNTINLUPA CITY,CUPANG,ALABANG-ZAPOTE ROAD,TO ALABANG,X,Special / Other,100000.0
raw,RDO No. 53B - Muntinlupa City  is composed of the following Barangays:,039-2019,"July 11, 2019",8TH,,MUNTINLUPA CITY,CUPANG,ALABANG-ZAPOTE ROAD,WESTGATE TO BUENCAMINO,CR,Commercial - Regular,120000.0
raw,RDO No. 53B - Muntinlupa City  is composed of the following Barangays:,039-2019,"July 11, 2019",8TH,,MUNTINLUPA CITY,CUPANG,ALABANG-ZAPOTE ROAD,TO ALABANG,X,Special / Other,80000.0
raw,RDO No. 53B - Muntinlupa City  is composed of the following Barangays:,039-2019,"July 11, 2019",8TH,,MUNTINLUPA CITY,CUPANG,ALABANG-ZAPOTE ROAD,WESTGATE TO BUENCAMINO,CR,Commercial - Regular,120000.0
raw,RDO No. 53B - Muntinlupa City  is composed of the following Barangays:,039-2019,"July 11, 2019",8TH,,MUNTINLUPA CITY,CUPANG,ALABANG-ZAPOTE ROAD,TO ALABANG,X,Special / Other,80000.0
raw,RDO No. 53B - Muntinlupa City  is composed of the following Barangays:,039-2019,"July 11, 2019",8TH,,MUNTINLUPA CITY,CUPANG,ALL OTHER STREETS,CUPANG RIVER - BULI RIVER,RR,Residential - Regular,10000.0
raw,RDO No. 53B - Muntinlupa City  is composed of the following Barangays:,039-2019,"July 11, 2019",8TH,,MUNTINLUPA CITY,CUPANG,ALL OTHER STREETS,CUPANG RIVER - BULI RIVER,CR,Commercial - Regular,45000.0
raw,RDO No. 53B - Muntinlupa City  is composed of the following Barangays:,039-2019,"July 11, 2019",8TH,,MUNTINLUPA CITY,CUPANG,ALL OTHER STREETS,CUPANG RIVER - BULI RIVER,I,Industrial,40000.0
raw,RDO No. 53B - Muntinlupa City  is composed of the following Barangays:,039-2019,"July 11, 2019",8TH,,MUNTINLUPA CITY,CUPANG,ALL OTHER STREETS,CUPANG RIVER - BULI RIVER,X,Special / Other,35000.0
raw,RDO No. 53B - Muntinlupa City  is composed of the following Barangays:,039-2019,"July 11, 2019",8TH,,MUNTINLUPA CITY,CUPANG,ALL OTHER STREETS,CUPANG RIVER - BULI RIVER,RR,Residential - Regular,10000.0
raw,RDO No. 53B - Muntinlupa City  is composed of the following Barangays:,039-2019,"July 11, 2019",8TH,,MUNTINLUPA CITY,CUPANG,ALL OTHER STREETS,CUPANG RIVER - BULI RIVER,CR,Commercial - Regular,45000.0
raw,RDO No. 53B - Muntinlupa City  is composed of the following Barangays:,039-2019,"July 11, 2019",8TH,,MUNTINLUPA CITY,CUPANG,ALL OTHER STREETS,CUPANG RIVER - BULI RIVER,I,Industrial,40000.0
raw,RDO No. 53B - Muntinlupa City  is composed of the following Barangays:,039-2019,"July 11, 2019",8TH,,MUNTINLUPA CITY,CUPANG,ALL OTHER STREETS,CUPANG RIVER - BULI RIVER,X,Special / Other,35000.0
raw,RDO No. 53B - Muntinlupa City  is composed of the following Barangays:,,,9TH,NCR,MUNTINLUPA CITY,CUPANG,ALL OTHER STREETS****,CUPANG RIVER - BULI RIVER,RR,Residential - Regular,7000.0
raw,RDO No. 53B - Muntinlupa City  is composed of the following Barangays:,,,9TH,NCR,MUNTINLUPA CITY,CUPANG,ALL OTHER STREETS****,CUPANG RIVER - BULI RIVER,CR,Commercial - Regular,17000.0
raw,RDO No. 53B - Muntinlupa City  is composed of the following Barangays:,,,9TH,NCR,MUNTINLUPA CITY,CUPANG,ALONG PHILIPPINE NATIONAL RAILWAYS,BARRIO PROPER,RR,Residential - Regular,12000.0
raw,RDO No. 53B - Muntinlupa City  is composed of the following Barangays:,039-2019,"July 11, 2019",8TH,,MUNTINLUPA CITY,CUPANG,ALONG PHILIPPINE NATIONAL RAILWAYS,BARRIO PROPER,RR,Residential - Regular,10000.0
raw,RDO No. 53B - Muntinlupa City  is composed of the following Barangays:,039-2019,"July 11, 2019",8TH,,MUNTINLUPA CITY,CUPANG,ALONG PHILIPPINE NATIONAL RAILWAYS,BARRIO PROPER,RR,Residential - Regular,10000.0
raw,RDO No. 53B - Muntinlupa City  is composed of the following Barangays:,,,9TH,NCR,MUNTINLUPA CITY,CUPANG,ASIA ENCLAVES CONDO,WEST SERVICE ROAD,RC,Residential - Condominium,120000.0
raw,RDO No. 53B - Muntinlupa City  is composed of the following Barangays:,,,9TH,NCR,MUNTINLUPA CITY,CUPANG,ASIA ENCLAVES CONDO,WEST SERVICE ROAD,PS,Parking Slot / Private School,84000.0
raw,RDO No. 53B - Muntinlupa City  is composed of the following Barangays:,039-2019,"July 11, 2019",8TH,,MUNTINLUPA CITY,CUPANG,ASIA ENCLAVES CONDO,WEST SERVICE ROAD,RC,Residential - Condominium,80000.0
raw,RDO No. 53B - Muntinlupa City  is composed of the following Barangays:,039-2019,"July 11, 2019",8TH,,MUNTINLUPA CITY,CUPANG,ASIA ENCLAVES CONDO,WEST SERVICE ROAD,PS,Parking Slot / Private School,56000.0
raw,RDO No. 53B - Muntinlupa City  is composed of the following Barangays:,039-2019,"July 11, 2019",8TH,,MUNTINLUPA CITY,CUPANG,ASIA ENCLAVES CONDO,WEST SERVICE ROAD,RC,Residential - Condominium,80000.0
raw,RDO No. 53B - Muntinlupa City  is composed of the following Barangays:,039-2019,"July 11, 2019",8TH,,MUNTINLUPA CITY,CUPANG,ASIA ENCLAVES CONDO,WEST SERVICE ROAD,PS,Parking Slot / Private School,56000.0
raw,RDO No. 53B - Muntinlupa City  is composed of the following Barangays:,,,9TH,NCR,MUNTINLUPA CITY,CUPANG,BF HOMES  SUBD PHASE 6,ALABANG HILLS,RR,Residential - Regular,42000.0
raw,RDO No. 53B - Muntinlupa City  is composed of the following Barangays:,039-2019,"July 11, 2019",8TH,,MUNTINLUPA CITY,CUPANG,BF HOMES  SUBD PHASE 6,ALABANG HILLS,RR,Residential - Regular,35000.0
raw,RDO No. 53B - Muntinlupa City  is composed of the following Barangays:,039-2019,"July 11, 2019",8TH,,MUNTINLUPA CITY,CUPANG,BF HOMES  SUBD PHASE 6,ALABANG HILLS,RR,Residential - Regular,35000.0
raw,RDO No. 53B - Muntinlupa City  is composed of the following Barangays:,039-2019,"July 11, 2019",8TH,,MUNTINLUPA CITY,CUPANG,CAPRI CONDO,CUPANG RIVER - BULI RIVER,RC,Residential - Condominium,50000.0
raw,RDO No. 53B - Muntinlupa City  is composed of the following Barangays:,039-2019,"July 11, 2019",8TH,,MUNTINLUPA CITY,CUPANG,CAPRI CONDO,CUPANG RIVER - BULI RIVER,PS,Parking Slot / Private School,35000.0
raw,RDO No. 53B - Muntinlupa City  is composed of the following Barangays:,039-2019,"July 11, 2019",8TH,,MUNTINLUPA CITY,CUPANG,CAPRI CONDO,CUPANG RIVER - BULI RIVER,CC,Commercial - Condominium,60000.0
raw,RDO No. 53B - Muntinlupa City  is composed of the following Barangays:,039-2019,"July 11, 2019",8TH,,MUNTINLUPA CITY,CUPANG,CAPRI CONDO,CUPANG RIVER - BULI RIVER,PS,Parking Slot / Private School,35000.0
raw,RDO No. 53B - Muntinlupa City  is composed of the following Barangays:,039-2019,"July 11, 2019",8TH,,MUNTINLUPA CITY,CUPANG,CAPRI CONDO,CUPANG RIVER - BULI RIVER,RC,Residential - Condominium,50000.0
raw,RDO No. 53B - Muntinlupa City  is composed of the following Barangays:,039-2019,"July 11, 2019",8TH,,MUNTINLUPA CITY,CUPANG,CAPRI CONDO,CUPANG RIVER - BULI RIVER,PS,Parking Slot / Private School,35000.0
raw,RDO No. 53B - Muntinlupa City  is composed of the following Barangays:,039-2019,"July 11, 2019",8TH,,MUNTINLUPA CITY,CUPANG,CAPRI CONDO,CUPANG RIVER - BULI RIVER,CC,Commercial - Condominium,60000.0
raw,RDO No. 53B - Muntinlupa City  is composed of the following Barangays:,039-2019,"July 11, 2019",8TH,,MUNTINLUPA CITY,CUPANG,CAPRI CONDO,CUPANG RIVER - BULI RIVER,PS,Parking Slot / Private School,35000.0
raw,RDO No. 53B - Muntinlupa City  is composed of the following Barangays:,,,9TH,NCR,MUNTINLUPA CITY,CUPANG,CAPRI CONDOMINIUM,ALONG DON JESUS BLVD CORNER WEST SERVICE RD.,RC,Residential - Condominium,60000.0
raw,RDO No. 53B - Muntinlupa City  is composed of the following Barangays:,,,9TH,NCR,MUNTINLUPA CITY,CUPANG,CAPRI CONDOMINIUM,ALONG DON JESUS BLVD CORNER WEST SERVICE RD.,PS,Parking Slot / Private School,42000.0
raw,RDO No. 53B - Muntinlupa City  is composed of the following Barangays:,,,9TH,NCR,MUNTINLUPA CITY,CUPANG,DON JESUS BLVD.,WEST SERVICE ROAD,RR,Residential - Regular,65000.0
raw,RDO No. 53B - Muntinlupa City  is composed of the following Barangays:,,,9TH,NCR,MUNTINLUPA CITY,CUPANG,DON JESUS BLVD.,WEST SERVICE ROAD,CR,Commercial - Regular,75000.0
raw,RDO No. 53B - Muntinlupa City  is composed of the following Barangays:,039-2019,"July 11, 2019",8TH,,MUNTINLUPA CITY,CUPANG,DON JESUS BLVD.,WEST SERVICE ROAD,CR,Commercial - Regular,60000.0
raw,RDO No. 53B - Muntinlupa City  is composed of the following Barangays:,039-2019,"July 11, 2019",8TH,,MUNTINLUPA CITY,CUPANG,DON JESUS BLVD.,WEST SERVICE ROAD,RR,Residential - Regular,50000.0
raw,RDO No. 53B - Muntinlupa City  is composed of the following Barangays:,039-2019,"July 11, 2019",8TH,,MUNTINLUPA CITY,CUPANG,DON JESUS BLVD.,WEST SERVICE ROAD,CR,Commercial - Regular,60000.0
raw,RDO No. 53B - Muntinlupa City  is composed of the following Barangays:,039-2019,"July 11, 2019",8TH,,MUNTINLUPA CITY,CUPANG,DON JESUS BLVD.,WEST SERVICE ROAD,RR,Residential - Regular,50000.0
raw,RDO No. 53B - Muntinlupa City  is composed of the following Barangays:,,,9TH,NCR,MUNTINLUPA CITY,CUPANG,DON MANOLO BLVD,ALABANG - ZAPOTE ROAD- DON JESUS BLVD,RR,Residential - Regular,65000.0
raw,RDO No. 53B - Muntinlupa City  is composed of the following Barangays:,,,9TH,NCR,MUNTINLUPA CITY,CUPANG,DON MANOLO BLVD,ALABANG - ZAPOTE ROAD- DON JESUS BLVD,CR,Commercial - Regular,72000.0
raw,RDO No. 53B - Muntinlupa City  is composed of the following Barangays:,,,9TH,NCR,MUNTINLUPA CITY,CUPANG,DON MANOLO BLVD,ALABANG - ZAPOTE ROAD- DON JESUS BLVD,X,Special / Other,65000.0
raw,RDO No. 53B - Muntinlupa City  is composed of the following Barangays:,039-2019,"July 11, 2019",8TH,,MUNTINLUPA CITY,CUPANG,DON MANOLO BLVD,ALABANG - ZAPOTE ROAD- DON JESUS BLVD,RR,Residential - Regular,50000.0
raw,RDO No. 53B - Muntinlupa City  is composed of the following Barangays:,039-2019,"July 11, 2019",8TH,,MUNTINLUPA CITY,CUPANG,DON MANOLO BLVD,ALABANG - ZAPOTE ROAD- DON JESUS BLVD,CR,Commercial - Regular,60000.0
raw,RDO No. 53B - Muntinlupa City  is composed of the following Barangays:,039-2019,"July 11, 2019",8TH,,MUNTINLUPA CITY,CUPANG,DON MANOLO BLVD,ALABANG - ZAPOTE ROAD- DON JESUS BLVD,X,Special / Other,55000.0
raw,RDO No. 53B - Muntinlupa City  is composed of the following Barangays:,039-2019,"July 11, 2019",8TH,,MUNTINLUPA CITY,CUPANG,DON MANOLO BLVD,ALABANG - ZAPOTE ROAD- DON JESUS BLVD,RR,Residential - Regular,50000.0
raw,RDO No. 53B - Muntinlupa City  is composed of the following Barangays:,039-2019,"July 11, 2019",8TH,,MUNTINLUPA CITY,CUPANG,DON MANOLO BLVD,ALABANG - ZAPOTE ROAD- DON JESUS BLVD,CR,Commercial - Regular,60000.0
raw,RDO No. 53B - Muntinlupa City  is composed of the following Barangays:,039-2019,"July 11, 2019",8TH,,MUNTINLUPA CITY,CUPANG,DON MANOLO BLVD,ALABANG - ZAPOTE ROAD- DON JESUS BLVD,X,Special / Other,55000.0
raw,RDO No. 53B - Muntinlupa City  is composed of the following Barangays:,,,9TH,NCR,MUNTINLUPA CITY,CUPANG,EAST SERVICE ROAD,CUPANG RIVER-BULI RIVER,RR,Residential - Regular,35000.0
raw,RDO No. 53B - Muntinlupa City  is composed of the following Barangays:,,,9TH,NCR,MUNTINLUPA CITY,CUPANG,EAST SERVICE ROAD,CUPANG RIVER-BULI RIVER,CR,Commercial - Regular,60000.0
raw,RDO No. 53B - Muntinlupa City  is composed of the following Barangays:,,,9TH,NCR,MUNTINLUPA CITY,CUPANG,EAST SERVICE ROAD,CUPANG RIVER-BULI RIVER,I,Industrial,55000.0
raw,RDO No. 53B - Muntinlupa City  is composed of the following Barangays:,,,9TH,NCR,MUNTINLUPA CITY,CUPANG,EAST SERVICE ROAD,CUPANG RIVER-BULI RIVER,X,Special / Other,50000.0
raw,RDO No. 53B - Muntinlupa City  is composed of the following Barangays:,039-2019,"July 11, 2019",8TH,,MUNTINLUPA CITY,CUPANG,EAST SERVICE ROAD,CUPANG RIVER-BULI RIVER,RR,Residential - Regular,25000.0
raw,RDO No. 53B - Muntinlupa City  is composed of the following Barangays:,039-2019,"July 11, 2019",8TH,,MUNTINLUPA CITY,CUPANG,EAST SERVICE ROAD,CUPANG RIVER-BULI RIVER,CR,Commercial - Regular,50000.0
raw,RDO No. 53B - Muntinlupa City  is composed of the following Barangays:,039-2019,"July 11, 2019",8TH,,MUNTINLUPA CITY,CUPANG,EAST SERVICE ROAD,CUPANG RIVER-BULI RIVER,I,Industrial,45000.0
raw,RDO No. 53B - Muntinlupa City  is composed of the following Barangays:,039-2019,"July 11, 2019",8TH,,MUNTINLUPA CITY,CUPANG,EAST SERVICE ROAD,CUPANG RIVER-BULI RIVER,X,Special / Other,35000.0
raw,RDO No. 53B - Muntinlupa City  is composed of the following Barangays:,039-2019,"July 11, 2019",8TH,,MUNTINLUPA CITY,CUPANG,EAST SERVICE ROAD,CUPANG RIVER-BULI RIVER,RR,Residential - Regular,25000.0
raw,RDO No. 53B - Muntinlupa City  is composed of the following Barangays:,039-2019,"July 11, 2019",8TH,,MUNTINLUPA CITY,CUPANG,EAST SERVICE ROAD,CUPANG RIVER-BULI RIVER,CR,Commercial - Regular,50000.0
raw,RDO No. 53B - Muntinlupa City  is composed of the following Barangays:,039-2019,"July 11, 2019",8TH,,MUNTINLUPA CITY,CUPANG,EAST SERVICE ROAD,CUPANG RIVER-BULI RIVER,I,Industrial,45000.0
raw,RDO No. 53B - Muntinlupa City  is composed of the following Barangays:,039-2019,"July 11, 2019",8TH,,MUNTINLUPA CITY,CUPANG,EAST SERVICE ROAD,CUPANG RIVER-BULI RIVER,X,Special / Other,35000.0
raw,RDO No. 53B - Muntinlupa City  is composed of the following Barangays:,,,9TH,NCR,MUNTINLUPA CITY,CUPANG,EMBASSY VILLAGE,EAST SERVICE ROAD,RR,Residential - Regular,45000.0
raw,RDO No. 53B - Muntinlupa City  is composed of the following Barangays:,,,9TH,NCR,MUNTINLUPA CITY,CUPANG,EMBASSY VILLAGE,EAST SERVICE ROAD,I,Industrial,55000.0
raw,RDO No. 53B - Muntinlupa City  is composed of the following Barangays:,039-2019,"July 11, 2019",8TH,,MUNTINLUPA CITY,CUPANG,EMBASSY VILLAGE,EAST SERVICE ROAD,RR,Residential - Regular,35000.0
raw,RDO No. 53B - Muntinlupa City  is composed of the following Barangays:,039-2019,"July 11, 2019",8TH,,MUNTINLUPA CITY,CUPANG,EMBASSY VILLAGE,EAST SERVICE ROAD,I,Industrial,45000.0
raw,RDO No. 53B - Muntinlupa City  is composed of the following Barangays:,039-2019,"July 11, 2019",8TH,,MUNTINLUPA CITY,CUPANG,EMBASSY VILLAGE,EAST SERVICE ROAD,RR,Residential - Regular,35000.0
raw,RDO No. 53B - Muntinlupa City  is composed of the following Barangays:,039-2019,"July 11, 2019",8TH,,MUNTINLUPA CITY,CUPANG,EMBASSY VILLAGE,EAST SERVICE ROAD,I,Industrial,45000.0
raw,RDO No. 53B - Muntinlupa City  is composed of the following Barangays:,,,9TH,NCR,MUNTINLUPA CITY,CUPANG,INTEGRAL TOWNHOMES (INTEGRAL REALTY CORPORATION),ALABANG HILLS,RR,Residential - Regular,60000.0
raw,RDO No. 53B - Muntinlupa City  is composed of the following Barangays:,039-2019,"July 11, 2019",8TH,,MUNTINLUPA CITY,CUPANG,INTEGRAL TOWNHOMES (INTEGRAL REALTY CORPORATION),ALABANG HILLS,RR,Residential - Regular,50000.0
raw,RDO No. 53B - Muntinlupa City  is composed of the following Barangays:,039-2019,"July 11, 2019",8TH,,MUNTINLUPA CITY,CUPANG,INTEGRAL TOWNHOMES (INTEGRAL REALTY CORPORATION),ALABANG HILLS,RR,Residential - Regular,50000.0
raw,RDO No. 53B - Muntinlupa City  is composed of the following Barangays:,,,9TH,NCR,MUNTINLUPA CITY,CUPANG,INTERCITY HOMES SUBDIVISION,WEST SERVICE ROAD,RR,Residential - Regular,25000.0
raw,RDO No. 53B - Muntinlupa City  is composed of the following Barangays:,039-2019,"July 11, 2019",8TH,,MUNTINLUPA CITY,CUPANG,INTERCITY HOMES SUBDIVISION,WEST SERVICE ROAD,RR,Residential - Regular,17500.0
raw,RDO No. 53B - Muntinlupa City  is composed of the following Barangays:,039-2019,"July 11, 2019",8TH,,MUNTINLUPA CITY,CUPANG,INTERCITY HOMES SUBDIVISION,WEST SERVICE ROAD,RR,Residential - Regular,17500.0
raw,RDO No. 53B - Muntinlupa City  is composed of the following Barangays:,,,9TH,NCR,MUNTINLUPA CITY,CUPANG,KALIPAYAN HOMES VILLAGE,DON JESUS BLVD,RR,Residential - Regular,55000.0
raw,RDO No. 53B - Muntinlupa City  is composed of the following Barangays:,039-2019,"July 11, 2019",8TH,,MUNTINLUPA CITY,CUPANG,KALIPAYAN HOMES VILLAGE,DON JESUS BLVD,RR,Residential - Regular,40000.0
raw,RDO No. 53B - Muntinlupa City  is composed of the following Barangays:,039-2019,"July 11, 2019",8TH,,MUNTINLUPA CITY,CUPANG,KALIPAYAN HOMES VILLAGE,DON JESUS BLVD,RR,Residential - Regular,40000.0
raw,RDO No. 53B - Muntinlupa City  is composed of the following Barangays:,,,9TH,NCR,MUNTINLUPA CITY,CUPANG,LIBERTY HOMES,INT. EAST SERVICE ROAD,RR,Residential - Regular,25000.0
raw,RDO No. 53B - Muntinlupa City  is composed of the following Barangays:,,,9TH,NCR,MUNTINLUPA CITY,CUPANG,LIBERTY HOMES,INT. EAST SERVICE ROAD,X,Special / Other,30000.0
raw,RDO No. 53B - Muntinlupa City  is composed of the following Barangays:,039-2019,"July 11, 2019",8TH,,MUNTINLUPA CITY,CUPANG,LIBERTY HOMES,INT. EAST SERVICE ROAD,RR,Residential - Regular,15000.0
raw,RDO No. 53B - Muntinlupa City  is composed of the following Barangays:,039-2019,"July 11, 2019",8TH,,MUNTINLUPA CITY,CUPANG,LIBERTY HOMES,INT. EAST SERVICE ROAD,X,Special / Other,18000.0
raw,RDO No. 53B - Muntinlupa City  is composed of the following Barangays:,039-2019,"July 11, 2019",8TH,,MUNTINLUPA CITY,CUPANG,LIBERTY HOMES,INT. EAST SERVICE ROAD,RR,Residential - Regular,15000.0
raw,RDO No. 53B - Muntinlupa City  is composed of the following Barangays:,039-2019,"July 11, 2019",8TH,,MUNTINLUPA CITY,CUPANG,LIBERTY HOMES,INT. EAST SERVICE ROAD,X,Special / Other,18000.0
raw,RDO No. 53B - Muntinlupa City  is composed of the following Barangays:,,,9TH,NCR,MUNTINLUPA CITY,CUPANG,MINTCOR SOUTHROW TOWNHOUSES,INTERIOR WEST SERVICE ROAD,RR,Residential - Regular,25000.0
raw,RDO No. 53B - Muntinlupa City  is composed of the following Barangays:,,,9TH,NCR,MUNTINLUPA CITY,CUPANG,MINTCOR SOUTHROW TOWNHOUSES,WEST SERVICE ROAD,CR,Commercial - Regular,60000.0
raw,RDO No. 53B - Muntinlupa City  is composed of the following Barangays:,039-2019,"July 11, 2019",8TH,,MUNTINLUPA CITY,CUPANG,MINTCOR SOUTHROW TOWNHOUSES,INTERIOR WEST SERVICE ROAD,RR,Residential - Regular,20000.0
raw,RDO No. 53B - Muntinlupa City  is composed of the following Barangays:,039-2019,"July 11, 2019",8TH,,MUNTINLUPA CITY,CUPANG,MINTCOR SOUTHROW TOWNHOUSES,WEST SERVICE ROAD,CR,Commercial - Regular,50000.0
raw,RDO No. 53B - Muntinlupa City  is composed of the following Barangays:,039-2019,"July 11, 2019",8TH,,MUNTINLUPA CITY,CUPANG,MINTCOR SOUTHROW TOWNHOUSES,INTERIOR WEST SERVICE ROAD,RR,Residential - Regular,20000.0
raw,RDO No. 53B - Muntinlupa City  is composed of the following Barangays:,039-2019,"July 11, 2019",8TH,,MUNTINLUPA CITY,CUPANG,MINTCOR SOUTHROW TOWNHOUSES,WEST SERVICE ROAD,CR,Commercial - Regular,50000.0
raw,RDO No. 53B - Muntinlupa City  is composed of the following Barangays:,,,9TH,NCR,MUNTINLUPA CITY,CUPANG,PACIFIC MALAYAN VILLAGE,ALABANG HILLS,RR,Residential - Regular,65000.0
raw,RDO No. 53B - Muntinlupa City  is composed of the following Barangays:,039-2019,"July 11, 2019",8TH,,MUNTINLUPA CITY,CUPANG,PACIFIC MALAYAN VILLAGE,ALABANG HILLS,RR,Residential - Regular,50000.0
raw,RDO No. 53B - Muntinlupa City  is composed of the following Barangays:,039-2019,"July 11, 2019",8TH,,MUNTINLUPA CITY,CUPANG,PACIFIC MALAYAN VILLAGE,ALABANG HILLS,RR,Residential - Regular,50000.0
raw,RDO No. 53B - Muntinlupa City  is composed of the following Barangays:,,,9TH,NCR,MUNTINLUPA CITY,CUPANG,PACIFIC VILLAGE,ALABANG HILLS,RR,Residential - Regular,65000.0
raw,RDO No. 53B - Muntinlupa City  is composed of the following Barangays:,039-2019,"July 11, 2019",8TH,,MUNTINLUPA CITY,CUPANG,PACIFIC VILLAGE,ALABANG HILLS,RR,Residential - Regular,50000.0
raw,RDO No. 53B - Muntinlupa City  is composed of the following Barangays:,039-2019,"July 11, 2019",8TH,,MUNTINLUPA CITY,CUPANG,PACIFIC VILLAGE,ALABANG HILLS,RR,Residential - Regular,50000.0
raw,RDO No. 53B - Muntinlupa City  is composed of the following Barangays:,,,9TH,NCR,MUNTINLUPA CITY,CUPANG,PRIMAVERA  HOMES SUBDIVISION,RIZAL VILLAGE,RR,Residential - Regular,23000.0
raw,RDO No. 53B - Muntinlupa City  is composed of the following Barangays:,039-2019,"July 11, 2019",8TH,,MUNTINLUPA CITY,CUPANG,PRIMAVERA  HOMES SUBDIVISION,RIZAL VILLAGE,RR,Residential - Regular,15000.0
raw,RDO No. 53B - Muntinlupa City  is composed of the following Barangays:,039-2019,"July 11, 2019",8TH,,MUNTINLUPA CITY,CUPANG,PRIMAVERA  HOMES SUBDIVISION,RIZAL VILLAGE,RR,Residential - Regular,15000.0
raw,RDO No. 53B - Muntinlupa City  is composed of the following Barangays:,,,9TH,NCR,MUNTINLUPA CITY,CUPANG,RIZAL VILLAGE,ALONG KAP. TIAGO STREET,RR,Residential - Regular,25000.0
raw,RDO No. 53B - Muntinlupa City  is composed of the following Barangays:,,,9TH,NCR,MUNTINLUPA CITY,CUPANG,RIZAL VILLAGE,SITIO RIZAL,RR,Residential - Regular,18000.0
raw,RDO No. 53B - Muntinlupa City  is composed of the following Barangays:,,,9TH,NCR,MUNTINLUPA CITY,CUPANG,RIZAL VILLAGE,SITIO RIZAL,X,Special / Other,25000.0
raw,RDO No. 53B - Muntinlupa City  is composed of the following Barangays:,039-2019,"July 11, 2019",8TH,,MUNTINLUPA CITY,CUPANG,RIZAL VILLAGE,KAP. TIAGO STREET,RR,Residential - Regular,17500.0
raw,RDO No. 53B - Muntinlupa City  is composed of the following Barangays:,039-2019,"July 11, 2019",8TH,,MUNTINLUPA CITY,CUPANG,RIZAL VILLAGE,SITIO RIZAL,RR,Residential - Regular,12000.0
raw,RDO No. 53B - Muntinlupa City  is composed of the following Barangays:,039-2019,"July 11, 2019",8TH,,MUNTINLUPA CITY,CUPANG,RIZAL VILLAGE,SITIO RIZAL,X,Special / Other,18000.0
raw,RDO No. 53B - Muntinlupa City  is composed of the following Barangays:,039-2019,"July 11, 2019",8TH,,MUNTINLUPA CITY,CUPANG,RIZAL VILLAGE,KAP. TIAGO STREET,RR,Residential - Regular,17500.0
raw,RDO No. 53B - Muntinlupa City  is composed of the following Barangays:,039-2019,"July 11, 2019",8TH,,MUNTINLUPA CITY,CUPANG,RIZAL VILLAGE,SITIO RIZAL,RR,Residential - Regular,12000.0
raw,RDO No. 53B - Muntinlupa City  is composed of the following Barangays:,039-2019,"July 11, 2019",8TH,,MUNTINLUPA CITY,CUPANG,RIZAL VILLAGE,SITIO RIZAL,X,Special / Other,18000.0
raw,RDO No. 53B - Muntinlupa City  is composed of the following Barangays:,,,9TH,NCR,MUNTINLUPA CITY,CUPANG,SAN JOSE  VILLAGE SUBD,ALL LOTS WITHIN SAN JOSE VILLAGE SUBD. *,RR,Residential - Regular,40000.0
raw,RDO No. 53B - Muntinlupa City  is composed of the following Barangays:,,,9TH,NCR,MUNTINLUPA CITY,CUPANG,SAN JOSE  VILLAGE SUBD,ALL LOTS WITHIN SAN JOSE VILLAGE SUBD. *,X,Special / Other,43000.0
raw,RDO No. 53B - Muntinlupa City  is composed of the following Barangays:,039-2019,"July 11, 2019",8TH,,MUNTINLUPA CITY,CUPANG,SAN JOSE  VILLAGE SUBD,ELSIE GACHES,RR,Residential - Regular,25000.0
raw,RDO No. 53B - Muntinlupa City  is composed of the following Barangays:,039-2019,"July 11, 2019",8TH,,MUNTINLUPA CITY,CUPANG,SAN JOSE  VILLAGE SUBD,ELSIE GACHES,X,Special / Other,28000.0
raw,RDO No. 53B - Muntinlupa City  is composed of the following Barangays:,039-2019,"July 11, 2019",8TH,,MUNTINLUPA CITY,CUPANG,SAN JOSE  VILLAGE SUBD,ELSIE GACHES,RR,Residential - Regular,25000.0
raw,RDO No. 53B - Muntinlupa City  is composed of the following Barangays:,039-2019,"July 11, 2019",8TH,,MUNTINLUPA CITY,CUPANG,SAN JOSE  VILLAGE SUBD,ELSIE GACHES,X,Special / Other,28000.0
raw,RDO No. 53B - Muntinlupa City  is composed of the following Barangays:,,,9TH,NCR,MUNTINLUPA CITY,CUPANG,SITIO RIZAL,ADJACENT TO RIZAL VILLAGE,RR,Residential - Regular,25000.0
raw,RDO No. 53B - Muntinlupa City  is composed of the following Barangays:,039-2019,"July 11, 2019",8TH,,MUNTINLUPA CITY,CUPANG,SITIO RIZAL,RIZAL VILLAGE,RR,Residential - Regular,15000.0
raw,RDO No. 53B - Muntinlupa City  is composed of the following Barangays:,039-2019,"July 11, 2019",8TH,,MUNTINLUPA CITY,CUPANG,SITIO RIZAL,RIZAL VILLAGE,RR,Residential - Regular,15000.0
raw,RDO No. 53B - Muntinlupa City  is composed of the following Barangays:,,,9TH,NCR,MUNTINLUPA CITY,CUPANG,SITIO SANTO NINO,BESIDE ALABANG HILLS BOROUGH SUBD.; ACERO COMPD.*,RR,Residential - Regular,12000.0
raw,RDO No. 53B - Muntinlupa City  is composed of the following Barangays:,039-2019,"July 11, 2019",8TH,,MUNTINLUPA CITY,CUPANG,SITIO SANTO NINO,SQUATTER AREA,RR,Residential - Regular,8000.0
raw,RDO No. 53B - Muntinlupa City  is composed of the following Barangays:,039-2019,"July 11, 2019",8TH,,MUNTINLUPA CITY,CUPANG,SITIO SANTO NINO,SQUATTER AREA,RR,Residential - Regular,8000.0
raw,RDO No. 53B - Muntinlupa City  is composed of the following Barangays:,039-2019,"July 11, 2019",8TH,,MUNTINLUPA CITY,CUPANG,T.M. ROAD,LAKESIDE,RR,Residential - Regular,5000.0
raw,RDO No. 53B - Muntinlupa City  is composed of the following Barangays:,039-2019,"July 11, 2019",8TH,,MUNTINLUPA CITY,CUPANG,T.M. ROAD,LAKESIDE,RR,Residential - Regular,5000.0
raw,RDO No. 53B - Muntinlupa City  is composed of the following Barangays:,,,9TH,NCR,MUNTINLUPA CITY,CUPANG,TAGUIG MUNTINLUPA ROAD T.M. ROAD,LAKESIDE,RR,Residential - Regular,8000.0
raw,RDO No. 53B - Muntinlupa City  is composed of the following Barangays:,,,9TH,NCR,MUNTINLUPA CITY,CUPANG,TAGUIG MUNTINLUPA ROAD T.M. ROAD,LAKESIDE,CR,Commercial - Regular,18000.0
raw,RDO No. 53B - Muntinlupa City  is composed of the following Barangays:,,,9TH,NCR,MUNTINLUPA CITY,CUPANG,TAGUIG MUNTINLUPA ROAD TM ROAD / PRES. MANUEL L. QUEZON,PNR SIDE,RR,Residential - Regular,10000.0
raw,RDO No. 53B - Muntinlupa City  is composed of the following Barangays:,,,9TH,NCR,MUNTINLUPA CITY,CUPANG,TAGUIG MUNTINLUPA ROAD TM ROAD / PRES. MANUEL L. QUEZON,PNR SIDE,CR,Commercial - Regular,18000.0
raw,RDO No. 53B - Muntinlupa City  is composed of the following Barangays:,,,9TH,NCR,MUNTINLUPA CITY,CUPANG,TIERRA NUEVA SUBDIVISION,ALABANG ZAPOTE ROAD,RR,Residential - Regular,50000.0
raw,RDO No. 53B - Muntinlupa City  is composed of the following Barangays:,,,9TH,NCR,MUNTINLUPA CITY,CUPANG,TIERRA NUEVA SUBDIVISION,ALABANG ZAPOTE ROAD,X,Special / Other,55000.0
raw,RDO No. 53B - Muntinlupa City  is composed of the following Barangays:,039-2019,"July 11, 2019",8TH,,MUNTINLUPA CITY,CUPANG,TIERRA NUEVA SUBDIVISION,ALABANG ZAPOTE ROAD,RR,Residential - Regular,40000.0
raw,RDO No. 53B - Muntinlupa City  is composed of the following Barangays:,039-2019,"July 11, 2019",8TH,,MUNTINLUPA CITY,CUPANG,TIERRA NUEVA SUBDIVISION,ALABANG ZAPOTE ROAD,X,Special / Other,45000.0
raw,RDO No. 53B - Muntinlupa City  is composed of the following Barangays:,039-2019,"July 11, 2019",8TH,,MUNTINLUPA CITY,CUPANG,TIERRA NUEVA SUBDIVISION,ALABANG ZAPOTE ROAD,RR,Residential - Regular,40000.0
raw,RDO No. 53B - Muntinlupa City  is composed of the following Barangays:,039-2019,"July 11, 2019",8TH,,MUNTINLUPA CITY,CUPANG,TIERRA NUEVA SUBDIVISION,ALABANG ZAPOTE ROAD,X,Special / Other,45000.0
raw,RDO No. 53B - Muntinlupa City  is composed of the following Barangays:,,,9TH,NCR,MUNTINLUPA CITY,CUPANG,TITO JOVER TOWER (TITO JOVY TOWER),NEAR ALABANG ZAPOTE ROAD,CC,Commercial - Condominium,72000.0
raw,RDO No. 53B - Muntinlupa City  is composed of the following Barangays:,,,9TH,NCR,MUNTINLUPA CITY,CUPANG,TITO JOVER TOWER (TITO JOVY TOWER),NEAR ALABANG ZAPOTE ROAD,PS,Parking Slot / Private School,50000.0
raw,RDO No. 53B - Muntinlupa City  is composed of the following Barangays:,039-2019,"July 11, 2019",8TH,,MUNTINLUPA CITY,CUPANG,TM ROAD / PRES. MANUEL L. QUEZON,PNR SIDE,RR,Residential - Regular,7000.0
raw,RDO No. 53B - Muntinlupa City  is composed of the following Barangays:,039-2019,"July 11, 2019",8TH,,MUNTINLUPA CITY,CUPANG,TM ROAD / PRES. MANUEL L. QUEZON,PNR SIDE,RR,Residential - Regular,7000.0
raw,RDO No. 53B - Muntinlupa City  is composed of the following Barangays:,,,9TH,NCR,MUNTINLUPA CITY,CUPANG,URBAN DECA HOMES CAMPVILLE (NEW),ALONG EAST SERVICE ROAD,RC,Residential - Condominium,70000.0
raw,RDO No. 53B - Muntinlupa City  is composed of the following Barangays:,,,9TH,NCR,MUNTINLUPA CITY,CUPANG,URBAN DECA HOMES CAMPVILLE (NEW),ALONG EAST SERVICE ROAD,PS,Parking Slot / Private School,49000.0
raw,RDO No. 53B - Muntinlupa City  is composed of the following Barangays:,,,9TH,NCR,MUNTINLUPA CITY,CUPANG,VILLA DONATA,SAN JOSE SUBD.,RR,Residential - Regular,30000.0
raw,RDO No. 53B - Muntinlupa City  is composed of the following Barangays:,039-2019,"July 11, 2019",8TH,,MUNTINLUPA CITY,CUPANG,VILLA DONATA,SAN JOSE SUBD.,RR,Residential - Regular,25000.0
raw,RDO No. 53B - Muntinlupa City  is composed of the following Barangays:,039-2019,"July 11, 2019",8TH,,MUNTINLUPA CITY,CUPANG,VILLA DONATA,SAN JOSE SUBD.,RR,Residential - Regular,25000.0
raw,RDO No. 53B - Muntinlupa City  is composed of the following Barangays:,,,9TH,NCR,MUNTINLUPA CITY,CUPANG,WEST SERVICE ROAD,CUPANG RIVER - BULI RIVER,RR,Residential - Regular,30000.0
raw,RDO No. 53B - Muntinlupa City  is composed of the following Barangays:,,,9TH,NCR,MUNTINLUPA CITY,CUPANG,WEST SERVICE ROAD,CUPANG RIVER - BULI RIVER,CR,Commercial - Regular,60000.0
raw,RDO No. 53B - Muntinlupa City  is composed of the following Barangays:,,,9TH,NCR,MUNTINLUPA CITY,CUPANG,WEST SERVICE ROAD,CUPANG RIVER - BULI RIVER,I,Industrial,55000.0
raw,RDO No. 53B - Muntinlupa City  is composed of the following Barangays:,,,9TH,NCR,MUNTINLUPA CITY,CUPANG,WEST SERVICE ROAD,CUPANG RIVER - BULI RIVER,X,Special / Other,50000.0
raw,RDO No. 53B - Muntinlupa City  is composed of the following Barangays:,039-2019,"July 11, 2019",8TH,,MUNTINLUPA CITY,CUPANG,WEST SERVICE ROAD,CUPANG RIVER - BULI RIVER,RR,Residential - Regular,25000.0
raw,RDO No. 53B - Muntinlupa City  is composed of the following Barangays:,039-2019,"July 11, 2019",8TH,,MUNTINLUPA CITY,CUPANG,WEST SERVICE ROAD,CUPANG RIVER - BULI RIVER,CR,Commercial - Regular,50000.0
raw,RDO No. 53B - Muntinlupa City  is composed of the following Barangays:,039-2019,"July 11, 2019",8TH,,MUNTINLUPA CITY,CUPANG,WEST SERVICE ROAD,CUPANG RIVER - BULI RIVER,I,Industrial,45000.0
raw,RDO No. 53B - Muntinlupa City  is composed of the following Barangays:,039-2019,"July 11, 2019",8TH,,MUNTINLUPA CITY,CUPANG,WEST SERVICE ROAD,CUPANG RIVER - BULI RIVER,X,Special / Other,35000.0
raw,RDO No. 53B - Muntinlupa City  is composed of the following Barangays:,039-2019,"July 11, 2019",8TH,,MUNTINLUPA CITY,CUPANG,WEST SERVICE ROAD,CUPANG RIVER - BULI RIVER,RR,Residential - Regular,25000.0
raw,RDO No. 53B - Muntinlupa City  is composed of the following Barangays:,039-2019,"July 11, 2019",8TH,,MUNTINLUPA CITY,CUPANG,WEST SERVICE ROAD,CUPANG RIVER - BULI RIVER,CR,Commercial - Regular,50000.0
raw,RDO No. 53B - Muntinlupa City  is composed of the following Barangays:,039-2019,"July 11, 2019",8TH,,MUNTINLUPA CITY,CUPANG,WEST SERVICE ROAD,CUPANG RIVER - BULI RIVER,I,Industrial,45000.0
raw,RDO No. 53B - Muntinlupa City  is composed of the following Barangays:,039-2019,"July 11, 2019",8TH,,MUNTINLUPA CITY,CUPANG,WEST SERVICE ROAD,CUPANG RIVER - BULI RIVER,X,Special / Other,35000.0
raw,RDO No. 53B - Muntinlupa City  is composed of the following Barangays:,039-2019,"July 11, 2019",8TH,,MUNTINLUPA CITY,POBLACION,ALL OTHER STREETS,PNR SIDE (Flood Prone Area),RR,Residential - Regular,10000.0
raw,RDO No. 53B - Muntinlupa City  is composed of the following Barangays:,039-2019,"July 11, 2019",8TH,,MUNTINLUPA CITY,POBLACION,ALL OTHER STREETS,PNR SIDE (Flood Prone Area),CR,Commercial - Regular,25000.0
raw,RDO No. 53B - Muntinlupa City  is composed of the following Barangays:,039-2019,"July 11, 2019",8TH,,MUNTINLUPA CITY,POBLACION,ALL OTHER STREETS,PNR SIDE (Flood Prone Area),I,Industrial,22000.0
raw,RDO No. 53B - Muntinlupa City  is composed of the following Barangays:,039-2019,"July 11, 2019",8TH,,MUNTINLUPA CITY,POBLACION,ALL OTHER STREETS,PNR SIDE (Flood Prone Area),X,Special / Other,20000.0
raw,RDO No. 53B - Muntinlupa City  is composed of the following Barangays:,039-2019,"July 11, 2019",8TH,,MUNTINLUPA CITY,POBLACION,ALL OTHER STREETS,PNR SIDE (Flood Prone Area),RR,Residential - Regular,10000.0
raw,RDO No. 53B - Muntinlupa City  is composed of the following Barangays:,039-2019,"July 11, 2019",8TH,,MUNTINLUPA CITY,POBLACION,ALL OTHER STREETS,PNR SIDE (Flood Prone Area),CR,Commercial - Regular,25000.0
raw,RDO No. 53B - Muntinlupa City  is composed of the following Barangays:,039-2019,"July 11, 2019",8TH,,MUNTINLUPA CITY,POBLACION,ALL OTHER STREETS,PNR SIDE (Flood Prone Area),I,Industrial,22000.0
raw,RDO No. 53B - Muntinlupa City  is composed of the following Barangays:,039-2019,"July 11, 2019",8TH,,MUNTINLUPA CITY,POBLACION,ALL OTHER STREETS,PNR SIDE (Flood Prone Area),X,Special / Other,20000.0
raw,RDO No. 53B - Muntinlupa City  is composed of the following Barangays:,,,9TH,NCR,MUNTINLUPA CITY,POBLACION,ALL OTHER STREETS*,PNR SIDE (Flood Prone Area),RR,Residential - Regular,7000.0
raw,RDO No. 53B - Muntinlupa City  is composed of the following Barangays:,,,9TH,NCR,MUNTINLUPA CITY,POBLACION,ALL OTHER STREETS*,PNR SIDE (Flood Prone Area),CR,Commercial - Regular,17000.0
raw,RDO No. 53B - Muntinlupa City  is composed of the following Barangays:,,,9TH,NCR,MUNTINLUPA CITY,POBLACION,ALONG PHILIPPINE NATIONAL RAILWAYS,BARRIO PROPER,RR,Residential - Regular,15000.0
raw,RDO No. 53B - Muntinlupa City  is composed of the following Barangays:,039-2019,"July 11, 2019",8TH,,MUNTINLUPA CITY,POBLACION,ALONG PHILIPPINE NATIONAL RAILWAYS,BARRIO PROPER,RR,Residential - Regular,10000.0
raw,RDO No. 53B - Muntinlupa City  is composed of the following Barangays:,039-2019,"July 11, 2019",8TH,,MUNTINLUPA CITY,POBLACION,ALONG PHILIPPINE NATIONAL RAILWAYS,BARRIO PROPER,RR,Residential - Regular,10000.0
raw,RDO No. 53B - Muntinlupa City  is composed of the following Barangays:,,,9TH,NCR,MUNTINLUPA CITY,POBLACION,CAMELLA HOMES IV,KATIHAN,RR,Residential - Regular,20000.0
raw,RDO No. 53B - Muntinlupa City  is composed of the following Barangays:,039-2019,"July 11, 2019",8TH,,MUNTINLUPA CITY,POBLACION,CAMELLA HOMES IV,KATIHAN,RR,Residential - Regular,12000.0
raw,RDO No. 53B - Muntinlupa City  is composed of the following Barangays:,039-2019,"July 11, 2019",8TH,,MUNTINLUPA CITY,POBLACION,CAMELLA HOMES IV,KATIHAN,RR,Residential - Regular,12000.0
raw,RDO No. 53B - Muntinlupa City  is composed of the following Barangays:,,,9TH,NCR,MUNTINLUPA CITY,POBLACION,COUNTRY HOMES 2,CAMELLA HOMES 4,RR,Residential - Regular,20000.0
raw,RDO No. 53B - Muntinlupa City  is composed of the following Barangays:,039-2019,"July 11, 2019",8TH,,MUNTINLUPA CITY,POBLACION,COUNTRY HOMES 2,CAMELLA HOMES 4,RR,Residential - Regular,12000.0
raw,RDO No. 53B - Muntinlupa City  is composed of the following Barangays:,039-2019,"July 11, 2019",8TH,,MUNTINLUPA CITY,POBLACION,COUNTRY HOMES 2,CAMELLA HOMES 4,RR,Residential - Regular,12000.0
raw,RDO No. 53B - Muntinlupa City  is composed of the following Barangays:,039-2019,"July 11, 2019",8TH,,MUNTINLUPA CITY,POBLACION,E.RODRIGUEZ SR. AVENUE,SLEX-BILIBID ROAD (NBP)                       SLEX-NATIONAL ROAD,RR,Residential - Regular,15000.0
raw,RDO No. 53B - Muntinlupa City  is composed of the following Barangays:,039-2019,"July 11, 2019",8TH,,MUNTINLUPA CITY,POBLACION,E.RODRIGUEZ SR. AVENUE,SLEX-BILIBID ROAD (NBP)                       SLEX-NATIONAL ROAD,CR,Commercial - Regular,28000.0
raw,RDO No. 53B - Muntinlupa City  is composed of the following Barangays:,039-2019,"July 11, 2019",8TH,,MUNTINLUPA CITY,POBLACION,E.RODRIGUEZ SR. AVENUE,SLEX-BILIBID ROAD (NBP)                       SLEX-NATIONAL ROAD,I,Industrial,25000.0
raw,RDO No. 53B - Muntinlupa City  is composed of the following Barangays:,039-2019,"July 11, 2019",8TH,,MUNTINLUPA CITY,POBLACION,E.RODRIGUEZ SR. AVENUE,SLEX-BILIBID ROAD (NBP)                       SLEX-NATIONAL ROAD,X,Special / Other,22000.0
raw,RDO No. 53B - Muntinlupa City  is composed of the following Barangays:,039-2019,"July 11, 2019",8TH,,MUNTINLUPA CITY,POBLACION,E.RODRIGUEZ SR. AVENUE,SLEX-BILIBID ROAD (NBP)                       SLEX-NATIONAL ROAD,RR,Residential - Regular,15000.0
raw,RDO No. 53B - Muntinlupa City  is composed of the following Barangays:,039-2019,"July 11, 2019",8TH,,MUNTINLUPA CITY,POBLACION,E.RODRIGUEZ SR. AVENUE,SLEX-BILIBID ROAD (NBP)                       SLEX-NATIONAL ROAD,CR,Commercial - Regular,28000.0
raw,RDO No. 53B - Muntinlupa City  is composed of the following Barangays:,039-2019,"July 11, 2019",8TH,,MUNTINLUPA CITY,POBLACION,E.RODRIGUEZ SR. AVENUE,SLEX-BILIBID ROAD (NBP)                       SLEX-NATIONAL ROAD,I,Industrial,25000.0
raw,RDO No. 53B - Muntinlupa City  is composed of the following Barangays:,039-2019,"July 11, 2019",8TH,,MUNTINLUPA CITY,POBLACION,E.RODRIGUEZ SR. AVENUE,SLEX-BILIBID ROAD (NBP)                       SLEX-NATIONAL ROAD,X,Special / Other,22000.0
raw,RDO No. 53B - Muntinlupa City  is composed of the following Barangays:,,,9TH,NCR,MUNTINLUPA CITY,POBLACION,E.RODRIGUEZ SR. AVENUE (FORMERLY KATIHAN STREET),SLEX-BILIBID ROAD (NBP),RR,Residential - Regular,25000.0
raw,RDO No. 53B - Muntinlupa City  is composed of the following Barangays:,,,9TH,NCR,MUNTINLUPA CITY,POBLACION,E.RODRIGUEZ SR. AVENUE (FORMERLY KATIHAN STREET),SLEX - NATIONAL ROAD,CR,Commercial - Regular,40000.0
raw,RDO No. 53B - Muntinlupa City  is composed of the following Barangays:,,,9TH,NCR,MUNTINLUPA CITY,POBLACION,E.RODRIGUEZ SR. AVENUE (FORMERLY KATIHAN STREET),SLEX - NATIONAL ROAD,I,Industrial,35000.0
raw,RDO No. 53B - Muntinlupa City  is composed of the following Barangays:,,,9TH,NCR,MUNTINLUPA CITY,POBLACION,E.RODRIGUEZ SR. AVENUE (FORMERLY KATIHAN STREET),SLEX - NATIONAL ROAD,X,Special / Other,32000.0
raw,RDO No. 53B - Muntinlupa City  is composed of the following Barangays:,,,9TH,NCR,MUNTINLUPA CITY,POBLACION,KATARUNGAN VILLAGE I (PH I),NBP RESERVATION,RR,Residential - Regular,25000.0
raw,RDO No. 53B - Muntinlupa City  is composed of the following Barangays:,039-2019,"July 11, 2019",8TH,,MUNTINLUPA CITY,POBLACION,KATARUNGAN VILLAGE I (PH I),NBP RESERVATION,RR,Residential - Regular,22000.0
raw,RDO No. 53B - Muntinlupa City  is composed of the following Barangays:,039-2019,"July 11, 2019",8TH,,MUNTINLUPA CITY,POBLACION,KATARUNGAN VILLAGE I (PH I),NBP RESERVATION,RR,Residential - Regular,22000.0
raw,RDO No. 53B - Muntinlupa City  is composed of the following Barangays:,,,9TH,NCR,MUNTINLUPA CITY,POBLACION,KATARUNGAN VILLAGE I (PH II),NBP RESERVATION,RR,Residential - Regular,30000.0
raw,RDO No. 53B - Muntinlupa City  is composed of the following Barangays:,039-2019,"July 11, 2019",8TH,,MUNTINLUPA CITY,POBLACION,KATARUNGAN VILLAGE I (PH II),NBP RESERVATION,RR,Residential - Regular,25000.0
raw,RDO No. 53B - Muntinlupa City  is composed of the following Barangays:,039-2019,"July 11, 2019",8TH,,MUNTINLUPA CITY,POBLACION,KATARUNGAN VILLAGE I (PH II),NBP RESERVATION,RR,Residential - Regular,25000.0
raw,RDO No. 53B - Muntinlupa City  is composed of the following Barangays:,,,9TH,NCR,MUNTINLUPA CITY,POBLACION,KATARUNGAN VILLAGE II,NBP RESERVATION,RR,Residential - Regular,15000.0
raw,RDO No. 53B - Muntinlupa City  is composed of the following Barangays:,039-2019,"July 11, 2019",8TH,,MUNTINLUPA CITY,POBLACION,KATARUNGAN VILLAGE II,NBP RESERVATION,RR,Residential - Regular,10000.0
raw,RDO No. 53B - Muntinlupa City  is composed of the following Barangays:,039-2019,"July 11, 2019",8TH,,MUNTINLUPA CITY,POBLACION,KATARUNGAN VILLAGE II,NBP RESERVATION,RR,Residential - Regular,10000.0
raw,RDO No. 53B - Muntinlupa City  is composed of the following Barangays:,,,9TH,NCR,MUNTINLUPA CITY,POBLACION,NATIONAL ROAD,MAGDAONG RIV-BALIMBING RIVER,CR,Commercial - Regular,45000.0
raw,RDO No. 53B - Muntinlupa City  is composed of the following Barangays:,,,9TH,NCR,MUNTINLUPA CITY,POBLACION,NATIONAL ROAD,MAGDAONG RIV-BALIMBING RIVER,X,Special / Other,30000.0
raw,RDO No. 53B - Muntinlupa City  is composed of the following Barangays:,039-2019,"July 11, 2019",8TH,,MUNTINLUPA CITY,POBLACION,NATIONAL ROAD,MAGDAONG RIV-BALIMBING RIVER,CR,Commercial - Regular,40000.0
raw,RDO No. 53B - Muntinlupa City  is composed of the following Barangays:,039-2019,"July 11, 2019",8TH,,MUNTINLUPA CITY,POBLACION,NATIONAL ROAD,MAGDAONG RIV-BALIMBING RIVER,X,Special / Other,25000.0
raw,RDO No. 53B - Muntinlupa City  is composed of the following Barangays:,039-2019,"July 11, 2019",8TH,,MUNTINLUPA CITY,POBLACION,NATIONAL ROAD,MAGDAONG RIV-BALIMBING RIVER,CR,Commercial - Regular,40000.0
raw,RDO No. 53B - Muntinlupa City  is composed of the following Barangays:,039-2019,"July 11, 2019",8TH,,MUNTINLUPA CITY,POBLACION,NATIONAL ROAD,MAGDAONG RIV-BALIMBING RIVER,X,Special / Other,25000.0
raw,RDO No. 53B - Muntinlupa City  is composed of the following Barangays:,039-2019,"July 11, 2019",8TH,,MUNTINLUPA CITY,POBLACION,QUEZON ST.,NATIONAL ROAD-PNR,RR,Residential - Regular,20000.0
raw,RDO No. 53B - Muntinlupa City  is composed of the following Barangays:,039-2019,"July 11, 2019",8TH,,MUNTINLUPA CITY,POBLACION,QUEZON ST.,NATIONAL ROAD-PNR,CR,Commercial - Regular,35000.0
raw,RDO No. 53B - Muntinlupa City  is composed of the following Barangays:,039-2019,"July 11, 2019",8TH,,MUNTINLUPA CITY,POBLACION,QUEZON ST.,NATIONAL ROAD-PNR,X,Special / Other,33000.0
raw,RDO No. 53B - Muntinlupa City  is composed of the following Barangays:,039-2019,"July 11, 2019",8TH,,MUNTINLUPA CITY,POBLACION,QUEZON ST.,PNR - TM ROAD,RR,Residential - Regular,10000.0
raw,RDO No. 53B - Muntinlupa City  is composed of the following Barangays:,039-2019,"July 11, 2019",8TH,,MUNTINLUPA CITY,POBLACION,QUEZON ST.,PNR - TM ROAD,CR,Commercial - Regular,15000.0
raw,RDO No. 53B - Muntinlupa City  is composed of the following Barangays:,039-2019,"July 11, 2019",8TH,,MUNTINLUPA CITY,POBLACION,QUEZON ST.,NATIONAL ROAD-PNR,RR,Residential - Regular,20000.0
raw,RDO No. 53B - Muntinlupa City  is composed of the following Barangays:,039-2019,"July 11, 2019",8TH,,MUNTINLUPA CITY,POBLACION,QUEZON ST.,NATIONAL ROAD-PNR,CR,Commercial - Regular,35000.0
raw,RDO No. 53B - Muntinlupa City  is composed of the following Barangays:,039-2019,"July 11, 2019",8TH,,MUNTINLUPA CITY,POBLACION,QUEZON ST.,NATIONAL ROAD-PNR,X,Special / Other,33000.0
raw,RDO No. 53B - Muntinlupa City  is composed of the following Barangays:,039-2019,"July 11, 2019",8TH,,MUNTINLUPA CITY,POBLACION,QUEZON ST.,PNR - TM ROAD,RR,Residential - Regular,10000.0
raw,RDO No. 53B - Muntinlupa City  is composed of the following Barangays:,039-2019,"July 11, 2019",8TH,,MUNTINLUPA CITY,POBLACION,QUEZON ST.,PNR - TM ROAD,CR,Commercial - Regular,15000.0
raw,RDO No. 53B - Muntinlupa City  is composed of the following Barangays:,,,9TH,NCR,MUNTINLUPA CITY,POBLACION,QUEZON ST. AND PEDRO DIAZ ST.,NATIONAL ROAD-PNR,RR,Residential - Regular,25000.0
raw,RDO No. 53B - Muntinlupa City  is composed of the following Barangays:,,,9TH,NCR,MUNTINLUPA CITY,POBLACION,QUEZON ST. AND PEDRO DIAZ ST.,NATIONAL ROAD-PNR,CR,Commercial - Regular,42000.0
raw,RDO No. 53B - Muntinlupa City  is composed of the following Barangays:,,,9TH,NCR,MUNTINLUPA CITY,POBLACION,QUEZON ST. AND PEDRO DIAZ ST.,NATIONAL ROAD-PNR,X,Special / Other,40000.0
raw,RDO No. 53B - Muntinlupa City  is composed of the following Barangays:,,,9TH,NCR,MUNTINLUPA CITY,POBLACION,QUEZON ST. AND PEDRO DIAZ ST.,PNR - TM ROAD,RR,Residential - Regular,15000.0
raw,RDO No. 53B - Muntinlupa City  is composed of the following Barangays:,,,9TH,NCR,MUNTINLUPA CITY,POBLACION,QUEZON ST. AND PEDRO DIAZ ST.,PNR - TM ROAD,CR,Commercial - Regular,20000.0
raw,RDO No. 53B - Muntinlupa City  is composed of the following Barangays:,,,9TH,NCR,MUNTINLUPA CITY,POBLACION,RIZAL ST.,NBP-SLEX,RR,Residential - Regular,20000.0
raw,RDO No. 53B - Muntinlupa City  is composed of the following Barangays:,,,9TH,NCR,MUNTINLUPA CITY,POBLACION,RIZAL ST.,NBP-SLEX,CR,Commercial - Regular,30000.0
raw,RDO No. 53B - Muntinlupa City  is composed of the following Barangays:,,,9TH,NCR,MUNTINLUPA CITY,POBLACION,RIZAL ST.,NBP-SLEX,X,Special / Other,25000.0
raw,RDO No. 53B - Muntinlupa City  is composed of the following Barangays:,,,9TH,NCR,MUNTINLUPA CITY,POBLACION,RIZAL ST.,SLEX-NATIONAL ROAD (KATIHAN),RR,Residential - Regular,25000.0
raw,RDO No. 53B - Muntinlupa City  is composed of the following Barangays:,,,9TH,NCR,MUNTINLUPA CITY,POBLACION,RIZAL ST.,SLEX-NATIONAL ROAD (KATIHAN),CR,Commercial - Regular,30000.0
raw,RDO No. 53B - Muntinlupa City  is composed of the following Barangays:,,,9TH,NCR,MUNTINLUPA CITY,POBLACION,RIZAL ST.,SLEX-NATIONAL ROAD (KATIHAN),X,Special / Other,27000.0
raw,RDO No. 53B - Muntinlupa City  is composed of the following Barangays:,,,9TH,NCR,MUNTINLUPA CITY,POBLACION,RIZAL ST.,NATIONAL ROAD-PNR,RR,Residential - Regular,20000.0
raw,RDO No. 53B - Muntinlupa City  is composed of the following Barangays:,,,9TH,NCR,MUNTINLUPA CITY,POBLACION,RIZAL ST.,NATIONAL ROAD-PNR,CR,Commercial - Regular,30000.0
raw,RDO No. 53B - Muntinlupa City  is composed of the following Barangays:,,,9TH,NCR,MUNTINLUPA CITY,POBLACION,RIZAL ST.,NATIONAL ROAD-PNR,X,Special / Other,27000.0
raw,RDO No. 53B - Muntinlupa City  is composed of the following Barangays:,,,9TH,NCR,MUNTINLUPA CITY,POBLACION,RIZAL ST.,PNR - TM ROAD,RR,Residential - Regular,15000.0
raw,RDO No. 53B - Muntinlupa City  is composed of the following Barangays:,039-2019,"July 11, 2019",8TH,,MUNTINLUPA CITY,POBLACION,RIZAL ST.,NBP-SLEX,RR,Residential - Regular,15000.0
raw,RDO No. 53B - Muntinlupa City  is composed of the following Barangays:,039-2019,"July 11, 2019",8TH,,MUNTINLUPA CITY,POBLACION,RIZAL ST.,NBP-SLEX,CR,Commercial - Regular,25000.0
raw,RDO No. 53B - Muntinlupa City  is composed of the following Barangays:,039-2019,"July 11, 2019",8TH,,MUNTINLUPA CITY,POBLACION,RIZAL ST.,NBP-SLEX,X,Special / Other,20000.0
raw,RDO No. 53B - Muntinlupa City  is composed of the following Barangays:,039-2019,"July 11, 2019",8TH,,MUNTINLUPA CITY,POBLACION,RIZAL ST.,SLEX-NATIONAL ROAD (KATIHAN),RR,Residential - Regular,20000.0
raw,RDO No. 53B - Muntinlupa City  is composed of the following Barangays:,039-2019,"July 11, 2019",8TH,,MUNTINLUPA CITY,POBLACION,RIZAL ST.,SLEX-NATIONAL ROAD (KATIHAN),CR,Commercial - Regular,25000.0
raw,RDO No. 53B - Muntinlupa City  is composed of the following Barangays:,039-2019,"July 11, 2019",8TH,,MUNTINLUPA CITY,POBLACION,RIZAL ST.,SLEX-NATIONAL ROAD (KATIHAN),X,Special / Other,22000.0
raw,RDO No. 53B - Muntinlupa City  is composed of the following Barangays:,039-2019,"July 11, 2019",8TH,,MUNTINLUPA CITY,POBLACION,RIZAL ST.,NATIONAL ROAD-PNR,RR,Residential - Regular,15000.0
raw,RDO No. 53B - Muntinlupa City  is composed of the following Barangays:,039-2019,"July 11, 2019",8TH,,MUNTINLUPA CITY,POBLACION,RIZAL ST.,NATIONAL ROAD-PNR,CR,Commercial - Regular,25000.0
raw,RDO No. 53B - Muntinlupa City  is composed of the following Barangays:,039-2019,"July 11, 2019",8TH,,MUNTINLUPA CITY,POBLACION,RIZAL ST.,NATIONAL ROAD-PNR,X,Special / Other,22000.0
raw,RDO No. 53B - Muntinlupa City  is composed of the following Barangays:,039-2019,"July 11, 2019",8TH,,MUNTINLUPA CITY,POBLACION,RIZAL ST.,PNR - TM ROAD,RR,Residential - Regular,10000.0
raw,RDO No. 53B - Muntinlupa City  is composed of the following Barangays:,039-2019,"July 11, 2019",8TH,,MUNTINLUPA CITY,POBLACION,RIZAL ST.,NBP-SLEX,RR,Residential - Regular,15000.0
raw,RDO No. 53B - Muntinlupa City  is composed of the following Barangays:,039-2019,"July 11, 2019",8TH,,MUNTINLUPA CITY,POBLACION,RIZAL ST.,NBP-SLEX,CR,Commercial - Regular,25000.0
raw,RDO No. 53B - Muntinlupa City  is composed of the following Barangays:,039-2019,"July 11, 2019",8TH,,MUNTINLUPA CITY,POBLACION,RIZAL ST.,NBP-SLEX,X,Special / Other,20000.0
raw,RDO No. 53B - Muntinlupa City  is composed of the following Barangays:,039-2019,"July 11, 2019",8TH,,MUNTINLUPA CITY,POBLACION,RIZAL ST.,SLEX-NATIONAL ROAD (KATIHAN),RR,Residential - Regular,20000.0
raw,RDO No. 53B - Muntinlupa City  is composed of the following Barangays:,039-2019,"July 11, 2019",8TH,,MUNTINLUPA CITY,POBLACION,RIZAL ST.,SLEX-NATIONAL ROAD (KATIHAN),CR,Commercial - Regular,25000.0
raw,RDO No. 53B - Muntinlupa City  is composed of the following Barangays:,039-2019,"July 11, 2019",8TH,,MUNTINLUPA CITY,POBLACION,RIZAL ST.,SLEX-NATIONAL ROAD (KATIHAN),X,Special / Other,22000.0
raw,RDO No. 53B - Muntinlupa City  is composed of the following Barangays:,039-2019,"July 11, 2019",8TH,,MUNTINLUPA CITY,POBLACION,RIZAL ST.,NATIONAL ROAD-PNR,RR,Residential - Regular,15000.0
raw,RDO No. 53B - Muntinlupa City  is composed of the following Barangays:,039-2019,"July 11, 2019",8TH,,MUNTINLUPA CITY,POBLACION,RIZAL ST.,NATIONAL ROAD-PNR,CR,Commercial - Regular,25000.0
raw,RDO No. 53B - Muntinlupa City  is composed of the following Barangays:,039-2019,"July 11, 2019",8TH,,MUNTINLUPA CITY,POBLACION,RIZAL ST.,NATIONAL ROAD-PNR,X,Special / Other,22000.0
raw,RDO No. 53B - Muntinlupa City  is composed of the following Barangays:,039-2019,"July 11, 2019",8TH,,MUNTINLUPA CITY,POBLACION,RIZAL ST.,PNR - TM ROAD,RR,Residential - Regular,10000.0
raw,RDO No. 53B - Muntinlupa City  is composed of the following Barangays:,039-2019,"July 11, 2019",8TH,,MUNTINLUPA CITY,POBLACION,SAMAHANG MAGKAKAPITBAHAY,MAGDAONG ST,RR,Residential - Regular,8000.0
raw,RDO No. 53B - Muntinlupa City  is composed of the following Barangays:,039-2019,"July 11, 2019",8TH,,MUNTINLUPA CITY,POBLACION,SAMAHANG MAGKAKAPITBAHAY,MAGDAONG ST,RR,Residential - Regular,8000.0
raw,RDO No. 53B - Muntinlupa City  is composed of the following Barangays:,,,9TH,NCR,MUNTINLUPA CITY,POBLACION,SAMAHANG MAGKAKAPITBAHAY (MAGDAONG),MAGDAONG ST / DRIVE,RR,Residential - Regular,10000.0
raw,RDO No. 53B - Muntinlupa City  is composed of the following Barangays:,,,9TH,NCR,MUNTINLUPA CITY,POBLACION,SOUTH LUZON EXPRESSWAY (SLEX),PUTATAN BOUNDARY-TUNASAN BOUNDARY,CR,Commercial - Regular,60000.0
raw,RDO No. 53B - Muntinlupa City  is composed of the following Barangays:,,,9TH,NCR,MUNTINLUPA CITY,POBLACION,SOUTH LUZON EXPRESSWAY (SLEX),PUTATAN BOUNDARY-TUNASAN BOUNDARY,RR,Residential - Regular,15000.0
raw,RDO No. 53B - Muntinlupa City  is composed of the following Barangays:,,,9TH,NCR,MUNTINLUPA CITY,POBLACION,SOUTH LUZON EXPRESSWAY (SLEX),PUTATAN BOUNDARY-TUNASAN BOUNDARY,I,Industrial,42000.0
raw,RDO No. 53B - Muntinlupa City  is composed of the following Barangays:,,,9TH,NCR,MUNTINLUPA CITY,POBLACION,SOUTH LUZON EXPRESSWAY (SLEX),PUTATAN BOUNDARY-TUNASAN BOUNDARY,X,Special / Other,30000.0
raw,RDO No. 53B - Muntinlupa City  is composed of the following Barangays:,039-2019,"July 11, 2019",8TH,,MUNTINLUPA CITY,POBLACION,SOUTH LUZON EXPRESSWAY (SLEX),PUTATAN BOUNDARY-TUNASAN BOUNDARY,CR,Commercial - Regular,50000.0
raw,RDO No. 53B - Muntinlupa City  is composed of the following Barangays:,039-2019,"July 11, 2019",8TH,,MUNTINLUPA CITY,POBLACION,SOUTH LUZON EXPRESSWAY (SLEX),PUTATAN BOUNDARY-TUNASAN BOUNDARY,RR,Residential - Regular,10000.0
raw,RDO No. 53B - Muntinlupa City  is composed of the following Barangays:,039-2019,"July 11, 2019",8TH,,MUNTINLUPA CITY,POBLACION,SOUTH LUZON EXPRESSWAY (SLEX),PUTATAN BOUNDARY-TUNASAN BOUNDARY,I,Industrial,35000.0
raw,RDO No. 53B - Muntinlupa City  is composed of the following Barangays:,039-2019,"July 11, 2019",8TH,,MUNTINLUPA CITY,POBLACION,SOUTH LUZON EXPRESSWAY (SLEX),PUTATAN BOUNDARY-TUNASAN BOUNDARY,X,Special / Other,25000.0
raw,RDO No. 53B - Muntinlupa City  is composed of the following Barangays:,039-2019,"July 11, 2019",8TH,,MUNTINLUPA CITY,POBLACION,SOUTH LUZON EXPRESSWAY (SLEX),PUTATAN BOUNDARY-TUNASAN BOUNDARY,CR,Commercial - Regular,50000.0
raw,RDO No. 53B - Muntinlupa City  is composed of the following Barangays:,039-2019,"July 11, 2019",8TH,,MUNTINLUPA CITY,POBLACION,SOUTH LUZON EXPRESSWAY (SLEX),PUTATAN BOUNDARY-TUNASAN BOUNDARY,RR,Residential - Regular,10000.0
raw,RDO No. 53B - Muntinlupa City  is composed of the following Barangays:,039-2019,"July 11, 2019",8TH,,MUNTINLUPA CITY,POBLACION,SOUTH LUZON EXPRESSWAY (SLEX),PUTATAN BOUNDARY-TUNASAN BOUNDARY,I,Industrial,35000.0
raw,RDO No. 53B - Muntinlupa City  is composed of the following Barangays:,039-2019,"July 11, 2019",8TH,,MUNTINLUPA CITY,POBLACION,SOUTH LUZON EXPRESSWAY (SLEX),PUTATAN BOUNDARY-TUNASAN BOUNDARY,X,Special / Other,25000.0
raw,RDO No. 53B - Muntinlupa City  is composed of the following Barangays:,,,9TH,NCR,MUNTINLUPA CITY,POBLACION,SOUTHVILLE I-III,SAMPAGUITA ROAD-INSULAR PRISON ROAD (Low Cost/Socialized Housing Area),RR,Residential - Regular,12000.0
raw,RDO No. 53B - Muntinlupa City  is composed of the following Barangays:,039-2019,"July 11, 2019",8TH,,MUNTINLUPA CITY,POBLACION,SOUTHVILLE I-III,SAMPAGUITA ROAD-INSULAR PRISON ROAD (Low Cost/Socialized Housing Area),RR,Residential - Regular,8000.0
raw,RDO No. 53B - Muntinlupa City  is composed of the following Barangays:,039-2019,"July 11, 2019",8TH,,MUNTINLUPA CITY,POBLACION,SOUTHVILLE I-III,SAMPAGUITA ROAD-INSULAR PRISON ROAD (Low Cost/Socialized Housing Area),RR,Residential - Regular,8000.0
raw,RDO No. 53B - Muntinlupa City  is composed of the following Barangays:,039-2019,"July 11, 2019",8TH,,MUNTINLUPA CITY,POBLACION,T.M. ROAD,LAKESIDE (Flood Prone Area),RR,Residential - Regular,5000.0
raw,RDO No. 53B - Muntinlupa City  is composed of the following Barangays:,039-2019,"July 11, 2019",8TH,,MUNTINLUPA CITY,POBLACION,T.M. ROAD,LAKESIDE (Flood Prone Area),RR,Residential - Regular,5000.0
raw,RDO No. 53B - Muntinlupa City  is composed of the following Barangays:,039-2019,"July 11, 2019",8TH,,MUNTINLUPA CITY,POBLACION,T.M. ROAD (SAN GUILLERMO ST),PNR SIDE (Flood Prone Area),RR,Residential - Regular,7000.0
raw,RDO No. 53B - Muntinlupa City  is composed of the following Barangays:,039-2019,"July 11, 2019",8TH,,MUNTINLUPA CITY,POBLACION,T.M. ROAD (SAN GUILLERMO ST),PNR SIDE (Flood Prone Area),RR,Residential - Regular,7000.0
raw,RDO No. 53B - Muntinlupa City  is composed of the following Barangays:,,,9TH,NCR,MUNTINLUPA CITY,POBLACION,TAGUIG MUNTINLUPA ROAD T.M. ROAD,LAKESIDE (Flood Prone Area),RR,Residential - Regular,8000.0
raw,RDO No. 53B - Muntinlupa City  is composed of the following Barangays:,,,9TH,NCR,MUNTINLUPA CITY,POBLACION,TAGUIG MUNTINLUPA ROAD T.M. ROAD,LAKESIDE (Flood Prone Area),CR,Commercial - Regular,18000.0
raw,RDO No. 53B - Muntinlupa City  is composed of the following Barangays:,,,9TH,NCR,MUNTINLUPA CITY,POBLACION,TAGUIG MUNTINLUPA ROAD T.M. ROAD (SAN GUILLERMO ST),PNR SIDE (Flood Prone Area),RR,Residential - Regular,10000.0
raw,RDO No. 53B - Muntinlupa City  is composed of the following Barangays:,,,9TH,NCR,MUNTINLUPA CITY,POBLACION,TAGUIG MUNTINLUPA ROAD T.M. ROAD (SAN GUILLERMO ST),PNR SIDE (Flood Prone Area),CR,Commercial - Regular,18000.0
raw,RDO No. 53B - Muntinlupa City  is composed of the following Barangays:,,,9TH,NCR,MUNTINLUPA CITY,PUTATAN,A & A AGRO HOMES,INT. NATIONAL ROAD,RR,Residential - Regular,25000.0
raw,RDO No. 53B - Muntinlupa City  is composed of the following Barangays:,039-2019,"July 11, 2019",8TH,,MUNTINLUPA CITY,PUTATAN,A & A AGRO HOMES,INT. NATIONAL ROAD,RR,Residential - Regular,15000.0
raw,RDO No. 53B - Muntinlupa City  is composed of the following Barangays:,039-2019,"July 11, 2019",8TH,,MUNTINLUPA CITY,PUTATAN,A & A AGRO HOMES,INT. NATIONAL ROAD,RR,Residential - Regular,15000.0
raw,RDO No. 53B - Muntinlupa City  is composed of the following Barangays:,039-2019,"July 11, 2019",8TH,,MUNTINLUPA CITY,PUTATAN,ALL OTHER STREETS,SLEX,RR,Residential - Regular,10000.0
raw,RDO No. 53B - Muntinlupa City  is composed of the following Barangays:,039-2019,"July 11, 2019",8TH,,MUNTINLUPA CITY,PUTATAN,ALL OTHER STREETS,SLEX,CR,Commercial - Regular,25000.0
raw,RDO No. 53B - Muntinlupa City  is composed of the following Barangays:,039-2019,"July 11, 2019",8TH,,MUNTINLUPA CITY,PUTATAN,ALL OTHER STREETS,SLEX,X,Special / Other,15000.0
raw,RDO No. 53B - Muntinlupa City  is composed of the following Barangays:,039-2019,"July 11, 2019",8TH,,MUNTINLUPA CITY,PUTATAN,ALL OTHER STREETS,SLEX,RR,Residential - Regular,10000.0
raw,RDO No. 53B - Muntinlupa City  is composed of the following Barangays:,039-2019,"July 11, 2019",8TH,,MUNTINLUPA CITY,PUTATAN,ALL OTHER STREETS,SLEX,CR,Commercial - Regular,25000.0
raw,RDO No. 53B - Muntinlupa City  is composed of the following Barangays:,039-2019,"July 11, 2019",8TH,,MUNTINLUPA CITY,PUTATAN,ALL OTHER STREETS,SLEX,X,Special / Other,15000.0
raw,RDO No. 53B - Muntinlupa City  is composed of the following Barangays:,,,9TH,NCR,MUNTINLUPA CITY,PUTATAN,ALL OTHER STREETS**,SLEX,RR,Residential - Regular,7000.0
raw,RDO No. 53B - Muntinlupa City  is composed of the following Barangays:,,,9TH,NCR,MUNTINLUPA CITY,PUTATAN,ALL OTHER STREETS**,SLEX,CR,Commercial - Regular,17000.0
raw,RDO No. 53B - Muntinlupa City  is composed of the following Barangays:,,,9TH,NCR,MUNTINLUPA CITY,PUTATAN,ALMAN VILLE SUBDIVISION,SUMMIT VILLE (Low Lying Area),RR,Residential - Regular,15000.0
raw,RDO No. 53B - Muntinlupa City  is composed of the following Barangays:,039-2019,"July 11, 2019",8TH,,MUNTINLUPA CITY,PUTATAN,ALMAN VILLE SUBDIVISION,SUMMIT VILLE (Low Lying Area),RR,Residential - Regular,10000.0
raw,RDO No. 53B - Muntinlupa City  is composed of the following Barangays:,039-2019,"July 11, 2019",8TH,,MUNTINLUPA CITY,PUTATAN,ALMAN VILLE SUBDIVISION,SUMMIT VILLE (Low Lying Area),RR,Residential - Regular,10000.0
raw,RDO No. 53B - Muntinlupa City  is composed of the following Barangays:,,,9TH,NCR,MUNTINLUPA CITY,PUTATAN,ALONG PHILIPPINE NATIONAL RAILWAYS,BARRIO PROPER (No Right of Way),RR,Residential - Regular,12000.0
raw,RDO No. 53B - Muntinlupa City  is composed of the following Barangays:,039-2019,"July 11, 2019",8TH,,MUNTINLUPA CITY,PUTATAN,ALONG PHILIPPINE NATIONAL RAILWAYS,BARRIO PROPER (No Right of Way),RR,Residential - Regular,8000.0
raw,RDO No. 53B - Muntinlupa City  is composed of the following Barangays:,039-2019,"July 11, 2019",8TH,,MUNTINLUPA CITY,PUTATAN,ALONG PHILIPPINE NATIONAL RAILWAYS,BARRIO PROPER (No Right of Way),RR,Residential - Regular,8000.0
raw,RDO No. 53B - Muntinlupa City  is composed of the following Barangays:,,,9TH,NCR,MUNTINLUPA CITY,PUTATAN,BAGONG SIBOL (Populated mostly by Informal Settler),PASONG MAKIPOT,RR,Residential - Regular,10000.0
raw,RDO No. 53B - Muntinlupa City  is composed of the following Barangays:,039-2019,"July 11, 2019",8TH,,MUNTINLUPA CITY,PUTATAN,BAGONG SIBOL (Populated mostly by Informal Settler),PASONG MAKIPOT,RR,Residential - Regular,8000.0
raw,RDO No. 53B - Muntinlupa City  is composed of the following Barangays:,039-2019,"July 11, 2019",8TH,,MUNTINLUPA CITY,PUTATAN,BAGONG SIBOL (Populated mostly by Informal Settler),PASONG MAKIPOT,RR,Residential - Regular,8000.0
raw,RDO No. 53B - Muntinlupa City  is composed of the following Barangays:,,,9TH,NCR,MUNTINLUPA CITY,PUTATAN,BAYFAIR SUBDDIVISION,INT. BRUGER ROAD,RR,Residential - Regular,15000.0
raw,RDO No. 53B - Muntinlupa City  is composed of the following Barangays:,039-2019,"July 11, 2019",8TH,,MUNTINLUPA CITY,PUTATAN,BAYFAIR SUBDDIVISION,INT. BRUGER ROAD,RR,Residential - Regular,12000.0
raw,RDO No. 53B - Muntinlupa City  is composed of the following Barangays:,039-2019,"July 11, 2019",8TH,,MUNTINLUPA CITY,PUTATAN,BAYFAIR SUBDDIVISION,INT. BRUGER ROAD,RR,Residential - Regular,12000.0
raw,RDO No. 53B - Muntinlupa City  is composed of the following Barangays:,,,9TH,NCR,MUNTINLUPA CITY,PUTATAN,BLOOMBLISS,INT. NATIONAL ROAD,RR,Residential - Regular,12000.0
raw,RDO No. 53B - Muntinlupa City  is composed of the following Barangays:,039-2019,"July 11, 2019",8TH,,MUNTINLUPA CITY,PUTATAN,BLOOMBLISS,INT. NATIONAL ROAD,RR,Residential - Regular,10000.0
raw,RDO No. 53B - Muntinlupa City  is composed of the following Barangays:,039-2019,"July 11, 2019",8TH,,MUNTINLUPA CITY,PUTATAN,BLOOMBLISS,INT. NATIONAL ROAD,RR,Residential - Regular,10000.0
raw,RDO No. 53B - Muntinlupa City  is composed of the following Barangays:,,,9TH,NCR,MUNTINLUPA CITY,PUTATAN,BRUGER SUBDIVISION,NATIONAL ROAD TO PNR,RR,Residential - Regular,30000.0
raw,RDO No. 53B - Muntinlupa City  is composed of the following Barangays:,,,9TH,NCR,MUNTINLUPA CITY,PUTATAN,BRUGER SUBDIVISION,BRUGER STREET,RR,Residential - Regular,25000.0
raw,RDO No. 53B - Muntinlupa City  is composed of the following Barangays:,,,9TH,NCR,MUNTINLUPA CITY,PUTATAN,BRUGER SUBDIVISION,LARBAF STREET,RR,Residential - Regular,27000.0
raw,RDO No. 53B - Muntinlupa City  is composed of the following Barangays:,,,9TH,NCR,MUNTINLUPA CITY,PUTATAN,BRUGER SUBDIVISION,NATIONAL RD TO PNR,X,Special / Other,30000.0
raw,RDO No. 53B - Muntinlupa City  is composed of the following Barangays:,039-2019,"July 11, 2019",8TH,,MUNTINLUPA CITY,PUTATAN,BRUGER SUBDIVISION,NATIONAL ROAD TO PNR,RR,Residential - Regular,20000.0
raw,RDO No. 53B - Muntinlupa City  is composed of the following Barangays:,039-2019,"July 11, 2019",8TH,,MUNTINLUPA CITY,PUTATAN,BRUGER SUBDIVISION,BRUGER STREET,RR,Residential - Regular,21000.0
raw,RDO No. 53B - Muntinlupa City  is composed of the following Barangays:,039-2019,"July 11, 2019",8TH,,MUNTINLUPA CITY,PUTATAN,BRUGER SUBDIVISION,LARBAF STREET,RR,Residential - Regular,22000.0
raw,RDO No. 53B - Muntinlupa City  is composed of the following Barangays:,039-2019,"July 11, 2019",8TH,,MUNTINLUPA CITY,PUTATAN,BRUGER SUBDIVISION,NATIONAL RD TO PNR,X,Special / Other,25000.0
raw,RDO No. 53B - Muntinlupa City  is composed of the following Barangays:,039-2019,"July 11, 2019",8TH,,MUNTINLUPA CITY,PUTATAN,BRUGER SUBDIVISION,NATIONAL ROAD TO PNR,RR,Residential - Regular,20000.0
raw,RDO No. 53B - Muntinlupa City  is composed of the following Barangays:,039-2019,"July 11, 2019",8TH,,MUNTINLUPA CITY,PUTATAN,BRUGER SUBDIVISION,BRUGER STREET,RR,Residential - Regular,21000.0
raw,RDO No. 53B - Muntinlupa City  is composed of the following Barangays:,039-2019,"July 11, 2019",8TH,,MUNTINLUPA CITY,PUTATAN,BRUGER SUBDIVISION,LARBAF STREET,RR,Residential - Regular,22000.0
raw,RDO No. 53B - Muntinlupa City  is composed of the following Barangays:,039-2019,"July 11, 2019",8TH,,MUNTINLUPA CITY,PUTATAN,BRUGER SUBDIVISION,NATIONAL RD TO PNR,X,Special / Other,25000.0
raw,RDO No. 53B - Muntinlupa City  is composed of the following Barangays:,,,9TH,NCR,MUNTINLUPA CITY,PUTATAN,CAMELLA HOMES 1,SOUTH SUPERVILLE SUBD,RR,Residential - Regular,20000.0
raw,RDO No. 53B - Muntinlupa City  is composed of the following Barangays:,039-2019,"July 11, 2019",8TH,,MUNTINLUPA CITY,PUTATAN,CAMELLA HOMES 1,SOUTH SUPERVILLE SUBD,RR,Residential - Regular,15000.0
raw,RDO No. 53B - Muntinlupa City  is composed of the following Barangays:,039-2019,"July 11, 2019",8TH,,MUNTINLUPA CITY,PUTATAN,CAMELLA HOMES 1,SOUTH SUPERVILLE SUBD,RR,Residential - Regular,15000.0
raw,RDO No. 53B - Muntinlupa City  is composed of the following Barangays:,,,9TH,NCR,MUNTINLUPA CITY,PUTATAN,CAMELLA HOMES 2,SOLDIER'S HILLS,RR,Residential - Regular,20000.0
raw,RDO No. 53B - Muntinlupa City  is composed of the following Barangays:,039-2019,"July 11, 2019",8TH,,MUNTINLUPA CITY,PUTATAN,CAMELLA HOMES 2,SOLDIER'S HILLS,RR,Residential - Regular,15000.0
raw,RDO No. 53B - Muntinlupa City  is composed of the following Barangays:,039-2019,"July 11, 2019",8TH,,MUNTINLUPA CITY,PUTATAN,CAMELLA HOMES 2,SOLDIER'S HILLS,RR,Residential - Regular,15000.0
raw,RDO No. 53B - Muntinlupa City  is composed of the following Barangays:,,,9TH,NCR,MUNTINLUPA CITY,PUTATAN,CAMELLA HOMES II- E,SOLDIER'S HILLS,RR,Residential - Regular,20000.0
raw,RDO No. 53B - Muntinlupa City  is composed of the following Barangays:,039-2019,"July 11, 2019",8TH,,MUNTINLUPA CITY,PUTATAN,CAMELLA HOMES II- E,SOLDIER'S HILLS,RR,Residential - Regular,15000.0
raw,RDO No. 53B - Muntinlupa City  is composed of the following Barangays:,039-2019,"July 11, 2019",8TH,,MUNTINLUPA CITY,PUTATAN,CAMELLA HOMES II- E,SOLDIER'S HILLS,RR,Residential - Regular,15000.0
raw,RDO No. 53B - Muntinlupa City  is composed of the following Barangays:,,,9TH,NCR,MUNTINLUPA CITY,PUTATAN,CAMELLA HOMES II-D,SOLDIER'S HILLS,RR,Residential - Regular,20000.0
raw,RDO No. 53B - Muntinlupa City  is composed of the following Barangays:,039-2019,"July 11, 2019",8TH,,MUNTINLUPA CITY,PUTATAN,CAMELLA HOMES II-D,SOLDIER'S HILLS,RR,Residential - Regular,15000.0
raw,RDO No. 53B - Muntinlupa City  is composed of the following Barangays:,039-2019,"July 11, 2019",8TH,,MUNTINLUPA CITY,PUTATAN,CAMELLA HOMES II-D,SOLDIER'S HILLS,RR,Residential - Regular,15000.0
raw,RDO No. 53B - Muntinlupa City  is composed of the following Barangays:,,,9TH,NCR,MUNTINLUPA CITY,PUTATAN,CAMELLA HOMES IV-B,BALIMBING RIVER,RR,Residential - Regular,20000.0
raw,RDO No. 53B - Muntinlupa City  is composed of the following Barangays:,039-2019,"July 11, 2019",8TH,,MUNTINLUPA CITY,PUTATAN,CAMELLA HOMES IV-B,BALIMBING RIVER,RR,Residential - Regular,15000.0
raw,RDO No. 53B - Muntinlupa City  is composed of the following Barangays:,039-2019,"July 11, 2019",8TH,,MUNTINLUPA CITY,PUTATAN,CAMELLA HOMES IV-B,BALIMBING RIVER,RR,Residential - Regular,15000.0
raw,RDO No. 53B - Muntinlupa City  is composed of the following Barangays:,,,9TH,NCR,MUNTINLUPA CITY,PUTATAN,CAMELLA TOWNHOMES 1,CAMELLA HOMES I,RR,Residential - Regular,20000.0
raw,RDO No. 53B - Muntinlupa City  is composed of the following Barangays:,039-2019,"July 11, 2019",8TH,,MUNTINLUPA CITY,PUTATAN,CAMELLA TOWNHOMES 1,CAMELLA HOMES I,RR,Residential - Regular,15000.0
raw,RDO No. 53B - Muntinlupa City  is composed of the following Barangays:,039-2019,"July 11, 2019",8TH,,MUNTINLUPA CITY,PUTATAN,CAMELLA TOWNHOMES 1,CAMELLA HOMES I,RR,Residential - Regular,15000.0
raw,RDO No. 53B - Muntinlupa City  is composed of the following Barangays:,,,9TH,NCR,MUNTINLUPA CITY,PUTATAN,CAMELLA TOWNHOMES 2,SOUTH SUPERVILLE SUBD,RR,Residential - Regular,20000.0
raw,RDO No. 53B - Muntinlupa City  is composed of the following Barangays:,039-2019,"July 11, 2019",8TH,,MUNTINLUPA CITY,PUTATAN,CAMELLA TOWNHOMES 2,SOUTH SUPERVILLE SUBD,RR,Residential - Regular,15000.0
raw,RDO No. 53B - Muntinlupa City  is composed of the following Barangays:,039-2019,"July 11, 2019",8TH,,MUNTINLUPA CITY,PUTATAN,CAMELLA TOWNHOMES 2,SOUTH SUPERVILLE SUBD,RR,Residential - Regular,15000.0
raw,RDO No. 53B - Muntinlupa City  is composed of the following Barangays:,,,9TH,NCR,MUNTINLUPA CITY,PUTATAN,COUNTRY HOMES ALABANG/CERF TOWNHOMES,"SLEX (NEAR SLEX, ENTRY ALONG NATIONAL ROAD)",RR,Residential - Regular,20000.0
raw,RDO No. 53B - Muntinlupa City  is composed of the following Barangays:,039-2019,"July 11, 2019",8TH,,MUNTINLUPA CITY,PUTATAN,COUNTRY HOMES/CERF TOWNHOMES,SLEX,RR,Residential - Regular,15000.0
raw,RDO No. 53B - Muntinlupa City  is composed of the following Barangays:,039-2019,"July 11, 2019",8TH,,MUNTINLUPA CITY,PUTATAN,COUNTRY HOMES/CERF TOWNHOMES,SLEX,RR,Residential - Regular,15000.0
raw,RDO No. 53B - Muntinlupa City  is composed of the following Barangays:,,,9TH,NCR,MUNTINLUPA CITY,PUTATAN,ESPORLAS CPD (Populated mostly by Informal Settler),F. DE MESA ELEM SCHOOL,RR,Residential - Regular,12000.0
raw,RDO No. 53B - Muntinlupa City  is composed of the following Barangays:,,,9TH,NCR,MUNTINLUPA CITY,PUTATAN,ESPORLAS CPD (Populated mostly by Informal Settler),F. DE MESA ELEM SCHOOL,X,Special / Other,25000.0
raw,RDO No. 53B - Muntinlupa City  is composed of the following Barangays:,039-2019,"July 11, 2019",8TH,,MUNTINLUPA CITY,PUTATAN,ESPORLAS CPD (Populated mostly by Informal Settler),F. DE MESA ELEM SCHOOL,RR,Residential - Regular,10000.0
raw,RDO No. 53B - Muntinlupa City  is composed of the following Barangays:,039-2019,"July 11, 2019",8TH,,MUNTINLUPA CITY,PUTATAN,ESPORLAS CPD (Populated mostly by Informal Settler),F. DE MESA ELEM SCHOOL,X,Special / Other,20000.0
raw,RDO No. 53B - Muntinlupa City  is composed of the following Barangays:,039-2019,"July 11, 2019",8TH,,MUNTINLUPA CITY,PUTATAN,ESPORLAS CPD (Populated mostly by Informal Settler),F. DE MESA ELEM SCHOOL,RR,Residential - Regular,10000.0
raw,RDO No. 53B - Muntinlupa City  is composed of the following Barangays:,039-2019,"July 11, 2019",8TH,,MUNTINLUPA CITY,PUTATAN,ESPORLAS CPD (Populated mostly by Informal Settler),F. DE MESA ELEM SCHOOL,X,Special / Other,20000.0
raw,RDO No. 53B - Muntinlupa City  is composed of the following Barangays:,,,9TH,NCR,MUNTINLUPA CITY,PUTATAN,EXPRESS VIEW VILLAS,SLEX,RR,Residential - Regular,18000.0
raw,RDO No. 53B - Muntinlupa City  is composed of the following Barangays:,039-2019,"July 11, 2019",8TH,,MUNTINLUPA CITY,PUTATAN,EXPRESS VIEW VILLAS,SLEX,RR,Residential - Regular,15000.0
raw,RDO No. 53B - Muntinlupa City  is composed of the following Barangays:,039-2019,"July 11, 2019",8TH,,MUNTINLUPA CITY,PUTATAN,EXPRESS VIEW VILLAS,SLEX,RR,Residential - Regular,15000.0
raw,RDO No. 53B - Muntinlupa City  is composed of the following Barangays:,,,9TH,NCR,MUNTINLUPA CITY,PUTATAN,FREEDOM HILLS SUBDIVISION,INT. NATIONAL ROAD,RR,Residential - Regular,18000.0
raw,RDO No. 53B - Muntinlupa City  is composed of the following Barangays:,039-2019,"July 11, 2019",8TH,,MUNTINLUPA CITY,PUTATAN,FREEDOM HILLS SUBDIVISION,INT. NATIONAL ROAD,RR,Residential - Regular,15000.0
raw,RDO No. 53B - Muntinlupa City  is composed of the following Barangays:,039-2019,"July 11, 2019",8TH,,MUNTINLUPA CITY,PUTATAN,FREEDOM HILLS SUBDIVISION,INT. NATIONAL ROAD,RR,Residential - Regular,15000.0
raw,RDO No. 53B - Muntinlupa City  is composed of the following Barangays:,,,9TH,NCR,MUNTINLUPA CITY,PUTATAN,FREEWILL SUBDIVISION,INT. TM ROAD (Low Lying Area),RR,Residential - Regular,15000.0
raw,RDO No. 53B - Muntinlupa City  is composed of the following Barangays:,039-2019,"July 11, 2019",8TH,,MUNTINLUPA CITY,PUTATAN,FREEWILL SUBDIVISION,INT. TM ROAD (Low Lying Area),RR,Residential - Regular,12000.0
raw,RDO No. 53B - Muntinlupa City  is composed of the following Barangays:,039-2019,"July 11, 2019",8TH,,MUNTINLUPA CITY,PUTATAN,FREEWILL SUBDIVISION,INT. TM ROAD (Low Lying Area),RR,Residential - Regular,12000.0
raw,RDO No. 53B - Muntinlupa City  is composed of the following Barangays:,,,9TH,NCR,MUNTINLUPA CITY,PUTATAN,GRUENVILLE SUBDIVISION,BRUGER ROAD (Located along Faultline),RR,Residential - Regular,15000.0
raw,RDO No. 53B - Muntinlupa City  is composed of the following Barangays:,039-2019,"July 11, 2019",8TH,,MUNTINLUPA CITY,PUTATAN,GRUENVILLE SUBDIVISION,BRUGER ROAD (Located along Faultline),RR,Residential - Regular,12000.0
raw,RDO No. 53B - Muntinlupa City  is composed of the following Barangays:,039-2019,"July 11, 2019",8TH,,MUNTINLUPA CITY,PUTATAN,GRUENVILLE SUBDIVISION,BRUGER ROAD (Located along Faultline),RR,Residential - Regular,12000.0
raw,RDO No. 53B - Muntinlupa City  is composed of the following Barangays:,,,9TH,NCR,MUNTINLUPA CITY,PUTATAN,GUNDRAN COMPOUND,TREELANE,RR,Residential - Regular,15000.0
raw,RDO No. 53B - Muntinlupa City  is composed of the following Barangays:,039-2019,"July 11, 2019",8TH,,MUNTINLUPA CITY,PUTATAN,GUNDRAN COMPOUND,TREELANE,RR,Residential - Regular,10000.0
raw,RDO No. 53B - Muntinlupa City  is composed of the following Barangays:,039-2019,"July 11, 2019",8TH,,MUNTINLUPA CITY,PUTATAN,GUNDRAN COMPOUND,TREELANE,RR,Residential - Regular,10000.0
raw,RDO No. 53B - Muntinlupa City  is composed of the following Barangays:,,,9TH,NCR,MUNTINLUPA CITY,PUTATAN,HILLS VIEW,INT. NATIONAL ROAD (Low Lying Area),RR,Residential - Regular,15000.0
raw,RDO No. 53B - Muntinlupa City  is composed of the following Barangays:,039-2019,"July 11, 2019",8TH,,MUNTINLUPA CITY,PUTATAN,HILLS VIEW,INT. NATIONAL ROAD (Low Lying Area),RR,Residential - Regular,12000.0
raw,RDO No. 53B - Muntinlupa City  is composed of the following Barangays:,039-2019,"July 11, 2019",8TH,,MUNTINLUPA CITY,PUTATAN,HILLS VIEW,INT. NATIONAL ROAD (Low Lying Area),RR,Residential - Regular,12000.0
raw,RDO No. 53B - Muntinlupa City  is composed of the following Barangays:,,,9TH,NCR,MUNTINLUPA CITY,PUTATAN,JAYSONVILLE  SUBDIVISION,INT. NATIONAL ROAD (Low Lying Area),RR,Residential - Regular,15000.0
raw,RDO No. 53B - Muntinlupa City  is composed of the following Barangays:,,,9TH,NCR,MUNTINLUPA CITY,PUTATAN,JAYSONVILLE  SUBDIVISION,INT. NATIONAL ROAD (Low Lying Area),X,Special / Other,18000.0
raw,RDO No. 53B - Muntinlupa City  is composed of the following Barangays:,039-2019,"July 11, 2019",8TH,,MUNTINLUPA CITY,PUTATAN,JAYSONVILLE  SUBDIVISION,INT. NATIONAL ROAD (Low Lying Area),RR,Residential - Regular,12000.0
raw,RDO No. 53B - Muntinlupa City  is composed of the following Barangays:,039-2019,"July 11, 2019",8TH,,MUNTINLUPA CITY,PUTATAN,JAYSONVILLE  SUBDIVISION,INT. NATIONAL ROAD (Low Lying Area),X,Special / Other,15000.0
raw,RDO No. 53B - Muntinlupa City  is composed of the following Barangays:,039-2019,"July 11, 2019",8TH,,MUNTINLUPA CITY,PUTATAN,JAYSONVILLE  SUBDIVISION,INT. NATIONAL ROAD (Low Lying Area),RR,Residential - Regular,12000.0
raw,RDO No. 53B - Muntinlupa City  is composed of the following Barangays:,039-2019,"July 11, 2019",8TH,,MUNTINLUPA CITY,PUTATAN,JAYSONVILLE  SUBDIVISION,INT. NATIONAL ROAD (Low Lying Area),X,Special / Other,15000.0
raw,RDO No. 53B - Muntinlupa City  is composed of the following Barangays:,,,9TH,NCR,MUNTINLUPA CITY,PUTATAN,JOAS MERRY SUBDIVISION,BRUGER SUBD (Low Lying Area),RR,Residential - Regular,15000.0
raw,RDO No. 53B - Muntinlupa City  is composed of the following Barangays:,,,9TH,NCR,MUNTINLUPA CITY,PUTATAN,JOAS MERRY SUBDIVISION,BRUGER SUBD (Low Lying Area),X,Special / Other,25000.0
raw,RDO No. 53B - Muntinlupa City  is composed of the following Barangays:,039-2019,"July 11, 2019",8TH,,MUNTINLUPA CITY,PUTATAN,JOAS MERRY SUBDIVISION,BRUGER SUBD (Low Lying Area),RR,Residential - Regular,12000.0
raw,RDO No. 53B - Muntinlupa City  is composed of the following Barangays:,039-2019,"July 11, 2019",8TH,,MUNTINLUPA CITY,PUTATAN,JOAS MERRY SUBDIVISION,BRUGER SUBD (Low Lying Area),X,Special / Other,20000.0
raw,RDO No. 53B - Muntinlupa City  is composed of the following Barangays:,039-2019,"July 11, 2019",8TH,,MUNTINLUPA CITY,PUTATAN,JOAS MERRY SUBDIVISION,BRUGER SUBD (Low Lying Area),RR,Residential - Regular,12000.0
raw,RDO No. 53B - Muntinlupa City  is composed of the following Barangays:,039-2019,"July 11, 2019",8TH,,MUNTINLUPA CITY,PUTATAN,JOAS MERRY SUBDIVISION,BRUGER SUBD (Low Lying Area),X,Special / Other,20000.0
raw,RDO No. 53B - Muntinlupa City  is composed of the following Barangays:,,,9TH,NCR,MUNTINLUPA CITY,PUTATAN,JRS CMPD/SORIANO VILLE,INT. TM ROAD (TAGUIG MUNT. ROAD/Low Lying Area),RR,Residential - Regular,15000.0
raw,RDO No. 53B - Muntinlupa City  is composed of the following Barangays:,039-2019,"July 11, 2019",8TH,,MUNTINLUPA CITY,PUTATAN,JRS CMPD/SORIANO VILLE,INT. TM ROAD (TAGUIG MUNT. ROAD/Low Lying Area),RR,Residential - Regular,12000.0
raw,RDO No. 53B - Muntinlupa City  is composed of the following Barangays:,039-2019,"July 11, 2019",8TH,,MUNTINLUPA CITY,PUTATAN,JRS CMPD/SORIANO VILLE,INT. TM ROAD (TAGUIG MUNT. ROAD/Low Lying Area),RR,Residential - Regular,12000.0
raw,RDO No. 53B - Muntinlupa City  is composed of the following Barangays:,,,9TH,NCR,MUNTINLUPA CITY,PUTATAN,LA CHARINA HEIGHTS,SLEX,RR,Residential - Regular,18000.0
raw,RDO No. 53B - Muntinlupa City  is composed of the following Barangays:,039-2019,"July 11, 2019",8TH,,MUNTINLUPA CITY,PUTATAN,LA CHARINA HEIGHTS,SLEX,RR,Residential - Regular,15000.0
raw,RDO No. 53B - Muntinlupa City  is composed of the following Barangays:,039-2019,"July 11, 2019",8TH,,MUNTINLUPA CITY,PUTATAN,LA CHARINA HEIGHTS,SLEX,RR,Residential - Regular,15000.0
raw,RDO No. 53B - Muntinlupa City  is composed of the following Barangays:,,,9TH,NCR,MUNTINLUPA CITY,PUTATAN,LAKEVIEW HOMES I SUBDIVISION,INT. NATIONAL ROAD (BACK OF CITY HALL),RR,Residential - Regular,15000.0
raw,RDO No. 53B - Muntinlupa City  is composed of the following Barangays:,,,9TH,NCR,MUNTINLUPA CITY,PUTATAN,LAKEVIEW HOMES I SUBDIVISION,INT. NATIONAL ROAD (BACK OF CITY HALL),X,Special / Other,20000.0
raw,RDO No. 53B - Muntinlupa City  is composed of the following Barangays:,039-2019,"July 11, 2019",8TH,,MUNTINLUPA CITY,PUTATAN,LAKEVIEW HOMES I SUBDIVISION,INT. NATIONAL ROAD,RR,Residential - Regular,12000.0
raw,RDO No. 53B - Muntinlupa City  is composed of the following Barangays:,039-2019,"July 11, 2019",8TH,,MUNTINLUPA CITY,PUTATAN,LAKEVIEW HOMES I SUBDIVISION,INT. NATIONAL ROAD,X,Special / Other,15000.0
raw,RDO No. 53B - Muntinlupa City  is composed of the following Barangays:,039-2019,"July 11, 2019",8TH,,MUNTINLUPA CITY,PUTATAN,LAKEVIEW HOMES I SUBDIVISION,INT. NATIONAL ROAD,RR,Residential - Regular,12000.0
raw,RDO No. 53B - Muntinlupa City  is composed of the following Barangays:,039-2019,"July 11, 2019",8TH,,MUNTINLUPA CITY,PUTATAN,LAKEVIEW HOMES I SUBDIVISION,INT. NATIONAL ROAD,X,Special / Other,15000.0
raw,RDO No. 53B - Muntinlupa City  is composed of the following Barangays:,,,9TH,NCR,MUNTINLUPA CITY,PUTATAN,LAKEVIEW HOMES II  SUBDIVISION,INT. TM ROAD (Low Lying Area),RR,Residential - Regular,15000.0
raw,RDO No. 53B - Muntinlupa City  is composed of the following Barangays:,039-2019,"July 11, 2019",8TH,,MUNTINLUPA CITY,PUTATAN,LAKEVIEW HOMES II  SUBDIVISION,INT. TM ROAD (Low Lying Area),RR,Residential - Regular,10000.0
raw,RDO No. 53B - Muntinlupa City  is composed of the following Barangays:,039-2019,"July 11, 2019",8TH,,MUNTINLUPA CITY,PUTATAN,LAKEVIEW HOMES II  SUBDIVISION,INT. TM ROAD (Low Lying Area),RR,Residential - Regular,10000.0
raw,RDO No. 53B - Muntinlupa City  is composed of the following Barangays:,,,9TH,NCR,MUNTINLUPA CITY,PUTATAN,LAS VEGAST ST,INT. NATIONAL ROAD (Low Lying Area),RR,Residential - Regular,15000.0
raw,RDO No. 53B - Muntinlupa City  is composed of the following Barangays:,039-2019,"July 11, 2019",8TH,,MUNTINLUPA CITY,PUTATAN,LAS VEGAST ST,INT. NATIONAL ROAD (Low Lying Area),RR,Residential - Regular,12000.0
raw,RDO No. 53B - Muntinlupa City  is composed of the following Barangays:,039-2019,"July 11, 2019",8TH,,MUNTINLUPA CITY,PUTATAN,LAS VEGAST ST,INT. NATIONAL ROAD (Low Lying Area),RR,Residential - Regular,12000.0
raw,RDO No. 53B - Muntinlupa City  is composed of the following Barangays:,,,9TH,NCR,MUNTINLUPA CITY,PUTATAN,LITE HOMES SUBD.,BRUGER ROAD (Located along Faultline),RR,Residential - Regular,15000.0
raw,RDO No. 53B - Muntinlupa City  is composed of the following Barangays:,039-2019,"July 11, 2019",8TH,,MUNTINLUPA CITY,PUTATAN,LITE HOMES SUBD.,BRUGER ROAD (Located along Faultline),RR,Residential - Regular,12000.0
raw,RDO No. 53B - Muntinlupa City  is composed of the following Barangays:,039-2019,"July 11, 2019",8TH,,MUNTINLUPA CITY,PUTATAN,LITE HOMES SUBD.,BRUGER ROAD (Located along Faultline),RR,Residential - Regular,12000.0
raw,RDO No. 53B - Muntinlupa City  is composed of the following Barangays:,,,9TH,NCR,MUNTINLUPA CITY,PUTATAN,MIDLAND SUBDIVISION,GRUENVILLE (Low Lying Area),RR,Residential - Regular,15000.0
raw,RDO No. 53B - Muntinlupa City  is composed of the following Barangays:,039-2019,"July 11, 2019",8TH,,MUNTINLUPA CITY,PUTATAN,MIDLAND SUBDIVISION,GRUENVILLE (Low Lying Area),RR,Residential - Regular,12000.0
raw,RDO No. 53B - Muntinlupa City  is composed of the following Barangays:,039-2019,"July 11, 2019",8TH,,MUNTINLUPA CITY,PUTATAN,MIDLAND SUBDIVISION,GRUENVILLE (Low Lying Area),RR,Residential - Regular,12000.0
raw,RDO No. 53B - Muntinlupa City  is composed of the following Barangays:,039-2019,"July 11, 2019",8TH,,MUNTINLUPA CITY,PUTATAN,MULTILAND I & 2 SUBDIVISION,GRUENVILLE (Low Lying Area),RR,Residential - Regular,12000.0
raw,RDO No. 53B - Muntinlupa City  is composed of the following Barangays:,039-2019,"July 11, 2019",8TH,,MUNTINLUPA CITY,PUTATAN,MULTILAND I & 2 SUBDIVISION,GRUENVILLE (Low Lying Area),RR,Residential - Regular,12000.0
raw,RDO No. 53B - Muntinlupa City  is composed of the following Barangays:,,,9TH,NCR,MUNTINLUPA CITY,PUTATAN,MULTILAND I & 2 SUBDIVISION/NIA ROAD,GRUENVILLE (Low Lying Area),RR,Residential - Regular,15000.0
raw,RDO No. 53B - Muntinlupa City  is composed of the following Barangays:,,,9TH,NCR,MUNTINLUPA CITY,PUTATAN,MUNTING NAYON,SUMMITVILLE (Low Cost/Socialized Housing Area),RR,Residential - Regular,15000.0
raw,RDO No. 53B - Muntinlupa City  is composed of the following Barangays:,039-2019,"July 11, 2019",8TH,,MUNTINLUPA CITY,PUTATAN,MUNTING NAYON,SUMMITVILLE (Low Cost/Socialized Housing Area),RR,Residential - Regular,12000.0
raw,RDO No. 53B - Muntinlupa City  is composed of the following Barangays:,039-2019,"July 11, 2019",8TH,,MUNTINLUPA CITY,PUTATAN,MUNTING NAYON,SUMMITVILLE (Low Cost/Socialized Housing Area),RR,Residential - Regular,12000.0
raw,RDO No. 53B - Muntinlupa City  is composed of the following Barangays:,,,9TH,NCR,MUNTINLUPA CITY,PUTATAN,MUTUAL HOMES I & II,SOLDIERS HILLS,RR,Residential - Regular,18000.0
raw,RDO No. 53B - Muntinlupa City  is composed of the following Barangays:,039-2019,"July 11, 2019",8TH,,MUNTINLUPA CITY,PUTATAN,MUTUAL HOMES I & II,SOLDIERS HILLS,RR,Residential - Regular,15000.0
raw,RDO No. 53B - Muntinlupa City  is composed of the following Barangays:,039-2019,"July 11, 2019",8TH,,MUNTINLUPA CITY,PUTATAN,MUTUAL HOMES I & II,SOLDIERS HILLS,RR,Residential - Regular,15000.0
raw,RDO No. 53B - Muntinlupa City  is composed of the following Barangays:,,,9TH,NCR,MUNTINLUPA CITY,PUTATAN,MUTUAL HOMES III,SOLDIERS HILLS,RR,Residential - Regular,18000.0
raw,RDO No. 53B - Muntinlupa City  is composed of the following Barangays:,039-2019,"July 11, 2019",8TH,,MUNTINLUPA CITY,PUTATAN,MUTUAL HOMES III,SOLDIERS HILLS,RR,Residential - Regular,15000.0
raw,RDO No. 53B - Muntinlupa City  is composed of the following Barangays:,039-2019,"July 11, 2019",8TH,,MUNTINLUPA CITY,PUTATAN,MUTUAL HOMES III,SOLDIERS HILLS,RR,Residential - Regular,15000.0
raw,RDO No. 53B - Muntinlupa City  is composed of the following Barangays:,,,9TH,NCR,MUNTINLUPA CITY,PUTATAN,NATIONAL ROAD,BALIMBING - BAYANAN BOUNDARY,RR,Residential - Regular,35000.0
raw,RDO No. 53B - Muntinlupa City  is composed of the following Barangays:,,,9TH,NCR,MUNTINLUPA CITY,PUTATAN,NATIONAL ROAD,BALIMBING - BAYANAN BOUNDARY,CR,Commercial - Regular,48000.0
raw,RDO No. 53B - Muntinlupa City  is composed of the following Barangays:,,,9TH,NCR,MUNTINLUPA CITY,PUTATAN,NATIONAL ROAD,BALIMBING - BAYANAN BOUNDARY,X,Special / Other,42000.0
raw,RDO No. 53B - Muntinlupa City  is composed of the following Barangays:,039-2019,"July 11, 2019",8TH,,MUNTINLUPA CITY,PUTATAN,NATIONAL ROAD,BALIMBING - BAYANAN BOUNDARY,RR,Residential - Regular,30000.0
raw,RDO No. 53B - Muntinlupa City  is composed of the following Barangays:,039-2019,"July 11, 2019",8TH,,MUNTINLUPA CITY,PUTATAN,NATIONAL ROAD,BALIMBING - BAYANAN BOUNDARY,CR,Commercial - Regular,40000.0
raw,RDO No. 53B - Muntinlupa City  is composed of the following Barangays:,039-2019,"July 11, 2019",8TH,,MUNTINLUPA CITY,PUTATAN,NATIONAL ROAD,BALIMBING - BAYANAN BOUNDARY,X,Special / Other,35000.0
raw,RDO No. 53B - Muntinlupa City  is composed of the following Barangays:,039-2019,"July 11, 2019",8TH,,MUNTINLUPA CITY,PUTATAN,NATIONAL ROAD,BALIMBING - BAYANAN BOUNDARY,RR,Residential - Regular,30000.0
raw,RDO No. 53B - Muntinlupa City  is composed of the following Barangays:,039-2019,"July 11, 2019",8TH,,MUNTINLUPA CITY,PUTATAN,NATIONAL ROAD,BALIMBING - BAYANAN BOUNDARY,CR,Commercial - Regular,40000.0
raw,RDO No. 53B - Muntinlupa City  is composed of the following Barangays:,039-2019,"July 11, 2019",8TH,,MUNTINLUPA CITY,PUTATAN,NATIONAL ROAD,BALIMBING - BAYANAN BOUNDARY,X,Special / Other,35000.0
raw,RDO No. 53B - Muntinlupa City  is composed of the following Barangays:,,,9TH,NCR,MUNTINLUPA CITY,PUTATAN,NHA HOUSING COMPOUND,SOLDIERS HILLS (Low Cost/Socialized Housing Area),RR,Residential - Regular,15000.0
raw,RDO No. 53B - Muntinlupa City  is composed of the following Barangays:,039-2019,"July 11, 2019",8TH,,MUNTINLUPA CITY,PUTATAN,NHA HOUSING COMPOUND,SOLDIERS HILLS (Low Cost/Socialized Housing Area),RR,Residential - Regular,10000.0
raw,RDO No. 53B - Muntinlupa City  is composed of the following Barangays:,039-2019,"July 11, 2019",8TH,,MUNTINLUPA CITY,PUTATAN,NHA HOUSING COMPOUND,SOLDIERS HILLS (Low Cost/Socialized Housing Area),RR,Residential - Regular,10000.0
raw,RDO No. 53B - Muntinlupa City  is composed of the following Barangays:,,,9TH,NCR,MUNTINLUPA CITY,PUTATAN,NUWHRAIN HOMES SUBDIVISION,BRUGER ROAD,RR,Residential - Regular,18000.0
raw,RDO No. 53B - Muntinlupa City  is composed of the following Barangays:,039-2019,"July 11, 2019",8TH,,MUNTINLUPA CITY,PUTATAN,NUWHRAIN HOMES SUBDIVISION,BRUGER ROAD,RR,Residential - Regular,15000.0
raw,RDO No. 53B - Muntinlupa City  is composed of the following Barangays:,039-2019,"July 11, 2019",8TH,,MUNTINLUPA CITY,PUTATAN,NUWHRAIN HOMES SUBDIVISION,BRUGER ROAD,RR,Residential - Regular,15000.0
raw,RDO No. 53B - Muntinlupa City  is composed of the following Barangays:,,,9TH,NCR,MUNTINLUPA CITY,PUTATAN,PASONG MAKIPOT (Populated mostly by Informal Settler),MUNTINLUPA - CAVITE BDRY,RR,Residential - Regular,10000.0
raw,RDO No. 53B - Muntinlupa City  is composed of the following Barangays:,039-2019,"July 11, 2019",8TH,,MUNTINLUPA CITY,PUTATAN,PASONG MAKIPOT (Populated mostly by Informal Settler),MUNTINLUPA - CAVITE BDRY,RR,Residential - Regular,8000.0
raw,RDO No. 53B - Muntinlupa City  is composed of the following Barangays:,039-2019,"July 11, 2019",8TH,,MUNTINLUPA CITY,PUTATAN,PASONG MAKIPOT (Populated mostly by Informal Settler),MUNTINLUPA - CAVITE BDRY,RR,Residential - Regular,8000.0
raw,RDO No. 53B - Muntinlupa City  is composed of the following Barangays:,,,9TH,NCR,MUNTINLUPA CITY,PUTATAN,PATDU COMPOUND (Populated mostly by Informal Settler),SOUTH GREENHEIGHTS,RR,Residential - Regular,10000.0
raw,RDO No. 53B - Muntinlupa City  is composed of the following Barangays:,039-2019,"July 11, 2019",8TH,,MUNTINLUPA CITY,PUTATAN,PATDU COMPOUND (Populated mostly by Informal Settler),SOUTH GREENHEIGHTS,RR,Residential - Regular,8000.0
raw,RDO No. 53B - Muntinlupa City  is composed of the following Barangays:,039-2019,"July 11, 2019",8TH,,MUNTINLUPA CITY,PUTATAN,PATDU COMPOUND (Populated mostly by Informal Settler),SOUTH GREENHEIGHTS,RR,Residential - Regular,8000.0
raw,RDO No. 53B - Muntinlupa City  is composed of the following Barangays:,,,9TH,NCR,MUNTINLUPA CITY,PUTATAN,PRIMAVERA VILLAS,SOUTH SUPERVILLE SUBD,RR,Residential - Regular,15000.0
raw,RDO No. 53B - Muntinlupa City  is composed of the following Barangays:,039-2019,"July 11, 2019",8TH,,MUNTINLUPA CITY,PUTATAN,PRIMAVERA VILLAS,SOUTH SUPERVILLE SUBD,RR,Residential - Regular,12000.0
raw,RDO No. 53B - Muntinlupa City  is composed of the following Barangays:,039-2019,"July 11, 2019",8TH,,MUNTINLUPA CITY,PUTATAN,PRIMAVERA VILLAS,SOUTH SUPERVILLE SUBD,RR,Residential - Regular,12000.0
raw,RDO No. 53B - Muntinlupa City  is composed of the following Barangays:,,,9TH,NCR,MUNTINLUPA CITY,PUTATAN,PRIMAVERA VILLAS II,SOUTH SUPERVILLE SUBD,RR,Residential - Regular,15000.0
raw,RDO No. 53B - Muntinlupa City  is composed of the following Barangays:,039-2019,"July 11, 2019",8TH,,MUNTINLUPA CITY,PUTATAN,PRIMAVERA VILLAS II,SOUTH SUPERVILLE SUBD,RR,Residential - Regular,12000.0
raw,RDO No. 53B - Muntinlupa City  is composed of the following Barangays:,039-2019,"July 11, 2019",8TH,,MUNTINLUPA CITY,PUTATAN,PRIMAVERA VILLAS II,SOUTH SUPERVILLE SUBD,RR,Residential - Regular,12000.0
raw,RDO No. 53B - Muntinlupa City  is composed of the following Barangays:,039-2019,"July 11, 2019",8TH,,MUNTINLUPA CITY,PUTATAN,PUPA COMPOUND (URBAN POOR),SUMMITVILLE (Low Cost/Socialized Housing Area),RR,Residential - Regular,10000.0
raw,RDO No. 53B - Muntinlupa City  is composed of the following Barangays:,039-2019,"July 11, 2019",8TH,,MUNTINLUPA CITY,PUTATAN,PUPA COMPOUND (URBAN POOR),SUMMITVILLE (Low Cost/Socialized Housing Area),RR,Residential - Regular,10000.0
raw,RDO No. 53B - Muntinlupa City  is composed of the following Barangays:,,,9TH,NCR,MUNTINLUPA CITY,PUTATAN,"PUPA COMPOUND (URBAN POOR)
GODSWILL HOMES",SUMMITVILLE (Low Cost/Socialized Housing Area),RR,Residential - Regular,12000.0
raw,RDO No. 53B - Muntinlupa City  is composed of the following Barangays:,,,9TH,NCR,MUNTINLUPA CITY,PUTATAN,RCE HOMES,SOLDIERS HILLS,RR,Residential - Regular,18000.0
raw,RDO No. 53B - Muntinlupa City  is composed of the following Barangays:,039-2019,"July 11, 2019",8TH,,MUNTINLUPA CITY,PUTATAN,RCE HOMES,SOLDIERS HILLS,RR,Residential - Regular,15000.0
raw,RDO No. 53B - Muntinlupa City  is composed of the following Barangays:,039-2019,"July 11, 2019",8TH,,MUNTINLUPA CITY,PUTATAN,RCE HOMES,SOLDIERS HILLS,RR,Residential - Regular,15000.0
raw,RDO No. 53B - Muntinlupa City  is composed of the following Barangays:,039-2019,"July 11, 2019",8TH,,MUNTINLUPA CITY,PUTATAN,ROMAN CRUZ AVENUE,SOLDIERS HILLS,RR,Residential - Regular,15000.0
raw,RDO No. 53B - Muntinlupa City  is composed of the following Barangays:,039-2019,"July 11, 2019",8TH,,MUNTINLUPA CITY,PUTATAN,ROMAN CRUZ AVENUE,SOLDIERS HILLS,CR,Commercial - Regular,25000.0
raw,RDO No. 53B - Muntinlupa City  is composed of the following Barangays:,039-2019,"July 11, 2019",8TH,,MUNTINLUPA CITY,PUTATAN,ROMAN CRUZ AVENUE,SOLDIERS HILLS,X,Special / Other,22000.0
raw,RDO No. 53B - Muntinlupa City  is composed of the following Barangays:,039-2019,"July 11, 2019",8TH,,MUNTINLUPA CITY,PUTATAN,ROMAN CRUZ AVENUE,SOLDIERS HILLS,RR,Residential - Regular,15000.0
raw,RDO No. 53B - Muntinlupa City  is composed of the following Barangays:,039-2019,"July 11, 2019",8TH,,MUNTINLUPA CITY,PUTATAN,ROMAN CRUZ AVENUE,SOLDIERS HILLS,CR,Commercial - Regular,25000.0
raw,RDO No. 53B - Muntinlupa City  is composed of the following Barangays:,039-2019,"July 11, 2019",8TH,,MUNTINLUPA CITY,PUTATAN,ROMAN CRUZ AVENUE,SOLDIERS HILLS,X,Special / Other,22000.0
raw,RDO No. 53B - Muntinlupa City  is composed of the following Barangays:,,,9TH,NCR,MUNTINLUPA CITY,PUTATAN,ROMAN CRUZ AVENUE/SOLDIERS HILL ST.,SOLDIERS HILLS,RR,Residential - Regular,18000.0
raw,RDO No. 53B - Muntinlupa City  is composed of the following Barangays:,,,9TH,NCR,MUNTINLUPA CITY,PUTATAN,ROMAN CRUZ AVENUE/SOLDIERS HILL ST.,SOLDIERS HILLS,CR,Commercial - Regular,30000.0
raw,RDO No. 53B - Muntinlupa City  is composed of the following Barangays:,,,9TH,NCR,MUNTINLUPA CITY,PUTATAN,ROMAN CRUZ AVENUE/SOLDIERS HILL ST.,SOLDIERS HILLS,X,Special / Other,25000.0
raw,RDO No. 53B - Muntinlupa City  is composed of the following Barangays:,039-2019,"July 11, 2019",8TH,,MUNTINLUPA CITY,PUTATAN,SAN FRANCISCO ST,INT. NATIONAL ROAD,RR,Residential - Regular,12000.0
raw,RDO No. 53B - Muntinlupa City  is composed of the following Barangays:,039-2019,"July 11, 2019",8TH,,MUNTINLUPA CITY,PUTATAN,SAN FRANCISCO ST,INT. NATIONAL ROAD,RR,Residential - Regular,12000.0
raw,RDO No. 53B - Muntinlupa City  is composed of the following Barangays:,,,9TH,NCR,MUNTINLUPA CITY,PUTATAN,SAN FRANCISCO ST (NEAR DBP),INT. NATIONAL ROAD,RR,Residential - Regular,15000.0
raw,RDO No. 53B - Muntinlupa City  is composed of the following Barangays:,,,9TH,NCR,MUNTINLUPA CITY,PUTATAN,SOLDIERS HILLS VILLAGES,NATIONAL ROAD TO SLEX,RR,Residential - Regular,25000.0
raw,RDO No. 53B - Muntinlupa City  is composed of the following Barangays:,,,9TH,NCR,MUNTINLUPA CITY,PUTATAN,SOLDIERS HILLS VILLAGES,NATIONAL ROAD TO SLEX,CR,Commercial - Regular,35000.0
raw,RDO No. 53B - Muntinlupa City  is composed of the following Barangays:,,,9TH,NCR,MUNTINLUPA CITY,PUTATAN,SOLDIERS HILLS VILLAGES,NATIONAL ROAD TO SLEX,X,Special / Other,30000.0
raw,RDO No. 53B - Muntinlupa City  is composed of the following Barangays:,039-2019,"July 11, 2019",8TH,,MUNTINLUPA CITY,PUTATAN,SOLDIERS HILLS VILLAGES,NATIONAL ROAD TO SLEX,RR,Residential - Regular,20000.0
raw,RDO No. 53B - Muntinlupa City  is composed of the following Barangays:,039-2019,"July 11, 2019",8TH,,MUNTINLUPA CITY,PUTATAN,SOLDIERS HILLS VILLAGES,NATIONAL ROAD TO SLEX,CR,Commercial - Regular,30000.0
raw,RDO No. 53B - Muntinlupa City  is composed of the following Barangays:,039-2019,"July 11, 2019",8TH,,MUNTINLUPA CITY,PUTATAN,SOLDIERS HILLS VILLAGES,NATIONAL ROAD TO SLEX,X,Special / Other,22000.0
raw,RDO No. 53B - Muntinlupa City  is composed of the following Barangays:,039-2019,"July 11, 2019",8TH,,MUNTINLUPA CITY,PUTATAN,SOLDIERS HILLS VILLAGES,NATIONAL ROAD TO SLEX,RR,Residential - Regular,20000.0
raw,RDO No. 53B - Muntinlupa City  is composed of the following Barangays:,039-2019,"July 11, 2019",8TH,,MUNTINLUPA CITY,PUTATAN,SOLDIERS HILLS VILLAGES,NATIONAL ROAD TO SLEX,CR,Commercial - Regular,30000.0
raw,RDO No. 53B - Muntinlupa City  is composed of the following Barangays:,039-2019,"July 11, 2019",8TH,,MUNTINLUPA CITY,PUTATAN,SOLDIERS HILLS VILLAGES,NATIONAL ROAD TO SLEX,X,Special / Other,22000.0
raw,RDO No. 53B - Muntinlupa City  is composed of the following Barangays:,,,9TH,NCR,MUNTINLUPA CITY,PUTATAN,SOUTH GREENHEIGHTS SUBDIVISION,CAMELLA HOMES I,RR,Residential - Regular,15000.0
raw,RDO No. 53B - Muntinlupa City  is composed of the following Barangays:,039-2019,"July 11, 2019",8TH,,MUNTINLUPA CITY,PUTATAN,SOUTH GREENHEIGHTS SUBDIVISION,CAMELLA HOMES I,RR,Residential - Regular,12000.0
raw,RDO No. 53B - Muntinlupa City  is composed of the following Barangays:,039-2019,"July 11, 2019",8TH,,MUNTINLUPA CITY,PUTATAN,SOUTH GREENHEIGHTS SUBDIVISION,CAMELLA HOMES I,RR,Residential - Regular,12000.0
raw,RDO No. 53B - Muntinlupa City  is composed of the following Barangays:,,,9TH,NCR,MUNTINLUPA CITY,PUTATAN,SOUTH SUPERVILLE SUBDIVISION,CAMELLA HOMES II,RR,Residential - Regular,18000.0
raw,RDO No. 53B - Muntinlupa City  is composed of the following Barangays:,039-2019,"July 11, 2019",8TH,,MUNTINLUPA CITY,PUTATAN,SOUTH SUPERVILLE SUBDIVISION,CAMELLA HOMES II,RR,Residential - Regular,15000.0
raw,RDO No. 53B - Muntinlupa City  is composed of the following Barangays:,039-2019,"July 11, 2019",8TH,,MUNTINLUPA CITY,PUTATAN,SOUTH SUPERVILLE SUBDIVISION,CAMELLA HOMES II,RR,Residential - Regular,15000.0
raw,RDO No. 53B - Muntinlupa City  is composed of the following Barangays:,,,9TH,NCR,MUNTINLUPA CITY,PUTATAN,ST. VERONICA VILLAS,SLEX,RR,Residential - Regular,25000.0
raw,RDO No. 53B - Muntinlupa City  is composed of the following Barangays:,,,9TH,NCR,MUNTINLUPA CITY,PUTATAN,SUMMITVILLE SUBDIVISION,INT. NATIONAL ROAD,RR,Residential - Regular,15000.0
raw,RDO No. 53B - Muntinlupa City  is composed of the following Barangays:,,,9TH,NCR,MUNTINLUPA CITY,PUTATAN,SUMMITVILLE SUBDIVISION,INT. NATIONAL ROAD,X,Special / Other,20000.0
raw,RDO No. 53B - Muntinlupa City  is composed of the following Barangays:,039-2019,"July 11, 2019",8TH,,MUNTINLUPA CITY,PUTATAN,SUMMITVILLE SUBDIVISION,INT. NATIONAL ROAD,RR,Residential - Regular,12000.0
raw,RDO No. 53B - Muntinlupa City  is composed of the following Barangays:,039-2019,"July 11, 2019",8TH,,MUNTINLUPA CITY,PUTATAN,SUMMITVILLE SUBDIVISION,INT. NATIONAL ROAD,X,Special / Other,15000.0
raw,RDO No. 53B - Muntinlupa City  is composed of the following Barangays:,039-2019,"July 11, 2019",8TH,,MUNTINLUPA CITY,PUTATAN,SUMMITVILLE SUBDIVISION,INT. NATIONAL ROAD,RR,Residential - Regular,12000.0
raw,RDO No. 53B - Muntinlupa City  is composed of the following Barangays:,039-2019,"July 11, 2019",8TH,,MUNTINLUPA CITY,PUTATAN,SUMMITVILLE SUBDIVISION,INT. NATIONAL ROAD,X,Special / Other,15000.0
raw,RDO No. 53B - Muntinlupa City  is composed of the following Barangays:,,,9TH,NCR,MUNTINLUPA CITY,PUTATAN,T.J. DIAZ TOWNHOMES,BACK OF BLISS,RR,Residential - Regular,12000.0
raw,RDO No. 53B - Muntinlupa City  is composed of the following Barangays:,039-2019,"July 11, 2019",8TH,,MUNTINLUPA CITY,PUTATAN,T.J. DIAZ TOWNHOMES,BACK OF BLISS,RR,Residential - Regular,10000.0
raw,RDO No. 53B - Muntinlupa City  is composed of the following Barangays:,039-2019,"July 11, 2019",8TH,,MUNTINLUPA CITY,PUTATAN,T.J. DIAZ TOWNHOMES,BACK OF BLISS,RR,Residential - Regular,10000.0
raw,RDO No. 53B - Muntinlupa City  is composed of the following Barangays:,039-2019,"July 11, 2019",8TH,,MUNTINLUPA CITY,PUTATAN,T.M. ROAD,LAKESIDE,RR,Residential - Regular,5000.0
raw,RDO No. 53B - Muntinlupa City  is composed of the following Barangays:,039-2019,"July 11, 2019",8TH,,MUNTINLUPA CITY,PUTATAN,T.M. ROAD,LAKESIDE,RR,Residential - Regular,5000.0
raw,RDO No. 53B - Muntinlupa City  is composed of the following Barangays:,,,9TH,NCR,MUNTINLUPA CITY,PUTATAN,TAGUIG MUNTINLUPA  (T.M.) ROAD,LAKESIDE,RR,Residential - Regular,8000.0
raw,RDO No. 53B - Muntinlupa City  is composed of the following Barangays:,,,9TH,NCR,MUNTINLUPA CITY,PUTATAN,TAGUIG MUNTINLUPA  (T.M.) ROAD,LAKESIDE,CR,Commercial - Regular,18000.0
raw,RDO No. 53B - Muntinlupa City  is composed of the following Barangays:,,,9TH,NCR,MUNTINLUPA CITY,PUTATAN,TAGUIG MUNTINLUPA (TM) ROAD (SAN GUILLERMO ST),PNR SIDE,RR,Residential - Regular,10000.0
raw,RDO No. 53B - Muntinlupa City  is composed of the following Barangays:,,,9TH,NCR,MUNTINLUPA CITY,PUTATAN,TAGUIG MUNTINLUPA (TM) ROAD (SAN GUILLERMO ST),PNR SIDE,CR,Commercial - Regular,18000.0
raw,RDO No. 53B - Muntinlupa City  is composed of the following Barangays:,,,9TH,NCR,MUNTINLUPA CITY,PUTATAN,TEPAUREL,NATIONAL ROAD - RAILROAD,I,Industrial,40000.0
raw,RDO No. 53B - Muntinlupa City  is composed of the following Barangays:,039-2019,"July 11, 2019",8TH,,MUNTINLUPA CITY,PUTATAN,TEPAUREL,NATIONAL ROAD - RAILROAD,I,Industrial,30000.0
raw,RDO No. 53B - Muntinlupa City  is composed of the following Barangays:,039-2019,"July 11, 2019",8TH,,MUNTINLUPA CITY,PUTATAN,TEPAUREL,NATIONAL ROAD - RAILROAD,I,Industrial,30000.0
raw,RDO No. 53B - Muntinlupa City  is composed of the following Barangays:,039-2019,"July 11, 2019",8TH,,MUNTINLUPA CITY,PUTATAN,TM ROAD (SAN GUILLERMO ST),PNR SIDE,RR,Residential - Regular,7000.0
raw,RDO No. 53B - Muntinlupa City  is composed of the following Barangays:,039-2019,"July 11, 2019",8TH,,MUNTINLUPA CITY,PUTATAN,TM ROAD (SAN GUILLERMO ST),PNR SIDE,RR,Residential - Regular,7000.0
raw,RDO No. 53B - Muntinlupa City  is composed of the following Barangays:,,,9TH,NCR,MUNTINLUPA CITY,PUTATAN,TOP HILLS SUBDIVISION,LAKEVIEW I,RR,Residential - Regular,15000.0
raw,RDO No. 53B - Muntinlupa City  is composed of the following Barangays:,039-2019,"July 11, 2019",8TH,,MUNTINLUPA CITY,PUTATAN,TOP HILLS SUBDIVISION,LAKEVIEW I,RR,Residential - Regular,12000.0
raw,RDO No. 53B - Muntinlupa City  is composed of the following Barangays:,039-2019,"July 11, 2019",8TH,,MUNTINLUPA CITY,PUTATAN,TOP HILLS SUBDIVISION,LAKEVIEW I,RR,Residential - Regular,12000.0
raw,RDO No. 53B - Muntinlupa City  is composed of the following Barangays:,,,9TH,NCR,MUNTINLUPA CITY,PUTATAN,TREELANE PARK SUBD,INT. NATIONAL ROAD,RR,Residential - Regular,15000.0
raw,RDO No. 53B - Muntinlupa City  is composed of the following Barangays:,039-2019,"July 11, 2019",8TH,,MUNTINLUPA CITY,PUTATAN,TREELANE PARK SUBD,INT. NATIONAL ROAD,RR,Residential - Regular,12000.0
raw,RDO No. 53B - Muntinlupa City  is composed of the following Barangays:,039-2019,"July 11, 2019",8TH,,MUNTINLUPA CITY,PUTATAN,TREELANE PARK SUBD,INT. NATIONAL ROAD,RR,Residential - Regular,12000.0
raw,RDO No. 53B - Muntinlupa City  is composed of the following Barangays:,039-2019,"July 11, 2019",8TH,,MUNTINLUPA CITY,PUTATAN,VERONICA VILLAS,SLEX,RR,Residential - Regular,20000.0
raw,RDO No. 53B - Muntinlupa City  is composed of the following Barangays:,039-2019,"July 11, 2019",8TH,,MUNTINLUPA CITY,PUTATAN,VERONICA VILLAS,SLEX,RR,Residential - Regular,20000.0
raw,RDO No. 53B - Muntinlupa City  is composed of the following Barangays:,039-2019,"July 11, 2019",8TH,,MUNTINLUPA CITY,SUCAT,ALL OTHER STREETS,BULI RIVER-MUNTI-P'QUE BDRY,RR,Residential - Regular,10000.0
raw,RDO No. 53B - Muntinlupa City  is composed of the following Barangays:,039-2019,"July 11, 2019",8TH,,MUNTINLUPA CITY,SUCAT,ALL OTHER STREETS,BULI RIVER-MUNTI-P'QUE BDRY,CR,Commercial - Regular,50000.0
raw,RDO No. 53B - Muntinlupa City  is composed of the following Barangays:,039-2019,"July 11, 2019",8TH,,MUNTINLUPA CITY,SUCAT,ALL OTHER STREETS,BULI RIVER-MUNTI-P'QUE BDRY,I,Industrial,45000.0
raw,RDO No. 53B - Muntinlupa City  is composed of the following Barangays:,039-2019,"July 11, 2019",8TH,,MUNTINLUPA CITY,SUCAT,ALL OTHER STREETS,BULI RIVER-MUNTI-P'QUE BDRY,X,Special / Other,35000.0
raw,RDO No. 53B - Muntinlupa City  is composed of the following Barangays:,039-2019,"July 11, 2019",8TH,,MUNTINLUPA CITY,SUCAT,ALL OTHER STREETS,BULI RIVER-MUNTI-P'QUE BDRY,RR,Residential - Regular,10000.0
raw,RDO No. 53B - Muntinlupa City  is composed of the following Barangays:,039-2019,"July 11, 2019",8TH,,MUNTINLUPA CITY,SUCAT,ALL OTHER STREETS,BULI RIVER-MUNTI-P'QUE BDRY,CR,Commercial - Regular,50000.0
raw,RDO No. 53B - Muntinlupa City  is composed of the following Barangays:,039-2019,"July 11, 2019",8TH,,MUNTINLUPA CITY,SUCAT,ALL OTHER STREETS,BULI RIVER-MUNTI-P'QUE BDRY,I,Industrial,45000.0
raw,RDO No. 53B - Muntinlupa City  is composed of the following Barangays:,039-2019,"July 11, 2019",8TH,,MUNTINLUPA CITY,SUCAT,ALL OTHER STREETS,BULI RIVER-MUNTI-P'QUE BDRY,X,Special / Other,35000.0
raw,RDO No. 53B - Muntinlupa City  is composed of the following Barangays:,,,9TH,NCR,MUNTINLUPA CITY,SUCAT,ALL OTHER STREETS**,BULI RIVER-MUNTI-P'QUE BDRY,RR,Residential - Regular,7000.0
raw,RDO No. 53B - Muntinlupa City  is composed of the following Barangays:,,,9TH,NCR,MUNTINLUPA CITY,SUCAT,ALL OTHER STREETS**,BULI RIVER-MUNTI-P'QUE BDRY,CR,Commercial - Regular,17000.0
raw,RDO No. 53B - Muntinlupa City  is composed of the following Barangays:,,,9TH,NCR,MUNTINLUPA CITY,SUCAT,ALONG PHILIPPINE NATIONAL RAILWAYS,SUCAT ROAD (Interior/No right of Way),RR,Residential - Regular,15000.0
raw,RDO No. 53B - Muntinlupa City  is composed of the following Barangays:,039-2019,"July 11, 2019",8TH,,MUNTINLUPA CITY,SUCAT,ALONG PHILIPPINE NATIONAL RAILWAYS,SUCAT ROAD (Interior/No right of Way),RR,Residential - Regular,8000.0
raw,RDO No. 53B - Muntinlupa City  is composed of the following Barangays:,039-2019,"July 11, 2019",8TH,,MUNTINLUPA CITY,SUCAT,ALONG PHILIPPINE NATIONAL RAILWAYS,SUCAT ROAD (Interior/No right of Way),RR,Residential - Regular,8000.0
raw,RDO No. 53B - Muntinlupa City  is composed of the following Barangays:,039-2019,"July 11, 2019",8TH,,MUNTINLUPA CITY,SUCAT,BELLINI CONDO,PRESIDIO BRITTANY BAY,RC,Residential - Condominium,70000.0
raw,RDO No. 53B - Muntinlupa City  is composed of the following Barangays:,039-2019,"July 11, 2019",8TH,,MUNTINLUPA CITY,SUCAT,BELLINI CONDO,PRESIDIO BRITTANY BAY,PS,Parking Slot / Private School,49000.0
raw,RDO No. 53B - Muntinlupa City  is composed of the following Barangays:,039-2019,"July 11, 2019",8TH,,MUNTINLUPA CITY,SUCAT,BELLINI CONDO,PRESIDIO BRITTANY BAY,RC,Residential - Condominium,70000.0
raw,RDO No. 53B - Muntinlupa City  is composed of the following Barangays:,039-2019,"July 11, 2019",8TH,,MUNTINLUPA CITY,SUCAT,BELLINI CONDO,PRESIDIO BRITTANY BAY,PS,Parking Slot / Private School,49000.0
raw,RDO No. 53B - Muntinlupa City  is composed of the following Barangays:,,,9TH,NCR,MUNTINLUPA CITY,SUCAT,BELLINI SUITES CONDO*,PRESIDIO BRITTANY BAY,RC,Residential - Condominium,95000.0
raw,RDO No. 53B - Muntinlupa City  is composed of the following Barangays:,,,9TH,NCR,MUNTINLUPA CITY,SUCAT,BELLINI SUITES CONDO*,PRESIDIO BRITTANY BAY,PS,Parking Slot / Private School,67000.0
raw,RDO No. 53B - Muntinlupa City  is composed of the following Barangays:,,,9TH,NCR,MUNTINLUPA CITY,SUCAT,BRITTANY BAY / LA POSADA,POSADAS VILLAGE,RR,Residential - Regular,50000.0
raw,RDO No. 53B - Muntinlupa City  is composed of the following Barangays:,039-2019,"July 11, 2019",8TH,,MUNTINLUPA CITY,SUCAT,BRITTANY BAY / LA POSADA,POSADAS VILLAGE,RR,Residential - Regular,40000.0
raw,RDO No. 53B - Muntinlupa City  is composed of the following Barangays:,039-2019,"July 11, 2019",8TH,,MUNTINLUPA CITY,SUCAT,BRITTANY BAY / LA POSADA,POSADAS VILLAGE,RR,Residential - Regular,40000.0
raw,RDO No. 53B - Muntinlupa City  is composed of the following Barangays:,039-2019,"July 11, 2019",8TH,,MUNTINLUPA CITY,SUCAT,CENTROPOLIS COMMUNITIES,VILLONCO,RC,Residential - Condominium,70000.0
raw,RDO No. 53B - Muntinlupa City  is composed of the following Barangays:,039-2019,"July 11, 2019",8TH,,MUNTINLUPA CITY,SUCAT,CENTROPOLIS COMMUNITIES,VILLONCO,CC,Commercial - Condominium,85000.0
raw,RDO No. 53B - Muntinlupa City  is composed of the following Barangays:,039-2019,"July 11, 2019",8TH,,MUNTINLUPA CITY,SUCAT,CENTROPOLIS COMMUNITIES,VILLONCO,PS,Parking Slot / Private School,49000.0
raw,RDO No. 53B - Muntinlupa City  is composed of the following Barangays:,039-2019,"July 11, 2019",8TH,,MUNTINLUPA CITY,SUCAT,CENTROPOLIS COMMUNITIES,VILLONCO,RC,Residential - Condominium,70000.0
raw,RDO No. 53B - Muntinlupa City  is composed of the following Barangays:,039-2019,"July 11, 2019",8TH,,MUNTINLUPA CITY,SUCAT,CENTROPOLIS COMMUNITIES,VILLONCO,CC,Commercial - Condominium,85000.0
raw,RDO No. 53B - Muntinlupa City  is composed of the following Barangays:,039-2019,"July 11, 2019",8TH,,MUNTINLUPA CITY,SUCAT,CENTROPOLIS COMMUNITIES,VILLONCO,PS,Parking Slot / Private School,49000.0
raw,RDO No. 53B - Muntinlupa City  is composed of the following Barangays:,,,9TH,NCR,MUNTINLUPA CITY,SUCAT,CENTROPOLIS COMMUNITIES*,VILLONCO,RC,Residential - Condominium,90000.0
raw,RDO No. 53B - Muntinlupa City  is composed of the following Barangays:,,,9TH,NCR,MUNTINLUPA CITY,SUCAT,CENTROPOLIS COMMUNITIES*,VILLONCO,CC,Commercial - Condominium,110000.0
raw,RDO No. 53B - Muntinlupa City  is composed of the following Barangays:,,,9TH,NCR,MUNTINLUPA CITY,SUCAT,CENTROPOLIS COMMUNITIES*,VILLONCO,PS,Parking Slot / Private School,63000.0
raw,RDO No. 53B - Muntinlupa City  is composed of the following Barangays:,,,9TH,NCR,MUNTINLUPA CITY,SUCAT,CORINTHIAN VILLAS,POSADAS VILLAGE,RR,Residential - Regular,50000.0
raw,RDO No. 53B - Muntinlupa City  is composed of the following Barangays:,039-2019,"July 11, 2019",8TH,,MUNTINLUPA CITY,SUCAT,CORINTHIAN VILLAS,POSADAS VILLAGE,RR,Residential - Regular,40000.0
raw,RDO No. 53B - Muntinlupa City  is composed of the following Barangays:,039-2019,"July 11, 2019",8TH,,MUNTINLUPA CITY,SUCAT,CORINTHIAN VILLAS,POSADAS VILLAGE,RR,Residential - Regular,40000.0
raw,RDO No. 53B - Muntinlupa City  is composed of the following Barangays:,039-2019,"July 11, 2019",8TH,,MUNTINLUPA CITY,SUCAT,DA VINCI TOWER CONDO,PRESIDIO BRITTANY BAY,RC,Residential - Condominium,70000.0
raw,RDO No. 53B - Muntinlupa City  is composed of the following Barangays:,039-2019,"July 11, 2019",8TH,,MUNTINLUPA CITY,SUCAT,DA VINCI TOWER CONDO,PRESIDIO BRITTANY BAY,PS,Parking Slot / Private School,49000.0
raw,RDO No. 53B - Muntinlupa City  is composed of the following Barangays:,039-2019,"July 11, 2019",8TH,,MUNTINLUPA CITY,SUCAT,DA VINCI TOWER CONDO,PRESIDIO BRITTANY BAY,RC,Residential - Condominium,70000.0
raw,RDO No. 53B - Muntinlupa City  is composed of the following Barangays:,039-2019,"July 11, 2019",8TH,,MUNTINLUPA CITY,SUCAT,DA VINCI TOWER CONDO,PRESIDIO BRITTANY BAY,PS,Parking Slot / Private School,49000.0
raw,RDO No. 53B - Muntinlupa City  is composed of the following Barangays:,,,9TH,NCR,MUNTINLUPA CITY,SUCAT,DA VINCI TOWER CONDO*,PRESIDIO BRITTANY BAY,RC,Residential - Condominium,90000.0
raw,RDO No. 53B - Muntinlupa City  is composed of the following Barangays:,,,9TH,NCR,MUNTINLUPA CITY,SUCAT,DA VINCI TOWER CONDO*,PRESIDIO BRITTANY BAY,PS,Parking Slot / Private School,63000.0
raw,RDO No. 53B - Muntinlupa City  is composed of the following Barangays:,,,9TH,NCR,MUNTINLUPA CITY,SUCAT,DON JUAN BAYVIEW SUBD.,TM ROAD,RR,Residential - Regular,20000.0
raw,RDO No. 53B - Muntinlupa City  is composed of the following Barangays:,039-2019,"July 11, 2019",8TH,,MUNTINLUPA CITY,SUCAT,DON JUAN BAYVIEW SUBD.,TM ROAD,RR,Residential - Regular,15000.0
raw,RDO No. 53B - Muntinlupa City  is composed of the following Barangays:,039-2019,"July 11, 2019",8TH,,MUNTINLUPA CITY,SUCAT,DON JUAN BAYVIEW SUBD.,TM ROAD,RR,Residential - Regular,15000.0
raw,RDO No. 53B - Muntinlupa City  is composed of the following Barangays:,,,9TH,NCR,MUNTINLUPA CITY,SUCAT,DONA ROSARIO HEIGHTS SUBD.,POSADAS VILLAGE,RR,Residential - Regular,48000.0
raw,RDO No. 53B - Muntinlupa City  is composed of the following Barangays:,,,9TH,NCR,MUNTINLUPA CITY,SUCAT,DONA ROSARIO HEIGHTS SUBD.,POSADAS VILLAGE,X,Special / Other,55000.0
raw,RDO No. 53B - Muntinlupa City  is composed of the following Barangays:,039-2019,"July 11, 2019",8TH,,MUNTINLUPA CITY,SUCAT,DONA ROSARIO HEIGHTS SUBD.,POSADAS VILLAGE,RR,Residential - Regular,40000.0
raw,RDO No. 53B - Muntinlupa City  is composed of the following Barangays:,039-2019,"July 11, 2019",8TH,,MUNTINLUPA CITY,SUCAT,DONA ROSARIO HEIGHTS SUBD.,POSADAS VILLAGE,X,Special / Other,45000.0
raw,RDO No. 53B - Muntinlupa City  is composed of the following Barangays:,039-2019,"July 11, 2019",8TH,,MUNTINLUPA CITY,SUCAT,DONA ROSARIO HEIGHTS SUBD.,POSADAS VILLAGE,RR,Residential - Regular,40000.0
raw,RDO No. 53B - Muntinlupa City  is composed of the following Barangays:,039-2019,"July 11, 2019",8TH,,MUNTINLUPA CITY,SUCAT,DONA ROSARIO HEIGHTS SUBD.,POSADAS VILLAGE,X,Special / Other,45000.0
raw,RDO No. 53B - Muntinlupa City  is composed of the following Barangays:,,,9TH,NCR,MUNTINLUPA CITY,SUCAT,DOÑA ROSARIO BAYVIEW SUBD.,DON JUAN BAYVIEW,RR,Residential - Regular,25000.0
raw,RDO No. 53B - Muntinlupa City  is composed of the following Barangays:,039-2019,"July 11, 2019",8TH,,MUNTINLUPA CITY,SUCAT,DOÑA ROSARIO BAYVIEW SUBD.,DON JUAN BAYVIEW,RR,Residential - Regular,20000.0
raw,RDO No. 53B - Muntinlupa City  is composed of the following Barangays:,039-2019,"July 11, 2019",8TH,,MUNTINLUPA CITY,SUCAT,DOÑA ROSARIO BAYVIEW SUBD.,DON JUAN BAYVIEW,RR,Residential - Regular,20000.0
raw,RDO No. 53B - Muntinlupa City  is composed of the following Barangays:,039-2019,"July 11, 2019",8TH,,MUNTINLUPA CITY,SUCAT,EAST BAY RESIDENCES,EAST SERVICE ROAD,RC,Residential - Condominium,100000.0
raw,RDO No. 53B - Muntinlupa City  is composed of the following Barangays:,039-2019,"July 11, 2019",8TH,,MUNTINLUPA CITY,SUCAT,EAST BAY RESIDENCES,EAST SERVICE ROAD,CC,Commercial - Condominium,120000.0
raw,RDO No. 53B - Muntinlupa City  is composed of the following Barangays:,039-2019,"July 11, 2019",8TH,,MUNTINLUPA CITY,SUCAT,EAST BAY RESIDENCES,EAST SERVICE ROAD,PS,Parking Slot / Private School,70000.0
raw,RDO No. 53B - Muntinlupa City  is composed of the following Barangays:,039-2019,"July 11, 2019",8TH,,MUNTINLUPA CITY,SUCAT,EAST BAY RESIDENCES,EAST SERVICE ROAD,RC,Residential - Condominium,100000.0
raw,RDO No. 53B - Muntinlupa City  is composed of the following Barangays:,039-2019,"July 11, 2019",8TH,,MUNTINLUPA CITY,SUCAT,EAST BAY RESIDENCES,EAST SERVICE ROAD,CC,Commercial - Condominium,120000.0
raw,RDO No. 53B - Muntinlupa City  is composed of the following Barangays:,039-2019,"July 11, 2019",8TH,,MUNTINLUPA CITY,SUCAT,EAST BAY RESIDENCES,EAST SERVICE ROAD,PS,Parking Slot / Private School,70000.0
raw,RDO No. 53B - Muntinlupa City  is composed of the following Barangays:,,,9TH,NCR,MUNTINLUPA CITY,SUCAT,EAST BAY RESIDENCES*,EAST SERVICE ROAD,RC,Residential - Condominium,120000.0
raw,RDO No. 53B - Muntinlupa City  is composed of the following Barangays:,,,9TH,NCR,MUNTINLUPA CITY,SUCAT,EAST BAY RESIDENCES*,EAST SERVICE ROAD,CC,Commercial - Condominium,150000.0
raw,RDO No. 53B - Muntinlupa City  is composed of the following Barangays:,,,9TH,NCR,MUNTINLUPA CITY,SUCAT,EAST BAY RESIDENCES*,EAST SERVICE ROAD,PS,Parking Slot / Private School,84000.0
raw,RDO No. 53B - Muntinlupa City  is composed of the following Barangays:,,,9TH,NCR,MUNTINLUPA CITY,SUCAT,EAST SERVICE ROAD,BULI RIVER-MUNTI-P'QUE BDRY,RR,Residential - Regular,35000.0
raw,RDO No. 53B - Muntinlupa City  is composed of the following Barangays:,,,9TH,NCR,MUNTINLUPA CITY,SUCAT,EAST SERVICE ROAD,BULI RIVER-MUNTI-P'QUE BDRY,CR,Commercial - Regular,60000.0
raw,RDO No. 53B - Muntinlupa City  is composed of the following Barangays:,,,9TH,NCR,MUNTINLUPA CITY,SUCAT,EAST SERVICE ROAD,BULI RIVER-MUNTI-P'QUE BDRY,I,Industrial,55000.0
raw,RDO No. 53B - Muntinlupa City  is composed of the following Barangays:,,,9TH,NCR,MUNTINLUPA CITY,SUCAT,EAST SERVICE ROAD,BULI RIVER-MUNTI-P'QUE BDRY,X,Special / Other,42000.0
raw,RDO No. 53B - Muntinlupa City  is composed of the following Barangays:,039-2019,"July 11, 2019",8TH,,MUNTINLUPA CITY,SUCAT,EAST SERVICE ROAD,BULI RIVER-MUNTI-P'QUE BDRY,RR,Residential - Regular,25000.0
raw,RDO No. 53B - Muntinlupa City  is composed of the following Barangays:,039-2019,"July 11, 2019",8TH,,MUNTINLUPA CITY,SUCAT,EAST SERVICE ROAD,BULI RIVER-MUNTI-P'QUE BDRY,CR,Commercial - Regular,50000.0
raw,RDO No. 53B - Muntinlupa City  is composed of the following Barangays:,039-2019,"July 11, 2019",8TH,,MUNTINLUPA CITY,SUCAT,EAST SERVICE ROAD,BULI RIVER-MUNTI-P'QUE BDRY,I,Industrial,45000.0
raw,RDO No. 53B - Muntinlupa City  is composed of the following Barangays:,039-2019,"July 11, 2019",8TH,,MUNTINLUPA CITY,SUCAT,EAST SERVICE ROAD,BULI RIVER-MUNTI-P'QUE BDRY,X,Special / Other,35000.0
raw,RDO No. 53B - Muntinlupa City  is composed of the following Barangays:,039-2019,"July 11, 2019",8TH,,MUNTINLUPA CITY,SUCAT,EAST SERVICE ROAD,BULI RIVER-MUNTI-P'QUE BDRY,RR,Residential - Regular,25000.0
raw,RDO No. 53B - Muntinlupa City  is composed of the following Barangays:,039-2019,"July 11, 2019",8TH,,MUNTINLUPA CITY,SUCAT,EAST SERVICE ROAD,BULI RIVER-MUNTI-P'QUE BDRY,CR,Commercial - Regular,50000.0
raw,RDO No. 53B - Muntinlupa City  is composed of the following Barangays:,039-2019,"July 11, 2019",8TH,,MUNTINLUPA CITY,SUCAT,EAST SERVICE ROAD,BULI RIVER-MUNTI-P'QUE BDRY,I,Industrial,45000.0
raw,RDO No. 53B - Muntinlupa City  is composed of the following Barangays:,039-2019,"July 11, 2019",8TH,,MUNTINLUPA CITY,SUCAT,EAST SERVICE ROAD,BULI RIVER-MUNTI-P'QUE BDRY,X,Special / Other,35000.0
raw,RDO No. 53B - Muntinlupa City  is composed of the following Barangays:,039-2019,"July 11, 2019",8TH,,MUNTINLUPA CITY,SUCAT,ESCALADES SOUTH CONDO,"POWERCITY, SUCAT, MUNTINLUPA",RC,Residential - Condominium,70000.0
raw,RDO No. 53B - Muntinlupa City  is composed of the following Barangays:,039-2019,"July 11, 2019",8TH,,MUNTINLUPA CITY,SUCAT,ESCALADES SOUTH CONDO,"POWERCITY, SUCAT, MUNTINLUPA",PS,Parking Slot / Private School,49000.0
raw,RDO No. 53B - Muntinlupa City  is composed of the following Barangays:,039-2019,"July 11, 2019",8TH,,MUNTINLUPA CITY,SUCAT,ESCALADES SOUTH CONDO,"POWERCITY, SUCAT, MUNTINLUPA",RC,Residential - Condominium,70000.0
raw,RDO No. 53B - Muntinlupa City  is composed of the following Barangays:,039-2019,"July 11, 2019",8TH,,MUNTINLUPA CITY,SUCAT,ESCALADES SOUTH CONDO,"POWERCITY, SUCAT, MUNTINLUPA",PS,Parking Slot / Private School,49000.0
raw,RDO No. 53B - Muntinlupa City  is composed of the following Barangays:,,,9TH,NCR,MUNTINLUPA CITY,SUCAT,ESCALADES SOUTH METRO CONDO*,"POWERCITY, SUCAT, MUNTINLUPA",RC,Residential - Condominium,90000.0
raw,RDO No. 53B - Muntinlupa City  is composed of the following Barangays:,,,9TH,NCR,MUNTINLUPA CITY,SUCAT,ESCALADES SOUTH METRO CONDO*,"POWERCITY, SUCAT, MUNTINLUPA",PS,Parking Slot / Private School,63000.0
raw,RDO No. 53B - Muntinlupa City  is composed of the following Barangays:,,,9TH,NCR,MUNTINLUPA CITY,SUCAT,LA POSADA SUBDIVISION,SLEX TO MAYOR J. POSADAS,RR,Residential - Regular,45000.0
raw,RDO No. 53B - Muntinlupa City  is composed of the following Barangays:,039-2019,"July 11, 2019",8TH,,MUNTINLUPA CITY,SUCAT,LA POSADA SUBDIVISION,SLEX TO MAYOR J. POSADAS,RR,Residential - Regular,35000.0
raw,RDO No. 53B - Muntinlupa City  is composed of the following Barangays:,039-2019,"July 11, 2019",8TH,,MUNTINLUPA CITY,SUCAT,LA POSADA SUBDIVISION,SLEX TO MAYOR J. POSADAS,RR,Residential - Regular,35000.0
raw,RDO No. 53B - Muntinlupa City  is composed of the following Barangays:,039-2019,"July 11, 2019",8TH,,MUNTINLUPA CITY,SUCAT,MARFORI TOWER,LAKEFRONT SUCAT,RC,Residential - Condominium,70000.0
raw,RDO No. 53B - Muntinlupa City  is composed of the following Barangays:,039-2019,"July 11, 2019",8TH,,MUNTINLUPA CITY,SUCAT,MARFORI TOWER,LAKEFRONT SUCAT,PS,Parking Slot / Private School,49000.0
raw,RDO No. 53B - Muntinlupa City  is composed of the following Barangays:,039-2019,"July 11, 2019",8TH,,MUNTINLUPA CITY,SUCAT,MARFORI TOWER,LAKEFRONT SUCAT,RC,Residential - Condominium,70000.0
raw,RDO No. 53B - Muntinlupa City  is composed of the following Barangays:,039-2019,"July 11, 2019",8TH,,MUNTINLUPA CITY,SUCAT,MARFORI TOWER,LAKEFRONT SUCAT,PS,Parking Slot / Private School,49000.0
raw,RDO No. 53B - Muntinlupa City  is composed of the following Barangays:,,,9TH,NCR,MUNTINLUPA CITY,SUCAT,MARFORI TOWER*,LAKEFRONT SUCAT,RC,Residential - Condominium,90000.0
raw,RDO No. 53B - Muntinlupa City  is composed of the following Barangays:,,,9TH,NCR,MUNTINLUPA CITY,SUCAT,MARFORI TOWER*,LAKEFRONT SUCAT,PS,Parking Slot / Private School,63000.0
raw,RDO No. 53B - Muntinlupa City  is composed of the following Barangays:,,,9TH,NCR,MUNTINLUPA CITY,SUCAT,MARINA HEIGHTS,BRITTANY,RR,Residential - Regular,50000.0
raw,RDO No. 53B - Muntinlupa City  is composed of the following Barangays:,039-2019,"July 11, 2019",8TH,,MUNTINLUPA CITY,SUCAT,MARINA HEIGHTS,BRITTANY,RR,Residential - Regular,40000.0
raw,RDO No. 53B - Muntinlupa City  is composed of the following Barangays:,039-2019,"July 11, 2019",8TH,,MUNTINLUPA CITY,SUCAT,MARINA HEIGHTS,BRITTANY,RR,Residential - Regular,40000.0
raw,RDO No. 53B - Muntinlupa City  is composed of the following Barangays:,039-2019,"July 11, 2019",8TH,,MUNTINLUPA CITY,SUCAT,MICHAELANGELO TOWER,PRESIDIO BRITTANY BAY,RC,Residential - Condominium,70000.0
raw,RDO No. 53B - Muntinlupa City  is composed of the following Barangays:,039-2019,"July 11, 2019",8TH,,MUNTINLUPA CITY,SUCAT,MICHAELANGELO TOWER,PRESIDIO BRITTANY BAY,PS,Parking Slot / Private School,49000.0
raw,RDO No. 53B - Muntinlupa City  is composed of the following Barangays:,039-2019,"July 11, 2019",8TH,,MUNTINLUPA CITY,SUCAT,MICHAELANGELO TOWER,PRESIDIO BRITTANY BAY,RC,Residential - Condominium,70000.0
raw,RDO No. 53B - Muntinlupa City  is composed of the following Barangays:,039-2019,"July 11, 2019",8TH,,MUNTINLUPA CITY,SUCAT,MICHAELANGELO TOWER,PRESIDIO BRITTANY BAY,PS,Parking Slot / Private School,49000.0
raw,RDO No. 53B - Muntinlupa City  is composed of the following Barangays:,,,9TH,NCR,MUNTINLUPA CITY,SUCAT,MICHAELANGELO TOWER*,PRESIDIO BRITTANY BAY,RC,Residential - Condominium,90000.0
raw,RDO No. 53B - Muntinlupa City  is composed of the following Barangays:,,,9TH,NCR,MUNTINLUPA CITY,SUCAT,MICHAELANGELO TOWER*,PRESIDIO BRITTANY BAY,PS,Parking Slot / Private School,63000.0
raw,RDO No. 53B - Muntinlupa City  is composed of the following Barangays:,039-2019,"July 11, 2019",8TH,,MUNTINLUPA CITY,SUCAT,MONET TOWER CONDO,PRESIDIO BRITTANY BAY,RC,Residential - Condominium,70000.0
raw,RDO No. 53B - Muntinlupa City  is composed of the following Barangays:,039-2019,"July 11, 2019",8TH,,MUNTINLUPA CITY,SUCAT,MONET TOWER CONDO,PRESIDIO BRITTANY BAY,PS,Parking Slot / Private School,49000.0
raw,RDO No. 53B - Muntinlupa City  is composed of the following Barangays:,039-2019,"July 11, 2019",8TH,,MUNTINLUPA CITY,SUCAT,MONET TOWER CONDO,PRESIDIO BRITTANY BAY,RC,Residential - Condominium,70000.0
raw,RDO No. 53B - Muntinlupa City  is composed of the following Barangays:,039-2019,"July 11, 2019",8TH,,MUNTINLUPA CITY,SUCAT,MONET TOWER CONDO,PRESIDIO BRITTANY BAY,PS,Parking Slot / Private School,49000.0
raw,RDO No. 53B - Muntinlupa City  is composed of the following Barangays:,,,9TH,NCR,MUNTINLUPA CITY,SUCAT,MONET TOWER CONDO*,PRESIDIO BRITTANY BAY,RC,Residential - Condominium,90000.0
raw,RDO No. 53B - Muntinlupa City  is composed of the following Barangays:,,,9TH,NCR,MUNTINLUPA CITY,SUCAT,MONET TOWER CONDO*,PRESIDIO BRITTANY BAY,PS,Parking Slot / Private School,63000.0
raw,RDO No. 53B - Muntinlupa City  is composed of the following Barangays:,,,9TH,NCR,MUNTINLUPA CITY,SUCAT,NEW VICTORIANNE ROW,LA POSADA,RR,Residential - Regular,50000.0
raw,RDO No. 53B - Muntinlupa City  is composed of the following Barangays:,039-2019,"July 11, 2019",8TH,,MUNTINLUPA CITY,SUCAT,NEW VICTORIANNE ROW,LA POSADA,RR,Residential - Regular,40000.0
raw,RDO No. 53B - Muntinlupa City  is composed of the following Barangays:,039-2019,"July 11, 2019",8TH,,MUNTINLUPA CITY,SUCAT,NEW VICTORIANNE ROW,LA POSADA,RR,Residential - Regular,40000.0
raw,RDO No. 53B - Muntinlupa City  is composed of the following Barangays:,,,9TH,NCR,MUNTINLUPA CITY,SUCAT,PATIO HOMES,POSADAS VILLAGE,RR,Residential - Regular,50000.0
raw,RDO No. 53B - Muntinlupa City  is composed of the following Barangays:,039-2019,"July 11, 2019",8TH,,MUNTINLUPA CITY,SUCAT,PATIO HOMES,POSADAS VILLAGE,RR,Residential - Regular,40000.0
raw,RDO No. 53B - Muntinlupa City  is composed of the following Barangays:,039-2019,"July 11, 2019",8TH,,MUNTINLUPA CITY,SUCAT,PATIO HOMES,POSADAS VILLAGE,RR,Residential - Regular,40000.0
raw,RDO No. 53B - Muntinlupa City  is composed of the following Barangays:,,,9TH,NCR,MUNTINLUPA CITY,SUCAT,POSADAS VILLAGE,SLEX,RR,Residential - Regular,35000.0
raw,RDO No. 53B - Muntinlupa City  is composed of the following Barangays:,039-2019,"July 11, 2019",8TH,,MUNTINLUPA CITY,SUCAT,POSADAS VILLAGE,SLEX,RR,Residential - Regular,25000.0
raw,RDO No. 53B - Muntinlupa City  is composed of the following Barangays:,039-2019,"July 11, 2019",8TH,,MUNTINLUPA CITY,SUCAT,POSADAS VILLAGE,SLEX,RR,Residential - Regular,25000.0
raw,RDO No. 53B - Muntinlupa City  is composed of the following Barangays:,039-2019,"July 11, 2019",8TH,,MUNTINLUPA CITY,SUCAT,PRESIDIO CONDO,PRESIDIO BRITTANY BAY,RC,Residential - Condominium,70000.0
raw,RDO No. 53B - Muntinlupa City  is composed of the following Barangays:,039-2019,"July 11, 2019",8TH,,MUNTINLUPA CITY,SUCAT,PRESIDIO CONDO,PRESIDIO BRITTANY BAY,PS,Parking Slot / Private School,49000.0
raw,RDO No. 53B - Muntinlupa City  is composed of the following Barangays:,039-2019,"July 11, 2019",8TH,,MUNTINLUPA CITY,SUCAT,PRESIDIO CONDO,PRESIDIO BRITTANY BAY,RC,Residential - Condominium,70000.0
raw,RDO No. 53B - Muntinlupa City  is composed of the following Barangays:,039-2019,"July 11, 2019",8TH,,MUNTINLUPA CITY,SUCAT,PRESIDIO CONDO,PRESIDIO BRITTANY BAY,PS,Parking Slot / Private School,49000.0
raw,RDO No. 53B - Muntinlupa City  is composed of the following Barangays:,,,9TH,NCR,MUNTINLUPA CITY,SUCAT,PRESIDIO LIFESTYLE CONDO*,PRESIDIO BRITTANY BAY,RC,Residential - Condominium,90000.0
raw,RDO No. 53B - Muntinlupa City  is composed of the following Barangays:,,,9TH,NCR,MUNTINLUPA CITY,SUCAT,PRESIDIO LIFESTYLE CONDO*,PRESIDIO BRITTANY BAY,PS,Parking Slot / Private School,63000.0
raw,RDO No. 53B - Muntinlupa City  is composed of the following Barangays:,039-2019,"July 11, 2019",8TH,,MUNTINLUPA CITY,SUCAT,RENOIR TOWER CONDO,PRESIDIO BRITTANY BAY,RC,Residential - Condominium,70000.0
raw,RDO No. 53B - Muntinlupa City  is composed of the following Barangays:,039-2019,"July 11, 2019",8TH,,MUNTINLUPA CITY,SUCAT,RENOIR TOWER CONDO,PRESIDIO BRITTANY BAY,PS,Parking Slot / Private School,49000.0
raw,RDO No. 53B - Muntinlupa City  is composed of the following Barangays:,039-2019,"July 11, 2019",8TH,,MUNTINLUPA CITY,SUCAT,RENOIR TOWER CONDO,PRESIDIO BRITTANY BAY,RC,Residential - Condominium,70000.0
raw,RDO No. 53B - Muntinlupa City  is composed of the following Barangays:,039-2019,"July 11, 2019",8TH,,MUNTINLUPA CITY,SUCAT,RENOIR TOWER CONDO,PRESIDIO BRITTANY BAY,PS,Parking Slot / Private School,49000.0
raw,RDO No. 53B - Muntinlupa City  is composed of the following Barangays:,,,9TH,NCR,MUNTINLUPA CITY,SUCAT,RENOIR TOWER CONDO*,PRESIDIO BRITTANY BAY,RC,Residential - Condominium,90000.0
raw,RDO No. 53B - Muntinlupa City  is composed of the following Barangays:,,,9TH,NCR,MUNTINLUPA CITY,SUCAT,RENOIR TOWER CONDO*,PRESIDIO BRITTANY BAY,PS,Parking Slot / Private School,63000.0
raw,RDO No. 53B - Muntinlupa City  is composed of the following Barangays:,,,9TH,NCR,MUNTINLUPA CITY,SUCAT,SAMAHANG  PAGKAKAISA (Informal Settler Area),MERALCO STATION,RR,Residential - Regular,12000.0
raw,RDO No. 53B - Muntinlupa City  is composed of the following Barangays:,039-2019,"July 11, 2019",8TH,,MUNTINLUPA CITY,SUCAT,SAMAHANG  PAGKAKAISA (Informal Settler Area),MERALCO STATION,RR,Residential - Regular,8000.0
raw,RDO No. 53B - Muntinlupa City  is composed of the following Barangays:,039-2019,"July 11, 2019",8TH,,MUNTINLUPA CITY,SUCAT,SAMAHANG  PAGKAKAISA (Informal Settler Area),MERALCO STATION,RR,Residential - Regular,8000.0
raw,RDO No. 53B - Muntinlupa City  is composed of the following Barangays:,,,9TH,NCR,MUNTINLUPA CITY,SUCAT,SAMSON ROAD,WEST SERVICE ROAD,RR,Residential - Regular,35000.0
raw,RDO No. 53B - Muntinlupa City  is composed of the following Barangays:,,,9TH,NCR,MUNTINLUPA CITY,SUCAT,SAMSON ROAD,WEST SERVICE ROAD,CR,Commercial - Regular,60000.0
raw,RDO No. 53B - Muntinlupa City  is composed of the following Barangays:,,,9TH,NCR,MUNTINLUPA CITY,SUCAT,SAMSON ROAD,WEST SERVICE ROAD,I,Industrial,55000.0
raw,RDO No. 53B - Muntinlupa City  is composed of the following Barangays:,,,9TH,NCR,MUNTINLUPA CITY,SUCAT,SAMSON ROAD,WEST SERVICE ROAD,X,Special / Other,45000.0
raw,RDO No. 53B - Muntinlupa City  is composed of the following Barangays:,039-2019,"July 11, 2019",8TH,,MUNTINLUPA CITY,SUCAT,SAMSON ROAD,WEST SERVICE ROAD,RR,Residential - Regular,25000.0
raw,RDO No. 53B - Muntinlupa City  is composed of the following Barangays:,039-2019,"July 11, 2019",8TH,,MUNTINLUPA CITY,SUCAT,SAMSON ROAD,WEST SERVICE ROAD,CR,Commercial - Regular,50000.0
raw,RDO No. 53B - Muntinlupa City  is composed of the following Barangays:,039-2019,"July 11, 2019",8TH,,MUNTINLUPA CITY,SUCAT,SAMSON ROAD,WEST SERVICE ROAD,I,Industrial,45000.0
raw,RDO No. 53B - Muntinlupa City  is composed of the following Barangays:,039-2019,"July 11, 2019",8TH,,MUNTINLUPA CITY,SUCAT,SAMSON ROAD,WEST SERVICE ROAD,X,Special / Other,35000.0
raw,RDO No. 53B - Muntinlupa City  is composed of the following Barangays:,039-2019,"July 11, 2019",8TH,,MUNTINLUPA CITY,SUCAT,SAMSON ROAD,WEST SERVICE ROAD,RR,Residential - Regular,25000.0
raw,RDO No. 53B - Muntinlupa City  is composed of the following Barangays:,039-2019,"July 11, 2019",8TH,,MUNTINLUPA CITY,SUCAT,SAMSON ROAD,WEST SERVICE ROAD,CR,Commercial - Regular,50000.0
raw,RDO No. 53B - Muntinlupa City  is composed of the following Barangays:,039-2019,"July 11, 2019",8TH,,MUNTINLUPA CITY,SUCAT,SAMSON ROAD,WEST SERVICE ROAD,I,Industrial,45000.0
raw,RDO No. 53B - Muntinlupa City  is composed of the following Barangays:,039-2019,"July 11, 2019",8TH,,MUNTINLUPA CITY,SUCAT,SAMSON ROAD,WEST SERVICE ROAD,X,Special / Other,35000.0
raw,RDO No. 53B - Muntinlupa City  is composed of the following Barangays:,039-2019,"July 11, 2019",8TH,,MUNTINLUPA CITY,SUCAT,SOLANO HILLS 1-6,V ILLONCO ROAD,RC,Residential - Condominium,90000.0
raw,RDO No. 53B - Muntinlupa City  is composed of the following Barangays:,039-2019,"July 11, 2019",8TH,,MUNTINLUPA CITY,SUCAT,SOLANO HILLS 1-6,V ILLONCO ROAD,PS,Parking Slot / Private School,63000.0
raw,RDO No. 53B - Muntinlupa City  is composed of the following Barangays:,039-2019,"July 11, 2019",8TH,,MUNTINLUPA CITY,SUCAT,SOLANO HILLS 1-6,V ILLONCO ROAD,RC,Residential - Condominium,90000.0
raw,RDO No. 53B - Muntinlupa City  is composed of the following Barangays:,039-2019,"July 11, 2019",8TH,,MUNTINLUPA CITY,SUCAT,SOLANO HILLS 1-6,V ILLONCO ROAD,PS,Parking Slot / Private School,63000.0
raw,RDO No. 53B - Muntinlupa City  is composed of the following Barangays:,,,9TH,NCR,MUNTINLUPA CITY,SUCAT,SOLANO HILLS 1-6*,V ILLONCO ROAD,RC,Residential - Condominium,110000.0
raw,RDO No. 53B - Muntinlupa City  is composed of the following Barangays:,,,9TH,NCR,MUNTINLUPA CITY,SUCAT,SOLANO HILLS 1-6*,V ILLONCO ROAD,PS,Parking Slot / Private School,77000.0
raw,RDO No. 53B - Muntinlupa City  is composed of the following Barangays:,,,9TH,NCR,MUNTINLUPA CITY,SUCAT,SUCAT ROAD,SUCAT INTERCHANGE-MRR RD,RR,Residential - Regular,35000.0
raw,RDO No. 53B - Muntinlupa City  is composed of the following Barangays:,,,9TH,NCR,MUNTINLUPA CITY,SUCAT,SUCAT ROAD,SUCAT INTERCHANGE-MRR RD,CR,Commercial - Regular,50000.0
raw,RDO No. 53B - Muntinlupa City  is composed of the following Barangays:,,,9TH,NCR,MUNTINLUPA CITY,SUCAT,SUCAT ROAD,SUCAT INTERCHANGE-MRR RD,I,Industrial,46000.0
raw,RDO No. 53B - Muntinlupa City  is composed of the following Barangays:,,,9TH,NCR,MUNTINLUPA CITY,SUCAT,SUCAT ROAD,SUCAT INTERCHANGE-MRR RD,X,Special / Other,42000.0
raw,RDO No. 53B - Muntinlupa City  is composed of the following Barangays:,039-2019,"July 11, 2019",8TH,,MUNTINLUPA CITY,SUCAT,SUCAT ROAD,SUCAT INTERCHANGE-MRR RD,RR,Residential - Regular,25000.0
raw,RDO No. 53B - Muntinlupa City  is composed of the following Barangays:,039-2019,"July 11, 2019",8TH,,MUNTINLUPA CITY,SUCAT,SUCAT ROAD,SUCAT INTERCHANGE-MRR RD,CR,Commercial - Regular,40000.0
raw,RDO No. 53B - Muntinlupa City  is composed of the following Barangays:,039-2019,"July 11, 2019",8TH,,MUNTINLUPA CITY,SUCAT,SUCAT ROAD,SUCAT INTERCHANGE-MRR RD,I,Industrial,38000.0
raw,RDO No. 53B - Muntinlupa City  is composed of the following Barangays:,039-2019,"July 11, 2019",8TH,,MUNTINLUPA CITY,SUCAT,SUCAT ROAD,SUCAT INTERCHANGE-MRR RD,X,Special / Other,35000.0
raw,RDO No. 53B - Muntinlupa City  is composed of the following Barangays:,039-2019,"July 11, 2019",8TH,,MUNTINLUPA CITY,SUCAT,SUCAT ROAD,SUCAT INTERCHANGE-MRR RD,RR,Residential - Regular,25000.0
raw,RDO No. 53B - Muntinlupa City  is composed of the following Barangays:,039-2019,"July 11, 2019",8TH,,MUNTINLUPA CITY,SUCAT,SUCAT ROAD,SUCAT INTERCHANGE-MRR RD,CR,Commercial - Regular,40000.0
raw,RDO No. 53B - Muntinlupa City  is composed of the following Barangays:,039-2019,"July 11, 2019",8TH,,MUNTINLUPA CITY,SUCAT,SUCAT ROAD,SUCAT INTERCHANGE-MRR RD,I,Industrial,38000.0
raw,RDO No. 53B - Muntinlupa City  is composed of the following Barangays:,039-2019,"July 11, 2019",8TH,,MUNTINLUPA CITY,SUCAT,SUCAT ROAD,SUCAT INTERCHANGE-MRR RD,X,Special / Other,35000.0
raw,RDO No. 53B - Muntinlupa City  is composed of the following Barangays:,039-2019,"July 11, 2019",8TH,,MUNTINLUPA CITY,SUCAT,T M ROAD (PRES MANUEL L. QUEZON),PNR SIDE (Low Lying Area),RR,Residential - Regular,7000.0
raw,RDO No. 53B - Muntinlupa City  is composed of the following Barangays:,039-2019,"July 11, 2019",8TH,,MUNTINLUPA CITY,SUCAT,T M ROAD (PRES MANUEL L. QUEZON),PNR SIDE (Low Lying Area),RR,Residential - Regular,7000.0
raw,RDO No. 53B - Muntinlupa City  is composed of the following Barangays:,039-2019,"July 11, 2019",8TH,,MUNTINLUPA CITY,SUCAT,T.M. ROAD,LAKESIDE (Low Lying Area),RR,Residential - Regular,5000.0
raw,RDO No. 53B - Muntinlupa City  is composed of the following Barangays:,039-2019,"July 11, 2019",8TH,,MUNTINLUPA CITY,SUCAT,T.M. ROAD,LAKESIDE (Low Lying Area),RR,Residential - Regular,5000.0
raw,RDO No. 53B - Muntinlupa City  is composed of the following Barangays:,,,9TH,NCR,MUNTINLUPA CITY,SUCAT,TAGUIG MUNTINLUPA ROAD T M ROAD (PRES MANUEL L. QUEZON),PNR SIDE (Low Lying Area),RR,Residential - Regular,10000.0
raw,RDO No. 53B - Muntinlupa City  is composed of the following Barangays:,,,9TH,NCR,MUNTINLUPA CITY,SUCAT,TAGUIG MUNTINLUPA ROAD T M ROAD (PRES MANUEL L. QUEZON),PNR SIDE (Low Lying Area),CR,Commercial - Regular,18000.0
raw,RDO No. 53B - Muntinlupa City  is composed of the following Barangays:,,,9TH,NCR,MUNTINLUPA CITY,SUCAT,TAGUIG MUNTINLUPA ROAD T.M. ROAD,LAKESIDE (Low Lying Area),RR,Residential - Regular,8000.0
raw,RDO No. 53B - Muntinlupa City  is composed of the following Barangays:,,,9TH,NCR,MUNTINLUPA CITY,SUCAT,TAGUIG MUNTINLUPA ROAD T.M. ROAD,LAKESIDE (Low Lying Area),CR,Commercial - Regular,18000.0
raw,RDO No. 53B - Muntinlupa City  is composed of the following Barangays:,039-2019,"July 11, 2019",8TH,,MUNTINLUPA CITY,SUCAT,TRIBECA 1,INT EAST SERVICE ROAD,RC,Residential - Condominium,75000.0
raw,RDO No. 53B - Muntinlupa City  is composed of the following Barangays:,039-2019,"July 11, 2019",8TH,,MUNTINLUPA CITY,SUCAT,TRIBECA 1,INT EAST SERVICE ROAD,PS,Parking Slot / Private School,53000.0
raw,RDO No. 53B - Muntinlupa City  is composed of the following Barangays:,039-2019,"July 11, 2019",8TH,,MUNTINLUPA CITY,SUCAT,TRIBECA 1,INT EAST SERVICE ROAD,RC,Residential - Condominium,75000.0
raw,RDO No. 53B - Muntinlupa City  is composed of the following Barangays:,039-2019,"July 11, 2019",8TH,,MUNTINLUPA CITY,SUCAT,TRIBECA 1,INT EAST SERVICE ROAD,PS,Parking Slot / Private School,53000.0
raw,RDO No. 53B - Muntinlupa City  is composed of the following Barangays:,,,9TH,NCR,MUNTINLUPA CITY,SUCAT,TRIBECA 1*,INT EAST SERVICE ROAD,RC,Residential - Condominium,90000.0
raw,RDO No. 53B - Muntinlupa City  is composed of the following Barangays:,,,9TH,NCR,MUNTINLUPA CITY,SUCAT,TRIBECA 1*,INT EAST SERVICE ROAD,PS,Parking Slot / Private School,63000.0
raw,RDO No. 53B - Muntinlupa City  is composed of the following Barangays:,039-2019,"July 11, 2019",8TH,,MUNTINLUPA CITY,SUCAT,TRIBECA 2,INT EAST SERVICE ROAD,RC,Residential - Condominium,75000.0
raw,RDO No. 53B - Muntinlupa City  is composed of the following Barangays:,039-2019,"July 11, 2019",8TH,,MUNTINLUPA CITY,SUCAT,TRIBECA 2,INT EAST SERVICE ROAD,PS,Parking Slot / Private School,53000.0
raw,RDO No. 53B - Muntinlupa City  is composed of the following Barangays:,039-2019,"July 11, 2019",8TH,,MUNTINLUPA CITY,SUCAT,TRIBECA 2,INT EAST SERVICE ROAD,RC,Residential - Condominium,75000.0
raw,RDO No. 53B - Muntinlupa City  is composed of the following Barangays:,039-2019,"July 11, 2019",8TH,,MUNTINLUPA CITY,SUCAT,TRIBECA 2,INT EAST SERVICE ROAD,PS,Parking Slot / Private School,53000.0
raw,RDO No. 53B - Muntinlupa City  is composed of the following Barangays:,,,9TH,NCR,MUNTINLUPA CITY,SUCAT,TRIBECA 2*,INT EAST SERVICE ROAD,RC,Residential - Condominium,90000.0
raw,RDO No. 53B - Muntinlupa City  is composed of the following Barangays:,,,9TH,NCR,MUNTINLUPA CITY,SUCAT,TRIBECA 2*,INT EAST SERVICE ROAD,PS,Parking Slot / Private School,63000.0
raw,RDO No. 53B - Muntinlupa City  is composed of the following Barangays:,039-2019,"July 11, 2019",8TH,,MUNTINLUPA CITY,SUCAT,TRIBECA 3,INT EAST SERVICE ROAD,RC,Residential - Condominium,75000.0
raw,RDO No. 53B - Muntinlupa City  is composed of the following Barangays:,039-2019,"July 11, 2019",8TH,,MUNTINLUPA CITY,SUCAT,TRIBECA 3,INT EAST SERVICE ROAD,PS,Parking Slot / Private School,53000.0
raw,RDO No. 53B - Muntinlupa City  is composed of the following Barangays:,039-2019,"July 11, 2019",8TH,,MUNTINLUPA CITY,SUCAT,TRIBECA 3,INT EAST SERVICE ROAD,RC,Residential - Condominium,75000.0
raw,RDO No. 53B - Muntinlupa City  is composed of the following Barangays:,039-2019,"July 11, 2019",8TH,,MUNTINLUPA CITY,SUCAT,TRIBECA 3,INT EAST SERVICE ROAD,PS,Parking Slot / Private School,53000.0
raw,RDO No. 53B - Muntinlupa City  is composed of the following Barangays:,,,9TH,NCR,MUNTINLUPA CITY,SUCAT,TRIBECA 3*,INT EAST SERVICE ROAD,RC,Residential - Condominium,90000.0
raw,RDO No. 53B - Muntinlupa City  is composed of the following Barangays:,,,9TH,NCR,MUNTINLUPA CITY,SUCAT,TRIBECA 3*,INT EAST SERVICE ROAD,PS,Parking Slot / Private School,63000.0
raw,RDO No. 53B - Muntinlupa City  is composed of the following Barangays:,039-2019,"July 11, 2019",8TH,,MUNTINLUPA CITY,SUCAT,TRIBECA BRYANT PLACE 3,INT EAST SERVICE ROAD,RC,Residential - Condominium,75000.0
raw,RDO No. 53B - Muntinlupa City  is composed of the following Barangays:,039-2019,"July 11, 2019",8TH,,MUNTINLUPA CITY,SUCAT,TRIBECA BRYANT PLACE 3,INT EAST SERVICE ROAD,PS,Parking Slot / Private School,53000.0
raw,RDO No. 53B - Muntinlupa City  is composed of the following Barangays:,039-2019,"July 11, 2019",8TH,,MUNTINLUPA CITY,SUCAT,TRIBECA BRYANT PLACE 3,INT EAST SERVICE ROAD,RC,Residential - Condominium,75000.0
raw,RDO No. 53B - Muntinlupa City  is composed of the following Barangays:,039-2019,"July 11, 2019",8TH,,MUNTINLUPA CITY,SUCAT,TRIBECA BRYANT PLACE 3,INT EAST SERVICE ROAD,PS,Parking Slot / Private School,53000.0
raw,RDO No. 53B - Muntinlupa City  is composed of the following Barangays:,,,9TH,NCR,MUNTINLUPA CITY,SUCAT,TRIBECA BRYANT PLACE 3*,INT EAST SERVICE ROAD,RC,Residential - Condominium,90000.0
raw,RDO No. 53B - Muntinlupa City  is composed of the following Barangays:,,,9TH,NCR,MUNTINLUPA CITY,SUCAT,TRIBECA BRYANT PLACE 3*,INT EAST SERVICE ROAD,PS,Parking Slot / Private School,63000.0
raw,RDO No. 53B - Muntinlupa City  is composed of the following Barangays:,,,9TH,NCR,MUNTINLUPA CITY,SUCAT,VICTORIANNE ROW 2,LA POSA,RR,Residential - Regular,35000.0
raw,RDO No. 53B - Muntinlupa City  is composed of the following Barangays:,039-2019,"July 11, 2019",8TH,,MUNTINLUPA CITY,SUCAT,VICTORIANNE ROW 2,LA POSA,RR,Residential - Regular,25000.0
raw,RDO No. 53B - Muntinlupa City  is composed of the following Barangays:,039-2019,"July 11, 2019",8TH,,MUNTINLUPA CITY,SUCAT,VICTORIANNE ROW 2,LA POSA,RR,Residential - Regular,25000.0
raw,RDO No. 53B - Muntinlupa City  is composed of the following Barangays:,,,9TH,NCR,MUNTINLUPA CITY,SUCAT,VILLONCO ST.,WEST SERVICE RD,RR,Residential - Regular,35000.0
raw,RDO No. 53B - Muntinlupa City  is composed of the following Barangays:,,,9TH,NCR,MUNTINLUPA CITY,SUCAT,VILLONCO ST.,WEST SERVICE RD,CR,Commercial - Regular,60000.0
raw,RDO No. 53B - Muntinlupa City  is composed of the following Barangays:,,,9TH,NCR,MUNTINLUPA CITY,SUCAT,VILLONCO ST.,WEST SERVICE RD,I,Industrial,55000.0
raw,RDO No. 53B - Muntinlupa City  is composed of the following Barangays:,039-2019,"July 11, 2019",8TH,,MUNTINLUPA CITY,SUCAT,VILLONCO ST.,WEST SERVICE RD,RR,Residential - Regular,25000.0
raw,RDO No. 53B - Muntinlupa City  is composed of the following Barangays:,039-2019,"July 11, 2019",8TH,,MUNTINLUPA CITY,SUCAT,VILLONCO ST.,WEST SERVICE RD,CR,Commercial - Regular,50000.0
raw,RDO No. 53B - Muntinlupa City  is composed of the following Barangays:,039-2019,"July 11, 2019",8TH,,MUNTINLUPA CITY,SUCAT,VILLONCO ST.,WEST SERVICE RD,I,Industrial,45000.0
raw,RDO No. 53B - Muntinlupa City  is composed of the following Barangays:,039-2019,"July 11, 2019",8TH,,MUNTINLUPA CITY,SUCAT,VILLONCO ST.,WEST SERVICE RD,RR,Residential - Regular,25000.0
raw,RDO No. 53B - Muntinlupa City  is composed of the following Barangays:,039-2019,"July 11, 2019",8TH,,MUNTINLUPA CITY,SUCAT,VILLONCO ST.,WEST SERVICE RD,CR,Commercial - Regular,50000.0
raw,RDO No. 53B - Muntinlupa City  is composed of the following Barangays:,039-2019,"July 11, 2019",8TH,,MUNTINLUPA CITY,SUCAT,VILLONCO ST.,WEST SERVICE RD,I,Industrial,45000.0
raw,RDO No. 53B - Muntinlupa City  is composed of the following Barangays:,039-2019,"July 11, 2019",8TH,,MUNTINLUPA CITY,SUCAT,WATERFUN CONDO,SUCAT WEST SERVICE ROAD,RC,Residential - Condominium,50000.0
raw,RDO No. 53B - Muntinlupa City  is composed of the following Barangays:,039-2019,"July 11, 2019",8TH,,MUNTINLUPA CITY,SUCAT,WATERFUN CONDO,SUCAT WEST SERVICE ROAD,PS,Parking Slot / Private School,35000.0
raw,RDO No. 53B - Muntinlupa City  is composed of the following Barangays:,039-2019,"July 11, 2019",8TH,,MUNTINLUPA CITY,SUCAT,WATERFUN CONDO,SUCAT WEST SERVICE ROAD,RC,Residential - Condominium,50000.0
raw,RDO No. 53B - Muntinlupa City  is composed of the following Barangays:,039-2019,"July 11, 2019",8TH,,MUNTINLUPA CITY,SUCAT,WATERFUN CONDO,SUCAT WEST SERVICE ROAD,PS,Parking Slot / Private School,35000.0
raw,RDO No. 53B - Muntinlupa City  is composed of the following Barangays:,,,9TH,NCR,MUNTINLUPA CITY,SUCAT,WATERFUN CONDO*,SUCAT WEST SERVICE ROAD,RC,Residential - Condominium,60000.0
raw,RDO No. 53B - Muntinlupa City  is composed of the following Barangays:,,,9TH,NCR,MUNTINLUPA CITY,SUCAT,WATERFUN CONDO*,SUCAT WEST SERVICE ROAD,PS,Parking Slot / Private School,42000.0
raw,RDO No. 53B - Muntinlupa City  is composed of the following Barangays:,,,9TH,NCR,MUNTINLUPA CITY,SUCAT,WEST SERVICE ROAD,BULI RIVER-MUNTI-P'QUE BDRY,RR,Residential - Regular,35000.0
raw,RDO No. 53B - Muntinlupa City  is composed of the following Barangays:,,,9TH,NCR,MUNTINLUPA CITY,SUCAT,WEST SERVICE ROAD,BULI RIVER-MUNTI-P'QUE BDRY,CR,Commercial - Regular,60000.0
raw,RDO No. 53B - Muntinlupa City  is composed of the following Barangays:,,,9TH,NCR,MUNTINLUPA CITY,SUCAT,WEST SERVICE ROAD,BULI RIVER-MUNTI-P'QUE BDRY,I,Industrial,55000.0
raw,RDO No. 53B - Muntinlupa City  is composed of the following Barangays:,,,9TH,NCR,MUNTINLUPA CITY,SUCAT,WEST SERVICE ROAD,BULI RIVER-MUNTI-P'QUE BDRY,X,Special / Other,45000.0
raw,RDO No. 53B - Muntinlupa City  is composed of the following Barangays:,039-2019,"July 11, 2019",8TH,,MUNTINLUPA CITY,SUCAT,WEST SERVICE ROAD,BULI RIVER-MUNTI-P'QUE BDRY,RR,Residential - Regular,25000.0
raw,RDO No. 53B - Muntinlupa City  is composed of the following Barangays:,039-2019,"July 11, 2019",8TH,,MUNTINLUPA CITY,SUCAT,WEST SERVICE ROAD,BULI RIVER-MUNTI-P'QUE BDRY,CR,Commercial - Regular,50000.0
raw,RDO No. 53B - Muntinlupa City  is composed of the following Barangays:,039-2019,"July 11, 2019",8TH,,MUNTINLUPA CITY,SUCAT,WEST SERVICE ROAD,BULI RIVER-MUNTI-P'QUE BDRY,I,Industrial,45000.0
raw,RDO No. 53B - Muntinlupa City  is composed of the following Barangays:,039-2019,"July 11, 2019",8TH,,MUNTINLUPA CITY,SUCAT,WEST SERVICE ROAD,BULI RIVER-MUNTI-P'QUE BDRY,X,Special / Other,36000.0
raw,RDO No. 53B - Muntinlupa City  is composed of the following Barangays:,039-2019,"July 11, 2019",8TH,,MUNTINLUPA CITY,SUCAT,WEST SERVICE ROAD,BULI RIVER-MUNTI-P'QUE BDRY,RR,Residential - Regular,25000.0
raw,RDO No. 53B - Muntinlupa City  is composed of the following Barangays:,039-2019,"July 11, 2019",8TH,,MUNTINLUPA CITY,SUCAT,WEST SERVICE ROAD,BULI RIVER-MUNTI-P'QUE BDRY,CR,Commercial - Regular,50000.0
raw,RDO No. 53B - Muntinlupa City  is composed of the following Barangays:,039-2019,"July 11, 2019",8TH,,MUNTINLUPA CITY,SUCAT,WEST SERVICE ROAD,BULI RIVER-MUNTI-P'QUE BDRY,I,Industrial,45000.0
raw,RDO No. 53B - Muntinlupa City  is composed of the following Barangays:,039-2019,"July 11, 2019",8TH,,MUNTINLUPA CITY,SUCAT,WEST SERVICE ROAD,BULI RIVER-MUNTI-P'QUE BDRY,X,Special / Other,36000.0
raw,RDO No. 53B - Muntinlupa City  is composed of the following Barangays:,,,9TH,NCR,MUNTINLUPA CITY,TOWNHOUSES (CCT),ALMAN TOWNHOUSE,SUMMITVILLE,RC,Residential - Condominium,42000.0
raw,RDO No. 53B - Muntinlupa City  is composed of the following Barangays:,039-2019,"July 11, 2019",8TH,,MUNTINLUPA CITY,TOWNHOUSES (CCT),ALMAN TOWNHOUSE,SUMMITVILLE,RC,Residential - Condominium,35000.0
raw,RDO No. 53B - Muntinlupa City  is composed of the following Barangays:,039-2019,"July 11, 2019",8TH,,MUNTINLUPA CITY,TOWNHOUSES (CCT),ALMAN TOWNHOUSE,SUMMITVILLE,RC,Residential - Condominium,35000.0
raw,RDO No. 53B - Muntinlupa City  is composed of the following Barangays:,,,9TH,NCR,MUNTINLUPA CITY,TOWNHOUSES (CCT),DOÑA  SEGUNDINA TOWNHOUSE,INT. NATIONAL ROAD,RC,Residential - Condominium,50000.0
raw,RDO No. 53B - Muntinlupa City  is composed of the following Barangays:,039-2019,"July 11, 2019",8TH,,MUNTINLUPA CITY,TOWNHOUSES (CCT),DOÑA  SEGUNDINA TOWNHOUSE,INT. NATIONAL ROAD,RC,Residential - Condominium,40000.0
raw,RDO No. 53B - Muntinlupa City  is composed of the following Barangays:,039-2019,"July 11, 2019",8TH,,MUNTINLUPA CITY,TOWNHOUSES (CCT),DOÑA  SEGUNDINA TOWNHOUSE,INT. NATIONAL ROAD,RC,Residential - Condominium,40000.0
raw,RDO No. 53B - Muntinlupa City  is composed of the following Barangays:,,,9TH,NCR,MUNTINLUPA CITY,TOWNHOUSES (CCT),LA RESIDENCIA,"ALABANG HILLS VILLAGE, ALABANG",RC,Residential - Condominium,85000.0
raw,RDO No. 53B - Muntinlupa City  is composed of the following Barangays:,039-2019,"July 11, 2019",8TH,,MUNTINLUPA CITY,TOWNHOUSES (CCT),LA RESIDENCIA,"ALABANG HILLS VILLAGE, ALABANG",RC,Residential - Condominium,72000.0
raw,RDO No. 53B - Muntinlupa City  is composed of the following Barangays:,039-2019,"July 11, 2019",8TH,,MUNTINLUPA CITY,TOWNHOUSES (CCT),LA RESIDENCIA,"ALABANG HILLS VILLAGE, ALABANG",RC,Residential - Condominium,72000.0
raw,RDO No. 53B - Muntinlupa City  is composed of the following Barangays:,,,9TH,NCR,MUNTINLUPA CITY,TOWNHOUSES (CCT),NEW AYALA ALABANG TOWNHOUSE,AYALA ALABANG VILLAGE,RC,Residential - Condominium,90000.0
raw,RDO No. 53B - Muntinlupa City  is composed of the following Barangays:,039-2019,"July 11, 2019",8TH,,MUNTINLUPA CITY,TOWNHOUSES (CCT),NEW AYALA ALABANG TOWNHOUSE,AYALA ALABANG VILLAGE,RC,Residential - Condominium,75000.0
raw,RDO No. 53B - Muntinlupa City  is composed of the following Barangays:,039-2019,"July 11, 2019",8TH,,MUNTINLUPA CITY,TOWNHOUSES (CCT),NEW AYALA ALABANG TOWNHOUSE,AYALA ALABANG VILLAGE,RC,Residential - Condominium,75000.0
raw,RDO No. 53B - Muntinlupa City  is composed of the following Barangays:,,,9TH,NCR,MUNTINLUPA CITY,TOWNHOUSES (CCT),NHA FILINVEST,NORTHGATE CYBERZONE CENTER,RC,Residential - Condominium,42000.0
raw,RDO No. 53B - Muntinlupa City  is composed of the following Barangays:,039-2019,"July 11, 2019",8TH,,MUNTINLUPA CITY,TOWNHOUSES (CCT),NHA FILINVEST,NORTHGATE CYBERZONE CENTER,RC,Residential - Condominium,35000.0
raw,RDO No. 53B - Muntinlupa City  is composed of the following Barangays:,039-2019,"July 11, 2019",8TH,,MUNTINLUPA CITY,TOWNHOUSES (CCT),NHA FILINVEST,NORTHGATE CYBERZONE CENTER,RC,Residential - Condominium,35000.0
raw,RDO No. 53B - Muntinlupa City  is composed of the following Barangays:,,,9TH,NCR,MUNTINLUPA CITY,TOWNHOUSES (CCT),VM TOWNHOMES,SOLDIERS HILLS,RC,Residential - Condominium,48000.0
raw,RDO No. 53B - Muntinlupa City  is composed of the following Barangays:,039-2019,"July 11, 2019",8TH,,MUNTINLUPA CITY,TOWNHOUSES (CCT),VM TOWNHOMES,SOLDIERS HILLS,RC,Residential - Condominium,40000.0
raw,RDO No. 53B - Muntinlupa City  is composed of the following Barangays:,039-2019,"July 11, 2019",8TH,,MUNTINLUPA CITY,TOWNHOUSES (CCT),VM TOWNHOMES,SOLDIERS HILLS,RC,Residential - Condominium,40000.0
raw,RDO No. 53B - Muntinlupa City  is composed of the following Barangays:,,,9TH,NCR,MUNTINLUPA CITY,TUNASAN,ABBY'S PLACE,SUSANA HEIGHTS (Located along Faultline),RR,Residential - Regular,12000.0
raw,RDO No. 53B - Muntinlupa City  is composed of the following Barangays:,039-2019,"July 11, 2019",8TH,,MUNTINLUPA CITY,TUNASAN,ABBY'S PLACE,SUSANA HEIGHTS (Located along Faultline),RR,Residential - Regular,10000.0
raw,RDO No. 53B - Muntinlupa City  is composed of the following Barangays:,039-2019,"July 11, 2019",8TH,,MUNTINLUPA CITY,TUNASAN,ABBY'S PLACE,SUSANA HEIGHTS (Located along Faultline),RR,Residential - Regular,10000.0
raw,RDO No. 53B - Muntinlupa City  is composed of the following Barangays:,,,9TH,NCR,MUNTINLUPA CITY,TUNASAN,AGUILA VILLAGE,SUSANA HEIGHTS,RR,Residential - Regular,20000.0
raw,RDO No. 53B - Muntinlupa City  is composed of the following Barangays:,039-2019,"July 11, 2019",8TH,,MUNTINLUPA CITY,TUNASAN,AGUILA VILLAGE,SUSANA HEIGHTS,RR,Residential - Regular,15000.0
raw,RDO No. 53B - Muntinlupa City  is composed of the following Barangays:,039-2019,"July 11, 2019",8TH,,MUNTINLUPA CITY,TUNASAN,AGUILA VILLAGE,SUSANA HEIGHTS,RR,Residential - Regular,15000.0
raw,RDO No. 53B - Muntinlupa City  is composed of the following Barangays:,,,9TH,NCR,MUNTINLUPA CITY,TUNASAN,ALL OTHER STREETS*,INT. RODRIGUEZ ST.,RR,Residential - Regular,7000.0
raw,RDO No. 53B - Muntinlupa City  is composed of the following Barangays:,,,9TH,NCR,MUNTINLUPA CITY,TUNASAN,ALL OTHER STREETS*,INT. RODRIGUEZ ST.,CR,Commercial - Regular,40000.0
raw,RDO No. 53B - Muntinlupa City  is composed of the following Barangays:,,,9TH,NCR,MUNTINLUPA CITY,TUNASAN,ALONG PHILIPPINE NATIONAL RAILWAYS,BARRIO PROPER,RR,Residential - Regular,12000.0
raw,RDO No. 53B - Muntinlupa City  is composed of the following Barangays:,039-2019,"July 11, 2019",8TH,,MUNTINLUPA CITY,TUNASAN,ALONG PHILIPPINE NATIONAL RAILWAYS,BARRIO PROPER,RR,Residential - Regular,8000.0
raw,RDO No. 53B - Muntinlupa City  is composed of the following Barangays:,039-2019,"July 11, 2019",8TH,,MUNTINLUPA CITY,TUNASAN,ALONG PHILIPPINE NATIONAL RAILWAYS,BARRIO PROPER,RR,Residential - Regular,8000.0
raw,RDO No. 53B - Muntinlupa City  is composed of the following Barangays:,,,9TH,NCR,MUNTINLUPA CITY,TUNASAN,ARANDIA ST.,BARRIO PROPER (Flood Prone/Low Lying Area),RR,Residential - Regular,12000.0
raw,RDO No. 53B - Muntinlupa City  is composed of the following Barangays:,039-2019,"July 11, 2019",8TH,,MUNTINLUPA CITY,TUNASAN,ARANDIA ST.,BARRIO PROPER (Flood Prone/Low Lying Area),RR,Residential - Regular,8000.0
raw,RDO No. 53B - Muntinlupa City  is composed of the following Barangays:,039-2019,"July 11, 2019",8TH,,MUNTINLUPA CITY,TUNASAN,ARANDIA ST.,BARRIO PROPER (Flood Prone/Low Lying Area),RR,Residential - Regular,8000.0
raw,RDO No. 53B - Muntinlupa City  is composed of the following Barangays:,,,9TH,NCR,MUNTINLUPA CITY,TUNASAN,BISMAC HOMES,ARANDIA ST.,RR,Residential - Regular,13000.0
raw,RDO No. 53B - Muntinlupa City  is composed of the following Barangays:,039-2019,"July 11, 2019",8TH,,MUNTINLUPA CITY,TUNASAN,BISMAC HOMES,ARANDIA ST.,RR,Residential - Regular,9000.0
raw,RDO No. 53B - Muntinlupa City  is composed of the following Barangays:,039-2019,"July 11, 2019",8TH,,MUNTINLUPA CITY,TUNASAN,BISMAC HOMES,ARANDIA ST.,RR,Residential - Regular,9000.0
raw,RDO No. 53B - Muntinlupa City  is composed of the following Barangays:,,,9TH,NCR,MUNTINLUPA CITY,TUNASAN,BRAZILIA HEIGHTS,SUSANA HEIGHTS,RR,Residential - Regular,30000.0
raw,RDO No. 53B - Muntinlupa City  is composed of the following Barangays:,039-2019,"July 11, 2019",8TH,,MUNTINLUPA CITY,TUNASAN,BRAZILIA HEIGHTS,SUSANA HEIGHTS (Flood Prone/Low Lying Area),RR,Residential - Regular,25000.0
raw,RDO No. 53B - Muntinlupa City  is composed of the following Barangays:,039-2019,"July 11, 2019",8TH,,MUNTINLUPA CITY,TUNASAN,BRAZILIA HEIGHTS,SUSANA HEIGHTS (Flood Prone/Low Lying Area),RR,Residential - Regular,25000.0
raw,RDO No. 53B - Muntinlupa City  is composed of the following Barangays:,,,9TH,NCR,MUNTINLUPA CITY,TUNASAN,BUENDIA ST,LAKESIDE (Flood Prone/Low Lying Area),RR,Residential - Regular,8000.0
raw,RDO No. 53B - Muntinlupa City  is composed of the following Barangays:,039-2019,"July 11, 2019",8TH,,MUNTINLUPA CITY,TUNASAN,BUENDIA ST,LAKESIDE (Flood Prone/Low Lying Area),RR,Residential - Regular,5000.0
raw,RDO No. 53B - Muntinlupa City  is composed of the following Barangays:,039-2019,"July 11, 2019",8TH,,MUNTINLUPA CITY,TUNASAN,BUENDIA ST,LAKESIDE (Flood Prone/Low Lying Area),RR,Residential - Regular,5000.0
raw,RDO No. 53B - Muntinlupa City  is composed of the following Barangays:,,,9TH,NCR,MUNTINLUPA CITY,TUNASAN,BUENDIA ST.,PNR SIDE (Flood Prone/Low Lying Area),RR,Residential - Regular,10000.0
raw,RDO No. 53B - Muntinlupa City  is composed of the following Barangays:,,,9TH,NCR,MUNTINLUPA CITY,TUNASAN,BUENDIA ST.,PNR SIDE (Flood Prone/Low Lying Area),X,Special / Other,18000.0
raw,RDO No. 53B - Muntinlupa City  is composed of the following Barangays:,039-2019,"July 11, 2019",8TH,,MUNTINLUPA CITY,TUNASAN,BUENDIA ST.,PNR SIDE (Flood Prone/Low Lying Area),RR,Residential - Regular,7000.0
raw,RDO No. 53B - Muntinlupa City  is composed of the following Barangays:,039-2019,"July 11, 2019",8TH,,MUNTINLUPA CITY,TUNASAN,BUENDIA ST.,PNR SIDE (Flood Prone/Low Lying Area),X,Special / Other,14000.0
raw,RDO No. 53B - Muntinlupa City  is composed of the following Barangays:,039-2019,"July 11, 2019",8TH,,MUNTINLUPA CITY,TUNASAN,BUENDIA ST.,PNR SIDE (Flood Prone/Low Lying Area),RR,Residential - Regular,7000.0
raw,RDO No. 53B - Muntinlupa City  is composed of the following Barangays:,039-2019,"July 11, 2019",8TH,,MUNTINLUPA CITY,TUNASAN,BUENDIA ST.,PNR SIDE (Flood Prone/Low Lying Area),X,Special / Other,14000.0
raw,RDO No. 53B - Muntinlupa City  is composed of the following Barangays:,,,9TH,NCR,MUNTINLUPA CITY,TUNASAN,CAMELLA  RIDGEVIEW  1 & 2,VICTORIA HOMES (Under-developed),RR,Residential - Regular,15000.0
raw,RDO No. 53B - Muntinlupa City  is composed of the following Barangays:,039-2019,"July 11, 2019",8TH,,MUNTINLUPA CITY,TUNASAN,CAMELLA  RIDGEVIEW  1 & 2,VICTORIA HOMES (Under-developed),RR,Residential - Regular,12000.0
raw,RDO No. 53B - Muntinlupa City  is composed of the following Barangays:,039-2019,"July 11, 2019",8TH,,MUNTINLUPA CITY,TUNASAN,CAMELLA  RIDGEVIEW  1 & 2,VICTORIA HOMES (Under-developed),RR,Residential - Regular,12000.0
raw,RDO No. 53B - Muntinlupa City  is composed of the following Barangays:,,,9TH,NCR,MUNTINLUPA CITY,TUNASAN,CAMELLA HOMES ALABANG  III,NATIONAL ROAD,RR,Residential - Regular,15000.0
raw,RDO No. 53B - Muntinlupa City  is composed of the following Barangays:,039-2019,"July 11, 2019",8TH,,MUNTINLUPA CITY,TUNASAN,CAMELLA HOMES ALABANG  III,NATIONAL ROAD (Flood Prone/Low Lying Area),RR,Residential - Regular,12000.0
raw,RDO No. 53B - Muntinlupa City  is composed of the following Barangays:,039-2019,"July 11, 2019",8TH,,MUNTINLUPA CITY,TUNASAN,CAMELLA HOMES ALABANG  III,NATIONAL ROAD (Flood Prone/Low Lying Area),RR,Residential - Regular,12000.0
raw,RDO No. 53B - Muntinlupa City  is composed of the following Barangays:,,,9TH,NCR,MUNTINLUPA CITY,TUNASAN,J.P.A. SUBD,INT. NATIONAL ROAD                                        (Flood Prone/Low Lying Area),RR,Residential - Regular,18000.0
raw,RDO No. 53B - Muntinlupa City  is composed of the following Barangays:,,,9TH,NCR,MUNTINLUPA CITY,TUNASAN,J.P.A. SUBD,INT. NATIONAL ROAD                                        (Flood Prone/Low Lying Area),X,Special / Other,22000.0
raw,RDO No. 53B - Muntinlupa City  is composed of the following Barangays:,,,9TH,NCR,MUNTINLUPA CITY,TUNASAN,LA GUERTA COMPOUND,ADJACENT TO STO. NIÑO VILLAGE                  (Squatter's area/Informal Settlers),RR,Residential - Regular,12000.0
raw,RDO No. 53B - Muntinlupa City  is composed of the following Barangays:,,,9TH,NCR,MUNTINLUPA CITY,TUNASAN,LAKE SHORE SUBDIVISION,LAGUNA LAKESIDE (Flood Prone/Low Lying Area),RR,Residential - Regular,15000.0
raw,RDO No. 53B - Muntinlupa City  is composed of the following Barangays:,,,9TH,NCR,MUNTINLUPA CITY,TUNASAN,LEAF RESIDENCES,TUNASAN,RC,Residential - Condominium,150000.0
raw,RDO No. 53B - Muntinlupa City  is composed of the following Barangays:,,,9TH,NCR,MUNTINLUPA CITY,TUNASAN,LEAF RESIDENCES,TUNASAN,PS,Parking Slot / Private School,105000.0
raw,RDO No. 53B - Muntinlupa City  is composed of the following Barangays:,,,9TH,NCR,MUNTINLUPA CITY,TUNASAN,LINDENWOOD RESIDENCES  SUBD.,SUSANA HEIGHTS SUBD.,RR,Residential - Regular,30000.0
raw,RDO No. 53B - Muntinlupa City  is composed of the following Barangays:,,,9TH,NCR,MUNTINLUPA CITY,TUNASAN,LINDENWOOD RESIDENCES  SUBD.(PH 2),SUSANA HEIGHTS SUBD.,RR,Residential - Regular,30000.0
raw,RDO No. 53B - Muntinlupa City  is composed of the following Barangays:,,,9TH,NCR,MUNTINLUPA CITY,TUNASAN,LODORA VILLAGE,INT. NATIONAL ROAD (Flood Prone/Low Lying Area),RR,Residential - Regular,20000.0
raw,RDO No. 53B - Muntinlupa City  is composed of the following Barangays:,,,9TH,NCR,MUNTINLUPA CITY,TUNASAN,MIDLAND II SUBDIVISION,INT. BUENDIA ST (Flood Prone/Low Lying Area),RR,Residential - Regular,12000.0
raw,RDO No. 53B - Muntinlupa City  is composed of the following Barangays:,,,9TH,NCR,MUNTINLUPA CITY,TUNASAN,NATIONAL ROAD,MAGDAONG RIVER-SAN PEDRO RIVER,RR,Residential - Regular,25000.0
raw,RDO No. 53B - Muntinlupa City  is composed of the following Barangays:,,,9TH,NCR,MUNTINLUPA CITY,TUNASAN,NATIONAL ROAD,MAGDAONG RIVER-SAN PEDRO RIVER,CR,Commercial - Regular,42000.0
raw,RDO No. 53B - Muntinlupa City  is composed of the following Barangays:,,,9TH,NCR,MUNTINLUPA CITY,TUNASAN,NATIONAL ROAD,MAGDAONG RIVER-SAN PEDRO RIVER,I,Industrial,40000.0
raw,RDO No. 53B - Muntinlupa City  is composed of the following Barangays:,,,9TH,NCR,MUNTINLUPA CITY,TUNASAN,NATIONAL ROAD,MAGDAONG RIVER-SAN PEDRO RIVER,X,Special / Other,30000.0
raw,RDO No. 53B - Muntinlupa City  is composed of the following Barangays:,,,9TH,NCR,MUNTINLUPA CITY,TUNASAN,PARCO BELLO II,VICTORIA HOMES,RR,Residential - Regular,24000.0
raw,RDO No. 53B - Muntinlupa City  is composed of the following Barangays:,,,9TH,NCR,MUNTINLUPA CITY,TUNASAN,PARCO BELLO SUBDIVISION,VICTORIA HOMES,RR,Residential - Regular,24000.0
raw,RDO No. 53B - Muntinlupa City  is composed of the following Barangays:,,,9TH,NCR,MUNTINLUPA CITY,TUNASAN,PARKHOMES SUBDIVISION,INT. NATIONAL ROAD,RR,Residential - Regular,18000.0
raw,RDO No. 53B - Muntinlupa City  is composed of the following Barangays:,,,9TH,NCR,MUNTINLUPA CITY,TUNASAN,PLANAS VILLA (SQUATTER'S AREA),INT. NATIONAL ROAD                                        (Squatter's Area/Informal Settlers),RR,Residential - Regular,15000.0
raw,RDO No. 53B - Muntinlupa City  is composed of the following Barangays:,,,9TH,NCR,MUNTINLUPA CITY,TUNASAN,R.M. TIOSEJO IND'L COMPLEX,INT. NATIONAL ROAD,I,Industrial,40000.0
raw,RDO No. 53B - Muntinlupa City  is composed of the following Barangays:,,,9TH,NCR,MUNTINLUPA CITY,TUNASAN,R.M. TIOSEJO RESIDENTIAL SUBD.,INT. NATIONAL ROAD,RR,Residential - Regular,20000.0
raw,RDO No. 53B - Muntinlupa City  is composed of the following Barangays:,,,9TH,NCR,MUNTINLUPA CITY,TUNASAN,SANTO NIÑO VILLAGE 1-3,ALONG PNR,RR,Residential - Regular,12000.0
raw,RDO No. 53B - Muntinlupa City  is composed of the following Barangays:,,,9TH,NCR,MUNTINLUPA CITY,TUNASAN,SANTO NIÑO VILLAGE 4,INT. NATIONAL ROAD,RR,Residential - Regular,12000.0
raw,RDO No. 53B - Muntinlupa City  is composed of the following Barangays:,,,9TH,NCR,MUNTINLUPA CITY,TUNASAN,SOUTH LUZON EXPRESSWAY (SLEX),POBLACION - SAN PEDRO BDRY                               ( Properties classified as Residential has no Right of Way),RR,Residential - Regular,18000.0
raw,RDO No. 53B - Muntinlupa City  is composed of the following Barangays:,,,9TH,NCR,MUNTINLUPA CITY,TUNASAN,SOUTH LUZON EXPRESSWAY (SLEX),POBLACION - SAN PEDRO BDRY                               ( Properties classified as Residential has no Right of Way),CR,Commercial - Regular,60000.0
raw,RDO No. 53B - Muntinlupa City  is composed of the following Barangays:,,,9TH,NCR,MUNTINLUPA CITY,TUNASAN,SOUTH LUZON EXPRESSWAY (SLEX),POBLACION - SAN PEDRO BDRY                               ( Properties classified as Residential has no Right of Way),I,Industrial,42000.0
raw,RDO No. 53B - Muntinlupa City  is composed of the following Barangays:,,,9TH,NCR,MUNTINLUPA CITY,TUNASAN,SOUTH LUZON EXPRESSWAY (SLEX),POBLACION - SAN PEDRO BDRY                               ( Properties classified as Residential has no Right of Way),X,Special / Other,30000.0
raw,RDO No. 53B - Muntinlupa City  is composed of the following Barangays:,,,9TH,NCR,MUNTINLUPA CITY,TUNASAN,SUSANA HEIGHTS SUBDIVISION,SOUTH EXPRESSWAY,RR,Residential - Regular,18000.0
raw,RDO No. 53B - Muntinlupa City  is composed of the following Barangays:,,,9TH,NCR,MUNTINLUPA CITY,TUNASAN,SUSANA HEIGHTS SUBDIVISION,SOUTH EXPRESSWAY,X,Special / Other,30000.0
raw,RDO No. 53B - Muntinlupa City  is composed of the following Barangays:,,,9TH,NCR,MUNTINLUPA CITY,TUNASAN,TIOSEJO SUBD (RODRIGUEZ St.),TIOSEJO SUBDIVISION,RR,Residential - Regular,18000.0
raw,RDO No. 53B - Muntinlupa City  is composed of the following Barangays:,,,9TH,NCR,MUNTINLUPA CITY,TUNASAN,TIOSEJO SUBD (RODRIGUEZ St.),TIOSEJO SUBDIVISION,CR,Commercial - Regular,42000.0
raw,RDO No. 53B - Muntinlupa City  is composed of the following Barangays:,,,9TH,NCR,MUNTINLUPA CITY,TUNASAN,TIOSEJO SUBD (RODRIGUEZ St.),TIOSEJO SUBDIVISION,I,Industrial,40000.0
raw,RDO No. 53B - Muntinlupa City  is composed of the following Barangays:,,,9TH,NCR,MUNTINLUPA CITY,TUNASAN,VICTORIA HOMES SUBDIVISION,SUSANA HEIGHTS,RR,Residential - Regular,12000.0
raw,RDO No. 53B - Muntinlupa City  is composed of the following Barangays:,,,9TH,NCR,MUNTINLUPA CITY,TUNASAN,VICTORIA HOMES SUBDIVISION,SUSANA HEIGHTS,X,Special / Other,15000.0
raw,RDO No. 53B - Muntinlupa City  is composed of the following Barangays:,,,9TH,NCR,MUNTINLUPA CITY,TUNASAN,VILLA CAROLINA 1,INT. NATIONAL ROAD,RR,Residential - Regular,17000.0
raw,RDO No. 53B - Muntinlupa City  is composed of the following Barangays:,,,9TH,NCR,MUNTINLUPA CITY,TUNASAN,VILLA CAROLINA 2,INT. RODRIGUEZ ST.,RR,Residential - Regular,12000.0
raw,RDO No. 53B - Muntinlupa City  is composed of the following Barangays:,039-2019,"July 11, 2019",8TH,,NATIONAL ROAD,TUNASAN,ALL OTHER STREETS,INT. RODRIGUEZ ST.,RR,Residential - Regular,8000.0
raw,RDO No. 53B - Muntinlupa City  is composed of the following Barangays:,039-2019,"July 11, 2019",8TH,,NATIONAL ROAD,TUNASAN,ALL OTHER STREETS,INT. RODRIGUEZ ST.,CR,Commercial - Regular,35000.0
raw,RDO No. 53B - Muntinlupa City  is composed of the following Barangays:,039-2019,"July 11, 2019",8TH,,NATIONAL ROAD,TUNASAN,ALL OTHER STREETS,INT. RODRIGUEZ ST.,I,Industrial,28000.0
raw,RDO No. 53B - Muntinlupa City  is composed of the following Barangays:,039-2019,"July 11, 2019",8TH,,NATIONAL ROAD,TUNASAN,ALL OTHER STREETS,INT. RODRIGUEZ ST.,X,Special / Other,10000.0
raw,RDO No. 53B - Muntinlupa City  is composed of the following Barangays:,,,7TH,NCR,NATIONAL ROAD,TUNASAN,ALL OTHER STREETS,INT. RODRIGUEZ ST.,RR,Residential - Regular,6000.0
raw,RDO No. 53B - Muntinlupa City  is composed of the following Barangays:,,,7TH,NCR,NATIONAL ROAD,TUNASAN,ALL OTHER STREETS,INT. RODRIGUEZ ST.,CR,Commercial - Regular,15000.0
raw,RDO No. 53B - Muntinlupa City  is composed of the following Barangays:,,,7TH,NCR,NATIONAL ROAD,TUNASAN,ALL OTHER STREETS,INT. RODRIGUEZ ST.,I,Industrial,13000.0
raw,RDO No. 53B - Muntinlupa City  is composed of the following Barangays:,,,7TH,NCR,NATIONAL ROAD,TUNASAN,ALL OTHER STREETS,INT. RODRIGUEZ ST.,X,Special / Other,10000.0
raw,RDO No. 53B - Muntinlupa City  is composed of the following Barangays:,039-2019,"July 11, 2019",8TH,,NATIONAL ROAD,TUNASAN,ALL OTHER STREETS,INT. RODRIGUEZ ST.,RR,Residential - Regular,8000.0
raw,RDO No. 53B - Muntinlupa City  is composed of the following Barangays:,039-2019,"July 11, 2019",8TH,,NATIONAL ROAD,TUNASAN,ALL OTHER STREETS,INT. RODRIGUEZ ST.,CR,Commercial - Regular,35000.0
raw,RDO No. 53B - Muntinlupa City  is composed of the following Barangays:,039-2019,"July 11, 2019",8TH,,NATIONAL ROAD,TUNASAN,ALL OTHER STREETS,INT. RODRIGUEZ ST.,I,Industrial,28000.0
raw,RDO No. 53B - Muntinlupa City  is composed of the following Barangays:,039-2019,"July 11, 2019",8TH,,NATIONAL ROAD,TUNASAN,ALL OTHER STREETS,INT. RODRIGUEZ ST.,X,Special / Other,10000.0
raw,RDO No. 53B - Muntinlupa City  is composed of the following Barangays:,,,7TH,NCR,NATIONAL ROAD,TUNASAN,ALL OTHER STREETS,INT. RODRIGUEZ ST.,RR,Residential - Regular,6000.0
raw,RDO No. 53B - Muntinlupa City  is composed of the following Barangays:,,,7TH,NCR,NATIONAL ROAD,TUNASAN,ALL OTHER STREETS,INT. RODRIGUEZ ST.,CR,Commercial - Regular,15000.0
raw,RDO No. 53B - Muntinlupa City  is composed of the following Barangays:,,,7TH,NCR,NATIONAL ROAD,TUNASAN,ALL OTHER STREETS,INT. RODRIGUEZ ST.,I,Industrial,13000.0
raw,RDO No. 53B - Muntinlupa City  is composed of the following Barangays:,,,7TH,NCR,NATIONAL ROAD,TUNASAN,ALL OTHER STREETS,INT. RODRIGUEZ ST.,X,Special / Other,10000.0
raw,RDO No. 53B - Muntinlupa City  is composed of the following Barangays:,039-2019,"July 11, 2019",8TH,,NATIONAL ROAD,TUNASAN,LEAF RESIDENCES,TUNASAN,RC,Residential - Condominium,125000.0
raw,RDO No. 53B - Muntinlupa City  is composed of the following Barangays:,039-2019,"July 11, 2019",8TH,,NATIONAL ROAD,TUNASAN,LEAF RESIDENCES,TUNASAN,PS,Parking Slot / Private School,87500.0
raw,RDO No. 53B - Muntinlupa City  is composed of the following Barangays:,039-2019,"July 11, 2019",8TH,,NATIONAL ROAD,TUNASAN,LEAF RESIDENCES,TUNASAN,RC,Residential - Condominium,125000.0
raw,RDO No. 53B - Muntinlupa City  is composed of the following Barangays:,039-2019,"July 11, 2019",8TH,,NATIONAL ROAD,TUNASAN,LEAF RESIDENCES,TUNASAN,PS,Parking Slot / Private School,87500.0
raw,RDO No. 53B - Muntinlupa City  is composed of the following Barangays:,039-2019,"July 11, 2019",8TH,,NATIONAL ROAD,TUNASAN,SOUTH LUZON EXPRESSWAY (SLEX),POBLACION - SAN PEDRO BDRY                      ( Properties classified as Residential has no Right of Way),RR,Residential - Regular,15000.0
raw,RDO No. 53B - Muntinlupa City  is composed of the following Barangays:,039-2019,"July 11, 2019",8TH,,NATIONAL ROAD,TUNASAN,SOUTH LUZON EXPRESSWAY (SLEX),POBLACION - SAN PEDRO BDRY                      ( Properties classified as Residential has no Right of Way),CR,Commercial - Regular,50000.0
raw,RDO No. 53B - Muntinlupa City  is composed of the following Barangays:,039-2019,"July 11, 2019",8TH,,NATIONAL ROAD,TUNASAN,SOUTH LUZON EXPRESSWAY (SLEX),POBLACION - SAN PEDRO BDRY                      ( Properties classified as Residential has no Right of Way),I,Industrial,35000.0
raw,RDO No. 53B - Muntinlupa City  is composed of the following Barangays:,039-2019,"July 11, 2019",8TH,,NATIONAL ROAD,TUNASAN,SOUTH LUZON EXPRESSWAY (SLEX),POBLACION - SAN PEDRO BDRY                      ( Properties classified as Residential has no Right of Way),X,Special / Other,25000.0
raw,RDO No. 53B - Muntinlupa City  is composed of the following Barangays:,,,7TH,NCR,NATIONAL ROAD,TUNASAN,SOUTH LUZON EXPRESSWAY (SLEX),POBLACION - SAN PEDRO BDRY,RR,Residential - Regular,15000.0
raw,RDO No. 53B - Muntinlupa City  is composed of the following Barangays:,,,7TH,NCR,NATIONAL ROAD,TUNASAN,SOUTH LUZON EXPRESSWAY (SLEX),POBLACION - SAN PEDRO BDRY,CR,Commercial - Regular,25000.0
raw,RDO No. 53B - Muntinlupa City  is composed of the following Barangays:,,,7TH,NCR,NATIONAL ROAD,TUNASAN,SOUTH LUZON EXPRESSWAY (SLEX),POBLACION - SAN PEDRO BDRY,I,Industrial,23000.0
raw,RDO No. 53B - Muntinlupa City  is composed of the following Barangays:,,,7TH,NCR,NATIONAL ROAD,TUNASAN,SOUTH LUZON EXPRESSWAY (SLEX),POBLACION - SAN PEDRO BDRY,X,Special / Other,25000.0
raw,RDO No. 53B - Muntinlupa City  is composed of the following Barangays:,039-2019,"July 11, 2019",8TH,,NATIONAL ROAD,TUNASAN,SOUTH LUZON EXPRESSWAY (SLEX),POBLACION - SAN PEDRO BDRY                      ( Properties classified as Residential has no Right of Way),RR,Residential - Regular,15000.0
raw,RDO No. 53B - Muntinlupa City  is composed of the following Barangays:,039-2019,"July 11, 2019",8TH,,NATIONAL ROAD,TUNASAN,SOUTH LUZON EXPRESSWAY (SLEX),POBLACION - SAN PEDRO BDRY                      ( Properties classified as Residential has no Right of Way),CR,Commercial - Regular,50000.0
raw,RDO No. 53B - Muntinlupa City  is composed of the following Barangays:,039-2019,"July 11, 2019",8TH,,NATIONAL ROAD,TUNASAN,SOUTH LUZON EXPRESSWAY (SLEX),POBLACION - SAN PEDRO BDRY                      ( Properties classified as Residential has no Right of Way),I,Industrial,35000.0
raw,RDO No. 53B - Muntinlupa City  is composed of the following Barangays:,039-2019,"July 11, 2019",8TH,,NATIONAL ROAD,TUNASAN,SOUTH LUZON EXPRESSWAY (SLEX),POBLACION - SAN PEDRO BDRY                      ( Properties classified as Residential has no Right of Way),X,Special / Other,25000.0
raw,RDO No. 53B - Muntinlupa City  is composed of the following Barangays:,,,7TH,NCR,NATIONAL ROAD,TUNASAN,SOUTH LUZON EXPRESSWAY (SLEX),POBLACION - SAN PEDRO BDRY,RR,Residential - Regular,15000.0
raw,RDO No. 53B - Muntinlupa City  is composed of the following Barangays:,,,7TH,NCR,NATIONAL ROAD,TUNASAN,SOUTH LUZON EXPRESSWAY (SLEX),POBLACION - SAN PEDRO BDRY,CR,Commercial - Regular,25000.0
raw,RDO No. 53B - Muntinlupa City  is composed of the following Barangays:,,,7TH,NCR,NATIONAL ROAD,TUNASAN,SOUTH LUZON EXPRESSWAY (SLEX),POBLACION - SAN PEDRO BDRY,I,Industrial,23000.0
raw,RDO No. 53B - Muntinlupa City  is composed of the following Barangays:,,,7TH,NCR,NATIONAL ROAD,TUNASAN,SOUTH LUZON EXPRESSWAY (SLEX),POBLACION - SAN PEDRO BDRY,X,Special / Other,25000.0
raw,RDO No. 53B - Muntinlupa City  is composed of the following Barangays:,039-2019,"July 11, 2019",8TH,,NATIONAL ROAD,TUNASAN,SUSANA HEIGHTS SUBDIVISION,S EXPRESSWAY,RR,Residential - Regular,15000.0
raw,RDO No. 53B - Muntinlupa City  is composed of the following Barangays:,039-2019,"July 11, 2019",8TH,,NATIONAL ROAD,TUNASAN,SUSANA HEIGHTS SUBDIVISION,S EXPRESSWAY,X,Special / Other,25000.0
raw,RDO No. 53B - Muntinlupa City  is composed of the following Barangays:,,,7TH,NCR,NATIONAL ROAD,TUNASAN,SUSANA HEIGHTS SUBDIVISION,S EXPRESSWAY,RR,Residential - Regular,12000.0
raw,RDO No. 53B - Muntinlupa City  is composed of the following Barangays:,,,7TH,NCR,NATIONAL ROAD,TUNASAN,SUSANA HEIGHTS SUBDIVISION,S EXPRESSWAY,X,Special / Other,12000.0
raw,RDO No. 53B - Muntinlupa City  is composed of the following Barangays:,039-2019,"July 11, 2019",8TH,,NATIONAL ROAD,TUNASAN,SUSANA HEIGHTS SUBDIVISION,S EXPRESSWAY,RR,Residential - Regular,15000.0
raw,RDO No. 53B - Muntinlupa City  is composed of the following Barangays:,039-2019,"July 11, 2019",8TH,,NATIONAL ROAD,TUNASAN,SUSANA HEIGHTS SUBDIVISION,S EXPRESSWAY,X,Special / Other,25000.0
raw,RDO No. 53B - Muntinlupa City  is composed of the following Barangays:,,,7TH,NCR,NATIONAL ROAD,TUNASAN,SUSANA HEIGHTS SUBDIVISION,S EXPRESSWAY,RR,Residential - Regular,12000.0
raw,RDO No. 53B - Muntinlupa City  is composed of the following Barangays:,,,7TH,NCR,NATIONAL ROAD,TUNASAN,SUSANA HEIGHTS SUBDIVISION,S EXPRESSWAY,X,Special / Other,12000.0
raw,RDO No. 53B - Muntinlupa City  is composed of the following Barangays:,,,7TH,NCR,NATIONAL ROAD,TUNASAN,TIOSEJO SUBD,RODRIGUEZ,RR,Residential - Regular,10000.0
raw,RDO No. 53B - Muntinlupa City  is composed of the following Barangays:,,,7TH,NCR,NATIONAL ROAD,TUNASAN,TIOSEJO SUBD,RODRIGUEZ,I,Industrial,15000.0
raw,RDO No. 53B - Muntinlupa City  is composed of the following Barangays:,,,7TH,NCR,NATIONAL ROAD,TUNASAN,TIOSEJO SUBD,RODRIGUEZ,RR,Residential - Regular,10000.0
raw,RDO No. 53B - Muntinlupa City  is composed of the following Barangays:,,,7TH,NCR,NATIONAL ROAD,TUNASAN,TIOSEJO SUBD,RODRIGUEZ,I,Industrial,15000.0
raw,RDO No. 53B - Muntinlupa City  is composed of the following Barangays:,039-2019,"July 11, 2019",8TH,,NATIONAL ROAD,TUNASAN,TIOSEJO SUBD (RODRIGUEZ St.),TIOSEJO SUBDIVISION,RR,Residential - Regular,15000.0
raw,RDO No. 53B - Muntinlupa City  is composed of the following Barangays:,039-2019,"July 11, 2019",8TH,,NATIONAL ROAD,TUNASAN,TIOSEJO SUBD (RODRIGUEZ St.),TIOSEJO SUBDIVISION,CR,Commercial - Regular,35000.0
raw,RDO No. 53B - Muntinlupa City  is composed of the following Barangays:,039-2019,"July 11, 2019",8TH,,NATIONAL ROAD,TUNASAN,TIOSEJO SUBD (RODRIGUEZ St.),TIOSEJO SUBDIVISION,I,Industrial,33000.0
raw,RDO No. 53B - Muntinlupa City  is composed of the following Barangays:,039-2019,"July 11, 2019",8TH,,NATIONAL ROAD,TUNASAN,TIOSEJO SUBD (RODRIGUEZ St.),TIOSEJO SUBDIVISION,RR,Residential - Regular,15000.0
raw,RDO No. 53B - Muntinlupa City  is composed of the following Barangays:,039-2019,"July 11, 2019",8TH,,NATIONAL ROAD,TUNASAN,TIOSEJO SUBD (RODRIGUEZ St.),TIOSEJO SUBDIVISION,CR,Commercial - Regular,35000.0
raw,RDO No. 53B - Muntinlupa City  is composed of the following Barangays:,039-2019,"July 11, 2019",8TH,,NATIONAL ROAD,TUNASAN,TIOSEJO SUBD (RODRIGUEZ St.),TIOSEJO SUBDIVISION,I,Industrial,33000.0
raw,RDO No. 53B - Muntinlupa City  is composed of the following Barangays:,039-2019,"July 11, 2019",8TH,,NATIONAL ROAD,TUNASAN,VICTORIA HOMES SUBDIVISION,SUSANA HEIGHTS,RR,Residential - Regular,10000.0
raw,RDO No. 53B - Muntinlupa City  is composed of the following Barangays:,039-2019,"July 11, 2019",8TH,,NATIONAL ROAD,TUNASAN,VICTORIA HOMES SUBDIVISION,SUSANA HEIGHTS,X,Special / Other,12000.0
raw,RDO No. 53B - Muntinlupa City  is composed of the following Barangays:,,,7TH,NCR,NATIONAL ROAD,TUNASAN,VICTORIA HOMES SUBDIVISION,SUSANA HEIGHTS,RR,Residential - Regular,8000.0
raw,RDO No. 53B - Muntinlupa City  is composed of the following Barangays:,,,7TH,NCR,NATIONAL ROAD,TUNASAN,VICTORIA HOMES SUBDIVISION,SUSANA HEIGHTS,X,Special / Other,10000.0
raw,RDO No. 53B - Muntinlupa City  is composed of the following Barangays:,039-2019,"July 11, 2019",8TH,,NATIONAL ROAD,TUNASAN,VICTORIA HOMES SUBDIVISION,SUSANA HEIGHTS,RR,Residential - Regular,10000.0
raw,RDO No. 53B - Muntinlupa City  is composed of the following Barangays:,039-2019,"July 11, 2019",8TH,,NATIONAL ROAD,TUNASAN,VICTORIA HOMES SUBDIVISION,SUSANA HEIGHTS,X,Special / Other,12000.0
raw,RDO No. 53B - Muntinlupa City  is composed of the following Barangays:,,,7TH,NCR,NATIONAL ROAD,TUNASAN,VICTORIA HOMES SUBDIVISION,SUSANA HEIGHTS,RR,Residential - Regular,8000.0
raw,RDO No. 53B - Muntinlupa City  is composed of the following Barangays:,,,7TH,NCR,NATIONAL ROAD,TUNASAN,VICTORIA HOMES SUBDIVISION,SUSANA HEIGHTS,X,Special / Other,10000.0
raw,RDO No. 53B - Muntinlupa City  is composed of the following Barangays:,039-2019,"July 11, 2019",8TH,,NATIONAL ROAD,TUNASAN,VILLA CAROLINA 1,INT. NATIONAL ROAD,RR,Residential - Regular,14000.0
raw,RDO No. 53B - Muntinlupa City  is composed of the following Barangays:,,,7TH,NCR,NATIONAL ROAD,TUNASAN,VILLA CAROLINA 1,NATIONAL ROAD,RR,Residential - Regular,10000.0
raw,RDO No. 53B - Muntinlupa City  is composed of the following Barangays:,039-2019,"July 11, 2019",8TH,,NATIONAL ROAD,TUNASAN,VILLA CAROLINA 1,INT. NATIONAL ROAD,RR,Residential - Regular,14000.0
raw,RDO No. 53B - Muntinlupa City  is composed of the following Barangays:,,,7TH,NCR,NATIONAL ROAD,TUNASAN,VILLA CAROLINA 1,NATIONAL ROAD,RR,Residential - Regular,10000.0
raw,RDO No. 53B - Muntinlupa City  is composed of the following Barangays:,039-2019,"July 11, 2019",8TH,,NATIONAL ROAD,TUNASAN,VILLA CAROLINA 2,INT. RODRIGUEZ ST.,RR,Residential - Regular,10000.0
raw,RDO No. 53B - Muntinlupa City  is composed of the following Barangays:,,,7TH,NCR,NATIONAL ROAD,TUNASAN,VILLA CAROLINA 2,INT. RODRIGUEZ ST.,RR,Residential - Regular,8000.0
raw,RDO No. 53B - Muntinlupa City  is composed of the following Barangays:,039-2019,"July 11, 2019",8TH,,NATIONAL ROAD,TUNASAN,VILLA CAROLINA 2,INT. RODRIGUEZ ST.,RR,Residential - Regular,10000.0
raw,RDO No. 53B - Muntinlupa City  is composed of the following Barangays:,,,7TH,NCR,NATIONAL ROAD,TUNASAN,VILLA CAROLINA 2,INT. RODRIGUEZ ST.,RR,Residential - Regular,8000.0
