region,rdo,do_no,effectivity,revision,province,city,barangay,street,vicinity,classification,class_name,value_sqm
raw,"RDO No. 76 - Victorias City, Negros Occidental is composed of the followin",,,1ST,,,ALL OTHERS BARANGAYS,ALL LOTS,,RR,Residential - Regular,300.0
raw,"RDO No. 76 - Victorias City, Negros Occidental is composed of the followin",,,1ST,,,ALL OTHERS BARANGAYS,ALL LOTS,TRANS LOADING STATION BRGY.,I,Industrial,1200.0
raw,"RDO No. 76 - Victorias City, Negros Occidental is composed of the followin",,,1ST,,,ALL OTHERS BARANGAYS,ALL LOTS,TRANS LOADING STATION BRGY.,A1,Agricultural - A1,24.0
raw,"RDO No. 76 - Victorias City, Negros Occidental is composed of the followin",,,1ST,,,ALL OTHERS BARANGAYS,ALL LOTS,TRANS LOADING STATION BRGY.,A2,Agricultural - A2,12.0
raw,"RDO No. 76 - Victorias City, Negros Occidental is composed of the followin",,,1ST,,,ALL OTHERS BARANGAYS,ALL LOTS,TRANS LOADING STATION BRGY.,A3,Agricultural - A3,6.0
raw,"RDO No. 76 - Victorias City, Negros Occidental is composed of the followin",,,1ST,,,ALL OTHERS BARANGAYS,ALL LOTS,TRANS LOADING STATION BRGY.,A4,Agricultural - A4,10.0
raw,"RDO No. 76 - Victorias City, Negros Occidental is composed of the followin",,,1ST,,,ALL OTHERS BARANGAYS,ALL LOTS,TRANS LOADING STATION BRGY.,A6,Agricultural - A6,30.0
raw,"RDO No. 76 - Victorias City, Negros Occidental is composed of the followin",,,1ST,,,ALL OTHERS BARANGAYS,ALL LOTS,TRANS LOADING STATION BRGY.,A8,Agricultural - A8,4.0
raw,"RDO No. 76 - Victorias City, Negros Occidental is composed of the followin",,,1ST,,,ALL OTHERS BARANGAYS,ALL LOTS,TRANS LOADING STATION BRGY.,A10,Agricultural - A10,2.0
raw,"RDO No. 76 - Victorias City, Negros Occidental is composed of the followin",,,1ST,,,ALL OTHERS BARANGAYS,ALL LOTS,TRANS LOADING STATION BRGY.,A11,Agricultural - A11,3.0
raw,"RDO No. 76 - Victorias City, Negros Occidental is composed of the followin",,,1ST,,,ALL OTHERS BARANGAYS,ALL LOTS,TRANS LOADING STATION BRGY.,A12,Agricultural - A12,10.0
raw,"RDO No. 76 - Victorias City, Negros Occidental is composed of the followin",,,1ST,,,ALL OTHERS BARANGAYS,ALL LOTS,TRANS LOADING STATION BRGY.,A14,Agricultural - A14,5.0
raw,"RDO No. 76 - Victorias City, Negros Occidental is composed of the followin",,,1ST,,,ALL OTHERS BARANGAYS,ALL LOTS,TRANS LOADING STATION BRGY.,A15,Agricultural - A15,2.0
raw,"RDO No. 76 - Victorias City, Negros Occidental is composed of the followin",,,1ST,,,ALL OTHERS BARANGAYS,ALL LOTS,TRANS LOADING STATION BRGY.,A16,Agricultural - A16,7.0
raw,"RDO No. 76 - Victorias City, Negros Occidental is composed of the followin",,,1ST,,,ALL OTHERS BARANGAYS,ALL LOTS,TRANS LOADING STATION BRGY.,A17,Agricultural - A17,30.0
raw,"RDO No. 76 - Victorias City, Negros Occidental is composed of the followin",,,1ST,,,ALL OTHERS BARANGAYS,ALL LOTS,TRANS LOADING STATION BRGY.,A24,Agricultural - A24,5.0
raw,"RDO No. 76 - Victorias City, Negros Occidental is composed of the followin",,,1ST,,,ALL OTHERS BARANGAYS,ALL LOTS,TRANS LOADING STATION BRGY.,A25,Agricultural - A25,4.0
raw,"RDO No. 76 - Victorias City, Negros Occidental is composed of the followin",,,1ST,,,ALL OTHERS BARANGAYS,ALL LOTS,TRANS LOADING STATION BRGY.,A26,Agricultural - A26,5.0
raw,"RDO No. 76 - Victorias City, Negros Occidental is composed of the followin",,,1ST,,,ALL OTHERS BARANGAYS,ALL LOTS,TRANS LOADING STATION BRGY.,A36,Agricultural - A36,3.0
raw,"RDO No. 76 - Victorias City, Negros Occidental is composed of the followin",,,1ST,,,ALL OTHERS BARANGAYS,ALL LOTS,TRANS LOADING STATION BRGY.,A37,Agricultural - A37,3.0
raw,"RDO No. 76 - Victorias City, Negros Occidental is composed of the followin",,,1ST,,,ALL OTHERS BARANGAYS,ALL LOTS,TRANS LOADING STATION BRGY.,A38,Agricultural - A38,7.0
raw,"RDO No. 76 - Victorias City, Negros Occidental is composed of the followin",,,1ST,,,ALL OTHERS BARANGAYS,ALL LOTS,TRANS LOADING STATION BRGY.,A42,Agricultural - A42,50.0
raw,"RDO No. 76 - Victorias City, Negros Occidental is composed of the followin",,,1ST,,,ALL OTHERS BARANGAYS,ALL LOTS,TRANS LOADING STATION BRGY.,A44,Agricultural - A44,4.0
raw,"RDO No. 76 - Victorias City, Negros Occidental is composed of the followin",,,1ST,,,ALL OTHERS BARANGAYS,ALL LOTS,TRANS LOADING STATION BRGY.,A48,Agricultural - A48,7.5
raw,"RDO No. 76 - Victorias City, Negros Occidental is composed of the followin",,,1ST,,,ALL OTHERS BARANGAYS,ALL LOTS,,RR,Residential - Regular,300.0
raw,"RDO No. 76 - Victorias City, Negros Occidental is composed of the followin",,,1ST,,,ALL OTHERS BARANGAYS,ALL LOTS,TRANS LOADING STATION BRGY.,I,Industrial,1200.0
raw,"RDO No. 76 - Victorias City, Negros Occidental is composed of the followin",,,1ST,,,ALL OTHERS BARANGAYS,ALL LOTS,TRANS LOADING STATION BRGY.,A1,Agricultural - A1,24.0
raw,"RDO No. 76 - Victorias City, Negros Occidental is composed of the followin",,,1ST,,,ALL OTHERS BARANGAYS,ALL LOTS,TRANS LOADING STATION BRGY.,A2,Agricultural - A2,12.0
raw,"RDO No. 76 - Victorias City, Negros Occidental is composed of the followin",,,1ST,,,ALL OTHERS BARANGAYS,ALL LOTS,TRANS LOADING STATION BRGY.,A3,Agricultural - A3,6.0
raw,"RDO No. 76 - Victorias City, Negros Occidental is composed of the followin",,,1ST,,,ALL OTHERS BARANGAYS,ALL LOTS,TRANS LOADING STATION BRGY.,A4,Agricultural - A4,10.0
raw,"RDO No. 76 - Victorias City, Negros Occidental is composed of the followin",,,1ST,,,ALL OTHERS BARANGAYS,ALL LOTS,TRANS LOADING STATION BRGY.,A6,Agricultural - A6,30.0
raw,"RDO No. 76 - Victorias City, Negros Occidental is composed of the followin",,,1ST,,,ALL OTHERS BARANGAYS,ALL LOTS,TRANS LOADING STATION BRGY.,A8,Agricultural - A8,4.0
raw,"RDO No. 76 - Victorias City, Negros Occidental is composed of the followin",,,1ST,,,ALL OTHERS BARANGAYS,ALL LOTS,TRANS LOADING STATION BRGY.,A10,Agricultural - A10,2.0
raw,"RDO No. 76 - Victorias City, Negros Occidental is composed of the followin",,,1ST,,,ALL OTHERS BARANGAYS,ALL LOTS,TRANS LOADING STATION BRGY.,A11,Agricultural - A11,3.0
raw,"RDO No. 76 - Victorias City, Negros Occidental is composed of the followin",,,1ST,,,ALL OTHERS BARANGAYS,ALL LOTS,TRANS LOADING STATION BRGY.,A12,Agricultural - A12,10.0
raw,"RDO No. 76 - Victorias City, Negros Occidental is composed of the followin",,,1ST,,,ALL OTHERS BARANGAYS,ALL LOTS,TRANS LOADING STATION BRGY.,A14,Agricultural - A14,5.0
raw,"RDO No. 76 - Victorias City, Negros Occidental is composed of the followin",,,1ST,,,ALL OTHERS BARANGAYS,ALL LOTS,TRANS LOADING STATION BRGY.,A15,Agricultural - A15,2.0
raw,"RDO No. 76 - Victorias City, Negros Occidental is composed of the followin",,,1ST,,,ALL OTHERS BARANGAYS,ALL LOTS,TRANS LOADING STATION BRGY.,A16,Agricultural - A16,7.0
raw,"RDO No. 76 - Victorias City, Negros Occidental is composed of the followin",,,1ST,,,ALL OTHERS BARANGAYS,ALL LOTS,TRANS LOADING STATION BRGY.,A17,Agricultural - A17,30.0
raw,"RDO No. 76 - Victorias City, Negros Occidental is composed of the followin",,,1ST,,,ALL OTHERS BARANGAYS,ALL LOTS,TRANS LOADING STATION BRGY.,A24,Agricultural - A24,5.0
raw,"RDO No. 76 - Victorias City, Negros Occidental is composed of the followin",,,1ST,,,ALL OTHERS BARANGAYS,ALL LOTS,TRANS LOADING STATION BRGY.,A25,Agricultural - A25,4.0
raw,"RDO No. 76 - Victorias City, Negros Occidental is composed of the followin",,,1ST,,,ALL OTHERS BARANGAYS,ALL LOTS,TRANS LOADING STATION BRGY.,A26,Agricultural - A26,5.0
raw,"RDO No. 76 - Victorias City, Negros Occidental is composed of the followin",,,1ST,,,ALL OTHERS BARANGAYS,ALL LOTS,TRANS LOADING STATION BRGY.,A36,Agricultural - A36,3.0
raw,"RDO No. 76 - Victorias City, Negros Occidental is composed of the followin",,,1ST,,,ALL OTHERS BARANGAYS,ALL LOTS,TRANS LOADING STATION BRGY.,A37,Agricultural - A37,3.0
raw,"RDO No. 76 - Victorias City, Negros Occidental is composed of the followin",,,1ST,,,ALL OTHERS BARANGAYS,ALL LOTS,TRANS LOADING STATION BRGY.,A38,Agricultural - A38,7.0
raw,"RDO No. 76 - Victorias City, Negros Occidental is composed of the followin",,,1ST,,,ALL OTHERS BARANGAYS,ALL LOTS,TRANS LOADING STATION BRGY.,A42,Agricultural - A42,50.0
raw,"RDO No. 76 - Victorias City, Negros Occidental is composed of the followin",,,1ST,,,ALL OTHERS BARANGAYS,ALL LOTS,TRANS LOADING STATION BRGY.,A44,Agricultural - A44,4.0
raw,"RDO No. 76 - Victorias City, Negros Occidental is composed of the followin",,,1ST,,,ALL OTHERS BARANGAYS,ALL LOTS,TRANS LOADING STATION BRGY.,A48,Agricultural - A48,7.5
raw,"RDO No. 76 - Victorias City, Negros Occidental is composed of the followin",,,1ST,,,BANQUEROHAN,ALL LOTS,LOT 133 & PORTION LOT 142,I,Industrial,1200.0
raw,"RDO No. 76 - Victorias City, Negros Occidental is composed of the followin",,,1ST,,,BANQUEROHAN,ALL LOTS,HITALON RVR-LOT 149-153,RR,Residential - Regular,400.0
raw,"RDO No. 76 - Victorias City, Negros Occidental is composed of the followin",,,1ST,,,BANQUEROHAN,ALL LOTS,LOT 133 & PORTION LOT 142,I,Industrial,1200.0
raw,"RDO No. 76 - Victorias City, Negros Occidental is composed of the followin",,,1ST,,,BANQUEROHAN,ALL LOTS,HITALON RVR-LOT 149-153,RR,Residential - Regular,400.0
raw,"RDO No. 76 - Victorias City, Negros Occidental is composed of the followin",,,1ST,,,BONIFACIO,ALL LOTS,"LOT 909, 911 TO 913",RR,Residential - Regular,300.0
raw,"RDO No. 76 - Victorias City, Negros Occidental is composed of the followin",,,1ST,,,BONIFACIO,ALL LOTS,"LOT 909, 911 TO 913",RR,Residential - Regular,300.0
raw,"RDO No. 76 - Victorias City, Negros Occidental is composed of the followin",,,1ST,,,BURGOS,,784 & 782,RR,Residential - Regular,300.0
raw,"RDO No. 76 - Victorias City, Negros Occidental is composed of the followin",,,1ST,,,BURGOS,,784 & 782,RR,Residential - Regular,300.0
raw,"RDO No. 76 - Victorias City, Negros Occidental is composed of the followin",,,1ST,,,CABAHUG,ALL LOTS,PORTION LOT 1088,RR,Residential - Regular,300.0
raw,"RDO No. 76 - Victorias City, Negros Occidental is composed of the followin",,,1ST,,,CABAHUG,ALL LOTS,PORTION LOT 1088,RR,Residential - Regular,300.0
raw,"RDO No. 76 - Victorias City, Negros Occidental is composed of the followin",,,1ST,,,CADIZ-VIEJO,ALL LOTS,"PORTION LOT 4,734 & I",CR,Commercial - Regular,700.0
raw,"RDO No. 76 - Victorias City, Negros Occidental is composed of the followin",,,1ST,,,CADIZ-VIEJO,ALL LOTS,628 & 1144,RR,Residential - Regular,300.0
raw,"RDO No. 76 - Victorias City, Negros Occidental is composed of the followin",,,1ST,,,CADIZ-VIEJO,ALL LOTS,"PORTION LOT 4,734 & I",CR,Commercial - Regular,700.0
raw,"RDO No. 76 - Victorias City, Negros Occidental is composed of the followin",,,1ST,,,CADIZ-VIEJO,ALL LOTS,628 & 1144,RR,Residential - Regular,300.0
raw,"RDO No. 76 - Victorias City, Negros Occidental is composed of the followin",,,1ST,,,CADUHAAN,ALL LOTS,NATL HIWAY-CATHLC CHURCH,CR,Commercial - Regular,900.0
raw,"RDO No. 76 - Victorias City, Negros Occidental is composed of the followin",,,1ST,,,CADUHAAN,ALL LOTS,LOTS IN CONCEPCION SUBD,RR,Residential - Regular,550.0
raw,"RDO No. 76 - Victorias City, Negros Occidental is composed of the followin",,,1ST,,,CADUHAAN,ALL LOTS,PORTION LOT 805A-2,I,Industrial,1000.0
raw,"RDO No. 76 - Victorias City, Negros Occidental is composed of the followin",,,1ST,,,CADUHAAN,ALL LOTS,NATL HIWAY-CATHLC CHURCH,CR,Commercial - Regular,900.0
raw,"RDO No. 76 - Victorias City, Negros Occidental is composed of the followin",,,1ST,,,CADUHAAN,ALL LOTS,LOTS IN CONCEPCION SUBD,RR,Residential - Regular,550.0
raw,"RDO No. 76 - Victorias City, Negros Occidental is composed of the followin",,,1ST,,,CADUHAAN,ALL LOTS,PORTION LOT 805A-2,I,Industrial,1000.0
raw,"RDO No. 76 - Victorias City, Negros Occidental is composed of the followin",,,1ST,,,DAGA,ALL LOTS,DAGA ELEM SCH-PTA DAGA,RR,Residential - Regular,400.0
raw,"RDO No. 76 - Victorias City, Negros Occidental is composed of the followin",,,1ST,,,DAGA,ALL LOTS,NATL HIWAY CTRY-CONG CADIZ,CR,Commercial - Regular,900.0
raw,"RDO No. 76 - Victorias City, Negros Occidental is composed of the followin",,,1ST,,,DAGA,ALL LOTS,PORTION LOT 433B & LT 929,I,Industrial,1000.0
raw,"RDO No. 76 - Victorias City, Negros Occidental is composed of the followin",,,1ST,,,DAGA,ALL LOTS,DAGA ELEM SCH-PTA DAGA,RR,Residential - Regular,400.0
raw,"RDO No. 76 - Victorias City, Negros Occidental is composed of the followin",,,1ST,,,DAGA,ALL LOTS,NATL HIWAY CTRY-CONG CADIZ,CR,Commercial - Regular,900.0
raw,"RDO No. 76 - Victorias City, Negros Occidental is composed of the followin",,,1ST,,,DAGA,ALL LOTS,PORTION LOT 433B & LT 929,I,Industrial,1000.0
raw,"RDO No. 76 - Victorias City, Negros Occidental is composed of the followin",,,1ST,,,DR.VICENTE GUSTILO,ALL LOTS,PORTION LOT 1861,RR,Residential - Regular,300.0
raw,"RDO No. 76 - Victorias City, Negros Occidental is composed of the followin",,,1ST,,,DR.VICENTE GUSTILO,ALL LOTS,PORTION LOT 1861,RR,Residential - Regular,300.0
raw,"RDO No. 76 - Victorias City, Negros Occidental is composed of the followin",,,1ST,,,JERUSALEM,ALL LOTS,LOT 1562 & LOT 2,I,Industrial,1000.0
raw,"RDO No. 76 - Victorias City, Negros Occidental is composed of the followin",,,1ST,,,JERUSALEM,ALL LOTS,LOT 1356,RR,Residential - Regular,400.0
raw,"RDO No. 76 - Victorias City, Negros Occidental is composed of the followin",,,1ST,,,JERUSALEM,ALL LOTS,LOT 1562 & LOT 2,I,Industrial,1000.0
raw,"RDO No. 76 - Victorias City, Negros Occidental is composed of the followin",,,1ST,,,JERUSALEM,ALL LOTS,LOT 1356,RR,Residential - Regular,400.0
raw,"RDO No. 76 - Victorias City, Negros Occidental is composed of the followin",,,1ST,,,LUNA,ALL LOTS,PORTION LOT 493,RR,Residential - Regular,300.0
raw,"RDO No. 76 - Victorias City, Negros Occidental is composed of the followin",,,1ST,,,LUNA,ALL LOTS,PORTION LOT 493,RR,Residential - Regular,300.0
raw,"RDO No. 76 - Victorias City, Negros Occidental is composed of the followin",,,1ST,,,MABINI,ALL LOTS,LOT 964. CEFGHJKL,RR,Residential - Regular,300.0
raw,"RDO No. 76 - Victorias City, Negros Occidental is composed of the followin",,,1ST,,,MABINI,ALL LOTS,PORTION LOT 937,I,Industrial,1000.0
raw,"RDO No. 76 - Victorias City, Negros Occidental is composed of the followin",,,1ST,,,MABINI,ALL LOTS,LOT 964. CEFGHJKL,RR,Residential - Regular,300.0
raw,"RDO No. 76 - Victorias City, Negros Occidental is composed of the followin",,,1ST,,,MABINI,ALL LOTS,PORTION LOT 937,I,Industrial,1000.0
raw,"RDO No. 76 - Victorias City, Negros Occidental is composed of the followin",,,1ST,,,MAGSAYSAY,ALL LOTS,LOT H140700 & H187686,RR,Residential - Regular,300.0
raw,"RDO No. 76 - Victorias City, Negros Occidental is composed of the followin",,,1ST,,,MAGSAYSAY,ALL LOTS,LOT H140700 & H187686,RR,Residential - Regular,300.0
raw,"RDO No. 76 - Victorias City, Negros Occidental is composed of the followin",,,1ST,,,POBLACION,ABELARDE ST,CABAHUG ST-NORTH SEASHORE,RR,Residential - Regular,2000.0
raw,"RDO No. 76 - Victorias City, Negros Occidental is composed of the followin",,,1ST,,,POBLACION,ABELARDE ST,CABAHUG ST-PUBLIC MARKET,CR,Commercial - Regular,2000.0
raw,"RDO No. 76 - Victorias City, Negros Occidental is composed of the followin",,,1ST,,,POBLACION,ABELARDE ST,CABAHUG ST-NORTH SEASHORE,RR,Residential - Regular,2000.0
raw,"RDO No. 76 - Victorias City, Negros Occidental is composed of the followin",,,1ST,,,POBLACION,ABELARDE ST,CABAHUG ST-PUBLIC MARKET,CR,Commercial - Regular,2000.0
raw,"RDO No. 76 - Victorias City, Negros Occidental is composed of the followin",,,1ST,,,POBLACION,AGUILAR SUBD,ALL STREETS,RR,Residential - Regular,300.0
raw,"RDO No. 76 - Victorias City, Negros Occidental is composed of the followin",,,1ST,,,POBLACION,AGUILAR SUBD,ALL STREETS,RR,Residential - Regular,300.0
raw,"RDO No. 76 - Victorias City, Negros Occidental is composed of the followin",,,1ST,,,POBLACION,ANDREA VILL SUBD,RD LOT 2 OF BLK 2,CR,Commercial - Regular,2000.0
raw,"RDO No. 76 - Victorias City, Negros Occidental is composed of the followin",,,1ST,,,POBLACION,ANDREA VILL SUBD,"BLK 1, 3, 21 & 22",RR,Residential - Regular,900.0
raw,"RDO No. 76 - Victorias City, Negros Occidental is composed of the followin",,,1ST,,,POBLACION,ANDREA VILL SUBD,ALL LOTS,RR,Residential - Regular,700.0
raw,"RDO No. 76 - Victorias City, Negros Occidental is composed of the followin",,,1ST,,,POBLACION,ANDREA VILL SUBD,RD LOT 2 OF BLK 2,CR,Commercial - Regular,2000.0
raw,"RDO No. 76 - Victorias City, Negros Occidental is composed of the followin",,,1ST,,,POBLACION,ANDREA VILL SUBD,"BLK 1, 3, 21 & 22",RR,Residential - Regular,900.0
raw,"RDO No. 76 - Victorias City, Negros Occidental is composed of the followin",,,1ST,,,POBLACION,ANDREA VILL SUBD,ALL LOTS,RR,Residential - Regular,700.0
raw,"RDO No. 76 - Victorias City, Negros Occidental is composed of the followin",,,1ST,,,POBLACION,ARELLANO ST,VILLACIN ST-NORTH SEASHORE,RR,Residential - Regular,900.0
raw,"RDO No. 76 - Victorias City, Negros Occidental is composed of the followin",,,1ST,,,POBLACION,ARELLANO ST,VILLACIN ST-MABINI ST,CR,Commercial - Regular,2000.0
raw,"RDO No. 76 - Victorias City, Negros Occidental is composed of the followin",,,1ST,,,POBLACION,ARELLANO ST,VILLACIN ST-NORTH SEASHORE,RR,Residential - Regular,900.0
raw,"RDO No. 76 - Victorias City, Negros Occidental is composed of the followin",,,1ST,,,POBLACION,ARELLANO ST,VILLACIN ST-MABINI ST,CR,Commercial - Regular,2000.0
raw,"RDO No. 76 - Victorias City, Negros Occidental is composed of the followin",,,1ST,,,POBLACION,BURGOS ST,MABINI ST-STO NINO ST (E),CR,Commercial - Regular,2000.0
raw,"RDO No. 76 - Victorias City, Negros Occidental is composed of the followin",,,1ST,,,POBLACION,BURGOS ST,MABINI ST-STO.NINO ST (W),I,Industrial,2000.0
raw,"RDO No. 76 - Victorias City, Negros Occidental is composed of the followin",,,1ST,,,POBLACION,BURGOS ST,MABINI ST-STO NINO ST (E),CR,Commercial - Regular,2000.0
raw,"RDO No. 76 - Victorias City, Negros Occidental is composed of the followin",,,1ST,,,POBLACION,BURGOS ST,MABINI ST-STO.NINO ST (W),I,Industrial,2000.0
raw,"RDO No. 76 - Victorias City, Negros Occidental is composed of the followin",,,1ST,,,POBLACION,CABAHUG ST,GUSTILO BLVD-BURGOS ST,CR,Commercial - Regular,2000.0
raw,"RDO No. 76 - Victorias City, Negros Occidental is composed of the followin",,,1ST,,,POBLACION,CABAHUG ST,BURGOS ST-PTA CABAHUG SOUTHSIDE,I,Industrial,2000.0
raw,"RDO No. 76 - Victorias City, Negros Occidental is composed of the followin",,,1ST,,,POBLACION,CABAHUG ST,GUSTILO BLVD-BURGOS ST,CR,Commercial - Regular,2000.0
raw,"RDO No. 76 - Victorias City, Negros Occidental is composed of the followin",,,1ST,,,POBLACION,CABAHUG ST,BURGOS ST-PTA CABAHUG SOUTHSIDE,I,Industrial,2000.0
raw,"RDO No. 76 - Victorias City, Negros Occidental is composed of the followin",,,1ST,,,POBLACION,CASAS SUBD,ALL LOTS,RR,Residential - Regular,400.0
raw,"RDO No. 76 - Victorias City, Negros Occidental is composed of the followin",,,1ST,,,POBLACION,CASAS SUBD,ALL LOTS,RR,Residential - Regular,400.0
raw,"RDO No. 76 - Victorias City, Negros Occidental is composed of the followin",,,1ST,,,POBLACION,CRISTINA VILL SUBD,ALL LOTS,RR,Residential - Regular,700.0
raw,"RDO No. 76 - Victorias City, Negros Occidental is composed of the followin",,,1ST,,,POBLACION,CRISTINA VILL SUBD,ALL LOTS,RR,Residential - Regular,700.0
raw,"RDO No. 76 - Victorias City, Negros Occidental is composed of the followin",,,1ST,,,POBLACION,DERIADAOS SUBD,ALL LOTS,RR,Residential - Regular,550.0
raw,"RDO No. 76 - Victorias City, Negros Occidental is composed of the followin",,,1ST,,,POBLACION,DERIADAOS SUBD,ALL LOTS,RR,Residential - Regular,550.0
raw,"RDO No. 76 - Victorias City, Negros Occidental is composed of the followin",,,1ST,,,POBLACION,GUSTILO BOULEVARD,VILLENA ST-CABAHUG EAST SIDE,CR,Commercial - Regular,2000.0
raw,"RDO No. 76 - Victorias City, Negros Occidental is composed of the followin",,,1ST,,,POBLACION,GUSTILO BOULEVARD,VILLENA ST-CABAHUG EAST SIDE,CR,Commercial - Regular,2000.0
raw,"RDO No. 76 - Victorias City, Negros Occidental is composed of the followin",,,1ST,,,POBLACION,GUSTILO ST,EUSEBIO V'L SUBD-MAGSAYSAY,RR,Residential - Regular,900.0
raw,"RDO No. 76 - Victorias City, Negros Occidental is composed of the followin",,,1ST,,,POBLACION,GUSTILO ST,MAGSAYSAY-LOPEZ JAENA ST,CR,Commercial - Regular,1800.0
raw,"RDO No. 76 - Victorias City, Negros Occidental is composed of the followin",,,1ST,,,POBLACION,GUSTILO ST,EUSEBIO V'L SUBD-MAGSAYSAY,RR,Residential - Regular,900.0
raw,"RDO No. 76 - Victorias City, Negros Occidental is composed of the followin",,,1ST,,,POBLACION,GUSTILO ST,MAGSAYSAY-LOPEZ JAENA ST,CR,Commercial - Regular,1800.0
raw,"RDO No. 76 - Victorias City, Negros Occidental is composed of the followin",,,1ST,,,POBLACION,HERERIAS ST,VILLACIN ST-NORTH CABAHUG,RR,Residential - Regular,900.0
raw,"RDO No. 76 - Victorias City, Negros Occidental is composed of the followin",,,1ST,,,POBLACION,HERERIAS ST,VILLACIN ST-NORTH CABAHUG,RR,Residential - Regular,900.0
raw,"RDO No. 76 - Victorias City, Negros Occidental is composed of the followin",,,1ST,,,POBLACION,JUAN LUNA ST,VILLENA ST-NORTH SEASHORE,CR,Commercial - Regular,1800.0
raw,"RDO No. 76 - Victorias City, Negros Occidental is composed of the followin",,,1ST,,,POBLACION,JUAN LUNA ST,VILLENA ST-NORTH SEASHORE,CR,Commercial - Regular,1800.0
raw,"RDO No. 76 - Victorias City, Negros Occidental is composed of the followin",,,1ST,,,POBLACION,LOPEZ JAENA,VILLENA ST-VILLACIN ST,CR,Commercial - Regular,2000.0
raw,"RDO No. 76 - Victorias City, Negros Occidental is composed of the followin",,,1ST,,,POBLACION,LOPEZ JAENA,VILLENA ST-MABINI (EASTSIDE),I,Industrial,2000.0
raw,"RDO No. 76 - Victorias City, Negros Occidental is composed of the followin",,,1ST,,,POBLACION,LOPEZ JAENA,MABINI ST.-VILLACIN ST.,CR,Commercial - Regular,2000.0
raw,"RDO No. 76 - Victorias City, Negros Occidental is composed of the followin",,,1ST,,,POBLACION,LOPEZ JAENA,VILLENA ST-VILLACIN ST,CR,Commercial - Regular,2000.0
raw,"RDO No. 76 - Victorias City, Negros Occidental is composed of the followin",,,1ST,,,POBLACION,LOPEZ JAENA,VILLENA ST-MABINI (EASTSIDE),I,Industrial,2000.0
raw,"RDO No. 76 - Victorias City, Negros Occidental is composed of the followin",,,1ST,,,POBLACION,LOPEZ JAENA,MABINI ST.-VILLACIN ST.,CR,Commercial - Regular,2000.0
raw,"RDO No. 76 - Victorias City, Negros Occidental is composed of the followin",,,1ST,,,POBLACION,LOPEZ VITO ST,CABAHUG ST-NORTH VILLACIN,CR,Commercial - Regular,1800.0
raw,"RDO No. 76 - Victorias City, Negros Occidental is composed of the followin",,,1ST,,,POBLACION,LOPEZ VITO ST,CABAHUG ST-NORTH VILLACIN,CR,Commercial - Regular,1800.0
raw,"RDO No. 76 - Victorias City, Negros Occidental is composed of the followin",,,1ST,,,POBLACION,M.H. DEL PILAR ST,CABAHUG ST-VILLACIN ST,CR,Commercial - Regular,1800.0
raw,"RDO No. 76 - Victorias City, Negros Occidental is composed of the followin",,,1ST,,,POBLACION,M.H. DEL PILAR ST,CABAHUG ST-VILLACIN ST,CR,Commercial - Regular,1800.0
raw,"RDO No. 76 - Victorias City, Negros Occidental is composed of the followin",,,1ST,,,POBLACION,MABINI ST,EUSEBIO VILL SUBD-MAGSAYSAY,RR,Residential - Regular,900.0
raw,"RDO No. 76 - Victorias City, Negros Occidental is composed of the followin",,,1ST,,,POBLACION,MABINI ST,MAGSAYSAY ST-BURGOS ST,CR,Commercial - Regular,2000.0
raw,"RDO No. 76 - Victorias City, Negros Occidental is composed of the followin",,,1ST,,,POBLACION,MABINI ST,EUSEBIO VILL SUBD-MAGSAYSAY,RR,Residential - Regular,900.0
raw,"RDO No. 76 - Victorias City, Negros Occidental is composed of the followin",,,1ST,,,POBLACION,MABINI ST,MAGSAYSAY ST-BURGOS ST,CR,Commercial - Regular,2000.0
raw,"RDO No. 76 - Victorias City, Negros Occidental is composed of the followin",,,1ST,,,POBLACION,MAGSAYSAY ST,MAGSAYSAY ST-CABAHUG ST,RR,Residential - Regular,1800.0
raw,"RDO No. 76 - Victorias City, Negros Occidental is composed of the followin",,,1ST,,,POBLACION,MAGSAYSAY ST,VILLENA ST-CABAHUG EAST SIDE,CR,Commercial - Regular,1800.0
raw,"RDO No. 76 - Victorias City, Negros Occidental is composed of the followin",,,1ST,,,POBLACION,MAGSAYSAY ST,MAGSAYSAY ST-CABAHUG ST,RR,Residential - Regular,1800.0
raw,"RDO No. 76 - Victorias City, Negros Occidental is composed of the followin",,,1ST,,,POBLACION,MAGSAYSAY ST,VILLENA ST-CABAHUG EAST SIDE,CR,Commercial - Regular,1800.0
raw,"RDO No. 76 - Victorias City, Negros Occidental is composed of the followin",,,1ST,,,POBLACION,OSMENA ST,ABELARDE ST-WEST SEABREEZE,RR,Residential - Regular,900.0
raw,"RDO No. 76 - Victorias City, Negros Occidental is composed of the followin",,,1ST,,,POBLACION,OSMENA ST,ABELARDE ST-WEST SEABREEZE,RR,Residential - Regular,900.0
raw,"RDO No. 76 - Victorias City, Negros Occidental is composed of the followin",,,1ST,,,POBLACION,QUEZON ST,JUAN LUNA ST-LOPEZ JAENA ST,CR,Commercial - Regular,2000.0
raw,"RDO No. 76 - Victorias City, Negros Occidental is composed of the followin",,,1ST,,,POBLACION,QUEZON ST,JUAN LUNA ST-LOPEZ JAENA ST,CR,Commercial - Regular,2000.0
raw,"RDO No. 76 - Victorias City, Negros Occidental is composed of the followin",,,1ST,,,POBLACION,RIZAL ST,CABAHUG ST-VILLACIN (S),CR,Commercial - Regular,1800.0
raw,"RDO No. 76 - Victorias City, Negros Occidental is composed of the followin",,,1ST,,,POBLACION,RIZAL ST,VILLACIN ST-NORTH SEASHORE,RR,Residential - Regular,900.0
raw,"RDO No. 76 - Victorias City, Negros Occidental is composed of the followin",,,1ST,,,POBLACION,RIZAL ST,CABAHUG ST-VILLACIN (S),CR,Commercial - Regular,1800.0
raw,"RDO No. 76 - Victorias City, Negros Occidental is composed of the followin",,,1ST,,,POBLACION,RIZAL ST,VILLACIN ST-NORTH SEASHORE,RR,Residential - Regular,900.0
raw,"RDO No. 76 - Victorias City, Negros Occidental is composed of the followin",,,1ST,,,POBLACION,SAN EUSEBIO VILL SUBD,ALL LOTS,RR,Residential - Regular,900.0
raw,"RDO No. 76 - Victorias City, Negros Occidental is composed of the followin",,,1ST,,,POBLACION,SAN EUSEBIO VILL SUBD,ALL LOTS,RR,Residential - Regular,900.0
raw,"RDO No. 76 - Victorias City, Negros Occidental is composed of the followin",,,1ST,,,POBLACION,SANTO NINO ST,LOPEZ JAENA ST-LOPEZ VITO ST,CR,Commercial - Regular,1800.0
raw,"RDO No. 76 - Victorias City, Negros Occidental is composed of the followin",,,1ST,,,POBLACION,SANTO NINO ST,LOPEZ JAENA ST-LOPEZ VITO ST,CR,Commercial - Regular,1800.0
raw,"RDO No. 76 - Victorias City, Negros Occidental is composed of the followin",,,1ST,,,POBLACION,TONGOY ST,CABAHUG-VILLACIN SOUTH,CR,Commercial - Regular,1800.0
raw,"RDO No. 76 - Victorias City, Negros Occidental is composed of the followin",,,1ST,,,POBLACION,TONGOY ST,VILLACIN-NORTH SEASHORE,RR,Residential - Regular,900.0
raw,"RDO No. 76 - Victorias City, Negros Occidental is composed of the followin",,,1ST,,,POBLACION,TONGOY ST,CABAHUG-VILLACIN SOUTH,CR,Commercial - Regular,1800.0
raw,"RDO No. 76 - Victorias City, Negros Occidental is composed of the followin",,,1ST,,,POBLACION,TONGOY ST,VILLACIN-NORTH SEASHORE,RR,Residential - Regular,900.0
raw,"RDO No. 76 - Victorias City, Negros Occidental is composed of the followin",,,1ST,,,POBLACION,VILLA BARBAS SUBD,ALL LOTS,RR,Residential - Regular,550.0
raw,"RDO No. 76 - Victorias City, Negros Occidental is composed of the followin",,,1ST,,,POBLACION,VILLA BARBAS SUBD,ALL LOTS,RR,Residential - Regular,550.0
raw,"RDO No. 76 - Victorias City, Negros Occidental is composed of the followin",,,1ST,,,POBLACION,VILLA BARILEA SUBD,ALL LOTS,RR,Residential - Regular,550.0
raw,"RDO No. 76 - Victorias City, Negros Occidental is composed of the followin",,,1ST,,,POBLACION,VILLA BARILEA SUBD,ALL LOTS,RR,Residential - Regular,550.0
raw,"RDO No. 76 - Victorias City, Negros Occidental is composed of the followin",,,1ST,,,POBLACION,VILLA BEACH SUBD,ALL LOTS,RR,Residential - Regular,700.0
raw,"RDO No. 76 - Victorias City, Negros Occidental is composed of the followin",,,1ST,,,POBLACION,VILLA BEACH SUBD,ALL LOTS,RR,Residential - Regular,700.0
raw,"RDO No. 76 - Victorias City, Negros Occidental is composed of the followin",,,1ST,,,POBLACION,VILLA MIRAMAR SUBD,ALL LOTS,RR,Residential - Regular,550.0
raw,"RDO No. 76 - Victorias City, Negros Occidental is composed of the followin",,,1ST,,,POBLACION,VILLA MIRAMAR SUBD,ALL LOTS,RR,Residential - Regular,550.0
raw,"RDO No. 76 - Victorias City, Negros Occidental is composed of the followin",,,1ST,,,POBLACION,VILLACIN ST,J. LUNA-L VITO (SOUTH SIDE),CR,Commercial - Regular,1800.0
raw,"RDO No. 76 - Victorias City, Negros Occidental is composed of the followin",,,1ST,,,POBLACION,VILLACIN ST,J. LUNA-L VITO (NORTH SIDE),RR,Residential - Regular,900.0
raw,"RDO No. 76 - Victorias City, Negros Occidental is composed of the followin",,,1ST,,,POBLACION,VILLACIN ST,J. LUNA-L VITO (SOUTH SIDE),CR,Commercial - Regular,1800.0
raw,"RDO No. 76 - Victorias City, Negros Occidental is composed of the followin",,,1ST,,,POBLACION,VILLACIN ST,J. LUNA-L VITO (NORTH SIDE),RR,Residential - Regular,900.0
raw,"RDO No. 76 - Victorias City, Negros Occidental is composed of the followin",,,1ST,,,POBLACION,VILLENA ST,GUSTILO BLVD- L. JAENA ST,CR,Commercial - Regular,2000.0
raw,"RDO No. 76 - Victorias City, Negros Occidental is composed of the followin",,,1ST,,,POBLACION,VILLENA ST,GUSTILO BLVD- L. JAENA ST,CR,Commercial - Regular,2000.0
raw,"RDO No. 76 - Victorias City, Negros Occidental is composed of the followin",,,1ST,,,SICABA,ALL LOTS,AGUINALDO ST-SICABA RVR,RR,Residential - Regular,300.0
raw,"RDO No. 76 - Victorias City, Negros Occidental is composed of the followin",,,1ST,,,SICABA,ALL LOTS,AGUINALDO ST-SICABA RVR,RR,Residential - Regular,300.0
raw,"RDO No. 76 - Victorias City, Negros Occidental is composed of the followin",,,1ST,,,TIGLAWIGAN,ALL LOTS,"LOT 167-168,1-14,2A-2C",RR,Residential - Regular,300.0
raw,"RDO No. 76 - Victorias City, Negros Occidental is composed of the followin",,,1ST,,,TIGLAWIGAN,ALL LOTS,"LOT 167-168,1-14,2A-2C",RR,Residential - Regular,300.0
raw,"RDO No. 76 - Victorias City, Negros Occidental is composed of the followin",,,1ST,,,TINAMPARAN,ALL LOTS,BLK 1-13 & 51 PROJ. HITALON,I,Industrial,1200.0
raw,"RDO No. 76 - Victorias City, Negros Occidental is composed of the followin",,,1ST,,,TINAMPARAN,ALL LOTS,PROJ. HITALON,CR,Commercial - Regular,900.0
raw,"RDO No. 76 - Victorias City, Negros Occidental is composed of the followin",,,1ST,,,TINAMPARAN,ALL LOTS,"LOT 1242, 1239-1240",RR,Residential - Regular,550.0
raw,"RDO No. 76 - Victorias City, Negros Occidental is composed of the followin",,,1ST,,,TINAMPARAN,ALL LOTS,BLK 1-13 & 51 PROJ. HITALON,I,Industrial,1200.0
raw,"RDO No. 76 - Victorias City, Negros Occidental is composed of the followin",,,1ST,,,TINAMPARAN,ALL LOTS,PROJ. HITALON,CR,Commercial - Regular,900.0
raw,"RDO No. 76 - Victorias City, Negros Occidental is composed of the followin",,,1ST,,,TINAMPARAN,ALL LOTS,"LOT 1242, 1239-1240",RR,Residential - Regular,550.0
raw,"RDO No. 76 - Victorias City, Negros Occidental is composed of the followin",,,,Negros Occidental,Cadiz,(LIST OF STREETS),,"Flat land; all weather road, lots used for Industrial purposes",I,Industrial,6000.0
raw,"RDO No. 76 - Victorias City, Negros Occidental is composed of the followin",,,,Negros Occidental,Cadiz,(LIST OF STREETS),,"Flat land; all weather road, lots used for Commercial purposes",CR,Commercial - Regular,3500.0
raw,"RDO No. 76 - Victorias City, Negros Occidental is composed of the followin",,,,Negros Occidental,Cadiz,(LIST OF STREETS),,Crossing F.I.,RR,Residential - Regular,1850.0
raw,"RDO No. 76 - Victorias City, Negros Occidental is composed of the followin",,,,Negros Occidental,Cadiz,(LIST OF STREETS),,"Flat land; all weather road, lots used for Industrial purposes",I,Industrial,6000.0
raw,"RDO No. 76 - Victorias City, Negros Occidental is composed of the followin",,,,Negros Occidental,Cadiz,(LIST OF STREETS),,"Flat land; all weather road, lots used for Commercial purposes",CR,Commercial - Regular,3500.0
raw,"RDO No. 76 - Victorias City, Negros Occidental is composed of the followin",,,,Negros Occidental,Cadiz,(LIST OF STREETS),,Crossing F.I.,RR,Residential - Regular,1850.0
raw,"RDO No. 76 - Victorias City, Negros Occidental is composed of the followin",,,,Negros Occidental,Cadiz,(LIST OF STREETS),,Portion of Lot 1562,I,Industrial,6100.0
raw,"RDO No. 76 - Victorias City, Negros Occidental is composed of the followin",,,,Negros Occidental,Cadiz,(LIST OF STREETS),,"Flat land; all weather road, lots used for Commercial purposes",CR,Commercial - Regular,4100.0
raw,"RDO No. 76 - Victorias City, Negros Occidental is composed of the followin",,,,Negros Occidental,Cadiz,(LIST OF STREETS),,"Flat land; all weather road, lots used for Commercial purposes",CR,Commercial - Regular,4100.0
raw,"RDO No. 76 - Victorias City, Negros Occidental is composed of the followin",,,,Negros Occidental,Cadiz,(LIST OF STREETS),,"Flat land; all weather road, lots used for Industrial purposes",I,Industrial,4500.0
raw,"RDO No. 76 - Victorias City, Negros Occidental is composed of the followin",,,,Negros Occidental,Cadiz,(LIST OF STREETS),,Crossing Valderrama,RR,Residential - Regular,1200.0
raw,"RDO No. 76 - Victorias City, Negros Occidental is composed of the followin",,,,Negros Occidental,Cadiz,(LIST OF STREETS),,Brgy. Proper of Luna,RR,Residential - Regular,1200.0
raw,"RDO No. 76 - Victorias City, Negros Occidental is composed of the followin",,,,Negros Occidental,Cadiz,(LIST OF STREETS),,"Flat land; all weather road, lots used for Commercial purposes",CR,Commercial - Regular,4100.0
raw,"RDO No. 76 - Victorias City, Negros Occidental is composed of the followin",,,,Negros Occidental,Cadiz,(LIST OF STREETS),,"Flat land; all weather road, lots used for Industrial purposes",I,Industrial,4500.0
raw,"RDO No. 76 - Victorias City, Negros Occidental is composed of the followin",,,,Negros Occidental,Cadiz,(LIST OF STREETS),,Brgy. Proper of Sicaba,RR,Residential - Regular,1200.0
raw,"RDO No. 76 - Victorias City, Negros Occidental is composed of the followin",,,,Negros Occidental,Cadiz,(LIST OF STREETS),,"Flat land; all weather road, lots used for Commercial purposes",CR,Commercial - Regular,4100.0
raw,"RDO No. 76 - Victorias City, Negros Occidental is composed of the followin",,,,Negros Occidental,Cadiz,(LIST OF STREETS),,"Flat land; all weather road, lots used for Industrial purposes",I,Industrial,4500.0
raw,"RDO No. 76 - Victorias City, Negros Occidental is composed of the followin",,,,Negros Occidental,Cadiz,(LIST OF STREETS),,Solar Farm,I,Industrial,6400.0
raw,"RDO No. 76 - Victorias City, Negros Occidental is composed of the followin",,,,Negros Occidental,Cadiz,(LIST OF STREETS),ABELARDE ST.,(West Side )-Public Market - Shoreline,CR,Commercial - Regular,9000.0
raw,"RDO No. 76 - Victorias City, Negros Occidental is composed of the followin",,,,Negros Occidental,Cadiz,(LIST OF STREETS),ABELARDE ST.,Lot 1423 Pt.,CR,Commercial - Regular,9000.0
raw,"RDO No. 76 - Victorias City, Negros Occidental is composed of the followin",,,,Negros Occidental,Cadiz,(LIST OF STREETS),ABELARDE ST.,Lot 109 (Along Abelarde St.),CR,Commercial - Regular,9000.0
raw,"RDO No. 76 - Victorias City, Negros Occidental is composed of the followin",,,,Negros Occidental,Cadiz,(LIST OF STREETS),ABELARDE ST.,Lot 109-Interior,RR,Residential - Regular,3300.0
raw,"RDO No. 76 - Victorias City, Negros Occidental is composed of the followin",,,,Negros Occidental,Cadiz,(LIST OF STREETS),ABELARDE ST.,Public Market-Cabahug St.,CR,Commercial - Regular,9000.0
raw,"RDO No. 76 - Victorias City, Negros Occidental is composed of the followin",,,,Negros Occidental,Cadiz,(LIST OF STREETS),ALL LOTS,Banquerohan Bridge Up-Comm'L Port,I,Industrial,6000.0
raw,"RDO No. 76 - Victorias City, Negros Occidental is composed of the followin",,,,Negros Occidental,Cadiz,(LIST OF STREETS),ALL LOTS,From Banquerohan Bridge Up to Commercial Port,RR,Residential - Regular,2100.0
raw,"RDO No. 76 - Victorias City, Negros Occidental is composed of the followin",,,,Negros Occidental,Cadiz,(LIST OF STREETS),ALL LOTS,Banquerohan – Sagay Road,RR,Residential - Regular,1750.0
raw,"RDO No. 76 - Victorias City, Negros Occidental is composed of the followin",,,,Negros Occidental,Cadiz,(LIST OF STREETS),ALL LOTS,Within Barangay Proper,I,Industrial,2500.0
raw,"RDO No. 76 - Victorias City, Negros Occidental is composed of the followin",,,,Negros Occidental,Cadiz,(LIST OF STREETS),ALL LOTS,Within Barangay Proper,CR,Commercial - Regular,1700.0
raw,"RDO No. 76 - Victorias City, Negros Occidental is composed of the followin",,,,Negros Occidental,Cadiz,(LIST OF STREETS),ALL LOTS,Within Barangay Proper,RR,Residential - Regular,990.0
raw,"RDO No. 76 - Victorias City, Negros Occidental is composed of the followin",,,,Negros Occidental,Cadiz,(LIST OF STREETS),ALL LOTS,Along National Road At Crossing Martesan,CR,Commercial - Regular,5000.0
raw,"RDO No. 76 - Victorias City, Negros Occidental is composed of the followin",,,,Negros Occidental,Cadiz,(LIST OF STREETS),ALL LOTS,Crossing Martesan,RR,Residential - Regular,2200.0
raw,"RDO No. 76 - Victorias City, Negros Occidental is composed of the followin",,,,Negros Occidental,Cadiz,(LIST OF STREETS),ALL LOTS,Lowland Rice Without  Irrigation,A2,Agricultural - A2,27.0
raw,"RDO No. 76 - Victorias City, Negros Occidental is composed of the followin",,,,Negros Occidental,Cadiz,(LIST OF STREETS),ALL LOTS,Coconut Land,A4,Agricultural - A4,24.0
raw,"RDO No. 76 - Victorias City, Negros Occidental is composed of the followin",,,,Negros Occidental,Cadiz,(LIST OF STREETS),ALL LOTS,Orchard,A12,Agricultural - A12,25.0
raw,"RDO No. 76 - Victorias City, Negros Occidental is composed of the followin",,,,Negros Occidental,Cadiz,(LIST OF STREETS),ALL LOTS,Banana Land,A14,Agricultural - A14,15.0
raw,"RDO No. 76 - Victorias City, Negros Occidental is composed of the followin",,,,Negros Occidental,Cadiz,(LIST OF STREETS),ALL LOTS,Corn Land,A16,Agricultural - A16,18.0
raw,"RDO No. 76 - Victorias City, Negros Occidental is composed of the followin",,,,Negros Occidental,Cadiz,(LIST OF STREETS),ALL LOTS,Sugarland,A17,Agricultural - A17,50.0
raw,"RDO No. 76 - Victorias City, Negros Occidental is composed of the followin",,,,Negros Occidental,Cadiz,(LIST OF STREETS),ALL LOTS,Horticulture/Rootcrops,A37,Agricultural - A37,18.0
raw,"RDO No. 76 - Victorias City, Negros Occidental is composed of the followin",,,,Negros Occidental,Cadiz,(LIST OF STREETS),ALL LOTS,Ipil-Ipil Land,A44,Agricultural - A44,15.0
raw,"RDO No. 76 - Victorias City, Negros Occidental is composed of the followin",,,,Negros Occidental,Cadiz,(LIST OF STREETS),ALL LOTS,Coffee Land,A48,Agricultural - A48,15.0
raw,"RDO No. 76 - Victorias City, Negros Occidental is composed of the followin",,,,Negros Occidental,Cadiz,(LIST OF STREETS),ALL LOTS,"Hilly, Slopes & Stony",A49,Agricultural - A49,12.0
raw,"RDO No. 76 - Victorias City, Negros Occidental is composed of the followin",,,,Negros Occidental,Cadiz,(LIST OF STREETS),ALL LOTS,"Hilly, Slopes & Stony",A50,Agricultural - A50,10.0
raw,"RDO No. 76 - Victorias City, Negros Occidental is composed of the followin",,,,Negros Occidental,Cadiz,(LIST OF STREETS),ALL LOTS,"Hilly, Slopes & Stony",GP,General Purpose,500.0
raw,"RDO No. 76 - Victorias City, Negros Occidental is composed of the followin",,,,Negros Occidental,Cadiz,(LIST OF STREETS),ALL LOTS,,CR,Commercial - Regular,3800.0
raw,"RDO No. 76 - Victorias City, Negros Occidental is composed of the followin",,,,Negros Occidental,Cadiz,(LIST OF STREETS),ALL LOTS,,I,Industrial,4100.0
raw,"RDO No. 76 - Victorias City, Negros Occidental is composed of the followin",,,,Negros Occidental,Cadiz,(LIST OF STREETS),ALL LOTS,Brgy. Proper of Mabini,RR,Residential - Regular,1100.0
raw,"RDO No. 76 - Victorias City, Negros Occidental is composed of the followin",,,,Negros Occidental,Cadiz,(LIST OF STREETS),ALL LOTS,Transloading Station,I,Industrial,2600.0
raw,"RDO No. 76 - Victorias City, Negros Occidental is composed of the followin",,,,Negros Occidental,Cadiz,(LIST OF STREETS),ALL LOTS,Transloading Station,CR,Commercial - Regular,2500.0
raw,"RDO No. 76 - Victorias City, Negros Occidental is composed of the followin",,,,Negros Occidental,Cadiz,(LIST OF STREETS),ALL LOTS,Within Brgy. Proper,RR,Residential - Regular,1000.0
raw,"RDO No. 76 - Victorias City, Negros Occidental is composed of the followin",,,,Negros Occidental,Cadiz,(LIST OF STREETS),ALL LOTS,Along Tinampa-An River of Reclamation Area,I,Industrial,7000.0
raw,"RDO No. 76 - Victorias City, Negros Occidental is composed of the followin",,,,Negros Occidental,Cadiz,(LIST OF STREETS),ALL LOTS,Within Main Road of Reclamation Area,CR,Commercial - Regular,7300.0
raw,"RDO No. 76 - Victorias City, Negros Occidental is composed of the followin",,,,Negros Occidental,Cadiz,(LIST OF STREETS),ALL LOTS,Lots Next to the Edge of Tinampa-An River of Reclamation Area,I,Industrial,6400.0
raw,"RDO No. 76 - Victorias City, Negros Occidental is composed of the followin",,,,Negros Occidental,Cadiz,(LIST OF STREETS),ALL LOTS,Inner Lots of Reclamation Area,CR,Commercial - Regular,6500.0
raw,"RDO No. 76 - Victorias City, Negros Occidental is composed of the followin",,,,Negros Occidental,Cadiz,(LIST OF STREETS),ALL LOTS,Hda. Zaragosa- Manuel Escalante Elem School,RR,Residential - Regular,1800.0
raw,"RDO No. 76 - Victorias City, Negros Occidental is composed of the followin",,,,Negros Occidental,Cadiz,(LIST OF STREETS),ALL LOTS,Hda. Zaragosa- Manuel Escalante Elem School,GP,General Purpose,1000.0
raw,"RDO No. 76 - Victorias City, Negros Occidental is composed of the followin",,,,Negros Occidental,Cadiz,(LIST OF STREETS),ALL LOTS,Hda. Zaragosa- Manuel Escalante Elem School,CL,Cemetery Lot,5000.0
raw,"RDO No. 76 - Victorias City, Negros Occidental is composed of the followin",,,,Negros Occidental,Cadiz,(LIST OF STREETS),ALL OTHER LOTS,Lowland Rice W/Out Irrigation,A2,Agricultural - A2,27.0
raw,"RDO No. 76 - Victorias City, Negros Occidental is composed of the followin",,,,Negros Occidental,Cadiz,(LIST OF STREETS),ALL OTHER LOTS,Upland Rice,A3,Agricultural - A3,17.0
raw,"RDO No. 76 - Victorias City, Negros Occidental is composed of the followin",,,,Negros Occidental,Cadiz,(LIST OF STREETS),ALL OTHER LOTS,Coconut Land,A4,Agricultural - A4,140.0
raw,"RDO No. 76 - Victorias City, Negros Occidental is composed of the followin",,,,Negros Occidental,Cadiz,(LIST OF STREETS),ALL OTHER LOTS,Fishpond,A6,Agricultural - A6,60.0
raw,"RDO No. 76 - Victorias City, Negros Occidental is composed of the followin",,,,Negros Occidental,Cadiz,(LIST OF STREETS),ALL OTHER LOTS,Nipa Land,A8,Agricultural - A8,12.0
raw,"RDO No. 76 - Victorias City, Negros Occidental is composed of the followin",,,,Negros Occidental,Cadiz,(LIST OF STREETS),ALL OTHER LOTS,Orchard,A12,Agricultural - A12,25.0
raw,"RDO No. 76 - Victorias City, Negros Occidental is composed of the followin",,,,Negros Occidental,Cadiz,(LIST OF STREETS),ALL OTHER LOTS,Banana Land,A14,Agricultural - A14,15.0
raw,"RDO No. 76 - Victorias City, Negros Occidental is composed of the followin",,,,Negros Occidental,Cadiz,(LIST OF STREETS),ALL OTHER LOTS,Corn Land,A16,Agricultural - A16,18.0
raw,"RDO No. 76 - Victorias City, Negros Occidental is composed of the followin",,,,Negros Occidental,Cadiz,(LIST OF STREETS),ALL OTHER LOTS,Sugarland,A17,Agricultural - A17,50.0
raw,"RDO No. 76 - Victorias City, Negros Occidental is composed of the followin",,,,Negros Occidental,Cadiz,(LIST OF STREETS),ALL OTHER LOTS,Mangrove,A24,Agricultural - A24,12.0
raw,"RDO No. 76 - Victorias City, Negros Occidental is composed of the followin",,,,Negros Occidental,Cadiz,(LIST OF STREETS),ALL OTHER LOTS,"Hilly, Slopes & Stony",A49,Agricultural - A49,12.0
raw,"RDO No. 76 - Victorias City, Negros Occidental is composed of the followin",,,,Negros Occidental,Cadiz,(LIST OF STREETS),ALL OTHER LOTS,Swine/Poultry (Others),A50,Agricultural - A50,60.0
raw,"RDO No. 76 - Victorias City, Negros Occidental is composed of the followin",,,,Negros Occidental,Cadiz,(LIST OF STREETS),ALL OTHER LOTS,Within Barangay Proper,RR,Residential - Regular,500.0
raw,"RDO No. 76 - Victorias City, Negros Occidental is composed of the followin",,,,Negros Occidental,Cadiz,(LIST OF STREETS),ALL OTHER LOTS,Within Barangay Proper,GP,General Purpose,500.0
raw,"RDO No. 76 - Victorias City, Negros Occidental is composed of the followin",,,,Negros Occidental,Cadiz,(LIST OF STREETS),ALL OTHER LOTS,Lowland Rice W/ Irrigation,A1,Agricultural - A1,45.0
raw,"RDO No. 76 - Victorias City, Negros Occidental is composed of the followin",,,,Negros Occidental,Cadiz,(LIST OF STREETS),ALL OTHER LOTS,Lowland Rice W/Out Irrigation,A2,Agricultural - A2,27.0
raw,"RDO No. 76 - Victorias City, Negros Occidental is composed of the followin",,,,Negros Occidental,Cadiz,(LIST OF STREETS),ALL OTHER LOTS,Upland Rice,A3,Agricultural - A3,18.0
raw,"RDO No. 76 - Victorias City, Negros Occidental is composed of the followin",,,,Negros Occidental,Cadiz,(LIST OF STREETS),ALL OTHER LOTS,Coconut Land,A4,Agricultural - A4,24.0
raw,"RDO No. 76 - Victorias City, Negros Occidental is composed of the followin",,,,Negros Occidental,Cadiz,(LIST OF STREETS),ALL OTHER LOTS,Orchard,A12,Agricultural - A12,25.0
raw,"RDO No. 76 - Victorias City, Negros Occidental is composed of the followin",,,,Negros Occidental,Cadiz,(LIST OF STREETS),ALL OTHER LOTS,Banana Land,A14,Agricultural - A14,15.0
raw,"RDO No. 76 - Victorias City, Negros Occidental is composed of the followin",,,,Negros Occidental,Cadiz,(LIST OF STREETS),ALL OTHER LOTS,Sugarland,A17,Agricultural - A17,50.0
raw,"RDO No. 76 - Victorias City, Negros Occidental is composed of the followin",,,,Negros Occidental,Cadiz,(LIST OF STREETS),ALL OTHER LOTS,Mango Land,A23,Agricultural - A23,50.0
raw,"RDO No. 76 - Victorias City, Negros Occidental is composed of the followin",,,,Negros Occidental,Cadiz,(LIST OF STREETS),ALL OTHER LOTS,Bamboo Land,A26,Agricultural - A26,18.0
raw,"RDO No. 76 - Victorias City, Negros Occidental is composed of the followin",,,,Negros Occidental,Cadiz,(LIST OF STREETS),ALL OTHER LOTS,Horticulture/Rootcrops,A37,Agricultural - A37,18.0
raw,"RDO No. 76 - Victorias City, Negros Occidental is composed of the followin",,,,Negros Occidental,Cadiz,(LIST OF STREETS),ALL OTHER LOTS,"Hilly, Slopes & Stony",A49,Agricultural - A49,12.0
raw,"RDO No. 76 - Victorias City, Negros Occidental is composed of the followin",,,,Negros Occidental,Cadiz,(LIST OF STREETS),ALL OTHER LOTS,Others,A50,Agricultural - A50,9.0
raw,"RDO No. 76 - Victorias City, Negros Occidental is composed of the followin",,,,Negros Occidental,Cadiz,(LIST OF STREETS),ALL OTHER LOTS,Crossing Martesan,CR,Commercial - Regular,4200.0
raw,"RDO No. 76 - Victorias City, Negros Occidental is composed of the followin",,,,Negros Occidental,Cadiz,(LIST OF STREETS),ALL OTHER LOTS,Crossing Martesan,I,Industrial,4500.0
raw,"RDO No. 76 - Victorias City, Negros Occidental is composed of the followin",,,,Negros Occidental,Cadiz,(LIST OF STREETS),ALL OTHER LOTS,Crossing Martesan,RR,Residential - Regular,1000.0
raw,"RDO No. 76 - Victorias City, Negros Occidental is composed of the followin",,,,Negros Occidental,Cadiz,(LIST OF STREETS),ALL OTHER LOTS,Crossing Martesan,GP,General Purpose,400.0
raw,"RDO No. 76 - Victorias City, Negros Occidental is composed of the followin",,,,Negros Occidental,Cadiz,(LIST OF STREETS),ALL OTHER LOTS,Lowland Rice W/Out Irrigation,A2,Agricultural - A2,27.0
raw,"RDO No. 76 - Victorias City, Negros Occidental is composed of the followin",,,,Negros Occidental,Cadiz,(LIST OF STREETS),ALL OTHER LOTS,Coconut Land,A4,Agricultural - A4,24.0
raw,"RDO No. 76 - Victorias City, Negros Occidental is composed of the followin",,,,Negros Occidental,Cadiz,(LIST OF STREETS),ALL OTHER LOTS,Nipa Land,A8,Agricultural - A8,12.0
raw,"RDO No. 76 - Victorias City, Negros Occidental is composed of the followin",,,,Negros Occidental,Cadiz,(LIST OF STREETS),ALL OTHER LOTS,Orchard,A12,Agricultural - A12,25.0
raw,"RDO No. 76 - Victorias City, Negros Occidental is composed of the followin",,,,Negros Occidental,Cadiz,(LIST OF STREETS),ALL OTHER LOTS,Corn Land,A16,Agricultural - A16,18.0
raw,"RDO No. 76 - Victorias City, Negros Occidental is composed of the followin",,,,Negros Occidental,Cadiz,(LIST OF STREETS),ALL OTHER LOTS,Sugarland,A17,Agricultural - A17,50.0
raw,"RDO No. 76 - Victorias City, Negros Occidental is composed of the followin",,,,Negros Occidental,Cadiz,(LIST OF STREETS),ALL OTHER LOTS,"Hilly, Slopes & Stony",A49,Agricultural - A49,12.0
raw,"RDO No. 76 - Victorias City, Negros Occidental is composed of the followin",,,,Negros Occidental,Cadiz,(LIST OF STREETS),ALL OTHER LOTS,Swine/ Poultry,A50,Agricultural - A50,60.0
raw,"RDO No. 76 - Victorias City, Negros Occidental is composed of the followin",,,,Negros Occidental,Cadiz,(LIST OF STREETS),ALL OTHER LOTS,Other Lots used As Residential,RR,Residential - Regular,875.0
raw,"RDO No. 76 - Victorias City, Negros Occidental is composed of the followin",,,,Negros Occidental,Cadiz,(LIST OF STREETS),ALL OTHER LOTS,Other Lots used As Residential,GP,General Purpose,400.0
raw,"RDO No. 76 - Victorias City, Negros Occidental is composed of the followin",,,,Negros Occidental,Cadiz,(LIST OF STREETS),ALL OTHER LOTS,Lowland Rice W/Out Irrigation,A2,Agricultural - A2,24.0
raw,"RDO No. 76 - Victorias City, Negros Occidental is composed of the followin",,,,Negros Occidental,Cadiz,(LIST OF STREETS),ALL OTHER LOTS,Coconut Land,A4,Agricultural - A4,21.0
raw,"RDO No. 76 - Victorias City, Negros Occidental is composed of the followin",,,,Negros Occidental,Cadiz,(LIST OF STREETS),ALL OTHER LOTS,Orchard,A12,Agricultural - A12,21.0
raw,"RDO No. 76 - Victorias City, Negros Occidental is composed of the followin",,,,Negros Occidental,Cadiz,(LIST OF STREETS),ALL OTHER LOTS,Banana Land,A14,Agricultural - A14,15.5
raw,"RDO No. 76 - Victorias City, Negros Occidental is composed of the followin",,,,Negros Occidental,Cadiz,(LIST OF STREETS),ALL OTHER LOTS,Pasture Land,A15,Agricultural - A15,13.5
raw,"RDO No. 76 - Victorias City, Negros Occidental is composed of the followin",,,,Negros Occidental,Cadiz,(LIST OF STREETS),ALL OTHER LOTS,Corn Land,A16,Agricultural - A16,15.5
raw,"RDO No. 76 - Victorias City, Negros Occidental is composed of the followin",,,,Negros Occidental,Cadiz,(LIST OF STREETS),ALL OTHER LOTS,Sugarland,A17,Agricultural - A17,50.0
raw,"RDO No. 76 - Victorias City, Negros Occidental is composed of the followin",,,,Negros Occidental,Cadiz,(LIST OF STREETS),ALL OTHER LOTS,Bamboo Land,A26,Agricultural - A26,16.0
raw,"RDO No. 76 - Victorias City, Negros Occidental is composed of the followin",,,,Negros Occidental,Cadiz,(LIST OF STREETS),ALL OTHER LOTS,Timberland,A36,Agricultural - A36,26.5
raw,"RDO No. 76 - Victorias City, Negros Occidental is composed of the followin",,,,Negros Occidental,Cadiz,(LIST OF STREETS),ALL OTHER LOTS,Horticulture/Rootcrops,A37,Agricultural - A37,15.5
raw,"RDO No. 76 - Victorias City, Negros Occidental is composed of the followin",,,,Negros Occidental,Cadiz,(LIST OF STREETS),ALL OTHER LOTS,"Hilly, Slopes & Stony",A49,Agricultural - A49,10.5
raw,"RDO No. 76 - Victorias City, Negros Occidental is composed of the followin",,,,Negros Occidental,Cadiz,(LIST OF STREETS),ALL OTHER LOTS,"Hilly, Slopes & Stony",A50,Agricultural - A50,10.0
raw,"RDO No. 76 - Victorias City, Negros Occidental is composed of the followin",,,,Negros Occidental,Cadiz,(LIST OF STREETS),ALL OTHER LOTS,Other Lots used As Residential,RR,Residential - Regular,875.0
raw,"RDO No. 76 - Victorias City, Negros Occidental is composed of the followin",,,,Negros Occidental,Cadiz,(LIST OF STREETS),ALL OTHER LOTS,Other Lots used As Residential,GP,General Purpose,400.0
raw,"RDO No. 76 - Victorias City, Negros Occidental is composed of the followin",,,,Negros Occidental,Cadiz,(LIST OF STREETS),ALL OTHER LOTS,Lowland Rice W/Out Irrigation,A2,Agricultural - A2,24.0
raw,"RDO No. 76 - Victorias City, Negros Occidental is composed of the followin",,,,Negros Occidental,Cadiz,(LIST OF STREETS),ALL OTHER LOTS,Coconut Land,A4,Agricultural - A4,21.0
raw,"RDO No. 76 - Victorias City, Negros Occidental is composed of the followin",,,,Negros Occidental,Cadiz,(LIST OF STREETS),ALL OTHER LOTS,Orchard,A12,Agricultural - A12,21.0
raw,"RDO No. 76 - Victorias City, Negros Occidental is composed of the followin",,,,Negros Occidental,Cadiz,(LIST OF STREETS),ALL OTHER LOTS,Banana Land,A14,Agricultural - A14,15.5
raw,"RDO No. 76 - Victorias City, Negros Occidental is composed of the followin",,,,Negros Occidental,Cadiz,(LIST OF STREETS),ALL OTHER LOTS,Pasture Land,A15,Agricultural - A15,13.5
raw,"RDO No. 76 - Victorias City, Negros Occidental is composed of the followin",,,,Negros Occidental,Cadiz,(LIST OF STREETS),ALL OTHER LOTS,Corn Land,A16,Agricultural - A16,15.5
raw,"RDO No. 76 - Victorias City, Negros Occidental is composed of the followin",,,,Negros Occidental,Cadiz,(LIST OF STREETS),ALL OTHER LOTS,Sugarland,A17,Agricultural - A17,50.0
raw,"RDO No. 76 - Victorias City, Negros Occidental is composed of the followin",,,,Negros Occidental,Cadiz,(LIST OF STREETS),ALL OTHER LOTS,Bamboo Land,A26,Agricultural - A26,16.0
raw,"RDO No. 76 - Victorias City, Negros Occidental is composed of the followin",,,,Negros Occidental,Cadiz,(LIST OF STREETS),ALL OTHER LOTS,Timberland,A36,Agricultural - A36,26.5
raw,"RDO No. 76 - Victorias City, Negros Occidental is composed of the followin",,,,Negros Occidental,Cadiz,(LIST OF STREETS),ALL OTHER LOTS,Horticulture/Rootcrops,A37,Agricultural - A37,15.5
raw,"RDO No. 76 - Victorias City, Negros Occidental is composed of the followin",,,,Negros Occidental,Cadiz,(LIST OF STREETS),ALL OTHER LOTS,"Hilly, Slopes & Stony",A49,Agricultural - A49,10.5
raw,"RDO No. 76 - Victorias City, Negros Occidental is composed of the followin",,,,Negros Occidental,Cadiz,(LIST OF STREETS),ALL OTHER LOTS,"Hilly, Slopes & Stony",A50,Agricultural - A50,10.0
raw,"RDO No. 76 - Victorias City, Negros Occidental is composed of the followin",,,,Negros Occidental,Cadiz,(LIST OF STREETS),ALL OTHER LOTS,80 Meters from National Road,RR,Residential - Regular,1050.0
raw,"RDO No. 76 - Victorias City, Negros Occidental is composed of the followin",,,,Negros Occidental,Cadiz,(LIST OF STREETS),ALL OTHER LOTS,Upland Rice,A3,Agricultural - A3,15.5
raw,"RDO No. 76 - Victorias City, Negros Occidental is composed of the followin",,,,Negros Occidental,Cadiz,(LIST OF STREETS),ALL OTHER LOTS,Coconut Land,A4,Agricultural - A4,21.0
raw,"RDO No. 76 - Victorias City, Negros Occidental is composed of the followin",,,,Negros Occidental,Cadiz,(LIST OF STREETS),ALL OTHER LOTS,Fishpond,A6,Agricultural - A6,60.0
raw,"RDO No. 76 - Victorias City, Negros Occidental is composed of the followin",,,,Negros Occidental,Cadiz,(LIST OF STREETS),ALL OTHER LOTS,Orchard,A12,Agricultural - A12,25.0
raw,"RDO No. 76 - Victorias City, Negros Occidental is composed of the followin",,,,Negros Occidental,Cadiz,(LIST OF STREETS),ALL OTHER LOTS,Banana Land,A14,Agricultural - A14,18.0
raw,"RDO No. 76 - Victorias City, Negros Occidental is composed of the followin",,,,Negros Occidental,Cadiz,(LIST OF STREETS),ALL OTHER LOTS,Pastureland,A15,Agricultural - A15,15.0
raw,"RDO No. 76 - Victorias City, Negros Occidental is composed of the followin",,,,Negros Occidental,Cadiz,(LIST OF STREETS),ALL OTHER LOTS,Corn Land,A16,Agricultural - A16,18.0
raw,"RDO No. 76 - Victorias City, Negros Occidental is composed of the followin",,,,Negros Occidental,Cadiz,(LIST OF STREETS),ALL OTHER LOTS,Sugarland,A17,Agricultural - A17,50.0
raw,"RDO No. 76 - Victorias City, Negros Occidental is composed of the followin",,,,Negros Occidental,Cadiz,(LIST OF STREETS),ALL OTHER LOTS,Quarry Land,A32,Agricultural - A32,33.0
raw,"RDO No. 76 - Victorias City, Negros Occidental is composed of the followin",,,,Negros Occidental,Cadiz,(LIST OF STREETS),ALL OTHER LOTS,Horticulture/Rootcrops,A37,Agricultural - A37,12.0
raw,"RDO No. 76 - Victorias City, Negros Occidental is composed of the followin",,,,Negros Occidental,Cadiz,(LIST OF STREETS),ALL OTHER LOTS,Timberland,A36,Agricultural - A36,30.0
raw,"RDO No. 76 - Victorias City, Negros Occidental is composed of the followin",,,,Negros Occidental,Cadiz,(LIST OF STREETS),ALL OTHER LOTS,Coffee Land,A48,Agricultural - A48,18.0
raw,"RDO No. 76 - Victorias City, Negros Occidental is composed of the followin",,,,Negros Occidental,Cadiz,(LIST OF STREETS),ALL OTHER LOTS,"Hilly, Slopes & Stony",A49,Agricultural - A49,12.0
raw,"RDO No. 76 - Victorias City, Negros Occidental is composed of the followin",,,,Negros Occidental,Cadiz,(LIST OF STREETS),ALL OTHER LOTS,Firewood Land,A50,Agricultural - A50,11.0
raw,"RDO No. 76 - Victorias City, Negros Occidental is composed of the followin",,,,Negros Occidental,Cadiz,(LIST OF STREETS),ALL OTHER LOTS,Swine/Poultry,A50,Agricultural - A50,60.0
raw,"RDO No. 76 - Victorias City, Negros Occidental is composed of the followin",,,,Negros Occidental,Cadiz,(LIST OF STREETS),ALL OTHER LOTS,Lowland Rice W/Out Irrigation,A2,Agricultural - A2,27.0
raw,"RDO No. 76 - Victorias City, Negros Occidental is composed of the followin",,,,Negros Occidental,Cadiz,(LIST OF STREETS),ALL OTHER LOTS,Coconut Land,A4,Agricultural - A4,24.0
raw,"RDO No. 76 - Victorias City, Negros Occidental is composed of the followin",,,,Negros Occidental,Cadiz,(LIST OF STREETS),ALL OTHER LOTS,Fishpond,A6,Agricultural - A6,60.0
raw,"RDO No. 76 - Victorias City, Negros Occidental is composed of the followin",,,,Negros Occidental,Cadiz,(LIST OF STREETS),ALL OTHER LOTS,Nipa Land,A8,Agricultural - A8,12.0
raw,"RDO No. 76 - Victorias City, Negros Occidental is composed of the followin",,,,Negros Occidental,Cadiz,(LIST OF STREETS),ALL OTHER LOTS,Orchard,A12,Agricultural - A12,25.0
raw,"RDO No. 76 - Victorias City, Negros Occidental is composed of the followin",,,,Negros Occidental,Cadiz,(LIST OF STREETS),ALL OTHER LOTS,Corn Land,A16,Agricultural - A16,18.0
raw,"RDO No. 76 - Victorias City, Negros Occidental is composed of the followin",,,,Negros Occidental,Cadiz,(LIST OF STREETS),ALL OTHER LOTS,Sugarland,A17,Agricultural - A17,50.0
raw,"RDO No. 76 - Victorias City, Negros Occidental is composed of the followin",,,,Negros Occidental,Cadiz,(LIST OF STREETS),ALL OTHER LOTS,Mangrove,A24,Agricultural - A24,12.0
raw,"RDO No. 76 - Victorias City, Negros Occidental is composed of the followin",,,,Negros Occidental,Cadiz,(LIST OF STREETS),ALL OTHER LOTS,Bamboo Land,A26,Agricultural - A26,18.0
raw,"RDO No. 76 - Victorias City, Negros Occidental is composed of the followin",,,,Negros Occidental,Cadiz,(LIST OF STREETS),ALL OTHER LOTS,Quarry Land,A32,Agricultural - A32,33.0
raw,"RDO No. 76 - Victorias City, Negros Occidental is composed of the followin",,,,Negros Occidental,Cadiz,(LIST OF STREETS),ALL OTHER LOTS,Prawnpond,A42,Agricultural - A42,85.0
raw,"RDO No. 76 - Victorias City, Negros Occidental is composed of the followin",,,,Negros Occidental,Cadiz,(LIST OF STREETS),ALL OTHER LOTS,"Hilly, Slopes & Stony",A49,Agricultural - A49,12.0
raw,"RDO No. 76 - Victorias City, Negros Occidental is composed of the followin",,,,Negros Occidental,Cadiz,(LIST OF STREETS),ALL OTHER LOTS,"Hilly, Slopes & Stony",A50,Agricultural - A50,10.0
raw,"RDO No. 76 - Victorias City, Negros Occidental is composed of the followin",,,,Negros Occidental,Cadiz,(LIST OF STREETS),ALL OTHER LOTS,Brgy. Proper of Luna,RR,Residential - Regular,1000.0
raw,"RDO No. 76 - Victorias City, Negros Occidental is composed of the followin",,,,Negros Occidental,Cadiz,(LIST OF STREETS),ALL OTHER LOTS,Brgy. Proper of Luna,GP,General Purpose,500.0
raw,"RDO No. 76 - Victorias City, Negros Occidental is composed of the followin",,,,Negros Occidental,Cadiz,(LIST OF STREETS),ALL OTHER LOTS,Lowland Rice W/ Irrigation,A1,Agricultural - A1,41.0
raw,"RDO No. 76 - Victorias City, Negros Occidental is composed of the followin",,,,Negros Occidental,Cadiz,(LIST OF STREETS),ALL OTHER LOTS,Lowland Rice W/Out Irrigation,A2,Agricultural - A2,27.0
raw,"RDO No. 76 - Victorias City, Negros Occidental is composed of the followin",,,,Negros Occidental,Cadiz,(LIST OF STREETS),ALL OTHER LOTS,Coconut Land,A4,Agricultural - A4,24.0
raw,"RDO No. 76 - Victorias City, Negros Occidental is composed of the followin",,,,Negros Occidental,Cadiz,(LIST OF STREETS),ALL OTHER LOTS,Fishpond,A6,Agricultural - A6,54.0
raw,"RDO No. 76 - Victorias City, Negros Occidental is composed of the followin",,,,Negros Occidental,Cadiz,(LIST OF STREETS),ALL OTHER LOTS,Nipa Land,A8,Agricultural - A8,12.0
raw,"RDO No. 76 - Victorias City, Negros Occidental is composed of the followin",,,,Negros Occidental,Cadiz,(LIST OF STREETS),ALL OTHER LOTS,Corn Land,A16,Agricultural - A16,18.0
raw,"RDO No. 76 - Victorias City, Negros Occidental is composed of the followin",,,,Negros Occidental,Cadiz,(LIST OF STREETS),ALL OTHER LOTS,Sugarland,A17,Agricultural - A17,54.0
raw,"RDO No. 76 - Victorias City, Negros Occidental is composed of the followin",,,,Negros Occidental,Cadiz,(LIST OF STREETS),ALL OTHER LOTS,Mangrove,A24,Agricultural - A24,12.0
raw,"RDO No. 76 - Victorias City, Negros Occidental is composed of the followin",,,,Negros Occidental,Cadiz,(LIST OF STREETS),ALL OTHER LOTS,Horticulture/Rootcrops,A37,Agricultural - A37,18.0
raw,"RDO No. 76 - Victorias City, Negros Occidental is composed of the followin",,,,Negros Occidental,Cadiz,(LIST OF STREETS),ALL OTHER LOTS,"Hilly, Slopes & Stony",A49,Agricultural - A49,12.0
raw,"RDO No. 76 - Victorias City, Negros Occidental is composed of the followin",,,,Negros Occidental,Cadiz,(LIST OF STREETS),ALL OTHER LOTS,Swine/Poultry,A50,Agricultural - A50,60.0
raw,"RDO No. 76 - Victorias City, Negros Occidental is composed of the followin",,,,Negros Occidental,Cadiz,(LIST OF STREETS),ALL OTHER LOTS,Brgy. Proper of Mabini,RR,Residential - Regular,900.0
raw,"RDO No. 76 - Victorias City, Negros Occidental is composed of the followin",,,,Negros Occidental,Cadiz,(LIST OF STREETS),ALL OTHER LOTS,Brgy. Proper of Mabini,GP,General Purpose,500.0
raw,"RDO No. 76 - Victorias City, Negros Occidental is composed of the followin",,,,Negros Occidental,Cadiz,(LIST OF STREETS),ALL OTHER LOTS,Lowland Rice W/Out Irrigation,A2,Agricultural - A2,27.0
raw,"RDO No. 76 - Victorias City, Negros Occidental is composed of the followin",,,,Negros Occidental,Cadiz,(LIST OF STREETS),ALL OTHER LOTS,Upland Rice,A3,Agricultural - A3,18.0
raw,"RDO No. 76 - Victorias City, Negros Occidental is composed of the followin",,,,Negros Occidental,Cadiz,(LIST OF STREETS),ALL OTHER LOTS,Coconut Land,A4,Agricultural - A4,24.0
raw,"RDO No. 76 - Victorias City, Negros Occidental is composed of the followin",,,,Negros Occidental,Cadiz,(LIST OF STREETS),ALL OTHER LOTS,Orchard,A12,Agricultural - A12,25.0
raw,"RDO No. 76 - Victorias City, Negros Occidental is composed of the followin",,,,Negros Occidental,Cadiz,(LIST OF STREETS),ALL OTHER LOTS,Banana Land,A14,Agricultural - A14,15.0
raw,"RDO No. 76 - Victorias City, Negros Occidental is composed of the followin",,,,Negros Occidental,Cadiz,(LIST OF STREETS),ALL OTHER LOTS,Corn Land,A16,Agricultural - A16,18.0
raw,"RDO No. 76 - Victorias City, Negros Occidental is composed of the followin",,,,Negros Occidental,Cadiz,(LIST OF STREETS),ALL OTHER LOTS,Sugarland,A17,Agricultural - A17,50.0
raw,"RDO No. 76 - Victorias City, Negros Occidental is composed of the followin",,,,Negros Occidental,Cadiz,(LIST OF STREETS),ALL OTHER LOTS,Quarry Land,A32,Agricultural - A32,33.0
raw,"RDO No. 76 - Victorias City, Negros Occidental is composed of the followin",,,,Negros Occidental,Cadiz,(LIST OF STREETS),ALL OTHER LOTS,Timberland,A36,Agricultural - A36,30.0
raw,"RDO No. 76 - Victorias City, Negros Occidental is composed of the followin",,,,Negros Occidental,Cadiz,(LIST OF STREETS),ALL OTHER LOTS,Horticulture/Rootcrops,A37,Agricultural - A37,18.0
raw,"RDO No. 76 - Victorias City, Negros Occidental is composed of the followin",,,,Negros Occidental,Cadiz,(LIST OF STREETS),ALL OTHER LOTS,Coffee Land,A48,Agricultural - A48,18.0
raw,"RDO No. 76 - Victorias City, Negros Occidental is composed of the followin",,,,Negros Occidental,Cadiz,(LIST OF STREETS),ALL OTHER LOTS,"Hilly, Slopes & Stony",A49,Agricultural - A49,12.0
raw,"RDO No. 76 - Victorias City, Negros Occidental is composed of the followin",,,,Negros Occidental,Cadiz,(LIST OF STREETS),ALL OTHER LOTS,Firewood Land,A50,Agricultural - A50,12.0
raw,"RDO No. 76 - Victorias City, Negros Occidental is composed of the followin",,,,Negros Occidental,Cadiz,(LIST OF STREETS),ALL OTHER LOTS,Within Brgy. Proper,RR,Residential - Regular,650.0
raw,"RDO No. 76 - Victorias City, Negros Occidental is composed of the followin",,,,Negros Occidental,Cadiz,(LIST OF STREETS),ALL OTHER LOTS,Within Brgy. Proper,GP,General Purpose,300.0
raw,"RDO No. 76 - Victorias City, Negros Occidental is composed of the followin",,,,Negros Occidental,Cadiz,(LIST OF STREETS),ALL OTHER LOTS,Lowland Rice W/Out Irrigation,A2,Agricultural - A2,27.0
raw,"RDO No. 76 - Victorias City, Negros Occidental is composed of the followin",,,,Negros Occidental,Cadiz,(LIST OF STREETS),ALL OTHER LOTS,Coconut Land,A4,Agricultural - A4,24.0
raw,"RDO No. 76 - Victorias City, Negros Occidental is composed of the followin",,,,Negros Occidental,Cadiz,(LIST OF STREETS),ALL OTHER LOTS,Banana Land,A14,Agricultural - A14,15.0
raw,"RDO No. 76 - Victorias City, Negros Occidental is composed of the followin",,,,Negros Occidental,Cadiz,(LIST OF STREETS),ALL OTHER LOTS,Pastureland,A15,Agricultural - A15,15.0
raw,"RDO No. 76 - Victorias City, Negros Occidental is composed of the followin",,,,Negros Occidental,Cadiz,(LIST OF STREETS),ALL OTHER LOTS,Corn Land,A16,Agricultural - A16,18.0
raw,"RDO No. 76 - Victorias City, Negros Occidental is composed of the followin",,,,Negros Occidental,Cadiz,(LIST OF STREETS),ALL OTHER LOTS,Sugarland,A17,Agricultural - A17,50.0
raw,"RDO No. 76 - Victorias City, Negros Occidental is composed of the followin",,,,Negros Occidental,Cadiz,(LIST OF STREETS),ALL OTHER LOTS,Quarry Land,A32,Agricultural - A32,33.0
raw,"RDO No. 76 - Victorias City, Negros Occidental is composed of the followin",,,,Negros Occidental,Cadiz,(LIST OF STREETS),ALL OTHER LOTS,Timberland,A36,Agricultural - A36,30.0
raw,"RDO No. 76 - Victorias City, Negros Occidental is composed of the followin",,,,Negros Occidental,Cadiz,(LIST OF STREETS),ALL OTHER LOTS,Horticulture / Rootcrops,A37,Agricultural - A37,18.0
raw,"RDO No. 76 - Victorias City, Negros Occidental is composed of the followin",,,,Negros Occidental,Cadiz,(LIST OF STREETS),ALL OTHER LOTS,Coffee Land,A48,Agricultural - A48,18.0
raw,"RDO No. 76 - Victorias City, Negros Occidental is composed of the followin",,,,Negros Occidental,Cadiz,(LIST OF STREETS),ALL OTHER LOTS,"Hilly, Slopes & Stony",A49,Agricultural - A49,12.0
raw,"RDO No. 76 - Victorias City, Negros Occidental is composed of the followin",,,,Negros Occidental,Cadiz,(LIST OF STREETS),ALL OTHER LOTS,"Hilly, Slopes & Stony",A50,Agricultural - A50,10.0
raw,"RDO No. 76 - Victorias City, Negros Occidental is composed of the followin",,,,Negros Occidental,Cadiz,(LIST OF STREETS),ALL OTHER LOTS,Brgy. Proper of Sicaba,RR,Residential - Regular,1000.0
raw,"RDO No. 76 - Victorias City, Negros Occidental is composed of the followin",,,,Negros Occidental,Cadiz,(LIST OF STREETS),ALL OTHER LOTS,Brgy. Proper of Sicaba,GP,General Purpose,400.0
raw,"RDO No. 76 - Victorias City, Negros Occidental is composed of the followin",,,,Negros Occidental,Cadiz,(LIST OF STREETS),ALL OTHER LOTS,Lowland Rice W/Out Irrigation,A2,Agricultural - A2,27.0
raw,"RDO No. 76 - Victorias City, Negros Occidental is composed of the followin",,,,Negros Occidental,Cadiz,(LIST OF STREETS),ALL OTHER LOTS,Coconut Land,A4,Agricultural - A4,24.0
raw,"RDO No. 76 - Victorias City, Negros Occidental is composed of the followin",,,,Negros Occidental,Cadiz,(LIST OF STREETS),ALL OTHER LOTS,Fishpond,A6,Agricultural - A6,54.0
raw,"RDO No. 76 - Victorias City, Negros Occidental is composed of the followin",,,,Negros Occidental,Cadiz,(LIST OF STREETS),ALL OTHER LOTS,Nipa Land,A8,Agricultural - A8,12.0
raw,"RDO No. 76 - Victorias City, Negros Occidental is composed of the followin",,,,Negros Occidental,Cadiz,(LIST OF STREETS),ALL OTHER LOTS,Sugarland,A17,Agricultural - A17,50.0
raw,"RDO No. 76 - Victorias City, Negros Occidental is composed of the followin",,,,Negros Occidental,Cadiz,(LIST OF STREETS),ALL OTHER LOTS,Mangrove,A24,Agricultural - A24,12.0
raw,"RDO No. 76 - Victorias City, Negros Occidental is composed of the followin",,,,Negros Occidental,Cadiz,(LIST OF STREETS),ALL OTHER LOTS,Bamboo Land,A26,Agricultural - A26,18.0
raw,"RDO No. 76 - Victorias City, Negros Occidental is composed of the followin",,,,Negros Occidental,Cadiz,(LIST OF STREETS),ALL OTHER LOTS,Prawnpond,A42,Agricultural - A42,85.0
raw,"RDO No. 76 - Victorias City, Negros Occidental is composed of the followin",,,,Negros Occidental,Cadiz,(LIST OF STREETS),ALL OTHER LOTS,"Hilly, Slopes & Stony",A49,Agricultural - A49,12.0
raw,"RDO No. 76 - Victorias City, Negros Occidental is composed of the followin",,,,Negros Occidental,Cadiz,(LIST OF STREETS),ALL OTHER LOTS,"Hilly, Slopes & Stony",A50,Agricultural - A50,10.0
raw,"RDO No. 76 - Victorias City, Negros Occidental is composed of the followin",,,,Negros Occidental,Cadiz,(LIST OF STREETS),ALL OTHER LOTS,Sitio Lag-Asan & Purok St Roch Village,RR,Residential - Regular,1200.0
raw,"RDO No. 76 - Victorias City, Negros Occidental is composed of the followin",,,,Negros Occidental,Cadiz,(LIST OF STREETS),ALL OTHER LOTS,Lowland Rice W/Out Irrigation,A2,Agricultural - A2,27.0
raw,"RDO No. 76 - Victorias City, Negros Occidental is composed of the followin",,,,Negros Occidental,Cadiz,(LIST OF STREETS),ALL OTHER LOTS,Coconut Land,A4,Agricultural - A4,24.0
raw,"RDO No. 76 - Victorias City, Negros Occidental is composed of the followin",,,,Negros Occidental,Cadiz,(LIST OF STREETS),ALL OTHER LOTS,Fishpond,A6,Agricultural - A6,60.0
raw,"RDO No. 76 - Victorias City, Negros Occidental is composed of the followin",,,,Negros Occidental,Cadiz,(LIST OF STREETS),ALL OTHER LOTS,Nipa Land,A8,Agricultural - A8,12.0
raw,"RDO No. 76 - Victorias City, Negros Occidental is composed of the followin",,,,Negros Occidental,Cadiz,(LIST OF STREETS),ALL OTHER LOTS,Cogon Land,A10,Agricultural - A10,15.0
raw,"RDO No. 76 - Victorias City, Negros Occidental is composed of the followin",,,,Negros Occidental,Cadiz,(LIST OF STREETS),ALL OTHER LOTS,Orchard,A12,Agricultural - A12,25.0
raw,"RDO No. 76 - Victorias City, Negros Occidental is composed of the followin",,,,Negros Occidental,Cadiz,(LIST OF STREETS),ALL OTHER LOTS,Banana Land,A14,Agricultural - A14,15.0
raw,"RDO No. 76 - Victorias City, Negros Occidental is composed of the followin",,,,Negros Occidental,Cadiz,(LIST OF STREETS),ALL OTHER LOTS,Corn Land,A16,Agricultural - A16,18.0
raw,"RDO No. 76 - Victorias City, Negros Occidental is composed of the followin",,,,Negros Occidental,Cadiz,(LIST OF STREETS),ALL OTHER LOTS,Sugarland,A17,Agricultural - A17,50.0
raw,"RDO No. 76 - Victorias City, Negros Occidental is composed of the followin",,,,Negros Occidental,Cadiz,(LIST OF STREETS),ALL OTHER LOTS,Bamboo Land,A26,Agricultural - A26,18.0
raw,"RDO No. 76 - Victorias City, Negros Occidental is composed of the followin",,,,Negros Occidental,Cadiz,(LIST OF STREETS),ALL OTHER LOTS,Timberland,A36,Agricultural - A36,30.0
raw,"RDO No. 76 - Victorias City, Negros Occidental is composed of the followin",,,,Negros Occidental,Cadiz,(LIST OF STREETS),ALL OTHER LOTS,"Hilly, Slopes & Stony",A49,Agricultural - A49,12.0
raw,"RDO No. 76 - Victorias City, Negros Occidental is composed of the followin",,,,Negros Occidental,Cadiz,(LIST OF STREETS),ALL OTHER LOTS,Swine/Poultry,A50,Agricultural - A50,60.0
raw,"RDO No. 76 - Victorias City, Negros Occidental is composed of the followin",,,,Negros Occidental,Cadiz,(LIST OF STREETS),ALONG CADIZ – DAGA ROAD,Talaba-An Bridge – Punta Daga,RR,Residential - Regular,2300.0
raw,"RDO No. 76 - Victorias City, Negros Occidental is composed of the followin",,,,Negros Occidental,Cadiz,(LIST OF STREETS),ALONG FORESHORE,Cadiz Cemetery  - Crossing Cadiz,I,Industrial,6000.0
raw,"RDO No. 76 - Victorias City, Negros Occidental is composed of the followin",,,,Negros Occidental,Cadiz,(LIST OF STREETS),ALONG NATIONAL HIGHWAY,Cadiz Cemetery  - Crossing Cadiz,CR,Commercial - Regular,7500.0
raw,"RDO No. 76 - Victorias City, Negros Occidental is composed of the followin",,,,Negros Occidental,Cadiz,(LIST OF STREETS),ANDREA VILLAGE,"Block 3Pcs. 8803 (Lots 1,3,5,7,9,11,13,15,17,19) Blocks 21 And 22",RR,Residential - Regular,3000.0
raw,"RDO No. 76 - Victorias City, Negros Occidental is composed of the followin",,,,Negros Occidental,Cadiz,(LIST OF STREETS),ANDREA VILLAGE,"Blocks 4 to 8, 18 to 20, 23 to 30",RR,Residential - Regular,2800.0
raw,"RDO No. 76 - Victorias City, Negros Occidental is composed of the followin",,,,Negros Occidental,Cadiz,(LIST OF STREETS),ANDREA VILLAGE,Interior,RR,Residential - Regular,2600.0
raw,"RDO No. 76 - Victorias City, Negros Occidental is composed of the followin",,,,Negros Occidental,Cadiz,(LIST OF STREETS),ARELLANO ST.,Mabini St.-Sto Niño St. (West Side),CR,Commercial - Regular,9000.0
raw,"RDO No. 76 - Victorias City, Negros Occidental is composed of the followin",,,,Negros Occidental,Cadiz,(LIST OF STREETS),ARELLANO ST.,Sto. Niño St.-Villacin St. (West Side),RR,Residential - Regular,6000.0
raw,"RDO No. 76 - Victorias City, Negros Occidental is composed of the followin",,,,Negros Occidental,Cadiz,(LIST OF STREETS),ARELLANO ST.,Villacin St.-Shoreline (West Side),RR,Residential - Regular,3300.0
raw,"RDO No. 76 - Victorias City, Negros Occidental is composed of the followin",,,,Negros Occidental,Cadiz,(LIST OF STREETS),BANQUEROHAN PROPER,Banquerohan – Sagay Road,RR,Residential - Regular,1200.0
raw,"RDO No. 76 - Victorias City, Negros Occidental is composed of the followin",,,,Negros Occidental,Cadiz,(LIST OF STREETS),BAYVIEW,Main & Secondary Road,RR,Residential - Regular,2300.0
raw,"RDO No. 76 - Victorias City, Negros Occidental is composed of the followin",,,,Negros Occidental,Cadiz,(LIST OF STREETS),BAYVIEW,Main & Secondary Road,GP,General Purpose,500.0
raw,"RDO No. 76 - Victorias City, Negros Occidental is composed of the followin",,,,Negros Occidental,Cadiz,(LIST OF STREETS),BLISS PROJECT,"Hilly, Slopes & Stony",RR,Residential - Regular,2310.0
raw,"RDO No. 76 - Victorias City, Negros Occidental is composed of the followin",,,,Negros Occidental,Cadiz,(LIST OF STREETS),BURGOS ST.,Mabini St. - Cabahug St. (East Side),I,Industrial,7500.0
raw,"RDO No. 76 - Victorias City, Negros Occidental is composed of the followin",,,,Negros Occidental,Cadiz,(LIST OF STREETS),BURGOS ST.,Cabahug St. - Sto. Niño St.,CR,Commercial - Regular,9000.0
raw,"RDO No. 76 - Victorias City, Negros Occidental is composed of the followin",,,,Negros Occidental,Cadiz,(LIST OF STREETS),BURGOS ST.,Mabini St. - Cabahug St. (W),CR,Commercial - Regular,9000.0
raw,"RDO No. 76 - Victorias City, Negros Occidental is composed of the followin",,,,Negros Occidental,Cadiz,(LIST OF STREETS),CABAHUG ST,Tongoy St- Lopez Vito (North Side),CR,Commercial - Regular,9000.0
raw,"RDO No. 76 - Victorias City, Negros Occidental is composed of the followin",,,,Negros Occidental,Cadiz,(LIST OF STREETS),CABAHUG ST,Lot 114-Punta Cabahug (South Side),I,Industrial,7500.0
raw,"RDO No. 76 - Victorias City, Negros Occidental is composed of the followin",,,,Negros Occidental,Cadiz,(LIST OF STREETS),CABAHUG ST.,Gustilo Blvd-Talaba-An River,RR,Residential - Regular,2800.0
raw,"RDO No. 76 - Victorias City, Negros Occidental is composed of the followin",,,,Negros Occidental,Cadiz,(LIST OF STREETS),CABAHUG ST.,Block 25,RR,Residential - Regular,2805.0
raw,"RDO No. 76 - Victorias City, Negros Occidental is composed of the followin",,,,Negros Occidental,Cadiz,(LIST OF STREETS),CABAHUG ST.,"Lot 1426 A-2, 1426-A-1",CR,Commercial - Regular,8500.0
raw,"RDO No. 76 - Victorias City, Negros Occidental is composed of the followin",,,,Negros Occidental,Cadiz,(LIST OF STREETS),CABAHUG ST.,Eusebio Subd. (South Side),CR,Commercial - Regular,8500.0
raw,"RDO No. 76 - Victorias City, Negros Occidental is composed of the followin",,,,Negros Occidental,Cadiz,(LIST OF STREETS),CABAHUG ST.,Road Lot 8-Abelarde St. (North Side & South Side),CR,Commercial - Regular,8000.0
raw,"RDO No. 76 - Victorias City, Negros Occidental is composed of the followin",,,,Negros Occidental,Cadiz,(LIST OF STREETS),CABAHUG ST.,Abelarde St. - Arellano St.,CR,Commercial - Regular,9000.0
raw,"RDO No. 76 - Victorias City, Negros Occidental is composed of the followin",,,,Negros Occidental,Cadiz,(LIST OF STREETS),CABAHUG ST.,Arellano St. - Rizal St.,CR,Commercial - Regular,9000.0
raw,"RDO No. 76 - Victorias City, Negros Occidental is composed of the followin",,,,Negros Occidental,Cadiz,(LIST OF STREETS),CABAHUG ST.,Rizal St. - tongoy St. (North Side),CR,Commercial - Regular,9000.0
raw,"RDO No. 76 - Victorias City, Negros Occidental is composed of the followin",,,,Negros Occidental,Cadiz,(LIST OF STREETS),CABAHUG ST.,Burgos St.- Lot 113 (South Side),I,Industrial,7500.0
raw,"RDO No. 76 - Victorias City, Negros Occidental is composed of the followin",,,,Negros Occidental,Cadiz,(LIST OF STREETS),CADIZ HEIGHTS  (PHASE I & II),Main Road of the Subd,RR,Residential - Regular,2800.0
raw,"RDO No. 76 - Victorias City, Negros Occidental is composed of the followin",,,,Negros Occidental,Cadiz,(LIST OF STREETS),CADIZ HEIGHTS  (PHASE I & II),Rear Portion of the Subd,RR,Residential - Regular,2600.0
raw,"RDO No. 76 - Victorias City, Negros Occidental is composed of the followin",,,,Negros Occidental,Cadiz,(LIST OF STREETS),CADIZ – SAGAY ROAD,Tiglawigan Proper – Sitio Pitogo,RR,Residential - Regular,1800.0
raw,"RDO No. 76 - Victorias City, Negros Occidental is composed of the followin",,,,Negros Occidental,Cadiz,(LIST OF STREETS),CASAS,Main Road,RR,Residential - Regular,1800.0
raw,"RDO No. 76 - Victorias City, Negros Occidental is composed of the followin",,,,Negros Occidental,Cadiz,(LIST OF STREETS),CASAS,Rear Portion of the Subd,RR,Residential - Regular,1500.0
raw,"RDO No. 76 - Victorias City, Negros Occidental is composed of the followin",,,,Negros Occidental,Cadiz,(LIST OF STREETS),CELA (VILLA VICTORIA),Block 25,RR,Residential - Regular,2300.0
raw,"RDO No. 76 - Victorias City, Negros Occidental is composed of the followin",,,,Negros Occidental,Cadiz,(LIST OF STREETS),CONCEPCION VILLAGE,Main Road,RR,Residential - Regular,2300.0
raw,"RDO No. 76 - Victorias City, Negros Occidental is composed of the followin",,,,Negros Occidental,Cadiz,(LIST OF STREETS),CONCEPCION VILLAGE,Secondary Road,RR,Residential - Regular,2100.0
raw,"RDO No. 76 - Victorias City, Negros Occidental is composed of the followin",,,,Negros Occidental,Cadiz,(LIST OF STREETS),CRISTINA SUBD.,Along Main Road,RR,Residential - Regular,2800.0
raw,"RDO No. 76 - Victorias City, Negros Occidental is composed of the followin",,,,Negros Occidental,Cadiz,(LIST OF STREETS),CRISTINA SUBD.,Interior,RR,Residential - Regular,2600.0
raw,"RDO No. 76 - Victorias City, Negros Occidental is composed of the followin",,,,Negros Occidental,Cadiz,(LIST OF STREETS),CRISTINA SUBD.,Interior,GP,General Purpose,1000.0
raw,"RDO No. 76 - Victorias City, Negros Occidental is composed of the followin",,,,Negros Occidental,Cadiz,(LIST OF STREETS),GRANDVILLE  A & B,Main & Secondary Roads of the Subd,RR,Residential - Regular,2800.0
raw,"RDO No. 76 - Victorias City, Negros Occidental is composed of the followin",,,,Negros Occidental,Cadiz,(LIST OF STREETS),GRANDVILLE  A & B,Rear Portion of the Subd,RR,Residential - Regular,2600.0
raw,"RDO No. 76 - Victorias City, Negros Occidental is composed of the followin",,,,Negros Occidental,Cadiz,(LIST OF STREETS),GUSTILO BOULEVARD,Villena St.-Cabahug St. (East Side),CR,Commercial - Regular,8500.0
raw,"RDO No. 76 - Victorias City, Negros Occidental is composed of the followin",,,,Negros Occidental,Cadiz,(LIST OF STREETS),GUSTILO ST.,Road Lot 8-Magsaysay St.,RR,Residential - Regular,3300.0
raw,"RDO No. 76 - Victorias City, Negros Occidental is composed of the followin",,,,Negros Occidental,Cadiz,(LIST OF STREETS),GUSTILO ST.,Magsaysay St.-Abelarde St.,CR,Commercial - Regular,8000.0
raw,"RDO No. 76 - Victorias City, Negros Occidental is composed of the followin",,,,Negros Occidental,Cadiz,(LIST OF STREETS),GUSTILO ST.,Abelarde St. - Lopez Jaena St.,CR,Commercial - Regular,8000.0
raw,"RDO No. 76 - Victorias City, Negros Occidental is composed of the followin",,,,Negros Occidental,Cadiz,(LIST OF STREETS),HERRERIAS ST.,Villena St.-Cabahug St. (Alley 229 to 240),RR,Residential - Regular,3300.0
raw,"RDO No. 76 - Victorias City, Negros Occidental is composed of the followin",,,,Negros Occidental,Cadiz,(LIST OF STREETS),JUAN LUNA ST.,Villacin St. - Shoreline,RR,Residential - Regular,3300.0
raw,"RDO No. 76 - Victorias City, Negros Occidental is composed of the followin",,,,Negros Occidental,Cadiz,(LIST OF STREETS),JUAN LUNA ST.,Villena St. - Mabini St.,CR,Commercial - Regular,8000.0
raw,"RDO No. 76 - Victorias City, Negros Occidental is composed of the followin",,,,Negros Occidental,Cadiz,(LIST OF STREETS),JUAN LUNA ST.,Mabini St. - Villacin St.,CR,Commercial - Regular,9000.0
raw,"RDO No. 76 - Victorias City, Negros Occidental is composed of the followin",,,,Negros Occidental,Cadiz,(LIST OF STREETS),LOPEZ JAENA ST.,"Lots 1, 19 to 25 Block 15; Lot 1;",I,Industrial,7000.0
raw,"RDO No. 76 - Victorias City, Negros Occidental is composed of the followin",,,,Negros Occidental,Cadiz,(LIST OF STREETS),LOPEZ JAENA ST.,Sto. Niño St. - Villacin St. (East Side),RR,Residential - Regular,6000.0
raw,"RDO No. 76 - Victorias City, Negros Occidental is composed of the followin",,,,Negros Occidental,Cadiz,(LIST OF STREETS),LOPEZ JAENA ST.,Mabini St. - Sto. Niño St.,CR,Commercial - Regular,9000.0
raw,"RDO No. 76 - Victorias City, Negros Occidental is composed of the followin",,,,Negros Occidental,Cadiz,(LIST OF STREETS),LOPEZ JAENA ST.,Villena St. - Mabini St. (East Side),I,Industrial,7500.0
raw,"RDO No. 76 - Victorias City, Negros Occidental is composed of the followin",,,,Negros Occidental,Cadiz,(LIST OF STREETS),LOPEZ JAENA ST.,Villena St. - Mabini St. (West Side),CR,Commercial - Regular,9000.0
raw,"RDO No. 76 - Victorias City, Negros Occidental is composed of the followin",,,,Negros Occidental,Cadiz,(LIST OF STREETS),LOPEZ VITO ST.,Cabahug St. - Villacin St.,CR,Commercial - Regular,8000.0
raw,"RDO No. 76 - Victorias City, Negros Occidental is composed of the followin",,,,Negros Occidental,Cadiz,(LIST OF STREETS),M.H.DEL PILAR ST.,Cabahug St. - Villacin St.,CR,Commercial - Regular,8000.0
raw,"RDO No. 76 - Victorias City, Negros Occidental is composed of the followin",,,,Negros Occidental,Cadiz,(LIST OF STREETS),MABINI ST.,Road Lot 8-Magsaysay St.,RR,Residential - Regular,3300.0
raw,"RDO No. 76 - Victorias City, Negros Occidental is composed of the followin",,,,Negros Occidental,Cadiz,(LIST OF STREETS),MABINI ST.,Magsaysay St.-Abelarde St.,CR,Commercial - Regular,8000.0
raw,"RDO No. 76 - Victorias City, Negros Occidental is composed of the followin",,,,Negros Occidental,Cadiz,(LIST OF STREETS),MABINI ST.,Lopez Jaena St.- Burgos St. (South Side),I,Industrial,7500.0
raw,"RDO No. 76 - Victorias City, Negros Occidental is composed of the followin",,,,Negros Occidental,Cadiz,(LIST OF STREETS),MABINI ST.,Abelarde St. - Burgos St. (North Side),CR,Commercial - Regular,9000.0
raw,"RDO No. 76 - Victorias City, Negros Occidental is composed of the followin",,,,Negros Occidental,Cadiz,(LIST OF STREETS),MAGSAYSAY ST.,Villena St.-World War II Veterans St.,CR,Commercial - Regular,9000.0
raw,"RDO No. 76 - Victorias City, Negros Occidental is composed of the followin",,,,Negros Occidental,Cadiz,(LIST OF STREETS),MAGSAYSAY ST.,"Alley 241, 242, 15, 32, 49, 389, 390",CR,Commercial - Regular,8000.0
raw,"RDO No. 76 - Victorias City, Negros Occidental is composed of the followin",,,,Negros Occidental,Cadiz,(LIST OF STREETS),MAGSAYSAY ST. EXTENSION,Block 2 of Andrea Village,CR,Commercial - Regular,9000.0
raw,"RDO No. 76 - Victorias City, Negros Occidental is composed of the followin",,,,Negros Occidental,Cadiz,(LIST OF STREETS),MIRAMAR I,Main & Secondary Roads of the Subd,RR,Residential - Regular,2800.0
raw,"RDO No. 76 - Victorias City, Negros Occidental is composed of the followin",,,,Negros Occidental,Cadiz,(LIST OF STREETS),MIRAMAR I,Lots At the Rear Portion of the Subd.,RR,Residential - Regular,2600.0
raw,"RDO No. 76 - Victorias City, Negros Occidental is composed of the followin",,,,Negros Occidental,Cadiz,(LIST OF STREETS),MIRAMAR II-A,Main & Secondary Roads of the Subd,RR,Residential - Regular,2800.0
raw,"RDO No. 76 - Victorias City, Negros Occidental is composed of the followin",,,,Negros Occidental,Cadiz,(LIST OF STREETS),MIRAMAR II-A,Lots At the Rear Portion of the Subd.,RR,Residential - Regular,2600.0
raw,"RDO No. 76 - Victorias City, Negros Occidental is composed of the followin",,,,Negros Occidental,Cadiz,(LIST OF STREETS),MIRAMAR II-B,Main & Secondary Roads of the Subd,RR,Residential - Regular,2800.0
raw,"RDO No. 76 - Victorias City, Negros Occidental is composed of the followin",,,,Negros Occidental,Cadiz,(LIST OF STREETS),MIRAMAR II-B,Rear Portion of the Subd,RR,Residential - Regular,2600.0
raw,"RDO No. 76 - Victorias City, Negros Occidental is composed of the followin",,,,Negros Occidental,Cadiz,(LIST OF STREETS),NARRA HEIGHTS,Along Main Road of the Subd.,RR,Residential - Regular,2300.0
raw,"RDO No. 76 - Victorias City, Negros Occidental is composed of the followin",,,,Negros Occidental,Cadiz,(LIST OF STREETS),NARRA HEIGHTS,Secondary Road,RR,Residential - Regular,2100.0
raw,"RDO No. 76 - Victorias City, Negros Occidental is composed of the followin",,,,Negros Occidental,Cadiz,(LIST OF STREETS),NATIONAL HIGHWAY,20 Meters from National Road,CR,Commercial - Regular,5000.0
raw,"RDO No. 76 - Victorias City, Negros Occidental is composed of the followin",,,,Negros Occidental,Cadiz,(LIST OF STREETS),NATIONAL HIGHWAY,20 Meters from National Road,RR,Residential - Regular,1600.0
raw,"RDO No. 76 - Victorias City, Negros Occidental is composed of the followin",,,,Negros Occidental,Cadiz,(LIST OF STREETS),NORTHLAND REALTY CORP.,20 Meters from National Road,RR,Residential - Regular,2500.0
raw,"RDO No. 76 - Victorias City, Negros Occidental is composed of the followin",,,,Negros Occidental,Cadiz,(LIST OF STREETS),NORTHLAND REALTY CORP.,20 Meters from National Road,GP,General Purpose,500.0
raw,"RDO No. 76 - Victorias City, Negros Occidental is composed of the followin",,,,Negros Occidental,Cadiz,(LIST OF STREETS),OSMEÑA ST.,Abelarde St.-Sea Breeze,RR,Residential - Regular,3300.0
raw,"RDO No. 76 - Victorias City, Negros Occidental is composed of the followin",,,,Negros Occidental,Cadiz,(LIST OF STREETS),PROPER OF BRGY. BURGOS,Crossing Martesan,RR,Residential - Regular,1200.0
raw,"RDO No. 76 - Victorias City, Negros Occidental is composed of the followin",,,,Negros Occidental,Cadiz,(LIST OF STREETS),PUEBLO STA. MARIA,Main Road,RR,Residential - Regular,4500.0
raw,"RDO No. 76 - Victorias City, Negros Occidental is composed of the followin",,,,Negros Occidental,Cadiz,(LIST OF STREETS),PUEBLO STA. MARIA,Rear Portion of the Subd,RR,Residential - Regular,3500.0
raw,"RDO No. 76 - Victorias City, Negros Occidental is composed of the followin",,,,Negros Occidental,Cadiz,(LIST OF STREETS),PUEBLO STA. MARIA,Rear Portion of the Subd,GP,General Purpose,1000.0
raw,"RDO No. 76 - Victorias City, Negros Occidental is composed of the followin",,,,Negros Occidental,Cadiz,(LIST OF STREETS),"PUROK EDEN, ZONE 4","Lots 19 to 35, 37, Block 16, Pcs. 3556",CR,Commercial - Regular,8000.0
raw,"RDO No. 76 - Victorias City, Negros Occidental is composed of the followin",,,,Negros Occidental,Cadiz,(LIST OF STREETS),"PUROK EDEN, ZONE 4","Lots 4 to 19, Block 17",CR,Commercial - Regular,7800.0
raw,"RDO No. 76 - Victorias City, Negros Occidental is composed of the followin",,,,Negros Occidental,Cadiz,(LIST OF STREETS),"PUROK EDEN, ZONE 4","Lots 4 to 19, Block 17",GP,General Purpose,1000.0
raw,"RDO No. 76 - Victorias City, Negros Occidental is composed of the followin",,,,Negros Occidental,Cadiz,(LIST OF STREETS),"PUROK KABURIHAN, ZONE 1",Foreshore Lots,RR,Residential - Regular,1100.0
raw,"RDO No. 76 - Victorias City, Negros Occidental is composed of the followin",,,,Negros Occidental,Cadiz,(LIST OF STREETS),QUEZON ST.,Juan Luna St. - Lopez Jaena St.,CR,Commercial - Regular,9000.0
raw,"RDO No. 76 - Victorias City, Negros Occidental is composed of the followin",,,,Negros Occidental,Cadiz,(LIST OF STREETS),RIZAL ST.,Cabahug St. - Villacin St.,CR,Commercial - Regular,8000.0
raw,"RDO No. 76 - Victorias City, Negros Occidental is composed of the followin",,,,Negros Occidental,Cadiz,(LIST OF STREETS),RIZAL ST.,Cabahug St. (East Side) - Shoreline,RR,Residential - Regular,3300.0
raw,"RDO No. 76 - Victorias City, Negros Occidental is composed of the followin",,,,Negros Occidental,Cadiz,(LIST OF STREETS),SAN EUSEBIO SUBD.,Along Main Road of the Subd.,RR,Residential - Regular,3300.0
raw,"RDO No. 76 - Victorias City, Negros Occidental is composed of the followin",,,,Negros Occidental,Cadiz,(LIST OF STREETS),SAN EUSEBIO SUBD.,Interior,RR,Residential - Regular,3100.0
raw,"RDO No. 76 - Victorias City, Negros Occidental is composed of the followin",,,,Negros Occidental,Cadiz,(LIST OF STREETS),SAN EUSEBIO SUBD.,Interior,X,Special / Other,8500.0
raw,"RDO No. 76 - Victorias City, Negros Occidental is composed of the followin",,,,Negros Occidental,Cadiz,(LIST OF STREETS),SAN EUSEBIO SUBD.,Interior,GP,General Purpose,1000.0
raw,"RDO No. 76 - Victorias City, Negros Occidental is composed of the followin",,,,Negros Occidental,Cadiz,(LIST OF STREETS),SITIO CANIPA-AN,Interior Lots,RR,Residential - Regular,1100.0
raw,"RDO No. 76 - Victorias City, Negros Occidental is composed of the followin",,,,Negros Occidental,Cadiz,(LIST OF STREETS),SITIO MINABONO,Crossing F.I.,RR,Residential - Regular,1050.0
raw,"RDO No. 76 - Victorias City, Negros Occidental is composed of the followin",,,,Negros Occidental,Cadiz,(LIST OF STREETS),SITIO MINABONO,Crossing F.I.,RR,Residential - Regular,1050.0
raw,"RDO No. 76 - Victorias City, Negros Occidental is composed of the followin",,,,Negros Occidental,Cadiz,(LIST OF STREETS),SITIO YEE-ON,Crossing F.I.,RR,Residential - Regular,1050.0
raw,"RDO No. 76 - Victorias City, Negros Occidental is composed of the followin",,,,Negros Occidental,Cadiz,(LIST OF STREETS),SITIO YEE-ON,Crossing F.I.,RR,Residential - Regular,1050.0
raw,"RDO No. 76 - Victorias City, Negros Occidental is composed of the followin",,,,Negros Occidental,Cadiz,(LIST OF STREETS),STA. CRUZ HEIGHTS SUBD.,Main & Secondary Road,RR,Residential - Regular,1800.0
raw,"RDO No. 76 - Victorias City, Negros Occidental is composed of the followin",,,,Negros Occidental,Cadiz,(LIST OF STREETS),STA. CRUZ HEIGHTS SUBD.,Rear Portion of the Subd.,RR,Residential - Regular,1500.0
raw,"RDO No. 76 - Victorias City, Negros Occidental is composed of the followin",,,,Negros Occidental,Cadiz,(LIST OF STREETS),STO. NINO ST.,Lopez Jaena St.- Arellano St. (North Side),RR,Residential - Regular,7500.0
raw,"RDO No. 76 - Victorias City, Negros Occidental is composed of the followin",,,,Negros Occidental,Cadiz,(LIST OF STREETS),STO. NIÑO ST.,tongoy St. - Lopez Vito St. (North Side),RR,Residential - Regular,6000.0
raw,"RDO No. 76 - Victorias City, Negros Occidental is composed of the followin",,,,Negros Occidental,Cadiz,(LIST OF STREETS),TONGOY ST.,STO NIÑO ST - VILALCIN ST. (WEST SIDE),RR,Residential - Regular,4500.0
raw,"RDO No. 76 - Victorias City, Negros Occidental is composed of the followin",,,,Negros Occidental,Cadiz,(LIST OF STREETS),TONGOY ST.,Sto. Niño St. - Villacin St. (East Side),RR,Residential - Regular,6000.0
raw,"RDO No. 76 - Victorias City, Negros Occidental is composed of the followin",,,,Negros Occidental,Cadiz,(LIST OF STREETS),TONGOY ST.,Villacin St. - Shoreline,RR,Residential - Regular,3300.0
raw,"RDO No. 76 - Victorias City, Negros Occidental is composed of the followin",,,,Negros Occidental,Cadiz,(LIST OF STREETS),TUPA (Talaba-an Urban Poor Association),Foreshore Lots,RR,Residential - Regular,2800.0
raw,"RDO No. 76 - Victorias City, Negros Occidental is composed of the followin",,,,Negros Occidental,Cadiz,(LIST OF STREETS),VETERANS ST.,Abelarde St.-Magsaysay Extension,CR,Commercial - Regular,9000.0
raw,"RDO No. 76 - Victorias City, Negros Occidental is composed of the followin",,,,Negros Occidental,Cadiz,(LIST OF STREETS),VILLA ANTONELLA SUBD.,Main & Secondary Road of the Subd,RR,Residential - Regular,2800.0
raw,"RDO No. 76 - Victorias City, Negros Occidental is composed of the followin",,,,Negros Occidental,Cadiz,(LIST OF STREETS),VILLA ANTONELLA SUBD.,Rear Portion of the Subd,RR,Residential - Regular,2600.0
raw,"RDO No. 76 - Victorias City, Negros Occidental is composed of the followin",,,,Negros Occidental,Cadiz,(LIST OF STREETS),VILLA BARBAS SUBD.,Villena St.-Cabahug St. (East Side),RR,Residential - Regular,2800.0
raw,"RDO No. 76 - Victorias City, Negros Occidental is composed of the followin",,,,Negros Occidental,Cadiz,(LIST OF STREETS),VILLA BARILEA SUBD.,Villena St.-Cabahug St. (East Side),RR,Residential - Regular,2800.0
raw,"RDO No. 76 - Victorias City, Negros Occidental is composed of the followin",,,,Negros Occidental,Cadiz,(LIST OF STREETS),VILLA BEACH SUBD.,"Lot 33-A,B,C,D; 32-A,B,C,D",RR,Residential - Regular,2800.0
raw,"RDO No. 76 - Victorias City, Negros Occidental is composed of the followin",,,,Negros Occidental,Cadiz,(LIST OF STREETS),VILLA RETIRADO,Foreshore Lots,RR,Residential - Regular,1800.0
raw,"RDO No. 76 - Victorias City, Negros Occidental is composed of the followin",,,,Negros Occidental,Cadiz,(LIST OF STREETS),VILLA VICTORIA,Block 25,RR,Residential - Regular,1100.0
raw,"RDO No. 76 - Victorias City, Negros Occidental is composed of the followin",,,,Negros Occidental,Cadiz,(LIST OF STREETS),VILLA VICTORIA,Foreshore Lots,I,Industrial,6100.0
raw,"RDO No. 76 - Victorias City, Negros Occidental is composed of the followin",,,,Negros Occidental,Cadiz,(LIST OF STREETS),VILLACIN ST.,Juan Luna St. - Arellano St. (South Side),RR,Residential - Regular,7500.0
raw,"RDO No. 76 - Victorias City, Negros Occidental is composed of the followin",,,,Negros Occidental,Cadiz,(LIST OF STREETS),VILLACIN ST.,Juan Luna St. - Arellano St. (South Side),RR,Residential - Regular,3300.0
raw,"RDO No. 76 - Victorias City, Negros Occidental is composed of the followin",,,,Negros Occidental,Cadiz,(LIST OF STREETS),VILLACIN ST.,Arellano St. - Rizal  St. (South Side),CR,Commercial - Regular,8000.0
raw,"RDO No. 76 - Victorias City, Negros Occidental is composed of the followin",,,,Negros Occidental,Cadiz,(LIST OF STREETS),VILLACIN ST.,Arellano St. - tongoy St. (North Side),RR,Residential - Regular,3300.0
raw,"RDO No. 76 - Victorias City, Negros Occidental is composed of the followin",,,,Negros Occidental,Cadiz,(LIST OF STREETS),VILLACIN ST.,Rizal St. - Tonggoy (South Side),RR,Residential - Regular,4500.0
raw,"RDO No. 76 - Victorias City, Negros Occidental is composed of the followin",,,,Negros Occidental,Cadiz,(LIST OF STREETS),VILLACIN ST.,Rizal St. - Tonggoy (South Side),GP,General Purpose,1000.0
raw,"RDO No. 76 - Victorias City, Negros Occidental is composed of the followin",,,,Negros Occidental,Cadiz,(LIST OF STREETS),VILLACIN ST.,tongoy St. - Lopez Vito St. (South Side),RR,Residential - Regular,6000.0
raw,"RDO No. 76 - Victorias City, Negros Occidental is composed of the followin",,,,Negros Occidental,Cadiz,(LIST OF STREETS),VILLACIN ST.,Interior,RR,Residential - Regular,3300.0
raw,"RDO No. 76 - Victorias City, Negros Occidental is composed of the followin",,,,Negros Occidental,Cadiz,(LIST OF STREETS),VILLACIN ST.,Interior,GP,General Purpose,1000.0
raw,"RDO No. 76 - Victorias City, Negros Occidental is composed of the followin",,,,Negros Occidental,Cadiz,(LIST OF STREETS),VILLENA ST.,Gustilo Blvd.-Road Lot 8 of San Eusebio Subd. (North Side),CR,Commercial - Regular,8500.0
raw,"RDO No. 76 - Victorias City, Negros Occidental is composed of the followin",,,,Negros Occidental,Cadiz,(LIST OF STREETS),VILLENA ST.,"South Side (Adjacent the Roman Catholic Cemetery): Lots 1,2,3,5-B",CR,Commercial - Regular,9000.0
raw,"RDO No. 76 - Victorias City, Negros Occidental is composed of the followin",,,,Negros Occidental,Cadiz,(LIST OF STREETS),VILLENA ST.,"Block 2 of Andrea Village Lots 1,2,3,4,5,6",CR,Commercial - Regular,9000.0
raw,"RDO No. 76 - Victorias City, Negros Occidental is composed of the followin",,,,Negros Occidental,Cadiz,(LIST OF STREETS),VILLENA ST.,"Block 3 Psd. 114263 of Andrea Village: Lots 1-A,1-B,2-A,2-B,3,4,5-A,5-B",CR,Commercial - Regular,9000.0
raw,"RDO No. 76 - Victorias City, Negros Occidental is composed of the followin",,,,Negros Occidental,Cadiz,(LIST OF STREETS),VILLENA ST.,Road Lot 8 - Abelarde St.,CR,Commercial - Regular,9000.0
raw,"RDO No. 76 - Victorias City, Negros Occidental is composed of the followin",,,,Negros Occidental,Cadiz,(LIST OF STREETS),VILLENA ST.,Road Lot 8 - Abelarde St.,GP,General Purpose,1000.0
raw,"RDO No. 76 - Victorias City, Negros Occidental is composed of the followin",,,,Negros Occidental,Cadiz,(LIST OF STREETS),VILLENA ST.,Abelarde St. (East Side) - Lopez Jaena St.,CR,Commercial - Regular,9000.0
raw,"RDO No. 76 - Victorias City, Negros Occidental is composed of the followin",,,,Negros Occidental,Cadiz,V.F. Gustilo,ALL LOTS,Transloading Station,I,Industrial,2500.0
raw,"RDO No. 76 - Victorias City, Negros Occidental is composed of the followin",,,,Negros Occidental,Cadiz,V.F. Gustilo,ALL LOTS,Lots Used For Commercial Purposes,CR,Commercial - Regular,1700.0
raw,"RDO No. 76 - Victorias City, Negros Occidental is composed of the followin",,,,Negros Occidental,Cadiz,V.F. Gustilo,ALL OTHER LOTS,Sitio Siwahon 2 & 3,RR,Residential - Regular,500.0
raw,"RDO No. 76 - Victorias City, Negros Occidental is composed of the followin",,,,Negros Occidental,Cadiz,V.F. Gustilo,ALL OTHER LOTS,Sitio Siwahon 2 & 3,GP,General Purpose,300.0
raw,"RDO No. 76 - Victorias City, Negros Occidental is composed of the followin",,,,Negros Occidental,Cadiz,V.F. Gustilo,ALL OTHER LOTS,Lowland Rice W/Out Irrigation,A2,Agricultural - A2,27.0
raw,"RDO No. 76 - Victorias City, Negros Occidental is composed of the followin",,,,Negros Occidental,Cadiz,V.F. Gustilo,ALL OTHER LOTS,Upland Rice,A3,Agricultural - A3,18.0
raw,"RDO No. 76 - Victorias City, Negros Occidental is composed of the followin",,,,Negros Occidental,Cadiz,V.F. Gustilo,ALL OTHER LOTS,Coconut Land,A4,Agricultural - A4,24.0
raw,"RDO No. 76 - Victorias City, Negros Occidental is composed of the followin",,,,Negros Occidental,Cadiz,V.F. Gustilo,ALL OTHER LOTS,Banana Land,A14,Agricultural - A14,15.0
raw,"RDO No. 76 - Victorias City, Negros Occidental is composed of the followin",,,,Negros Occidental,Cadiz,V.F. Gustilo,ALL OTHER LOTS,Corn Land,A16,Agricultural - A16,18.0
raw,"RDO No. 76 - Victorias City, Negros Occidental is composed of the followin",,,,Negros Occidental,Cadiz,V.F. Gustilo,ALL OTHER LOTS,Sugarland,A17,Agricultural - A17,50.0
raw,"RDO No. 76 - Victorias City, Negros Occidental is composed of the followin",,,,Negros Occidental,Cadiz,V.F. Gustilo,ALL OTHER LOTS,Forest Reserve,A36,Agricultural - A36,30.0
raw,"RDO No. 76 - Victorias City, Negros Occidental is composed of the followin",,,,Negros Occidental,Cadiz,V.F. Gustilo,ALL OTHER LOTS,Horticulture/Rootcrops,A37,Agricultural - A37,18.0
raw,"RDO No. 76 - Victorias City, Negros Occidental is composed of the followin",,,,Negros Occidental,Cadiz,V.F. Gustilo,ALL OTHER LOTS,Ipil-Ipil Land,A44,Agricultural - A44,15.0
raw,"RDO No. 76 - Victorias City, Negros Occidental is composed of the followin",,,,Negros Occidental,Cadiz,V.F. Gustilo,ALL OTHER LOTS,Coffee Land,A48,Agricultural - A48,18.0
raw,"RDO No. 76 - Victorias City, Negros Occidental is composed of the followin",,,,Negros Occidental,Cadiz,V.F. Gustilo,ALL OTHER LOTS,"Hilly, Slopes & Stony",A49,Agricultural - A49,12.0
raw,"RDO No. 76 - Victorias City, Negros Occidental is composed of the followin",,,,Negros Occidental,Cadiz,V.F. Gustilo,ALL OTHER LOTS,"Hilly, Slopes & Stony",A50,Agricultural - A50,10.0
raw,"RDO No. 76 - Victorias City, Negros Occidental is composed of the followin",,,,Negros Occidental,Cadiz,V.F. Gustilo,SITIO ALIMATOC,Lots Used For Commercial Purposes,RR,Residential - Regular,700.0
raw,"RDO No. 76 - Victorias City, Negros Occidental is composed of the followin",,,,Negros Occidental,Cadiz,V.F. Gustilo,SITIO SIWAHON,Sitio Siwahon 2 & 3,RR,Residential - Regular,700.0
raw,"RDO No. 76 - Victorias City, Negros Occidental is composed of the followin",,,,Negros Occidental,Calatrava,(LIST OF STREETS),,,GP,General Purpose,150.0
raw,"RDO No. 76 - Victorias City, Negros Occidental is composed of the followin",,,,Negros Occidental,Calatrava,(LIST OF STREETS),,,GP,General Purpose,150.0
raw,"RDO No. 76 - Victorias City, Negros Occidental is composed of the followin",,,,Negros Occidental,Calatrava,(LIST OF STREETS),,,GP,General Purpose,150.0
raw,"RDO No. 76 - Victorias City, Negros Occidental is composed of the followin",,,,Negros Occidental,Calatrava,(LIST OF STREETS),,,GP,General Purpose,150.0
raw,"RDO No. 76 - Victorias City, Negros Occidental is composed of the followin",,,,Negros Occidental,Calatrava,(LIST OF STREETS),,,GP,General Purpose,150.0
raw,"RDO No. 76 - Victorias City, Negros Occidental is composed of the followin",,,,Negros Occidental,Calatrava,(LIST OF STREETS),,,GP,General Purpose,150.0
raw,"RDO No. 76 - Victorias City, Negros Occidental is composed of the followin",,,,Negros Occidental,Calatrava,(LIST OF STREETS),,,GP,General Purpose,150.0
raw,"RDO No. 76 - Victorias City, Negros Occidental is composed of the followin",,,,Negros Occidental,Calatrava,(LIST OF STREETS),,,GP,General Purpose,150.0
raw,"RDO No. 76 - Victorias City, Negros Occidental is composed of the followin",,,,Negros Occidental,Calatrava,(LIST OF STREETS),,,GP,General Purpose,150.0
raw,"RDO No. 76 - Victorias City, Negros Occidental is composed of the followin",,,,Negros Occidental,Calatrava,(LIST OF STREETS),,,GP,General Purpose,150.0
raw,"RDO No. 76 - Victorias City, Negros Occidental is composed of the followin",,,,Negros Occidental,Calatrava,(LIST OF STREETS),,Upland Barangay,RR,Residential - Regular,500.0
raw,"RDO No. 76 - Victorias City, Negros Occidental is composed of the followin",,,,Negros Occidental,Calatrava,(LIST OF STREETS),,Upland Barangay,GP,General Purpose,150.0
raw,"RDO No. 76 - Victorias City, Negros Occidental is composed of the followin",,,,Negros Occidental,Calatrava,(LIST OF STREETS),,,GP,General Purpose,150.0
raw,"RDO No. 76 - Victorias City, Negros Occidental is composed of the followin",,,,Negros Occidental,Calatrava,(LIST OF STREETS),,,GP,General Purpose,150.0
raw,"RDO No. 76 - Victorias City, Negros Occidental is composed of the followin",,,,Negros Occidental,Calatrava,(LIST OF STREETS),,,GP,General Purpose,150.0
raw,"RDO No. 76 - Victorias City, Negros Occidental is composed of the followin",,,,Negros Occidental,Calatrava,(LIST OF STREETS),,,GP,General Purpose,150.0
raw,"RDO No. 76 - Victorias City, Negros Occidental is composed of the followin",,,,Negros Occidental,Calatrava,(LIST OF STREETS),,,GP,General Purpose,150.0
raw,"RDO No. 76 - Victorias City, Negros Occidental is composed of the followin",,,,Negros Occidental,Calatrava,(LIST OF STREETS),,,GP,General Purpose,150.0
raw,"RDO No. 76 - Victorias City, Negros Occidental is composed of the followin",,,,Negros Occidental,Calatrava,(LIST OF STREETS),,,GP,General Purpose,150.0
raw,"RDO No. 76 - Victorias City, Negros Occidental is composed of the followin",,,,Negros Occidental,Calatrava,(LIST OF STREETS),,,GP,General Purpose,150.0
raw,"RDO No. 76 - Victorias City, Negros Occidental is composed of the followin",,,,Negros Occidental,Calatrava,(LIST OF STREETS),,,GP,General Purpose,150.0
raw,"RDO No. 76 - Victorias City, Negros Occidental is composed of the followin",,,,Negros Occidental,Calatrava,(LIST OF STREETS),,,GP,General Purpose,150.0
raw,"RDO No. 76 - Victorias City, Negros Occidental is composed of the followin",,,,Negros Occidental,Calatrava,(LIST OF STREETS),ALFREDO HOMES SUBD.,Lands Covered By Block Nos 1 to 7,RR,Residential - Regular,1200.0
raw,"RDO No. 76 - Victorias City, Negros Occidental is composed of the followin",,,,Negros Occidental,Calatrava,(LIST OF STREETS),ALFREDO HOMES SUBD.,Lands Covered By Block Nos 8 to 13 (Interior),RR,Residential - Regular,1000.0
raw,"RDO No. 76 - Victorias City, Negros Occidental is composed of the followin",,,,Negros Occidental,Calatrava,(LIST OF STREETS),ALFREDO HOMES SUBD.,Lands Covered By Block Nos 8 to 13 (Interior),GP,General Purpose,150.0
raw,"RDO No. 76 - Victorias City, Negros Occidental is composed of the followin",,,,Negros Occidental,Calatrava,(LIST OF STREETS),ALFREDO HOMES SUBD.,Lands Covered By Block Nos 8 to 13 (Interior),A17,Agricultural - A17,45.0
raw,"RDO No. 76 - Victorias City, Negros Occidental is composed of the followin",,,,Negros Occidental,Calatrava,(LIST OF STREETS),ALFREDO HOMES SUBD.,Lands Covered By Block Nos 8 to 13 (Interior),A39,Agricultural - A39,350.0
raw,"RDO No. 76 - Victorias City, Negros Occidental is composed of the followin",,,,Negros Occidental,Calatrava,(LIST OF STREETS),ALFREDO HOMES SUBD.,Lands Covered By Block Nos 8 to 13 (Interior),A50,Agricultural - A50,9.0
raw,"RDO No. 76 - Victorias City, Negros Occidental is composed of the followin",,,,Negros Occidental,Calatrava,(LIST OF STREETS),ALL L OTS,Along National Road,CR,Commercial - Regular,900.0
raw,"RDO No. 76 - Victorias City, Negros Occidental is composed of the followin",,,,Negros Occidental,Calatrava,(LIST OF STREETS),ALL L OTS,Along National Road,GP,General Purpose,150.0
raw,"RDO No. 76 - Victorias City, Negros Occidental is composed of the followin",,,,Negros Occidental,Calatrava,(LIST OF STREETS),ALL L OTS,Along National Road,RR,Residential - Regular,800.0
raw,"RDO No. 76 - Victorias City, Negros Occidental is composed of the followin",,,,Negros Occidental,Calatrava,(LIST OF STREETS),ALL L OTS,Along National Road,A17,Agricultural - A17,45.0
raw,"RDO No. 76 - Victorias City, Negros Occidental is composed of the followin",,,,Negros Occidental,Calatrava,(LIST OF STREETS),ALL L OTS,Along National Road,A39,Agricultural - A39,350.0
raw,"RDO No. 76 - Victorias City, Negros Occidental is composed of the followin",,,,Negros Occidental,Calatrava,(LIST OF STREETS),ALL L OTS,Along National Road,A50,Agricultural - A50,9.0
raw,"RDO No. 76 - Victorias City, Negros Occidental is composed of the followin",,,,Negros Occidental,Calatrava,(LIST OF STREETS),ALL LOTS,Mountainous,A17,Agricultural - A17,30.0
raw,"RDO No. 76 - Victorias City, Negros Occidental is composed of the followin",,,,Negros Occidental,Calatrava,(LIST OF STREETS),ALL LOTS,Mountainous,A36,Agricultural - A36,25.0
raw,"RDO No. 76 - Victorias City, Negros Occidental is composed of the followin",,,,Negros Occidental,Calatrava,(LIST OF STREETS),ALL LOTS,Mountainous,A50,Agricultural - A50,9.0
raw,"RDO No. 76 - Victorias City, Negros Occidental is composed of the followin",,,,Negros Occidental,Calatrava,(LIST OF STREETS),ALL LOTS,Is Within the North Negros Natural Park (Mountainous),A17,Agricultural - A17,30.0
raw,"RDO No. 76 - Victorias City, Negros Occidental is composed of the followin",,,,Negros Occidental,Calatrava,(LIST OF STREETS),ALL LOTS,Is Within the North Negros Natural Park (Mountainous),A36,Agricultural - A36,25.0
raw,"RDO No. 76 - Victorias City, Negros Occidental is composed of the followin",,,,Negros Occidental,Calatrava,(LIST OF STREETS),ALL LOTS,Is Within the North Negros Natural Park (Mountainous),A50,Agricultural - A50,9.0
raw,"RDO No. 76 - Victorias City, Negros Occidental is composed of the followin",,,,Negros Occidental,Calatrava,(LIST OF STREETS),ALL LOTS,Upland Barangay  - Mountainous,A17,Agricultural - A17,30.0
raw,"RDO No. 76 - Victorias City, Negros Occidental is composed of the followin",,,,Negros Occidental,Calatrava,(LIST OF STREETS),ALL LOTS,Upland Barangay  - Mountainous,A36,Agricultural - A36,25.0
raw,"RDO No. 76 - Victorias City, Negros Occidental is composed of the followin",,,,Negros Occidental,Calatrava,(LIST OF STREETS),ALL LOTS,Upland Barangay  - Mountainous,A50,Agricultural - A50,9.0
raw,"RDO No. 76 - Victorias City, Negros Occidental is composed of the followin",,,,Negros Occidental,Calatrava,(LIST OF STREETS),ALL LOTS,Along National Road,CR,Commercial - Regular,1300.0
raw,"RDO No. 76 - Victorias City, Negros Occidental is composed of the followin",,,,Negros Occidental,Calatrava,(LIST OF STREETS),ALL LOTS,Along National Road,RR,Residential - Regular,800.0
raw,"RDO No. 76 - Victorias City, Negros Occidental is composed of the followin",,,,Negros Occidental,Calatrava,(LIST OF STREETS),ALL LOTS,Private Road Is the Only Access Going In And Out to the Brgy. Proper,RR,Residential - Regular,700.0
raw,"RDO No. 76 - Victorias City, Negros Occidental is composed of the followin",,,,Negros Occidental,Calatrava,(LIST OF STREETS),ALL LOTS,Private Road Is the Only Access Going In And Out to the Brgy. Proper,GP,General Purpose,150.0
raw,"RDO No. 76 - Victorias City, Negros Occidental is composed of the followin",,,,Negros Occidental,Calatrava,(LIST OF STREETS),ALL LOTS,Private Road Is the Only Access Going In And Out to the Brgy. Proper,A17,Agricultural - A17,45.0
raw,"RDO No. 76 - Victorias City, Negros Occidental is composed of the followin",,,,Negros Occidental,Calatrava,(LIST OF STREETS),ALL LOTS,Private Road Is the Only Access Going In And Out to the Brgy. Proper,A36,Agricultural - A36,25.0
raw,"RDO No. 76 - Victorias City, Negros Occidental is composed of the followin",,,,Negros Occidental,Calatrava,(LIST OF STREETS),ALL LOTS,Private Road Is the Only Access Going In And Out to the Brgy. Proper,A50,Agricultural - A50,9.0
raw,"RDO No. 76 - Victorias City, Negros Occidental is composed of the followin",,,,Negros Occidental,Calatrava,(LIST OF STREETS),ALL LOTS,Upland Barangay - Mountainous,A17,Agricultural - A17,30.0
raw,"RDO No. 76 - Victorias City, Negros Occidental is composed of the followin",,,,Negros Occidental,Calatrava,(LIST OF STREETS),ALL LOTS,Upland Barangay - Mountainous,A36,Agricultural - A36,25.0
raw,"RDO No. 76 - Victorias City, Negros Occidental is composed of the followin",,,,Negros Occidental,Calatrava,(LIST OF STREETS),ALL LOTS,Upland Barangay - Mountainous,A50,Agricultural - A50,9.0
raw,"RDO No. 76 - Victorias City, Negros Occidental is composed of the followin",,,,Negros Occidental,Calatrava,(LIST OF STREETS),ALL LOTS,Along the National Road,RR,Residential - Regular,800.0
raw,"RDO No. 76 - Victorias City, Negros Occidental is composed of the followin",,,,Negros Occidental,Calatrava,(LIST OF STREETS),ALL LOTS,Along the National Road,GP,General Purpose,150.0
raw,"RDO No. 76 - Victorias City, Negros Occidental is composed of the followin",,,,Negros Occidental,Calatrava,(LIST OF STREETS),ALL LOTS,Along the National Road,A17,Agricultural - A17,45.0
raw,"RDO No. 76 - Victorias City, Negros Occidental is composed of the followin",,,,Negros Occidental,Calatrava,(LIST OF STREETS),ALL LOTS,Along the National Road,A39,Agricultural - A39,350.0
raw,"RDO No. 76 - Victorias City, Negros Occidental is composed of the followin",,,,Negros Occidental,Calatrava,(LIST OF STREETS),ALL LOTS,Along the National Road,A50,Agricultural - A50,13.0
raw,"RDO No. 76 - Victorias City, Negros Occidental is composed of the followin",,,,Negros Occidental,Calatrava,(LIST OF STREETS),ALL LOTS,Upland Barangay Forest Part - Mountainous,A17,Agricultural - A17,30.0
raw,"RDO No. 76 - Victorias City, Negros Occidental is composed of the followin",,,,Negros Occidental,Calatrava,(LIST OF STREETS),ALL LOTS,Upland Barangay Forest Part - Mountainous,A36,Agricultural - A36,25.0
raw,"RDO No. 76 - Victorias City, Negros Occidental is composed of the followin",,,,Negros Occidental,Calatrava,(LIST OF STREETS),ALL LOTS,Upland Barangay Forest Part - Mountainous,A50,Agricultural - A50,9.0
raw,"RDO No. 76 - Victorias City, Negros Occidental is composed of the followin",,,,Negros Occidental,Calatrava,(LIST OF STREETS),ALL LOTS,Upland Barangay - Mountainous,A17,Agricultural - A17,30.0
raw,"RDO No. 76 - Victorias City, Negros Occidental is composed of the followin",,,,Negros Occidental,Calatrava,(LIST OF STREETS),ALL LOTS,Upland Barangay - Mountainous,A36,Agricultural - A36,25.0
raw,"RDO No. 76 - Victorias City, Negros Occidental is composed of the followin",,,,Negros Occidental,Calatrava,(LIST OF STREETS),ALL LOTS,Upland Barangay - Mountainous,A50,Agricultural - A50,9.0
raw,"RDO No. 76 - Victorias City, Negros Occidental is composed of the followin",,,,Negros Occidental,Calatrava,(LIST OF STREETS),ALL LOTS,Upland Barangay - Mountainous,A17,Agricultural - A17,30.0
raw,"RDO No. 76 - Victorias City, Negros Occidental is composed of the followin",,,,Negros Occidental,Calatrava,(LIST OF STREETS),ALL LOTS,Upland Barangay - Mountainous,A36,Agricultural - A36,25.0
raw,"RDO No. 76 - Victorias City, Negros Occidental is composed of the followin",,,,Negros Occidental,Calatrava,(LIST OF STREETS),ALL LOTS,Upland Barangay - Mountainous,A50,Agricultural - A50,9.0
raw,"RDO No. 76 - Victorias City, Negros Occidental is composed of the followin",,,,Negros Occidental,Calatrava,(LIST OF STREETS),ALL LOTS,Upland Barangay - Mountainous,A17,Agricultural - A17,30.0
raw,"RDO No. 76 - Victorias City, Negros Occidental is composed of the followin",,,,Negros Occidental,Calatrava,(LIST OF STREETS),ALL LOTS,Upland Barangay - Mountainous,A36,Agricultural - A36,25.0
raw,"RDO No. 76 - Victorias City, Negros Occidental is composed of the followin",,,,Negros Occidental,Calatrava,(LIST OF STREETS),ALL LOTS,Upland Barangay - Mountainous,A50,Agricultural - A50,9.0
raw,"RDO No. 76 - Victorias City, Negros Occidental is composed of the followin",,,,Negros Occidental,Calatrava,(LIST OF STREETS),ALL LOTS,Upland Barangay - Mountainous,A17,Agricultural - A17,30.0
raw,"RDO No. 76 - Victorias City, Negros Occidental is composed of the followin",,,,Negros Occidental,Calatrava,(LIST OF STREETS),ALL LOTS,Upland Barangay - Mountainous,A36,Agricultural - A36,25.0
raw,"RDO No. 76 - Victorias City, Negros Occidental is composed of the followin",,,,Negros Occidental,Calatrava,(LIST OF STREETS),ALL LOTS,Upland Barangay - Mountainous,A50,Agricultural - A50,9.0
raw,"RDO No. 76 - Victorias City, Negros Occidental is composed of the followin",,,,Negros Occidental,Calatrava,(LIST OF STREETS),ALL LOTS,Upland Barangay - Mountainous,A17,Agricultural - A17,38.0
raw,"RDO No. 76 - Victorias City, Negros Occidental is composed of the followin",,,,Negros Occidental,Calatrava,(LIST OF STREETS),ALL LOTS,Upland Barangay - Mountainous,A36,Agricultural - A36,25.0
raw,"RDO No. 76 - Victorias City, Negros Occidental is composed of the followin",,,,Negros Occidental,Calatrava,(LIST OF STREETS),ALL LOTS,Upland Barangay - Mountainous,A50,Agricultural - A50,9.0
raw,"RDO No. 76 - Victorias City, Negros Occidental is composed of the followin",,,,Negros Occidental,Calatrava,(LIST OF STREETS),ALL LOTS,Identified By Denr Forest Zone,A17,Agricultural - A17,30.0
raw,"RDO No. 76 - Victorias City, Negros Occidental is composed of the followin",,,,Negros Occidental,Calatrava,(LIST OF STREETS),ALL LOTS,Is Within the North Negros Natural Park,A36,Agricultural - A36,25.0
raw,"RDO No. 76 - Victorias City, Negros Occidental is composed of the followin",,,,Negros Occidental,Calatrava,(LIST OF STREETS),ALL LOTS,Is Within the North Negros Natural Park,A50,Agricultural - A50,9.0
raw,"RDO No. 76 - Victorias City, Negros Occidental is composed of the followin",,,,Negros Occidental,Calatrava,(LIST OF STREETS),ALL LOTS,Is Within the North Negros Natural Park,A17,Agricultural - A17,30.0
raw,"RDO No. 76 - Victorias City, Negros Occidental is composed of the followin",,,,Negros Occidental,Calatrava,(LIST OF STREETS),ALL LOTS,Is Within the North Negros Natural Park,A36,Agricultural - A36,25.0
raw,"RDO No. 76 - Victorias City, Negros Occidental is composed of the followin",,,,Negros Occidental,Calatrava,(LIST OF STREETS),ALL LOTS,Is Within the North Negros Natural Park,A50,Agricultural - A50,9.0
raw,"RDO No. 76 - Victorias City, Negros Occidental is composed of the followin",,,,Negros Occidental,Calatrava,(LIST OF STREETS),ALL LOTS,Lands Within the 200M Depth On Both Sides of the National Road,RR,Residential - Regular,800.0
raw,"RDO No. 76 - Victorias City, Negros Occidental is composed of the followin",,,,Negros Occidental,Calatrava,(LIST OF STREETS),ALL LOTS,Lands Within the 200M Depth On Both Sides of the National Road,GP,General Purpose,150.0
raw,"RDO No. 76 - Victorias City, Negros Occidental is composed of the followin",,,,Negros Occidental,Calatrava,(LIST OF STREETS),ALL LOTS,Lands Within the 200M Depth On Both Sides of the National Road,A17,Agricultural - A17,45.0
raw,"RDO No. 76 - Victorias City, Negros Occidental is composed of the followin",,,,Negros Occidental,Calatrava,(LIST OF STREETS),ALL LOTS,Lands Within the 200M Depth On Both Sides of the National Road,A39,Agricultural - A39,350.0
raw,"RDO No. 76 - Victorias City, Negros Occidental is composed of the followin",,,,Negros Occidental,Calatrava,(LIST OF STREETS),ALL LOTS,Lands Within the 200M Depth On Both Sides of the National Road,A50,Agricultural - A50,9.0
raw,"RDO No. 76 - Victorias City, Negros Occidental is composed of the followin",,,,Negros Occidental,Calatrava,(LIST OF STREETS),ALL LOTS,Lands Within the 200M Depth On Both Sides of the National Road,CR,Commercial - Regular,900.0
raw,"RDO No. 76 - Victorias City, Negros Occidental is composed of the followin",,,,Negros Occidental,Calatrava,(LIST OF STREETS),ALL LOTS,Seashore,RR,Residential - Regular,800.0
raw,"RDO No. 76 - Victorias City, Negros Occidental is composed of the followin",,,,Negros Occidental,Calatrava,(LIST OF STREETS),ALL LOTS,Seashore,GP,General Purpose,150.0
raw,"RDO No. 76 - Victorias City, Negros Occidental is composed of the followin",,,,Negros Occidental,Calatrava,(LIST OF STREETS),ALL LOTS,Seashore,A17,Agricultural - A17,45.0
raw,"RDO No. 76 - Victorias City, Negros Occidental is composed of the followin",,,,Negros Occidental,Calatrava,(LIST OF STREETS),ALL LOTS,Seashore,A39,Agricultural - A39,350.0
raw,"RDO No. 76 - Victorias City, Negros Occidental is composed of the followin",,,,Negros Occidental,Calatrava,(LIST OF STREETS),ALL LOTS,Seashore,A50,Agricultural - A50,9.0
raw,"RDO No. 76 - Victorias City, Negros Occidental is composed of the followin",,,,Negros Occidental,Calatrava,(LIST OF STREETS),ALL LOTS,Covered By Carp - Mountainous,A17,Agricultural - A17,30.0
raw,"RDO No. 76 - Victorias City, Negros Occidental is composed of the followin",,,,Negros Occidental,Calatrava,(LIST OF STREETS),ALL LOTS,Covered By Carp - Mountainous,A36,Agricultural - A36,25.0
raw,"RDO No. 76 - Victorias City, Negros Occidental is composed of the followin",,,,Negros Occidental,Calatrava,(LIST OF STREETS),ALL LOTS,Covered By Carp - Mountainous,A50,Agricultural - A50,9.0
raw,"RDO No. 76 - Victorias City, Negros Occidental is composed of the followin",,,,Negros Occidental,Calatrava,(LIST OF STREETS),ALL LOTS,Upland Barangay -  Mountainous,A17,Agricultural - A17,30.0
raw,"RDO No. 76 - Victorias City, Negros Occidental is composed of the followin",,,,Negros Occidental,Calatrava,(LIST OF STREETS),ALL LOTS,Upland Barangay -  Mountainous,A36,Agricultural - A36,25.0
raw,"RDO No. 76 - Victorias City, Negros Occidental is composed of the followin",,,,Negros Occidental,Calatrava,(LIST OF STREETS),ALL LOTS,Upland Barangay -  Mountainous,A50,Agricultural - A50,9.0
raw,"RDO No. 76 - Victorias City, Negros Occidental is composed of the followin",,,,Negros Occidental,Calatrava,(LIST OF STREETS),ALL LOTS,Lands Within the 200M Depth On Both Sides of the National Road,RR,Residential - Regular,800.0
raw,"RDO No. 76 - Victorias City, Negros Occidental is composed of the followin",,,,Negros Occidental,Calatrava,(LIST OF STREETS),ALL LOTS,Lands Within the 200M Depth On Both Sides of the National Road,GP,General Purpose,150.0
raw,"RDO No. 76 - Victorias City, Negros Occidental is composed of the followin",,,,Negros Occidental,Calatrava,(LIST OF STREETS),ALL LOTS,Lands Within the 200M Depth On Both Sides of the National Road,A17,Agricultural - A17,45.0
raw,"RDO No. 76 - Victorias City, Negros Occidental is composed of the followin",,,,Negros Occidental,Calatrava,(LIST OF STREETS),ALL LOTS,Lands Within the 200M Depth On Both Sides of the National Road,A39,Agricultural - A39,350.0
raw,"RDO No. 76 - Victorias City, Negros Occidental is composed of the followin",,,,Negros Occidental,Calatrava,(LIST OF STREETS),ALL LOTS,Lands Within the 200M Depth On Both Sides of the National Road,A50,Agricultural - A50,9.0
raw,"RDO No. 76 - Victorias City, Negros Occidental is composed of the followin",,,,Negros Occidental,Calatrava,(LIST OF STREETS),ALL LOTS,Upland Barangay - Mountainous,A17,Agricultural - A17,30.0
raw,"RDO No. 76 - Victorias City, Negros Occidental is composed of the followin",,,,Negros Occidental,Calatrava,(LIST OF STREETS),ALL LOTS,Upland Barangay - Mountainous,A36,Agricultural - A36,25.0
raw,"RDO No. 76 - Victorias City, Negros Occidental is composed of the followin",,,,Negros Occidental,Calatrava,(LIST OF STREETS),ALL LOTS,Upland Barangay - Mountainous,A50,Agricultural - A50,9.0
raw,"RDO No. 76 - Victorias City, Negros Occidental is composed of the followin",,,,Negros Occidental,Calatrava,(LIST OF STREETS),ALL LOTS,Upland Barangay - Mountainous,A17,Agricultural - A17,30.0
raw,"RDO No. 76 - Victorias City, Negros Occidental is composed of the followin",,,,Negros Occidental,Calatrava,(LIST OF STREETS),ALL LOTS,Upland Barangay - Mountainous,A36,Agricultural - A36,25.0
raw,"RDO No. 76 - Victorias City, Negros Occidental is composed of the followin",,,,Negros Occidental,Calatrava,(LIST OF STREETS),ALL LOTS,Upland Barangay - Mountainous,A50,Agricultural - A50,9.0
raw,"RDO No. 76 - Victorias City, Negros Occidental is composed of the followin",,,,Negros Occidental,Calatrava,(LIST OF STREETS),ALL LOTS,Upland Barangay,GP,General Purpose,350.0
raw,"RDO No. 76 - Victorias City, Negros Occidental is composed of the followin",,,,Negros Occidental,Calatrava,(LIST OF STREETS),ALL LOTS,Upland Barangay,A17,Agricultural - A17,45.0
raw,"RDO No. 76 - Victorias City, Negros Occidental is composed of the followin",,,,Negros Occidental,Calatrava,(LIST OF STREETS),ALL LOTS,Upland Barangay,A36,Agricultural - A36,25.0
raw,"RDO No. 76 - Victorias City, Negros Occidental is composed of the followin",,,,Negros Occidental,Calatrava,(LIST OF STREETS),ALL LOTS,Upland Barangay,A50,Agricultural - A50,9.0
raw,"RDO No. 76 - Victorias City, Negros Occidental is composed of the followin",,,,Negros Occidental,Calatrava,(LIST OF STREETS),ALL LOTS,Upland Barangay - Mountainous,A17,Agricultural - A17,33.0
raw,"RDO No. 76 - Victorias City, Negros Occidental is composed of the followin",,,,Negros Occidental,Calatrava,(LIST OF STREETS),ALL LOTS,Upland Barangay - Mountainous,A36,Agricultural - A36,25.0
raw,"RDO No. 76 - Victorias City, Negros Occidental is composed of the followin",,,,Negros Occidental,Calatrava,(LIST OF STREETS),ALL LOTS,Upland Barangay - Mountainous,A50,Agricultural - A50,9.0
raw,"RDO No. 76 - Victorias City, Negros Occidental is composed of the followin",,,,Negros Occidental,Calatrava,(LIST OF STREETS),ALL LOTS,Upland Barangay,A17,Agricultural - A17,45.0
raw,"RDO No. 76 - Victorias City, Negros Occidental is composed of the followin",,,,Negros Occidental,Calatrava,(LIST OF STREETS),ALL LOTS,Mountainous,A17,Agricultural - A17,39.0
raw,"RDO No. 76 - Victorias City, Negros Occidental is composed of the followin",,,,Negros Occidental,Calatrava,(LIST OF STREETS),ALL LOTS,Mountainous,A36,Agricultural - A36,25.0
raw,"RDO No. 76 - Victorias City, Negros Occidental is composed of the followin",,,,Negros Occidental,Calatrava,(LIST OF STREETS),ALL LOTS,Mountainous,A50,Agricultural - A50,9.0
raw,"RDO No. 76 - Victorias City, Negros Occidental is composed of the followin",,,,Negros Occidental,Calatrava,(LIST OF STREETS),ALL LOTS,Upland Barangay - Mountainous,A17,Agricultural - A17,33.0
raw,"RDO No. 76 - Victorias City, Negros Occidental is composed of the followin",,,,Negros Occidental,Calatrava,(LIST OF STREETS),ALL LOTS,Upland Barangay - Mountainous,A36,Agricultural - A36,25.0
raw,"RDO No. 76 - Victorias City, Negros Occidental is composed of the followin",,,,Negros Occidental,Calatrava,(LIST OF STREETS),ALL LOTS,Upland Barangay - Mountainous,A50,Agricultural - A50,9.0
raw,"RDO No. 76 - Victorias City, Negros Occidental is composed of the followin",,,,Negros Occidental,Calatrava,(LIST OF STREETS),ALL LOTS,Upland Barangay - Mountainous,A17,Agricultural - A17,33.0
raw,"RDO No. 76 - Victorias City, Negros Occidental is composed of the followin",,,,Negros Occidental,Calatrava,(LIST OF STREETS),ALL LOTS,Upland Barangay - Mountainous,A36,Agricultural - A36,25.0
raw,"RDO No. 76 - Victorias City, Negros Occidental is composed of the followin",,,,Negros Occidental,Calatrava,(LIST OF STREETS),ALL LOTS,Upland Barangay - Mountainous,A50,Agricultural - A50,9.0
raw,"RDO No. 76 - Victorias City, Negros Occidental is composed of the followin",,,,Negros Occidental,Calatrava,(LIST OF STREETS),ALL LOTS,,CR,Commercial - Regular,1300.0
raw,"RDO No. 76 - Victorias City, Negros Occidental is composed of the followin",,,,Negros Occidental,Calatrava,(LIST OF STREETS),ALL LOTS,,RR,Residential - Regular,1000.0
raw,"RDO No. 76 - Victorias City, Negros Occidental is composed of the followin",,,,Negros Occidental,Calatrava,(LIST OF STREETS),ALL LOTS,,GP,General Purpose,350.0
raw,"RDO No. 76 - Victorias City, Negros Occidental is composed of the followin",,,,Negros Occidental,Calatrava,(LIST OF STREETS),ALL LOTS,,A17,Agricultural - A17,49.0
raw,"RDO No. 76 - Victorias City, Negros Occidental is composed of the followin",,,,Negros Occidental,Calatrava,(LIST OF STREETS),ALL LOTS,,A39,Agricultural - A39,350.0
raw,"RDO No. 76 - Victorias City, Negros Occidental is composed of the followin",,,,Negros Occidental,Calatrava,(LIST OF STREETS),ALL LOTS,,A50,Agricultural - A50,9.0
raw,"RDO No. 76 - Victorias City, Negros Occidental is composed of the followin",,,,Negros Occidental,Calatrava,(LIST OF STREETS),ALL LOTS,Along National Road,RR,Residential - Regular,700.0
raw,"RDO No. 76 - Victorias City, Negros Occidental is composed of the followin",,,,Negros Occidental,Calatrava,(LIST OF STREETS),ALL LOTS,Along National Road,GP,General Purpose,150.0
raw,"RDO No. 76 - Victorias City, Negros Occidental is composed of the followin",,,,Negros Occidental,Calatrava,(LIST OF STREETS),ALL LOTS,Along National Road,A17,Agricultural - A17,49.0
raw,"RDO No. 76 - Victorias City, Negros Occidental is composed of the followin",,,,Negros Occidental,Calatrava,(LIST OF STREETS),ALL LOTS,Along National Road,A39,Agricultural - A39,350.0
raw,"RDO No. 76 - Victorias City, Negros Occidental is composed of the followin",,,,Negros Occidental,Calatrava,(LIST OF STREETS),ALL LOTS,Along National Road,A50,Agricultural - A50,9.0
raw,"RDO No. 76 - Victorias City, Negros Occidental is composed of the followin",,,,Negros Occidental,Calatrava,(LIST OF STREETS),ALL LOTS,Along National Road,CR,Commercial - Regular,800.0
raw,"RDO No. 76 - Victorias City, Negros Occidental is composed of the followin",,,,Negros Occidental,Calatrava,(LIST OF STREETS),ALL LOTS,Private Road Is the Only Access Going In And Out to the Brgy Proper,RR,Residential - Regular,600.0
raw,"RDO No. 76 - Victorias City, Negros Occidental is composed of the followin",,,,Negros Occidental,Calatrava,(LIST OF STREETS),ALL LOTS,Private Road Is the Only Access Going In And Out to the Brgy Proper,A17,Agricultural - A17,49.0
raw,"RDO No. 76 - Victorias City, Negros Occidental is composed of the followin",,,,Negros Occidental,Calatrava,(LIST OF STREETS),ALL LOTS,Private Road Is the Only Access Going In And Out to the Brgy Proper,A39,Agricultural - A39,350.0
raw,"RDO No. 76 - Victorias City, Negros Occidental is composed of the followin",,,,Negros Occidental,Calatrava,(LIST OF STREETS),ALL LOTS,Private Road Is the Only Access Going In And Out to the Brgy Proper,A50,Agricultural - A50,9.0
raw,"RDO No. 76 - Victorias City, Negros Occidental is composed of the followin",,,,Negros Occidental,Calatrava,(LIST OF STREETS),ALL LOTS,Upland Barangay - Mountainous,A17,Agricultural - A17,33.0
raw,"RDO No. 76 - Victorias City, Negros Occidental is composed of the followin",,,,Negros Occidental,Calatrava,(LIST OF STREETS),ALL LOTS,Upland Barangay - Mountainous,A36,Agricultural - A36,25.0
raw,"RDO No. 76 - Victorias City, Negros Occidental is composed of the followin",,,,Negros Occidental,Calatrava,(LIST OF STREETS),ALL LOTS,Upland Barangay - Mountainous,A50,Agricultural - A50,9.0
raw,"RDO No. 76 - Victorias City, Negros Occidental is composed of the followin",,,,Negros Occidental,Calatrava,(LIST OF STREETS),ALL LOTS,Along National Road,CR,Commercial - Regular,900.0
raw,"RDO No. 76 - Victorias City, Negros Occidental is composed of the followin",,,,Negros Occidental,Calatrava,(LIST OF STREETS),ALL LOTS,Along National Road,RR,Residential - Regular,800.0
raw,"RDO No. 76 - Victorias City, Negros Occidental is composed of the followin",,,,Negros Occidental,Calatrava,(LIST OF STREETS),ALL LOTS,Along National Road,GP,General Purpose,150.0
raw,"RDO No. 76 - Victorias City, Negros Occidental is composed of the followin",,,,Negros Occidental,Calatrava,(LIST OF STREETS),ALL LOTS,Along National Road,A17,Agricultural - A17,49.0
raw,"RDO No. 76 - Victorias City, Negros Occidental is composed of the followin",,,,Negros Occidental,Calatrava,(LIST OF STREETS),ALL LOTS,Along National Road,A39,Agricultural - A39,350.0
raw,"RDO No. 76 - Victorias City, Negros Occidental is composed of the followin",,,,Negros Occidental,Calatrava,(LIST OF STREETS),ALL LOTS,Along National Road,A40,Agricultural - A40,800.0
raw,"RDO No. 76 - Victorias City, Negros Occidental is composed of the followin",,,,Negros Occidental,Calatrava,(LIST OF STREETS),ALL LOTS,Along National Road,A50,Agricultural - A50,9.0
raw,"RDO No. 76 - Victorias City, Negros Occidental is composed of the followin",,,,Negros Occidental,Calatrava,(LIST OF STREETS),ALL LOTS,"Upland Barangay, Lands In the Brgy Proper Are",GP,General Purpose,350.0
raw,"RDO No. 76 - Victorias City, Negros Occidental is composed of the followin",,,,Negros Occidental,Calatrava,(LIST OF STREETS),ALL LOTS,Covered By Carp Mountainous,A17,Agricultural - A17,33.0
raw,"RDO No. 76 - Victorias City, Negros Occidental is composed of the followin",,,,Negros Occidental,Calatrava,(LIST OF STREETS),ALL LOTS,Covered By Carp Mountainous,A36,Agricultural - A36,25.0
raw,"RDO No. 76 - Victorias City, Negros Occidental is composed of the followin",,,,Negros Occidental,Calatrava,(LIST OF STREETS),ALL LOTS,Covered By Carp Mountainous,A50,Agricultural - A50,9.0
raw,"RDO No. 76 - Victorias City, Negros Occidental is composed of the followin",,,,Negros Occidental,Calatrava,(LIST OF STREETS),ALL LOTS,Along National Road,RR,Residential - Regular,700.0
raw,"RDO No. 76 - Victorias City, Negros Occidental is composed of the followin",,,,Negros Occidental,Calatrava,(LIST OF STREETS),ALL LOTS,Along National Road,GP,General Purpose,150.0
raw,"RDO No. 76 - Victorias City, Negros Occidental is composed of the followin",,,,Negros Occidental,Calatrava,(LIST OF STREETS),ALL LOTS,Along National Road,A17,Agricultural - A17,49.0
raw,"RDO No. 76 - Victorias City, Negros Occidental is composed of the followin",,,,Negros Occidental,Calatrava,(LIST OF STREETS),ALL LOTS,Along National Road,A39,Agricultural - A39,350.0
raw,"RDO No. 76 - Victorias City, Negros Occidental is composed of the followin",,,,Negros Occidental,Calatrava,(LIST OF STREETS),ALL LOTS,Along National Road,A50,Agricultural - A50,9.0
raw,"RDO No. 76 - Victorias City, Negros Occidental is composed of the followin",,,,Negros Occidental,Calatrava,(LIST OF STREETS),ALL LOTS,,A17,Agricultural - A17,33.0
raw,"RDO No. 76 - Victorias City, Negros Occidental is composed of the followin",,,,Negros Occidental,Calatrava,(LIST OF STREETS),ALL LOTS,Upland Barangay - Mountainous,A36,Agricultural - A36,25.0
raw,"RDO No. 76 - Victorias City, Negros Occidental is composed of the followin",,,,Negros Occidental,Calatrava,(LIST OF STREETS),ALL LOTS,Upland Barangay - Mountainous,A50,Agricultural - A50,9.0
raw,"RDO No. 76 - Victorias City, Negros Occidental is composed of the followin",,,,Negros Occidental,Calatrava,(LIST OF STREETS),ALL LOTS,"Upland Barangay, Lands In the Brgy Proper Are Covered By Carp - Mountainous",A17,Agricultural - A17,33.0
raw,"RDO No. 76 - Victorias City, Negros Occidental is composed of the followin",,,,Negros Occidental,Calatrava,(LIST OF STREETS),ALL LOTS,"Upland Barangay, Lands In the Brgy Proper Are Covered By Carp - Mountainous",A36,Agricultural - A36,25.0
raw,"RDO No. 76 - Victorias City, Negros Occidental is composed of the followin",,,,Negros Occidental,Calatrava,(LIST OF STREETS),ALL LOTS,"Upland Barangay, Lands In the Brgy Proper Are Covered By Carp - Mountainous",A50,Agricultural - A50,9.0
raw,"RDO No. 76 - Victorias City, Negros Occidental is composed of the followin",,,,Negros Occidental,Calatrava,(LIST OF STREETS),ALL OTHER LOTS,Interior Lots,CR,Commercial - Regular,1000.0
raw,"RDO No. 76 - Victorias City, Negros Occidental is composed of the followin",,,,Negros Occidental,Calatrava,(LIST OF STREETS),ALL OTHER LOTS,Interior Lots,RR,Residential - Regular,800.0
raw,"RDO No. 76 - Victorias City, Negros Occidental is composed of the followin",,,,Negros Occidental,Calatrava,(LIST OF STREETS),ALL OTHER LOTS,Interior Lots,GP,General Purpose,350.0
raw,"RDO No. 76 - Victorias City, Negros Occidental is composed of the followin",,,,Negros Occidental,Calatrava,(LIST OF STREETS),ALL OTHER LOTS,Interior Lots,A1,Agricultural - A1,38.0
raw,"RDO No. 76 - Victorias City, Negros Occidental is composed of the followin",,,,Negros Occidental,Calatrava,(LIST OF STREETS),ALL OTHER LOTS,Interior Lots,A2,Agricultural - A2,30.0
raw,"RDO No. 76 - Victorias City, Negros Occidental is composed of the followin",,,,Negros Occidental,Calatrava,(LIST OF STREETS),ALL OTHER LOTS,Interior Lots,A3,Agricultural - A3,17.0
raw,"RDO No. 76 - Victorias City, Negros Occidental is composed of the followin",,,,Negros Occidental,Calatrava,(LIST OF STREETS),ALL OTHER LOTS,Interior Lots,A4,Agricultural - A4,19.0
raw,"RDO No. 76 - Victorias City, Negros Occidental is composed of the followin",,,,Negros Occidental,Calatrava,(LIST OF STREETS),ALL OTHER LOTS,Mountainous,A4,Agricultural - A4,14.0
raw,"RDO No. 76 - Victorias City, Negros Occidental is composed of the followin",,,,Negros Occidental,Calatrava,(LIST OF STREETS),ALL OTHER LOTS,Mountainous,A5,Agricultural - A5,38.0
raw,"RDO No. 76 - Victorias City, Negros Occidental is composed of the followin",,,,Negros Occidental,Calatrava,(LIST OF STREETS),ALL OTHER LOTS,Mountainous,A6,Agricultural - A6,38.0
raw,"RDO No. 76 - Victorias City, Negros Occidental is composed of the followin",,,,Negros Occidental,Calatrava,(LIST OF STREETS),ALL OTHER LOTS,Mountainous,A8,Agricultural - A8,17.0
raw,"RDO No. 76 - Victorias City, Negros Occidental is composed of the followin",,,,Negros Occidental,Calatrava,(LIST OF STREETS),ALL OTHER LOTS,Mountainous,A9,Agricultural - A9,13.0
raw,"RDO No. 76 - Victorias City, Negros Occidental is composed of the followin",,,,Negros Occidental,Calatrava,(LIST OF STREETS),ALL OTHER LOTS,Mountainous,A10,Agricultural - A10,13.0
raw,"RDO No. 76 - Victorias City, Negros Occidental is composed of the followin",,,,Negros Occidental,Calatrava,(LIST OF STREETS),ALL OTHER LOTS,Mountainous,A11,Agricultural - A11,13.0
raw,"RDO No. 76 - Victorias City, Negros Occidental is composed of the followin",,,,Negros Occidental,Calatrava,(LIST OF STREETS),ALL OTHER LOTS,Mountainous,A12,Agricultural - A12,22.0
raw,"RDO No. 76 - Victorias City, Negros Occidental is composed of the followin",,,,Negros Occidental,Calatrava,(LIST OF STREETS),ALL OTHER LOTS,Mountainous,A13,Agricultural - A13,26.0
raw,"RDO No. 76 - Victorias City, Negros Occidental is composed of the followin",,,,Negros Occidental,Calatrava,(LIST OF STREETS),ALL OTHER LOTS,Mountainous,A14,Agricultural - A14,18.0
raw,"RDO No. 76 - Victorias City, Negros Occidental is composed of the followin",,,,Negros Occidental,Calatrava,(LIST OF STREETS),ALL OTHER LOTS,Mountainous,A15,Agricultural - A15,14.0
raw,"RDO No. 76 - Victorias City, Negros Occidental is composed of the followin",,,,Negros Occidental,Calatrava,(LIST OF STREETS),ALL OTHER LOTS,Mountainous,A16,Agricultural - A16,18.0
raw,"RDO No. 76 - Victorias City, Negros Occidental is composed of the followin",,,,Negros Occidental,Calatrava,(LIST OF STREETS),ALL OTHER LOTS,Mountainous,A17,Agricultural - A17,49.0
raw,"RDO No. 76 - Victorias City, Negros Occidental is composed of the followin",,,,Negros Occidental,Calatrava,(LIST OF STREETS),ALL OTHER LOTS,Mountainous,A17,Agricultural - A17,33.0
raw,"RDO No. 76 - Victorias City, Negros Occidental is composed of the followin",,,,Negros Occidental,Calatrava,(LIST OF STREETS),ALL OTHER LOTS,Mountainous,A18,Agricultural - A18,13.0
raw,"RDO No. 76 - Victorias City, Negros Occidental is composed of the followin",,,,Negros Occidental,Calatrava,(LIST OF STREETS),ALL OTHER LOTS,Mountainous,A19,Agricultural - A19,27.0
raw,"RDO No. 76 - Victorias City, Negros Occidental is composed of the followin",,,,Negros Occidental,Calatrava,(LIST OF STREETS),ALL OTHER LOTS,Mountainous,A20,Agricultural - A20,43.0
raw,"RDO No. 76 - Victorias City, Negros Occidental is composed of the followin",,,,Negros Occidental,Calatrava,(LIST OF STREETS),ALL OTHER LOTS,Mountainous,A21,Agricultural - A21,32.0
raw,"RDO No. 76 - Victorias City, Negros Occidental is composed of the followin",,,,Negros Occidental,Calatrava,(LIST OF STREETS),ALL OTHER LOTS,Mountainous,A22,Agricultural - A22,32.0
raw,"RDO No. 76 - Victorias City, Negros Occidental is composed of the followin",,,,Negros Occidental,Calatrava,(LIST OF STREETS),ALL OTHER LOTS,Mountainous,A23,Agricultural - A23,38.0
raw,"RDO No. 76 - Victorias City, Negros Occidental is composed of the followin",,,,Negros Occidental,Calatrava,(LIST OF STREETS),ALL OTHER LOTS,Mountainous,A24,Agricultural - A24,9.0
raw,"RDO No. 76 - Victorias City, Negros Occidental is composed of the followin",,,,Negros Occidental,Calatrava,(LIST OF STREETS),ALL OTHER LOTS,Mountainous,A25,Agricultural - A25,13.0
raw,"RDO No. 76 - Victorias City, Negros Occidental is composed of the followin",,,,Negros Occidental,Calatrava,(LIST OF STREETS),ALL OTHER LOTS,Mountainous,A26,Agricultural - A26,17.0
raw,"RDO No. 76 - Victorias City, Negros Occidental is composed of the followin",,,,Negros Occidental,Calatrava,(LIST OF STREETS),ALL OTHER LOTS,Mountainous,A29,Agricultural - A29,29.0
raw,"RDO No. 76 - Victorias City, Negros Occidental is composed of the followin",,,,Negros Occidental,Calatrava,(LIST OF STREETS),ALL OTHER LOTS,Mountainous,A35,Agricultural - A35,17.0
raw,"RDO No. 76 - Victorias City, Negros Occidental is composed of the followin",,,,Negros Occidental,Calatrava,(LIST OF STREETS),ALL OTHER LOTS,Mountainous,A36,Agricultural - A36,25.0
raw,"RDO No. 76 - Victorias City, Negros Occidental is composed of the followin",,,,Negros Occidental,Calatrava,(LIST OF STREETS),ALL OTHER LOTS,Mountainous,A37,Agricultural - A37,13.0
raw,"RDO No. 76 - Victorias City, Negros Occidental is composed of the followin",,,,Negros Occidental,Calatrava,(LIST OF STREETS),ALL OTHER LOTS,Mountainous,A38,Agricultural - A38,22.0
raw,"RDO No. 76 - Victorias City, Negros Occidental is composed of the followin",,,,Negros Occidental,Calatrava,(LIST OF STREETS),ALL OTHER LOTS,Mountainous,A40,Agricultural - A40,800.0
raw,"RDO No. 76 - Victorias City, Negros Occidental is composed of the followin",,,,Negros Occidental,Calatrava,(LIST OF STREETS),ALL OTHER LOTS,Mountainous,A42,Agricultural - A42,62.0
raw,"RDO No. 76 - Victorias City, Negros Occidental is composed of the followin",,,,Negros Occidental,Calatrava,(LIST OF STREETS),ALL OTHER LOTS,Mountainous,A44,Agricultural - A44,13.0
raw,"RDO No. 76 - Victorias City, Negros Occidental is composed of the followin",,,,Negros Occidental,Calatrava,(LIST OF STREETS),ALL OTHER LOTS,Mountainous,A48,Agricultural - A48,19.0
raw,"RDO No. 76 - Victorias City, Negros Occidental is composed of the followin",,,,Negros Occidental,Calatrava,(LIST OF STREETS),ALL OTHER LOTS,Mountainous,A49,Agricultural - A49,13.0
raw,"RDO No. 76 - Victorias City, Negros Occidental is composed of the followin",,,,Negros Occidental,Calatrava,(LIST OF STREETS),ALL OTHER LOTS,Mountainous,A50,Agricultural - A50,9.0
raw,"RDO No. 76 - Victorias City, Negros Occidental is composed of the followin",,,,Negros Occidental,Calatrava,(LIST OF STREETS),ALL OTHER STREETS,Carbajosa St. - Corner Don A. Llantada St. (Back Market),CR,Commercial - Regular,1600.0
raw,"RDO No. 76 - Victorias City, Negros Occidental is composed of the followin",,,,Negros Occidental,Calatrava,(LIST OF STREETS),ALL OTHER STREETS,Carbajosa St. - Corner Don A. Llantada St. (Back Market),RR,Residential - Regular,1100.0
raw,"RDO No. 76 - Victorias City, Negros Occidental is composed of the followin",,,,Negros Occidental,Calatrava,(LIST OF STREETS),ALL OTHER STREETS,Carbajosa St. - Corner Don A. Llantada St. (Back Market),I,Industrial,1500.0
raw,"RDO No. 76 - Victorias City, Negros Occidental is composed of the followin",,,,Negros Occidental,Calatrava,(LIST OF STREETS),ALL OTHER STREETS,Interior,I,Industrial,1500.0
raw,"RDO No. 76 - Victorias City, Negros Occidental is composed of the followin",,,,Negros Occidental,Calatrava,(LIST OF STREETS),ALL OTHER STREETS,Interior,X,Special / Other,1500.0
raw,"RDO No. 76 - Victorias City, Negros Occidental is composed of the followin",,,,Negros Occidental,Calatrava,(LIST OF STREETS),ALL OTHER STREETS,Interior,GP,General Purpose,350.0
raw,"RDO No. 76 - Victorias City, Negros Occidental is composed of the followin",,,,Negros Occidental,Calatrava,(LIST OF STREETS),ALL OTHER STREETS,Interior,A1,Agricultural - A1,39.5
raw,"RDO No. 76 - Victorias City, Negros Occidental is composed of the followin",,,,Negros Occidental,Calatrava,(LIST OF STREETS),ALL OTHER STREETS,Interior,A2,Agricultural - A2,31.5
raw,"RDO No. 76 - Victorias City, Negros Occidental is composed of the followin",,,,Negros Occidental,Calatrava,(LIST OF STREETS),ALL OTHER STREETS,Interior,A3,Agricultural - A3,17.0
raw,"RDO No. 76 - Victorias City, Negros Occidental is composed of the followin",,,,Negros Occidental,Calatrava,(LIST OF STREETS),ALL OTHER STREETS,Interior,A4,Agricultural - A4,19.5
raw,"RDO No. 76 - Victorias City, Negros Occidental is composed of the followin",,,,Negros Occidental,Calatrava,(LIST OF STREETS),ALL OTHER STREETS,Mountainous,A4,Agricultural - A4,14.0
raw,"RDO No. 76 - Victorias City, Negros Occidental is composed of the followin",,,,Negros Occidental,Calatrava,(LIST OF STREETS),ALL OTHER STREETS,Mountainous,A5,Agricultural - A5,38.0
raw,"RDO No. 76 - Victorias City, Negros Occidental is composed of the followin",,,,Negros Occidental,Calatrava,(LIST OF STREETS),ALL OTHER STREETS,30M From Road to  Interior Lots,A17,Agricultural - A17,45.0
raw,"RDO No. 76 - Victorias City, Negros Occidental is composed of the followin",,,,Negros Occidental,Calatrava,(LIST OF STREETS),ALL OTHER STREETS,30M From Road to  Interior Lots,A39,Agricultural - A39,350.0
raw,"RDO No. 76 - Victorias City, Negros Occidental is composed of the followin",,,,Negros Occidental,Calatrava,(LIST OF STREETS),ALL OTHER STREETS,30M From Road to  Interior Lots,A40,Agricultural - A40,800.0
raw,"RDO No. 76 - Victorias City, Negros Occidental is composed of the followin",,,,Negros Occidental,Calatrava,(LIST OF STREETS),ALL OTHER STREETS,30M From Road to  Interior Lots,A50,Agricultural - A50,9.0
raw,"RDO No. 76 - Victorias City, Negros Occidental is composed of the followin",,,,Negros Occidental,Calatrava,(LIST OF STREETS),ALL OTHER STREETS,30M From Road to  Interior Lots,GP,General Purpose,150.0
raw,"RDO No. 76 - Victorias City, Negros Occidental is composed of the followin",,,,Negros Occidental,Calatrava,(LIST OF STREETS),CARBAJOSA ST,San Pedro St-Minglanilla St,RR,Residential - Regular,1322.5
raw,"RDO No. 76 - Victorias City, Negros Occidental is composed of the followin",,,,Negros Occidental,Calatrava,(LIST OF STREETS),CARBAJOSA ST,Corner Minglanilla,CR,Commercial - Regular,2200.0
raw,"RDO No. 76 - Victorias City, Negros Occidental is composed of the followin",,,,Negros Occidental,Calatrava,(LIST OF STREETS),CARBAJOSA ST,Corner R. Llantada St. - A. Menchaca,RR,Residential - Regular,1350.0
raw,"RDO No. 76 - Victorias City, Negros Occidental is composed of the followin",,,,Negros Occidental,Calatrava,(LIST OF STREETS),CARBAJOSA ST,Don A. Menchaca St. - San Pedro St.,RR,Residential - Regular,1150.0
raw,"RDO No. 76 - Victorias City, Negros Occidental is composed of the followin",,,,Negros Occidental,Calatrava,(LIST OF STREETS),CASTELLANES ST,Natl Road - San Pedro Extension,RR,Residential - Regular,1282.5
raw,"RDO No. 76 - Victorias City, Negros Occidental is composed of the followin",,,,Negros Occidental,Calatrava,(LIST OF STREETS),CASTELLANES ST,Natl Road - Don A. Menchaca Extension,RR,Residential - Regular,1300.0
raw,"RDO No. 76 - Victorias City, Negros Occidental is composed of the followin",,,,Negros Occidental,Calatrava,(LIST OF STREETS),CORNER DON A. MENCHACA,Castellanes St-Road to Municipal Wharf,CR,Commercial - Regular,1700.0
raw,"RDO No. 76 - Victorias City, Negros Occidental is composed of the followin",,,,Negros Occidental,Calatrava,(LIST OF STREETS),DON ANDRES MENCHACA,Municipal Hall-National Road,CR,Commercial - Regular,2000.0
raw,"RDO No. 76 - Victorias City, Negros Occidental is composed of the followin",,,,Negros Occidental,Calatrava,(LIST OF STREETS),DON ANTONIO MENCHACA,Castellanes St-Carbajosa,RR,Residential - Regular,1300.0
raw,"RDO No. 76 - Victorias City, Negros Occidental is composed of the followin",,,,Negros Occidental,Calatrava,(LIST OF STREETS),DON ROBERTO LLANTADA,Castillanes-Carbajosa,RR,Residential - Regular,1300.0
raw,"RDO No. 76 - Victorias City, Negros Occidental is composed of the followin",,,,Negros Occidental,Calatrava,(LIST OF STREETS),DON ROBERTO LLANTADA,Corner Carbajosa St.  - Sitio Ruyo,RR,Residential - Regular,900.0
raw,"RDO No. 76 - Victorias City, Negros Occidental is composed of the followin",,,,Negros Occidental,Calatrava,(LIST OF STREETS),DR ALFREDO EUSEBIO,Natl Road,RR,Residential - Regular,1236.0
raw,"RDO No. 76 - Victorias City, Negros Occidental is composed of the followin",,,,Negros Occidental,Calatrava,(LIST OF STREETS),DR ALFREDO EUSEBIO,Junction Road Fr Mun. Reservoir-Creek,RR,Residential - Regular,900.0
raw,"RDO No. 76 - Victorias City, Negros Occidental is composed of the followin",,,,Negros Occidental,Calatrava,(LIST OF STREETS),HDA  ROAD,Near Creek,CR,Commercial - Regular,1700.0
raw,"RDO No. 76 - Victorias City, Negros Occidental is composed of the followin",,,,Negros Occidental,Calatrava,(LIST OF STREETS),HDA  ROAD,Minglanilla,RR,Residential - Regular,1100.0
raw,"RDO No. 76 - Victorias City, Negros Occidental is composed of the followin",,,,Negros Occidental,Calatrava,(LIST OF STREETS),JOSE LOCSIN ST,Castillanes - Dn R. Llantada St,RR,Residential - Regular,1300.0
raw,"RDO No. 76 - Victorias City, Negros Occidental is composed of the followin",,,,Negros Occidental,Calatrava,(LIST OF STREETS),LOPEZ JAENA,San Pedro-Minglanilla,RR,Residential - Regular,1300.0
raw,"RDO No. 76 - Victorias City, Negros Occidental is composed of the followin",,,,Negros Occidental,Calatrava,(LIST OF STREETS),LOPEZ JAENA,Corner Natl Road,CR,Commercial - Regular,2200.0
raw,"RDO No. 76 - Victorias City, Negros Occidental is composed of the followin",,,,Negros Occidental,Calatrava,(LIST OF STREETS),LOPEZ JAENA,Don A. Menchaca St. - Corner San Pedro St.,RR,Residential - Regular,1400.0
raw,"RDO No. 76 - Victorias City, Negros Occidental is composed of the followin",,,,Negros Occidental,Calatrava,(LIST OF STREETS),LOPEZ JAENA,Don A. Menchaca St. - Corner Natl Road,RR,Residential - Regular,1350.0
raw,"RDO No. 76 - Victorias City, Negros Occidental is composed of the followin",,,,Negros Occidental,Calatrava,(LIST OF STREETS),MAGSAYSAY ST,R.Llantada St.-Minglanilla,RR,Residential - Regular,1350.0
raw,"RDO No. 76 - Victorias City, Negros Occidental is composed of the followin",,,,Negros Occidental,Calatrava,(LIST OF STREETS),MARKET PERIMETER ROAD,Carbajosa St. - Corner Don A. Llantada St. (Back Market),CR,Commercial - Regular,1800.0
raw,"RDO No. 76 - Victorias City, Negros Occidental is composed of the followin",,,,Negros Occidental,Calatrava,(LIST OF STREETS),MENCHACA HEIGHTS SUBD.,Commercial Areas Within the Subdivision Vicinity,CR,Commercial - Regular,2000.0
raw,"RDO No. 76 - Victorias City, Negros Occidental is composed of the followin",,,,Negros Occidental,Calatrava,(LIST OF STREETS),MENCHACA HEIGHTS SUBD.,All Lands W/In the Subdivision,RR,Residential - Regular,1800.0
raw,"RDO No. 76 - Victorias City, Negros Occidental is composed of the followin",,,,Negros Occidental,Calatrava,(LIST OF STREETS),MENCHACA HEIGHTS SUBD.,"Lands Covered By Blk Nos 12, 13, 14",RR,Residential - Regular,1400.0
raw,"RDO No. 76 - Victorias City, Negros Occidental is composed of the followin",,,,Negros Occidental,Calatrava,(LIST OF STREETS),MINGLANILLA ST,Lopez Jaena St-Carbajosa,CR,Commercial - Regular,2000.0
raw,"RDO No. 76 - Victorias City, Negros Occidental is composed of the followin",,,,Negros Occidental,Calatrava,(LIST OF STREETS),MINGLANILLA ST,Corner Nat'L Road - Carbajosa St. Fronting Public Market,CR,Commercial - Regular,2500.0
raw,"RDO No. 76 - Victorias City, Negros Occidental is composed of the followin",,,,Negros Occidental,Calatrava,(LIST OF STREETS),MINGLANILLA ST,Magsaysay St.(Hospital Road)-R.Llantada St.,RR,Residential - Regular,1350.0
raw,"RDO No. 76 - Victorias City, Negros Occidental is composed of the followin",,,,Negros Occidental,Calatrava,(LIST OF STREETS),NATIONAL ROAD,Vicinity of River Residents Association,RR,Residential - Regular,1100.0
raw,"RDO No. 76 - Victorias City, Negros Occidental is composed of the followin",,,,Negros Occidental,Calatrava,(LIST OF STREETS),NATIONAL ROAD,Natl Road - Going to Cemetery,CR,Commercial - Regular,1700.0
raw,"RDO No. 76 - Victorias City, Negros Occidental is composed of the followin",,,,Negros Occidental,Calatrava,(LIST OF STREETS),NATIONAL ROAD,Along the Road,CR,Commercial - Regular,2000.0
raw,"RDO No. 76 - Victorias City, Negros Occidental is composed of the followin",,,,Negros Occidental,Calatrava,(LIST OF STREETS),NATIONAL ROAD,Along the Road,RR,Residential - Regular,1200.0
raw,"RDO No. 76 - Victorias City, Negros Occidental is composed of the followin",,,,Negros Occidental,Calatrava,(LIST OF STREETS),NATIONAL ROAD,Along the Road,CR,Commercial - Regular,1900.0
raw,"RDO No. 76 - Victorias City, Negros Occidental is composed of the followin",,,,Negros Occidental,Calatrava,(LIST OF STREETS),NATIONAL ROAD,Along the Road,RR,Residential - Regular,1300.0
raw,"RDO No. 76 - Victorias City, Negros Occidental is composed of the followin",,,,Negros Occidental,Calatrava,(LIST OF STREETS),NATIONAL ROAD,Along the Road,CR,Commercial - Regular,1000.0
raw,"RDO No. 76 - Victorias City, Negros Occidental is composed of the followin",,,,Negros Occidental,Calatrava,(LIST OF STREETS),NATIONAL ROAD,Along the Road,RR,Residential - Regular,800.0
raw,"RDO No. 76 - Victorias City, Negros Occidental is composed of the followin",,,,Negros Occidental,Calatrava,(LIST OF STREETS),NATIONAL ROAD,Interior Lots,RR,Residential - Regular,800.0
raw,"RDO No. 76 - Victorias City, Negros Occidental is composed of the followin",,,,Negros Occidental,Calatrava,(LIST OF STREETS),PROVINCIAL ROAD,30M From Road to  Interior Lots,RR,Residential - Regular,1200.0
raw,"RDO No. 76 - Victorias City, Negros Occidental is composed of the followin",,,,Negros Occidental,Calatrava,(LIST OF STREETS),PROVINCIAL ROAD,Road to Interior Lots,RR,Residential - Regular,1100.0
raw,"RDO No. 76 - Victorias City, Negros Occidental is composed of the followin",,,,Negros Occidental,Calatrava,(LIST OF STREETS),PROVINCIAL ROAD,Road to Interior Lots,GP,General Purpose,150.0
raw,"RDO No. 76 - Victorias City, Negros Occidental is composed of the followin",,,,Negros Occidental,Calatrava,(LIST OF STREETS),PROVINCIAL ROAD,Road to Interior Lots,A17,Agricultural - A17,45.0
raw,"RDO No. 76 - Victorias City, Negros Occidental is composed of the followin",,,,Negros Occidental,Calatrava,(LIST OF STREETS),PROVINCIAL ROAD,Road to Interior Lots,A39,Agricultural - A39,350.0
raw,"RDO No. 76 - Victorias City, Negros Occidental is composed of the followin",,,,Negros Occidental,Calatrava,(LIST OF STREETS),PROVINCIAL ROAD,Road to Interior Lots,A50,Agricultural - A50,9.0
raw,"RDO No. 76 - Victorias City, Negros Occidental is composed of the followin",,,,Negros Occidental,Calatrava,(LIST OF STREETS),RIZAL ST. ( NOW FR. VALGAÑON ST.),San Pedro - Lopez Jaena Nat'L Road,RR,Residential - Regular,1350.0
raw,"RDO No. 76 - Victorias City, Negros Occidental is composed of the followin",,,,Negros Occidental,Calatrava,(LIST OF STREETS),SAN PEDRO ST,Rizal (Now Fr. Valgañon) - Carbajosa St,RR,Residential - Regular,1395.0
raw,"RDO No. 76 - Victorias City, Negros Occidental is composed of the followin",,,,Negros Occidental,Calatrava,Poblacion,,,A6,Agricultural - A6,40.0
raw,"RDO No. 76 - Victorias City, Negros Occidental is composed of the followin",,,,Negros Occidental,Calatrava,Poblacion,,,A8,Agricultural - A8,17.0
raw,"RDO No. 76 - Victorias City, Negros Occidental is composed of the followin",,,,Negros Occidental,Calatrava,Poblacion,,,A9,Agricultural - A9,13.0
raw,"RDO No. 76 - Victorias City, Negros Occidental is composed of the followin",,,,Negros Occidental,Calatrava,Poblacion,,,A10,Agricultural - A10,13.0
raw,"RDO No. 76 - Victorias City, Negros Occidental is composed of the followin",,,,Negros Occidental,Calatrava,Poblacion,,,A11,Agricultural - A11,13.0
raw,"RDO No. 76 - Victorias City, Negros Occidental is composed of the followin",,,,Negros Occidental,Calatrava,Poblacion,,,A12,Agricultural - A12,21.0
raw,"RDO No. 76 - Victorias City, Negros Occidental is composed of the followin",,,,Negros Occidental,Calatrava,Poblacion,,,A13,Agricultural - A13,27.0
raw,"RDO No. 76 - Victorias City, Negros Occidental is composed of the followin",,,,Negros Occidental,Calatrava,Poblacion,,,A14,Agricultural - A14,18.0
raw,"RDO No. 76 - Victorias City, Negros Occidental is composed of the followin",,,,Negros Occidental,Calatrava,Poblacion,,,A15,Agricultural - A15,14.0
raw,"RDO No. 76 - Victorias City, Negros Occidental is composed of the followin",,,,Negros Occidental,Calatrava,Poblacion,,,A16,Agricultural - A16,18.0
raw,"RDO No. 76 - Victorias City, Negros Occidental is composed of the followin",,,,Negros Occidental,Calatrava,Poblacion,,,A17,Agricultural - A17,45.0
raw,"RDO No. 76 - Victorias City, Negros Occidental is composed of the followin",,,,Negros Occidental,Calatrava,Poblacion,,Mountainous,A17,Agricultural - A17,30.0
raw,"RDO No. 76 - Victorias City, Negros Occidental is composed of the followin",,,,Negros Occidental,Calatrava,Poblacion,,Mountainous,A18,Agricultural - A18,13.0
raw,"RDO No. 76 - Victorias City, Negros Occidental is composed of the followin",,,,Negros Occidental,Calatrava,Poblacion,,Mountainous,A19,Agricultural - A19,27.0
raw,"RDO No. 76 - Victorias City, Negros Occidental is composed of the followin",,,,Negros Occidental,Calatrava,Poblacion,,Mountainous,A20,Agricultural - A20,43.0
raw,"RDO No. 76 - Victorias City, Negros Occidental is composed of the followin",,,,Negros Occidental,Calatrava,Poblacion,,Mountainous,A21,Agricultural - A21,32.0
raw,"RDO No. 76 - Victorias City, Negros Occidental is composed of the followin",,,,Negros Occidental,Calatrava,Poblacion,,Mountainous,A22,Agricultural - A22,32.0
raw,"RDO No. 76 - Victorias City, Negros Occidental is composed of the followin",,,,Negros Occidental,Calatrava,Poblacion,,Mountainous,A23,Agricultural - A23,38.0
raw,"RDO No. 76 - Victorias City, Negros Occidental is composed of the followin",,,,Negros Occidental,Calatrava,Poblacion,,Mountainous,A24,Agricultural - A24,9.0
raw,"RDO No. 76 - Victorias City, Negros Occidental is composed of the followin",,,,Negros Occidental,Calatrava,Poblacion,,Mountainous,A25,Agricultural - A25,13.0
raw,"RDO No. 76 - Victorias City, Negros Occidental is composed of the followin",,,,Negros Occidental,Calatrava,Poblacion,,Mountainous,A26,Agricultural - A26,17.0
raw,"RDO No. 76 - Victorias City, Negros Occidental is composed of the followin",,,,Negros Occidental,Calatrava,Poblacion,,Mountainous,A29,Agricultural - A29,23.05
raw,"RDO No. 76 - Victorias City, Negros Occidental is composed of the followin",,,,Negros Occidental,Calatrava,Poblacion,,Mountainous,A35,Agricultural - A35,17.0
raw,"RDO No. 76 - Victorias City, Negros Occidental is composed of the followin",,,,Negros Occidental,Calatrava,Poblacion,,Mountainous,A36,Agricultural - A36,25.0
raw,"RDO No. 76 - Victorias City, Negros Occidental is composed of the followin",,,,Negros Occidental,Calatrava,Poblacion,,Mountainous,A37,Agricultural - A37,13.0
raw,"RDO No. 76 - Victorias City, Negros Occidental is composed of the followin",,,,Negros Occidental,Calatrava,Poblacion,,Mountainous,A38,Agricultural - A38,18.0
raw,"RDO No. 76 - Victorias City, Negros Occidental is composed of the followin",,,,Negros Occidental,Calatrava,Poblacion,,Mountainous,A40,Agricultural - A40,800.0
raw,"RDO No. 76 - Victorias City, Negros Occidental is composed of the followin",,,,Negros Occidental,Calatrava,Poblacion,,Mountainous,A42,Agricultural - A42,62.0
raw,"RDO No. 76 - Victorias City, Negros Occidental is composed of the followin",,,,Negros Occidental,Calatrava,Poblacion,,Mountainous,A44,Agricultural - A44,13.0
raw,"RDO No. 76 - Victorias City, Negros Occidental is composed of the followin",,,,Negros Occidental,Calatrava,Poblacion,,Mountainous,A48,Agricultural - A48,19.0
raw,"RDO No. 76 - Victorias City, Negros Occidental is composed of the followin",,,,Negros Occidental,Calatrava,Poblacion,,Mountainous,A49,Agricultural - A49,13.0
raw,"RDO No. 76 - Victorias City, Negros Occidental is composed of the followin",,,,Negros Occidental,Calatrava,Poblacion,,Mountainous,A50,Agricultural - A50,9.0
raw,"RDO No. 76 - Victorias City, Negros Occidental is composed of the followin",,,,NEGROS OCCIDENTAL,EB MAGALONA,(LIST OF STREET),AGUSTINA BARRERA ST.,Along Main Road,CR,Commercial - Regular,0.0
raw,"RDO No. 76 - Victorias City, Negros Occidental is composed of the followin",,,,NEGROS OCCIDENTAL,EB MAGALONA,(LIST OF STREET),AGUSTINA BARRERA ST.,"Agustin Barrera St, Francisco Maravilla St",CR,Commercial - Regular,0.0
raw,"RDO No. 76 - Victorias City, Negros Occidental is composed of the followin",,,,NEGROS OCCIDENTAL,EB MAGALONA,(LIST OF STREET),AGUSTINA BARRERA ST.,"Agustin Barrera St, Pedro Maravilla",CR,Commercial - Regular,0.0
raw,"RDO No. 76 - Victorias City, Negros Occidental is composed of the followin",,,,NEGROS OCCIDENTAL,EB MAGALONA,(LIST OF STREET),AGUSTINA BARRERA ST.,"Agustin Barrera St, Pedro Maravilla",RR,Residential - Regular,500.0
raw,"RDO No. 76 - Victorias City, Negros Occidental is composed of the followin",,,,NEGROS OCCIDENTAL,EB MAGALONA,(LIST OF STREET),AGUSTINA BARRERA ST.,Along Main Road,CR,Commercial - Regular,0.0
raw,"RDO No. 76 - Victorias City, Negros Occidental is composed of the followin",,,,NEGROS OCCIDENTAL,EB MAGALONA,(LIST OF STREET),AGUSTINA BARRERA ST.,"Agustin Barrera St, Francisco Maravilla St",CR,Commercial - Regular,0.0
raw,"RDO No. 76 - Victorias City, Negros Occidental is composed of the followin",,,,NEGROS OCCIDENTAL,EB MAGALONA,(LIST OF STREET),AGUSTINA BARRERA ST.,"Agustin Barrera St, Pedro Maravilla",CR,Commercial - Regular,0.0
raw,"RDO No. 76 - Victorias City, Negros Occidental is composed of the followin",,,,NEGROS OCCIDENTAL,EB MAGALONA,(LIST OF STREET),AGUSTINA BARRERA ST.,"Agustin Barrera St, Pedro Maravilla",RR,Residential - Regular,500.0
raw,"RDO No. 76 - Victorias City, Negros Occidental is composed of the followin",,,,NEGROS OCCIDENTAL,EB MAGALONA,(LIST OF STREET),AMADO ALFARO ST.,Along Main Road,CR,Commercial - Regular,0.0
raw,"RDO No. 76 - Victorias City, Negros Occidental is composed of the followin",,,,NEGROS OCCIDENTAL,EB MAGALONA,(LIST OF STREET),AMADO ALFARO ST.,Along Main Road,RR,Residential - Regular,500.0
raw,"RDO No. 76 - Victorias City, Negros Occidental is composed of the followin",,,,NEGROS OCCIDENTAL,EB MAGALONA,(LIST OF STREET),AMADO ALFARO ST.,Interior Road,RR,Residential - Regular,0.0
raw,"RDO No. 76 - Victorias City, Negros Occidental is composed of the followin",,,,NEGROS OCCIDENTAL,EB MAGALONA,(LIST OF STREET),AMADO ALFARO ST.,Interior Lots on West Side of Amado Alfaro St,RR,Residential - Regular,0.0
raw,"RDO No. 76 - Victorias City, Negros Occidental is composed of the followin",,,,NEGROS OCCIDENTAL,EB MAGALONA,(LIST OF STREET),AMADO ALFARO ST.,Along Main Road,CR,Commercial - Regular,0.0
raw,"RDO No. 76 - Victorias City, Negros Occidental is composed of the followin",,,,NEGROS OCCIDENTAL,EB MAGALONA,(LIST OF STREET),AMADO ALFARO ST.,Along Main Road,RR,Residential - Regular,500.0
raw,"RDO No. 76 - Victorias City, Negros Occidental is composed of the followin",,,,NEGROS OCCIDENTAL,EB MAGALONA,(LIST OF STREET),AMADO ALFARO ST.,Interior Road,RR,Residential - Regular,0.0
raw,"RDO No. 76 - Victorias City, Negros Occidental is composed of the followin",,,,NEGROS OCCIDENTAL,EB MAGALONA,(LIST OF STREET),AMADO ALFARO ST.,Interior Lots on West Side of Amado Alfaro St,RR,Residential - Regular,0.0
raw,"RDO No. 76 - Victorias City, Negros Occidental is composed of the followin",,,,NEGROS OCCIDENTAL,EB MAGALONA,(LIST OF STREET),BASILIO MAHINAY ST.,Right Side of Marayo Bank,CR,Commercial - Regular,0.0
raw,"RDO No. 76 - Victorias City, Negros Occidental is composed of the followin",,,,NEGROS OCCIDENTAL,EB MAGALONA,(LIST OF STREET),BASILIO MAHINAY ST.,Left Side of Eb Magalona Central School,RR,Residential - Regular,500.0
raw,"RDO No. 76 - Victorias City, Negros Occidental is composed of the followin",,,,NEGROS OCCIDENTAL,EB MAGALONA,(LIST OF STREET),BASILIO MAHINAY ST.,Right Side of Marayo Bank,CR,Commercial - Regular,0.0
raw,"RDO No. 76 - Victorias City, Negros Occidental is composed of the followin",,,,NEGROS OCCIDENTAL,EB MAGALONA,(LIST OF STREET),BASILIO MAHINAY ST.,Left Side of Eb Magalona Central School,RR,Residential - Regular,500.0
raw,"RDO No. 76 - Victorias City, Negros Occidental is composed of the followin",,,,NEGROS OCCIDENTAL,EB MAGALONA,(LIST OF STREET),BOULEVARD,Blvd-Cor of Catholic Cemetery,RR,Residential - Regular,500.0
raw,"RDO No. 76 - Victorias City, Negros Occidental is composed of the followin",,,,NEGROS OCCIDENTAL,EB MAGALONA,(LIST OF STREET),BOULEVARD,Blvd-Cor of Catholic Cemetery,RR,Residential - Regular,500.0
raw,"RDO No. 76 - Victorias City, Negros Occidental is composed of the followin",,,,NEGROS OCCIDENTAL,EB MAGALONA,(LIST OF STREET),CARLOS MAGALONA ST.,Along Carlos Magalona  St-Nat'L Highway,CR,Commercial - Regular,800.0
raw,"RDO No. 76 - Victorias City, Negros Occidental is composed of the followin",,,,NEGROS OCCIDENTAL,EB MAGALONA,(LIST OF STREET),CARLOS MAGALONA ST.,Along Carlos Magalona  St-Nat'L Highway,CR,Commercial - Regular,800.0
raw,"RDO No. 76 - Victorias City, Negros Occidental is composed of the followin",,,,NEGROS OCCIDENTAL,EB MAGALONA,(LIST OF STREET),EMI HOMES SUBDIVISION,Municipal Road & North Side of Road 2,CR,Commercial - Regular,0.0
raw,"RDO No. 76 - Victorias City, Negros Occidental is composed of the followin",,,,NEGROS OCCIDENTAL,EB MAGALONA,(LIST OF STREET),EMI HOMES SUBDIVISION,South Side of Road Lot 2,CR,Commercial - Regular,0.0
raw,"RDO No. 76 - Victorias City, Negros Occidental is composed of the followin",,,,NEGROS OCCIDENTAL,EB MAGALONA,(LIST OF STREET),EMI HOMES SUBDIVISION,"Road Lots 4, 13 & 12 & Lot Facing Blk 6",RR,Residential - Regular,0.0
raw,"RDO No. 76 - Victorias City, Negros Occidental is composed of the followin",,,,NEGROS OCCIDENTAL,EB MAGALONA,(LIST OF STREET),EMI HOMES SUBDIVISION,"Road Lot 5-8, 10, 14-18 & North Side Road 19 & 11",RR,Residential - Regular,0.0
raw,"RDO No. 76 - Victorias City, Negros Occidental is composed of the followin",,,,NEGROS OCCIDENTAL,EB MAGALONA,(LIST OF STREET),EMI HOMES SUBDIVISION,South Side Of Road Lot 19 & 11,RR,Residential - Regular,0.0
raw,"RDO No. 76 - Victorias City, Negros Occidental is composed of the followin",,,,NEGROS OCCIDENTAL,EB MAGALONA,(LIST OF STREET),EMI HOMES SUBDIVISION,Municipal Road & North Side of Road 2,CR,Commercial - Regular,0.0
raw,"RDO No. 76 - Victorias City, Negros Occidental is composed of the followin",,,,NEGROS OCCIDENTAL,EB MAGALONA,(LIST OF STREET),EMI HOMES SUBDIVISION,South Side of Road Lot 2,CR,Commercial - Regular,0.0
raw,"RDO No. 76 - Victorias City, Negros Occidental is composed of the followin",,,,NEGROS OCCIDENTAL,EB MAGALONA,(LIST OF STREET),EMI HOMES SUBDIVISION,"Road Lots 4, 13 & 12 & Lot Facing Blk 6",RR,Residential - Regular,0.0
raw,"RDO No. 76 - Victorias City, Negros Occidental is composed of the followin",,,,NEGROS OCCIDENTAL,EB MAGALONA,(LIST OF STREET),EMI HOMES SUBDIVISION,"Road Lot 5-8, 10, 14-18 & North Side Road 19 & 11",RR,Residential - Regular,0.0
raw,"RDO No. 76 - Victorias City, Negros Occidental is composed of the followin",,,,NEGROS OCCIDENTAL,EB MAGALONA,(LIST OF STREET),EMI HOMES SUBDIVISION,South Side Of Road Lot 19 & 11,RR,Residential - Regular,0.0
raw,"RDO No. 76 - Victorias City, Negros Occidental is composed of the followin",,,,NEGROS OCCIDENTAL,EB MAGALONA,(LIST OF STREET),FELIX MONTINOLA ST.,Along Main Road of Poblacion,CR,Commercial - Regular,0.0
raw,"RDO No. 76 - Victorias City, Negros Occidental is composed of the followin",,,,NEGROS OCCIDENTAL,EB MAGALONA,(LIST OF STREET),FELIX MONTINOLA ST.,Along Main Road of Poblacion,RR,Residential - Regular,500.0
raw,"RDO No. 76 - Victorias City, Negros Occidental is composed of the followin",,,,NEGROS OCCIDENTAL,EB MAGALONA,(LIST OF STREET),FELIX MONTINOLA ST.,Interior Road,RR,Residential - Regular,0.0
raw,"RDO No. 76 - Victorias City, Negros Occidental is composed of the followin",,,,NEGROS OCCIDENTAL,EB MAGALONA,(LIST OF STREET),FELIX MONTINOLA ST.,East Side of Felix Montinola St & Luis Cuaycong St,RR,Residential - Regular,0.0
raw,"RDO No. 76 - Victorias City, Negros Occidental is composed of the followin",,,,NEGROS OCCIDENTAL,EB MAGALONA,(LIST OF STREET),FELIX MONTINOLA ST.,South Side of Felix Montinola St & Luis Cuaycong St,RR,Residential - Regular,0.0
raw,"RDO No. 76 - Victorias City, Negros Occidental is composed of the followin",,,,NEGROS OCCIDENTAL,EB MAGALONA,(LIST OF STREET),FELIX MONTINOLA ST.,Along Main Road of Poblacion,CR,Commercial - Regular,0.0
raw,"RDO No. 76 - Victorias City, Negros Occidental is composed of the followin",,,,NEGROS OCCIDENTAL,EB MAGALONA,(LIST OF STREET),FELIX MONTINOLA ST.,Along Main Road of Poblacion,RR,Residential - Regular,500.0
raw,"RDO No. 76 - Victorias City, Negros Occidental is composed of the followin",,,,NEGROS OCCIDENTAL,EB MAGALONA,(LIST OF STREET),FELIX MONTINOLA ST.,Interior Road,RR,Residential - Regular,0.0
raw,"RDO No. 76 - Victorias City, Negros Occidental is composed of the followin",,,,NEGROS OCCIDENTAL,EB MAGALONA,(LIST OF STREET),FELIX MONTINOLA ST.,East Side of Felix Montinola St & Luis Cuaycong St,RR,Residential - Regular,0.0
raw,"RDO No. 76 - Victorias City, Negros Occidental is composed of the followin",,,,NEGROS OCCIDENTAL,EB MAGALONA,(LIST OF STREET),FELIX MONTINOLA ST.,South Side of Felix Montinola St & Luis Cuaycong St,RR,Residential - Regular,0.0
raw,"RDO No. 76 - Victorias City, Negros Occidental is composed of the followin",,,,NEGROS OCCIDENTAL,EB MAGALONA,(LIST OF STREET),FRANCISCO MARAVILLA ST.,Francisco Maravilla St-Nat'L Highway,CR,Commercial - Regular,0.0
raw,"RDO No. 76 - Victorias City, Negros Occidental is composed of the followin",,,,NEGROS OCCIDENTAL,EB MAGALONA,(LIST OF STREET),FRANCISCO MARAVILLA ST.,Main Road of Poblacion,RR,Residential - Regular,500.0
raw,"RDO No. 76 - Victorias City, Negros Occidental is composed of the followin",,,,NEGROS OCCIDENTAL,EB MAGALONA,(LIST OF STREET),FRANCISCO MARAVILLA ST.,Francisco Maravilla St-Nat'L Highway,CR,Commercial - Regular,0.0
raw,"RDO No. 76 - Victorias City, Negros Occidental is composed of the followin",,,,NEGROS OCCIDENTAL,EB MAGALONA,(LIST OF STREET),FRANCISCO MARAVILLA ST.,Main Road of Poblacion,RR,Residential - Regular,500.0
raw,"RDO No. 76 - Victorias City, Negros Occidental is composed of the followin",,,,NEGROS OCCIDENTAL,EB MAGALONA,(LIST OF STREET),HOPE VILLAGE,Fronting Hope Village Road-Brgy Tuburan,RR,Residential - Regular,0.0
raw,"RDO No. 76 - Victorias City, Negros Occidental is composed of the followin",,,,NEGROS OCCIDENTAL,EB MAGALONA,(LIST OF STREET),HOPE VILLAGE,Interior Lot of Hope Village Road-Brgy Tuburan,RR,Residential - Regular,0.0
raw,"RDO No. 76 - Victorias City, Negros Occidental is composed of the followin",,,,NEGROS OCCIDENTAL,EB MAGALONA,(LIST OF STREET),HOPE VILLAGE,Interior Lots of Subd Lot 732 of Brgy III,RR,Residential - Regular,0.0
raw,"RDO No. 76 - Victorias City, Negros Occidental is composed of the followin",,,,NEGROS OCCIDENTAL,EB MAGALONA,(LIST OF STREET),HOPE VILLAGE,Fronting Hope Village Road-Brgy Tuburan,RR,Residential - Regular,0.0
raw,"RDO No. 76 - Victorias City, Negros Occidental is composed of the followin",,,,NEGROS OCCIDENTAL,EB MAGALONA,(LIST OF STREET),HOPE VILLAGE,Interior Lot of Hope Village Road-Brgy Tuburan,RR,Residential - Regular,0.0
raw,"RDO No. 76 - Victorias City, Negros Occidental is composed of the followin",,,,NEGROS OCCIDENTAL,EB MAGALONA,(LIST OF STREET),HOPE VILLAGE,Interior Lots of Subd Lot 732 of Brgy III,RR,Residential - Regular,0.0
raw,"RDO No. 76 - Victorias City, Negros Occidental is composed of the followin",,,,NEGROS OCCIDENTAL,EB MAGALONA,(LIST OF STREET),JAIME REYES ST.,Along Main Road,CR,Commercial - Regular,0.0
raw,"RDO No. 76 - Victorias City, Negros Occidental is composed of the followin",,,,NEGROS OCCIDENTAL,EB MAGALONA,(LIST OF STREET),JAIME REYES ST.,Along Main Road,RR,Residential - Regular,500.0
raw,"RDO No. 76 - Victorias City, Negros Occidental is composed of the followin",,,,NEGROS OCCIDENTAL,EB MAGALONA,(LIST OF STREET),JAIME REYES ST.,Along Main Road,CR,Commercial - Regular,0.0
raw,"RDO No. 76 - Victorias City, Negros Occidental is composed of the followin",,,,NEGROS OCCIDENTAL,EB MAGALONA,(LIST OF STREET),JAIME REYES ST.,Along Main Road,RR,Residential - Regular,500.0
raw,"RDO No. 76 - Victorias City, Negros Occidental is composed of the followin",,,,NEGROS OCCIDENTAL,EB MAGALONA,(LIST OF STREET),LUIS CUAYCONG ST.,Luis Cuaycong St & Francisco Montino St,CR,Commercial - Regular,0.0
raw,"RDO No. 76 - Victorias City, Negros Occidental is composed of the followin",,,,NEGROS OCCIDENTAL,EB MAGALONA,(LIST OF STREET),LUIS CUAYCONG ST.,Luis Cuaycong St & Santiago St,RR,Residential - Regular,500.0
raw,"RDO No. 76 - Victorias City, Negros Occidental is composed of the followin",,,,NEGROS OCCIDENTAL,EB MAGALONA,(LIST OF STREET),LUIS CUAYCONG ST.,Luis Cuaycong St & Francisco Montino St,CR,Commercial - Regular,0.0
raw,"RDO No. 76 - Victorias City, Negros Occidental is composed of the followin",,,,NEGROS OCCIDENTAL,EB MAGALONA,(LIST OF STREET),LUIS CUAYCONG ST.,Luis Cuaycong St & Santiago St,RR,Residential - Regular,500.0
raw,"RDO No. 76 - Victorias City, Negros Occidental is composed of the followin",,,,NEGROS OCCIDENTAL,EB MAGALONA,(LIST OF STREET),NATIONAL HIGHWAY,From Barangay III-Catholic Cemetery,CR,Commercial - Regular,0.0
raw,"RDO No. 76 - Victorias City, Negros Occidental is composed of the followin",,,,NEGROS OCCIDENTAL,EB MAGALONA,(LIST OF STREET),NATIONAL HIGHWAY,From Barangay III-Catholic Cemetery,CR,Commercial - Regular,0.0
raw,"RDO No. 76 - Victorias City, Negros Occidental is composed of the followin",,,,NEGROS OCCIDENTAL,EB MAGALONA,(LIST OF STREET),PEDRO MARAVILLA ST.,Along Main Road of Poblacion,CR,Commercial - Regular,0.0
raw,"RDO No. 76 - Victorias City, Negros Occidental is composed of the followin",,,,NEGROS OCCIDENTAL,EB MAGALONA,(LIST OF STREET),PEDRO MARAVILLA ST.,Along Main Road of Poblacion,RR,Residential - Regular,500.0
raw,"RDO No. 76 - Victorias City, Negros Occidental is composed of the followin",,,,NEGROS OCCIDENTAL,EB MAGALONA,(LIST OF STREET),PEDRO MARAVILLA ST.,Interior Lots of Pedro Maravilla St,RR,Residential - Regular,0.0
raw,"RDO No. 76 - Victorias City, Negros Occidental is composed of the followin",,,,NEGROS OCCIDENTAL,EB MAGALONA,(LIST OF STREET),PEDRO MARAVILLA ST.,Along Main Road of Poblacion,CR,Commercial - Regular,0.0
raw,"RDO No. 76 - Victorias City, Negros Occidental is composed of the followin",,,,NEGROS OCCIDENTAL,EB MAGALONA,(LIST OF STREET),PEDRO MARAVILLA ST.,Along Main Road of Poblacion,RR,Residential - Regular,500.0
raw,"RDO No. 76 - Victorias City, Negros Occidental is composed of the followin",,,,NEGROS OCCIDENTAL,EB MAGALONA,(LIST OF STREET),PEDRO MARAVILLA ST.,Interior Lots of Pedro Maravilla St,RR,Residential - Regular,0.0
raw,"RDO No. 76 - Victorias City, Negros Occidental is composed of the followin",,,,NEGROS OCCIDENTAL,EB MAGALONA,(LIST OF STREET),SANTIAGO REYES ST.,Main Road of Poblacion,CR,Commercial - Regular,0.0
raw,"RDO No. 76 - Victorias City, Negros Occidental is composed of the followin",,,,NEGROS OCCIDENTAL,EB MAGALONA,(LIST OF STREET),SANTIAGO REYES ST.,Main Road of Poblacion,RR,Residential - Regular,500.0
raw,"RDO No. 76 - Victorias City, Negros Occidental is composed of the followin",,,,NEGROS OCCIDENTAL,EB MAGALONA,(LIST OF STREET),SANTIAGO REYES ST.,Main Road of Poblacion,CR,Commercial - Regular,0.0
raw,"RDO No. 76 - Victorias City, Negros Occidental is composed of the followin",,,,NEGROS OCCIDENTAL,EB MAGALONA,(LIST OF STREET),SANTIAGO REYES ST.,Main Road of Poblacion,RR,Residential - Regular,500.0
raw,"RDO No. 76 - Victorias City, Negros Occidental is composed of the followin",,,,NEGROS OCCIDENTAL,EB MAGALONA,(LIST OF STREET),ST. MICHAEL SUBDIVISION,Facing National Road (Phase I),CR,Commercial - Regular,0.0
raw,"RDO No. 76 - Victorias City, Negros Occidental is composed of the followin",,,,NEGROS OCCIDENTAL,EB MAGALONA,(LIST OF STREET),ST. MICHAEL SUBDIVISION,"Road Lot 3 (Mahogany), Along Road Lot 14 (Yakal St., Phase Ii),",RR,Residential - Regular,500.0
raw,"RDO No. 76 - Victorias City, Negros Occidental is composed of the followin",,,,NEGROS OCCIDENTAL,EB MAGALONA,(LIST OF STREET),ST. MICHAEL SUBDIVISION,"Lots Facing Plaza & Playground (Phase II), Along Road Lots 4, 1,7,3 3-A And Phase I",RR,Residential - Regular,500.0
raw,"RDO No. 76 - Victorias City, Negros Occidental is composed of the followin",,,,NEGROS OCCIDENTAL,EB MAGALONA,(LIST OF STREET),ST. MICHAEL SUBDIVISION,Interior Lot of Subd,RR,Residential - Regular,0.0
raw,"RDO No. 76 - Victorias City, Negros Occidental is composed of the followin",,,,NEGROS OCCIDENTAL,EB MAGALONA,(LIST OF STREET),ST. MICHAEL SUBDIVISION,Facing National Road (Phase I),CR,Commercial - Regular,0.0
raw,"RDO No. 76 - Victorias City, Negros Occidental is composed of the followin",,,,NEGROS OCCIDENTAL,EB MAGALONA,(LIST OF STREET),ST. MICHAEL SUBDIVISION,"Road Lot 3 (Mahogany), Along Road Lot 14 (Yakal St., Phase Ii),",RR,Residential - Regular,500.0
raw,"RDO No. 76 - Victorias City, Negros Occidental is composed of the followin",,,,NEGROS OCCIDENTAL,EB MAGALONA,(LIST OF STREET),ST. MICHAEL SUBDIVISION,"Lots Facing Plaza & Playground (Phase II), Along Road Lots 4, 1,7,3 3-A And Phase I",RR,Residential - Regular,500.0
raw,"RDO No. 76 - Victorias City, Negros Occidental is composed of the followin",,,,NEGROS OCCIDENTAL,EB MAGALONA,(LIST OF STREET),ST. MICHAEL SUBDIVISION,Interior Lot of Subd,RR,Residential - Regular,0.0
raw,"RDO No. 76 - Victorias City, Negros Occidental is composed of the followin",,,,NEGROS OCCIDENTAL,EB MAGALONA,(LIST OF STREET),ST. THERESE SUBDIVISION,Lots Facing National Road (Phase I),CR,Commercial - Regular,0.0
raw,"RDO No. 76 - Victorias City, Negros Occidental is composed of the followin",,,,NEGROS OCCIDENTAL,EB MAGALONA,(LIST OF STREET),ST. THERESE SUBDIVISION,Along Road Lot 3 (Phase I),CR,Commercial - Regular,0.0
raw,"RDO No. 76 - Victorias City, Negros Occidental is composed of the followin",,,,NEGROS OCCIDENTAL,EB MAGALONA,(LIST OF STREET),ST. THERESE SUBDIVISION,Lots Compse Of Phase I Except Those Belonging To Commercial Area,RR,Residential - Regular,70.0
raw,"RDO No. 76 - Victorias City, Negros Occidental is composed of the followin",,,,NEGROS OCCIDENTAL,EB MAGALONA,(LIST OF STREET),ST. THERESE SUBDIVISION,"All Of Phase III, Road Lot 2, Lots Along Alleys 1 To 14 (Phase II)",RR,Residential - Regular,200.0
raw,"RDO No. 76 - Victorias City, Negros Occidental is composed of the followin",,,,NEGROS OCCIDENTAL,EB MAGALONA,(LIST OF STREET),ST. THERESE SUBDIVISION,Lots Facing National Road (Phase I),CR,Commercial - Regular,0.0
raw,"RDO No. 76 - Victorias City, Negros Occidental is composed of the followin",,,,NEGROS OCCIDENTAL,EB MAGALONA,(LIST OF STREET),ST. THERESE SUBDIVISION,Along Road Lot 3 (Phase I),CR,Commercial - Regular,0.0
raw,"RDO No. 76 - Victorias City, Negros Occidental is composed of the followin",,,,NEGROS OCCIDENTAL,EB MAGALONA,(LIST OF STREET),ST. THERESE SUBDIVISION,Lots Compse Of Phase I Except Those Belonging To Commercial Area,RR,Residential - Regular,70.0
raw,"RDO No. 76 - Victorias City, Negros Occidental is composed of the followin",,,,NEGROS OCCIDENTAL,EB MAGALONA,(LIST OF STREET),ST. THERESE SUBDIVISION,"All Of Phase III, Road Lot 2, Lots Along Alleys 1 To 14 (Phase II)",RR,Residential - Regular,200.0
raw,"RDO No. 76 - Victorias City, Negros Occidental is composed of the followin",,,,NEGROS OCCIDENTAL,EB MAGALONA,(LIST OF STREET),STA. MONICA SUBDIVISION,"Lots Adjacent to Commercial Area, Road Lots 3 To 4 & 6 (Phase I) And Along Road Lots 3 To 5 (Phase II)",RR,Residential - Regular,0.0
raw,"RDO No. 76 - Victorias City, Negros Occidental is composed of the followin",,,,NEGROS OCCIDENTAL,EB MAGALONA,(LIST OF STREET),STA. MONICA SUBDIVISION,"Interior Lots Along  Road Lot 2, 3, 5, 15 To 22",RR,Residential - Regular,0.0
raw,"RDO No. 76 - Victorias City, Negros Occidental is composed of the followin",,,,NEGROS OCCIDENTAL,EB MAGALONA,(LIST OF STREET),STA. MONICA SUBDIVISION,"Lots Adjacent to Commercial Area, Road Lots 3 To 4 & 6 (Phase I) And Along Road Lots 3 To 5 (Phase II)",RR,Residential - Regular,0.0
raw,"RDO No. 76 - Victorias City, Negros Occidental is composed of the followin",,,,NEGROS OCCIDENTAL,EB MAGALONA,(LIST OF STREET),STA. MONICA SUBDIVISION,"Interior Lots Along  Road Lot 2, 3, 5, 15 To 22",RR,Residential - Regular,0.0
raw,"RDO No. 76 - Victorias City, Negros Occidental is composed of the followin",,,,NEGROS OCCIDENTAL,EB MAGALONA,(LIST OF STREET),VICENTE MAGALONA ST.,V. Magalona St-F. Maravilla St,CR,Commercial - Regular,0.0
raw,"RDO No. 76 - Victorias City, Negros Occidental is composed of the followin",,,,NEGROS OCCIDENTAL,EB MAGALONA,(LIST OF STREET),VICENTE MAGALONA ST.,"Cor V, Magalona St & P. Maravilla St",CR,Commercial - Regular,0.0
raw,"RDO No. 76 - Victorias City, Negros Occidental is composed of the followin",,,,NEGROS OCCIDENTAL,EB MAGALONA,(LIST OF STREET),VICENTE MAGALONA ST.,Along Main Road of Poblacion,RR,Residential - Regular,500.0
raw,"RDO No. 76 - Victorias City, Negros Occidental is composed of the followin",,,,NEGROS OCCIDENTAL,EB MAGALONA,(LIST OF STREET),VICENTE MAGALONA ST.,V. Magalona St-F. Maravilla St,CR,Commercial - Regular,0.0
raw,"RDO No. 76 - Victorias City, Negros Occidental is composed of the followin",,,,NEGROS OCCIDENTAL,EB MAGALONA,(LIST OF STREET),VICENTE MAGALONA ST.,"Cor V, Magalona St & P. Maravilla St",CR,Commercial - Regular,0.0
raw,"RDO No. 76 - Victorias City, Negros Occidental is composed of the followin",,,,NEGROS OCCIDENTAL,EB MAGALONA,(LIST OF STREET),VICENTE MAGALONA ST.,Along Main Road of Poblacion,RR,Residential - Regular,500.0
raw,"RDO No. 76 - Victorias City, Negros Occidental is composed of the followin",,,,Negros Occidental,EB Magalona,(LIST OF STREETS),,Lowland Rice with Irrigation,A1,Agricultural - A1,94.0
raw,"RDO No. 76 - Victorias City, Negros Occidental is composed of the followin",,,,Negros Occidental,EB Magalona,(LIST OF STREETS),,Lowland Rice without Irrigation,A2,Agricultural - A2,70.0
raw,"RDO No. 76 - Victorias City, Negros Occidental is composed of the followin",,,,Negros Occidental,EB Magalona,(LIST OF STREETS),,Upland Rice,A3,Agricultural - A3,44.0
raw,"RDO No. 76 - Victorias City, Negros Occidental is composed of the followin",,,,Negros Occidental,EB Magalona,(LIST OF STREETS),,Coconut Land,A4,Agricultural - A4,52.0
raw,"RDO No. 76 - Victorias City, Negros Occidental is composed of the followin",,,,Negros Occidental,EB Magalona,(LIST OF STREETS),,Citrus Land,A5,Agricultural - A5,64.0
raw,"RDO No. 76 - Victorias City, Negros Occidental is composed of the followin",,,,Negros Occidental,EB Magalona,(LIST OF STREETS),,Bangus,A6,Agricultural - A6,104.0
raw,"RDO No. 76 - Victorias City, Negros Occidental is composed of the followin",,,,Negros Occidental,EB Magalona,(LIST OF STREETS),,Tilapia,A6,Agricultural - A6,78.0
raw,"RDO No. 76 - Victorias City, Negros Occidental is composed of the followin",,,,Negros Occidental,EB Magalona,(LIST OF STREETS),,Inland Fisheries,A6,Agricultural - A6,90.0
raw,"RDO No. 76 - Victorias City, Negros Occidental is composed of the followin",,,,Negros Occidental,EB Magalona,(LIST OF STREETS),,Nipa Land,A8,Agricultural - A8,46.0
raw,"RDO No. 76 - Victorias City, Negros Occidental is composed of the followin",,,,Negros Occidental,EB Magalona,(LIST OF STREETS),,Cotton Land,A9,Agricultural - A9,28.0
raw,"RDO No. 76 - Victorias City, Negros Occidental is composed of the followin",,,,Negros Occidental,EB Magalona,(LIST OF STREETS),,Cogon Land,A10,Agricultural - A10,50.0
raw,"RDO No. 76 - Victorias City, Negros Occidental is composed of the followin",,,,Negros Occidental,EB Magalona,(LIST OF STREETS),,Abaca Land,A11,Agricultural - A11,28.0
raw,"RDO No. 76 - Victorias City, Negros Occidental is composed of the followin",,,,Negros Occidental,EB Magalona,(LIST OF STREETS),,Orchard Land,A12,Agricultural - A12,90.0
raw,"RDO No. 76 - Victorias City, Negros Occidental is composed of the followin",,,,Negros Occidental,EB Magalona,(LIST OF STREETS),,Pineapple Land,A13,Agricultural - A13,54.0
raw,"RDO No. 76 - Victorias City, Negros Occidental is composed of the followin",,,,Negros Occidental,EB Magalona,(LIST OF STREETS),,Banana Land,A14,Agricultural - A14,50.0
raw,"RDO No. 76 - Victorias City, Negros Occidental is composed of the followin",,,,Negros Occidental,EB Magalona,(LIST OF STREETS),,Pasture Land,A15,Agricultural - A15,28.0
raw,"RDO No. 76 - Victorias City, Negros Occidental is composed of the followin",,,,Negros Occidental,EB Magalona,(LIST OF STREETS),,Cornland Hybrid,A16,Agricultural - A16,60.0
raw,"RDO No. 76 - Victorias City, Negros Occidental is composed of the followin",,,,Negros Occidental,EB Magalona,(LIST OF STREETS),,Corn Land (Native,A16,Agricultural - A16,50.0
raw,"RDO No. 76 - Victorias City, Negros Occidental is composed of the followin",,,,Negros Occidental,EB Magalona,(LIST OF STREETS),,Sugar Land,A17,Agricultural - A17,100.0
raw,"RDO No. 76 - Victorias City, Negros Occidental is composed of the followin",,,,Negros Occidental,EB Magalona,(LIST OF STREETS),,Tobacco Land,A18,Agricultural - A18,30.0
raw,"RDO No. 76 - Victorias City, Negros Occidental is composed of the followin",,,,Negros Occidental,EB Magalona,(LIST OF STREETS),,Cacao Land,A19,Agricultural - A19,52.0
raw,"RDO No. 76 - Victorias City, Negros Occidental is composed of the followin",,,,Negros Occidental,EB Magalona,(LIST OF STREETS),,Lanzones Land,A20,Agricultural - A20,88.0
raw,"RDO No. 76 - Victorias City, Negros Occidental is composed of the followin",,,,Negros Occidental,EB Magalona,(LIST OF STREETS),,Durian Land,A21,Agricultural - A21,66.0
raw,"RDO No. 76 - Victorias City, Negros Occidental is composed of the followin",,,,Negros Occidental,EB Magalona,(LIST OF STREETS),,Rambutan Land,A22,Agricultural - A22,56.0
raw,"RDO No. 76 - Victorias City, Negros Occidental is composed of the followin",,,,Negros Occidental,EB Magalona,(LIST OF STREETS),,Mango Land,A23,Agricultural - A23,76.0
raw,"RDO No. 76 - Victorias City, Negros Occidental is composed of the followin",,,,Negros Occidental,EB Magalona,(LIST OF STREETS),,Mangrove Land,A24,Agricultural - A24,26.0
raw,"RDO No. 76 - Victorias City, Negros Occidental is composed of the followin",,,,Negros Occidental,EB Magalona,(LIST OF STREETS),,Cassava Land,A25,Agricultural - A25,32.0
raw,"RDO No. 76 - Victorias City, Negros Occidental is composed of the followin",,,,Negros Occidental,EB Magalona,(LIST OF STREETS),,Bamboo Land,A26,Agricultural - A26,56.0
raw,"RDO No. 76 - Victorias City, Negros Occidental is composed of the followin",,,,Negros Occidental,EB Magalona,(LIST OF STREETS),,Grapevineyards,A29,Agricultural - A29,32.0
raw,"RDO No. 76 - Victorias City, Negros Occidental is composed of the followin",,,,Negros Occidental,EB Magalona,(LIST OF STREETS),,Rubber Land,A35,Agricultural - A35,36.0
raw,"RDO No. 76 - Victorias City, Negros Occidental is composed of the followin",,,,Negros Occidental,EB Magalona,(LIST OF STREETS),,Timber Land,A36,Agricultural - A36,40.0
raw,"RDO No. 76 - Victorias City, Negros Occidental is composed of the followin",,,,Negros Occidental,EB Magalona,(LIST OF STREETS),,Horticulture Land,A37,Agricultural - A37,120.0
raw,"RDO No. 76 - Victorias City, Negros Occidental is composed of the followin",,,,Negros Occidental,EB Magalona,(LIST OF STREETS),,Saltbeds,A38,Agricultural - A38,56.0
raw,"RDO No. 76 - Victorias City, Negros Occidental is composed of the followin",,,,Negros Occidental,EB Magalona,(LIST OF STREETS),,Prawn Land,A42,Agricultural - A42,128.0
raw,"RDO No. 76 - Victorias City, Negros Occidental is composed of the followin",,,,Negros Occidental,EB Magalona,(LIST OF STREETS),,Ipil-Ipil Land,A44,Agricultural - A44,30.0
raw,"RDO No. 76 - Victorias City, Negros Occidental is composed of the followin",,,,Negros Occidental,EB Magalona,(LIST OF STREETS),,Coffee Land,A48,Agricultural - A48,50.0
raw,"RDO No. 76 - Victorias City, Negros Occidental is composed of the followin",,,,Negros Occidental,EB Magalona,(LIST OF STREETS),,"Hilly, Slopes & Stony Land",A49,Agricultural - A49,26.0
raw,"RDO No. 76 - Victorias City, Negros Occidental is composed of the followin",,,,Negros Occidental,EB Magalona,(LIST OF STREETS),,Other Agricultural Land/Unproductive Land (For Beneficiary),A50,Agricultural - A50,116.0
raw,"RDO No. 76 - Victorias City, Negros Occidental is composed of the followin",,,,Negros Occidental,EB Magalona,(LIST OF STREETS),,Santol (Bangkok),A50,Agricultural - A50,120.0
raw,"RDO No. 76 - Victorias City, Negros Occidental is composed of the followin",,,,Negros Occidental,EB Magalona,(LIST OF STREETS),,Maranga Land,A50,Agricultural - A50,124.0
raw,"RDO No. 76 - Victorias City, Negros Occidental is composed of the followin",,,,Negros Occidental,EB Magalona,(LIST OF STREETS),,Guava Land,A50,Agricultural - A50,44.0
raw,"RDO No. 76 - Victorias City, Negros Occidental is composed of the followin",,,,Negros Occidental,EB Magalona,(LIST OF STREETS),,Floriculture,A50,Agricultural - A50,120.0
raw,"RDO No. 76 - Victorias City, Negros Occidental is composed of the followin",,,,Negros Occidental,EB Magalona,(LIST OF STREETS),,Wasteland,A50,Agricultural - A50,20.0
raw,"RDO No. 76 - Victorias City, Negros Occidental is composed of the followin",,,,Negros Occidental,EB Magalona,(LIST OF STREETS),,Swine Farm,A50,Agricultural - A50,100.0
raw,"RDO No. 76 - Victorias City, Negros Occidental is composed of the followin",,,,Negros Occidental,EB Magalona,(LIST OF STREETS),,Poultry Farm (Broiler),A50,Agricultural - A50,100.0
raw,"RDO No. 76 - Victorias City, Negros Occidental is composed of the followin",,,,Negros Occidental,EB Magalona,(LIST OF STREETS),,Firewood Farm,A50,Agricultural - A50,32.0
raw,"RDO No. 76 - Victorias City, Negros Occidental is composed of the followin",,,,Negros Occidental,EB Magalona,(LIST OF STREETS),,Gamefowl Breeding Farm,A50,Agricultural - A50,200.0
raw,"RDO No. 76 - Victorias City, Negros Occidental is composed of the followin",,,,Negros Occidental,EB Magalona,(LIST OF STREETS),,Livestock Breeding Farm,A50,Agricultural - A50,150.0
raw,"RDO No. 76 - Victorias City, Negros Occidental is composed of the followin",,,,Negros Occidental,EB Magalona,(LIST OF STREETS),,Dairy Farm,A50,Agricultural - A50,116.0
raw,"RDO No. 76 - Victorias City, Negros Occidental is composed of the followin",,,,Negros Occidental,EB Magalona,(LIST OF STREETS),,Ramie-Maguey Land,A50,Agricultural - A50,28.0
raw,"RDO No. 76 - Victorias City, Negros Occidental is composed of the followin",,,,Negros Occidental,EB Magalona,(LIST OF STREETS),,Foreshore Land,A50,Agricultural - A50,66.0
raw,"RDO No. 76 - Victorias City, Negros Occidental is composed of the followin",,,,Negros Occidental,EB Magalona,(LIST OF STREETS),,Marsh Land,A50,Agricultural - A50,26.0
raw,"RDO No. 76 - Victorias City, Negros Occidental is composed of the followin",,,,Negros Occidental,EB Magalona,(LIST OF STREETS),,Idle Land,A50,Agricultural - A50,46.0
raw,"RDO No. 76 - Victorias City, Negros Occidental is composed of the followin",,,,Negros Occidental,EB Magalona,(LIST OF STREETS),,Jathropa Land,A50,Agricultural - A50,46.0
raw,"RDO No. 76 - Victorias City, Negros Occidental is composed of the followin",,,,Negros Occidental,EB Magalona,(LIST OF STREETS),,Palm Tree Land,A50,Agricultural - A50,48.0
raw,"RDO No. 76 - Victorias City, Negros Occidental is composed of the followin",,,,Negros Occidental,EB Magalona,(LIST OF STREETS),,Industrial Land,I,Industrial,2000.0
raw,"RDO No. 76 - Victorias City, Negros Occidental is composed of the followin",,,,Negros Occidental,EB Magalona,(LIST OF STREETS),AGUSTINA BARRERA ST.,Along Main Road,CR,Commercial - Regular,3600.0
raw,"RDO No. 76 - Victorias City, Negros Occidental is composed of the followin",,,,Negros Occidental,EB Magalona,(LIST OF STREETS),AGUSTINA BARRERA ST.,"Agustin Barrera St, Francisco Maravilla St",CR,Commercial - Regular,3500.0
raw,"RDO No. 76 - Victorias City, Negros Occidental is composed of the followin",,,,Negros Occidental,EB Magalona,(LIST OF STREETS),AGUSTINA BARRERA ST.,"Agustin Barrera St, Pedro Maravilla",CR,Commercial - Regular,3500.0
raw,"RDO No. 76 - Victorias City, Negros Occidental is composed of the followin",,,,Negros Occidental,EB Magalona,(LIST OF STREETS),AGUSTINA BARRERA ST.,"Agustin Barrera St, Pedro Maravilla",RR,Residential - Regular,2400.0
raw,"RDO No. 76 - Victorias City, Negros Occidental is composed of the followin",,,,Negros Occidental,EB Magalona,(LIST OF STREETS),ALL LOTS,Barangay Proper,CR,Commercial - Regular,3000.0
raw,"RDO No. 76 - Victorias City, Negros Occidental is composed of the followin",,,,Negros Occidental,EB Magalona,(LIST OF STREETS),ALL LOTS,Barangay Proper,RR,Residential - Regular,2000.0
raw,"RDO No. 76 - Victorias City, Negros Occidental is composed of the followin",,,,Negros Occidental,EB Magalona,(LIST OF STREETS),ALL LOTS,ALONG NATIONAL HIGHWAY,CR,Commercial - Regular,4000.0
raw,"RDO No. 76 - Victorias City, Negros Occidental is composed of the followin",,,,Negros Occidental,EB Magalona,(LIST OF STREETS),ALL LOTS,ALONG NATIONAL HIGHWAY,GP,General Purpose,800.0
raw,"RDO No. 76 - Victorias City, Negros Occidental is composed of the followin",,,,Negros Occidental,EB Magalona,(LIST OF STREETS),ALL LOTS,Barangay Proper,CR,Commercial - Regular,3000.0
raw,"RDO No. 76 - Victorias City, Negros Occidental is composed of the followin",,,,Negros Occidental,EB Magalona,(LIST OF STREETS),ALL LOTS,Along Provl Road from National Highway,CR,Commercial - Regular,4000.0
raw,"RDO No. 76 - Victorias City, Negros Occidental is composed of the followin",,,,Negros Occidental,EB Magalona,(LIST OF STREETS),ALL LOTS,Along Provl Road from National Highway,RR,Residential - Regular,2000.0
raw,"RDO No. 76 - Victorias City, Negros Occidental is composed of the followin",,,,Negros Occidental,EB Magalona,(LIST OF STREETS),ALL LOTS,Along Provl Road from National Highway,GP,General Purpose,800.0
raw,"RDO No. 76 - Victorias City, Negros Occidental is composed of the followin",,,,Negros Occidental,EB Magalona,(LIST OF STREETS),ALL LOTS,Barangay Proper,CR,Commercial - Regular,3000.0
raw,"RDO No. 76 - Victorias City, Negros Occidental is composed of the followin",,,,Negros Occidental,EB Magalona,(LIST OF STREETS),ALL LOTS,Along Provincial Road,CR,Commercial - Regular,4000.0
raw,"RDO No. 76 - Victorias City, Negros Occidental is composed of the followin",,,,Negros Occidental,EB Magalona,(LIST OF STREETS),ALL LOTS,Along Provincial Road,RR,Residential - Regular,2000.0
raw,"RDO No. 76 - Victorias City, Negros Occidental is composed of the followin",,,,Negros Occidental,EB Magalona,(LIST OF STREETS),ALL LOTS,Along Provincial Road,GP,General Purpose,800.0
raw,"RDO No. 76 - Victorias City, Negros Occidental is composed of the followin",,,,Negros Occidental,EB Magalona,(LIST OF STREETS),ALL LOTS,Barangay Proper,CR,Commercial - Regular,2500.0
raw,"RDO No. 76 - Victorias City, Negros Occidental is composed of the followin",,,,Negros Occidental,EB Magalona,(LIST OF STREETS),ALL LOTS,Outside Poblacion Along National Highway,RR,Residential - Regular,2000.0
raw,"RDO No. 76 - Victorias City, Negros Occidental is composed of the followin",,,,Negros Occidental,EB Magalona,(LIST OF STREETS),ALL LOTS,Outside Barangay Proper,RR,Residential - Regular,1900.0
raw,"RDO No. 76 - Victorias City, Negros Occidental is composed of the followin",,,,Negros Occidental,EB Magalona,(LIST OF STREETS),ALL LOTS,200 Meter from Barangay Proper,RR,Residential - Regular,1900.0
raw,"RDO No. 76 - Victorias City, Negros Occidental is composed of the followin",,,,Negros Occidental,EB Magalona,(LIST OF STREETS),ALL LOTS,200 Meter from Barangay Proper,GP,General Purpose,600.0
raw,"RDO No. 76 - Victorias City, Negros Occidental is composed of the followin",,,,Negros Occidental,EB Magalona,(LIST OF STREETS),ALL LOTS,Outside Poblacion Barangay Pasing Nanca,CR,Commercial - Regular,2900.0
raw,"RDO No. 76 - Victorias City, Negros Occidental is composed of the followin",,,,Negros Occidental,EB Magalona,(LIST OF STREETS),ALL LOTS,Outside Poblacion Barangay Pasing Nanca,RR,Residential - Regular,1800.0
raw,"RDO No. 76 - Victorias City, Negros Occidental is composed of the followin",,,,Negros Occidental,EB Magalona,(LIST OF STREETS),ALL LOTS,Outside Poblacion Barangay Pasing Nanca,GP,General Purpose,600.0
raw,"RDO No. 76 - Victorias City, Negros Occidental is composed of the followin",,,,Negros Occidental,EB Magalona,(LIST OF STREETS),ALL LOTS,Barangay Proper,CR,Commercial - Regular,2500.0
raw,"RDO No. 76 - Victorias City, Negros Occidental is composed of the followin",,,,Negros Occidental,EB Magalona,(LIST OF STREETS),ALL LOTS,Barangay Proper,RR,Residential - Regular,1800.0
raw,"RDO No. 76 - Victorias City, Negros Occidental is composed of the followin",,,,Negros Occidental,EB Magalona,(LIST OF STREETS),ALL LOTS,Barangay Proper,GP,General Purpose,600.0
raw,"RDO No. 76 - Victorias City, Negros Occidental is composed of the followin",,,,Negros Occidental,EB Magalona,(LIST OF STREETS),ALL LOTS,Barangay Proper,CR,Commercial - Regular,2100.0
raw,"RDO No. 76 - Victorias City, Negros Occidental is composed of the followin",,,,Negros Occidental,EB Magalona,(LIST OF STREETS),ALL LOTS,More than 200 Meters from Barangay Proper,RR,Residential - Regular,1200.0
raw,"RDO No. 76 - Victorias City, Negros Occidental is composed of the followin",,,,Negros Occidental,EB Magalona,(LIST OF STREETS),ALL LOTS,More than 200 Meters from Barangay Proper,GP,General Purpose,600.0
raw,"RDO No. 76 - Victorias City, Negros Occidental is composed of the followin",,,,Negros Occidental,EB Magalona,(LIST OF STREETS),ALL LOTS,Barangay Proper,CR,Commercial - Regular,2100.0
raw,"RDO No. 76 - Victorias City, Negros Occidental is composed of the followin",,,,Negros Occidental,EB Magalona,(LIST OF STREETS),ALL LOTS,More than 200 Meters from Barangay Proper,RR,Residential - Regular,1500.0
raw,"RDO No. 76 - Victorias City, Negros Occidental is composed of the followin",,,,Negros Occidental,EB Magalona,(LIST OF STREETS),ALL LOTS,More than 200 Meters from Barangay Proper,GP,General Purpose,600.0
raw,"RDO No. 76 - Victorias City, Negros Occidental is composed of the followin",,,,Negros Occidental,EB Magalona,(LIST OF STREETS),ALL LOTS,Barangay Proper,CR,Commercial - Regular,2200.0
raw,"RDO No. 76 - Victorias City, Negros Occidental is composed of the followin",,,,Negros Occidental,EB Magalona,(LIST OF STREETS),ALL LOTS,More than 200 Meters from Barangay Proper,RR,Residential - Regular,1500.0
raw,"RDO No. 76 - Victorias City, Negros Occidental is composed of the followin",,,,Negros Occidental,EB Magalona,(LIST OF STREETS),ALL LOTS,More than 200 Meters from Barangay Proper,GP,General Purpose,600.0
raw,"RDO No. 76 - Victorias City, Negros Occidental is composed of the followin",,,,Negros Occidental,EB Magalona,(LIST OF STREETS),ALL LOTS,Barangay Proper,CR,Commercial - Regular,2100.0
raw,"RDO No. 76 - Victorias City, Negros Occidental is composed of the followin",,,,Negros Occidental,EB Magalona,(LIST OF STREETS),ALL LOTS,More than 200 Meters from Barangay Proper,RR,Residential - Regular,1600.0
raw,"RDO No. 76 - Victorias City, Negros Occidental is composed of the followin",,,,Negros Occidental,EB Magalona,(LIST OF STREETS),ALL LOTS,More than 200 Meters from Barangay Proper,GP,General Purpose,600.0
raw,"RDO No. 76 - Victorias City, Negros Occidental is composed of the followin",,,,Negros Occidental,EB Magalona,(LIST OF STREETS),ALL LOTS,Barangay Proper,CR,Commercial - Regular,2100.0
raw,"RDO No. 76 - Victorias City, Negros Occidental is composed of the followin",,,,Negros Occidental,EB Magalona,(LIST OF STREETS),ALL LOTS,More than 200 Meters from Barangay Proper,RR,Residential - Regular,1500.0
raw,"RDO No. 76 - Victorias City, Negros Occidental is composed of the followin",,,,Negros Occidental,EB Magalona,(LIST OF STREETS),ALL LOTS,More than 200 Meters from Barangay Proper,GP,General Purpose,600.0
raw,"RDO No. 76 - Victorias City, Negros Occidental is composed of the followin",,,,Negros Occidental,EB Magalona,(LIST OF STREETS),ALL LOTS,Barangay Proper,CR,Commercial - Regular,2500.0
raw,"RDO No. 76 - Victorias City, Negros Occidental is composed of the followin",,,,Negros Occidental,EB Magalona,(LIST OF STREETS),ALL LOTS,More than 200 Meters from Barangay Proper,RR,Residential - Regular,1600.0
raw,"RDO No. 76 - Victorias City, Negros Occidental is composed of the followin",,,,Negros Occidental,EB Magalona,(LIST OF STREETS),ALL LOTS,More than 200 Meters from Barangay Proper,GP,General Purpose,600.0
raw,"RDO No. 76 - Victorias City, Negros Occidental is composed of the followin",,,,Negros Occidental,EB Magalona,(LIST OF STREETS),ALL LOTS,Barangay Proper,CR,Commercial - Regular,2500.0
raw,"RDO No. 76 - Victorias City, Negros Occidental is composed of the followin",,,,Negros Occidental,EB Magalona,(LIST OF STREETS),ALL LOTS,More than 200 Meters from Barangay Proper,RR,Residential - Regular,1600.0
raw,"RDO No. 76 - Victorias City, Negros Occidental is composed of the followin",,,,Negros Occidental,EB Magalona,(LIST OF STREETS),ALL LOTS,More than 200 Meters from Barangay Proper,GP,General Purpose,600.0
raw,"RDO No. 76 - Victorias City, Negros Occidental is composed of the followin",,,,Negros Occidental,EB Magalona,(LIST OF STREETS),ALL LOTS,Barangay Proper,CR,Commercial - Regular,2500.0
raw,"RDO No. 76 - Victorias City, Negros Occidental is composed of the followin",,,,Negros Occidental,EB Magalona,(LIST OF STREETS),ALL LOTS,More than 200 Meters from Barangay Proper,RR,Residential - Regular,1600.0
raw,"RDO No. 76 - Victorias City, Negros Occidental is composed of the followin",,,,Negros Occidental,EB Magalona,(LIST OF STREETS),ALL LOTS,More than 200 Meters from Barangay Proper,GP,General Purpose,600.0
raw,"RDO No. 76 - Victorias City, Negros Occidental is composed of the followin",,,,Negros Occidental,EB Magalona,(LIST OF STREETS),ALL LOTS,ALONG NATIONAL HIGHWAY,CR,Commercial - Regular,3000.0
raw,"RDO No. 76 - Victorias City, Negros Occidental is composed of the followin",,,,Negros Occidental,EB Magalona,(LIST OF STREETS),ALL LOTS,Barangay Proper,CR,Commercial - Regular,2500.0
raw,"RDO No. 76 - Victorias City, Negros Occidental is composed of the followin",,,,Negros Occidental,EB Magalona,(LIST OF STREETS),ALL LOTS,More than 200 Meters from Barangay Proper,RR,Residential - Regular,1600.0
raw,"RDO No. 76 - Victorias City, Negros Occidental is composed of the followin",,,,Negros Occidental,EB Magalona,(LIST OF STREETS),ALL LOTS,More than 200 Meters from Barangay Proper,GP,General Purpose,600.0
raw,"RDO No. 76 - Victorias City, Negros Occidental is composed of the followin",,,,Negros Occidental,EB Magalona,(LIST OF STREETS),ALL LOTS,Barangay Proper,CR,Commercial - Regular,2100.0
raw,"RDO No. 76 - Victorias City, Negros Occidental is composed of the followin",,,,Negros Occidental,EB Magalona,(LIST OF STREETS),ALL LOTS,More than 200 Meters from Barangay Proper,RR,Residential - Regular,1400.0
raw,"RDO No. 76 - Victorias City, Negros Occidental is composed of the followin",,,,Negros Occidental,EB Magalona,(LIST OF STREETS),ALL LOTS,More than 200 Meters from Barangay Proper,GP,General Purpose,600.0
raw,"RDO No. 76 - Victorias City, Negros Occidental is composed of the followin",,,,Negros Occidental,EB Magalona,(LIST OF STREETS),ALL LOTS,ALONG NATIONAL HIGHWAY,CR,Commercial - Regular,3000.0
raw,"RDO No. 76 - Victorias City, Negros Occidental is composed of the followin",,,,Negros Occidental,EB Magalona,(LIST OF STREETS),ALL LOTS,Barangay Proper,CR,Commercial - Regular,2500.0
raw,"RDO No. 76 - Victorias City, Negros Occidental is composed of the followin",,,,Negros Occidental,EB Magalona,(LIST OF STREETS),ALL LOTS,More than 200 Meters from Barangay Proper,RR,Residential - Regular,1800.0
raw,"RDO No. 76 - Victorias City, Negros Occidental is composed of the followin",,,,Negros Occidental,EB Magalona,(LIST OF STREETS),ALL LOTS,More than 200 Meters from Barangay Proper,GP,General Purpose,800.0
raw,"RDO No. 76 - Victorias City, Negros Occidental is composed of the followin",,,,Negros Occidental,EB Magalona,(LIST OF STREETS),ALL LOTS,ALONG NATIONAL HIGHWAY,CR,Commercial - Regular,3000.0
raw,"RDO No. 76 - Victorias City, Negros Occidental is composed of the followin",,,,Negros Occidental,EB Magalona,(LIST OF STREETS),ALL LOTS,Barangay Proper,CR,Commercial - Regular,2500.0
raw,"RDO No. 76 - Victorias City, Negros Occidental is composed of the followin",,,,Negros Occidental,EB Magalona,(LIST OF STREETS),ALL LOTS,More than 200 Meters from Barangay Proper,RR,Residential - Regular,1800.0
raw,"RDO No. 76 - Victorias City, Negros Occidental is composed of the followin",,,,Negros Occidental,EB Magalona,(LIST OF STREETS),ALL LOTS,More than 200 Meters from Barangay Proper,GP,General Purpose,600.0
raw,"RDO No. 76 - Victorias City, Negros Occidental is composed of the followin",,,,Negros Occidental,EB Magalona,(LIST OF STREETS),ALL LOTS,Barangay Proper,CR,Commercial - Regular,2500.0
raw,"RDO No. 76 - Victorias City, Negros Occidental is composed of the followin",,,,Negros Occidental,EB Magalona,(LIST OF STREETS),ALL LOTS,More than 200 Meters from Barangay Proper,RR,Residential - Regular,1600.0
raw,"RDO No. 76 - Victorias City, Negros Occidental is composed of the followin",,,,Negros Occidental,EB Magalona,(LIST OF STREETS),ALL LOTS,More than 200 Meters from Barangay Proper,GP,General Purpose,600.0
raw,"RDO No. 76 - Victorias City, Negros Occidental is composed of the followin",,,,Negros Occidental,EB Magalona,(LIST OF STREETS),ALL LOTS,Barangay Proper,CR,Commercial - Regular,3000.0
raw,"RDO No. 76 - Victorias City, Negros Occidental is composed of the followin",,,,Negros Occidental,EB Magalona,(LIST OF STREETS),ALL LOTS,More than 200 Meters from Barangay Proper,RR,Residential - Regular,1800.0
raw,"RDO No. 76 - Victorias City, Negros Occidental is composed of the followin",,,,Negros Occidental,EB Magalona,(LIST OF STREETS),ALL LOTS,More than 200 Meters from Barangay Proper,GP,General Purpose,600.0
raw,"RDO No. 76 - Victorias City, Negros Occidental is composed of the followin",,,,Negros Occidental,EB Magalona,(LIST OF STREETS),AMADO ALFARO ST.,Along Main Road,CR,Commercial - Regular,3300.0
raw,"RDO No. 76 - Victorias City, Negros Occidental is composed of the followin",,,,Negros Occidental,EB Magalona,(LIST OF STREETS),AMADO ALFARO ST.,Along Main Road,RR,Residential - Regular,2400.0
raw,"RDO No. 76 - Victorias City, Negros Occidental is composed of the followin",,,,Negros Occidental,EB Magalona,(LIST OF STREETS),AMADO ALFARO ST.,Interior Road,RR,Residential - Regular,2000.0
raw,"RDO No. 76 - Victorias City, Negros Occidental is composed of the followin",,,,Negros Occidental,EB Magalona,(LIST OF STREETS),AMADO ALFARO ST.,Interior Lots on West Side of Amado Alfaro St,RR,Residential - Regular,2100.0
raw,"RDO No. 76 - Victorias City, Negros Occidental is composed of the followin",,,,Negros Occidental,EB Magalona,(LIST OF STREETS),BASILIO MAHINAY ST.,Right Side of Marayo Bank,CR,Commercial - Regular,3600.0
raw,"RDO No. 76 - Victorias City, Negros Occidental is composed of the followin",,,,Negros Occidental,EB Magalona,(LIST OF STREETS),BASILIO MAHINAY ST.,Left Side of Eb Magalona Central School,RR,Residential - Regular,2100.0
raw,"RDO No. 76 - Victorias City, Negros Occidental is composed of the followin",,,,Negros Occidental,EB Magalona,(LIST OF STREETS),BOULEVARD,Blvd-Cor of Catholic Cemetery,RR,Residential - Regular,2400.0
raw,"RDO No. 76 - Victorias City, Negros Occidental is composed of the followin",,,,Negros Occidental,EB Magalona,(LIST OF STREETS),CARLOS MAGALONA ST.,Along Carlos Magalona  St-Nat'L Highway,CR,Commercial - Regular,4000.0
raw,"RDO No. 76 - Victorias City, Negros Occidental is composed of the followin",,,,Negros Occidental,EB Magalona,(LIST OF STREETS),FELIX MONTINOLA ST.,Along Main Road of Poblacion,CR,Commercial - Regular,3300.0
raw,"RDO No. 76 - Victorias City, Negros Occidental is composed of the followin",,,,Negros Occidental,EB Magalona,(LIST OF STREETS),FELIX MONTINOLA ST.,Along Main Road of Poblacion,RR,Residential - Regular,2400.0
raw,"RDO No. 76 - Victorias City, Negros Occidental is composed of the followin",,,,Negros Occidental,EB Magalona,(LIST OF STREETS),FELIX MONTINOLA ST.,Interior Road,RR,Residential - Regular,2000.0
raw,"RDO No. 76 - Victorias City, Negros Occidental is composed of the followin",,,,Negros Occidental,EB Magalona,(LIST OF STREETS),FELIX MONTINOLA ST.,East Side of Felix Montinola St & Luis Cuaycong St,RR,Residential - Regular,2400.0
raw,"RDO No. 76 - Victorias City, Negros Occidental is composed of the followin",,,,Negros Occidental,EB Magalona,(LIST OF STREETS),FELIX MONTINOLA ST.,South Side of Felix Montinola St & Luis Cuaycong St,RR,Residential - Regular,2300.0
raw,"RDO No. 76 - Victorias City, Negros Occidental is composed of the followin",,,,Negros Occidental,EB Magalona,(LIST OF STREETS),FRANCISCO MARAVILLA ST.,Francisco Maravilla St-Nat'L Highway,CR,Commercial - Regular,4000.0
raw,"RDO No. 76 - Victorias City, Negros Occidental is composed of the followin",,,,Negros Occidental,EB Magalona,(LIST OF STREETS),FRANCISCO MARAVILLA ST.,Main Road of Poblacion,RR,Residential - Regular,2200.0
raw,"RDO No. 76 - Victorias City, Negros Occidental is composed of the followin",,,,Negros Occidental,EB Magalona,(LIST OF STREETS),HOPE VILLAGE,Fronting Hope Village Road-Brgy Tuburan,RR,Residential - Regular,2400.0
raw,"RDO No. 76 - Victorias City, Negros Occidental is composed of the followin",,,,Negros Occidental,EB Magalona,(LIST OF STREETS),HOPE VILLAGE,Interior Lot of Hope Village Road-Brgy Tuburan,RR,Residential - Regular,2100.0
raw,"RDO No. 76 - Victorias City, Negros Occidental is composed of the followin",,,,Negros Occidental,EB Magalona,(LIST OF STREETS),HOPE VILLAGE,Interior Lots of Subd Lot 732 of Brgy III,RR,Residential - Regular,2400.0
raw,"RDO No. 76 - Victorias City, Negros Occidental is composed of the followin",,,,Negros Occidental,EB Magalona,(LIST OF STREETS),JAIME REYES ST.,Along Main Road,CR,Commercial - Regular,3600.0
raw,"RDO No. 76 - Victorias City, Negros Occidental is composed of the followin",,,,Negros Occidental,EB Magalona,(LIST OF STREETS),JAIME REYES ST.,Along Main Road,RR,Residential - Regular,2400.0
raw,"RDO No. 76 - Victorias City, Negros Occidental is composed of the followin",,,,Negros Occidental,EB Magalona,(LIST OF STREETS),LUIS CUAYCONG ST.,Luis Cuaycong St & Francisco Maravilla St,CR,Commercial - Regular,4000.0
raw,"RDO No. 76 - Victorias City, Negros Occidental is composed of the followin",,,,Negros Occidental,EB Magalona,(LIST OF STREETS),LUIS CUAYCONG ST.,Luis Cuaycong St & Santiago St,RR,Residential - Regular,2400.0
raw,"RDO No. 76 - Victorias City, Negros Occidental is composed of the followin",,,,Negros Occidental,EB Magalona,(LIST OF STREETS),NATIONAL HIGHWAY,From Barangay III-Catholic Cemetery,CR,Commercial - Regular,4000.0
raw,"RDO No. 76 - Victorias City, Negros Occidental is composed of the followin",,,,Negros Occidental,EB Magalona,(LIST OF STREETS),PEDRO MARAVILLA ST.,Along Main Road of Poblacion,CR,Commercial - Regular,3300.0
raw,"RDO No. 76 - Victorias City, Negros Occidental is composed of the followin",,,,Negros Occidental,EB Magalona,(LIST OF STREETS),PEDRO MARAVILLA ST.,Along Main Road of Poblacion,RR,Residential - Regular,2400.0
raw,"RDO No. 76 - Victorias City, Negros Occidental is composed of the followin",,,,Negros Occidental,EB Magalona,(LIST OF STREETS),PEDRO MARAVILLA ST.,Interior Lots of Pedro Maravilla St,RR,Residential - Regular,1800.0
raw,"RDO No. 76 - Victorias City, Negros Occidental is composed of the followin",,,,Negros Occidental,EB Magalona,(LIST OF STREETS),SANTIAGO REYES ST.,Main Road of Poblacion,CR,Commercial - Regular,3600.0
raw,"RDO No. 76 - Victorias City, Negros Occidental is composed of the followin",,,,Negros Occidental,EB Magalona,(LIST OF STREETS),SANTIAGO REYES ST.,Main Road of Poblacion,RR,Residential - Regular,2400.0
raw,"RDO No. 76 - Victorias City, Negros Occidental is composed of the followin",,,,Negros Occidental,EB Magalona,(LIST OF STREETS),VICENTE MAGALONA ST.,V. Magalona St-F. Maravilla St,CR,Commercial - Regular,3600.0
raw,"RDO No. 76 - Victorias City, Negros Occidental is composed of the followin",,,,Negros Occidental,EB Magalona,(LIST OF STREETS),VICENTE MAGALONA ST.,"Cor V, Magalona St & P. Maravilla St",CR,Commercial - Regular,3600.0
raw,"RDO No. 76 - Victorias City, Negros Occidental is composed of the followin",,,,Negros Occidental,EB Magalona,(LIST OF STREETS),VICENTE MAGALONA ST.,Along Main Road of Poblacion,RR,Residential - Regular,2400.0
raw,"RDO No. 76 - Victorias City, Negros Occidental is composed of the followin",,,,Negros Occidental,EB Magalona,POBLACION,EMI HOMES SUBDIVISION,Municipal Road & North Side of Road 2,CR,Commercial - Regular,3400.0
raw,"RDO No. 76 - Victorias City, Negros Occidental is composed of the followin",,,,Negros Occidental,EB Magalona,POBLACION,EMI HOMES SUBDIVISION,South Side of Road Lot 2,CR,Commercial - Regular,3400.0
raw,"RDO No. 76 - Victorias City, Negros Occidental is composed of the followin",,,,Negros Occidental,EB Magalona,POBLACION,EMI HOMES SUBDIVISION,"Road Lots 4, 13 & 12 & Lot Facing Blk 6",RR,Residential - Regular,2000.0
raw,"RDO No. 76 - Victorias City, Negros Occidental is composed of the followin",,,,Negros Occidental,EB Magalona,POBLACION,EMI HOMES SUBDIVISION,"Road Lot 5-8, 10, 14-18 & North Side Road 19 & 11",RR,Residential - Regular,1800.0
raw,"RDO No. 76 - Victorias City, Negros Occidental is composed of the followin",,,,Negros Occidental,EB Magalona,POBLACION,EMI HOMES SUBDIVISION,South Side Of Road Lot 19 & 11,RR,Residential - Regular,1600.0
raw,"RDO No. 76 - Victorias City, Negros Occidental is composed of the followin",,,,Negros Occidental,EB Magalona,POBLACION,POBLACION,"Interior Lots Along  Road Lot 2, 3, 5, 15 To 22",GP,General Purpose,800.0
raw,"RDO No. 76 - Victorias City, Negros Occidental is composed of the followin",,,,Negros Occidental,EB Magalona,POBLACION,ST. MICHAEL SUBDIVISION,Facing National Road (Phase I),CR,Commercial - Regular,3400.0
raw,"RDO No. 76 - Victorias City, Negros Occidental is composed of the followin",,,,Negros Occidental,EB Magalona,POBLACION,ST. MICHAEL SUBDIVISION,"Road Lot 3 (Mahogany), Along Road Lot 14 (Yakal St., Phase Ii),",RR,Residential - Regular,2000.0
raw,"RDO No. 76 - Victorias City, Negros Occidental is composed of the followin",,,,Negros Occidental,EB Magalona,POBLACION,ST. MICHAEL SUBDIVISION,"Lots Facing Plaza & Playground (Phase II), Along Road Lots 4, 1,7,3 3-A And Phase I",RR,Residential - Regular,2000.0
raw,"RDO No. 76 - Victorias City, Negros Occidental is composed of the followin",,,,Negros Occidental,EB Magalona,POBLACION,ST. MICHAEL SUBDIVISION,Interior Lot of Subd,RR,Residential - Regular,1500.0
raw,"RDO No. 76 - Victorias City, Negros Occidental is composed of the followin",,,,Negros Occidental,EB Magalona,POBLACION,ST. THERESE SUBDIVISION,Lots Facing National Road (Phase I),CR,Commercial - Regular,3500.0
raw,"RDO No. 76 - Victorias City, Negros Occidental is composed of the followin",,,,Negros Occidental,EB Magalona,POBLACION,ST. THERESE SUBDIVISION,Along Road Lot 3 (Phase I),CR,Commercial - Regular,3500.0
raw,"RDO No. 76 - Victorias City, Negros Occidental is composed of the followin",,,,Negros Occidental,EB Magalona,POBLACION,ST. THERESE SUBDIVISION,Lots Compse Of Phase I Except Those Belonging To Commercial Area,RR,Residential - Regular,2100.0
raw,"RDO No. 76 - Victorias City, Negros Occidental is composed of the followin",,,,Negros Occidental,EB Magalona,POBLACION,ST. THERESE SUBDIVISION,"All Of Phase III, Road Lot 2, Lots Along Alleys 1 To 14 (Phase II)",RR,Residential - Regular,2100.0
raw,"RDO No. 76 - Victorias City, Negros Occidental is composed of the followin",,,,Negros Occidental,EB Magalona,POBLACION,STA. MONICA SUBDIVISION,"Lots Adjacent to Commercial Area, Road Lots 3 To 4 & 6 (Phase I) And Along Road Lots 3 To 5 (Phase II)",RR,Residential - Regular,2500.0
raw,"RDO No. 76 - Victorias City, Negros Occidental is composed of the followin",,,,Negros Occidental,EB Magalona,POBLACION,STA. MONICA SUBDIVISION,"Interior Lots Along  Road Lot 2, 3, 5, 15 To 22",RR,Residential - Regular,2500.0
raw,"RDO No. 76 - Victorias City, Negros Occidental is composed of the followin",,,,NEGROS OCCIDENTAL,ESCALANTE CITY,ROAD,ALL OTHER LOTS,,A2,Agricultural - A2,0.0
raw,"RDO No. 76 - Victorias City, Negros Occidental is composed of the followin",,,,NEGROS OCCIDENTAL,ESCALANTE CITY,ROAD,ALL OTHER LOTS,,A4,Agricultural - A4,0.0
raw,"RDO No. 76 - Victorias City, Negros Occidental is composed of the followin",,,,NEGROS OCCIDENTAL,ESCALANTE CITY,ROAD,ALL OTHER LOTS,,A6,Agricultural - A6,0.0
raw,"RDO No. 76 - Victorias City, Negros Occidental is composed of the followin",,,,NEGROS OCCIDENTAL,ESCALANTE CITY,ROAD,ALL OTHER LOTS,,A7,Agricultural - A7,0.0
raw,"RDO No. 76 - Victorias City, Negros Occidental is composed of the followin",,,,NEGROS OCCIDENTAL,ESCALANTE CITY,ROAD,ALL OTHER LOTS,,A8,Agricultural - A8,0.0
raw,"RDO No. 76 - Victorias City, Negros Occidental is composed of the followin",,,,NEGROS OCCIDENTAL,ESCALANTE CITY,ROAD,ALL OTHER LOTS,,A12,Agricultural - A12,0.0
raw,"RDO No. 76 - Victorias City, Negros Occidental is composed of the followin",,,,NEGROS OCCIDENTAL,ESCALANTE CITY,ROAD,ALL OTHER LOTS,,A15,Agricultural - A15,0.0
raw,"RDO No. 76 - Victorias City, Negros Occidental is composed of the followin",,,,NEGROS OCCIDENTAL,ESCALANTE CITY,ROAD,ALL OTHER LOTS,,A16,Agricultural - A16,0.0
raw,"RDO No. 76 - Victorias City, Negros Occidental is composed of the followin",,,,NEGROS OCCIDENTAL,ESCALANTE CITY,ROAD,ALL OTHER LOTS,,A17,Agricultural - A17,25.0
raw,"RDO No. 76 - Victorias City, Negros Occidental is composed of the followin",,,,NEGROS OCCIDENTAL,ESCALANTE CITY,ROAD,ALL OTHER LOTS,,A23,Agricultural - A23,0.0
raw,"RDO No. 76 - Victorias City, Negros Occidental is composed of the followin",,,,NEGROS OCCIDENTAL,ESCALANTE CITY,ROAD,ALL OTHER LOTS,,A24,Agricultural - A24,0.0
raw,"RDO No. 76 - Victorias City, Negros Occidental is composed of the followin",,,,NEGROS OCCIDENTAL,ESCALANTE CITY,ROAD,ALL OTHER LOTS,,A25,Agricultural - A25,0.0
raw,"RDO No. 76 - Victorias City, Negros Occidental is composed of the followin",,,,NEGROS OCCIDENTAL,ESCALANTE CITY,ROAD,ALL OTHER LOTS,,A36,Agricultural - A36,0.0
raw,"RDO No. 76 - Victorias City, Negros Occidental is composed of the followin",,,,NEGROS OCCIDENTAL,ESCALANTE CITY,ROAD,ALL OTHER LOTS,,A37,Agricultural - A37,0.0
raw,"RDO No. 76 - Victorias City, Negros Occidental is composed of the followin",,,,NEGROS OCCIDENTAL,ESCALANTE CITY,ROAD,ALL OTHER LOTS,,A38,Agricultural - A38,0.0
raw,"RDO No. 76 - Victorias City, Negros Occidental is composed of the followin",,,,NEGROS OCCIDENTAL,ESCALANTE CITY,ROAD,ALL OTHER LOTS,Sea Shore,A39,Agricultural - A39,0.0
raw,"RDO No. 76 - Victorias City, Negros Occidental is composed of the followin",,,,NEGROS OCCIDENTAL,ESCALANTE CITY,ROAD,ALL OTHER LOTS,Sea Shore,A42,Agricultural - A42,0.0
raw,"RDO No. 76 - Victorias City, Negros Occidental is composed of the followin",,,,NEGROS OCCIDENTAL,ESCALANTE CITY,ROAD,ALL OTHER LOTS,,A2,Agricultural - A2,0.0
raw,"RDO No. 76 - Victorias City, Negros Occidental is composed of the followin",,,,NEGROS OCCIDENTAL,ESCALANTE CITY,ROAD,ALL OTHER LOTS,,A4,Agricultural - A4,0.0
raw,"RDO No. 76 - Victorias City, Negros Occidental is composed of the followin",,,,NEGROS OCCIDENTAL,ESCALANTE CITY,ROAD,ALL OTHER LOTS,,A6,Agricultural - A6,0.0
raw,"RDO No. 76 - Victorias City, Negros Occidental is composed of the followin",,,,NEGROS OCCIDENTAL,ESCALANTE CITY,ROAD,ALL OTHER LOTS,,A7,Agricultural - A7,0.0
raw,"RDO No. 76 - Victorias City, Negros Occidental is composed of the followin",,,,NEGROS OCCIDENTAL,ESCALANTE CITY,ROAD,ALL OTHER LOTS,,A8,Agricultural - A8,0.0
raw,"RDO No. 76 - Victorias City, Negros Occidental is composed of the followin",,,,NEGROS OCCIDENTAL,ESCALANTE CITY,ROAD,ALL OTHER LOTS,,A12,Agricultural - A12,0.0
raw,"RDO No. 76 - Victorias City, Negros Occidental is composed of the followin",,,,NEGROS OCCIDENTAL,ESCALANTE CITY,ROAD,ALL OTHER LOTS,,A15,Agricultural - A15,0.0
raw,"RDO No. 76 - Victorias City, Negros Occidental is composed of the followin",,,,NEGROS OCCIDENTAL,ESCALANTE CITY,ROAD,ALL OTHER LOTS,,A16,Agricultural - A16,0.0
raw,"RDO No. 76 - Victorias City, Negros Occidental is composed of the followin",,,,NEGROS OCCIDENTAL,ESCALANTE CITY,ROAD,ALL OTHER LOTS,,A17,Agricultural - A17,25.0
raw,"RDO No. 76 - Victorias City, Negros Occidental is composed of the followin",,,,NEGROS OCCIDENTAL,ESCALANTE CITY,ROAD,ALL OTHER LOTS,,A23,Agricultural - A23,0.0
raw,"RDO No. 76 - Victorias City, Negros Occidental is composed of the followin",,,,NEGROS OCCIDENTAL,ESCALANTE CITY,ROAD,ALL OTHER LOTS,,A24,Agricultural - A24,0.0
raw,"RDO No. 76 - Victorias City, Negros Occidental is composed of the followin",,,,NEGROS OCCIDENTAL,ESCALANTE CITY,ROAD,ALL OTHER LOTS,,A25,Agricultural - A25,0.0
raw,"RDO No. 76 - Victorias City, Negros Occidental is composed of the followin",,,,NEGROS OCCIDENTAL,ESCALANTE CITY,ROAD,ALL OTHER LOTS,,A36,Agricultural - A36,0.0
raw,"RDO No. 76 - Victorias City, Negros Occidental is composed of the followin",,,,NEGROS OCCIDENTAL,ESCALANTE CITY,ROAD,ALL OTHER LOTS,,A37,Agricultural - A37,0.0
raw,"RDO No. 76 - Victorias City, Negros Occidental is composed of the followin",,,,NEGROS OCCIDENTAL,ESCALANTE CITY,ROAD,ALL OTHER LOTS,,A38,Agricultural - A38,0.0
raw,"RDO No. 76 - Victorias City, Negros Occidental is composed of the followin",,,,NEGROS OCCIDENTAL,ESCALANTE CITY,ROAD,ALL OTHER LOTS,Sea Shore,A39,Agricultural - A39,0.0
raw,"RDO No. 76 - Victorias City, Negros Occidental is composed of the followin",,,,NEGROS OCCIDENTAL,ESCALANTE CITY,ROAD,ALL OTHER LOTS,Sea Shore,A42,Agricultural - A42,0.0
raw,"RDO No. 76 - Victorias City, Negros Occidental is composed of the followin",,,,Negros Occidental,Escalante,(LIST OF STREETS),ABAD SANTOS EXT,Magsaysay Ave-Abad Santos (National Road to Lumayno St.),RR,Residential - Regular,3000.0
raw,"RDO No. 76 - Victorias City, Negros Occidental is composed of the followin",,,,Negros Occidental,Escalante,(LIST OF STREETS),ALL LOTS,Along Barangay Road,I,Industrial,2100.0
raw,"RDO No. 76 - Victorias City, Negros Occidental is composed of the followin",,,,Negros Occidental,Escalante,(LIST OF STREETS),ALL LOTS,Along Barangay Road,CR,Commercial - Regular,2150.0
raw,"RDO No. 76 - Victorias City, Negros Occidental is composed of the followin",,,,Negros Occidental,Escalante,(LIST OF STREETS),ALL LOTS,Within Brgy. Proper,RR,Residential - Regular,1250.0
raw,"RDO No. 76 - Victorias City, Negros Occidental is composed of the followin",,,,Negros Occidental,Escalante,(LIST OF STREETS),ALL LOTS,Outside Brgy. Proper (Interior Lots),RR,Residential - Regular,875.0
raw,"RDO No. 76 - Victorias City, Negros Occidental is composed of the followin",,,,Negros Occidental,Escalante,(LIST OF STREETS),ALL LOTS,Outside Brgy. Proper (Interior Lots),GP,General Purpose,500.0
raw,"RDO No. 76 - Victorias City, Negros Occidental is composed of the followin",,,,Negros Occidental,Escalante,(LIST OF STREETS),ALL LOTS,Outside Brgy. Proper (Interior Lots),A1,Agricultural - A1,60.0
raw,"RDO No. 76 - Victorias City, Negros Occidental is composed of the followin",,,,Negros Occidental,Escalante,(LIST OF STREETS),ALL LOTS,Outside Brgy. Proper (Interior Lots),A2,Agricultural - A2,38.0
raw,"RDO No. 76 - Victorias City, Negros Occidental is composed of the followin",,,,Negros Occidental,Escalante,(LIST OF STREETS),ALL LOTS,Outside Brgy. Proper (Interior Lots),A4,Agricultural - A4,38.0
raw,"RDO No. 76 - Victorias City, Negros Occidental is composed of the followin",,,,Negros Occidental,Escalante,(LIST OF STREETS),ALL LOTS,Outside Brgy. Proper (Interior Lots),A6,Agricultural - A6,60.0
raw,"RDO No. 76 - Victorias City, Negros Occidental is composed of the followin",,,,Negros Occidental,Escalante,(LIST OF STREETS),ALL LOTS,Outside Brgy. Proper (Interior Lots),A16,Agricultural - A16,24.0
raw,"RDO No. 76 - Victorias City, Negros Occidental is composed of the followin",,,,Negros Occidental,Escalante,(LIST OF STREETS),ALL LOTS,Outside Brgy. Proper (Interior Lots),A17,Agricultural - A17,60.0
raw,"RDO No. 76 - Victorias City, Negros Occidental is composed of the followin",,,,Negros Occidental,Escalante,(LIST OF STREETS),ALL LOTS,Outside Brgy. Proper (Interior Lots),A25,Agricultural - A25,18.0
raw,"RDO No. 76 - Victorias City, Negros Occidental is composed of the followin",,,,Negros Occidental,Escalante,(LIST OF STREETS),ALL LOTS,Outside Brgy. Proper (Interior Lots),A39,Agricultural - A39,70.0
raw,"RDO No. 76 - Victorias City, Negros Occidental is composed of the followin",,,,Negros Occidental,Escalante,(LIST OF STREETS),ALL LOTS,Outside Brgy. Proper (Interior Lots),A40,Agricultural - A40,1800.0
raw,"RDO No. 76 - Victorias City, Negros Occidental is composed of the followin",,,,Negros Occidental,Escalante,(LIST OF STREETS),ALL LOTS,Outside Brgy. Proper (Interior Lots),A49,Agricultural - A49,18.0
raw,"RDO No. 76 - Victorias City, Negros Occidental is composed of the followin",,,,Negros Occidental,Escalante,(LIST OF STREETS),ALL LOTS,Outside Brgy. Proper (Interior Lots),A50,Agricultural - A50,12.0
raw,"RDO No. 76 - Victorias City, Negros Occidental is composed of the followin",,,,Negros Occidental,Escalante,(LIST OF STREETS),ALL LOTS,Along Barangay Road (Within Brgy. Proper),RR,Residential - Regular,1400.0
raw,"RDO No. 76 - Victorias City, Negros Occidental is composed of the followin",,,,Negros Occidental,Escalante,(LIST OF STREETS),ALL LOTS,Along Barangay Road (Within Brgy. Proper),CR,Commercial - Regular,2100.0
raw,"RDO No. 76 - Victorias City, Negros Occidental is composed of the followin",,,,Negros Occidental,Escalante,(LIST OF STREETS),ALL LOTS,Along Barangay Road (Within Brgy. Proper),GP,General Purpose,450.0
raw,"RDO No. 76 - Victorias City, Negros Occidental is composed of the followin",,,,Negros Occidental,Escalante,(LIST OF STREETS),ALL LOTS,Along Barangay Road (Within Brgy. Proper),I,Industrial,1600.0
raw,"RDO No. 76 - Victorias City, Negros Occidental is composed of the followin",,,,Negros Occidental,Escalante,(LIST OF STREETS),ALL LOTS,Along Barangay Road (Within Brgy. Proper),A1,Agricultural - A1,60.0
raw,"RDO No. 76 - Victorias City, Negros Occidental is composed of the followin",,,,Negros Occidental,Escalante,(LIST OF STREETS),ALL LOTS,Along Barangay Road (Within Brgy. Proper),A2,Agricultural - A2,38.0
raw,"RDO No. 76 - Victorias City, Negros Occidental is composed of the followin",,,,Negros Occidental,Escalante,(LIST OF STREETS),ALL LOTS,Along Barangay Road (Within Brgy. Proper),A4,Agricultural - A4,45.0
raw,"RDO No. 76 - Victorias City, Negros Occidental is composed of the followin",,,,Negros Occidental,Escalante,(LIST OF STREETS),ALL LOTS,Along Barangay Road (Within Brgy. Proper),A6,Agricultural - A6,60.0
raw,"RDO No. 76 - Victorias City, Negros Occidental is composed of the followin",,,,Negros Occidental,Escalante,(LIST OF STREETS),ALL LOTS,Along Barangay Road (Within Brgy. Proper),A7,Agricultural - A7,18.0
raw,"RDO No. 76 - Victorias City, Negros Occidental is composed of the followin",,,,Negros Occidental,Escalante,(LIST OF STREETS),ALL LOTS,Along Barangay Road (Within Brgy. Proper),A16,Agricultural - A16,25.0
raw,"RDO No. 76 - Victorias City, Negros Occidental is composed of the followin",,,,Negros Occidental,Escalante,(LIST OF STREETS),ALL LOTS,Along Barangay Road (Within Brgy. Proper),A17,Agricultural - A17,60.0
raw,"RDO No. 76 - Victorias City, Negros Occidental is composed of the followin",,,,Negros Occidental,Escalante,(LIST OF STREETS),ALL LOTS,Along Barangay Road (Within Brgy. Proper),A24,Agricultural - A24,15.0
raw,"RDO No. 76 - Victorias City, Negros Occidental is composed of the followin",,,,Negros Occidental,Escalante,(LIST OF STREETS),ALL LOTS,Along Barangay Road (Within Brgy. Proper),A25,Agricultural - A25,15.0
raw,"RDO No. 76 - Victorias City, Negros Occidental is composed of the followin",,,,Negros Occidental,Escalante,(LIST OF STREETS),ALL LOTS,Along Barangay Road (Within Brgy. Proper),A31,Agricultural - A31,70.0
raw,"RDO No. 76 - Victorias City, Negros Occidental is composed of the followin",,,,Negros Occidental,Escalante,(LIST OF STREETS),ALL LOTS,Along Barangay Road (Within Brgy. Proper),A39,Agricultural - A39,65.0
raw,"RDO No. 76 - Victorias City, Negros Occidental is composed of the followin",,,,Negros Occidental,Escalante,(LIST OF STREETS),ALL LOTS,Along Barangay Road (Within Brgy. Proper),A42,Agricultural - A42,55.0
raw,"RDO No. 76 - Victorias City, Negros Occidental is composed of the followin",,,,Negros Occidental,Escalante,(LIST OF STREETS),ALL LOTS,Along Barangay Road (Within Brgy. Proper),A50,Agricultural - A50,12.0
raw,"RDO No. 76 - Victorias City, Negros Occidental is composed of the followin",,,,Negros Occidental,Escalante,(LIST OF STREETS),ALL LOTS,Along National Road,CR,Commercial - Regular,2500.0
raw,"RDO No. 76 - Victorias City, Negros Occidental is composed of the followin",,,,Negros Occidental,Escalante,(LIST OF STREETS),ALL LOTS,Within Brgy. Proper,RR,Residential - Regular,2000.0
raw,"RDO No. 76 - Victorias City, Negros Occidental is composed of the followin",,,,Negros Occidental,Escalante,(LIST OF STREETS),ALL LOTS,Outside Brgy. Proper (Interior Lots),RR,Residential - Regular,1400.0
raw,"RDO No. 76 - Victorias City, Negros Occidental is composed of the followin",,,,Negros Occidental,Escalante,(LIST OF STREETS),ALL LOTS,Outside Brgy. Proper (Interior Lots),GP,General Purpose,450.0
raw,"RDO No. 76 - Victorias City, Negros Occidental is composed of the followin",,,,Negros Occidental,Escalante,(LIST OF STREETS),ALL LOTS,Outside Brgy. Proper (Interior Lots),I,Industrial,2200.0
raw,"RDO No. 76 - Victorias City, Negros Occidental is composed of the followin",,,,Negros Occidental,Escalante,(LIST OF STREETS),ALL LOTS,Outside Brgy. Proper (Interior Lots),A1,Agricultural - A1,60.0
raw,"RDO No. 76 - Victorias City, Negros Occidental is composed of the followin",,,,Negros Occidental,Escalante,(LIST OF STREETS),ALL LOTS,Outside Brgy. Proper (Interior Lots),A2,Agricultural - A2,38.0
raw,"RDO No. 76 - Victorias City, Negros Occidental is composed of the followin",,,,Negros Occidental,Escalante,(LIST OF STREETS),ALL LOTS,Outside Brgy. Proper (Interior Lots),A4,Agricultural - A4,38.0
raw,"RDO No. 76 - Victorias City, Negros Occidental is composed of the followin",,,,Negros Occidental,Escalante,(LIST OF STREETS),ALL LOTS,Outside Brgy. Proper (Interior Lots),A12,Agricultural - A12,30.0
raw,"RDO No. 76 - Victorias City, Negros Occidental is composed of the followin",,,,Negros Occidental,Escalante,(LIST OF STREETS),ALL LOTS,Outside Brgy. Proper (Interior Lots),A16,Agricultural - A16,25.0
raw,"RDO No. 76 - Victorias City, Negros Occidental is composed of the followin",,,,Negros Occidental,Escalante,(LIST OF STREETS),ALL LOTS,Outside Brgy. Proper (Interior Lots),A17,Agricultural - A17,60.0
raw,"RDO No. 76 - Victorias City, Negros Occidental is composed of the followin",,,,Negros Occidental,Escalante,(LIST OF STREETS),ALL LOTS,Quarry/Mineral Land,A31,Agricultural - A31,70.0
raw,"RDO No. 76 - Victorias City, Negros Occidental is composed of the followin",,,,Negros Occidental,Escalante,(LIST OF STREETS),ALL LOTS,Timber,A36,Agricultural - A36,37.0
raw,"RDO No. 76 - Victorias City, Negros Occidental is composed of the followin",,,,Negros Occidental,Escalante,(LIST OF STREETS),ALL LOTS,Timber,A40,Agricultural - A40,25.0
raw,"RDO No. 76 - Victorias City, Negros Occidental is composed of the followin",,,,Negros Occidental,Escalante,(LIST OF STREETS),ALL LOTS,"Sandy, Hilly & Slopes",A41,Agricultural - A41,18.0
raw,"RDO No. 76 - Victorias City, Negros Occidental is composed of the followin",,,,Negros Occidental,Escalante,(LIST OF STREETS),ALL LOTS,"Sandy, Hilly & Slopes",A49,Agricultural - A49,18.0
raw,"RDO No. 76 - Victorias City, Negros Occidental is composed of the followin",,,,Negros Occidental,Escalante,(LIST OF STREETS),ALL LOTS,Cassava & Other Root Crops,A50,Agricultural - A50,18.0
raw,"RDO No. 76 - Victorias City, Negros Occidental is composed of the followin",,,,Negros Occidental,Escalante,(LIST OF STREETS),ALL LOTS,Along National Road,CR,Commercial - Regular,2700.0
raw,"RDO No. 76 - Victorias City, Negros Occidental is composed of the followin",,,,Negros Occidental,Escalante,(LIST OF STREETS),ALL LOTS,Within Brgy. Proper,RR,Residential - Regular,1750.0
raw,"RDO No. 76 - Victorias City, Negros Occidental is composed of the followin",,,,Negros Occidental,Escalante,(LIST OF STREETS),ALL LOTS,Outside Brgy. Proper (Interior Lots),RR,Residential - Regular,1150.0
raw,"RDO No. 76 - Victorias City, Negros Occidental is composed of the followin",,,,Negros Occidental,Escalante,(LIST OF STREETS),ALL LOTS,Outside Brgy. Proper (Interior Lots),GP,General Purpose,500.0
raw,"RDO No. 76 - Victorias City, Negros Occidental is composed of the followin",,,,Negros Occidental,Escalante,(LIST OF STREETS),ALL LOTS,Outside Brgy. Proper (Interior Lots),I,Industrial,2500.0
raw,"RDO No. 76 - Victorias City, Negros Occidental is composed of the followin",,,,Negros Occidental,Escalante,(LIST OF STREETS),ALL LOTS,Outside Brgy. Proper (Interior Lots),A1,Agricultural - A1,60.0
raw,"RDO No. 76 - Victorias City, Negros Occidental is composed of the followin",,,,Negros Occidental,Escalante,(LIST OF STREETS),ALL LOTS,Outside Brgy. Proper (Interior Lots),A2,Agricultural - A2,38.0
raw,"RDO No. 76 - Victorias City, Negros Occidental is composed of the followin",,,,Negros Occidental,Escalante,(LIST OF STREETS),ALL LOTS,Outside Brgy. Proper (Interior Lots),A4,Agricultural - A4,38.0
raw,"RDO No. 76 - Victorias City, Negros Occidental is composed of the followin",,,,Negros Occidental,Escalante,(LIST OF STREETS),ALL LOTS,Outside Brgy. Proper (Interior Lots),A6,Agricultural - A6,70.0
raw,"RDO No. 76 - Victorias City, Negros Occidental is composed of the followin",,,,Negros Occidental,Escalante,(LIST OF STREETS),ALL LOTS,Outside Brgy. Proper (Interior Lots),A12,Agricultural - A12,40.0
raw,"RDO No. 76 - Victorias City, Negros Occidental is composed of the followin",,,,Negros Occidental,Escalante,(LIST OF STREETS),ALL LOTS,Outside Brgy. Proper (Interior Lots),A16,Agricultural - A16,25.0
raw,"RDO No. 76 - Victorias City, Negros Occidental is composed of the followin",,,,Negros Occidental,Escalante,(LIST OF STREETS),ALL LOTS,Outside Brgy. Proper (Interior Lots),A17,Agricultural - A17,60.0
raw,"RDO No. 76 - Victorias City, Negros Occidental is composed of the followin",,,,Negros Occidental,Escalante,(LIST OF STREETS),ALL LOTS,Outside Brgy. Proper (Interior Lots),A36,Agricultural - A36,37.0
raw,"RDO No. 76 - Victorias City, Negros Occidental is composed of the followin",,,,Negros Occidental,Escalante,(LIST OF STREETS),ALL LOTS,Outside Brgy. Proper (Interior Lots),A37,Agricultural - A37,25.0
raw,"RDO No. 76 - Victorias City, Negros Occidental is composed of the followin",,,,Negros Occidental,Escalante,(LIST OF STREETS),ALL LOTS,Outside Brgy. Proper (Interior Lots),A50,Agricultural - A50,15.0
raw,"RDO No. 76 - Victorias City, Negros Occidental is composed of the followin",,,,Negros Occidental,Escalante,(LIST OF STREETS),ALL LOTS,Along Provincial Road,CR,Commercial - Regular,2900.0
raw,"RDO No. 76 - Victorias City, Negros Occidental is composed of the followin",,,,Negros Occidental,Escalante,(LIST OF STREETS),ALL LOTS,Along Provincial Road,RR,Residential - Regular,1700.0
raw,"RDO No. 76 - Victorias City, Negros Occidental is composed of the followin",,,,Negros Occidental,Escalante,(LIST OF STREETS),ALL LOTS,Interior Lots,RR,Residential - Regular,1340.0
raw,"RDO No. 76 - Victorias City, Negros Occidental is composed of the followin",,,,Negros Occidental,Escalante,(LIST OF STREETS),ALL LOTS,Interior Lots,GP,General Purpose,500.0
raw,"RDO No. 76 - Victorias City, Negros Occidental is composed of the followin",,,,Negros Occidental,Escalante,(LIST OF STREETS),ALL LOTS,Interior Lots,I,Industrial,2300.0
raw,"RDO No. 76 - Victorias City, Negros Occidental is composed of the followin",,,,Negros Occidental,Escalante,(LIST OF STREETS),ALL LOTS,Interior Lots,A4,Agricultural - A4,40.0
raw,"RDO No. 76 - Victorias City, Negros Occidental is composed of the followin",,,,Negros Occidental,Escalante,(LIST OF STREETS),ALL LOTS,Interior Lots,A6,Agricultural - A6,60.0
raw,"RDO No. 76 - Victorias City, Negros Occidental is composed of the followin",,,,Negros Occidental,Escalante,(LIST OF STREETS),ALL LOTS,Interior Lots,A7,Agricultural - A7,18.0
raw,"RDO No. 76 - Victorias City, Negros Occidental is composed of the followin",,,,Negros Occidental,Escalante,(LIST OF STREETS),ALL LOTS,Interior Lots,A12,Agricultural - A12,40.0
raw,"RDO No. 76 - Victorias City, Negros Occidental is composed of the followin",,,,Negros Occidental,Escalante,(LIST OF STREETS),ALL LOTS,Interior Lots,A16,Agricultural - A16,25.0
raw,"RDO No. 76 - Victorias City, Negros Occidental is composed of the followin",,,,Negros Occidental,Escalante,(LIST OF STREETS),ALL LOTS,Interior Lots,A17,Agricultural - A17,60.0
raw,"RDO No. 76 - Victorias City, Negros Occidental is composed of the followin",,,,Negros Occidental,Escalante,(LIST OF STREETS),ALL LOTS,Interior Lots,A23,Agricultural - A23,55.0
raw,"RDO No. 76 - Victorias City, Negros Occidental is composed of the followin",,,,Negros Occidental,Escalante,(LIST OF STREETS),ALL LOTS,Interior Lots,A24,Agricultural - A24,15.0
raw,"RDO No. 76 - Victorias City, Negros Occidental is composed of the followin",,,,Negros Occidental,Escalante,(LIST OF STREETS),ALL LOTS,Interior Lots,A37,Agricultural - A37,18.0
raw,"RDO No. 76 - Victorias City, Negros Occidental is composed of the followin",,,,Negros Occidental,Escalante,(LIST OF STREETS),ALL LOTS,SEASHORE,A39,Agricultural - A39,3500.0
raw,"RDO No. 76 - Victorias City, Negros Occidental is composed of the followin",,,,Negros Occidental,Escalante,(LIST OF STREETS),ALL LOTS,RESORT,A40,Agricultural - A40,3000.0
raw,"RDO No. 76 - Victorias City, Negros Occidental is composed of the followin",,,,Negros Occidental,Escalante,(LIST OF STREETS),ALL LOTS,RESORT,A49,Agricultural - A49,18.0
raw,"RDO No. 76 - Victorias City, Negros Occidental is composed of the followin",,,,Negros Occidental,Escalante,(LIST OF STREETS),ALL LOTS,RESORT,A50,Agricultural - A50,18.0
raw,"RDO No. 76 - Victorias City, Negros Occidental is composed of the followin",,,,Negros Occidental,Escalante,(LIST OF STREETS),ALL LOTS,Along Provl Road to toboso,CR,Commercial - Regular,3050.0
raw,"RDO No. 76 - Victorias City, Negros Occidental is composed of the followin",,,,Negros Occidental,Escalante,(LIST OF STREETS),ALL LOTS,Along Provl Road to toboso,I,Industrial,2500.0
raw,"RDO No. 76 - Victorias City, Negros Occidental is composed of the followin",,,,Negros Occidental,Escalante,(LIST OF STREETS),ALL LOTS,Within Brgy. Proper,RR,Residential - Regular,2300.0
raw,"RDO No. 76 - Victorias City, Negros Occidental is composed of the followin",,,,Negros Occidental,Escalante,(LIST OF STREETS),ALL LOTS,Interior Lots,RR,Residential - Regular,1800.0
raw,"RDO No. 76 - Victorias City, Negros Occidental is composed of the followin",,,,Negros Occidental,Escalante,(LIST OF STREETS),ALL LOTS,Interior Lots,GP,General Purpose,500.0
raw,"RDO No. 76 - Victorias City, Negros Occidental is composed of the followin",,,,Negros Occidental,Escalante,(LIST OF STREETS),ALL LOTS,Within Brgy. Proper (Along Provincial Road),RR,Residential - Regular,1950.0
raw,"RDO No. 76 - Victorias City, Negros Occidental is composed of the followin",,,,Negros Occidental,Escalante,(LIST OF STREETS),ALL LOTS,Outside Brgy. Proper (Interior Lots),RR,Residential - Regular,1600.0
raw,"RDO No. 76 - Victorias City, Negros Occidental is composed of the followin",,,,Negros Occidental,Escalante,(LIST OF STREETS),ALL LOTS,Along Barangay Road,RR,Residential - Regular,1800.0
raw,"RDO No. 76 - Victorias City, Negros Occidental is composed of the followin",,,,Negros Occidental,Escalante,(LIST OF STREETS),ALL LOTS,Interior Lots,RR,Residential - Regular,770.0
raw,"RDO No. 76 - Victorias City, Negros Occidental is composed of the followin",,,,Negros Occidental,Escalante,(LIST OF STREETS),ALL LOTS,Interior Lots,GP,General Purpose,500.0
raw,"RDO No. 76 - Victorias City, Negros Occidental is composed of the followin",,,,Negros Occidental,Escalante,(LIST OF STREETS),ALL LOTS,Interior Lots,CR,Commercial - Regular,2500.0
raw,"RDO No. 76 - Victorias City, Negros Occidental is composed of the followin",,,,Negros Occidental,Escalante,(LIST OF STREETS),ALL LOTS,Interior Lots,I,Industrial,2000.0
raw,"RDO No. 76 - Victorias City, Negros Occidental is composed of the followin",,,,Negros Occidental,Escalante,(LIST OF STREETS),ALL LOTS,Interior Lots,A2,Agricultural - A2,40.0
raw,"RDO No. 76 - Victorias City, Negros Occidental is composed of the followin",,,,Negros Occidental,Escalante,(LIST OF STREETS),ALL LOTS,Interior Lots,A4,Agricultural - A4,40.0
raw,"RDO No. 76 - Victorias City, Negros Occidental is composed of the followin",,,,Negros Occidental,Escalante,(LIST OF STREETS),ALL LOTS,Interior Lots,A6,Agricultural - A6,60.0
raw,"RDO No. 76 - Victorias City, Negros Occidental is composed of the followin",,,,Negros Occidental,Escalante,(LIST OF STREETS),ALL LOTS,Interior Lots,A8,Agricultural - A8,30.0
raw,"RDO No. 76 - Victorias City, Negros Occidental is composed of the followin",,,,Negros Occidental,Escalante,(LIST OF STREETS),ALL LOTS,Interior Lots,A15,Agricultural - A15,15.0
raw,"RDO No. 76 - Victorias City, Negros Occidental is composed of the followin",,,,Negros Occidental,Escalante,(LIST OF STREETS),ALL LOTS,Interior Lots,A16,Agricultural - A16,25.0
raw,"RDO No. 76 - Victorias City, Negros Occidental is composed of the followin",,,,Negros Occidental,Escalante,(LIST OF STREETS),ALL LOTS,Interior Lots,A17,Agricultural - A17,60.0
raw,"RDO No. 76 - Victorias City, Negros Occidental is composed of the followin",,,,Negros Occidental,Escalante,(LIST OF STREETS),ALL LOTS,Interior Lots,A24,Agricultural - A24,15.0
raw,"RDO No. 76 - Victorias City, Negros Occidental is composed of the followin",,,,Negros Occidental,Escalante,(LIST OF STREETS),ALL LOTS,Interior Lots,A25,Agricultural - A25,25.0
raw,"RDO No. 76 - Victorias City, Negros Occidental is composed of the followin",,,,Negros Occidental,Escalante,(LIST OF STREETS),ALL LOTS,Interior Lots,A31,Agricultural - A31,70.0
raw,"RDO No. 76 - Victorias City, Negros Occidental is composed of the followin",,,,Negros Occidental,Escalante,(LIST OF STREETS),ALL LOTS,Interior Lots,A37,Agricultural - A37,15.0
raw,"RDO No. 76 - Victorias City, Negros Occidental is composed of the followin",,,,Negros Occidental,Escalante,(LIST OF STREETS),ALL LOTS,Interior Lots,A49,Agricultural - A49,18.0
raw,"RDO No. 76 - Victorias City, Negros Occidental is composed of the followin",,,,Negros Occidental,Escalante,(LIST OF STREETS),ALL LOTS,Interior Lots,A50,Agricultural - A50,18.0
raw,"RDO No. 76 - Victorias City, Negros Occidental is composed of the followin",,,,Negros Occidental,Escalante,(LIST OF STREETS),ALL LOTS,Along Barangay Road,CR,Commercial - Regular,1600.0
raw,"RDO No. 76 - Victorias City, Negros Occidental is composed of the followin",,,,Negros Occidental,Escalante,(LIST OF STREETS),ALL LOTS,With Brgy. Proper,RR,Residential - Regular,1150.0
raw,"RDO No. 76 - Victorias City, Negros Occidental is composed of the followin",,,,Negros Occidental,Escalante,(LIST OF STREETS),ALL LOTS,Outside Brgy. Proper (Interior Lots),RR,Residential - Regular,750.0
raw,"RDO No. 76 - Victorias City, Negros Occidental is composed of the followin",,,,Negros Occidental,Escalante,(LIST OF STREETS),ALL LOTS,Outside Brgy. Proper (Interior Lots),GP,General Purpose,350.0
raw,"RDO No. 76 - Victorias City, Negros Occidental is composed of the followin",,,,Negros Occidental,Escalante,(LIST OF STREETS),ALL LOTS,Outside Brgy. Proper (Interior Lots),I,Industrial,1300.0
raw,"RDO No. 76 - Victorias City, Negros Occidental is composed of the followin",,,,Negros Occidental,Escalante,(LIST OF STREETS),ALL LOTS,Outside Brgy. Proper (Interior Lots),A3,Agricultural - A3,25.0
raw,"RDO No. 76 - Victorias City, Negros Occidental is composed of the followin",,,,Negros Occidental,Escalante,(LIST OF STREETS),ALL LOTS,Outside Brgy. Proper (Interior Lots),A7,Agricultural - A7,18.0
raw,"RDO No. 76 - Victorias City, Negros Occidental is composed of the followin",,,,Negros Occidental,Escalante,(LIST OF STREETS),ALL LOTS,Outside Brgy. Proper (Interior Lots),A12,Agricultural - A12,30.0
raw,"RDO No. 76 - Victorias City, Negros Occidental is composed of the followin",,,,Negros Occidental,Escalante,(LIST OF STREETS),ALL LOTS,Outside Brgy. Proper (Interior Lots),A16,Agricultural - A16,30.0
raw,"RDO No. 76 - Victorias City, Negros Occidental is composed of the followin",,,,Negros Occidental,Escalante,(LIST OF STREETS),ALL LOTS,Outside Brgy. Proper (Interior Lots),A17,Agricultural - A17,60.0
raw,"RDO No. 76 - Victorias City, Negros Occidental is composed of the followin",,,,Negros Occidental,Escalante,(LIST OF STREETS),ALL LOTS,Outside Brgy. Proper (Interior Lots),A25,Agricultural - A25,60.0
raw,"RDO No. 76 - Victorias City, Negros Occidental is composed of the followin",,,,Negros Occidental,Escalante,(LIST OF STREETS),ALL LOTS,Outside Brgy. Proper (Interior Lots),A31,Agricultural - A31,70.0
raw,"RDO No. 76 - Victorias City, Negros Occidental is composed of the followin",,,,Negros Occidental,Escalante,(LIST OF STREETS),ALL LOTS,Outside Brgy. Proper (Interior Lots),A36,Agricultural - A36,37.0
raw,"RDO No. 76 - Victorias City, Negros Occidental is composed of the followin",,,,Negros Occidental,Escalante,(LIST OF STREETS),ALL LOTS,Outside Brgy. Proper (Interior Lots),A37,Agricultural - A37,25.0
raw,"RDO No. 76 - Victorias City, Negros Occidental is composed of the followin",,,,Negros Occidental,Escalante,(LIST OF STREETS),ALL LOTS,Outside Brgy. Proper (Interior Lots),A49,Agricultural - A49,18.0
raw,"RDO No. 76 - Victorias City, Negros Occidental is composed of the followin",,,,Negros Occidental,Escalante,(LIST OF STREETS),ALL LOTS,Outside Brgy. Proper (Interior Lots),A50,Agricultural - A50,18.0
raw,"RDO No. 76 - Victorias City, Negros Occidental is composed of the followin",,,,Negros Occidental,Escalante,(LIST OF STREETS),ALL LOTS,Along Provl Road to toboso,CR,Commercial - Regular,2600.0
raw,"RDO No. 76 - Victorias City, Negros Occidental is composed of the followin",,,,Negros Occidental,Escalante,(LIST OF STREETS),ALL LOTS,Within Barangay Proper,RR,Residential - Regular,1500.0
raw,"RDO No. 76 - Victorias City, Negros Occidental is composed of the followin",,,,Negros Occidental,Escalante,(LIST OF STREETS),ALL LOTS,Outside Brgy. Proper (Interior Lots),RR,Residential - Regular,1000.0
raw,"RDO No. 76 - Victorias City, Negros Occidental is composed of the followin",,,,Negros Occidental,Escalante,(LIST OF STREETS),ALL LOTS,Along Barangay Road,CR,Commercial - Regular,2100.0
raw,"RDO No. 76 - Victorias City, Negros Occidental is composed of the followin",,,,Negros Occidental,Escalante,(LIST OF STREETS),ALL LOTS,Along Barangay Road,RR,Residential - Regular,1300.0
raw,"RDO No. 76 - Victorias City, Negros Occidental is composed of the followin",,,,Negros Occidental,Escalante,(LIST OF STREETS),ALL LOTS,Interior Lots,RR,Residential - Regular,1050.0
raw,"RDO No. 76 - Victorias City, Negros Occidental is composed of the followin",,,,Negros Occidental,Escalante,(LIST OF STREETS),ALL LOTS,Interior Lots,GP,General Purpose,300.0
raw,"RDO No. 76 - Victorias City, Negros Occidental is composed of the followin",,,,Negros Occidental,Escalante,(LIST OF STREETS),ALL LOTS,Interior Lots,I,Industrial,2100.0
raw,"RDO No. 76 - Victorias City, Negros Occidental is composed of the followin",,,,Negros Occidental,Escalante,(LIST OF STREETS),ALL LOTS,Interior Lots,A2,Agricultural - A2,40.0
raw,"RDO No. 76 - Victorias City, Negros Occidental is composed of the followin",,,,Negros Occidental,Escalante,(LIST OF STREETS),ALL LOTS,Interior Lots,A4,Agricultural - A4,40.0
raw,"RDO No. 76 - Victorias City, Negros Occidental is composed of the followin",,,,Negros Occidental,Escalante,(LIST OF STREETS),ALL LOTS,Interior Lots,A7,Agricultural - A7,18.0
raw,"RDO No. 76 - Victorias City, Negros Occidental is composed of the followin",,,,Negros Occidental,Escalante,(LIST OF STREETS),ALL LOTS,Interior Lots,A12,Agricultural - A12,30.0
raw,"RDO No. 76 - Victorias City, Negros Occidental is composed of the followin",,,,Negros Occidental,Escalante,(LIST OF STREETS),ALL LOTS,Interior Lots,A16,Agricultural - A16,36.0
raw,"RDO No. 76 - Victorias City, Negros Occidental is composed of the followin",,,,Negros Occidental,Escalante,(LIST OF STREETS),ALL LOTS,Interior Lots,A17,Agricultural - A17,60.0
raw,"RDO No. 76 - Victorias City, Negros Occidental is composed of the followin",,,,Negros Occidental,Escalante,(LIST OF STREETS),ALL LOTS,Interior Lots,A25,Agricultural - A25,15.0
raw,"RDO No. 76 - Victorias City, Negros Occidental is composed of the followin",,,,Negros Occidental,Escalante,(LIST OF STREETS),ALL LOTS,Interior Lots,A36,Agricultural - A36,37.0
raw,"RDO No. 76 - Victorias City, Negros Occidental is composed of the followin",,,,Negros Occidental,Escalante,(LIST OF STREETS),ALL LOTS,Interior Lots,A37,Agricultural - A37,25.0
raw,"RDO No. 76 - Victorias City, Negros Occidental is composed of the followin",,,,Negros Occidental,Escalante,(LIST OF STREETS),ALL LOTS,Interior Lots,A49,Agricultural - A49,18.0
raw,"RDO No. 76 - Victorias City, Negros Occidental is composed of the followin",,,,Negros Occidental,Escalante,(LIST OF STREETS),ALL LOTS,Interior Lots,A50,Agricultural - A50,18.0
raw,"RDO No. 76 - Victorias City, Negros Occidental is composed of the followin",,,,Negros Occidental,Escalante,(LIST OF STREETS),ALL LOTS ALONG MAIN ROADS,Along Barangay Road,CR,Commercial - Regular,2050.0
raw,"RDO No. 76 - Victorias City, Negros Occidental is composed of the followin",,,,Negros Occidental,Escalante,(LIST OF STREETS),ALL LOTS ALONG MAIN ROADS,Within Brgy. Proper,RR,Residential - Regular,1200.0
raw,"RDO No. 76 - Victorias City, Negros Occidental is composed of the followin",,,,Negros Occidental,Escalante,(LIST OF STREETS),ALL LOTS ALONG MAIN ROADS,Outside Brgy. Proper (Interior Lots),RR,Residential - Regular,950.0
raw,"RDO No. 76 - Victorias City, Negros Occidental is composed of the followin",,,,Negros Occidental,Escalante,(LIST OF STREETS),ALL LOTS ALONG MAIN ROADS,Outside Brgy. Proper (Interior Lots),GP,General Purpose,500.0
raw,"RDO No. 76 - Victorias City, Negros Occidental is composed of the followin",,,,Negros Occidental,Escalante,(LIST OF STREETS),ALL LOTS ALONG MAIN ROADS,Outside Brgy. Proper (Interior Lots),I,Industrial,1500.0
raw,"RDO No. 76 - Victorias City, Negros Occidental is composed of the followin",,,,Negros Occidental,Escalante,(LIST OF STREETS),ALL LOTS ALONG MAIN ROADS,Outside Brgy. Proper (Interior Lots),A1,Agricultural - A1,54.0
raw,"RDO No. 76 - Victorias City, Negros Occidental is composed of the followin",,,,Negros Occidental,Escalante,(LIST OF STREETS),ALL LOTS ALONG MAIN ROADS,Outside Brgy. Proper (Interior Lots),A2,Agricultural - A2,39.0
raw,"RDO No. 76 - Victorias City, Negros Occidental is composed of the followin",,,,Negros Occidental,Escalante,(LIST OF STREETS),ALL LOTS ALONG MAIN ROADS,Outside Brgy. Proper (Interior Lots),A3,Agricultural - A3,25.0
raw,"RDO No. 76 - Victorias City, Negros Occidental is composed of the followin",,,,Negros Occidental,Escalante,(LIST OF STREETS),ALL LOTS ALONG MAIN ROADS,Outside Brgy. Proper (Interior Lots),A4,Agricultural - A4,39.0
raw,"RDO No. 76 - Victorias City, Negros Occidental is composed of the followin",,,,Negros Occidental,Escalante,(LIST OF STREETS),ALL LOTS ALONG MAIN ROADS,Outside Brgy. Proper (Interior Lots),A7,Agricultural - A7,24.0
raw,"RDO No. 76 - Victorias City, Negros Occidental is composed of the followin",,,,Negros Occidental,Escalante,(LIST OF STREETS),ALL LOTS ALONG MAIN ROADS,Outside Brgy. Proper (Interior Lots),A16,Agricultural - A16,26.0
raw,"RDO No. 76 - Victorias City, Negros Occidental is composed of the followin",,,,Negros Occidental,Escalante,(LIST OF STREETS),ALL LOTS ALONG MAIN ROADS,Outside Brgy. Proper (Interior Lots),A17,Agricultural - A17,60.0
raw,"RDO No. 76 - Victorias City, Negros Occidental is composed of the followin",,,,Negros Occidental,Escalante,(LIST OF STREETS),ALL LOTS ALONG MAIN ROADS,Outside Brgy. Proper (Interior Lots),A23,Agricultural - A23,54.0
raw,"RDO No. 76 - Victorias City, Negros Occidental is composed of the followin",,,,Negros Occidental,Escalante,(LIST OF STREETS),ALL LOTS ALONG MAIN ROADS,Outside Brgy. Proper (Interior Lots),A25,Agricultural - A25,18.0
raw,"RDO No. 76 - Victorias City, Negros Occidental is composed of the followin",,,,Negros Occidental,Escalante,(LIST OF STREETS),ALL LOTS ALONG MAIN ROADS,Outside Brgy. Proper (Interior Lots),A31,Agricultural - A31,68.0
raw,"RDO No. 76 - Victorias City, Negros Occidental is composed of the followin",,,,Negros Occidental,Escalante,(LIST OF STREETS),ALL LOTS ALONG MAIN ROADS,Outside Brgy. Proper (Interior Lots),A36,Agricultural - A36,43.0
raw,"RDO No. 76 - Victorias City, Negros Occidental is composed of the followin",,,,Negros Occidental,Escalante,(LIST OF STREETS),ALL LOTS ALONG MAIN ROADS,Outside Brgy. Proper (Interior Lots),A49,Agricultural - A49,24.0
raw,"RDO No. 76 - Victorias City, Negros Occidental is composed of the followin",,,,Negros Occidental,Escalante,(LIST OF STREETS),ALL LOTS ALONG MAIN ROADS,Outside Brgy. Proper (Interior Lots),A50,Agricultural - A50,15.0
raw,"RDO No. 76 - Victorias City, Negros Occidental is composed of the followin",,,,Negros Occidental,Escalante,(LIST OF STREETS),ALL OTHER LOTS,Along the Seaport,GP,General Purpose,500.0
raw,"RDO No. 76 - Victorias City, Negros Occidental is composed of the followin",,,,Negros Occidental,Escalante,(LIST OF STREETS),ALL OTHER LOTS,Along the Seaport,A2,Agricultural - A2,45.0
raw,"RDO No. 76 - Victorias City, Negros Occidental is composed of the followin",,,,Negros Occidental,Escalante,(LIST OF STREETS),ALL OTHER LOTS,Along the Seaport,A6,Agricultural - A6,60.0
raw,"RDO No. 76 - Victorias City, Negros Occidental is composed of the followin",,,,Negros Occidental,Escalante,(LIST OF STREETS),ALL OTHER LOTS,Along the Seaport,A12,Agricultural - A12,40.0
raw,"RDO No. 76 - Victorias City, Negros Occidental is composed of the followin",,,,Negros Occidental,Escalante,(LIST OF STREETS),ALL OTHER LOTS,Along the Seaport,A15,Agricultural - A15,15.0
raw,"RDO No. 76 - Victorias City, Negros Occidental is composed of the followin",,,,Negros Occidental,Escalante,(LIST OF STREETS),ALL OTHER LOTS,Along the Seaport,A16,Agricultural - A16,30.0
raw,"RDO No. 76 - Victorias City, Negros Occidental is composed of the followin",,,,Negros Occidental,Escalante,(LIST OF STREETS),ALL OTHER LOTS,Along the Seaport,A17,Agricultural - A17,60.0
raw,"RDO No. 76 - Victorias City, Negros Occidental is composed of the followin",,,,Negros Occidental,Escalante,(LIST OF STREETS),ALL OTHER LOTS,Along the Seaport,A24,Agricultural - A24,15.0
raw,"RDO No. 76 - Victorias City, Negros Occidental is composed of the followin",,,,Negros Occidental,Escalante,(LIST OF STREETS),ALL OTHER LOTS,Along the Seaport,A25,Agricultural - A25,25.0
raw,"RDO No. 76 - Victorias City, Negros Occidental is composed of the followin",,,,Negros Occidental,Escalante,(LIST OF STREETS),ALL OTHER LOTS,Along the Seaport,A36,Agricultural - A36,37.0
raw,"RDO No. 76 - Victorias City, Negros Occidental is composed of the followin",,,,Negros Occidental,Escalante,(LIST OF STREETS),ALL OTHER LOTS,Along the Seaport,A37,Agricultural - A37,25.0
raw,"RDO No. 76 - Victorias City, Negros Occidental is composed of the followin",,,,Negros Occidental,Escalante,(LIST OF STREETS),ALL OTHER LOTS,Along the Seaport,A38,Agricultural - A38,40.0
raw,"RDO No. 76 - Victorias City, Negros Occidental is composed of the followin",,,,Negros Occidental,Escalante,(LIST OF STREETS),ALL OTHER LOTS,Along the Seaport,A39,Agricultural - A39,70.0
raw,"RDO No. 76 - Victorias City, Negros Occidental is composed of the followin",,,,Negros Occidental,Escalante,(LIST OF STREETS),ALL OTHER LOTS,Resort,A40,Agricultural - A40,1500.0
raw,"RDO No. 76 - Victorias City, Negros Occidental is composed of the followin",,,,Negros Occidental,Escalante,(LIST OF STREETS),ALL OTHER LOTS,Resort,A50,Agricultural - A50,18.0
raw,"RDO No. 76 - Victorias City, Negros Occidental is composed of the followin",,,,Negros Occidental,Escalante,(LIST OF STREETS),ALL OTHER LOTS,Outside Barangay Proper,RR,Residential - Regular,1250.0
raw,"RDO No. 76 - Victorias City, Negros Occidental is composed of the followin",,,,Negros Occidental,Escalante,(LIST OF STREETS),ALL OTHER LOTS,Outside Barangay Proper,GP,General Purpose,500.0
raw,"RDO No. 76 - Victorias City, Negros Occidental is composed of the followin",,,,Negros Occidental,Escalante,(LIST OF STREETS),ALL OTHER LOTS,Outside Barangay Proper,A2,Agricultural - A2,51.0
raw,"RDO No. 76 - Victorias City, Negros Occidental is composed of the followin",,,,Negros Occidental,Escalante,(LIST OF STREETS),ALL OTHER LOTS,Outside Barangay Proper,A4,Agricultural - A4,51.0
raw,"RDO No. 76 - Victorias City, Negros Occidental is composed of the followin",,,,Negros Occidental,Escalante,(LIST OF STREETS),ALL OTHER LOTS,Outside Barangay Proper,A6,Agricultural - A6,70.0
raw,"RDO No. 76 - Victorias City, Negros Occidental is composed of the followin",,,,Negros Occidental,Escalante,(LIST OF STREETS),ALL OTHER LOTS,Outside Barangay Proper,A7,Agricultural - A7,18.0
raw,"RDO No. 76 - Victorias City, Negros Occidental is composed of the followin",,,,Negros Occidental,Escalante,(LIST OF STREETS),ALL OTHER LOTS,Outside Barangay Proper,A8,Agricultural - A8,30.0
raw,"RDO No. 76 - Victorias City, Negros Occidental is composed of the followin",,,,Negros Occidental,Escalante,(LIST OF STREETS),ALL OTHER LOTS,Outside Barangay Proper,A12,Agricultural - A12,40.0
raw,"RDO No. 76 - Victorias City, Negros Occidental is composed of the followin",,,,Negros Occidental,Escalante,(LIST OF STREETS),ALL OTHER LOTS,Outside Barangay Proper,A15,Agricultural - A15,15.0
raw,"RDO No. 76 - Victorias City, Negros Occidental is composed of the followin",,,,Negros Occidental,Escalante,(LIST OF STREETS),ALL OTHER LOTS,Outside Barangay Proper,A16,Agricultural - A16,25.0
raw,"RDO No. 76 - Victorias City, Negros Occidental is composed of the followin",,,,Negros Occidental,Escalante,(LIST OF STREETS),ALL OTHER LOTS,Outside Barangay Proper,A17,Agricultural - A17,60.0
raw,"RDO No. 76 - Victorias City, Negros Occidental is composed of the followin",,,,Negros Occidental,Escalante,(LIST OF STREETS),ALL OTHER LOTS,Outside Barangay Proper,A23,Agricultural - A23,55.0
raw,"RDO No. 76 - Victorias City, Negros Occidental is composed of the followin",,,,Negros Occidental,Escalante,(LIST OF STREETS),ALL OTHER LOTS,Outside Barangay Proper,A24,Agricultural - A24,15.0
raw,"RDO No. 76 - Victorias City, Negros Occidental is composed of the followin",,,,Negros Occidental,Escalante,(LIST OF STREETS),ALL OTHER LOTS,Outside Barangay Proper,A25,Agricultural - A25,20.0
raw,"RDO No. 76 - Victorias City, Negros Occidental is composed of the followin",,,,Negros Occidental,Escalante,(LIST OF STREETS),ALL OTHER LOTS,Outside Barangay Proper,A36,Agricultural - A36,37.0
raw,"RDO No. 76 - Victorias City, Negros Occidental is composed of the followin",,,,Negros Occidental,Escalante,(LIST OF STREETS),ALL OTHER LOTS,Outside Barangay Proper,A37,Agricultural - A37,15.0
raw,"RDO No. 76 - Victorias City, Negros Occidental is composed of the followin",,,,Negros Occidental,Escalante,(LIST OF STREETS),ALL OTHER LOTS,Outside Barangay Proper,A38,Agricultural - A38,40.0
raw,"RDO No. 76 - Victorias City, Negros Occidental is composed of the followin",,,,Negros Occidental,Escalante,(LIST OF STREETS),ALL OTHER LOTS,Outside Barangay Proper,A39,Agricultural - A39,70.0
raw,"RDO No. 76 - Victorias City, Negros Occidental is composed of the followin",,,,Negros Occidental,Escalante,(LIST OF STREETS),ALL OTHER LOTS,Outside Barangay Proper,A42,Agricultural - A42,55.0
raw,"RDO No. 76 - Victorias City, Negros Occidental is composed of the followin",,,,Negros Occidental,Escalante,(LIST OF STREETS),ALL OTHER LOTS,Outside Barangay Proper,A50,Agricultural - A50,18.0
raw,"RDO No. 76 - Victorias City, Negros Occidental is composed of the followin",,,,Negros Occidental,Escalante,(LIST OF STREETS),ALONG MAIN ROADS,Within Barangay Proper,RR,Residential - Regular,2050.0
raw,"RDO No. 76 - Victorias City, Negros Occidental is composed of the followin",,,,Negros Occidental,Escalante,(LIST OF STREETS),ALONG MAIN ROADS,Pag-asa Habitat Homes,RR,Residential - Regular,2050.0
raw,"RDO No. 76 - Victorias City, Negros Occidental is composed of the followin",,,,Negros Occidental,Escalante,(LIST OF STREETS),ALONG MAIN ROADS,Properties of Villacarlos and Pinonggan,RR,Residential - Regular,2050.0
raw,"RDO No. 76 - Victorias City, Negros Occidental is composed of the followin",,,,Negros Occidental,Escalante,(LIST OF STREETS),ALONG MAIN ROADS,PBB I & II,RR,Residential - Regular,2050.0
raw,"RDO No. 76 - Victorias City, Negros Occidental is composed of the followin",,,,Negros Occidental,Escalante,(LIST OF STREETS),ALONG MAIN ROADS,Employee's Village,RR,Residential - Regular,1750.0
raw,"RDO No. 76 - Victorias City, Negros Occidental is composed of the followin",,,,Negros Occidental,Escalante,(LIST OF STREETS),ALONG MAIN ROADS,Nabantu-an (Interior Lots),RR,Residential - Regular,1750.0
raw,"RDO No. 76 - Victorias City, Negros Occidental is composed of the followin",,,,Negros Occidental,Escalante,(LIST OF STREETS),ALONG MAIN ROADS,Nabantu-an Hills,RR,Residential - Regular,1750.0
raw,"RDO No. 76 - Victorias City, Negros Occidental is composed of the followin",,,,Negros Occidental,Escalante,(LIST OF STREETS),ALONG MAIN ROADS,PBB I & II (Interior Lots),RR,Residential - Regular,1750.0
raw,"RDO No. 76 - Victorias City, Negros Occidental is composed of the followin",,,,Negros Occidental,Escalante,(LIST OF STREETS),ALONG MAIN ROADS,PBB I & II (Interior Lots),CR,Commercial - Regular,2500.0
raw,"RDO No. 76 - Victorias City, Negros Occidental is composed of the followin",,,,Negros Occidental,Escalante,(LIST OF STREETS),ALONG MAIN ROADS,PBB I & II (Interior Lots),I,Industrial,2200.0
raw,"RDO No. 76 - Victorias City, Negros Occidental is composed of the followin",,,,Negros Occidental,Escalante,(LIST OF STREETS),ALONG MAIN ROADS,PBB I & II (Interior Lots),GP,General Purpose,800.0
raw,"RDO No. 76 - Victorias City, Negros Occidental is composed of the followin",,,,Negros Occidental,Escalante,(LIST OF STREETS),ALONG MAIN ROADS,PBB I & II (Interior Lots),A3,Agricultural - A3,25.0
raw,"RDO No. 76 - Victorias City, Negros Occidental is composed of the followin",,,,Negros Occidental,Escalante,(LIST OF STREETS),ALONG MAIN ROADS,PBB I & II (Interior Lots),A4,Agricultural - A4,40.0
raw,"RDO No. 76 - Victorias City, Negros Occidental is composed of the followin",,,,Negros Occidental,Escalante,(LIST OF STREETS),ALONG MAIN ROADS,PBB I & II (Interior Lots),A6,Agricultural - A6,75.0
raw,"RDO No. 76 - Victorias City, Negros Occidental is composed of the followin",,,,Negros Occidental,Escalante,(LIST OF STREETS),ALONG MAIN ROADS,PBB I & II (Interior Lots),A7,Agricultural - A7,18.0
raw,"RDO No. 76 - Victorias City, Negros Occidental is composed of the followin",,,,Negros Occidental,Escalante,(LIST OF STREETS),ALONG MAIN ROADS,PBB I & II (Interior Lots),A8,Agricultural - A8,30.0
raw,"RDO No. 76 - Victorias City, Negros Occidental is composed of the followin",,,,Negros Occidental,Escalante,(LIST OF STREETS),ALONG MAIN ROADS,PBB I & II (Interior Lots),A12,Agricultural - A12,30.0
raw,"RDO No. 76 - Victorias City, Negros Occidental is composed of the followin",,,,Negros Occidental,Escalante,(LIST OF STREETS),ALONG MAIN ROADS,PBB I & II (Interior Lots),A15,Agricultural - A15,20.0
raw,"RDO No. 76 - Victorias City, Negros Occidental is composed of the followin",,,,Negros Occidental,Escalante,(LIST OF STREETS),ALONG MAIN ROADS,PBB I & II (Interior Lots),A16,Agricultural - A16,25.0
raw,"RDO No. 76 - Victorias City, Negros Occidental is composed of the followin",,,,Negros Occidental,Escalante,(LIST OF STREETS),ALONG MAIN ROADS,PBB I & II (Interior Lots),A17,Agricultural - A17,60.0
raw,"RDO No. 76 - Victorias City, Negros Occidental is composed of the followin",,,,Negros Occidental,Escalante,(LIST OF STREETS),ALONG MAIN ROADS,PBB I & II (Interior Lots),A23,Agricultural - A23,55.0
raw,"RDO No. 76 - Victorias City, Negros Occidental is composed of the followin",,,,Negros Occidental,Escalante,(LIST OF STREETS),ALONG MAIN ROADS,PBB I & II (Interior Lots),A24,Agricultural - A24,15.0
raw,"RDO No. 76 - Victorias City, Negros Occidental is composed of the followin",,,,Negros Occidental,Escalante,(LIST OF STREETS),ALONG MAIN ROADS,PBB I & II (Interior Lots),A25,Agricultural - A25,18.0
raw,"RDO No. 76 - Victorias City, Negros Occidental is composed of the followin",,,,Negros Occidental,Escalante,(LIST OF STREETS),ALONG MAIN ROADS,PBB I & II (Interior Lots),A37,Agricultural - A37,15.0
raw,"RDO No. 76 - Victorias City, Negros Occidental is composed of the followin",,,,Negros Occidental,Escalante,(LIST OF STREETS),ALONG MAIN ROADS,PBB I & II (Interior Lots),A41,Agricultural - A41,18.0
raw,"RDO No. 76 - Victorias City, Negros Occidental is composed of the followin",,,,Negros Occidental,Escalante,(LIST OF STREETS),ALONG MAIN ROADS,PBB I & II (Interior Lots),A50,Agricultural - A50,18.0
raw,"RDO No. 76 - Victorias City, Negros Occidental is composed of the followin",,,,Negros Occidental,Escalante,(LIST OF STREETS),ALONG MAIN ROADS,Within Barangay Proper,RR,Residential - Regular,2200.0
raw,"RDO No. 76 - Victorias City, Negros Occidental is composed of the followin",,,,Negros Occidental,Escalante,(LIST OF STREETS),ALONG MAIN ROADS,Outside Barangay Proper,RR,Residential - Regular,1600.0
raw,"RDO No. 76 - Victorias City, Negros Occidental is composed of the followin",,,,Negros Occidental,Escalante,(LIST OF STREETS),ALONG MAIN ROADS,Along the Seaport,CR,Commercial - Regular,3200.0
raw,"RDO No. 76 - Victorias City, Negros Occidental is composed of the followin",,,,Negros Occidental,Escalante,(LIST OF STREETS),ALONG MAIN ROADS,Along the Seaport,RR,Residential - Regular,2250.0
raw,"RDO No. 76 - Victorias City, Negros Occidental is composed of the followin",,,,Negros Occidental,Escalante,(LIST OF STREETS),ALONG MAIN ROADS,Along the Road,CR,Commercial - Regular,1850.0
raw,"RDO No. 76 - Victorias City, Negros Occidental is composed of the followin",,,,Negros Occidental,Escalante,(LIST OF STREETS),ALONG MAIN ROADS,Within Barangay Proper,RR,Residential - Regular,1100.0
raw,"RDO No. 76 - Victorias City, Negros Occidental is composed of the followin",,,,Negros Occidental,Escalante,(LIST OF STREETS),ALONG MAIN ROADS,Outside Barangay Proper,RR,Residential - Regular,750.0
raw,"RDO No. 76 - Victorias City, Negros Occidental is composed of the followin",,,,Negros Occidental,Escalante,(LIST OF STREETS),ALONG MAIN ROADS,Outside Barangay Proper,GP,General Purpose,400.0
raw,"RDO No. 76 - Victorias City, Negros Occidental is composed of the followin",,,,Negros Occidental,Escalante,(LIST OF STREETS),ALONG MAIN ROADS,Outside Barangay Proper,I,Industrial,1500.0
raw,"RDO No. 76 - Victorias City, Negros Occidental is composed of the followin",,,,Negros Occidental,Escalante,(LIST OF STREETS),ALONG MAIN ROADS,Outside Barangay Proper,A3,Agricultural - A3,25.0
raw,"RDO No. 76 - Victorias City, Negros Occidental is composed of the followin",,,,Negros Occidental,Escalante,(LIST OF STREETS),ALONG MAIN ROADS,Outside Barangay Proper,A4,Agricultural - A4,50.0
raw,"RDO No. 76 - Victorias City, Negros Occidental is composed of the followin",,,,Negros Occidental,Escalante,(LIST OF STREETS),ALONG MAIN ROADS,Outside Barangay Proper,A7,Agricultural - A7,18.0
raw,"RDO No. 76 - Victorias City, Negros Occidental is composed of the followin",,,,Negros Occidental,Escalante,(LIST OF STREETS),ALONG MAIN ROADS,Outside Barangay Proper,A12,Agricultural - A12,30.0
raw,"RDO No. 76 - Victorias City, Negros Occidental is composed of the followin",,,,Negros Occidental,Escalante,(LIST OF STREETS),ALONG MAIN ROADS,Outside Barangay Proper,A16,Agricultural - A16,25.0
raw,"RDO No. 76 - Victorias City, Negros Occidental is composed of the followin",,,,Negros Occidental,Escalante,(LIST OF STREETS),ALONG MAIN ROADS,Outside Barangay Proper,A17,Agricultural - A17,60.0
raw,"RDO No. 76 - Victorias City, Negros Occidental is composed of the followin",,,,Negros Occidental,Escalante,(LIST OF STREETS),ALONG MAIN ROADS,Outside Barangay Proper,A25,Agricultural - A25,21.0
raw,"RDO No. 76 - Victorias City, Negros Occidental is composed of the followin",,,,Negros Occidental,Escalante,(LIST OF STREETS),ALONG MAIN ROADS,Outside Barangay Proper,A31,Agricultural - A31,70.0
raw,"RDO No. 76 - Victorias City, Negros Occidental is composed of the followin",,,,Negros Occidental,Escalante,(LIST OF STREETS),ALONG MAIN ROADS,Outside Barangay Proper,A36,Agricultural - A36,37.0
raw,"RDO No. 76 - Victorias City, Negros Occidental is composed of the followin",,,,Negros Occidental,Escalante,(LIST OF STREETS),ALONG MAIN ROADS,Outside Barangay Proper,A37,Agricultural - A37,25.0
raw,"RDO No. 76 - Victorias City, Negros Occidental is composed of the followin",,,,Negros Occidental,Escalante,(LIST OF STREETS),ALONG MAIN ROADS,Outside Barangay Proper,A49,Agricultural - A49,18.0
raw,"RDO No. 76 - Victorias City, Negros Occidental is composed of the followin",,,,Negros Occidental,Escalante,(LIST OF STREETS),ALONG MAIN ROADS,Outside Barangay Proper,A50,Agricultural - A50,18.0
raw,"RDO No. 76 - Victorias City, Negros Occidental is composed of the followin",,,,Negros Occidental,Escalante,(LIST OF STREETS),ALONG NATIONAL ROAD,From Crossing Danao Port to Public Market,CR,Commercial - Regular,3350.0
raw,"RDO No. 76 - Victorias City, Negros Occidental is composed of the followin",,,,Negros Occidental,Escalante,(LIST OF STREETS),ALONG NATIONAL ROAD,From Crossing Danao Port to Danao Port,RR,Residential - Regular,2450.0
raw,"RDO No. 76 - Victorias City, Negros Occidental is composed of the followin",,,,Negros Occidental,Escalante,(LIST OF STREETS),ALONG NATIONAL ROAD,From Crossing Danao Port to Beatingo,RR,Residential - Regular,2000.0
raw,"RDO No. 76 - Victorias City, Negros Occidental is composed of the followin",,,,Negros Occidental,Escalante,(LIST OF STREETS),ALONG NATIONAL ROAD,Along Barangay Road,I,Industrial,2325.0
raw,"RDO No. 76 - Victorias City, Negros Occidental is composed of the followin",,,,Negros Occidental,Escalante,(LIST OF STREETS),ALONG NATIONAL ROAD,Along Barangay Road,CR,Commercial - Regular,2850.0
raw,"RDO No. 76 - Victorias City, Negros Occidental is composed of the followin",,,,Negros Occidental,Escalante,(LIST OF STREETS),DE OCAMPO ST,End to Natl Rd-San Carlos (From Rizal to Talisay St),RR,Residential - Regular,3000.0
raw,"RDO No. 76 - Victorias City, Negros Occidental is composed of the followin",,,,Negros Occidental,Escalante,(LIST OF STREETS),DE OCAMPO ST,From National Road to Rizal St.,CR,Commercial - Regular,5000.0
raw,"RDO No. 76 - Victorias City, Negros Occidental is composed of the followin",,,,Negros Occidental,Escalante,(LIST OF STREETS),FIRST STREET,Natl Rd-Zamora St,RR,Residential - Regular,3000.0
raw,"RDO No. 76 - Victorias City, Negros Occidental is composed of the followin",,,,Negros Occidental,Escalante,(LIST OF STREETS),GAMAO EXT (CAMINOS STREET),Lt. Varca St-Lt. Gamao St. (From Zamora to junction Magsaysay St. & Rizal to Carmelite St.),RR,Residential - Regular,3000.0
raw,"RDO No. 76 - Victorias City, Negros Occidental is composed of the followin",,,,Negros Occidental,Escalante,(LIST OF STREETS),GAMAO EXT (CAMINOS STREET),From National Road to Rizal St.,CR,Commercial - Regular,5000.0
raw,"RDO No. 76 - Victorias City, Negros Occidental is composed of the followin",,,,Negros Occidental,Escalante,(LIST OF STREETS),GOMEZ ST,National Rd-Zamora (From Rizal St. to BBLC),RR,Residential - Regular,3000.0
raw,"RDO No. 76 - Victorias City, Negros Occidental is composed of the followin",,,,Negros Occidental,Escalante,(LIST OF STREETS),GOMEZ ST,Zamora St-Magsaysay,I,Industrial,4500.0
raw,"RDO No. 76 - Victorias City, Negros Occidental is composed of the followin",,,,Negros Occidental,Escalante,(LIST OF STREETS),GOMEZ ST,Along Gomez St 100 M Radius Pub. Mkt (From National Road to Rizal St.),CR,Commercial - Regular,5000.0
raw,"RDO No. 76 - Victorias City, Negros Occidental is composed of the followin",,,,Negros Occidental,Escalante,(LIST OF STREETS),GOMEZ ST,From National Road to Magsaysay St.,CR,Commercial - Regular,4000.0
raw,"RDO No. 76 - Victorias City, Negros Occidental is composed of the followin",,,,Negros Occidental,Escalante,(LIST OF STREETS),JOSE ABAD SANTOS,Provincial Rd-Abad Santos,CR,Commercial - Regular,4000.0
raw,"RDO No. 76 - Victorias City, Negros Occidental is composed of the followin",,,,Negros Occidental,Escalante,(LIST OF STREETS),LOPEZ DRIVE,Rizal St-National Rd,CR,Commercial - Regular,4000.0
raw,"RDO No. 76 - Victorias City, Negros Occidental is composed of the followin",,,,Negros Occidental,Escalante,(LIST OF STREETS),LOPEZ DRIVE,End to Natl Rd-San Carlos,RR,Residential - Regular,3700.0
raw,"RDO No. 76 - Victorias City, Negros Occidental is composed of the followin",,,,Negros Occidental,Escalante,(LIST OF STREETS),LT. VARCA ST,End-Rizal St (From Rizal to Carmilite St.),RR,Residential - Regular,3000.0
raw,"RDO No. 76 - Victorias City, Negros Occidental is composed of the followin",,,,Negros Occidental,Escalante,(LIST OF STREETS),LT. VARCA ST,From Tambo to Zamora St.,RR,Residential - Regular,3000.0
raw,"RDO No. 76 - Victorias City, Negros Occidental is composed of the followin",,,,Negros Occidental,Escalante,(LIST OF STREETS),LT. VARCA ST,Rizal St-Ntl Rd-Sn Carlos,CR,Commercial - Regular,5000.0
raw,"RDO No. 76 - Victorias City, Negros Occidental is composed of the followin",,,,Negros Occidental,Escalante,(LIST OF STREETS),LT.GAMAO ST (CAMINOS STREET),End-Rizal St (From Carmilite St. to old VGDH),RR,Residential - Regular,3000.0
raw,"RDO No. 76 - Victorias City, Negros Occidental is composed of the followin",,,,Negros Occidental,Escalante,(LIST OF STREETS),LT.GAMAO ST (CAMINOS STREET),Rizal St-National Rd-Sn Carlos,CR,Commercial - Regular,4500.0
raw,"RDO No. 76 - Victorias City, Negros Occidental is composed of the followin",,,,Negros Occidental,Escalante,(LIST OF STREETS),MAGSAYSAY AVE. (MAGSAYSAY ST.),Lt. Gomez-Abad Santos Ext (From national road to junction Narra St.),RR,Residential - Regular,3000.0
raw,"RDO No. 76 - Victorias City, Negros Occidental is composed of the followin",,,,Negros Occidental,Escalante,(LIST OF STREETS),MAGSAYSAY AVE. (MAGSAYSAY ST.),From National Road to Gomez St.,CR,Commercial - Regular,3750.0
raw,"RDO No. 76 - Victorias City, Negros Occidental is composed of the followin",,,,Negros Occidental,Escalante,(LIST OF STREETS),MAGSAYSAY AVE. (MAGSAYSAY ST.),St. Gammao St-Gomez St,I,Industrial,3700.0
raw,"RDO No. 76 - Victorias City, Negros Occidental is composed of the followin",,,,Negros Occidental,Escalante,(LIST OF STREETS),MT. CARMEL DR,Lt. Varca St-Lopez Drive,RR,Residential - Regular,2700.0
raw,"RDO No. 76 - Victorias City, Negros Occidental is composed of the followin",,,,Negros Occidental,Escalante,(LIST OF STREETS),MT. CARMEL DR,End St.-Varca St.,I,Industrial,4500.0
raw,"RDO No. 76 - Victorias City, Negros Occidental is composed of the followin",,,,Negros Occidental,Escalante,(LIST OF STREETS),NATL RD TO SN CARLOS,Provl Rd - De Ocampo St,CR,Commercial - Regular,4500.0
raw,"RDO No. 76 - Victorias City, Negros Occidental is composed of the followin",,,,Negros Occidental,Escalante,(LIST OF STREETS),NATL RD TO SN CARLOS,End St Varca St,RR,Residential - Regular,3700.0
raw,"RDO No. 76 - Victorias City, Negros Occidental is composed of the followin",,,,Negros Occidental,Escalante,(LIST OF STREETS),NTL RD TO BACOLOD CITY,San Carlos-Ntl Rd Bacolod,CR,Commercial - Regular,4500.0
raw,"RDO No. 76 - Victorias City, Negros Occidental is composed of the followin",,,,Negros Occidental,Escalante,(LIST OF STREETS),NTL RD TO BACOLOD CITY,Zamora St- Magsaysay St.,RR,Residential - Regular,3700.0
raw,"RDO No. 76 - Victorias City, Negros Occidental is composed of the followin",,,,Negros Occidental,Escalante,(LIST OF STREETS),PROVINCIAL ROAD,Along the Road,CR,Commercial - Regular,3600.0
raw,"RDO No. 76 - Victorias City, Negros Occidental is composed of the followin",,,,Negros Occidental,Escalante,(LIST OF STREETS),PROVINCIAL ROAD,Along the Road,RR,Residential - Regular,2600.0
raw,"RDO No. 76 - Victorias City, Negros Occidental is composed of the followin",,,,Negros Occidental,Escalante,(LIST OF STREETS),PROVINCIAL ROAD,Interior Lots,RR,Residential - Regular,1800.0
raw,"RDO No. 76 - Victorias City, Negros Occidental is composed of the followin",,,,Negros Occidental,Escalante,(LIST OF STREETS),PROVINCIAL ROAD,Along the Road,CR,Commercial - Regular,2250.0
raw,"RDO No. 76 - Victorias City, Negros Occidental is composed of the followin",,,,Negros Occidental,Escalante,(LIST OF STREETS),PROVINCIAL ROAD,Along the Road,I,Industrial,1800.0
raw,"RDO No. 76 - Victorias City, Negros Occidental is composed of the followin",,,,Negros Occidental,Escalante,(LIST OF STREETS),PROVINCIAL ROAD,Within Barangay Proper,RR,Residential - Regular,1550.0
raw,"RDO No. 76 - Victorias City, Negros Occidental is composed of the followin",,,,Negros Occidental,Escalante,(LIST OF STREETS),PROVINCIAL ROAD TO OLD ESCALANTE,Old Escalante-Rizal St Abad Santos St,RR,Residential - Regular,3700.0
raw,"RDO No. 76 - Victorias City, Negros Occidental is composed of the followin",,,,Negros Occidental,Escalante,(LIST OF STREETS),PROVINCIAL ROAD TO OLD ESCALANTE,Rizal St-Ntl Rd-Sn Carlos,CR,Commercial - Regular,4500.0
raw,"RDO No. 76 - Victorias City, Negros Occidental is composed of the followin",,,,Negros Occidental,Escalante,(LIST OF STREETS),RIZAL ST,Provincial Rd,CR,Commercial - Regular,5000.0
raw,"RDO No. 76 - Victorias City, Negros Occidental is composed of the followin",,,,Negros Occidental,Escalante,(LIST OF STREETS),RIZAL ST,Lopez Drive - J Abad Santos,RR,Residential - Regular,3700.0
raw,"RDO No. 76 - Victorias City, Negros Occidental is composed of the followin",,,,Negros Occidental,Escalante,(LIST OF STREETS),VARCA EXT,First St.  - Lt Varca St,RR,Residential - Regular,3700.0
raw,"RDO No. 76 - Victorias City, Negros Occidental is composed of the followin",,,,Negros Occidental,Escalante,(LIST OF STREETS),ZAMORA ST,First Natl Rd-Bacolod (From Caminos to Rizal St.),RR,Residential - Regular,3000.0
raw,"RDO No. 76 - Victorias City, Negros Occidental is composed of the followin",,,,Negros Occidental,Escalante,(LIST OF STREETS),ZAMORA ST,First Natl Rd-Bacolod (From Caminos to Rizal St.),CR,Commercial - Regular,4500.0
raw,"RDO No. 76 - Victorias City, Negros Occidental is composed of the followin",,,,Negros Occidental,Escalante,Balintawak (Pob),ABAD SANTOS ST.,Eucalyptus St. - East Avenue,RR,Residential - Regular,2700.0
raw,"RDO No. 76 - Victorias City, Negros Occidental is composed of the followin",,,,Negros Occidental,Escalante,Balintawak (Pob),ABAD SANTOS ST.,Eucalyptus St. - Lumayno St.,RR,Residential - Regular,2700.0
raw,"RDO No. 76 - Victorias City, Negros Occidental is composed of the followin",,,,Negros Occidental,Escalante,Balintawak (Pob),ACASIA ST.,From Gomez St. to Mahogany St.,RR,Residential - Regular,2600.0
raw,"RDO No. 76 - Victorias City, Negros Occidental is composed of the followin",,,,Negros Occidental,Escalante,Balintawak (Pob),ALVIZA ST.,From Magsaysay St to Dead End,RR,Residential - Regular,2600.0
raw,"RDO No. 76 - Victorias City, Negros Occidental is composed of the followin",,,,Negros Occidental,Escalante,Balintawak (Pob),APITONG ST.,From Varca St to Purok Bagong Buhay II,RR,Residential - Regular,2600.0
raw,"RDO No. 76 - Victorias City, Negros Occidental is composed of the followin",,,,Negros Occidental,Escalante,Balintawak (Pob),BUG-AS,Along National Road,RR,Residential - Regular,2600.0
raw,"RDO No. 76 - Victorias City, Negros Occidental is composed of the followin",,,,Negros Occidental,Escalante,Balintawak (Pob),BUG-AS,Interior Lots,RR,Residential - Regular,2300.0
raw,"RDO No. 76 - Victorias City, Negros Occidental is composed of the followin",,,,Negros Occidental,Escalante,Balintawak (Pob),BUG-AS,Alico,RR,Residential - Regular,1800.0
raw,"RDO No. 76 - Victorias City, Negros Occidental is composed of the followin",,,,Negros Occidental,Escalante,Balintawak (Pob),CAMINOS ST. (RIGHT SIDE),Nationalhighway South Ave. - Zamora St.,CR,Commercial - Regular,3975.0
raw,"RDO No. 76 - Victorias City, Negros Occidental is composed of the followin",,,,Negros Occidental,Escalante,Balintawak (Pob),CAMINOS ST. (RIGHT SIDE),Zamora St - Magsaysay St.,RR,Residential - Regular,2700.0
raw,"RDO No. 76 - Victorias City, Negros Occidental is composed of the followin",,,,Negros Occidental,Escalante,Balintawak (Pob),CAMINOS ST.(LEFT SIDE),South Avenue -Gemelina,CR,Commercial - Regular,4500.0
raw,"RDO No. 76 - Victorias City, Negros Occidental is composed of the followin",,,,Negros Occidental,Escalante,Balintawak (Pob),CAMINOS ST.(LEFT SIDE),Gemelina St-Rizal St,CR,Commercial - Regular,4500.0
raw,"RDO No. 76 - Victorias City, Negros Occidental is composed of the followin",,,,Negros Occidental,Escalante,Balintawak (Pob),CAMINOS ST.(LEFT SIDE),Rizal St- Carmelite St,CR,Commercial - Regular,3700.0
raw,"RDO No. 76 - Victorias City, Negros Occidental is composed of the followin",,,,Negros Occidental,Escalante,Balintawak (Pob),CAMINOS ST.(LEFT SIDE),Carmelite St-Magdalen Cmpd,RR,Residential - Regular,3000.0
raw,"RDO No. 76 - Victorias City, Negros Occidental is composed of the followin",,,,Negros Occidental,Escalante,Balintawak (Pob),CARMELITE ST.,From Gomez St. to Varca St.,CR,Commercial - Regular,4000.0
raw,"RDO No. 76 - Victorias City, Negros Occidental is composed of the followin",,,,Negros Occidental,Escalante,Balintawak (Pob),CARMELITE ST.,From Gomez St. to Dead End (From Gomez St. to Varca St.),RR,Residential - Regular,3000.0
raw,"RDO No. 76 - Victorias City, Negros Occidental is composed of the followin",,,,Negros Occidental,Escalante,Balintawak (Pob),CARMELITE ST.,From Varca St. to Dead End,RR,Residential - Regular,2600.0
raw,"RDO No. 76 - Victorias City, Negros Occidental is composed of the followin",,,,Negros Occidental,Escalante,Balintawak (Pob),DE OCAMPO ST.,From Rizal St. to Talisay St.,RR,Residential - Regular,3000.0
raw,"RDO No. 76 - Victorias City, Negros Occidental is composed of the followin",,,,Negros Occidental,Escalante,Balintawak (Pob),DE OCAMPO ST.,From Talisay St. to Dead End,RR,Residential - Regular,2600.0
raw,"RDO No. 76 - Victorias City, Negros Occidental is composed of the followin",,,,Negros Occidental,Escalante,Balintawak (Pob),EAST AVENUE,National Highway (From Rotunda to Abad Santos St.),CR,Commercial - Regular,5000.0
raw,"RDO No. 76 - Victorias City, Negros Occidental is composed of the followin",,,,Negros Occidental,Escalante,Balintawak (Pob),EAST AVENUE,National Highway (From Rotunda to Abad Santos St.),RR,Residential - Regular,3000.0
raw,"RDO No. 76 - Victorias City, Negros Occidental is composed of the followin",,,,Negros Occidental,Escalante,Balintawak (Pob),EAST AVENUE,From Abad Santos St. to to EPSTEMPCO,CR,Commercial - Regular,3700.0
raw,"RDO No. 76 - Victorias City, Negros Occidental is composed of the followin",,,,Negros Occidental,Escalante,Balintawak (Pob),EAST AVENUE,From EPSTEMPCO to CHO,CR,Commercial - Regular,3000.0
raw,"RDO No. 76 - Victorias City, Negros Occidental is composed of the followin",,,,Negros Occidental,Escalante,Balintawak (Pob),EAST AVENUE,From CHO to crossing Arceo,CR,Commercial - Regular,2200.0
raw,"RDO No. 76 - Victorias City, Negros Occidental is composed of the followin",,,,Negros Occidental,Escalante,Balintawak (Pob),ECHARRI COMPOUND,All Lots,RR,Residential - Regular,2600.0
raw,"RDO No. 76 - Victorias City, Negros Occidental is composed of the followin",,,,Negros Occidental,Escalante,Balintawak (Pob),ECHARRI ST.,From National Road to Lumayno St.,RR,Residential - Regular,2600.0
raw,"RDO No. 76 - Victorias City, Negros Occidental is composed of the followin",,,,Negros Occidental,Escalante,Balintawak (Pob),EUCALYPTUS ST.,From Abad Santos St. to Echarri St.,RR,Residential - Regular,2600.0
raw,"RDO No. 76 - Victorias City, Negros Occidental is composed of the followin",,,,Negros Occidental,Escalante,Balintawak (Pob),EVERGREEN ST.,From Magsaysay St to Dead End,RR,Residential - Regular,2600.0
raw,"RDO No. 76 - Victorias City, Negros Occidental is composed of the followin",,,,Negros Occidental,Escalante,Balintawak (Pob),GECONCILLO VILLAGE,Along Main Roads,RR,Residential - Regular,2300.0
raw,"RDO No. 76 - Victorias City, Negros Occidental is composed of the followin",,,,Negros Occidental,Escalante,Balintawak (Pob),GECONCILLO VILLAGE,Interior Lots,RR,Residential - Regular,2000.0
raw,"RDO No. 76 - Victorias City, Negros Occidental is composed of the followin",,,,Negros Occidental,Escalante,Balintawak (Pob),GEMELINA ST.,Cor. Caminos St to Varca St.,CR,Commercial - Regular,5000.0
raw,"RDO No. 76 - Victorias City, Negros Occidental is composed of the followin",,,,Negros Occidental,Escalante,Balintawak (Pob),IPIL ST.,From Nat'L Highway South Ave to Tambo St.,CR,Commercial - Regular,4000.0
raw,"RDO No. 76 - Victorias City, Negros Occidental is composed of the followin",,,,Negros Occidental,Escalante,Balintawak (Pob),IPIL ST.,From Nat'L Highway South Ave. to Zamora St.,RR,Residential - Regular,3000.0
raw,"RDO No. 76 - Victorias City, Negros Occidental is composed of the followin",,,,Negros Occidental,Escalante,Balintawak (Pob),LAWA-AN ST.,From Molave St. to Dead End,RR,Residential - Regular,2300.0
raw,"RDO No. 76 - Victorias City, Negros Occidental is composed of the followin",,,,Negros Occidental,Escalante,Balintawak (Pob),LEGADA REALTY CORP.,All Lots,RR,Residential - Regular,2600.0
raw,"RDO No. 76 - Victorias City, Negros Occidental is composed of the followin",,,,Negros Occidental,Escalante,Balintawak (Pob),LUMAYNO ST.,From Abad Santos St. to Echarri St.,RR,Residential - Regular,2600.0
raw,"RDO No. 76 - Victorias City, Negros Occidental is composed of the followin",,,,Negros Occidental,Escalante,Balintawak (Pob),MAHOGANY ST.,From Dead End to Dead End,RR,Residential - Regular,2600.0
raw,"RDO No. 76 - Victorias City, Negros Occidental is composed of the followin",,,,Negros Occidental,Escalante,Balintawak (Pob),MOLAVE ST.,From Narra St. to Lawaan St.,RR,Residential - Regular,2300.0
raw,"RDO No. 76 - Victorias City, Negros Occidental is composed of the followin",,,,Negros Occidental,Escalante,Balintawak (Pob),NARRA ST.,From Abad Santos St to Magsaysay St.,RR,Residential - Regular,2600.0
raw,"RDO No. 76 - Victorias City, Negros Occidental is composed of the followin",,,,Negros Occidental,Escalante,Balintawak (Pob),NEIGHBORHOOD SUBDIVISION,All Lots,RR,Residential - Regular,2600.0
raw,"RDO No. 76 - Victorias City, Negros Occidental is composed of the followin",,,,Negros Occidental,Escalante,Balintawak (Pob),NORTH AVENUE,National Highway (From Rotunda to Magsaysay St),CR,Commercial - Regular,5000.0
raw,"RDO No. 76 - Victorias City, Negros Occidental is composed of the followin",,,,Negros Occidental,Escalante,Balintawak (Pob),NORTH AVENUE,From Magsasay ST. to Karfel Gas Station,CR,Commercial - Regular,3750.0
raw,"RDO No. 76 - Victorias City, Negros Occidental is composed of the followin",,,,Negros Occidental,Escalante,Balintawak (Pob),NORTH AVENUE,From Karfel Gas Station to VGDH,CR,Commercial - Regular,3000.0
raw,"RDO No. 76 - Victorias City, Negros Occidental is composed of the followin",,,,Negros Occidental,Escalante,Balintawak (Pob),NORTH AVENUE,From Coliseum to Had. Fe Elem. School,CR,Commercial - Regular,2200.0
raw,"RDO No. 76 - Victorias City, Negros Occidental is composed of the followin",,,,Negros Occidental,Escalante,Balintawak (Pob),PONTERAS ST.,From Nat'L Highway North Ave to Narra St.,CR,Commercial - Regular,3600.0
raw,"RDO No. 76 - Victorias City, Negros Occidental is composed of the followin",,,,Negros Occidental,Escalante,Balintawak (Pob),PONTERAS ST.,From National Road to Narra St.,RR,Residential - Regular,3000.0
raw,"RDO No. 76 - Victorias City, Negros Occidental is composed of the followin",,,,Negros Occidental,Escalante,Balintawak (Pob),ROSEVILLE SUBDIVISION,All Lots,RR,Residential - Regular,2600.0
raw,"RDO No. 76 - Victorias City, Negros Occidental is composed of the followin",,,,Negros Occidental,Escalante,Balintawak (Pob),SOUTH AVENUE,National Highway (From Rotunda to Ipil St.),CR,Commercial - Regular,5000.0
raw,"RDO No. 76 - Victorias City, Negros Occidental is composed of the followin",,,,Negros Occidental,Escalante,Balintawak (Pob),SOUTH AVENUE,National Highway (From Rotunda to Ipil St.),RR,Residential - Regular,3700.0
raw,"RDO No. 76 - Victorias City, Negros Occidental is composed of the followin",,,,Negros Occidental,Escalante,Balintawak (Pob),SOUTH AVENUE,From Ipil St. to City Bus Terminal,CR,Commercial - Regular,4000.0
raw,"RDO No. 76 - Victorias City, Negros Occidental is composed of the followin",,,,Negros Occidental,Escalante,Balintawak (Pob),SOUTH AVENUE,From City Bus Terminal to Bio-Power,CR,Commercial - Regular,3000.0
raw,"RDO No. 76 - Victorias City, Negros Occidental is composed of the followin",,,,Negros Occidental,Escalante,Balintawak (Pob),TALISAY ST,From Gomez St. to Mahogany St.,RR,Residential - Regular,2600.0
raw,"RDO No. 76 - Victorias City, Negros Occidental is composed of the followin",,,,Negros Occidental,Escalante,Balintawak (Pob),TAMBO ST.,From Caminos St to Ipil St.,CR,Commercial - Regular,4500.0
raw,"RDO No. 76 - Victorias City, Negros Occidental is composed of the followin",,,,Negros Occidental,Escalante,Balintawak (Pob),TAMBO ST.,From Caminos St to Ipil St.,RR,Residential - Regular,3000.0
raw,"RDO No. 76 - Victorias City, Negros Occidental is composed of the followin",,,,Negros Occidental,Escalante,ROAD,ALL OTHER LOTS,Interior Lots,RR,Residential - Regular,800.0
raw,"RDO No. 76 - Victorias City, Negros Occidental is composed of the followin",,,,Negros Occidental,Escalante,ROAD,ALL OTHER LOTS,Interior Lots,GP,General Purpose,500.0
raw,"RDO No. 76 - Victorias City, Negros Occidental is composed of the followin",,,,Negros Occidental,Escalante,ROAD,ALL OTHER LOTS,Interior Lots,A2,Agricultural - A2,38.0
raw,"RDO No. 76 - Victorias City, Negros Occidental is composed of the followin",,,,Negros Occidental,Escalante,ROAD,ALL OTHER LOTS,Interior Lots,A4,Agricultural - A4,30.0
raw,"RDO No. 76 - Victorias City, Negros Occidental is composed of the followin",,,,Negros Occidental,Escalante,ROAD,ALL OTHER LOTS,Interior Lots,A6,Agricultural - A6,75.0
raw,"RDO No. 76 - Victorias City, Negros Occidental is composed of the followin",,,,Negros Occidental,Escalante,ROAD,ALL OTHER LOTS,Interior Lots,A7,Agricultural - A7,18.0
raw,"RDO No. 76 - Victorias City, Negros Occidental is composed of the followin",,,,Negros Occidental,Escalante,ROAD,ALL OTHER LOTS,Interior Lots,A8,Agricultural - A8,28.0
raw,"RDO No. 76 - Victorias City, Negros Occidental is composed of the followin",,,,Negros Occidental,Escalante,ROAD,ALL OTHER LOTS,Interior Lots,A12,Agricultural - A12,30.0
raw,"RDO No. 76 - Victorias City, Negros Occidental is composed of the followin",,,,Negros Occidental,Escalante,ROAD,ALL OTHER LOTS,Interior Lots,A15,Agricultural - A15,15.0
raw,"RDO No. 76 - Victorias City, Negros Occidental is composed of the followin",,,,Negros Occidental,Escalante,ROAD,ALL OTHER LOTS,Interior Lots,A16,Agricultural - A16,30.0
raw,"RDO No. 76 - Victorias City, Negros Occidental is composed of the followin",,,,Negros Occidental,Escalante,ROAD,ALL OTHER LOTS,Interior Lots,A17,Agricultural - A17,60.0
raw,"RDO No. 76 - Victorias City, Negros Occidental is composed of the followin",,,,Negros Occidental,Escalante,ROAD,ALL OTHER LOTS,Interior Lots,A23,Agricultural - A23,45.0
raw,"RDO No. 76 - Victorias City, Negros Occidental is composed of the followin",,,,Negros Occidental,Escalante,ROAD,ALL OTHER LOTS,Interior Lots,A24,Agricultural - A24,15.0
raw,"RDO No. 76 - Victorias City, Negros Occidental is composed of the followin",,,,Negros Occidental,Escalante,ROAD,ALL OTHER LOTS,Interior Lots,A25,Agricultural - A25,15.0
raw,"RDO No. 76 - Victorias City, Negros Occidental is composed of the followin",,,,Negros Occidental,Escalante,ROAD,ALL OTHER LOTS,Interior Lots,A36,Agricultural - A36,37.0
raw,"RDO No. 76 - Victorias City, Negros Occidental is composed of the followin",,,,Negros Occidental,Escalante,ROAD,ALL OTHER LOTS,Interior Lots,A37,Agricultural - A37,15.0
raw,"RDO No. 76 - Victorias City, Negros Occidental is composed of the followin",,,,Negros Occidental,Escalante,ROAD,ALL OTHER LOTS,Interior Lots,A38,Agricultural - A38,38.0
raw,"RDO No. 76 - Victorias City, Negros Occidental is composed of the followin",,,,Negros Occidental,Escalante,ROAD,ALL OTHER LOTS,Sea Shore,A39,Agricultural - A39,66.0
raw,"RDO No. 76 - Victorias City, Negros Occidental is composed of the followin",,,,Negros Occidental,Escalante,ROAD,ALL OTHER LOTS,Sea Shore,A42,Agricultural - A42,92.0
raw,"RDO No. 76 - Victorias City, Negros Occidental is composed of the followin",,,,Negros Occidental,Escalante,ROAD,ALL OTHER LOTS,Sea Shore,A50,Agricultural - A50,12.0
raw,"RDO No. 76 - Victorias City, Negros Occidental is composed of the followin",,,,Negros Occidental,Escalante,ROAD,VILLA SAN VICENTE,Prime Lots,RR,Residential - Regular,3800.0
raw,"RDO No. 76 - Victorias City, Negros Occidental is composed of the followin",,,,Negros Occidental,Escalante,ROAD,VILLA SAN VICENTE,Interior Lots,RR,Residential - Regular,3400.0
raw,"RDO No. 76 - Victorias City, Negros Occidental is composed of the followin",,,,Negros Occidental,Manapla,(LIST OF STREETS),AGLIPAY STREET,Duyungan Street - P. Hinlo Street,RR,Residential - Regular,2775.0
raw,"RDO No. 76 - Victorias City, Negros Occidental is composed of the followin",,,,Negros Occidental,Manapla,(LIST OF STREETS),AGLIPAY STREET,All Interior Lots,RR,Residential - Regular,1750.0
raw,"RDO No. 76 - Victorias City, Negros Occidental is composed of the followin",,,,Negros Occidental,Manapla,(LIST OF STREETS),AGLIPAY STREET,All Interior Lots,GP,General Purpose,1000.0
raw,"RDO No. 76 - Victorias City, Negros Occidental is composed of the followin",,,,Negros Occidental,Manapla,(LIST OF STREETS),AGUIRRE STREET,R. Lacson Street - Guimaras Strait,RR,Residential - Regular,2775.0
raw,"RDO No. 76 - Victorias City, Negros Occidental is composed of the followin",,,,Negros Occidental,Manapla,(LIST OF STREETS),AGUIRRE STREET,Interior Lots,RR,Residential - Regular,1800.0
raw,"RDO No. 76 - Victorias City, Negros Occidental is composed of the followin",,,,Negros Occidental,Manapla,(LIST OF STREETS),ALL LOTS,Lots within Barangay Proper,RR,Residential - Regular,2700.0
raw,"RDO No. 76 - Victorias City, Negros Occidental is composed of the followin",,,,Negros Occidental,Manapla,(LIST OF STREETS),ALL LOTS,Lots outside Barangay Proper,RR,Residential - Regular,1800.0
raw,"RDO No. 76 - Victorias City, Negros Occidental is composed of the followin",,,,Negros Occidental,Manapla,(LIST OF STREETS),ALL LOTS,Lots outside Barangay Proper,A2,Agricultural - A2,70.0
raw,"RDO No. 76 - Victorias City, Negros Occidental is composed of the followin",,,,Negros Occidental,Manapla,(LIST OF STREETS),ALL LOTS,Lots outside Barangay Proper,A4,Agricultural - A4,64.0
raw,"RDO No. 76 - Victorias City, Negros Occidental is composed of the followin",,,,Negros Occidental,Manapla,(LIST OF STREETS),ALL LOTS,Lots outside Barangay Proper,A6,Agricultural - A6,114.0
raw,"RDO No. 76 - Victorias City, Negros Occidental is composed of the followin",,,,Negros Occidental,Manapla,(LIST OF STREETS),ALL LOTS,Lots outside Barangay Proper,A8,Agricultural - A8,54.0
raw,"RDO No. 76 - Victorias City, Negros Occidental is composed of the followin",,,,Negros Occidental,Manapla,(LIST OF STREETS),ALL LOTS,Lots outside Barangay Proper,A17,Agricultural - A17,82.0
raw,"RDO No. 76 - Victorias City, Negros Occidental is composed of the followin",,,,Negros Occidental,Manapla,(LIST OF STREETS),ALL LOTS,Lots outside Barangay Proper,A24,Agricultural - A24,20.0
raw,"RDO No. 76 - Victorias City, Negros Occidental is composed of the followin",,,,Negros Occidental,Manapla,(LIST OF STREETS),ALL LOTS,Lots outside Barangay Proper,A37,Agricultural - A37,60.0
raw,"RDO No. 76 - Victorias City, Negros Occidental is composed of the followin",,,,Negros Occidental,Manapla,(LIST OF STREETS),ALL LOTS,Lots outside Barangay Proper,A42,Agricultural - A42,100.0
raw,"RDO No. 76 - Victorias City, Negros Occidental is composed of the followin",,,,Negros Occidental,Manapla,(LIST OF STREETS),ALL LOTS,Lots outside Barangay Proper,GP,General Purpose,500.0
raw,"RDO No. 76 - Victorias City, Negros Occidental is composed of the followin",,,,Negros Occidental,Manapla,(LIST OF STREETS),ALL LOTS,Along Barangay Road,CR,Commercial - Regular,3000.0
raw,"RDO No. 76 - Victorias City, Negros Occidental is composed of the followin",,,,Negros Occidental,Manapla,(LIST OF STREETS),ALL LOTS,Along National Road,I,Industrial,2800.0
raw,"RDO No. 76 - Victorias City, Negros Occidental is composed of the followin",,,,Negros Occidental,Manapla,(LIST OF STREETS),ALL LOTS,Lots within Barangay Proper,RR,Residential - Regular,2550.0
raw,"RDO No. 76 - Victorias City, Negros Occidental is composed of the followin",,,,Negros Occidental,Manapla,(LIST OF STREETS),ALL LOTS,Lots outside Barangay Proper,RR,Residential - Regular,1800.0
raw,"RDO No. 76 - Victorias City, Negros Occidental is composed of the followin",,,,Negros Occidental,Manapla,(LIST OF STREETS),ALL LOTS,Lots outside Barangay Proper,GP,General Purpose,500.0
raw,"RDO No. 76 - Victorias City, Negros Occidental is composed of the followin",,,,Negros Occidental,Manapla,(LIST OF STREETS),ALL LOTS,Along National Road,A2,Agricultural - A2,70.0
raw,"RDO No. 76 - Victorias City, Negros Occidental is composed of the followin",,,,Negros Occidental,Manapla,(LIST OF STREETS),ALL LOTS,Along National Road,A4,Agricultural - A4,64.0
raw,"RDO No. 76 - Victorias City, Negros Occidental is composed of the followin",,,,Negros Occidental,Manapla,(LIST OF STREETS),ALL LOTS,Along National Road,A6,Agricultural - A6,90.0
raw,"RDO No. 76 - Victorias City, Negros Occidental is composed of the followin",,,,Negros Occidental,Manapla,(LIST OF STREETS),ALL LOTS,Along National Road,A12,Agricultural - A12,66.0
raw,"RDO No. 76 - Victorias City, Negros Occidental is composed of the followin",,,,Negros Occidental,Manapla,(LIST OF STREETS),ALL LOTS,Along National Road,A15,Agricultural - A15,30.0
raw,"RDO No. 76 - Victorias City, Negros Occidental is composed of the followin",,,,Negros Occidental,Manapla,(LIST OF STREETS),ALL LOTS,Along National Road,A17,Agricultural - A17,82.0
raw,"RDO No. 76 - Victorias City, Negros Occidental is composed of the followin",,,,Negros Occidental,Manapla,(LIST OF STREETS),ALL LOTS,Along National Road,A24,Agricultural - A24,20.0
raw,"RDO No. 76 - Victorias City, Negros Occidental is composed of the followin",,,,Negros Occidental,Manapla,(LIST OF STREETS),ALL LOTS,Along National Road,A26,Agricultural - A26,54.0
raw,"RDO No. 76 - Victorias City, Negros Occidental is composed of the followin",,,,Negros Occidental,Manapla,(LIST OF STREETS),ALL LOTS,Along National Road,A50,Agricultural - A50,20.0
raw,"RDO No. 76 - Victorias City, Negros Occidental is composed of the followin",,,,Negros Occidental,Manapla,(LIST OF STREETS),ALL LOTS,Memorial Parks,CL,Cemetery Lot,7800.0
raw,"RDO No. 76 - Victorias City, Negros Occidental is composed of the followin",,,,Negros Occidental,Manapla,(LIST OF STREETS),ALL LOTS,Along Provincial Road,I,Industrial,3500.0
raw,"RDO No. 76 - Victorias City, Negros Occidental is composed of the followin",,,,Negros Occidental,Manapla,(LIST OF STREETS),ALL LOTS,Lots within Barangay Proper,RR,Residential - Regular,2550.0
raw,"RDO No. 76 - Victorias City, Negros Occidental is composed of the followin",,,,Negros Occidental,Manapla,(LIST OF STREETS),ALL LOTS,Lots outside Barangay Proper,RR,Residential - Regular,1800.0
raw,"RDO No. 76 - Victorias City, Negros Occidental is composed of the followin",,,,Negros Occidental,Manapla,(LIST OF STREETS),ALL LOTS,Lots outside Barangay Proper,GP,General Purpose,500.0
raw,"RDO No. 76 - Victorias City, Negros Occidental is composed of the followin",,,,Negros Occidental,Manapla,(LIST OF STREETS),ALL LOTS,Lots outside Barangay Proper,A2,Agricultural - A2,70.0
raw,"RDO No. 76 - Victorias City, Negros Occidental is composed of the followin",,,,Negros Occidental,Manapla,(LIST OF STREETS),ALL LOTS,Lots outside Barangay Proper,A4,Agricultural - A4,64.0
raw,"RDO No. 76 - Victorias City, Negros Occidental is composed of the followin",,,,Negros Occidental,Manapla,(LIST OF STREETS),ALL LOTS,Lots outside Barangay Proper,A6,Agricultural - A6,90.0
raw,"RDO No. 76 - Victorias City, Negros Occidental is composed of the followin",,,,Negros Occidental,Manapla,(LIST OF STREETS),ALL LOTS,Lots outside Barangay Proper,A8,Agricultural - A8,54.0
raw,"RDO No. 76 - Victorias City, Negros Occidental is composed of the followin",,,,Negros Occidental,Manapla,(LIST OF STREETS),ALL LOTS,Lots outside Barangay Proper,A14,Agricultural - A14,44.0
raw,"RDO No. 76 - Victorias City, Negros Occidental is composed of the followin",,,,Negros Occidental,Manapla,(LIST OF STREETS),ALL LOTS,Lots outside Barangay Proper,A15,Agricultural - A15,30.0
raw,"RDO No. 76 - Victorias City, Negros Occidental is composed of the followin",,,,Negros Occidental,Manapla,(LIST OF STREETS),ALL LOTS,Lots outside Barangay Proper,A16,Agricultural - A16,64.0
raw,"RDO No. 76 - Victorias City, Negros Occidental is composed of the followin",,,,Negros Occidental,Manapla,(LIST OF STREETS),ALL LOTS,Lots outside Barangay Proper,A17,Agricultural - A17,82.0
raw,"RDO No. 76 - Victorias City, Negros Occidental is composed of the followin",,,,Negros Occidental,Manapla,(LIST OF STREETS),ALL LOTS,Lots outside Barangay Proper,A24,Agricultural - A24,20.0
raw,"RDO No. 76 - Victorias City, Negros Occidental is composed of the followin",,,,Negros Occidental,Manapla,(LIST OF STREETS),ALL LOTS,Along National Highway,RR,Residential - Regular,2550.0
raw,"RDO No. 76 - Victorias City, Negros Occidental is composed of the followin",,,,Negros Occidental,Manapla,(LIST OF STREETS),ALL LOTS,Interior Lots,RR,Residential - Regular,1800.0
raw,"RDO No. 76 - Victorias City, Negros Occidental is composed of the followin",,,,Negros Occidental,Manapla,(LIST OF STREETS),ALL LOTS,Along Barangay Road,I,Industrial,4000.0
raw,"RDO No. 76 - Victorias City, Negros Occidental is composed of the followin",,,,Negros Occidental,Manapla,(LIST OF STREETS),ALL LOTS,Lots within Brgy Proper,RR,Residential - Regular,1875.0
raw,"RDO No. 76 - Victorias City, Negros Occidental is composed of the followin",,,,Negros Occidental,Manapla,(LIST OF STREETS),ALL LOTS,Along Barangay Road,RR,Residential - Regular,1800.0
raw,"RDO No. 76 - Victorias City, Negros Occidental is composed of the followin",,,,Negros Occidental,Manapla,(LIST OF STREETS),ALL LOTS,Lots Outside Barangay Proper,RR,Residential - Regular,1575.0
raw,"RDO No. 76 - Victorias City, Negros Occidental is composed of the followin",,,,Negros Occidental,Manapla,(LIST OF STREETS),ALL LOTS,Lots Outside Barangay Proper,GP,General Purpose,600.0
raw,"RDO No. 76 - Victorias City, Negros Occidental is composed of the followin",,,,Negros Occidental,Manapla,(LIST OF STREETS),ALL LOTS,Along Provincial Road,A2,Agricultural - A2,70.0
raw,"RDO No. 76 - Victorias City, Negros Occidental is composed of the followin",,,,Negros Occidental,Manapla,(LIST OF STREETS),ALL LOTS,Along Provincial Road,A3,Agricultural - A3,44.0
raw,"RDO No. 76 - Victorias City, Negros Occidental is composed of the followin",,,,Negros Occidental,Manapla,(LIST OF STREETS),ALL LOTS,Along Provincial Road,A4,Agricultural - A4,64.0
raw,"RDO No. 76 - Victorias City, Negros Occidental is composed of the followin",,,,Negros Occidental,Manapla,(LIST OF STREETS),ALL LOTS,Along Provincial Road,A12,Agricultural - A12,66.0
raw,"RDO No. 76 - Victorias City, Negros Occidental is composed of the followin",,,,Negros Occidental,Manapla,(LIST OF STREETS),ALL LOTS,Along Provincial Road,A14,Agricultural - A14,44.0
raw,"RDO No. 76 - Victorias City, Negros Occidental is composed of the followin",,,,Negros Occidental,Manapla,(LIST OF STREETS),ALL LOTS,Along Provincial Road,A16,Agricultural - A16,64.0
raw,"RDO No. 76 - Victorias City, Negros Occidental is composed of the followin",,,,Negros Occidental,Manapla,(LIST OF STREETS),ALL LOTS,Along Provincial Road,A17,Agricultural - A17,82.0
raw,"RDO No. 76 - Victorias City, Negros Occidental is composed of the followin",,,,Negros Occidental,Manapla,(LIST OF STREETS),ALL LOTS,Along Provincial Road,A26,Agricultural - A26,54.0
raw,"RDO No. 76 - Victorias City, Negros Occidental is composed of the followin",,,,Negros Occidental,Manapla,(LIST OF STREETS),ALL LOTS,Along Provincial Road,A37,Agricultural - A37,30.0
raw,"RDO No. 76 - Victorias City, Negros Occidental is composed of the followin",,,,Negros Occidental,Manapla,(LIST OF STREETS),ALL LOTS,Along Provincial Road,A44,Agricultural - A44,20.0
raw,"RDO No. 76 - Victorias City, Negros Occidental is composed of the followin",,,,Negros Occidental,Manapla,(LIST OF STREETS),ALL LOTS,Along Provincial Road,A49,Agricultural - A49,20.0
raw,"RDO No. 76 - Victorias City, Negros Occidental is composed of the followin",,,,Negros Occidental,Manapla,(LIST OF STREETS),ALL LOTS,Along Provincial Road,A50,Agricultural - A50,20.0
raw,"RDO No. 76 - Victorias City, Negros Occidental is composed of the followin",,,,Negros Occidental,Manapla,(LIST OF STREETS),ALL LOTS,Along National Highway,I,Industrial,4000.0
raw,"RDO No. 76 - Victorias City, Negros Occidental is composed of the followin",,,,Negros Occidental,Manapla,(LIST OF STREETS),ALL LOTS,Along the National Highway,RR,Residential - Regular,1800.0
raw,"RDO No. 76 - Victorias City, Negros Occidental is composed of the followin",,,,Negros Occidental,Manapla,(LIST OF STREETS),ALL LOTS,Interior Lots,RR,Residential - Regular,1500.0
raw,"RDO No. 76 - Victorias City, Negros Occidental is composed of the followin",,,,Negros Occidental,Manapla,(LIST OF STREETS),ALL LOTS,Interior Lots,GP,General Purpose,800.0
raw,"RDO No. 76 - Victorias City, Negros Occidental is composed of the followin",,,,Negros Occidental,Manapla,(LIST OF STREETS),ALL LOTS,Interior Lots,A2,Agricultural - A2,82.0
raw,"RDO No. 76 - Victorias City, Negros Occidental is composed of the followin",,,,Negros Occidental,Manapla,(LIST OF STREETS),ALL LOTS,Interior Lots,A8,Agricultural - A8,50.0
raw,"RDO No. 76 - Victorias City, Negros Occidental is composed of the followin",,,,Negros Occidental,Manapla,(LIST OF STREETS),ALL LOTS,Interior Lots,A17,Agricultural - A17,82.0
raw,"RDO No. 76 - Victorias City, Negros Occidental is composed of the followin",,,,Negros Occidental,Manapla,(LIST OF STREETS),ALL LOTS,Interior Lots,A26,Agricultural - A26,54.0
raw,"RDO No. 76 - Victorias City, Negros Occidental is composed of the followin",,,,Negros Occidental,Manapla,(LIST OF STREETS),ALL LOTS,Interior Lots,A49,Agricultural - A49,20.0
raw,"RDO No. 76 - Victorias City, Negros Occidental is composed of the followin",,,,Negros Occidental,Manapla,(LIST OF STREETS),ALL LOTS,Swine Farm,A50,Agricultural - A50,90.0
raw,"RDO No. 76 - Victorias City, Negros Occidental is composed of the followin",,,,Negros Occidental,Manapla,(LIST OF STREETS),ALL LOTS,Poultry Farm,A50,Agricultural - A50,170.0
raw,"RDO No. 76 - Victorias City, Negros Occidental is composed of the followin",,,,Negros Occidental,Manapla,(LIST OF STREETS),ALL LOTS,Poultry Farm,A50,Agricultural - A50,20.0
raw,"RDO No. 76 - Victorias City, Negros Occidental is composed of the followin",,,,Negros Occidental,Manapla,(LIST OF STREETS),ALL OTHER LOTS,Interior Lots,RR,Residential - Regular,1650.0
raw,"RDO No. 76 - Victorias City, Negros Occidental is composed of the followin",,,,Negros Occidental,Manapla,(LIST OF STREETS),ALL OTHER LOTS,Interior Lots,GP,General Purpose,600.0
raw,"RDO No. 76 - Victorias City, Negros Occidental is composed of the followin",,,,Negros Occidental,Manapla,(LIST OF STREETS),ALL OTHER LOTS,Interior Lots,A2,Agricultural - A2,70.0
raw,"RDO No. 76 - Victorias City, Negros Occidental is composed of the followin",,,,Negros Occidental,Manapla,(LIST OF STREETS),ALL OTHER LOTS,Interior Lots,A12,Agricultural - A12,66.0
raw,"RDO No. 76 - Victorias City, Negros Occidental is composed of the followin",,,,Negros Occidental,Manapla,(LIST OF STREETS),ALL OTHER LOTS,Interior Lots,A14,Agricultural - A14,44.0
raw,"RDO No. 76 - Victorias City, Negros Occidental is composed of the followin",,,,Negros Occidental,Manapla,(LIST OF STREETS),ALL OTHER LOTS,Interior Lots,A16,Agricultural - A16,64.0
raw,"RDO No. 76 - Victorias City, Negros Occidental is composed of the followin",,,,Negros Occidental,Manapla,(LIST OF STREETS),ALL OTHER LOTS,Interior Lots,A17,Agricultural - A17,82.0
raw,"RDO No. 76 - Victorias City, Negros Occidental is composed of the followin",,,,Negros Occidental,Manapla,(LIST OF STREETS),ALL OTHER LOTS,Interior Lots,A23,Agricultural - A23,90.0
raw,"RDO No. 76 - Victorias City, Negros Occidental is composed of the followin",,,,Negros Occidental,Manapla,(LIST OF STREETS),ALL OTHER LOTS,Interior Lots,A26,Agricultural - A26,54.0
raw,"RDO No. 76 - Victorias City, Negros Occidental is composed of the followin",,,,Negros Occidental,Manapla,(LIST OF STREETS),ALL OTHER LOTS,Interior Lots,A44,Agricultural - A44,20.0
raw,"RDO No. 76 - Victorias City, Negros Occidental is composed of the followin",,,,Negros Occidental,Manapla,(LIST OF STREETS),ALL OTHER LOTS,Interior Lots,A50,Agricultural - A50,20.0
raw,"RDO No. 76 - Victorias City, Negros Occidental is composed of the followin",,,,Negros Occidental,Manapla,(LIST OF STREETS),B. GALLO  STREET,Manapla Elementary School to E. Lacson St.,CR,Commercial - Regular,4600.0
raw,"RDO No. 76 - Victorias City, Negros Occidental is composed of the followin",,,,Negros Occidental,Manapla,(LIST OF STREETS),B. GALLO  STREET,Manapla Elementary School to E. Lacson St.,RR,Residential - Regular,2125.0
raw,"RDO No. 76 - Victorias City, Negros Occidental is composed of the followin",,,,Negros Occidental,Manapla,(LIST OF STREETS),B. GALLO  STREET,Interior Lots,RR,Residential - Regular,1950.0
raw,"RDO No. 76 - Victorias City, Negros Occidental is composed of the followin",,,,Negros Occidental,Manapla,(LIST OF STREETS),B. GALLO  STREET,Institution (Manapla Elementary School),XRR,XRR,2500.0
raw,"RDO No. 76 - Victorias City, Negros Occidental is composed of the followin",,,,Negros Occidental,Manapla,(LIST OF STREETS),B. GALLO  STREET,Institution (Manapla Elementary School),A4,Agricultural - A4,64.0
raw,"RDO No. 76 - Victorias City, Negros Occidental is composed of the followin",,,,Negros Occidental,Manapla,(LIST OF STREETS),B. GALLO  STREET,Institution (Manapla Elementary School),A8,Agricultural - A8,54.0
raw,"RDO No. 76 - Victorias City, Negros Occidental is composed of the followin",,,,Negros Occidental,Manapla,(LIST OF STREETS),B. GALLO  STREET,Institution (Manapla Elementary School),A17,Agricultural - A17,82.0
raw,"RDO No. 76 - Victorias City, Negros Occidental is composed of the followin",,,,Negros Occidental,Manapla,(LIST OF STREETS),B. GALLO STREET,Crossing Rotonda - Manapla/Redeemer of the World Church,CR,Commercial - Regular,4600.0
raw,"RDO No. 76 - Victorias City, Negros Occidental is composed of the followin",,,,Negros Occidental,Manapla,(LIST OF STREETS),B. GALLO STREET,Elementary School,RR,Residential - Regular,2325.0
raw,"RDO No. 76 - Victorias City, Negros Occidental is composed of the followin",,,,Negros Occidental,Manapla,(LIST OF STREETS),B. GALLO STREET,Interior Lots,RR,Residential - Regular,1950.0
raw,"RDO No. 76 - Victorias City, Negros Occidental is composed of the followin",,,,Negros Occidental,Manapla,(LIST OF STREETS),B. GALLO STREET,Interior Lots,A2,Agricultural - A2,70.0
raw,"RDO No. 76 - Victorias City, Negros Occidental is composed of the followin",,,,Negros Occidental,Manapla,(LIST OF STREETS),B. GALLO STREET,Interior Lots,A17,Agricultural - A17,82.0
raw,"RDO No. 76 - Victorias City, Negros Occidental is composed of the followin",,,,Negros Occidental,Manapla,(LIST OF STREETS),B. GALLO STREET,E. Lacson Street - R. Lacson Street,CR,Commercial - Regular,4000.0
raw,"RDO No. 76 - Victorias City, Negros Occidental is composed of the followin",,,,Negros Occidental,Manapla,(LIST OF STREETS),B. GALLO STREET,E. Lacson Street - R. Lacson Street,RR,Residential - Regular,2550.0
raw,"RDO No. 76 - Victorias City, Negros Occidental is composed of the followin",,,,Negros Occidental,Manapla,(LIST OF STREETS),BALULAN BEACH,Beach Resort,A40,Agricultural - A40,1600.0
raw,"RDO No. 76 - Victorias City, Negros Occidental is composed of the followin",,,,Negros Occidental,Manapla,(LIST OF STREETS),BALULAN BEACH,Within the Beach Proper,CR,Commercial - Regular,4200.0
raw,"RDO No. 76 - Victorias City, Negros Occidental is composed of the followin",,,,Negros Occidental,Manapla,(LIST OF STREETS),CANETOWN SUBD.,Along Subdivision Road,RR,Residential - Regular,2550.0
raw,"RDO No. 76 - Victorias City, Negros Occidental is composed of the followin",,,,Negros Occidental,Manapla,(LIST OF STREETS),CAPT. E. BIDAN STREET,J. Rizal Street - D. Gustilo Street,RR,Residential - Regular,2775.0
raw,"RDO No. 76 - Victorias City, Negros Occidental is composed of the followin",,,,Negros Occidental,Manapla,(LIST OF STREETS),CAPT. E. BIDAN STREET,Lots Along Guimaras Strait,RR,Residential - Regular,1800.0
raw,"RDO No. 76 - Victorias City, Negros Occidental is composed of the followin",,,,Negros Occidental,Manapla,(LIST OF STREETS),CAPT. E. BIDAN STREET,Lots Along Guimaras Strait,CR,Commercial - Regular,3000.0
raw,"RDO No. 76 - Victorias City, Negros Occidental is composed of the followin",,,,Negros Occidental,Manapla,(LIST OF STREETS),D. GUSTILO STREET,E. Lacson Street -  R. Lacson Street,RR,Residential - Regular,2775.0
raw,"RDO No. 76 - Victorias City, Negros Occidental is composed of the followin",,,,Negros Occidental,Manapla,(LIST OF STREETS),D. GUSTILO STREET,Capt. E. Bidan Street - R Lacson Street,RR,Residential - Regular,2775.0
raw,"RDO No. 76 - Victorias City, Negros Occidental is composed of the followin",,,,Negros Occidental,Manapla,(LIST OF STREETS),D. GUSTILO STREET,Interior Lots,RR,Residential - Regular,1950.0
raw,"RDO No. 76 - Victorias City, Negros Occidental is composed of the followin",,,,Negros Occidental,Manapla,(LIST OF STREETS),DUYUNGAN STREET,J. Rizal Street - Aglipay Street,RR,Residential - Regular,2775.0
raw,"RDO No. 76 - Victorias City, Negros Occidental is composed of the followin",,,,Negros Occidental,Manapla,(LIST OF STREETS),E. LACSON STREET,J. Rizal Street - D. Gustilo Street,RR,Residential - Regular,2775.0
raw,"RDO No. 76 - Victorias City, Negros Occidental is composed of the followin",,,,Negros Occidental,Manapla,(LIST OF STREETS),E. LACSON STREET,J. Rizal Street - D. Gustilo Street,A4,Agricultural - A4,64.0
raw,"RDO No. 76 - Victorias City, Negros Occidental is composed of the followin",,,,Negros Occidental,Manapla,(LIST OF STREETS),GUSTILO TOWN CENTER,Along National Road,CR,Commercial - Regular,5400.0
raw,"RDO No. 76 - Victorias City, Negros Occidental is composed of the followin",,,,Negros Occidental,Manapla,(LIST OF STREETS),GUSTILO TOWN CENTER,Inland Resort,A40,Agricultural - A40,1600.0
raw,"RDO No. 76 - Victorias City, Negros Occidental is composed of the followin",,,,Negros Occidental,Manapla,(LIST OF STREETS),J. RIZAL STREET,E. Lacson Street - R. Lacson Street,RR,Residential - Regular,2775.0
raw,"RDO No. 76 - Victorias City, Negros Occidental is composed of the followin",,,,Negros Occidental,Manapla,(LIST OF STREETS),J. RIZAL STREET,R. Lacson St.-Capt. E. Bidan Street,CR,Commercial - Regular,3000.0
raw,"RDO No. 76 - Victorias City, Negros Occidental is composed of the followin",,,,Negros Occidental,Manapla,(LIST OF STREETS),JOSE G. JO STREET,Aguirre Street to Boundary of Barangay II & II-A,CR,Commercial - Regular,3000.0
raw,"RDO No. 76 - Victorias City, Negros Occidental is composed of the followin",,,,Negros Occidental,Manapla,(LIST OF STREETS),JOSE G. JO STREET,Reclamation Area Along Guimaras Strait,RR,Residential - Regular,1700.0
raw,"RDO No. 76 - Victorias City, Negros Occidental is composed of the followin",,,,Negros Occidental,Manapla,(LIST OF STREETS),JOSE G. JO STREET,Boundary of Barangay II & II-A to Pantalan,CR,Commercial - Regular,3000.0
raw,"RDO No. 76 - Victorias City, Negros Occidental is composed of the followin",,,,Negros Occidental,Manapla,(LIST OF STREETS),JOSE G. JO STREET,Reclamation Area Along Guimaras Strait,RR,Residential - Regular,1700.0
raw,"RDO No. 76 - Victorias City, Negros Occidental is composed of the followin",,,,Negros Occidental,Manapla,(LIST OF STREETS),JOSE G. JO STREET,Reclamation Area Along Guimaras Strait,GP,General Purpose,1000.0
raw,"RDO No. 76 - Victorias City, Negros Occidental is composed of the followin",,,,Negros Occidental,Manapla,(LIST OF STREETS),MABINI STREET,B. Gallo Street - Roman Catholic Cemetery,RR,Residential - Regular,2325.0
raw,"RDO No. 76 - Victorias City, Negros Occidental is composed of the followin",,,,Negros Occidental,Manapla,(LIST OF STREETS),MABINI STREET,Interior Lots,RR,Residential - Regular,1950.0
raw,"RDO No. 76 - Victorias City, Negros Occidental is composed of the followin",,,,Negros Occidental,Manapla,(LIST OF STREETS),MABINI STREET,Interior Lots,A4,Agricultural - A4,64.0
raw,"RDO No. 76 - Victorias City, Negros Occidental is composed of the followin",,,,Negros Occidental,Manapla,(LIST OF STREETS),MABINI STREET,Interior Lots,A6,Agricultural - A6,90.0
raw,"RDO No. 76 - Victorias City, Negros Occidental is composed of the followin",,,,Negros Occidental,Manapla,(LIST OF STREETS),MABINI STREET,Interior Lots,A17,Agricultural - A17,82.0
raw,"RDO No. 76 - Victorias City, Negros Occidental is composed of the followin",,,,Negros Occidental,Manapla,(LIST OF STREETS),MABINI STREET,Interior Lots,GP,General Purpose,1000.0
raw,"RDO No. 76 - Victorias City, Negros Occidental is composed of the followin",,,,Negros Occidental,Manapla,(LIST OF STREETS),MANAPLA ENTERPRISE VILLAGE,Along National Highway,CR,Commercial - Regular,4200.0
raw,"RDO No. 76 - Victorias City, Negros Occidental is composed of the followin",,,,Negros Occidental,Manapla,(LIST OF STREETS),MANAPLA ENTERPRISE VILLAGE,Along National Highway,RR,Residential - Regular,2550.0
raw,"RDO No. 76 - Victorias City, Negros Occidental is composed of the followin",,,,Negros Occidental,Manapla,(LIST OF STREETS),NATIONAL ROAD,Crossing Rotonda to National Road (Paet),CR,Commercial - Regular,4000.0
raw,"RDO No. 76 - Victorias City, Negros Occidental is composed of the followin",,,,Negros Occidental,Manapla,(LIST OF STREETS),NATIONAL ROAD,Crossing Rotonda to National Road (Paet),RR,Residential - Regular,2325.0
raw,"RDO No. 76 - Victorias City, Negros Occidental is composed of the followin",,,,Negros Occidental,Manapla,(LIST OF STREETS),NATIONAL ROAD,Interior Lots,RR,Residential - Regular,1950.0
raw,"RDO No. 76 - Victorias City, Negros Occidental is composed of the followin",,,,Negros Occidental,Manapla,(LIST OF STREETS),NATIONAL ROAD,Interior Lots,GP,General Purpose,1000.0
raw,"RDO No. 76 - Victorias City, Negros Occidental is composed of the followin",,,,Negros Occidental,Manapla,(LIST OF STREETS),NATIONAL ROAD,Interior Lots,A2,Agricultural - A2,70.0
raw,"RDO No. 76 - Victorias City, Negros Occidental is composed of the followin",,,,Negros Occidental,Manapla,(LIST OF STREETS),NATIONAL ROAD,Interior Lots,A17,Agricultural - A17,82.0
raw,"RDO No. 76 - Victorias City, Negros Occidental is composed of the followin",,,,Negros Occidental,Manapla,(LIST OF STREETS),NATIONAL ROAD,Crossing Rotonda - National,CR,Commercial - Regular,4500.0
raw,"RDO No. 76 - Victorias City, Negros Occidental is composed of the followin",,,,Negros Occidental,Manapla,(LIST OF STREETS),NATIONAL ROAD,Road (Shell Gasoline Station),RR,Residential - Regular,2325.0
raw,"RDO No. 76 - Victorias City, Negros Occidental is composed of the followin",,,,Negros Occidental,Manapla,(LIST OF STREETS),NATIONAL ROAD,Road (Shell Gasoline Station),A2,Agricultural - A2,70.0
raw,"RDO No. 76 - Victorias City, Negros Occidental is composed of the followin",,,,Negros Occidental,Manapla,(LIST OF STREETS),NATIONAL ROAD,Road (Shell Gasoline Station),A6,Agricultural - A6,90.0
raw,"RDO No. 76 - Victorias City, Negros Occidental is composed of the followin",,,,Negros Occidental,Manapla,(LIST OF STREETS),NATIONAL ROAD,Road (Shell Gasoline Station),A17,Agricultural - A17,82.0
raw,"RDO No. 76 - Victorias City, Negros Occidental is composed of the followin",,,,Negros Occidental,Manapla,(LIST OF STREETS),NATIONAL ROAD,Along National Road,CR,Commercial - Regular,5000.0
raw,"RDO No. 76 - Victorias City, Negros Occidental is composed of the followin",,,,Negros Occidental,Manapla,(LIST OF STREETS),P. HINLO STREET,D. Gustilo Street to Guimaras Strait Per MMPDC(?)*,RR,Residential - Regular,2000.0
raw,"RDO No. 76 - Victorias City, Negros Occidental is composed of the followin",,,,Negros Occidental,Manapla,(LIST OF STREETS),P. HINLO STREET,Interior Lots,RR,Residential - Regular,1950.0
raw,"RDO No. 76 - Victorias City, Negros Occidental is composed of the followin",,,,Negros Occidental,Manapla,(LIST OF STREETS),R. LACSON STREET,J. Rizal Street - Aglipay Street,RR,Residential - Regular,2775.0
raw,"RDO No. 76 - Victorias City, Negros Occidental is composed of the followin",,,,Negros Occidental,Manapla,(LIST OF STREETS),R. LACSON STREET,Fronting Public Market,CR,Commercial - Regular,4600.0
raw,"RDO No. 76 - Victorias City, Negros Occidental is composed of the followin",,,,Negros Occidental,Manapla,(LIST OF STREETS),R. LACSON STREET,J. Rizal Street - Talab-An Bridge,CR,Commercial - Regular,3500.0
raw,"RDO No. 76 - Victorias City, Negros Occidental is composed of the followin",,,,Negros Occidental,Manapla,(LIST OF STREETS),R. LACSON STREET,J. Rizal Street - Talab-An Bridge,RR,Residential - Regular,2400.0
raw,"RDO No. 76 - Victorias City, Negros Occidental is composed of the followin",,,,Negros Occidental,Manapla,(LIST OF STREETS),R. LACSON STREET,Interior Lots,RR,Residential - Regular,1950.0
raw,"RDO No. 76 - Victorias City, Negros Occidental is composed of the followin",,,,Negros Occidental,Manapla,(LIST OF STREETS),R. LACSON STREET,Lots Along Guimaras Strait,RR,Residential - Regular,1800.0
raw,"RDO No. 76 - Victorias City, Negros Occidental is composed of the followin",,,,Negros Occidental,Manapla,(LIST OF STREETS),R. LACSON STREET,Lots Along Guimaras Strait,GP,General Purpose,1000.0
raw,"RDO No. 76 - Victorias City, Negros Occidental is composed of the followin",,,,Negros Occidental,Manapla,(LIST OF STREETS),R. LACSON STREET,Lots Along Guimaras Strait,A4,Agricultural - A4,64.0
raw,"RDO No. 76 - Victorias City, Negros Occidental is composed of the followin",,,,Negros Occidental,Manapla,(LIST OF STREETS),R. LACSON STREET,Lots Along Guimaras Strait,A6,Agricultural - A6,114.0
raw,"RDO No. 76 - Victorias City, Negros Occidental is composed of the followin",,,,Negros Occidental,Manapla,(LIST OF STREETS),R. LACSON STREET,Lots Along Guimaras Strait,A8,Agricultural - A8,54.0
raw,"RDO No. 76 - Victorias City, Negros Occidental is composed of the followin",,,,Negros Occidental,Manapla,(LIST OF STREETS),R. LACSON STREET,J. Rizal Street - B. Gallo Street,CR,Commercial - Regular,3450.0
raw,"RDO No. 76 - Victorias City, Negros Occidental is composed of the followin",,,,Negros Occidental,Manapla,(LIST OF STREETS),R. LACSON STREET,J. RIZAL Street-D. Gustilo Street,RR,Residential - Regular,2500.0
raw,"RDO No. 76 - Victorias City, Negros Occidental is composed of the followin",,,,Negros Occidental,Manapla,(LIST OF STREETS),R. LACSON STREET,Interior Lots,RR,Residential - Regular,1950.0
raw,"RDO No. 76 - Victorias City, Negros Occidental is composed of the followin",,,,Negros Occidental,Manapla,(LIST OF STREETS),SEASIDE BEACH RESORT,Inland Resort,A40,Agricultural - A40,1600.0
raw,"RDO No. 76 - Victorias City, Negros Occidental is composed of the followin",,,,Negros Occidental,Manapla,(LIST OF STREETS),SEASIDE BEACH RESORT,Within the Beach Proper,CR,Commercial - Regular,4200.0
raw,"RDO No. 76 - Victorias City, Negros Occidental is composed of the followin",,,,Negros Occidental,Manapla,(LIST OF STREETS),SEASIDE BEACH RESORT,Within the Beach Proper,A42,Agricultural - A42,100.0
raw,"RDO No. 76 - Victorias City, Negros Occidental is composed of the followin",,,,Negros Occidental,Manapla,(LIST OF STREETS),SEASIDE BEACH RESORT,Within the Beach Proper,A50,Agricultural - A50,20.0
raw,"RDO No. 76 - Victorias City, Negros Occidental is composed of the followin",,,,Negros Occidental,Manapla,(LIST OF STREETS),SEASIDE BEACH RESORT,Floriculture,A50,Agricultural - A50,130.0
raw,"RDO No. 76 - Victorias City, Negros Occidental is composed of the followin",,,,Negros Occidental,Manapla,(LIST OF STREETS),SEASIDE BEACH RESORT,Swine Farm,A50,Agricultural - A50,90.0
raw,"RDO No. 76 - Victorias City, Negros Occidental is composed of the followin",,,,Negros Occidental,Manapla,(LIST OF STREETS),SEASIDE BEACH RESORT,Poultry Farm ( Broiler),A50,Agricultural - A50,170.0
raw,"RDO No. 76 - Victorias City, Negros Occidental is composed of the followin",,,,Negros Occidental,Manapla,(LIST OF STREETS),SEASIDE BEACH RESORT,Breeding Farm,A50,Agricultural - A50,246.0
raw,"RDO No. 76 - Victorias City, Negros Occidental is composed of the followin",,,,Negros Occidental,Manapla,(LIST OF STREETS),SEASIDE BEACH RESORT,Livestock,A50,Agricultural - A50,190.0
raw,"RDO No. 76 - Victorias City, Negros Occidental is composed of the followin",,,,Negros Occidental,Manapla,(LIST OF STREETS),VILLA ANGELA SUBD.,Along National Road,CR,Commercial - Regular,4900.0
raw,"RDO No. 76 - Victorias City, Negros Occidental is composed of the followin",,,,Negros Occidental,Manapla,(LIST OF STREETS),VILLA ANGELA SUBD.,Along National Road,RR,Residential - Regular,3150.0
raw,"RDO No. 76 - Victorias City, Negros Occidental is composed of the followin",,,,Negros Occidental,Manapla,(LIST OF STREETS),VILLA VERDE SUBD.,Along National Road,RR,Residential - Regular,3300.0
raw,"RDO No. 76 - Victorias City, Negros Occidental is composed of the followin",,,,Negros Occidental,Manapla,(LIST OF STREETS),VILLA VERDE SUBD.,Interior Lots,RR,Residential - Regular,2500.0
raw,"RDO No. 76 - Victorias City, Negros Occidental is composed of the followin",,,,Negros Occidental,Manapla,TORTOSA,ALL LOTS,Lots along National Highway,CR,Commercial - Regular,4200.0
raw,"RDO No. 76 - Victorias City, Negros Occidental is composed of the followin",,,,Negros Occidental,Manapla,TORTOSA,ALL LOTS,Lots along Nat'L Highway,RR,Residential - Regular,2550.0
raw,"RDO No. 76 - Victorias City, Negros Occidental is composed of the followin",,,,Negros Occidental,Manapla,TORTOSA,ALL LOTS,Lots within Barangay Proper,RR,Residential - Regular,2550.0
raw,"RDO No. 76 - Victorias City, Negros Occidental is composed of the followin",,,,Negros Occidental,Manapla,TORTOSA,ALL LOTS,Lots along Brgy Road,RR,Residential - Regular,1875.0
raw,"RDO No. 76 - Victorias City, Negros Occidental is composed of the followin",,,,Negros Occidental,Manapla,TORTOSA,ALL LOTS,Lots outside Brgy. Proper,RR,Residential - Regular,1650.0
raw,"RDO No. 76 - Victorias City, Negros Occidental is composed of the followin",,,,Negros Occidental,Manapla,TORTOSA,ALL LOTS,Lots outside Brgy. Proper,GP,General Purpose,800.0
raw,"RDO No. 76 - Victorias City, Negros Occidental is composed of the followin",,,,Negros Occidental,Manapla,TORTOSA,ALL LOTS,Lots outside Brgy. Proper,A2,Agricultural - A2,82.0
raw,"RDO No. 76 - Victorias City, Negros Occidental is composed of the followin",,,,Negros Occidental,Manapla,TORTOSA,ALL LOTS,Lots outside Brgy. Proper,A4,Agricultural - A4,64.0
raw,"RDO No. 76 - Victorias City, Negros Occidental is composed of the followin",,,,Negros Occidental,Manapla,TORTOSA,ALL LOTS,Lots outside Brgy. Proper,A6,Agricultural - A6,114.0
raw,"RDO No. 76 - Victorias City, Negros Occidental is composed of the followin",,,,Negros Occidental,Manapla,TORTOSA,ALL LOTS,Lots outside Brgy. Proper,A14,Agricultural - A14,44.0
raw,"RDO No. 76 - Victorias City, Negros Occidental is composed of the followin",,,,Negros Occidental,Manapla,TORTOSA,ALL LOTS,Lots outside Brgy. Proper,A17,Agricultural - A17,82.0
raw,"RDO No. 76 - Victorias City, Negros Occidental is composed of the followin",,,,Negros Occidental,Manapla,TORTOSA,ALL LOTS,Lots outside Brgy. Proper,A36,Agricultural - A36,40.0
raw,"RDO No. 76 - Victorias City, Negros Occidental is composed of the followin",,,,Negros Occidental,Manapla,TORTOSA,ALL LOTS,Lots outside Brgy. Proper,A37,Agricultural - A37,30.0
raw,"RDO No. 76 - Victorias City, Negros Occidental is composed of the followin",,,,Negros Occidental,Manapla,TORTOSA,CEFIRINA BEACH RESORT,Beach Resort,A40,Agricultural - A40,1600.0
raw,"RDO No. 76 - Victorias City, Negros Occidental is composed of the followin",,,,Negros Occidental,Manapla,TORTOSA,CEFIRINA BEACH RESORT,Within the Beach Proper,CR,Commercial - Regular,2000.0
raw,"RDO No. 76 - Victorias City, Negros Occidental is composed of the followin",,,,Negros Occidental,Manapla,TORTOSA,CEFIRINA BEACH RESORT,Within the Beach Proper,A42,Agricultural - A42,100.0
raw,"RDO No. 76 - Victorias City, Negros Occidental is composed of the followin",,,,Negros Occidental,Manapla,TORTOSA,CEFIRINA BEACH RESORT,Within the Beach Proper,A44,Agricultural - A44,20.0
raw,"RDO No. 76 - Victorias City, Negros Occidental is composed of the followin",,,,Negros Occidental,Manapla,TORTOSA,CEFIRINA BEACH RESORT,Within the Beach Proper,A49,Agricultural - A49,20.0
raw,"RDO No. 76 - Victorias City, Negros Occidental is composed of the followin",,,,Negros Occidental,Manapla,TORTOSA,CEFIRINA BEACH RESORT,Within the Beach Proper,A50,Agricultural - A50,20.0
raw,"RDO No. 76 - Victorias City, Negros Occidental is composed of the followin",,,,,OF CADIZ CITY,BARRIOS,AGRICULTURAL LAND,"LOT 1242, 1239-1240",A,Agricultural,50.0
raw,"RDO No. 76 - Victorias City, Negros Occidental is composed of the followin",,,,,OF CADIZ CITY,BARRIOS,AGRICULTURAL LAND,"LOT 1242, 1239-1240",A1,Agricultural - A1,20.0
raw,"RDO No. 76 - Victorias City, Negros Occidental is composed of the followin",,,,,OF CADIZ CITY,BARRIOS,AGRICULTURAL LAND,"LOT 1242, 1239-1240",A2,Agricultural - A2,19.0
raw,"RDO No. 76 - Victorias City, Negros Occidental is composed of the followin",,,,,OF CADIZ CITY,BARRIOS,AGRICULTURAL LAND,"LOT 1242, 1239-1240",A3,Agricultural - A3,16.0
raw,"RDO No. 76 - Victorias City, Negros Occidental is composed of the followin",,,,,OF CADIZ CITY,BARRIOS,AGRICULTURAL LAND,"LOT 1242, 1239-1240",A4,Agricultural - A4,8.0
raw,"RDO No. 76 - Victorias City, Negros Occidental is composed of the followin",,,,,OF CADIZ CITY,BARRIOS,AGRICULTURAL LAND,"LOT 1242, 1239-1240",A5,Agricultural - A5,6.0
raw,"RDO No. 76 - Victorias City, Negros Occidental is composed of the followin",,,,,OF CADIZ CITY,BARRIOS,AGRICULTURAL LAND,"LOT 1242, 1239-1240",A6,Agricultural - A6,4.0
raw,"RDO No. 76 - Victorias City, Negros Occidental is composed of the followin",,,,,OF CADIZ CITY,BARRIOS,AGRICULTURAL LAND,"LOT 1242, 1239-1240",A7,Agricultural - A7,3.0
raw,"RDO No. 76 - Victorias City, Negros Occidental is composed of the followin",,,,,OF CADIZ CITY,BARRIOS,AGRICULTURAL LAND,"LOT 1242, 1239-1240",A8,Agricultural - A8,2.0
raw,"RDO No. 76 - Victorias City, Negros Occidental is composed of the followin",,,,,OF CADIZ CITY,BARRIOS,AGRICULTURAL LAND,"LOT 1242, 1239-1240",A9,Agricultural - A9,1.0
raw,"RDO No. 76 - Victorias City, Negros Occidental is composed of the followin",,,,,OF CADIZ CITY,BARRIOS,AGRICULTURAL LAND,"LOT 1242, 1239-1240",A,Agricultural,50.0
raw,"RDO No. 76 - Victorias City, Negros Occidental is composed of the followin",,,,,OF CADIZ CITY,BARRIOS,AGRICULTURAL LAND,"LOT 1242, 1239-1240",A1,Agricultural - A1,20.0
raw,"RDO No. 76 - Victorias City, Negros Occidental is composed of the followin",,,,,OF CADIZ CITY,BARRIOS,AGRICULTURAL LAND,"LOT 1242, 1239-1240",A2,Agricultural - A2,19.0
raw,"RDO No. 76 - Victorias City, Negros Occidental is composed of the followin",,,,,OF CADIZ CITY,BARRIOS,AGRICULTURAL LAND,"LOT 1242, 1239-1240",A3,Agricultural - A3,16.0
raw,"RDO No. 76 - Victorias City, Negros Occidental is composed of the followin",,,,,OF CADIZ CITY,BARRIOS,AGRICULTURAL LAND,"LOT 1242, 1239-1240",A4,Agricultural - A4,8.0
raw,"RDO No. 76 - Victorias City, Negros Occidental is composed of the followin",,,,,OF CADIZ CITY,BARRIOS,AGRICULTURAL LAND,"LOT 1242, 1239-1240",A5,Agricultural - A5,6.0
raw,"RDO No. 76 - Victorias City, Negros Occidental is composed of the followin",,,,,OF CADIZ CITY,BARRIOS,AGRICULTURAL LAND,"LOT 1242, 1239-1240",A6,Agricultural - A6,4.0
raw,"RDO No. 76 - Victorias City, Negros Occidental is composed of the followin",,,,,OF CADIZ CITY,BARRIOS,AGRICULTURAL LAND,"LOT 1242, 1239-1240",A7,Agricultural - A7,3.0
raw,"RDO No. 76 - Victorias City, Negros Occidental is composed of the followin",,,,,OF CADIZ CITY,BARRIOS,AGRICULTURAL LAND,"LOT 1242, 1239-1240",A8,Agricultural - A8,2.0
raw,"RDO No. 76 - Victorias City, Negros Occidental is composed of the followin",,,,,OF CADIZ CITY,BARRIOS,AGRICULTURAL LAND,"LOT 1242, 1239-1240",A9,Agricultural - A9,1.0
raw,"RDO No. 76 - Victorias City, Negros Occidental is composed of the followin",,,,,OF CADIZ CITY,BARRIOS,ALL OTHER BARANGAYS,"LOT 1242, 1239-1240",RR,Residential - Regular,150.0
raw,"RDO No. 76 - Victorias City, Negros Occidental is composed of the followin",,,,,OF CADIZ CITY,BARRIOS,ALL OTHER BARANGAYS,"LOT 1242, 1239-1240",RR,Residential - Regular,150.0
raw,"RDO No. 76 - Victorias City, Negros Occidental is composed of the followin",,,,,OF CADIZ CITY,BARRIOS,BANQUEROHAN,LOT 133 & PORTION LOT 142,I,Industrial,1000.0
raw,"RDO No. 76 - Victorias City, Negros Occidental is composed of the followin",,,,,OF CADIZ CITY,BARRIOS,BANQUEROHAN,HITALON RVR-LOT 149-153,RR,Residential - Regular,250.0
raw,"RDO No. 76 - Victorias City, Negros Occidental is composed of the followin",,,,,OF CADIZ CITY,BARRIOS,BANQUEROHAN,LOT 133 & PORTION LOT 142,I,Industrial,1000.0
raw,"RDO No. 76 - Victorias City, Negros Occidental is composed of the followin",,,,,OF CADIZ CITY,BARRIOS,BANQUEROHAN,HITALON RVR-LOT 149-153,RR,Residential - Regular,250.0
raw,"RDO No. 76 - Victorias City, Negros Occidental is composed of the followin",,,,,OF CADIZ CITY,BARRIOS,BONIFACIO,"LOT 909, 911 TO 913",RR,Residential - Regular,150.0
raw,"RDO No. 76 - Victorias City, Negros Occidental is composed of the followin",,,,,OF CADIZ CITY,BARRIOS,BONIFACIO,784 & 782,RR,Residential - Regular,150.0
raw,"RDO No. 76 - Victorias City, Negros Occidental is composed of the followin",,,,,OF CADIZ CITY,BARRIOS,BONIFACIO,"LOT 909, 911 TO 913",RR,Residential - Regular,150.0
raw,"RDO No. 76 - Victorias City, Negros Occidental is composed of the followin",,,,,OF CADIZ CITY,BARRIOS,BONIFACIO,784 & 782,RR,Residential - Regular,150.0
raw,"RDO No. 76 - Victorias City, Negros Occidental is composed of the followin",,,,,OF CADIZ CITY,BARRIOS,CABAHUG,PORTION LOT 1088,RR,Residential - Regular,150.0
raw,"RDO No. 76 - Victorias City, Negros Occidental is composed of the followin",,,,,OF CADIZ CITY,BARRIOS,CABAHUG,PORTION LOT 1088,RR,Residential - Regular,150.0
raw,"RDO No. 76 - Victorias City, Negros Occidental is composed of the followin",,,,,OF CADIZ CITY,BARRIOS,CADIZ-VIEJO,"PORTION LOT 4,734 & 1",CR,Commercial - Regular,450.0
raw,"RDO No. 76 - Victorias City, Negros Occidental is composed of the followin",,,,,OF CADIZ CITY,BARRIOS,CADIZ-VIEJO,628 & 1144,RR,Residential - Regular,150.0
raw,"RDO No. 76 - Victorias City, Negros Occidental is composed of the followin",,,,,OF CADIZ CITY,BARRIOS,CADIZ-VIEJO,"PORTION LOT 4,734 & 1",CR,Commercial - Regular,450.0
raw,"RDO No. 76 - Victorias City, Negros Occidental is composed of the followin",,,,,OF CADIZ CITY,BARRIOS,CADIZ-VIEJO,628 & 1144,RR,Residential - Regular,150.0
raw,"RDO No. 76 - Victorias City, Negros Occidental is composed of the followin",,,,,OF CADIZ CITY,BARRIOS,CADUHAAN,NATL HIWAY-CATHLC CHURCH,CR,Commercial - Regular,750.0
raw,"RDO No. 76 - Victorias City, Negros Occidental is composed of the followin",,,,,OF CADIZ CITY,BARRIOS,CADUHAAN,LOTS IN CONCEPCION SUBD,RR,Residential - Regular,350.0
raw,"RDO No. 76 - Victorias City, Negros Occidental is composed of the followin",,,,,OF CADIZ CITY,BARRIOS,CADUHAAN,PORTION LOT 805A-2,I,Industrial,1000.0
raw,"RDO No. 76 - Victorias City, Negros Occidental is composed of the followin",,,,,OF CADIZ CITY,BARRIOS,CADUHAAN,NATL HIWAY-CATHLC CHURCH,CR,Commercial - Regular,750.0
raw,"RDO No. 76 - Victorias City, Negros Occidental is composed of the followin",,,,,OF CADIZ CITY,BARRIOS,CADUHAAN,LOTS IN CONCEPCION SUBD,RR,Residential - Regular,350.0
raw,"RDO No. 76 - Victorias City, Negros Occidental is composed of the followin",,,,,OF CADIZ CITY,BARRIOS,CADUHAAN,PORTION LOT 805A-2,I,Industrial,1000.0
raw,"RDO No. 76 - Victorias City, Negros Occidental is composed of the followin",,,,,OF CADIZ CITY,BARRIOS,DAGA,DAGA ELEM SCH-PTA DAGA,RR,Residential - Regular,250.0
raw,"RDO No. 76 - Victorias City, Negros Occidental is composed of the followin",,,,,OF CADIZ CITY,BARRIOS,DAGA,NATL HIWAY CTRY-CONG CADI,CR,Commercial - Regular,750.0
raw,"RDO No. 76 - Victorias City, Negros Occidental is composed of the followin",,,,,OF CADIZ CITY,BARRIOS,DAGA,PORTION LOT 433B & LT 929,I,Industrial,1000.0
raw,"RDO No. 76 - Victorias City, Negros Occidental is composed of the followin",,,,,OF CADIZ CITY,BARRIOS,DAGA,DAGA ELEM SCH-PTA DAGA,RR,Residential - Regular,250.0
raw,"RDO No. 76 - Victorias City, Negros Occidental is composed of the followin",,,,,OF CADIZ CITY,BARRIOS,DAGA,NATL HIWAY CTRY-CONG CADI,CR,Commercial - Regular,750.0
raw,"RDO No. 76 - Victorias City, Negros Occidental is composed of the followin",,,,,OF CADIZ CITY,BARRIOS,DAGA,PORTION LOT 433B & LT 929,I,Industrial,1000.0
raw,"RDO No. 76 - Victorias City, Negros Occidental is composed of the followin",,,,,OF CADIZ CITY,BARRIOS,GUSTILO,PORTION LOT 1861,RR,Residential - Regular,150.0
raw,"RDO No. 76 - Victorias City, Negros Occidental is composed of the followin",,,,,OF CADIZ CITY,BARRIOS,GUSTILO,PORTION LOT 1861,RR,Residential - Regular,150.0
raw,"RDO No. 76 - Victorias City, Negros Occidental is composed of the followin",,,,,OF CADIZ CITY,BARRIOS,JERUSALEM,LOT 1562 & LOT 2,I,Industrial,1000.0
raw,"RDO No. 76 - Victorias City, Negros Occidental is composed of the followin",,,,,OF CADIZ CITY,BARRIOS,JERUSALEM,LOT 1356,RR,Residential - Regular,300.0
raw,"RDO No. 76 - Victorias City, Negros Occidental is composed of the followin",,,,,OF CADIZ CITY,BARRIOS,JERUSALEM,LOT 1562 & LOT 2,I,Industrial,1000.0
raw,"RDO No. 76 - Victorias City, Negros Occidental is composed of the followin",,,,,OF CADIZ CITY,BARRIOS,JERUSALEM,LOT 1356,RR,Residential - Regular,300.0
raw,"RDO No. 76 - Victorias City, Negros Occidental is composed of the followin",,,,,OF CADIZ CITY,BARRIOS,LUNA,PORTION LOT 493,RR,Residential - Regular,150.0
raw,"RDO No. 76 - Victorias City, Negros Occidental is composed of the followin",,,,,OF CADIZ CITY,BARRIOS,LUNA,PORTION LOT 493,RR,Residential - Regular,150.0
raw,"RDO No. 76 - Victorias City, Negros Occidental is composed of the followin",,,,,OF CADIZ CITY,BARRIOS,MABINI,"LOT 964,CEFGHJKL",RR,Residential - Regular,150.0
raw,"RDO No. 76 - Victorias City, Negros Occidental is composed of the followin",,,,,OF CADIZ CITY,BARRIOS,MABINI,PORTION LOT 937,I,Industrial,1000.0
raw,"RDO No. 76 - Victorias City, Negros Occidental is composed of the followin",,,,,OF CADIZ CITY,BARRIOS,MABINI,"LOT 964,CEFGHJKL",RR,Residential - Regular,150.0
raw,"RDO No. 76 - Victorias City, Negros Occidental is composed of the followin",,,,,OF CADIZ CITY,BARRIOS,MABINI,PORTION LOT 937,I,Industrial,1000.0
raw,"RDO No. 76 - Victorias City, Negros Occidental is composed of the followin",,,,,OF CADIZ CITY,BARRIOS,MAGSAYSAY,LOT H140700 & h187686,RR,Residential - Regular,150.0
raw,"RDO No. 76 - Victorias City, Negros Occidental is composed of the followin",,,,,OF CADIZ CITY,BARRIOS,MAGSAYSAY,LOT H140700 & h187686,RR,Residential - Regular,150.0
raw,"RDO No. 76 - Victorias City, Negros Occidental is composed of the followin",,,,,OF CADIZ CITY,BARRIOS,SICABA,AGUINALDO ST-SICABA RVR,RR,Residential - Regular,150.0
raw,"RDO No. 76 - Victorias City, Negros Occidental is composed of the followin",,,,,OF CADIZ CITY,BARRIOS,SICABA,AGUINALDO ST-SICABA RVR,RR,Residential - Regular,150.0
raw,"RDO No. 76 - Victorias City, Negros Occidental is composed of the followin",,,,,OF CADIZ CITY,BARRIOS,TIGLAWIGAN,"LOT 167-168, 1-14, 2A-2C",RR,Residential - Regular,150.0
raw,"RDO No. 76 - Victorias City, Negros Occidental is composed of the followin",,,,,OF CADIZ CITY,BARRIOS,TIGLAWIGAN,"LOT 167-168, 1-14, 2A-2C",RR,Residential - Regular,150.0
raw,"RDO No. 76 - Victorias City, Negros Occidental is composed of the followin",,,,,OF CADIZ CITY,BARRIOS,TINAMPARAN,"BLK 1-13 & 51 PROJ,HITALO",I,Industrial,1200.0
raw,"RDO No. 76 - Victorias City, Negros Occidental is composed of the followin",,,,,OF CADIZ CITY,BARRIOS,TINAMPARAN,PROJ. HITALON,CR,Commercial - Regular,700.0
raw,"RDO No. 76 - Victorias City, Negros Occidental is composed of the followin",,,,,OF CADIZ CITY,BARRIOS,TINAMPARAN,"LOT 1242, 1239-1240",RR,Residential - Regular,300.0
raw,"RDO No. 76 - Victorias City, Negros Occidental is composed of the followin",,,,,OF CADIZ CITY,BARRIOS,TINAMPARAN,"BLK 1-13 & 51 PROJ,HITALO",I,Industrial,1200.0
raw,"RDO No. 76 - Victorias City, Negros Occidental is composed of the followin",,,,,OF CADIZ CITY,BARRIOS,TINAMPARAN,PROJ. HITALON,CR,Commercial - Regular,700.0
raw,"RDO No. 76 - Victorias City, Negros Occidental is composed of the followin",,,,,OF CADIZ CITY,BARRIOS,TINAMPARAN,"LOT 1242, 1239-1240",RR,Residential - Regular,300.0
raw,"RDO No. 76 - Victorias City, Negros Occidental is composed of the followin",,,,,OF CADIZ CITY,POBLACION,ABELARDE ST,CABAHUG ST-NORTH SEASHORE,RR,Residential - Regular,450.0
raw,"RDO No. 76 - Victorias City, Negros Occidental is composed of the followin",,,,,OF CADIZ CITY,POBLACION,ABELARDE ST,CABAHUG ST-PUBLIC MARKET,CR,Commercial - Regular,950.0
raw,"RDO No. 76 - Victorias City, Negros Occidental is composed of the followin",,,,,OF CADIZ CITY,POBLACION,ABELARDE ST,CABAHUG ST-NORTH SEASHORE,RR,Residential - Regular,450.0
raw,"RDO No. 76 - Victorias City, Negros Occidental is composed of the followin",,,,,OF CADIZ CITY,POBLACION,ABELARDE ST,CABAHUG ST-PUBLIC MARKET,CR,Commercial - Regular,950.0
raw,"RDO No. 76 - Victorias City, Negros Occidental is composed of the followin",,,,,OF CADIZ CITY,POBLACION,AGUILAR SUBD,ALL STREETS,RR,Residential - Regular,150.0
raw,"RDO No. 76 - Victorias City, Negros Occidental is composed of the followin",,,,,OF CADIZ CITY,POBLACION,AGUILAR SUBD,ALL STREETS,RR,Residential - Regular,150.0
raw,"RDO No. 76 - Victorias City, Negros Occidental is composed of the followin",,,,,OF CADIZ CITY,POBLACION,ANDREA VILL SUBD,RD LOT 2 OF BLK 2,CR,Commercial - Regular,950.0
raw,"RDO No. 76 - Victorias City, Negros Occidental is composed of the followin",,,,,OF CADIZ CITY,POBLACION,ANDREA VILL SUBD,"BLK 1, 3, 21 & 22",RR,Residential - Regular,500.0
raw,"RDO No. 76 - Victorias City, Negros Occidental is composed of the followin",,,,,OF CADIZ CITY,POBLACION,ANDREA VILL SUBD,RD LOT 2 OF BLK 2,CR,Commercial - Regular,950.0
raw,"RDO No. 76 - Victorias City, Negros Occidental is composed of the followin",,,,,OF CADIZ CITY,POBLACION,ANDREA VILL SUBD,"BLK 1, 3, 21 & 22",RR,Residential - Regular,500.0
raw,"RDO No. 76 - Victorias City, Negros Occidental is composed of the followin",,,,,OF CADIZ CITY,POBLACION,ARELLANO ST,VILLACIN ST-NORTH SEASHORE,RR,Residential - Regular,450.0
raw,"RDO No. 76 - Victorias City, Negros Occidental is composed of the followin",,,,,OF CADIZ CITY,POBLACION,ARELLANO ST,VILLACIN ST-MABINI ST,CR,Commercial - Regular,900.0
raw,"RDO No. 76 - Victorias City, Negros Occidental is composed of the followin",,,,,OF CADIZ CITY,POBLACION,ARELLANO ST,VILLACIN ST-NORTH SEASHORE,RR,Residential - Regular,450.0
raw,"RDO No. 76 - Victorias City, Negros Occidental is composed of the followin",,,,,OF CADIZ CITY,POBLACION,ARELLANO ST,VILLACIN ST-MABINI ST,CR,Commercial - Regular,900.0
raw,"RDO No. 76 - Victorias City, Negros Occidental is composed of the followin",,,,,OF CADIZ CITY,POBLACION,BURGOS ST,MABINI ST-STO NINO ST (E),CR,Commercial - Regular,950.0
raw,"RDO No. 76 - Victorias City, Negros Occidental is composed of the followin",,,,,OF CADIZ CITY,POBLACION,BURGOS ST,MABINI ST-STO NINO ST (E),CR,Commercial - Regular,950.0
raw,"RDO No. 76 - Victorias City, Negros Occidental is composed of the followin",,,,,OF CADIZ CITY,POBLACION,CABAHUG ST,GUSTILO BLVD-BURGOS ST,CR,Commercial - Regular,950.0
raw,"RDO No. 76 - Victorias City, Negros Occidental is composed of the followin",,,,,OF CADIZ CITY,POBLACION,CABAHUG ST,BURGOS ST-PTA CABAHUG SOUTHSIDE,I,Industrial,1350.0
raw,"RDO No. 76 - Victorias City, Negros Occidental is composed of the followin",,,,,OF CADIZ CITY,POBLACION,CABAHUG ST,GUSTILO BLVD-BURGOS ST,CR,Commercial - Regular,950.0
raw,"RDO No. 76 - Victorias City, Negros Occidental is composed of the followin",,,,,OF CADIZ CITY,POBLACION,CABAHUG ST,BURGOS ST-PTA CABAHUG SOUTHSIDE,I,Industrial,1350.0
raw,"RDO No. 76 - Victorias City, Negros Occidental is composed of the followin",,,,,OF CADIZ CITY,POBLACION,CASAS SUBD,ALL LOTS,RR,Residential - Regular,250.0
raw,"RDO No. 76 - Victorias City, Negros Occidental is composed of the followin",,,,,OF CADIZ CITY,POBLACION,CASAS SUBD,ALL LOTS,RR,Residential - Regular,250.0
raw,"RDO No. 76 - Victorias City, Negros Occidental is composed of the followin",,,,,OF CADIZ CITY,POBLACION,CRISTINA VILL SUBD,ALL LOTS,RR,Residential - Regular,400.0
raw,"RDO No. 76 - Victorias City, Negros Occidental is composed of the followin",,,,,OF CADIZ CITY,POBLACION,CRISTINA VILL SUBD,ALL LOTS,RR,Residential - Regular,400.0
raw,"RDO No. 76 - Victorias City, Negros Occidental is composed of the followin",,,,,OF CADIZ CITY,POBLACION,DERIADAOS SUBD,ALL LOTS,RR,Residential - Regular,300.0
raw,"RDO No. 76 - Victorias City, Negros Occidental is composed of the followin",,,,,OF CADIZ CITY,POBLACION,DERIADAOS SUBD,ALL LOTS,RR,Residential - Regular,300.0
raw,"RDO No. 76 - Victorias City, Negros Occidental is composed of the followin",,,,,OF CADIZ CITY,POBLACION,GUSTILO BOULEVARD,VILLENA ST-CABAHUG EAST SIDE,CR,Commercial - Regular,850.0
raw,"RDO No. 76 - Victorias City, Negros Occidental is composed of the followin",,,,,OF CADIZ CITY,POBLACION,GUSTILO BOULEVARD,VILLENA ST-CABAHUG EAST SIDE,CR,Commercial - Regular,850.0
raw,"RDO No. 76 - Victorias City, Negros Occidental is composed of the followin",,,,,OF CADIZ CITY,POBLACION,GUSTILO ST,EUSEBIO V'L SUBD-MAGSAYSAY,RR,Residential - Regular,500.0
raw,"RDO No. 76 - Victorias City, Negros Occidental is composed of the followin",,,,,OF CADIZ CITY,POBLACION,GUSTILO ST,MAGSAYSAY-LOPEZ JAENA ST,CR,Commercial - Regular,850.0
raw,"RDO No. 76 - Victorias City, Negros Occidental is composed of the followin",,,,,OF CADIZ CITY,POBLACION,GUSTILO ST,EUSEBIO V'L SUBD-MAGSAYSAY,RR,Residential - Regular,500.0
raw,"RDO No. 76 - Victorias City, Negros Occidental is composed of the followin",,,,,OF CADIZ CITY,POBLACION,GUSTILO ST,MAGSAYSAY-LOPEZ JAENA ST,CR,Commercial - Regular,850.0
raw,"RDO No. 76 - Victorias City, Negros Occidental is composed of the followin",,,,,OF CADIZ CITY,POBLACION,HERERIAS ST,VILLACIN ST-NORTH CABAHUG,RR,Residential - Regular,500.0
raw,"RDO No. 76 - Victorias City, Negros Occidental is composed of the followin",,,,,OF CADIZ CITY,POBLACION,HERERIAS ST,VILLACIN ST-NORTH CABAHUG,RR,Residential - Regular,500.0
raw,"RDO No. 76 - Victorias City, Negros Occidental is composed of the followin",,,,,OF CADIZ CITY,POBLACION,JUAN LUNA ST,VILLENA ST-NORTH SEASHORE,CR,Commercial - Regular,950.0
raw,"RDO No. 76 - Victorias City, Negros Occidental is composed of the followin",,,,,OF CADIZ CITY,POBLACION,JUAN LUNA ST,VILLENA ST-NORTH SEASHORE,CR,Commercial - Regular,950.0
raw,"RDO No. 76 - Victorias City, Negros Occidental is composed of the followin",,,,,OF CADIZ CITY,POBLACION,LOPEZ JAENA,VILLENA ST-VILLACIN ST,CR,Commercial - Regular,950.0
raw,"RDO No. 76 - Victorias City, Negros Occidental is composed of the followin",,,,,OF CADIZ CITY,POBLACION,LOPEZ JAENA,VILLENA ST-MABINI (EASTSIDE),I,Industrial,1350.0
raw,"RDO No. 76 - Victorias City, Negros Occidental is composed of the followin",,,,,OF CADIZ CITY,POBLACION,LOPEZ JAENA,VILLENA ST-VILLACIN ST,CR,Commercial - Regular,950.0
raw,"RDO No. 76 - Victorias City, Negros Occidental is composed of the followin",,,,,OF CADIZ CITY,POBLACION,LOPEZ JAENA,VILLENA ST-MABINI (EASTSIDE),I,Industrial,1350.0
raw,"RDO No. 76 - Victorias City, Negros Occidental is composed of the followin",,,,,OF CADIZ CITY,POBLACION,LOPEZ VITO ST,CABAHUG ST-NORTH VILLACIN,CR,Commercial - Regular,850.0
raw,"RDO No. 76 - Victorias City, Negros Occidental is composed of the followin",,,,,OF CADIZ CITY,POBLACION,LOPEZ VITO ST,CABAHUG ST-NORTH VILLACIN,CR,Commercial - Regular,850.0
raw,"RDO No. 76 - Victorias City, Negros Occidental is composed of the followin",,,,,OF CADIZ CITY,POBLACION,M.H. DEL PILAR ST,CABAHUG ST-VILLACIN ST,CR,Commercial - Regular,850.0
raw,"RDO No. 76 - Victorias City, Negros Occidental is composed of the followin",,,,,OF CADIZ CITY,POBLACION,M.H. DEL PILAR ST,CABAHUG ST-VILLACIN ST,CR,Commercial - Regular,850.0
raw,"RDO No. 76 - Victorias City, Negros Occidental is composed of the followin",,,,,OF CADIZ CITY,POBLACION,MABINI ST,EUSEBIO VILL SUBD-MAGSAYSAY,RR,Residential - Regular,500.0
raw,"RDO No. 76 - Victorias City, Negros Occidental is composed of the followin",,,,,OF CADIZ CITY,POBLACION,MABINI ST,MAGSAYSAY ST-BURGOS ST,CR,Commercial - Regular,950.0
raw,"RDO No. 76 - Victorias City, Negros Occidental is composed of the followin",,,,,OF CADIZ CITY,POBLACION,MABINI ST,EUSEBIO VILL SUBD-MAGSAYSAY,RR,Residential - Regular,500.0
raw,"RDO No. 76 - Victorias City, Negros Occidental is composed of the followin",,,,,OF CADIZ CITY,POBLACION,MABINI ST,MAGSAYSAY ST-BURGOS ST,CR,Commercial - Regular,950.0
raw,"RDO No. 76 - Victorias City, Negros Occidental is composed of the followin",,,,,OF CADIZ CITY,POBLACION,MAGSAYSAY ST,MAGSAYSAY ST-CABAHUG ST,RR,Residential - Regular,500.0
raw,"RDO No. 76 - Victorias City, Negros Occidental is composed of the followin",,,,,OF CADIZ CITY,POBLACION,MAGSAYSAY ST,VILLENA ST-CABAHUG EAST SIDE,CR,Commercial - Regular,850.0
raw,"RDO No. 76 - Victorias City, Negros Occidental is composed of the followin",,,,,OF CADIZ CITY,POBLACION,MAGSAYSAY ST,MAGSAYSAY ST-CABAHUG ST,RR,Residential - Regular,500.0
raw,"RDO No. 76 - Victorias City, Negros Occidental is composed of the followin",,,,,OF CADIZ CITY,POBLACION,MAGSAYSAY ST,VILLENA ST-CABAHUG EAST SIDE,CR,Commercial - Regular,850.0
raw,"RDO No. 76 - Victorias City, Negros Occidental is composed of the followin",,,,,OF CADIZ CITY,POBLACION,OSMENA ST,ABELARDE ST-WEST SEABREEZE,RR,Residential - Regular,450.0
raw,"RDO No. 76 - Victorias City, Negros Occidental is composed of the followin",,,,,OF CADIZ CITY,POBLACION,OSMENA ST,ABELARDE ST-WEST SEABREEZE,RR,Residential - Regular,450.0
raw,"RDO No. 76 - Victorias City, Negros Occidental is composed of the followin",,,,,OF CADIZ CITY,POBLACION,QUEZON ST,JUAN LUNA ST-LOPEZ JAENA ST,CR,Commercial - Regular,950.0
raw,"RDO No. 76 - Victorias City, Negros Occidental is composed of the followin",,,,,OF CADIZ CITY,POBLACION,QUEZON ST,JUAN LUNA ST-LOPEZ JAENA ST,CR,Commercial - Regular,950.0
raw,"RDO No. 76 - Victorias City, Negros Occidental is composed of the followin",,,,,OF CADIZ CITY,POBLACION,RIZAL ST,CABAHUG ST-VILLACIN (S),CR,Commercial - Regular,850.0
raw,"RDO No. 76 - Victorias City, Negros Occidental is composed of the followin",,,,,OF CADIZ CITY,POBLACION,RIZAL ST,VILLACIN ST-NORTH SEASHORE,RR,Residential - Regular,500.0
raw,"RDO No. 76 - Victorias City, Negros Occidental is composed of the followin",,,,,OF CADIZ CITY,POBLACION,RIZAL ST,CABAHUG ST-VILLACIN (S),CR,Commercial - Regular,850.0
raw,"RDO No. 76 - Victorias City, Negros Occidental is composed of the followin",,,,,OF CADIZ CITY,POBLACION,RIZAL ST,VILLACIN ST-NORTH SEASHORE,RR,Residential - Regular,500.0
raw,"RDO No. 76 - Victorias City, Negros Occidental is composed of the followin",,,,,OF CADIZ CITY,POBLACION,SAN EUSEBIO VILL SUBD,ALL LOTS,RR,Residential - Regular,450.0
raw,"RDO No. 76 - Victorias City, Negros Occidental is composed of the followin",,,,,OF CADIZ CITY,POBLACION,SAN EUSEBIO VILL SUBD,ALL LOTS,RR,Residential - Regular,450.0
raw,"RDO No. 76 - Victorias City, Negros Occidental is composed of the followin",,,,,OF CADIZ CITY,POBLACION,SANTO NINO ST,LOPEZ JAENA ST-LOPEZ VITO ST,CR,Commercial - Regular,850.0
raw,"RDO No. 76 - Victorias City, Negros Occidental is composed of the followin",,,,,OF CADIZ CITY,POBLACION,SANTO NINO ST,LOPEZ JAENA ST-LOPEZ VITO ST,CR,Commercial - Regular,850.0
raw,"RDO No. 76 - Victorias City, Negros Occidental is composed of the followin",,,,,OF CADIZ CITY,POBLACION,TONGOY ST,CABAHUG-VILLACIN SOUTH,CR,Commercial - Regular,850.0
raw,"RDO No. 76 - Victorias City, Negros Occidental is composed of the followin",,,,,OF CADIZ CITY,POBLACION,TONGOY ST,VILLACIN-NORTH SEASHORE,RR,Residential - Regular,500.0
raw,"RDO No. 76 - Victorias City, Negros Occidental is composed of the followin",,,,,OF CADIZ CITY,POBLACION,TONGOY ST,CABAHUG-VILLACIN SOUTH,CR,Commercial - Regular,850.0
raw,"RDO No. 76 - Victorias City, Negros Occidental is composed of the followin",,,,,OF CADIZ CITY,POBLACION,TONGOY ST,VILLACIN-NORTH SEASHORE,RR,Residential - Regular,500.0
raw,"RDO No. 76 - Victorias City, Negros Occidental is composed of the followin",,,,,OF CADIZ CITY,POBLACION,VILLA BARBAS SUBD,ALL LOTS,RR,Residential - Regular,300.0
raw,"RDO No. 76 - Victorias City, Negros Occidental is composed of the followin",,,,,OF CADIZ CITY,POBLACION,VILLA BARBAS SUBD,ALL LOTS,RR,Residential - Regular,300.0
raw,"RDO No. 76 - Victorias City, Negros Occidental is composed of the followin",,,,,OF CADIZ CITY,POBLACION,VILLA BARILEA SUBD,ALL LOTS,RR,Residential - Regular,300.0
raw,"RDO No. 76 - Victorias City, Negros Occidental is composed of the followin",,,,,OF CADIZ CITY,POBLACION,VILLA BARILEA SUBD,ALL LOTS,RR,Residential - Regular,300.0
raw,"RDO No. 76 - Victorias City, Negros Occidental is composed of the followin",,,,,OF CADIZ CITY,POBLACION,VILLA BEACH SUBD,ALL LOTS,RR,Residential - Regular,400.0
raw,"RDO No. 76 - Victorias City, Negros Occidental is composed of the followin",,,,,OF CADIZ CITY,POBLACION,VILLA BEACH SUBD,ALL LOTS,RR,Residential - Regular,400.0
raw,"RDO No. 76 - Victorias City, Negros Occidental is composed of the followin",,,,,OF CADIZ CITY,POBLACION,VILLA MIRAMAR SUBD,ALL LOTS,RR,Residential - Regular,300.0
raw,"RDO No. 76 - Victorias City, Negros Occidental is composed of the followin",,,,,OF CADIZ CITY,POBLACION,VILLA MIRAMAR SUBD,ALL LOTS,RR,Residential - Regular,300.0
raw,"RDO No. 76 - Victorias City, Negros Occidental is composed of the followin",,,,,OF CADIZ CITY,POBLACION,VILLACIN ST,J. LUNA-L VITO (SOUTH SIDE),CR,Commercial - Regular,750.0
raw,"RDO No. 76 - Victorias City, Negros Occidental is composed of the followin",,,,,OF CADIZ CITY,POBLACION,VILLACIN ST,J. LUNA-L VITO (NORTH SIDE),RR,Residential - Regular,500.0
raw,"RDO No. 76 - Victorias City, Negros Occidental is composed of the followin",,,,,OF CADIZ CITY,POBLACION,VILLACIN ST,J. LUNA-L VITO (SOUTH SIDE),CR,Commercial - Regular,750.0
raw,"RDO No. 76 - Victorias City, Negros Occidental is composed of the followin",,,,,OF CADIZ CITY,POBLACION,VILLACIN ST,J. LUNA-L VITO (NORTH SIDE),RR,Residential - Regular,500.0
raw,"RDO No. 76 - Victorias City, Negros Occidental is composed of the followin",,,,,OF CADIZ CITY,POBLACION,VILLENA ST,GUSTILO BLVD- L. JAENA ST,CR,Commercial - Regular,950.0
raw,"RDO No. 76 - Victorias City, Negros Occidental is composed of the followin",,,,,OF CADIZ CITY,POBLACION,VILLENA ST,GUSTILO BLVD- L. JAENA ST,CR,Commercial - Regular,950.0
raw,"RDO No. 76 - Victorias City, Negros Occidental is composed of the followin",,,1ST,,OF CALATRAVA,ALL OTHER BARANGAYS,ALL LOTS,,RR,Residential - Regular,300.0
raw,"RDO No. 76 - Victorias City, Negros Occidental is composed of the followin",,,1ST,,OF CALATRAVA,ALL OTHER BARANGAYS,ALL LOTS,,CR,Commercial - Regular,1300.0
raw,"RDO No. 76 - Victorias City, Negros Occidental is composed of the followin",,,1ST,,OF CALATRAVA,ALL OTHER BARANGAYS,ALL LOTS,,I,Industrial,800.0
raw,"RDO No. 76 - Victorias City, Negros Occidental is composed of the followin",,,1ST,,OF CALATRAVA,ALL OTHER BARANGAYS,ALL LOTS,,A17,Agricultural - A17,20.0
raw,"RDO No. 76 - Victorias City, Negros Occidental is composed of the followin",,,1ST,,OF CALATRAVA,ALL OTHER BARANGAYS,ALL LOTS,,RR,Residential - Regular,300.0
raw,"RDO No. 76 - Victorias City, Negros Occidental is composed of the followin",,,1ST,,OF CALATRAVA,ALL OTHER BARANGAYS,ALL LOTS,,CR,Commercial - Regular,1300.0
raw,"RDO No. 76 - Victorias City, Negros Occidental is composed of the followin",,,1ST,,OF CALATRAVA,ALL OTHER BARANGAYS,ALL LOTS,,I,Industrial,800.0
raw,"RDO No. 76 - Victorias City, Negros Occidental is composed of the followin",,,1ST,,OF CALATRAVA,ALL OTHER BARANGAYS,ALL LOTS,,A17,Agricultural - A17,20.0
raw,"RDO No. 76 - Victorias City, Negros Occidental is composed of the followin",,,,,OF CALATRAVA,OTHER BARANGAYS,ALL LOTS SUGARLAND,,A1,Agricultural - A1,20.0
raw,"RDO No. 76 - Victorias City, Negros Occidental is composed of the followin",,,,,OF CALATRAVA,OTHER BARANGAYS,ALL LOTS SUGARLAND,,A1,Agricultural - A1,20.0
raw,"RDO No. 76 - Victorias City, Negros Occidental is composed of the followin",,,,,OF CALATRAVA,POBLACION,AGRICULTURAL LAND,CASTILLANES-DN R. LLANTADA ST,A,Agricultural,50.0
raw,"RDO No. 76 - Victorias City, Negros Occidental is composed of the followin",,,,,OF CALATRAVA,POBLACION,AGRICULTURAL LAND,CASTILLANES-DN R. LLANTADA ST,A1,Agricultural - A1,20.0
raw,"RDO No. 76 - Victorias City, Negros Occidental is composed of the followin",,,,,OF CALATRAVA,POBLACION,AGRICULTURAL LAND,CASTILLANES-DN R. LLANTADA ST,A2,Agricultural - A2,19.0
raw,"RDO No. 76 - Victorias City, Negros Occidental is composed of the followin",,,,,OF CALATRAVA,POBLACION,AGRICULTURAL LAND,CASTILLANES-DN R. LLANTADA ST,A3,Agricultural - A3,16.0
raw,"RDO No. 76 - Victorias City, Negros Occidental is composed of the followin",,,,,OF CALATRAVA,POBLACION,AGRICULTURAL LAND,CASTILLANES-DN R. LLANTADA ST,A4,Agricultural - A4,8.0
raw,"RDO No. 76 - Victorias City, Negros Occidental is composed of the followin",,,,,OF CALATRAVA,POBLACION,AGRICULTURAL LAND,CASTILLANES-DN R. LLANTADA ST,A5,Agricultural - A5,6.0
raw,"RDO No. 76 - Victorias City, Negros Occidental is composed of the followin",,,,,OF CALATRAVA,POBLACION,AGRICULTURAL LAND,CASTILLANES-DN R. LLANTADA ST,A6,Agricultural - A6,5.0
raw,"RDO No. 76 - Victorias City, Negros Occidental is composed of the followin",,,,,OF CALATRAVA,POBLACION,AGRICULTURAL LAND,CASTILLANES-DN R. LLANTADA ST,A7,Agricultural - A7,3.0
raw,"RDO No. 76 - Victorias City, Negros Occidental is composed of the followin",,,,,OF CALATRAVA,POBLACION,AGRICULTURAL LAND,CASTILLANES-DN R. LLANTADA ST,A8,Agricultural - A8,4.0
raw,"RDO No. 76 - Victorias City, Negros Occidental is composed of the followin",,,,,OF CALATRAVA,POBLACION,AGRICULTURAL LAND,CASTILLANES-DN R. LLANTADA ST,A9,Agricultural - A9,1.0
raw,"RDO No. 76 - Victorias City, Negros Occidental is composed of the followin",,,,,OF CALATRAVA,POBLACION,AGRICULTURAL LAND,CASTILLANES-DN R. LLANTADA ST,A,Agricultural,50.0
raw,"RDO No. 76 - Victorias City, Negros Occidental is composed of the followin",,,,,OF CALATRAVA,POBLACION,AGRICULTURAL LAND,CASTILLANES-DN R. LLANTADA ST,A1,Agricultural - A1,20.0
raw,"RDO No. 76 - Victorias City, Negros Occidental is composed of the followin",,,,,OF CALATRAVA,POBLACION,AGRICULTURAL LAND,CASTILLANES-DN R. LLANTADA ST,A2,Agricultural - A2,19.0
raw,"RDO No. 76 - Victorias City, Negros Occidental is composed of the followin",,,,,OF CALATRAVA,POBLACION,AGRICULTURAL LAND,CASTILLANES-DN R. LLANTADA ST,A3,Agricultural - A3,16.0
raw,"RDO No. 76 - Victorias City, Negros Occidental is composed of the followin",,,,,OF CALATRAVA,POBLACION,AGRICULTURAL LAND,CASTILLANES-DN R. LLANTADA ST,A4,Agricultural - A4,8.0
raw,"RDO No. 76 - Victorias City, Negros Occidental is composed of the followin",,,,,OF CALATRAVA,POBLACION,AGRICULTURAL LAND,CASTILLANES-DN R. LLANTADA ST,A5,Agricultural - A5,6.0
raw,"RDO No. 76 - Victorias City, Negros Occidental is composed of the followin",,,,,OF CALATRAVA,POBLACION,AGRICULTURAL LAND,CASTILLANES-DN R. LLANTADA ST,A6,Agricultural - A6,5.0
raw,"RDO No. 76 - Victorias City, Negros Occidental is composed of the followin",,,,,OF CALATRAVA,POBLACION,AGRICULTURAL LAND,CASTILLANES-DN R. LLANTADA ST,A7,Agricultural - A7,3.0
raw,"RDO No. 76 - Victorias City, Negros Occidental is composed of the followin",,,,,OF CALATRAVA,POBLACION,AGRICULTURAL LAND,CASTILLANES-DN R. LLANTADA ST,A8,Agricultural - A8,4.0
raw,"RDO No. 76 - Victorias City, Negros Occidental is composed of the followin",,,,,OF CALATRAVA,POBLACION,AGRICULTURAL LAND,CASTILLANES-DN R. LLANTADA ST,A9,Agricultural - A9,1.0
raw,"RDO No. 76 - Victorias City, Negros Occidental is composed of the followin",,,1ST,,OF CALATRAVA,POBLACION,ALL OTHER STREETS,CASTILLANES-DN R. LLANTADA ST,CR,Commercial - Regular,1300.0
raw,"RDO No. 76 - Victorias City, Negros Occidental is composed of the followin",,,1ST,,OF CALATRAVA,POBLACION,ALL OTHER STREETS,CASTILLANES-DN R. LLANTADA ST,RR,Residential - Regular,300.0
raw,"RDO No. 76 - Victorias City, Negros Occidental is composed of the followin",,,1ST,,OF CALATRAVA,POBLACION,ALL OTHER STREETS,"W/IN 10,000 M. FR. POBLACION",I,Industrial,1300.0
raw,"RDO No. 76 - Victorias City, Negros Occidental is composed of the followin",,,1ST,,OF CALATRAVA,POBLACION,ALL OTHER STREETS,"MORE THAN 10,000 M BUT NOT",I,Industrial,1200.0
raw,"RDO No. 76 - Victorias City, Negros Occidental is composed of the followin",,,1ST,,OF CALATRAVA,POBLACION,ALL OTHER STREETS,"MORE THAN 10,000 M BUT NOT",A1,Agricultural - A1,20.0
raw,"RDO No. 76 - Victorias City, Negros Occidental is composed of the followin",,,1ST,,OF CALATRAVA,POBLACION,ALL OTHER STREETS,"MORE THAN 10,000 M BUT NOT",A2,Agricultural - A2,15.0
raw,"RDO No. 76 - Victorias City, Negros Occidental is composed of the followin",,,1ST,,OF CALATRAVA,POBLACION,ALL OTHER STREETS,"MORE THAN 10,000 M BUT NOT",A3,Agricultural - A3,5.0
raw,"RDO No. 76 - Victorias City, Negros Occidental is composed of the followin",,,1ST,,OF CALATRAVA,POBLACION,ALL OTHER STREETS,"MORE THAN 10,000 M BUT NOT",A4,Agricultural - A4,10.0
raw,"RDO No. 76 - Victorias City, Negros Occidental is composed of the followin",,,1ST,,OF CALATRAVA,POBLACION,ALL OTHER STREETS,"MORE THAN 10,000 M BUT NOT",A6,Agricultural - A6,19.0
raw,"RDO No. 76 - Victorias City, Negros Occidental is composed of the followin",,,1ST,,OF CALATRAVA,POBLACION,ALL OTHER STREETS,"MORE THAN 10,000 M BUT NOT",A8,Agricultural - A8,5.0
raw,"RDO No. 76 - Victorias City, Negros Occidental is composed of the followin",,,1ST,,OF CALATRAVA,POBLACION,ALL OTHER STREETS,"MORE THAN 10,000 M BUT NOT",A12,Agricultural - A12,7.0
raw,"RDO No. 76 - Victorias City, Negros Occidental is composed of the followin",,,1ST,,OF CALATRAVA,POBLACION,ALL OTHER STREETS,"MORE THAN 10,000 M BUT NOT",A16,Agricultural - A16,7.0
raw,"RDO No. 76 - Victorias City, Negros Occidental is composed of the followin",,,1ST,,OF CALATRAVA,POBLACION,ALL OTHER STREETS,"MORE THAN 10,000 M BUT NOT",A17,Agricultural - A17,20.0
raw,"RDO No. 76 - Victorias City, Negros Occidental is composed of the followin",,,1ST,,OF CALATRAVA,POBLACION,ALL OTHER STREETS,"MORE THAN 10,000 M BUT NOT",A24,Agricultural - A24,5.0
raw,"RDO No. 76 - Victorias City, Negros Occidental is composed of the followin",,,1ST,,OF CALATRAVA,POBLACION,ALL OTHER STREETS,"MORE THAN 10,000 M BUT NOT",A26,Agricultural - A26,5.0
raw,"RDO No. 76 - Victorias City, Negros Occidental is composed of the followin",,,1ST,,OF CALATRAVA,POBLACION,ALL OTHER STREETS,"MORE THAN 10,000 M BUT NOT",A36,Agricultural - A36,5.0
raw,"RDO No. 76 - Victorias City, Negros Occidental is composed of the followin",,,1ST,,OF CALATRAVA,POBLACION,ALL OTHER STREETS,"MORE THAN 10,000 M BUT NOT",A38,Agricultural - A38,5.0
raw,"RDO No. 76 - Victorias City, Negros Occidental is composed of the followin",,,1ST,,OF CALATRAVA,POBLACION,ALL OTHER STREETS,"MORE THAN 10,000 M BUT NOT",A42,Agricultural - A42,38.0
raw,"RDO No. 76 - Victorias City, Negros Occidental is composed of the followin",,,1ST,,OF CALATRAVA,POBLACION,ALL OTHER STREETS,"MORE THAN 10,000 M BUT NOT",A48,Agricultural - A48,10.0
raw,"RDO No. 76 - Victorias City, Negros Occidental is composed of the followin",,,1ST,,OF CALATRAVA,POBLACION,ALL OTHER STREETS,"MORE THAN 10,000 M BUT NOT",A50,Agricultural - A50,5.0
raw,"RDO No. 76 - Victorias City, Negros Occidental is composed of the followin",,,1ST,,OF CALATRAVA,POBLACION,ALL OTHER STREETS,CASTILLANES-DN R. LLANTADA ST,CR,Commercial - Regular,1300.0
raw,"RDO No. 76 - Victorias City, Negros Occidental is composed of the followin",,,1ST,,OF CALATRAVA,POBLACION,ALL OTHER STREETS,CASTILLANES-DN R. LLANTADA ST,RR,Residential - Regular,300.0
raw,"RDO No. 76 - Victorias City, Negros Occidental is composed of the followin",,,1ST,,OF CALATRAVA,POBLACION,ALL OTHER STREETS,"W/IN 10,000 M. FR. POBLACION",I,Industrial,1300.0
raw,"RDO No. 76 - Victorias City, Negros Occidental is composed of the followin",,,1ST,,OF CALATRAVA,POBLACION,ALL OTHER STREETS,"MORE THAN 10,000 M BUT NOT",I,Industrial,1200.0
raw,"RDO No. 76 - Victorias City, Negros Occidental is composed of the followin",,,1ST,,OF CALATRAVA,POBLACION,ALL OTHER STREETS,"MORE THAN 10,000 M BUT NOT",A1,Agricultural - A1,20.0
raw,"RDO No. 76 - Victorias City, Negros Occidental is composed of the followin",,,1ST,,OF CALATRAVA,POBLACION,ALL OTHER STREETS,"MORE THAN 10,000 M BUT NOT",A2,Agricultural - A2,15.0
raw,"RDO No. 76 - Victorias City, Negros Occidental is composed of the followin",,,1ST,,OF CALATRAVA,POBLACION,ALL OTHER STREETS,"MORE THAN 10,000 M BUT NOT",A3,Agricultural - A3,5.0
raw,"RDO No. 76 - Victorias City, Negros Occidental is composed of the followin",,,1ST,,OF CALATRAVA,POBLACION,ALL OTHER STREETS,"MORE THAN 10,000 M BUT NOT",A4,Agricultural - A4,10.0
raw,"RDO No. 76 - Victorias City, Negros Occidental is composed of the followin",,,1ST,,OF CALATRAVA,POBLACION,ALL OTHER STREETS,"MORE THAN 10,000 M BUT NOT",A6,Agricultural - A6,19.0
raw,"RDO No. 76 - Victorias City, Negros Occidental is composed of the followin",,,1ST,,OF CALATRAVA,POBLACION,ALL OTHER STREETS,"MORE THAN 10,000 M BUT NOT",A8,Agricultural - A8,5.0
raw,"RDO No. 76 - Victorias City, Negros Occidental is composed of the followin",,,1ST,,OF CALATRAVA,POBLACION,ALL OTHER STREETS,"MORE THAN 10,000 M BUT NOT",A12,Agricultural - A12,7.0
raw,"RDO No. 76 - Victorias City, Negros Occidental is composed of the followin",,,1ST,,OF CALATRAVA,POBLACION,ALL OTHER STREETS,"MORE THAN 10,000 M BUT NOT",A16,Agricultural - A16,7.0
raw,"RDO No. 76 - Victorias City, Negros Occidental is composed of the followin",,,1ST,,OF CALATRAVA,POBLACION,ALL OTHER STREETS,"MORE THAN 10,000 M BUT NOT",A17,Agricultural - A17,20.0
raw,"RDO No. 76 - Victorias City, Negros Occidental is composed of the followin",,,1ST,,OF CALATRAVA,POBLACION,ALL OTHER STREETS,"MORE THAN 10,000 M BUT NOT",A24,Agricultural - A24,5.0
raw,"RDO No. 76 - Victorias City, Negros Occidental is composed of the followin",,,1ST,,OF CALATRAVA,POBLACION,ALL OTHER STREETS,"MORE THAN 10,000 M BUT NOT",A26,Agricultural - A26,5.0
raw,"RDO No. 76 - Victorias City, Negros Occidental is composed of the followin",,,1ST,,OF CALATRAVA,POBLACION,ALL OTHER STREETS,"MORE THAN 10,000 M BUT NOT",A36,Agricultural - A36,5.0
raw,"RDO No. 76 - Victorias City, Negros Occidental is composed of the followin",,,1ST,,OF CALATRAVA,POBLACION,ALL OTHER STREETS,"MORE THAN 10,000 M BUT NOT",A38,Agricultural - A38,5.0
raw,"RDO No. 76 - Victorias City, Negros Occidental is composed of the followin",,,1ST,,OF CALATRAVA,POBLACION,ALL OTHER STREETS,"MORE THAN 10,000 M BUT NOT",A42,Agricultural - A42,38.0
raw,"RDO No. 76 - Victorias City, Negros Occidental is composed of the followin",,,1ST,,OF CALATRAVA,POBLACION,ALL OTHER STREETS,"MORE THAN 10,000 M BUT NOT",A48,Agricultural - A48,10.0
raw,"RDO No. 76 - Victorias City, Negros Occidental is composed of the followin",,,1ST,,OF CALATRAVA,POBLACION,ALL OTHER STREETS,"MORE THAN 10,000 M BUT NOT",A50,Agricultural - A50,5.0
raw,"RDO No. 76 - Victorias City, Negros Occidental is composed of the followin",,,1ST,,OF CALATRAVA,POBLACION,CARBAJOSA ST,PEDRO ST-MINGLANILLA ST,RR,Residential - Regular,800.0
raw,"RDO No. 76 - Victorias City, Negros Occidental is composed of the followin",,,1ST,,OF CALATRAVA,POBLACION,CARBAJOSA ST,CORNER MINGLANILLA,CR,Commercial - Regular,1500.0
raw,"RDO No. 76 - Victorias City, Negros Occidental is composed of the followin",,,,,OF CALATRAVA,POBLACION,CARBAJOSA ST,PEDRO ST-MINGLANILLA ST,RR,Residential - Regular,400.0
raw,"RDO No. 76 - Victorias City, Negros Occidental is composed of the followin",,,,,OF CALATRAVA,POBLACION,CARBAJOSA ST,CORNER MINGLANILLA,CR,Commercial - Regular,570.0
raw,"RDO No. 76 - Victorias City, Negros Occidental is composed of the followin",,,1ST,,OF CALATRAVA,POBLACION,CARBAJOSA ST,PEDRO ST-MINGLANILLA ST,RR,Residential - Regular,800.0
raw,"RDO No. 76 - Victorias City, Negros Occidental is composed of the followin",,,1ST,,OF CALATRAVA,POBLACION,CARBAJOSA ST,CORNER MINGLANILLA,CR,Commercial - Regular,1500.0
raw,"RDO No. 76 - Victorias City, Negros Occidental is composed of the followin",,,,,OF CALATRAVA,POBLACION,CARBAJOSA ST,PEDRO ST-MINGLANILLA ST,RR,Residential - Regular,400.0
raw,"RDO No. 76 - Victorias City, Negros Occidental is composed of the followin",,,,,OF CALATRAVA,POBLACION,CARBAJOSA ST,CORNER MINGLANILLA,CR,Commercial - Regular,570.0
raw,"RDO No. 76 - Victorias City, Negros Occidental is composed of the followin",,,1ST,,OF CALATRAVA,POBLACION,CASTILLANES ST,SAN JOSE-NATL RD,RR,Residential - Regular,800.0
raw,"RDO No. 76 - Victorias City, Negros Occidental is composed of the followin",,,,,OF CALATRAVA,POBLACION,CASTILLANES ST,SAN JOSE-NATL RD,RR,Residential - Regular,400.0
raw,"RDO No. 76 - Victorias City, Negros Occidental is composed of the followin",,,1ST,,OF CALATRAVA,POBLACION,CASTILLANES ST,SAN JOSE-NATL RD,RR,Residential - Regular,800.0
raw,"RDO No. 76 - Victorias City, Negros Occidental is composed of the followin",,,,,OF CALATRAVA,POBLACION,CASTILLANES ST,SAN JOSE-NATL RD,RR,Residential - Regular,400.0
raw,"RDO No. 76 - Victorias City, Negros Occidental is composed of the followin",,,1ST,,OF CALATRAVA,POBLACION,DON ANDRES MENCHACA,MUNCIPAL HALL-NATL RD,CR,Commercial - Regular,1300.0
raw,"RDO No. 76 - Victorias City, Negros Occidental is composed of the followin",,,,,OF CALATRAVA,POBLACION,DON ANDRES MENCHACA,MUNCIPAL HALL-NATL RD,CR,Commercial - Regular,570.0
raw,"RDO No. 76 - Victorias City, Negros Occidental is composed of the followin",,,,,OF CALATRAVA,POBLACION,DON ANDRES MENCHACA,CASTILLANES-CARBAJOSA,RR,Residential - Regular,400.0
raw,"RDO No. 76 - Victorias City, Negros Occidental is composed of the followin",,,1ST,,OF CALATRAVA,POBLACION,DON ANDRES MENCHACA,MUNCIPAL HALL-NATL RD,CR,Commercial - Regular,1300.0
raw,"RDO No. 76 - Victorias City, Negros Occidental is composed of the followin",,,,,OF CALATRAVA,POBLACION,DON ANDRES MENCHACA,MUNCIPAL HALL-NATL RD,CR,Commercial - Regular,570.0
raw,"RDO No. 76 - Victorias City, Negros Occidental is composed of the followin",,,,,OF CALATRAVA,POBLACION,DON ANDRES MENCHACA,CASTILLANES-CARBAJOSA,RR,Residential - Regular,400.0
raw,"RDO No. 76 - Victorias City, Negros Occidental is composed of the followin",,,1ST,,OF CALATRAVA,POBLACION,DON ANTONIO MENCHACA,CASTILLANES-CARBAJOSA,RR,Residential - Regular,800.0
raw,"RDO No. 76 - Victorias City, Negros Occidental is composed of the followin",,,1ST,,OF CALATRAVA,POBLACION,DON ANTONIO MENCHACA,CASTILLANES-CARBAJOSA,RR,Residential - Regular,800.0
raw,"RDO No. 76 - Victorias City, Negros Occidental is composed of the followin",,,1ST,,OF CALATRAVA,POBLACION,DON ROBERTO LLANTADO,CASTILLANES-CARBAJOSA,RR,Residential - Regular,800.0
raw,"RDO No. 76 - Victorias City, Negros Occidental is composed of the followin",,,,,OF CALATRAVA,POBLACION,DON ROBERTO LLANTADO,CASTILLANES-CARBAJOSA,RR,Residential - Regular,400.0
raw,"RDO No. 76 - Victorias City, Negros Occidental is composed of the followin",,,1ST,,OF CALATRAVA,POBLACION,DON ROBERTO LLANTADO,CASTILLANES-CARBAJOSA,RR,Residential - Regular,800.0
raw,"RDO No. 76 - Victorias City, Negros Occidental is composed of the followin",,,,,OF CALATRAVA,POBLACION,DON ROBERTO LLANTADO,CASTILLANES-CARBAJOSA,RR,Residential - Regular,400.0
raw,"RDO No. 76 - Victorias City, Negros Occidental is composed of the followin",,,1ST,,OF CALATRAVA,POBLACION,DR ALFREDO EUSEBIO,NATL ROAD,RR,Residential - Regular,800.0
raw,"RDO No. 76 - Victorias City, Negros Occidental is composed of the followin",,,,,OF CALATRAVA,POBLACION,DR ALFREDO EUSEBIO,NATL ROAD,RR,Residential - Regular,400.0
raw,"RDO No. 76 - Victorias City, Negros Occidental is composed of the followin",,,1ST,,OF CALATRAVA,POBLACION,DR ALFREDO EUSEBIO,NATL ROAD,RR,Residential - Regular,800.0
raw,"RDO No. 76 - Victorias City, Negros Occidental is composed of the followin",,,,,OF CALATRAVA,POBLACION,DR ALFREDO EUSEBIO,NATL ROAD,RR,Residential - Regular,400.0
raw,"RDO No. 76 - Victorias City, Negros Occidental is composed of the followin",,,1ST,,OF CALATRAVA,POBLACION,HDA  ROAD,NEAR CREEK,CR,Commercial - Regular,1400.0
raw,"RDO No. 76 - Victorias City, Negros Occidental is composed of the followin",,,1ST,,OF CALATRAVA,POBLACION,HDA  ROAD,MINGLANILLA,RR,Residential - Regular,700.0
raw,"RDO No. 76 - Victorias City, Negros Occidental is composed of the followin",,,,,OF CALATRAVA,POBLACION,HDA  ROAD,NEAR CREEK,CR,Commercial - Regular,570.0
raw,"RDO No. 76 - Victorias City, Negros Occidental is composed of the followin",,,,,OF CALATRAVA,POBLACION,HDA  ROAD,MINGLANILLA,RR,Residential - Regular,350.0
raw,"RDO No. 76 - Victorias City, Negros Occidental is composed of the followin",,,1ST,,OF CALATRAVA,POBLACION,HDA  ROAD,NEAR CREEK,CR,Commercial - Regular,1400.0
raw,"RDO No. 76 - Victorias City, Negros Occidental is composed of the followin",,,1ST,,OF CALATRAVA,POBLACION,HDA  ROAD,MINGLANILLA,RR,Residential - Regular,700.0
raw,"RDO No. 76 - Victorias City, Negros Occidental is composed of the followin",,,,,OF CALATRAVA,POBLACION,HDA  ROAD,NEAR CREEK,CR,Commercial - Regular,570.0
raw,"RDO No. 76 - Victorias City, Negros Occidental is composed of the followin",,,,,OF CALATRAVA,POBLACION,HDA  ROAD,MINGLANILLA,RR,Residential - Regular,350.0
raw,"RDO No. 76 - Victorias City, Negros Occidental is composed of the followin",,,1ST,,OF CALATRAVA,POBLACION,LOPEZ JAENA,PEDRO-MINGLANILLA,RR,Residential - Regular,800.0
raw,"RDO No. 76 - Victorias City, Negros Occidental is composed of the followin",,,1ST,,OF CALATRAVA,POBLACION,LOPEZ JAENA,CORNER NATL ROAD,CR,Commercial - Regular,1500.0
raw,"RDO No. 76 - Victorias City, Negros Occidental is composed of the followin",,,,,OF CALATRAVA,POBLACION,LOPEZ JAENA,PEDRO-MINGLANILLA,RR,Residential - Regular,400.0
raw,"RDO No. 76 - Victorias City, Negros Occidental is composed of the followin",,,,,OF CALATRAVA,POBLACION,LOPEZ JAENA,CORNER NATL ROAD,CR,Commercial - Regular,570.0
raw,"RDO No. 76 - Victorias City, Negros Occidental is composed of the followin",,,1ST,,OF CALATRAVA,POBLACION,LOPEZ JAENA,PEDRO-MINGLANILLA,RR,Residential - Regular,800.0
raw,"RDO No. 76 - Victorias City, Negros Occidental is composed of the followin",,,1ST,,OF CALATRAVA,POBLACION,LOPEZ JAENA,CORNER NATL ROAD,CR,Commercial - Regular,1500.0
raw,"RDO No. 76 - Victorias City, Negros Occidental is composed of the followin",,,,,OF CALATRAVA,POBLACION,LOPEZ JAENA,PEDRO-MINGLANILLA,RR,Residential - Regular,400.0
raw,"RDO No. 76 - Victorias City, Negros Occidental is composed of the followin",,,,,OF CALATRAVA,POBLACION,LOPEZ JAENA,CORNER NATL ROAD,CR,Commercial - Regular,570.0
raw,"RDO No. 76 - Victorias City, Negros Occidental is composed of the followin",,,1ST,,OF CALATRAVA,POBLACION,MAGSAYSAY ST,R. LLANTADA ST-MINGLANILLA,RR,Residential - Regular,800.0
raw,"RDO No. 76 - Victorias City, Negros Occidental is composed of the followin",,,,,OF CALATRAVA,POBLACION,MAGSAYSAY ST,R. LLANTADA ST-MINGLANILLA,RR,Residential - Regular,400.0
raw,"RDO No. 76 - Victorias City, Negros Occidental is composed of the followin",,,1ST,,OF CALATRAVA,POBLACION,MAGSAYSAY ST,R. LLANTADA ST-MINGLANILLA,RR,Residential - Regular,800.0
raw,"RDO No. 76 - Victorias City, Negros Occidental is composed of the followin",,,,,OF CALATRAVA,POBLACION,MAGSAYSAY ST,R. LLANTADA ST-MINGLANILLA,RR,Residential - Regular,400.0
raw,"RDO No. 76 - Victorias City, Negros Occidental is composed of the followin",,,1ST,,OF CALATRAVA,POBLACION,MINGLANILLA ST,LOPEZ JAENA-CARBAJOSA,CR,Commercial - Regular,1400.0
raw,"RDO No. 76 - Victorias City, Negros Occidental is composed of the followin",,,,,OF CALATRAVA,POBLACION,MINGLANILLA ST,LOPEZ JAENA-CARBAJOSA,CR,Commercial - Regular,570.0
raw,"RDO No. 76 - Victorias City, Negros Occidental is composed of the followin",,,1ST,,OF CALATRAVA,POBLACION,MINGLANILLA ST,LOPEZ JAENA-CARBAJOSA,CR,Commercial - Regular,1400.0
raw,"RDO No. 76 - Victorias City, Negros Occidental is composed of the followin",,,,,OF CALATRAVA,POBLACION,MINGLANILLA ST,LOPEZ JAENA-CARBAJOSA,CR,Commercial - Regular,570.0
raw,"RDO No. 76 - Victorias City, Negros Occidental is composed of the followin",,,1ST,,OF CALATRAVA,POBLACION,NATIONAL RD,HDA ROAD-LOPEZ JAENA ST,CR,Commercial - Regular,1500.0
raw,"RDO No. 76 - Victorias City, Negros Occidental is composed of the followin",,,,,OF CALATRAVA,POBLACION,NATIONAL RD,HAD ROAD-LOPEZ JAENA ST,CR,Commercial - Regular,570.0
raw,"RDO No. 76 - Victorias City, Negros Occidental is composed of the followin",,,1ST,,OF CALATRAVA,POBLACION,NATIONAL RD,HDA ROAD-LOPEZ JAENA ST,CR,Commercial - Regular,1500.0
raw,"RDO No. 76 - Victorias City, Negros Occidental is composed of the followin",,,,,OF CALATRAVA,POBLACION,NATIONAL RD,HAD ROAD-LOPEZ JAENA ST,CR,Commercial - Regular,570.0
raw,"RDO No. 76 - Victorias City, Negros Occidental is composed of the followin",,,1ST,,OF CALATRAVA,POBLACION,PEDRO ST,RIZAL-CARBAJOSA ST,RR,Residential - Regular,800.0
raw,"RDO No. 76 - Victorias City, Negros Occidental is composed of the followin",,,,,OF CALATRAVA,POBLACION,PEDRO ST,RIZAL-CARBAJOSA ST,RR,Residential - Regular,400.0
raw,"RDO No. 76 - Victorias City, Negros Occidental is composed of the followin",,,1ST,,OF CALATRAVA,POBLACION,PEDRO ST,RIZAL-CARBAJOSA ST,RR,Residential - Regular,800.0
raw,"RDO No. 76 - Victorias City, Negros Occidental is composed of the followin",,,,,OF CALATRAVA,POBLACION,PEDRO ST,RIZAL-CARBAJOSA ST,RR,Residential - Regular,400.0
raw,"RDO No. 76 - Victorias City, Negros Occidental is composed of the followin",,,1ST,,OF CALATRAVA,POBLACION,RIZAL ST,PEDRO-NATL RD,RR,Residential - Regular,800.0
raw,"RDO No. 76 - Victorias City, Negros Occidental is composed of the followin",,,,,OF CALATRAVA,POBLACION,RIZAL ST,PEDRO-NATL RD,RR,Residential - Regular,400.0
raw,"RDO No. 76 - Victorias City, Negros Occidental is composed of the followin",,,1ST,,OF CALATRAVA,POBLACION,RIZAL ST,PEDRO-NATL RD,RR,Residential - Regular,800.0
raw,"RDO No. 76 - Victorias City, Negros Occidental is composed of the followin",,,,,OF CALATRAVA,POBLACION,RIZAL ST,PEDRO-NATL RD,RR,Residential - Regular,400.0
raw,"RDO No. 76 - Victorias City, Negros Occidental is composed of the followin",,,1ST,,OF CALATRAVA,POBLACION,SAN JOSE LOCSIN ST,CASTILLANES-DN R. LLANTADA ST,RR,Residential - Regular,800.0
raw,"RDO No. 76 - Victorias City, Negros Occidental is composed of the followin",,,,,OF CALATRAVA,POBLACION,SAN JOSE LOCSIN ST,CASTILLANES-DN R. LLANTADA ST,RR,Residential - Regular,400.0
raw,"RDO No. 76 - Victorias City, Negros Occidental is composed of the followin",,,1ST,,OF CALATRAVA,POBLACION,SAN JOSE LOCSIN ST,CASTILLANES-DN R. LLANTADA ST,RR,Residential - Regular,800.0
raw,"RDO No. 76 - Victorias City, Negros Occidental is composed of the followin",,,,,OF CALATRAVA,POBLACION,SAN JOSE LOCSIN ST,CASTILLANES-DN R. LLANTADA ST,RR,Residential - Regular,400.0
raw,"RDO No. 76 - Victorias City, Negros Occidental is composed of the followin",,,1ST,,OF E.B. MAGALONA,ALL OTHER BARANGAYS,ALL LOT,,RR,Residential - Regular,200.0
raw,"RDO No. 76 - Victorias City, Negros Occidental is composed of the followin",,,1ST,,OF E.B. MAGALONA,ALL OTHER BARANGAYS,ALL LOT,,A17,Agricultural - A17,20.0
raw,"RDO No. 76 - Victorias City, Negros Occidental is composed of the followin",,,1ST,,OF E.B. MAGALONA,ALL OTHER BARANGAYS,ALL LOT,,RR,Residential - Regular,200.0
raw,"RDO No. 76 - Victorias City, Negros Occidental is composed of the followin",,,1ST,,OF E.B. MAGALONA,ALL OTHER BARANGAYS,ALL LOT,,A17,Agricultural - A17,20.0
raw,"RDO No. 76 - Victorias City, Negros Occidental is composed of the followin",,,,,OF E.B. MAGALONA,ALL OTHER BARANGAYS,ALL LOTS SUGARLAND,,A1,Agricultural - A1,14.0
raw,"RDO No. 76 - Victorias City, Negros Occidental is composed of the followin",,,,,OF E.B. MAGALONA,ALL OTHER BARANGAYS,ALL LOTS SUGARLAND,,A1,Agricultural - A1,14.0
raw,"RDO No. 76 - Victorias City, Negros Occidental is composed of the followin",,,,,OF E.B. MAGALONA,POBLACION,AGRICULTURAL LAND,P. MARAVILLA ST-B. MAHINAY ST,A,Agricultural,29.0
raw,"RDO No. 76 - Victorias City, Negros Occidental is composed of the followin",,,,,OF E.B. MAGALONA,POBLACION,AGRICULTURAL LAND,P. MARAVILLA ST-B. MAHINAY ST,A1,Agricultural - A1,14.0
raw,"RDO No. 76 - Victorias City, Negros Occidental is composed of the followin",,,,,OF E.B. MAGALONA,POBLACION,AGRICULTURAL LAND,P. MARAVILLA ST-B. MAHINAY ST,A2,Agricultural - A2,13.0
raw,"RDO No. 76 - Victorias City, Negros Occidental is composed of the followin",,,,,OF E.B. MAGALONA,POBLACION,AGRICULTURAL LAND,P. MARAVILLA ST-B. MAHINAY ST,A3,Agricultural - A3,12.0
raw,"RDO No. 76 - Victorias City, Negros Occidental is composed of the followin",,,,,OF E.B. MAGALONA,POBLACION,AGRICULTURAL LAND,P. MARAVILLA ST-B. MAHINAY ST,A4,Agricultural - A4,7.0
raw,"RDO No. 76 - Victorias City, Negros Occidental is composed of the followin",,,,,OF E.B. MAGALONA,POBLACION,AGRICULTURAL LAND,P. MARAVILLA ST-B. MAHINAY ST,A5,Agricultural - A5,5.0
raw,"RDO No. 76 - Victorias City, Negros Occidental is composed of the followin",,,,,OF E.B. MAGALONA,POBLACION,AGRICULTURAL LAND,P. MARAVILLA ST-B. MAHINAY ST,A6,Agricultural - A6,4.0
raw,"RDO No. 76 - Victorias City, Negros Occidental is composed of the followin",,,,,OF E.B. MAGALONA,POBLACION,AGRICULTURAL LAND,P. MARAVILLA ST-B. MAHINAY ST,A7,Agricultural - A7,2.0
raw,"RDO No. 76 - Victorias City, Negros Occidental is composed of the followin",,,,,OF E.B. MAGALONA,POBLACION,AGRICULTURAL LAND,P. MARAVILLA ST-B. MAHINAY ST,A8,Agricultural - A8,3.0
raw,"RDO No. 76 - Victorias City, Negros Occidental is composed of the followin",,,,,OF E.B. MAGALONA,POBLACION,AGRICULTURAL LAND,P. MARAVILLA ST-B. MAHINAY ST,A9,Agricultural - A9,1.0
raw,"RDO No. 76 - Victorias City, Negros Occidental is composed of the followin",,,,,OF E.B. MAGALONA,POBLACION,AGRICULTURAL LAND,P. MARAVILLA ST-B. MAHINAY ST,A,Agricultural,29.0
raw,"RDO No. 76 - Victorias City, Negros Occidental is composed of the followin",,,,,OF E.B. MAGALONA,POBLACION,AGRICULTURAL LAND,P. MARAVILLA ST-B. MAHINAY ST,A1,Agricultural - A1,14.0
raw,"RDO No. 76 - Victorias City, Negros Occidental is composed of the followin",,,,,OF E.B. MAGALONA,POBLACION,AGRICULTURAL LAND,P. MARAVILLA ST-B. MAHINAY ST,A2,Agricultural - A2,13.0
raw,"RDO No. 76 - Victorias City, Negros Occidental is composed of the followin",,,,,OF E.B. MAGALONA,POBLACION,AGRICULTURAL LAND,P. MARAVILLA ST-B. MAHINAY ST,A3,Agricultural - A3,12.0
raw,"RDO No. 76 - Victorias City, Negros Occidental is composed of the followin",,,,,OF E.B. MAGALONA,POBLACION,AGRICULTURAL LAND,P. MARAVILLA ST-B. MAHINAY ST,A4,Agricultural - A4,7.0
raw,"RDO No. 76 - Victorias City, Negros Occidental is composed of the followin",,,,,OF E.B. MAGALONA,POBLACION,AGRICULTURAL LAND,P. MARAVILLA ST-B. MAHINAY ST,A5,Agricultural - A5,5.0
raw,"RDO No. 76 - Victorias City, Negros Occidental is composed of the followin",,,,,OF E.B. MAGALONA,POBLACION,AGRICULTURAL LAND,P. MARAVILLA ST-B. MAHINAY ST,A6,Agricultural - A6,4.0
raw,"RDO No. 76 - Victorias City, Negros Occidental is composed of the followin",,,,,OF E.B. MAGALONA,POBLACION,AGRICULTURAL LAND,P. MARAVILLA ST-B. MAHINAY ST,A7,Agricultural - A7,2.0
raw,"RDO No. 76 - Victorias City, Negros Occidental is composed of the followin",,,,,OF E.B. MAGALONA,POBLACION,AGRICULTURAL LAND,P. MARAVILLA ST-B. MAHINAY ST,A8,Agricultural - A8,3.0
raw,"RDO No. 76 - Victorias City, Negros Occidental is composed of the followin",,,,,OF E.B. MAGALONA,POBLACION,AGRICULTURAL LAND,P. MARAVILLA ST-B. MAHINAY ST,A9,Agricultural - A9,1.0
raw,"RDO No. 76 - Victorias City, Negros Occidental is composed of the followin",,,1ST,,OF E.B. MAGALONA,POBLACION,AGUSTINA BARRERA ST,S.REYES ST-P. MARAVILLA,RR,Residential - Regular,500.0
raw,"RDO No. 76 - Victorias City, Negros Occidental is composed of the followin",,,,,OF E.B. MAGALONA,POBLACION,AGUSTINA BARRERA ST,S.REYES ST-P. MARAVILLA,RR,Residential - Regular,350.0
raw,"RDO No. 76 - Victorias City, Negros Occidental is composed of the followin",,,1ST,,OF E.B. MAGALONA,POBLACION,AGUSTINA BARRERA ST,S.REYES ST-P. MARAVILLA,RR,Residential - Regular,500.0
raw,"RDO No. 76 - Victorias City, Negros Occidental is composed of the followin",,,,,OF E.B. MAGALONA,POBLACION,AGUSTINA BARRERA ST,S.REYES ST-P. MARAVILLA,RR,Residential - Regular,350.0
raw,"RDO No. 76 - Victorias City, Negros Occidental is composed of the followin",,,1ST,,OF E.B. MAGALONA,POBLACION,ALL LOTS,SWINE & POULTRY FARM,A50,Agricultural - A50,30.0
raw,"RDO No. 76 - Victorias City, Negros Occidental is composed of the followin",,,1ST,,OF E.B. MAGALONA,POBLACION,ALL LOTS,"BREEDING, LIVE STOCK",A50,Agricultural - A50,75.0
raw,"RDO No. 76 - Victorias City, Negros Occidental is composed of the followin",,,1ST,,OF E.B. MAGALONA,POBLACION,ALL LOTS,FLORICULTURE,A50,Agricultural - A50,52.5
raw,"RDO No. 76 - Victorias City, Negros Occidental is composed of the followin",,,1ST,,OF E.B. MAGALONA,POBLACION,ALL LOTS,SWINE & POULTRY FARM,A50,Agricultural - A50,30.0
raw,"RDO No. 76 - Victorias City, Negros Occidental is composed of the followin",,,1ST,,OF E.B. MAGALONA,POBLACION,ALL LOTS,"BREEDING, LIVE STOCK",A50,Agricultural - A50,75.0
raw,"RDO No. 76 - Victorias City, Negros Occidental is composed of the followin",,,1ST,,OF E.B. MAGALONA,POBLACION,ALL LOTS,FLORICULTURE,A50,Agricultural - A50,52.5
raw,"RDO No. 76 - Victorias City, Negros Occidental is composed of the followin",,,1ST,,OF E.B. MAGALONA,POBLACION,AMADO ALFARO ST,F.MARUNILLA-F. MONTINOLA,RR,Residential - Regular,500.0
raw,"RDO No. 76 - Victorias City, Negros Occidental is composed of the followin",,,,,OF E.B. MAGALONA,POBLACION,AMADO ALFARO ST,F.MARUNILLA-F. MONTINOLA,RR,Residential - Regular,350.0
raw,"RDO No. 76 - Victorias City, Negros Occidental is composed of the followin",,,1ST,,OF E.B. MAGALONA,POBLACION,AMADO ALFARO ST,F.MARUNILLA-F. MONTINOLA,RR,Residential - Regular,500.0
raw,"RDO No. 76 - Victorias City, Negros Occidental is composed of the followin",,,,,OF E.B. MAGALONA,POBLACION,AMADO ALFARO ST,F.MARUNILLA-F. MONTINOLA,RR,Residential - Regular,350.0
raw,"RDO No. 76 - Victorias City, Negros Occidental is composed of the followin",,,1ST,,OF E.B. MAGALONA,POBLACION,BASILIO MAHINAY ST,C. MAGALONA-P. MARANILLA,RR,Residential - Regular,500.0
raw,"RDO No. 76 - Victorias City, Negros Occidental is composed of the followin",,,,,OF E.B. MAGALONA,POBLACION,BASILIO MAHINAY ST,C. MAGALONA-P. MARANILLA,RR,Residential - Regular,350.0
raw,"RDO No. 76 - Victorias City, Negros Occidental is composed of the followin",,,1ST,,OF E.B. MAGALONA,POBLACION,BASILIO MAHINAY ST,C. MAGALONA-P. MARANILLA,RR,Residential - Regular,500.0
raw,"RDO No. 76 - Victorias City, Negros Occidental is composed of the followin",,,,,OF E.B. MAGALONA,POBLACION,BASILIO MAHINAY ST,C. MAGALONA-P. MARANILLA,RR,Residential - Regular,350.0
raw,"RDO No. 76 - Victorias City, Negros Occidental is composed of the followin",,,1ST,,OF E.B. MAGALONA,POBLACION,BOULEVARD ST,BLVD. ST-COR CEMETRY ST,RR,Residential - Regular,500.0
raw,"RDO No. 76 - Victorias City, Negros Occidental is composed of the followin",,,,,OF E.B. MAGALONA,POBLACION,BOULEVARD ST,BLVD. ST-COR CEMETRY ST,RR,Residential - Regular,350.0
raw,"RDO No. 76 - Victorias City, Negros Occidental is composed of the followin",,,1ST,,OF E.B. MAGALONA,POBLACION,BOULEVARD ST,BLVD. ST-COR CEMETRY ST,RR,Residential - Regular,500.0
raw,"RDO No. 76 - Victorias City, Negros Occidental is composed of the followin",,,,,OF E.B. MAGALONA,POBLACION,BOULEVARD ST,BLVD. ST-COR CEMETRY ST,RR,Residential - Regular,350.0
raw,"RDO No. 76 - Victorias City, Negros Occidental is composed of the followin",,,1ST,,OF E.B. MAGALONA,POBLACION,CARLOS MAGALONA ST,A. ALFARO ST-B. MAHINAY ST,CR,Commercial - Regular,800.0
raw,"RDO No. 76 - Victorias City, Negros Occidental is composed of the followin",,,,,OF E.B. MAGALONA,POBLACION,CARLOS MAGALONA ST,A. ALFARO ST-B. MAHINAY ST,CR,Commercial - Regular,410.0
raw,"RDO No. 76 - Victorias City, Negros Occidental is composed of the followin",,,1ST,,OF E.B. MAGALONA,POBLACION,CARLOS MAGALONA ST,A. ALFARO ST-B. MAHINAY ST,CR,Commercial - Regular,800.0
raw,"RDO No. 76 - Victorias City, Negros Occidental is composed of the followin",,,,,OF E.B. MAGALONA,POBLACION,CARLOS MAGALONA ST,A. ALFARO ST-B. MAHINAY ST,CR,Commercial - Regular,410.0
raw,"RDO No. 76 - Victorias City, Negros Occidental is composed of the followin",,,1ST,,OF E.B. MAGALONA,POBLACION,FELIX MONTINOLA ST,L. CUAYCONG ST-COR. A. ALFARO,RR,Residential - Regular,500.0
raw,"RDO No. 76 - Victorias City, Negros Occidental is composed of the followin",,,,,OF E.B. MAGALONA,POBLACION,FELIX MONTINOLA ST,L. CUAYCONG ST-COR. A. ALFARO,RR,Residential - Regular,350.0
raw,"RDO No. 76 - Victorias City, Negros Occidental is composed of the followin",,,1ST,,OF E.B. MAGALONA,POBLACION,FELIX MONTINOLA ST,L. CUAYCONG ST-COR. A. ALFARO,RR,Residential - Regular,500.0
raw,"RDO No. 76 - Victorias City, Negros Occidental is composed of the followin",,,,,OF E.B. MAGALONA,POBLACION,FELIX MONTINOLA ST,L. CUAYCONG ST-COR. A. ALFARO,RR,Residential - Regular,350.0
raw,"RDO No. 76 - Victorias City, Negros Occidental is composed of the followin",,,1ST,,OF E.B. MAGALONA,POBLACION,FRANCISCO MARAVILLA ST,B. MAHINAY ST-COR A. ALFARO,RR,Residential - Regular,500.0
raw,"RDO No. 76 - Victorias City, Negros Occidental is composed of the followin",,,1ST,,OF E.B. MAGALONA,POBLACION,FRANCISCO MARAVILLA ST,SCHOOL & LOT 266,RR,Residential - Regular,500.0
raw,"RDO No. 76 - Victorias City, Negros Occidental is composed of the followin",,,,,OF E.B. MAGALONA,POBLACION,FRANCISCO MARAVILLA ST,B. MAHINAY ST-COR A. ALFARO,RR,Residential - Regular,350.0
raw,"RDO No. 76 - Victorias City, Negros Occidental is composed of the followin",,,,,OF E.B. MAGALONA,POBLACION,FRANCISCO MARAVILLA ST,SCHOOL & LOT 266,RR,Residential - Regular,350.0
raw,"RDO No. 76 - Victorias City, Negros Occidental is composed of the followin",,,1ST,,OF E.B. MAGALONA,POBLACION,FRANCISCO MARAVILLA ST,B. MAHINAY ST-COR A. ALFARO,RR,Residential - Regular,500.0
raw,"RDO No. 76 - Victorias City, Negros Occidental is composed of the followin",,,1ST,,OF E.B. MAGALONA,POBLACION,FRANCISCO MARAVILLA ST,SCHOOL & LOT 266,RR,Residential - Regular,500.0
raw,"RDO No. 76 - Victorias City, Negros Occidental is composed of the followin",,,,,OF E.B. MAGALONA,POBLACION,FRANCISCO MARAVILLA ST,B. MAHINAY ST-COR A. ALFARO,RR,Residential - Regular,350.0
raw,"RDO No. 76 - Victorias City, Negros Occidental is composed of the followin",,,,,OF E.B. MAGALONA,POBLACION,FRANCISCO MARAVILLA ST,SCHOOL & LOT 266,RR,Residential - Regular,350.0
raw,"RDO No. 76 - Victorias City, Negros Occidental is composed of the followin",,,1ST,,OF E.B. MAGALONA,POBLACION,HOPE VILLAGE,P. MARAVILLA ST-B. MAHINAY ST,RR,Residential - Regular,500.0
raw,"RDO No. 76 - Victorias City, Negros Occidental is composed of the followin",,,1ST,,OF E.B. MAGALONA,POBLACION,HOPE VILLAGE,P. MARAVILLA ST-B. MAHINAY ST,A1,Agricultural - A1,24.0
raw,"RDO No. 76 - Victorias City, Negros Occidental is composed of the followin",,,1ST,,OF E.B. MAGALONA,POBLACION,HOPE VILLAGE,P. MARAVILLA ST-B. MAHINAY ST,A2,Agricultural - A2,12.0
raw,"RDO No. 76 - Victorias City, Negros Occidental is composed of the followin",,,1ST,,OF E.B. MAGALONA,POBLACION,HOPE VILLAGE,P. MARAVILLA ST-B. MAHINAY ST,A3,Agricultural - A3,5.0
raw,"RDO No. 76 - Victorias City, Negros Occidental is composed of the followin",,,1ST,,OF E.B. MAGALONA,POBLACION,HOPE VILLAGE,P. MARAVILLA ST-B. MAHINAY ST,A4,Agricultural - A4,10.0
raw,"RDO No. 76 - Victorias City, Negros Occidental is composed of the followin",,,1ST,,OF E.B. MAGALONA,POBLACION,HOPE VILLAGE,P. MARAVILLA ST-B. MAHINAY ST,A6,Agricultural - A6,28.0
raw,"RDO No. 76 - Victorias City, Negros Occidental is composed of the followin",,,1ST,,OF E.B. MAGALONA,POBLACION,HOPE VILLAGE,P. MARAVILLA ST-B. MAHINAY ST,A8,Agricultural - A8,6.0
raw,"RDO No. 76 - Victorias City, Negros Occidental is composed of the followin",,,1ST,,OF E.B. MAGALONA,POBLACION,HOPE VILLAGE,P. MARAVILLA ST-B. MAHINAY ST,A9,Agricultural - A9,3.0
raw,"RDO No. 76 - Victorias City, Negros Occidental is composed of the followin",,,1ST,,OF E.B. MAGALONA,POBLACION,HOPE VILLAGE,P. MARAVILLA ST-B. MAHINAY ST,A12,Agricultural - A12,30.0
raw,"RDO No. 76 - Victorias City, Negros Occidental is composed of the followin",,,1ST,,OF E.B. MAGALONA,POBLACION,HOPE VILLAGE,P. MARAVILLA ST-B. MAHINAY ST,A14,Agricultural - A14,7.5
raw,"RDO No. 76 - Victorias City, Negros Occidental is composed of the followin",,,1ST,,OF E.B. MAGALONA,POBLACION,HOPE VILLAGE,P. MARAVILLA ST-B. MAHINAY ST,A15,Agricultural - A15,3.0
raw,"RDO No. 76 - Victorias City, Negros Occidental is composed of the followin",,,1ST,,OF E.B. MAGALONA,POBLACION,HOPE VILLAGE,P. MARAVILLA ST-B. MAHINAY ST,A16,Agricultural - A16,7.0
raw,"RDO No. 76 - Victorias City, Negros Occidental is composed of the followin",,,1ST,,OF E.B. MAGALONA,POBLACION,HOPE VILLAGE,P. MARAVILLA ST-B. MAHINAY ST,A17,Agricultural - A17,30.0
raw,"RDO No. 76 - Victorias City, Negros Occidental is composed of the followin",,,1ST,,OF E.B. MAGALONA,POBLACION,HOPE VILLAGE,P. MARAVILLA ST-B. MAHINAY ST,A24,Agricultural - A24,5.0
raw,"RDO No. 76 - Victorias City, Negros Occidental is composed of the followin",,,1ST,,OF E.B. MAGALONA,POBLACION,HOPE VILLAGE,P. MARAVILLA ST-B. MAHINAY ST,A26,Agricultural - A26,5.0
raw,"RDO No. 76 - Victorias City, Negros Occidental is composed of the followin",,,1ST,,OF E.B. MAGALONA,POBLACION,HOPE VILLAGE,P. MARAVILLA ST-B. MAHINAY ST,A36,Agricultural - A36,1500.0
raw,"RDO No. 76 - Victorias City, Negros Occidental is composed of the followin",,,1ST,,OF E.B. MAGALONA,POBLACION,HOPE VILLAGE,P. MARAVILLA ST-B. MAHINAY ST,A37,Agricultural - A37,5.0
raw,"RDO No. 76 - Victorias City, Negros Occidental is composed of the followin",,,1ST,,OF E.B. MAGALONA,POBLACION,HOPE VILLAGE,P. MARAVILLA ST-B. MAHINAY ST,A42,Agricultural - A42,35.0
raw,"RDO No. 76 - Victorias City, Negros Occidental is composed of the followin",,,1ST,,OF E.B. MAGALONA,POBLACION,HOPE VILLAGE,P. MARAVILLA ST-B. MAHINAY ST,A38,Agricultural - A38,7.0
raw,"RDO No. 76 - Victorias City, Negros Occidental is composed of the followin",,,1ST,,OF E.B. MAGALONA,POBLACION,HOPE VILLAGE,P. MARAVILLA ST-B. MAHINAY ST,A44,Agricultural - A44,3.0
raw,"RDO No. 76 - Victorias City, Negros Occidental is composed of the followin",,,1ST,,OF E.B. MAGALONA,POBLACION,HOPE VILLAGE,P. MARAVILLA ST-B. MAHINAY ST,A48,Agricultural - A48,7.5
raw,"RDO No. 76 - Victorias City, Negros Occidental is composed of the followin",,,1ST,,OF E.B. MAGALONA,POBLACION,HOPE VILLAGE,P. MARAVILLA ST-B. MAHINAY ST,A49,Agricultural - A49,15.0
raw,"RDO No. 76 - Victorias City, Negros Occidental is composed of the followin",,,1ST,,OF E.B. MAGALONA,POBLACION,HOPE VILLAGE,P. MARAVILLA ST-B. MAHINAY ST,RR,Residential - Regular,500.0
raw,"RDO No. 76 - Victorias City, Negros Occidental is composed of the followin",,,1ST,,OF E.B. MAGALONA,POBLACION,HOPE VILLAGE,P. MARAVILLA ST-B. MAHINAY ST,A1,Agricultural - A1,24.0
raw,"RDO No. 76 - Victorias City, Negros Occidental is composed of the followin",,,1ST,,OF E.B. MAGALONA,POBLACION,HOPE VILLAGE,P. MARAVILLA ST-B. MAHINAY ST,A2,Agricultural - A2,12.0
raw,"RDO No. 76 - Victorias City, Negros Occidental is composed of the followin",,,1ST,,OF E.B. MAGALONA,POBLACION,HOPE VILLAGE,P. MARAVILLA ST-B. MAHINAY ST,A3,Agricultural - A3,5.0
raw,"RDO No. 76 - Victorias City, Negros Occidental is composed of the followin",,,1ST,,OF E.B. MAGALONA,POBLACION,HOPE VILLAGE,P. MARAVILLA ST-B. MAHINAY ST,A4,Agricultural - A4,10.0
raw,"RDO No. 76 - Victorias City, Negros Occidental is composed of the followin",,,1ST,,OF E.B. MAGALONA,POBLACION,HOPE VILLAGE,P. MARAVILLA ST-B. MAHINAY ST,A6,Agricultural - A6,28.0
raw,"RDO No. 76 - Victorias City, Negros Occidental is composed of the followin",,,1ST,,OF E.B. MAGALONA,POBLACION,HOPE VILLAGE,P. MARAVILLA ST-B. MAHINAY ST,A8,Agricultural - A8,6.0
raw,"RDO No. 76 - Victorias City, Negros Occidental is composed of the followin",,,1ST,,OF E.B. MAGALONA,POBLACION,HOPE VILLAGE,P. MARAVILLA ST-B. MAHINAY ST,A9,Agricultural - A9,3.0
raw,"RDO No. 76 - Victorias City, Negros Occidental is composed of the followin",,,1ST,,OF E.B. MAGALONA,POBLACION,HOPE VILLAGE,P. MARAVILLA ST-B. MAHINAY ST,A12,Agricultural - A12,30.0
raw,"RDO No. 76 - Victorias City, Negros Occidental is composed of the followin",,,1ST,,OF E.B. MAGALONA,POBLACION,HOPE VILLAGE,P. MARAVILLA ST-B. MAHINAY ST,A14,Agricultural - A14,7.5
raw,"RDO No. 76 - Victorias City, Negros Occidental is composed of the followin",,,1ST,,OF E.B. MAGALONA,POBLACION,HOPE VILLAGE,P. MARAVILLA ST-B. MAHINAY ST,A15,Agricultural - A15,3.0
raw,"RDO No. 76 - Victorias City, Negros Occidental is composed of the followin",,,1ST,,OF E.B. MAGALONA,POBLACION,HOPE VILLAGE,P. MARAVILLA ST-B. MAHINAY ST,A16,Agricultural - A16,7.0
raw,"RDO No. 76 - Victorias City, Negros Occidental is composed of the followin",,,1ST,,OF E.B. MAGALONA,POBLACION,HOPE VILLAGE,P. MARAVILLA ST-B. MAHINAY ST,A17,Agricultural - A17,30.0
raw,"RDO No. 76 - Victorias City, Negros Occidental is composed of the followin",,,1ST,,OF E.B. MAGALONA,POBLACION,HOPE VILLAGE,P. MARAVILLA ST-B. MAHINAY ST,A24,Agricultural - A24,5.0
raw,"RDO No. 76 - Victorias City, Negros Occidental is composed of the followin",,,1ST,,OF E.B. MAGALONA,POBLACION,HOPE VILLAGE,P. MARAVILLA ST-B. MAHINAY ST,A26,Agricultural - A26,5.0
raw,"RDO No. 76 - Victorias City, Negros Occidental is composed of the followin",,,1ST,,OF E.B. MAGALONA,POBLACION,HOPE VILLAGE,P. MARAVILLA ST-B. MAHINAY ST,A36,Agricultural - A36,1500.0
raw,"RDO No. 76 - Victorias City, Negros Occidental is composed of the followin",,,1ST,,OF E.B. MAGALONA,POBLACION,HOPE VILLAGE,P. MARAVILLA ST-B. MAHINAY ST,A37,Agricultural - A37,5.0
raw,"RDO No. 76 - Victorias City, Negros Occidental is composed of the followin",,,1ST,,OF E.B. MAGALONA,POBLACION,HOPE VILLAGE,P. MARAVILLA ST-B. MAHINAY ST,A42,Agricultural - A42,35.0
raw,"RDO No. 76 - Victorias City, Negros Occidental is composed of the followin",,,1ST,,OF E.B. MAGALONA,POBLACION,HOPE VILLAGE,P. MARAVILLA ST-B. MAHINAY ST,A38,Agricultural - A38,7.0
raw,"RDO No. 76 - Victorias City, Negros Occidental is composed of the followin",,,1ST,,OF E.B. MAGALONA,POBLACION,HOPE VILLAGE,P. MARAVILLA ST-B. MAHINAY ST,A44,Agricultural - A44,3.0
raw,"RDO No. 76 - Victorias City, Negros Occidental is composed of the followin",,,1ST,,OF E.B. MAGALONA,POBLACION,HOPE VILLAGE,P. MARAVILLA ST-B. MAHINAY ST,A48,Agricultural - A48,7.5
raw,"RDO No. 76 - Victorias City, Negros Occidental is composed of the followin",,,1ST,,OF E.B. MAGALONA,POBLACION,HOPE VILLAGE,P. MARAVILLA ST-B. MAHINAY ST,A49,Agricultural - A49,15.0
raw,"RDO No. 76 - Victorias City, Negros Occidental is composed of the followin",,,1ST,,OF E.B. MAGALONA,POBLACION,J. REYES ST.,F.MONTINOLA-F. MARAVILLA,RR,Residential - Regular,500.0
raw,"RDO No. 76 - Victorias City, Negros Occidental is composed of the followin",,,,,OF E.B. MAGALONA,POBLACION,J. REYES ST.,F.MONTINOLA-F. MARAVILLA,RR,Residential - Regular,350.0
raw,"RDO No. 76 - Victorias City, Negros Occidental is composed of the followin",,,1ST,,OF E.B. MAGALONA,POBLACION,J. REYES ST.,F.MONTINOLA-F. MARAVILLA,RR,Residential - Regular,500.0
raw,"RDO No. 76 - Victorias City, Negros Occidental is composed of the followin",,,,,OF E.B. MAGALONA,POBLACION,J. REYES ST.,F.MONTINOLA-F. MARAVILLA,RR,Residential - Regular,350.0
raw,"RDO No. 76 - Victorias City, Negros Occidental is composed of the followin",,,1ST,,OF E.B. MAGALONA,POBLACION,LUIS CUAYCONG ST,F. MONTIROLA-COR. MARAVILLA,RR,Residential - Regular,500.0
raw,"RDO No. 76 - Victorias City, Negros Occidental is composed of the followin",,,,,OF E.B. MAGALONA,POBLACION,LUIS CUAYCONG ST,F. MONTIROLA-COR. MARAVILLA,RR,Residential - Regular,350.0
raw,"RDO No. 76 - Victorias City, Negros Occidental is composed of the followin",,,1ST,,OF E.B. MAGALONA,POBLACION,LUIS CUAYCONG ST,F. MONTIROLA-COR. MARAVILLA,RR,Residential - Regular,500.0
raw,"RDO No. 76 - Victorias City, Negros Occidental is composed of the followin",,,,,OF E.B. MAGALONA,POBLACION,LUIS CUAYCONG ST,F. MONTIROLA-COR. MARAVILLA,RR,Residential - Regular,350.0
raw,"RDO No. 76 - Victorias City, Negros Occidental is composed of the followin",,,1ST,,OF E.B. MAGALONA,POBLACION,PEDRO MARAVILLA ST,A. BARRERA-B MAHINAY ST,RR,Residential - Regular,500.0
raw,"RDO No. 76 - Victorias City, Negros Occidental is composed of the followin",,,,,OF E.B. MAGALONA,POBLACION,PEDRO MARAVILLA ST,A. BARRERA-B MAHINAY ST,RR,Residential - Regular,350.0
raw,"RDO No. 76 - Victorias City, Negros Occidental is composed of the followin",,,1ST,,OF E.B. MAGALONA,POBLACION,PEDRO MARAVILLA ST,A. BARRERA-B MAHINAY ST,RR,Residential - Regular,500.0
raw,"RDO No. 76 - Victorias City, Negros Occidental is composed of the followin",,,,,OF E.B. MAGALONA,POBLACION,PEDRO MARAVILLA ST,A. BARRERA-B MAHINAY ST,RR,Residential - Regular,350.0
raw,"RDO No. 76 - Victorias City, Negros Occidental is composed of the followin",,,1ST,,OF E.B. MAGALONA,POBLACION,SAINT MICHAEL,ALONG NATL HIGHWAY,RR,Residential - Regular,500.0
raw,"RDO No. 76 - Victorias City, Negros Occidental is composed of the followin",,,,,OF E.B. MAGALONA,POBLACION,SAINT MICHAEL,ALONG NATL HIGHWAY,RR,Residential - Regular,350.0
raw,"RDO No. 76 - Victorias City, Negros Occidental is composed of the followin",,,1ST,,OF E.B. MAGALONA,POBLACION,SAINT MICHAEL,ALONG NATL HIGHWAY,RR,Residential - Regular,500.0
raw,"RDO No. 76 - Victorias City, Negros Occidental is composed of the followin",,,,,OF E.B. MAGALONA,POBLACION,SAINT MICHAEL,ALONG NATL HIGHWAY,RR,Residential - Regular,350.0
raw,"RDO No. 76 - Victorias City, Negros Occidental is composed of the followin",,,1ST,,OF E.B. MAGALONA,POBLACION,SAINT THERESE SUBD. P I,P. MARAVILLA ST-B. MAHINAY ST,RR,Residential - Regular,70.0
raw,"RDO No. 76 - Victorias City, Negros Occidental is composed of the followin",,,1ST,,OF E.B. MAGALONA,POBLACION,SAINT THERESE SUBD. P I,P. MARAVILLA ST-B. MAHINAY ST,RR,Residential - Regular,70.0
raw,"RDO No. 76 - Victorias City, Negros Occidental is composed of the followin",,,1ST,,OF E.B. MAGALONA,POBLACION,SAINT THERESE SUBD.P II,P. MARAVILLA ST-B. MAHINAY ST,RR,Residential - Regular,200.0
raw,"RDO No. 76 - Victorias City, Negros Occidental is composed of the followin",,,1ST,,OF E.B. MAGALONA,POBLACION,SAINT THERESE SUBD.P II,P. MARAVILLA ST-B. MAHINAY ST,RR,Residential - Regular,200.0
raw,"RDO No. 76 - Victorias City, Negros Occidental is composed of the followin",,,1ST,,OF E.B. MAGALONA,POBLACION,SANTIAGO REYES ST,A. ALFARO-L. CUAYCONG ST.,RR,Residential - Regular,500.0
raw,"RDO No. 76 - Victorias City, Negros Occidental is composed of the followin",,,,,OF E.B. MAGALONA,POBLACION,SANTIAGO REYES ST,A. ALFARO-L. CUAYCONG ST.,RR,Residential - Regular,350.0
raw,"RDO No. 76 - Victorias City, Negros Occidental is composed of the followin",,,1ST,,OF E.B. MAGALONA,POBLACION,SANTIAGO REYES ST,A. ALFARO-L. CUAYCONG ST.,RR,Residential - Regular,500.0
raw,"RDO No. 76 - Victorias City, Negros Occidental is composed of the followin",,,,,OF E.B. MAGALONA,POBLACION,SANTIAGO REYES ST,A. ALFARO-L. CUAYCONG ST.,RR,Residential - Regular,350.0
raw,"RDO No. 76 - Victorias City, Negros Occidental is composed of the followin",,,1ST,,OF E.B. MAGALONA,POBLACION,SANTO NINO SUBD,NATL RD-LOT 238,RR,Residential - Regular,500.0
raw,"RDO No. 76 - Victorias City, Negros Occidental is composed of the followin",,,,,OF E.B. MAGALONA,POBLACION,SANTO NINO SUBD,NATL RD-LOT 238,RR,Residential - Regular,350.0
raw,"RDO No. 76 - Victorias City, Negros Occidental is composed of the followin",,,1ST,,OF E.B. MAGALONA,POBLACION,SANTO NINO SUBD,NATL RD-LOT 238,RR,Residential - Regular,500.0
raw,"RDO No. 76 - Victorias City, Negros Occidental is composed of the followin",,,,,OF E.B. MAGALONA,POBLACION,SANTO NINO SUBD,NATL RD-LOT 238,RR,Residential - Regular,350.0
raw,"RDO No. 76 - Victorias City, Negros Occidental is composed of the followin",,,1ST,,OF E.B. MAGALONA,POBLACION,VICENTE MAGALONA ST,P. MARAVILLA ST-B. MAHINAY ST,RR,Residential - Regular,500.0
raw,"RDO No. 76 - Victorias City, Negros Occidental is composed of the followin",,,,,OF E.B. MAGALONA,POBLACION,VICENTE MAGALONA ST,P. MARAVILLA ST-B. MAHINAY ST,RR,Residential - Regular,350.0
raw,"RDO No. 76 - Victorias City, Negros Occidental is composed of the followin",,,1ST,,OF E.B. MAGALONA,POBLACION,VICENTE MAGALONA ST,P. MARAVILLA ST-B. MAHINAY ST,RR,Residential - Regular,500.0
raw,"RDO No. 76 - Victorias City, Negros Occidental is composed of the followin",,,,,OF E.B. MAGALONA,POBLACION,VICENTE MAGALONA ST,P. MARAVILLA ST-B. MAHINAY ST,RR,Residential - Regular,350.0
raw,"RDO No. 76 - Victorias City, Negros Occidental is composed of the followin",,,1ST,,OF ESCALANTE,ALL OTHER BARANGAYS,ALL LOT,,RR,Residential - Regular,450.0
raw,"RDO No. 76 - Victorias City, Negros Occidental is composed of the followin",,,1ST,,OF ESCALANTE,ALL OTHER BARANGAYS,ALL LOT,,A17,Agricultural - A17,20.0
raw,"RDO No. 76 - Victorias City, Negros Occidental is composed of the followin",,,1ST,,OF ESCALANTE,ALL OTHER BARANGAYS,ALL LOT,,RR,Residential - Regular,450.0
raw,"RDO No. 76 - Victorias City, Negros Occidental is composed of the followin",,,1ST,,OF ESCALANTE,ALL OTHER BARANGAYS,ALL LOT,,A17,Agricultural - A17,20.0
raw,"RDO No. 76 - Victorias City, Negros Occidental is composed of the followin",,,,,OF ESCALANTE,ALL OTHER BARANGAYS,ALL LOTS SUGARLAND,,A1,Agricultural - A1,20.0
raw,"RDO No. 76 - Victorias City, Negros Occidental is composed of the followin",,,,,OF ESCALANTE,ALL OTHER BARANGAYS,ALL LOTS SUGARLAND,,A1,Agricultural - A1,20.0
raw,"RDO No. 76 - Victorias City, Negros Occidental is composed of the followin",,,1ST,,OF ESCALANTE,BALINTAWAK (POBLACION),ABAD SANTOS EXT,MAGSAYSAY AVE-ABAD SANTOS,RR,Residential - Regular,500.0
raw,"RDO No. 76 - Victorias City, Negros Occidental is composed of the followin",,,,,OF ESCALANTE,BALINTAWAK (POBLACION),ABAD SANTOS EXT,MAGSAYSAY AVE-ABAD SANTOS,RR,Residential - Regular,300.0
raw,"RDO No. 76 - Victorias City, Negros Occidental is composed of the followin",,,1ST,,OF ESCALANTE,BALINTAWAK (POBLACION),ABAD SANTOS EXT,MAGSAYSAY AVE-ABAD SANTOS,RR,Residential - Regular,500.0
raw,"RDO No. 76 - Victorias City, Negros Occidental is composed of the followin",,,,,OF ESCALANTE,BALINTAWAK (POBLACION),ABAD SANTOS EXT,MAGSAYSAY AVE-ABAD SANTOS,RR,Residential - Regular,300.0
raw,"RDO No. 76 - Victorias City, Negros Occidental is composed of the followin",,,1ST,,OF ESCALANTE,BALINTAWAK (POBLACION),DE OCAMPO ST,END TO NATL RD-SAN CARLOS,RR,Residential - Regular,500.0
raw,"RDO No. 76 - Victorias City, Negros Occidental is composed of the followin",,,,,OF ESCALANTE,BALINTAWAK (POBLACION),DE OCAMPO ST,END TO NATL RD-SAN CARLOS,RR,Residential - Regular,300.0
raw,"RDO No. 76 - Victorias City, Negros Occidental is composed of the followin",,,1ST,,OF ESCALANTE,BALINTAWAK (POBLACION),DE OCAMPO ST,END TO NATL RD-SAN CARLOS,RR,Residential - Regular,500.0
raw,"RDO No. 76 - Victorias City, Negros Occidental is composed of the followin",,,,,OF ESCALANTE,BALINTAWAK (POBLACION),DE OCAMPO ST,END TO NATL RD-SAN CARLOS,RR,Residential - Regular,300.0
raw,"RDO No. 76 - Victorias City, Negros Occidental is composed of the followin",,,1ST,,OF ESCALANTE,BALINTAWAK (POBLACION),FIRST STREET,NATL RD-ZAMORA ST,RR,Residential - Regular,500.0
raw,"RDO No. 76 - Victorias City, Negros Occidental is composed of the followin",,,,,OF ESCALANTE,BALINTAWAK (POBLACION),FIRST STREET,NATL RD-ZAMORA ST,RR,Residential - Regular,300.0
raw,"RDO No. 76 - Victorias City, Negros Occidental is composed of the followin",,,1ST,,OF ESCALANTE,BALINTAWAK (POBLACION),FIRST STREET,NATL RD-ZAMORA ST,RR,Residential - Regular,500.0
raw,"RDO No. 76 - Victorias City, Negros Occidental is composed of the followin",,,,,OF ESCALANTE,BALINTAWAK (POBLACION),FIRST STREET,NATL RD-ZAMORA ST,RR,Residential - Regular,300.0
raw,"RDO No. 76 - Victorias City, Negros Occidental is composed of the followin",,,1ST,,OF ESCALANTE,BALINTAWAK (POBLACION),GAMAO EXT,LT. VARCA ST-LT. GAMAO ST.,RR,Residential - Regular,500.0
raw,"RDO No. 76 - Victorias City, Negros Occidental is composed of the followin",,,,,OF ESCALANTE,BALINTAWAK (POBLACION),GAMAO EXT,LT. VARCA ST-LT. GAMAO ST.,RR,Residential - Regular,300.0
raw,"RDO No. 76 - Victorias City, Negros Occidental is composed of the followin",,,1ST,,OF ESCALANTE,BALINTAWAK (POBLACION),GAMAO EXT,LT. VARCA ST-LT. GAMAO ST.,RR,Residential - Regular,500.0
raw,"RDO No. 76 - Victorias City, Negros Occidental is composed of the followin",,,,,OF ESCALANTE,BALINTAWAK (POBLACION),GAMAO EXT,LT. VARCA ST-LT. GAMAO ST.,RR,Residential - Regular,300.0
raw,"RDO No. 76 - Victorias City, Negros Occidental is composed of the followin",,,1ST,,OF ESCALANTE,BALINTAWAK (POBLACION),GOMEZ ST,NATIONAL RD-ZAMORA,RR,Residential - Regular,500.0
raw,"RDO No. 76 - Victorias City, Negros Occidental is composed of the followin",,,1ST,,OF ESCALANTE,BALINTAWAK (POBLACION),GOMEZ ST,ZAMORA ST-MAGSAYSAY,I,Industrial,1500.0
raw,"RDO No. 76 - Victorias City, Negros Occidental is composed of the followin",,,,,OF ESCALANTE,BALINTAWAK (POBLACION),GOMEZ ST,NATIONAL RD-ZAMORA,RR,Residential - Regular,300.0
raw,"RDO No. 76 - Victorias City, Negros Occidental is composed of the followin",,,,,OF ESCALANTE,BALINTAWAK (POBLACION),GOMEZ ST,ZAMORA ST-MAGSAYSAY,I,Industrial,700.0
raw,"RDO No. 76 - Victorias City, Negros Occidental is composed of the followin",,,1ST,,OF ESCALANTE,BALINTAWAK (POBLACION),GOMEZ ST,NATIONAL RD-ZAMORA,RR,Residential - Regular,500.0
raw,"RDO No. 76 - Victorias City, Negros Occidental is composed of the followin",,,1ST,,OF ESCALANTE,BALINTAWAK (POBLACION),GOMEZ ST,ZAMORA ST-MAGSAYSAY,I,Industrial,1500.0
raw,"RDO No. 76 - Victorias City, Negros Occidental is composed of the followin",,,,,OF ESCALANTE,BALINTAWAK (POBLACION),GOMEZ ST,NATIONAL RD-ZAMORA,RR,Residential - Regular,300.0
raw,"RDO No. 76 - Victorias City, Negros Occidental is composed of the followin",,,,,OF ESCALANTE,BALINTAWAK (POBLACION),GOMEZ ST,ZAMORA ST-MAGSAYSAY,I,Industrial,700.0
raw,"RDO No. 76 - Victorias City, Negros Occidental is composed of the followin",,,1ST,,OF ESCALANTE,BALINTAWAK (POBLACION),JOSE ABAD SANTOS,PROVINCIAL RD-ABAD SANTOS,CR,Commercial - Regular,1300.0
raw,"RDO No. 76 - Victorias City, Negros Occidental is composed of the followin",,,,,OF ESCALANTE,BALINTAWAK (POBLACION),JOSE ABAD SANTOS,PROVINCIAL RD-ABAD SANTOS,CR,Commercial - Regular,450.0
raw,"RDO No. 76 - Victorias City, Negros Occidental is composed of the followin",,,1ST,,OF ESCALANTE,BALINTAWAK (POBLACION),JOSE ABAD SANTOS,PROVINCIAL RD-ABAD SANTOS,CR,Commercial - Regular,1300.0
raw,"RDO No. 76 - Victorias City, Negros Occidental is composed of the followin",,,,,OF ESCALANTE,BALINTAWAK (POBLACION),JOSE ABAD SANTOS,PROVINCIAL RD-ABAD SANTOS,CR,Commercial - Regular,450.0
raw,"RDO No. 76 - Victorias City, Negros Occidental is composed of the followin",,,1ST,,OF ESCALANTE,BALINTAWAK (POBLACION),LOPEZ DRIVE,RIZAL ST-NATIONAL RD,CR,Commercial - Regular,1300.0
raw,"RDO No. 76 - Victorias City, Negros Occidental is composed of the followin",,,1ST,,OF ESCALANTE,BALINTAWAK (POBLACION),LOPEZ DRIVE,END TO NATL RD-SAN CARLOS,RR,Residential - Regular,500.0
raw,"RDO No. 76 - Victorias City, Negros Occidental is composed of the followin",,,,,OF ESCALANTE,BALINTAWAK (POBLACION),LOPEZ DRIVE,RIZAL ST-NATIONAL RD,CR,Commercial - Regular,450.0
raw,"RDO No. 76 - Victorias City, Negros Occidental is composed of the followin",,,,,OF ESCALANTE,BALINTAWAK (POBLACION),LOPEZ DRIVE,END TO NATL RD-SAN CARLOS,RR,Residential - Regular,300.0
raw,"RDO No. 76 - Victorias City, Negros Occidental is composed of the followin",,,1ST,,OF ESCALANTE,BALINTAWAK (POBLACION),LOPEZ DRIVE,RIZAL ST-NATIONAL RD,CR,Commercial - Regular,1300.0
raw,"RDO No. 76 - Victorias City, Negros Occidental is composed of the followin",,,1ST,,OF ESCALANTE,BALINTAWAK (POBLACION),LOPEZ DRIVE,END TO NATL RD-SAN CARLOS,RR,Residential - Regular,500.0
raw,"RDO No. 76 - Victorias City, Negros Occidental is composed of the followin",,,,,OF ESCALANTE,BALINTAWAK (POBLACION),LOPEZ DRIVE,RIZAL ST-NATIONAL RD,CR,Commercial - Regular,450.0
raw,"RDO No. 76 - Victorias City, Negros Occidental is composed of the followin",,,,,OF ESCALANTE,BALINTAWAK (POBLACION),LOPEZ DRIVE,END TO NATL RD-SAN CARLOS,RR,Residential - Regular,300.0
raw,"RDO No. 76 - Victorias City, Negros Occidental is composed of the followin",,,1ST,,OF ESCALANTE,BALINTAWAK (POBLACION),LT. GAMAO ST,END-RIZAL ST,RR,Residential - Regular,500.0
raw,"RDO No. 76 - Victorias City, Negros Occidental is composed of the followin",,,1ST,,OF ESCALANTE,BALINTAWAK (POBLACION),LT. GAMAO ST,RIZAL ST-NATL RD-SN CARLOS,CR,Commercial - Regular,1300.0
raw,"RDO No. 76 - Victorias City, Negros Occidental is composed of the followin",,,,,OF ESCALANTE,BALINTAWAK (POBLACION),LT. GAMAO ST,END-RIZAL ST,RR,Residential - Regular,300.0
raw,"RDO No. 76 - Victorias City, Negros Occidental is composed of the followin",,,,,OF ESCALANTE,BALINTAWAK (POBLACION),LT. GAMAO ST,RIZAL ST-NATL RD-SN CARLOS,CR,Commercial - Regular,450.0
raw,"RDO No. 76 - Victorias City, Negros Occidental is composed of the followin",,,1ST,,OF ESCALANTE,BALINTAWAK (POBLACION),LT. GAMAO ST,END-RIZAL ST,RR,Residential - Regular,500.0
raw,"RDO No. 76 - Victorias City, Negros Occidental is composed of the followin",,,1ST,,OF ESCALANTE,BALINTAWAK (POBLACION),LT. GAMAO ST,RIZAL ST-NATL RD-SN CARLOS,CR,Commercial - Regular,1300.0
raw,"RDO No. 76 - Victorias City, Negros Occidental is composed of the followin",,,,,OF ESCALANTE,BALINTAWAK (POBLACION),LT. GAMAO ST,END-RIZAL ST,RR,Residential - Regular,300.0
raw,"RDO No. 76 - Victorias City, Negros Occidental is composed of the followin",,,,,OF ESCALANTE,BALINTAWAK (POBLACION),LT. GAMAO ST,RIZAL ST-NATL RD-SN CARLOS,CR,Commercial - Regular,450.0
raw,"RDO No. 76 - Victorias City, Negros Occidental is composed of the followin",,,1ST,,OF ESCALANTE,BALINTAWAK (POBLACION),LT. VARCA ST,END-RIZAL ST,RR,Residential - Regular,500.0
raw,"RDO No. 76 - Victorias City, Negros Occidental is composed of the followin",,,1ST,,OF ESCALANTE,BALINTAWAK (POBLACION),LT. VARCA ST,RIZAL ST-NATL RD-SN CARLOS,CR,Commercial - Regular,1300.0
raw,"RDO No. 76 - Victorias City, Negros Occidental is composed of the followin",,,,,OF ESCALANTE,BALINTAWAK (POBLACION),LT. VARCA ST,END-RIZAL ST,RR,Residential - Regular,300.0
raw,"RDO No. 76 - Victorias City, Negros Occidental is composed of the followin",,,,,OF ESCALANTE,BALINTAWAK (POBLACION),LT. VARCA ST,RIZAL ST-NATL RD-SN CARLOS,CR,Commercial - Regular,450.0
raw,"RDO No. 76 - Victorias City, Negros Occidental is composed of the followin",,,1ST,,OF ESCALANTE,BALINTAWAK (POBLACION),LT. VARCA ST,END-RIZAL ST,RR,Residential - Regular,500.0
raw,"RDO No. 76 - Victorias City, Negros Occidental is composed of the followin",,,1ST,,OF ESCALANTE,BALINTAWAK (POBLACION),LT. VARCA ST,RIZAL ST-NATL RD-SN CARLOS,CR,Commercial - Regular,1300.0
raw,"RDO No. 76 - Victorias City, Negros Occidental is composed of the followin",,,,,OF ESCALANTE,BALINTAWAK (POBLACION),LT. VARCA ST,END-RIZAL ST,RR,Residential - Regular,300.0
raw,"RDO No. 76 - Victorias City, Negros Occidental is composed of the followin",,,,,OF ESCALANTE,BALINTAWAK (POBLACION),LT. VARCA ST,RIZAL ST-NATL RD-SN CARLOS,CR,Commercial - Regular,450.0
raw,"RDO No. 76 - Victorias City, Negros Occidental is composed of the followin",,,1ST,,OF ESCALANTE,BALINTAWAK (POBLACION),MAGSAYSAY AVE.,LT. GOMOZ-ABAD SANTOS EXT,RR,Residential - Regular,500.0
raw,"RDO No. 76 - Victorias City, Negros Occidental is composed of the followin",,,1ST,,OF ESCALANTE,BALINTAWAK (POBLACION),MAGSAYSAY AVE.,ST. GAMMAO ST-GOMEZ ST,I,Industrial,1500.0
raw,"RDO No. 76 - Victorias City, Negros Occidental is composed of the followin",,,,,OF ESCALANTE,BALINTAWAK (POBLACION),MAGSAYSAY AVE.,LT. GOMOZ-ABAD SANTOS EXT,RR,Residential - Regular,300.0
raw,"RDO No. 76 - Victorias City, Negros Occidental is composed of the followin",,,,,OF ESCALANTE,BALINTAWAK (POBLACION),MAGSAYSAY AVE.,ST. GAMMAO ST-GOMEZ ST,I,Industrial,700.0
raw,"RDO No. 76 - Victorias City, Negros Occidental is composed of the followin",,,1ST,,OF ESCALANTE,BALINTAWAK (POBLACION),MAGSAYSAY AVE.,LT. GOMOZ-ABAD SANTOS EXT,RR,Residential - Regular,500.0
raw,"RDO No. 76 - Victorias City, Negros Occidental is composed of the followin",,,1ST,,OF ESCALANTE,BALINTAWAK (POBLACION),MAGSAYSAY AVE.,ST. GAMMAO ST-GOMEZ ST,I,Industrial,1500.0
raw,"RDO No. 76 - Victorias City, Negros Occidental is composed of the followin",,,,,OF ESCALANTE,BALINTAWAK (POBLACION),MAGSAYSAY AVE.,LT. GOMOZ-ABAD SANTOS EXT,RR,Residential - Regular,300.0
raw,"RDO No. 76 - Victorias City, Negros Occidental is composed of the followin",,,,,OF ESCALANTE,BALINTAWAK (POBLACION),MAGSAYSAY AVE.,ST. GAMMAO ST-GOMEZ ST,I,Industrial,700.0
raw,"RDO No. 76 - Victorias City, Negros Occidental is composed of the followin",,,1ST,,OF ESCALANTE,BALINTAWAK (POBLACION),MT. CARMEL DR,LT. VARCA ST-LOPEZ DRIVE,RR,Residential - Regular,500.0
raw,"RDO No. 76 - Victorias City, Negros Occidental is composed of the followin",,,1ST,,OF ESCALANTE,BALINTAWAK (POBLACION),MT. CARMEL DR,END ST-VARCA ST,I,Industrial,1500.0
raw,"RDO No. 76 - Victorias City, Negros Occidental is composed of the followin",,,,,OF ESCALANTE,BALINTAWAK (POBLACION),MT. CARMEL DR,LT. VARCA ST-LOPEZ DRIVE,RR,Residential - Regular,300.0
raw,"RDO No. 76 - Victorias City, Negros Occidental is composed of the followin",,,,,OF ESCALANTE,BALINTAWAK (POBLACION),MT. CARMEL DR,END ST-VARCA ST,I,Industrial,700.0
raw,"RDO No. 76 - Victorias City, Negros Occidental is composed of the followin",,,1ST,,OF ESCALANTE,BALINTAWAK (POBLACION),MT. CARMEL DR,LT. VARCA ST-LOPEZ DRIVE,RR,Residential - Regular,500.0
raw,"RDO No. 76 - Victorias City, Negros Occidental is composed of the followin",,,1ST,,OF ESCALANTE,BALINTAWAK (POBLACION),MT. CARMEL DR,END ST-VARCA ST,I,Industrial,1500.0
raw,"RDO No. 76 - Victorias City, Negros Occidental is composed of the followin",,,,,OF ESCALANTE,BALINTAWAK (POBLACION),MT. CARMEL DR,LT. VARCA ST-LOPEZ DRIVE,RR,Residential - Regular,300.0
raw,"RDO No. 76 - Victorias City, Negros Occidental is composed of the followin",,,,,OF ESCALANTE,BALINTAWAK (POBLACION),MT. CARMEL DR,END ST-VARCA ST,I,Industrial,700.0
raw,"RDO No. 76 - Victorias City, Negros Occidental is composed of the followin",,,1ST,,OF ESCALANTE,BALINTAWAK (POBLACION),NATL RD TO BACOLOD CITY,SN CARLOS-NATL RD BACOLOD,CR,Commercial - Regular,1300.0
raw,"RDO No. 76 - Victorias City, Negros Occidental is composed of the followin",,,1ST,,OF ESCALANTE,BALINTAWAK (POBLACION),NATL RD TO BACOLOD CITY,ZAMORA ST MAGSAYSAY ST,RR,Residential - Regular,500.0
raw,"RDO No. 76 - Victorias City, Negros Occidental is composed of the followin",,,,,OF ESCALANTE,BALINTAWAK (POBLACION),NATL RD TO BACOLOD CITY,SN CARLOS-NATL RD BACOLOD,CR,Commercial - Regular,450.0
raw,"RDO No. 76 - Victorias City, Negros Occidental is composed of the followin",,,,,OF ESCALANTE,BALINTAWAK (POBLACION),NATL RD TO BACOLOD CITY,ZAMORA ST MAGDSAYSAY ST,RR,Residential - Regular,300.0
raw,"RDO No. 76 - Victorias City, Negros Occidental is composed of the followin",,,1ST,,OF ESCALANTE,BALINTAWAK (POBLACION),NATL RD TO BACOLOD CITY,SN CARLOS-NATL RD BACOLOD,CR,Commercial - Regular,1300.0
raw,"RDO No. 76 - Victorias City, Negros Occidental is composed of the followin",,,1ST,,OF ESCALANTE,BALINTAWAK (POBLACION),NATL RD TO BACOLOD CITY,ZAMORA ST MAGSAYSAY ST,RR,Residential - Regular,500.0
raw,"RDO No. 76 - Victorias City, Negros Occidental is composed of the followin",,,,,OF ESCALANTE,BALINTAWAK (POBLACION),NATL RD TO BACOLOD CITY,SN CARLOS-NATL RD BACOLOD,CR,Commercial - Regular,450.0
raw,"RDO No. 76 - Victorias City, Negros Occidental is composed of the followin",,,,,OF ESCALANTE,BALINTAWAK (POBLACION),NATL RD TO BACOLOD CITY,ZAMORA ST MAGDSAYSAY ST,RR,Residential - Regular,300.0
raw,"RDO No. 76 - Victorias City, Negros Occidental is composed of the followin",,,1ST,,OF ESCALANTE,BALINTAWAK (POBLACION),NATL RD TO SN CARLOS,PROVL RD-DE OCAMPO ST,CR,Commercial - Regular,1300.0
raw,"RDO No. 76 - Victorias City, Negros Occidental is composed of the followin",,,1ST,,OF ESCALANTE,BALINTAWAK (POBLACION),NATL RD TO SN CARLOS,END ST VARCA ST,RR,Residential - Regular,500.0
raw,"RDO No. 76 - Victorias City, Negros Occidental is composed of the followin",,,,,OF ESCALANTE,BALINTAWAK (POBLACION),NATL RD TO SN CARLOS,PROVL RD-DE OCAMPO ST,CR,Commercial - Regular,450.0
raw,"RDO No. 76 - Victorias City, Negros Occidental is composed of the followin",,,,,OF ESCALANTE,BALINTAWAK (POBLACION),NATL RD TO SN CARLOS,END ST VARCA ST,RR,Residential - Regular,300.0
raw,"RDO No. 76 - Victorias City, Negros Occidental is composed of the followin",,,1ST,,OF ESCALANTE,BALINTAWAK (POBLACION),NATL RD TO SN CARLOS,PROVL RD-DE OCAMPO ST,CR,Commercial - Regular,1300.0
raw,"RDO No. 76 - Victorias City, Negros Occidental is composed of the followin",,,1ST,,OF ESCALANTE,BALINTAWAK (POBLACION),NATL RD TO SN CARLOS,END ST VARCA ST,RR,Residential - Regular,500.0
raw,"RDO No. 76 - Victorias City, Negros Occidental is composed of the followin",,,,,OF ESCALANTE,BALINTAWAK (POBLACION),NATL RD TO SN CARLOS,PROVL RD-DE OCAMPO ST,CR,Commercial - Regular,450.0
raw,"RDO No. 76 - Victorias City, Negros Occidental is composed of the followin",,,,,OF ESCALANTE,BALINTAWAK (POBLACION),NATL RD TO SN CARLOS,END ST VARCA ST,RR,Residential - Regular,300.0
raw,"RDO No. 76 - Victorias City, Negros Occidental is composed of the followin",,,1ST,,OF ESCALANTE,BALINTAWAK (POBLACION),OLD ESCALANTE,SANTOS ST,RR,Residential - Regular,500.0
raw,"RDO No. 76 - Victorias City, Negros Occidental is composed of the followin",,,,,OF ESCALANTE,BALINTAWAK (POBLACION),OLD ESCALANTE,SANTOS ST,RR,Residential - Regular,300.0
raw,"RDO No. 76 - Victorias City, Negros Occidental is composed of the followin",,,1ST,,OF ESCALANTE,BALINTAWAK (POBLACION),OLD ESCALANTE,SANTOS ST,RR,Residential - Regular,500.0
raw,"RDO No. 76 - Victorias City, Negros Occidental is composed of the followin",,,,,OF ESCALANTE,BALINTAWAK (POBLACION),OLD ESCALANTE,SANTOS ST,RR,Residential - Regular,300.0
raw,"RDO No. 76 - Victorias City, Negros Occidental is composed of the followin",,,,,OF ESCALANTE,PROVINCIAL ROAD TO,AGRICULTURAL LAND,FIRST-NATL RD-BACOLOD,A,Agricultural,38.0
raw,"RDO No. 76 - Victorias City, Negros Occidental is composed of the followin",,,,,OF ESCALANTE,PROVINCIAL ROAD TO,AGRICULTURAL LAND,FIRST-NATL RD-BACOLOD,A1,Agricultural - A1,20.0
raw,"RDO No. 76 - Victorias City, Negros Occidental is composed of the followin",,,,,OF ESCALANTE,PROVINCIAL ROAD TO,AGRICULTURAL LAND,FIRST-NATL RD-BACOLOD,A2,Agricultural - A2,19.0
raw,"RDO No. 76 - Victorias City, Negros Occidental is composed of the followin",,,,,OF ESCALANTE,PROVINCIAL ROAD TO,AGRICULTURAL LAND,FIRST-NATL RD-BACOLOD,A3,Agricultural - A3,16.0
raw,"RDO No. 76 - Victorias City, Negros Occidental is composed of the followin",,,,,OF ESCALANTE,PROVINCIAL ROAD TO,AGRICULTURAL LAND,FIRST-NATL RD-BACOLOD,A4,Agricultural - A4,8.0
raw,"RDO No. 76 - Victorias City, Negros Occidental is composed of the followin",,,,,OF ESCALANTE,PROVINCIAL ROAD TO,AGRICULTURAL LAND,FIRST-NATL RD-BACOLOD,A5,Agricultural - A5,6.0
raw,"RDO No. 76 - Victorias City, Negros Occidental is composed of the followin",,,,,OF ESCALANTE,PROVINCIAL ROAD TO,AGRICULTURAL LAND,FIRST-NATL RD-BACOLOD,A6,Agricultural - A6,4.0
raw,"RDO No. 76 - Victorias City, Negros Occidental is composed of the followin",,,,,OF ESCALANTE,PROVINCIAL ROAD TO,AGRICULTURAL LAND,FIRST-NATL RD-BACOLOD,A7,Agricultural - A7,3.0
raw,"RDO No. 76 - Victorias City, Negros Occidental is composed of the followin",,,,,OF ESCALANTE,PROVINCIAL ROAD TO,AGRICULTURAL LAND,FIRST-NATL RD-BACOLOD,A8,Agricultural - A8,4.0
raw,"RDO No. 76 - Victorias City, Negros Occidental is composed of the followin",,,,,OF ESCALANTE,PROVINCIAL ROAD TO,AGRICULTURAL LAND,FIRST-NATL RD-BACOLOD,A9,Agricultural - A9,1.0
raw,"RDO No. 76 - Victorias City, Negros Occidental is composed of the followin",,,,,OF ESCALANTE,PROVINCIAL ROAD TO,AGRICULTURAL LAND,FIRST-NATL RD-BACOLOD,A,Agricultural,38.0
raw,"RDO No. 76 - Victorias City, Negros Occidental is composed of the followin",,,,,OF ESCALANTE,PROVINCIAL ROAD TO,AGRICULTURAL LAND,FIRST-NATL RD-BACOLOD,A1,Agricultural - A1,20.0
raw,"RDO No. 76 - Victorias City, Negros Occidental is composed of the followin",,,,,OF ESCALANTE,PROVINCIAL ROAD TO,AGRICULTURAL LAND,FIRST-NATL RD-BACOLOD,A2,Agricultural - A2,19.0
raw,"RDO No. 76 - Victorias City, Negros Occidental is composed of the followin",,,,,OF ESCALANTE,PROVINCIAL ROAD TO,AGRICULTURAL LAND,FIRST-NATL RD-BACOLOD,A3,Agricultural - A3,16.0
raw,"RDO No. 76 - Victorias City, Negros Occidental is composed of the followin",,,,,OF ESCALANTE,PROVINCIAL ROAD TO,AGRICULTURAL LAND,FIRST-NATL RD-BACOLOD,A4,Agricultural - A4,8.0
raw,"RDO No. 76 - Victorias City, Negros Occidental is composed of the followin",,,,,OF ESCALANTE,PROVINCIAL ROAD TO,AGRICULTURAL LAND,FIRST-NATL RD-BACOLOD,A5,Agricultural - A5,6.0
raw,"RDO No. 76 - Victorias City, Negros Occidental is composed of the followin",,,,,OF ESCALANTE,PROVINCIAL ROAD TO,AGRICULTURAL LAND,FIRST-NATL RD-BACOLOD,A6,Agricultural - A6,4.0
raw,"RDO No. 76 - Victorias City, Negros Occidental is composed of the followin",,,,,OF ESCALANTE,PROVINCIAL ROAD TO,AGRICULTURAL LAND,FIRST-NATL RD-BACOLOD,A7,Agricultural - A7,3.0
raw,"RDO No. 76 - Victorias City, Negros Occidental is composed of the followin",,,,,OF ESCALANTE,PROVINCIAL ROAD TO,AGRICULTURAL LAND,FIRST-NATL RD-BACOLOD,A8,Agricultural - A8,4.0
raw,"RDO No. 76 - Victorias City, Negros Occidental is composed of the followin",,,,,OF ESCALANTE,PROVINCIAL ROAD TO,AGRICULTURAL LAND,FIRST-NATL RD-BACOLOD,A9,Agricultural - A9,1.0
raw,"RDO No. 76 - Victorias City, Negros Occidental is composed of the followin",,,1ST,,OF ESCALANTE,PROVINCIAL ROAD TO,ALL LOTS,,A1,Agricultural - A1,18.0
raw,"RDO No. 76 - Victorias City, Negros Occidental is composed of the followin",,,1ST,,OF ESCALANTE,PROVINCIAL ROAD TO,ALL LOTS,,A2,Agricultural - A2,10.0
raw,"RDO No. 76 - Victorias City, Negros Occidental is composed of the followin",,,1ST,,OF ESCALANTE,PROVINCIAL ROAD TO,ALL LOTS,,A3,Agricultural - A3,6.0
raw,"RDO No. 76 - Victorias City, Negros Occidental is composed of the followin",,,1ST,,OF ESCALANTE,PROVINCIAL ROAD TO,ALL LOTS,,A4,Agricultural - A4,6.0
raw,"RDO No. 76 - Victorias City, Negros Occidental is composed of the followin",,,1ST,,OF ESCALANTE,PROVINCIAL ROAD TO,ALL LOTS,,A6,Agricultural - A6,19.0
raw,"RDO No. 76 - Victorias City, Negros Occidental is composed of the followin",,,1ST,,OF ESCALANTE,PROVINCIAL ROAD TO,ALL LOTS,,A8,Agricultural - A8,6.0
raw,"RDO No. 76 - Victorias City, Negros Occidental is composed of the followin",,,1ST,,OF ESCALANTE,PROVINCIAL ROAD TO,ALL LOTS,,A9,Agricultural - A9,5.0
raw,"RDO No. 76 - Victorias City, Negros Occidental is composed of the followin",,,1ST,,OF ESCALANTE,PROVINCIAL ROAD TO,ALL LOTS,,A12,Agricultural - A12,5.0
raw,"RDO No. 76 - Victorias City, Negros Occidental is composed of the followin",,,1ST,,OF ESCALANTE,PROVINCIAL ROAD TO,ALL LOTS,,A14,Agricultural - A14,6.0
raw,"RDO No. 76 - Victorias City, Negros Occidental is composed of the followin",,,1ST,,OF ESCALANTE,PROVINCIAL ROAD TO,ALL LOTS,,A15,Agricultural - A15,5.0
raw,"RDO No. 76 - Victorias City, Negros Occidental is composed of the followin",,,1ST,,OF ESCALANTE,PROVINCIAL ROAD TO,ALL LOTS,,A16,Agricultural - A16,7.0
raw,"RDO No. 76 - Victorias City, Negros Occidental is composed of the followin",,,1ST,,OF ESCALANTE,PROVINCIAL ROAD TO,ALL LOTS,,A17,Agricultural - A17,25.0
raw,"RDO No. 76 - Victorias City, Negros Occidental is composed of the followin",,,1ST,,OF ESCALANTE,PROVINCIAL ROAD TO,ALL LOTS,,A24,Agricultural - A24,7.0
raw,"RDO No. 76 - Victorias City, Negros Occidental is composed of the followin",,,1ST,,OF ESCALANTE,PROVINCIAL ROAD TO,ALL LOTS,TIMBERLAND,A36,Agricultural - A36,1500.0
raw,"RDO No. 76 - Victorias City, Negros Occidental is composed of the followin",,,1ST,,OF ESCALANTE,PROVINCIAL ROAD TO,ALL LOTS,TIMBERLAND,A37,Agricultural - A37,7.0
raw,"RDO No. 76 - Victorias City, Negros Occidental is composed of the followin",,,1ST,,OF ESCALANTE,PROVINCIAL ROAD TO,ALL LOTS,TIMBERLAND,A38,Agricultural - A38,7.0
raw,"RDO No. 76 - Victorias City, Negros Occidental is composed of the followin",,,1ST,,OF ESCALANTE,PROVINCIAL ROAD TO,ALL LOTS,TIMBERLAND,A42,Agricultural - A42,38.0
raw,"RDO No. 76 - Victorias City, Negros Occidental is composed of the followin",,,1ST,,OF ESCALANTE,PROVINCIAL ROAD TO,ALL LOTS,TIMBERLAND,A44,Agricultural - A44,5.0
raw,"RDO No. 76 - Victorias City, Negros Occidental is composed of the followin",,,1ST,,OF ESCALANTE,PROVINCIAL ROAD TO,ALL LOTS,TIMBERLAND,A48,Agricultural - A48,7.0
raw,"RDO No. 76 - Victorias City, Negros Occidental is composed of the followin",,,1ST,,OF ESCALANTE,PROVINCIAL ROAD TO,ALL LOTS,TIMBERLAND,A49,Agricultural - A49,5.0
raw,"RDO No. 76 - Victorias City, Negros Occidental is composed of the followin",,,1ST,,OF ESCALANTE,PROVINCIAL ROAD TO,ALL LOTS,SWINE,A50,Agricultural - A50,10.0
raw,"RDO No. 76 - Victorias City, Negros Occidental is composed of the followin",,,1ST,,OF ESCALANTE,PROVINCIAL ROAD TO,ALL LOTS,BREEDING FARM,A50,Agricultural - A50,50.0
raw,"RDO No. 76 - Victorias City, Negros Occidental is composed of the followin",,,1ST,,OF ESCALANTE,PROVINCIAL ROAD TO,ALL LOTS,,A1,Agricultural - A1,18.0
raw,"RDO No. 76 - Victorias City, Negros Occidental is composed of the followin",,,1ST,,OF ESCALANTE,PROVINCIAL ROAD TO,ALL LOTS,,A2,Agricultural - A2,10.0
raw,"RDO No. 76 - Victorias City, Negros Occidental is composed of the followin",,,1ST,,OF ESCALANTE,PROVINCIAL ROAD TO,ALL LOTS,,A3,Agricultural - A3,6.0
raw,"RDO No. 76 - Victorias City, Negros Occidental is composed of the followin",,,1ST,,OF ESCALANTE,PROVINCIAL ROAD TO,ALL LOTS,,A4,Agricultural - A4,6.0
raw,"RDO No. 76 - Victorias City, Negros Occidental is composed of the followin",,,1ST,,OF ESCALANTE,PROVINCIAL ROAD TO,ALL LOTS,,A6,Agricultural - A6,19.0
raw,"RDO No. 76 - Victorias City, Negros Occidental is composed of the followin",,,1ST,,OF ESCALANTE,PROVINCIAL ROAD TO,ALL LOTS,,A8,Agricultural - A8,6.0
raw,"RDO No. 76 - Victorias City, Negros Occidental is composed of the followin",,,1ST,,OF ESCALANTE,PROVINCIAL ROAD TO,ALL LOTS,,A9,Agricultural - A9,5.0
raw,"RDO No. 76 - Victorias City, Negros Occidental is composed of the followin",,,1ST,,OF ESCALANTE,PROVINCIAL ROAD TO,ALL LOTS,,A12,Agricultural - A12,5.0
raw,"RDO No. 76 - Victorias City, Negros Occidental is composed of the followin",,,1ST,,OF ESCALANTE,PROVINCIAL ROAD TO,ALL LOTS,,A14,Agricultural - A14,6.0
raw,"RDO No. 76 - Victorias City, Negros Occidental is composed of the followin",,,1ST,,OF ESCALANTE,PROVINCIAL ROAD TO,ALL LOTS,,A15,Agricultural - A15,5.0
raw,"RDO No. 76 - Victorias City, Negros Occidental is composed of the followin",,,1ST,,OF ESCALANTE,PROVINCIAL ROAD TO,ALL LOTS,,A16,Agricultural - A16,7.0
raw,"RDO No. 76 - Victorias City, Negros Occidental is composed of the followin",,,1ST,,OF ESCALANTE,PROVINCIAL ROAD TO,ALL LOTS,,A17,Agricultural - A17,25.0
raw,"RDO No. 76 - Victorias City, Negros Occidental is composed of the followin",,,1ST,,OF ESCALANTE,PROVINCIAL ROAD TO,ALL LOTS,,A24,Agricultural - A24,7.0
raw,"RDO No. 76 - Victorias City, Negros Occidental is composed of the followin",,,1ST,,OF ESCALANTE,PROVINCIAL ROAD TO,ALL LOTS,TIMBERLAND,A36,Agricultural - A36,1500.0
raw,"RDO No. 76 - Victorias City, Negros Occidental is composed of the followin",,,1ST,,OF ESCALANTE,PROVINCIAL ROAD TO,ALL LOTS,TIMBERLAND,A37,Agricultural - A37,7.0
raw,"RDO No. 76 - Victorias City, Negros Occidental is composed of the followin",,,1ST,,OF ESCALANTE,PROVINCIAL ROAD TO,ALL LOTS,TIMBERLAND,A38,Agricultural - A38,7.0
raw,"RDO No. 76 - Victorias City, Negros Occidental is composed of the followin",,,1ST,,OF ESCALANTE,PROVINCIAL ROAD TO,ALL LOTS,TIMBERLAND,A42,Agricultural - A42,38.0
raw,"RDO No. 76 - Victorias City, Negros Occidental is composed of the followin",,,1ST,,OF ESCALANTE,PROVINCIAL ROAD TO,ALL LOTS,TIMBERLAND,A44,Agricultural - A44,5.0
raw,"RDO No. 76 - Victorias City, Negros Occidental is composed of the followin",,,1ST,,OF ESCALANTE,PROVINCIAL ROAD TO,ALL LOTS,TIMBERLAND,A48,Agricultural - A48,7.0
raw,"RDO No. 76 - Victorias City, Negros Occidental is composed of the followin",,,1ST,,OF ESCALANTE,PROVINCIAL ROAD TO,ALL LOTS,TIMBERLAND,A49,Agricultural - A49,5.0
raw,"RDO No. 76 - Victorias City, Negros Occidental is composed of the followin",,,1ST,,OF ESCALANTE,PROVINCIAL ROAD TO,ALL LOTS,SWINE,A50,Agricultural - A50,10.0
raw,"RDO No. 76 - Victorias City, Negros Occidental is composed of the followin",,,1ST,,OF ESCALANTE,PROVINCIAL ROAD TO,ALL LOTS,BREEDING FARM,A50,Agricultural - A50,50.0
raw,"RDO No. 76 - Victorias City, Negros Occidental is composed of the followin",,,1ST,,OF ESCALANTE,PROVINCIAL ROAD TO,OLD ESCALANTE,RIZAL ST-NATL RD SN CARLOS,CR,Commercial - Regular,1300.0
raw,"RDO No. 76 - Victorias City, Negros Occidental is composed of the followin",,,,,OF ESCALANTE,PROVINCIAL ROAD TO,OLD ESCALANTE,RIZAL ST-NATL RD SN CARLOS,CR,Commercial - Regular,450.0
raw,"RDO No. 76 - Victorias City, Negros Occidental is composed of the followin",,,1ST,,OF ESCALANTE,PROVINCIAL ROAD TO,OLD ESCALANTE,RIZAL ST-NATL RD SN CARLOS,CR,Commercial - Regular,1300.0
raw,"RDO No. 76 - Victorias City, Negros Occidental is composed of the followin",,,,,OF ESCALANTE,PROVINCIAL ROAD TO,OLD ESCALANTE,RIZAL ST-NATL RD SN CARLOS,CR,Commercial - Regular,450.0
raw,"RDO No. 76 - Victorias City, Negros Occidental is composed of the followin",,,1ST,,OF ESCALANTE,PROVINCIAL ROAD TO,RIZAL ST,PROVINCIAL ROAD,CR,Commercial - Regular,1300.0
raw,"RDO No. 76 - Victorias City, Negros Occidental is composed of the followin",,,1ST,,OF ESCALANTE,PROVINCIAL ROAD TO,RIZAL ST,LOPEZ DRIVE-J ABAD SANTOS,RR,Residential - Regular,500.0
raw,"RDO No. 76 - Victorias City, Negros Occidental is composed of the followin",,,,,OF ESCALANTE,PROVINCIAL ROAD TO,RIZAL ST,PROVINCIAL ROAD,CR,Commercial - Regular,450.0
raw,"RDO No. 76 - Victorias City, Negros Occidental is composed of the followin",,,,,OF ESCALANTE,PROVINCIAL ROAD TO,RIZAL ST,LOPEZ DRIVE-J ABAD SANTOS,RR,Residential - Regular,300.0
raw,"RDO No. 76 - Victorias City, Negros Occidental is composed of the followin",,,1ST,,OF ESCALANTE,PROVINCIAL ROAD TO,RIZAL ST,PROVINCIAL ROAD,CR,Commercial - Regular,1300.0
raw,"RDO No. 76 - Victorias City, Negros Occidental is composed of the followin",,,1ST,,OF ESCALANTE,PROVINCIAL ROAD TO,RIZAL ST,LOPEZ DRIVE-J ABAD SANTOS,RR,Residential - Regular,500.0
raw,"RDO No. 76 - Victorias City, Negros Occidental is composed of the followin",,,,,OF ESCALANTE,PROVINCIAL ROAD TO,RIZAL ST,PROVINCIAL ROAD,CR,Commercial - Regular,450.0
raw,"RDO No. 76 - Victorias City, Negros Occidental is composed of the followin",,,,,OF ESCALANTE,PROVINCIAL ROAD TO,RIZAL ST,LOPEZ DRIVE-J ABAD SANTOS,RR,Residential - Regular,300.0
raw,"RDO No. 76 - Victorias City, Negros Occidental is composed of the followin",,,1ST,,OF ESCALANTE,PROVINCIAL ROAD TO,VARCA EXT,FIRST ST-LT. VARCA ST,RR,Residential - Regular,500.0
raw,"RDO No. 76 - Victorias City, Negros Occidental is composed of the followin",,,,,OF ESCALANTE,PROVINCIAL ROAD TO,VARCA EXT,FIRST ST-LT. VARCA ST,RR,Residential - Regular,300.0
raw,"RDO No. 76 - Victorias City, Negros Occidental is composed of the followin",,,1ST,,OF ESCALANTE,PROVINCIAL ROAD TO,VARCA EXT,FIRST ST-LT. VARCA ST,RR,Residential - Regular,500.0
raw,"RDO No. 76 - Victorias City, Negros Occidental is composed of the followin",,,,,OF ESCALANTE,PROVINCIAL ROAD TO,VARCA EXT,FIRST ST-LT. VARCA ST,RR,Residential - Regular,300.0
raw,"RDO No. 76 - Victorias City, Negros Occidental is composed of the followin",,,1ST,,OF ESCALANTE,PROVINCIAL ROAD TO,ZAMORA ST,FIRST-NATL RD-BACOLOD,RR,Residential - Regular,500.0
raw,"RDO No. 76 - Victorias City, Negros Occidental is composed of the followin",,,,,OF ESCALANTE,PROVINCIAL ROAD TO,ZAMORA ST,FIRST-NATL RD-BACOLOD,RR,Residential - Regular,300.0
raw,"RDO No. 76 - Victorias City, Negros Occidental is composed of the followin",,,1ST,,OF ESCALANTE,PROVINCIAL ROAD TO,ZAMORA ST,FIRST-NATL RD-BACOLOD,RR,Residential - Regular,500.0
raw,"RDO No. 76 - Victorias City, Negros Occidental is composed of the followin",,,,,OF ESCALANTE,PROVINCIAL ROAD TO,ZAMORA ST,FIRST-NATL RD-BACOLOD,RR,Residential - Regular,300.0
raw,"RDO No. 76 - Victorias City, Negros Occidental is composed of the followin",,,1ST,,OF MANAPLA,ALL OTHER BARANGAYS,ALL LOTS,,A17,Agricultural - A17,20.0
raw,"RDO No. 76 - Victorias City, Negros Occidental is composed of the followin",,,1ST,,OF MANAPLA,ALL OTHER BARANGAYS,ALL LOTS,,A17,Agricultural - A17,20.0
raw,"RDO No. 76 - Victorias City, Negros Occidental is composed of the followin",,,,,OF MANAPLA,ALL OTHER BARANGAYS,ALL LOTS SUGAR LAND,,A1,Agricultural - A1,20.0
raw,"RDO No. 76 - Victorias City, Negros Occidental is composed of the followin",,,,,OF MANAPLA,ALL OTHER BARANGAYS,ALL LOTS SUGAR LAND,,A1,Agricultural - A1,20.0
raw,"RDO No. 76 - Victorias City, Negros Occidental is composed of the followin",,,1ST,,OF MANAPLA,POBLACION,AGLIPAY ST,P. HINLO-E. LACSON ST.,RR,Residential - Regular,500.0
raw,"RDO No. 76 - Victorias City, Negros Occidental is composed of the followin",,,1ST,,OF MANAPLA,POBLACION,AGLIPAY ST,P. HINLO-E. LACSON ST.,RR,Residential - Regular,500.0
raw,"RDO No. 76 - Victorias City, Negros Occidental is composed of the followin",,,,,OF MANAPLA,POBLACION,AGRICULTURAL LAND,ALONG R. LACSON ST,A,Agricultural,38.0
raw,"RDO No. 76 - Victorias City, Negros Occidental is composed of the followin",,,,,OF MANAPLA,POBLACION,AGRICULTURAL LAND,ALONG R. LACSON ST,A1,Agricultural - A1,20.0
raw,"RDO No. 76 - Victorias City, Negros Occidental is composed of the followin",,,,,OF MANAPLA,POBLACION,AGRICULTURAL LAND,ALONG R. LACSON ST,A2,Agricultural - A2,19.0
raw,"RDO No. 76 - Victorias City, Negros Occidental is composed of the followin",,,,,OF MANAPLA,POBLACION,AGRICULTURAL LAND,ALONG R. LACSON ST,A3,Agricultural - A3,16.0
raw,"RDO No. 76 - Victorias City, Negros Occidental is composed of the followin",,,,,OF MANAPLA,POBLACION,AGRICULTURAL LAND,ALONG R. LACSON ST,A4,Agricultural - A4,8.0
raw,"RDO No. 76 - Victorias City, Negros Occidental is composed of the followin",,,,,OF MANAPLA,POBLACION,AGRICULTURAL LAND,ALONG R. LACSON ST,A5,Agricultural - A5,6.0
raw,"RDO No. 76 - Victorias City, Negros Occidental is composed of the followin",,,,,OF MANAPLA,POBLACION,AGRICULTURAL LAND,ALONG R. LACSON ST,A6,Agricultural - A6,4.0
raw,"RDO No. 76 - Victorias City, Negros Occidental is composed of the followin",,,,,OF MANAPLA,POBLACION,AGRICULTURAL LAND,ALONG R. LACSON ST,A7,Agricultural - A7,3.0
raw,"RDO No. 76 - Victorias City, Negros Occidental is composed of the followin",,,,,OF MANAPLA,POBLACION,AGRICULTURAL LAND,ALONG R. LACSON ST,A8,Agricultural - A8,2.0
raw,"RDO No. 76 - Victorias City, Negros Occidental is composed of the followin",,,,,OF MANAPLA,POBLACION,AGRICULTURAL LAND,ALONG R. LACSON ST,A9,Agricultural - A9,1.0
raw,"RDO No. 76 - Victorias City, Negros Occidental is composed of the followin",,,,,OF MANAPLA,POBLACION,AGRICULTURAL LAND,ALONG R. LACSON ST,A,Agricultural,38.0
raw,"RDO No. 76 - Victorias City, Negros Occidental is composed of the followin",,,,,OF MANAPLA,POBLACION,AGRICULTURAL LAND,ALONG R. LACSON ST,A1,Agricultural - A1,20.0
raw,"RDO No. 76 - Victorias City, Negros Occidental is composed of the followin",,,,,OF MANAPLA,POBLACION,AGRICULTURAL LAND,ALONG R. LACSON ST,A2,Agricultural - A2,19.0
raw,"RDO No. 76 - Victorias City, Negros Occidental is composed of the followin",,,,,OF MANAPLA,POBLACION,AGRICULTURAL LAND,ALONG R. LACSON ST,A3,Agricultural - A3,16.0
raw,"RDO No. 76 - Victorias City, Negros Occidental is composed of the followin",,,,,OF MANAPLA,POBLACION,AGRICULTURAL LAND,ALONG R. LACSON ST,A4,Agricultural - A4,8.0
raw,"RDO No. 76 - Victorias City, Negros Occidental is composed of the followin",,,,,OF MANAPLA,POBLACION,AGRICULTURAL LAND,ALONG R. LACSON ST,A5,Agricultural - A5,6.0
raw,"RDO No. 76 - Victorias City, Negros Occidental is composed of the followin",,,,,OF MANAPLA,POBLACION,AGRICULTURAL LAND,ALONG R. LACSON ST,A6,Agricultural - A6,4.0
raw,"RDO No. 76 - Victorias City, Negros Occidental is composed of the followin",,,,,OF MANAPLA,POBLACION,AGRICULTURAL LAND,ALONG R. LACSON ST,A7,Agricultural - A7,3.0
raw,"RDO No. 76 - Victorias City, Negros Occidental is composed of the followin",,,,,OF MANAPLA,POBLACION,AGRICULTURAL LAND,ALONG R. LACSON ST,A8,Agricultural - A8,2.0
raw,"RDO No. 76 - Victorias City, Negros Occidental is composed of the followin",,,,,OF MANAPLA,POBLACION,AGRICULTURAL LAND,ALONG R. LACSON ST,A9,Agricultural - A9,1.0
raw,"RDO No. 76 - Victorias City, Negros Occidental is composed of the followin",,,1ST,,OF MANAPLA,POBLACION,ALL LOTS,,A44,Agricultural - A44,3.0
raw,"RDO No. 76 - Victorias City, Negros Occidental is composed of the followin",,,1ST,,OF MANAPLA,POBLACION,ALL LOTS,,A48,Agricultural - A48,7.5
raw,"RDO No. 76 - Victorias City, Negros Occidental is composed of the followin",,,1ST,,OF MANAPLA,POBLACION,ALL LOTS,,A49,Agricultural - A49,15.0
raw,"RDO No. 76 - Victorias City, Negros Occidental is composed of the followin",,,1ST,,OF MANAPLA,POBLACION,ALL LOTS,SWINE & PULTRY FARM,A50,Agricultural - A50,30.0
raw,"RDO No. 76 - Victorias City, Negros Occidental is composed of the followin",,,1ST,,OF MANAPLA,POBLACION,ALL LOTS,BREEDING FARM,A50,Agricultural - A50,75.0
raw,"RDO No. 76 - Victorias City, Negros Occidental is composed of the followin",,,1ST,,OF MANAPLA,POBLACION,ALL LOTS,LIVE STOCK,A50,Agricultural - A50,75.0
raw,"RDO No. 76 - Victorias City, Negros Occidental is composed of the followin",,,1ST,,OF MANAPLA,POBLACION,ALL LOTS,,A44,Agricultural - A44,3.0
raw,"RDO No. 76 - Victorias City, Negros Occidental is composed of the followin",,,1ST,,OF MANAPLA,POBLACION,ALL LOTS,,A48,Agricultural - A48,7.5
raw,"RDO No. 76 - Victorias City, Negros Occidental is composed of the followin",,,1ST,,OF MANAPLA,POBLACION,ALL LOTS,,A49,Agricultural - A49,15.0
raw,"RDO No. 76 - Victorias City, Negros Occidental is composed of the followin",,,1ST,,OF MANAPLA,POBLACION,ALL LOTS,SWINE & PULTRY FARM,A50,Agricultural - A50,30.0
raw,"RDO No. 76 - Victorias City, Negros Occidental is composed of the followin",,,1ST,,OF MANAPLA,POBLACION,ALL LOTS,BREEDING FARM,A50,Agricultural - A50,75.0
raw,"RDO No. 76 - Victorias City, Negros Occidental is composed of the followin",,,1ST,,OF MANAPLA,POBLACION,ALL LOTS,LIVE STOCK,A50,Agricultural - A50,75.0
raw,"RDO No. 76 - Victorias City, Negros Occidental is composed of the followin",,,1ST,,OF MANAPLA,POBLACION,B. GALLO ST,MABINI-RC CEMETRY,RR,Residential - Regular,500.0
raw,"RDO No. 76 - Victorias City, Negros Occidental is composed of the followin",,,1ST,,OF MANAPLA,POBLACION,B. GALLO ST,VICTOTIAS-CADIZ CITY,CR,Commercial - Regular,800.0
raw,"RDO No. 76 - Victorias City, Negros Occidental is composed of the followin",,,,,OF MANAPLA,POBLACION,B. GALLO ST,MABINI-RC CEMETRY,RR,Residential - Regular,250.0
raw,"RDO No. 76 - Victorias City, Negros Occidental is composed of the followin",,,,,OF MANAPLA,POBLACION,B. GALLO ST,VICTOTIAS-CADIZ CITY,CR,Commercial - Regular,400.0
raw,"RDO No. 76 - Victorias City, Negros Occidental is composed of the followin",,,1ST,,OF MANAPLA,POBLACION,B. GALLO ST,MABINI-RC CEMETRY,RR,Residential - Regular,500.0
raw,"RDO No. 76 - Victorias City, Negros Occidental is composed of the followin",,,1ST,,OF MANAPLA,POBLACION,B. GALLO ST,VICTOTIAS-CADIZ CITY,CR,Commercial - Regular,800.0
raw,"RDO No. 76 - Victorias City, Negros Occidental is composed of the followin",,,,,OF MANAPLA,POBLACION,B. GALLO ST,MABINI-RC CEMETRY,RR,Residential - Regular,250.0
raw,"RDO No. 76 - Victorias City, Negros Occidental is composed of the followin",,,,,OF MANAPLA,POBLACION,B. GALLO ST,VICTOTIAS-CADIZ CITY,CR,Commercial - Regular,400.0
raw,"RDO No. 76 - Victorias City, Negros Occidental is composed of the followin",,,1ST,,OF MANAPLA,POBLACION,BIDAN ST,AGIURRE ST FACING GUIMA-,RR,Residential - Regular,500.0
raw,"RDO No. 76 - Victorias City, Negros Occidental is composed of the followin",,,,,OF MANAPLA,POBLACION,BIDAN ST,AGIURRE ST FACING GUIMA-,RR,Residential - Regular,250.0
raw,"RDO No. 76 - Victorias City, Negros Occidental is composed of the followin",,,1ST,,OF MANAPLA,POBLACION,BIDAN ST,AGIURRE ST FACING GUIMA-,RR,Residential - Regular,500.0
raw,"RDO No. 76 - Victorias City, Negros Occidental is composed of the followin",,,,,OF MANAPLA,POBLACION,BIDAN ST,AGIURRE ST FACING GUIMA-,RR,Residential - Regular,250.0
raw,"RDO No. 76 - Victorias City, Negros Occidental is composed of the followin",,,1ST,,OF MANAPLA,POBLACION,CANETOWN SUBD.,CENTRAL MANAPLA,RR,Residential - Regular,600.0
raw,"RDO No. 76 - Victorias City, Negros Occidental is composed of the followin",,,1ST,,OF MANAPLA,POBLACION,CANETOWN SUBD.,CENTRAL MANAPLA,RR,Residential - Regular,600.0
raw,"RDO No. 76 - Victorias City, Negros Occidental is composed of the followin",,,1ST,,OF MANAPLA,POBLACION,CENTRAL MANAPLA,ALONG MAIN RD,I,Industrial,1200.0
raw,"RDO No. 76 - Victorias City, Negros Occidental is composed of the followin",,,1ST,,OF MANAPLA,POBLACION,CENTRAL MANAPLA,ALONG MAIN RD,A1,Agricultural - A1,24.0
raw,"RDO No. 76 - Victorias City, Negros Occidental is composed of the followin",,,1ST,,OF MANAPLA,POBLACION,CENTRAL MANAPLA,ALONG MAIN RD,A2,Agricultural - A2,12.0
raw,"RDO No. 76 - Victorias City, Negros Occidental is composed of the followin",,,1ST,,OF MANAPLA,POBLACION,CENTRAL MANAPLA,ALONG MAIN RD,A3,Agricultural - A3,5.0
raw,"RDO No. 76 - Victorias City, Negros Occidental is composed of the followin",,,1ST,,OF MANAPLA,POBLACION,CENTRAL MANAPLA,ALONG MAIN RD,A4,Agricultural - A4,10.0
raw,"RDO No. 76 - Victorias City, Negros Occidental is composed of the followin",,,1ST,,OF MANAPLA,POBLACION,CENTRAL MANAPLA,ALONG MAIN RD,A6,Agricultural - A6,28.0
raw,"RDO No. 76 - Victorias City, Negros Occidental is composed of the followin",,,1ST,,OF MANAPLA,POBLACION,CENTRAL MANAPLA,ALONG MAIN RD,A8,Agricultural - A8,6.0
raw,"RDO No. 76 - Victorias City, Negros Occidental is composed of the followin",,,1ST,,OF MANAPLA,POBLACION,CENTRAL MANAPLA,ALONG MAIN RD,A9,Agricultural - A9,3.0
raw,"RDO No. 76 - Victorias City, Negros Occidental is composed of the followin",,,1ST,,OF MANAPLA,POBLACION,CENTRAL MANAPLA,ALONG MAIN RD,A12,Agricultural - A12,30.0
raw,"RDO No. 76 - Victorias City, Negros Occidental is composed of the followin",,,1ST,,OF MANAPLA,POBLACION,CENTRAL MANAPLA,ALONG MAIN RD,A14,Agricultural - A14,7.5
raw,"RDO No. 76 - Victorias City, Negros Occidental is composed of the followin",,,1ST,,OF MANAPLA,POBLACION,CENTRAL MANAPLA,ALONG MAIN RD,A15,Agricultural - A15,3.0
raw,"RDO No. 76 - Victorias City, Negros Occidental is composed of the followin",,,1ST,,OF MANAPLA,POBLACION,CENTRAL MANAPLA,ALONG MAIN RD,A16,Agricultural - A16,7.0
raw,"RDO No. 76 - Victorias City, Negros Occidental is composed of the followin",,,1ST,,OF MANAPLA,POBLACION,CENTRAL MANAPLA,ALONG MAIN RD,A17,Agricultural - A17,30.0
raw,"RDO No. 76 - Victorias City, Negros Occidental is composed of the followin",,,1ST,,OF MANAPLA,POBLACION,CENTRAL MANAPLA,ALONG MAIN RD,A24,Agricultural - A24,5.0
raw,"RDO No. 76 - Victorias City, Negros Occidental is composed of the followin",,,1ST,,OF MANAPLA,POBLACION,CENTRAL MANAPLA,ALONG MAIN RD,A26,Agricultural - A26,5.0
raw,"RDO No. 76 - Victorias City, Negros Occidental is composed of the followin",,,1ST,,OF MANAPLA,POBLACION,CENTRAL MANAPLA,TIMBERLAND,A36,Agricultural - A36,1500.0
raw,"RDO No. 76 - Victorias City, Negros Occidental is composed of the followin",,,1ST,,OF MANAPLA,POBLACION,CENTRAL MANAPLA,TIMBERLAND,A37,Agricultural - A37,5.0
raw,"RDO No. 76 - Victorias City, Negros Occidental is composed of the followin",,,1ST,,OF MANAPLA,POBLACION,CENTRAL MANAPLA,TIMBERLAND,A38,Agricultural - A38,7.0
raw,"RDO No. 76 - Victorias City, Negros Occidental is composed of the followin",,,1ST,,OF MANAPLA,POBLACION,CENTRAL MANAPLA,TIMBERLAND,A42,Agricultural - A42,38.0
raw,"RDO No. 76 - Victorias City, Negros Occidental is composed of the followin",,,1ST,,OF MANAPLA,POBLACION,CENTRAL MANAPLA,FLORICULTURE,A50,Agricultural - A50,52.5
raw,"RDO No. 76 - Victorias City, Negros Occidental is composed of the followin",,,1ST,,OF MANAPLA,POBLACION,CENTRAL MANAPLA,ALONG MAIN RD,I,Industrial,1200.0
raw,"RDO No. 76 - Victorias City, Negros Occidental is composed of the followin",,,1ST,,OF MANAPLA,POBLACION,CENTRAL MANAPLA,ALONG MAIN RD,A1,Agricultural - A1,24.0
raw,"RDO No. 76 - Victorias City, Negros Occidental is composed of the followin",,,1ST,,OF MANAPLA,POBLACION,CENTRAL MANAPLA,ALONG MAIN RD,A2,Agricultural - A2,12.0
raw,"RDO No. 76 - Victorias City, Negros Occidental is composed of the followin",,,1ST,,OF MANAPLA,POBLACION,CENTRAL MANAPLA,ALONG MAIN RD,A3,Agricultural - A3,5.0
raw,"RDO No. 76 - Victorias City, Negros Occidental is composed of the followin",,,1ST,,OF MANAPLA,POBLACION,CENTRAL MANAPLA,ALONG MAIN RD,A4,Agricultural - A4,10.0
raw,"RDO No. 76 - Victorias City, Negros Occidental is composed of the followin",,,1ST,,OF MANAPLA,POBLACION,CENTRAL MANAPLA,ALONG MAIN RD,A6,Agricultural - A6,28.0
raw,"RDO No. 76 - Victorias City, Negros Occidental is composed of the followin",,,1ST,,OF MANAPLA,POBLACION,CENTRAL MANAPLA,ALONG MAIN RD,A8,Agricultural - A8,6.0
raw,"RDO No. 76 - Victorias City, Negros Occidental is composed of the followin",,,1ST,,OF MANAPLA,POBLACION,CENTRAL MANAPLA,ALONG MAIN RD,A9,Agricultural - A9,3.0
raw,"RDO No. 76 - Victorias City, Negros Occidental is composed of the followin",,,1ST,,OF MANAPLA,POBLACION,CENTRAL MANAPLA,ALONG MAIN RD,A12,Agricultural - A12,30.0
raw,"RDO No. 76 - Victorias City, Negros Occidental is composed of the followin",,,1ST,,OF MANAPLA,POBLACION,CENTRAL MANAPLA,ALONG MAIN RD,A14,Agricultural - A14,7.5
raw,"RDO No. 76 - Victorias City, Negros Occidental is composed of the followin",,,1ST,,OF MANAPLA,POBLACION,CENTRAL MANAPLA,ALONG MAIN RD,A15,Agricultural - A15,3.0
raw,"RDO No. 76 - Victorias City, Negros Occidental is composed of the followin",,,1ST,,OF MANAPLA,POBLACION,CENTRAL MANAPLA,ALONG MAIN RD,A16,Agricultural - A16,7.0
raw,"RDO No. 76 - Victorias City, Negros Occidental is composed of the followin",,,1ST,,OF MANAPLA,POBLACION,CENTRAL MANAPLA,ALONG MAIN RD,A17,Agricultural - A17,30.0
raw,"RDO No. 76 - Victorias City, Negros Occidental is composed of the followin",,,1ST,,OF MANAPLA,POBLACION,CENTRAL MANAPLA,ALONG MAIN RD,A24,Agricultural - A24,5.0
raw,"RDO No. 76 - Victorias City, Negros Occidental is composed of the followin",,,1ST,,OF MANAPLA,POBLACION,CENTRAL MANAPLA,ALONG MAIN RD,A26,Agricultural - A26,5.0
raw,"RDO No. 76 - Victorias City, Negros Occidental is composed of the followin",,,1ST,,OF MANAPLA,POBLACION,CENTRAL MANAPLA,TIMBERLAND,A36,Agricultural - A36,1500.0
raw,"RDO No. 76 - Victorias City, Negros Occidental is composed of the followin",,,1ST,,OF MANAPLA,POBLACION,CENTRAL MANAPLA,TIMBERLAND,A37,Agricultural - A37,5.0
raw,"RDO No. 76 - Victorias City, Negros Occidental is composed of the followin",,,1ST,,OF MANAPLA,POBLACION,CENTRAL MANAPLA,TIMBERLAND,A38,Agricultural - A38,7.0
raw,"RDO No. 76 - Victorias City, Negros Occidental is composed of the followin",,,1ST,,OF MANAPLA,POBLACION,CENTRAL MANAPLA,TIMBERLAND,A42,Agricultural - A42,38.0
raw,"RDO No. 76 - Victorias City, Negros Occidental is composed of the followin",,,1ST,,OF MANAPLA,POBLACION,CENTRAL MANAPLA,FLORICULTURE,A50,Agricultural - A50,52.5
raw,"RDO No. 76 - Victorias City, Negros Occidental is composed of the followin",,,1ST,,OF MANAPLA,POBLACION,DUYUNGAN ST.,RIZAL-LACSON ST,RR,Residential - Regular,500.0
raw,"RDO No. 76 - Victorias City, Negros Occidental is composed of the followin",,,,,OF MANAPLA,POBLACION,DUYUNGAN ST.,RIZAL-LACSON ST,RR,Residential - Regular,250.0
raw,"RDO No. 76 - Victorias City, Negros Occidental is composed of the followin",,,1ST,,OF MANAPLA,POBLACION,DUYUNGAN ST.,RIZAL-LACSON ST,RR,Residential - Regular,500.0
raw,"RDO No. 76 - Victorias City, Negros Occidental is composed of the followin",,,,,OF MANAPLA,POBLACION,DUYUNGAN ST.,RIZAL-LACSON ST,RR,Residential - Regular,250.0
raw,"RDO No. 76 - Victorias City, Negros Occidental is composed of the followin",,,1ST,,OF MANAPLA,POBLACION,E. LACSON ST,ALONG B. GALLO ST,RR,Residential - Regular,500.0
raw,"RDO No. 76 - Victorias City, Negros Occidental is composed of the followin",,,,,OF MANAPLA,POBLACION,E. LACSON ST,ALONG B. GALLO ST,RR,Residential - Regular,250.0
raw,"RDO No. 76 - Victorias City, Negros Occidental is composed of the followin",,,1ST,,OF MANAPLA,POBLACION,E. LACSON ST,ALONG B. GALLO ST,RR,Residential - Regular,500.0
raw,"RDO No. 76 - Victorias City, Negros Occidental is composed of the followin",,,,,OF MANAPLA,POBLACION,E. LACSON ST,ALONG B. GALLO ST,RR,Residential - Regular,250.0
raw,"RDO No. 76 - Victorias City, Negros Occidental is composed of the followin",,,1ST,,OF MANAPLA,POBLACION,G. GUSTILO ST,P.HIMLO FACING,RR,Residential - Regular,500.0
raw,"RDO No. 76 - Victorias City, Negros Occidental is composed of the followin",,,1ST,,OF MANAPLA,POBLACION,G. GUSTILO ST,B.GALLO ST-E. LACSON ST,CR,Commercial - Regular,800.0
raw,"RDO No. 76 - Victorias City, Negros Occidental is composed of the followin",,,,,OF MANAPLA,POBLACION,G. GUSTILO ST,P.HIMLO FACING,RR,Residential - Regular,250.0
raw,"RDO No. 76 - Victorias City, Negros Occidental is composed of the followin",,,,,OF MANAPLA,POBLACION,G. GUSTILO ST,B.GALLO ST-E. LACSON ST,CR,Commercial - Regular,400.0
raw,"RDO No. 76 - Victorias City, Negros Occidental is composed of the followin",,,1ST,,OF MANAPLA,POBLACION,G. GUSTILO ST,P.HIMLO FACING,RR,Residential - Regular,500.0
raw,"RDO No. 76 - Victorias City, Negros Occidental is composed of the followin",,,1ST,,OF MANAPLA,POBLACION,G. GUSTILO ST,B.GALLO ST-E. LACSON ST,CR,Commercial - Regular,800.0
raw,"RDO No. 76 - Victorias City, Negros Occidental is composed of the followin",,,,,OF MANAPLA,POBLACION,G. GUSTILO ST,P.HIMLO FACING,RR,Residential - Regular,250.0
raw,"RDO No. 76 - Victorias City, Negros Occidental is composed of the followin",,,,,OF MANAPLA,POBLACION,G. GUSTILO ST,B.GALLO ST-E. LACSON ST,CR,Commercial - Regular,400.0
raw,"RDO No. 76 - Victorias City, Negros Occidental is composed of the followin",,,1ST,,OF MANAPLA,POBLACION,J. RIZAL ST,BIDAN-LACSON ST,RR,Residential - Regular,500.0
raw,"RDO No. 76 - Victorias City, Negros Occidental is composed of the followin",,,,,OF MANAPLA,POBLACION,J. RIZAL ST,BIDAN-LACSON ST,RR,Residential - Regular,250.0
raw,"RDO No. 76 - Victorias City, Negros Occidental is composed of the followin",,,1ST,,OF MANAPLA,POBLACION,J. RIZAL ST,BIDAN-LACSON ST,RR,Residential - Regular,500.0
raw,"RDO No. 76 - Victorias City, Negros Occidental is composed of the followin",,,,,OF MANAPLA,POBLACION,J. RIZAL ST,BIDAN-LACSON ST,RR,Residential - Regular,250.0
raw,"RDO No. 76 - Victorias City, Negros Occidental is composed of the followin",,,1ST,,OF MANAPLA,POBLACION,NATL HIWAY TO CADIZ,MANAPLA HIGH S-VICTORIAS,RR,Residential - Regular,500.0
raw,"RDO No. 76 - Victorias City, Negros Occidental is composed of the followin",,,,,OF MANAPLA,POBLACION,NATL HIWAY TO CADIZ,MANAPLA HIGH S-VICTORIAS,RR,Residential - Regular,250.0
raw,"RDO No. 76 - Victorias City, Negros Occidental is composed of the followin",,,1ST,,OF MANAPLA,POBLACION,NATL HIWAY TO CADIZ,MANAPLA HIGH S-VICTORIAS,RR,Residential - Regular,500.0
raw,"RDO No. 76 - Victorias City, Negros Occidental is composed of the followin",,,,,OF MANAPLA,POBLACION,NATL HIWAY TO CADIZ,MANAPLA HIGH S-VICTORIAS,RR,Residential - Regular,250.0
raw,"RDO No. 76 - Victorias City, Negros Occidental is composed of the followin",,,1ST,,OF MANAPLA,POBLACION,P. HINLO ST,G. GUSTILO ST-GALLO ST,RR,Residential - Regular,500.0
raw,"RDO No. 76 - Victorias City, Negros Occidental is composed of the followin",,,,,OF MANAPLA,POBLACION,P. HINLO ST,G. GUSTILO ST-GALLO ST,RR,Residential - Regular,250.0
raw,"RDO No. 76 - Victorias City, Negros Occidental is composed of the followin",,,1ST,,OF MANAPLA,POBLACION,P. HINLO ST,G. GUSTILO ST-GALLO ST,RR,Residential - Regular,500.0
raw,"RDO No. 76 - Victorias City, Negros Occidental is composed of the followin",,,,,OF MANAPLA,POBLACION,P. HINLO ST,G. GUSTILO ST-GALLO ST,RR,Residential - Regular,250.0
raw,"RDO No. 76 - Victorias City, Negros Occidental is composed of the followin",,,,,OF MANAPLA,POBLACION,R. LACSIN ST,ALONG AGUIRRE ST,RR,Residential - Regular,250.0
raw,"RDO No. 76 - Victorias City, Negros Occidental is composed of the followin",,,,,OF MANAPLA,POBLACION,R. LACSIN ST,ALONG R. LACSON ST,CR,Commercial - Regular,400.0
raw,"RDO No. 76 - Victorias City, Negros Occidental is composed of the followin",,,,,OF MANAPLA,POBLACION,R. LACSIN ST,ALONG AGUIRRE ST,RR,Residential - Regular,250.0
raw,"RDO No. 76 - Victorias City, Negros Occidental is composed of the followin",,,,,OF MANAPLA,POBLACION,R. LACSIN ST,ALONG R. LACSON ST,CR,Commercial - Regular,400.0
raw,"RDO No. 76 - Victorias City, Negros Occidental is composed of the followin",,,1ST,,OF MANAPLA,POBLACION,R. LACSON ST,BACK OF SRA RC CHURCH,RR,Residential - Regular,500.0
raw,"RDO No. 76 - Victorias City, Negros Occidental is composed of the followin",,,1ST,,OF MANAPLA,POBLACION,R. LACSON ST,ALONG AGUIRRE ST,RR,Residential - Regular,500.0
raw,"RDO No. 76 - Victorias City, Negros Occidental is composed of the followin",,,1ST,,OF MANAPLA,POBLACION,R. LACSON ST,ALONG R. LACSON ST,CR,Commercial - Regular,800.0
raw,"RDO No. 76 - Victorias City, Negros Occidental is composed of the followin",,,,,OF MANAPLA,POBLACION,R. LACSON ST,BACK OF SRA RC CHURCH,RR,Residential - Regular,250.0
raw,"RDO No. 76 - Victorias City, Negros Occidental is composed of the followin",,,1ST,,OF MANAPLA,POBLACION,R. LACSON ST,BACK OF SRA RC CHURCH,RR,Residential - Regular,500.0
raw,"RDO No. 76 - Victorias City, Negros Occidental is composed of the followin",,,1ST,,OF MANAPLA,POBLACION,R. LACSON ST,ALONG AGUIRRE ST,RR,Residential - Regular,500.0
raw,"RDO No. 76 - Victorias City, Negros Occidental is composed of the followin",,,1ST,,OF MANAPLA,POBLACION,R. LACSON ST,ALONG R. LACSON ST,CR,Commercial - Regular,800.0
raw,"RDO No. 76 - Victorias City, Negros Occidental is composed of the followin",,,,,OF MANAPLA,POBLACION,R. LACSON ST,BACK OF SRA RC CHURCH,RR,Residential - Regular,250.0
raw,"RDO No. 76 - Victorias City, Negros Occidental is composed of the followin",,,1ST,,OF MANAPLA,POBLACION,R. LACSON ST.,FACING PUBLIC PLAZA,CR,Commercial - Regular,800.0
raw,"RDO No. 76 - Victorias City, Negros Occidental is composed of the followin",,,,,OF MANAPLA,POBLACION,R. LACSON ST.,FACING PUBLIC PLAZA,CR,Commercial - Regular,400.0
raw,"RDO No. 76 - Victorias City, Negros Occidental is composed of the followin",,,1ST,,OF MANAPLA,POBLACION,R. LACSON ST.,FACING PUBLIC PLAZA,CR,Commercial - Regular,800.0
raw,"RDO No. 76 - Victorias City, Negros Occidental is composed of the followin",,,,,OF MANAPLA,POBLACION,R. LACSON ST.,FACING PUBLIC PLAZA,CR,Commercial - Regular,400.0
raw,"RDO No. 76 - Victorias City, Negros Occidental is composed of the followin",,,1ST,,OF SAGAY,ALL OTHER BARANGAYS,ALL LOTS,,A17,Agricultural - A17,20.0
raw,"RDO No. 76 - Victorias City, Negros Occidental is composed of the followin",,,1ST,,OF SAGAY,ALL OTHER BARANGAYS,ALL LOTS,,A17,Agricultural - A17,20.0
raw,"RDO No. 76 - Victorias City, Negros Occidental is composed of the followin",,,,,OF SAGAY,ALL OTHER BARANGAYS,ALL LOTS SUGAR LAND,,A1,Agricultural - A1,20.0
raw,"RDO No. 76 - Victorias City, Negros Occidental is composed of the followin",,,,,OF SAGAY,ALL OTHER BARANGAYS,ALL LOTS SUGAR LAND,,A1,Agricultural - A1,20.0
raw,"RDO No. 76 - Victorias City, Negros Occidental is composed of the followin",,,,,OF SAGAY,POBLACION,AGRICULTURAL LAND,QUEZON ST-OSMENA ST,A,Agricultural,34.0
raw,"RDO No. 76 - Victorias City, Negros Occidental is composed of the followin",,,,,OF SAGAY,POBLACION,AGRICULTURAL LAND,QUEZON ST-OSMENA ST,A1,Agricultural - A1,20.0
raw,"RDO No. 76 - Victorias City, Negros Occidental is composed of the followin",,,,,OF SAGAY,POBLACION,AGRICULTURAL LAND,QUEZON ST-OSMENA ST,A2,Agricultural - A2,16.0
raw,"RDO No. 76 - Victorias City, Negros Occidental is composed of the followin",,,,,OF SAGAY,POBLACION,AGRICULTURAL LAND,QUEZON ST-OSMENA ST,A3,Agricultural - A3,14.0
raw,"RDO No. 76 - Victorias City, Negros Occidental is composed of the followin",,,,,OF SAGAY,POBLACION,AGRICULTURAL LAND,QUEZON ST-OSMENA ST,A4,Agricultural - A4,8.0
raw,"RDO No. 76 - Victorias City, Negros Occidental is composed of the followin",,,,,OF SAGAY,POBLACION,AGRICULTURAL LAND,QUEZON ST-OSMENA ST,A5,Agricultural - A5,6.0
raw,"RDO No. 76 - Victorias City, Negros Occidental is composed of the followin",,,,,OF SAGAY,POBLACION,AGRICULTURAL LAND,QUEZON ST-OSMENA ST,A6,Agricultural - A6,4.0
raw,"RDO No. 76 - Victorias City, Negros Occidental is composed of the followin",,,,,OF SAGAY,POBLACION,AGRICULTURAL LAND,QUEZON ST-OSMENA ST,A7,Agricultural - A7,3.0
raw,"RDO No. 76 - Victorias City, Negros Occidental is composed of the followin",,,,,OF SAGAY,POBLACION,AGRICULTURAL LAND,QUEZON ST-OSMENA ST,A8,Agricultural - A8,4.0
raw,"RDO No. 76 - Victorias City, Negros Occidental is composed of the followin",,,,,OF SAGAY,POBLACION,AGRICULTURAL LAND,QUEZON ST-OSMENA ST,A9,Agricultural - A9,1.0
raw,"RDO No. 76 - Victorias City, Negros Occidental is composed of the followin",,,,,OF SAGAY,POBLACION,AGRICULTURAL LAND,QUEZON ST-OSMENA ST,A,Agricultural,34.0
raw,"RDO No. 76 - Victorias City, Negros Occidental is composed of the followin",,,,,OF SAGAY,POBLACION,AGRICULTURAL LAND,QUEZON ST-OSMENA ST,A1,Agricultural - A1,20.0
raw,"RDO No. 76 - Victorias City, Negros Occidental is composed of the followin",,,,,OF SAGAY,POBLACION,AGRICULTURAL LAND,QUEZON ST-OSMENA ST,A2,Agricultural - A2,16.0
raw,"RDO No. 76 - Victorias City, Negros Occidental is composed of the followin",,,,,OF SAGAY,POBLACION,AGRICULTURAL LAND,QUEZON ST-OSMENA ST,A3,Agricultural - A3,14.0
raw,"RDO No. 76 - Victorias City, Negros Occidental is composed of the followin",,,,,OF SAGAY,POBLACION,AGRICULTURAL LAND,QUEZON ST-OSMENA ST,A4,Agricultural - A4,8.0
raw,"RDO No. 76 - Victorias City, Negros Occidental is composed of the followin",,,,,OF SAGAY,POBLACION,AGRICULTURAL LAND,QUEZON ST-OSMENA ST,A5,Agricultural - A5,6.0
raw,"RDO No. 76 - Victorias City, Negros Occidental is composed of the followin",,,,,OF SAGAY,POBLACION,AGRICULTURAL LAND,QUEZON ST-OSMENA ST,A6,Agricultural - A6,4.0
raw,"RDO No. 76 - Victorias City, Negros Occidental is composed of the followin",,,,,OF SAGAY,POBLACION,AGRICULTURAL LAND,QUEZON ST-OSMENA ST,A7,Agricultural - A7,3.0
raw,"RDO No. 76 - Victorias City, Negros Occidental is composed of the followin",,,,,OF SAGAY,POBLACION,AGRICULTURAL LAND,QUEZON ST-OSMENA ST,A8,Agricultural - A8,4.0
raw,"RDO No. 76 - Victorias City, Negros Occidental is composed of the followin",,,,,OF SAGAY,POBLACION,AGRICULTURAL LAND,QUEZON ST-OSMENA ST,A9,Agricultural - A9,1.0
raw,"RDO No. 76 - Victorias City, Negros Occidental is composed of the followin",,,1ST,,OF SAGAY,POBLACION,AGUILAR AVE,SANGGUMAY-NATIONAL HIWAY,CR,Commercial - Regular,1700.0
raw,"RDO No. 76 - Victorias City, Negros Occidental is composed of the followin",,,1ST,,OF SAGAY,POBLACION,AGUILAR AVE,ROXAS EXT-SANGGUMAY,RR,Residential - Regular,1500.0
raw,"RDO No. 76 - Victorias City, Negros Occidental is composed of the followin",,,,,OF SAGAY,POBLACION,AGUILAR AVE,SANGGUMAY-NATIONAL HIWAY,CR,Commercial - Regular,550.0
raw,"RDO No. 76 - Victorias City, Negros Occidental is composed of the followin",,,,,OF SAGAY,POBLACION,AGUILAR AVE,ROXAS EXT-SANGGUMAY,RR,Residential - Regular,300.0
raw,"RDO No. 76 - Victorias City, Negros Occidental is composed of the followin",,,1ST,,OF SAGAY,POBLACION,AGUILAR AVE,SANGGUMAY-NATIONAL HIWAY,CR,Commercial - Regular,1700.0
raw,"RDO No. 76 - Victorias City, Negros Occidental is composed of the followin",,,1ST,,OF SAGAY,POBLACION,AGUILAR AVE,ROXAS EXT-SANGGUMAY,RR,Residential - Regular,1500.0
raw,"RDO No. 76 - Victorias City, Negros Occidental is composed of the followin",,,,,OF SAGAY,POBLACION,AGUILAR AVE,SANGGUMAY-NATIONAL HIWAY,CR,Commercial - Regular,550.0
raw,"RDO No. 76 - Victorias City, Negros Occidental is composed of the followin",,,,,OF SAGAY,POBLACION,AGUILAR AVE,ROXAS EXT-SANGGUMAY,RR,Residential - Regular,300.0
raw,"RDO No. 76 - Victorias City, Negros Occidental is composed of the followin",,,1ST,,OF SAGAY,POBLACION,AGUILAR ST,AVANCINA ST-ROXAS EXT,RR,Residential - Regular,600.0
raw,"RDO No. 76 - Victorias City, Negros Occidental is composed of the followin",,,,,OF SAGAY,POBLACION,AGUILAR ST,AVANCINA ST-ROXAS EXT,RR,Residential - Regular,300.0
raw,"RDO No. 76 - Victorias City, Negros Occidental is composed of the followin",,,1ST,,OF SAGAY,POBLACION,AGUILAR ST,AVANCINA ST-ROXAS EXT,RR,Residential - Regular,600.0
raw,"RDO No. 76 - Victorias City, Negros Occidental is composed of the followin",,,,,OF SAGAY,POBLACION,AGUILAR ST,AVANCINA ST-ROXAS EXT,RR,Residential - Regular,300.0
raw,"RDO No. 76 - Victorias City, Negros Occidental is composed of the followin",,,1ST,,OF SAGAY,POBLACION,ALFREDO MARANON SR. ST,VISON ST E. DURAN ST,CR,Commercial - Regular,1700.0
raw,"RDO No. 76 - Victorias City, Negros Occidental is composed of the followin",,,1ST,,OF SAGAY,POBLACION,ALFREDO MARANON SR. ST,E. DURAN-DONA MA LOPEZ,RR,Residential - Regular,600.0
raw,"RDO No. 76 - Victorias City, Negros Occidental is composed of the followin",,,,,OF SAGAY,POBLACION,ALFREDO MARANON SR. ST,VISON ST E. DURAN ST,CR,Commercial - Regular,550.0
raw,"RDO No. 76 - Victorias City, Negros Occidental is composed of the followin",,,,,OF SAGAY,POBLACION,ALFREDO MARANON SR. ST,E. DURAN-DONA MA LOPEZ,RR,Residential - Regular,300.0
raw,"RDO No. 76 - Victorias City, Negros Occidental is composed of the followin",,,1ST,,OF SAGAY,POBLACION,ALFREDO MARANON SR. ST,VISON ST E. DURAN ST,CR,Commercial - Regular,1700.0
raw,"RDO No. 76 - Victorias City, Negros Occidental is composed of the followin",,,1ST,,OF SAGAY,POBLACION,ALFREDO MARANON SR. ST,E. DURAN-DONA MA LOPEZ,RR,Residential - Regular,600.0
raw,"RDO No. 76 - Victorias City, Negros Occidental is composed of the followin",,,,,OF SAGAY,POBLACION,ALFREDO MARANON SR. ST,VISON ST E. DURAN ST,CR,Commercial - Regular,550.0
raw,"RDO No. 76 - Victorias City, Negros Occidental is composed of the followin",,,,,OF SAGAY,POBLACION,ALFREDO MARANON SR. ST,E. DURAN-DONA MA LOPEZ,RR,Residential - Regular,300.0
raw,"RDO No. 76 - Victorias City, Negros Occidental is composed of the followin",,,1ST,,OF SAGAY,POBLACION,ALL LOTS,,A24,Agricultural - A24,3.0
raw,"RDO No. 76 - Victorias City, Negros Occidental is composed of the followin",,,1ST,,OF SAGAY,POBLACION,ALL LOTS,,A26,Agricultural - A26,5.0
raw,"RDO No. 76 - Victorias City, Negros Occidental is composed of the followin",,,1ST,,OF SAGAY,POBLACION,ALL LOTS,TIMBERLAND,A36,Agricultural - A36,15.0
raw,"RDO No. 76 - Victorias City, Negros Occidental is composed of the followin",,,1ST,,OF SAGAY,POBLACION,ALL LOTS,TIMBERLAND,A37,Agricultural - A37,4.0
raw,"RDO No. 76 - Victorias City, Negros Occidental is composed of the followin",,,1ST,,OF SAGAY,POBLACION,ALL LOTS,TIMBERLAND,A38,Agricultural - A38,4.0
raw,"RDO No. 76 - Victorias City, Negros Occidental is composed of the followin",,,1ST,,OF SAGAY,POBLACION,ALL LOTS,TIMBERLAND,A42,Agricultural - A42,34.0
raw,"RDO No. 76 - Victorias City, Negros Occidental is composed of the followin",,,1ST,,OF SAGAY,POBLACION,ALL LOTS,TIMBERLAND,A44,Agricultural - A44,3.0
raw,"RDO No. 76 - Victorias City, Negros Occidental is composed of the followin",,,1ST,,OF SAGAY,POBLACION,ALL LOTS,TIMBERLAND,A48,Agricultural - A48,5.0
raw,"RDO No. 76 - Victorias City, Negros Occidental is composed of the followin",,,1ST,,OF SAGAY,POBLACION,ALL LOTS,TIMBERLAND,A49,Agricultural - A49,8.0
raw,"RDO No. 76 - Victorias City, Negros Occidental is composed of the followin",,,1ST,,OF SAGAY,POBLACION,ALL LOTS,GAME FOWL BREEDING FARM,A50,Agricultural - A50,50.0
raw,"RDO No. 76 - Victorias City, Negros Occidental is composed of the followin",,,1ST,,OF SAGAY,POBLACION,ALL LOTS,LIVE STOCK,A50,Agricultural - A50,50.0
raw,"RDO No. 76 - Victorias City, Negros Occidental is composed of the followin",,,1ST,,OF SAGAY,POBLACION,ALL LOTS,SWINE/POULTRY FARM,A50,Agricultural - A50,20.0
raw,"RDO No. 76 - Victorias City, Negros Occidental is composed of the followin",,,1ST,,OF SAGAY,POBLACION,ALL LOTS,FLORICULTURE,A50,Agricultural - A50,35.0
raw,"RDO No. 76 - Victorias City, Negros Occidental is composed of the followin",,,1ST,,OF SAGAY,POBLACION,ALL LOTS,,A24,Agricultural - A24,3.0
raw,"RDO No. 76 - Victorias City, Negros Occidental is composed of the followin",,,1ST,,OF SAGAY,POBLACION,ALL LOTS,,A26,Agricultural - A26,5.0
raw,"RDO No. 76 - Victorias City, Negros Occidental is composed of the followin",,,1ST,,OF SAGAY,POBLACION,ALL LOTS,TIMBERLAND,A36,Agricultural - A36,15.0
raw,"RDO No. 76 - Victorias City, Negros Occidental is composed of the followin",,,1ST,,OF SAGAY,POBLACION,ALL LOTS,TIMBERLAND,A37,Agricultural - A37,4.0
raw,"RDO No. 76 - Victorias City, Negros Occidental is composed of the followin",,,1ST,,OF SAGAY,POBLACION,ALL LOTS,TIMBERLAND,A38,Agricultural - A38,4.0
raw,"RDO No. 76 - Victorias City, Negros Occidental is composed of the followin",,,1ST,,OF SAGAY,POBLACION,ALL LOTS,TIMBERLAND,A42,Agricultural - A42,34.0
raw,"RDO No. 76 - Victorias City, Negros Occidental is composed of the followin",,,1ST,,OF SAGAY,POBLACION,ALL LOTS,TIMBERLAND,A44,Agricultural - A44,3.0
raw,"RDO No. 76 - Victorias City, Negros Occidental is composed of the followin",,,1ST,,OF SAGAY,POBLACION,ALL LOTS,TIMBERLAND,A48,Agricultural - A48,5.0
raw,"RDO No. 76 - Victorias City, Negros Occidental is composed of the followin",,,1ST,,OF SAGAY,POBLACION,ALL LOTS,TIMBERLAND,A49,Agricultural - A49,8.0
raw,"RDO No. 76 - Victorias City, Negros Occidental is composed of the followin",,,1ST,,OF SAGAY,POBLACION,ALL LOTS,GAME FOWL BREEDING FARM,A50,Agricultural - A50,50.0
raw,"RDO No. 76 - Victorias City, Negros Occidental is composed of the followin",,,1ST,,OF SAGAY,POBLACION,ALL LOTS,LIVE STOCK,A50,Agricultural - A50,50.0
raw,"RDO No. 76 - Victorias City, Negros Occidental is composed of the followin",,,1ST,,OF SAGAY,POBLACION,ALL LOTS,SWINE/POULTRY FARM,A50,Agricultural - A50,20.0
raw,"RDO No. 76 - Victorias City, Negros Occidental is composed of the followin",,,1ST,,OF SAGAY,POBLACION,ALL LOTS,FLORICULTURE,A50,Agricultural - A50,35.0
raw,"RDO No. 76 - Victorias City, Negros Occidental is composed of the followin",,,1ST,,OF SAGAY,POBLACION,APAT-APAT ST,RECTO ST-CORNELIO PASCUAL,RR,Residential - Regular,600.0
raw,"RDO No. 76 - Victorias City, Negros Occidental is composed of the followin",,,,,OF SAGAY,POBLACION,APAT-APAT ST,RECTO ST-CORNELIO PASCUAL,RR,Residential - Regular,300.0
raw,"RDO No. 76 - Victorias City, Negros Occidental is composed of the followin",,,1ST,,OF SAGAY,POBLACION,APAT-APAT ST,RECTO ST-CORNELIO PASCUAL,RR,Residential - Regular,600.0
raw,"RDO No. 76 - Victorias City, Negros Occidental is composed of the followin",,,,,OF SAGAY,POBLACION,APAT-APAT ST,RECTO ST-CORNELIO PASCUAL,RR,Residential - Regular,300.0
raw,"RDO No. 76 - Victorias City, Negros Occidental is composed of the followin",,,1ST,,OF SAGAY,POBLACION,ASUCENA ST,RIZAL ST-SANGGUMAY ST,RR,Residential - Regular,600.0
raw,"RDO No. 76 - Victorias City, Negros Occidental is composed of the followin",,,1ST,,OF SAGAY,POBLACION,ASUCENA ST,SANGGUMAY-NATIONAL HIWAY,CR,Commercial - Regular,1700.0
raw,"RDO No. 76 - Victorias City, Negros Occidental is composed of the followin",,,,,OF SAGAY,POBLACION,ASUCENA ST,RIZAL ST-SANGGUMAY ST,RR,Residential - Regular,300.0
raw,"RDO No. 76 - Victorias City, Negros Occidental is composed of the followin",,,,,OF SAGAY,POBLACION,ASUCENA ST,SANGGUMAY-NATIONAL HIWAY,CR,Commercial - Regular,550.0
raw,"RDO No. 76 - Victorias City, Negros Occidental is composed of the followin",,,1ST,,OF SAGAY,POBLACION,ASUCENA ST,RIZAL ST-SANGGUMAY ST,RR,Residential - Regular,600.0
raw,"RDO No. 76 - Victorias City, Negros Occidental is composed of the followin",,,1ST,,OF SAGAY,POBLACION,ASUCENA ST,SANGGUMAY-NATIONAL HIWAY,CR,Commercial - Regular,1700.0
raw,"RDO No. 76 - Victorias City, Negros Occidental is composed of the followin",,,,,OF SAGAY,POBLACION,ASUCENA ST,RIZAL ST-SANGGUMAY ST,RR,Residential - Regular,300.0
raw,"RDO No. 76 - Victorias City, Negros Occidental is composed of the followin",,,,,OF SAGAY,POBLACION,ASUCENA ST,SANGGUMAY-NATIONAL HIWAY,CR,Commercial - Regular,550.0
raw,"RDO No. 76 - Victorias City, Negros Occidental is composed of the followin",,,1ST,,OF SAGAY,POBLACION,AVANCENA,QUEZON-RECTO ST,CR,Commercial - Regular,1700.0
raw,"RDO No. 76 - Victorias City, Negros Occidental is composed of the followin",,,1ST,,OF SAGAY,POBLACION,AVANCENA,C. PASCUAL-MARGARITA ST,RR,Residential - Regular,600.0
raw,"RDO No. 76 - Victorias City, Negros Occidental is composed of the followin",,,,,OF SAGAY,POBLACION,AVANCENA,QUEZON-RECTO ST,CR,Commercial - Regular,550.0
raw,"RDO No. 76 - Victorias City, Negros Occidental is composed of the followin",,,,,OF SAGAY,POBLACION,AVANCENA,C. PASCUAL-MARGARITA ST,RR,Residential - Regular,300.0
raw,"RDO No. 76 - Victorias City, Negros Occidental is composed of the followin",,,1ST,,OF SAGAY,POBLACION,AVANCENA,QUEZON-RECTO ST,CR,Commercial - Regular,1700.0
raw,"RDO No. 76 - Victorias City, Negros Occidental is composed of the followin",,,1ST,,OF SAGAY,POBLACION,AVANCENA,C. PASCUAL-MARGARITA ST,RR,Residential - Regular,600.0
raw,"RDO No. 76 - Victorias City, Negros Occidental is composed of the followin",,,,,OF SAGAY,POBLACION,AVANCENA,QUEZON-RECTO ST,CR,Commercial - Regular,550.0
raw,"RDO No. 76 - Victorias City, Negros Occidental is composed of the followin",,,,,OF SAGAY,POBLACION,AVANCENA,C. PASCUAL-MARGARITA ST,RR,Residential - Regular,300.0
raw,"RDO No. 76 - Victorias City, Negros Occidental is composed of the followin",,,1ST,,OF SAGAY,POBLACION,BOUGAINVILLA ST,WALING-WALING-SAMPAGUITA,RR,Residential - Regular,600.0
raw,"RDO No. 76 - Victorias City, Negros Occidental is composed of the followin",,,,,OF SAGAY,POBLACION,BOUGAINVILLA ST,WALING-WALING-SAMPAGUITA,RR,Residential - Regular,300.0
raw,"RDO No. 76 - Victorias City, Negros Occidental is composed of the followin",,,1ST,,OF SAGAY,POBLACION,BOUGAINVILLA ST,WALING-WALING-SAMPAGUITA,RR,Residential - Regular,600.0
raw,"RDO No. 76 - Victorias City, Negros Occidental is composed of the followin",,,,,OF SAGAY,POBLACION,BOUGAINVILLA ST,WALING-WALING-SAMPAGUITA,RR,Residential - Regular,300.0
raw,"RDO No. 76 - Victorias City, Negros Occidental is composed of the followin",,,1ST,,OF SAGAY,POBLACION,CAMIA ST,WALING-WALING-SAMPAGUITA,RR,Residential - Regular,600.0
raw,"RDO No. 76 - Victorias City, Negros Occidental is composed of the followin",,,,,OF SAGAY,POBLACION,CAMIA ST,WALING-WALING-SAMPAGUITA,RR,Residential - Regular,300.0
raw,"RDO No. 76 - Victorias City, Negros Occidental is composed of the followin",,,1ST,,OF SAGAY,POBLACION,CAMIA ST,WALING-WALING-SAMPAGUITA,RR,Residential - Regular,600.0
raw,"RDO No. 76 - Victorias City, Negros Occidental is composed of the followin",,,,,OF SAGAY,POBLACION,CAMIA ST,WALING-WALING-SAMPAGUITA,RR,Residential - Regular,300.0
raw,"RDO No. 76 - Victorias City, Negros Occidental is composed of the followin",,,1ST,,OF SAGAY,POBLACION,CARNATION ST,OSMENA ST-NORTH ROAD,CR,Commercial - Regular,1700.0
raw,"RDO No. 76 - Victorias City, Negros Occidental is composed of the followin",,,1ST,,OF SAGAY,POBLACION,CARNATION ST,NORTH ROAD-ROXAS ST,RR,Residential - Regular,600.0
raw,"RDO No. 76 - Victorias City, Negros Occidental is composed of the followin",,,,,OF SAGAY,POBLACION,CARNATION ST,OSMENA ST-NORTH ROAD,CR,Commercial - Regular,550.0
raw,"RDO No. 76 - Victorias City, Negros Occidental is composed of the followin",,,,,OF SAGAY,POBLACION,CARNATION ST,NORTH ROAD-ROXAS ST,RR,Residential - Regular,300.0
raw,"RDO No. 76 - Victorias City, Negros Occidental is composed of the followin",,,1ST,,OF SAGAY,POBLACION,CARNATION ST,OSMENA ST-NORTH ROAD,CR,Commercial - Regular,1700.0
raw,"RDO No. 76 - Victorias City, Negros Occidental is composed of the followin",,,1ST,,OF SAGAY,POBLACION,CARNATION ST,NORTH ROAD-ROXAS ST,RR,Residential - Regular,600.0
raw,"RDO No. 76 - Victorias City, Negros Occidental is composed of the followin",,,,,OF SAGAY,POBLACION,CARNATION ST,OSMENA ST-NORTH ROAD,CR,Commercial - Regular,550.0
raw,"RDO No. 76 - Victorias City, Negros Occidental is composed of the followin",,,,,OF SAGAY,POBLACION,CARNATION ST,NORTH ROAD-ROXAS ST,RR,Residential - Regular,300.0
raw,"RDO No. 76 - Victorias City, Negros Occidental is composed of the followin",,,1ST,,OF SAGAY,POBLACION,CHAIRMAINE SUBD.,QUEZON ST-OSMENA ST,RR,Residential - Regular,750.0
raw,"RDO No. 76 - Victorias City, Negros Occidental is composed of the followin",,,1ST,,OF SAGAY,POBLACION,CHAIRMAINE SUBD.,QUEZON ST-OSMENA ST,RR,Residential - Regular,750.0
raw,"RDO No. 76 - Victorias City, Negros Occidental is composed of the followin",,,1ST,,OF SAGAY,POBLACION,CONELIO ST,APAT-APAT ST-ROXAS ST,RR,Residential - Regular,600.0
raw,"RDO No. 76 - Victorias City, Negros Occidental is composed of the followin",,,,,OF SAGAY,POBLACION,CONELIO ST,APAT-APAT ST-ROXAS ST,RR,Residential - Regular,300.0
raw,"RDO No. 76 - Victorias City, Negros Occidental is composed of the followin",,,1ST,,OF SAGAY,POBLACION,CONELIO ST,APAT-APAT ST-ROXAS ST,RR,Residential - Regular,600.0
raw,"RDO No. 76 - Victorias City, Negros Occidental is composed of the followin",,,,,OF SAGAY,POBLACION,CONELIO ST,APAT-APAT ST-ROXAS ST,RR,Residential - Regular,300.0
raw,"RDO No. 76 - Victorias City, Negros Occidental is composed of the followin",,,1ST,,OF SAGAY,POBLACION,COOPER ST,ROXAS-RIZAL ST,RR,Residential - Regular,600.0
raw,"RDO No. 76 - Victorias City, Negros Occidental is composed of the followin",,,,,OF SAGAY,POBLACION,COOPER ST,ROXAS-RIZAL ST,RR,Residential - Regular,300.0
raw,"RDO No. 76 - Victorias City, Negros Occidental is composed of the followin",,,1ST,,OF SAGAY,POBLACION,COOPER ST,ROXAS-RIZAL ST,RR,Residential - Regular,600.0
raw,"RDO No. 76 - Victorias City, Negros Occidental is composed of the followin",,,,,OF SAGAY,POBLACION,COOPER ST,ROXAS-RIZAL ST,RR,Residential - Regular,300.0
raw,"RDO No. 76 - Victorias City, Negros Occidental is composed of the followin",,,1ST,,OF SAGAY,POBLACION,CRYSANTINUM ST,AGUILAR-MERISOL ST,RR,Residential - Regular,600.0
raw,"RDO No. 76 - Victorias City, Negros Occidental is composed of the followin",,,,,OF SAGAY,POBLACION,CRYSANTINUM ST,AGUILAR-MERISOL ST,RR,Residential - Regular,300.0
raw,"RDO No. 76 - Victorias City, Negros Occidental is composed of the followin",,,1ST,,OF SAGAY,POBLACION,CRYSANTINUM ST,AGUILAR-MERISOL ST,RR,Residential - Regular,600.0
raw,"RDO No. 76 - Victorias City, Negros Occidental is composed of the followin",,,,,OF SAGAY,POBLACION,CRYSANTINUM ST,AGUILAR-MERISOL ST,RR,Residential - Regular,300.0
raw,"RDO No. 76 - Victorias City, Negros Occidental is composed of the followin",,,1ST,,OF SAGAY,POBLACION,CUEVA ST,KATALBAS ST-E DURAN ST,CR,Commercial - Regular,1700.0
raw,"RDO No. 76 - Victorias City, Negros Occidental is composed of the followin",,,1ST,,OF SAGAY,POBLACION,CUEVA ST,E. DURAN ST-DONA MA LOPEZ,RR,Residential - Regular,1700.0
raw,"RDO No. 76 - Victorias City, Negros Occidental is composed of the followin",,,,,OF SAGAY,POBLACION,CUEVA ST,KATALBAS ST-E DURAN ST,CR,Commercial - Regular,550.0
raw,"RDO No. 76 - Victorias City, Negros Occidental is composed of the followin",,,,,OF SAGAY,POBLACION,CUEVA ST,E. DURAN ST-DONA MA LOPEZ,RR,Residential - Regular,300.0
raw,"RDO No. 76 - Victorias City, Negros Occidental is composed of the followin",,,1ST,,OF SAGAY,POBLACION,CUEVA ST,KATALBAS ST-E DURAN ST,CR,Commercial - Regular,1700.0
raw,"RDO No. 76 - Victorias City, Negros Occidental is composed of the followin",,,1ST,,OF SAGAY,POBLACION,CUEVA ST,E. DURAN ST-DONA MA LOPEZ,RR,Residential - Regular,1700.0
raw,"RDO No. 76 - Victorias City, Negros Occidental is composed of the followin",,,,,OF SAGAY,POBLACION,CUEVA ST,KATALBAS ST-E DURAN ST,CR,Commercial - Regular,550.0
raw,"RDO No. 76 - Victorias City, Negros Occidental is composed of the followin",,,,,OF SAGAY,POBLACION,CUEVA ST,E. DURAN ST-DONA MA LOPEZ,RR,Residential - Regular,300.0
raw,"RDO No. 76 - Victorias City, Negros Occidental is composed of the followin",,,1ST,,OF SAGAY,POBLACION,DAHLIA ST,MARGARITA-ESCARLATA ST,RR,Residential - Regular,600.0
raw,"RDO No. 76 - Victorias City, Negros Occidental is composed of the followin",,,,,OF SAGAY,POBLACION,DAHLIA ST,MARGARITA-ESCARLATA ST,RR,Residential - Regular,300.0
raw,"RDO No. 76 - Victorias City, Negros Occidental is composed of the followin",,,1ST,,OF SAGAY,POBLACION,DAHLIA ST,MARGARITA-ESCARLATA ST,RR,Residential - Regular,600.0
raw,"RDO No. 76 - Victorias City, Negros Occidental is composed of the followin",,,,,OF SAGAY,POBLACION,DAHLIA ST,MARGARITA-ESCARLATA ST,RR,Residential - Regular,300.0
raw,"RDO No. 76 - Victorias City, Negros Occidental is composed of the followin",,,1ST,,OF SAGAY,POBLACION,DELA PAZ ST,ALFREDO MARANON ST-CUWA ST,CR,Commercial - Regular,1000.0
raw,"RDO No. 76 - Victorias City, Negros Occidental is composed of the followin",,,,,OF SAGAY,POBLACION,DELA PAZ ST,ALFREDO MARANON ST-CUWA ST,CR,Commercial - Regular,550.0
raw,"RDO No. 76 - Victorias City, Negros Occidental is composed of the followin",,,1ST,,OF SAGAY,POBLACION,DELA PAZ ST,ALFREDO MARANON ST-CUWA ST,CR,Commercial - Regular,1000.0
raw,"RDO No. 76 - Victorias City, Negros Occidental is composed of the followin",,,,,OF SAGAY,POBLACION,DELA PAZ ST,ALFREDO MARANON ST-CUWA ST,CR,Commercial - Regular,550.0
raw,"RDO No. 76 - Victorias City, Negros Occidental is composed of the followin",,,1ST,,OF SAGAY,POBLACION,DONA MA LOPEZ ST,QUEZON ST-CUEVA ST,RR,Residential - Regular,600.0
raw,"RDO No. 76 - Victorias City, Negros Occidental is composed of the followin",,,,,OF SAGAY,POBLACION,DONA MA LOPEZ ST,QUEZON ST-CUEVA ST,RR,Residential - Regular,300.0
raw,"RDO No. 76 - Victorias City, Negros Occidental is composed of the followin",,,1ST,,OF SAGAY,POBLACION,DONA MA LOPEZ ST,QUEZON ST-CUEVA ST,RR,Residential - Regular,600.0
raw,"RDO No. 76 - Victorias City, Negros Occidental is composed of the followin",,,,,OF SAGAY,POBLACION,DONA MA LOPEZ ST,QUEZON ST-CUEVA ST,RR,Residential - Regular,300.0
raw,"RDO No. 76 - Victorias City, Negros Occidental is composed of the followin",,,1ST,,OF SAGAY,POBLACION,E. DURAN ST,ALFREDO MARANON-CUEVA ST,RR,Residential - Regular,600.0
raw,"RDO No. 76 - Victorias City, Negros Occidental is composed of the followin",,,,,OF SAGAY,POBLACION,E. DURAN ST,ALFREDO MARANON-CUEVA ST,RR,Residential - Regular,300.0
raw,"RDO No. 76 - Victorias City, Negros Occidental is composed of the followin",,,1ST,,OF SAGAY,POBLACION,E. DURAN ST,ALFREDO MARANON-CUEVA ST,RR,Residential - Regular,600.0
raw,"RDO No. 76 - Victorias City, Negros Occidental is composed of the followin",,,,,OF SAGAY,POBLACION,E. DURAN ST,ALFREDO MARANON-CUEVA ST,RR,Residential - Regular,300.0
raw,"RDO No. 76 - Victorias City, Negros Occidental is composed of the followin",,,1ST,,OF SAGAY,POBLACION,EAST ROAD ST,QUEZON ST-OZMENA EXT,RR,Residential - Regular,600.0
raw,"RDO No. 76 - Victorias City, Negros Occidental is composed of the followin",,,,,OF SAGAY,POBLACION,EAST ROAD ST,QUEZON ST-OZMENA EXT,RR,Residential - Regular,300.0
raw,"RDO No. 76 - Victorias City, Negros Occidental is composed of the followin",,,1ST,,OF SAGAY,POBLACION,EAST ROAD ST,QUEZON ST-OZMENA EXT,RR,Residential - Regular,600.0
raw,"RDO No. 76 - Victorias City, Negros Occidental is composed of the followin",,,,,OF SAGAY,POBLACION,EAST ROAD ST,QUEZON ST-OZMENA EXT,RR,Residential - Regular,300.0
raw,"RDO No. 76 - Victorias City, Negros Occidental is composed of the followin",,,1ST,,OF SAGAY,POBLACION,EVERLASTING ST,WALINGWALING SAMPAGUITA,RR,Residential - Regular,600.0
raw,"RDO No. 76 - Victorias City, Negros Occidental is composed of the followin",,,,,OF SAGAY,POBLACION,EVERLASTING ST,WALINGWALING SAMPAGUITA,RR,Residential - Regular,300.0
raw,"RDO No. 76 - Victorias City, Negros Occidental is composed of the followin",,,1ST,,OF SAGAY,POBLACION,EVERLASTING ST,WALINGWALING SAMPAGUITA,RR,Residential - Regular,600.0
raw,"RDO No. 76 - Victorias City, Negros Occidental is composed of the followin",,,,,OF SAGAY,POBLACION,EVERLASTING ST,WALINGWALING SAMPAGUITA,RR,Residential - Regular,300.0
raw,"RDO No. 76 - Victorias City, Negros Occidental is composed of the followin",,,1ST,,OF SAGAY,POBLACION,GUMAMELA ST,WALINGWALING SAMPAGUITA,RR,Residential - Regular,600.0
raw,"RDO No. 76 - Victorias City, Negros Occidental is composed of the followin",,,,,OF SAGAY,POBLACION,GUMAMELA ST,WALINGWALING SAMPAGUITA,RR,Residential - Regular,300.0
raw,"RDO No. 76 - Victorias City, Negros Occidental is composed of the followin",,,1ST,,OF SAGAY,POBLACION,GUMAMELA ST,WALINGWALING SAMPAGUITA,RR,Residential - Regular,600.0
raw,"RDO No. 76 - Victorias City, Negros Occidental is composed of the followin",,,,,OF SAGAY,POBLACION,GUMAMELA ST,WALINGWALING SAMPAGUITA,RR,Residential - Regular,300.0
raw,"RDO No. 76 - Victorias City, Negros Occidental is composed of the followin",,,1ST,,OF SAGAY,POBLACION,ILANG-ILANG ST,WALINGWALING SAMPAGUITA,RR,Residential - Regular,600.0
raw,"RDO No. 76 - Victorias City, Negros Occidental is composed of the followin",,,,,OF SAGAY,POBLACION,ILANG-ILANG ST,WALINGWALING SAMPAGUITA,RR,Residential - Regular,300.0
raw,"RDO No. 76 - Victorias City, Negros Occidental is composed of the followin",,,1ST,,OF SAGAY,POBLACION,ILANG-ILANG ST,WALINGWALING SAMPAGUITA,RR,Residential - Regular,600.0
raw,"RDO No. 76 - Victorias City, Negros Occidental is composed of the followin",,,,,OF SAGAY,POBLACION,ILANG-ILANG ST,WALINGWALING SAMPAGUITA,RR,Residential - Regular,300.0
raw,"RDO No. 76 - Victorias City, Negros Occidental is composed of the followin",,,1ST,,OF SAGAY,POBLACION,ISCARLATA ST,WALING-WALING-SAMPAGUITA,RR,Residential - Regular,600.0
raw,"RDO No. 76 - Victorias City, Negros Occidental is composed of the followin",,,,,OF SAGAY,POBLACION,ISCARLATA ST,WALING-WALING-SAMPAGUITA,RR,Residential - Regular,300.0
raw,"RDO No. 76 - Victorias City, Negros Occidental is composed of the followin",,,1ST,,OF SAGAY,POBLACION,ISCARLATA ST,WALING-WALING-SAMPAGUITA,RR,Residential - Regular,600.0
raw,"RDO No. 76 - Victorias City, Negros Occidental is composed of the followin",,,,,OF SAGAY,POBLACION,ISCARLATA ST,WALING-WALING-SAMPAGUITA,RR,Residential - Regular,300.0
raw,"RDO No. 76 - Victorias City, Negros Occidental is composed of the followin",,,1ST,,OF SAGAY,POBLACION,KABALAWAN ROAD,ALFREDO MARANAN SR ST,RR,Residential - Regular,600.0
raw,"RDO No. 76 - Victorias City, Negros Occidental is composed of the followin",,,,,OF SAGAY,POBLACION,KABALAWAN ROAD,ALFREDO MARANAN SR ST,RR,Residential - Regular,300.0
raw,"RDO No. 76 - Victorias City, Negros Occidental is composed of the followin",,,1ST,,OF SAGAY,POBLACION,KABALAWAN ROAD,ALFREDO MARANAN SR ST,RR,Residential - Regular,600.0
raw,"RDO No. 76 - Victorias City, Negros Occidental is composed of the followin",,,,,OF SAGAY,POBLACION,KABALAWAN ROAD,ALFREDO MARANAN SR ST,RR,Residential - Regular,300.0
raw,"RDO No. 76 - Victorias City, Negros Occidental is composed of the followin",,,1ST,,OF SAGAY,POBLACION,KATALBAS ST,CUEVA ST-RECTO ST,CR,Commercial - Regular,1700.0
raw,"RDO No. 76 - Victorias City, Negros Occidental is composed of the followin",,,1ST,,OF SAGAY,POBLACION,KATALBAS ST,RECTO ST-CORNELIO PASCUAL,RR,Residential - Regular,600.0
raw,"RDO No. 76 - Victorias City, Negros Occidental is composed of the followin",,,,,OF SAGAY,POBLACION,KATALBAS ST,CUEVA ST-RECTO ST,CR,Commercial - Regular,550.0
raw,"RDO No. 76 - Victorias City, Negros Occidental is composed of the followin",,,,,OF SAGAY,POBLACION,KATALBAS ST,RECTO ST-CORNELIO PASCUAL,RR,Residential - Regular,300.0
raw,"RDO No. 76 - Victorias City, Negros Occidental is composed of the followin",,,1ST,,OF SAGAY,POBLACION,KATALBAS ST,CUEVA ST-RECTO ST,CR,Commercial - Regular,1700.0
raw,"RDO No. 76 - Victorias City, Negros Occidental is composed of the followin",,,1ST,,OF SAGAY,POBLACION,KATALBAS ST,RECTO ST-CORNELIO PASCUAL,RR,Residential - Regular,600.0
raw,"RDO No. 76 - Victorias City, Negros Occidental is composed of the followin",,,,,OF SAGAY,POBLACION,KATALBAS ST,CUEVA ST-RECTO ST,CR,Commercial - Regular,550.0
raw,"RDO No. 76 - Victorias City, Negros Occidental is composed of the followin",,,,,OF SAGAY,POBLACION,KATALBAS ST,RECTO ST-CORNELIO PASCUAL,RR,Residential - Regular,300.0
raw,"RDO No. 76 - Victorias City, Negros Occidental is composed of the followin",,,1ST,,OF SAGAY,POBLACION,MAGSAYSAY ST,ALFREDO MARANON ST-CUEVA,CR,Commercial - Regular,1000.0
raw,"RDO No. 76 - Victorias City, Negros Occidental is composed of the followin",,,,,OF SAGAY,POBLACION,MAGSAYSAY ST,ALFREDO MARANON ST-CUEVA,CR,Commercial - Regular,550.0
raw,"RDO No. 76 - Victorias City, Negros Occidental is composed of the followin",,,1ST,,OF SAGAY,POBLACION,MAGSAYSAY ST,ALFREDO MARANON ST-CUEVA,CR,Commercial - Regular,1000.0
raw,"RDO No. 76 - Victorias City, Negros Occidental is composed of the followin",,,,,OF SAGAY,POBLACION,MAGSAYSAY ST,ALFREDO MARANON ST-CUEVA,CR,Commercial - Regular,550.0
raw,"RDO No. 76 - Victorias City, Negros Occidental is composed of the followin",,,1ST,,OF SAGAY,POBLACION,MAHOGANY ST,OSMENI ST WITHIN PROPOSED,RR,Residential - Regular,600.0
raw,"RDO No. 76 - Victorias City, Negros Occidental is composed of the followin",,,1ST,,OF SAGAY,POBLACION,MAHOGANY ST,AGUILAR ROTONDA,RR,Residential - Regular,600.0
raw,"RDO No. 76 - Victorias City, Negros Occidental is composed of the followin",,,,,OF SAGAY,POBLACION,MAHOGANY ST,OSMENI ST WITHIN PROPOSED,RR,Residential - Regular,300.0
raw,"RDO No. 76 - Victorias City, Negros Occidental is composed of the followin",,,,,OF SAGAY,POBLACION,MAHOGANY ST,AGUILAR ROTONDA,RR,Residential - Regular,300.0
raw,"RDO No. 76 - Victorias City, Negros Occidental is composed of the followin",,,1ST,,OF SAGAY,POBLACION,MAHOGANY ST,OSMENI ST WITHIN PROPOSED,RR,Residential - Regular,600.0
raw,"RDO No. 76 - Victorias City, Negros Occidental is composed of the followin",,,1ST,,OF SAGAY,POBLACION,MAHOGANY ST,AGUILAR ROTONDA,RR,Residential - Regular,600.0
raw,"RDO No. 76 - Victorias City, Negros Occidental is composed of the followin",,,,,OF SAGAY,POBLACION,MAHOGANY ST,OSMENI ST WITHIN PROPOSED,RR,Residential - Regular,300.0
raw,"RDO No. 76 - Victorias City, Negros Occidental is composed of the followin",,,,,OF SAGAY,POBLACION,MAHOGANY ST,AGUILAR ROTONDA,RR,Residential - Regular,300.0
raw,"RDO No. 76 - Victorias City, Negros Occidental is composed of the followin",,,1ST,,OF SAGAY,POBLACION,MARGARITA ST,WALINGWALING-SAMPAGUITA,RR,Residential - Regular,600.0
raw,"RDO No. 76 - Victorias City, Negros Occidental is composed of the followin",,,,,OF SAGAY,POBLACION,MARGARITA ST,WALING-WALING-SAMPAGUITA,RR,Residential - Regular,300.0
raw,"RDO No. 76 - Victorias City, Negros Occidental is composed of the followin",,,1ST,,OF SAGAY,POBLACION,MARGARITA ST,WALINGWALING-SAMPAGUITA,RR,Residential - Regular,600.0
raw,"RDO No. 76 - Victorias City, Negros Occidental is composed of the followin",,,,,OF SAGAY,POBLACION,MARGARITA ST,WALING-WALING-SAMPAGUITA,RR,Residential - Regular,300.0
raw,"RDO No. 76 - Victorias City, Negros Occidental is composed of the followin",,,1ST,,OF SAGAY,POBLACION,MILLION ST,CRYSANTINUM-MARGARITA ST,RR,Residential - Regular,600.0
raw,"RDO No. 76 - Victorias City, Negros Occidental is composed of the followin",,,,,OF SAGAY,POBLACION,MILLION ST,CRYSANTINUM-MARGARITA ST,RR,Residential - Regular,300.0
raw,"RDO No. 76 - Victorias City, Negros Occidental is composed of the followin",,,1ST,,OF SAGAY,POBLACION,MILLION ST,CRYSANTINUM-MARGARITA ST,RR,Residential - Regular,600.0
raw,"RDO No. 76 - Victorias City, Negros Occidental is composed of the followin",,,,,OF SAGAY,POBLACION,MILLION ST,CRYSANTINUM-MARGARITA ST,RR,Residential - Regular,300.0
raw,"RDO No. 76 - Victorias City, Negros Occidental is composed of the followin",,,1ST,,OF SAGAY,POBLACION,MIRASOL ST,SAMPAGUITA-NATIONAL HIWAY,RR,Residential - Regular,600.0
raw,"RDO No. 76 - Victorias City, Negros Occidental is composed of the followin",,,1ST,,OF SAGAY,POBLACION,MIRASOL ST,NATIONAL HIWAY-ESCALANTE,CR,Commercial - Regular,1700.0
raw,"RDO No. 76 - Victorias City, Negros Occidental is composed of the followin",,,,,OF SAGAY,POBLACION,MIRASOL ST,SAMPAGUITA-NATIONAL HIWAY,RR,Residential - Regular,300.0
raw,"RDO No. 76 - Victorias City, Negros Occidental is composed of the followin",,,,,OF SAGAY,POBLACION,MIRASOL ST,NATIONAL HIWAY-ESCALANTE,CR,Commercial - Regular,550.0
raw,"RDO No. 76 - Victorias City, Negros Occidental is composed of the followin",,,1ST,,OF SAGAY,POBLACION,MIRASOL ST,SAMPAGUITA-NATIONAL HIWAY,RR,Residential - Regular,600.0
raw,"RDO No. 76 - Victorias City, Negros Occidental is composed of the followin",,,1ST,,OF SAGAY,POBLACION,MIRASOL ST,NATIONAL HIWAY-ESCALANTE,CR,Commercial - Regular,1700.0
raw,"RDO No. 76 - Victorias City, Negros Occidental is composed of the followin",,,,,OF SAGAY,POBLACION,MIRASOL ST,SAMPAGUITA-NATIONAL HIWAY,RR,Residential - Regular,300.0
raw,"RDO No. 76 - Victorias City, Negros Occidental is composed of the followin",,,,,OF SAGAY,POBLACION,MIRASOL ST,NATIONAL HIWAY-ESCALANTE,CR,Commercial - Regular,550.0
raw,"RDO No. 76 - Victorias City, Negros Occidental is composed of the followin",,,1ST,,OF SAGAY,POBLACION,NATIONAL HIWAY,VISION ST-ALFREDO MARANON,CR,Commercial - Regular,1700.0
raw,"RDO No. 76 - Victorias City, Negros Occidental is composed of the followin",,,,,OF SAGAY,POBLACION,NATIONAL HIWAY,VISION ST-ALFREDO MARANON,CR,Commercial - Regular,550.0
raw,"RDO No. 76 - Victorias City, Negros Occidental is composed of the followin",,,1ST,,OF SAGAY,POBLACION,NATIONAL HIWAY,VISION ST-ALFREDO MARANON,CR,Commercial - Regular,1700.0
raw,"RDO No. 76 - Victorias City, Negros Occidental is composed of the followin",,,,,OF SAGAY,POBLACION,NATIONAL HIWAY,VISION ST-ALFREDO MARANON,CR,Commercial - Regular,550.0
raw,"RDO No. 76 - Victorias City, Negros Occidental is composed of the followin",,,1ST,,OF SAGAY,POBLACION,NEW PUBLIC MARKET,QUEZON ST-OSMENA ST,CR,Commercial - Regular,1700.0
raw,"RDO No. 76 - Victorias City, Negros Occidental is composed of the followin",,,1ST,,OF SAGAY,POBLACION,NEW PUBLIC MARKET,QUEZON ST-OSMENA ST,A1,Agricultural - A1,16.0
raw,"RDO No. 76 - Victorias City, Negros Occidental is composed of the followin",,,1ST,,OF SAGAY,POBLACION,NEW PUBLIC MARKET,QUEZON ST-OSMENA ST,A2,Agricultural - A2,14.0
raw,"RDO No. 76 - Victorias City, Negros Occidental is composed of the followin",,,1ST,,OF SAGAY,POBLACION,NEW PUBLIC MARKET,QUEZON ST-OSMENA ST,A3,Agricultural - A3,10.0
raw,"RDO No. 76 - Victorias City, Negros Occidental is composed of the followin",,,1ST,,OF SAGAY,POBLACION,NEW PUBLIC MARKET,QUEZON ST-OSMENA ST,A4,Agricultural - A4,8.0
raw,"RDO No. 76 - Victorias City, Negros Occidental is composed of the followin",,,1ST,,OF SAGAY,POBLACION,NEW PUBLIC MARKET,QUEZON ST-OSMENA ST,A6,Agricultural - A6,18.0
raw,"RDO No. 76 - Victorias City, Negros Occidental is composed of the followin",,,1ST,,OF SAGAY,POBLACION,NEW PUBLIC MARKET,QUEZON ST-OSMENA ST,A8,Agricultural - A8,3.0
raw,"RDO No. 76 - Victorias City, Negros Occidental is composed of the followin",,,1ST,,OF SAGAY,POBLACION,NEW PUBLIC MARKET,QUEZON ST-OSMENA ST,A9,Agricultural - A9,2.0
raw,"RDO No. 76 - Victorias City, Negros Occidental is composed of the followin",,,1ST,,OF SAGAY,POBLACION,NEW PUBLIC MARKET,QUEZON ST-OSMENA ST,A12,Agricultural - A12,25.0
raw,"RDO No. 76 - Victorias City, Negros Occidental is composed of the followin",,,1ST,,OF SAGAY,POBLACION,NEW PUBLIC MARKET,QUEZON ST-OSMENA ST,A14,Agricultural - A14,5.0
raw,"RDO No. 76 - Victorias City, Negros Occidental is composed of the followin",,,1ST,,OF SAGAY,POBLACION,NEW PUBLIC MARKET,QUEZON ST-OSMENA ST,A15,Agricultural - A15,3.0
raw,"RDO No. 76 - Victorias City, Negros Occidental is composed of the followin",,,1ST,,OF SAGAY,POBLACION,NEW PUBLIC MARKET,QUEZON ST-OSMENA ST,A16,Agricultural - A16,5.0
raw,"RDO No. 76 - Victorias City, Negros Occidental is composed of the followin",,,1ST,,OF SAGAY,POBLACION,NEW PUBLIC MARKET,QUEZON ST-OSMENA ST,A17,Agricultural - A17,25.0
raw,"RDO No. 76 - Victorias City, Negros Occidental is composed of the followin",,,1ST,,OF SAGAY,POBLACION,NEW PUBLIC MARKET,QUEZON ST-OSMENA ST,CR,Commercial - Regular,1700.0
raw,"RDO No. 76 - Victorias City, Negros Occidental is composed of the followin",,,1ST,,OF SAGAY,POBLACION,NEW PUBLIC MARKET,QUEZON ST-OSMENA ST,A1,Agricultural - A1,16.0
raw,"RDO No. 76 - Victorias City, Negros Occidental is composed of the followin",,,1ST,,OF SAGAY,POBLACION,NEW PUBLIC MARKET,QUEZON ST-OSMENA ST,A2,Agricultural - A2,14.0
raw,"RDO No. 76 - Victorias City, Negros Occidental is composed of the followin",,,1ST,,OF SAGAY,POBLACION,NEW PUBLIC MARKET,QUEZON ST-OSMENA ST,A3,Agricultural - A3,10.0
raw,"RDO No. 76 - Victorias City, Negros Occidental is composed of the followin",,,1ST,,OF SAGAY,POBLACION,NEW PUBLIC MARKET,QUEZON ST-OSMENA ST,A4,Agricultural - A4,8.0
raw,"RDO No. 76 - Victorias City, Negros Occidental is composed of the followin",,,1ST,,OF SAGAY,POBLACION,NEW PUBLIC MARKET,QUEZON ST-OSMENA ST,A6,Agricultural - A6,18.0
raw,"RDO No. 76 - Victorias City, Negros Occidental is composed of the followin",,,1ST,,OF SAGAY,POBLACION,NEW PUBLIC MARKET,QUEZON ST-OSMENA ST,A8,Agricultural - A8,3.0
raw,"RDO No. 76 - Victorias City, Negros Occidental is composed of the followin",,,1ST,,OF SAGAY,POBLACION,NEW PUBLIC MARKET,QUEZON ST-OSMENA ST,A9,Agricultural - A9,2.0
raw,"RDO No. 76 - Victorias City, Negros Occidental is composed of the followin",,,1ST,,OF SAGAY,POBLACION,NEW PUBLIC MARKET,QUEZON ST-OSMENA ST,A12,Agricultural - A12,25.0
raw,"RDO No. 76 - Victorias City, Negros Occidental is composed of the followin",,,1ST,,OF SAGAY,POBLACION,NEW PUBLIC MARKET,QUEZON ST-OSMENA ST,A14,Agricultural - A14,5.0
raw,"RDO No. 76 - Victorias City, Negros Occidental is composed of the followin",,,1ST,,OF SAGAY,POBLACION,NEW PUBLIC MARKET,QUEZON ST-OSMENA ST,A15,Agricultural - A15,3.0
raw,"RDO No. 76 - Victorias City, Negros Occidental is composed of the followin",,,1ST,,OF SAGAY,POBLACION,NEW PUBLIC MARKET,QUEZON ST-OSMENA ST,A16,Agricultural - A16,5.0
raw,"RDO No. 76 - Victorias City, Negros Occidental is composed of the followin",,,1ST,,OF SAGAY,POBLACION,NEW PUBLIC MARKET,QUEZON ST-OSMENA ST,A17,Agricultural - A17,25.0
raw,"RDO No. 76 - Victorias City, Negros Occidental is composed of the followin",,,1ST,,OF SAGAY,POBLACION,NICHOLS ST,ALFREDO MARANAN SR-CUEVA,RR,Residential - Regular,600.0
raw,"RDO No. 76 - Victorias City, Negros Occidental is composed of the followin",,,,,OF SAGAY,POBLACION,NICHOLS ST,ALFREDO MARANAN SR-CUEVA,RR,Residential - Regular,300.0
raw,"RDO No. 76 - Victorias City, Negros Occidental is composed of the followin",,,1ST,,OF SAGAY,POBLACION,NICHOLS ST,ALFREDO MARANAN SR-CUEVA,RR,Residential - Regular,600.0
raw,"RDO No. 76 - Victorias City, Negros Occidental is composed of the followin",,,,,OF SAGAY,POBLACION,NICHOLS ST,ALFREDO MARANAN SR-CUEVA,RR,Residential - Regular,300.0
raw,"RDO No. 76 - Victorias City, Negros Occidental is composed of the followin",,,1ST,,OF SAGAY,POBLACION,NORTH ROAD,AVANCENA-ROXAS EXT,RR,Residential - Regular,600.0
raw,"RDO No. 76 - Victorias City, Negros Occidental is composed of the followin",,,,,OF SAGAY,POBLACION,NORTH ROAD,AVANCENA-ROXAS EXT,RR,Residential - Regular,300.0
raw,"RDO No. 76 - Victorias City, Negros Occidental is composed of the followin",,,1ST,,OF SAGAY,POBLACION,NORTH ROAD,AVANCENA-ROXAS EXT,RR,Residential - Regular,600.0
raw,"RDO No. 76 - Victorias City, Negros Occidental is composed of the followin",,,,,OF SAGAY,POBLACION,NORTH ROAD,AVANCENA-ROXAS EXT,RR,Residential - Regular,300.0
raw,"RDO No. 76 - Victorias City, Negros Occidental is composed of the followin",,,1ST,,OF SAGAY,POBLACION,OSMENA EXT,EAST ROAD-KATALBAS ST,RR,Residential - Regular,600.0
raw,"RDO No. 76 - Victorias City, Negros Occidental is composed of the followin",,,1ST,,OF SAGAY,POBLACION,OSMENA EXT,KATALBAS ST -TUPAS ST,CR,Commercial - Regular,1000.0
raw,"RDO No. 76 - Victorias City, Negros Occidental is composed of the followin",,,,,OF SAGAY,POBLACION,OSMENA EXT,EAST ROAD-KATALBAS ST,RR,Residential - Regular,300.0
raw,"RDO No. 76 - Victorias City, Negros Occidental is composed of the followin",,,,,OF SAGAY,POBLACION,OSMENA EXT,KATALBAS ST -TUPAS ST,CR,Commercial - Regular,550.0
raw,"RDO No. 76 - Victorias City, Negros Occidental is composed of the followin",,,1ST,,OF SAGAY,POBLACION,OSMENA EXT,EAST ROAD-KATALBAS ST,RR,Residential - Regular,600.0
raw,"RDO No. 76 - Victorias City, Negros Occidental is composed of the followin",,,1ST,,OF SAGAY,POBLACION,OSMENA EXT,KATALBAS ST -TUPAS ST,CR,Commercial - Regular,1000.0
raw,"RDO No. 76 - Victorias City, Negros Occidental is composed of the followin",,,,,OF SAGAY,POBLACION,OSMENA EXT,EAST ROAD-KATALBAS ST,RR,Residential - Regular,300.0
raw,"RDO No. 76 - Victorias City, Negros Occidental is composed of the followin",,,,,OF SAGAY,POBLACION,OSMENA EXT,KATALBAS ST -TUPAS ST,CR,Commercial - Regular,550.0
raw,"RDO No. 76 - Victorias City, Negros Occidental is composed of the followin",,,1ST,,OF SAGAY,POBLACION,QUEZON ST,EAST ROAD-KATALBAS ST,RR,Residential - Regular,600.0
raw,"RDO No. 76 - Victorias City, Negros Occidental is composed of the followin",,,1ST,,OF SAGAY,POBLACION,QUEZON ST,KATALBAS ST-TUPAS ST,CR,Commercial - Regular,1000.0
raw,"RDO No. 76 - Victorias City, Negros Occidental is composed of the followin",,,,,OF SAGAY,POBLACION,QUEZON ST,EAST ROAD-KATALBAS ST,RR,Residential - Regular,300.0
raw,"RDO No. 76 - Victorias City, Negros Occidental is composed of the followin",,,,,OF SAGAY,POBLACION,QUEZON ST,KATALBAS ST-TUPAS ST,CR,Commercial - Regular,550.0
raw,"RDO No. 76 - Victorias City, Negros Occidental is composed of the followin",,,1ST,,OF SAGAY,POBLACION,QUEZON ST,EAST ROAD-KATALBAS ST,RR,Residential - Regular,600.0
raw,"RDO No. 76 - Victorias City, Negros Occidental is composed of the followin",,,1ST,,OF SAGAY,POBLACION,QUEZON ST,KATALBAS ST-TUPAS ST,CR,Commercial - Regular,1000.0
raw,"RDO No. 76 - Victorias City, Negros Occidental is composed of the followin",,,,,OF SAGAY,POBLACION,QUEZON ST,EAST ROAD-KATALBAS ST,RR,Residential - Regular,300.0
raw,"RDO No. 76 - Victorias City, Negros Occidental is composed of the followin",,,,,OF SAGAY,POBLACION,QUEZON ST,KATALBAS ST-TUPAS ST,CR,Commercial - Regular,550.0
raw,"RDO No. 76 - Victorias City, Negros Occidental is composed of the followin",,,1ST,,OF SAGAY,POBLACION,RECTO EXT,APAT-APAT-KATALBAS ST,RR,Residential - Regular,500.0
raw,"RDO No. 76 - Victorias City, Negros Occidental is composed of the followin",,,,,OF SAGAY,POBLACION,RECTO EXT,APAT APAT-KATALBAS ST,RR,Residential - Regular,230.0
raw,"RDO No. 76 - Victorias City, Negros Occidental is composed of the followin",,,1ST,,OF SAGAY,POBLACION,RECTO EXT,APAT-APAT-KATALBAS ST,RR,Residential - Regular,500.0
raw,"RDO No. 76 - Victorias City, Negros Occidental is composed of the followin",,,,,OF SAGAY,POBLACION,RECTO EXT,APAT APAT-KATALBAS ST,RR,Residential - Regular,230.0
raw,"RDO No. 76 - Victorias City, Negros Occidental is composed of the followin",,,1ST,,OF SAGAY,POBLACION,RECTO ST,KATALBAS ST-ROXAS ST,CR,Commercial - Regular,1000.0
raw,"RDO No. 76 - Victorias City, Negros Occidental is composed of the followin",,,,,OF SAGAY,POBLACION,RECTO ST,KATALBAS ST-ROXAS ST,CR,Commercial - Regular,550.0
raw,"RDO No. 76 - Victorias City, Negros Occidental is composed of the followin",,,1ST,,OF SAGAY,POBLACION,RECTO ST,KATALBAS ST-ROXAS ST,CR,Commercial - Regular,1000.0
raw,"RDO No. 76 - Victorias City, Negros Occidental is composed of the followin",,,,,OF SAGAY,POBLACION,RECTO ST,KATALBAS ST-ROXAS ST,CR,Commercial - Regular,550.0
raw,"RDO No. 76 - Victorias City, Negros Occidental is composed of the followin",,,1ST,,OF SAGAY,POBLACION,RIZAL ST,COOPER-PORPOSED AGUILAR,RR,Residential - Regular,600.0
raw,"RDO No. 76 - Victorias City, Negros Occidental is composed of the followin",,,,,OF SAGAY,POBLACION,RIZAL ST,COOPER-PORPOSED AGUILAR,RR,Residential - Regular,300.0
raw,"RDO No. 76 - Victorias City, Negros Occidental is composed of the followin",,,1ST,,OF SAGAY,POBLACION,RIZAL ST,COOPER-PORPOSED AGUILAR,RR,Residential - Regular,600.0
raw,"RDO No. 76 - Victorias City, Negros Occidental is composed of the followin",,,,,OF SAGAY,POBLACION,RIZAL ST,COOPER-PORPOSED AGUILAR,RR,Residential - Regular,300.0
raw,"RDO No. 76 - Victorias City, Negros Occidental is composed of the followin",,,1ST,,OF SAGAY,POBLACION,ROXAS AVE.,ROXAS EXT-NATIONAL HIWAY,CR,Commercial - Regular,1700.0
raw,"RDO No. 76 - Victorias City, Negros Occidental is composed of the followin",,,,,OF SAGAY,POBLACION,ROXAS AVE.,ROXAS EXT-NATIONAL HIWAY,CR,Commercial - Regular,550.0
raw,"RDO No. 76 - Victorias City, Negros Occidental is composed of the followin",,,1ST,,OF SAGAY,POBLACION,ROXAS AVE.,ROXAS EXT-NATIONAL HIWAY,CR,Commercial - Regular,1700.0
raw,"RDO No. 76 - Victorias City, Negros Occidental is composed of the followin",,,,,OF SAGAY,POBLACION,ROXAS AVE.,ROXAS EXT-NATIONAL HIWAY,CR,Commercial - Regular,550.0
raw,"RDO No. 76 - Victorias City, Negros Occidental is composed of the followin",,,1ST,,OF SAGAY,POBLACION,ROXAS EXT,RECTO-MIRASOL ST,RR,Residential - Regular,600.0
raw,"RDO No. 76 - Victorias City, Negros Occidental is composed of the followin",,,,,OF SAGAY,POBLACION,ROXAS EXT,RECTO-MIRASOL ST,RR,Residential - Regular,300.0
raw,"RDO No. 76 - Victorias City, Negros Occidental is composed of the followin",,,1ST,,OF SAGAY,POBLACION,ROXAS EXT,RECTO-MIRASOL ST,RR,Residential - Regular,600.0
raw,"RDO No. 76 - Victorias City, Negros Occidental is composed of the followin",,,,,OF SAGAY,POBLACION,ROXAS EXT,RECTO-MIRASOL ST,RR,Residential - Regular,300.0
raw,"RDO No. 76 - Victorias City, Negros Occidental is composed of the followin",,,1ST,,OF SAGAY,POBLACION,SAMPAGUITA ST,MARGARITA-EVERLASTING,RR,Residential - Regular,600.0
raw,"RDO No. 76 - Victorias City, Negros Occidental is composed of the followin",,,,,OF SAGAY,POBLACION,SAMPAGUITA ST,MARGARITA-EVERLASTING,RR,Residential - Regular,300.0
raw,"RDO No. 76 - Victorias City, Negros Occidental is composed of the followin",,,1ST,,OF SAGAY,POBLACION,SAMPAGUITA ST,MARGARITA-EVERLASTING,RR,Residential - Regular,600.0
raw,"RDO No. 76 - Victorias City, Negros Occidental is composed of the followin",,,,,OF SAGAY,POBLACION,SAMPAGUITA ST,MARGARITA-EVERLASTING,RR,Residential - Regular,300.0
raw,"RDO No. 76 - Victorias City, Negros Occidental is composed of the followin",,,1ST,,OF SAGAY,POBLACION,SANGGUNIANG ST,QUEZON ST-MIRASOL ST,CR,Commercial - Regular,1700.0
raw,"RDO No. 76 - Victorias City, Negros Occidental is composed of the followin",,,,,OF SAGAY,POBLACION,SANGGUNIANG ST,QUEZON ST-MIRASOL ST,CR,Commercial - Regular,550.0
raw,"RDO No. 76 - Victorias City, Negros Occidental is composed of the followin",,,1ST,,OF SAGAY,POBLACION,SANGGUNIANG ST,QUEZON ST-MIRASOL ST,CR,Commercial - Regular,1700.0
raw,"RDO No. 76 - Victorias City, Negros Occidental is composed of the followin",,,,,OF SAGAY,POBLACION,SANGGUNIANG ST,QUEZON ST-MIRASOL ST,CR,Commercial - Regular,550.0
raw,"RDO No. 76 - Victorias City, Negros Occidental is composed of the followin",,,1ST,,OF SAGAY,POBLACION,SANTAN ST,ALFREDO MARANON SR-CUEVA,CR,Commercial - Regular,1700.0
raw,"RDO No. 76 - Victorias City, Negros Occidental is composed of the followin",,,,,OF SAGAY,POBLACION,SANTAN ST,ALFREDO MARANON SR-CUEVA,CR,Commercial - Regular,550.0
raw,"RDO No. 76 - Victorias City, Negros Occidental is composed of the followin",,,1ST,,OF SAGAY,POBLACION,SANTAN ST,ALFREDO MARANON SR-CUEVA,CR,Commercial - Regular,1700.0
raw,"RDO No. 76 - Victorias City, Negros Occidental is composed of the followin",,,,,OF SAGAY,POBLACION,SANTAN ST,ALFREDO MARANON SR-CUEVA,CR,Commercial - Regular,550.0
raw,"RDO No. 76 - Victorias City, Negros Occidental is composed of the followin",,,1ST,,OF SAGAY,POBLACION,SOUTH ROAD,APAT APAT-KATALBAS ST,RR,Residential - Regular,600.0
raw,"RDO No. 76 - Victorias City, Negros Occidental is composed of the followin",,,,,OF SAGAY,POBLACION,SOUTH ROAD,APAT APAT-KATALBAS ST,RR,Residential - Regular,300.0
raw,"RDO No. 76 - Victorias City, Negros Occidental is composed of the followin",,,1ST,,OF SAGAY,POBLACION,SOUTH ROAD,APAT APAT-KATALBAS ST,RR,Residential - Regular,600.0
raw,"RDO No. 76 - Victorias City, Negros Occidental is composed of the followin",,,,,OF SAGAY,POBLACION,SOUTH ROAD,APAT APAT-KATALBAS ST,RR,Residential - Regular,300.0
raw,"RDO No. 76 - Victorias City, Negros Occidental is composed of the followin",,,1ST,,OF SAGAY,POBLACION,TUPAS ST,QUEZON ST-OSMENA ST,RR,Residential - Regular,600.0
raw,"RDO No. 76 - Victorias City, Negros Occidental is composed of the followin",,,,,OF SAGAY,POBLACION,TUPAS ST,QUEZON ST-OSMENA ST,RR,Residential - Regular,300.0
raw,"RDO No. 76 - Victorias City, Negros Occidental is composed of the followin",,,1ST,,OF SAGAY,POBLACION,TUPAS ST,QUEZON ST-OSMENA ST,RR,Residential - Regular,600.0
raw,"RDO No. 76 - Victorias City, Negros Occidental is composed of the followin",,,,,OF SAGAY,POBLACION,TUPAS ST,QUEZON ST-OSMENA ST,RR,Residential - Regular,300.0
raw,"RDO No. 76 - Victorias City, Negros Occidental is composed of the followin",,,1ST,,OF SAGAY,POBLACION,VANDA ST,A. MARANON SR-NATL HIWAY,CR,Commercial - Regular,1000.0
raw,"RDO No. 76 - Victorias City, Negros Occidental is composed of the followin",,,,,OF SAGAY,POBLACION,VANDA ST,A. MARANON SR-NATL HIWAY,CR,Commercial - Regular,550.0
raw,"RDO No. 76 - Victorias City, Negros Occidental is composed of the followin",,,1ST,,OF SAGAY,POBLACION,VANDA ST,A. MARANON SR-NATL HIWAY,CR,Commercial - Regular,1000.0
raw,"RDO No. 76 - Victorias City, Negros Occidental is composed of the followin",,,,,OF SAGAY,POBLACION,VANDA ST,A. MARANON SR-NATL HIWAY,CR,Commercial - Regular,550.0
raw,"RDO No. 76 - Victorias City, Negros Occidental is composed of the followin",,,1ST,,OF SAGAY,POBLACION,VISON ST,A. MARANON SR-NATL HIWAY,CR,Commercial - Regular,1000.0
raw,"RDO No. 76 - Victorias City, Negros Occidental is composed of the followin",,,,,OF SAGAY,POBLACION,VISON ST,A. MARANON SR-NATL HIWAY,CR,Commercial - Regular,550.0
raw,"RDO No. 76 - Victorias City, Negros Occidental is composed of the followin",,,1ST,,OF SAGAY,POBLACION,VISON ST,A. MARANON SR-NATL HIWAY,CR,Commercial - Regular,1000.0
raw,"RDO No. 76 - Victorias City, Negros Occidental is composed of the followin",,,,,OF SAGAY,POBLACION,VISON ST,A. MARANON SR-NATL HIWAY,CR,Commercial - Regular,550.0
raw,"RDO No. 76 - Victorias City, Negros Occidental is composed of the followin",,,1ST,,OF SAGAY,POBLACION,WALING WALING ST,MARGARITA ST-EVERLASTING,RR,Residential - Regular,600.0
raw,"RDO No. 76 - Victorias City, Negros Occidental is composed of the followin",,,,,OF SAGAY,POBLACION,WALING WALING ST,MARGARITA ST-EVERLASTING,RR,Residential - Regular,300.0
raw,"RDO No. 76 - Victorias City, Negros Occidental is composed of the followin",,,1ST,,OF SAGAY,POBLACION,WALING WALING ST,MARGARITA ST-EVERLASTING,RR,Residential - Regular,600.0
raw,"RDO No. 76 - Victorias City, Negros Occidental is composed of the followin",,,,,OF SAGAY,POBLACION,WALING WALING ST,MARGARITA ST-EVERLASTING,RR,Residential - Regular,300.0
raw,"RDO No. 76 - Victorias City, Negros Occidental is composed of the followin",,,1ST,,OF SAGAY,POBLACION,WEST ROAD,QUEZON ST-OSMENA ST,RR,Residential - Regular,600.0
raw,"RDO No. 76 - Victorias City, Negros Occidental is composed of the followin",,,,,OF SAGAY,POBLACION,WEST ROAD,QUEZON ST-OSMENA ST,RR,Residential - Regular,300.0
raw,"RDO No. 76 - Victorias City, Negros Occidental is composed of the followin",,,1ST,,OF SAGAY,POBLACION,WEST ROAD,QUEZON ST-OSMENA ST,RR,Residential - Regular,600.0
raw,"RDO No. 76 - Victorias City, Negros Occidental is composed of the followin",,,,,OF SAGAY,POBLACION,WEST ROAD,QUEZON ST-OSMENA ST,RR,Residential - Regular,300.0
raw,"RDO No. 76 - Victorias City, Negros Occidental is composed of the followin",,,1ST,,OF SAN CARLOS CITY,ALL OTHER BARANGAYS,ALL LOTS,,A17,Agricultural - A17,30.0
raw,"RDO No. 76 - Victorias City, Negros Occidental is composed of the followin",,,1ST,,OF SAN CARLOS CITY,ALL OTHER BARANGAYS,ALL LOTS,,A17,Agricultural - A17,30.0
raw,"RDO No. 76 - Victorias City, Negros Occidental is composed of the followin",,,,,OF SAN CARLOS CITY,ALL OTHER BARANGAYS NOT INCLUDED,ALL LOTS SUGARLAND,,A1,Agricultural - A1,30.0
raw,"RDO No. 76 - Victorias City, Negros Occidental is composed of the followin",,,,,OF SAN CARLOS CITY,ALL OTHER BARANGAYS NOT INCLUDED,ALL LOTS SUGARLAND,,A1,Agricultural - A1,30.0
raw,"RDO No. 76 - Victorias City, Negros Occidental is composed of the followin",,,1ST,,OF SAN CARLOS CITY,BULWAGAN,HDA FORTUNA,ALL LAND ALONG NATIONAL,I,Industrial,2000.0
raw,"RDO No. 76 - Victorias City, Negros Occidental is composed of the followin",,,,,OF SAN CARLOS CITY,BULWAGAN,HDA FORTUNA,ALL LAND ALONG NATIONAL,I,Industrial,450.0
raw,"RDO No. 76 - Victorias City, Negros Occidental is composed of the followin",,,1ST,,OF SAN CARLOS CITY,BULWAGAN,HDA FORTUNA,ALL LAND ALONG NATIONAL,I,Industrial,2000.0
raw,"RDO No. 76 - Victorias City, Negros Occidental is composed of the followin",,,,,OF SAN CARLOS CITY,BULWAGAN,HDA FORTUNA,ALL LAND ALONG NATIONAL,I,Industrial,450.0
raw,"RDO No. 76 - Victorias City, Negros Occidental is composed of the followin",,,1ST,,OF SAN CARLOS CITY,GAMBOA HERMANOS COMPND.,DON JUAN SUBD.,MARGARITA VILL. NATIONAL,RR,Residential - Regular,800.0
raw,"RDO No. 76 - Victorias City, Negros Occidental is composed of the followin",,,,,OF SAN CARLOS CITY,GAMBOA HERMANOS COMPND.,DON JUAN SUBD.,MARGARITA VILL. NATIONAL,RR,Residential - Regular,300.0
raw,"RDO No. 76 - Victorias City, Negros Occidental is composed of the followin",,,1ST,,OF SAN CARLOS CITY,GAMBOA HERMANOS COMPND.,DON JUAN SUBD.,MARGARITA VILL. NATIONAL,RR,Residential - Regular,800.0
raw,"RDO No. 76 - Victorias City, Negros Occidental is composed of the followin",,,,,OF SAN CARLOS CITY,GAMBOA HERMANOS COMPND.,DON JUAN SUBD.,MARGARITA VILL. NATIONAL,RR,Residential - Regular,300.0
raw,"RDO No. 76 - Victorias City, Negros Occidental is composed of the followin",,,,,OF SAN CARLOS CITY,GAMBOA HERMANOS COMPND.,MARGARITA VILL SUBD.,DON JUAN SUBD. NATIONAL,CR,Commercial - Regular,550.0
raw,"RDO No. 76 - Victorias City, Negros Occidental is composed of the followin",,,,,OF SAN CARLOS CITY,GAMBOA HERMANOS COMPND.,MARGARITA VILL SUBD.,NATIONAL RD FRONTING,RR,Residential - Regular,350.0
raw,"RDO No. 76 - Victorias City, Negros Occidental is composed of the followin",,,,,OF SAN CARLOS CITY,GAMBOA HERMANOS COMPND.,MARGARITA VILL SUBD.,DON JUAN SUBD. NATIONAL,CR,Commercial - Regular,550.0
raw,"RDO No. 76 - Victorias City, Negros Occidental is composed of the followin",,,,,OF SAN CARLOS CITY,GAMBOA HERMANOS COMPND.,MARGARITA VILL SUBD.,NATIONAL RD FRONTING,RR,Residential - Regular,350.0
raw,"RDO No. 76 - Victorias City, Negros Occidental is composed of the followin",,,1ST,,OF SAN CARLOS CITY,GAMBOA HERMANOS COMPND.,MARGARITA VILL. SUBD.,DON JUAN SUBD. NATIONAL,CR,Commercial - Regular,1000.0
raw,"RDO No. 76 - Victorias City, Negros Occidental is composed of the followin",,,1ST,,OF SAN CARLOS CITY,GAMBOA HERMANOS COMPND.,MARGARITA VILL. SUBD.,NATIONAL RD FRONTING,RR,Residential - Regular,1000.0
raw,"RDO No. 76 - Victorias City, Negros Occidental is composed of the followin",,,1ST,,OF SAN CARLOS CITY,GAMBOA HERMANOS COMPND.,MARGARITA VILL. SUBD.,DON JUAN SUBD. NATIONAL,CR,Commercial - Regular,1000.0
raw,"RDO No. 76 - Victorias City, Negros Occidental is composed of the followin",,,1ST,,OF SAN CARLOS CITY,GAMBOA HERMANOS COMPND.,MARGARITA VILL. SUBD.,NATIONAL RD FRONTING,RR,Residential - Regular,1000.0
raw,"RDO No. 76 - Victorias City, Negros Occidental is composed of the followin",,,1ST,,OF SAN CARLOS CITY,GAMBOA HERMANOS COMPND.,VILLARANTE SUBD.,NEW PALAMPAS RIVER,RR,Residential - Regular,600.0
raw,"RDO No. 76 - Victorias City, Negros Occidental is composed of the followin",,,,,OF SAN CARLOS CITY,GAMBOA HERMANOS COMPND.,VILLARANTE SUBD.,NEW PALAMPAS RIVER,RR,Residential - Regular,300.0
raw,"RDO No. 76 - Victorias City, Negros Occidental is composed of the followin",,,1ST,,OF SAN CARLOS CITY,GAMBOA HERMANOS COMPND.,VILLARANTE SUBD.,NEW PALAMPAS RIVER,RR,Residential - Regular,600.0
raw,"RDO No. 76 - Victorias City, Negros Occidental is composed of the followin",,,,,OF SAN CARLOS CITY,GAMBOA HERMANOS COMPND.,VILLARANTE SUBD.,NEW PALAMPAS RIVER,RR,Residential - Regular,300.0
raw,"RDO No. 76 - Victorias City, Negros Occidental is composed of the followin",,,1ST,,OF SAN CARLOS CITY,GUADALUPE,HDA SAN JOSE,,I,Industrial,2000.0
raw,"RDO No. 76 - Victorias City, Negros Occidental is composed of the followin",,,,,OF SAN CARLOS CITY,GUADALUPE,HDA SAN JOSE,,I,Industrial,650.0
raw,"RDO No. 76 - Victorias City, Negros Occidental is composed of the followin",,,1ST,,OF SAN CARLOS CITY,GUADALUPE,HDA SAN JOSE,,I,Industrial,2000.0
raw,"RDO No. 76 - Victorias City, Negros Occidental is composed of the followin",,,,,OF SAN CARLOS CITY,GUADALUPE,HDA SAN JOSE,,I,Industrial,650.0
raw,"RDO No. 76 - Victorias City, Negros Occidental is composed of the followin",,,1ST,,OF SAN CARLOS CITY,II POBLACION,NATIONAL HIWAY,BY DON JUAN SUBD.,RR,Residential - Regular,1000.0
raw,"RDO No. 76 - Victorias City, Negros Occidental is composed of the followin",,,1ST,,OF SAN CARLOS CITY,II POBLACION,NATIONAL HIWAY,BY DON JUAN SUBD.,RR,Residential - Regular,1000.0
raw,"RDO No. 76 - Victorias City, Negros Occidental is composed of the followin",,,1ST,,OF SAN CARLOS CITY,II POBLACION,SAN JULIO REALTY INC.,AZCONA-BRIDGE BOUNDED,CR,Commercial - Regular,1500.0
raw,"RDO No. 76 - Victorias City, Negros Occidental is composed of the followin",,,,,OF SAN CARLOS CITY,II POBLACION,SAN JULIO REALTY INC.,AZCONA-BRIDGE BOUNDED,CR,Commercial - Regular,500.0
raw,"RDO No. 76 - Victorias City, Negros Occidental is composed of the followin",,,1ST,,OF SAN CARLOS CITY,II POBLACION,SAN JULIO REALTY INC.,AZCONA-BRIDGE BOUNDED,CR,Commercial - Regular,1500.0
raw,"RDO No. 76 - Victorias City, Negros Occidental is composed of the followin",,,,,OF SAN CARLOS CITY,II POBLACION,SAN JULIO REALTY INC.,AZCONA-BRIDGE BOUNDED,CR,Commercial - Regular,500.0
raw,"RDO No. 76 - Victorias City, Negros Occidental is composed of the followin",,,1ST,,OF SAN CARLOS CITY,POBLACION,ALL LOTS,,A16,Agricultural - A16,7.0
raw,"RDO No. 76 - Victorias City, Negros Occidental is composed of the followin",,,1ST,,OF SAN CARLOS CITY,POBLACION,ALL LOTS,,A17,Agricultural - A17,30.0
raw,"RDO No. 76 - Victorias City, Negros Occidental is composed of the followin",,,1ST,,OF SAN CARLOS CITY,POBLACION,ALL LOTS,,A24,Agricultural - A24,5.0
raw,"RDO No. 76 - Victorias City, Negros Occidental is composed of the followin",,,1ST,,OF SAN CARLOS CITY,POBLACION,ALL LOTS,,A26,Agricultural - A26,5.0
raw,"RDO No. 76 - Victorias City, Negros Occidental is composed of the followin",,,1ST,,OF SAN CARLOS CITY,POBLACION,ALL LOTS,,A36,Agricultural - A36,5.0
raw,"RDO No. 76 - Victorias City, Negros Occidental is composed of the followin",,,1ST,,OF SAN CARLOS CITY,POBLACION,ALL LOTS,,A37,Agricultural - A37,5.0
raw,"RDO No. 76 - Victorias City, Negros Occidental is composed of the followin",,,1ST,,OF SAN CARLOS CITY,POBLACION,ALL LOTS,,A38,Agricultural - A38,5.0
raw,"RDO No. 76 - Victorias City, Negros Occidental is composed of the followin",,,1ST,,OF SAN CARLOS CITY,POBLACION,ALL LOTS,,A42,Agricultural - A42,50.0
raw,"RDO No. 76 - Victorias City, Negros Occidental is composed of the followin",,,1ST,,OF SAN CARLOS CITY,POBLACION,ALL LOTS,,A48,Agricultural - A48,10.0
raw,"RDO No. 76 - Victorias City, Negros Occidental is composed of the followin",,,1ST,,OF SAN CARLOS CITY,POBLACION,ALL LOTS,,A50,Agricultural - A50,5.0
raw,"RDO No. 76 - Victorias City, Negros Occidental is composed of the followin",,,1ST,,OF SAN CARLOS CITY,POBLACION,ALL LOTS,,A16,Agricultural - A16,7.0
raw,"RDO No. 76 - Victorias City, Negros Occidental is composed of the followin",,,1ST,,OF SAN CARLOS CITY,POBLACION,ALL LOTS,,A17,Agricultural - A17,30.0
raw,"RDO No. 76 - Victorias City, Negros Occidental is composed of the followin",,,1ST,,OF SAN CARLOS CITY,POBLACION,ALL LOTS,,A24,Agricultural - A24,5.0
raw,"RDO No. 76 - Victorias City, Negros Occidental is composed of the followin",,,1ST,,OF SAN CARLOS CITY,POBLACION,ALL LOTS,,A26,Agricultural - A26,5.0
raw,"RDO No. 76 - Victorias City, Negros Occidental is composed of the followin",,,1ST,,OF SAN CARLOS CITY,POBLACION,ALL LOTS,,A36,Agricultural - A36,5.0
raw,"RDO No. 76 - Victorias City, Negros Occidental is composed of the followin",,,1ST,,OF SAN CARLOS CITY,POBLACION,ALL LOTS,,A37,Agricultural - A37,5.0
raw,"RDO No. 76 - Victorias City, Negros Occidental is composed of the followin",,,1ST,,OF SAN CARLOS CITY,POBLACION,ALL LOTS,,A38,Agricultural - A38,5.0
raw,"RDO No. 76 - Victorias City, Negros Occidental is composed of the followin",,,1ST,,OF SAN CARLOS CITY,POBLACION,ALL LOTS,,A42,Agricultural - A42,50.0
raw,"RDO No. 76 - Victorias City, Negros Occidental is composed of the followin",,,1ST,,OF SAN CARLOS CITY,POBLACION,ALL LOTS,,A48,Agricultural - A48,10.0
raw,"RDO No. 76 - Victorias City, Negros Occidental is composed of the followin",,,1ST,,OF SAN CARLOS CITY,POBLACION,ALL LOTS,,A50,Agricultural - A50,5.0
raw,"RDO No. 76 - Victorias City, Negros Occidental is composed of the followin",,,1ST,,OF SAN CARLOS CITY,POBLACION,AZCUNA ST,BURGOS-LUZURIAGA ST,RR,Residential - Regular,1000.0
raw,"RDO No. 76 - Victorias City, Negros Occidental is composed of the followin",,,,,OF SAN CARLOS CITY,POBLACION,AZCUNA ST,BURGOS-LUZURIAGA ST,RR,Residential - Regular,450.0
raw,"RDO No. 76 - Victorias City, Negros Occidental is composed of the followin",,,1ST,,OF SAN CARLOS CITY,POBLACION,AZCUNA ST,BURGOS-LUZURIAGA ST,RR,Residential - Regular,1000.0
raw,"RDO No. 76 - Victorias City, Negros Occidental is composed of the followin",,,,,OF SAN CARLOS CITY,POBLACION,AZCUNA ST,BURGOS-LUZURIAGA ST,RR,Residential - Regular,450.0
raw,"RDO No. 76 - Victorias City, Negros Occidental is composed of the followin",,,1ST,,OF SAN CARLOS CITY,POBLACION,BALDEVIA ST,CARMONA-AZCONE ST,CR,Commercial - Regular,2500.0
raw,"RDO No. 76 - Victorias City, Negros Occidental is composed of the followin",,,1ST,,OF SAN CARLOS CITY,POBLACION,BALDEVIA ST,CARMONA-AZCONE ST,CR,Commercial - Regular,2500.0
raw,"RDO No. 76 - Victorias City, Negros Occidental is composed of the followin",,,1ST,,OF SAN CARLOS CITY,POBLACION,BROCE ST,LOCSIN-CARMONA,CR,Commercial - Regular,2500.0
raw,"RDO No. 76 - Victorias City, Negros Occidental is composed of the followin",,,,,OF SAN CARLOS CITY,POBLACION,BROCE ST,LOCSIN-CARMONA,CR,Commercial - Regular,700.0
raw,"RDO No. 76 - Victorias City, Negros Occidental is composed of the followin",,,1ST,,OF SAN CARLOS CITY,POBLACION,BROCE ST,LOCSIN-CARMONA,CR,Commercial - Regular,2500.0
raw,"RDO No. 76 - Victorias City, Negros Occidental is composed of the followin",,,,,OF SAN CARLOS CITY,POBLACION,BROCE ST,LOCSIN-CARMONA,CR,Commercial - Regular,700.0
raw,"RDO No. 76 - Victorias City, Negros Occidental is composed of the followin",,,1ST,,OF SAN CARLOS CITY,POBLACION,BURGOS ST,MONDRAGON-GUSTILO,RR,Residential - Regular,1000.0
raw,"RDO No. 76 - Victorias City, Negros Occidental is composed of the followin",,,,,OF SAN CARLOS CITY,POBLACION,BURGOS ST,MONDRAGON-GUSTILO,RR,Residential - Regular,450.0
raw,"RDO No. 76 - Victorias City, Negros Occidental is composed of the followin",,,1ST,,OF SAN CARLOS CITY,POBLACION,BURGOS ST,MONDRAGON-GUSTILO,RR,Residential - Regular,1000.0
raw,"RDO No. 76 - Victorias City, Negros Occidental is composed of the followin",,,,,OF SAN CARLOS CITY,POBLACION,BURGOS ST,MONDRAGON-GUSTILO,RR,Residential - Regular,450.0
raw,"RDO No. 76 - Victorias City, Negros Occidental is composed of the followin",,,1ST,,OF SAN CARLOS CITY,POBLACION,CARMONA ST,YLAGAN-BROCE,CR,Commercial - Regular,2500.0
raw,"RDO No. 76 - Victorias City, Negros Occidental is composed of the followin",,,1ST,,OF SAN CARLOS CITY,POBLACION,CARMONA ST,BURGOS-WHARF,CR,Commercial - Regular,1500.0
raw,"RDO No. 76 - Victorias City, Negros Occidental is composed of the followin",,,,,OF SAN CARLOS CITY,POBLACION,CARMONA ST,YLAGAN-BROCE,CR,Commercial - Regular,800.0
raw,"RDO No. 76 - Victorias City, Negros Occidental is composed of the followin",,,,,OF SAN CARLOS CITY,POBLACION,CARMONA ST,BURGOS-WHARF,CR,Commercial - Regular,500.0
raw,"RDO No. 76 - Victorias City, Negros Occidental is composed of the followin",,,1ST,,OF SAN CARLOS CITY,POBLACION,CARMONA ST,YLAGAN-BROCE,CR,Commercial - Regular,2500.0
raw,"RDO No. 76 - Victorias City, Negros Occidental is composed of the followin",,,1ST,,OF SAN CARLOS CITY,POBLACION,CARMONA ST,BURGOS-WHARF,CR,Commercial - Regular,1500.0
raw,"RDO No. 76 - Victorias City, Negros Occidental is composed of the followin",,,,,OF SAN CARLOS CITY,POBLACION,CARMONA ST,YLAGAN-BROCE,CR,Commercial - Regular,800.0
raw,"RDO No. 76 - Victorias City, Negros Occidental is composed of the followin",,,,,OF SAN CARLOS CITY,POBLACION,CARMONA ST,BURGOS-WHARF,CR,Commercial - Regular,500.0
raw,"RDO No. 76 - Victorias City, Negros Occidental is composed of the followin",,,1ST,,OF SAN CARLOS CITY,POBLACION,DOS HERMANOS ST,REMEDIOS-ENDRINA,RR,Residential - Regular,800.0
raw,"RDO No. 76 - Victorias City, Negros Occidental is composed of the followin",,,,,OF SAN CARLOS CITY,POBLACION,DOS HERMANOS ST,REMEDIOS-ENDRINA,RR,Residential - Regular,400.0
raw,"RDO No. 76 - Victorias City, Negros Occidental is composed of the followin",,,1ST,,OF SAN CARLOS CITY,POBLACION,DOS HERMANOS ST,REMEDIOS-ENDRINA,RR,Residential - Regular,800.0
raw,"RDO No. 76 - Victorias City, Negros Occidental is composed of the followin",,,,,OF SAN CARLOS CITY,POBLACION,DOS HERMANOS ST,REMEDIOS-ENDRINA,RR,Residential - Regular,400.0
raw,"RDO No. 76 - Victorias City, Negros Occidental is composed of the followin",,,1ST,,OF SAN CARLOS CITY,POBLACION,ENDRINA ST,YLAGAN-BROCE,RR,Residential - Regular,800.0
raw,"RDO No. 76 - Victorias City, Negros Occidental is composed of the followin",,,1ST,,OF SAN CARLOS CITY,POBLACION,ENDRINA ST,BROCE-NATIONAL HIWAY,I,Industrial,2500.0
raw,"RDO No. 76 - Victorias City, Negros Occidental is composed of the followin",,,,,OF SAN CARLOS CITY,POBLACION,ENDRINA ST,YLAGAN-BROCE,RR,Residential - Regular,400.0
raw,"RDO No. 76 - Victorias City, Negros Occidental is composed of the followin",,,,,OF SAN CARLOS CITY,POBLACION,ENDRINA ST,BROCE-NATIONAL HIWAY,I,Industrial,850.0
raw,"RDO No. 76 - Victorias City, Negros Occidental is composed of the followin",,,1ST,,OF SAN CARLOS CITY,POBLACION,ENDRINA ST,YLAGAN-BROCE,RR,Residential - Regular,800.0
raw,"RDO No. 76 - Victorias City, Negros Occidental is composed of the followin",,,1ST,,OF SAN CARLOS CITY,POBLACION,ENDRINA ST,BROCE-NATIONAL HIWAY,I,Industrial,2500.0
raw,"RDO No. 76 - Victorias City, Negros Occidental is composed of the followin",,,,,OF SAN CARLOS CITY,POBLACION,ENDRINA ST,YLAGAN-BROCE,RR,Residential - Regular,400.0
raw,"RDO No. 76 - Victorias City, Negros Occidental is composed of the followin",,,,,OF SAN CARLOS CITY,POBLACION,ENDRINA ST,BROCE-NATIONAL HIWAY,I,Industrial,850.0
raw,"RDO No. 76 - Victorias City, Negros Occidental is composed of the followin",,,1ST,,OF SAN CARLOS CITY,POBLACION,GREENSVILLE SUBD.,AZCONA ST-ENDRINA ST,RR,Residential - Regular,600.0
raw,"RDO No. 76 - Victorias City, Negros Occidental is composed of the followin",,,1ST,,OF SAN CARLOS CITY,POBLACION,GREENSVILLE SUBD.,AZCONA ST-ENDRINA ST,RR,Residential - Regular,600.0
raw,"RDO No. 76 - Victorias City, Negros Occidental is composed of the followin",,,1ST,,OF SAN CARLOS CITY,POBLACION,GUSTILO EXT,AZCONA-EDRINA,RR,Residential - Regular,800.0
raw,"RDO No. 76 - Victorias City, Negros Occidental is composed of the followin",,,,,OF SAN CARLOS CITY,POBLACION,GUSTILO EXT,AZCONA-EDRINA,RR,Residential - Regular,400.0
raw,"RDO No. 76 - Victorias City, Negros Occidental is composed of the followin",,,1ST,,OF SAN CARLOS CITY,POBLACION,GUSTILO EXT,AZCONA-EDRINA,RR,Residential - Regular,800.0
raw,"RDO No. 76 - Victorias City, Negros Occidental is composed of the followin",,,,,OF SAN CARLOS CITY,POBLACION,GUSTILO EXT,AZCONA-EDRINA,RR,Residential - Regular,400.0
raw,"RDO No. 76 - Victorias City, Negros Occidental is composed of the followin",,,1ST,,OF SAN CARLOS CITY,POBLACION,GUSTILO ST,CARMONA-REMEDIOS,CR,Commercial - Regular,800.0
raw,"RDO No. 76 - Victorias City, Negros Occidental is composed of the followin",,,,,OF SAN CARLOS CITY,POBLACION,GUSTILO ST,CARMONA-REMEDIOS,CR,Commercial - Regular,700.0
raw,"RDO No. 76 - Victorias City, Negros Occidental is composed of the followin",,,1ST,,OF SAN CARLOS CITY,POBLACION,GUSTILO ST,CARMONA-REMEDIOS,CR,Commercial - Regular,800.0
raw,"RDO No. 76 - Victorias City, Negros Occidental is composed of the followin",,,,,OF SAN CARLOS CITY,POBLACION,GUSTILO ST,CARMONA-REMEDIOS,CR,Commercial - Regular,700.0
raw,"RDO No. 76 - Victorias City, Negros Occidental is composed of the followin",,,1ST,,OF SAN CARLOS CITY,POBLACION,H.C. RIGOR ST,DOS HERMANOS-REMEDIOS,RR,Residential - Regular,800.0
raw,"RDO No. 76 - Victorias City, Negros Occidental is composed of the followin",,,,,OF SAN CARLOS CITY,POBLACION,H.C. RIGOR ST,DOS HERMANOS-REMEDIOS,RR,Residential - Regular,400.0
raw,"RDO No. 76 - Victorias City, Negros Occidental is composed of the followin",,,1ST,,OF SAN CARLOS CITY,POBLACION,H.C. RIGOR ST,DOS HERMANOS-REMEDIOS,RR,Residential - Regular,800.0
raw,"RDO No. 76 - Victorias City, Negros Occidental is composed of the followin",,,,,OF SAN CARLOS CITY,POBLACION,H.C. RIGOR ST,DOS HERMANOS-REMEDIOS,RR,Residential - Regular,400.0
raw,"RDO No. 76 - Victorias City, Negros Occidental is composed of the followin",,,1ST,,OF SAN CARLOS CITY,POBLACION,HDA ENGKANA,GALICIA-NATIONAL HIWAY,I,Industrial,2500.0
raw,"RDO No. 76 - Victorias City, Negros Occidental is composed of the followin",,,,,OF SAN CARLOS CITY,POBLACION,HDA ENGKANA,GALICIA-NATIONAL HIWAY,I,Industrial,850.0
raw,"RDO No. 76 - Victorias City, Negros Occidental is composed of the followin",,,1ST,,OF SAN CARLOS CITY,POBLACION,HDA ENGKANA,GALICIA-NATIONAL HIWAY,I,Industrial,2500.0
raw,"RDO No. 76 - Victorias City, Negros Occidental is composed of the followin",,,,,OF SAN CARLOS CITY,POBLACION,HDA ENGKANA,GALICIA-NATIONAL HIWAY,I,Industrial,850.0
raw,"RDO No. 76 - Victorias City, Negros Occidental is composed of the followin",,,1ST,,OF SAN CARLOS CITY,POBLACION,HDA GALICIA,GALICIA-NATIONAL HIWAY,I,Industrial,2500.0
raw,"RDO No. 76 - Victorias City, Negros Occidental is composed of the followin",,,,,OF SAN CARLOS CITY,POBLACION,HDA GALICIA,GALICIA-NATIONAL HIWAY,I,Industrial,850.0
raw,"RDO No. 76 - Victorias City, Negros Occidental is composed of the followin",,,1ST,,OF SAN CARLOS CITY,POBLACION,HDA GALICIA,GALICIA-NATIONAL HIWAY,I,Industrial,2500.0
raw,"RDO No. 76 - Victorias City, Negros Occidental is composed of the followin",,,,,OF SAN CARLOS CITY,POBLACION,HDA GALICIA,GALICIA-NATIONAL HIWAY,I,Industrial,850.0
raw,"RDO No. 76 - Victorias City, Negros Occidental is composed of the followin",,,1ST,,OF SAN CARLOS CITY,POBLACION,HDA SAN ANTONIO HI-WAY,HDA SAN ANTONIO-SAN JOSE,I,Industrial,2000.0
raw,"RDO No. 76 - Victorias City, Negros Occidental is composed of the followin",,,1ST,,OF SAN CARLOS CITY,POBLACION,HDA SAN ANTONIO HI-WAY,HDA SAN ANTONIO-SAN JOSE,I,Industrial,2000.0
raw,"RDO No. 76 - Victorias City, Negros Occidental is composed of the followin",,,1ST,,OF SAN CARLOS CITY,POBLACION,HDA TALAVE,TALAVE HIWAY-TIBIAO,I,Industrial,2500.0
raw,"RDO No. 76 - Victorias City, Negros Occidental is composed of the followin",,,,,OF SAN CARLOS CITY,POBLACION,HDA TALAVE,TALAVE HIWAY-TIBIAO,I,Industrial,850.0
raw,"RDO No. 76 - Victorias City, Negros Occidental is composed of the followin",,,1ST,,OF SAN CARLOS CITY,POBLACION,HDA TALAVE,TALAVE HIWAY-TIBIAO,I,Industrial,2500.0
raw,"RDO No. 76 - Victorias City, Negros Occidental is composed of the followin",,,,,OF SAN CARLOS CITY,POBLACION,HDA TALAVE,TALAVE HIWAY-TIBIAO,I,Industrial,850.0
raw,"RDO No. 76 - Victorias City, Negros Occidental is composed of the followin",,,1ST,,OF SAN CARLOS CITY,POBLACION,LOCSIN ST,YLAGAN-BURGOS,CR,Commercial - Regular,1000.0
raw,"RDO No. 76 - Victorias City, Negros Occidental is composed of the followin",,,1ST,,OF SAN CARLOS CITY,POBLACION,LOCSIN ST,BROCE-YLAGAN ST,CR,Commercial - Regular,1000.0
raw,"RDO No. 76 - Victorias City, Negros Occidental is composed of the followin",,,1ST,,OF SAN CARLOS CITY,POBLACION,LOCSIN ST,BROCE-NATIONAL HIWAY,I,Industrial,1000.0
raw,"RDO No. 76 - Victorias City, Negros Occidental is composed of the followin",,,1ST,,OF SAN CARLOS CITY,POBLACION,LOCSIN ST,YLAGAN-BURGOS,RR,Residential - Regular,1000.0
raw,"RDO No. 76 - Victorias City, Negros Occidental is composed of the followin",,,,,OF SAN CARLOS CITY,POBLACION,LOCSIN ST,YLAGAN-BURGOS,CR,Commercial - Regular,550.0
raw,"RDO No. 76 - Victorias City, Negros Occidental is composed of the followin",,,,,OF SAN CARLOS CITY,POBLACION,LOCSIN ST,BROCE-YLAGAN ST,CR,Commercial - Regular,800.0
raw,"RDO No. 76 - Victorias City, Negros Occidental is composed of the followin",,,,,OF SAN CARLOS CITY,POBLACION,LOCSIN ST,BROCE-NATIONAL HIWAY,I,Industrial,850.0
raw,"RDO No. 76 - Victorias City, Negros Occidental is composed of the followin",,,,,OF SAN CARLOS CITY,POBLACION,LOCSIN ST,YLAGAN-BURGOS,RR,Residential - Regular,350.0
raw,"RDO No. 76 - Victorias City, Negros Occidental is composed of the followin",,,1ST,,OF SAN CARLOS CITY,POBLACION,LOCSIN ST,YLAGAN-BURGOS,CR,Commercial - Regular,1000.0
raw,"RDO No. 76 - Victorias City, Negros Occidental is composed of the followin",,,1ST,,OF SAN CARLOS CITY,POBLACION,LOCSIN ST,BROCE-YLAGAN ST,CR,Commercial - Regular,1000.0
raw,"RDO No. 76 - Victorias City, Negros Occidental is composed of the followin",,,1ST,,OF SAN CARLOS CITY,POBLACION,LOCSIN ST,BROCE-NATIONAL HIWAY,I,Industrial,1000.0
raw,"RDO No. 76 - Victorias City, Negros Occidental is composed of the followin",,,1ST,,OF SAN CARLOS CITY,POBLACION,LOCSIN ST,YLAGAN-BURGOS,RR,Residential - Regular,1000.0
raw,"RDO No. 76 - Victorias City, Negros Occidental is composed of the followin",,,,,OF SAN CARLOS CITY,POBLACION,LOCSIN ST,YLAGAN-BURGOS,CR,Commercial - Regular,550.0
raw,"RDO No. 76 - Victorias City, Negros Occidental is composed of the followin",,,,,OF SAN CARLOS CITY,POBLACION,LOCSIN ST,BROCE-YLAGAN ST,CR,Commercial - Regular,800.0
raw,"RDO No. 76 - Victorias City, Negros Occidental is composed of the followin",,,,,OF SAN CARLOS CITY,POBLACION,LOCSIN ST,BROCE-NATIONAL HIWAY,I,Industrial,850.0
raw,"RDO No. 76 - Victorias City, Negros Occidental is composed of the followin",,,,,OF SAN CARLOS CITY,POBLACION,LOCSIN ST,YLAGAN-BURGOS,RR,Residential - Regular,350.0
raw,"RDO No. 76 - Victorias City, Negros Occidental is composed of the followin",,,1ST,,OF SAN CARLOS CITY,POBLACION,LUZURIAGA ST,MONFRAGON-GUSTILO,RR,Residential - Regular,800.0
raw,"RDO No. 76 - Victorias City, Negros Occidental is composed of the followin",,,,,OF SAN CARLOS CITY,POBLACION,LUZURIAGA ST,MONFRAGON-GUSTILO,RR,Residential - Regular,450.0
raw,"RDO No. 76 - Victorias City, Negros Occidental is composed of the followin",,,1ST,,OF SAN CARLOS CITY,POBLACION,LUZURIAGA ST,MONFRAGON-GUSTILO,RR,Residential - Regular,800.0
raw,"RDO No. 76 - Victorias City, Negros Occidental is composed of the followin",,,,,OF SAN CARLOS CITY,POBLACION,LUZURIAGA ST,MONFRAGON-GUSTILO,RR,Residential - Regular,450.0
raw,"RDO No. 76 - Victorias City, Negros Occidental is composed of the followin",,,1ST,,OF SAN CARLOS CITY,POBLACION,MEDINA ST,CARMONA-AZCONA,CR,Commercial - Regular,2500.0
raw,"RDO No. 76 - Victorias City, Negros Occidental is composed of the followin",,,,,OF SAN CARLOS CITY,POBLACION,MEDINA ST,CARMONA-AZCONA,CR,Commercial - Regular,800.0
raw,"RDO No. 76 - Victorias City, Negros Occidental is composed of the followin",,,1ST,,OF SAN CARLOS CITY,POBLACION,MEDINA ST,CARMONA-AZCONA,CR,Commercial - Regular,2500.0
raw,"RDO No. 76 - Victorias City, Negros Occidental is composed of the followin",,,,,OF SAN CARLOS CITY,POBLACION,MEDINA ST,CARMONA-AZCONA,CR,Commercial - Regular,800.0
raw,"RDO No. 76 - Victorias City, Negros Occidental is composed of the followin",,,1ST,,OF SAN CARLOS CITY,POBLACION,MEMORIAL PARK,AZCONA ST-ENDRINA ST,RR,Residential - Regular,5250.0
raw,"RDO No. 76 - Victorias City, Negros Occidental is composed of the followin",,,1ST,,OF SAN CARLOS CITY,POBLACION,MEMORIAL PARK,AZCONA ST-ENDRINA ST,A1,Agricultural - A1,24.0
raw,"RDO No. 76 - Victorias City, Negros Occidental is composed of the followin",,,1ST,,OF SAN CARLOS CITY,POBLACION,MEMORIAL PARK,AZCONA ST-ENDRINA ST,A2,Agricultural - A2,12.0
raw,"RDO No. 76 - Victorias City, Negros Occidental is composed of the followin",,,1ST,,OF SAN CARLOS CITY,POBLACION,MEMORIAL PARK,AZCONA ST-ENDRINA ST,A3,Agricultural - A3,5.0
raw,"RDO No. 76 - Victorias City, Negros Occidental is composed of the followin",,,1ST,,OF SAN CARLOS CITY,POBLACION,MEMORIAL PARK,AZCONA ST-ENDRINA ST,A4,Agricultural - A4,10.0
raw,"RDO No. 76 - Victorias City, Negros Occidental is composed of the followin",,,1ST,,OF SAN CARLOS CITY,POBLACION,MEMORIAL PARK,AZCONA ST-ENDRINA ST,A6,Agricultural - A6,28.0
raw,"RDO No. 76 - Victorias City, Negros Occidental is composed of the followin",,,1ST,,OF SAN CARLOS CITY,POBLACION,MEMORIAL PARK,AZCONA ST-ENDRINA ST,A8,Agricultural - A8,5.0
raw,"RDO No. 76 - Victorias City, Negros Occidental is composed of the followin",,,1ST,,OF SAN CARLOS CITY,POBLACION,MEMORIAL PARK,AZCONA ST-ENDRINA ST,RR,Residential - Regular,5250.0
raw,"RDO No. 76 - Victorias City, Negros Occidental is composed of the followin",,,1ST,,OF SAN CARLOS CITY,POBLACION,MEMORIAL PARK,AZCONA ST-ENDRINA ST,A1,Agricultural - A1,24.0
raw,"RDO No. 76 - Victorias City, Negros Occidental is composed of the followin",,,1ST,,OF SAN CARLOS CITY,POBLACION,MEMORIAL PARK,AZCONA ST-ENDRINA ST,A2,Agricultural - A2,12.0
raw,"RDO No. 76 - Victorias City, Negros Occidental is composed of the followin",,,1ST,,OF SAN CARLOS CITY,POBLACION,MEMORIAL PARK,AZCONA ST-ENDRINA ST,A3,Agricultural - A3,5.0
raw,"RDO No. 76 - Victorias City, Negros Occidental is composed of the followin",,,1ST,,OF SAN CARLOS CITY,POBLACION,MEMORIAL PARK,AZCONA ST-ENDRINA ST,A4,Agricultural - A4,10.0
raw,"RDO No. 76 - Victorias City, Negros Occidental is composed of the followin",,,1ST,,OF SAN CARLOS CITY,POBLACION,MEMORIAL PARK,AZCONA ST-ENDRINA ST,A6,Agricultural - A6,28.0
raw,"RDO No. 76 - Victorias City, Negros Occidental is composed of the followin",,,1ST,,OF SAN CARLOS CITY,POBLACION,MEMORIAL PARK,AZCONA ST-ENDRINA ST,A8,Agricultural - A8,5.0
raw,"RDO No. 76 - Victorias City, Negros Occidental is composed of the followin",,,1ST,,OF SAN CARLOS CITY,POBLACION,MONDRAGON ST,AZCONA-ENDRINA ST,RR,Residential - Regular,2500.0
raw,"RDO No. 76 - Victorias City, Negros Occidental is composed of the followin",,,1ST,,OF SAN CARLOS CITY,POBLACION,MONDRAGON ST,(MONDRAGON-BROCE),CR,Commercial - Regular,2500.0
raw,"RDO No. 76 - Victorias City, Negros Occidental is composed of the followin",,,,,OF SAN CARLOS CITY,POBLACION,MONDRAGON ST,AZCONA-ENDRINA ST,RR,Residential - Regular,450.0
raw,"RDO No. 76 - Victorias City, Negros Occidental is composed of the followin",,,1ST,,OF SAN CARLOS CITY,POBLACION,MONDRAGON ST,AZCONA-ENDRINA ST,RR,Residential - Regular,2500.0
raw,"RDO No. 76 - Victorias City, Negros Occidental is composed of the followin",,,1ST,,OF SAN CARLOS CITY,POBLACION,MONDRAGON ST,(MONDRAGON-BROCE),CR,Commercial - Regular,2500.0
raw,"RDO No. 76 - Victorias City, Negros Occidental is composed of the followin",,,,,OF SAN CARLOS CITY,POBLACION,MONDRAGON ST,AZCONA-ENDRINA ST,RR,Residential - Regular,450.0
raw,"RDO No. 76 - Victorias City, Negros Occidental is composed of the followin",,,1ST,,OF SAN CARLOS CITY,POBLACION,NATIONAL HIWAY,AZCONA-ENDRINA ST,CR,Commercial - Regular,2500.0
raw,"RDO No. 76 - Victorias City, Negros Occidental is composed of the followin",,,,,OF SAN CARLOS CITY,POBLACION,NATIONAL HIWAY,AZCONA-ENDRINA ST,CR,Commercial - Regular,700.0
raw,"RDO No. 76 - Victorias City, Negros Occidental is composed of the followin",,,1ST,,OF SAN CARLOS CITY,POBLACION,NATIONAL HIWAY,AZCONA-ENDRINA ST,CR,Commercial - Regular,2500.0
raw,"RDO No. 76 - Victorias City, Negros Occidental is composed of the followin",,,,,OF SAN CARLOS CITY,POBLACION,NATIONAL HIWAY,AZCONA-ENDRINA ST,CR,Commercial - Regular,700.0
raw,"RDO No. 76 - Victorias City, Negros Occidental is composed of the followin",,,1ST,,OF SAN CARLOS CITY,POBLACION,REMEDIOS ST,YLAGAN-BROCE,RR,Residential - Regular,800.0
raw,"RDO No. 76 - Victorias City, Negros Occidental is composed of the followin",,,,,OF SAN CARLOS CITY,POBLACION,REMEDIOS ST,YLAGAN-BROCE,RR,Residential - Regular,400.0
raw,"RDO No. 76 - Victorias City, Negros Occidental is composed of the followin",,,1ST,,OF SAN CARLOS CITY,POBLACION,REMEDIOS ST,YLAGAN-BROCE,RR,Residential - Regular,800.0
raw,"RDO No. 76 - Victorias City, Negros Occidental is composed of the followin",,,,,OF SAN CARLOS CITY,POBLACION,REMEDIOS ST,YLAGAN-BROCE,RR,Residential - Regular,400.0
raw,"RDO No. 76 - Victorias City, Negros Occidental is composed of the followin",,,,,OF SAN CARLOS CITY,POBLACION,RIZAL SR,LOCSIN-CARMONA,CR,Commercial - Regular,700.0
raw,"RDO No. 76 - Victorias City, Negros Occidental is composed of the followin",,,,,OF SAN CARLOS CITY,POBLACION,RIZAL SR,LOCSIN-CARMONA,CR,Commercial - Regular,700.0
raw,"RDO No. 76 - Victorias City, Negros Occidental is composed of the followin",,,1ST,,OF SAN CARLOS CITY,POBLACION,RIZAL ST,LOCSIN-CARMONA,CR,Commercial - Regular,2500.0
raw,"RDO No. 76 - Victorias City, Negros Occidental is composed of the followin",,,1ST,,OF SAN CARLOS CITY,POBLACION,RIZAL ST,LOCSIN-CARMONA,CR,Commercial - Regular,2500.0
raw,"RDO No. 76 - Victorias City, Negros Occidental is composed of the followin",,,1ST,,OF SAN CARLOS CITY,POBLACION,SAN CARLOS MILLING CO.,BROCE-NATIONAL HIWAY,I,Industrial,2500.0
raw,"RDO No. 76 - Victorias City, Negros Occidental is composed of the followin",,,,,OF SAN CARLOS CITY,POBLACION,SAN CARLOS MILLING CO.,BROCE-NATIONAL HIWAY,I,Industrial,850.0
raw,"RDO No. 76 - Victorias City, Negros Occidental is composed of the followin",,,1ST,,OF SAN CARLOS CITY,POBLACION,SAN CARLOS MILLING CO.,BROCE-NATIONAL HIWAY,I,Industrial,2500.0
raw,"RDO No. 76 - Victorias City, Negros Occidental is composed of the followin",,,,,OF SAN CARLOS CITY,POBLACION,SAN CARLOS MILLING CO.,BROCE-NATIONAL HIWAY,I,Industrial,850.0
raw,"RDO No. 76 - Victorias City, Negros Occidental is composed of the followin",,,1ST,,OF SAN CARLOS CITY,POBLACION,ST. VINCENT VILLAGE,AZCONA ST-ENDRINA ST,RR,Residential - Regular,800.0
raw,"RDO No. 76 - Victorias City, Negros Occidental is composed of the followin",,,1ST,,OF SAN CARLOS CITY,POBLACION,ST. VINCENT VILLAGE,AZCONA ST-ENDRINA ST,RR,Residential - Regular,800.0
raw,"RDO No. 76 - Victorias City, Negros Occidental is composed of the followin",,,1ST,,OF SAN CARLOS CITY,POBLACION,YLAGAN EXT,AZCONA ST-ENDRINA ST,RR,Residential - Regular,800.0
raw,"RDO No. 76 - Victorias City, Negros Occidental is composed of the followin",,,,,OF SAN CARLOS CITY,POBLACION,YLAGAN EXT,AZCONA ST-ENDRINA ST,RR,Residential - Regular,400.0
raw,"RDO No. 76 - Victorias City, Negros Occidental is composed of the followin",,,,,OF SAN CARLOS CITY,POBLACION,YLAGAN EXT,AZCONA ST-ENDRINA ST,A,Agricultural,50.0
raw,"RDO No. 76 - Victorias City, Negros Occidental is composed of the followin",,,,,OF SAN CARLOS CITY,POBLACION,YLAGAN EXT,AZCONA ST-ENDRINA ST,A1,Agricultural - A1,30.0
raw,"RDO No. 76 - Victorias City, Negros Occidental is composed of the followin",,,,,OF SAN CARLOS CITY,POBLACION,YLAGAN EXT,AZCONA ST-ENDRINA ST,A2,Agricultural - A2,19.0
raw,"RDO No. 76 - Victorias City, Negros Occidental is composed of the followin",,,,,OF SAN CARLOS CITY,POBLACION,YLAGAN EXT,AZCONA ST-ENDRINA ST,A3,Agricultural - A3,16.0
raw,"RDO No. 76 - Victorias City, Negros Occidental is composed of the followin",,,,,OF SAN CARLOS CITY,POBLACION,YLAGAN EXT,AZCONA ST-ENDRINA ST,A4,Agricultural - A4,8.0
raw,"RDO No. 76 - Victorias City, Negros Occidental is composed of the followin",,,,,OF SAN CARLOS CITY,POBLACION,YLAGAN EXT,AZCONA ST-ENDRINA ST,A5,Agricultural - A5,6.0
raw,"RDO No. 76 - Victorias City, Negros Occidental is composed of the followin",,,,,OF SAN CARLOS CITY,POBLACION,YLAGAN EXT,AZCONA ST-ENDRINA ST,A6,Agricultural - A6,5.0
raw,"RDO No. 76 - Victorias City, Negros Occidental is composed of the followin",,,,,OF SAN CARLOS CITY,POBLACION,YLAGAN EXT,AZCONA ST-ENDRINA ST,A7,Agricultural - A7,4.0
raw,"RDO No. 76 - Victorias City, Negros Occidental is composed of the followin",,,,,OF SAN CARLOS CITY,POBLACION,YLAGAN EXT,AZCONA ST-ENDRINA ST,A8,Agricultural - A8,2.0
raw,"RDO No. 76 - Victorias City, Negros Occidental is composed of the followin",,,,,OF SAN CARLOS CITY,POBLACION,YLAGAN EXT,AZCONA ST-ENDRINA ST,A9,Agricultural - A9,1.0
raw,"RDO No. 76 - Victorias City, Negros Occidental is composed of the followin",,,1ST,,OF SAN CARLOS CITY,POBLACION,YLAGAN EXT,AZCONA ST-ENDRINA ST,RR,Residential - Regular,800.0
raw,"RDO No. 76 - Victorias City, Negros Occidental is composed of the followin",,,,,OF SAN CARLOS CITY,POBLACION,YLAGAN EXT,AZCONA ST-ENDRINA ST,RR,Residential - Regular,400.0
raw,"RDO No. 76 - Victorias City, Negros Occidental is composed of the followin",,,,,OF SAN CARLOS CITY,POBLACION,YLAGAN EXT,AZCONA ST-ENDRINA ST,A,Agricultural,50.0
raw,"RDO No. 76 - Victorias City, Negros Occidental is composed of the followin",,,,,OF SAN CARLOS CITY,POBLACION,YLAGAN EXT,AZCONA ST-ENDRINA ST,A1,Agricultural - A1,30.0
raw,"RDO No. 76 - Victorias City, Negros Occidental is composed of the followin",,,,,OF SAN CARLOS CITY,POBLACION,YLAGAN EXT,AZCONA ST-ENDRINA ST,A2,Agricultural - A2,19.0
raw,"RDO No. 76 - Victorias City, Negros Occidental is composed of the followin",,,,,OF SAN CARLOS CITY,POBLACION,YLAGAN EXT,AZCONA ST-ENDRINA ST,A3,Agricultural - A3,16.0
raw,"RDO No. 76 - Victorias City, Negros Occidental is composed of the followin",,,,,OF SAN CARLOS CITY,POBLACION,YLAGAN EXT,AZCONA ST-ENDRINA ST,A4,Agricultural - A4,8.0
raw,"RDO No. 76 - Victorias City, Negros Occidental is composed of the followin",,,,,OF SAN CARLOS CITY,POBLACION,YLAGAN EXT,AZCONA ST-ENDRINA ST,A5,Agricultural - A5,6.0
raw,"RDO No. 76 - Victorias City, Negros Occidental is composed of the followin",,,,,OF SAN CARLOS CITY,POBLACION,YLAGAN EXT,AZCONA ST-ENDRINA ST,A6,Agricultural - A6,5.0
raw,"RDO No. 76 - Victorias City, Negros Occidental is composed of the followin",,,,,OF SAN CARLOS CITY,POBLACION,YLAGAN EXT,AZCONA ST-ENDRINA ST,A7,Agricultural - A7,4.0
raw,"RDO No. 76 - Victorias City, Negros Occidental is composed of the followin",,,,,OF SAN CARLOS CITY,POBLACION,YLAGAN EXT,AZCONA ST-ENDRINA ST,A8,Agricultural - A8,2.0
raw,"RDO No. 76 - Victorias City, Negros Occidental is composed of the followin",,,,,OF SAN CARLOS CITY,POBLACION,YLAGAN EXT,AZCONA ST-ENDRINA ST,A9,Agricultural - A9,1.0
raw,"RDO No. 76 - Victorias City, Negros Occidental is composed of the followin",,,1ST,,OF SAN CARLOS CITY,POBLACION,YLAGAN ST,AZCONA ST-CARMON,CR,Commercial - Regular,2500.0
raw,"RDO No. 76 - Victorias City, Negros Occidental is composed of the followin",,,,,OF SAN CARLOS CITY,POBLACION,YLAGAN ST,AZCONA ST CARMONA,CR,Commercial - Regular,700.0
raw,"RDO No. 76 - Victorias City, Negros Occidental is composed of the followin",,,1ST,,OF SAN CARLOS CITY,POBLACION,YLAGAN ST,AZCONA ST-CARMON,CR,Commercial - Regular,2500.0
raw,"RDO No. 76 - Victorias City, Negros Occidental is composed of the followin",,,,,OF SAN CARLOS CITY,POBLACION,YLAGAN ST,AZCONA ST CARMONA,CR,Commercial - Regular,700.0
raw,"RDO No. 76 - Victorias City, Negros Occidental is composed of the followin",,,1ST,,OF SAN CARLOS CITY,RIZAL,ALL OTHER LOTS,,RR,Residential - Regular,1000.0
raw,"RDO No. 76 - Victorias City, Negros Occidental is composed of the followin",,,,,OF SAN CARLOS CITY,RIZAL,ALL OTHER LOTS,,RR,Residential - Regular,350.0
raw,"RDO No. 76 - Victorias City, Negros Occidental is composed of the followin",,,1ST,,OF SAN CARLOS CITY,RIZAL,ALL OTHER LOTS,,RR,Residential - Regular,1000.0
raw,"RDO No. 76 - Victorias City, Negros Occidental is composed of the followin",,,,,OF SAN CARLOS CITY,RIZAL,ALL OTHER LOTS,,RR,Residential - Regular,350.0
raw,"RDO No. 76 - Victorias City, Negros Occidental is composed of the followin",,,1ST,,OF SAN CARLOS CITY,RIZAL,GAMBOA HERMANOS,,RR,Residential - Regular,1000.0
raw,"RDO No. 76 - Victorias City, Negros Occidental is composed of the followin",,,,,OF SAN CARLOS CITY,RIZAL,GAMBOA HERMANOS,,RR,Residential - Regular,350.0
raw,"RDO No. 76 - Victorias City, Negros Occidental is composed of the followin",,,1ST,,OF SAN CARLOS CITY,RIZAL,GAMBOA HERMANOS,,RR,Residential - Regular,1000.0
raw,"RDO No. 76 - Victorias City, Negros Occidental is composed of the followin",,,,,OF SAN CARLOS CITY,RIZAL,GAMBOA HERMANOS,,RR,Residential - Regular,350.0
raw,"RDO No. 76 - Victorias City, Negros Occidental is composed of the followin",,,1ST,,OF SAN CARLOS CITY,RIZAL,MARGARITA VILLAGE,,RR,Residential - Regular,1000.0
raw,"RDO No. 76 - Victorias City, Negros Occidental is composed of the followin",,,,,OF SAN CARLOS CITY,RIZAL,MARGARITA VILLAGE,,RR,Residential - Regular,350.0
raw,"RDO No. 76 - Victorias City, Negros Occidental is composed of the followin",,,1ST,,OF SAN CARLOS CITY,RIZAL,MARGARITA VILLAGE,,RR,Residential - Regular,1000.0
raw,"RDO No. 76 - Victorias City, Negros Occidental is composed of the followin",,,,,OF SAN CARLOS CITY,RIZAL,MARGARITA VILLAGE,,RR,Residential - Regular,350.0
raw,"RDO No. 76 - Victorias City, Negros Occidental is composed of the followin",,,,,OF SAN CARLOS CITY,RIZAL,SAN CARLOS MEM. PARK,,RR,Residential - Regular,350.0
raw,"RDO No. 76 - Victorias City, Negros Occidental is composed of the followin",,,,,OF SAN CARLOS CITY,RIZAL,SAN CARLOS MEM. PARK,,RR,Residential - Regular,350.0
raw,"RDO No. 76 - Victorias City, Negros Occidental is composed of the followin",,,1ST,,OF SAN CARLOS CITY,SAN JULIO,REALTY INC. GOING TO,ILANG ILANG ST-AZCONA ST,RR,Residential - Regular,1000.0
raw,"RDO No. 76 - Victorias City, Negros Occidental is composed of the followin",,,,,OF SAN CARLOS CITY,SAN JULIO,REALTY INC. GOING TO,ILANG ILANG ST-AZCONA ST,RR,Residential - Regular,350.0
raw,"RDO No. 76 - Victorias City, Negros Occidental is composed of the followin",,,1ST,,OF SAN CARLOS CITY,SAN JULIO,REALTY INC. GOING TO,ILANG ILANG ST-AZCONA ST,RR,Residential - Regular,1000.0
raw,"RDO No. 76 - Victorias City, Negros Occidental is composed of the followin",,,,,OF SAN CARLOS CITY,SAN JULIO,REALTY INC. GOING TO,ILANG ILANG ST-AZCONA ST,RR,Residential - Regular,350.0
raw,"RDO No. 76 - Victorias City, Negros Occidental is composed of the followin",,,1ST,,OF TABOSO,ALL OTHER BARANGAYS,ALL LOTS,,A17,Agricultural - A17,20.0
raw,"RDO No. 76 - Victorias City, Negros Occidental is composed of the followin",,,1ST,,OF TABOSO,ALL OTHER BARANGAYS,ALL LOTS,,A17,Agricultural - A17,20.0
raw,"RDO No. 76 - Victorias City, Negros Occidental is composed of the followin",,,,,OF TABOSO,ALL OTHER BARANGAYS,ALL LOTS SUGARLAND,,A1,Agricultural - A1,20.0
raw,"RDO No. 76 - Victorias City, Negros Occidental is composed of the followin",,,,,OF TABOSO,ALL OTHER BARANGAYS,ALL LOTS SUGARLAND,,A1,Agricultural - A1,20.0
raw,"RDO No. 76 - Victorias City, Negros Occidental is composed of the followin",,,1ST,,OF TABOSO,POBLACION,ALL LOTS,,A40,Agricultural - A40,50.0
raw,"RDO No. 76 - Victorias City, Negros Occidental is composed of the followin",,,1ST,,OF TABOSO,POBLACION,ALL LOTS,,A42,Agricultural - A42,38.0
raw,"RDO No. 76 - Victorias City, Negros Occidental is composed of the followin",,,1ST,,OF TABOSO,POBLACION,ALL LOTS,,A48,Agricultural - A48,8.0
raw,"RDO No. 76 - Victorias City, Negros Occidental is composed of the followin",,,1ST,,OF TABOSO,POBLACION,ALL LOTS,,A49,Agricultural - A49,4.0
raw,"RDO No. 76 - Victorias City, Negros Occidental is composed of the followin",,,1ST,,OF TABOSO,POBLACION,ALL LOTS,SWINE,A50,Agricultural - A50,40.0
raw,"RDO No. 76 - Victorias City, Negros Occidental is composed of the followin",,,1ST,,OF TABOSO,POBLACION,ALL LOTS,BREEDING FARM,A50,Agricultural - A50,100.0
raw,"RDO No. 76 - Victorias City, Negros Occidental is composed of the followin",,,1ST,,OF TABOSO,POBLACION,ALL LOTS,,A40,Agricultural - A40,50.0
raw,"RDO No. 76 - Victorias City, Negros Occidental is composed of the followin",,,1ST,,OF TABOSO,POBLACION,ALL LOTS,,A42,Agricultural - A42,38.0
raw,"RDO No. 76 - Victorias City, Negros Occidental is composed of the followin",,,1ST,,OF TABOSO,POBLACION,ALL LOTS,,A48,Agricultural - A48,8.0
raw,"RDO No. 76 - Victorias City, Negros Occidental is composed of the followin",,,1ST,,OF TABOSO,POBLACION,ALL LOTS,,A49,Agricultural - A49,4.0
raw,"RDO No. 76 - Victorias City, Negros Occidental is composed of the followin",,,1ST,,OF TABOSO,POBLACION,ALL LOTS,SWINE,A50,Agricultural - A50,40.0
raw,"RDO No. 76 - Victorias City, Negros Occidental is composed of the followin",,,1ST,,OF TABOSO,POBLACION,ALL LOTS,BREEDING FARM,A50,Agricultural - A50,100.0
raw,"RDO No. 76 - Victorias City, Negros Occidental is composed of the followin",,,1ST,,OF TABOSO,POBLACION,BEDONIA ST,SAN JOSE-DEL PILAR,RR,Residential - Regular,500.0
raw,"RDO No. 76 - Victorias City, Negros Occidental is composed of the followin",,,,,OF TABOSO,POBLACION,BEDONIA ST,SAN JOSE-DEL PILAR,RR,Residential - Regular,300.0
raw,"RDO No. 76 - Victorias City, Negros Occidental is composed of the followin",,,1ST,,OF TABOSO,POBLACION,BEDONIA ST,SAN JOSE-DEL PILAR,RR,Residential - Regular,500.0
raw,"RDO No. 76 - Victorias City, Negros Occidental is composed of the followin",,,,,OF TABOSO,POBLACION,BEDONIA ST,SAN JOSE-DEL PILAR,RR,Residential - Regular,300.0
raw,"RDO No. 76 - Victorias City, Negros Occidental is composed of the followin",,,1ST,,OF TABOSO,POBLACION,BURGOS ST,SAN JOSE-NATIONAL RD,RR,Residential - Regular,500.0
raw,"RDO No. 76 - Victorias City, Negros Occidental is composed of the followin",,,1ST,,OF TABOSO,POBLACION,BURGOS ST,NATIONAL RD-TANON STRAIT,CR,Commercial - Regular,700.0
raw,"RDO No. 76 - Victorias City, Negros Occidental is composed of the followin",,,,,OF TABOSO,POBLACION,BURGOS ST,SAN JOSE-NATIONAL RD,RR,Residential - Regular,300.0
raw,"RDO No. 76 - Victorias City, Negros Occidental is composed of the followin",,,,,OF TABOSO,POBLACION,BURGOS ST,NATIONAL RD-TANON STRAIT,CR,Commercial - Regular,500.0
raw,"RDO No. 76 - Victorias City, Negros Occidental is composed of the followin",,,1ST,,OF TABOSO,POBLACION,BURGOS ST,SAN JOSE-NATIONAL RD,RR,Residential - Regular,500.0
raw,"RDO No. 76 - Victorias City, Negros Occidental is composed of the followin",,,1ST,,OF TABOSO,POBLACION,BURGOS ST,NATIONAL RD-TANON STRAIT,CR,Commercial - Regular,700.0
raw,"RDO No. 76 - Victorias City, Negros Occidental is composed of the followin",,,,,OF TABOSO,POBLACION,BURGOS ST,SAN JOSE-NATIONAL RD,RR,Residential - Regular,300.0
raw,"RDO No. 76 - Victorias City, Negros Occidental is composed of the followin",,,,,OF TABOSO,POBLACION,BURGOS ST,NATIONAL RD-TANON STRAIT,CR,Commercial - Regular,500.0
raw,"RDO No. 76 - Victorias City, Negros Occidental is composed of the followin",,,1ST,,OF TABOSO,POBLACION,DEL PILAR ST,SAN JOSE-NATIONAL RD,RR,Residential - Regular,500.0
raw,"RDO No. 76 - Victorias City, Negros Occidental is composed of the followin",,,1ST,,OF TABOSO,POBLACION,DEL PILAR ST,NATIONAL RD-TANON STRAIT,CR,Commercial - Regular,600.0
raw,"RDO No. 76 - Victorias City, Negros Occidental is composed of the followin",,,,,OF TABOSO,POBLACION,DEL PILAR ST,SAN JOSE-NATIONAL RD,RR,Residential - Regular,300.0
raw,"RDO No. 76 - Victorias City, Negros Occidental is composed of the followin",,,,,OF TABOSO,POBLACION,DEL PILAR ST,NATIONAL RD-TANON STRAIT,CR,Commercial - Regular,500.0
raw,"RDO No. 76 - Victorias City, Negros Occidental is composed of the followin",,,1ST,,OF TABOSO,POBLACION,DEL PILAR ST,SAN JOSE-NATIONAL RD,RR,Residential - Regular,500.0
raw,"RDO No. 76 - Victorias City, Negros Occidental is composed of the followin",,,1ST,,OF TABOSO,POBLACION,DEL PILAR ST,NATIONAL RD-TANON STRAIT,CR,Commercial - Regular,600.0
raw,"RDO No. 76 - Victorias City, Negros Occidental is composed of the followin",,,,,OF TABOSO,POBLACION,DEL PILAR ST,SAN JOSE-NATIONAL RD,RR,Residential - Regular,300.0
raw,"RDO No. 76 - Victorias City, Negros Occidental is composed of the followin",,,,,OF TABOSO,POBLACION,DEL PILAR ST,NATIONAL RD-TANON STRAIT,CR,Commercial - Regular,500.0
raw,"RDO No. 76 - Victorias City, Negros Occidental is composed of the followin",,,1ST,,OF TABOSO,POBLACION,MABINI ST,ROXAS-NATIONAL RD,RR,Residential - Regular,500.0
raw,"RDO No. 76 - Victorias City, Negros Occidental is composed of the followin",,,,,OF TABOSO,POBLACION,MABINI ST,ROXAS-NATIONAL RD,RR,Residential - Regular,300.0
raw,"RDO No. 76 - Victorias City, Negros Occidental is composed of the followin",,,1ST,,OF TABOSO,POBLACION,MABINI ST,ROXAS-NATIONAL RD,RR,Residential - Regular,500.0
raw,"RDO No. 76 - Victorias City, Negros Occidental is composed of the followin",,,,,OF TABOSO,POBLACION,MABINI ST,ROXAS-NATIONAL RD,RR,Residential - Regular,300.0
raw,"RDO No. 76 - Victorias City, Negros Occidental is composed of the followin",,,,,OF TABOSO,POBLACION,NATIONA; ROAD,DEL PILAR-CEMETERY,CR,Commercial - Regular,450.0
raw,"RDO No. 76 - Victorias City, Negros Occidental is composed of the followin",,,,,OF TABOSO,POBLACION,NATIONA; ROAD,MABINI-MAASWA,RR,Residential - Regular,300.0
raw,"RDO No. 76 - Victorias City, Negros Occidental is composed of the followin",,,,,OF TABOSO,POBLACION,NATIONA; ROAD,DEL PILAR-CEMETERY,CR,Commercial - Regular,450.0
raw,"RDO No. 76 - Victorias City, Negros Occidental is composed of the followin",,,,,OF TABOSO,POBLACION,NATIONA; ROAD,MABINI-MAASWA,RR,Residential - Regular,300.0
raw,"RDO No. 76 - Victorias City, Negros Occidental is composed of the followin",,,1ST,,OF TABOSO,POBLACION,NATIONAL RD TO ESCALANTE,SAN JOSE-NATIONAL RD,RR,Residential - Regular,500.0
raw,"RDO No. 76 - Victorias City, Negros Occidental is composed of the followin",,,1ST,,OF TABOSO,POBLACION,NATIONAL RD TO ESCALANTE,NATIONAL RD-TANON STRAIT,CR,Commercial - Regular,600.0
raw,"RDO No. 76 - Victorias City, Negros Occidental is composed of the followin",,,,,OF TABOSO,POBLACION,NATIONAL RD TO ESCALANTE,SAN JOSE-NATIONAL RD,RR,Residential - Regular,300.0
raw,"RDO No. 76 - Victorias City, Negros Occidental is composed of the followin",,,,,OF TABOSO,POBLACION,NATIONAL RD TO ESCALANTE,NATIONAL RD-TANON STRAIT,CR,Commercial - Regular,500.0
raw,"RDO No. 76 - Victorias City, Negros Occidental is composed of the followin",,,1ST,,OF TABOSO,POBLACION,NATIONAL RD TO ESCALANTE,SAN JOSE-NATIONAL RD,RR,Residential - Regular,500.0
raw,"RDO No. 76 - Victorias City, Negros Occidental is composed of the followin",,,1ST,,OF TABOSO,POBLACION,NATIONAL RD TO ESCALANTE,NATIONAL RD-TANON STRAIT,CR,Commercial - Regular,600.0
raw,"RDO No. 76 - Victorias City, Negros Occidental is composed of the followin",,,,,OF TABOSO,POBLACION,NATIONAL RD TO ESCALANTE,SAN JOSE-NATIONAL RD,RR,Residential - Regular,300.0
raw,"RDO No. 76 - Victorias City, Negros Occidental is composed of the followin",,,,,OF TABOSO,POBLACION,NATIONAL RD TO ESCALANTE,NATIONAL RD-TANON STRAIT,CR,Commercial - Regular,500.0
raw,"RDO No. 76 - Victorias City, Negros Occidental is composed of the followin",,,1ST,,OF TABOSO,POBLACION,NATIONAL ROAD,DEL PILAR-CEMETERY,CR,Commercial - Regular,700.0
raw,"RDO No. 76 - Victorias City, Negros Occidental is composed of the followin",,,1ST,,OF TABOSO,POBLACION,NATIONAL ROAD,MABINI-MAASWA,RR,Residential - Regular,500.0
raw,"RDO No. 76 - Victorias City, Negros Occidental is composed of the followin",,,1ST,,OF TABOSO,POBLACION,NATIONAL ROAD,DEL PILAR-CEMETERY,CR,Commercial - Regular,700.0
raw,"RDO No. 76 - Victorias City, Negros Occidental is composed of the followin",,,1ST,,OF TABOSO,POBLACION,NATIONAL ROAD,MABINI-MAASWA,RR,Residential - Regular,500.0
raw,"RDO No. 76 - Victorias City, Negros Occidental is composed of the followin",,,1ST,,OF TABOSO,POBLACION,ROXAS ST,MABINI-NATIONAL RD,RR,Residential - Regular,500.0
raw,"RDO No. 76 - Victorias City, Negros Occidental is composed of the followin",,,,,OF TABOSO,POBLACION,ROXAS ST,MABINI-NATIONAL RD,RR,Residential - Regular,300.0
raw,"RDO No. 76 - Victorias City, Negros Occidental is composed of the followin",,,1ST,,OF TABOSO,POBLACION,ROXAS ST,MABINI-NATIONAL RD,RR,Residential - Regular,500.0
raw,"RDO No. 76 - Victorias City, Negros Occidental is composed of the followin",,,,,OF TABOSO,POBLACION,ROXAS ST,MABINI-NATIONAL RD,RR,Residential - Regular,300.0
raw,"RDO No. 76 - Victorias City, Negros Occidental is composed of the followin",,,1ST,,OF TABOSO,POBLACION,SAN JOSE ST,BEDONIA-NATIONAL RD TO,RR,Residential - Regular,500.0
raw,"RDO No. 76 - Victorias City, Negros Occidental is composed of the followin",,,1ST,,OF TABOSO,POBLACION,SAN JOSE ST,RES. LOTS OUTSIDE POB.,RR,Residential - Regular,300.0
raw,"RDO No. 76 - Victorias City, Negros Occidental is composed of the followin",,,1ST,,OF TABOSO,POBLACION,SAN JOSE ST,OUTSIDE POB. ALONG HIGHWAY,RR,Residential - Regular,400.0
raw,"RDO No. 76 - Victorias City, Negros Occidental is composed of the followin",,,1ST,,OF TABOSO,POBLACION,SAN JOSE ST,RESIDENTIAL PURPOSES,RR,Residential - Regular,300.0
raw,"RDO No. 76 - Victorias City, Negros Occidental is composed of the followin",,,1ST,,OF TABOSO,POBLACION,SAN JOSE ST,COMMERCIAL OUTSIDE POB.,CR,Commercial - Regular,600.0
raw,"RDO No. 76 - Victorias City, Negros Occidental is composed of the followin",,,1ST,,OF TABOSO,POBLACION,SAN JOSE ST,OUTSIDE POB. ALONG HIGHWAY,CR,Commercial - Regular,600.0
raw,"RDO No. 76 - Victorias City, Negros Occidental is composed of the followin",,,1ST,,OF TABOSO,POBLACION,SAN JOSE ST,COMMERCIAL LOTS,CR,Commercial - Regular,500.0
raw,"RDO No. 76 - Victorias City, Negros Occidental is composed of the followin",,,1ST,,OF TABOSO,POBLACION,SAN JOSE ST,"10,000 M. TO THE POBLACION",I,Industrial,1000.0
raw,"RDO No. 76 - Victorias City, Negros Occidental is composed of the followin",,,1ST,,OF TABOSO,POBLACION,SAN JOSE ST,"BEYOND 50,000 M. FROM POB.",I,Industrial,800.0
raw,"RDO No. 76 - Victorias City, Negros Occidental is composed of the followin",,,1ST,,OF TABOSO,POBLACION,SAN JOSE ST,"50,000 M. FROM POBLACION",I,Industrial,600.0
raw,"RDO No. 76 - Victorias City, Negros Occidental is composed of the followin",,,1ST,,OF TABOSO,POBLACION,SAN JOSE ST,"50,000 M. FROM POBLACION",A1,Agricultural - A1,16.0
raw,"RDO No. 76 - Victorias City, Negros Occidental is composed of the followin",,,1ST,,OF TABOSO,POBLACION,SAN JOSE ST,"50,000 M. FROM POBLACION",A2,Agricultural - A2,8.0
raw,"RDO No. 76 - Victorias City, Negros Occidental is composed of the followin",,,1ST,,OF TABOSO,POBLACION,SAN JOSE ST,"50,000 M. FROM POBLACION",A3,Agricultural - A3,7.0
raw,"RDO No. 76 - Victorias City, Negros Occidental is composed of the followin",,,1ST,,OF TABOSO,POBLACION,SAN JOSE ST,"50,000 M. FROM POBLACION",A4,Agricultural - A4,10.0
raw,"RDO No. 76 - Victorias City, Negros Occidental is composed of the followin",,,1ST,,OF TABOSO,POBLACION,SAN JOSE ST,"50,000 M. FROM POBLACION",A6,Agricultural - A6,28.0
raw,"RDO No. 76 - Victorias City, Negros Occidental is composed of the followin",,,1ST,,OF TABOSO,POBLACION,SAN JOSE ST,"50,000 M. FROM POBLACION",A8,Agricultural - A8,8.0
raw,"RDO No. 76 - Victorias City, Negros Occidental is composed of the followin",,,1ST,,OF TABOSO,POBLACION,SAN JOSE ST,"50,000 M. FROM POBLACION",A10,Agricultural - A10,4.0
raw,"RDO No. 76 - Victorias City, Negros Occidental is composed of the followin",,,1ST,,OF TABOSO,POBLACION,SAN JOSE ST,"50,000 M. FROM POBLACION",A12,Agricultural - A12,20.0
raw,"RDO No. 76 - Victorias City, Negros Occidental is composed of the followin",,,1ST,,OF TABOSO,POBLACION,SAN JOSE ST,"50,000 M. FROM POBLACION",A14,Agricultural - A14,8.0
raw,"RDO No. 76 - Victorias City, Negros Occidental is composed of the followin",,,1ST,,OF TABOSO,POBLACION,SAN JOSE ST,"50,000 M. FROM POBLACION",A16,Agricultural - A16,6.0
raw,"RDO No. 76 - Victorias City, Negros Occidental is composed of the followin",,,1ST,,OF TABOSO,POBLACION,SAN JOSE ST,"50,000 M. FROM POBLACION",A17,Agricultural - A17,25.0
raw,"RDO No. 76 - Victorias City, Negros Occidental is composed of the followin",,,1ST,,OF TABOSO,POBLACION,SAN JOSE ST,"50,000 M. FROM POBLACION",A24,Agricultural - A24,4.0
raw,"RDO No. 76 - Victorias City, Negros Occidental is composed of the followin",,,1ST,,OF TABOSO,POBLACION,SAN JOSE ST,"50,000 M. FROM POBLACION",A26,Agricultural - A26,8.0
raw,"RDO No. 76 - Victorias City, Negros Occidental is composed of the followin",,,1ST,,OF TABOSO,POBLACION,SAN JOSE ST,"50,000 M. FROM POBLACION",A31,Agricultural - A31,10.0
raw,"RDO No. 76 - Victorias City, Negros Occidental is composed of the followin",,,1ST,,OF TABOSO,POBLACION,SAN JOSE ST,"50,000 M. FROM POBLACION",A32,Agricultural - A32,6.0
raw,"RDO No. 76 - Victorias City, Negros Occidental is composed of the followin",,,1ST,,OF TABOSO,POBLACION,SAN JOSE ST,"50,000 M. FROM POBLACION",A36,Agricultural - A36,4.0
raw,"RDO No. 76 - Victorias City, Negros Occidental is composed of the followin",,,1ST,,OF TABOSO,POBLACION,SAN JOSE ST,"50,000 M. FROM POBLACION",A37,Agricultural - A37,2.0
raw,"RDO No. 76 - Victorias City, Negros Occidental is composed of the followin",,,1ST,,OF TABOSO,POBLACION,SAN JOSE ST,"50,000 M. FROM POBLACION",A38,Agricultural - A38,8.0
raw,"RDO No. 76 - Victorias City, Negros Occidental is composed of the followin",,,,,OF TABOSO,POBLACION,SAN JOSE ST,BEDONIA-NATIONAL RD TO,RR,Residential - Regular,300.0
raw,"RDO No. 76 - Victorias City, Negros Occidental is composed of the followin",,,,,OF TABOSO,POBLACION,SAN JOSE ST,BEDONIA-NATIONAL RD TO,A,Agricultural,38.0
raw,"RDO No. 76 - Victorias City, Negros Occidental is composed of the followin",,,,,OF TABOSO,POBLACION,SAN JOSE ST,BEDONIA-NATIONAL RD TO,A1,Agricultural - A1,20.0
raw,"RDO No. 76 - Victorias City, Negros Occidental is composed of the followin",,,,,OF TABOSO,POBLACION,SAN JOSE ST,BEDONIA-NATIONAL RD TO,A2,Agricultural - A2,19.0
raw,"RDO No. 76 - Victorias City, Negros Occidental is composed of the followin",,,,,OF TABOSO,POBLACION,SAN JOSE ST,BEDONIA-NATIONAL RD TO,A3,Agricultural - A3,16.0
raw,"RDO No. 76 - Victorias City, Negros Occidental is composed of the followin",,,,,OF TABOSO,POBLACION,SAN JOSE ST,BEDONIA-NATIONAL RD TO,A4,Agricultural - A4,8.0
raw,"RDO No. 76 - Victorias City, Negros Occidental is composed of the followin",,,,,OF TABOSO,POBLACION,SAN JOSE ST,BEDONIA-NATIONAL RD TO,A5,Agricultural - A5,6.0
raw,"RDO No. 76 - Victorias City, Negros Occidental is composed of the followin",,,,,OF TABOSO,POBLACION,SAN JOSE ST,BEDONIA-NATIONAL RD TO,A6,Agricultural - A6,4.0
raw,"RDO No. 76 - Victorias City, Negros Occidental is composed of the followin",,,,,OF TABOSO,POBLACION,SAN JOSE ST,BEDONIA-NATIONAL RD TO,A7,Agricultural - A7,3.0
raw,"RDO No. 76 - Victorias City, Negros Occidental is composed of the followin",,,,,OF TABOSO,POBLACION,SAN JOSE ST,BEDONIA-NATIONAL RD TO,A8,Agricultural - A8,2.0
raw,"RDO No. 76 - Victorias City, Negros Occidental is composed of the followin",,,,,OF TABOSO,POBLACION,SAN JOSE ST,BEDONIA-NATIONAL RD TO,A9,Agricultural - A9,1.0
raw,"RDO No. 76 - Victorias City, Negros Occidental is composed of the followin",,,1ST,,OF TABOSO,POBLACION,SAN JOSE ST,BEDONIA-NATIONAL RD TO,RR,Residential - Regular,500.0
raw,"RDO No. 76 - Victorias City, Negros Occidental is composed of the followin",,,1ST,,OF TABOSO,POBLACION,SAN JOSE ST,RES. LOTS OUTSIDE POB.,RR,Residential - Regular,300.0
raw,"RDO No. 76 - Victorias City, Negros Occidental is composed of the followin",,,1ST,,OF TABOSO,POBLACION,SAN JOSE ST,OUTSIDE POB. ALONG HIGHWAY,RR,Residential - Regular,400.0
raw,"RDO No. 76 - Victorias City, Negros Occidental is composed of the followin",,,1ST,,OF TABOSO,POBLACION,SAN JOSE ST,RESIDENTIAL PURPOSES,RR,Residential - Regular,300.0
raw,"RDO No. 76 - Victorias City, Negros Occidental is composed of the followin",,,1ST,,OF TABOSO,POBLACION,SAN JOSE ST,COMMERCIAL OUTSIDE POB.,CR,Commercial - Regular,600.0
raw,"RDO No. 76 - Victorias City, Negros Occidental is composed of the followin",,,1ST,,OF TABOSO,POBLACION,SAN JOSE ST,OUTSIDE POB. ALONG HIGHWAY,CR,Commercial - Regular,600.0
raw,"RDO No. 76 - Victorias City, Negros Occidental is composed of the followin",,,1ST,,OF TABOSO,POBLACION,SAN JOSE ST,COMMERCIAL LOTS,CR,Commercial - Regular,500.0
raw,"RDO No. 76 - Victorias City, Negros Occidental is composed of the followin",,,1ST,,OF TABOSO,POBLACION,SAN JOSE ST,"10,000 M. TO THE POBLACION",I,Industrial,1000.0
raw,"RDO No. 76 - Victorias City, Negros Occidental is composed of the followin",,,1ST,,OF TABOSO,POBLACION,SAN JOSE ST,"BEYOND 50,000 M. FROM POB.",I,Industrial,800.0
raw,"RDO No. 76 - Victorias City, Negros Occidental is composed of the followin",,,1ST,,OF TABOSO,POBLACION,SAN JOSE ST,"50,000 M. FROM POBLACION",I,Industrial,600.0
raw,"RDO No. 76 - Victorias City, Negros Occidental is composed of the followin",,,1ST,,OF TABOSO,POBLACION,SAN JOSE ST,"50,000 M. FROM POBLACION",A1,Agricultural - A1,16.0
raw,"RDO No. 76 - Victorias City, Negros Occidental is composed of the followin",,,1ST,,OF TABOSO,POBLACION,SAN JOSE ST,"50,000 M. FROM POBLACION",A2,Agricultural - A2,8.0
raw,"RDO No. 76 - Victorias City, Negros Occidental is composed of the followin",,,1ST,,OF TABOSO,POBLACION,SAN JOSE ST,"50,000 M. FROM POBLACION",A3,Agricultural - A3,7.0
raw,"RDO No. 76 - Victorias City, Negros Occidental is composed of the followin",,,1ST,,OF TABOSO,POBLACION,SAN JOSE ST,"50,000 M. FROM POBLACION",A4,Agricultural - A4,10.0
raw,"RDO No. 76 - Victorias City, Negros Occidental is composed of the followin",,,1ST,,OF TABOSO,POBLACION,SAN JOSE ST,"50,000 M. FROM POBLACION",A6,Agricultural - A6,28.0
raw,"RDO No. 76 - Victorias City, Negros Occidental is composed of the followin",,,1ST,,OF TABOSO,POBLACION,SAN JOSE ST,"50,000 M. FROM POBLACION",A8,Agricultural - A8,8.0
raw,"RDO No. 76 - Victorias City, Negros Occidental is composed of the followin",,,1ST,,OF TABOSO,POBLACION,SAN JOSE ST,"50,000 M. FROM POBLACION",A10,Agricultural - A10,4.0
raw,"RDO No. 76 - Victorias City, Negros Occidental is composed of the followin",,,1ST,,OF TABOSO,POBLACION,SAN JOSE ST,"50,000 M. FROM POBLACION",A12,Agricultural - A12,20.0
raw,"RDO No. 76 - Victorias City, Negros Occidental is composed of the followin",,,1ST,,OF TABOSO,POBLACION,SAN JOSE ST,"50,000 M. FROM POBLACION",A14,Agricultural - A14,8.0
raw,"RDO No. 76 - Victorias City, Negros Occidental is composed of the followin",,,1ST,,OF TABOSO,POBLACION,SAN JOSE ST,"50,000 M. FROM POBLACION",A16,Agricultural - A16,6.0
raw,"RDO No. 76 - Victorias City, Negros Occidental is composed of the followin",,,1ST,,OF TABOSO,POBLACION,SAN JOSE ST,"50,000 M. FROM POBLACION",A17,Agricultural - A17,25.0
raw,"RDO No. 76 - Victorias City, Negros Occidental is composed of the followin",,,1ST,,OF TABOSO,POBLACION,SAN JOSE ST,"50,000 M. FROM POBLACION",A24,Agricultural - A24,4.0
raw,"RDO No. 76 - Victorias City, Negros Occidental is composed of the followin",,,1ST,,OF TABOSO,POBLACION,SAN JOSE ST,"50,000 M. FROM POBLACION",A26,Agricultural - A26,8.0
raw,"RDO No. 76 - Victorias City, Negros Occidental is composed of the followin",,,1ST,,OF TABOSO,POBLACION,SAN JOSE ST,"50,000 M. FROM POBLACION",A31,Agricultural - A31,10.0
raw,"RDO No. 76 - Victorias City, Negros Occidental is composed of the followin",,,1ST,,OF TABOSO,POBLACION,SAN JOSE ST,"50,000 M. FROM POBLACION",A32,Agricultural - A32,6.0
raw,"RDO No. 76 - Victorias City, Negros Occidental is composed of the followin",,,1ST,,OF TABOSO,POBLACION,SAN JOSE ST,"50,000 M. FROM POBLACION",A36,Agricultural - A36,4.0
raw,"RDO No. 76 - Victorias City, Negros Occidental is composed of the followin",,,1ST,,OF TABOSO,POBLACION,SAN JOSE ST,"50,000 M. FROM POBLACION",A37,Agricultural - A37,2.0
raw,"RDO No. 76 - Victorias City, Negros Occidental is composed of the followin",,,1ST,,OF TABOSO,POBLACION,SAN JOSE ST,"50,000 M. FROM POBLACION",A38,Agricultural - A38,8.0
raw,"RDO No. 76 - Victorias City, Negros Occidental is composed of the followin",,,,,OF TABOSO,POBLACION,SAN JOSE ST,BEDONIA-NATIONAL RD TO,RR,Residential - Regular,300.0
raw,"RDO No. 76 - Victorias City, Negros Occidental is composed of the followin",,,,,OF TABOSO,POBLACION,SAN JOSE ST,BEDONIA-NATIONAL RD TO,A,Agricultural,38.0
raw,"RDO No. 76 - Victorias City, Negros Occidental is composed of the followin",,,,,OF TABOSO,POBLACION,SAN JOSE ST,BEDONIA-NATIONAL RD TO,A1,Agricultural - A1,20.0
raw,"RDO No. 76 - Victorias City, Negros Occidental is composed of the followin",,,,,OF TABOSO,POBLACION,SAN JOSE ST,BEDONIA-NATIONAL RD TO,A2,Agricultural - A2,19.0
raw,"RDO No. 76 - Victorias City, Negros Occidental is composed of the followin",,,,,OF TABOSO,POBLACION,SAN JOSE ST,BEDONIA-NATIONAL RD TO,A3,Agricultural - A3,16.0
raw,"RDO No. 76 - Victorias City, Negros Occidental is composed of the followin",,,,,OF TABOSO,POBLACION,SAN JOSE ST,BEDONIA-NATIONAL RD TO,A4,Agricultural - A4,8.0
raw,"RDO No. 76 - Victorias City, Negros Occidental is composed of the followin",,,,,OF TABOSO,POBLACION,SAN JOSE ST,BEDONIA-NATIONAL RD TO,A5,Agricultural - A5,6.0
raw,"RDO No. 76 - Victorias City, Negros Occidental is composed of the followin",,,,,OF TABOSO,POBLACION,SAN JOSE ST,BEDONIA-NATIONAL RD TO,A6,Agricultural - A6,4.0
raw,"RDO No. 76 - Victorias City, Negros Occidental is composed of the followin",,,,,OF TABOSO,POBLACION,SAN JOSE ST,BEDONIA-NATIONAL RD TO,A7,Agricultural - A7,3.0
raw,"RDO No. 76 - Victorias City, Negros Occidental is composed of the followin",,,,,OF TABOSO,POBLACION,SAN JOSE ST,BEDONIA-NATIONAL RD TO,A8,Agricultural - A8,2.0
raw,"RDO No. 76 - Victorias City, Negros Occidental is composed of the followin",,,,,OF TABOSO,POBLACION,SAN JOSE ST,BEDONIA-NATIONAL RD TO,A9,Agricultural - A9,1.0
raw,"RDO No. 76 - Victorias City, Negros Occidental is composed of the followin",,,1ST,,"OF VICTORIAS, NEGROS",ALL OTHER BARANGAYS,ALL LOTS,,RR,Residential - Regular,400.0
raw,"RDO No. 76 - Victorias City, Negros Occidental is composed of the followin",,,1ST,,"OF VICTORIAS, NEGROS",ALL OTHER BARANGAYS,ALL LOTS,,A17,Agricultural - A17,20.0
raw,"RDO No. 76 - Victorias City, Negros Occidental is composed of the followin",,,1ST,,"OF VICTORIAS, NEGROS",ALL OTHER BARANGAYS,ALL LOTS,,RR,Residential - Regular,400.0
raw,"RDO No. 76 - Victorias City, Negros Occidental is composed of the followin",,,1ST,,"OF VICTORIAS, NEGROS",ALL OTHER BARANGAYS,ALL LOTS,,A17,Agricultural - A17,20.0
raw,"RDO No. 76 - Victorias City, Negros Occidental is composed of the followin",,,1ST,,"OF VICTORIAS, NEGROS",DAAN BANUA,ALL LOTS,,RR,Residential - Regular,400.0
raw,"RDO No. 76 - Victorias City, Negros Occidental is composed of the followin",,,1ST,,"OF VICTORIAS, NEGROS",DAAN BANUA,ALL LOTS,,CR,Commercial - Regular,1100.0
raw,"RDO No. 76 - Victorias City, Negros Occidental is composed of the followin",,,1ST,,"OF VICTORIAS, NEGROS",DAAN BANUA,ALL LOTS,JOVER-YAP QUINA-BONIFACIO,RR,Residential - Regular,750.0
raw,"RDO No. 76 - Victorias City, Negros Occidental is composed of the followin",,,1ST,,"OF VICTORIAS, NEGROS",DAAN BANUA,ALL LOTS,ASCALON-GONZAGA-ARDOS-,RR,Residential - Regular,750.0
raw,"RDO No. 76 - Victorias City, Negros Occidental is composed of the followin",,,1ST,,"OF VICTORIAS, NEGROS",DAAN BANUA,ALL LOTS,,RR,Residential - Regular,400.0
raw,"RDO No. 76 - Victorias City, Negros Occidental is composed of the followin",,,1ST,,"OF VICTORIAS, NEGROS",DAAN BANUA,ALL LOTS,,CR,Commercial - Regular,1100.0
raw,"RDO No. 76 - Victorias City, Negros Occidental is composed of the followin",,,1ST,,"OF VICTORIAS, NEGROS",DAAN BANUA,ALL LOTS,JOVER-YAP QUINA-BONIFACIO,RR,Residential - Regular,750.0
raw,"RDO No. 76 - Victorias City, Negros Occidental is composed of the followin",,,1ST,,"OF VICTORIAS, NEGROS",DAAN BANUA,ALL LOTS,ASCALON-GONZAGA-ARDOS-,RR,Residential - Regular,750.0
raw,"RDO No. 76 - Victorias City, Negros Occidental is composed of the followin",,,1ST,,"OF VICTORIAS, NEGROS","HDA BINANLUTAN, HDA. MALIHAO",ALL LOTS,,RR,Residential - Regular,350.0
raw,"RDO No. 76 - Victorias City, Negros Occidental is composed of the followin",,,1ST,,"OF VICTORIAS, NEGROS","HDA BINANLUTAN, HDA. MALIHAO",ALL LOTS,INDUSTRIAL PURPOSE,I,Industrial,1200.0
raw,"RDO No. 76 - Victorias City, Negros Occidental is composed of the followin",,,1ST,,"OF VICTORIAS, NEGROS","HDA BINANLUTAN, HDA. MALIHAO",ALL LOTS,,RR,Residential - Regular,350.0
raw,"RDO No. 76 - Victorias City, Negros Occidental is composed of the followin",,,1ST,,"OF VICTORIAS, NEGROS","HDA BINANLUTAN, HDA. MALIHAO",ALL LOTS,INDUSTRIAL PURPOSE,I,Industrial,1200.0
raw,"RDO No. 76 - Victorias City, Negros Occidental is composed of the followin",,,1ST,,"OF VICTORIAS, NEGROS","HDA EDITHA, MADANLOG",ALL LOTS,,CR,Commercial - Regular,1350.0
raw,"RDO No. 76 - Victorias City, Negros Occidental is composed of the followin",,,1ST,,"OF VICTORIAS, NEGROS","HDA EDITHA, MADANLOG",ALL LOTS,,RR,Residential - Regular,400.0
raw,"RDO No. 76 - Victorias City, Negros Occidental is composed of the followin",,,1ST,,"OF VICTORIAS, NEGROS","HDA EDITHA, MADANLOG",ALL LOTS,,CR,Commercial - Regular,1350.0
raw,"RDO No. 76 - Victorias City, Negros Occidental is composed of the followin",,,1ST,,"OF VICTORIAS, NEGROS","HDA EDITHA, MADANLOG",ALL LOTS,,RR,Residential - Regular,400.0
raw,"RDO No. 76 - Victorias City, Negros Occidental is composed of the followin",,,,,"OF VICTORIAS, NEGROS",IX  DAAN BANWA,PHIL ACETYLINE CO.,VMC COMPOUND,I,Industrial,2500.0
raw,"RDO No. 76 - Victorias City, Negros Occidental is composed of the followin",,,,,"OF VICTORIAS, NEGROS",IX  DAAN BANWA,PHIL ACETYLINE CO.,VMC COMPOUND,I,Industrial,2500.0
raw,"RDO No. 76 - Victorias City, Negros Occidental is composed of the followin",,,,,"OF VICTORIAS, NEGROS",IX  DAAN BANWA,VMC DOCK YARD,,I,Industrial,2000.0
raw,"RDO No. 76 - Victorias City, Negros Occidental is composed of the followin",,,,,"OF VICTORIAS, NEGROS",IX  DAAN BANWA,VMC DOCK YARD,,I,Industrial,2000.0
raw,"RDO No. 76 - Victorias City, Negros Occidental is composed of the followin",,,,,"OF VICTORIAS, NEGROS",IX  DAAN BANWA,VMC FACTORY SITE,VMC COMPOUND,I,Industrial,2800.0
raw,"RDO No. 76 - Victorias City, Negros Occidental is composed of the followin",,,,,"OF VICTORIAS, NEGROS",IX  DAAN BANWA,VMC FACTORY SITE,VMC COMPOUND,I,Industrial,2800.0
raw,"RDO No. 76 - Victorias City, Negros Occidental is composed of the followin",,,,,"OF VICTORIAS, NEGROS",IX  DAAN BANWA,VMC TRANSLOADING STATION,,I,Industrial,2000.0
raw,"RDO No. 76 - Victorias City, Negros Occidental is composed of the followin",,,,,"OF VICTORIAS, NEGROS",IX  DAAN BANWA,VMC TRANSLOADING STATION,,I,Industrial,2000.0
raw,"RDO No. 76 - Victorias City, Negros Occidental is composed of the followin",,,1ST,,"OF VICTORIAS, NEGROS",IX DAAN BANWA,ABELARDO BANTUG FDTN.,VMC COMPOUND,RR,Residential - Regular,450.0
raw,"RDO No. 76 - Victorias City, Negros Occidental is composed of the followin",,,1ST,,"OF VICTORIAS, NEGROS",IX DAAN BANWA,ABELARDO BANTUG FDTN.,VMC COMPOUND,RR,Residential - Regular,450.0
raw,"RDO No. 76 - Victorias City, Negros Occidental is composed of the followin",,,1ST,,"OF VICTORIAS, NEGROS",IX DAAN BANWA,BASA REALTY,VMC COMPOUND,RR,Residential - Regular,450.0
raw,"RDO No. 76 - Victorias City, Negros Occidental is composed of the followin",,,1ST,,"OF VICTORIAS, NEGROS",IX DAAN BANWA,BASA REALTY,VMC COMPOUND,RR,Residential - Regular,450.0
raw,"RDO No. 76 - Victorias City, Negros Occidental is composed of the followin",,,1ST,,"OF VICTORIAS, NEGROS",IX DAAN BANWA,PHIL ACETYLINE CO.,VMC COMPOUND,I,Industrial,3000.0
raw,"RDO No. 76 - Victorias City, Negros Occidental is composed of the followin",,,1ST,,"OF VICTORIAS, NEGROS",IX DAAN BANWA,PHIL ACETYLINE CO.,VMC COMPOUND,I,Industrial,3000.0
raw,"RDO No. 76 - Victorias City, Negros Occidental is composed of the followin",,,1ST,,"OF VICTORIAS, NEGROS",IX DAAN BANWA,VMC DOCK YARD,,I,Industrial,3000.0
raw,"RDO No. 76 - Victorias City, Negros Occidental is composed of the followin",,,1ST,,"OF VICTORIAS, NEGROS",IX DAAN BANWA,VMC DOCK YARD,,I,Industrial,3000.0
raw,"RDO No. 76 - Victorias City, Negros Occidental is composed of the followin",,,1ST,,"OF VICTORIAS, NEGROS",IX DAAN BANWA,VMC FACTORY SITE,VMC COMPOUND,I,Industrial,4200.0
raw,"RDO No. 76 - Victorias City, Negros Occidental is composed of the followin",,,1ST,,"OF VICTORIAS, NEGROS",IX DAAN BANWA,VMC FACTORY SITE,VMC COMPOUND,I,Industrial,4200.0
raw,"RDO No. 76 - Victorias City, Negros Occidental is composed of the followin",,,1ST,,"OF VICTORIAS, NEGROS",IX DAAN BANWA,VMC TRANSLOADING STATION,,I,Industrial,4200.0
raw,"RDO No. 76 - Victorias City, Negros Occidental is composed of the followin",,,1ST,,"OF VICTORIAS, NEGROS",IX DAAN BANWA,VMC TRANSLOADING STATION,,I,Industrial,4200.0
raw,"RDO No. 76 - Victorias City, Negros Occidental is composed of the followin",,,,,"OF VICTORIAS, NEGROS",OTHER BARANGAYS,ALL LOTS SUGARLAND,,A1,Agricultural - A1,20.0
raw,"RDO No. 76 - Victorias City, Negros Occidental is composed of the followin",,,,,"OF VICTORIAS, NEGROS",OTHER BARANGAYS,ALL LOTS SUGARLAND,,A1,Agricultural - A1,20.0
raw,"RDO No. 76 - Victorias City, Negros Occidental is composed of the followin",,,1ST,,"OF VICTORIAS, NEGROS",POBLACION,,,A48,Agricultural - A48,7.5
raw,"RDO No. 76 - Victorias City, Negros Occidental is composed of the followin",,,1ST,,"OF VICTORIAS, NEGROS",POBLACION,,,GP,General Purpose,37.0
raw,"RDO No. 76 - Victorias City, Negros Occidental is composed of the followin",,,1ST,,"OF VICTORIAS, NEGROS",POBLACION,,GAME FOWL/BREEDING FARM,A50,Agricultural - A50,75.0
raw,"RDO No. 76 - Victorias City, Negros Occidental is composed of the followin",,,1ST,,"OF VICTORIAS, NEGROS",POBLACION,,LIVESTOCK & BREEDING FARM,A50,Agricultural - A50,75.0
raw,"RDO No. 76 - Victorias City, Negros Occidental is composed of the followin",,,1ST,,"OF VICTORIAS, NEGROS",POBLACION,,SWINE & POULTRY FARM,A50,Agricultural - A50,30.0
raw,"RDO No. 76 - Victorias City, Negros Occidental is composed of the followin",,,1ST,,"OF VICTORIAS, NEGROS",POBLACION,,FLORICULTURE,A50,Agricultural - A50,52.5
raw,"RDO No. 76 - Victorias City, Negros Occidental is composed of the followin",,,1ST,,"OF VICTORIAS, NEGROS",POBLACION,,,A48,Agricultural - A48,7.5
raw,"RDO No. 76 - Victorias City, Negros Occidental is composed of the followin",,,1ST,,"OF VICTORIAS, NEGROS",POBLACION,,,GP,General Purpose,37.0
raw,"RDO No. 76 - Victorias City, Negros Occidental is composed of the followin",,,1ST,,"OF VICTORIAS, NEGROS",POBLACION,,GAME FOWL/BREEDING FARM,A50,Agricultural - A50,75.0
raw,"RDO No. 76 - Victorias City, Negros Occidental is composed of the followin",,,1ST,,"OF VICTORIAS, NEGROS",POBLACION,,LIVESTOCK & BREEDING FARM,A50,Agricultural - A50,75.0
raw,"RDO No. 76 - Victorias City, Negros Occidental is composed of the followin",,,1ST,,"OF VICTORIAS, NEGROS",POBLACION,,SWINE & POULTRY FARM,A50,Agricultural - A50,30.0
raw,"RDO No. 76 - Victorias City, Negros Occidental is composed of the followin",,,1ST,,"OF VICTORIAS, NEGROS",POBLACION,,FLORICULTURE,A50,Agricultural - A50,52.5
raw,"RDO No. 76 - Victorias City, Negros Occidental is composed of the followin",,,1ST,,"OF VICTORIAS, NEGROS",POBLACION,ARDOSA ST,GONZAGA-JOVER,RR,Residential - Regular,750.0
raw,"RDO No. 76 - Victorias City, Negros Occidental is composed of the followin",,,,,"OF VICTORIAS, NEGROS",POBLACION,ARDOSA ST,GONZAGA-JOVER,RR,Residential - Regular,400.0
raw,"RDO No. 76 - Victorias City, Negros Occidental is composed of the followin",,,1ST,,"OF VICTORIAS, NEGROS",POBLACION,ARDOSA ST,GONZAGA-JOVER,RR,Residential - Regular,750.0
raw,"RDO No. 76 - Victorias City, Negros Occidental is composed of the followin",,,,,"OF VICTORIAS, NEGROS",POBLACION,ARDOSA ST,GONZAGA-JOVER,RR,Residential - Regular,400.0
raw,"RDO No. 76 - Victorias City, Negros Occidental is composed of the followin",,,1ST,,"OF VICTORIAS, NEGROS",POBLACION,ARNAIZ ST,OSMENA-MIRAFLORES,CR,Commercial - Regular,2400.0
raw,"RDO No. 76 - Victorias City, Negros Occidental is composed of the followin",,,,,"OF VICTORIAS, NEGROS",POBLACION,ARNAIZ ST,OSMENA-MIRAFLORES,CR,Commercial - Regular,700.0
raw,"RDO No. 76 - Victorias City, Negros Occidental is composed of the followin",,,1ST,,"OF VICTORIAS, NEGROS",POBLACION,ARNAIZ ST,OSMENA-MIRAFLORES,CR,Commercial - Regular,2400.0
raw,"RDO No. 76 - Victorias City, Negros Occidental is composed of the followin",,,,,"OF VICTORIAS, NEGROS",POBLACION,ARNAIZ ST,OSMENA-MIRAFLORES,CR,Commercial - Regular,700.0
raw,"RDO No. 76 - Victorias City, Negros Occidental is composed of the followin",,,1ST,,"OF VICTORIAS, NEGROS",POBLACION,ASCALON ST,GONZAGA-MONTINOLA,CR,Commercial - Regular,2400.0
raw,"RDO No. 76 - Victorias City, Negros Occidental is composed of the followin",,,,,"OF VICTORIAS, NEGROS",POBLACION,ASCALON ST,GONZAGA-MONTINOLA,CR,Commercial - Regular,700.0
raw,"RDO No. 76 - Victorias City, Negros Occidental is composed of the followin",,,1ST,,"OF VICTORIAS, NEGROS",POBLACION,ASCALON ST,GONZAGA-MONTINOLA,CR,Commercial - Regular,2400.0
raw,"RDO No. 76 - Victorias City, Negros Occidental is composed of the followin",,,,,"OF VICTORIAS, NEGROS",POBLACION,ASCALON ST,GONZAGA-MONTINOLA,CR,Commercial - Regular,700.0
raw,"RDO No. 76 - Victorias City, Negros Occidental is composed of the followin",,,1ST,,"OF VICTORIAS, NEGROS",POBLACION,ASCALON-JOVER BLOCK,JALANDONI-DE LEON,CR,Commercial - Regular,2400.0
raw,"RDO No. 76 - Victorias City, Negros Occidental is composed of the followin",,,1ST,,"OF VICTORIAS, NEGROS",POBLACION,ASCALON-JOVER BLOCK,JOVER-QUEZON-BONIFACIO,RR,Residential - Regular,750.0
raw,"RDO No. 76 - Victorias City, Negros Occidental is composed of the followin",,,,,"OF VICTORIAS, NEGROS",POBLACION,ASCALON-JOVER BLOCK,JALANDONI-DE LEON,CR,Commercial - Regular,700.0
raw,"RDO No. 76 - Victorias City, Negros Occidental is composed of the followin",,,1ST,,"OF VICTORIAS, NEGROS",POBLACION,ASCALON-JOVER BLOCK,JALANDONI-DE LEON,CR,Commercial - Regular,2400.0
raw,"RDO No. 76 - Victorias City, Negros Occidental is composed of the followin",,,1ST,,"OF VICTORIAS, NEGROS",POBLACION,ASCALON-JOVER BLOCK,JOVER-QUEZON-BONIFACIO,RR,Residential - Regular,750.0
raw,"RDO No. 76 - Victorias City, Negros Occidental is composed of the followin",,,,,"OF VICTORIAS, NEGROS",POBLACION,ASCALON-JOVER BLOCK,JALANDONI-DE LEON,CR,Commercial - Regular,700.0
raw,"RDO No. 76 - Victorias City, Negros Occidental is composed of the followin",,,1ST,,"OF VICTORIAS, NEGROS",POBLACION,BONIFACIO ST,QUEZON-YAP QUINA,RR,Residential - Regular,750.0
raw,"RDO No. 76 - Victorias City, Negros Occidental is composed of the followin",,,,,"OF VICTORIAS, NEGROS",POBLACION,BONIFACIO ST,QUEZON-YAP QUINA,RR,Residential - Regular,400.0
raw,"RDO No. 76 - Victorias City, Negros Occidental is composed of the followin",,,1ST,,"OF VICTORIAS, NEGROS",POBLACION,BONIFACIO ST,QUEZON-YAP QUINA,RR,Residential - Regular,750.0
raw,"RDO No. 76 - Victorias City, Negros Occidental is composed of the followin",,,,,"OF VICTORIAS, NEGROS",POBLACION,BONIFACIO ST,QUEZON-YAP QUINA,RR,Residential - Regular,400.0
raw,"RDO No. 76 - Victorias City, Negros Occidental is composed of the followin",,,1ST,,"OF VICTORIAS, NEGROS",POBLACION,CANETOWN SUBD.,QUEZON-YAP QUINA,RR,Residential - Regular,750.0
raw,"RDO No. 76 - Victorias City, Negros Occidental is composed of the followin",,,,,"OF VICTORIAS, NEGROS",POBLACION,CANETOWN SUBD.,QUEZON-YAP QUINA,RR,Residential - Regular,400.0
raw,"RDO No. 76 - Victorias City, Negros Occidental is composed of the followin",,,1ST,,"OF VICTORIAS, NEGROS",POBLACION,CANETOWN SUBD.,QUEZON-YAP QUINA,RR,Residential - Regular,750.0
raw,"RDO No. 76 - Victorias City, Negros Occidental is composed of the followin",,,,,"OF VICTORIAS, NEGROS",POBLACION,CANETOWN SUBD.,QUEZON-YAP QUINA,RR,Residential - Regular,400.0
raw,"RDO No. 76 - Victorias City, Negros Occidental is composed of the followin",,,1ST,,"OF VICTORIAS, NEGROS",POBLACION,CASANARES ST,MALIJAO RIVER-DE LEON ST,RR,Residential - Regular,750.0
raw,"RDO No. 76 - Victorias City, Negros Occidental is composed of the followin",,,1ST,,"OF VICTORIAS, NEGROS",POBLACION,CASANARES ST,ASCALON-JOVER-OSMENA,CR,Commercial - Regular,2400.0
raw,"RDO No. 76 - Victorias City, Negros Occidental is composed of the followin",,,,,"OF VICTORIAS, NEGROS",POBLACION,CASANARES ST,MALIJAO RIVER-DE LEON ST,RR,Residential - Regular,400.0
raw,"RDO No. 76 - Victorias City, Negros Occidental is composed of the followin",,,1ST,,"OF VICTORIAS, NEGROS",POBLACION,CASANARES ST,MALIJAO RIVER-DE LEON ST,RR,Residential - Regular,750.0
raw,"RDO No. 76 - Victorias City, Negros Occidental is composed of the followin",,,1ST,,"OF VICTORIAS, NEGROS",POBLACION,CASANARES ST,ASCALON-JOVER-OSMENA,CR,Commercial - Regular,2400.0
raw,"RDO No. 76 - Victorias City, Negros Occidental is composed of the followin",,,,,"OF VICTORIAS, NEGROS",POBLACION,CASANARES ST,MALIJAO RIVER-DE LEON ST,RR,Residential - Regular,400.0
raw,"RDO No. 76 - Victorias City, Negros Occidental is composed of the followin",,,1ST,,"OF VICTORIAS, NEGROS",POBLACION,DE LEON BLOCK,GONZAGA-OSMENA-DE LEON,CR,Commercial - Regular,2400.0
raw,"RDO No. 76 - Victorias City, Negros Occidental is composed of the followin",,,1ST,,"OF VICTORIAS, NEGROS",POBLACION,DE LEON BLOCK,GONZAGA-DE LEON,RR,Residential - Regular,750.0
raw,"RDO No. 76 - Victorias City, Negros Occidental is composed of the followin",,,1ST,,"OF VICTORIAS, NEGROS",POBLACION,DE LEON BLOCK,DE LEON-JOVER,CR,Commercial - Regular,2400.0
raw,"RDO No. 76 - Victorias City, Negros Occidental is composed of the followin",,,1ST,,"OF VICTORIAS, NEGROS",POBLACION,DE LEON BLOCK,DE LEON-ARDOSA-JOVER,RR,Residential - Regular,750.0
raw,"RDO No. 76 - Victorias City, Negros Occidental is composed of the followin",,,1ST,,"OF VICTORIAS, NEGROS",POBLACION,DE LEON BLOCK,ASCALON-JOVER OSMENA,CR,Commercial - Regular,2400.0
raw,"RDO No. 76 - Victorias City, Negros Occidental is composed of the followin",,,,,"OF VICTORIAS, NEGROS",POBLACION,DE LEON BLOCK,ASCALON-JOVER OSMENA,CR,Commercial - Regular,700.0
raw,"RDO No. 76 - Victorias City, Negros Occidental is composed of the followin",,,1ST,,"OF VICTORIAS, NEGROS",POBLACION,DE LEON BLOCK,GONZAGA-OSMENA-DE LEON,CR,Commercial - Regular,2400.0
raw,"RDO No. 76 - Victorias City, Negros Occidental is composed of the followin",,,1ST,,"OF VICTORIAS, NEGROS",POBLACION,DE LEON BLOCK,GONZAGA-DE LEON,RR,Residential - Regular,750.0
raw,"RDO No. 76 - Victorias City, Negros Occidental is composed of the followin",,,1ST,,"OF VICTORIAS, NEGROS",POBLACION,DE LEON BLOCK,DE LEON-JOVER,CR,Commercial - Regular,2400.0
raw,"RDO No. 76 - Victorias City, Negros Occidental is composed of the followin",,,1ST,,"OF VICTORIAS, NEGROS",POBLACION,DE LEON BLOCK,DE LEON-ARDOSA-JOVER,RR,Residential - Regular,750.0
raw,"RDO No. 76 - Victorias City, Negros Occidental is composed of the followin",,,1ST,,"OF VICTORIAS, NEGROS",POBLACION,DE LEON BLOCK,ASCALON-JOVER OSMENA,CR,Commercial - Regular,2400.0
raw,"RDO No. 76 - Victorias City, Negros Occidental is composed of the followin",,,,,"OF VICTORIAS, NEGROS",POBLACION,DE LEON BLOCK,ASCALON-JOVER OSMENA,CR,Commercial - Regular,700.0
raw,"RDO No. 76 - Victorias City, Negros Occidental is composed of the followin",,,1ST,,"OF VICTORIAS, NEGROS",POBLACION,DE LEON ST,MIRAFLORES-CASANARES,RR,Residential - Regular,750.0
raw,"RDO No. 76 - Victorias City, Negros Occidental is composed of the followin",,,1ST,,"OF VICTORIAS, NEGROS",POBLACION,DE LEON ST,JALANDONI-MIRAFLORES,CR,Commercial - Regular,1350.0
raw,"RDO No. 76 - Victorias City, Negros Occidental is composed of the followin",,,,,"OF VICTORIAS, NEGROS",POBLACION,DE LEON ST,MIRAFLORES-CASANARES,RR,Residential - Regular,400.0
raw,"RDO No. 76 - Victorias City, Negros Occidental is composed of the followin",,,,,"OF VICTORIAS, NEGROS",POBLACION,DE LEON ST,JALANDONI-MIRAFLORES,CR,Commercial - Regular,700.0
raw,"RDO No. 76 - Victorias City, Negros Occidental is composed of the followin",,,1ST,,"OF VICTORIAS, NEGROS",POBLACION,DE LEON ST,MIRAFLORES-CASANARES,RR,Residential - Regular,750.0
raw,"RDO No. 76 - Victorias City, Negros Occidental is composed of the followin",,,1ST,,"OF VICTORIAS, NEGROS",POBLACION,DE LEON ST,JALANDONI-MIRAFLORES,CR,Commercial - Regular,1350.0
raw,"RDO No. 76 - Victorias City, Negros Occidental is composed of the followin",,,,,"OF VICTORIAS, NEGROS",POBLACION,DE LEON ST,MIRAFLORES-CASANARES,RR,Residential - Regular,400.0
raw,"RDO No. 76 - Victorias City, Negros Occidental is composed of the followin",,,,,"OF VICTORIAS, NEGROS",POBLACION,DE LEON ST,JALANDONI-MIRAFLORES,CR,Commercial - Regular,700.0
raw,"RDO No. 76 - Victorias City, Negros Occidental is composed of the followin",,,1ST,,"OF VICTORIAS, NEGROS",POBLACION,DITCHING SUBD.,QUEZON-YAP QUINA,RR,Residential - Regular,600.0
raw,"RDO No. 76 - Victorias City, Negros Occidental is composed of the followin",,,,,"OF VICTORIAS, NEGROS",POBLACION,DITCHING SUBD.,QUEZON-YAP QUINA,RR,Residential - Regular,400.0
raw,"RDO No. 76 - Victorias City, Negros Occidental is composed of the followin",,,1ST,,"OF VICTORIAS, NEGROS",POBLACION,DITCHING SUBD.,QUEZON-YAP QUINA,RR,Residential - Regular,600.0
raw,"RDO No. 76 - Victorias City, Negros Occidental is composed of the followin",,,,,"OF VICTORIAS, NEGROS",POBLACION,DITCHING SUBD.,QUEZON-YAP QUINA,RR,Residential - Regular,400.0
raw,"RDO No. 76 - Victorias City, Negros Occidental is composed of the followin",,,1ST,,"OF VICTORIAS, NEGROS",POBLACION,DITOHINO ST,QUEZON-YAP QUINA,RR,Residential - Regular,750.0
raw,"RDO No. 76 - Victorias City, Negros Occidental is composed of the followin",,,,,"OF VICTORIAS, NEGROS",POBLACION,DITOHINO ST,QUEZON-YAP QUINA,RR,Residential - Regular,400.0
raw,"RDO No. 76 - Victorias City, Negros Occidental is composed of the followin",,,1ST,,"OF VICTORIAS, NEGROS",POBLACION,DITOHINO ST,QUEZON-YAP QUINA,RR,Residential - Regular,750.0
raw,"RDO No. 76 - Victorias City, Negros Occidental is composed of the followin",,,,,"OF VICTORIAS, NEGROS",POBLACION,DITOHINO ST,QUEZON-YAP QUINA,RR,Residential - Regular,400.0
raw,"RDO No. 76 - Victorias City, Negros Occidental is composed of the followin",,,1ST,,"OF VICTORIAS, NEGROS",POBLACION,ESTRELLA VILLAGE,QUEZON-YAP QUINA,RR,Residential - Regular,600.0
raw,"RDO No. 76 - Victorias City, Negros Occidental is composed of the followin",,,,,"OF VICTORIAS, NEGROS",POBLACION,ESTRELLA VILLAGE,QUEZON-YAP QUINA,RR,Residential - Regular,400.0
raw,"RDO No. 76 - Victorias City, Negros Occidental is composed of the followin",,,1ST,,"OF VICTORIAS, NEGROS",POBLACION,ESTRELLA VILLAGE,QUEZON-YAP QUINA,RR,Residential - Regular,600.0
raw,"RDO No. 76 - Victorias City, Negros Occidental is composed of the followin",,,,,"OF VICTORIAS, NEGROS",POBLACION,ESTRELLA VILLAGE,QUEZON-YAP QUINA,RR,Residential - Regular,400.0
raw,"RDO No. 76 - Victorias City, Negros Occidental is composed of the followin",,,1ST,,"OF VICTORIAS, NEGROS",POBLACION,FERMIN ST,MAGSAYSAY-QUIRINO,RR,Residential - Regular,750.0
raw,"RDO No. 76 - Victorias City, Negros Occidental is composed of the followin",,,,,"OF VICTORIAS, NEGROS",POBLACION,FERMIN ST,MAGSAYSAY-QUIRINO,RR,Residential - Regular,400.0
raw,"RDO No. 76 - Victorias City, Negros Occidental is composed of the followin",,,1ST,,"OF VICTORIAS, NEGROS",POBLACION,FERMIN ST,MAGSAYSAY-QUIRINO,RR,Residential - Regular,750.0
raw,"RDO No. 76 - Victorias City, Negros Occidental is composed of the followin",,,,,"OF VICTORIAS, NEGROS",POBLACION,FERMIN ST,MAGSAYSAY-QUIRINO,RR,Residential - Regular,400.0
raw,"RDO No. 76 - Victorias City, Negros Occidental is composed of the followin",,,1ST,,"OF VICTORIAS, NEGROS",POBLACION,FERMONT VILLAGE,MAGSAYSAY-QUIRINO,RR,Residential - Regular,750.0
raw,"RDO No. 76 - Victorias City, Negros Occidental is composed of the followin",,,,,"OF VICTORIAS, NEGROS",POBLACION,FERMONT VILLAGE,MAGSAYSAY-QUIRINO,RR,Residential - Regular,400.0
raw,"RDO No. 76 - Victorias City, Negros Occidental is composed of the followin",,,1ST,,"OF VICTORIAS, NEGROS",POBLACION,FERMONT VILLAGE,MAGSAYSAY-QUIRINO,RR,Residential - Regular,750.0
raw,"RDO No. 76 - Victorias City, Negros Occidental is composed of the followin",,,,,"OF VICTORIAS, NEGROS",POBLACION,FERMONT VILLAGE,MAGSAYSAY-QUIRINO,RR,Residential - Regular,400.0
raw,"RDO No. 76 - Victorias City, Negros Occidental is composed of the followin",,,1ST,,"OF VICTORIAS, NEGROS",POBLACION,GLORY VILLE SUBD,MAGSAYSAY-QUIRINO,RR,Residential - Regular,600.0
raw,"RDO No. 76 - Victorias City, Negros Occidental is composed of the followin",,,,,"OF VICTORIAS, NEGROS",POBLACION,GLORY VILLE SUBD,MAGSAYSAY-QUIRINO,RR,Residential - Regular,400.0
raw,"RDO No. 76 - Victorias City, Negros Occidental is composed of the followin",,,1ST,,"OF VICTORIAS, NEGROS",POBLACION,GLORY VILLE SUBD,MAGSAYSAY-QUIRINO,RR,Residential - Regular,600.0
raw,"RDO No. 76 - Victorias City, Negros Occidental is composed of the followin",,,,,"OF VICTORIAS, NEGROS",POBLACION,GLORY VILLE SUBD,MAGSAYSAY-QUIRINO,RR,Residential - Regular,400.0
raw,"RDO No. 76 - Victorias City, Negros Occidental is composed of the followin",,,1ST,,"OF VICTORIAS, NEGROS",POBLACION,GONZAGA BLOCK,OSMENA DE LEON-MIRAFLORES,CR,Commercial - Regular,1350.0
raw,"RDO No. 76 - Victorias City, Negros Occidental is composed of the followin",,,,,"OF VICTORIAS, NEGROS",POBLACION,GONZAGA BLOCK,OSMENA DE LEON-MIRAFLORES,CR,Commercial - Regular,700.0
raw,"RDO No. 76 - Victorias City, Negros Occidental is composed of the followin",,,1ST,,"OF VICTORIAS, NEGROS",POBLACION,GONZAGA BLOCK,OSMENA DE LEON-MIRAFLORES,CR,Commercial - Regular,1350.0
raw,"RDO No. 76 - Victorias City, Negros Occidental is composed of the followin",,,,,"OF VICTORIAS, NEGROS",POBLACION,GONZAGA BLOCK,OSMENA DE LEON-MIRAFLORES,CR,Commercial - Regular,700.0
raw,"RDO No. 76 - Victorias City, Negros Occidental is composed of the followin",,,1ST,,"OF VICTORIAS, NEGROS",POBLACION,GONZAGA ST,MIRAFLORES ST-CASANARES,RR,Residential - Regular,750.0
raw,"RDO No. 76 - Victorias City, Negros Occidental is composed of the followin",,,1ST,,"OF VICTORIAS, NEGROS",POBLACION,GONZAGA ST,JALANDONI-ARDOSA,RR,Residential - Regular,750.0
raw,"RDO No. 76 - Victorias City, Negros Occidental is composed of the followin",,,1ST,,"OF VICTORIAS, NEGROS",POBLACION,GONZAGA ST,MIRAFLORES-GONZAGA-MAGNANUD,RR,Residential - Regular,750.0
raw,"RDO No. 76 - Victorias City, Negros Occidental is composed of the followin",,,1ST,,"OF VICTORIAS, NEGROS",POBLACION,GONZAGA ST,GONZAGA-JALANDONI ST,RR,Residential - Regular,750.0
raw,"RDO No. 76 - Victorias City, Negros Occidental is composed of the followin",,,1ST,,"OF VICTORIAS, NEGROS",POBLACION,GONZAGA ST,MIRAFLORES-JALANDONI,CR,Commercial - Regular,1350.0
raw,"RDO No. 76 - Victorias City, Negros Occidental is composed of the followin",,,,,"OF VICTORIAS, NEGROS",POBLACION,GONZAGA ST,MIRAFLORES ST-CASANARES,RR,Residential - Regular,400.0
raw,"RDO No. 76 - Victorias City, Negros Occidental is composed of the followin",,,,,"OF VICTORIAS, NEGROS",POBLACION,GONZAGA ST,JALANDONI-ARDOSA,RR,Residential - Regular,400.0
raw,"RDO No. 76 - Victorias City, Negros Occidental is composed of the followin",,,,,"OF VICTORIAS, NEGROS",POBLACION,GONZAGA ST,MIRAFLORES-JALANDONI,CR,Commercial - Regular,600.0
raw,"RDO No. 76 - Victorias City, Negros Occidental is composed of the followin",,,1ST,,"OF VICTORIAS, NEGROS",POBLACION,GONZAGA ST,MIRAFLORES ST-CASANARES,RR,Residential - Regular,750.0
raw,"RDO No. 76 - Victorias City, Negros Occidental is composed of the followin",,,1ST,,"OF VICTORIAS, NEGROS",POBLACION,GONZAGA ST,JALANDONI-ARDOSA,RR,Residential - Regular,750.0
raw,"RDO No. 76 - Victorias City, Negros Occidental is composed of the followin",,,1ST,,"OF VICTORIAS, NEGROS",POBLACION,GONZAGA ST,MIRAFLORES-GONZAGA-MAGNANUD,RR,Residential - Regular,750.0
raw,"RDO No. 76 - Victorias City, Negros Occidental is composed of the followin",,,1ST,,"OF VICTORIAS, NEGROS",POBLACION,GONZAGA ST,GONZAGA-JALANDONI ST,RR,Residential - Regular,750.0
raw,"RDO No. 76 - Victorias City, Negros Occidental is composed of the followin",,,1ST,,"OF VICTORIAS, NEGROS",POBLACION,GONZAGA ST,MIRAFLORES-JALANDONI,CR,Commercial - Regular,1350.0
raw,"RDO No. 76 - Victorias City, Negros Occidental is composed of the followin",,,,,"OF VICTORIAS, NEGROS",POBLACION,GONZAGA ST,MIRAFLORES ST-CASANARES,RR,Residential - Regular,400.0
raw,"RDO No. 76 - Victorias City, Negros Occidental is composed of the followin",,,,,"OF VICTORIAS, NEGROS",POBLACION,GONZAGA ST,JALANDONI-ARDOSA,RR,Residential - Regular,400.0
raw,"RDO No. 76 - Victorias City, Negros Occidental is composed of the followin",,,,,"OF VICTORIAS, NEGROS",POBLACION,GONZAGA ST,MIRAFLORES-JALANDONI,CR,Commercial - Regular,600.0
raw,"RDO No. 76 - Victorias City, Negros Occidental is composed of the followin",,,1ST,,"OF VICTORIAS, NEGROS",POBLACION,GONZAGA-DE LEON BLOCK,JALANDONI-ASCALON,CR,Commercial - Regular,1350.0
raw,"RDO No. 76 - Victorias City, Negros Occidental is composed of the followin",,,,,"OF VICTORIAS, NEGROS",POBLACION,GONZAGA-DE LEON BLOCK,JALANDONI-ASCALON,CR,Commercial - Regular,700.0
raw,"RDO No. 76 - Victorias City, Negros Occidental is composed of the followin",,,1ST,,"OF VICTORIAS, NEGROS",POBLACION,GONZAGA-DE LEON BLOCK,JALANDONI-ASCALON,CR,Commercial - Regular,1350.0
raw,"RDO No. 76 - Victorias City, Negros Occidental is composed of the followin",,,,,"OF VICTORIAS, NEGROS",POBLACION,GONZAGA-DE LEON BLOCK,JALANDONI-ASCALON,CR,Commercial - Regular,700.0
raw,"RDO No. 76 - Victorias City, Negros Occidental is composed of the followin",,,1ST,,"OF VICTORIAS, NEGROS",POBLACION,HIGHSCHOOL SUBD.,JALANDONI-ASCALON,RR,Residential - Regular,750.0
raw,"RDO No. 76 - Victorias City, Negros Occidental is composed of the followin",,,,,"OF VICTORIAS, NEGROS",POBLACION,HIGHSCHOOL SUBD.,JALANDONI-ASCALON,RR,Residential - Regular,400.0
raw,"RDO No. 76 - Victorias City, Negros Occidental is composed of the followin",,,1ST,,"OF VICTORIAS, NEGROS",POBLACION,HIGHSCHOOL SUBD.,JALANDONI-ASCALON,RR,Residential - Regular,750.0
raw,"RDO No. 76 - Victorias City, Negros Occidental is composed of the followin",,,,,"OF VICTORIAS, NEGROS",POBLACION,HIGHSCHOOL SUBD.,JALANDONI-ASCALON,RR,Residential - Regular,400.0
raw,"RDO No. 76 - Victorias City, Negros Occidental is composed of the followin",,,1ST,,"OF VICTORIAS, NEGROS",POBLACION,JALANDONI ST,GONZAGA-DE LEON,RR,Residential - Regular,750.0
raw,"RDO No. 76 - Victorias City, Negros Occidental is composed of the followin",,,1ST,,"OF VICTORIAS, NEGROS",POBLACION,JALANDONI ST,DE LEON-JOVER,CR,Commercial - Regular,1350.0
raw,"RDO No. 76 - Victorias City, Negros Occidental is composed of the followin",,,,,"OF VICTORIAS, NEGROS",POBLACION,JALANDONI ST,GONZAGA-DE LEON,RR,Residential - Regular,400.0
raw,"RDO No. 76 - Victorias City, Negros Occidental is composed of the followin",,,,,"OF VICTORIAS, NEGROS",POBLACION,JALANDONI ST,DE LEON-JOVER,CR,Commercial - Regular,700.0
raw,"RDO No. 76 - Victorias City, Negros Occidental is composed of the followin",,,1ST,,"OF VICTORIAS, NEGROS",POBLACION,JALANDONI ST,GONZAGA-DE LEON,RR,Residential - Regular,750.0
raw,"RDO No. 76 - Victorias City, Negros Occidental is composed of the followin",,,1ST,,"OF VICTORIAS, NEGROS",POBLACION,JALANDONI ST,DE LEON-JOVER,CR,Commercial - Regular,1350.0
raw,"RDO No. 76 - Victorias City, Negros Occidental is composed of the followin",,,,,"OF VICTORIAS, NEGROS",POBLACION,JALANDONI ST,GONZAGA-DE LEON,RR,Residential - Regular,400.0
raw,"RDO No. 76 - Victorias City, Negros Occidental is composed of the followin",,,,,"OF VICTORIAS, NEGROS",POBLACION,JALANDONI ST,DE LEON-JOVER,CR,Commercial - Regular,700.0
raw,"RDO No. 76 - Victorias City, Negros Occidental is composed of the followin",,,1ST,,"OF VICTORIAS, NEGROS",POBLACION,JOVER BLOCK,OSMENA-ARNAIZ AND,CR,Commercial - Regular,1350.0
raw,"RDO No. 76 - Victorias City, Negros Occidental is composed of the followin",,,,,"OF VICTORIAS, NEGROS",POBLACION,JOVER BLOCK,OSMENA-ARNAIZ AND,CR,Commercial - Regular,700.0
raw,"RDO No. 76 - Victorias City, Negros Occidental is composed of the followin",,,1ST,,"OF VICTORIAS, NEGROS",POBLACION,JOVER BLOCK,OSMENA-ARNAIZ AND,CR,Commercial - Regular,1350.0
raw,"RDO No. 76 - Victorias City, Negros Occidental is composed of the followin",,,,,"OF VICTORIAS, NEGROS",POBLACION,JOVER BLOCK,OSMENA-ARNAIZ AND,CR,Commercial - Regular,700.0
raw,"RDO No. 76 - Victorias City, Negros Occidental is composed of the followin",,,1ST,,"OF VICTORIAS, NEGROS",POBLACION,JOVER ST,QUEZON-ARDOSA ST AND,RR,Residential - Regular,750.0
raw,"RDO No. 76 - Victorias City, Negros Occidental is composed of the followin",,,1ST,,"OF VICTORIAS, NEGROS",POBLACION,JOVER ST,ARDOSA-OSMENA ST,CR,Commercial - Regular,1350.0
raw,"RDO No. 76 - Victorias City, Negros Occidental is composed of the followin",,,,,"OF VICTORIAS, NEGROS",POBLACION,JOVER ST,QUEZON-ARDOSA ST AND,RR,Residential - Regular,400.0
raw,"RDO No. 76 - Victorias City, Negros Occidental is composed of the followin",,,,,"OF VICTORIAS, NEGROS",POBLACION,JOVER ST,ARDOSA-OSMENA ST,CR,Commercial - Regular,700.0
raw,"RDO No. 76 - Victorias City, Negros Occidental is composed of the followin",,,1ST,,"OF VICTORIAS, NEGROS",POBLACION,JOVER ST,QUEZON-ARDOSA ST AND,RR,Residential - Regular,750.0
raw,"RDO No. 76 - Victorias City, Negros Occidental is composed of the followin",,,1ST,,"OF VICTORIAS, NEGROS",POBLACION,JOVER ST,ARDOSA-OSMENA ST,CR,Commercial - Regular,1350.0
raw,"RDO No. 76 - Victorias City, Negros Occidental is composed of the followin",,,,,"OF VICTORIAS, NEGROS",POBLACION,JOVER ST,QUEZON-ARDOSA ST AND,RR,Residential - Regular,400.0
raw,"RDO No. 76 - Victorias City, Negros Occidental is composed of the followin",,,,,"OF VICTORIAS, NEGROS",POBLACION,JOVER ST,ARDOSA-OSMENA ST,CR,Commercial - Regular,700.0
raw,"RDO No. 76 - Victorias City, Negros Occidental is composed of the followin",,,1ST,,"OF VICTORIAS, NEGROS",POBLACION,LOPEZ ST,MAGSAYSAY-GUINHAWAAN CR'K,RR,Residential - Regular,750.0
raw,"RDO No. 76 - Victorias City, Negros Occidental is composed of the followin",,,1ST,,"OF VICTORIAS, NEGROS",POBLACION,LOPEZ ST,J LUNA- J A SANTOS,CR,Commercial - Regular,1350.0
raw,"RDO No. 76 - Victorias City, Negros Occidental is composed of the followin",,,1ST,,"OF VICTORIAS, NEGROS",POBLACION,LOPEZ ST,JACINTO- F LOPEZ BLOCK,CR,Commercial - Regular,1350.0
raw,"RDO No. 76 - Victorias City, Negros Occidental is composed of the followin",,,,,"OF VICTORIAS, NEGROS",POBLACION,LOPEZ ST,MAGSAYSAY-GUINHAWAAN CR'K,RR,Residential - Regular,400.0
raw,"RDO No. 76 - Victorias City, Negros Occidental is composed of the followin",,,,,"OF VICTORIAS, NEGROS",POBLACION,LOPEZ ST,J LUNA- J A SANTOS,CR,Commercial - Regular,700.0
raw,"RDO No. 76 - Victorias City, Negros Occidental is composed of the followin",,,,,"OF VICTORIAS, NEGROS",POBLACION,LOPEZ ST,JACINTO- F LOPEZ BLOCK,CR,Commercial - Regular,700.0
raw,"RDO No. 76 - Victorias City, Negros Occidental is composed of the followin",,,1ST,,"OF VICTORIAS, NEGROS",POBLACION,LOPEZ ST,MAGSAYSAY-GUINHAWAAN CR'K,RR,Residential - Regular,750.0
raw,"RDO No. 76 - Victorias City, Negros Occidental is composed of the followin",,,1ST,,"OF VICTORIAS, NEGROS",POBLACION,LOPEZ ST,J LUNA- J A SANTOS,CR,Commercial - Regular,1350.0
raw,"RDO No. 76 - Victorias City, Negros Occidental is composed of the followin",,,1ST,,"OF VICTORIAS, NEGROS",POBLACION,LOPEZ ST,JACINTO- F LOPEZ BLOCK,CR,Commercial - Regular,1350.0
raw,"RDO No. 76 - Victorias City, Negros Occidental is composed of the followin",,,,,"OF VICTORIAS, NEGROS",POBLACION,LOPEZ ST,MAGSAYSAY-GUINHAWAAN CR'K,RR,Residential - Regular,400.0
raw,"RDO No. 76 - Victorias City, Negros Occidental is composed of the followin",,,,,"OF VICTORIAS, NEGROS",POBLACION,LOPEZ ST,J LUNA- J A SANTOS,CR,Commercial - Regular,700.0
raw,"RDO No. 76 - Victorias City, Negros Occidental is composed of the followin",,,,,"OF VICTORIAS, NEGROS",POBLACION,LOPEZ ST,JACINTO- F LOPEZ BLOCK,CR,Commercial - Regular,700.0
raw,"RDO No. 76 - Victorias City, Negros Occidental is composed of the followin",,,1ST,,"OF VICTORIAS, NEGROS",POBLACION,LOPEZ SUBD.,JACINTO- F LOPEZ BLOCK,RR,Residential - Regular,600.0
raw,"RDO No. 76 - Victorias City, Negros Occidental is composed of the followin",,,,,"OF VICTORIAS, NEGROS",POBLACION,LOPEZ SUBD.,JACINTO- F LOPEZ BLOCK,RR,Residential - Regular,400.0
raw,"RDO No. 76 - Victorias City, Negros Occidental is composed of the followin",,,1ST,,"OF VICTORIAS, NEGROS",POBLACION,LOPEZ SUBD.,JACINTO- F LOPEZ BLOCK,RR,Residential - Regular,600.0
raw,"RDO No. 76 - Victorias City, Negros Occidental is composed of the followin",,,,,"OF VICTORIAS, NEGROS",POBLACION,LOPEZ SUBD.,JACINTO- F LOPEZ BLOCK,RR,Residential - Regular,400.0
raw,"RDO No. 76 - Victorias City, Negros Occidental is composed of the followin",,,1ST,,"OF VICTORIAS, NEGROS",POBLACION,MAGNANUD BLOCK,ASCALON-GONZAGA OSMENA,CR,Commercial - Regular,2400.0
raw,"RDO No. 76 - Victorias City, Negros Occidental is composed of the followin",,,1ST,,"OF VICTORIAS, NEGROS",POBLACION,MAGNANUD BLOCK,ASCALON-MAGNANUD RVR.,RR,Residential - Regular,750.0
raw,"RDO No. 76 - Victorias City, Negros Occidental is composed of the followin",,,1ST,,"OF VICTORIAS, NEGROS",POBLACION,MAGNANUD BLOCK,GONZAGA-OSMENA-MAGNANUD,CR,Commercial - Regular,2400.0
raw,"RDO No. 76 - Victorias City, Negros Occidental is composed of the followin",,,1ST,,"OF VICTORIAS, NEGROS",POBLACION,MAGNANUD BLOCK,YAP QUINAMONTINOLA-OSMENA,CR,Commercial - Regular,2400.0
raw,"RDO No. 76 - Victorias City, Negros Occidental is composed of the followin",,,,,"OF VICTORIAS, NEGROS",POBLACION,MAGNANUD BLOCK,ASCALON-GONZAGA OSMENA,CR,Commercial - Regular,700.0
raw,"RDO No. 76 - Victorias City, Negros Occidental is composed of the followin",,,1ST,,"OF VICTORIAS, NEGROS",POBLACION,MAGNANUD BLOCK,ASCALON-GONZAGA OSMENA,CR,Commercial - Regular,2400.0
raw,"RDO No. 76 - Victorias City, Negros Occidental is composed of the followin",,,1ST,,"OF VICTORIAS, NEGROS",POBLACION,MAGNANUD BLOCK,ASCALON-MAGNANUD RVR.,RR,Residential - Regular,750.0
raw,"RDO No. 76 - Victorias City, Negros Occidental is composed of the followin",,,1ST,,"OF VICTORIAS, NEGROS",POBLACION,MAGNANUD BLOCK,GONZAGA-OSMENA-MAGNANUD,CR,Commercial - Regular,2400.0
raw,"RDO No. 76 - Victorias City, Negros Occidental is composed of the followin",,,1ST,,"OF VICTORIAS, NEGROS",POBLACION,MAGNANUD BLOCK,YAP QUINAMONTINOLA-OSMENA,CR,Commercial - Regular,2400.0
raw,"RDO No. 76 - Victorias City, Negros Occidental is composed of the followin",,,,,"OF VICTORIAS, NEGROS",POBLACION,MAGNANUD BLOCK,ASCALON-GONZAGA OSMENA,CR,Commercial - Regular,700.0
raw,"RDO No. 76 - Victorias City, Negros Occidental is composed of the followin",,,1ST,,"OF VICTORIAS, NEGROS",POBLACION,MAGSAYSAY ST,QUEZON-YAP QUENA,RR,Residential - Regular,750.0
raw,"RDO No. 76 - Victorias City, Negros Occidental is composed of the followin",,,1ST,,"OF VICTORIAS, NEGROS",POBLACION,MAGSAYSAY ST,YAP QUINA-OSMENA ST,RR,Residential - Regular,750.0
raw,"RDO No. 76 - Victorias City, Negros Occidental is composed of the followin",,,,,"OF VICTORIAS, NEGROS",POBLACION,MAGSAYSAY ST,QUEZON-YAP QUENA,RR,Residential - Regular,400.0
raw,"RDO No. 76 - Victorias City, Negros Occidental is composed of the followin",,,,,"OF VICTORIAS, NEGROS",POBLACION,MAGSAYSAY ST,YAP QUINA-OSMENA ST,RR,Residential - Regular,500.0
raw,"RDO No. 76 - Victorias City, Negros Occidental is composed of the followin",,,1ST,,"OF VICTORIAS, NEGROS",POBLACION,MAGSAYSAY ST,QUEZON-YAP QUENA,RR,Residential - Regular,750.0
raw,"RDO No. 76 - Victorias City, Negros Occidental is composed of the followin",,,1ST,,"OF VICTORIAS, NEGROS",POBLACION,MAGSAYSAY ST,YAP QUINA-OSMENA ST,RR,Residential - Regular,750.0
raw,"RDO No. 76 - Victorias City, Negros Occidental is composed of the followin",,,,,"OF VICTORIAS, NEGROS",POBLACION,MAGSAYSAY ST,QUEZON-YAP QUENA,RR,Residential - Regular,400.0
raw,"RDO No. 76 - Victorias City, Negros Occidental is composed of the followin",,,,,"OF VICTORIAS, NEGROS",POBLACION,MAGSAYSAY ST,YAP QUINA-OSMENA ST,RR,Residential - Regular,500.0
raw,"RDO No. 76 - Victorias City, Negros Occidental is composed of the followin",,,1ST,,"OF VICTORIAS, NEGROS",POBLACION,MIRAFLORES BLOCK,OSMENA-MONTINOLA-ARNAIZ B,CR,Commercial - Regular,1350.0
raw,"RDO No. 76 - Victorias City, Negros Occidental is composed of the followin",,,1ST,,"OF VICTORIAS, NEGROS",POBLACION,MIRAFLORES BLOCK,MIRAFLORES-DE LEON ST-,RR,Residential - Regular,750.0
raw,"RDO No. 76 - Victorias City, Negros Occidental is composed of the followin",,,1ST,,"OF VICTORIAS, NEGROS",POBLACION,MIRAFLORES BLOCK,DE LEON-JALANDONI ST-,CR,Commercial - Regular,1800.0
raw,"RDO No. 76 - Victorias City, Negros Occidental is composed of the followin",,,1ST,,"OF VICTORIAS, NEGROS",POBLACION,MIRAFLORES BLOCK,OSMENA-MAGNANUD RVR.,CR,Commercial - Regular,1800.0
raw,"RDO No. 76 - Victorias City, Negros Occidental is composed of the followin",,,1ST,,"OF VICTORIAS, NEGROS",POBLACION,MIRAFLORES BLOCK,GEN LUNA-GUINPANA-AN CRK,CR,Commercial - Regular,1500.0
raw,"RDO No. 76 - Victorias City, Negros Occidental is composed of the followin",,,,,"OF VICTORIAS, NEGROS",POBLACION,MIRAFLORES BLOCK,OSMENA-MONTINOLA-ARNAIZ B,CR,Commercial - Regular,700.0
raw,"RDO No. 76 - Victorias City, Negros Occidental is composed of the followin",,,1ST,,"OF VICTORIAS, NEGROS",POBLACION,MIRAFLORES BLOCK,OSMENA-MONTINOLA-ARNAIZ B,CR,Commercial - Regular,1350.0
raw,"RDO No. 76 - Victorias City, Negros Occidental is composed of the followin",,,1ST,,"OF VICTORIAS, NEGROS",POBLACION,MIRAFLORES BLOCK,MIRAFLORES-DE LEON ST-,RR,Residential - Regular,750.0
raw,"RDO No. 76 - Victorias City, Negros Occidental is composed of the followin",,,1ST,,"OF VICTORIAS, NEGROS",POBLACION,MIRAFLORES BLOCK,DE LEON-JALANDONI ST-,CR,Commercial - Regular,1800.0
raw,"RDO No. 76 - Victorias City, Negros Occidental is composed of the followin",,,1ST,,"OF VICTORIAS, NEGROS",POBLACION,MIRAFLORES BLOCK,OSMENA-MAGNANUD RVR.,CR,Commercial - Regular,1800.0
raw,"RDO No. 76 - Victorias City, Negros Occidental is composed of the followin",,,1ST,,"OF VICTORIAS, NEGROS",POBLACION,MIRAFLORES BLOCK,GEN LUNA-GUINPANA-AN CRK,CR,Commercial - Regular,1500.0
raw,"RDO No. 76 - Victorias City, Negros Occidental is composed of the followin",,,,,"OF VICTORIAS, NEGROS",POBLACION,MIRAFLORES BLOCK,OSMENA-MONTINOLA-ARNAIZ B,CR,Commercial - Regular,700.0
raw,"RDO No. 76 - Victorias City, Negros Occidental is composed of the followin",,,1ST,,"OF VICTORIAS, NEGROS",POBLACION,MIRAFLORES ST,MALIHAO RIVER-MONTALVAN,RR,Residential - Regular,750.0
raw,"RDO No. 76 - Victorias City, Negros Occidental is composed of the followin",,,,,"OF VICTORIAS, NEGROS",POBLACION,MIRAFLORES ST,MALIHAO RIVER-MONTALVAN,RR,Residential - Regular,400.0
raw,"RDO No. 76 - Victorias City, Negros Occidental is composed of the followin",,,1ST,,"OF VICTORIAS, NEGROS",POBLACION,MIRAFLORES ST,MALIHAO RIVER-MONTALVAN,RR,Residential - Regular,750.0
raw,"RDO No. 76 - Victorias City, Negros Occidental is composed of the followin",,,,,"OF VICTORIAS, NEGROS",POBLACION,MIRAFLORES ST,MALIHAO RIVER-MONTALVAN,RR,Residential - Regular,400.0
raw,"RDO No. 76 - Victorias City, Negros Occidental is composed of the followin",,,1ST,,"OF VICTORIAS, NEGROS",POBLACION,MONTINOLA ST.,QUEZON-YAP QUNA ST,RR,Residential - Regular,750.0
raw,"RDO No. 76 - Victorias City, Negros Occidental is composed of the followin",,,1ST,,"OF VICTORIAS, NEGROS",POBLACION,MONTINOLA ST.,FACINGPUBLIC PLAZA,CR,Commercial - Regular,1350.0
raw,"RDO No. 76 - Victorias City, Negros Occidental is composed of the followin",,,,,"OF VICTORIAS, NEGROS",POBLACION,MONTINOLA ST.,QUEZON-YAP QUINA ST,RR,Residential - Regular,400.0
raw,"RDO No. 76 - Victorias City, Negros Occidental is composed of the followin",,,,,"OF VICTORIAS, NEGROS",POBLACION,MONTINOLA ST.,FACING PUBLIC PLAZA,CR,Commercial - Regular,600.0
raw,"RDO No. 76 - Victorias City, Negros Occidental is composed of the followin",,,1ST,,"OF VICTORIAS, NEGROS",POBLACION,MONTINOLA ST.,QUEZON-YAP QUNA ST,RR,Residential - Regular,750.0
raw,"RDO No. 76 - Victorias City, Negros Occidental is composed of the followin",,,1ST,,"OF VICTORIAS, NEGROS",POBLACION,MONTINOLA ST.,FACINGPUBLIC PLAZA,CR,Commercial - Regular,1350.0
raw,"RDO No. 76 - Victorias City, Negros Occidental is composed of the followin",,,,,"OF VICTORIAS, NEGROS",POBLACION,MONTINOLA ST.,QUEZON-YAP QUINA ST,RR,Residential - Regular,400.0
raw,"RDO No. 76 - Victorias City, Negros Occidental is composed of the followin",,,,,"OF VICTORIAS, NEGROS",POBLACION,MONTINOLA ST.,FACING PUBLIC PLAZA,CR,Commercial - Regular,600.0
raw,"RDO No. 76 - Victorias City, Negros Occidental is composed of the followin",,,1ST,,"OF VICTORIAS, NEGROS",POBLACION,NATIONAL HIWAY,60 METERS TRIP FROM MAGNA,CR,Commercial - Regular,2400.0
raw,"RDO No. 76 - Victorias City, Negros Occidental is composed of the followin",,,1ST,,"OF VICTORIAS, NEGROS",POBLACION,NATIONAL HIWAY,60 METERS STRIP UP TO END,CR,Commercial - Regular,2400.0
raw,"RDO No. 76 - Victorias City, Negros Occidental is composed of the followin",,,,,"OF VICTORIAS, NEGROS",POBLACION,NATIONAL HIWAY,60 METERS TRIP FROM MAGNA,CR,Commercial - Regular,700.0
raw,"RDO No. 76 - Victorias City, Negros Occidental is composed of the followin",,,,,"OF VICTORIAS, NEGROS",POBLACION,NATIONAL HIWAY,60 METERS STRIP UP TO END,CR,Commercial - Regular,700.0
raw,"RDO No. 76 - Victorias City, Negros Occidental is composed of the followin",,,1ST,,"OF VICTORIAS, NEGROS",POBLACION,NATIONAL HIWAY,60 METERS TRIP FROM MAGNA,CR,Commercial - Regular,2400.0
raw,"RDO No. 76 - Victorias City, Negros Occidental is composed of the followin",,,1ST,,"OF VICTORIAS, NEGROS",POBLACION,NATIONAL HIWAY,60 METERS STRIP UP TO END,CR,Commercial - Regular,2400.0
raw,"RDO No. 76 - Victorias City, Negros Occidental is composed of the followin",,,,,"OF VICTORIAS, NEGROS",POBLACION,NATIONAL HIWAY,60 METERS TRIP FROM MAGNA,CR,Commercial - Regular,700.0
raw,"RDO No. 76 - Victorias City, Negros Occidental is composed of the followin",,,,,"OF VICTORIAS, NEGROS",POBLACION,NATIONAL HIWAY,60 METERS STRIP UP TO END,CR,Commercial - Regular,700.0
raw,"RDO No. 76 - Victorias City, Negros Occidental is composed of the followin",,,1ST,,"OF VICTORIAS, NEGROS",POBLACION,NORMA SUBDIVISION,,RR,Residential - Regular,750.0
raw,"RDO No. 76 - Victorias City, Negros Occidental is composed of the followin",,,,,"OF VICTORIAS, NEGROS",POBLACION,NORMA SUBDIVISION,,RR,Residential - Regular,400.0
raw,"RDO No. 76 - Victorias City, Negros Occidental is composed of the followin",,,1ST,,"OF VICTORIAS, NEGROS",POBLACION,NORMA SUBDIVISION,,RR,Residential - Regular,750.0
raw,"RDO No. 76 - Victorias City, Negros Occidental is composed of the followin",,,,,"OF VICTORIAS, NEGROS",POBLACION,NORMA SUBDIVISION,,RR,Residential - Regular,400.0
raw,"RDO No. 76 - Victorias City, Negros Occidental is composed of the followin",,,1ST,,"OF VICTORIAS, NEGROS",POBLACION,OSMENA AVE.,FACING CATHOLIC CHURCH,RR,Residential - Regular,750.0
raw,"RDO No. 76 - Victorias City, Negros Occidental is composed of the followin",,,1ST,,"OF VICTORIAS, NEGROS",POBLACION,OSMENA AVE.,EASTWARD MONTINOLA ST,RR,Residential - Regular,750.0
raw,"RDO No. 76 - Victorias City, Negros Occidental is composed of the followin",,,1ST,,"OF VICTORIAS, NEGROS",POBLACION,OSMENA AVE.,OSMENA WEST BOUND,CR,Commercial - Regular,1350.0
raw,"RDO No. 76 - Victorias City, Negros Occidental is composed of the followin",,,1ST,,"OF VICTORIAS, NEGROS",POBLACION,OSMENA AVE.,DE LEON-ROXAS ST,RR,Residential - Regular,750.0
raw,"RDO No. 76 - Victorias City, Negros Occidental is composed of the followin",,,,,"OF VICTORIAS, NEGROS",POBLACION,OSMENA AVE.,FACING CATHOLIC CHURCH,RR,Residential - Regular,600.0
raw,"RDO No. 76 - Victorias City, Negros Occidental is composed of the followin",,,,,"OF VICTORIAS, NEGROS",POBLACION,OSMENA AVE.,EASTWARD MONTINOLA ST,RR,Residential - Regular,500.0
raw,"RDO No. 76 - Victorias City, Negros Occidental is composed of the followin",,,,,"OF VICTORIAS, NEGROS",POBLACION,OSMENA AVE.,OSMENA WEST BOUND,CR,Commercial - Regular,700.0
raw,"RDO No. 76 - Victorias City, Negros Occidental is composed of the followin",,,1ST,,"OF VICTORIAS, NEGROS",POBLACION,OSMENA AVE.,FACING CATHOLIC CHURCH,RR,Residential - Regular,750.0
raw,"RDO No. 76 - Victorias City, Negros Occidental is composed of the followin",,,1ST,,"OF VICTORIAS, NEGROS",POBLACION,OSMENA AVE.,EASTWARD MONTINOLA ST,RR,Residential - Regular,750.0
raw,"RDO No. 76 - Victorias City, Negros Occidental is composed of the followin",,,1ST,,"OF VICTORIAS, NEGROS",POBLACION,OSMENA AVE.,OSMENA WEST BOUND,CR,Commercial - Regular,1350.0
raw,"RDO No. 76 - Victorias City, Negros Occidental is composed of the followin",,,1ST,,"OF VICTORIAS, NEGROS",POBLACION,OSMENA AVE.,DE LEON-ROXAS ST,RR,Residential - Regular,750.0
raw,"RDO No. 76 - Victorias City, Negros Occidental is composed of the followin",,,,,"OF VICTORIAS, NEGROS",POBLACION,OSMENA AVE.,FACING CATHOLIC CHURCH,RR,Residential - Regular,600.0
raw,"RDO No. 76 - Victorias City, Negros Occidental is composed of the followin",,,,,"OF VICTORIAS, NEGROS",POBLACION,OSMENA AVE.,EASTWARD MONTINOLA ST,RR,Residential - Regular,500.0
raw,"RDO No. 76 - Victorias City, Negros Occidental is composed of the followin",,,,,"OF VICTORIAS, NEGROS",POBLACION,OSMENA AVE.,OSMENA WEST BOUND,CR,Commercial - Regular,700.0
raw,"RDO No. 76 - Victorias City, Negros Occidental is composed of the followin",,,1ST,,"OF VICTORIAS, NEGROS",POBLACION,OSMENA AVENUE,60 METERS STRIP FROM BANK,RR,Residential - Regular,750.0
raw,"RDO No. 76 - Victorias City, Negros Occidental is composed of the followin",,,,,"OF VICTORIAS, NEGROS",POBLACION,OSMENA AVENUE,60 METERS STRIP FROM BANK,RR,Residential - Regular,600.0
raw,"RDO No. 76 - Victorias City, Negros Occidental is composed of the followin",,,1ST,,"OF VICTORIAS, NEGROS",POBLACION,OSMENA AVENUE,60 METERS STRIP FROM BANK,RR,Residential - Regular,750.0
raw,"RDO No. 76 - Victorias City, Negros Occidental is composed of the followin",,,,,"OF VICTORIAS, NEGROS",POBLACION,OSMENA AVENUE,60 METERS STRIP FROM BANK,RR,Residential - Regular,600.0
raw,"RDO No. 76 - Victorias City, Negros Occidental is composed of the followin",,,,,"OF VICTORIAS, NEGROS",POBLACION,QUEZON ST,DE LEON-ROXAS ST,RR,Residential - Regular,400.0
raw,"RDO No. 76 - Victorias City, Negros Occidental is composed of the followin",,,,,"OF VICTORIAS, NEGROS",POBLACION,QUEZON ST,DE LEON-ROXAS ST,RR,Residential - Regular,400.0
raw,"RDO No. 76 - Victorias City, Negros Occidental is composed of the followin",,,1ST,,"OF VICTORIAS, NEGROS",POBLACION,QUIRINO ST,YAP QUINA-OSMENA ST,RR,Residential - Regular,750.0
raw,"RDO No. 76 - Victorias City, Negros Occidental is composed of the followin",,,,,"OF VICTORIAS, NEGROS",POBLACION,QUIRINO ST,YAP QUINA-OSMENA ST,RR,Residential - Regular,400.0
raw,"RDO No. 76 - Victorias City, Negros Occidental is composed of the followin",,,1ST,,"OF VICTORIAS, NEGROS",POBLACION,QUIRINO ST,YAP QUINA-OSMENA ST,RR,Residential - Regular,750.0
raw,"RDO No. 76 - Victorias City, Negros Occidental is composed of the followin",,,,,"OF VICTORIAS, NEGROS",POBLACION,QUIRINO ST,YAP QUINA-OSMENA ST,RR,Residential - Regular,400.0
raw,"RDO No. 76 - Victorias City, Negros Occidental is composed of the followin",,,1ST,,"OF VICTORIAS, NEGROS",POBLACION,RIZAL ST,MONTINOLA-MAGSAYSAY,RR,Residential - Regular,750.0
raw,"RDO No. 76 - Victorias City, Negros Occidental is composed of the followin",,,,,"OF VICTORIAS, NEGROS",POBLACION,RIZAL ST,MONTINOLA-MAGSAYSAY,RR,Residential - Regular,400.0
raw,"RDO No. 76 - Victorias City, Negros Occidental is composed of the followin",,,1ST,,"OF VICTORIAS, NEGROS",POBLACION,RIZAL ST,MONTINOLA-MAGSAYSAY,RR,Residential - Regular,750.0
raw,"RDO No. 76 - Victorias City, Negros Occidental is composed of the followin",,,,,"OF VICTORIAS, NEGROS",POBLACION,RIZAL ST,MONTINOLA-MAGSAYSAY,RR,Residential - Regular,400.0
raw,"RDO No. 76 - Victorias City, Negros Occidental is composed of the followin",,,1ST,,"OF VICTORIAS, NEGROS",POBLACION,ROXAS ST,QUEZON-OSMENA,RR,Residential - Regular,750.0
raw,"RDO No. 76 - Victorias City, Negros Occidental is composed of the followin",,,,,"OF VICTORIAS, NEGROS",POBLACION,ROXAS ST,QUEZON-OSMENA,RR,Residential - Regular,400.0
raw,"RDO No. 76 - Victorias City, Negros Occidental is composed of the followin",,,1ST,,"OF VICTORIAS, NEGROS",POBLACION,ROXAS ST,QUEZON-OSMENA,RR,Residential - Regular,750.0
raw,"RDO No. 76 - Victorias City, Negros Occidental is composed of the followin",,,,,"OF VICTORIAS, NEGROS",POBLACION,ROXAS ST,QUEZON-OSMENA,RR,Residential - Regular,400.0
raw,"RDO No. 76 - Victorias City, Negros Occidental is composed of the followin",,,,,"OF VICTORIAS, NEGROS",POBLACION,SALVACION SUBD.,QUEZON-OSMENA,RR,Residential - Regular,400.0
raw,"RDO No. 76 - Victorias City, Negros Occidental is composed of the followin",,,,,"OF VICTORIAS, NEGROS",POBLACION,SALVACION SUBD.,QUEZON-OSMENA,RR,Residential - Regular,400.0
raw,"RDO No. 76 - Victorias City, Negros Occidental is composed of the followin",,,1ST,,"OF VICTORIAS, NEGROS",POBLACION,SALVACION SUDB,QUEZON-OSMENA,RR,Residential - Regular,600.0
raw,"RDO No. 76 - Victorias City, Negros Occidental is composed of the followin",,,1ST,,"OF VICTORIAS, NEGROS",POBLACION,SALVACION SUDB,QUEZON-OSMENA,RR,Residential - Regular,600.0
raw,"RDO No. 76 - Victorias City, Negros Occidental is composed of the followin",,,1ST,,"OF VICTORIAS, NEGROS",POBLACION,TORENO HIEGHTS,QUEZON-OSMENA,RR,Residential - Regular,600.0
raw,"RDO No. 76 - Victorias City, Negros Occidental is composed of the followin",,,,,"OF VICTORIAS, NEGROS",POBLACION,TORENO HIEGHTS,QUEZON-OSMENA,RR,Residential - Regular,300.0
raw,"RDO No. 76 - Victorias City, Negros Occidental is composed of the followin",,,1ST,,"OF VICTORIAS, NEGROS",POBLACION,TORENO HIEGHTS,QUEZON-OSMENA,RR,Residential - Regular,600.0
raw,"RDO No. 76 - Victorias City, Negros Occidental is composed of the followin",,,,,"OF VICTORIAS, NEGROS",POBLACION,TORENO HIEGHTS,QUEZON-OSMENA,RR,Residential - Regular,300.0
raw,"RDO No. 76 - Victorias City, Negros Occidental is composed of the followin",,,1ST,,"OF VICTORIAS, NEGROS",POBLACION,VALDERAMA SUBD.,QUEZON-OSMENA,RR,Residential - Regular,750.0
raw,"RDO No. 76 - Victorias City, Negros Occidental is composed of the followin",,,,,"OF VICTORIAS, NEGROS",POBLACION,VALDERAMA SUBD.,QUEZON-OSMENA,RR,Residential - Regular,400.0
raw,"RDO No. 76 - Victorias City, Negros Occidental is composed of the followin",,,1ST,,"OF VICTORIAS, NEGROS",POBLACION,VALDERAMA SUBD.,QUEZON-OSMENA,RR,Residential - Regular,750.0
raw,"RDO No. 76 - Victorias City, Negros Occidental is composed of the followin",,,,,"OF VICTORIAS, NEGROS",POBLACION,VALDERAMA SUBD.,QUEZON-OSMENA,RR,Residential - Regular,400.0
raw,"RDO No. 76 - Victorias City, Negros Occidental is composed of the followin",,,1ST,,"OF VICTORIAS, NEGROS",POBLACION,YAP QUINA ST,JOVER-ROXAS ST,RR,Residential - Regular,750.0
raw,"RDO No. 76 - Victorias City, Negros Occidental is composed of the followin",,,1ST,,"OF VICTORIAS, NEGROS",POBLACION,YAP QUINA ST,JOVER-ROXAS ST,A1,Agricultural - A1,24.0
raw,"RDO No. 76 - Victorias City, Negros Occidental is composed of the followin",,,1ST,,"OF VICTORIAS, NEGROS",POBLACION,YAP QUINA ST,JOVER-ROXAS ST,A2,Agricultural - A2,12.0
raw,"RDO No. 76 - Victorias City, Negros Occidental is composed of the followin",,,1ST,,"OF VICTORIAS, NEGROS",POBLACION,YAP QUINA ST,JOVER-ROXAS ST,A3,Agricultural - A3,5.0
raw,"RDO No. 76 - Victorias City, Negros Occidental is composed of the followin",,,1ST,,"OF VICTORIAS, NEGROS",POBLACION,YAP QUINA ST,JOVER-ROXAS ST,A4,Agricultural - A4,10.0
raw,"RDO No. 76 - Victorias City, Negros Occidental is composed of the followin",,,1ST,,"OF VICTORIAS, NEGROS",POBLACION,YAP QUINA ST,JOVER-ROXAS ST,A6,Agricultural - A6,28.0
raw,"RDO No. 76 - Victorias City, Negros Occidental is composed of the followin",,,1ST,,"OF VICTORIAS, NEGROS",POBLACION,YAP QUINA ST,JOVER-ROXAS ST,A8,Agricultural - A8,6.0
raw,"RDO No. 76 - Victorias City, Negros Occidental is composed of the followin",,,1ST,,"OF VICTORIAS, NEGROS",POBLACION,YAP QUINA ST,JOVER-ROXAS ST,A9,Agricultural - A9,3.0
raw,"RDO No. 76 - Victorias City, Negros Occidental is composed of the followin",,,1ST,,"OF VICTORIAS, NEGROS",POBLACION,YAP QUINA ST,JOVER-ROXAS ST,A12,Agricultural - A12,20.0
raw,"RDO No. 76 - Victorias City, Negros Occidental is composed of the followin",,,1ST,,"OF VICTORIAS, NEGROS",POBLACION,YAP QUINA ST,JOVER-ROXAS ST,A14,Agricultural - A14,7.5
raw,"RDO No. 76 - Victorias City, Negros Occidental is composed of the followin",,,1ST,,"OF VICTORIAS, NEGROS",POBLACION,YAP QUINA ST,JOVER-ROXAS ST,A15,Agricultural - A15,3.0
raw,"RDO No. 76 - Victorias City, Negros Occidental is composed of the followin",,,1ST,,"OF VICTORIAS, NEGROS",POBLACION,YAP QUINA ST,JOVER-ROXAS ST,A16,Agricultural - A16,7.0
raw,"RDO No. 76 - Victorias City, Negros Occidental is composed of the followin",,,1ST,,"OF VICTORIAS, NEGROS",POBLACION,YAP QUINA ST,JOVER-ROXAS ST,A17,Agricultural - A17,30.0
raw,"RDO No. 76 - Victorias City, Negros Occidental is composed of the followin",,,1ST,,"OF VICTORIAS, NEGROS",POBLACION,YAP QUINA ST,JOVER-ROXAS ST,A24,Agricultural - A24,5.0
raw,"RDO No. 76 - Victorias City, Negros Occidental is composed of the followin",,,1ST,,"OF VICTORIAS, NEGROS",POBLACION,YAP QUINA ST,JOVER-ROXAS ST,A26,Agricultural - A26,5.0
raw,"RDO No. 76 - Victorias City, Negros Occidental is composed of the followin",,,1ST,,"OF VICTORIAS, NEGROS",POBLACION,YAP QUINA ST,JOVER-ROXAS ST,A31,Agricultural - A31,5.0
raw,"RDO No. 76 - Victorias City, Negros Occidental is composed of the followin",,,1ST,,"OF VICTORIAS, NEGROS",POBLACION,YAP QUINA ST,JOVER-ROXAS ST,A32,Agricultural - A32,9.0
raw,"RDO No. 76 - Victorias City, Negros Occidental is composed of the followin",,,1ST,,"OF VICTORIAS, NEGROS",POBLACION,YAP QUINA ST,TIMBERLAND,A36,Agricultural - A36,1500.0
raw,"RDO No. 76 - Victorias City, Negros Occidental is composed of the followin",,,1ST,,"OF VICTORIAS, NEGROS",POBLACION,YAP QUINA ST,TIMBERLAND,A37,Agricultural - A37,3.0
raw,"RDO No. 76 - Victorias City, Negros Occidental is composed of the followin",,,1ST,,"OF VICTORIAS, NEGROS",POBLACION,YAP QUINA ST,TIMBERLAND,A38,Agricultural - A38,7.0
raw,"RDO No. 76 - Victorias City, Negros Occidental is composed of the followin",,,1ST,,"OF VICTORIAS, NEGROS",POBLACION,YAP QUINA ST,TIMBERLAND,A40,Agricultural - A40,37.5
raw,"RDO No. 76 - Victorias City, Negros Occidental is composed of the followin",,,1ST,,"OF VICTORIAS, NEGROS",POBLACION,YAP QUINA ST,TIMBERLAND,A41,Agricultural - A41,15.0
raw,"RDO No. 76 - Victorias City, Negros Occidental is composed of the followin",,,1ST,,"OF VICTORIAS, NEGROS",POBLACION,YAP QUINA ST,TIMBERLAND,A42,Agricultural - A42,28.0
raw,"RDO No. 76 - Victorias City, Negros Occidental is composed of the followin",,,1ST,,"OF VICTORIAS, NEGROS",POBLACION,YAP QUINA ST,TIMBERLAND,A44,Agricultural - A44,50.0
raw,"RDO No. 76 - Victorias City, Negros Occidental is composed of the followin",,,1ST,,"OF VICTORIAS, NEGROS",POBLACION,YAP QUINA ST,FLORICULTURE,A50,Agricultural - A50,52.5
raw,"RDO No. 76 - Victorias City, Negros Occidental is composed of the followin",,,,,"OF VICTORIAS, NEGROS",POBLACION,YAP QUINA ST,JOVER-ROXAS ST,RR,Residential - Regular,400.0
raw,"RDO No. 76 - Victorias City, Negros Occidental is composed of the followin",,,,,"OF VICTORIAS, NEGROS",POBLACION,YAP QUINA ST,JOVER-ROXAS ST,A,Agricultural,50.0
raw,"RDO No. 76 - Victorias City, Negros Occidental is composed of the followin",,,,,"OF VICTORIAS, NEGROS",POBLACION,YAP QUINA ST,JOVER-ROXAS ST,A1,Agricultural - A1,20.0
raw,"RDO No. 76 - Victorias City, Negros Occidental is composed of the followin",,,,,"OF VICTORIAS, NEGROS",POBLACION,YAP QUINA ST,JOVER-ROXAS ST,A2,Agricultural - A2,19.0
raw,"RDO No. 76 - Victorias City, Negros Occidental is composed of the followin",,,,,"OF VICTORIAS, NEGROS",POBLACION,YAP QUINA ST,JOVER-ROXAS ST,A3,Agricultural - A3,16.0
raw,"RDO No. 76 - Victorias City, Negros Occidental is composed of the followin",,,,,"OF VICTORIAS, NEGROS",POBLACION,YAP QUINA ST,JOVER-ROXAS ST,A4,Agricultural - A4,8.0
raw,"RDO No. 76 - Victorias City, Negros Occidental is composed of the followin",,,,,"OF VICTORIAS, NEGROS",POBLACION,YAP QUINA ST,JOVER-ROXAS ST,A5,Agricultural - A5,6.0
raw,"RDO No. 76 - Victorias City, Negros Occidental is composed of the followin",,,,,"OF VICTORIAS, NEGROS",POBLACION,YAP QUINA ST,JOVER-ROXAS ST,A6,Agricultural - A6,5.0
raw,"RDO No. 76 - Victorias City, Negros Occidental is composed of the followin",,,,,"OF VICTORIAS, NEGROS",POBLACION,YAP QUINA ST,JOVER-ROXAS ST,A7,Agricultural - A7,4.0
raw,"RDO No. 76 - Victorias City, Negros Occidental is composed of the followin",,,,,"OF VICTORIAS, NEGROS",POBLACION,YAP QUINA ST,JOVER-ROXAS ST,A8,Agricultural - A8,2.0
raw,"RDO No. 76 - Victorias City, Negros Occidental is composed of the followin",,,,,"OF VICTORIAS, NEGROS",POBLACION,YAP QUINA ST,JOVER-ROXAS ST,A9,Agricultural - A9,2.0
raw,"RDO No. 76 - Victorias City, Negros Occidental is composed of the followin",,,1ST,,"OF VICTORIAS, NEGROS",POBLACION,YAP QUINA ST,JOVER-ROXAS ST,RR,Residential - Regular,750.0
raw,"RDO No. 76 - Victorias City, Negros Occidental is composed of the followin",,,1ST,,"OF VICTORIAS, NEGROS",POBLACION,YAP QUINA ST,JOVER-ROXAS ST,A1,Agricultural - A1,24.0
raw,"RDO No. 76 - Victorias City, Negros Occidental is composed of the followin",,,1ST,,"OF VICTORIAS, NEGROS",POBLACION,YAP QUINA ST,JOVER-ROXAS ST,A2,Agricultural - A2,12.0
raw,"RDO No. 76 - Victorias City, Negros Occidental is composed of the followin",,,1ST,,"OF VICTORIAS, NEGROS",POBLACION,YAP QUINA ST,JOVER-ROXAS ST,A3,Agricultural - A3,5.0
raw,"RDO No. 76 - Victorias City, Negros Occidental is composed of the followin",,,1ST,,"OF VICTORIAS, NEGROS",POBLACION,YAP QUINA ST,JOVER-ROXAS ST,A4,Agricultural - A4,10.0
raw,"RDO No. 76 - Victorias City, Negros Occidental is composed of the followin",,,1ST,,"OF VICTORIAS, NEGROS",POBLACION,YAP QUINA ST,JOVER-ROXAS ST,A6,Agricultural - A6,28.0
raw,"RDO No. 76 - Victorias City, Negros Occidental is composed of the followin",,,1ST,,"OF VICTORIAS, NEGROS",POBLACION,YAP QUINA ST,JOVER-ROXAS ST,A8,Agricultural - A8,6.0
raw,"RDO No. 76 - Victorias City, Negros Occidental is composed of the followin",,,1ST,,"OF VICTORIAS, NEGROS",POBLACION,YAP QUINA ST,JOVER-ROXAS ST,A9,Agricultural - A9,3.0
raw,"RDO No. 76 - Victorias City, Negros Occidental is composed of the followin",,,1ST,,"OF VICTORIAS, NEGROS",POBLACION,YAP QUINA ST,JOVER-ROXAS ST,A12,Agricultural - A12,20.0
raw,"RDO No. 76 - Victorias City, Negros Occidental is composed of the followin",,,1ST,,"OF VICTORIAS, NEGROS",POBLACION,YAP QUINA ST,JOVER-ROXAS ST,A14,Agricultural - A14,7.5
raw,"RDO No. 76 - Victorias City, Negros Occidental is composed of the followin",,,1ST,,"OF VICTORIAS, NEGROS",POBLACION,YAP QUINA ST,JOVER-ROXAS ST,A15,Agricultural - A15,3.0
raw,"RDO No. 76 - Victorias City, Negros Occidental is composed of the followin",,,1ST,,"OF VICTORIAS, NEGROS",POBLACION,YAP QUINA ST,JOVER-ROXAS ST,A16,Agricultural - A16,7.0
raw,"RDO No. 76 - Victorias City, Negros Occidental is composed of the followin",,,1ST,,"OF VICTORIAS, NEGROS",POBLACION,YAP QUINA ST,JOVER-ROXAS ST,A17,Agricultural - A17,30.0
raw,"RDO No. 76 - Victorias City, Negros Occidental is composed of the followin",,,1ST,,"OF VICTORIAS, NEGROS",POBLACION,YAP QUINA ST,JOVER-ROXAS ST,A24,Agricultural - A24,5.0
raw,"RDO No. 76 - Victorias City, Negros Occidental is composed of the followin",,,1ST,,"OF VICTORIAS, NEGROS",POBLACION,YAP QUINA ST,JOVER-ROXAS ST,A26,Agricultural - A26,5.0
raw,"RDO No. 76 - Victorias City, Negros Occidental is composed of the followin",,,1ST,,"OF VICTORIAS, NEGROS",POBLACION,YAP QUINA ST,JOVER-ROXAS ST,A31,Agricultural - A31,5.0
raw,"RDO No. 76 - Victorias City, Negros Occidental is composed of the followin",,,1ST,,"OF VICTORIAS, NEGROS",POBLACION,YAP QUINA ST,JOVER-ROXAS ST,A32,Agricultural - A32,9.0
raw,"RDO No. 76 - Victorias City, Negros Occidental is composed of the followin",,,1ST,,"OF VICTORIAS, NEGROS",POBLACION,YAP QUINA ST,TIMBERLAND,A36,Agricultural - A36,1500.0
raw,"RDO No. 76 - Victorias City, Negros Occidental is composed of the followin",,,1ST,,"OF VICTORIAS, NEGROS",POBLACION,YAP QUINA ST,TIMBERLAND,A37,Agricultural - A37,3.0
raw,"RDO No. 76 - Victorias City, Negros Occidental is composed of the followin",,,1ST,,"OF VICTORIAS, NEGROS",POBLACION,YAP QUINA ST,TIMBERLAND,A38,Agricultural - A38,7.0
raw,"RDO No. 76 - Victorias City, Negros Occidental is composed of the followin",,,1ST,,"OF VICTORIAS, NEGROS",POBLACION,YAP QUINA ST,TIMBERLAND,A40,Agricultural - A40,37.5
raw,"RDO No. 76 - Victorias City, Negros Occidental is composed of the followin",,,1ST,,"OF VICTORIAS, NEGROS",POBLACION,YAP QUINA ST,TIMBERLAND,A41,Agricultural - A41,15.0
raw,"RDO No. 76 - Victorias City, Negros Occidental is composed of the followin",,,1ST,,"OF VICTORIAS, NEGROS",POBLACION,YAP QUINA ST,TIMBERLAND,A42,Agricultural - A42,28.0
raw,"RDO No. 76 - Victorias City, Negros Occidental is composed of the followin",,,1ST,,"OF VICTORIAS, NEGROS",POBLACION,YAP QUINA ST,TIMBERLAND,A44,Agricultural - A44,50.0
raw,"RDO No. 76 - Victorias City, Negros Occidental is composed of the followin",,,1ST,,"OF VICTORIAS, NEGROS",POBLACION,YAP QUINA ST,FLORICULTURE,A50,Agricultural - A50,52.5
raw,"RDO No. 76 - Victorias City, Negros Occidental is composed of the followin",,,,,"OF VICTORIAS, NEGROS",POBLACION,YAP QUINA ST,JOVER-ROXAS ST,RR,Residential - Regular,400.0
raw,"RDO No. 76 - Victorias City, Negros Occidental is composed of the followin",,,,,"OF VICTORIAS, NEGROS",POBLACION,YAP QUINA ST,JOVER-ROXAS ST,A,Agricultural,50.0
raw,"RDO No. 76 - Victorias City, Negros Occidental is composed of the followin",,,,,"OF VICTORIAS, NEGROS",POBLACION,YAP QUINA ST,JOVER-ROXAS ST,A1,Agricultural - A1,20.0
raw,"RDO No. 76 - Victorias City, Negros Occidental is composed of the followin",,,,,"OF VICTORIAS, NEGROS",POBLACION,YAP QUINA ST,JOVER-ROXAS ST,A2,Agricultural - A2,19.0
raw,"RDO No. 76 - Victorias City, Negros Occidental is composed of the followin",,,,,"OF VICTORIAS, NEGROS",POBLACION,YAP QUINA ST,JOVER-ROXAS ST,A3,Agricultural - A3,16.0
raw,"RDO No. 76 - Victorias City, Negros Occidental is composed of the followin",,,,,"OF VICTORIAS, NEGROS",POBLACION,YAP QUINA ST,JOVER-ROXAS ST,A4,Agricultural - A4,8.0
raw,"RDO No. 76 - Victorias City, Negros Occidental is composed of the followin",,,,,"OF VICTORIAS, NEGROS",POBLACION,YAP QUINA ST,JOVER-ROXAS ST,A5,Agricultural - A5,6.0
raw,"RDO No. 76 - Victorias City, Negros Occidental is composed of the followin",,,,,"OF VICTORIAS, NEGROS",POBLACION,YAP QUINA ST,JOVER-ROXAS ST,A6,Agricultural - A6,5.0
raw,"RDO No. 76 - Victorias City, Negros Occidental is composed of the followin",,,,,"OF VICTORIAS, NEGROS",POBLACION,YAP QUINA ST,JOVER-ROXAS ST,A7,Agricultural - A7,4.0
raw,"RDO No. 76 - Victorias City, Negros Occidental is composed of the followin",,,,,"OF VICTORIAS, NEGROS",POBLACION,YAP QUINA ST,JOVER-ROXAS ST,A8,Agricultural - A8,2.0
raw,"RDO No. 76 - Victorias City, Negros Occidental is composed of the followin",,,,,"OF VICTORIAS, NEGROS",POBLACION,YAP QUINA ST,JOVER-ROXAS ST,A9,Agricultural - A9,2.0
raw,"RDO No. 76 - Victorias City, Negros Occidental is composed of the followin",,,1ST,,"OF VICTORIAS, NEGROS",POBLACION,YAP QUINA SUBD.,QUEZON-OSMENA,RR,Residential - Regular,600.0
raw,"RDO No. 76 - Victorias City, Negros Occidental is composed of the followin",,,,,"OF VICTORIAS, NEGROS",POBLACION,YAP QUINA SUBD.,QUEZON-OSMENA,RR,Residential - Regular,400.0
raw,"RDO No. 76 - Victorias City, Negros Occidental is composed of the followin",,,1ST,,"OF VICTORIAS, NEGROS",POBLACION,YAP QUINA SUBD.,QUEZON-OSMENA,RR,Residential - Regular,600.0
raw,"RDO No. 76 - Victorias City, Negros Occidental is composed of the followin",,,,,"OF VICTORIAS, NEGROS",POBLACION,YAP QUINA SUBD.,QUEZON-OSMENA,RR,Residential - Regular,400.0
raw,"RDO No. 76 - Victorias City, Negros Occidental is composed of the followin",,,,Negros Occidental,Sagay,(LIST OF STREETS),"A.G. MARAÑON, JR. SUBDIVISION",Pbma,RR,Residential - Regular,2000.0
raw,"RDO No. 76 - Victorias City, Negros Occidental is composed of the followin",,,,Negros Occidental,Sagay,(LIST OF STREETS),ALEGRIA ST,Along Barangay Proper Going to Port,CR,Commercial - Regular,1800.0
raw,"RDO No. 76 - Victorias City, Negros Occidental is composed of the followin",,,,Negros Occidental,Sagay,(LIST OF STREETS),ALFELOR ST,From Marañon St. to Nat'L Highway,CR,Commercial - Regular,4000.0
raw,"RDO No. 76 - Victorias City, Negros Occidental is composed of the followin",,,,Negros Occidental,Sagay,(LIST OF STREETS),ALL LOTS,MEMORIAL PARK,A2,Agricultural - A2,31.5
raw,"RDO No. 76 - Victorias City, Negros Occidental is composed of the followin",,,,Negros Occidental,Sagay,(LIST OF STREETS),ALL LOTS,MEMORIAL PARK,A4,Agricultural - A4,30.0
raw,"RDO No. 76 - Victorias City, Negros Occidental is composed of the followin",,,,Negros Occidental,Sagay,(LIST OF STREETS),ALL LOTS,MEMORIAL PARK,A6,Agricultural - A6,60.0
raw,"RDO No. 76 - Victorias City, Negros Occidental is composed of the followin",,,,Negros Occidental,Sagay,(LIST OF STREETS),ALL LOTS,MEMORIAL PARK,A8,Agricultural - A8,30.0
raw,"RDO No. 76 - Victorias City, Negros Occidental is composed of the followin",,,,Negros Occidental,Sagay,(LIST OF STREETS),ALL LOTS,MEMORIAL PARK,A12,Agricultural - A12,42.0
raw,"RDO No. 76 - Victorias City, Negros Occidental is composed of the followin",,,,Negros Occidental,Sagay,(LIST OF STREETS),ALL LOTS,MEMORIAL PARK,A14,Agricultural - A14,30.0
raw,"RDO No. 76 - Victorias City, Negros Occidental is composed of the followin",,,,Negros Occidental,Sagay,(LIST OF STREETS),ALL LOTS,MEMORIAL PARK,A17,Agricultural - A17,50.0
raw,"RDO No. 76 - Victorias City, Negros Occidental is composed of the followin",,,,Negros Occidental,Sagay,(LIST OF STREETS),ALL LOTS,MEMORIAL PARK,A24,Agricultural - A24,30.0
raw,"RDO No. 76 - Victorias City, Negros Occidental is composed of the followin",,,,Negros Occidental,Sagay,(LIST OF STREETS),ALL LOTS,MEMORIAL PARK,A26,Agricultural - A26,30.0
raw,"RDO No. 76 - Victorias City, Negros Occidental is composed of the followin",,,,Negros Occidental,Sagay,(LIST OF STREETS),ALL LOTS,MEMORIAL PARK,A36,Agricultural - A36,30.0
raw,"RDO No. 76 - Victorias City, Negros Occidental is composed of the followin",,,,Negros Occidental,Sagay,(LIST OF STREETS),ALL LOTS,MEMORIAL PARK,A37,Agricultural - A37,30.0
raw,"RDO No. 76 - Victorias City, Negros Occidental is composed of the followin",,,,Negros Occidental,Sagay,(LIST OF STREETS),ALL LOTS,MEMORIAL PARK,A49,Agricultural - A49,27.0
raw,"RDO No. 76 - Victorias City, Negros Occidental is composed of the followin",,,,Negros Occidental,Sagay,(LIST OF STREETS),ALL LOTS,Gamefowl/Livestock/Swine,A50,Agricultural - A50,78.0
raw,"RDO No. 76 - Victorias City, Negros Occidental is composed of the followin",,,,Negros Occidental,Sagay,(LIST OF STREETS),ALL LOTS,Gamefowl/Livestock/Swine,A50,Agricultural - A50,15.0
raw,"RDO No. 76 - Victorias City, Negros Occidental is composed of the followin",,,,Negros Occidental,Sagay,(LIST OF STREETS),ALL LOTS,Along Barangay Proper,RR,Residential - Regular,650.0
raw,"RDO No. 76 - Victorias City, Negros Occidental is composed of the followin",,,,Negros Occidental,Sagay,(LIST OF STREETS),ALL LOTS,Along Barangay Proper,I,Industrial,1500.0
raw,"RDO No. 76 - Victorias City, Negros Occidental is composed of the followin",,,,Negros Occidental,Sagay,(LIST OF STREETS),ALL LOTS,Along Barangay Proper,GP,General Purpose,300.0
raw,"RDO No. 76 - Victorias City, Negros Occidental is composed of the followin",,,,Negros Occidental,Sagay,(LIST OF STREETS),ALL LOTS,Along Barangay Proper,A2,Agricultural - A2,30.0
raw,"RDO No. 76 - Victorias City, Negros Occidental is composed of the followin",,,,Negros Occidental,Sagay,(LIST OF STREETS),ALL LOTS,Along Barangay Proper,A3,Agricultural - A3,30.0
raw,"RDO No. 76 - Victorias City, Negros Occidental is composed of the followin",,,,Negros Occidental,Sagay,(LIST OF STREETS),ALL LOTS,Along Barangay Proper,A4,Agricultural - A4,30.0
raw,"RDO No. 76 - Victorias City, Negros Occidental is composed of the followin",,,,Negros Occidental,Sagay,(LIST OF STREETS),ALL LOTS,Along Barangay Proper,A12,Agricultural - A12,42.0
raw,"RDO No. 76 - Victorias City, Negros Occidental is composed of the followin",,,,Negros Occidental,Sagay,(LIST OF STREETS),ALL LOTS,Along Barangay Proper,A14,Agricultural - A14,30.0
raw,"RDO No. 76 - Victorias City, Negros Occidental is composed of the followin",,,,Negros Occidental,Sagay,(LIST OF STREETS),ALL LOTS,Along Barangay Proper,A16,Agricultural - A16,30.0
raw,"RDO No. 76 - Victorias City, Negros Occidental is composed of the followin",,,,Negros Occidental,Sagay,(LIST OF STREETS),ALL LOTS,Along Barangay Proper,A17,Agricultural - A17,50.0
raw,"RDO No. 76 - Victorias City, Negros Occidental is composed of the followin",,,,Negros Occidental,Sagay,(LIST OF STREETS),ALL LOTS,Along Barangay Proper,A25,Agricultural - A25,30.0
raw,"RDO No. 76 - Victorias City, Negros Occidental is composed of the followin",,,,Negros Occidental,Sagay,(LIST OF STREETS),ALL LOTS,Along Barangay Proper,A26,Agricultural - A26,30.0
raw,"RDO No. 76 - Victorias City, Negros Occidental is composed of the followin",,,,Negros Occidental,Sagay,(LIST OF STREETS),ALL LOTS,Along Barangay Proper,A33,Agricultural - A33,30.0
raw,"RDO No. 76 - Victorias City, Negros Occidental is composed of the followin",,,,Negros Occidental,Sagay,(LIST OF STREETS),ALL LOTS,Along Barangay Proper,A36,Agricultural - A36,30.0
raw,"RDO No. 76 - Victorias City, Negros Occidental is composed of the followin",,,,Negros Occidental,Sagay,(LIST OF STREETS),ALL LOTS,Along Barangay Proper,A37,Agricultural - A37,30.0
raw,"RDO No. 76 - Victorias City, Negros Occidental is composed of the followin",,,,Negros Occidental,Sagay,(LIST OF STREETS),ALL LOTS,Along Barangay Proper,A44,Agricultural - A44,30.0
raw,"RDO No. 76 - Victorias City, Negros Occidental is composed of the followin",,,,Negros Occidental,Sagay,(LIST OF STREETS),ALL LOTS,Along Barangay Proper,A48,Agricultural - A48,30.0
raw,"RDO No. 76 - Victorias City, Negros Occidental is composed of the followin",,,,Negros Occidental,Sagay,(LIST OF STREETS),ALL LOTS,Along Barangay Proper,A49,Agricultural - A49,27.0
raw,"RDO No. 76 - Victorias City, Negros Occidental is composed of the followin",,,,Negros Occidental,Sagay,(LIST OF STREETS),ALL LOTS,Along Barangay Proper,A50,Agricultural - A50,15.0
raw,"RDO No. 76 - Victorias City, Negros Occidental is composed of the followin",,,,Negros Occidental,Sagay,(LIST OF STREETS),ALL LOTS,Along Barangay Road,RR,Residential - Regular,800.0
raw,"RDO No. 76 - Victorias City, Negros Occidental is composed of the followin",,,,Negros Occidental,Sagay,(LIST OF STREETS),ALL LOTS,Along Elementary School,RR,Residential - Regular,800.0
raw,"RDO No. 76 - Victorias City, Negros Occidental is composed of the followin",,,,Negros Occidental,Sagay,(LIST OF STREETS),ALL LOTS,Along Barangay Proper,RR,Residential - Regular,800.0
raw,"RDO No. 76 - Victorias City, Negros Occidental is composed of the followin",,,,Negros Occidental,Sagay,(LIST OF STREETS),ALL LOTS,Along Barangay Proper,I,Industrial,1500.0
raw,"RDO No. 76 - Victorias City, Negros Occidental is composed of the followin",,,,Negros Occidental,Sagay,(LIST OF STREETS),ALL LOTS,Along Barangay Proper,GP,General Purpose,500.0
raw,"RDO No. 76 - Victorias City, Negros Occidental is composed of the followin",,,,Negros Occidental,Sagay,(LIST OF STREETS),ALL LOTS,Along Barangay Proper,A2,Agricultural - A2,30.0
raw,"RDO No. 76 - Victorias City, Negros Occidental is composed of the followin",,,,Negros Occidental,Sagay,(LIST OF STREETS),ALL LOTS,Along Barangay Proper,A3,Agricultural - A3,30.0
raw,"RDO No. 76 - Victorias City, Negros Occidental is composed of the followin",,,,Negros Occidental,Sagay,(LIST OF STREETS),ALL LOTS,Along Barangay Proper,A4,Agricultural - A4,30.0
raw,"RDO No. 76 - Victorias City, Negros Occidental is composed of the followin",,,,Negros Occidental,Sagay,(LIST OF STREETS),ALL LOTS,Along Barangay Proper,A12,Agricultural - A12,42.0
raw,"RDO No. 76 - Victorias City, Negros Occidental is composed of the followin",,,,Negros Occidental,Sagay,(LIST OF STREETS),ALL LOTS,Along Barangay Proper,A14,Agricultural - A14,30.0
raw,"RDO No. 76 - Victorias City, Negros Occidental is composed of the followin",,,,Negros Occidental,Sagay,(LIST OF STREETS),ALL LOTS,Along Barangay Proper,A16,Agricultural - A16,30.0
raw,"RDO No. 76 - Victorias City, Negros Occidental is composed of the followin",,,,Negros Occidental,Sagay,(LIST OF STREETS),ALL LOTS,Along Barangay Proper,A17,Agricultural - A17,50.0
raw,"RDO No. 76 - Victorias City, Negros Occidental is composed of the followin",,,,Negros Occidental,Sagay,(LIST OF STREETS),ALL LOTS,Along Barangay Proper,A25,Agricultural - A25,30.0
raw,"RDO No. 76 - Victorias City, Negros Occidental is composed of the followin",,,,Negros Occidental,Sagay,(LIST OF STREETS),ALL LOTS,Along Barangay Proper,A26,Agricultural - A26,30.0
raw,"RDO No. 76 - Victorias City, Negros Occidental is composed of the followin",,,,Negros Occidental,Sagay,(LIST OF STREETS),ALL LOTS,Along Barangay Proper,A36,Agricultural - A36,30.0
raw,"RDO No. 76 - Victorias City, Negros Occidental is composed of the followin",,,,Negros Occidental,Sagay,(LIST OF STREETS),ALL LOTS,Along Barangay Proper,A37,Agricultural - A37,30.0
raw,"RDO No. 76 - Victorias City, Negros Occidental is composed of the followin",,,,Negros Occidental,Sagay,(LIST OF STREETS),ALL LOTS,Along Barangay Proper,A48,Agricultural - A48,30.0
raw,"RDO No. 76 - Victorias City, Negros Occidental is composed of the followin",,,,Negros Occidental,Sagay,(LIST OF STREETS),ALL LOTS,Along Barangay Proper,A49,Agricultural - A49,27.0
raw,"RDO No. 76 - Victorias City, Negros Occidental is composed of the followin",,,,Negros Occidental,Sagay,(LIST OF STREETS),ALL LOTS,Along Barangay Proper,A50,Agricultural - A50,15.0
raw,"RDO No. 76 - Victorias City, Negros Occidental is composed of the followin",,,,Negros Occidental,Sagay,(LIST OF STREETS),ALL LOTS,Along National Road,CR,Commercial - Regular,2500.0
raw,"RDO No. 76 - Victorias City, Negros Occidental is composed of the followin",,,,Negros Occidental,Sagay,(LIST OF STREETS),ALL LOTS,Barangay Public Market,CR,Commercial - Regular,2500.0
raw,"RDO No. 76 - Victorias City, Negros Occidental is composed of the followin",,,,Negros Occidental,Sagay,(LIST OF STREETS),ALL LOTS,Adjacent to Barangay Hall & Trc,RR,Residential - Regular,1000.0
raw,"RDO No. 76 - Victorias City, Negros Occidental is composed of the followin",,,,Negros Occidental,Sagay,(LIST OF STREETS),ALL LOTS,Along National Road,RR,Residential - Regular,1000.0
raw,"RDO No. 76 - Victorias City, Negros Occidental is composed of the followin",,,,Negros Occidental,Sagay,(LIST OF STREETS),ALL LOTS,Along Elementary School,RR,Residential - Regular,1000.0
raw,"RDO No. 76 - Victorias City, Negros Occidental is composed of the followin",,,,Negros Occidental,Sagay,(LIST OF STREETS),ALL LOTS,Lots Adjacent to Barangay Hall & Brgy. Proper,RR,Residential - Regular,1000.0
raw,"RDO No. 76 - Victorias City, Negros Occidental is composed of the followin",,,,Negros Occidental,Sagay,(LIST OF STREETS),ALL LOTS,Lots Adjacent to Elementary School,RR,Residential - Regular,1000.0
raw,"RDO No. 76 - Victorias City, Negros Occidental is composed of the followin",,,,Negros Occidental,Sagay,(LIST OF STREETS),ALL LOTS,Sitio Inangtan,RR,Residential - Regular,1000.0
raw,"RDO No. 76 - Victorias City, Negros Occidental is composed of the followin",,,,Negros Occidental,Sagay,(LIST OF STREETS),ALL LOTS,Sitio Inangtan,GP,General Purpose,500.0
raw,"RDO No. 76 - Victorias City, Negros Occidental is composed of the followin",,,,Negros Occidental,Sagay,(LIST OF STREETS),ALL LOTS,Along Barangay Proper,RR,Residential - Regular,700.0
raw,"RDO No. 76 - Victorias City, Negros Occidental is composed of the followin",,,,Negros Occidental,Sagay,(LIST OF STREETS),ALL LOTS,Along Barangay Proper,GP,General Purpose,350.0
raw,"RDO No. 76 - Victorias City, Negros Occidental is composed of the followin",,,,Negros Occidental,Sagay,(LIST OF STREETS),ALL LOTS,Along Barangay Proper,I,Industrial,1500.0
raw,"RDO No. 76 - Victorias City, Negros Occidental is composed of the followin",,,,Negros Occidental,Sagay,(LIST OF STREETS),ALL LOTS,Along Barangay Proper,A2,Agricultural - A2,30.0
raw,"RDO No. 76 - Victorias City, Negros Occidental is composed of the followin",,,,Negros Occidental,Sagay,(LIST OF STREETS),ALL LOTS,Along Barangay Proper,A3,Agricultural - A3,30.0
raw,"RDO No. 76 - Victorias City, Negros Occidental is composed of the followin",,,,Negros Occidental,Sagay,(LIST OF STREETS),ALL LOTS,Along Barangay Proper,A4,Agricultural - A4,30.0
raw,"RDO No. 76 - Victorias City, Negros Occidental is composed of the followin",,,,Negros Occidental,Sagay,(LIST OF STREETS),ALL LOTS,Along Barangay Proper,A12,Agricultural - A12,42.0
raw,"RDO No. 76 - Victorias City, Negros Occidental is composed of the followin",,,,Negros Occidental,Sagay,(LIST OF STREETS),ALL LOTS,Along Barangay Proper,A14,Agricultural - A14,30.0
raw,"RDO No. 76 - Victorias City, Negros Occidental is composed of the followin",,,,Negros Occidental,Sagay,(LIST OF STREETS),ALL LOTS,Along Barangay Proper,A16,Agricultural - A16,30.0
raw,"RDO No. 76 - Victorias City, Negros Occidental is composed of the followin",,,,Negros Occidental,Sagay,(LIST OF STREETS),ALL LOTS,Along Barangay Proper,A17,Agricultural - A17,50.0
raw,"RDO No. 76 - Victorias City, Negros Occidental is composed of the followin",,,,Negros Occidental,Sagay,(LIST OF STREETS),ALL LOTS,Along Barangay Proper,A25,Agricultural - A25,30.0
raw,"RDO No. 76 - Victorias City, Negros Occidental is composed of the followin",,,,Negros Occidental,Sagay,(LIST OF STREETS),ALL LOTS,Along Barangay Proper,A26,Agricultural - A26,30.0
raw,"RDO No. 76 - Victorias City, Negros Occidental is composed of the followin",,,,Negros Occidental,Sagay,(LIST OF STREETS),ALL LOTS,Along Barangay Proper,A37,Agricultural - A37,30.0
raw,"RDO No. 76 - Victorias City, Negros Occidental is composed of the followin",,,,Negros Occidental,Sagay,(LIST OF STREETS),ALL LOTS,Along Barangay Proper,A49,Agricultural - A49,27.0
raw,"RDO No. 76 - Victorias City, Negros Occidental is composed of the followin",,,,Negros Occidental,Sagay,(LIST OF STREETS),ALL LOTS,Along Barangay Proper,A50,Agricultural - A50,15.0
raw,"RDO No. 76 - Victorias City, Negros Occidental is composed of the followin",,,,Negros Occidental,Sagay,(LIST OF STREETS),ALL LOTS,Along Barangay Proper,RR,Residential - Regular,600.0
raw,"RDO No. 76 - Victorias City, Negros Occidental is composed of the followin",,,,Negros Occidental,Sagay,(LIST OF STREETS),ALL LOTS,Along Barangay Proper,I,Industrial,1500.0
raw,"RDO No. 76 - Victorias City, Negros Occidental is composed of the followin",,,,Negros Occidental,Sagay,(LIST OF STREETS),ALL LOTS,Along Barangay Proper,GP,General Purpose,350.0
raw,"RDO No. 76 - Victorias City, Negros Occidental is composed of the followin",,,,Negros Occidental,Sagay,(LIST OF STREETS),ALL LOTS,Along Barangay Proper,A4,Agricultural - A4,30.0
raw,"RDO No. 76 - Victorias City, Negros Occidental is composed of the followin",,,,Negros Occidental,Sagay,(LIST OF STREETS),ALL LOTS,Along Barangay Proper,A12,Agricultural - A12,42.0
raw,"RDO No. 76 - Victorias City, Negros Occidental is composed of the followin",,,,Negros Occidental,Sagay,(LIST OF STREETS),ALL LOTS,Along Barangay Proper,A14,Agricultural - A14,30.0
raw,"RDO No. 76 - Victorias City, Negros Occidental is composed of the followin",,,,Negros Occidental,Sagay,(LIST OF STREETS),ALL LOTS,Along Barangay Proper,A15,Agricultural - A15,30.0
raw,"RDO No. 76 - Victorias City, Negros Occidental is composed of the followin",,,,Negros Occidental,Sagay,(LIST OF STREETS),ALL LOTS,Along Barangay Proper,A16,Agricultural - A16,30.0
raw,"RDO No. 76 - Victorias City, Negros Occidental is composed of the followin",,,,Negros Occidental,Sagay,(LIST OF STREETS),ALL LOTS,Along Barangay Proper,A24,Agricultural - A24,30.0
raw,"RDO No. 76 - Victorias City, Negros Occidental is composed of the followin",,,,Negros Occidental,Sagay,(LIST OF STREETS),ALL LOTS,Along Barangay Proper,A25,Agricultural - A25,30.0
raw,"RDO No. 76 - Victorias City, Negros Occidental is composed of the followin",,,,Negros Occidental,Sagay,(LIST OF STREETS),ALL LOTS,Along Barangay Proper,A33,Agricultural - A33,30.0
raw,"RDO No. 76 - Victorias City, Negros Occidental is composed of the followin",,,,Negros Occidental,Sagay,(LIST OF STREETS),ALL LOTS,Along Barangay Proper,A36,Agricultural - A36,30.0
raw,"RDO No. 76 - Victorias City, Negros Occidental is composed of the followin",,,,Negros Occidental,Sagay,(LIST OF STREETS),ALL LOTS,Along Barangay Proper,A44,Agricultural - A44,30.0
raw,"RDO No. 76 - Victorias City, Negros Occidental is composed of the followin",,,,Negros Occidental,Sagay,(LIST OF STREETS),ALL LOTS,Along Barangay Proper,A50,Agricultural - A50,15.0
raw,"RDO No. 76 - Victorias City, Negros Occidental is composed of the followin",,,,Negros Occidental,Sagay,(LIST OF STREETS),ALL LOTS,Along Barangay Proper,RR,Residential - Regular,1000.0
raw,"RDO No. 76 - Victorias City, Negros Occidental is composed of the followin",,,,Negros Occidental,Sagay,(LIST OF STREETS),ALL LOTS,Along Barangay Proper,I,Industrial,1500.0
raw,"RDO No. 76 - Victorias City, Negros Occidental is composed of the followin",,,,Negros Occidental,Sagay,(LIST OF STREETS),ALL LOTS,Along Barangay Proper,GP,General Purpose,1000.0
raw,"RDO No. 76 - Victorias City, Negros Occidental is composed of the followin",,,,Negros Occidental,Sagay,(LIST OF STREETS),ALL LOTS,Along Barangay Proper,A3,Agricultural - A3,30.0
raw,"RDO No. 76 - Victorias City, Negros Occidental is composed of the followin",,,,Negros Occidental,Sagay,(LIST OF STREETS),ALL LOTS,Along Barangay Proper,A4,Agricultural - A4,30.0
raw,"RDO No. 76 - Victorias City, Negros Occidental is composed of the followin",,,,Negros Occidental,Sagay,(LIST OF STREETS),ALL LOTS,Along Barangay Proper,A6,Agricultural - A6,60.0
raw,"RDO No. 76 - Victorias City, Negros Occidental is composed of the followin",,,,Negros Occidental,Sagay,(LIST OF STREETS),ALL LOTS,Along Barangay Proper,A8,Agricultural - A8,30.0
raw,"RDO No. 76 - Victorias City, Negros Occidental is composed of the followin",,,,Negros Occidental,Sagay,(LIST OF STREETS),ALL LOTS,Along Barangay Proper,A12,Agricultural - A12,42.0
raw,"RDO No. 76 - Victorias City, Negros Occidental is composed of the followin",,,,Negros Occidental,Sagay,(LIST OF STREETS),ALL LOTS,Along Barangay Proper,A14,Agricultural - A14,30.0
raw,"RDO No. 76 - Victorias City, Negros Occidental is composed of the followin",,,,Negros Occidental,Sagay,(LIST OF STREETS),ALL LOTS,Along Barangay Proper,A16,Agricultural - A16,30.0
raw,"RDO No. 76 - Victorias City, Negros Occidental is composed of the followin",,,,Negros Occidental,Sagay,(LIST OF STREETS),ALL LOTS,Along Barangay Proper,A17,Agricultural - A17,50.0
raw,"RDO No. 76 - Victorias City, Negros Occidental is composed of the followin",,,,Negros Occidental,Sagay,(LIST OF STREETS),ALL LOTS,Along Barangay Proper,A24,Agricultural - A24,30.0
raw,"RDO No. 76 - Victorias City, Negros Occidental is composed of the followin",,,,Negros Occidental,Sagay,(LIST OF STREETS),ALL LOTS,Along Barangay Proper,A26,Agricultural - A26,30.0
raw,"RDO No. 76 - Victorias City, Negros Occidental is composed of the followin",,,,Negros Occidental,Sagay,(LIST OF STREETS),ALL LOTS,Along Barangay Proper,A33,Agricultural - A33,30.0
raw,"RDO No. 76 - Victorias City, Negros Occidental is composed of the followin",,,,Negros Occidental,Sagay,(LIST OF STREETS),ALL LOTS,Along Barangay Proper,A44,Agricultural - A44,30.0
raw,"RDO No. 76 - Victorias City, Negros Occidental is composed of the followin",,,,Negros Occidental,Sagay,(LIST OF STREETS),ALL LOTS,Along Barangay Proper,A49,Agricultural - A49,27.0
raw,"RDO No. 76 - Victorias City, Negros Occidental is composed of the followin",,,,Negros Occidental,Sagay,(LIST OF STREETS),ALL LOTS,Along Barangay Proper,A50,Agricultural - A50,15.0
raw,"RDO No. 76 - Victorias City, Negros Occidental is composed of the followin",,,,Negros Occidental,Sagay,(LIST OF STREETS),ALL LOTS,Along Barangay Proper,RR,Residential - Regular,600.0
raw,"RDO No. 76 - Victorias City, Negros Occidental is composed of the followin",,,,Negros Occidental,Sagay,(LIST OF STREETS),ALL LOTS,Along Barangay Proper,I,Industrial,1500.0
raw,"RDO No. 76 - Victorias City, Negros Occidental is composed of the followin",,,,Negros Occidental,Sagay,(LIST OF STREETS),ALL LOTS,Along Barangay Proper,GP,General Purpose,500.0
raw,"RDO No. 76 - Victorias City, Negros Occidental is composed of the followin",,,,Negros Occidental,Sagay,(LIST OF STREETS),ALL LOTS,Along Barangay Proper,A3,Agricultural - A3,30.0
raw,"RDO No. 76 - Victorias City, Negros Occidental is composed of the followin",,,,Negros Occidental,Sagay,(LIST OF STREETS),ALL LOTS,Along Barangay Proper,A4,Agricultural - A4,30.0
raw,"RDO No. 76 - Victorias City, Negros Occidental is composed of the followin",,,,Negros Occidental,Sagay,(LIST OF STREETS),ALL LOTS,Along Barangay Proper,A12,Agricultural - A12,42.0
raw,"RDO No. 76 - Victorias City, Negros Occidental is composed of the followin",,,,Negros Occidental,Sagay,(LIST OF STREETS),ALL LOTS,Along Barangay Proper,A14,Agricultural - A14,30.0
raw,"RDO No. 76 - Victorias City, Negros Occidental is composed of the followin",,,,Negros Occidental,Sagay,(LIST OF STREETS),ALL LOTS,Along Barangay Proper,A16,Agricultural - A16,30.0
raw,"RDO No. 76 - Victorias City, Negros Occidental is composed of the followin",,,,Negros Occidental,Sagay,(LIST OF STREETS),ALL LOTS,Along Barangay Proper,A17,Agricultural - A17,50.0
raw,"RDO No. 76 - Victorias City, Negros Occidental is composed of the followin",,,,Negros Occidental,Sagay,(LIST OF STREETS),ALL LOTS,Along Barangay Proper,A25,Agricultural - A25,30.0
raw,"RDO No. 76 - Victorias City, Negros Occidental is composed of the followin",,,,Negros Occidental,Sagay,(LIST OF STREETS),ALL LOTS,Along Barangay Proper,A33,Agricultural - A33,30.0
raw,"RDO No. 76 - Victorias City, Negros Occidental is composed of the followin",,,,Negros Occidental,Sagay,(LIST OF STREETS),ALL LOTS,Along Barangay Proper,A36,Agricultural - A36,30.0
raw,"RDO No. 76 - Victorias City, Negros Occidental is composed of the followin",,,,Negros Occidental,Sagay,(LIST OF STREETS),ALL LOTS,Along Barangay Proper,A37,Agricultural - A37,30.0
raw,"RDO No. 76 - Victorias City, Negros Occidental is composed of the followin",,,,Negros Occidental,Sagay,(LIST OF STREETS),ALL LOTS,Along Barangay Proper,A48,Agricultural - A48,30.0
raw,"RDO No. 76 - Victorias City, Negros Occidental is composed of the followin",,,,Negros Occidental,Sagay,(LIST OF STREETS),ALL LOTS,Along Barangay Proper,A49,Agricultural - A49,27.0
raw,"RDO No. 76 - Victorias City, Negros Occidental is composed of the followin",,,,Negros Occidental,Sagay,(LIST OF STREETS),ALL LOTS,Along Barangay Proper,A50,Agricultural - A50,15.0
raw,"RDO No. 76 - Victorias City, Negros Occidental is composed of the followin",,,,Negros Occidental,Sagay,(LIST OF STREETS),ALL LOTS,Along Barangay Proper,RR,Residential - Regular,700.0
raw,"RDO No. 76 - Victorias City, Negros Occidental is composed of the followin",,,,Negros Occidental,Sagay,(LIST OF STREETS),ALL LOTS,Along Barangay Proper,CR,Commercial - Regular,1500.0
raw,"RDO No. 76 - Victorias City, Negros Occidental is composed of the followin",,,,Negros Occidental,Sagay,(LIST OF STREETS),ALL LOTS,Along Barangay Proper,I,Industrial,1000.0
raw,"RDO No. 76 - Victorias City, Negros Occidental is composed of the followin",,,,Negros Occidental,Sagay,(LIST OF STREETS),ALL LOTS,Along Barangay Proper,GP,General Purpose,400.0
raw,"RDO No. 76 - Victorias City, Negros Occidental is composed of the followin",,,,Negros Occidental,Sagay,(LIST OF STREETS),ALL LOTS,Along Barangay Proper,A2,Agricultural - A2,30.0
raw,"RDO No. 76 - Victorias City, Negros Occidental is composed of the followin",,,,Negros Occidental,Sagay,(LIST OF STREETS),ALL LOTS,Along Barangay Proper,A3,Agricultural - A3,30.0
raw,"RDO No. 76 - Victorias City, Negros Occidental is composed of the followin",,,,Negros Occidental,Sagay,(LIST OF STREETS),ALL LOTS,Along Barangay Proper,A4,Agricultural - A4,30.0
raw,"RDO No. 76 - Victorias City, Negros Occidental is composed of the followin",,,,Negros Occidental,Sagay,(LIST OF STREETS),ALL LOTS,Along Barangay Proper,A12,Agricultural - A12,42.0
raw,"RDO No. 76 - Victorias City, Negros Occidental is composed of the followin",,,,Negros Occidental,Sagay,(LIST OF STREETS),ALL LOTS,Along Barangay Proper,A14,Agricultural - A14,30.0
raw,"RDO No. 76 - Victorias City, Negros Occidental is composed of the followin",,,,Negros Occidental,Sagay,(LIST OF STREETS),ALL LOTS,Along Barangay Proper,A16,Agricultural - A16,30.0
raw,"RDO No. 76 - Victorias City, Negros Occidental is composed of the followin",,,,Negros Occidental,Sagay,(LIST OF STREETS),ALL LOTS,Along Barangay Proper,A17,Agricultural - A17,50.0
raw,"RDO No. 76 - Victorias City, Negros Occidental is composed of the followin",,,,Negros Occidental,Sagay,(LIST OF STREETS),ALL LOTS,Along Barangay Proper,A25,Agricultural - A25,30.0
raw,"RDO No. 76 - Victorias City, Negros Occidental is composed of the followin",,,,Negros Occidental,Sagay,(LIST OF STREETS),ALL LOTS,Along Barangay Proper,A26,Agricultural - A26,30.0
raw,"RDO No. 76 - Victorias City, Negros Occidental is composed of the followin",,,,Negros Occidental,Sagay,(LIST OF STREETS),ALL LOTS,Along Barangay Proper,A36,Agricultural - A36,30.0
raw,"RDO No. 76 - Victorias City, Negros Occidental is composed of the followin",,,,Negros Occidental,Sagay,(LIST OF STREETS),ALL LOTS,Along Barangay Proper,A37,Agricultural - A37,30.0
raw,"RDO No. 76 - Victorias City, Negros Occidental is composed of the followin",,,,Negros Occidental,Sagay,(LIST OF STREETS),ALL LOTS,Along Barangay Proper,A48,Agricultural - A48,30.0
raw,"RDO No. 76 - Victorias City, Negros Occidental is composed of the followin",,,,Negros Occidental,Sagay,(LIST OF STREETS),ALL LOTS,Along Barangay Proper,A49,Agricultural - A49,27.0
raw,"RDO No. 76 - Victorias City, Negros Occidental is composed of the followin",,,,Negros Occidental,Sagay,(LIST OF STREETS),ALL LOTS,Along Barangay Proper,A50,Agricultural - A50,15.0
raw,"RDO No. 76 - Victorias City, Negros Occidental is composed of the followin",,,,Negros Occidental,Sagay,(LIST OF STREETS),ALL LOTS,Along Barangay Proper,RR,Residential - Regular,700.0
raw,"RDO No. 76 - Victorias City, Negros Occidental is composed of the followin",,,,Negros Occidental,Sagay,(LIST OF STREETS),ALL LOTS,Along Barangay Proper,CR,Commercial - Regular,1500.0
raw,"RDO No. 76 - Victorias City, Negros Occidental is composed of the followin",,,,Negros Occidental,Sagay,(LIST OF STREETS),ALL LOTS,Along Barangay Proper,I,Industrial,1000.0
raw,"RDO No. 76 - Victorias City, Negros Occidental is composed of the followin",,,,Negros Occidental,Sagay,(LIST OF STREETS),ALL LOTS,Along Barangay Proper,GP,General Purpose,500.0
raw,"RDO No. 76 - Victorias City, Negros Occidental is composed of the followin",,,,Negros Occidental,Sagay,(LIST OF STREETS),ALL LOTS,Along Barangay Proper,A2,Agricultural - A2,30.0
raw,"RDO No. 76 - Victorias City, Negros Occidental is composed of the followin",,,,Negros Occidental,Sagay,(LIST OF STREETS),ALL LOTS,Along Barangay Proper,A3,Agricultural - A3,30.0
raw,"RDO No. 76 - Victorias City, Negros Occidental is composed of the followin",,,,Negros Occidental,Sagay,(LIST OF STREETS),ALL LOTS,Along Barangay Proper,A4,Agricultural - A4,30.0
raw,"RDO No. 76 - Victorias City, Negros Occidental is composed of the followin",,,,Negros Occidental,Sagay,(LIST OF STREETS),ALL LOTS,Along Barangay Proper,A6,Agricultural - A6,60.0
raw,"RDO No. 76 - Victorias City, Negros Occidental is composed of the followin",,,,Negros Occidental,Sagay,(LIST OF STREETS),ALL LOTS,Along Barangay Proper,A8,Agricultural - A8,30.0
raw,"RDO No. 76 - Victorias City, Negros Occidental is composed of the followin",,,,Negros Occidental,Sagay,(LIST OF STREETS),ALL LOTS,Along Barangay Proper,A12,Agricultural - A12,42.0
raw,"RDO No. 76 - Victorias City, Negros Occidental is composed of the followin",,,,Negros Occidental,Sagay,(LIST OF STREETS),ALL LOTS,Along Barangay Proper,A14,Agricultural - A14,30.0
raw,"RDO No. 76 - Victorias City, Negros Occidental is composed of the followin",,,,Negros Occidental,Sagay,(LIST OF STREETS),ALL LOTS,Along Barangay Proper,A16,Agricultural - A16,30.0
raw,"RDO No. 76 - Victorias City, Negros Occidental is composed of the followin",,,,Negros Occidental,Sagay,(LIST OF STREETS),ALL LOTS,Along Barangay Proper,A17,Agricultural - A17,50.0
raw,"RDO No. 76 - Victorias City, Negros Occidental is composed of the followin",,,,Negros Occidental,Sagay,(LIST OF STREETS),ALL LOTS,Along Barangay Proper,A24,Agricultural - A24,30.0
raw,"RDO No. 76 - Victorias City, Negros Occidental is composed of the followin",,,,Negros Occidental,Sagay,(LIST OF STREETS),ALL LOTS,Along Barangay Proper,A25,Agricultural - A25,30.0
raw,"RDO No. 76 - Victorias City, Negros Occidental is composed of the followin",,,,Negros Occidental,Sagay,(LIST OF STREETS),ALL LOTS,Along Barangay Proper,A26,Agricultural - A26,30.0
raw,"RDO No. 76 - Victorias City, Negros Occidental is composed of the followin",,,,Negros Occidental,Sagay,(LIST OF STREETS),ALL LOTS,Along Barangay Proper,A33,Agricultural - A33,30.0
raw,"RDO No. 76 - Victorias City, Negros Occidental is composed of the followin",,,,Negros Occidental,Sagay,(LIST OF STREETS),ALL LOTS,Along Barangay Proper,A36,Agricultural - A36,30.0
raw,"RDO No. 76 - Victorias City, Negros Occidental is composed of the followin",,,,Negros Occidental,Sagay,(LIST OF STREETS),ALL LOTS,Along Barangay Proper,A37,Agricultural - A37,30.0
raw,"RDO No. 76 - Victorias City, Negros Occidental is composed of the followin",,,,Negros Occidental,Sagay,(LIST OF STREETS),ALL LOTS,Along Barangay Proper,A44,Agricultural - A44,30.0
raw,"RDO No. 76 - Victorias City, Negros Occidental is composed of the followin",,,,Negros Occidental,Sagay,(LIST OF STREETS),ALL LOTS,Along Barangay Proper,A49,Agricultural - A49,27.0
raw,"RDO No. 76 - Victorias City, Negros Occidental is composed of the followin",,,,Negros Occidental,Sagay,(LIST OF STREETS),ALL LOTS,Along Barangay Proper,A50,Agricultural - A50,15.0
raw,"RDO No. 76 - Victorias City, Negros Occidental is composed of the followin",,,,Negros Occidental,Sagay,(LIST OF STREETS),ALL LOTS,Along Barangay Proper,RR,Residential - Regular,700.0
raw,"RDO No. 76 - Victorias City, Negros Occidental is composed of the followin",,,,Negros Occidental,Sagay,(LIST OF STREETS),ALL LOTS,Along Barangay Proper,CR,Commercial - Regular,1500.0
raw,"RDO No. 76 - Victorias City, Negros Occidental is composed of the followin",,,,Negros Occidental,Sagay,(LIST OF STREETS),ALL LOTS,Along Barangay Proper,I,Industrial,1000.0
raw,"RDO No. 76 - Victorias City, Negros Occidental is composed of the followin",,,,Negros Occidental,Sagay,(LIST OF STREETS),ALL LOTS,Along Barangay Proper,GP,General Purpose,400.0
raw,"RDO No. 76 - Victorias City, Negros Occidental is composed of the followin",,,,Negros Occidental,Sagay,(LIST OF STREETS),ALL LOTS,Along Barangay Proper,A1,Agricultural - A1,37.5
raw,"RDO No. 76 - Victorias City, Negros Occidental is composed of the followin",,,,Negros Occidental,Sagay,(LIST OF STREETS),ALL LOTS,Along Barangay Proper,A2,Agricultural - A2,30.0
raw,"RDO No. 76 - Victorias City, Negros Occidental is composed of the followin",,,,Negros Occidental,Sagay,(LIST OF STREETS),ALL LOTS,Along Barangay Proper,A3,Agricultural - A3,30.0
raw,"RDO No. 76 - Victorias City, Negros Occidental is composed of the followin",,,,Negros Occidental,Sagay,(LIST OF STREETS),ALL LOTS,Along Barangay Proper,A4,Agricultural - A4,30.0
raw,"RDO No. 76 - Victorias City, Negros Occidental is composed of the followin",,,,Negros Occidental,Sagay,(LIST OF STREETS),ALL LOTS,Along Barangay Proper,A12,Agricultural - A12,52.0
raw,"RDO No. 76 - Victorias City, Negros Occidental is composed of the followin",,,,Negros Occidental,Sagay,(LIST OF STREETS),ALL LOTS,Along Barangay Proper,A14,Agricultural - A14,30.0
raw,"RDO No. 76 - Victorias City, Negros Occidental is composed of the followin",,,,Negros Occidental,Sagay,(LIST OF STREETS),ALL LOTS,Along Barangay Proper,A16,Agricultural - A16,30.0
raw,"RDO No. 76 - Victorias City, Negros Occidental is composed of the followin",,,,Negros Occidental,Sagay,(LIST OF STREETS),ALL LOTS,Along Barangay Proper,A17,Agricultural - A17,50.0
raw,"RDO No. 76 - Victorias City, Negros Occidental is composed of the followin",,,,Negros Occidental,Sagay,(LIST OF STREETS),ALL LOTS,Along Barangay Proper,A25,Agricultural - A25,30.0
raw,"RDO No. 76 - Victorias City, Negros Occidental is composed of the followin",,,,Negros Occidental,Sagay,(LIST OF STREETS),ALL LOTS,Along Barangay Proper,A26,Agricultural - A26,30.0
raw,"RDO No. 76 - Victorias City, Negros Occidental is composed of the followin",,,,Negros Occidental,Sagay,(LIST OF STREETS),ALL LOTS,Along Barangay Proper,A33,Agricultural - A33,30.0
raw,"RDO No. 76 - Victorias City, Negros Occidental is composed of the followin",,,,Negros Occidental,Sagay,(LIST OF STREETS),ALL LOTS,Along Barangay Proper,A36,Agricultural - A36,30.0
raw,"RDO No. 76 - Victorias City, Negros Occidental is composed of the followin",,,,Negros Occidental,Sagay,(LIST OF STREETS),ALL LOTS,Along Barangay Proper,A37,Agricultural - A37,30.0
raw,"RDO No. 76 - Victorias City, Negros Occidental is composed of the followin",,,,Negros Occidental,Sagay,(LIST OF STREETS),ALL LOTS,Along Barangay Proper,A48,Agricultural - A48,30.0
raw,"RDO No. 76 - Victorias City, Negros Occidental is composed of the followin",,,,Negros Occidental,Sagay,(LIST OF STREETS),ALL LOTS,Along Barangay Proper,A49,Agricultural - A49,27.0
raw,"RDO No. 76 - Victorias City, Negros Occidental is composed of the followin",,,,Negros Occidental,Sagay,(LIST OF STREETS),ALL LOTS,Along Barangay Proper,A50,Agricultural - A50,15.0
raw,"RDO No. 76 - Victorias City, Negros Occidental is composed of the followin",,,,Negros Occidental,Sagay,(LIST OF STREETS),ALL LOTS,Along National Highway,RR,Residential - Regular,1200.0
raw,"RDO No. 76 - Victorias City, Negros Occidental is composed of the followin",,,,Negros Occidental,Sagay,(LIST OF STREETS),ALL LOTS,Along National Highway,CR,Commercial - Regular,2000.0
raw,"RDO No. 76 - Victorias City, Negros Occidental is composed of the followin",,,,Negros Occidental,Sagay,(LIST OF STREETS),ALL LOTS,Along National Highway,I,Industrial,1500.0
raw,"RDO No. 76 - Victorias City, Negros Occidental is composed of the followin",,,,Negros Occidental,Sagay,(LIST OF STREETS),ALL LOTS,Along National Highway,GP,General Purpose,600.0
raw,"RDO No. 76 - Victorias City, Negros Occidental is composed of the followin",,,,Negros Occidental,Sagay,(LIST OF STREETS),ALL OTHER LOTS,Along Avanceña Area,GP,General Purpose,500.0
raw,"RDO No. 76 - Victorias City, Negros Occidental is composed of the followin",,,,Negros Occidental,Sagay,(LIST OF STREETS),ALL OTHER LOTS,Along Avanceña Area,I,Industrial,3000.0
raw,"RDO No. 76 - Victorias City, Negros Occidental is composed of the followin",,,,Negros Occidental,Sagay,(LIST OF STREETS),ALL OTHER LOTS,A4    Coco Land,A4,Agricultural - A4,30.0
raw,"RDO No. 76 - Victorias City, Negros Occidental is composed of the followin",,,,Negros Occidental,Sagay,(LIST OF STREETS),ALL OTHER LOTS,A14  Banana Land,A14,Agricultural - A14,30.0
raw,"RDO No. 76 - Victorias City, Negros Occidental is composed of the followin",,,,Negros Occidental,Sagay,(LIST OF STREETS),ALL OTHER LOTS,A16  Corn Land,A16,Agricultural - A16,30.0
raw,"RDO No. 76 - Victorias City, Negros Occidental is composed of the followin",,,,Negros Occidental,Sagay,(LIST OF STREETS),ALL OTHER LOTS,A17  Sugar Land,A17,Agricultural - A17,50.0
raw,"RDO No. 76 - Victorias City, Negros Occidental is composed of the followin",,,,Negros Occidental,Sagay,(LIST OF STREETS),ALL OTHER LOTS,A25  Camote/Cassava,A25,Agricultural - A25,30.0
raw,"RDO No. 76 - Victorias City, Negros Occidental is composed of the followin",,,,Negros Occidental,Sagay,(LIST OF STREETS),ALL OTHER LOTS,A49  Mountainous / Hilly Areas,A49,Agricultural - A49,25.0
raw,"RDO No. 76 - Victorias City, Negros Occidental is composed of the followin",,,,Negros Occidental,Sagay,(LIST OF STREETS),ALL OTHER LOTS,Gamefowl,A50,Agricultural - A50,132.0
raw,"RDO No. 76 - Victorias City, Negros Occidental is composed of the followin",,,,Negros Occidental,Sagay,(LIST OF STREETS),ALL OTHER LOTS,Livestock/Swine,A50,Agricultural - A50,85.0
raw,"RDO No. 76 - Victorias City, Negros Occidental is composed of the followin",,,,Negros Occidental,Sagay,(LIST OF STREETS),ALL OTHER LOTS,Other Agricultural Lands,A50,Agricultural - A50,15.0
raw,"RDO No. 76 - Victorias City, Negros Occidental is composed of the followin",,,,Negros Occidental,Sagay,(LIST OF STREETS),ALL OTHER LOTS,Along Elementary School,RR,Residential - Regular,800.0
raw,"RDO No. 76 - Victorias City, Negros Occidental is composed of the followin",,,,Negros Occidental,Sagay,(LIST OF STREETS),ALL OTHER LOTS,Along Elementary School,I,Industrial,1500.0
raw,"RDO No. 76 - Victorias City, Negros Occidental is composed of the followin",,,,Negros Occidental,Sagay,(LIST OF STREETS),ALL OTHER LOTS,Along Elementary School,GP,General Purpose,400.0
raw,"RDO No. 76 - Victorias City, Negros Occidental is composed of the followin",,,,Negros Occidental,Sagay,(LIST OF STREETS),ALL OTHER LOTS,Along Elementary School,A2,Agricultural - A2,30.0
raw,"RDO No. 76 - Victorias City, Negros Occidental is composed of the followin",,,,Negros Occidental,Sagay,(LIST OF STREETS),ALL OTHER LOTS,Along Elementary School,A3,Agricultural - A3,30.0
raw,"RDO No. 76 - Victorias City, Negros Occidental is composed of the followin",,,,Negros Occidental,Sagay,(LIST OF STREETS),ALL OTHER LOTS,Along Elementary School,A4,Agricultural - A4,30.0
raw,"RDO No. 76 - Victorias City, Negros Occidental is composed of the followin",,,,Negros Occidental,Sagay,(LIST OF STREETS),ALL OTHER LOTS,Along Elementary School,A12,Agricultural - A12,42.0
raw,"RDO No. 76 - Victorias City, Negros Occidental is composed of the followin",,,,Negros Occidental,Sagay,(LIST OF STREETS),ALL OTHER LOTS,Along Elementary School,A14,Agricultural - A14,30.0
raw,"RDO No. 76 - Victorias City, Negros Occidental is composed of the followin",,,,Negros Occidental,Sagay,(LIST OF STREETS),ALL OTHER LOTS,Along Elementary School,A16,Agricultural - A16,30.0
raw,"RDO No. 76 - Victorias City, Negros Occidental is composed of the followin",,,,Negros Occidental,Sagay,(LIST OF STREETS),ALL OTHER LOTS,Along Elementary School,A17,Agricultural - A17,50.0
raw,"RDO No. 76 - Victorias City, Negros Occidental is composed of the followin",,,,Negros Occidental,Sagay,(LIST OF STREETS),ALL OTHER LOTS,Along Elementary School,A33,Agricultural - A33,30.0
raw,"RDO No. 76 - Victorias City, Negros Occidental is composed of the followin",,,,Negros Occidental,Sagay,(LIST OF STREETS),ALL OTHER LOTS,Along Elementary School,A37,Agricultural - A37,30.0
raw,"RDO No. 76 - Victorias City, Negros Occidental is composed of the followin",,,,Negros Occidental,Sagay,(LIST OF STREETS),ALL OTHER LOTS,Along Elementary School,A49,Agricultural - A49,27.0
raw,"RDO No. 76 - Victorias City, Negros Occidental is composed of the followin",,,,Negros Occidental,Sagay,(LIST OF STREETS),ALL OTHER LOTS,Along Elementary School,A50,Agricultural - A50,15.0
raw,"RDO No. 76 - Victorias City, Negros Occidental is composed of the followin",,,,Negros Occidental,Sagay,(LIST OF STREETS),ALL OTHER LOTS,Adjacent to Barangay Hall & Trc,RR,Residential - Regular,600.0
raw,"RDO No. 76 - Victorias City, Negros Occidental is composed of the followin",,,,Negros Occidental,Sagay,(LIST OF STREETS),ALL OTHER LOTS,Adjacent to Barangay Hall & Trc,GP,General Purpose,500.0
raw,"RDO No. 76 - Victorias City, Negros Occidental is composed of the followin",,,,Negros Occidental,Sagay,(LIST OF STREETS),ALL OTHER LOTS,Adjacent to Barangay Hall & Trc,I,Industrial,1800.0
raw,"RDO No. 76 - Victorias City, Negros Occidental is composed of the followin",,,,Negros Occidental,Sagay,(LIST OF STREETS),ALL OTHER LOTS,Adjacent to Barangay Hall & Trc,A4,Agricultural - A4,30.0
raw,"RDO No. 76 - Victorias City, Negros Occidental is composed of the followin",,,,Negros Occidental,Sagay,(LIST OF STREETS),ALL OTHER LOTS,Adjacent to Barangay Hall & Trc,A16,Agricultural - A16,30.0
raw,"RDO No. 76 - Victorias City, Negros Occidental is composed of the followin",,,,Negros Occidental,Sagay,(LIST OF STREETS),ALL OTHER LOTS,Adjacent to Barangay Hall & Trc,A17,Agricultural - A17,50.0
raw,"RDO No. 76 - Victorias City, Negros Occidental is composed of the followin",,,,Negros Occidental,Sagay,(LIST OF STREETS),ALL OTHER LOTS,Adjacent to Barangay Hall & Trc,A37,Agricultural - A37,30.0
raw,"RDO No. 76 - Victorias City, Negros Occidental is composed of the followin",,,,Negros Occidental,Sagay,(LIST OF STREETS),ALL OTHER LOTS,Adjacent to Barangay Hall & Trc,A49,Agricultural - A49,27.0
raw,"RDO No. 76 - Victorias City, Negros Occidental is composed of the followin",,,,Negros Occidental,Sagay,(LIST OF STREETS),ALL OTHER LOTS,Adjacent to Barangay Hall & Trc,A50,Agricultural - A50,15.0
raw,"RDO No. 76 - Victorias City, Negros Occidental is composed of the followin",,,,Negros Occidental,Sagay,(LIST OF STREETS),ALL OTHER LOTS,Along Barangay Road & Brgy Proper,GP,General Purpose,500.0
raw,"RDO No. 76 - Victorias City, Negros Occidental is composed of the followin",,,,Negros Occidental,Sagay,(LIST OF STREETS),ALL OTHER LOTS,Along Barangay Road & Brgy Proper,A1,Agricultural - A1,33.5
raw,"RDO No. 76 - Victorias City, Negros Occidental is composed of the followin",,,,Negros Occidental,Sagay,(LIST OF STREETS),ALL OTHER LOTS,Along Barangay Road & Brgy Proper,A2,Agricultural - A2,30.0
raw,"RDO No. 76 - Victorias City, Negros Occidental is composed of the followin",,,,Negros Occidental,Sagay,(LIST OF STREETS),ALL OTHER LOTS,Along Barangay Road & Brgy Proper,A3,Agricultural - A3,30.0
raw,"RDO No. 76 - Victorias City, Negros Occidental is composed of the followin",,,,Negros Occidental,Sagay,(LIST OF STREETS),ALL OTHER LOTS,Along Barangay Road & Brgy Proper,A4,Agricultural - A4,30.0
raw,"RDO No. 76 - Victorias City, Negros Occidental is composed of the followin",,,,Negros Occidental,Sagay,(LIST OF STREETS),ALL OTHER LOTS,Along Barangay Road & Brgy Proper,A6,Agricultural - A6,60.0
raw,"RDO No. 76 - Victorias City, Negros Occidental is composed of the followin",,,,Negros Occidental,Sagay,(LIST OF STREETS),ALL OTHER LOTS,Along Barangay Road & Brgy Proper,A12,Agricultural - A12,42.0
raw,"RDO No. 76 - Victorias City, Negros Occidental is composed of the followin",,,,Negros Occidental,Sagay,(LIST OF STREETS),ALL OTHER LOTS,Along Barangay Road & Brgy Proper,A14,Agricultural - A14,30.0
raw,"RDO No. 76 - Victorias City, Negros Occidental is composed of the followin",,,,Negros Occidental,Sagay,(LIST OF STREETS),ALL OTHER LOTS,Along Barangay Road & Brgy Proper,A16,Agricultural - A16,30.0
raw,"RDO No. 76 - Victorias City, Negros Occidental is composed of the followin",,,,Negros Occidental,Sagay,(LIST OF STREETS),ALL OTHER LOTS,Along Barangay Road & Brgy Proper,A17,Agricultural - A17,50.0
raw,"RDO No. 76 - Victorias City, Negros Occidental is composed of the followin",,,,Negros Occidental,Sagay,(LIST OF STREETS),ALL OTHER LOTS,Along Barangay Road & Brgy Proper,A24,Agricultural - A24,30.0
raw,"RDO No. 76 - Victorias City, Negros Occidental is composed of the followin",,,,Negros Occidental,Sagay,(LIST OF STREETS),ALL OTHER LOTS,Along Barangay Road & Brgy Proper,A25,Agricultural - A25,30.0
raw,"RDO No. 76 - Victorias City, Negros Occidental is composed of the followin",,,,Negros Occidental,Sagay,(LIST OF STREETS),ALL OTHER LOTS,Along Barangay Road & Brgy Proper,A26,Agricultural - A26,30.0
raw,"RDO No. 76 - Victorias City, Negros Occidental is composed of the followin",,,,Negros Occidental,Sagay,(LIST OF STREETS),ALL OTHER LOTS,Along Barangay Road & Brgy Proper,A33,Agricultural - A33,30.0
raw,"RDO No. 76 - Victorias City, Negros Occidental is composed of the followin",,,,Negros Occidental,Sagay,(LIST OF STREETS),ALL OTHER LOTS,Along Barangay Road & Brgy Proper,A37,Agricultural - A37,30.0
raw,"RDO No. 76 - Victorias City, Negros Occidental is composed of the followin",,,,Negros Occidental,Sagay,(LIST OF STREETS),ALL OTHER LOTS,Along Barangay Road & Brgy Proper,A44,Agricultural - A44,30.0
raw,"RDO No. 76 - Victorias City, Negros Occidental is composed of the followin",,,,Negros Occidental,Sagay,(LIST OF STREETS),ALL OTHER LOTS,Along Barangay Road & Brgy Proper,A49,Agricultural - A49,27.0
raw,"RDO No. 76 - Victorias City, Negros Occidental is composed of the followin",,,,Negros Occidental,Sagay,(LIST OF STREETS),ALL OTHER LOTS,Along Barangay Road & Brgy Proper,A50,Agricultural - A50,15.0
raw,"RDO No. 76 - Victorias City, Negros Occidental is composed of the followin",,,,Negros Occidental,Sagay,(LIST OF STREETS),ALL OTHER LOTS,Barangay Road to Sitio Pula,A2,Agricultural - A2,30.0
raw,"RDO No. 76 - Victorias City, Negros Occidental is composed of the followin",,,,Negros Occidental,Sagay,(LIST OF STREETS),ALL OTHER LOTS,Barangay Road to Sitio Pula,A3,Agricultural - A3,30.0
raw,"RDO No. 76 - Victorias City, Negros Occidental is composed of the followin",,,,Negros Occidental,Sagay,(LIST OF STREETS),ALL OTHER LOTS,Barangay Road to Sitio Pula,A4,Agricultural - A4,30.0
raw,"RDO No. 76 - Victorias City, Negros Occidental is composed of the followin",,,,Negros Occidental,Sagay,(LIST OF STREETS),ALL OTHER LOTS,Barangay Road to Sitio Pula,A12,Agricultural - A12,42.0
raw,"RDO No. 76 - Victorias City, Negros Occidental is composed of the followin",,,,Negros Occidental,Sagay,(LIST OF STREETS),ALL OTHER LOTS,Barangay Road to Sitio Pula,A14,Agricultural - A14,30.0
raw,"RDO No. 76 - Victorias City, Negros Occidental is composed of the followin",,,,Negros Occidental,Sagay,(LIST OF STREETS),ALL OTHER LOTS,Barangay Road to Sitio Pula,A16,Agricultural - A16,30.0
raw,"RDO No. 76 - Victorias City, Negros Occidental is composed of the followin",,,,Negros Occidental,Sagay,(LIST OF STREETS),ALL OTHER LOTS,Barangay Road to Sitio Pula,A17,Agricultural - A17,50.0
raw,"RDO No. 76 - Victorias City, Negros Occidental is composed of the followin",,,,Negros Occidental,Sagay,(LIST OF STREETS),ALL OTHER LOTS,Barangay Road to Sitio Pula,A25,Agricultural - A25,30.0
raw,"RDO No. 76 - Victorias City, Negros Occidental is composed of the followin",,,,Negros Occidental,Sagay,(LIST OF STREETS),ALL OTHER LOTS,Barangay Road to Sitio Pula,A26,Agricultural - A26,30.0
raw,"RDO No. 76 - Victorias City, Negros Occidental is composed of the followin",,,,Negros Occidental,Sagay,(LIST OF STREETS),ALL OTHER LOTS,Barangay Road to Sitio Pula,A33,Agricultural - A33,30.0
raw,"RDO No. 76 - Victorias City, Negros Occidental is composed of the followin",,,,Negros Occidental,Sagay,(LIST OF STREETS),ALL OTHER LOTS,Barangay Road to Sitio Pula,A36,Agricultural - A36,30.0
raw,"RDO No. 76 - Victorias City, Negros Occidental is composed of the followin",,,,Negros Occidental,Sagay,(LIST OF STREETS),ALL OTHER LOTS,Barangay Road to Sitio Pula,A37,Agricultural - A37,30.0
raw,"RDO No. 76 - Victorias City, Negros Occidental is composed of the followin",,,,Negros Occidental,Sagay,(LIST OF STREETS),ALL OTHER LOTS,Barangay Road to Sitio Pula,A44,Agricultural - A44,30.0
raw,"RDO No. 76 - Victorias City, Negros Occidental is composed of the followin",,,,Negros Occidental,Sagay,(LIST OF STREETS),ALL OTHER LOTS,Barangay Road to Sitio Pula,A49,Agricultural - A49,27.0
raw,"RDO No. 76 - Victorias City, Negros Occidental is composed of the followin",,,,Negros Occidental,Sagay,(LIST OF STREETS),ALL OTHER LOTS,Barangay Road to Sitio Pula,A50,Agricultural - A50,15.0
raw,"RDO No. 76 - Victorias City, Negros Occidental is composed of the followin",,,,Negros Occidental,Sagay,(LIST OF STREETS),ALL OTHER LOTS,Sitio Inangtan,A3,Agricultural - A3,30.0
raw,"RDO No. 76 - Victorias City, Negros Occidental is composed of the followin",,,,Negros Occidental,Sagay,(LIST OF STREETS),ALL OTHER LOTS,Sitio Inangtan,A4,Agricultural - A4,30.0
raw,"RDO No. 76 - Victorias City, Negros Occidental is composed of the followin",,,,Negros Occidental,Sagay,(LIST OF STREETS),ALL OTHER LOTS,Sitio Inangtan,A12,Agricultural - A12,42.0
raw,"RDO No. 76 - Victorias City, Negros Occidental is composed of the followin",,,,Negros Occidental,Sagay,(LIST OF STREETS),ALL OTHER LOTS,Sitio Inangtan,A14,Agricultural - A14,30.0
raw,"RDO No. 76 - Victorias City, Negros Occidental is composed of the followin",,,,Negros Occidental,Sagay,(LIST OF STREETS),ALL OTHER LOTS,Sitio Inangtan,A16,Agricultural - A16,30.0
raw,"RDO No. 76 - Victorias City, Negros Occidental is composed of the followin",,,,Negros Occidental,Sagay,(LIST OF STREETS),ALL OTHER LOTS,Sitio Inangtan,A17,Agricultural - A17,54.5
raw,"RDO No. 76 - Victorias City, Negros Occidental is composed of the followin",,,,Negros Occidental,Sagay,(LIST OF STREETS),ALL OTHER LOTS,Sitio Inangtan,A25,Agricultural - A25,30.0
raw,"RDO No. 76 - Victorias City, Negros Occidental is composed of the followin",,,,Negros Occidental,Sagay,(LIST OF STREETS),ALL OTHER LOTS,Sitio Inangtan,A36,Agricultural - A36,30.0
raw,"RDO No. 76 - Victorias City, Negros Occidental is composed of the followin",,,,Negros Occidental,Sagay,(LIST OF STREETS),ALL OTHER LOTS,Sitio Inangtan,A37,Agricultural - A37,30.0
raw,"RDO No. 76 - Victorias City, Negros Occidental is composed of the followin",,,,Negros Occidental,Sagay,(LIST OF STREETS),ALL OTHER LOTS,Sitio Inangtan,A44,Agricultural - A44,30.0
raw,"RDO No. 76 - Victorias City, Negros Occidental is composed of the followin",,,,Negros Occidental,Sagay,(LIST OF STREETS),ALL OTHER LOTS,Sitio Inangtan,A48,Agricultural - A48,30.0
raw,"RDO No. 76 - Victorias City, Negros Occidental is composed of the followin",,,,Negros Occidental,Sagay,(LIST OF STREETS),ALL OTHER LOTS,Sitio Inangtan,A49,Agricultural - A49,27.0
raw,"RDO No. 76 - Victorias City, Negros Occidental is composed of the followin",,,,Negros Occidental,Sagay,(LIST OF STREETS),ALL OTHER LOTS,Sitio Inangtan,A50,Agricultural - A50,15.0
raw,"RDO No. 76 - Victorias City, Negros Occidental is composed of the followin",,,,Negros Occidental,Sagay,(LIST OF STREETS),ALL OTHER LOTS,Streets Adjacent to Elementary School,RR,Residential - Regular,2000.0
raw,"RDO No. 76 - Victorias City, Negros Occidental is composed of the followin",,,,Negros Occidental,Sagay,(LIST OF STREETS),ALL OTHER LOTS,Barangay Road Going to Lo-Oc,RR,Residential - Regular,2000.0
raw,"RDO No. 76 - Victorias City, Negros Occidental is composed of the followin",,,,Negros Occidental,Sagay,(LIST OF STREETS),ALL OTHER LOTS,Barangay Road Going to Lo-Oc,I,Industrial,2500.0
raw,"RDO No. 76 - Victorias City, Negros Occidental is composed of the followin",,,,Negros Occidental,Sagay,(LIST OF STREETS),ALL OTHER LOTS,Barangay Road Going to Lo-Oc,GP,General Purpose,1000.0
raw,"RDO No. 76 - Victorias City, Negros Occidental is composed of the followin",,,,Negros Occidental,Sagay,(LIST OF STREETS),ALL OTHER LOTS,Barangay Road Going to Lo-Oc,A3,Agricultural - A3,30.0
raw,"RDO No. 76 - Victorias City, Negros Occidental is composed of the followin",,,,Negros Occidental,Sagay,(LIST OF STREETS),ALL OTHER LOTS,Barangay Road Going to Lo-Oc,A4,Agricultural - A4,30.0
raw,"RDO No. 76 - Victorias City, Negros Occidental is composed of the followin",,,,Negros Occidental,Sagay,(LIST OF STREETS),ALL OTHER LOTS,Barangay Road Going to Lo-Oc,A6,Agricultural - A6,60.0
raw,"RDO No. 76 - Victorias City, Negros Occidental is composed of the followin",,,,Negros Occidental,Sagay,(LIST OF STREETS),ALL OTHER LOTS,Barangay Road Going to Lo-Oc,A8,Agricultural - A8,30.0
raw,"RDO No. 76 - Victorias City, Negros Occidental is composed of the followin",,,,Negros Occidental,Sagay,(LIST OF STREETS),ALL OTHER LOTS,Barangay Road Going to Lo-Oc,A12,Agricultural - A12,42.0
raw,"RDO No. 76 - Victorias City, Negros Occidental is composed of the followin",,,,Negros Occidental,Sagay,(LIST OF STREETS),ALL OTHER LOTS,Barangay Road Going to Lo-Oc,A14,Agricultural - A14,30.0
raw,"RDO No. 76 - Victorias City, Negros Occidental is composed of the followin",,,,Negros Occidental,Sagay,(LIST OF STREETS),ALL OTHER LOTS,Barangay Road Going to Lo-Oc,A16,Agricultural - A16,30.0
raw,"RDO No. 76 - Victorias City, Negros Occidental is composed of the followin",,,,Negros Occidental,Sagay,(LIST OF STREETS),ALL OTHER LOTS,Barangay Road Going to Lo-Oc,A17,Agricultural - A17,50.0
raw,"RDO No. 76 - Victorias City, Negros Occidental is composed of the followin",,,,Negros Occidental,Sagay,(LIST OF STREETS),ALL OTHER LOTS,Barangay Road Going to Lo-Oc,A23,Agricultural - A23,38.0
raw,"RDO No. 76 - Victorias City, Negros Occidental is composed of the followin",,,,Negros Occidental,Sagay,(LIST OF STREETS),ALL OTHER LOTS,Barangay Road Going to Lo-Oc,A24,Agricultural - A24,30.0
raw,"RDO No. 76 - Victorias City, Negros Occidental is composed of the followin",,,,Negros Occidental,Sagay,(LIST OF STREETS),ALL OTHER LOTS,Barangay Road Going to Lo-Oc,A26,Agricultural - A26,30.0
raw,"RDO No. 76 - Victorias City, Negros Occidental is composed of the followin",,,,Negros Occidental,Sagay,(LIST OF STREETS),ALL OTHER LOTS,Barangay Road Going to Lo-Oc,A33,Agricultural - A33,30.0
raw,"RDO No. 76 - Victorias City, Negros Occidental is composed of the followin",,,,Negros Occidental,Sagay,(LIST OF STREETS),ALL OTHER LOTS,Barangay Road Going to Lo-Oc,A37,Agricultural - A37,30.0
raw,"RDO No. 76 - Victorias City, Negros Occidental is composed of the followin",,,,Negros Occidental,Sagay,(LIST OF STREETS),ALL OTHER LOTS,Along Eusebio Lopez Elementary School,RR,Residential - Regular,1500.0
raw,"RDO No. 76 - Victorias City, Negros Occidental is composed of the followin",,,,Negros Occidental,Sagay,(LIST OF STREETS),ALL OTHER LOTS,Along Eusebio Lopez Elementary School,GP,General Purpose,700.0
raw,"RDO No. 76 - Victorias City, Negros Occidental is composed of the followin",,,,Negros Occidental,Sagay,(LIST OF STREETS),ALL OTHER LOTS,Along Eusebio Lopez Elementary School,A2,Agricultural - A2,30.0
raw,"RDO No. 76 - Victorias City, Negros Occidental is composed of the followin",,,,Negros Occidental,Sagay,(LIST OF STREETS),ALL OTHER LOTS,Along Eusebio Lopez Elementary School,A4,Agricultural - A4,30.0
raw,"RDO No. 76 - Victorias City, Negros Occidental is composed of the followin",,,,Negros Occidental,Sagay,(LIST OF STREETS),ALL OTHER LOTS,Along Eusebio Lopez Elementary School,A6,Agricultural - A6,60.0
raw,"RDO No. 76 - Victorias City, Negros Occidental is composed of the followin",,,,Negros Occidental,Sagay,(LIST OF STREETS),ALL OTHER LOTS,Along Eusebio Lopez Elementary School,A8,Agricultural - A8,30.0
raw,"RDO No. 76 - Victorias City, Negros Occidental is composed of the followin",,,,Negros Occidental,Sagay,(LIST OF STREETS),ALL OTHER LOTS,Along Eusebio Lopez Elementary School,A12,Agricultural - A12,42.0
raw,"RDO No. 76 - Victorias City, Negros Occidental is composed of the followin",,,,Negros Occidental,Sagay,(LIST OF STREETS),ALL OTHER LOTS,Along Eusebio Lopez Elementary School,A14,Agricultural - A14,30.0
raw,"RDO No. 76 - Victorias City, Negros Occidental is composed of the followin",,,,Negros Occidental,Sagay,(LIST OF STREETS),ALL OTHER LOTS,Along Eusebio Lopez Elementary School,A15,Agricultural - A15,30.0
raw,"RDO No. 76 - Victorias City, Negros Occidental is composed of the followin",,,,Negros Occidental,Sagay,(LIST OF STREETS),ALL OTHER LOTS,Along Eusebio Lopez Elementary School,A16,Agricultural - A16,30.0
raw,"RDO No. 76 - Victorias City, Negros Occidental is composed of the followin",,,,Negros Occidental,Sagay,(LIST OF STREETS),ALL OTHER LOTS,Along Eusebio Lopez Elementary School,A17,Agricultural - A17,50.0
raw,"RDO No. 76 - Victorias City, Negros Occidental is composed of the followin",,,,Negros Occidental,Sagay,(LIST OF STREETS),ALL OTHER LOTS,Along Eusebio Lopez Elementary School,A24,Agricultural - A24,30.0
raw,"RDO No. 76 - Victorias City, Negros Occidental is composed of the followin",,,,Negros Occidental,Sagay,(LIST OF STREETS),ALL OTHER LOTS,Along Eusebio Lopez Elementary School,A25,Agricultural - A25,30.0
raw,"RDO No. 76 - Victorias City, Negros Occidental is composed of the followin",,,,Negros Occidental,Sagay,(LIST OF STREETS),ALL OTHER LOTS,Along Eusebio Lopez Elementary School,A26,Agricultural - A26,30.0
raw,"RDO No. 76 - Victorias City, Negros Occidental is composed of the followin",,,,Negros Occidental,Sagay,(LIST OF STREETS),ALL OTHER LOTS,Along Eusebio Lopez Elementary School,A37,Agricultural - A37,30.0
raw,"RDO No. 76 - Victorias City, Negros Occidental is composed of the followin",,,,Negros Occidental,Sagay,(LIST OF STREETS),ALL OTHER LOTS,Along Eusebio Lopez Elementary School,A44,Agricultural - A44,30.0
raw,"RDO No. 76 - Victorias City, Negros Occidental is composed of the followin",,,,Negros Occidental,Sagay,(LIST OF STREETS),ALL OTHER LOTS,Along Eusebio Lopez Elementary School,A49,Agricultural - A49,27.0
raw,"RDO No. 76 - Victorias City, Negros Occidental is composed of the followin",,,,Negros Occidental,Sagay,(LIST OF STREETS),ALL OTHER LOTS,Along Eusebio Lopez Elementary School,A50,Agricultural - A50,15.0
raw,"RDO No. 76 - Victorias City, Negros Occidental is composed of the followin",,,,Negros Occidental,Sagay,(LIST OF STREETS),ALL OTHER LOTS,Lots Adjacent to A. E. M. S. E.S/School,A2,Agricultural - A2,30.0
raw,"RDO No. 76 - Victorias City, Negros Occidental is composed of the followin",,,,Negros Occidental,Sagay,(LIST OF STREETS),ALL OTHER LOTS,Lots Adjacent to A. E. M. S. E.S/School,A4,Agricultural - A4,30.0
raw,"RDO No. 76 - Victorias City, Negros Occidental is composed of the followin",,,,Negros Occidental,Sagay,(LIST OF STREETS),ALL OTHER LOTS,Lots Adjacent to A. E. M. S. E.S/School,A8,Agricultural - A8,30.0
raw,"RDO No. 76 - Victorias City, Negros Occidental is composed of the followin",,,,Negros Occidental,Sagay,(LIST OF STREETS),ALL OTHER LOTS,Lots Adjacent to A. E. M. S. E.S/School,A12,Agricultural - A12,42.0
raw,"RDO No. 76 - Victorias City, Negros Occidental is composed of the followin",,,,Negros Occidental,Sagay,(LIST OF STREETS),ALL OTHER LOTS,Lots Adjacent to A. E. M. S. E.S/School,A14,Agricultural - A14,30.0
raw,"RDO No. 76 - Victorias City, Negros Occidental is composed of the followin",,,,Negros Occidental,Sagay,(LIST OF STREETS),ALL OTHER LOTS,Lots Adjacent to A. E. M. S. E.S/School,A16,Agricultural - A16,30.0
raw,"RDO No. 76 - Victorias City, Negros Occidental is composed of the followin",,,,Negros Occidental,Sagay,(LIST OF STREETS),ALL OTHER LOTS,Lots Adjacent to A. E. M. S. E.S/School,A17,Agricultural - A17,50.0
raw,"RDO No. 76 - Victorias City, Negros Occidental is composed of the followin",,,,Negros Occidental,Sagay,(LIST OF STREETS),ALL OTHER LOTS,Lots Adjacent to A. E. M. S. E.S/School,A25,Agricultural - A25,30.0
raw,"RDO No. 76 - Victorias City, Negros Occidental is composed of the followin",,,,Negros Occidental,Sagay,(LIST OF STREETS),ALL OTHER LOTS,Lots Adjacent to A. E. M. S. E.S/School,A26,Agricultural - A26,30.0
raw,"RDO No. 76 - Victorias City, Negros Occidental is composed of the followin",,,,Negros Occidental,Sagay,(LIST OF STREETS),ALL OTHER LOTS,Lots Adjacent to A. E. M. S. E.S/School,A36,Agricultural - A36,30.0
raw,"RDO No. 76 - Victorias City, Negros Occidental is composed of the followin",,,,Negros Occidental,Sagay,(LIST OF STREETS),ALL OTHER LOTS,Lots Adjacent to A. E. M. S. E.S/School,A37,Agricultural - A37,30.0
raw,"RDO No. 76 - Victorias City, Negros Occidental is composed of the followin",,,,Negros Occidental,Sagay,(LIST OF STREETS),ALL OTHER LOTS,Lots Adjacent to A. E. M. S. E.S/School,A44,Agricultural - A44,30.0
raw,"RDO No. 76 - Victorias City, Negros Occidental is composed of the followin",,,,Negros Occidental,Sagay,(LIST OF STREETS),ALL OTHER LOTS,Lots Adjacent to A. E. M. S. E.S/School,A49,Agricultural - A49,27.0
raw,"RDO No. 76 - Victorias City, Negros Occidental is composed of the followin",,,,Negros Occidental,Sagay,(LIST OF STREETS),ALL OTHER LOTS,Lots Adjacent to A. E. M. S. E.S/School,A50,Agricultural - A50,15.0
raw,"RDO No. 76 - Victorias City, Negros Occidental is composed of the followin",,,,Negros Occidental,Sagay,(LIST OF STREETS),ALL OTHER LOTS,Along Barangay Proper,RR,Residential - Regular,1600.0
raw,"RDO No. 76 - Victorias City, Negros Occidental is composed of the followin",,,,Negros Occidental,Sagay,(LIST OF STREETS),ALL OTHER LOTS,Along Barangay Proper,I,Industrial,1700.0
raw,"RDO No. 76 - Victorias City, Negros Occidental is composed of the followin",,,,Negros Occidental,Sagay,(LIST OF STREETS),ALL OTHER LOTS,Along Barangay Proper,GP,General Purpose,800.0
raw,"RDO No. 76 - Victorias City, Negros Occidental is composed of the followin",,,,Negros Occidental,Sagay,(LIST OF STREETS),ALL OTHER LOTS,Along Barangay Proper,A2,Agricultural - A2,30.0
raw,"RDO No. 76 - Victorias City, Negros Occidental is composed of the followin",,,,Negros Occidental,Sagay,(LIST OF STREETS),ALL OTHER LOTS,Along Barangay Proper,A4,Agricultural - A4,30.0
raw,"RDO No. 76 - Victorias City, Negros Occidental is composed of the followin",,,,Negros Occidental,Sagay,(LIST OF STREETS),ALL OTHER LOTS,Along Barangay Proper,A6,Agricultural - A6,60.0
raw,"RDO No. 76 - Victorias City, Negros Occidental is composed of the followin",,,,Negros Occidental,Sagay,(LIST OF STREETS),ALL OTHER LOTS,Along Barangay Proper,A8,Agricultural - A8,30.0
raw,"RDO No. 76 - Victorias City, Negros Occidental is composed of the followin",,,,Negros Occidental,Sagay,(LIST OF STREETS),ALL OTHER LOTS,Along Barangay Proper,A12,Agricultural - A12,42.0
raw,"RDO No. 76 - Victorias City, Negros Occidental is composed of the followin",,,,Negros Occidental,Sagay,(LIST OF STREETS),ALL OTHER LOTS,Along Barangay Proper,A14,Agricultural - A14,30.0
raw,"RDO No. 76 - Victorias City, Negros Occidental is composed of the followin",,,,Negros Occidental,Sagay,(LIST OF STREETS),ALL OTHER LOTS,Along Barangay Proper,A15,Agricultural - A15,30.0
raw,"RDO No. 76 - Victorias City, Negros Occidental is composed of the followin",,,,Negros Occidental,Sagay,(LIST OF STREETS),ALL OTHER LOTS,Along Barangay Proper,A16,Agricultural - A16,30.0
raw,"RDO No. 76 - Victorias City, Negros Occidental is composed of the followin",,,,Negros Occidental,Sagay,(LIST OF STREETS),ALL OTHER LOTS,Along Barangay Proper,A17,Agricultural - A17,50.0
raw,"RDO No. 76 - Victorias City, Negros Occidental is composed of the followin",,,,Negros Occidental,Sagay,(LIST OF STREETS),ALL OTHER LOTS,Along Barangay Proper,A24,Agricultural - A24,30.0
raw,"RDO No. 76 - Victorias City, Negros Occidental is composed of the followin",,,,Negros Occidental,Sagay,(LIST OF STREETS),ALL OTHER LOTS,Along Barangay Proper,A25,Agricultural - A25,30.0
raw,"RDO No. 76 - Victorias City, Negros Occidental is composed of the followin",,,,Negros Occidental,Sagay,(LIST OF STREETS),ALL OTHER LOTS,Along Barangay Proper,A26,Agricultural - A26,30.0
raw,"RDO No. 76 - Victorias City, Negros Occidental is composed of the followin",,,,Negros Occidental,Sagay,(LIST OF STREETS),ALL OTHER LOTS,Along Barangay Proper,A33,Agricultural - A33,30.0
raw,"RDO No. 76 - Victorias City, Negros Occidental is composed of the followin",,,,Negros Occidental,Sagay,(LIST OF STREETS),ALL OTHER LOTS,Along Barangay Proper,A36,Agricultural - A36,30.0
raw,"RDO No. 76 - Victorias City, Negros Occidental is composed of the followin",,,,Negros Occidental,Sagay,(LIST OF STREETS),ALL OTHER LOTS,Along Barangay Proper,A37,Agricultural - A37,30.0
raw,"RDO No. 76 - Victorias City, Negros Occidental is composed of the followin",,,,Negros Occidental,Sagay,(LIST OF STREETS),ALL OTHER LOTS,Along Barangay Proper,A42,Agricultural - A42,81.0
raw,"RDO No. 76 - Victorias City, Negros Occidental is composed of the followin",,,,Negros Occidental,Sagay,(LIST OF STREETS),ALL OTHER LOTS,Along Barangay Proper,A44,Agricultural - A44,30.0
raw,"RDO No. 76 - Victorias City, Negros Occidental is composed of the followin",,,,Negros Occidental,Sagay,(LIST OF STREETS),ALL OTHER LOTS,Along Barangay Proper,A49,Agricultural - A49,27.0
raw,"RDO No. 76 - Victorias City, Negros Occidental is composed of the followin",,,,Negros Occidental,Sagay,(LIST OF STREETS),ALL OTHER LOTS,Along Barangay Proper,A50,Agricultural - A50,15.0
raw,"RDO No. 76 - Victorias City, Negros Occidental is composed of the followin",,,,Negros Occidental,Sagay,(LIST OF STREETS),ALL OTHER LOTS,Crossing Bulanon,A4,Agricultural - A4,30.0
raw,"RDO No. 76 - Victorias City, Negros Occidental is composed of the followin",,,,Negros Occidental,Sagay,(LIST OF STREETS),ALL OTHER LOTS,Crossing Bulanon,A14,Agricultural - A14,30.0
raw,"RDO No. 76 - Victorias City, Negros Occidental is composed of the followin",,,,Negros Occidental,Sagay,(LIST OF STREETS),ALL OTHER LOTS,Crossing Bulanon,A16,Agricultural - A16,30.0
raw,"RDO No. 76 - Victorias City, Negros Occidental is composed of the followin",,,,Negros Occidental,Sagay,(LIST OF STREETS),ALL OTHER LOTS,Crossing Bulanon,A17,Agricultural - A17,50.0
raw,"RDO No. 76 - Victorias City, Negros Occidental is composed of the followin",,,,Negros Occidental,Sagay,(LIST OF STREETS),ALL OTHER LOTS,Crossing Bulanon,A26,Agricultural - A26,30.0
raw,"RDO No. 76 - Victorias City, Negros Occidental is composed of the followin",,,,Negros Occidental,Sagay,(LIST OF STREETS),ALL OTHER LOTS,(not in the prev valuation of BIR),A33,Agricultural - A33,30.0
raw,"RDO No. 76 - Victorias City, Negros Occidental is composed of the followin",,,,Negros Occidental,Sagay,(LIST OF STREETS),ALL OTHER LOTS,(not in the prev valuation of BIR),A49,Agricultural - A49,27.0
raw,"RDO No. 76 - Victorias City, Negros Occidental is composed of the followin",,,,Negros Occidental,Sagay,(LIST OF STREETS),ALL OTHER LOTS,(not in the prev valuation of BIR),A50,Agricultural - A50,15.0
raw,"RDO No. 76 - Victorias City, Negros Occidental is composed of the followin",,,,Negros Occidental,Sagay,(LIST OF STREETS),ALONG NATIONAL HIGHWAY,,CR,Commercial - Regular,4800.0
raw,"RDO No. 76 - Victorias City, Negros Occidental is composed of the followin",,,,Negros Occidental,Sagay,(LIST OF STREETS),ALONG NATIONAL HIGHWAY,,CR,Commercial - Regular,5000.0
raw,"RDO No. 76 - Victorias City, Negros Occidental is composed of the followin",,,,Negros Occidental,Sagay,(LIST OF STREETS),AVANCEÑA ST EXT,Along Osmeña & Avanceña Sts.,RR,Residential - Regular,2500.0
raw,"RDO No. 76 - Victorias City, Negros Occidental is composed of the followin",,,,Negros Occidental,Sagay,(LIST OF STREETS),AVANCEÑA ST.,Along Market Mall to Tupaz St.,CR,Commercial - Regular,4800.0
raw,"RDO No. 76 - Victorias City, Negros Occidental is composed of the followin",,,,Negros Occidental,Sagay,(LIST OF STREETS),CALLE RIZAL,Along Public Plaza,CR,Commercial - Regular,4000.0
raw,"RDO No. 76 - Victorias City, Negros Occidental is composed of the followin",,,,Negros Occidental,Sagay,(LIST OF STREETS),CHARMAINE VILLAGE,Phase I,RR,Residential - Regular,2000.0
raw,"RDO No. 76 - Victorias City, Negros Occidental is composed of the followin",,,,Negros Occidental,Sagay,(LIST OF STREETS),CHARMAINE VILLAGE,Phase II,RR,Residential - Regular,1500.0
raw,"RDO No. 76 - Victorias City, Negros Occidental is composed of the followin",,,,Negros Occidental,Sagay,(LIST OF STREETS),CUEVA ST,"From Katalbas St., to Ma. Lopez St",CR,Commercial - Regular,4000.0
raw,"RDO No. 76 - Victorias City, Negros Occidental is composed of the followin",,,,Negros Occidental,Sagay,(LIST OF STREETS),DELA PAZ ST,From Marañon St to Cueva St,RR,Residential - Regular,2500.0
raw,"RDO No. 76 - Victorias City, Negros Occidental is composed of the followin",,,,Negros Occidental,Sagay,(LIST OF STREETS),DIVERSION ROAD,3 Kms. Away From City Proper,I,Industrial,2500.0
raw,"RDO No. 76 - Victorias City, Negros Occidental is composed of the followin",,,,Negros Occidental,Sagay,(LIST OF STREETS),DIVERSION ROAD,Along National Road,I,Industrial,2500.0
raw,"RDO No. 76 - Victorias City, Negros Occidental is composed of the followin",,,,Negros Occidental,Sagay,(LIST OF STREETS),DUBOUZET ST,Along San Vicente & Dubouzet Sts.,CR,Commercial - Regular,2500.0
raw,"RDO No. 76 - Victorias City, Negros Occidental is composed of the followin",,,,Negros Occidental,Sagay,(LIST OF STREETS),DURAN ST,From Marañon St. to Cueva St,CR,Commercial - Regular,4000.0
raw,"RDO No. 76 - Victorias City, Negros Occidental is composed of the followin",,,,Negros Occidental,Sagay,(LIST OF STREETS),ECOZONE,Along Nat'L. Road Hda. Ricky,I,Industrial,2500.0
raw,"RDO No. 76 - Victorias City, Negros Occidental is composed of the followin",,,,Negros Occidental,Sagay,(LIST OF STREETS),FORTUNEVILLE SUBDIVISION,Lots Adjacent to A. E. M. S. E.S/School,RR,Residential - Regular,1500.0
raw,"RDO No. 76 - Victorias City, Negros Occidental is composed of the followin",,,,Negros Occidental,Sagay,(LIST OF STREETS),GONZAGA-LOPEZ ENTERPRISE SUBD.,Along Eusebio Lopez Elementary School,RR,Residential - Regular,1500.0
raw,"RDO No. 76 - Victorias City, Negros Occidental is composed of the followin",,,,Negros Occidental,Sagay,(LIST OF STREETS),GONZAGA-LOPEZ ENTERPRISE SUBD.,Interior,RR,Residential - Regular,1450.0
raw,"RDO No. 76 - Victorias City, Negros Occidental is composed of the followin",,,,Negros Occidental,Sagay,(LIST OF STREETS),HILLSDALE SUBDIVISION,Lots Adjacent to A. E. M. S. E.S/School,RR,Residential - Regular,2000.0
raw,"RDO No. 76 - Victorias City, Negros Occidental is composed of the followin",,,,Negros Occidental,Sagay,(LIST OF STREETS),JISON ST,Along National High School to Cabalawan,CR,Commercial - Regular,4000.0
raw,"RDO No. 76 - Victorias City, Negros Occidental is composed of the followin",,,,Negros Occidental,Sagay,(LIST OF STREETS),JISON SUBDIVISION,Adjacent to Saudiville Subd.,RR,Residential - Regular,1500.0
raw,"RDO No. 76 - Victorias City, Negros Occidental is composed of the followin",,,,Negros Occidental,Sagay,(LIST OF STREETS),JISON SUBDIVISION,Along Avanceña Area,RR,Residential - Regular,600.0
raw,"RDO No. 76 - Victorias City, Negros Occidental is composed of the followin",,,,Negros Occidental,Sagay,(LIST OF STREETS),JISON SUBDIVISION,At the Back of Mormons Church,RR,Residential - Regular,2500.0
raw,"RDO No. 76 - Victorias City, Negros Occidental is composed of the followin",,,,Negros Occidental,Sagay,(LIST OF STREETS),JISON SUBDIVISION,Pbma,RR,Residential - Regular,2000.0
raw,"RDO No. 76 - Victorias City, Negros Occidental is composed of the followin",,,,Negros Occidental,Sagay,(LIST OF STREETS),JISON SUBDIVISION,Tan-Ao Area,RR,Residential - Regular,1500.0
raw,"RDO No. 76 - Victorias City, Negros Occidental is composed of the followin",,,,Negros Occidental,Sagay,(LIST OF STREETS),JISON SUBDIVISION,Tan-Ao Area,GP,General Purpose,700.0
raw,"RDO No. 76 - Victorias City, Negros Occidental is composed of the followin",,,,Negros Occidental,Sagay,(LIST OF STREETS),JISON SUBDIVISION,MEMORIAL PARK,CL,Cemetery Lot,4000.0
raw,"RDO No. 76 - Victorias City, Negros Occidental is composed of the followin",,,,Negros Occidental,Sagay,(LIST OF STREETS),JRA SUBDIVISION,Beach Resort,RR,Residential - Regular,1500.0
raw,"RDO No. 76 - Victorias City, Negros Occidental is composed of the followin",,,,Negros Occidental,Sagay,(LIST OF STREETS),KATALBAS ST,From Cueva St to Osmeña St,CR,Commercial - Regular,4000.0
raw,"RDO No. 76 - Victorias City, Negros Occidental is composed of the followin",,,,Negros Occidental,Sagay,(LIST OF STREETS),LOBIOGO SUBDIVISION,At the Back of Mormons Church,RR,Residential - Regular,800.0
raw,"RDO No. 76 - Victorias City, Negros Occidental is composed of the followin",,,,Negros Occidental,Sagay,(LIST OF STREETS),LOBIOGO SUBDIVISION,Along Kauswagan,RR,Residential - Regular,1500.0
raw,"RDO No. 76 - Victorias City, Negros Occidental is composed of the followin",,,,Negros Occidental,Sagay,(LIST OF STREETS),LOTS ALONG PUBLIC MARKET,Along Nat'L. Road Hda. Ricky,CR,Commercial - Regular,2500.0
raw,"RDO No. 76 - Victorias City, Negros Occidental is composed of the followin",,,,Negros Occidental,Sagay,(LIST OF STREETS),MAGSAYSAY ST,From Marañon St to Cueva St,RR,Residential - Regular,2500.0
raw,"RDO No. 76 - Victorias City, Negros Occidental is composed of the followin",,,,Negros Occidental,Sagay,(LIST OF STREETS),MARAÑON ST,From Ma. Lopez St to Noneco Sub. Station,CR,Commercial - Regular,5000.0
raw,"RDO No. 76 - Victorias City, Negros Occidental is composed of the followin",,,,Negros Occidental,Sagay,(LIST OF STREETS),MARIA LOPEZ EXTENSION,Corner Osmeña St.,RR,Residential - Regular,2500.0
raw,"RDO No. 76 - Victorias City, Negros Occidental is composed of the followin",,,,Negros Occidental,Sagay,(LIST OF STREETS),MARILOU HEIGHTS SUBD,Along Barangay Proper,CR,Commercial - Regular,2800.0
raw,"RDO No. 76 - Victorias City, Negros Occidental is composed of the followin",,,,Negros Occidental,Sagay,(LIST OF STREETS),MARILOU HEIGHTS SUBD,Along Barangay Proper,RR,Residential - Regular,1500.0
raw,"RDO No. 76 - Victorias City, Negros Occidental is composed of the followin",,,,Negros Occidental,Sagay,(LIST OF STREETS),MUNICIPAL SUBDIVISION,Along Recto St. and South Road,RR,Residential - Regular,2000.0
raw,"RDO No. 76 - Victorias City, Negros Occidental is composed of the followin",,,,Negros Occidental,Sagay,(LIST OF STREETS),NATIONAL ROAD,Along Barangay Proper,RR,Residential - Regular,1000.0
raw,"RDO No. 76 - Victorias City, Negros Occidental is composed of the followin",,,,Negros Occidental,Sagay,(LIST OF STREETS),NATIONAL ROAD,Along Sitio Cabiguhan,RR,Residential - Regular,1000.0
raw,"RDO No. 76 - Victorias City, Negros Occidental is composed of the followin",,,,Negros Occidental,Sagay,(LIST OF STREETS),NATIONAL ROAD,Barangay Road to Barangay Tamlang,RR,Residential - Regular,1000.0
raw,"RDO No. 76 - Victorias City, Negros Occidental is composed of the followin",,,,Negros Occidental,Sagay,(LIST OF STREETS),NATIONAL ROAD,Barangay Road to Barangay Malasibog,RR,Residential - Regular,1000.0
raw,"RDO No. 76 - Victorias City, Negros Occidental is composed of the followin",,,,Negros Occidental,Sagay,(LIST OF STREETS),NATIONAL ROAD,Barangay Road to Sitio Pula,RR,Residential - Regular,1000.0
raw,"RDO No. 76 - Victorias City, Negros Occidental is composed of the followin",,,,Negros Occidental,Sagay,(LIST OF STREETS),NATIONAL ROAD,Barangay Road to Sitio Pula,CR,Commercial - Regular,1500.0
raw,"RDO No. 76 - Victorias City, Negros Occidental is composed of the followin",,,,Negros Occidental,Sagay,(LIST OF STREETS),NATIONAL ROAD,Barangay Road to Sitio Pula,I,Industrial,1200.0
raw,"RDO No. 76 - Victorias City, Negros Occidental is composed of the followin",,,,Negros Occidental,Sagay,(LIST OF STREETS),NATIONAL ROAD,Barangay Road to Sitio Pula,GP,General Purpose,500.0
raw,"RDO No. 76 - Victorias City, Negros Occidental is composed of the followin",,,,Negros Occidental,Sagay,(LIST OF STREETS),NATIONAL ROAD,Along Barangay Site And Sitio Bago,CR,Commercial - Regular,1800.0
raw,"RDO No. 76 - Victorias City, Negros Occidental is composed of the followin",,,,Negros Occidental,Sagay,(LIST OF STREETS),NATIONAL ROAD,Along Lopez Sugar Central,I,Industrial,2500.0
raw,"RDO No. 76 - Victorias City, Negros Occidental is composed of the followin",,,,Negros Occidental,Sagay,(LIST OF STREETS),NATIONAL ROAD,Along Barangay Site,RR,Residential - Regular,1700.0
raw,"RDO No. 76 - Victorias City, Negros Occidental is composed of the followin",,,,Negros Occidental,Sagay,(LIST OF STREETS),NATIONAL ROAD,Lots Adjacent to A. E. M. S. E.S/School,RR,Residential - Regular,1700.0
raw,"RDO No. 76 - Victorias City, Negros Occidental is composed of the followin",,,,Negros Occidental,Sagay,(LIST OF STREETS),NATIONAL ROAD,Lots Adjacent to A. E. M. S. E.S/School,CR,Commercial - Regular,3000.0
raw,"RDO No. 76 - Victorias City, Negros Occidental is composed of the followin",,,,Negros Occidental,Sagay,(LIST OF STREETS),NATIONAL ROAD,Lots Adjacent to A. E. M. S. E.S/School,I,Industrial,2000.0
raw,"RDO No. 76 - Victorias City, Negros Occidental is composed of the followin",,,,Negros Occidental,Sagay,(LIST OF STREETS),NATIONAL ROAD,Lots Adjacent to A. E. M. S. E.S/School,GP,General Purpose,800.0
raw,"RDO No. 76 - Victorias City, Negros Occidental is composed of the followin",,,,Negros Occidental,Sagay,(LIST OF STREETS),NICHOLS ST,From Marañon St to Cueva St,CR,Commercial - Regular,4000.0
raw,"RDO No. 76 - Victorias City, Negros Occidental is composed of the followin",,,,Negros Occidental,Sagay,(LIST OF STREETS),NORTH ST,From Avanceña St to Roxas Ave. Ext,RR,Residential - Regular,2500.0
raw,"RDO No. 76 - Victorias City, Negros Occidental is composed of the followin",,,,Negros Occidental,Sagay,(LIST OF STREETS),OSMEÑA ST,Along Market Mall,CR,Commercial - Regular,4800.0
raw,"RDO No. 76 - Victorias City, Negros Occidental is composed of the followin",,,,Negros Occidental,Sagay,(LIST OF STREETS),OSMEÑA ST,Roxas Avenue to Sv Aguilar Street,CR,Commercial - Regular,4000.0
raw,"RDO No. 76 - Victorias City, Negros Occidental is composed of the followin",,,,Negros Occidental,Sagay,(LIST OF STREETS),OSMEÑA ST,Avanceña Street to Sv Aguilar Street,CR,Commercial - Regular,4000.0
raw,"RDO No. 76 - Victorias City, Negros Occidental is composed of the followin",,,,Negros Occidental,Sagay,(LIST OF STREETS),OSMEÑA ST,Katalbas Street to Osmeña Street,CR,Commercial - Regular,4000.0
raw,"RDO No. 76 - Victorias City, Negros Occidental is composed of the followin",,,,Negros Occidental,Sagay,(LIST OF STREETS),OSMEÑA ST,Cor. Quezon - Ma. Lopez to National Higway,CR,Commercial - Regular,4000.0
raw,"RDO No. 76 - Victorias City, Negros Occidental is composed of the followin",,,,Negros Occidental,Sagay,(LIST OF STREETS),OSMEÑA ST,Along Osmeña St. Extension,RR,Residential - Regular,2500.0
raw,"RDO No. 76 - Victorias City, Negros Occidental is composed of the followin",,,,Negros Occidental,Sagay,(LIST OF STREETS),PASCUAL ST,From Apat-Apat St to Roxas Ave. Ext,RR,Residential - Regular,2500.0
raw,"RDO No. 76 - Victorias City, Negros Occidental is composed of the followin",,,,Negros Occidental,Sagay,(LIST OF STREETS),PROVINCIAL ROAD,Along Provincial Road,CR,Commercial - Regular,1700.0
raw,"RDO No. 76 - Victorias City, Negros Occidental is composed of the followin",,,,Negros Occidental,Sagay,(LIST OF STREETS),PROVINCIAL ROAD,Along Provincial Road,RR,Residential - Regular,1075.0
raw,"RDO No. 76 - Victorias City, Negros Occidental is composed of the followin",,,,Negros Occidental,Sagay,(LIST OF STREETS),PROVINCIAL ROAD,Along Barangay Proper,RR,Residential - Regular,1000.0
raw,"RDO No. 76 - Victorias City, Negros Occidental is composed of the followin",,,,Negros Occidental,Sagay,(LIST OF STREETS),PROVINCIAL ROAD,Along Barangay Proper,GP,General Purpose,500.0
raw,"RDO No. 76 - Victorias City, Negros Occidental is composed of the followin",,,,Negros Occidental,Sagay,(LIST OF STREETS),PROVINCIAL ROAD,All Other Lots,A3,Agricultural - A3,30.0
raw,"RDO No. 76 - Victorias City, Negros Occidental is composed of the followin",,,,Negros Occidental,Sagay,(LIST OF STREETS),PROVINCIAL ROAD,All Other Lots,A4,Agricultural - A4,30.0
raw,"RDO No. 76 - Victorias City, Negros Occidental is composed of the followin",,,,Negros Occidental,Sagay,(LIST OF STREETS),PROVINCIAL ROAD,All Other Lots,A12,Agricultural - A12,42.0
raw,"RDO No. 76 - Victorias City, Negros Occidental is composed of the followin",,,,Negros Occidental,Sagay,(LIST OF STREETS),PROVINCIAL ROAD,All Other Lots,A14,Agricultural - A14,30.0
raw,"RDO No. 76 - Victorias City, Negros Occidental is composed of the followin",,,,Negros Occidental,Sagay,(LIST OF STREETS),PROVINCIAL ROAD,All Other Lots,A16,Agricultural - A16,30.0
raw,"RDO No. 76 - Victorias City, Negros Occidental is composed of the followin",,,,Negros Occidental,Sagay,(LIST OF STREETS),PROVINCIAL ROAD,All Other Lots,A17,Agricultural - A17,50.0
raw,"RDO No. 76 - Victorias City, Negros Occidental is composed of the followin",,,,Negros Occidental,Sagay,(LIST OF STREETS),PROVINCIAL ROAD,All Other Lots,A26,Agricultural - A26,30.0
raw,"RDO No. 76 - Victorias City, Negros Occidental is composed of the followin",,,,Negros Occidental,Sagay,(LIST OF STREETS),PROVINCIAL ROAD,All Other Lots,A36,Agricultural - A36,30.0
raw,"RDO No. 76 - Victorias City, Negros Occidental is composed of the followin",,,,Negros Occidental,Sagay,(LIST OF STREETS),PROVINCIAL ROAD,All Other Lots,A37,Agricultural - A37,30.0
raw,"RDO No. 76 - Victorias City, Negros Occidental is composed of the followin",,,,Negros Occidental,Sagay,(LIST OF STREETS),PROVINCIAL ROAD,All Other Lots,A44,Agricultural - A44,30.0
raw,"RDO No. 76 - Victorias City, Negros Occidental is composed of the followin",,,,Negros Occidental,Sagay,(LIST OF STREETS),PROVINCIAL ROAD,All Other Lots,A49,Agricultural - A49,27.0
raw,"RDO No. 76 - Victorias City, Negros Occidental is composed of the followin",,,,Negros Occidental,Sagay,(LIST OF STREETS),PROVINCIAL ROAD,All Other Lots,A50,Agricultural - A50,15.0
raw,"RDO No. 76 - Victorias City, Negros Occidental is composed of the followin",,,,Negros Occidental,Sagay,(LIST OF STREETS),PROVINCIAL ROAD,From Brgy. Hall to Purok Marang,CR,Commercial - Regular,2800.0
raw,"RDO No. 76 - Victorias City, Negros Occidental is composed of the followin",,,,Negros Occidental,Sagay,(LIST OF STREETS),PROVINCIAL ROAD,Barangay Road Going to Brgy. Baviera & Sci Millsite,I,Industrial,2500.0
raw,"RDO No. 76 - Victorias City, Negros Occidental is composed of the followin",,,,Negros Occidental,Sagay,(LIST OF STREETS),PROVINCIAL ROAD,Along Port to Jra Subd.,CR,Commercial - Regular,4000.0
raw,"RDO No. 76 - Victorias City, Negros Occidental is composed of the followin",,,,Negros Occidental,Sagay,(LIST OF STREETS),PROVINCIAL ROAD,Along Gidor Ice Plant to Mormons Church,RR,Residential - Regular,2000.0
raw,"RDO No. 76 - Victorias City, Negros Occidental is composed of the followin",,,,Negros Occidental,Sagay,(LIST OF STREETS),PUROK JAPAN,Along Nat'L. Road Hda. Ricky,RR,Residential - Regular,1500.0
raw,"RDO No. 76 - Victorias City, Negros Occidental is composed of the followin",,,,Negros Occidental,Sagay,(LIST OF STREETS),PUROK LITTLE BAGUIO,Along Nat'L. Road Hda. Ricky,RR,Residential - Regular,1500.0
raw,"RDO No. 76 - Victorias City, Negros Occidental is composed of the followin",,,,Negros Occidental,Sagay,(LIST OF STREETS),PUROK MANZANILLA,Along Public Plaza,RR,Residential - Regular,1500.0
raw,"RDO No. 76 - Victorias City, Negros Occidental is composed of the followin",,,,Negros Occidental,Sagay,(LIST OF STREETS),PUROK VILLACIN 1&2,Adjacent to Barangay Hall & Trc,RR,Residential - Regular,1000.0
raw,"RDO No. 76 - Victorias City, Negros Occidental is composed of the followin",,,,Negros Occidental,Sagay,(LIST OF STREETS),QUEZON ST.,Along Market Mall to Maria Lopez St.,CR,Commercial - Regular,4800.0
raw,"RDO No. 76 - Victorias City, Negros Occidental is composed of the followin",,,,Negros Occidental,Sagay,(LIST OF STREETS),RECTO ST,"From Saudiville Subd., to Roxas Ave., Ext",RR,Residential - Regular,2500.0
raw,"RDO No. 76 - Victorias City, Negros Occidental is composed of the followin",,,,Negros Occidental,Sagay,(LIST OF STREETS),RELOCATION SITE,At the Back of Bus Terminal,RR,Residential - Regular,2000.0
raw,"RDO No. 76 - Victorias City, Negros Occidental is composed of the followin",,,,Negros Occidental,Sagay,(LIST OF STREETS),RELOCATION SITE,Crossing Bulanon,RR,Residential - Regular,1000.0
raw,"RDO No. 76 - Victorias City, Negros Occidental is composed of the followin",,,,Negros Occidental,Sagay,(LIST OF STREETS),ROXAS AVENUE,"Pob II, Boundary to Osmeña St",CR,Commercial - Regular,4800.0
raw,"RDO No. 76 - Victorias City, Negros Occidental is composed of the followin",,,,Negros Occidental,Sagay,(LIST OF STREETS),ROXAS AVENUE,Poblacion I Boundary to National Highway,CR,Commercial - Regular,5000.0
raw,"RDO No. 76 - Victorias City, Negros Occidental is composed of the followin",,,,Negros Occidental,Sagay,(LIST OF STREETS),ROXAS AVENUE EXT,Along Roxas Avenue to Aguilar Subd.,RR,Residential - Regular,2500.0
raw,"RDO No. 76 - Victorias City, Negros Occidental is composed of the followin",,,,Negros Occidental,Sagay,(LIST OF STREETS),S.V. AGUILAR ST,From Roxas Area Ext to Nat'L Highway,CR,Commercial - Regular,4000.0
raw,"RDO No. 76 - Victorias City, Negros Occidental is composed of the followin",,,,Negros Occidental,Sagay,(LIST OF STREETS),SAGAY SUBDIVISION,Aguilar Subdivision,RR,Residential - Regular,2000.0
raw,"RDO No. 76 - Victorias City, Negros Occidental is composed of the followin",,,,Negros Occidental,Sagay,(LIST OF STREETS),SAN JOSE SUBDIVISION,At the Back of Mormons Church,RR,Residential - Regular,2500.0
raw,"RDO No. 76 - Victorias City, Negros Occidental is composed of the followin",,,,Negros Occidental,Sagay,(LIST OF STREETS),SAN JOSE SUBDIVISION,Along Marañon St.,CR,Commercial - Regular,5000.0
raw,"RDO No. 76 - Victorias City, Negros Occidental is composed of the followin",,,,Negros Occidental,Sagay,(LIST OF STREETS),SAN NICHOLAS ST,Along Barangay Proper,RR,Residential - Regular,1600.0
raw,"RDO No. 76 - Victorias City, Negros Occidental is composed of the followin",,,,Negros Occidental,Sagay,(LIST OF STREETS),SAN PABLO ST,Along Barangay Proper,CR,Commercial - Regular,2500.0
raw,"RDO No. 76 - Victorias City, Negros Occidental is composed of the followin",,,,Negros Occidental,Sagay,(LIST OF STREETS),SAN ROQUE ST,Along Barangay Proper,CR,Commercial - Regular,1800.0
raw,"RDO No. 76 - Victorias City, Negros Occidental is composed of the followin",,,,Negros Occidental,Sagay,(LIST OF STREETS),SAN VICENTE ST,Along Main St of Brgy Vito Going to Port,CR,Commercial - Regular,2500.0
raw,"RDO No. 76 - Victorias City, Negros Occidental is composed of the followin",,,,Negros Occidental,Sagay,(LIST OF STREETS),SANTAN ST,Along Alfredo Marañon & Cueva Sts.,RR,Residential - Regular,2500.0
raw,"RDO No. 76 - Victorias City, Negros Occidental is composed of the followin",,,,Negros Occidental,Sagay,(LIST OF STREETS),SARROMAR PHASE I,Along Recto St. and South Road,RR,Residential - Regular,2500.0
raw,"RDO No. 76 - Victorias City, Negros Occidental is composed of the followin",,,,Negros Occidental,Sagay,(LIST OF STREETS),SARROMAR SUBD.,Along Jison St. to Brgy. Luna,RR,Residential - Regular,2000.0
raw,"RDO No. 76 - Victorias City, Negros Occidental is composed of the followin",,,,Negros Occidental,Sagay,(LIST OF STREETS),SARROMAR SUBD.,Sagay Central Employees,RR,Residential - Regular,1500.0
raw,"RDO No. 76 - Victorias City, Negros Occidental is composed of the followin",,,,Negros Occidental,Sagay,(LIST OF STREETS),SAUDIVILLE SUBDIVISION,Along Jison St. to Brgy. Luna,RR,Residential - Regular,1500.0
raw,"RDO No. 76 - Victorias City, Negros Occidental is composed of the followin",,,,Negros Occidental,Sagay,(LIST OF STREETS),SITIO BUNTOD,Along Public Plaza,RR,Residential - Regular,1500.0
raw,"RDO No. 76 - Victorias City, Negros Occidental is composed of the followin",,,,Negros Occidental,Sagay,(LIST OF STREETS),SITIO TUBLE,Along Barangay Road & Brgy Proper,RR,Residential - Regular,1000.0
raw,"RDO No. 76 - Victorias City, Negros Occidental is composed of the followin",,,,Negros Occidental,Sagay,(LIST OF STREETS),ST. MICHAEL SUBDIVISION,Pbma,RR,Residential - Regular,2000.0
raw,"RDO No. 76 - Victorias City, Negros Occidental is composed of the followin",,,,Negros Occidental,Sagay,(LIST OF STREETS),SV AGUILAR EXT,Along Roxas St and Avanceña St,RR,Residential - Regular,2500.0
raw,"RDO No. 76 - Victorias City, Negros Occidental is composed of the followin",,,,Negros Occidental,Sagay,(LIST OF STREETS),TAÑON STRAIT,SUNSET BEACH RESORT,A40,Agricultural - A40,375.0
raw,"RDO No. 76 - Victorias City, Negros Occidental is composed of the followin",,,,Negros Occidental,Sagay,(LIST OF STREETS),TAÑON STRAIT,Beach Resort,A40,Agricultural - A40,300.0
raw,"RDO No. 76 - Victorias City, Negros Occidental is composed of the followin",,,,Negros Occidental,Sagay,(LIST OF STREETS),TAÑON STRAIT,Beach Resort,A44,Agricultural - A44,30.0
raw,"RDO No. 76 - Victorias City, Negros Occidental is composed of the followin",,,,Negros Occidental,Sagay,(LIST OF STREETS),TAÑON STRAIT,Beach Resort,A49,Agricultural - A49,27.0
raw,"RDO No. 76 - Victorias City, Negros Occidental is composed of the followin",,,,Negros Occidental,Sagay,(LIST OF STREETS),TAÑON STRAIT,Beach Resort,A50,Agricultural - A50,15.0
raw,"RDO No. 76 - Victorias City, Negros Occidental is composed of the followin",,,,Negros Occidental,Sagay,(LIST OF STREETS),TUPAZ ST,"Along Jose B. Puey, Sr. Elem School",CR,Commercial - Regular,4000.0
raw,"RDO No. 76 - Victorias City, Negros Occidental is composed of the followin",,,,Negros Occidental,Sagay,(LIST OF STREETS),TUPAZ STREET,From Osmeña St. to Panes St,RR,Residential - Regular,2500.0
raw,"RDO No. 76 - Victorias City, Negros Occidental is composed of the followin",,,,Negros Occidental,Sagay,(LIST OF STREETS),VILLA ANGELA,Along National Higway,RR,Residential - Regular,2500.0
raw,"RDO No. 76 - Victorias City, Negros Occidental is composed of the followin",,,,Negros Occidental,Sagay,(LIST OF STREETS),VILLA ANGELA,Along Provincial Road to Brgy. Old Sagay,CR,Commercial - Regular,4000.0
raw,"RDO No. 76 - Victorias City, Negros Occidental is composed of the followin",,,,Negros Occidental,Sagay,(LIST OF STREETS),VILLA SALVACION,Along Marañon St.,RR,Residential - Regular,2500.0
raw,"RDO No. 76 - Victorias City, Negros Occidental is composed of the followin",,,,Negros Occidental,Sagay,(LIST OF STREETS),VILLA SALVACION,Along National Higway,CR,Commercial - Regular,5000.0
raw,"RDO No. 76 - Victorias City, Negros Occidental is composed of the followin",,,,Negros Occidental,Sagay,(LIST OF STREETS),"WEST, SOUTH, APAT-APAT STS. AND KATALBAS EXT.",Along Recto St. and South Road,RR,Residential - Regular,2500.0
raw,"RDO No. 76 - Victorias City, Negros Occidental is composed of the followin",,,,Negros Occidental,San Carlos City,(LIST OF STREETS),ALL OTHER LOTS,,A1,Agricultural - A1,37.0
raw,"RDO No. 76 - Victorias City, Negros Occidental is composed of the followin",,,,Negros Occidental,San Carlos City,(LIST OF STREETS),ALL OTHER LOTS,,A2,Agricultural - A2,25.0
raw,"RDO No. 76 - Victorias City, Negros Occidental is composed of the followin",,,,Negros Occidental,San Carlos City,(LIST OF STREETS),ALL OTHER LOTS,,A4,Agricultural - A4,23.0
raw,"RDO No. 76 - Victorias City, Negros Occidental is composed of the followin",,,,Negros Occidental,San Carlos City,(LIST OF STREETS),ALL OTHER LOTS,,A6,Agricultural - A6,39.0
raw,"RDO No. 76 - Victorias City, Negros Occidental is composed of the followin",,,,Negros Occidental,San Carlos City,(LIST OF STREETS),ALL OTHER LOTS,,A10,Agricultural - A10,19.0
raw,"RDO No. 76 - Victorias City, Negros Occidental is composed of the followin",,,,Negros Occidental,San Carlos City,(LIST OF STREETS),ALL OTHER LOTS,,A12,Agricultural - A12,23.0
raw,"RDO No. 76 - Victorias City, Negros Occidental is composed of the followin",,,,Negros Occidental,San Carlos City,(LIST OF STREETS),ALL OTHER LOTS,,A14,Agricultural - A14,19.0
raw,"RDO No. 76 - Victorias City, Negros Occidental is composed of the followin",,,,Negros Occidental,San Carlos City,(LIST OF STREETS),ALL OTHER LOTS,,A15,Agricultural - A15,32.0
raw,"RDO No. 76 - Victorias City, Negros Occidental is composed of the followin",,,,Negros Occidental,San Carlos City,(LIST OF STREETS),ALL OTHER LOTS,,A16,Agricultural - A16,22.0
raw,"RDO No. 76 - Victorias City, Negros Occidental is composed of the followin",,,,Negros Occidental,San Carlos City,(LIST OF STREETS),ALL OTHER LOTS,,A17,Agricultural - A17,50.0
raw,"RDO No. 76 - Victorias City, Negros Occidental is composed of the followin",,,,Negros Occidental,San Carlos City,(LIST OF STREETS),ALL OTHER LOTS,,A19,Agricultural - A19,24.0
raw,"RDO No. 76 - Victorias City, Negros Occidental is composed of the followin",,,,Negros Occidental,San Carlos City,(LIST OF STREETS),ALL OTHER LOTS,,A23,Agricultural - A23,35.0
raw,"RDO No. 76 - Victorias City, Negros Occidental is composed of the followin",,,,Negros Occidental,San Carlos City,(LIST OF STREETS),ALL OTHER LOTS,,A24,Agricultural - A24,30.0
raw,"RDO No. 76 - Victorias City, Negros Occidental is composed of the followin",,,,Negros Occidental,San Carlos City,(LIST OF STREETS),ALL OTHER LOTS,,A25,Agricultural - A25,25.0
raw,"RDO No. 76 - Victorias City, Negros Occidental is composed of the followin",,,,Negros Occidental,San Carlos City,(LIST OF STREETS),ALL OTHER LOTS,,A26,Agricultural - A26,17.0
raw,"RDO No. 76 - Victorias City, Negros Occidental is composed of the followin",,,,Negros Occidental,San Carlos City,(LIST OF STREETS),ALL OTHER LOTS,,A31,Agricultural - A31,25.0
raw,"RDO No. 76 - Victorias City, Negros Occidental is composed of the followin",,,,Negros Occidental,San Carlos City,(LIST OF STREETS),ALL OTHER LOTS,,A36,Agricultural - A36,50.0
raw,"RDO No. 76 - Victorias City, Negros Occidental is composed of the followin",,,,Negros Occidental,San Carlos City,(LIST OF STREETS),ALL OTHER LOTS,,A38,Agricultural - A38,25.0
raw,"RDO No. 76 - Victorias City, Negros Occidental is composed of the followin",,,,Negros Occidental,San Carlos City,(LIST OF STREETS),ALL OTHER LOTS,,A41,Agricultural - A41,13.0
raw,"RDO No. 76 - Victorias City, Negros Occidental is composed of the followin",,,,Negros Occidental,San Carlos City,(LIST OF STREETS),ALL OTHER LOTS,,A42,Agricultural - A42,64.0
raw,"RDO No. 76 - Victorias City, Negros Occidental is composed of the followin",,,,Negros Occidental,San Carlos City,(LIST OF STREETS),ALL OTHER LOTS,,A48,Agricultural - A48,24.0
raw,"RDO No. 76 - Victorias City, Negros Occidental is composed of the followin",,,,Negros Occidental,San Carlos City,(LIST OF STREETS),ALL OTHER LOTS,,A49,Agricultural - A49,13.0
raw,"RDO No. 76 - Victorias City, Negros Occidental is composed of the followin",,,,Negros Occidental,San Carlos City,(LIST OF STREETS),ALL OTHER LOTS,,A50,Agricultural - A50,13.0
raw,"RDO No. 76 - Victorias City, Negros Occidental is composed of the followin",,,,Negros Occidental,San Carlos City,(LIST OF STREETS),AZCONA ST.,from National Highway to Ylagan St.,CR,Commercial - Regular,8000.0
raw,"RDO No. 76 - Victorias City, Negros Occidental is composed of the followin",,,,Negros Occidental,San Carlos City,(LIST OF STREETS),AZCONA ST.,from Broce St. to Ylagan St.,CR,Commercial - Regular,8000.0
raw,"RDO No. 76 - Victorias City, Negros Occidental is composed of the followin",,,,Negros Occidental,San Carlos City,(LIST OF STREETS),AZCONA ST.,from Ylagan St. to Burgos St.,RR,Residential - Regular,2500.0
raw,"RDO No. 76 - Victorias City, Negros Occidental is composed of the followin",,,,Negros Occidental,San Carlos City,(LIST OF STREETS),BAGONBON,BARANGAY PROPER,RR,Residential - Regular,700.0
raw,"RDO No. 76 - Victorias City, Negros Occidental is composed of the followin",,,,Negros Occidental,San Carlos City,(LIST OF STREETS),BROCE ST.,from Azcona St.to S. Carmona St.,CR,Commercial - Regular,10000.0
raw,"RDO No. 76 - Victorias City, Negros Occidental is composed of the followin",,,,Negros Occidental,San Carlos City,(LIST OF STREETS),BROCE ST.,from Azcona St.to Edrina St.,RR,Residential - Regular,2500.0
raw,"RDO No. 76 - Victorias City, Negros Occidental is composed of the followin",,,,Negros Occidental,San Carlos City,(LIST OF STREETS),BULUANGAN,BARANGAY PROPER,RR,Residential - Regular,700.0
raw,"RDO No. 76 - Victorias City, Negros Occidental is composed of the followin",,,,Negros Occidental,San Carlos City,(LIST OF STREETS),CODCOD,BARANGAY PROPER,RR,Residential - Regular,700.0
raw,"RDO No. 76 - Victorias City, Negros Occidental is composed of the followin",,,,Negros Occidental,San Carlos City,(LIST OF STREETS),DOS HERMANOS ST.,from HC Rigor St to V. Gustilo St,RR,Residential - Regular,2500.0
raw,"RDO No. 76 - Victorias City, Negros Occidental is composed of the followin",,,,Negros Occidental,San Carlos City,(LIST OF STREETS),ECO ZONE,"Ethanol Site, SaCaSol, etc.",I,Industrial,4000.0
raw,"RDO No. 76 - Victorias City, Negros Occidental is composed of the followin",,,,Negros Occidental,San Carlos City,(LIST OF STREETS),ERMITA,BARANGAY PROPER,RR,Residential - Regular,1000.0
raw,"RDO No. 76 - Victorias City, Negros Occidental is composed of the followin",,,,Negros Occidental,San Carlos City,(LIST OF STREETS),GUADALUPE,BARANGAY PROPER,RR,Residential - Regular,700.0
raw,"RDO No. 76 - Victorias City, Negros Occidental is composed of the followin",,,,Negros Occidental,San Carlos City,(LIST OF STREETS),H.C. RIGOR ST.,from S. Carmona St. to Remedios St.,RR,Residential - Regular,2500.0
raw,"RDO No. 76 - Victorias City, Negros Occidental is composed of the followin",,,,Negros Occidental,San Carlos City,(LIST OF STREETS),LOCSIN ST.,from National Hiway to Daisy's ABC,CR,Commercial - Regular,10000.0
raw,"RDO No. 76 - Victorias City, Negros Occidental is composed of the followin",,,,Negros Occidental,San Carlos City,(LIST OF STREETS),LOCSIN ST.,after Daisy's ABC to Burgos St.,CR,Commercial - Regular,8000.0
raw,"RDO No. 76 - Victorias City, Negros Occidental is composed of the followin",,,,Negros Occidental,San Carlos City,(LIST OF STREETS),LOCSIN ST.,from Burgos St. to Parola St. going to Sea Port,RR,Residential - Regular,2500.0
raw,"RDO No. 76 - Victorias City, Negros Occidental is composed of the followin",,,,Negros Occidental,San Carlos City,(LIST OF STREETS),MEDINA ST.,along public market,CR,Commercial - Regular,10000.0
raw,"RDO No. 76 - Victorias City, Negros Occidental is composed of the followin",,,,Negros Occidental,San Carlos City,(LIST OF STREETS),NATABAN,BARANGAY PROPER,RR,Residential - Regular,700.0
raw,"RDO No. 76 - Victorias City, Negros Occidental is composed of the followin",,,,Negros Occidental,San Carlos City,(LIST OF STREETS),NATIONAL HIGHWAY,from FC Ledesma Ave. to Vallacar Transit including Gaisano area - Lot No. 3373-B-1-2-A,CR,Commercial - Regular,10000.0
raw,"RDO No. 76 - Victorias City, Negros Occidental is composed of the followin",,,,Negros Occidental,San Carlos City,(LIST OF STREETS),NATIONAL HIGHWAY,from Palampas Bridge to railroad crossing at former SCMCI,CR,Commercial - Regular,8000.0
raw,"RDO No. 76 - Victorias City, Negros Occidental is composed of the followin",,,,Negros Occidental,San Carlos City,(LIST OF STREETS),NATIONAL HIGHWAY,from Railroad crossing at fromer SMCI to Public Terminal-one side only,CR,Commercial - Regular,8000.0
raw,"RDO No. 76 - Victorias City, Negros Occidental is composed of the followin",,,,Negros Occidental,San Carlos City,(LIST OF STREETS),NATIONAL HIGHWAY,from FC Ledesma Ave. to Campo Siete Road,CR,Commercial - Regular,8000.0
raw,"RDO No. 76 - Victorias City, Negros Occidental is composed of the followin",,,,Negros Occidental,San Carlos City,(LIST OF STREETS),PALAMPAS,BARANGAY PROPER,RR,Residential - Regular,700.0
raw,"RDO No. 76 - Victorias City, Negros Occidental is composed of the followin",,,,Negros Occidental,San Carlos City,(LIST OF STREETS),PALAMPAS,BARANGAY PROPER,CR,Commercial - Regular,8000.0
raw,"RDO No. 76 - Victorias City, Negros Occidental is composed of the followin",,,,Negros Occidental,San Carlos City,(LIST OF STREETS),PROSPERIDAD,BARANGAY PROPER,RR,Residential - Regular,700.0
raw,"RDO No. 76 - Victorias City, Negros Occidental is composed of the followin",,,,Negros Occidental,San Carlos City,(LIST OF STREETS),PROSPERIDAD,LA PROSPERIDAD REALTY CORP.,RR,Residential - Regular,1800.0
raw,"RDO No. 76 - Victorias City, Negros Occidental is composed of the followin",,,,Negros Occidental,San Carlos City,(LIST OF STREETS),PUNAO,BARANGAY PROPER,RR,Residential - Regular,700.0
raw,"RDO No. 76 - Victorias City, Negros Occidental is composed of the followin",,,,Negros Occidental,San Carlos City,(LIST OF STREETS),QUEZON,BARANGAY PROPER,RR,Residential - Regular,700.0
raw,"RDO No. 76 - Victorias City, Negros Occidental is composed of the followin",,,,Negros Occidental,San Carlos City,(LIST OF STREETS),RIZAL,BARANGAY PROPER,RR,Residential - Regular,700.0
raw,"RDO No. 76 - Victorias City, Negros Occidental is composed of the followin",,,,Negros Occidental,San Carlos City,(LIST OF STREETS),RIZAL,MEMORIAL PARK CEMETERY,CL,Cemetery Lot,5000.0
raw,"RDO No. 76 - Victorias City, Negros Occidental is composed of the followin",,,,Negros Occidental,San Carlos City,(LIST OF STREETS),RIZAL ST.,from S. Carmona St. to Locsin St.,CR,Commercial - Regular,10000.0
raw,"RDO No. 76 - Victorias City, Negros Occidental is composed of the followin",,,,Negros Occidental,San Carlos City,(LIST OF STREETS),RIZAL ST.,from S. Carmona St. to Reclamation Area,CR,Commercial - Regular,8000.0
raw,"RDO No. 76 - Victorias City, Negros Occidental is composed of the followin",,,,Negros Occidental,San Carlos City,(LIST OF STREETS),S. CARMONA ST.,from boundary of former SCMCI Compound-Lot Boundaries of City Health Office / AM builders,CR,Commercial - Regular,10000.0
raw,"RDO No. 76 - Victorias City, Negros Occidental is composed of the followin",,,,Negros Occidental,San Carlos City,(LIST OF STREETS),S. CARMONA ST.,after City Health Office / AM Builders to City Seaport,CR,Commercial - Regular,8000.0
raw,"RDO No. 76 - Victorias City, Negros Occidental is composed of the followin",,,,Negros Occidental,San Carlos City,(LIST OF STREETS),SAN JUAN,BARANGAY PROPER,RR,Residential - Regular,1000.0
raw,"RDO No. 76 - Victorias City, Negros Occidental is composed of the followin",,,,Negros Occidental,San Carlos City,(LIST OF STREETS),SAN JUAN,BARANGAY PROPER,GP,General Purpose,600.0
raw,"RDO No. 76 - Victorias City, Negros Occidental is composed of the followin",,,,Negros Occidental,San Carlos City,(LIST OF STREETS),V. GUSTILO EXT.,from Scorpion to Hope Box Culvert,RR,Residential - Regular,2500.0
raw,"RDO No. 76 - Victorias City, Negros Occidental is composed of the followin",,,,Negros Occidental,San Carlos City,(LIST OF STREETS),V. GUSTILO ST.,from S. Carmona to Azcona St.,CR,Commercial - Regular,10000.0
raw,"RDO No. 76 - Victorias City, Negros Occidental is composed of the followin",,,,Negros Occidental,San Carlos City,(LIST OF STREETS),V. GUSTILO ST.,from S. Carmona to A & C Pension House,CR,Commercial - Regular,8000.0
raw,"RDO No. 76 - Victorias City, Negros Occidental is composed of the followin",,,,Negros Occidental,San Carlos City,(LIST OF STREETS),V. GUSTILO ST.,from Azcona St. to New Era St.,RR,Residential - Regular,2500.0
raw,"RDO No. 76 - Victorias City, Negros Occidental is composed of the followin",,,,Negros Occidental,San Carlos City,(LIST OF STREETS),V. GUSTILO ST.,from Azcona St. to Endrina St.,CR,Commercial - Regular,8000.0
raw,"RDO No. 76 - Victorias City, Negros Occidental is composed of the followin",,,,Negros Occidental,San Carlos City,(LIST OF STREETS),V. GUSTILO ST.,from Endrina St to New Era St.,RR,Residential - Regular,2500.0
raw,"RDO No. 76 - Victorias City, Negros Occidental is composed of the followin",,,,Negros Occidental,San Carlos City,(LIST OF STREETS),V. GUSTILO ST.,after A & C Pension House to Reclamation Area,RR,Residential - Regular,2500.0
raw,"RDO No. 76 - Victorias City, Negros Occidental is composed of the followin",,,,Negros Occidental,San Carlos City,(LIST OF STREETS),VALDEVIA ST.,along public market,CR,Commercial - Regular,10000.0
raw,"RDO No. 76 - Victorias City, Negros Occidental is composed of the followin",,,,Negros Occidental,San Carlos City,(LIST OF STREETS),YLAGAN EXT.,from Azcona St to Endrina St.,RR,Residential - Regular,2500.0
raw,"RDO No. 76 - Victorias City, Negros Occidental is composed of the followin",,,,Negros Occidental,San Carlos City,(LIST OF STREETS),YLAGAN ST.,Corner Azcona and S. Carmona,CR,Commercial - Regular,8000.0
raw,"RDO No. 76 - Victorias City, Negros Occidental is composed of the followin",,,,Negros Occidental,San Carlos City,(LIST OF STREETS),YLAGAN ST.,Corner Azcona and S. Carmona,RR,Residential - Regular,2500.0
raw,"RDO No. 76 - Victorias City, Negros Occidental is composed of the followin",,,,Negros Occidental,San Carlos City,ALL OTHER LOTS,ALL OTHER SUBDIVISION,UNDEVELOPED SUBDIVISION,RR,Residential - Regular,800.0
raw,"RDO No. 76 - Victorias City, Negros Occidental is composed of the followin",,,,Negros Occidental,San Carlos City,ALL OTHER LOTS,BIG TIBUCO,"Lots 169,170 & 3414",RR,Residential - Regular,1600.0
raw,"RDO No. 76 - Victorias City, Negros Occidental is composed of the followin",,,,Negros Occidental,San Carlos City,ALL OTHER LOTS,CABALLERO SUBDIVISION,"Lots 169,170 & 3414",RR,Residential - Regular,2500.0
raw,"RDO No. 76 - Victorias City, Negros Occidental is composed of the followin",,,,Negros Occidental,San Carlos City,ALL OTHER LOTS,CAMPO SIETE SUBDIVISION,"Lots 169,170 & 3414",RR,Residential - Regular,1600.0
raw,"RDO No. 76 - Victorias City, Negros Occidental is composed of the followin",,,,Negros Occidental,San Carlos City,ALL OTHER LOTS,CITIHOMES,ALONG ECO-TOURISM HI-WAY,RR,Residential - Regular,5000.0
raw,"RDO No. 76 - Victorias City, Negros Occidental is composed of the followin",,,,Negros Occidental,San Carlos City,ALL OTHER LOTS,DON JUAN SUBDIVISION,ALONG ECO-TOURISM HI-WAY,CR,Commercial - Regular,8000.0
raw,"RDO No. 76 - Victorias City, Negros Occidental is composed of the followin",,,,Negros Occidental,San Carlos City,ALL OTHER LOTS,DON JUAN SUBDIVISION,ALONG ECO-TOURISM HI-WAY,RR,Residential - Regular,3000.0
raw,"RDO No. 76 - Victorias City, Negros Occidental is composed of the followin",,,,Negros Occidental,San Carlos City,ALL OTHER LOTS,FATIMA VILLAGE,"Lots 169,170 & 3414",RR,Residential - Regular,1600.0
raw,"RDO No. 76 - Victorias City, Negros Occidental is composed of the followin",,,,Negros Occidental,San Carlos City,ALL OTHER LOTS,FORMER SCMCI SITE,"Lots 169,170 & 3414",RR,Residential - Regular,5000.0
raw,"RDO No. 76 - Victorias City, Negros Occidental is composed of the followin",,,,Negros Occidental,San Carlos City,ALL OTHER LOTS,GHI LABORER'S RELOCATION SITE,"Lots 169,170 & 3414",RR,Residential - Regular,2500.0
raw,"RDO No. 76 - Victorias City, Negros Occidental is composed of the followin",,,,Negros Occidental,San Carlos City,ALL OTHER LOTS,GREENVILLE SUBDIVISION,"Lots 169,170 & 3414",RR,Residential - Regular,1600.0
raw,"RDO No. 76 - Victorias City, Negros Occidental is composed of the followin",,,,Negros Occidental,San Carlos City,ALL OTHER LOTS,KA-INGGAT AREA,Mountain Resort,A40,Agricultural - A40,3000.0
raw,"RDO No. 76 - Victorias City, Negros Occidental is composed of the followin",,,,Negros Occidental,San Carlos City,ALL OTHER LOTS,KA-INGGAT AREA,Beach Resort,A40,Agricultural - A40,2000.0
raw,"RDO No. 76 - Victorias City, Negros Occidental is composed of the followin",,,,Negros Occidental,San Carlos City,ALL OTHER LOTS,KA-INGGAT AREA,Beach Resort,A50,Agricultural - A50,200.0
raw,"RDO No. 76 - Victorias City, Negros Occidental is composed of the followin",,,,Negros Occidental,San Carlos City,ALL OTHER LOTS,KA-INGGAT AREA,Raw Land,GP,General Purpose,700.0
raw,"RDO No. 76 - Victorias City, Negros Occidental is composed of the followin",,,,Negros Occidental,San Carlos City,ALL OTHER LOTS,MANSFIELD SUBDIVISION,ALONG ECO-TOURISM HI-WAY,RR,Residential - Regular,3000.0
raw,"RDO No. 76 - Victorias City, Negros Occidental is composed of the followin",,,,Negros Occidental,San Carlos City,ALL OTHER LOTS,MARGARITA EXTENSION,ALONG ECO-TOURISM HI-WAY,RR,Residential - Regular,2500.0
raw,"RDO No. 76 - Victorias City, Negros Occidental is composed of the followin",,,,Negros Occidental,San Carlos City,ALL OTHER LOTS,MARGARITA SUBDIVISION (MAIN),ALONG ECO-TOURISM HI-WAY,RR,Residential - Regular,3000.0
raw,"RDO No. 76 - Victorias City, Negros Occidental is composed of the followin",,,,Negros Occidental,San Carlos City,ALL OTHER LOTS,MARGARITA VILLAGE,ALONG ECO-TOURISM HI-WAY,CR,Commercial - Regular,8000.0
raw,"RDO No. 76 - Victorias City, Negros Occidental is composed of the followin",,,,Negros Occidental,San Carlos City,ALL OTHER LOTS,NEWTOWN SUBDIVISION,"Lots 169,170 & 3414",RR,Residential - Regular,2500.0
raw,"RDO No. 76 - Victorias City, Negros Occidental is composed of the followin",,,,Negros Occidental,San Carlos City,ALL OTHER LOTS,PASAKA SUBDIVISION,"Lots 169,170 & 3414",RR,Residential - Regular,1600.0
raw,"RDO No. 76 - Victorias City, Negros Occidental is composed of the followin",,,,Negros Occidental,San Carlos City,ALL OTHER LOTS,ROVIRIH SUBDIVISION,"Lots 169,170 & 3414",RR,Residential - Regular,2500.0
raw,"RDO No. 76 - Victorias City, Negros Occidental is composed of the followin",,,,Negros Occidental,San Carlos City,ALL OTHER LOTS,SAN JUAN BAYBAY,"Lots 169,170 & 3414",RR,Residential - Regular,1600.0
raw,"RDO No. 76 - Victorias City, Negros Occidental is composed of the followin",,,,Negros Occidental,San Carlos City,ALL OTHER LOTS,SAN JULIO SUBDIVISION,ALONG FC LEDESMA AVE to CL Ledesma,CR,Commercial - Regular,8000.0
raw,"RDO No. 76 - Victorias City, Negros Occidental is composed of the followin",,,,Negros Occidental,San Carlos City,ALL OTHER LOTS,SAN JULIO SUBDIVISION,INTERIOR LOTS,RR,Residential - Regular,5000.0
raw,"RDO No. 76 - Victorias City, Negros Occidental is composed of the followin",,,,Negros Occidental,San Carlos City,ALL OTHER LOTS,SANCAVILLE SUBDIVISION,"Lots 169,170 & 3414",RR,Residential - Regular,800.0
raw,"RDO No. 76 - Victorias City, Negros Occidental is composed of the followin",,,,Negros Occidental,San Carlos City,ALL OTHER LOTS,"SOUTH VILLA SUBDIVISION I, II & III",ALONG ECO-TOURISM HI-WAY,RR,Residential - Regular,5000.0
raw,"RDO No. 76 - Victorias City, Negros Occidental is composed of the followin",,,,Negros Occidental,San Carlos City,ALL OTHER LOTS,ST. CHARLES SUBDIVISION,"Lots 169,170 & 3414",RR,Residential - Regular,2500.0
raw,"RDO No. 76 - Victorias City, Negros Occidental is composed of the followin",,,,Negros Occidental,San Carlos City,ALL OTHER LOTS,ST. JOHN SUBDIVISION,"Lots 169,170 & 3414",RR,Residential - Regular,2500.0
raw,"RDO No. 76 - Victorias City, Negros Occidental is composed of the followin",,,,Negros Occidental,San Carlos City,ALL OTHER LOTS,ST. JOSEPH SUBDIVISION,"Lots 169,170 & 3414",RR,Residential - Regular,2500.0
raw,"RDO No. 76 - Victorias City, Negros Occidental is composed of the followin",,,,Negros Occidental,San Carlos City,ALL OTHER LOTS,ST. LUKE SUBDIVISION,"Lots 169,170 & 3414",RR,Residential - Regular,2500.0
raw,"RDO No. 76 - Victorias City, Negros Occidental is composed of the followin",,,,Negros Occidental,San Carlos City,ALL OTHER LOTS,ST. RITA HOMES,"Lots 169,170 & 3414",RR,Residential - Regular,2500.0
raw,"RDO No. 76 - Victorias City, Negros Occidental is composed of the followin",,,,Negros Occidental,San Carlos City,ALL OTHER LOTS,ST. VINCENT SUBDIVISION,"Lots 169,170 & 3414",RR,Residential - Regular,3000.0
raw,"RDO No. 76 - Victorias City, Negros Occidental is composed of the followin",,,,Negros Occidental,San Carlos City,ALL OTHER LOTS,ST. VINCENT SUBDIVISION,"Lots 169,170 & 3414",CR,Commercial - Regular,8000.0
raw,"RDO No. 76 - Victorias City, Negros Occidental is composed of the followin",,,,Negros Occidental,San Carlos City,ALL OTHER LOTS,TEACHER'S VILLAGE SUBDIVISION,ALONG ECO-TOURISM HI-WAY,CR,Commercial - Regular,8000.0
raw,"RDO No. 76 - Victorias City, Negros Occidental is composed of the followin",,,,Negros Occidental,San Carlos City,ALL OTHER LOTS,TEACHER'S VILLAGE SUBDIVISION,Interior Lots,RR,Residential - Regular,3000.0
raw,"RDO No. 76 - Victorias City, Negros Occidental is composed of the followin",,,,Negros Occidental,San Carlos City,ALL OTHER LOTS,VILLA CONSUELO SUBDIVISION,"Lots 169,170 & 3414",RR,Residential - Regular,2500.0
raw,"RDO No. 76 - Victorias City, Negros Occidental is composed of the followin",,,,Negros Occidental,San Carlos City,ALL OTHER LOTS,VILLARANTE VILLAGE,"Lots 169,170 & 3414",RR,Residential - Regular,1600.0
raw,"RDO No. 76 - Victorias City, Negros Occidental is composed of the followin",,,,Negros Occidental,San Carlos City,"POBLACION (BARANGAY 1, 2,3,4,5,6)",BURGOS ST.,from S. Carmona St to Azcona St,RR,Residential - Regular,2500.0
raw,"RDO No. 76 - Victorias City, Negros Occidental is composed of the followin",,,,Negros Occidental,San Carlos City,"POBLACION (BARANGAY 1, 2,3,4,5,6)",BUSINESS PARK,from Broce St. to Interior Lots,CR,Commercial - Regular,8000.0
raw,"RDO No. 76 - Victorias City, Negros Occidental is composed of the followin",,,,Negros Occidental,San Carlos City,"POBLACION (BARANGAY 1, 2,3,4,5,6)",CENTERMALL,from Broce St. to Interior Lots,CR,Commercial - Regular,8000.0
raw,"RDO No. 76 - Victorias City, Negros Occidental is composed of the followin",,,,Negros Occidental,San Carlos City,"POBLACION (BARANGAY 1, 2,3,4,5,6)",KA-INGGAT AREA,from Broce St. to Interior Lots,RR,Residential - Regular,2500.0
raw,"RDO No. 76 - Victorias City, Negros Occidental is composed of the followin",,,,Negros Occidental,San Carlos City,"POBLACION (BARANGAY 1, 2,3,4,5,6)",LUZURIAGA ST.,from Ylagan St. to Burgos St.,RR,Residential - Regular,2500.0
raw,"RDO No. 76 - Victorias City, Negros Occidental is composed of the followin",,,,Negros Occidental,San Carlos City,"POBLACION (BARANGAY 1, 2,3,4,5,6)",MONDRAGON ST.,from Broce St. to Interior Lots,RR,Residential - Regular,2500.0
raw,"RDO No. 76 - Victorias City, Negros Occidental is composed of the followin",,,,Negros Occidental,San Carlos City,"POBLACION (BARANGAY 1, 2,3,4,5,6)",REMEDIOS ST.,from HC Rigor St to V. Gustilo St,RR,Residential - Regular,2500.0
raw,"RDO No. 76 - Victorias City, Negros Occidental is composed of the followin",,,,Negros Occidental,Toboso,(LIST OF STREETS),ALL LOTS,Barangay Road,RR,Residential - Regular,800.0
raw,"RDO No. 76 - Victorias City, Negros Occidental is composed of the followin",,,,Negros Occidental,Toboso,(LIST OF STREETS),ALL LOTS,Barangay Road,GP,General Purpose,500.0
raw,"RDO No. 76 - Victorias City, Negros Occidental is composed of the followin",,,,Negros Occidental,Toboso,(LIST OF STREETS),ALL LOTS,Barangay Road,A16,Agricultural - A16,33.0
raw,"RDO No. 76 - Victorias City, Negros Occidental is composed of the followin",,,,Negros Occidental,Toboso,(LIST OF STREETS),ALL LOTS,Barangay Road,A17,Agricultural - A17,52.0
raw,"RDO No. 76 - Victorias City, Negros Occidental is composed of the followin",,,,Negros Occidental,Toboso,(LIST OF STREETS),ALL LOTS,Barangay Road,A49,Agricultural - A49,13.0
raw,"RDO No. 76 - Victorias City, Negros Occidental is composed of the followin",,,,Negros Occidental,Toboso,(LIST OF STREETS),ALL LOTS,Barangay Road,A50,Agricultural - A50,10.0
raw,"RDO No. 76 - Victorias City, Negros Occidental is composed of the followin",,,,Negros Occidental,Toboso,(LIST OF STREETS),ALL LOTS,Along National Road,RR,Residential - Regular,1500.0
raw,"RDO No. 76 - Victorias City, Negros Occidental is composed of the followin",,,,Negros Occidental,Toboso,(LIST OF STREETS),ALL LOTS,Along National Road,CR,Commercial - Regular,1900.0
raw,"RDO No. 76 - Victorias City, Negros Occidental is composed of the followin",,,,Negros Occidental,Toboso,(LIST OF STREETS),ALL LOTS,Along National Road,I,Industrial,1400.0
raw,"RDO No. 76 - Victorias City, Negros Occidental is composed of the followin",,,,Negros Occidental,Toboso,(LIST OF STREETS),ALL LOTS,Barangay Road,RR,Residential - Regular,800.0
raw,"RDO No. 76 - Victorias City, Negros Occidental is composed of the followin",,,,Negros Occidental,Toboso,(LIST OF STREETS),ALL LOTS,Barangay Road,GP,General Purpose,500.0
raw,"RDO No. 76 - Victorias City, Negros Occidental is composed of the followin",,,,Negros Occidental,Toboso,(LIST OF STREETS),ALL LOTS,Barangay Road,A2,Agricultural - A2,41.0
raw,"RDO No. 76 - Victorias City, Negros Occidental is composed of the followin",,,,Negros Occidental,Toboso,(LIST OF STREETS),ALL LOTS,Barangay Road,A16,Agricultural - A16,38.0
raw,"RDO No. 76 - Victorias City, Negros Occidental is composed of the followin",,,,Negros Occidental,Toboso,(LIST OF STREETS),ALL LOTS,Barangay Road,A17,Agricultural - A17,52.0
raw,"RDO No. 76 - Victorias City, Negros Occidental is composed of the followin",,,,Negros Occidental,Toboso,(LIST OF STREETS),ALL LOTS,Along National Road,RR,Residential - Regular,1500.0
raw,"RDO No. 76 - Victorias City, Negros Occidental is composed of the followin",,,,Negros Occidental,Toboso,(LIST OF STREETS),ALL LOTS,Along National Road,CR,Commercial - Regular,1900.0
raw,"RDO No. 76 - Victorias City, Negros Occidental is composed of the followin",,,,Negros Occidental,Toboso,(LIST OF STREETS),ALL LOTS,Along National Road,I,Industrial,1400.0
raw,"RDO No. 76 - Victorias City, Negros Occidental is composed of the followin",,,,Negros Occidental,Toboso,(LIST OF STREETS),ALL LOTS,Barangay Road,RR,Residential - Regular,800.0
raw,"RDO No. 76 - Victorias City, Negros Occidental is composed of the followin",,,,Negros Occidental,Toboso,(LIST OF STREETS),ALL LOTS,Barangay Road,GP,General Purpose,500.0
raw,"RDO No. 76 - Victorias City, Negros Occidental is composed of the followin",,,,Negros Occidental,Toboso,(LIST OF STREETS),ALL LOTS,Barangay Road,A4,Agricultural - A4,30.0
raw,"RDO No. 76 - Victorias City, Negros Occidental is composed of the followin",,,,Negros Occidental,Toboso,(LIST OF STREETS),ALL LOTS,Barangay Road,A17,Agricultural - A17,52.0
raw,"RDO No. 76 - Victorias City, Negros Occidental is composed of the followin",,,,Negros Occidental,Toboso,(LIST OF STREETS),ALL LOTS,Seashore,A39,Agricultural - A39,1300.0
raw,"RDO No. 76 - Victorias City, Negros Occidental is composed of the followin",,,,Negros Occidental,Toboso,(LIST OF STREETS),ALL LOTS,Seashore,A49,Agricultural - A49,13.0
raw,"RDO No. 76 - Victorias City, Negros Occidental is composed of the followin",,,,Negros Occidental,Toboso,(LIST OF STREETS),ALL LOTS,Along National Road,RR,Residential - Regular,1500.0
raw,"RDO No. 76 - Victorias City, Negros Occidental is composed of the followin",,,,Negros Occidental,Toboso,(LIST OF STREETS),ALL LOTS,Along National Road,GP,General Purpose,500.0
raw,"RDO No. 76 - Victorias City, Negros Occidental is composed of the followin",,,,Negros Occidental,Toboso,(LIST OF STREETS),ALL LOTS,Along National Road,A2,Agricultural - A2,41.0
raw,"RDO No. 76 - Victorias City, Negros Occidental is composed of the followin",,,,Negros Occidental,Toboso,(LIST OF STREETS),ALL LOTS,Along National Road,A17,Agricultural - A17,52.0
raw,"RDO No. 76 - Victorias City, Negros Occidental is composed of the followin",,,,Negros Occidental,Toboso,(LIST OF STREETS),ALL LOTS,Provincial Road,RR,Residential - Regular,1200.0
raw,"RDO No. 76 - Victorias City, Negros Occidental is composed of the followin",,,,Negros Occidental,Toboso,(LIST OF STREETS),ALL LOTS,Provincial Road,GP,General Purpose,500.0
raw,"RDO No. 76 - Victorias City, Negros Occidental is composed of the followin",,,,Negros Occidental,Toboso,(LIST OF STREETS),ALL LOTS,Provincial Road,A6,Agricultural - A6,72.0
raw,"RDO No. 76 - Victorias City, Negros Occidental is composed of the followin",,,,Negros Occidental,Toboso,(LIST OF STREETS),ALL LOTS,Provincial Road,A39,Agricultural - A39,1300.0
raw,"RDO No. 76 - Victorias City, Negros Occidental is composed of the followin",,,,Negros Occidental,Toboso,(LIST OF STREETS),ALL LOTS,Provincial Road,A50,Agricultural - A50,50.0
raw,"RDO No. 76 - Victorias City, Negros Occidental is composed of the followin",,,,Negros Occidental,Toboso,(LIST OF STREETS),ALL LOTS,Along National Road,RR,Residential - Regular,1500.0
raw,"RDO No. 76 - Victorias City, Negros Occidental is composed of the followin",,,,Negros Occidental,Toboso,(LIST OF STREETS),ALL LOTS,Along National Road,GP,General Purpose,500.0
raw,"RDO No. 76 - Victorias City, Negros Occidental is composed of the followin",,,,Negros Occidental,Toboso,(LIST OF STREETS),ALL LOTS,Along National Road,A4,Agricultural - A4,30.0
raw,"RDO No. 76 - Victorias City, Negros Occidental is composed of the followin",,,,Negros Occidental,Toboso,(LIST OF STREETS),ALL LOTS,Along National Road,A16,Agricultural - A16,33.0
raw,"RDO No. 76 - Victorias City, Negros Occidental is composed of the followin",,,,Negros Occidental,Toboso,(LIST OF STREETS),ALL LOTS,Along National Road,A17,Agricultural - A17,52.0
raw,"RDO No. 76 - Victorias City, Negros Occidental is composed of the followin",,,,Negros Occidental,Toboso,(LIST OF STREETS),ALL LOTS,Along National Road,A50,Agricultural - A50,25.0
raw,"RDO No. 76 - Victorias City, Negros Occidental is composed of the followin",,,,Negros Occidental,Toboso,(LIST OF STREETS),ALL LOTS,Along National Road,RR,Residential - Regular,1500.0
raw,"RDO No. 76 - Victorias City, Negros Occidental is composed of the followin",,,,Negros Occidental,Toboso,(LIST OF STREETS),ALL LOTS,Along National Road,RR,Residential - Regular,800.0
raw,"RDO No. 76 - Victorias City, Negros Occidental is composed of the followin",,,,Negros Occidental,Toboso,(LIST OF STREETS),ALL LOTS,Along National Road,CR,Commercial - Regular,1800.0
raw,"RDO No. 76 - Victorias City, Negros Occidental is composed of the followin",,,,Negros Occidental,Toboso,(LIST OF STREETS),ALL LOTS,Along National Road,I,Industrial,1400.0
raw,"RDO No. 76 - Victorias City, Negros Occidental is composed of the followin",,,,Negros Occidental,Toboso,(LIST OF STREETS),ALL LOTS,Along National Road,GP,General Purpose,500.0
raw,"RDO No. 76 - Victorias City, Negros Occidental is composed of the followin",,,,Negros Occidental,Toboso,(LIST OF STREETS),ALL LOTS,Along National Road,A4,Agricultural - A4,30.0
raw,"RDO No. 76 - Victorias City, Negros Occidental is composed of the followin",,,,Negros Occidental,Toboso,(LIST OF STREETS),ALL LOTS,Along National Road,A17,Agricultural - A17,52.0
raw,"RDO No. 76 - Victorias City, Negros Occidental is composed of the followin",,,,Negros Occidental,Toboso,(LIST OF STREETS),ALL LOTS,Along National Road,RR,Residential - Regular,1500.0
raw,"RDO No. 76 - Victorias City, Negros Occidental is composed of the followin",,,,Negros Occidental,Toboso,(LIST OF STREETS),ALL LOTS,Barangay Road,RR,Residential - Regular,800.0
raw,"RDO No. 76 - Victorias City, Negros Occidental is composed of the followin",,,,Negros Occidental,Toboso,(LIST OF STREETS),ALL LOTS,Barangay Road,CR,Commercial - Regular,1800.0
raw,"RDO No. 76 - Victorias City, Negros Occidental is composed of the followin",,,,Negros Occidental,Toboso,(LIST OF STREETS),ALL LOTS,Barangay Road,I,Industrial,1400.0
raw,"RDO No. 76 - Victorias City, Negros Occidental is composed of the followin",,,,Negros Occidental,Toboso,(LIST OF STREETS),ALL LOTS,Barangay Road,GP,General Purpose,500.0
raw,"RDO No. 76 - Victorias City, Negros Occidental is composed of the followin",,,,Negros Occidental,Toboso,(LIST OF STREETS),ALL LOTS,Barangay Road,A4,Agricultural - A4,30.0
raw,"RDO No. 76 - Victorias City, Negros Occidental is composed of the followin",,,,Negros Occidental,Toboso,(LIST OF STREETS),ALL LOTS,Barangay Road,A17,Agricultural - A17,52.0
raw,"RDO No. 76 - Victorias City, Negros Occidental is composed of the followin",,,,Negros Occidental,Toboso,(LIST OF STREETS),ALL OTHER STREETS,Res. Lots Outside Pob.,RR,Residential - Regular,800.0
raw,"RDO No. 76 - Victorias City, Negros Occidental is composed of the followin",,,,Negros Occidental,Toboso,(LIST OF STREETS),ALL OTHER STREETS,Outside Pob. Along Highway,RR,Residential - Regular,800.0
raw,"RDO No. 76 - Victorias City, Negros Occidental is composed of the followin",,,,Negros Occidental,Toboso,(LIST OF STREETS),ALL OTHER STREETS,Residential Purposes,RR,Residential - Regular,800.0
raw,"RDO No. 76 - Victorias City, Negros Occidental is composed of the followin",,,,Negros Occidental,Toboso,(LIST OF STREETS),ALL OTHER STREETS,Commercial Outside Pob,CR,Commercial - Regular,1700.0
raw,"RDO No. 76 - Victorias City, Negros Occidental is composed of the followin",,,,Negros Occidental,Toboso,(LIST OF STREETS),ALL OTHER STREETS,Outside Pob. Along Highway,CR,Commercial - Regular,1700.0
raw,"RDO No. 76 - Victorias City, Negros Occidental is composed of the followin",,,,Negros Occidental,Toboso,(LIST OF STREETS),ALL OTHER STREETS,Commercial Lots,CR,Commercial - Regular,1700.0
raw,"RDO No. 76 - Victorias City, Negros Occidental is composed of the followin",,,,Negros Occidental,Toboso,(LIST OF STREETS),ALL OTHER STREETS,5 Kms. to the Poblacion,I,Industrial,1400.0
raw,"RDO No. 76 - Victorias City, Negros Occidental is composed of the followin",,,,Negros Occidental,Toboso,(LIST OF STREETS),ALL OTHER STREETS,Beyond 5 Kms. From Pob.,I,Industrial,1300.0
raw,"RDO No. 76 - Victorias City, Negros Occidental is composed of the followin",,,,Negros Occidental,Toboso,(LIST OF STREETS),ALL OTHER STREETS,5 Kms. From Poblacion,I,Industrial,1300.0
raw,"RDO No. 76 - Victorias City, Negros Occidental is composed of the followin",,,,Negros Occidental,Toboso,(LIST OF STREETS),ALL OTHER STREETS,5 Kms. From Poblacion,A4,Agricultural - A4,30.0
raw,"RDO No. 76 - Victorias City, Negros Occidental is composed of the followin",,,,Negros Occidental,Toboso,(LIST OF STREETS),ALL OTHER STREETS,5 Kms. From Poblacion,A17,Agricultural - A17,55.0
raw,"RDO No. 76 - Victorias City, Negros Occidental is composed of the followin",,,,Negros Occidental,Toboso,(LIST OF STREETS),ALL OTHER STREETS,Mountainous/Hilly Areas,A49,Agricultural - A49,13.0
raw,"RDO No. 76 - Victorias City, Negros Occidental is composed of the followin",,,,Negros Occidental,Toboso,(LIST OF STREETS),ALL OTHER STREETS,Mountainous/Hilly Areas,GP,General Purpose,500.0
raw,"RDO No. 76 - Victorias City, Negros Occidental is composed of the followin",,,,Negros Occidental,Toboso,(LIST OF STREETS),ALL OTHERS - INTERIOR LOTS,Barangay Road,A1,Agricultural - A1,43.0
raw,"RDO No. 76 - Victorias City, Negros Occidental is composed of the followin",,,,Negros Occidental,Toboso,(LIST OF STREETS),ALL OTHERS - INTERIOR LOTS,Barangay Road,A2,Agricultural - A2,41.0
raw,"RDO No. 76 - Victorias City, Negros Occidental is composed of the followin",,,,Negros Occidental,Toboso,(LIST OF STREETS),ALL OTHERS - INTERIOR LOTS,Barangay Road,A3,Agricultural - A3,23.0
raw,"RDO No. 76 - Victorias City, Negros Occidental is composed of the followin",,,,Negros Occidental,Toboso,(LIST OF STREETS),ALL OTHERS - INTERIOR LOTS,Barangay Road,A4,Agricultural - A4,30.0
raw,"RDO No. 76 - Victorias City, Negros Occidental is composed of the followin",,,,Negros Occidental,Toboso,(LIST OF STREETS),ALL OTHERS - INTERIOR LOTS,Barangay Road,A6,Agricultural - A6,72.0
raw,"RDO No. 76 - Victorias City, Negros Occidental is composed of the followin",,,,Negros Occidental,Toboso,(LIST OF STREETS),ALL OTHERS - INTERIOR LOTS,Barangay Road,A8,Agricultural - A8,19.0
raw,"RDO No. 76 - Victorias City, Negros Occidental is composed of the followin",,,,Negros Occidental,Toboso,(LIST OF STREETS),ALL OTHERS - INTERIOR LOTS,Barangay Road,A10,Agricultural - A10,13.0
raw,"RDO No. 76 - Victorias City, Negros Occidental is composed of the followin",,,,Negros Occidental,Toboso,(LIST OF STREETS),ALL OTHERS - INTERIOR LOTS,Barangay Road,A12,Agricultural - A12,36.0
raw,"RDO No. 76 - Victorias City, Negros Occidental is composed of the followin",,,,Negros Occidental,Toboso,(LIST OF STREETS),ALL OTHERS - INTERIOR LOTS,Barangay Road,A14,Agricultural - A14,29.0
raw,"RDO No. 76 - Victorias City, Negros Occidental is composed of the followin",,,,Negros Occidental,Toboso,(LIST OF STREETS),ALL OTHERS - INTERIOR LOTS,Barangay Road,A16,Agricultural - A16,33.0
raw,"RDO No. 76 - Victorias City, Negros Occidental is composed of the followin",,,,Negros Occidental,Toboso,(LIST OF STREETS),ALL OTHERS - INTERIOR LOTS,Barangay Road,A17,Agricultural - A17,52.0
raw,"RDO No. 76 - Victorias City, Negros Occidental is composed of the followin",,,,Negros Occidental,Toboso,(LIST OF STREETS),ALL OTHERS - INTERIOR LOTS,Barangay Road,A24,Agricultural - A24,13.0
raw,"RDO No. 76 - Victorias City, Negros Occidental is composed of the followin",,,,Negros Occidental,Toboso,(LIST OF STREETS),ALL OTHERS - INTERIOR LOTS,Barangay Road,A26,Agricultural - A26,28.0
raw,"RDO No. 76 - Victorias City, Negros Occidental is composed of the followin",,,,Negros Occidental,Toboso,(LIST OF STREETS),ALL OTHERS - INTERIOR LOTS,Barangay Road,A31,Agricultural - A31,37.0
raw,"RDO No. 76 - Victorias City, Negros Occidental is composed of the followin",,,,Negros Occidental,Toboso,(LIST OF STREETS),ALL OTHERS - INTERIOR LOTS,Barangay Road,A32,Agricultural - A32,39.0
raw,"RDO No. 76 - Victorias City, Negros Occidental is composed of the followin",,,,Negros Occidental,Toboso,(LIST OF STREETS),ALL OTHERS - INTERIOR LOTS,Barangay Road,A36,Agricultural - A36,26.0
raw,"RDO No. 76 - Victorias City, Negros Occidental is composed of the followin",,,,Negros Occidental,Toboso,(LIST OF STREETS),ALL OTHERS - INTERIOR LOTS,Barangay Road,A37,Agricultural - A37,26.0
raw,"RDO No. 76 - Victorias City, Negros Occidental is composed of the followin",,,,Negros Occidental,Toboso,(LIST OF STREETS),ALL OTHERS - INTERIOR LOTS,Barangay Road,A38,Agricultural - A38,30.0
raw,"RDO No. 76 - Victorias City, Negros Occidental is composed of the followin",,,,Negros Occidental,Toboso,(LIST OF STREETS),BEDONIA ST,San Jose-Del Pilar,RR,Residential - Regular,1500.0
raw,"RDO No. 76 - Victorias City, Negros Occidental is composed of the followin",,,,Negros Occidental,Toboso,(LIST OF STREETS),BURGOS ST,San Jose-National Road,RR,Residential - Regular,1500.0
raw,"RDO No. 76 - Victorias City, Negros Occidental is composed of the followin",,,,Negros Occidental,Toboso,(LIST OF STREETS),BURGOS ST,National Rd-Tanon Strait,CR,Commercial - Regular,1900.0
raw,"RDO No. 76 - Victorias City, Negros Occidental is composed of the followin",,,,Negros Occidental,Toboso,(LIST OF STREETS),DEL PILAR ST,San Jose-National Road,RR,Residential - Regular,1500.0
raw,"RDO No. 76 - Victorias City, Negros Occidental is composed of the followin",,,,Negros Occidental,Toboso,(LIST OF STREETS),DEL PILAR ST,National Rd-Tanon Strait,CR,Commercial - Regular,2100.0
raw,"RDO No. 76 - Victorias City, Negros Occidental is composed of the followin",,,,Negros Occidental,Toboso,(LIST OF STREETS),ELARCOSA SUBD.,Mountainous/Hilly Areas,RR,Residential - Regular,1500.0
raw,"RDO No. 76 - Victorias City, Negros Occidental is composed of the followin",,,,Negros Occidental,Toboso,(LIST OF STREETS),LIBRE SUBDIVISION,Mountainous/Hilly Areas,RR,Residential - Regular,1200.0
raw,"RDO No. 76 - Victorias City, Negros Occidental is composed of the followin",,,,Negros Occidental,Toboso,(LIST OF STREETS),MABINI ST,Roxas-National Road,RR,Residential - Regular,1500.0
raw,"RDO No. 76 - Victorias City, Negros Occidental is composed of the followin",,,,Negros Occidental,Toboso,(LIST OF STREETS),MEDEQUISO SUBDIVISION,Mountainous/Hilly Areas,RR,Residential - Regular,1200.0
raw,"RDO No. 76 - Victorias City, Negros Occidental is composed of the followin",,,,Negros Occidental,Toboso,(LIST OF STREETS),MIAMI BEACH BLUE OCEAN,Barangay Road,A40,Agricultural - A40,1400.0
raw,"RDO No. 76 - Victorias City, Negros Occidental is composed of the followin",,,,Negros Occidental,Toboso,(LIST OF STREETS),MIAMI BEACH BLUE OCEAN,Resort-Developed,A40,Agricultural - A40,1000.0
raw,"RDO No. 76 - Victorias City, Negros Occidental is composed of the followin",,,,Negros Occidental,Toboso,(LIST OF STREETS),MIAMI BEACH BLUE OCEAN,Resort-Developed,A41,Agricultural - A41,13.0
raw,"RDO No. 76 - Victorias City, Negros Occidental is composed of the followin",,,,Negros Occidental,Toboso,(LIST OF STREETS),MIAMI BEACH BLUE OCEAN,Resort-Developed,A42,Agricultural - A42,65.0
raw,"RDO No. 76 - Victorias City, Negros Occidental is composed of the followin",,,,Negros Occidental,Toboso,(LIST OF STREETS),MIAMI BEACH BLUE OCEAN,Resort-Developed,A48,Agricultural - A48,32.0
raw,"RDO No. 76 - Victorias City, Negros Occidental is composed of the followin",,,,Negros Occidental,Toboso,(LIST OF STREETS),MIAMI BEACH BLUE OCEAN,Resort-Developed,A49,Agricultural - A49,13.0
raw,"RDO No. 76 - Victorias City, Negros Occidental is composed of the followin",,,,Negros Occidental,Toboso,(LIST OF STREETS),NATIONAL RD TO ESCALANTE,San Jose-National Road,RR,Residential - Regular,1500.0
raw,"RDO No. 76 - Victorias City, Negros Occidental is composed of the followin",,,,Negros Occidental,Toboso,(LIST OF STREETS),NATIONAL RD TO ESCALANTE,National Rd-Tanon Strait,CR,Commercial - Regular,2100.0
raw,"RDO No. 76 - Victorias City, Negros Occidental is composed of the followin",,,,Negros Occidental,Toboso,(LIST OF STREETS),NATIONAL ROAD,Tanon Strait to Cemetery,CR,Commercial - Regular,1800.0
raw,"RDO No. 76 - Victorias City, Negros Occidental is composed of the followin",,,,Negros Occidental,Toboso,(LIST OF STREETS),NATIONAL ROAD,National Road to San Carlos,CR,Commercial - Regular,2000.0
raw,"RDO No. 76 - Victorias City, Negros Occidental is composed of the followin",,,,Negros Occidental,Toboso,(LIST OF STREETS),NATIONAL ROAD,Del Pilar St. to Tanon Strait,CR,Commercial - Regular,1900.0
raw,"RDO No. 76 - Victorias City, Negros Occidental is composed of the followin",,,,Negros Occidental,Toboso,(LIST OF STREETS),NATIONAL ROAD,Lots Used For Industrial Purposes,I,Industrial,1500.0
raw,"RDO No. 76 - Victorias City, Negros Occidental is composed of the followin",,,,Negros Occidental,Toboso,(LIST OF STREETS),NATIONAL ROAD,Del Pilar-Cemetery,CR,Commercial - Regular,1800.0
raw,"RDO No. 76 - Victorias City, Negros Occidental is composed of the followin",,,,Negros Occidental,Toboso,(LIST OF STREETS),NATIONAL ROAD,Mabini-Maaswa,RR,Residential - Regular,1500.0
raw,"RDO No. 76 - Victorias City, Negros Occidental is composed of the followin",,,,Negros Occidental,Toboso,(LIST OF STREETS),NATIONAL ROAD TO SAN CARLOS,Del Pilar St. Dumdum Subd.,RR,Residential - Regular,1500.0
raw,"RDO No. 76 - Victorias City, Negros Occidental is composed of the followin",,,,Negros Occidental,Toboso,(LIST OF STREETS),NATIONAL ROAD TO SAN CARLOS,Along National Road,RR,Residential - Regular,1300.0
raw,"RDO No. 76 - Victorias City, Negros Occidental is composed of the followin",,,,Negros Occidental,Toboso,(LIST OF STREETS),NATIONAL ROAD TO SAN CARLOS,Tanon Strait-Cemetery,RR,Residential - Regular,1500.0
raw,"RDO No. 76 - Victorias City, Negros Occidental is composed of the followin",,,,Negros Occidental,Toboso,(LIST OF STREETS),POSA SUBDIVISION,Mountainous/Hilly Areas,RR,Residential - Regular,1200.0
raw,"RDO No. 76 - Victorias City, Negros Occidental is composed of the followin",,,,Negros Occidental,Toboso,(LIST OF STREETS),ROXAS ST,Mabini-National Road,RR,Residential - Regular,1400.0
raw,"RDO No. 76 - Victorias City, Negros Occidental is composed of the followin",,,,Negros Occidental,Toboso,(LIST OF STREETS),SAN JOSE ST,Bedonia-National Rd to Escalante,RR,Residential - Regular,1500.0
raw,"RDO No. 76 - Victorias City, Negros Occidental is composed of the followin",,,,Negros Occidental,Victorias,(LIST OF STREETS),ABELARDO BANTUG FOUNDATION/BANDONG VILLAGE,Lots within the subdivision (main road),RR,Residential - Regular,3000.0
raw,"RDO No. 76 - Victorias City, Negros Occidental is composed of the followin",,,,Negros Occidental,Victorias,(LIST OF STREETS),ABELARDO BANTUG FOUNDATION/BANDONG VILLAGE,Inside lot in the subdivision(middle portion),RR,Residential - Regular,2850.0
raw,"RDO No. 76 - Victorias City, Negros Occidental is composed of the followin",,,,Negros Occidental,Victorias,(LIST OF STREETS),ABELARDO BANTUG FOUNDATION/BANDONG VILLAGE,Interior lots of the subdivision (eroded portion),RR,Residential - Regular,1650.0
raw,"RDO No. 76 - Victorias City, Negros Occidental is composed of the followin",,,,Negros Occidental,Victorias,(LIST OF STREETS),ACTIVE CONSTRUCTION INC. PHASE I and PHASE II,Lots within the clubhouse near the entrance area,RR,Residential - Regular,3400.0
raw,"RDO No. 76 - Victorias City, Negros Occidental is composed of the followin",,,,Negros Occidental,Victorias,(LIST OF STREETS),ACTIVE CONSTRUCTION INC. PHASE I and PHASE II,Lots along the main road of the subd.,RR,Residential - Regular,3000.0
raw,"RDO No. 76 - Victorias City, Negros Occidental is composed of the followin",,,,Negros Occidental,Victorias,(LIST OF STREETS),ACTIVE CONSTRUCTION INC. PHASE I and PHASE II,Interior lots of the subd.,RR,Residential - Regular,2250.0
raw,"RDO No. 76 - Victorias City, Negros Occidental is composed of the followin",,,,Negros Occidental,Victorias,(LIST OF STREETS),AJINOMOTO AREA,Interior lots within the area,RR,Residential - Regular,1650.0
raw,"RDO No. 76 - Victorias City, Negros Occidental is composed of the followin",,,,Negros Occidental,Victorias,(LIST OF STREETS),ALL LOTS,VMC Dock,I,Industrial,3500.0
raw,"RDO No. 76 - Victorias City, Negros Occidental is composed of the followin",,,,Negros Occidental,Victorias,(LIST OF STREETS),ALL LOTS,VMC Dock,CR,Commercial - Regular,3700.0
raw,"RDO No. 76 - Victorias City, Negros Occidental is composed of the followin",,,,Negros Occidental,Victorias,(LIST OF STREETS),ALL LOTS,VMC Dock,GP,General Purpose,800.0
raw,"RDO No. 76 - Victorias City, Negros Occidental is composed of the followin",,,,Negros Occidental,Victorias,(LIST OF STREETS),ALL LOTS,Barangay Proper,RR,Residential - Regular,1650.0
raw,"RDO No. 76 - Victorias City, Negros Occidental is composed of the followin",,,,Negros Occidental,Victorias,(LIST OF STREETS),ALL LOTS,,RR,Residential - Regular,1200.0
raw,"RDO No. 76 - Victorias City, Negros Occidental is composed of the followin",,,,Negros Occidental,Victorias,(LIST OF STREETS),ALL LOTS,,A1,Agricultural - A1,72.0
raw,"RDO No. 76 - Victorias City, Negros Occidental is composed of the followin",,,,Negros Occidental,Victorias,(LIST OF STREETS),ALL LOTS,,A2,Agricultural - A2,38.0
raw,"RDO No. 76 - Victorias City, Negros Occidental is composed of the followin",,,,Negros Occidental,Victorias,(LIST OF STREETS),ALL LOTS,,A17,Agricultural - A17,82.0
raw,"RDO No. 76 - Victorias City, Negros Occidental is composed of the followin",,,,Negros Occidental,Victorias,(LIST OF STREETS),ALL LOTS,,CR,Commercial - Regular,3500.0
raw,"RDO No. 76 - Victorias City, Negros Occidental is composed of the followin",,,,Negros Occidental,Victorias,(LIST OF STREETS),ALL LOTS,,GP,General Purpose,800.0
raw,"RDO No. 76 - Victorias City, Negros Occidental is composed of the followin",,,,Negros Occidental,Victorias,(LIST OF STREETS),ALL LOTS,Comprise OF VMC LOTS,I,Industrial,3300.0
raw,"RDO No. 76 - Victorias City, Negros Occidental is composed of the followin",,,,Negros Occidental,Victorias,(LIST OF STREETS),ALL OTHER AGRICULTURAL LAND CLASSIFICATION,Interior lots within the subd.,A1,Agricultural - A1,72.0
raw,"RDO No. 76 - Victorias City, Negros Occidental is composed of the followin",,,,Negros Occidental,Victorias,(LIST OF STREETS),ALL OTHER AGRICULTURAL LAND CLASSIFICATION,Interior lots within the subd.,A2,Agricultural - A2,38.0
raw,"RDO No. 76 - Victorias City, Negros Occidental is composed of the followin",,,,Negros Occidental,Victorias,(LIST OF STREETS),ALL OTHER AGRICULTURAL LAND CLASSIFICATION,Interior lots within the subd.,A3,Agricultural - A3,30.0
raw,"RDO No. 76 - Victorias City, Negros Occidental is composed of the followin",,,,Negros Occidental,Victorias,(LIST OF STREETS),ALL OTHER AGRICULTURAL LAND CLASSIFICATION,Interior lots within the subd.,A4,Agricultural - A4,40.0
raw,"RDO No. 76 - Victorias City, Negros Occidental is composed of the followin",,,,Negros Occidental,Victorias,(LIST OF STREETS),ALL OTHER AGRICULTURAL LAND CLASSIFICATION,Interior lots within the subd.,A5,Agricultural - A5,51.0
raw,"RDO No. 76 - Victorias City, Negros Occidental is composed of the followin",,,,Negros Occidental,Victorias,(LIST OF STREETS),ALL OTHER AGRICULTURAL LAND CLASSIFICATION,Interior lots within the subd.,A6,Agricultural - A6,76.0
raw,"RDO No. 76 - Victorias City, Negros Occidental is composed of the followin",,,,Negros Occidental,Victorias,(LIST OF STREETS),ALL OTHER AGRICULTURAL LAND CLASSIFICATION,Interior lots within the subd.,A8,Agricultural - A8,24.0
raw,"RDO No. 76 - Victorias City, Negros Occidental is composed of the followin",,,,Negros Occidental,Victorias,(LIST OF STREETS),ALL OTHER AGRICULTURAL LAND CLASSIFICATION,Interior lots within the subd.,A9,Agricultural - A9,32.0
raw,"RDO No. 76 - Victorias City, Negros Occidental is composed of the followin",,,,Negros Occidental,Victorias,(LIST OF STREETS),ALL OTHER AGRICULTURAL LAND CLASSIFICATION,Interior lots within the subd.,A12,Agricultural - A12,48.0
raw,"RDO No. 76 - Victorias City, Negros Occidental is composed of the followin",,,,Negros Occidental,Victorias,(LIST OF STREETS),ALL OTHER AGRICULTURAL LAND CLASSIFICATION,Interior lots within the subd.,A14,Agricultural - A14,42.0
raw,"RDO No. 76 - Victorias City, Negros Occidental is composed of the followin",,,,Negros Occidental,Victorias,(LIST OF STREETS),ALL OTHER AGRICULTURAL LAND CLASSIFICATION,Interior lots within the subd.,A15,Agricultural - A15,36.0
raw,"RDO No. 76 - Victorias City, Negros Occidental is composed of the followin",,,,Negros Occidental,Victorias,(LIST OF STREETS),ALL OTHER AGRICULTURAL LAND CLASSIFICATION,Interior lots within the subd.,A16,Agricultural - A16,34.0
raw,"RDO No. 76 - Victorias City, Negros Occidental is composed of the followin",,,,Negros Occidental,Victorias,(LIST OF STREETS),ALL OTHER AGRICULTURAL LAND CLASSIFICATION,Interior lots within the subd.,A17,Agricultural - A17,82.0
raw,"RDO No. 76 - Victorias City, Negros Occidental is composed of the followin",,,,Negros Occidental,Victorias,(LIST OF STREETS),ALL OTHER AGRICULTURAL LAND CLASSIFICATION,Interior lots within the subd.,A19,Agricultural - A19,40.0
raw,"RDO No. 76 - Victorias City, Negros Occidental is composed of the followin",,,,Negros Occidental,Victorias,(LIST OF STREETS),ALL OTHER AGRICULTURAL LAND CLASSIFICATION,Interior lots within the subd.,A20,Agricultural - A20,72.0
raw,"RDO No. 76 - Victorias City, Negros Occidental is composed of the followin",,,,Negros Occidental,Victorias,(LIST OF STREETS),ALL OTHER AGRICULTURAL LAND CLASSIFICATION,Interior lots within the subd.,A21,Agricultural - A21,62.0
raw,"RDO No. 76 - Victorias City, Negros Occidental is composed of the followin",,,,Negros Occidental,Victorias,(LIST OF STREETS),ALL OTHER AGRICULTURAL LAND CLASSIFICATION,Interior lots within the subd.,A22,Agricultural - A22,46.0
raw,"RDO No. 76 - Victorias City, Negros Occidental is composed of the followin",,,,Negros Occidental,Victorias,(LIST OF STREETS),ALL OTHER AGRICULTURAL LAND CLASSIFICATION,Interior lots within the subd.,A23,Agricultural - A23,46.0
raw,"RDO No. 76 - Victorias City, Negros Occidental is composed of the followin",,,,Negros Occidental,Victorias,(LIST OF STREETS),ALL OTHER AGRICULTURAL LAND CLASSIFICATION,Interior lots within the subd.,A24,Agricultural - A24,20.0
raw,"RDO No. 76 - Victorias City, Negros Occidental is composed of the followin",,,,Negros Occidental,Victorias,(LIST OF STREETS),ALL OTHER AGRICULTURAL LAND CLASSIFICATION,Interior lots within the subd.,A26,Agricultural - A26,32.0
raw,"RDO No. 76 - Victorias City, Negros Occidental is composed of the followin",,,,Negros Occidental,Victorias,(LIST OF STREETS),ALL OTHER AGRICULTURAL LAND CLASSIFICATION,Interior lots within the subd.,A31,Agricultural - A31,14.0
raw,"RDO No. 76 - Victorias City, Negros Occidental is composed of the followin",,,,Negros Occidental,Victorias,(LIST OF STREETS),ALL OTHER AGRICULTURAL LAND CLASSIFICATION,Interior lots within the subd.,A32,Agricultural - A32,25.0
raw,"RDO No. 76 - Victorias City, Negros Occidental is composed of the followin",,,,Negros Occidental,Victorias,(LIST OF STREETS),ALL OTHER AGRICULTURAL LAND CLASSIFICATION,Interior lots within the subd.,A36,Agricultural - A36,40.0
raw,"RDO No. 76 - Victorias City, Negros Occidental is composed of the followin",,,,Negros Occidental,Victorias,(LIST OF STREETS),ALL OTHER AGRICULTURAL LAND CLASSIFICATION,Interior lots within the subd.,A37,Agricultural - A37,22.0
raw,"RDO No. 76 - Victorias City, Negros Occidental is composed of the followin",,,,Negros Occidental,Victorias,(LIST OF STREETS),ALL OTHER AGRICULTURAL LAND CLASSIFICATION,Interior lots within the subd.,A38,Agricultural - A38,20.0
raw,"RDO No. 76 - Victorias City, Negros Occidental is composed of the followin",,,,Negros Occidental,Victorias,(LIST OF STREETS),ALL OTHER AGRICULTURAL LAND CLASSIFICATION,Resorts Mountain / Beach,A40,Agricultural - A40,400.0
raw,"RDO No. 76 - Victorias City, Negros Occidental is composed of the followin",,,,Negros Occidental,Victorias,(LIST OF STREETS),ALL OTHER AGRICULTURAL LAND CLASSIFICATION,Resorts Mountain / Beach,A41,Agricultural - A41,32.0
raw,"RDO No. 76 - Victorias City, Negros Occidental is composed of the followin",,,,Negros Occidental,Victorias,(LIST OF STREETS),ALL OTHER AGRICULTURAL LAND CLASSIFICATION,Resorts Mountain / Beach,A42,Agricultural - A42,90.0
raw,"RDO No. 76 - Victorias City, Negros Occidental is composed of the followin",,,,Negros Occidental,Victorias,(LIST OF STREETS),ALL OTHER AGRICULTURAL LAND CLASSIFICATION,Resorts Mountain / Beach,A44,Agricultural - A44,20.0
raw,"RDO No. 76 - Victorias City, Negros Occidental is composed of the followin",,,,Negros Occidental,Victorias,(LIST OF STREETS),ALL OTHER AGRICULTURAL LAND CLASSIFICATION,Resorts Mountain / Beach,A50,Agricultural - A50,10.0
raw,"RDO No. 76 - Victorias City, Negros Occidental is composed of the followin",,,,Negros Occidental,Victorias,(LIST OF STREETS),ALL OTHER AGRICULTURAL LAND CLASSIFICATION,Floriculture,A50,Agricultural - A50,110.0
raw,"RDO No. 76 - Victorias City, Negros Occidental is composed of the followin",,,,Negros Occidental,Victorias,(LIST OF STREETS),ALL OTHER AGRICULTURAL LAND CLASSIFICATION,Game  / Breeding Farm,A50,Agricultural - A50,300.0
raw,"RDO No. 76 - Victorias City, Negros Occidental is composed of the followin",,,,Negros Occidental,Victorias,(LIST OF STREETS),ALL OTHER AGRICULTURAL LAND CLASSIFICATION,Livestock & Breeding Farm,A50,Agricultural - A50,300.0
raw,"RDO No. 76 - Victorias City, Negros Occidental is composed of the followin",,,,Negros Occidental,Victorias,(LIST OF STREETS),ALL OTHER AGRICULTURAL LAND CLASSIFICATION,Swine & Poultry Farm,A50,Agricultural - A50,300.0
raw,"RDO No. 76 - Victorias City, Negros Occidental is composed of the followin",,,,Negros Occidental,Victorias,(LIST OF STREETS),ALL OTHER AGRICULTURAL LAND CLASSIFICATION,Swine & Poultry Farm,I,Industrial,3300.0
raw,"RDO No. 76 - Victorias City, Negros Occidental is composed of the followin",,,,Negros Occidental,Victorias,(LIST OF STREETS),ALL OTHER LOTS,All lots of Toreno Heights - Phase II,A17,Agricultural - A17,82.0
raw,"RDO No. 76 - Victorias City, Negros Occidental is composed of the followin",,,,Negros Occidental,Victorias,(LIST OF STREETS),ALL OTHER STREETS,Interior lots of Pangarap Village (Brillantes),GP,General Purpose,800.0
raw,"RDO No. 76 - Victorias City, Negros Occidental is composed of the followin",,,,Negros Occidental,Victorias,(LIST OF STREETS),ALL OTHER STREETS,Lower portion of Quezon St.,GP,General Purpose,800.0
raw,"RDO No. 76 - Victorias City, Negros Occidental is composed of the followin",,,,Negros Occidental,Victorias,(LIST OF STREETS),ALL OTHER STREETS,Lots along Arnaez Street (both sides),A8,Agricultural - A8,24.0
raw,"RDO No. 76 - Victorias City, Negros Occidental is composed of the followin",,,,Negros Occidental,Victorias,(LIST OF STREETS),ALL OTHER STREETS,Lots along Arnaez Street (both sides),GP,General Purpose,800.0
raw,"RDO No. 76 - Victorias City, Negros Occidental is composed of the followin",,,,Negros Occidental,Victorias,(LIST OF STREETS),ALL OTHER STREETS,cor BCD to cor Quezon St. (both sides),GP,General Purpose,800.0
raw,"RDO No. 76 - Victorias City, Negros Occidental is composed of the followin",,,,Negros Occidental,Victorias,(LIST OF STREETS),ALL OTHER STREETS,Lots within the subd. (Interior Road),GP,General Purpose,800.0
raw,"RDO No. 76 - Victorias City, Negros Occidental is composed of the followin",,,,Negros Occidental,Victorias,(LIST OF STREETS),ALL OTHER STREETS,Lots devoted to fishpond,GP,General Purpose,800.0
raw,"RDO No. 76 - Victorias City, Negros Occidental is composed of the followin",,,,Negros Occidental,Victorias,(LIST OF STREETS),ARDOSA ST.,Lower portion of Quezon St.,RR,Residential - Regular,2250.0
raw,"RDO No. 76 - Victorias City, Negros Occidental is composed of the followin",,,,Negros Occidental,Victorias,(LIST OF STREETS),ARNAEZ STREET,Lots along Arnaez Street (both sides),CR,Commercial - Regular,6300.0
raw,"RDO No. 76 - Victorias City, Negros Occidental is composed of the followin",,,,Negros Occidental,Victorias,(LIST OF STREETS),ASCALON ST,Lots along Ascalon Street,CR,Commercial - Regular,6000.0
raw,"RDO No. 76 - Victorias City, Negros Occidental is composed of the followin",,,,Negros Occidental,Victorias,(LIST OF STREETS),Along National Highway            PALANCA VILLAGE,Lots from Roman Catholic Cemetery to East bound to Manapla,CR,Commercial - Regular,5800.0
raw,"RDO No. 76 - Victorias City, Negros Occidental is composed of the followin",,,,Negros Occidental,Victorias,(LIST OF STREETS),Along National Highway            PALANCA VILLAGE,Interior Lots within Palanca Village,RR,Residential - Regular,1650.0
raw,"RDO No. 76 - Victorias City, Negros Occidental is composed of the followin",,,,Negros Occidental,Victorias,(LIST OF STREETS),BANGGA DAAN,Interior Lots,RR,Residential - Regular,2175.0
raw,"RDO No. 76 - Victorias City, Negros Occidental is composed of the followin",,,,Negros Occidental,Victorias,(LIST OF STREETS),BAT-US AREA,Interior Lots within Sitio Bat-us,RR,Residential - Regular,2100.0
raw,"RDO No. 76 - Victorias City, Negros Occidental is composed of the followin",,,,Negros Occidental,Victorias,(LIST OF STREETS),BONIFACIO ST,All lots of Bonifacio Street (both sides),RR,Residential - Regular,2250.0
raw,"RDO No. 76 - Victorias City, Negros Occidental is composed of the followin",,,,Negros Occidental,Victorias,(LIST OF STREETS),CANETOWN SUBD.,Lots covered by Phase III (inner mercedes st to Immaculate Concepcion Church),RR,Residential - Regular,2700.0
raw,"RDO No. 76 - Victorias City, Negros Occidental is composed of the followin",,,,Negros Occidental,Victorias,(LIST OF STREETS),CANETOWN SUBD.,Lots covered by Phase II,RR,Residential - Regular,2250.0
raw,"RDO No. 76 - Victorias City, Negros Occidental is composed of the followin",,,,Negros Occidental,Victorias,(LIST OF STREETS),CANETOWN SUBD.,Lots covered by Phase I (within the entrance of the subd.,RR,Residential - Regular,2100.0
raw,"RDO No. 76 - Victorias City, Negros Occidental is composed of the followin",,,,Negros Occidental,Victorias,(LIST OF STREETS),CANETOWN SUBD.,Lots covered by Phase I (within the entrance of the subd.,CR,Commercial - Regular,3500.0
raw,"RDO No. 76 - Victorias City, Negros Occidental is composed of the followin",,,,Negros Occidental,Victorias,(LIST OF STREETS),CANETOWN SUBD.,Lots covered by Phase I (within the entrance of the subd.,GP,General Purpose,800.0
raw,"RDO No. 76 - Victorias City, Negros Occidental is composed of the followin",,,,Negros Occidental,Victorias,(LIST OF STREETS),CASAÑARES ST,Lots along Casañares St. (within City Proper),RR,Residential - Regular,2250.0
raw,"RDO No. 76 - Victorias City, Negros Occidental is composed of the followin",,,,Negros Occidental,Victorias,(LIST OF STREETS),CASAÑARES ST,Lots along Casañares St.,RR,Residential - Regular,2250.0
raw,"RDO No. 76 - Victorias City, Negros Occidental is composed of the followin",,,,Negros Occidental,Victorias,(LIST OF STREETS),CASAÑARES ST,Cor. Gonzaga-Casanares Sts.,CR,Commercial - Regular,5000.0
raw,"RDO No. 76 - Victorias City, Negros Occidental is composed of the followin",,,,Negros Occidental,Victorias,(LIST OF STREETS),DAAN BANUA,Barangay Proper,RR,Residential - Regular,1850.0
raw,"RDO No. 76 - Victorias City, Negros Occidental is composed of the followin",,,,Negros Occidental,Victorias,(LIST OF STREETS),DE LEON ST,Lots along De Leon Street to corner Ardosa Blk 15 & 16,CR,Commercial - Regular,6000.0
raw,"RDO No. 76 - Victorias City, Negros Occidental is composed of the followin",,,,Negros Occidental,Victorias,(LIST OF STREETS),DE LEON ST,From corner Ardosa to Quezon Blk 5 & 20,RR,Residential - Regular,2500.0
raw,"RDO No. 76 - Victorias City, Negros Occidental is composed of the followin",,,,Negros Occidental,Victorias,(LIST OF STREETS),DITCHING ST,All lots of Ditching Street (both sides),RR,Residential - Regular,2250.0
raw,"RDO No. 76 - Victorias City, Negros Occidental is composed of the followin",,,,Negros Occidental,Victorias,(LIST OF STREETS),DITCHING SUBDIVISION,Lots within the subdivision (Along the National Road),RR,Residential - Regular,3225.0
raw,"RDO No. 76 - Victorias City, Negros Occidental is composed of the followin",,,,Negros Occidental,Victorias,(LIST OF STREETS),DITCHING SUBDIVISION,Lots within the subd. (Along the Subdivision Road),RR,Residential - Regular,2550.0
raw,"RDO No. 76 - Victorias City, Negros Occidental is composed of the followin",,,,Negros Occidental,Victorias,(LIST OF STREETS),DITCHING SUBDIVISION,Lots within the subd. (Interior Road),RR,Residential - Regular,2250.0
raw,"RDO No. 76 - Victorias City, Negros Occidental is composed of the followin",,,,Negros Occidental,Victorias,(LIST OF STREETS),DREAM VILLAGE,Lots with higher portion (along prov'l road),RR,Residential - Regular,3350.0
raw,"RDO No. 76 - Victorias City, Negros Occidental is composed of the followin",,,,Negros Occidental,Victorias,(LIST OF STREETS),DREAM VILLAGE,Lots within the main road,RR,Residential - Regular,3000.0
raw,"RDO No. 76 - Victorias City, Negros Occidental is composed of the followin",,,,Negros Occidental,Victorias,(LIST OF STREETS),DREAM VILLAGE,Interior lots within the subdivision,RR,Residential - Regular,2100.0
raw,"RDO No. 76 - Victorias City, Negros Occidental is composed of the followin",,,,Negros Occidental,Victorias,(LIST OF STREETS),DREAM VILLAGE,Interior lots within the subdivision,CR,Commercial - Regular,3500.0
raw,"RDO No. 76 - Victorias City, Negros Occidental is composed of the followin",,,,Negros Occidental,Victorias,(LIST OF STREETS),DREAM VILLAGE,Interior lots within the subdivision,GP,General Purpose,800.0
raw,"RDO No. 76 - Victorias City, Negros Occidental is composed of the followin",,,,Negros Occidental,Victorias,(LIST OF STREETS),ESTRELLA VILLAGE,Interior Lots within this area,RR,Residential - Regular,1950.0
raw,"RDO No. 76 - Victorias City, Negros Occidental is composed of the followin",,,,Negros Occidental,Victorias,(LIST OF STREETS),FERMIN ST,All lots of Fermin Street (both sides),RR,Residential - Regular,2250.0
raw,"RDO No. 76 - Victorias City, Negros Occidental is composed of the followin",,,,Negros Occidental,Victorias,(LIST OF STREETS),FERMONT VILLAGE,Interior Lots at Fermont,RR,Residential - Regular,2325.0
raw,"RDO No. 76 - Victorias City, Negros Occidental is composed of the followin",,,,Negros Occidental,Victorias,(LIST OF STREETS),GLORYVILLE SUBD,Lots within the trading area,RR,Residential - Regular,3350.0
raw,"RDO No. 76 - Victorias City, Negros Occidental is composed of the followin",,,,Negros Occidental,Victorias,(LIST OF STREETS),GLORYVILLE SUBD,Lots within the main road,RR,Residential - Regular,3000.0
raw,"RDO No. 76 - Victorias City, Negros Occidental is composed of the followin",,,,Negros Occidental,Victorias,(LIST OF STREETS),GLORYVILLE SUBD,Interior lots within the subd.,RR,Residential - Regular,2200.0
raw,"RDO No. 76 - Victorias City, Negros Occidental is composed of the followin",,,,Negros Occidental,Victorias,(LIST OF STREETS),GONZAGA ST,From corner Casanares to Cor. Ascalon,RR,Residential - Regular,2500.0
raw,"RDO No. 76 - Victorias City, Negros Occidental is composed of the followin",,,,Negros Occidental,Victorias,(LIST OF STREETS),GONZAGA ST,100 meters away from highway,CR,Commercial - Regular,5500.0
raw,"RDO No. 76 - Victorias City, Negros Occidental is composed of the followin",,,,Negros Occidental,Victorias,(LIST OF STREETS),GONZAGA ST.,Portion of Azcalon and Ardosa St.,RR,Residential - Regular,2700.0
raw,"RDO No. 76 - Victorias City, Negros Occidental is composed of the followin",,,,Negros Occidental,Victorias,(LIST OF STREETS),GUINPANA-AN CREEK TO MANAPLA BOUNDARY,Along National Highway,CR,Commercial - Regular,5800.0
raw,"RDO No. 76 - Victorias City, Negros Occidental is composed of the followin",,,,Negros Occidental,Victorias,(LIST OF STREETS),JALANDONI ST,Lots along Jalandoni Street,CR,Commercial - Regular,6300.0
raw,"RDO No. 76 - Victorias City, Negros Occidental is composed of the followin",,,,Negros Occidental,Victorias,(LIST OF STREETS),JOVER ST,Lots along Jover Street to corner Ardosa Blk 16,CR,Commercial - Regular,8500.0
raw,"RDO No. 76 - Victorias City, Negros Occidental is composed of the followin",,,,Negros Occidental,Victorias,(LIST OF STREETS),JOVER ST,Corner Ardosa to orner Quezon St. Blk 3,RR,Residential - Regular,2500.0
raw,"RDO No. 76 - Victorias City, Negros Occidental is composed of the followin",,,,Negros Occidental,Victorias,(LIST OF STREETS),KADALAG-AN VILLAGE,Lots along recreational area,RR,Residential - Regular,3350.0
raw,"RDO No. 76 - Victorias City, Negros Occidental is composed of the followin",,,,Negros Occidental,Victorias,(LIST OF STREETS),KADALAG-AN VILLAGE,Lots within the main road,RR,Residential - Regular,3000.0
raw,"RDO No. 76 - Victorias City, Negros Occidental is composed of the followin",,,,Negros Occidental,Victorias,(LIST OF STREETS),KADALAG-AN VILLAGE,Interior lots within the subd.,RR,Residential - Regular,2200.0
raw,"RDO No. 76 - Victorias City, Negros Occidental is composed of the followin",,,,Negros Occidental,Victorias,(LIST OF STREETS),LOPEZ STREET,Both sides of Lopez St.,RR,Residential - Regular,2250.0
raw,"RDO No. 76 - Victorias City, Negros Occidental is composed of the followin",,,,Negros Occidental,Victorias,(LIST OF STREETS),LOPEZ SUBDIVISION,All Lots within subd.,RR,Residential - Regular,2250.0
raw,"RDO No. 76 - Victorias City, Negros Occidental is composed of the followin",,,,Negros Occidental,Victorias,(LIST OF STREETS),LOPEZ SUBDIVISION,From Gen. Miguel Malvar St. to Sikatuna St.,RR,Residential - Regular,1500.0
raw,"RDO No. 76 - Victorias City, Negros Occidental is composed of the followin",,,,Negros Occidental,Victorias,(LIST OF STREETS),LOPEZ SUBDIVISION,From McArthur St. to Gen. Miguel Malvar St.,RR,Residential - Regular,1500.0
raw,"RDO No. 76 - Victorias City, Negros Occidental is composed of the followin",,,,Negros Occidental,Victorias,(LIST OF STREETS),LOPEZ SUBDIVISION,Portion of Lopez Subdivision (one side),RR,Residential - Regular,2250.0
raw,"RDO No. 76 - Victorias City, Negros Occidental is composed of the followin",,,,Negros Occidental,Victorias,(LIST OF STREETS),MAGSAYSAY ST,cor BCD to cor Quezon St. (both sides),CR,Commercial - Regular,6000.0
raw,"RDO No. 76 - Victorias City, Negros Occidental is composed of the followin",,,,Negros Occidental,Victorias,(LIST OF STREETS),MAGSAYSAY ST,Corner Magsaysay & corner Quirino St.,RR,Residential - Regular,2250.0
raw,"RDO No. 76 - Victorias City, Negros Occidental is composed of the followin",,,,Negros Occidental,Victorias,(LIST OF STREETS),MIRAFLORES ST,Portion of Montinola St. to Sitio Bat-us,CR,Commercial - Regular,5300.0
raw,"RDO No. 76 - Victorias City, Negros Occidental is composed of the followin",,,,Negros Occidental,Victorias,(LIST OF STREETS),MONTINOLA ST,From National Highway to Miraflores St. (New),CR,Commercial - Regular,5600.0
raw,"RDO No. 76 - Victorias City, Negros Occidental is composed of the followin",,,,Negros Occidental,Victorias,(LIST OF STREETS),MONTINOLA ST,From Malvar St. & sikatuna St side (New),RR,Residential - Regular,2800.0
raw,"RDO No. 76 - Victorias City, Negros Occidental is composed of the followin",,,,Negros Occidental,Victorias,(LIST OF STREETS),MONTINOLA ST,From Miraflores St. to McArthur St. - Yap quina Subd. Side,RR,Residential - Regular,1500.0
raw,"RDO No. 76 - Victorias City, Negros Occidental is composed of the followin",,,,Negros Occidental,Victorias,(LIST OF STREETS),MONTINOLA ST.,From National Highway to Yap Quina St. (Police Station),CR,Commercial - Regular,5600.0
raw,"RDO No. 76 - Victorias City, Negros Occidental is composed of the followin",,,,Negros Occidental,Victorias,(LIST OF STREETS),OSMEÑA AVENUE,LOTS ALONG NATIONAL HIGHWAY,CR,Commercial - Regular,6000.0
raw,"RDO No. 76 - Victorias City, Negros Occidental is composed of the followin",,,,Negros Occidental,Victorias,(LIST OF STREETS),OSMEÑA AVENUE,LOTS ALONG NATIONAL HIGHWAY (from RD Pawnshop to 7-11)),CR,Commercial - Regular,8500.0
raw,"RDO No. 76 - Victorias City, Negros Occidental is composed of the followin",,,,Negros Occidental,Victorias,(LIST OF STREETS),OSMEÑA AVENUE,LOTS ALONG NATIONAL HIGHWAY (from Gonzaga St.- Caltex to De Leon St.-Mylenes Corner),CR,Commercial - Regular,6000.0
raw,"RDO No. 76 - Victorias City, Negros Occidental is composed of the followin",,,,Negros Occidental,Victorias,(LIST OF STREETS),OSMEÑA AVENUE,LOTS ALONG NATIONAL HIGHWAY,CR,Commercial - Regular,8500.0
raw,"RDO No. 76 - Victorias City, Negros Occidental is composed of the followin",,,,Negros Occidental,Victorias,(LIST OF STREETS),OSMEÑA AVENUE,ALONG NATIONAL HIGHWAY (corner Magsaysay & Quezon Sts),CR,Commercial - Regular,8500.0
raw,"RDO No. 76 - Victorias City, Negros Occidental is composed of the followin",,,,Negros Occidental,Victorias,(LIST OF STREETS),OSMEÑA AVENUE,ALONG NATIONAL HIGHWAY (corner Magsaysay St. to Quirino St.)),CR,Commercial - Regular,8500.0
raw,"RDO No. 76 - Victorias City, Negros Occidental is composed of the followin",,,,Negros Occidental,Victorias,(LIST OF STREETS),OSMEÑA AVENUE,ALONG NATIONAL HIGHWAY (corner Roxas St. to Guinpanaan Creek),CR,Commercial - Regular,6000.0
raw,"RDO No. 76 - Victorias City, Negros Occidental is composed of the followin",,,,Negros Occidental,Victorias,(LIST OF STREETS),OSMEÑA AVENUE,ALONG NATIONAL HIGHWAY (Rainbow Mall Bldg to Sta. Ana Proper),CR,Commercial - Regular,8500.0
raw,"RDO No. 76 - Victorias City, Negros Occidental is composed of the followin",,,,Negros Occidental,Victorias,(LIST OF STREETS),PANGARAP VILLAGE,Interior lots of Pangarap Village (Brillantes),RR,Residential - Regular,2175.0
raw,"RDO No. 76 - Victorias City, Negros Occidental is composed of the followin",,,,Negros Occidental,Victorias,(LIST OF STREETS),PINANUBOL AREA,Interior Lots within this area,RR,Residential - Regular,2100.0
raw,"RDO No. 76 - Victorias City, Negros Occidental is composed of the followin",,,,Negros Occidental,Victorias,(LIST OF STREETS),QUEZON ST,portion of Quezon Street (lower portion),RR,Residential - Regular,2250.0
raw,"RDO No. 76 - Victorias City, Negros Occidental is composed of the followin",,,,Negros Occidental,Victorias,(LIST OF STREETS),QUIRINO ST,All lots of Quirino Street (both sides),RR,Residential - Regular,2250.0
raw,"RDO No. 76 - Victorias City, Negros Occidental is composed of the followin",,,,Negros Occidental,Victorias,(LIST OF STREETS),RIZAL ST,Lots along Rizal Street (both sides),RR,Residential - Regular,2250.0
raw,"RDO No. 76 - Victorias City, Negros Occidental is composed of the followin",,,,Negros Occidental,Victorias,(LIST OF STREETS),ROXAS ST,All lots of Roxas Street (both sides),RR,Residential - Regular,2250.0
raw,"RDO No. 76 - Victorias City, Negros Occidental is composed of the followin",,,,Negros Occidental,Victorias,(LIST OF STREETS),SALVACION VILLAGE,Interior Lots within this area,RR,Residential - Regular,2100.0
raw,"RDO No. 76 - Victorias City, Negros Occidental is composed of the followin",,,,Negros Occidental,Victorias,(LIST OF STREETS),SOLA FISHPOND  (HECTARS) 1ST CLASS,Lots devoted to fishpond,A6,Agricultural - A6,76.0
raw,"RDO No. 76 - Victorias City, Negros Occidental is composed of the followin",,,,Negros Occidental,Victorias,(LIST OF STREETS),ST. MARTIN SUBD./BANTUG SUBD.,Interior lots within the subd.,RR,Residential - Regular,2000.0
raw,"RDO No. 76 - Victorias City, Negros Occidental is composed of the followin",,,,Negros Occidental,Victorias,(LIST OF STREETS),ST. MARTIN SUBD./BANTUG SUBD.,Interior lots within the subd.,A1,Agricultural - A1,72.0
raw,"RDO No. 76 - Victorias City, Negros Occidental is composed of the followin",,,,Negros Occidental,Victorias,(LIST OF STREETS),ST. MARTIN SUBD./BANTUG SUBD.,Interior lots within the subd.,A2,Agricultural - A2,38.0
raw,"RDO No. 76 - Victorias City, Negros Occidental is composed of the followin",,,,Negros Occidental,Victorias,(LIST OF STREETS),ST. MARTIN SUBD./BANTUG SUBD.,Interior lots within the subd.,A17,Agricultural - A17,82.0
raw,"RDO No. 76 - Victorias City, Negros Occidental is composed of the followin",,,,Negros Occidental,Victorias,(LIST OF STREETS),SUAREZ FISHPOND (HECTARS) 1ST CLASS,Lots devoted to fishpond,A6,Agricultural - A6,76.0
raw,"RDO No. 76 - Victorias City, Negros Occidental is composed of the followin",,,,Negros Occidental,Victorias,(LIST OF STREETS),TEACHERS VILLAGE,Lots within the Village,RR,Residential - Regular,1950.0
raw,"RDO No. 76 - Victorias City, Negros Occidental is composed of the followin",,,,Negros Occidental,Victorias,(LIST OF STREETS),TERRAVILLE SUBD.,Lot along the main road of the subd./prime lots,RR,Residential - Regular,3400.0
raw,"RDO No. 76 - Victorias City, Negros Occidental is composed of the followin",,,,Negros Occidental,Victorias,(LIST OF STREETS),TERRAVILLE SUBD.,Interior lots within the subd.,RR,Residential - Regular,2400.0
raw,"RDO No. 76 - Victorias City, Negros Occidental is composed of the followin",,,,Negros Occidental,Victorias,(LIST OF STREETS),TERRAVILLE SUBD.,Interior lots within the subd.,A1,Agricultural - A1,72.0
raw,"RDO No. 76 - Victorias City, Negros Occidental is composed of the followin",,,,Negros Occidental,Victorias,(LIST OF STREETS),TERRAVILLE SUBD.,Interior lots within the subd.,A2,Agricultural - A2,38.0
raw,"RDO No. 76 - Victorias City, Negros Occidental is composed of the followin",,,,Negros Occidental,Victorias,(LIST OF STREETS),TERRAVILLE SUBD.,Interior lots within the subd.,A17,Agricultural - A17,82.0
raw,"RDO No. 76 - Victorias City, Negros Occidental is composed of the followin",,,,Negros Occidental,Victorias,(LIST OF STREETS),TERRAVILLE SUBD.,Interior lots within the subd.,A50,Agricultural - A50,10.0
raw,"RDO No. 76 - Victorias City, Negros Occidental is composed of the followin",,,,Negros Occidental,Victorias,(LIST OF STREETS),TERRAVILLE SUBD.,Interior lots within the subd.,CR,Commercial - Regular,3500.0
raw,"RDO No. 76 - Victorias City, Negros Occidental is composed of the followin",,,,Negros Occidental,Victorias,(LIST OF STREETS),TERRAVILLE SUBD.,Interior lots within the subd.,GP,General Purpose,800.0
raw,"RDO No. 76 - Victorias City, Negros Occidental is composed of the followin",,,,Negros Occidental,Victorias,(LIST OF STREETS),TORENO HEIGHTS,All lots at Toreno Heights - Phase I (with complete amenities/entrance area),RR,Residential - Regular,2700.0
raw,"RDO No. 76 - Victorias City, Negros Occidental is composed of the followin",,,,Negros Occidental,Victorias,(LIST OF STREETS),TORENO HEIGHTS,Interior lots within the subd.,RR,Residential - Regular,2200.0
raw,"RDO No. 76 - Victorias City, Negros Occidental is composed of the followin",,,,Negros Occidental,Victorias,(LIST OF STREETS),TORENO HEIGHTS,Interior lots within the subd.,A17,Agricultural - A17,82.0
raw,"RDO No. 76 - Victorias City, Negros Occidental is composed of the followin",,,,Negros Occidental,Victorias,(LIST OF STREETS),TORENO HEIGHTS,Interior lots within the subd.,CR,Commercial - Regular,4000.0
raw,"RDO No. 76 - Victorias City, Negros Occidental is composed of the followin",,,,Negros Occidental,Victorias,(LIST OF STREETS),TORENO HEIGHTS,Interior lots within the subd.,GP,General Purpose,950.0
raw,"RDO No. 76 - Victorias City, Negros Occidental is composed of the followin",,,,Negros Occidental,Victorias,(LIST OF STREETS),TORENO HEIGHTS SUBD.,All lots of Toreno Heights - Phase II,RR,Residential - Regular,1950.0
raw,"RDO No. 76 - Victorias City, Negros Occidental is composed of the followin",,,,Negros Occidental,Victorias,(LIST OF STREETS),UBAS SUBD.,Lots within the main road,RR,Residential - Regular,3000.0
raw,"RDO No. 76 - Victorias City, Negros Occidental is composed of the followin",,,,Negros Occidental,Victorias,(LIST OF STREETS),UBAS SUBD.,Interior lots within the subd.,RR,Residential - Regular,2250.0
raw,"RDO No. 76 - Victorias City, Negros Occidental is composed of the followin",,,,Negros Occidental,Victorias,(LIST OF STREETS),YAP QUINA SUBD.,Interior lots within the subd.,RR,Residential - Regular,2250.0
raw,"RDO No. 76 - Victorias City, Negros Occidental is composed of the followin",,,,Negros Occidental,Victorias,(LIST OF STREETS),YAP QUINA SUBD.,Lots within the trading center/prime lots,RR,Residential - Regular,3000.0
raw,"RDO No. 76 - Victorias City, Negros Occidental is composed of the followin",,,,Negros Occidental,Victorias,(LIST OF STREETS),YAP QUIÑA ST,Corner VNHS & corner Magsaysay St.,RR,Residential - Regular,2250.0
