region,rdo,do_no,effectivity,revision,province,city,barangay,street,vicinity,classification,class_name,value_sqm
raw,"RDO No. 93A - Zamboanga City and RDO No. 93B - Zamboanga, Sibugay.",,,,ZAMBOANGA DEL SUR,OF ZAMBOANGA,ARENA BLANCO,ALL LOTS,,CR,Commercial - Regular,350.0
raw,"RDO No. 93A - Zamboanga City and RDO No. 93B - Zamboanga, Sibugay.",,,,ZAMBOANGA DEL SUR,OF ZAMBOANGA,ARENA BLANCO,ALL LOTS,,RR,Residential - Regular,175.0
raw,"RDO No. 93A - Zamboanga City and RDO No. 93B - Zamboanga, Sibugay.",,,,ZAMBOANGA DEL SUR,OF ZAMBOANGA,ARENA BLANCO,ALL LOTS,,GP,General Purpose,70.0
raw,"RDO No. 93A - Zamboanga City and RDO No. 93B - Zamboanga, Sibugay.",,,,ZAMBOANGA DEL SUR,OF ZAMBOANGA,ARENA BLANCO,ALL LOTS,,A50,Agricultural - A50,12.0
raw,"RDO No. 93A - Zamboanga City and RDO No. 93B - Zamboanga, Sibugay.",,,,ZAMBOANGA DEL SUR,OF ZAMBOANGA,ARENA BLANCO,ALL LOTS,INTERIOR LOT,RR,Residential - Regular,95.0
raw,"RDO No. 93A - Zamboanga City and RDO No. 93B - Zamboanga, Sibugay.",,,,ZAMBOANGA DEL SUR,OF ZAMBOANGA,ARENA BLANCO,ALL LOTS,,CR,Commercial - Regular,350.0
raw,"RDO No. 93A - Zamboanga City and RDO No. 93B - Zamboanga, Sibugay.",,,,ZAMBOANGA DEL SUR,OF ZAMBOANGA,ARENA BLANCO,ALL LOTS,,RR,Residential - Regular,175.0
raw,"RDO No. 93A - Zamboanga City and RDO No. 93B - Zamboanga, Sibugay.",,,,ZAMBOANGA DEL SUR,OF ZAMBOANGA,ARENA BLANCO,ALL LOTS,,GP,General Purpose,70.0
raw,"RDO No. 93A - Zamboanga City and RDO No. 93B - Zamboanga, Sibugay.",,,,ZAMBOANGA DEL SUR,OF ZAMBOANGA,ARENA BLANCO,ALL LOTS,,A50,Agricultural - A50,12.0
raw,"RDO No. 93A - Zamboanga City and RDO No. 93B - Zamboanga, Sibugay.",,,,ZAMBOANGA DEL SUR,OF ZAMBOANGA,ARENA BLANCO,ALL LOTS,INTERIOR LOT,RR,Residential - Regular,95.0
raw,"RDO No. 93A - Zamboanga City and RDO No. 93B - Zamboanga, Sibugay.",,,,ZAMBOANGA DEL SUR,OF ZAMBOANGA,AYALA,ALL OTHER SUBDIVISION,INTERIOR LOT,RR,Residential - Regular,550.0
raw,"RDO No. 93A - Zamboanga City and RDO No. 93B - Zamboanga, Sibugay.",,,,ZAMBOANGA DEL SUR,OF ZAMBOANGA,AYALA,ALL OTHER SUBDIVISION,INTERIOR LOT,RR,Residential - Regular,550.0
raw,"RDO No. 93A - Zamboanga City and RDO No. 93B - Zamboanga, Sibugay.",,,,ZAMBOANGA DEL SUR,OF ZAMBOANGA,AYALA,ALL STREETS,,CR,Commercial - Regular,1750.0
raw,"RDO No. 93A - Zamboanga City and RDO No. 93B - Zamboanga, Sibugay.",,,,ZAMBOANGA DEL SUR,OF ZAMBOANGA,AYALA,ALL STREETS,,RR,Residential - Regular,575.0
raw,"RDO No. 93A - Zamboanga City and RDO No. 93B - Zamboanga, Sibugay.",,,,ZAMBOANGA DEL SUR,OF ZAMBOANGA,AYALA,ALL STREETS,,I,Industrial,745.0
raw,"RDO No. 93A - Zamboanga City and RDO No. 93B - Zamboanga, Sibugay.",,,,ZAMBOANGA DEL SUR,OF ZAMBOANGA,AYALA,ALL STREETS,,A50,Agricultural - A50,19.0
raw,"RDO No. 93A - Zamboanga City and RDO No. 93B - Zamboanga, Sibugay.",,,,ZAMBOANGA DEL SUR,OF ZAMBOANGA,AYALA,ALL STREETS,INTERIOR LOT,RR,Residential - Regular,263.0
raw,"RDO No. 93A - Zamboanga City and RDO No. 93B - Zamboanga, Sibugay.",,,,ZAMBOANGA DEL SUR,OF ZAMBOANGA,AYALA,ALL STREETS,,CR,Commercial - Regular,1750.0
raw,"RDO No. 93A - Zamboanga City and RDO No. 93B - Zamboanga, Sibugay.",,,,ZAMBOANGA DEL SUR,OF ZAMBOANGA,AYALA,ALL STREETS,,RR,Residential - Regular,575.0
raw,"RDO No. 93A - Zamboanga City and RDO No. 93B - Zamboanga, Sibugay.",,,,ZAMBOANGA DEL SUR,OF ZAMBOANGA,AYALA,ALL STREETS,,I,Industrial,745.0
raw,"RDO No. 93A - Zamboanga City and RDO No. 93B - Zamboanga, Sibugay.",,,,ZAMBOANGA DEL SUR,OF ZAMBOANGA,AYALA,ALL STREETS,,A50,Agricultural - A50,19.0
raw,"RDO No. 93A - Zamboanga City and RDO No. 93B - Zamboanga, Sibugay.",,,,ZAMBOANGA DEL SUR,OF ZAMBOANGA,AYALA,ALL STREETS,INTERIOR LOT,RR,Residential - Regular,263.0
raw,"RDO No. 93A - Zamboanga City and RDO No. 93B - Zamboanga, Sibugay.",,,,ZAMBOANGA DEL SUR,OF ZAMBOANGA,AYALA,BLUE VISTA SUBDIVISION,INTERIOR LOT,RR,Residential - Regular,650.0
raw,"RDO No. 93A - Zamboanga City and RDO No. 93B - Zamboanga, Sibugay.",,,,ZAMBOANGA DEL SUR,OF ZAMBOANGA,AYALA,BLUE VISTA SUBDIVISION,INTERIOR LOT,RR,Residential - Regular,650.0
raw,"RDO No. 93A - Zamboanga City and RDO No. 93B - Zamboanga, Sibugay.",,,,ZAMBOANGA DEL SUR,OF ZAMBOANGA,AYALA,COUNTRY HOMES SUBDIVISION-P1,INTERIOR LOT,RR,Residential - Regular,1000.0
raw,"RDO No. 93A - Zamboanga City and RDO No. 93B - Zamboanga, Sibugay.",,,,ZAMBOANGA DEL SUR,OF ZAMBOANGA,AYALA,COUNTRY HOMES SUBDIVISION-P1,INTERIOR LOT,RR,Residential - Regular,1000.0
raw,"RDO No. 93A - Zamboanga City and RDO No. 93B - Zamboanga, Sibugay.",,,,ZAMBOANGA DEL SUR,OF ZAMBOANGA,AYALA,COUNTRY HOMES SUBDIVISION-P2,INTERIOR LOT,RR,Residential - Regular,775.0
raw,"RDO No. 93A - Zamboanga City and RDO No. 93B - Zamboanga, Sibugay.",,,,ZAMBOANGA DEL SUR,OF ZAMBOANGA,AYALA,COUNTRY HOMES SUBDIVISION-P2,INTERIOR LOT,RR,Residential - Regular,775.0
raw,"RDO No. 93A - Zamboanga City and RDO No. 93B - Zamboanga, Sibugay.",,,,ZAMBOANGA DEL SUR,OF ZAMBOANGA,AYALA,COUNTRY HOMES SUBDIVISION-P3,INTERIOR LOT,RR,Residential - Regular,600.0
raw,"RDO No. 93A - Zamboanga City and RDO No. 93B - Zamboanga, Sibugay.",,,,ZAMBOANGA DEL SUR,OF ZAMBOANGA,AYALA,COUNTRY HOMES SUBDIVISION-P3,INTERIOR LOT,RR,Residential - Regular,600.0
raw,"RDO No. 93A - Zamboanga City and RDO No. 93B - Zamboanga, Sibugay.",,,,ZAMBOANGA DEL SUR,OF ZAMBOANGA,BALIWASAN,ALL OTHER STREETS,INTERIOR LOT,CR,Commercial - Regular,900.0
raw,"RDO No. 93A - Zamboanga City and RDO No. 93B - Zamboanga, Sibugay.",,,,ZAMBOANGA DEL SUR,OF ZAMBOANGA,BALIWASAN,ALL OTHER STREETS,INTERIOR LOT,RR,Residential - Regular,820.0
raw,"RDO No. 93A - Zamboanga City and RDO No. 93B - Zamboanga, Sibugay.",,,,ZAMBOANGA DEL SUR,OF ZAMBOANGA,BALIWASAN,ALL OTHER STREETS,INTERIOR LOT,RR,Residential - Regular,445.0
raw,"RDO No. 93A - Zamboanga City and RDO No. 93B - Zamboanga, Sibugay.",,,,ZAMBOANGA DEL SUR,OF ZAMBOANGA,BALIWASAN,ALL OTHER STREETS,INTERIOR LOT,GP,General Purpose,250.0
raw,"RDO No. 93A - Zamboanga City and RDO No. 93B - Zamboanga, Sibugay.",,,,ZAMBOANGA DEL SUR,OF ZAMBOANGA,BALIWASAN,ALL OTHER STREETS,INTERIOR LOT,CR,Commercial - Regular,900.0
raw,"RDO No. 93A - Zamboanga City and RDO No. 93B - Zamboanga, Sibugay.",,,,ZAMBOANGA DEL SUR,OF ZAMBOANGA,BALIWASAN,ALL OTHER STREETS,INTERIOR LOT,RR,Residential - Regular,820.0
raw,"RDO No. 93A - Zamboanga City and RDO No. 93B - Zamboanga, Sibugay.",,,,ZAMBOANGA DEL SUR,OF ZAMBOANGA,BALIWASAN,ALL OTHER STREETS,INTERIOR LOT,RR,Residential - Regular,445.0
raw,"RDO No. 93A - Zamboanga City and RDO No. 93B - Zamboanga, Sibugay.",,,,ZAMBOANGA DEL SUR,OF ZAMBOANGA,BALIWASAN,ALL OTHER STREETS,INTERIOR LOT,GP,General Purpose,250.0
raw,"RDO No. 93A - Zamboanga City and RDO No. 93B - Zamboanga, Sibugay.",,,,ZAMBOANGA DEL SUR,OF ZAMBOANGA,BALIWASAN,BALI VILLAS SUBDIVISION,INTERIOR LOT,RR,Residential - Regular,2400.0
raw,"RDO No. 93A - Zamboanga City and RDO No. 93B - Zamboanga, Sibugay.",,,,ZAMBOANGA DEL SUR,OF ZAMBOANGA,BALIWASAN,BALI VILLAS SUBDIVISION,INTERIOR LOT,RR,Residential - Regular,2400.0
raw,"RDO No. 93A - Zamboanga City and RDO No. 93B - Zamboanga, Sibugay.",,,,ZAMBOANGA DEL SUR,OF ZAMBOANGA,BALIWASAN,BALIWASAN CHICO,,CR,Commercial - Regular,2175.0
raw,"RDO No. 93A - Zamboanga City and RDO No. 93B - Zamboanga, Sibugay.",,,,ZAMBOANGA DEL SUR,OF ZAMBOANGA,BALIWASAN,BALIWASAN CHICO,,RR,Residential - Regular,1325.0
raw,"RDO No. 93A - Zamboanga City and RDO No. 93B - Zamboanga, Sibugay.",,,,ZAMBOANGA DEL SUR,OF ZAMBOANGA,BALIWASAN,BALIWASAN CHICO,,X,Special / Other,1750.0
raw,"RDO No. 93A - Zamboanga City and RDO No. 93B - Zamboanga, Sibugay.",,,,ZAMBOANGA DEL SUR,OF ZAMBOANGA,BALIWASAN,BALIWASAN CHICO,INTERIOR LOT,RR,Residential - Regular,610.0
raw,"RDO No. 93A - Zamboanga City and RDO No. 93B - Zamboanga, Sibugay.",,,,ZAMBOANGA DEL SUR,OF ZAMBOANGA,BALIWASAN,BALIWASAN CHICO,,CR,Commercial - Regular,2175.0
raw,"RDO No. 93A - Zamboanga City and RDO No. 93B - Zamboanga, Sibugay.",,,,ZAMBOANGA DEL SUR,OF ZAMBOANGA,BALIWASAN,BALIWASAN CHICO,,RR,Residential - Regular,1325.0
raw,"RDO No. 93A - Zamboanga City and RDO No. 93B - Zamboanga, Sibugay.",,,,ZAMBOANGA DEL SUR,OF ZAMBOANGA,BALIWASAN,BALIWASAN CHICO,,X,Special / Other,1750.0
raw,"RDO No. 93A - Zamboanga City and RDO No. 93B - Zamboanga, Sibugay.",,,,ZAMBOANGA DEL SUR,OF ZAMBOANGA,BALIWASAN,BALIWASAN CHICO,INTERIOR LOT,RR,Residential - Regular,610.0
raw,"RDO No. 93A - Zamboanga City and RDO No. 93B - Zamboanga, Sibugay.",,,,ZAMBOANGA DEL SUR,OF ZAMBOANGA,BALIWASAN,BALIWASAN GRANDE,INTERIOR LOT,CR,Commercial - Regular,2175.0
raw,"RDO No. 93A - Zamboanga City and RDO No. 93B - Zamboanga, Sibugay.",,,,ZAMBOANGA DEL SUR,OF ZAMBOANGA,BALIWASAN,BALIWASAN GRANDE,INTERIOR LOT,RR,Residential - Regular,1325.0
raw,"RDO No. 93A - Zamboanga City and RDO No. 93B - Zamboanga, Sibugay.",,,,ZAMBOANGA DEL SUR,OF ZAMBOANGA,BALIWASAN,BALIWASAN GRANDE,INTERIOR LOT,X,Special / Other,1750.0
raw,"RDO No. 93A - Zamboanga City and RDO No. 93B - Zamboanga, Sibugay.",,,,ZAMBOANGA DEL SUR,OF ZAMBOANGA,BALIWASAN,BALIWASAN GRANDE,INTERIOR LOT,RR,Residential - Regular,610.0
raw,"RDO No. 93A - Zamboanga City and RDO No. 93B - Zamboanga, Sibugay.",,,,ZAMBOANGA DEL SUR,OF ZAMBOANGA,BALIWASAN,BALIWASAN GRANDE,INTERIOR LOT,CR,Commercial - Regular,2175.0
raw,"RDO No. 93A - Zamboanga City and RDO No. 93B - Zamboanga, Sibugay.",,,,ZAMBOANGA DEL SUR,OF ZAMBOANGA,BALIWASAN,BALIWASAN GRANDE,INTERIOR LOT,RR,Residential - Regular,1325.0
raw,"RDO No. 93A - Zamboanga City and RDO No. 93B - Zamboanga, Sibugay.",,,,ZAMBOANGA DEL SUR,OF ZAMBOANGA,BALIWASAN,BALIWASAN GRANDE,INTERIOR LOT,X,Special / Other,1750.0
raw,"RDO No. 93A - Zamboanga City and RDO No. 93B - Zamboanga, Sibugay.",,,,ZAMBOANGA DEL SUR,OF ZAMBOANGA,BALIWASAN,BALIWASAN GRANDE,INTERIOR LOT,RR,Residential - Regular,610.0
raw,"RDO No. 93A - Zamboanga City and RDO No. 93B - Zamboanga, Sibugay.",,,,ZAMBOANGA DEL SUR,OF ZAMBOANGA,BALIWASAN,BALIWASAN SEASIDE,INTERIOR LOT,CR,Commercial - Regular,1500.0
raw,"RDO No. 93A - Zamboanga City and RDO No. 93B - Zamboanga, Sibugay.",,,,ZAMBOANGA DEL SUR,OF ZAMBOANGA,BALIWASAN,BALIWASAN SEASIDE,INTERIOR LOT,RR,Residential - Regular,1050.0
raw,"RDO No. 93A - Zamboanga City and RDO No. 93B - Zamboanga, Sibugay.",,,,ZAMBOANGA DEL SUR,OF ZAMBOANGA,BALIWASAN,BALIWASAN SEASIDE,INTERIOR LOT,I,Industrial,1875.0
raw,"RDO No. 93A - Zamboanga City and RDO No. 93B - Zamboanga, Sibugay.",,,,ZAMBOANGA DEL SUR,OF ZAMBOANGA,BALIWASAN,BALIWASAN SEASIDE,INTERIOR LOT,RR,Residential - Regular,450.0
raw,"RDO No. 93A - Zamboanga City and RDO No. 93B - Zamboanga, Sibugay.",,,,ZAMBOANGA DEL SUR,OF ZAMBOANGA,BALIWASAN,BALIWASAN SEASIDE,INTERIOR LOT,CR,Commercial - Regular,1500.0
raw,"RDO No. 93A - Zamboanga City and RDO No. 93B - Zamboanga, Sibugay.",,,,ZAMBOANGA DEL SUR,OF ZAMBOANGA,BALIWASAN,BALIWASAN SEASIDE,INTERIOR LOT,RR,Residential - Regular,1050.0
raw,"RDO No. 93A - Zamboanga City and RDO No. 93B - Zamboanga, Sibugay.",,,,ZAMBOANGA DEL SUR,OF ZAMBOANGA,BALIWASAN,BALIWASAN SEASIDE,INTERIOR LOT,I,Industrial,1875.0
raw,"RDO No. 93A - Zamboanga City and RDO No. 93B - Zamboanga, Sibugay.",,,,ZAMBOANGA DEL SUR,OF ZAMBOANGA,BALIWASAN,BALIWASAN SEASIDE,INTERIOR LOT,RR,Residential - Regular,450.0
raw,"RDO No. 93A - Zamboanga City and RDO No. 93B - Zamboanga, Sibugay.",,,,ZAMBOANGA DEL SUR,OF ZAMBOANGA,BALIWASAN,J. JOHNSON ST,INTERIOR LOT,CR,Commercial - Regular,900.0
raw,"RDO No. 93A - Zamboanga City and RDO No. 93B - Zamboanga, Sibugay.",,,,ZAMBOANGA DEL SUR,OF ZAMBOANGA,BALIWASAN,J. JOHNSON ST,INTERIOR LOT,RR,Residential - Regular,895.0
raw,"RDO No. 93A - Zamboanga City and RDO No. 93B - Zamboanga, Sibugay.",,,,ZAMBOANGA DEL SUR,OF ZAMBOANGA,BALIWASAN,J. JOHNSON ST,INTERIOR LOT,RR,Residential - Regular,385.0
raw,"RDO No. 93A - Zamboanga City and RDO No. 93B - Zamboanga, Sibugay.",,,,ZAMBOANGA DEL SUR,OF ZAMBOANGA,BALIWASAN,J. JOHNSON ST,INTERIOR LOT,CR,Commercial - Regular,900.0
raw,"RDO No. 93A - Zamboanga City and RDO No. 93B - Zamboanga, Sibugay.",,,,ZAMBOANGA DEL SUR,OF ZAMBOANGA,BALIWASAN,J. JOHNSON ST,INTERIOR LOT,RR,Residential - Regular,895.0
raw,"RDO No. 93A - Zamboanga City and RDO No. 93B - Zamboanga, Sibugay.",,,,ZAMBOANGA DEL SUR,OF ZAMBOANGA,BALIWASAN,J. JOHNSON ST,INTERIOR LOT,RR,Residential - Regular,385.0
raw,"RDO No. 93A - Zamboanga City and RDO No. 93B - Zamboanga, Sibugay.",,,,ZAMBOANGA DEL SUR,OF ZAMBOANGA,BALIWASAN,RAJAH MUNDAH,INTERIOR LOT,CR,Commercial - Regular,1125.0
raw,"RDO No. 93A - Zamboanga City and RDO No. 93B - Zamboanga, Sibugay.",,,,ZAMBOANGA DEL SUR,OF ZAMBOANGA,BALIWASAN,RAJAH MUNDAH,INTERIOR LOT,RR,Residential - Regular,895.0
raw,"RDO No. 93A - Zamboanga City and RDO No. 93B - Zamboanga, Sibugay.",,,,ZAMBOANGA DEL SUR,OF ZAMBOANGA,BALIWASAN,RAJAH MUNDAH,INTERIOR LOT,I,Industrial,1645.0
raw,"RDO No. 93A - Zamboanga City and RDO No. 93B - Zamboanga, Sibugay.",,,,ZAMBOANGA DEL SUR,OF ZAMBOANGA,BALIWASAN,RAJAH MUNDAH,INTERIOR LOT,RR,Residential - Regular,385.0
raw,"RDO No. 93A - Zamboanga City and RDO No. 93B - Zamboanga, Sibugay.",,,,ZAMBOANGA DEL SUR,OF ZAMBOANGA,BALIWASAN,RAJAH MUNDAH,INTERIOR LOT,CR,Commercial - Regular,1125.0
raw,"RDO No. 93A - Zamboanga City and RDO No. 93B - Zamboanga, Sibugay.",,,,ZAMBOANGA DEL SUR,OF ZAMBOANGA,BALIWASAN,RAJAH MUNDAH,INTERIOR LOT,RR,Residential - Regular,895.0
raw,"RDO No. 93A - Zamboanga City and RDO No. 93B - Zamboanga, Sibugay.",,,,ZAMBOANGA DEL SUR,OF ZAMBOANGA,BALIWASAN,RAJAH MUNDAH,INTERIOR LOT,I,Industrial,1645.0
raw,"RDO No. 93A - Zamboanga City and RDO No. 93B - Zamboanga, Sibugay.",,,,ZAMBOANGA DEL SUR,OF ZAMBOANGA,BALIWASAN,RAJAH MUNDAH,INTERIOR LOT,RR,Residential - Regular,385.0
raw,"RDO No. 93A - Zamboanga City and RDO No. 93B - Zamboanga, Sibugay.",,,,ZAMBOANGA DEL SUR,OF ZAMBOANGA,BALIWASAN,SAN JOSE RD,INTERIOR LOT,CR,Commercial - Regular,2675.0
raw,"RDO No. 93A - Zamboanga City and RDO No. 93B - Zamboanga, Sibugay.",,,,ZAMBOANGA DEL SUR,OF ZAMBOANGA,BALIWASAN,SAN JOSE RD,INTERIOR LOT,RR,Residential - Regular,1350.0
raw,"RDO No. 93A - Zamboanga City and RDO No. 93B - Zamboanga, Sibugay.",,,,ZAMBOANGA DEL SUR,OF ZAMBOANGA,BALIWASAN,SAN JOSE RD,INTERIOR LOT,RR,Residential - Regular,1035.0
raw,"RDO No. 93A - Zamboanga City and RDO No. 93B - Zamboanga, Sibugay.",,,,ZAMBOANGA DEL SUR,OF ZAMBOANGA,BALIWASAN,SAN JOSE RD,INTERIOR LOT,CR,Commercial - Regular,2675.0
raw,"RDO No. 93A - Zamboanga City and RDO No. 93B - Zamboanga, Sibugay.",,,,ZAMBOANGA DEL SUR,OF ZAMBOANGA,BALIWASAN,SAN JOSE RD,INTERIOR LOT,RR,Residential - Regular,1350.0
raw,"RDO No. 93A - Zamboanga City and RDO No. 93B - Zamboanga, Sibugay.",,,,ZAMBOANGA DEL SUR,OF ZAMBOANGA,BALIWASAN,SAN JOSE RD,INTERIOR LOT,RR,Residential - Regular,1035.0
raw,"RDO No. 93A - Zamboanga City and RDO No. 93B - Zamboanga, Sibugay.",,,,ZAMBOANGA DEL SUR,OF ZAMBOANGA,BALIWASAN,SUTERVILLE,INTERIOR LOT,CR,Commercial - Regular,1750.0
raw,"RDO No. 93A - Zamboanga City and RDO No. 93B - Zamboanga, Sibugay.",,,,ZAMBOANGA DEL SUR,OF ZAMBOANGA,BALIWASAN,SUTERVILLE,INTERIOR LOT,RR,Residential - Regular,1125.0
raw,"RDO No. 93A - Zamboanga City and RDO No. 93B - Zamboanga, Sibugay.",,,,ZAMBOANGA DEL SUR,OF ZAMBOANGA,BALIWASAN,SUTERVILLE,INTERIOR LOT,RR,Residential - Regular,450.0
raw,"RDO No. 93A - Zamboanga City and RDO No. 93B - Zamboanga, Sibugay.",,,,ZAMBOANGA DEL SUR,OF ZAMBOANGA,BALIWASAN,SUTERVILLE,INTERIOR LOT,CR,Commercial - Regular,1750.0
raw,"RDO No. 93A - Zamboanga City and RDO No. 93B - Zamboanga, Sibugay.",,,,ZAMBOANGA DEL SUR,OF ZAMBOANGA,BALIWASAN,SUTERVILLE,INTERIOR LOT,RR,Residential - Regular,1125.0
raw,"RDO No. 93A - Zamboanga City and RDO No. 93B - Zamboanga, Sibugay.",,,,ZAMBOANGA DEL SUR,OF ZAMBOANGA,BALIWASAN,SUTERVILLE,INTERIOR LOT,RR,Residential - Regular,450.0
raw,"RDO No. 93A - Zamboanga City and RDO No. 93B - Zamboanga, Sibugay.",,,,ZAMBOANGA DEL SUR,OF ZAMBOANGA,BALUNO,ALL LOTS,,RR,Residential - Regular,170.0
raw,"RDO No. 93A - Zamboanga City and RDO No. 93B - Zamboanga, Sibugay.",,,,ZAMBOANGA DEL SUR,OF ZAMBOANGA,BALUNO,ALL LOTS,,A50,Agricultural - A50,20.0
raw,"RDO No. 93A - Zamboanga City and RDO No. 93B - Zamboanga, Sibugay.",,,,ZAMBOANGA DEL SUR,OF ZAMBOANGA,BALUNO,ALL LOTS,,RR,Residential - Regular,170.0
raw,"RDO No. 93A - Zamboanga City and RDO No. 93B - Zamboanga, Sibugay.",,,,ZAMBOANGA DEL SUR,OF ZAMBOANGA,BALUNO,ALL LOTS,,A50,Agricultural - A50,20.0
raw,"RDO No. 93A - Zamboanga City and RDO No. 93B - Zamboanga, Sibugay.",,,,ZAMBOANGA DEL SUR,OF ZAMBOANGA,BOALAN,ALL LOTS,BUENAGATAS *,RR,Residential - Regular,160.0
raw,"RDO No. 93A - Zamboanga City and RDO No. 93B - Zamboanga, Sibugay.",,,,ZAMBOANGA DEL SUR,OF ZAMBOANGA,BOALAN,ALL LOTS,BUENAGATAS *,A50,Agricultural - A50,26.0
raw,"RDO No. 93A - Zamboanga City and RDO No. 93B - Zamboanga, Sibugay.",,,,ZAMBOANGA DEL SUR,OF ZAMBOANGA,BOALAN,ALL LOTS,INTERIOR LOT,RR,Residential - Regular,75.0
raw,"RDO No. 93A - Zamboanga City and RDO No. 93B - Zamboanga, Sibugay.",,,,ZAMBOANGA DEL SUR,OF ZAMBOANGA,BOALAN,ALL LOTS,INTERIOR LOT,A4,Agricultural - A4,23.0
raw,"RDO No. 93A - Zamboanga City and RDO No. 93B - Zamboanga, Sibugay.",,,,ZAMBOANGA DEL SUR,OF ZAMBOANGA,BOALAN,ALL LOTS,INTERIOR LOT,A50,Agricultural - A50,21.0
raw,"RDO No. 93A - Zamboanga City and RDO No. 93B - Zamboanga, Sibugay.",,,,ZAMBOANGA DEL SUR,OF ZAMBOANGA,BOALAN,ALL LOTS,BUENAGATAS *,RR,Residential - Regular,160.0
raw,"RDO No. 93A - Zamboanga City and RDO No. 93B - Zamboanga, Sibugay.",,,,ZAMBOANGA DEL SUR,OF ZAMBOANGA,BOALAN,ALL LOTS,BUENAGATAS *,A50,Agricultural - A50,26.0
raw,"RDO No. 93A - Zamboanga City and RDO No. 93B - Zamboanga, Sibugay.",,,,ZAMBOANGA DEL SUR,OF ZAMBOANGA,BOALAN,ALL LOTS,INTERIOR LOT,RR,Residential - Regular,75.0
raw,"RDO No. 93A - Zamboanga City and RDO No. 93B - Zamboanga, Sibugay.",,,,ZAMBOANGA DEL SUR,OF ZAMBOANGA,BOALAN,ALL LOTS,INTERIOR LOT,A4,Agricultural - A4,23.0
raw,"RDO No. 93A - Zamboanga City and RDO No. 93B - Zamboanga, Sibugay.",,,,ZAMBOANGA DEL SUR,OF ZAMBOANGA,BOALAN,ALL LOTS,INTERIOR LOT,A50,Agricultural - A50,21.0
raw,"RDO No. 93A - Zamboanga City and RDO No. 93B - Zamboanga, Sibugay.",,,,ZAMBOANGA DEL SUR,OF ZAMBOANGA,BOALAN,ALL OTHER STREETS,,RR,Residential - Regular,275.0
raw,"RDO No. 93A - Zamboanga City and RDO No. 93B - Zamboanga, Sibugay.",,,,ZAMBOANGA DEL SUR,OF ZAMBOANGA,BOALAN,ALL OTHER STREETS,,A50,Agricultural - A50,19.0
raw,"RDO No. 93A - Zamboanga City and RDO No. 93B - Zamboanga, Sibugay.",,,,ZAMBOANGA DEL SUR,OF ZAMBOANGA,BOALAN,ALL OTHER STREETS,,RR,Residential - Regular,275.0
raw,"RDO No. 93A - Zamboanga City and RDO No. 93B - Zamboanga, Sibugay.",,,,ZAMBOANGA DEL SUR,OF ZAMBOANGA,BOALAN,ALL OTHER STREETS,,A50,Agricultural - A50,19.0
raw,"RDO No. 93A - Zamboanga City and RDO No. 93B - Zamboanga, Sibugay.",,,,ZAMBOANGA DEL SUR,OF ZAMBOANGA,BOALAN,ALL OTHER SUBDIVISION,INTERIOR LOT,RR,Residential - Regular,1350.0
raw,"RDO No. 93A - Zamboanga City and RDO No. 93B - Zamboanga, Sibugay.",,,,ZAMBOANGA DEL SUR,OF ZAMBOANGA,BOALAN,ALL OTHER SUBDIVISION,INTERIOR LOT,RR,Residential - Regular,1350.0
raw,"RDO No. 93A - Zamboanga City and RDO No. 93B - Zamboanga, Sibugay.",,,,ZAMBOANGA DEL SUR,OF ZAMBOANGA,BOALAN,ALL SOCIALIZED HOUSING SUBDIVISION,INTERIOR LOT,RR,Residential - Regular,1350.0
raw,"RDO No. 93A - Zamboanga City and RDO No. 93B - Zamboanga, Sibugay.",,,,ZAMBOANGA DEL SUR,OF ZAMBOANGA,BOALAN,ALL SOCIALIZED HOUSING SUBDIVISION,INTERIOR LOT,RR,Residential - Regular,1350.0
raw,"RDO No. 93A - Zamboanga City and RDO No. 93B - Zamboanga, Sibugay.",,,,ZAMBOANGA DEL SUR,OF ZAMBOANGA,BOALAN,AREAS FRONTING IMPROVED ROADS,,CR,Commercial - Regular,1350.0
raw,"RDO No. 93A - Zamboanga City and RDO No. 93B - Zamboanga, Sibugay.",,,,ZAMBOANGA DEL SUR,OF ZAMBOANGA,BOALAN,AREAS FRONTING IMPROVED ROADS,,RR,Residential - Regular,550.0
raw,"RDO No. 93A - Zamboanga City and RDO No. 93B - Zamboanga, Sibugay.",,,,ZAMBOANGA DEL SUR,OF ZAMBOANGA,BOALAN,AREAS FRONTING IMPROVED ROADS,,I,Industrial,1475.0
raw,"RDO No. 93A - Zamboanga City and RDO No. 93B - Zamboanga, Sibugay.",,,,ZAMBOANGA DEL SUR,OF ZAMBOANGA,BOALAN,AREAS FRONTING IMPROVED ROADS,,CR,Commercial - Regular,1350.0
raw,"RDO No. 93A - Zamboanga City and RDO No. 93B - Zamboanga, Sibugay.",,,,ZAMBOANGA DEL SUR,OF ZAMBOANGA,BOALAN,AREAS FRONTING IMPROVED ROADS,,RR,Residential - Regular,550.0
raw,"RDO No. 93A - Zamboanga City and RDO No. 93B - Zamboanga, Sibugay.",,,,ZAMBOANGA DEL SUR,OF ZAMBOANGA,BOALAN,AREAS FRONTING IMPROVED ROADS,,I,Industrial,1475.0
raw,"RDO No. 93A - Zamboanga City and RDO No. 93B - Zamboanga, Sibugay.",,,,ZAMBOANGA DEL SUR,OF ZAMBOANGA,BOALAN,OUR LADY OF FATIMA SUBDIVISION,INTERIOR LOT,RR,Residential - Regular,1450.0
raw,"RDO No. 93A - Zamboanga City and RDO No. 93B - Zamboanga, Sibugay.",,,,ZAMBOANGA DEL SUR,OF ZAMBOANGA,BOALAN,OUR LADY OF FATIMA SUBDIVISION,INTERIOR LOT,RR,Residential - Regular,1450.0
raw,"RDO No. 93A - Zamboanga City and RDO No. 93B - Zamboanga, Sibugay.",,,,ZAMBOANGA DEL SUR,OF ZAMBOANGA,BOALAN,VILLA TERESA SUBDIVISION,INTERIOR LOT,RR,Residential - Regular,3750.0
raw,"RDO No. 93A - Zamboanga City and RDO No. 93B - Zamboanga, Sibugay.",,,,ZAMBOANGA DEL SUR,OF ZAMBOANGA,BOALAN,VILLA TERESA SUBDIVISION,INTERIOR LOT,RR,Residential - Regular,3750.0
raw,"RDO No. 93A - Zamboanga City and RDO No. 93B - Zamboanga, Sibugay.",,,,ZAMBOANGA DEL SUR,OF ZAMBOANGA,BOLONG,ALL LOTS,,RR,Residential - Regular,258.0
raw,"RDO No. 93A - Zamboanga City and RDO No. 93B - Zamboanga, Sibugay.",,,,ZAMBOANGA DEL SUR,OF ZAMBOANGA,BOLONG,ALL LOTS,,A50,Agricultural - A50,17.0
raw,"RDO No. 93A - Zamboanga City and RDO No. 93B - Zamboanga, Sibugay.",,,,ZAMBOANGA DEL SUR,OF ZAMBOANGA,BOLONG,ALL LOTS,INTERIOR LOT,RR,Residential - Regular,180.0
raw,"RDO No. 93A - Zamboanga City and RDO No. 93B - Zamboanga, Sibugay.",,,,ZAMBOANGA DEL SUR,OF ZAMBOANGA,BOLONG,ALL LOTS,,RR,Residential - Regular,258.0
raw,"RDO No. 93A - Zamboanga City and RDO No. 93B - Zamboanga, Sibugay.",,,,ZAMBOANGA DEL SUR,OF ZAMBOANGA,BOLONG,ALL LOTS,,A50,Agricultural - A50,17.0
raw,"RDO No. 93A - Zamboanga City and RDO No. 93B - Zamboanga, Sibugay.",,,,ZAMBOANGA DEL SUR,OF ZAMBOANGA,BOLONG,ALL LOTS,INTERIOR LOT,RR,Residential - Regular,180.0
raw,"RDO No. 93A - Zamboanga City and RDO No. 93B - Zamboanga, Sibugay.",,,,ZAMBOANGA DEL SUR,OF ZAMBOANGA,BUENAVISTA,ALL LOTS,,RR,Residential - Regular,175.0
raw,"RDO No. 93A - Zamboanga City and RDO No. 93B - Zamboanga, Sibugay.",,,,ZAMBOANGA DEL SUR,OF ZAMBOANGA,BUENAVISTA,ALL LOTS,,A4,Agricultural - A4,23.0
raw,"RDO No. 93A - Zamboanga City and RDO No. 93B - Zamboanga, Sibugay.",,,,ZAMBOANGA DEL SUR,OF ZAMBOANGA,BUENAVISTA,ALL LOTS,,A50,Agricultural - A50,12.0
raw,"RDO No. 93A - Zamboanga City and RDO No. 93B - Zamboanga, Sibugay.",,,,ZAMBOANGA DEL SUR,OF ZAMBOANGA,BUENAVISTA,ALL LOTS,INTERIOR LOT,RR,Residential - Regular,75.0
raw,"RDO No. 93A - Zamboanga City and RDO No. 93B - Zamboanga, Sibugay.",,,,ZAMBOANGA DEL SUR,OF ZAMBOANGA,BUENAVISTA,ALL LOTS,,RR,Residential - Regular,175.0
raw,"RDO No. 93A - Zamboanga City and RDO No. 93B - Zamboanga, Sibugay.",,,,ZAMBOANGA DEL SUR,OF ZAMBOANGA,BUENAVISTA,ALL LOTS,,A4,Agricultural - A4,23.0
raw,"RDO No. 93A - Zamboanga City and RDO No. 93B - Zamboanga, Sibugay.",,,,ZAMBOANGA DEL SUR,OF ZAMBOANGA,BUENAVISTA,ALL LOTS,,A50,Agricultural - A50,12.0
raw,"RDO No. 93A - Zamboanga City and RDO No. 93B - Zamboanga, Sibugay.",,,,ZAMBOANGA DEL SUR,OF ZAMBOANGA,BUENAVISTA,ALL LOTS,INTERIOR LOT,RR,Residential - Regular,75.0
raw,"RDO No. 93A - Zamboanga City and RDO No. 93B - Zamboanga, Sibugay.",,,,ZAMBOANGA DEL SUR,OF ZAMBOANGA,BUNGUIAO,ALL LOTS,,RR,Residential - Regular,180.0
raw,"RDO No. 93A - Zamboanga City and RDO No. 93B - Zamboanga, Sibugay.",,,,ZAMBOANGA DEL SUR,OF ZAMBOANGA,BUNGUIAO,ALL LOTS,,A4,Agricultural - A4,23.0
raw,"RDO No. 93A - Zamboanga City and RDO No. 93B - Zamboanga, Sibugay.",,,,ZAMBOANGA DEL SUR,OF ZAMBOANGA,BUNGUIAO,ALL LOTS,,A50,Agricultural - A50,12.0
raw,"RDO No. 93A - Zamboanga City and RDO No. 93B - Zamboanga, Sibugay.",,,,ZAMBOANGA DEL SUR,OF ZAMBOANGA,BUNGUIAO,ALL LOTS,INTERIOR LOT,RR,Residential - Regular,75.0
raw,"RDO No. 93A - Zamboanga City and RDO No. 93B - Zamboanga, Sibugay.",,,,ZAMBOANGA DEL SUR,OF ZAMBOANGA,BUNGUIAO,ALL LOTS,,RR,Residential - Regular,180.0
raw,"RDO No. 93A - Zamboanga City and RDO No. 93B - Zamboanga, Sibugay.",,,,ZAMBOANGA DEL SUR,OF ZAMBOANGA,BUNGUIAO,ALL LOTS,,A4,Agricultural - A4,23.0
raw,"RDO No. 93A - Zamboanga City and RDO No. 93B - Zamboanga, Sibugay.",,,,ZAMBOANGA DEL SUR,OF ZAMBOANGA,BUNGUIAO,ALL LOTS,,A50,Agricultural - A50,12.0
raw,"RDO No. 93A - Zamboanga City and RDO No. 93B - Zamboanga, Sibugay.",,,,ZAMBOANGA DEL SUR,OF ZAMBOANGA,BUNGUIAO,ALL LOTS,INTERIOR LOT,RR,Residential - Regular,75.0
raw,"RDO No. 93A - Zamboanga City and RDO No. 93B - Zamboanga, Sibugay.",,,,ZAMBOANGA DEL SUR,OF ZAMBOANGA,BUSAY,ALL LOTS,,RR,Residential - Regular,175.0
raw,"RDO No. 93A - Zamboanga City and RDO No. 93B - Zamboanga, Sibugay.",,,,ZAMBOANGA DEL SUR,OF ZAMBOANGA,BUSAY,ALL LOTS,,A36,Agricultural - A36,17.0
raw,"RDO No. 93A - Zamboanga City and RDO No. 93B - Zamboanga, Sibugay.",,,,ZAMBOANGA DEL SUR,OF ZAMBOANGA,BUSAY,ALL LOTS,,A50,Agricultural - A50,15.0
raw,"RDO No. 93A - Zamboanga City and RDO No. 93B - Zamboanga, Sibugay.",,,,ZAMBOANGA DEL SUR,OF ZAMBOANGA,BUSAY,ALL LOTS,INTERIOR LOT,RR,Residential - Regular,75.0
raw,"RDO No. 93A - Zamboanga City and RDO No. 93B - Zamboanga, Sibugay.",,,,ZAMBOANGA DEL SUR,OF ZAMBOANGA,BUSAY,ALL LOTS,,RR,Residential - Regular,175.0
raw,"RDO No. 93A - Zamboanga City and RDO No. 93B - Zamboanga, Sibugay.",,,,ZAMBOANGA DEL SUR,OF ZAMBOANGA,BUSAY,ALL LOTS,,A36,Agricultural - A36,17.0
raw,"RDO No. 93A - Zamboanga City and RDO No. 93B - Zamboanga, Sibugay.",,,,ZAMBOANGA DEL SUR,OF ZAMBOANGA,BUSAY,ALL LOTS,,A50,Agricultural - A50,15.0
raw,"RDO No. 93A - Zamboanga City and RDO No. 93B - Zamboanga, Sibugay.",,,,ZAMBOANGA DEL SUR,OF ZAMBOANGA,BUSAY,ALL LOTS,INTERIOR LOT,RR,Residential - Regular,75.0
raw,"RDO No. 93A - Zamboanga City and RDO No. 93B - Zamboanga, Sibugay.",,,,ZAMBOANGA DEL SUR,OF ZAMBOANGA,CABALUAY,ALL LOTS,,CR,Commercial - Regular,450.0
raw,"RDO No. 93A - Zamboanga City and RDO No. 93B - Zamboanga, Sibugay.",,,,ZAMBOANGA DEL SUR,OF ZAMBOANGA,CABALUAY,ALL LOTS,,RR,Residential - Regular,330.0
raw,"RDO No. 93A - Zamboanga City and RDO No. 93B - Zamboanga, Sibugay.",,,,ZAMBOANGA DEL SUR,OF ZAMBOANGA,CABALUAY,ALL LOTS,,A50,Agricultural - A50,19.0
raw,"RDO No. 93A - Zamboanga City and RDO No. 93B - Zamboanga, Sibugay.",,,,ZAMBOANGA DEL SUR,OF ZAMBOANGA,CABALUAY,ALL LOTS,INTERIOR LOT,RR,Residential - Regular,125.0
raw,"RDO No. 93A - Zamboanga City and RDO No. 93B - Zamboanga, Sibugay.",,,,ZAMBOANGA DEL SUR,OF ZAMBOANGA,CABALUAY,ALL LOTS,,CR,Commercial - Regular,450.0
raw,"RDO No. 93A - Zamboanga City and RDO No. 93B - Zamboanga, Sibugay.",,,,ZAMBOANGA DEL SUR,OF ZAMBOANGA,CABALUAY,ALL LOTS,,RR,Residential - Regular,330.0
raw,"RDO No. 93A - Zamboanga City and RDO No. 93B - Zamboanga, Sibugay.",,,,ZAMBOANGA DEL SUR,OF ZAMBOANGA,CABALUAY,ALL LOTS,,A50,Agricultural - A50,19.0
raw,"RDO No. 93A - Zamboanga City and RDO No. 93B - Zamboanga, Sibugay.",,,,ZAMBOANGA DEL SUR,OF ZAMBOANGA,CABALUAY,ALL LOTS,INTERIOR LOT,RR,Residential - Regular,125.0
raw,"RDO No. 93A - Zamboanga City and RDO No. 93B - Zamboanga, Sibugay.",,,,ZAMBOANGA DEL SUR,OF ZAMBOANGA,CABALUAY,ALL OTHER SUBDIVISION,INTERIOR LOT,RR,Residential - Regular,550.0
raw,"RDO No. 93A - Zamboanga City and RDO No. 93B - Zamboanga, Sibugay.",,,,ZAMBOANGA DEL SUR,OF ZAMBOANGA,CABALUAY,ALL OTHER SUBDIVISION,INTERIOR LOT,RR,Residential - Regular,550.0
raw,"RDO No. 93A - Zamboanga City and RDO No. 93B - Zamboanga, Sibugay.",,,,ZAMBOANGA DEL SUR,OF ZAMBOANGA,CABALUAY,TEACHER'S VILLAGE SUBDIVISION,INTERIOR LOT,RR,Residential - Regular,900.0
raw,"RDO No. 93A - Zamboanga City and RDO No. 93B - Zamboanga, Sibugay.",,,,ZAMBOANGA DEL SUR,OF ZAMBOANGA,CABALUAY,TEACHER'S VILLAGE SUBDIVISION,INTERIOR LOT,RR,Residential - Regular,900.0
raw,"RDO No. 93A - Zamboanga City and RDO No. 93B - Zamboanga, Sibugay.",,,,ZAMBOANGA DEL SUR,OF ZAMBOANGA,CABATANGAN,ALL LOTS,,CR,Commercial - Regular,1250.0
raw,"RDO No. 93A - Zamboanga City and RDO No. 93B - Zamboanga, Sibugay.",,,,ZAMBOANGA DEL SUR,OF ZAMBOANGA,CABATANGAN,ALL LOTS,,RR,Residential - Regular,625.0
raw,"RDO No. 93A - Zamboanga City and RDO No. 93B - Zamboanga, Sibugay.",,,,ZAMBOANGA DEL SUR,OF ZAMBOANGA,CABATANGAN,ALL LOTS,,A50,Agricultural - A50,24.0
raw,"RDO No. 93A - Zamboanga City and RDO No. 93B - Zamboanga, Sibugay.",,,,ZAMBOANGA DEL SUR,OF ZAMBOANGA,CABATANGAN,ALL LOTS,INTERIOR LOT,RR,Residential - Regular,300.0
raw,"RDO No. 93A - Zamboanga City and RDO No. 93B - Zamboanga, Sibugay.",,,,ZAMBOANGA DEL SUR,OF ZAMBOANGA,CABATANGAN,ALL LOTS,INTERIOR LOT,A1,Agricultural - A1,15.0
raw,"RDO No. 93A - Zamboanga City and RDO No. 93B - Zamboanga, Sibugay.",,,,ZAMBOANGA DEL SUR,OF ZAMBOANGA,CABATANGAN,ALL LOTS,,CR,Commercial - Regular,1250.0
raw,"RDO No. 93A - Zamboanga City and RDO No. 93B - Zamboanga, Sibugay.",,,,ZAMBOANGA DEL SUR,OF ZAMBOANGA,CABATANGAN,ALL LOTS,,RR,Residential - Regular,625.0
raw,"RDO No. 93A - Zamboanga City and RDO No. 93B - Zamboanga, Sibugay.",,,,ZAMBOANGA DEL SUR,OF ZAMBOANGA,CABATANGAN,ALL LOTS,,A50,Agricultural - A50,24.0
raw,"RDO No. 93A - Zamboanga City and RDO No. 93B - Zamboanga, Sibugay.",,,,ZAMBOANGA DEL SUR,OF ZAMBOANGA,CABATANGAN,ALL LOTS,INTERIOR LOT,RR,Residential - Regular,300.0
raw,"RDO No. 93A - Zamboanga City and RDO No. 93B - Zamboanga, Sibugay.",,,,ZAMBOANGA DEL SUR,OF ZAMBOANGA,CABATANGAN,ALL LOTS,INTERIOR LOT,A1,Agricultural - A1,15.0
raw,"RDO No. 93A - Zamboanga City and RDO No. 93B - Zamboanga, Sibugay.",,,,ZAMBOANGA DEL SUR,OF ZAMBOANGA,CABATANGAN,ALL OTHER SUBDIVISION,INTERIOR LOT,RR,Residential - Regular,750.0
raw,"RDO No. 93A - Zamboanga City and RDO No. 93B - Zamboanga, Sibugay.",,,,ZAMBOANGA DEL SUR,OF ZAMBOANGA,CABATANGAN,ALL OTHER SUBDIVISION,INTERIOR LOT,RR,Residential - Regular,750.0
raw,"RDO No. 93A - Zamboanga City and RDO No. 93B - Zamboanga, Sibugay.",,,,ZAMBOANGA DEL SUR,OF ZAMBOANGA,CABATANGAN,SHIRMAL'S HAPPY HOMES SUBDIVISION,INTERIOR LOT,RR,Residential - Regular,1500.0
raw,"RDO No. 93A - Zamboanga City and RDO No. 93B - Zamboanga, Sibugay.",,,,ZAMBOANGA DEL SUR,OF ZAMBOANGA,CABATANGAN,SHIRMAL'S HAPPY HOMES SUBDIVISION,INTERIOR LOT,RR,Residential - Regular,1500.0
raw,"RDO No. 93A - Zamboanga City and RDO No. 93B - Zamboanga, Sibugay.",,,,ZAMBOANGA DEL SUR,OF ZAMBOANGA,CACAO,ALL LOTS,,RR,Residential - Regular,175.0
raw,"RDO No. 93A - Zamboanga City and RDO No. 93B - Zamboanga, Sibugay.",,,,ZAMBOANGA DEL SUR,OF ZAMBOANGA,CACAO,ALL LOTS,,A50,Agricultural - A50,12.0
raw,"RDO No. 93A - Zamboanga City and RDO No. 93B - Zamboanga, Sibugay.",,,,ZAMBOANGA DEL SUR,OF ZAMBOANGA,CACAO,ALL LOTS,INTERIOR LOT,RR,Residential - Regular,75.0
raw,"RDO No. 93A - Zamboanga City and RDO No. 93B - Zamboanga, Sibugay.",,,,ZAMBOANGA DEL SUR,OF ZAMBOANGA,CACAO,ALL LOTS,,RR,Residential - Regular,175.0
raw,"RDO No. 93A - Zamboanga City and RDO No. 93B - Zamboanga, Sibugay.",,,,ZAMBOANGA DEL SUR,OF ZAMBOANGA,CACAO,ALL LOTS,,A50,Agricultural - A50,12.0
raw,"RDO No. 93A - Zamboanga City and RDO No. 93B - Zamboanga, Sibugay.",,,,ZAMBOANGA DEL SUR,OF ZAMBOANGA,CACAO,ALL LOTS,INTERIOR LOT,RR,Residential - Regular,75.0
raw,"RDO No. 93A - Zamboanga City and RDO No. 93B - Zamboanga, Sibugay.",,,,ZAMBOANGA DEL SUR,OF ZAMBOANGA,CALABASA,ALL LOTS,,RR,Residential - Regular,175.0
raw,"RDO No. 93A - Zamboanga City and RDO No. 93B - Zamboanga, Sibugay.",,,,ZAMBOANGA DEL SUR,OF ZAMBOANGA,CALABASA,ALL LOTS,,A50,Agricultural - A50,12.0
raw,"RDO No. 93A - Zamboanga City and RDO No. 93B - Zamboanga, Sibugay.",,,,ZAMBOANGA DEL SUR,OF ZAMBOANGA,CALABASA,ALL LOTS,INTERIOR LOT,RR,Residential - Regular,75.0
raw,"RDO No. 93A - Zamboanga City and RDO No. 93B - Zamboanga, Sibugay.",,,,ZAMBOANGA DEL SUR,OF ZAMBOANGA,CALABASA,ALL LOTS,,RR,Residential - Regular,175.0
raw,"RDO No. 93A - Zamboanga City and RDO No. 93B - Zamboanga, Sibugay.",,,,ZAMBOANGA DEL SUR,OF ZAMBOANGA,CALABASA,ALL LOTS,,A50,Agricultural - A50,12.0
raw,"RDO No. 93A - Zamboanga City and RDO No. 93B - Zamboanga, Sibugay.",,,,ZAMBOANGA DEL SUR,OF ZAMBOANGA,CALABASA,ALL LOTS,INTERIOR LOT,RR,Residential - Regular,75.0
raw,"RDO No. 93A - Zamboanga City and RDO No. 93B - Zamboanga, Sibugay.",,,,ZAMBOANGA DEL SUR,OF ZAMBOANGA,CALARIAN,ALL LOTS - LOWER CALARIAN,ALONG THE MAIN ROAD,CR,Commercial - Regular,1250.0
raw,"RDO No. 93A - Zamboanga City and RDO No. 93B - Zamboanga, Sibugay.",,,,ZAMBOANGA DEL SUR,OF ZAMBOANGA,CALARIAN,ALL LOTS - LOWER CALARIAN,ALONG THE MAIN ROAD,RR,Residential - Regular,830.0
raw,"RDO No. 93A - Zamboanga City and RDO No. 93B - Zamboanga, Sibugay.",,,,ZAMBOANGA DEL SUR,OF ZAMBOANGA,CALARIAN,ALL LOTS - LOWER CALARIAN,ALONG THE MAIN ROAD,I,Industrial,1575.0
raw,"RDO No. 93A - Zamboanga City and RDO No. 93B - Zamboanga, Sibugay.",,,,ZAMBOANGA DEL SUR,OF ZAMBOANGA,CALARIAN,ALL LOTS - LOWER CALARIAN,ALONG THE MAIN ROAD,GP,General Purpose,50.0
raw,"RDO No. 93A - Zamboanga City and RDO No. 93B - Zamboanga, Sibugay.",,,,ZAMBOANGA DEL SUR,OF ZAMBOANGA,CALARIAN,ALL LOTS - LOWER CALARIAN,ALONG THE MAIN ROAD,A50,Agricultural - A50,14.0
raw,"RDO No. 93A - Zamboanga City and RDO No. 93B - Zamboanga, Sibugay.",,,,ZAMBOANGA DEL SUR,OF ZAMBOANGA,CALARIAN,ALL LOTS - LOWER CALARIAN,INTERIOR LOT,RR,Residential - Regular,390.0
raw,"RDO No. 93A - Zamboanga City and RDO No. 93B - Zamboanga, Sibugay.",,,,ZAMBOANGA DEL SUR,OF ZAMBOANGA,CALARIAN,ALL LOTS - LOWER CALARIAN,ALONG THE MAIN ROAD,CR,Commercial - Regular,1250.0
raw,"RDO No. 93A - Zamboanga City and RDO No. 93B - Zamboanga, Sibugay.",,,,ZAMBOANGA DEL SUR,OF ZAMBOANGA,CALARIAN,ALL LOTS - LOWER CALARIAN,ALONG THE MAIN ROAD,RR,Residential - Regular,830.0
raw,"RDO No. 93A - Zamboanga City and RDO No. 93B - Zamboanga, Sibugay.",,,,ZAMBOANGA DEL SUR,OF ZAMBOANGA,CALARIAN,ALL LOTS - LOWER CALARIAN,ALONG THE MAIN ROAD,I,Industrial,1575.0
raw,"RDO No. 93A - Zamboanga City and RDO No. 93B - Zamboanga, Sibugay.",,,,ZAMBOANGA DEL SUR,OF ZAMBOANGA,CALARIAN,ALL LOTS - LOWER CALARIAN,ALONG THE MAIN ROAD,GP,General Purpose,50.0
raw,"RDO No. 93A - Zamboanga City and RDO No. 93B - Zamboanga, Sibugay.",,,,ZAMBOANGA DEL SUR,OF ZAMBOANGA,CALARIAN,ALL LOTS - LOWER CALARIAN,ALONG THE MAIN ROAD,A50,Agricultural - A50,14.0
raw,"RDO No. 93A - Zamboanga City and RDO No. 93B - Zamboanga, Sibugay.",,,,ZAMBOANGA DEL SUR,OF ZAMBOANGA,CALARIAN,ALL LOTS - LOWER CALARIAN,INTERIOR LOT,RR,Residential - Regular,390.0
raw,"RDO No. 93A - Zamboanga City and RDO No. 93B - Zamboanga, Sibugay.",,,,ZAMBOANGA DEL SUR,OF ZAMBOANGA,CALARIAN,ALL STREETS - UPPER CALARIAN,,CR,Commercial - Regular,1100.0
raw,"RDO No. 93A - Zamboanga City and RDO No. 93B - Zamboanga, Sibugay.",,,,ZAMBOANGA DEL SUR,OF ZAMBOANGA,CALARIAN,ALL STREETS - UPPER CALARIAN,,RR,Residential - Regular,625.0
raw,"RDO No. 93A - Zamboanga City and RDO No. 93B - Zamboanga, Sibugay.",,,,ZAMBOANGA DEL SUR,OF ZAMBOANGA,CALARIAN,ALL STREETS - UPPER CALARIAN,,X,Special / Other,865.0
raw,"RDO No. 93A - Zamboanga City and RDO No. 93B - Zamboanga, Sibugay.",,,,ZAMBOANGA DEL SUR,OF ZAMBOANGA,CALARIAN,ALL STREETS - UPPER CALARIAN,,GP,General Purpose,90.0
raw,"RDO No. 93A - Zamboanga City and RDO No. 93B - Zamboanga, Sibugay.",,,,ZAMBOANGA DEL SUR,OF ZAMBOANGA,CALARIAN,ALL STREETS - UPPER CALARIAN,,A50,Agricultural - A50,21.0
raw,"RDO No. 93A - Zamboanga City and RDO No. 93B - Zamboanga, Sibugay.",,,,ZAMBOANGA DEL SUR,OF ZAMBOANGA,CALARIAN,ALL STREETS - UPPER CALARIAN,INTERIOR LOT,RR,Residential - Regular,425.0
raw,"RDO No. 93A - Zamboanga City and RDO No. 93B - Zamboanga, Sibugay.",,,,ZAMBOANGA DEL SUR,OF ZAMBOANGA,CALARIAN,ALL STREETS - UPPER CALARIAN,,CR,Commercial - Regular,1100.0
raw,"RDO No. 93A - Zamboanga City and RDO No. 93B - Zamboanga, Sibugay.",,,,ZAMBOANGA DEL SUR,OF ZAMBOANGA,CALARIAN,ALL STREETS - UPPER CALARIAN,,RR,Residential - Regular,625.0
raw,"RDO No. 93A - Zamboanga City and RDO No. 93B - Zamboanga, Sibugay.",,,,ZAMBOANGA DEL SUR,OF ZAMBOANGA,CALARIAN,ALL STREETS - UPPER CALARIAN,,X,Special / Other,865.0
raw,"RDO No. 93A - Zamboanga City and RDO No. 93B - Zamboanga, Sibugay.",,,,ZAMBOANGA DEL SUR,OF ZAMBOANGA,CALARIAN,ALL STREETS - UPPER CALARIAN,,GP,General Purpose,90.0
raw,"RDO No. 93A - Zamboanga City and RDO No. 93B - Zamboanga, Sibugay.",,,,ZAMBOANGA DEL SUR,OF ZAMBOANGA,CALARIAN,ALL STREETS - UPPER CALARIAN,,A50,Agricultural - A50,21.0
raw,"RDO No. 93A - Zamboanga City and RDO No. 93B - Zamboanga, Sibugay.",,,,ZAMBOANGA DEL SUR,OF ZAMBOANGA,CALARIAN,ALL STREETS - UPPER CALARIAN,INTERIOR LOT,RR,Residential - Regular,425.0
raw,"RDO No. 93A - Zamboanga City and RDO No. 93B - Zamboanga, Sibugay.",,,,ZAMBOANGA DEL SUR,OF ZAMBOANGA,CAMINO NUEVO *,ALL OTHER STREETS,,CR,Commercial - Regular,4200.0
raw,"RDO No. 93A - Zamboanga City and RDO No. 93B - Zamboanga, Sibugay.",,,,ZAMBOANGA DEL SUR,OF ZAMBOANGA,CAMINO NUEVO *,ALL OTHER STREETS,,RR,Residential - Regular,3500.0
raw,"RDO No. 93A - Zamboanga City and RDO No. 93B - Zamboanga, Sibugay.",,,,ZAMBOANGA DEL SUR,OF ZAMBOANGA,CAMINO NUEVO *,ALL OTHER STREETS,,X,Special / Other,4200.0
raw,"RDO No. 93A - Zamboanga City and RDO No. 93B - Zamboanga, Sibugay.",,,,ZAMBOANGA DEL SUR,OF ZAMBOANGA,CAMINO NUEVO *,ALL OTHER STREETS,INTERIOR LOT,CR,Commercial - Regular,3000.0
raw,"RDO No. 93A - Zamboanga City and RDO No. 93B - Zamboanga, Sibugay.",,,,ZAMBOANGA DEL SUR,OF ZAMBOANGA,CAMINO NUEVO *,ALL OTHER STREETS,INTERIOR LOT,RR,Residential - Regular,1500.0
raw,"RDO No. 93A - Zamboanga City and RDO No. 93B - Zamboanga, Sibugay.",,,,ZAMBOANGA DEL SUR,OF ZAMBOANGA,CAMINO NUEVO *,ALL OTHER STREETS,,CR,Commercial - Regular,4200.0
raw,"RDO No. 93A - Zamboanga City and RDO No. 93B - Zamboanga, Sibugay.",,,,ZAMBOANGA DEL SUR,OF ZAMBOANGA,CAMINO NUEVO *,ALL OTHER STREETS,,RR,Residential - Regular,3500.0
raw,"RDO No. 93A - Zamboanga City and RDO No. 93B - Zamboanga, Sibugay.",,,,ZAMBOANGA DEL SUR,OF ZAMBOANGA,CAMINO NUEVO *,ALL OTHER STREETS,,X,Special / Other,4200.0
raw,"RDO No. 93A - Zamboanga City and RDO No. 93B - Zamboanga, Sibugay.",,,,ZAMBOANGA DEL SUR,OF ZAMBOANGA,CAMINO NUEVO *,ALL OTHER STREETS,INTERIOR LOT,CR,Commercial - Regular,3000.0
raw,"RDO No. 93A - Zamboanga City and RDO No. 93B - Zamboanga, Sibugay.",,,,ZAMBOANGA DEL SUR,OF ZAMBOANGA,CAMINO NUEVO *,ALL OTHER STREETS,INTERIOR LOT,RR,Residential - Regular,1500.0
raw,"RDO No. 93A - Zamboanga City and RDO No. 93B - Zamboanga, Sibugay.",,,,ZAMBOANGA DEL SUR,OF ZAMBOANGA,CAMINO NUEVO *,NUÑEZ EXTENSION,,CR,Commercial - Regular,15900.0
raw,"RDO No. 93A - Zamboanga City and RDO No. 93B - Zamboanga, Sibugay.",,,,ZAMBOANGA DEL SUR,OF ZAMBOANGA,CAMINO NUEVO *,NUÑEZ EXTENSION,,RR,Residential - Regular,11050.0
raw,"RDO No. 93A - Zamboanga City and RDO No. 93B - Zamboanga, Sibugay.",,,,ZAMBOANGA DEL SUR,OF ZAMBOANGA,CAMINO NUEVO *,NUÑEZ EXTENSION,,CR,Commercial - Regular,15900.0
raw,"RDO No. 93A - Zamboanga City and RDO No. 93B - Zamboanga, Sibugay.",,,,ZAMBOANGA DEL SUR,OF ZAMBOANGA,CAMINO NUEVO *,NUÑEZ EXTENSION,,RR,Residential - Regular,11050.0
raw,"RDO No. 93A - Zamboanga City and RDO No. 93B - Zamboanga, Sibugay.",,,,ZAMBOANGA DEL SUR,OF ZAMBOANGA,CAMPO ISLAM,ALL LOTS,,RR,Residential - Regular,775.0
raw,"RDO No. 93A - Zamboanga City and RDO No. 93B - Zamboanga, Sibugay.",,,,ZAMBOANGA DEL SUR,OF ZAMBOANGA,CAMPO ISLAM,ALL LOTS,,I,Industrial,1150.0
raw,"RDO No. 93A - Zamboanga City and RDO No. 93B - Zamboanga, Sibugay.",,,,ZAMBOANGA DEL SUR,OF ZAMBOANGA,CAMPO ISLAM,ALL LOTS,INTERIOR LOT,RR,Residential - Regular,350.0
raw,"RDO No. 93A - Zamboanga City and RDO No. 93B - Zamboanga, Sibugay.",,,,ZAMBOANGA DEL SUR,OF ZAMBOANGA,CAMPO ISLAM,ALL LOTS,,RR,Residential - Regular,775.0
raw,"RDO No. 93A - Zamboanga City and RDO No. 93B - Zamboanga, Sibugay.",,,,ZAMBOANGA DEL SUR,OF ZAMBOANGA,CAMPO ISLAM,ALL LOTS,,I,Industrial,1150.0
raw,"RDO No. 93A - Zamboanga City and RDO No. 93B - Zamboanga, Sibugay.",,,,ZAMBOANGA DEL SUR,OF ZAMBOANGA,CAMPO ISLAM,ALL LOTS,INTERIOR LOT,RR,Residential - Regular,350.0
raw,"RDO No. 93A - Zamboanga City and RDO No. 93B - Zamboanga, Sibugay.",,,,ZAMBOANGA DEL SUR,OF ZAMBOANGA,CANELAR,ALL OTHER STREETS,INTERIOR LOT,CR,Commercial - Regular,3700.0
raw,"RDO No. 93A - Zamboanga City and RDO No. 93B - Zamboanga, Sibugay.",,,,ZAMBOANGA DEL SUR,OF ZAMBOANGA,CANELAR,ALL OTHER STREETS,INTERIOR LOT,RR,Residential - Regular,1700.0
raw,"RDO No. 93A - Zamboanga City and RDO No. 93B - Zamboanga, Sibugay.",,,,ZAMBOANGA DEL SUR,OF ZAMBOANGA,CANELAR,ALL OTHER STREETS,INTERIOR LOT,RR,Residential - Regular,1150.0
raw,"RDO No. 93A - Zamboanga City and RDO No. 93B - Zamboanga, Sibugay.",,,,ZAMBOANGA DEL SUR,OF ZAMBOANGA,CANELAR,ALL OTHER STREETS,INTERIOR LOT,CR,Commercial - Regular,3700.0
raw,"RDO No. 93A - Zamboanga City and RDO No. 93B - Zamboanga, Sibugay.",,,,ZAMBOANGA DEL SUR,OF ZAMBOANGA,CANELAR,ALL OTHER STREETS,INTERIOR LOT,RR,Residential - Regular,1700.0
raw,"RDO No. 93A - Zamboanga City and RDO No. 93B - Zamboanga, Sibugay.",,,,ZAMBOANGA DEL SUR,OF ZAMBOANGA,CANELAR,ALL OTHER STREETS,INTERIOR LOT,RR,Residential - Regular,1150.0
raw,"RDO No. 93A - Zamboanga City and RDO No. 93B - Zamboanga, Sibugay.",,,,ZAMBOANGA DEL SUR,OF ZAMBOANGA,CANELAR,CLARET,INTERIOR LOT,CR,Commercial - Regular,4050.0
raw,"RDO No. 93A - Zamboanga City and RDO No. 93B - Zamboanga, Sibugay.",,,,ZAMBOANGA DEL SUR,OF ZAMBOANGA,CANELAR,CLARET,INTERIOR LOT,RR,Residential - Regular,2150.0
raw,"RDO No. 93A - Zamboanga City and RDO No. 93B - Zamboanga, Sibugay.",,,,ZAMBOANGA DEL SUR,OF ZAMBOANGA,CANELAR,CLARET,INTERIOR LOT,RR,Residential - Regular,1500.0
raw,"RDO No. 93A - Zamboanga City and RDO No. 93B - Zamboanga, Sibugay.",,,,ZAMBOANGA DEL SUR,OF ZAMBOANGA,CANELAR,CLARET,INTERIOR LOT,CR,Commercial - Regular,4050.0
raw,"RDO No. 93A - Zamboanga City and RDO No. 93B - Zamboanga, Sibugay.",,,,ZAMBOANGA DEL SUR,OF ZAMBOANGA,CANELAR,CLARET,INTERIOR LOT,RR,Residential - Regular,2150.0
raw,"RDO No. 93A - Zamboanga City and RDO No. 93B - Zamboanga, Sibugay.",,,,ZAMBOANGA DEL SUR,OF ZAMBOANGA,CANELAR,CLARET,INTERIOR LOT,RR,Residential - Regular,1500.0
raw,"RDO No. 93A - Zamboanga City and RDO No. 93B - Zamboanga, Sibugay.",,,,ZAMBOANGA DEL SUR,OF ZAMBOANGA,CANELAR,GOV. CAMINS AVE,INTERIOR LOT,CR,Commercial - Regular,5750.0
raw,"RDO No. 93A - Zamboanga City and RDO No. 93B - Zamboanga, Sibugay.",,,,ZAMBOANGA DEL SUR,OF ZAMBOANGA,CANELAR,GOV. CAMINS AVE,INTERIOR LOT,RR,Residential - Regular,4750.0
raw,"RDO No. 93A - Zamboanga City and RDO No. 93B - Zamboanga, Sibugay.",,,,ZAMBOANGA DEL SUR,OF ZAMBOANGA,CANELAR,GOV. CAMINS AVE,INTERIOR LOT,RR,Residential - Regular,1500.0
raw,"RDO No. 93A - Zamboanga City and RDO No. 93B - Zamboanga, Sibugay.",,,,ZAMBOANGA DEL SUR,OF ZAMBOANGA,CANELAR,GOV. CAMINS AVE,INTERIOR LOT,CR,Commercial - Regular,5750.0
raw,"RDO No. 93A - Zamboanga City and RDO No. 93B - Zamboanga, Sibugay.",,,,ZAMBOANGA DEL SUR,OF ZAMBOANGA,CANELAR,GOV. CAMINS AVE,INTERIOR LOT,RR,Residential - Regular,4750.0
raw,"RDO No. 93A - Zamboanga City and RDO No. 93B - Zamboanga, Sibugay.",,,,ZAMBOANGA DEL SUR,OF ZAMBOANGA,CANELAR,GOV. CAMINS AVE,INTERIOR LOT,RR,Residential - Regular,1500.0
raw,"RDO No. 93A - Zamboanga City and RDO No. 93B - Zamboanga, Sibugay.",,,,ZAMBOANGA DEL SUR,OF ZAMBOANGA,CANELAR,M. JALDON ST,,CR,Commercial - Regular,6250.0
raw,"RDO No. 93A - Zamboanga City and RDO No. 93B - Zamboanga, Sibugay.",,,,ZAMBOANGA DEL SUR,OF ZAMBOANGA,CANELAR,M. JALDON ST,,RR,Residential - Regular,2750.0
raw,"RDO No. 93A - Zamboanga City and RDO No. 93B - Zamboanga, Sibugay.",,,,ZAMBOANGA DEL SUR,OF ZAMBOANGA,CANELAR,M. JALDON ST,INTERIOR LOT,RR,Residential - Regular,1750.0
raw,"RDO No. 93A - Zamboanga City and RDO No. 93B - Zamboanga, Sibugay.",,,,ZAMBOANGA DEL SUR,OF ZAMBOANGA,CANELAR,M. JALDON ST,,CR,Commercial - Regular,6250.0
raw,"RDO No. 93A - Zamboanga City and RDO No. 93B - Zamboanga, Sibugay.",,,,ZAMBOANGA DEL SUR,OF ZAMBOANGA,CANELAR,M. JALDON ST,,RR,Residential - Regular,2750.0
raw,"RDO No. 93A - Zamboanga City and RDO No. 93B - Zamboanga, Sibugay.",,,,ZAMBOANGA DEL SUR,OF ZAMBOANGA,CANELAR,M. JALDON ST,INTERIOR LOT,RR,Residential - Regular,1750.0
raw,"RDO No. 93A - Zamboanga City and RDO No. 93B - Zamboanga, Sibugay.",,,,ZAMBOANGA DEL SUR,OF ZAMBOANGA,CANELAR,MORET,INTERIOR LOT,RR,Residential - Regular,3150.0
raw,"RDO No. 93A - Zamboanga City and RDO No. 93B - Zamboanga, Sibugay.",,,,ZAMBOANGA DEL SUR,OF ZAMBOANGA,CANELAR,MORET,INTERIOR LOT,X,Special / Other,6250.0
raw,"RDO No. 93A - Zamboanga City and RDO No. 93B - Zamboanga, Sibugay.",,,,ZAMBOANGA DEL SUR,OF ZAMBOANGA,CANELAR,MORET,INTERIOR LOT,RR,Residential - Regular,1500.0
raw,"RDO No. 93A - Zamboanga City and RDO No. 93B - Zamboanga, Sibugay.",,,,ZAMBOANGA DEL SUR,OF ZAMBOANGA,CANELAR,MORET,INTERIOR LOT,RR,Residential - Regular,3150.0
raw,"RDO No. 93A - Zamboanga City and RDO No. 93B - Zamboanga, Sibugay.",,,,ZAMBOANGA DEL SUR,OF ZAMBOANGA,CANELAR,MORET,INTERIOR LOT,X,Special / Other,6250.0
raw,"RDO No. 93A - Zamboanga City and RDO No. 93B - Zamboanga, Sibugay.",,,,ZAMBOANGA DEL SUR,OF ZAMBOANGA,CANELAR,MORET,INTERIOR LOT,RR,Residential - Regular,1500.0
raw,"RDO No. 93A - Zamboanga City and RDO No. 93B - Zamboanga, Sibugay.",,,,ZAMBOANGA DEL SUR,OF ZAMBOANGA,CANELAR,SAN JOSE RD,INTERIOR LOT,CR,Commercial - Regular,4250.0
raw,"RDO No. 93A - Zamboanga City and RDO No. 93B - Zamboanga, Sibugay.",,,,ZAMBOANGA DEL SUR,OF ZAMBOANGA,CANELAR,SAN JOSE RD,INTERIOR LOT,RR,Residential - Regular,2800.0
raw,"RDO No. 93A - Zamboanga City and RDO No. 93B - Zamboanga, Sibugay.",,,,ZAMBOANGA DEL SUR,OF ZAMBOANGA,CANELAR,SAN JOSE RD,INTERIOR LOT,RR,Residential - Regular,1500.0
raw,"RDO No. 93A - Zamboanga City and RDO No. 93B - Zamboanga, Sibugay.",,,,ZAMBOANGA DEL SUR,OF ZAMBOANGA,CANELAR,SAN JOSE RD,INTERIOR LOT,CR,Commercial - Regular,4250.0
raw,"RDO No. 93A - Zamboanga City and RDO No. 93B - Zamboanga, Sibugay.",,,,ZAMBOANGA DEL SUR,OF ZAMBOANGA,CANELAR,SAN JOSE RD,INTERIOR LOT,RR,Residential - Regular,2800.0
raw,"RDO No. 93A - Zamboanga City and RDO No. 93B - Zamboanga, Sibugay.",,,,ZAMBOANGA DEL SUR,OF ZAMBOANGA,CANELAR,SAN JOSE RD,INTERIOR LOT,RR,Residential - Regular,1500.0
raw,"RDO No. 93A - Zamboanga City and RDO No. 93B - Zamboanga, Sibugay.",,,,ZAMBOANGA DEL SUR,OF ZAMBOANGA,CAPISAN,ALL LOTS,,RR,Residential - Regular,175.0
raw,"RDO No. 93A - Zamboanga City and RDO No. 93B - Zamboanga, Sibugay.",,,,ZAMBOANGA DEL SUR,OF ZAMBOANGA,CAPISAN,ALL LOTS,,A50,Agricultural - A50,20.0
raw,"RDO No. 93A - Zamboanga City and RDO No. 93B - Zamboanga, Sibugay.",,,,ZAMBOANGA DEL SUR,OF ZAMBOANGA,CAPISAN,ALL LOTS,,RR,Residential - Regular,175.0
raw,"RDO No. 93A - Zamboanga City and RDO No. 93B - Zamboanga, Sibugay.",,,,ZAMBOANGA DEL SUR,OF ZAMBOANGA,CAPISAN,ALL LOTS,,A50,Agricultural - A50,20.0
raw,"RDO No. 93A - Zamboanga City and RDO No. 93B - Zamboanga, Sibugay.",,,,ZAMBOANGA DEL SUR,OF ZAMBOANGA,CAWIT,ALL LOTS,,CR,Commercial - Regular,800.0
raw,"RDO No. 93A - Zamboanga City and RDO No. 93B - Zamboanga, Sibugay.",,,,ZAMBOANGA DEL SUR,OF ZAMBOANGA,CAWIT,ALL LOTS,,RR,Residential - Regular,450.0
raw,"RDO No. 93A - Zamboanga City and RDO No. 93B - Zamboanga, Sibugay.",,,,ZAMBOANGA DEL SUR,OF ZAMBOANGA,CAWIT,ALL LOTS,,I,Industrial,715.0
raw,"RDO No. 93A - Zamboanga City and RDO No. 93B - Zamboanga, Sibugay.",,,,ZAMBOANGA DEL SUR,OF ZAMBOANGA,CAWIT,ALL LOTS,,A50,Agricultural - A50,19.0
raw,"RDO No. 93A - Zamboanga City and RDO No. 93B - Zamboanga, Sibugay.",,,,ZAMBOANGA DEL SUR,OF ZAMBOANGA,CAWIT,ALL LOTS,INTERIOR LOT,RR,Residential - Regular,300.0
raw,"RDO No. 93A - Zamboanga City and RDO No. 93B - Zamboanga, Sibugay.",,,,ZAMBOANGA DEL SUR,OF ZAMBOANGA,CAWIT,ALL LOTS,,CR,Commercial - Regular,800.0
raw,"RDO No. 93A - Zamboanga City and RDO No. 93B - Zamboanga, Sibugay.",,,,ZAMBOANGA DEL SUR,OF ZAMBOANGA,CAWIT,ALL LOTS,,RR,Residential - Regular,450.0
raw,"RDO No. 93A - Zamboanga City and RDO No. 93B - Zamboanga, Sibugay.",,,,ZAMBOANGA DEL SUR,OF ZAMBOANGA,CAWIT,ALL LOTS,,I,Industrial,715.0
raw,"RDO No. 93A - Zamboanga City and RDO No. 93B - Zamboanga, Sibugay.",,,,ZAMBOANGA DEL SUR,OF ZAMBOANGA,CAWIT,ALL LOTS,,A50,Agricultural - A50,19.0
raw,"RDO No. 93A - Zamboanga City and RDO No. 93B - Zamboanga, Sibugay.",,,,ZAMBOANGA DEL SUR,OF ZAMBOANGA,CAWIT,ALL LOTS,INTERIOR LOT,RR,Residential - Regular,300.0
raw,"RDO No. 93A - Zamboanga City and RDO No. 93B - Zamboanga, Sibugay.",,,,ZAMBOANGA DEL SUR,OF ZAMBOANGA,CULIANAN,ALL LOTS,,CR,Commercial - Regular,900.0
raw,"RDO No. 93A - Zamboanga City and RDO No. 93B - Zamboanga, Sibugay.",,,,ZAMBOANGA DEL SUR,OF ZAMBOANGA,CULIANAN,ALL LOTS,,RR,Residential - Regular,550.0
raw,"RDO No. 93A - Zamboanga City and RDO No. 93B - Zamboanga, Sibugay.",,,,ZAMBOANGA DEL SUR,OF ZAMBOANGA,CULIANAN,ALL LOTS,,A4,Agricultural - A4,23.0
raw,"RDO No. 93A - Zamboanga City and RDO No. 93B - Zamboanga, Sibugay.",,,,ZAMBOANGA DEL SUR,OF ZAMBOANGA,CULIANAN,ALL LOTS,,A50,Agricultural - A50,19.0
raw,"RDO No. 93A - Zamboanga City and RDO No. 93B - Zamboanga, Sibugay.",,,,ZAMBOANGA DEL SUR,OF ZAMBOANGA,CULIANAN,ALL LOTS,INTERIOR LOT,RR,Residential - Regular,275.0
raw,"RDO No. 93A - Zamboanga City and RDO No. 93B - Zamboanga, Sibugay.",,,,ZAMBOANGA DEL SUR,OF ZAMBOANGA,CULIANAN,ALL LOTS,,CR,Commercial - Regular,900.0
raw,"RDO No. 93A - Zamboanga City and RDO No. 93B - Zamboanga, Sibugay.",,,,ZAMBOANGA DEL SUR,OF ZAMBOANGA,CULIANAN,ALL LOTS,,RR,Residential - Regular,550.0
raw,"RDO No. 93A - Zamboanga City and RDO No. 93B - Zamboanga, Sibugay.",,,,ZAMBOANGA DEL SUR,OF ZAMBOANGA,CULIANAN,ALL LOTS,,A4,Agricultural - A4,23.0
raw,"RDO No. 93A - Zamboanga City and RDO No. 93B - Zamboanga, Sibugay.",,,,ZAMBOANGA DEL SUR,OF ZAMBOANGA,CULIANAN,ALL LOTS,,A50,Agricultural - A50,19.0
raw,"RDO No. 93A - Zamboanga City and RDO No. 93B - Zamboanga, Sibugay.",,,,ZAMBOANGA DEL SUR,OF ZAMBOANGA,CULIANAN,ALL LOTS,INTERIOR LOT,RR,Residential - Regular,275.0
raw,"RDO No. 93A - Zamboanga City and RDO No. 93B - Zamboanga, Sibugay.",,,,ZAMBOANGA DEL SUR,OF ZAMBOANGA,CULIANAN,ALL OTHER SUBDIVISION,INTERIOR LOT,RR,Residential - Regular,1250.0
raw,"RDO No. 93A - Zamboanga City and RDO No. 93B - Zamboanga, Sibugay.",,,,ZAMBOANGA DEL SUR,OF ZAMBOANGA,CULIANAN,ALL OTHER SUBDIVISION,INTERIOR LOT,RR,Residential - Regular,1250.0
raw,"RDO No. 93A - Zamboanga City and RDO No. 93B - Zamboanga, Sibugay.",,,,ZAMBOANGA DEL SUR,OF ZAMBOANGA,CULIANAN,ALL SOCIALIZED HOUSING SUBDIVISION,INTERIOR LOT,RR,Residential - Regular,1250.0
raw,"RDO No. 93A - Zamboanga City and RDO No. 93B - Zamboanga, Sibugay.",,,,ZAMBOANGA DEL SUR,OF ZAMBOANGA,CULIANAN,ALL SOCIALIZED HOUSING SUBDIVISION,INTERIOR LOT,RR,Residential - Regular,1250.0
raw,"RDO No. 93A - Zamboanga City and RDO No. 93B - Zamboanga, Sibugay.",,,,ZAMBOANGA DEL SUR,OF ZAMBOANGA,CULIANAN,VILLA TERESA SUBDIVISION,INTERIOR LOT,RR,Residential - Regular,1750.0
raw,"RDO No. 93A - Zamboanga City and RDO No. 93B - Zamboanga, Sibugay.",,,,ZAMBOANGA DEL SUR,OF ZAMBOANGA,CULIANAN,VILLA TERESA SUBDIVISION,INTERIOR LOT,RR,Residential - Regular,1750.0
raw,"RDO No. 93A - Zamboanga City and RDO No. 93B - Zamboanga, Sibugay.",,,,ZAMBOANGA DEL SUR,OF ZAMBOANGA,CURUAN,ALL LOTS,,CR,Commercial - Regular,750.0
raw,"RDO No. 93A - Zamboanga City and RDO No. 93B - Zamboanga, Sibugay.",,,,ZAMBOANGA DEL SUR,OF ZAMBOANGA,CURUAN,ALL LOTS,,RR,Residential - Regular,350.0
raw,"RDO No. 93A - Zamboanga City and RDO No. 93B - Zamboanga, Sibugay.",,,,ZAMBOANGA DEL SUR,OF ZAMBOANGA,CURUAN,ALL LOTS,,A50,Agricultural - A50,19.0
raw,"RDO No. 93A - Zamboanga City and RDO No. 93B - Zamboanga, Sibugay.",,,,ZAMBOANGA DEL SUR,OF ZAMBOANGA,CURUAN,ALL LOTS,INTERIOR LOT,RR,Residential - Regular,125.0
raw,"RDO No. 93A - Zamboanga City and RDO No. 93B - Zamboanga, Sibugay.",,,,ZAMBOANGA DEL SUR,OF ZAMBOANGA,CURUAN,ALL LOTS,,CR,Commercial - Regular,750.0
raw,"RDO No. 93A - Zamboanga City and RDO No. 93B - Zamboanga, Sibugay.",,,,ZAMBOANGA DEL SUR,OF ZAMBOANGA,CURUAN,ALL LOTS,,RR,Residential - Regular,350.0
raw,"RDO No. 93A - Zamboanga City and RDO No. 93B - Zamboanga, Sibugay.",,,,ZAMBOANGA DEL SUR,OF ZAMBOANGA,CURUAN,ALL LOTS,,A50,Agricultural - A50,19.0
raw,"RDO No. 93A - Zamboanga City and RDO No. 93B - Zamboanga, Sibugay.",,,,ZAMBOANGA DEL SUR,OF ZAMBOANGA,CURUAN,ALL LOTS,INTERIOR LOT,RR,Residential - Regular,125.0
raw,"RDO No. 93A - Zamboanga City and RDO No. 93B - Zamboanga, Sibugay.",,,,ZAMBOANGA DEL SUR,OF ZAMBOANGA,DITA,ALL LOTS,,RR,Residential - Regular,155.0
raw,"RDO No. 93A - Zamboanga City and RDO No. 93B - Zamboanga, Sibugay.",,,,ZAMBOANGA DEL SUR,OF ZAMBOANGA,DITA,ALL LOTS,,A50,Agricultural - A50,11.0
raw,"RDO No. 93A - Zamboanga City and RDO No. 93B - Zamboanga, Sibugay.",,,,ZAMBOANGA DEL SUR,OF ZAMBOANGA,DITA,ALL LOTS,,RR,Residential - Regular,155.0
raw,"RDO No. 93A - Zamboanga City and RDO No. 93B - Zamboanga, Sibugay.",,,,ZAMBOANGA DEL SUR,OF ZAMBOANGA,DITA,ALL LOTS,,A50,Agricultural - A50,11.0
raw,"RDO No. 93A - Zamboanga City and RDO No. 93B - Zamboanga, Sibugay.",,,,ZAMBOANGA DEL SUR,OF ZAMBOANGA,DIVISORIA,ALL LOTS,,CR,Commercial - Regular,3050.0
raw,"RDO No. 93A - Zamboanga City and RDO No. 93B - Zamboanga, Sibugay.",,,,ZAMBOANGA DEL SUR,OF ZAMBOANGA,DIVISORIA,ALL LOTS,,RR,Residential - Regular,1150.0
raw,"RDO No. 93A - Zamboanga City and RDO No. 93B - Zamboanga, Sibugay.",,,,ZAMBOANGA DEL SUR,OF ZAMBOANGA,DIVISORIA,ALL LOTS,,A50,Agricultural - A50,39.0
raw,"RDO No. 93A - Zamboanga City and RDO No. 93B - Zamboanga, Sibugay.",,,,ZAMBOANGA DEL SUR,OF ZAMBOANGA,DIVISORIA,ALL LOTS,INTERIOR LOT,RR,Residential - Regular,650.0
raw,"RDO No. 93A - Zamboanga City and RDO No. 93B - Zamboanga, Sibugay.",,,,ZAMBOANGA DEL SUR,OF ZAMBOANGA,DIVISORIA,ALL LOTS,,CR,Commercial - Regular,3050.0
raw,"RDO No. 93A - Zamboanga City and RDO No. 93B - Zamboanga, Sibugay.",,,,ZAMBOANGA DEL SUR,OF ZAMBOANGA,DIVISORIA,ALL LOTS,,RR,Residential - Regular,1150.0
raw,"RDO No. 93A - Zamboanga City and RDO No. 93B - Zamboanga, Sibugay.",,,,ZAMBOANGA DEL SUR,OF ZAMBOANGA,DIVISORIA,ALL LOTS,,A50,Agricultural - A50,39.0
raw,"RDO No. 93A - Zamboanga City and RDO No. 93B - Zamboanga, Sibugay.",,,,ZAMBOANGA DEL SUR,OF ZAMBOANGA,DIVISORIA,ALL LOTS,INTERIOR LOT,RR,Residential - Regular,650.0
raw,"RDO No. 93A - Zamboanga City and RDO No. 93B - Zamboanga, Sibugay.",,,,ZAMBOANGA DEL SUR,OF ZAMBOANGA,DIVISORIA,ALL LOTS - LUMIYAP *,INTERIOR LOT,RR,Residential - Regular,600.0
raw,"RDO No. 93A - Zamboanga City and RDO No. 93B - Zamboanga, Sibugay.",,,,ZAMBOANGA DEL SUR,OF ZAMBOANGA,DIVISORIA,ALL LOTS - LUMIYAP *,INTERIOR LOT,A50,Agricultural - A50,5.0
raw,"RDO No. 93A - Zamboanga City and RDO No. 93B - Zamboanga, Sibugay.",,,,ZAMBOANGA DEL SUR,OF ZAMBOANGA,DIVISORIA,ALL LOTS - LUMIYAP *,INTERIOR LOT,RR,Residential - Regular,300.0
raw,"RDO No. 93A - Zamboanga City and RDO No. 93B - Zamboanga, Sibugay.",,,,ZAMBOANGA DEL SUR,OF ZAMBOANGA,DIVISORIA,ALL LOTS - LUMIYAP *,INTERIOR LOT,RR,Residential - Regular,600.0
raw,"RDO No. 93A - Zamboanga City and RDO No. 93B - Zamboanga, Sibugay.",,,,ZAMBOANGA DEL SUR,OF ZAMBOANGA,DIVISORIA,ALL LOTS - LUMIYAP *,INTERIOR LOT,A50,Agricultural - A50,5.0
raw,"RDO No. 93A - Zamboanga City and RDO No. 93B - Zamboanga, Sibugay.",,,,ZAMBOANGA DEL SUR,OF ZAMBOANGA,DIVISORIA,ALL LOTS - LUMIYAP *,INTERIOR LOT,RR,Residential - Regular,300.0
raw,"RDO No. 93A - Zamboanga City and RDO No. 93B - Zamboanga, Sibugay.",,,,ZAMBOANGA DEL SUR,OF ZAMBOANGA,DIVISORIA,ALL SOCIALIZED HOUSING SUBDIVISION,INTERIOR LOT,RR,Residential - Regular,1400.0
raw,"RDO No. 93A - Zamboanga City and RDO No. 93B - Zamboanga, Sibugay.",,,,ZAMBOANGA DEL SUR,OF ZAMBOANGA,DIVISORIA,ALL SOCIALIZED HOUSING SUBDIVISION,INTERIOR LOT,RR,Residential - Regular,1400.0
raw,"RDO No. 93A - Zamboanga City and RDO No. 93B - Zamboanga, Sibugay.",,,,ZAMBOANGA DEL SUR,OF ZAMBOANGA,DIVISORIA,MEL ROSE SUBDIVISION,INTERIOR LOT,RR,Residential - Regular,4250.0
raw,"RDO No. 93A - Zamboanga City and RDO No. 93B - Zamboanga, Sibugay.",,,,ZAMBOANGA DEL SUR,OF ZAMBOANGA,DIVISORIA,MEL ROSE SUBDIVISION,INTERIOR LOT,RR,Residential - Regular,4250.0
raw,"RDO No. 93A - Zamboanga City and RDO No. 93B - Zamboanga, Sibugay.",,,,ZAMBOANGA DEL SUR,OF ZAMBOANGA,DULIAN (UPPER BUNGUIAO)*,ALL LOTS,,RR,Residential - Regular,105.0
raw,"RDO No. 93A - Zamboanga City and RDO No. 93B - Zamboanga, Sibugay.",,,,ZAMBOANGA DEL SUR,OF ZAMBOANGA,DULIAN (UPPER BUNGUIAO)*,ALL LOTS,,A50,Agricultural - A50,15.0
raw,"RDO No. 93A - Zamboanga City and RDO No. 93B - Zamboanga, Sibugay.",,,,ZAMBOANGA DEL SUR,OF ZAMBOANGA,DULIAN (UPPER BUNGUIAO)*,ALL LOTS,,RR,Residential - Regular,105.0
raw,"RDO No. 93A - Zamboanga City and RDO No. 93B - Zamboanga, Sibugay.",,,,ZAMBOANGA DEL SUR,OF ZAMBOANGA,DULIAN (UPPER BUNGUIAO)*,ALL LOTS,,A50,Agricultural - A50,15.0
raw,"RDO No. 93A - Zamboanga City and RDO No. 93B - Zamboanga, Sibugay.",,,,ZAMBOANGA DEL SUR,OF ZAMBOANGA,DULIAN (UPPER PASONANCA),ALL LOTS,,RR,Residential - Regular,170.0
raw,"RDO No. 93A - Zamboanga City and RDO No. 93B - Zamboanga, Sibugay.",,,,ZAMBOANGA DEL SUR,OF ZAMBOANGA,DULIAN (UPPER PASONANCA),ALL LOTS,,A50,Agricultural - A50,33.0
raw,"RDO No. 93A - Zamboanga City and RDO No. 93B - Zamboanga, Sibugay.",,,,ZAMBOANGA DEL SUR,OF ZAMBOANGA,DULIAN (UPPER PASONANCA),ALL LOTS,INTERIOR LOT,RR,Residential - Regular,73.0
raw,"RDO No. 93A - Zamboanga City and RDO No. 93B - Zamboanga, Sibugay.",,,,ZAMBOANGA DEL SUR,OF ZAMBOANGA,DULIAN (UPPER PASONANCA),ALL LOTS,,RR,Residential - Regular,170.0
raw,"RDO No. 93A - Zamboanga City and RDO No. 93B - Zamboanga, Sibugay.",,,,ZAMBOANGA DEL SUR,OF ZAMBOANGA,DULIAN (UPPER PASONANCA),ALL LOTS,,A50,Agricultural - A50,33.0
raw,"RDO No. 93A - Zamboanga City and RDO No. 93B - Zamboanga, Sibugay.",,,,ZAMBOANGA DEL SUR,OF ZAMBOANGA,DULIAN (UPPER PASONANCA),ALL LOTS,INTERIOR LOT,RR,Residential - Regular,73.0
raw,"RDO No. 93A - Zamboanga City and RDO No. 93B - Zamboanga, Sibugay.",,,,ZAMBOANGA DEL SUR,OF ZAMBOANGA,GUISAO,ALL LOTS,,RR,Residential - Regular,130.0
raw,"RDO No. 93A - Zamboanga City and RDO No. 93B - Zamboanga, Sibugay.",,,,ZAMBOANGA DEL SUR,OF ZAMBOANGA,GUISAO,ALL LOTS,,A50,Agricultural - A50,11.0
raw,"RDO No. 93A - Zamboanga City and RDO No. 93B - Zamboanga, Sibugay.",,,,ZAMBOANGA DEL SUR,OF ZAMBOANGA,GUISAO,ALL LOTS,,RR,Residential - Regular,130.0
raw,"RDO No. 93A - Zamboanga City and RDO No. 93B - Zamboanga, Sibugay.",,,,ZAMBOANGA DEL SUR,OF ZAMBOANGA,GUISAO,ALL LOTS,,A50,Agricultural - A50,11.0
raw,"RDO No. 93A - Zamboanga City and RDO No. 93B - Zamboanga, Sibugay.",,,,ZAMBOANGA DEL SUR,OF ZAMBOANGA,GUIWAN,ALL LOTS,,CR,Commercial - Regular,4500.0
raw,"RDO No. 93A - Zamboanga City and RDO No. 93B - Zamboanga, Sibugay.",,,,ZAMBOANGA DEL SUR,OF ZAMBOANGA,GUIWAN,ALL LOTS,,RR,Residential - Regular,2750.0
raw,"RDO No. 93A - Zamboanga City and RDO No. 93B - Zamboanga, Sibugay.",,,,ZAMBOANGA DEL SUR,OF ZAMBOANGA,GUIWAN,ALL LOTS,,A50,Agricultural - A50,10.0
raw,"RDO No. 93A - Zamboanga City and RDO No. 93B - Zamboanga, Sibugay.",,,,ZAMBOANGA DEL SUR,OF ZAMBOANGA,GUIWAN,ALL LOTS,INTERIOR LOT,CR,Commercial - Regular,2500.0
raw,"RDO No. 93A - Zamboanga City and RDO No. 93B - Zamboanga, Sibugay.",,,,ZAMBOANGA DEL SUR,OF ZAMBOANGA,GUIWAN,ALL LOTS,INTERIOR LOT,RR,Residential - Regular,1500.0
raw,"RDO No. 93A - Zamboanga City and RDO No. 93B - Zamboanga, Sibugay.",,,,ZAMBOANGA DEL SUR,OF ZAMBOANGA,GUIWAN,ALL LOTS,,CR,Commercial - Regular,4500.0
raw,"RDO No. 93A - Zamboanga City and RDO No. 93B - Zamboanga, Sibugay.",,,,ZAMBOANGA DEL SUR,OF ZAMBOANGA,GUIWAN,ALL LOTS,,RR,Residential - Regular,2750.0
raw,"RDO No. 93A - Zamboanga City and RDO No. 93B - Zamboanga, Sibugay.",,,,ZAMBOANGA DEL SUR,OF ZAMBOANGA,GUIWAN,ALL LOTS,,A50,Agricultural - A50,10.0
raw,"RDO No. 93A - Zamboanga City and RDO No. 93B - Zamboanga, Sibugay.",,,,ZAMBOANGA DEL SUR,OF ZAMBOANGA,GUIWAN,ALL LOTS,INTERIOR LOT,CR,Commercial - Regular,2500.0
raw,"RDO No. 93A - Zamboanga City and RDO No. 93B - Zamboanga, Sibugay.",,,,ZAMBOANGA DEL SUR,OF ZAMBOANGA,GUIWAN,ALL LOTS,INTERIOR LOT,RR,Residential - Regular,1500.0
raw,"RDO No. 93A - Zamboanga City and RDO No. 93B - Zamboanga, Sibugay.",,,,ZAMBOANGA DEL SUR,OF ZAMBOANGA,GUIWAN,ALL OTHER SUBDIVISION,INTERIOR LOT,RR,Residential - Regular,1750.0
raw,"RDO No. 93A - Zamboanga City and RDO No. 93B - Zamboanga, Sibugay.",,,,ZAMBOANGA DEL SUR,OF ZAMBOANGA,GUIWAN,ALL OTHER SUBDIVISION,INTERIOR LOT,RR,Residential - Regular,1750.0
raw,"RDO No. 93A - Zamboanga City and RDO No. 93B - Zamboanga, Sibugay.",,,,ZAMBOANGA DEL SUR,OF ZAMBOANGA,GUIWAN,CONDOMINIUMS & TOWNHOUSES (CCT) -     HARB TOWNHOUSES,INTERIOR LOT,RC,Residential - Condominium,2750.0
raw,"RDO No. 93A - Zamboanga City and RDO No. 93B - Zamboanga, Sibugay.",,,,ZAMBOANGA DEL SUR,OF ZAMBOANGA,GUIWAN,CONDOMINIUMS & TOWNHOUSES (CCT) -     HARB TOWNHOUSES,INTERIOR LOT,RC,Residential - Condominium,2750.0
raw,"RDO No. 93A - Zamboanga City and RDO No. 93B - Zamboanga, Sibugay.",,,,ZAMBOANGA DEL SUR,OF ZAMBOANGA,GUIWAN,VILLA TERESA SUBDIVISION,INTERIOR LOT,RR,Residential - Regular,2500.0
raw,"RDO No. 93A - Zamboanga City and RDO No. 93B - Zamboanga, Sibugay.",,,,ZAMBOANGA DEL SUR,OF ZAMBOANGA,GUIWAN,VILLA TERESA SUBDIVISION,INTERIOR LOT,RR,Residential - Regular,2500.0
raw,"RDO No. 93A - Zamboanga City and RDO No. 93B - Zamboanga, Sibugay.",,,,ZAMBOANGA DEL SUR,OF ZAMBOANGA,KASANYANGAN *,ALL LOTS,,CR,Commercial - Regular,900.0
raw,"RDO No. 93A - Zamboanga City and RDO No. 93B - Zamboanga, Sibugay.",,,,ZAMBOANGA DEL SUR,OF ZAMBOANGA,KASANYANGAN *,ALL LOTS,,RR,Residential - Regular,600.0
raw,"RDO No. 93A - Zamboanga City and RDO No. 93B - Zamboanga, Sibugay.",,,,ZAMBOANGA DEL SUR,OF ZAMBOANGA,KASANYANGAN *,ALL LOTS,INTERIOR LOT,RR,Residential - Regular,300.0
raw,"RDO No. 93A - Zamboanga City and RDO No. 93B - Zamboanga, Sibugay.",,,,ZAMBOANGA DEL SUR,OF ZAMBOANGA,KASANYANGAN *,ALL LOTS,,CR,Commercial - Regular,900.0
raw,"RDO No. 93A - Zamboanga City and RDO No. 93B - Zamboanga, Sibugay.",,,,ZAMBOANGA DEL SUR,OF ZAMBOANGA,KASANYANGAN *,ALL LOTS,,RR,Residential - Regular,600.0
raw,"RDO No. 93A - Zamboanga City and RDO No. 93B - Zamboanga, Sibugay.",,,,ZAMBOANGA DEL SUR,OF ZAMBOANGA,KASANYANGAN *,ALL LOTS,INTERIOR LOT,RR,Residential - Regular,300.0
raw,"RDO No. 93A - Zamboanga City and RDO No. 93B - Zamboanga, Sibugay.",,,,ZAMBOANGA DEL SUR,OF ZAMBOANGA,L GUA SACOL IS,ALL LOTS,,RR,Residential - Regular,106.0
raw,"RDO No. 93A - Zamboanga City and RDO No. 93B - Zamboanga, Sibugay.",,,,ZAMBOANGA DEL SUR,OF ZAMBOANGA,L GUA SACOL IS,ALL LOTS,,A50,Agricultural - A50,11.0
raw,"RDO No. 93A - Zamboanga City and RDO No. 93B - Zamboanga, Sibugay.",,,,ZAMBOANGA DEL SUR,OF ZAMBOANGA,L GUA SACOL IS,ALL LOTS,,RR,Residential - Regular,106.0
raw,"RDO No. 93A - Zamboanga City and RDO No. 93B - Zamboanga, Sibugay.",,,,ZAMBOANGA DEL SUR,OF ZAMBOANGA,L GUA SACOL IS,ALL LOTS,,A50,Agricultural - A50,11.0
raw,"RDO No. 93A - Zamboanga City and RDO No. 93B - Zamboanga, Sibugay.",,,,ZAMBOANGA DEL SUR,OF ZAMBOANGA,LA PAZ,ALL LOTS,,RR,Residential - Regular,160.0
raw,"RDO No. 93A - Zamboanga City and RDO No. 93B - Zamboanga, Sibugay.",,,,ZAMBOANGA DEL SUR,OF ZAMBOANGA,LA PAZ,ALL LOTS,,A50,Agricultural - A50,11.0
raw,"RDO No. 93A - Zamboanga City and RDO No. 93B - Zamboanga, Sibugay.",,,,ZAMBOANGA DEL SUR,OF ZAMBOANGA,LA PAZ,ALL LOTS,INTERIOR LOT,RR,Residential - Regular,63.0
raw,"RDO No. 93A - Zamboanga City and RDO No. 93B - Zamboanga, Sibugay.",,,,ZAMBOANGA DEL SUR,OF ZAMBOANGA,LA PAZ,ALL LOTS,,RR,Residential - Regular,160.0
raw,"RDO No. 93A - Zamboanga City and RDO No. 93B - Zamboanga, Sibugay.",,,,ZAMBOANGA DEL SUR,OF ZAMBOANGA,LA PAZ,ALL LOTS,,A50,Agricultural - A50,11.0
raw,"RDO No. 93A - Zamboanga City and RDO No. 93B - Zamboanga, Sibugay.",,,,ZAMBOANGA DEL SUR,OF ZAMBOANGA,LA PAZ,ALL LOTS,INTERIOR LOT,RR,Residential - Regular,63.0
raw,"RDO No. 93A - Zamboanga City and RDO No. 93B - Zamboanga, Sibugay.",,,,ZAMBOANGA DEL SUR,OF ZAMBOANGA,LABUAN,ALL LOTS,,CR,Commercial - Regular,400.0
raw,"RDO No. 93A - Zamboanga City and RDO No. 93B - Zamboanga, Sibugay.",,,,ZAMBOANGA DEL SUR,OF ZAMBOANGA,LABUAN,ALL LOTS,,RR,Residential - Regular,300.0
raw,"RDO No. 93A - Zamboanga City and RDO No. 93B - Zamboanga, Sibugay.",,,,ZAMBOANGA DEL SUR,OF ZAMBOANGA,LABUAN,ALL LOTS,,I,Industrial,775.0
raw,"RDO No. 93A - Zamboanga City and RDO No. 93B - Zamboanga, Sibugay.",,,,ZAMBOANGA DEL SUR,OF ZAMBOANGA,LABUAN,ALL LOTS,,GP,General Purpose,25.0
raw,"RDO No. 93A - Zamboanga City and RDO No. 93B - Zamboanga, Sibugay.",,,,ZAMBOANGA DEL SUR,OF ZAMBOANGA,LABUAN,ALL LOTS,,A50,Agricultural - A50,17.0
raw,"RDO No. 93A - Zamboanga City and RDO No. 93B - Zamboanga, Sibugay.",,,,ZAMBOANGA DEL SUR,OF ZAMBOANGA,LABUAN,ALL LOTS,INTERIOR LOT,RR,Residential - Regular,115.0
raw,"RDO No. 93A - Zamboanga City and RDO No. 93B - Zamboanga, Sibugay.",,,,ZAMBOANGA DEL SUR,OF ZAMBOANGA,LABUAN,ALL LOTS,,CR,Commercial - Regular,400.0
raw,"RDO No. 93A - Zamboanga City and RDO No. 93B - Zamboanga, Sibugay.",,,,ZAMBOANGA DEL SUR,OF ZAMBOANGA,LABUAN,ALL LOTS,,RR,Residential - Regular,300.0
raw,"RDO No. 93A - Zamboanga City and RDO No. 93B - Zamboanga, Sibugay.",,,,ZAMBOANGA DEL SUR,OF ZAMBOANGA,LABUAN,ALL LOTS,,I,Industrial,775.0
raw,"RDO No. 93A - Zamboanga City and RDO No. 93B - Zamboanga, Sibugay.",,,,ZAMBOANGA DEL SUR,OF ZAMBOANGA,LABUAN,ALL LOTS,,GP,General Purpose,25.0
raw,"RDO No. 93A - Zamboanga City and RDO No. 93B - Zamboanga, Sibugay.",,,,ZAMBOANGA DEL SUR,OF ZAMBOANGA,LABUAN,ALL LOTS,,A50,Agricultural - A50,17.0
raw,"RDO No. 93A - Zamboanga City and RDO No. 93B - Zamboanga, Sibugay.",,,,ZAMBOANGA DEL SUR,OF ZAMBOANGA,LABUAN,ALL LOTS,INTERIOR LOT,RR,Residential - Regular,115.0
raw,"RDO No. 93A - Zamboanga City and RDO No. 93B - Zamboanga, Sibugay.",,,,ZAMBOANGA DEL SUR,OF ZAMBOANGA,LAMISAHAN,ALL LOTS,,RR,Residential - Regular,130.0
raw,"RDO No. 93A - Zamboanga City and RDO No. 93B - Zamboanga, Sibugay.",,,,ZAMBOANGA DEL SUR,OF ZAMBOANGA,LAMISAHAN,ALL LOTS,,A50,Agricultural - A50,11.0
raw,"RDO No. 93A - Zamboanga City and RDO No. 93B - Zamboanga, Sibugay.",,,,ZAMBOANGA DEL SUR,OF ZAMBOANGA,LAMISAHAN,ALL LOTS,,RR,Residential - Regular,130.0
raw,"RDO No. 93A - Zamboanga City and RDO No. 93B - Zamboanga, Sibugay.",,,,ZAMBOANGA DEL SUR,OF ZAMBOANGA,LAMISAHAN,ALL LOTS,,A50,Agricultural - A50,11.0
raw,"RDO No. 93A - Zamboanga City and RDO No. 93B - Zamboanga, Sibugay.",,,,ZAMBOANGA DEL SUR,OF ZAMBOANGA,LANDANG LAUM IS,ALL LOTS,,RR,Residential - Regular,106.0
raw,"RDO No. 93A - Zamboanga City and RDO No. 93B - Zamboanga, Sibugay.",,,,ZAMBOANGA DEL SUR,OF ZAMBOANGA,LANDANG LAUM IS,ALL LOTS,,A50,Agricultural - A50,11.0
raw,"RDO No. 93A - Zamboanga City and RDO No. 93B - Zamboanga, Sibugay.",,,,ZAMBOANGA DEL SUR,OF ZAMBOANGA,LANDANG LAUM IS,ALL LOTS,,RR,Residential - Regular,106.0
raw,"RDO No. 93A - Zamboanga City and RDO No. 93B - Zamboanga, Sibugay.",,,,ZAMBOANGA DEL SUR,OF ZAMBOANGA,LANDANG LAUM IS,ALL LOTS,,A50,Agricultural - A50,11.0
raw,"RDO No. 93A - Zamboanga City and RDO No. 93B - Zamboanga, Sibugay.",,,,ZAMBOANGA DEL SUR,OF ZAMBOANGA,LANZONES,ALL LOTS,,RR,Residential - Regular,120.0
raw,"RDO No. 93A - Zamboanga City and RDO No. 93B - Zamboanga, Sibugay.",,,,ZAMBOANGA DEL SUR,OF ZAMBOANGA,LANZONES,ALL LOTS,,A50,Agricultural - A50,11.0
raw,"RDO No. 93A - Zamboanga City and RDO No. 93B - Zamboanga, Sibugay.",,,,ZAMBOANGA DEL SUR,OF ZAMBOANGA,LANZONES,ALL LOTS,,RR,Residential - Regular,120.0
raw,"RDO No. 93A - Zamboanga City and RDO No. 93B - Zamboanga, Sibugay.",,,,ZAMBOANGA DEL SUR,OF ZAMBOANGA,LANZONES,ALL LOTS,,A50,Agricultural - A50,11.0
raw,"RDO No. 93A - Zamboanga City and RDO No. 93B - Zamboanga, Sibugay.",,,,ZAMBOANGA DEL SUR,OF ZAMBOANGA,LAPAKAN,ALL LOTS,,RR,Residential - Regular,130.0
raw,"RDO No. 93A - Zamboanga City and RDO No. 93B - Zamboanga, Sibugay.",,,,ZAMBOANGA DEL SUR,OF ZAMBOANGA,LAPAKAN,ALL LOTS,,A50,Agricultural - A50,11.0
raw,"RDO No. 93A - Zamboanga City and RDO No. 93B - Zamboanga, Sibugay.",,,,ZAMBOANGA DEL SUR,OF ZAMBOANGA,LAPAKAN,ALL LOTS,,RR,Residential - Regular,130.0
raw,"RDO No. 93A - Zamboanga City and RDO No. 93B - Zamboanga, Sibugay.",,,,ZAMBOANGA DEL SUR,OF ZAMBOANGA,LAPAKAN,ALL LOTS,,A50,Agricultural - A50,11.0
raw,"RDO No. 93A - Zamboanga City and RDO No. 93B - Zamboanga, Sibugay.",,,,ZAMBOANGA DEL SUR,OF ZAMBOANGA,LATUAN,ALL LOTS,,RR,Residential - Regular,130.0
raw,"RDO No. 93A - Zamboanga City and RDO No. 93B - Zamboanga, Sibugay.",,,,ZAMBOANGA DEL SUR,OF ZAMBOANGA,LATUAN,ALL LOTS,,A50,Agricultural - A50,11.0
raw,"RDO No. 93A - Zamboanga City and RDO No. 93B - Zamboanga, Sibugay.",,,,ZAMBOANGA DEL SUR,OF ZAMBOANGA,LATUAN,ALL LOTS,,RR,Residential - Regular,130.0
raw,"RDO No. 93A - Zamboanga City and RDO No. 93B - Zamboanga, Sibugay.",,,,ZAMBOANGA DEL SUR,OF ZAMBOANGA,LATUAN,ALL LOTS,,A50,Agricultural - A50,11.0
raw,"RDO No. 93A - Zamboanga City and RDO No. 93B - Zamboanga, Sibugay.",,,,ZAMBOANGA DEL SUR,OF ZAMBOANGA,LICOMO*,ALL LOTS,,RR,Residential - Regular,130.0
raw,"RDO No. 93A - Zamboanga City and RDO No. 93B - Zamboanga, Sibugay.",,,,ZAMBOANGA DEL SUR,OF ZAMBOANGA,LICOMO*,ALL LOTS,,A50,Agricultural - A50,11.0
raw,"RDO No. 93A - Zamboanga City and RDO No. 93B - Zamboanga, Sibugay.",,,,ZAMBOANGA DEL SUR,OF ZAMBOANGA,LICOMO*,ALL LOTS,,RR,Residential - Regular,130.0
raw,"RDO No. 93A - Zamboanga City and RDO No. 93B - Zamboanga, Sibugay.",,,,ZAMBOANGA DEL SUR,OF ZAMBOANGA,LICOMO*,ALL LOTS,,A50,Agricultural - A50,11.0
raw,"RDO No. 93A - Zamboanga City and RDO No. 93B - Zamboanga, Sibugay.",,,,ZAMBOANGA DEL SUR,OF ZAMBOANGA,LIMAONG CENTER,ALL LOTS,,RR,Residential - Regular,106.0
raw,"RDO No. 93A - Zamboanga City and RDO No. 93B - Zamboanga, Sibugay.",,,,ZAMBOANGA DEL SUR,OF ZAMBOANGA,LIMAONG CENTER,ALL LOTS,,A50,Agricultural - A50,11.0
raw,"RDO No. 93A - Zamboanga City and RDO No. 93B - Zamboanga, Sibugay.",,,,ZAMBOANGA DEL SUR,OF ZAMBOANGA,LIMAONG CENTER,ALL LOTS,,RR,Residential - Regular,106.0
raw,"RDO No. 93A - Zamboanga City and RDO No. 93B - Zamboanga, Sibugay.",,,,ZAMBOANGA DEL SUR,OF ZAMBOANGA,LIMAONG CENTER,ALL LOTS,,A50,Agricultural - A50,11.0
raw,"RDO No. 93A - Zamboanga City and RDO No. 93B - Zamboanga, Sibugay.",,,,ZAMBOANGA DEL SUR,OF ZAMBOANGA,LIMPAPA,ALL LOTS,,RR,Residential - Regular,155.0
raw,"RDO No. 93A - Zamboanga City and RDO No. 93B - Zamboanga, Sibugay.",,,,ZAMBOANGA DEL SUR,OF ZAMBOANGA,LIMPAPA,ALL LOTS,,A50,Agricultural - A50,11.0
raw,"RDO No. 93A - Zamboanga City and RDO No. 93B - Zamboanga, Sibugay.",,,,ZAMBOANGA DEL SUR,OF ZAMBOANGA,LIMPAPA,ALL LOTS,INTERIOR LOT,RR,Residential - Regular,60.0
raw,"RDO No. 93A - Zamboanga City and RDO No. 93B - Zamboanga, Sibugay.",,,,ZAMBOANGA DEL SUR,OF ZAMBOANGA,LIMPAPA,ALL LOTS,,RR,Residential - Regular,155.0
raw,"RDO No. 93A - Zamboanga City and RDO No. 93B - Zamboanga, Sibugay.",,,,ZAMBOANGA DEL SUR,OF ZAMBOANGA,LIMPAPA,ALL LOTS,,A50,Agricultural - A50,11.0
raw,"RDO No. 93A - Zamboanga City and RDO No. 93B - Zamboanga, Sibugay.",,,,ZAMBOANGA DEL SUR,OF ZAMBOANGA,LIMPAPA,ALL LOTS,INTERIOR LOT,RR,Residential - Regular,60.0
raw,"RDO No. 93A - Zamboanga City and RDO No. 93B - Zamboanga, Sibugay.",,,,ZAMBOANGA DEL SUR,OF ZAMBOANGA,LUBIGAN,ALL LOTS,,RR,Residential - Regular,175.0
raw,"RDO No. 93A - Zamboanga City and RDO No. 93B - Zamboanga, Sibugay.",,,,ZAMBOANGA DEL SUR,OF ZAMBOANGA,LUBIGAN,ALL LOTS,,A50,Agricultural - A50,11.0
raw,"RDO No. 93A - Zamboanga City and RDO No. 93B - Zamboanga, Sibugay.",,,,ZAMBOANGA DEL SUR,OF ZAMBOANGA,LUBIGAN,ALL LOTS,INTERIOR LOT,RR,Residential - Regular,60.0
raw,"RDO No. 93A - Zamboanga City and RDO No. 93B - Zamboanga, Sibugay.",,,,ZAMBOANGA DEL SUR,OF ZAMBOANGA,LUBIGAN,ALL LOTS,,RR,Residential - Regular,175.0
raw,"RDO No. 93A - Zamboanga City and RDO No. 93B - Zamboanga, Sibugay.",,,,ZAMBOANGA DEL SUR,OF ZAMBOANGA,LUBIGAN,ALL LOTS,,A50,Agricultural - A50,11.0
raw,"RDO No. 93A - Zamboanga City and RDO No. 93B - Zamboanga, Sibugay.",,,,ZAMBOANGA DEL SUR,OF ZAMBOANGA,LUBIGAN,ALL LOTS,INTERIOR LOT,RR,Residential - Regular,60.0
raw,"RDO No. 93A - Zamboanga City and RDO No. 93B - Zamboanga, Sibugay.",,,,ZAMBOANGA DEL SUR,OF ZAMBOANGA,LUMAYANG,ALL LOTS,,RR,Residential - Regular,160.0
raw,"RDO No. 93A - Zamboanga City and RDO No. 93B - Zamboanga, Sibugay.",,,,ZAMBOANGA DEL SUR,OF ZAMBOANGA,LUMAYANG,ALL LOTS,,A50,Agricultural - A50,11.0
raw,"RDO No. 93A - Zamboanga City and RDO No. 93B - Zamboanga, Sibugay.",,,,ZAMBOANGA DEL SUR,OF ZAMBOANGA,LUMAYANG,ALL LOTS,INTERIOR LOT,RR,Residential - Regular,60.0
raw,"RDO No. 93A - Zamboanga City and RDO No. 93B - Zamboanga, Sibugay.",,,,ZAMBOANGA DEL SUR,OF ZAMBOANGA,LUMAYANG,ALL LOTS,,RR,Residential - Regular,160.0
raw,"RDO No. 93A - Zamboanga City and RDO No. 93B - Zamboanga, Sibugay.",,,,ZAMBOANGA DEL SUR,OF ZAMBOANGA,LUMAYANG,ALL LOTS,,A50,Agricultural - A50,11.0
raw,"RDO No. 93A - Zamboanga City and RDO No. 93B - Zamboanga, Sibugay.",,,,ZAMBOANGA DEL SUR,OF ZAMBOANGA,LUMAYANG,ALL LOTS,INTERIOR LOT,RR,Residential - Regular,60.0
raw,"RDO No. 93A - Zamboanga City and RDO No. 93B - Zamboanga, Sibugay.",,,,ZAMBOANGA DEL SUR,OF ZAMBOANGA,LUMBANGAN,ALL LOTS,,CR,Commercial - Regular,700.0
raw,"RDO No. 93A - Zamboanga City and RDO No. 93B - Zamboanga, Sibugay.",,,,ZAMBOANGA DEL SUR,OF ZAMBOANGA,LUMBANGAN,ALL LOTS,,RR,Residential - Regular,475.0
raw,"RDO No. 93A - Zamboanga City and RDO No. 93B - Zamboanga, Sibugay.",,,,ZAMBOANGA DEL SUR,OF ZAMBOANGA,LUMBANGAN,ALL LOTS,,A50,Agricultural - A50,11.0
raw,"RDO No. 93A - Zamboanga City and RDO No. 93B - Zamboanga, Sibugay.",,,,ZAMBOANGA DEL SUR,OF ZAMBOANGA,LUMBANGAN,ALL LOTS,INTERIOR LOT,RR,Residential - Regular,225.0
raw,"RDO No. 93A - Zamboanga City and RDO No. 93B - Zamboanga, Sibugay.",,,,ZAMBOANGA DEL SUR,OF ZAMBOANGA,LUMBANGAN,ALL LOTS,,CR,Commercial - Regular,700.0
raw,"RDO No. 93A - Zamboanga City and RDO No. 93B - Zamboanga, Sibugay.",,,,ZAMBOANGA DEL SUR,OF ZAMBOANGA,LUMBANGAN,ALL LOTS,,RR,Residential - Regular,475.0
raw,"RDO No. 93A - Zamboanga City and RDO No. 93B - Zamboanga, Sibugay.",,,,ZAMBOANGA DEL SUR,OF ZAMBOANGA,LUMBANGAN,ALL LOTS,,A50,Agricultural - A50,11.0
raw,"RDO No. 93A - Zamboanga City and RDO No. 93B - Zamboanga, Sibugay.",,,,ZAMBOANGA DEL SUR,OF ZAMBOANGA,LUMBANGAN,ALL LOTS,INTERIOR LOT,RR,Residential - Regular,225.0
raw,"RDO No. 93A - Zamboanga City and RDO No. 93B - Zamboanga, Sibugay.",,,,ZAMBOANGA DEL SUR,OF ZAMBOANGA,LUNZURAN,ALL LOTS,,CR,Commercial - Regular,1000.0
raw,"RDO No. 93A - Zamboanga City and RDO No. 93B - Zamboanga, Sibugay.",,,,ZAMBOANGA DEL SUR,OF ZAMBOANGA,LUNZURAN,ALL LOTS,,RR,Residential - Regular,550.0
raw,"RDO No. 93A - Zamboanga City and RDO No. 93B - Zamboanga, Sibugay.",,,,ZAMBOANGA DEL SUR,OF ZAMBOANGA,LUNZURAN,ALL LOTS,,A50,Agricultural - A50,26.0
raw,"RDO No. 93A - Zamboanga City and RDO No. 93B - Zamboanga, Sibugay.",,,,ZAMBOANGA DEL SUR,OF ZAMBOANGA,LUNZURAN,ALL LOTS,INTERIOR LOT,RR,Residential - Regular,200.0
raw,"RDO No. 93A - Zamboanga City and RDO No. 93B - Zamboanga, Sibugay.",,,,ZAMBOANGA DEL SUR,OF ZAMBOANGA,LUNZURAN,ALL LOTS,,CR,Commercial - Regular,1000.0
raw,"RDO No. 93A - Zamboanga City and RDO No. 93B - Zamboanga, Sibugay.",,,,ZAMBOANGA DEL SUR,OF ZAMBOANGA,LUNZURAN,ALL LOTS,,RR,Residential - Regular,550.0
raw,"RDO No. 93A - Zamboanga City and RDO No. 93B - Zamboanga, Sibugay.",,,,ZAMBOANGA DEL SUR,OF ZAMBOANGA,LUNZURAN,ALL LOTS,,A50,Agricultural - A50,26.0
raw,"RDO No. 93A - Zamboanga City and RDO No. 93B - Zamboanga, Sibugay.",,,,ZAMBOANGA DEL SUR,OF ZAMBOANGA,LUNZURAN,ALL LOTS,INTERIOR LOT,RR,Residential - Regular,200.0
raw,"RDO No. 93A - Zamboanga City and RDO No. 93B - Zamboanga, Sibugay.",,,,ZAMBOANGA DEL SUR,OF ZAMBOANGA,LUNZURAN,ALL OTHER SOCIALIZED SUBDIVISION,INTERIOR LOT,RR,Residential - Regular,1000.0
raw,"RDO No. 93A - Zamboanga City and RDO No. 93B - Zamboanga, Sibugay.",,,,ZAMBOANGA DEL SUR,OF ZAMBOANGA,LUNZURAN,ALL OTHER SOCIALIZED SUBDIVISION,INTERIOR LOT,RR,Residential - Regular,1000.0
raw,"RDO No. 93A - Zamboanga City and RDO No. 93B - Zamboanga, Sibugay.",,,,ZAMBOANGA DEL SUR,OF ZAMBOANGA,LUNZURAN,ALL OTHER SUBDIVISION,INTERIOR LOT,RR,Residential - Regular,1000.0
raw,"RDO No. 93A - Zamboanga City and RDO No. 93B - Zamboanga, Sibugay.",,,,ZAMBOANGA DEL SUR,OF ZAMBOANGA,LUNZURAN,ALL OTHER SUBDIVISION,INTERIOR LOT,RR,Residential - Regular,1000.0
raw,"RDO No. 93A - Zamboanga City and RDO No. 93B - Zamboanga, Sibugay.",,,,ZAMBOANGA DEL SUR,OF ZAMBOANGA,LUNZURAN,CASAS DE AMOR SUBDIVISION,INTERIOR LOT,RR,Residential - Regular,2250.0
raw,"RDO No. 93A - Zamboanga City and RDO No. 93B - Zamboanga, Sibugay.",,,,ZAMBOANGA DEL SUR,OF ZAMBOANGA,LUNZURAN,CASAS DE AMOR SUBDIVISION,INTERIOR LOT,RR,Residential - Regular,2250.0
raw,"RDO No. 93A - Zamboanga City and RDO No. 93B - Zamboanga, Sibugay.",,,,ZAMBOANGA DEL SUR,OF ZAMBOANGA,LUNZURAN,PATRICIO HOMES SUBDIVISION,INTERIOR LOT,RR,Residential - Regular,2000.0
raw,"RDO No. 93A - Zamboanga City and RDO No. 93B - Zamboanga, Sibugay.",,,,ZAMBOANGA DEL SUR,OF ZAMBOANGA,LUNZURAN,PATRICIO HOMES SUBDIVISION,INTERIOR LOT,RR,Residential - Regular,2000.0
raw,"RDO No. 93A - Zamboanga City and RDO No. 93B - Zamboanga, Sibugay.",,,,ZAMBOANGA DEL SUR,OF ZAMBOANGA,LUNZURAN,SAN IGNACIO SUBDIVISION,INTERIOR LOT,RR,Residential - Regular,3750.0
raw,"RDO No. 93A - Zamboanga City and RDO No. 93B - Zamboanga, Sibugay.",,,,ZAMBOANGA DEL SUR,OF ZAMBOANGA,LUNZURAN,SAN IGNACIO SUBDIVISION,INTERIOR LOT,RR,Residential - Regular,3750.0
raw,"RDO No. 93A - Zamboanga City and RDO No. 93B - Zamboanga, Sibugay.",,,,ZAMBOANGA DEL SUR,OF ZAMBOANGA,LUNZURAN,WOODRIDGE SUBDIVISION,INTERIOR LOT,RR,Residential - Regular,3750.0
raw,"RDO No. 93A - Zamboanga City and RDO No. 93B - Zamboanga, Sibugay.",,,,ZAMBOANGA DEL SUR,OF ZAMBOANGA,LUNZURAN,WOODRIDGE SUBDIVISION,INTERIOR LOT,RR,Residential - Regular,3750.0
raw,"RDO No. 93A - Zamboanga City and RDO No. 93B - Zamboanga, Sibugay.",,,,ZAMBOANGA DEL SUR,OF ZAMBOANGA,MAASIN,ALL LOTS,,CR,Commercial - Regular,900.0
raw,"RDO No. 93A - Zamboanga City and RDO No. 93B - Zamboanga, Sibugay.",,,,ZAMBOANGA DEL SUR,OF ZAMBOANGA,MAASIN,ALL LOTS,,RR,Residential - Regular,475.0
raw,"RDO No. 93A - Zamboanga City and RDO No. 93B - Zamboanga, Sibugay.",,,,ZAMBOANGA DEL SUR,OF ZAMBOANGA,MAASIN,ALL LOTS,,I,Industrial,975.0
raw,"RDO No. 93A - Zamboanga City and RDO No. 93B - Zamboanga, Sibugay.",,,,ZAMBOANGA DEL SUR,OF ZAMBOANGA,MAASIN,ALL LOTS,,A50,Agricultural - A50,55.0
raw,"RDO No. 93A - Zamboanga City and RDO No. 93B - Zamboanga, Sibugay.",,,,ZAMBOANGA DEL SUR,OF ZAMBOANGA,MAASIN,ALL LOTS,INTERIOR LOT,RR,Residential - Regular,250.0
raw,"RDO No. 93A - Zamboanga City and RDO No. 93B - Zamboanga, Sibugay.",,,,ZAMBOANGA DEL SUR,OF ZAMBOANGA,MAASIN,ALL LOTS,,CR,Commercial - Regular,900.0
raw,"RDO No. 93A - Zamboanga City and RDO No. 93B - Zamboanga, Sibugay.",,,,ZAMBOANGA DEL SUR,OF ZAMBOANGA,MAASIN,ALL LOTS,,RR,Residential - Regular,475.0
raw,"RDO No. 93A - Zamboanga City and RDO No. 93B - Zamboanga, Sibugay.",,,,ZAMBOANGA DEL SUR,OF ZAMBOANGA,MAASIN,ALL LOTS,,I,Industrial,975.0
raw,"RDO No. 93A - Zamboanga City and RDO No. 93B - Zamboanga, Sibugay.",,,,ZAMBOANGA DEL SUR,OF ZAMBOANGA,MAASIN,ALL LOTS,,A50,Agricultural - A50,55.0
raw,"RDO No. 93A - Zamboanga City and RDO No. 93B - Zamboanga, Sibugay.",,,,ZAMBOANGA DEL SUR,OF ZAMBOANGA,MAASIN,ALL LOTS,INTERIOR LOT,RR,Residential - Regular,250.0
raw,"RDO No. 93A - Zamboanga City and RDO No. 93B - Zamboanga, Sibugay.",,,,ZAMBOANGA DEL SUR,OF ZAMBOANGA,MAASIN,ALL OTHER SUBDIVISION,INTERIOR LOT,RR,Residential - Regular,600.0
raw,"RDO No. 93A - Zamboanga City and RDO No. 93B - Zamboanga, Sibugay.",,,,ZAMBOANGA DEL SUR,OF ZAMBOANGA,MAASIN,ALL OTHER SUBDIVISION,INTERIOR LOT,RR,Residential - Regular,600.0
raw,"RDO No. 93A - Zamboanga City and RDO No. 93B - Zamboanga, Sibugay.",,,,ZAMBOANGA DEL SUR,OF ZAMBOANGA,MAASIN,ALL SOCIALIZED HOUSING SUBDIVISION,INTERIOR LOT,RR,Residential - Regular,600.0
raw,"RDO No. 93A - Zamboanga City and RDO No. 93B - Zamboanga, Sibugay.",,,,ZAMBOANGA DEL SUR,OF ZAMBOANGA,MAASIN,ALL SOCIALIZED HOUSING SUBDIVISION,INTERIOR LOT,RR,Residential - Regular,600.0
raw,"RDO No. 93A - Zamboanga City and RDO No. 93B - Zamboanga, Sibugay.",,,,ZAMBOANGA DEL SUR,OF ZAMBOANGA,MAASIN,CAHAYA TIMUR SUBDIVISION,INTERIOR LOT,RR,Residential - Regular,850.0
raw,"RDO No. 93A - Zamboanga City and RDO No. 93B - Zamboanga, Sibugay.",,,,ZAMBOANGA DEL SUR,OF ZAMBOANGA,MAASIN,CAHAYA TIMUR SUBDIVISION,INTERIOR LOT,RR,Residential - Regular,850.0
raw,"RDO No. 93A - Zamboanga City and RDO No. 93B - Zamboanga, Sibugay.",,,,ZAMBOANGA DEL SUR,OF ZAMBOANGA,MALAGUTAY,ALL LOTS,,CR,Commercial - Regular,700.0
raw,"RDO No. 93A - Zamboanga City and RDO No. 93B - Zamboanga, Sibugay.",,,,ZAMBOANGA DEL SUR,OF ZAMBOANGA,MALAGUTAY,ALL LOTS,,RR,Residential - Regular,325.0
raw,"RDO No. 93A - Zamboanga City and RDO No. 93B - Zamboanga, Sibugay.",,,,ZAMBOANGA DEL SUR,OF ZAMBOANGA,MALAGUTAY,ALL LOTS,,A50,Agricultural - A50,29.0
raw,"RDO No. 93A - Zamboanga City and RDO No. 93B - Zamboanga, Sibugay.",,,,ZAMBOANGA DEL SUR,OF ZAMBOANGA,MALAGUTAY,ALL LOTS,INTERIOR LOT,RR,Residential - Regular,150.0
raw,"RDO No. 93A - Zamboanga City and RDO No. 93B - Zamboanga, Sibugay.",,,,ZAMBOANGA DEL SUR,OF ZAMBOANGA,MALAGUTAY,ALL LOTS,,CR,Commercial - Regular,700.0
raw,"RDO No. 93A - Zamboanga City and RDO No. 93B - Zamboanga, Sibugay.",,,,ZAMBOANGA DEL SUR,OF ZAMBOANGA,MALAGUTAY,ALL LOTS,,RR,Residential - Regular,325.0
raw,"RDO No. 93A - Zamboanga City and RDO No. 93B - Zamboanga, Sibugay.",,,,ZAMBOANGA DEL SUR,OF ZAMBOANGA,MALAGUTAY,ALL LOTS,,A50,Agricultural - A50,29.0
raw,"RDO No. 93A - Zamboanga City and RDO No. 93B - Zamboanga, Sibugay.",,,,ZAMBOANGA DEL SUR,OF ZAMBOANGA,MALAGUTAY,ALL LOTS,INTERIOR LOT,RR,Residential - Regular,150.0
raw,"RDO No. 93A - Zamboanga City and RDO No. 93B - Zamboanga, Sibugay.",,,,ZAMBOANGA DEL SUR,OF ZAMBOANGA,MAMPANG,ALL LOTS,,CR,Commercial - Regular,650.0
raw,"RDO No. 93A - Zamboanga City and RDO No. 93B - Zamboanga, Sibugay.",,,,ZAMBOANGA DEL SUR,OF ZAMBOANGA,MAMPANG,ALL LOTS,,RR,Residential - Regular,325.0
raw,"RDO No. 93A - Zamboanga City and RDO No. 93B - Zamboanga, Sibugay.",,,,ZAMBOANGA DEL SUR,OF ZAMBOANGA,MAMPANG,ALL LOTS,,I,Industrial,1145.0
raw,"RDO No. 93A - Zamboanga City and RDO No. 93B - Zamboanga, Sibugay.",,,,ZAMBOANGA DEL SUR,OF ZAMBOANGA,MAMPANG,ALL LOTS,,A50,Agricultural - A50,10.0
raw,"RDO No. 93A - Zamboanga City and RDO No. 93B - Zamboanga, Sibugay.",,,,ZAMBOANGA DEL SUR,OF ZAMBOANGA,MAMPANG,ALL LOTS,INTERIOR LOT,RR,Residential - Regular,175.0
raw,"RDO No. 93A - Zamboanga City and RDO No. 93B - Zamboanga, Sibugay.",,,,ZAMBOANGA DEL SUR,OF ZAMBOANGA,MAMPANG,ALL LOTS,,CR,Commercial - Regular,650.0
raw,"RDO No. 93A - Zamboanga City and RDO No. 93B - Zamboanga, Sibugay.",,,,ZAMBOANGA DEL SUR,OF ZAMBOANGA,MAMPANG,ALL LOTS,,RR,Residential - Regular,325.0
raw,"RDO No. 93A - Zamboanga City and RDO No. 93B - Zamboanga, Sibugay.",,,,ZAMBOANGA DEL SUR,OF ZAMBOANGA,MAMPANG,ALL LOTS,,I,Industrial,1145.0
raw,"RDO No. 93A - Zamboanga City and RDO No. 93B - Zamboanga, Sibugay.",,,,ZAMBOANGA DEL SUR,OF ZAMBOANGA,MAMPANG,ALL LOTS,,A50,Agricultural - A50,10.0
raw,"RDO No. 93A - Zamboanga City and RDO No. 93B - Zamboanga, Sibugay.",,,,ZAMBOANGA DEL SUR,OF ZAMBOANGA,MAMPANG,ALL LOTS,INTERIOR LOT,RR,Residential - Regular,175.0
raw,"RDO No. 93A - Zamboanga City and RDO No. 93B - Zamboanga, Sibugay.",,,,ZAMBOANGA DEL SUR,OF ZAMBOANGA,MAMPANG,ALL OTHER SUBDIVISION,INTERIOR LOT,RR,Residential - Regular,600.0
raw,"RDO No. 93A - Zamboanga City and RDO No. 93B - Zamboanga, Sibugay.",,,,ZAMBOANGA DEL SUR,OF ZAMBOANGA,MAMPANG,ALL OTHER SUBDIVISION,INTERIOR LOT,RR,Residential - Regular,600.0
raw,"RDO No. 93A - Zamboanga City and RDO No. 93B - Zamboanga, Sibugay.",,,,ZAMBOANGA DEL SUR,OF ZAMBOANGA,MAMPANG,ALL SOCIALIZED HOUSING SUBDIVISION,INTERIOR LOT,RR,Residential - Regular,600.0
raw,"RDO No. 93A - Zamboanga City and RDO No. 93B - Zamboanga, Sibugay.",,,,ZAMBOANGA DEL SUR,OF ZAMBOANGA,MAMPANG,ALL SOCIALIZED HOUSING SUBDIVISION,INTERIOR LOT,RR,Residential - Regular,600.0
raw,"RDO No. 93A - Zamboanga City and RDO No. 93B - Zamboanga, Sibugay.",,,,ZAMBOANGA DEL SUR,OF ZAMBOANGA,MAMPANG,EXECUTUVE HOMES SUBDIVISION,INTERIOR LOT,RR,Residential - Regular,700.0
raw,"RDO No. 93A - Zamboanga City and RDO No. 93B - Zamboanga, Sibugay.",,,,ZAMBOANGA DEL SUR,OF ZAMBOANGA,MAMPANG,EXECUTUVE HOMES SUBDIVISION,INTERIOR LOT,RR,Residential - Regular,700.0
raw,"RDO No. 93A - Zamboanga City and RDO No. 93B - Zamboanga, Sibugay.",,,,ZAMBOANGA DEL SUR,OF ZAMBOANGA,MAMPANG,INLAND GREEN SUBDIVISION,INTERIOR LOT,RR,Residential - Regular,1150.0
raw,"RDO No. 93A - Zamboanga City and RDO No. 93B - Zamboanga, Sibugay.",,,,ZAMBOANGA DEL SUR,OF ZAMBOANGA,MAMPANG,INLAND GREEN SUBDIVISION,INTERIOR LOT,RR,Residential - Regular,1150.0
raw,"RDO No. 93A - Zamboanga City and RDO No. 93B - Zamboanga, Sibugay.",,,,ZAMBOANGA DEL SUR,OF ZAMBOANGA,MAMPANG,VILLA TERESA SUBDIVISION,INTERIOR LOT,RR,Residential - Regular,1500.0
raw,"RDO No. 93A - Zamboanga City and RDO No. 93B - Zamboanga, Sibugay.",,,,ZAMBOANGA DEL SUR,OF ZAMBOANGA,MAMPANG,VILLA TERESA SUBDIVISION,INTERIOR LOT,RR,Residential - Regular,1500.0
raw,"RDO No. 93A - Zamboanga City and RDO No. 93B - Zamboanga, Sibugay.",,,,ZAMBOANGA DEL SUR,OF ZAMBOANGA,MANALIPA,ALL LOTS,,RR,Residential - Regular,106.0
raw,"RDO No. 93A - Zamboanga City and RDO No. 93B - Zamboanga, Sibugay.",,,,ZAMBOANGA DEL SUR,OF ZAMBOANGA,MANALIPA,ALL LOTS,,A50,Agricultural - A50,11.0
raw,"RDO No. 93A - Zamboanga City and RDO No. 93B - Zamboanga, Sibugay.",,,,ZAMBOANGA DEL SUR,OF ZAMBOANGA,MANALIPA,ALL LOTS,,RR,Residential - Regular,106.0
raw,"RDO No. 93A - Zamboanga City and RDO No. 93B - Zamboanga, Sibugay.",,,,ZAMBOANGA DEL SUR,OF ZAMBOANGA,MANALIPA,ALL LOTS,,A50,Agricultural - A50,11.0
raw,"RDO No. 93A - Zamboanga City and RDO No. 93B - Zamboanga, Sibugay.",,,,ZAMBOANGA DEL SUR,OF ZAMBOANGA,MANGUSO,ALL LOTS,,RR,Residential - Regular,106.0
raw,"RDO No. 93A - Zamboanga City and RDO No. 93B - Zamboanga, Sibugay.",,,,ZAMBOANGA DEL SUR,OF ZAMBOANGA,MANGUSO,ALL LOTS,,A50,Agricultural - A50,11.0
raw,"RDO No. 93A - Zamboanga City and RDO No. 93B - Zamboanga, Sibugay.",,,,ZAMBOANGA DEL SUR,OF ZAMBOANGA,MANGUSO,ALL LOTS,,RR,Residential - Regular,106.0
raw,"RDO No. 93A - Zamboanga City and RDO No. 93B - Zamboanga, Sibugay.",,,,ZAMBOANGA DEL SUR,OF ZAMBOANGA,MANGUSO,ALL LOTS,,A50,Agricultural - A50,11.0
raw,"RDO No. 93A - Zamboanga City and RDO No. 93B - Zamboanga, Sibugay.",,,,ZAMBOANGA DEL SUR,OF ZAMBOANGA,MANICAHAN,ALL LOTS,,CR,Commercial - Regular,550.0
raw,"RDO No. 93A - Zamboanga City and RDO No. 93B - Zamboanga, Sibugay.",,,,ZAMBOANGA DEL SUR,OF ZAMBOANGA,MANICAHAN,ALL LOTS,,RR,Residential - Regular,300.0
raw,"RDO No. 93A - Zamboanga City and RDO No. 93B - Zamboanga, Sibugay.",,,,ZAMBOANGA DEL SUR,OF ZAMBOANGA,MANICAHAN,ALL LOTS,,A50,Agricultural - A50,29.0
raw,"RDO No. 93A - Zamboanga City and RDO No. 93B - Zamboanga, Sibugay.",,,,ZAMBOANGA DEL SUR,OF ZAMBOANGA,MANICAHAN,ALL LOTS,INTERIOR LOT,RR,Residential - Regular,125.0
raw,"RDO No. 93A - Zamboanga City and RDO No. 93B - Zamboanga, Sibugay.",,,,ZAMBOANGA DEL SUR,OF ZAMBOANGA,MANICAHAN,ALL LOTS,,CR,Commercial - Regular,550.0
raw,"RDO No. 93A - Zamboanga City and RDO No. 93B - Zamboanga, Sibugay.",,,,ZAMBOANGA DEL SUR,OF ZAMBOANGA,MANICAHAN,ALL LOTS,,RR,Residential - Regular,300.0
raw,"RDO No. 93A - Zamboanga City and RDO No. 93B - Zamboanga, Sibugay.",,,,ZAMBOANGA DEL SUR,OF ZAMBOANGA,MANICAHAN,ALL LOTS,,A50,Agricultural - A50,29.0
raw,"RDO No. 93A - Zamboanga City and RDO No. 93B - Zamboanga, Sibugay.",,,,ZAMBOANGA DEL SUR,OF ZAMBOANGA,MANICAHAN,ALL LOTS,INTERIOR LOT,RR,Residential - Regular,125.0
raw,"RDO No. 93A - Zamboanga City and RDO No. 93B - Zamboanga, Sibugay.",,,,ZAMBOANGA DEL SUR,OF ZAMBOANGA,MARIKI ISLAND,ALL LOTS,,RR,Residential - Regular,225.0
raw,"RDO No. 93A - Zamboanga City and RDO No. 93B - Zamboanga, Sibugay.",,,,ZAMBOANGA DEL SUR,OF ZAMBOANGA,MARIKI ISLAND,ALL LOTS,,RR,Residential - Regular,225.0
raw,"RDO No. 93A - Zamboanga City and RDO No. 93B - Zamboanga, Sibugay.",,,,ZAMBOANGA DEL SUR,OF ZAMBOANGA,MERCEDES,ALL LOTS,,CR,Commercial - Regular,1000.0
raw,"RDO No. 93A - Zamboanga City and RDO No. 93B - Zamboanga, Sibugay.",,,,ZAMBOANGA DEL SUR,OF ZAMBOANGA,MERCEDES,ALL LOTS,,RR,Residential - Regular,600.0
raw,"RDO No. 93A - Zamboanga City and RDO No. 93B - Zamboanga, Sibugay.",,,,ZAMBOANGA DEL SUR,OF ZAMBOANGA,MERCEDES,ALL LOTS,,A50,Agricultural - A50,17.0
raw,"RDO No. 93A - Zamboanga City and RDO No. 93B - Zamboanga, Sibugay.",,,,ZAMBOANGA DEL SUR,OF ZAMBOANGA,MERCEDES,ALL LOTS,INTERIOR LOT,RR,Residential - Regular,350.0
raw,"RDO No. 93A - Zamboanga City and RDO No. 93B - Zamboanga, Sibugay.",,,,ZAMBOANGA DEL SUR,OF ZAMBOANGA,MERCEDES,ALL LOTS,,CR,Commercial - Regular,1000.0
raw,"RDO No. 93A - Zamboanga City and RDO No. 93B - Zamboanga, Sibugay.",,,,ZAMBOANGA DEL SUR,OF ZAMBOANGA,MERCEDES,ALL LOTS,,RR,Residential - Regular,600.0
raw,"RDO No. 93A - Zamboanga City and RDO No. 93B - Zamboanga, Sibugay.",,,,ZAMBOANGA DEL SUR,OF ZAMBOANGA,MERCEDES,ALL LOTS,,A50,Agricultural - A50,17.0
raw,"RDO No. 93A - Zamboanga City and RDO No. 93B - Zamboanga, Sibugay.",,,,ZAMBOANGA DEL SUR,OF ZAMBOANGA,MERCEDES,ALL LOTS,INTERIOR LOT,RR,Residential - Regular,350.0
raw,"RDO No. 93A - Zamboanga City and RDO No. 93B - Zamboanga, Sibugay.",,,,ZAMBOANGA DEL SUR,OF ZAMBOANGA,MERCEDES,ALL OTHER SUBDIVISION,INTERIOR LOT,RR,Residential - Regular,700.0
raw,"RDO No. 93A - Zamboanga City and RDO No. 93B - Zamboanga, Sibugay.",,,,ZAMBOANGA DEL SUR,OF ZAMBOANGA,MERCEDES,ALL OTHER SUBDIVISION,INTERIOR LOT,RR,Residential - Regular,700.0
raw,"RDO No. 93A - Zamboanga City and RDO No. 93B - Zamboanga, Sibugay.",,,,ZAMBOANGA DEL SUR,OF ZAMBOANGA,MERCEDES,ALL SOCIALIZED HOUSING SUBDIVISION,INTERIOR LOT,RR,Residential - Regular,700.0
raw,"RDO No. 93A - Zamboanga City and RDO No. 93B - Zamboanga, Sibugay.",,,,ZAMBOANGA DEL SUR,OF ZAMBOANGA,MERCEDES,ALL SOCIALIZED HOUSING SUBDIVISION,INTERIOR LOT,RR,Residential - Regular,700.0
raw,"RDO No. 93A - Zamboanga City and RDO No. 93B - Zamboanga, Sibugay.",,,,ZAMBOANGA DEL SUR,OF ZAMBOANGA,MERCEDES,BLUE HOMES CITY SUBDIVISION,INTERIOR LOT,RR,Residential - Regular,1250.0
raw,"RDO No. 93A - Zamboanga City and RDO No. 93B - Zamboanga, Sibugay.",,,,ZAMBOANGA DEL SUR,OF ZAMBOANGA,MERCEDES,BLUE HOMES CITY SUBDIVISION,INTERIOR LOT,RR,Residential - Regular,1250.0
raw,"RDO No. 93A - Zamboanga City and RDO No. 93B - Zamboanga, Sibugay.",,,,ZAMBOANGA DEL SUR,OF ZAMBOANGA,MERCEDES,VILLA TERESA SUBDIVISION,INTERIOR LOT,RR,Residential - Regular,1900.0
raw,"RDO No. 93A - Zamboanga City and RDO No. 93B - Zamboanga, Sibugay.",,,,ZAMBOANGA DEL SUR,OF ZAMBOANGA,MERCEDES,VILLA TERESA SUBDIVISION,INTERIOR LOT,RR,Residential - Regular,1900.0
raw,"RDO No. 93A - Zamboanga City and RDO No. 93B - Zamboanga, Sibugay.",,,,ZAMBOANGA DEL SUR,OF ZAMBOANGA,MUTI,ALL LOTS,,RR,Residential - Regular,106.0
raw,"RDO No. 93A - Zamboanga City and RDO No. 93B - Zamboanga, Sibugay.",,,,ZAMBOANGA DEL SUR,OF ZAMBOANGA,MUTI,ALL LOTS,,A50,Agricultural - A50,11.0
raw,"RDO No. 93A - Zamboanga City and RDO No. 93B - Zamboanga, Sibugay.",,,,ZAMBOANGA DEL SUR,OF ZAMBOANGA,MUTI,ALL LOTS,,RR,Residential - Regular,106.0
raw,"RDO No. 93A - Zamboanga City and RDO No. 93B - Zamboanga, Sibugay.",,,,ZAMBOANGA DEL SUR,OF ZAMBOANGA,MUTI,ALL LOTS,,A50,Agricultural - A50,11.0
raw,"RDO No. 93A - Zamboanga City and RDO No. 93B - Zamboanga, Sibugay.",,,,ZAMBOANGA DEL SUR,OF ZAMBOANGA,PAMUCUTAN,ALL LOTS,,RR,Residential - Regular,175.0
raw,"RDO No. 93A - Zamboanga City and RDO No. 93B - Zamboanga, Sibugay.",,,,ZAMBOANGA DEL SUR,OF ZAMBOANGA,PAMUCUTAN,ALL LOTS,,A50,Agricultural - A50,11.0
raw,"RDO No. 93A - Zamboanga City and RDO No. 93B - Zamboanga, Sibugay.",,,,ZAMBOANGA DEL SUR,OF ZAMBOANGA,PAMUCUTAN,ALL LOTS,INTERIOR LOT,RR,Residential - Regular,65.0
raw,"RDO No. 93A - Zamboanga City and RDO No. 93B - Zamboanga, Sibugay.",,,,ZAMBOANGA DEL SUR,OF ZAMBOANGA,PAMUCUTAN,ALL LOTS,,RR,Residential - Regular,175.0
raw,"RDO No. 93A - Zamboanga City and RDO No. 93B - Zamboanga, Sibugay.",,,,ZAMBOANGA DEL SUR,OF ZAMBOANGA,PAMUCUTAN,ALL LOTS,,A50,Agricultural - A50,11.0
raw,"RDO No. 93A - Zamboanga City and RDO No. 93B - Zamboanga, Sibugay.",,,,ZAMBOANGA DEL SUR,OF ZAMBOANGA,PAMUCUTAN,ALL LOTS,INTERIOR LOT,RR,Residential - Regular,65.0
raw,"RDO No. 93A - Zamboanga City and RDO No. 93B - Zamboanga, Sibugay.",,,,ZAMBOANGA DEL SUR,OF ZAMBOANGA,PANGAPUYAN ISLAND,ALL LOTS,,RR,Residential - Regular,106.0
raw,"RDO No. 93A - Zamboanga City and RDO No. 93B - Zamboanga, Sibugay.",,,,ZAMBOANGA DEL SUR,OF ZAMBOANGA,PANGAPUYAN ISLAND,ALL LOTS,,A50,Agricultural - A50,11.0
raw,"RDO No. 93A - Zamboanga City and RDO No. 93B - Zamboanga, Sibugay.",,,,ZAMBOANGA DEL SUR,OF ZAMBOANGA,PANGAPUYAN ISLAND,ALL LOTS,,RR,Residential - Regular,106.0
raw,"RDO No. 93A - Zamboanga City and RDO No. 93B - Zamboanga, Sibugay.",,,,ZAMBOANGA DEL SUR,OF ZAMBOANGA,PANGAPUYAN ISLAND,ALL LOTS,,A50,Agricultural - A50,11.0
raw,"RDO No. 93A - Zamboanga City and RDO No. 93B - Zamboanga, Sibugay.",,,,ZAMBOANGA DEL SUR,OF ZAMBOANGA,PANUBIGAN,ALL LOTS,,RR,Residential - Regular,110.0
raw,"RDO No. 93A - Zamboanga City and RDO No. 93B - Zamboanga, Sibugay.",,,,ZAMBOANGA DEL SUR,OF ZAMBOANGA,PANUBIGAN,ALL LOTS,,A50,Agricultural - A50,11.0
raw,"RDO No. 93A - Zamboanga City and RDO No. 93B - Zamboanga, Sibugay.",,,,ZAMBOANGA DEL SUR,OF ZAMBOANGA,PANUBIGAN,ALL LOTS,,RR,Residential - Regular,110.0
raw,"RDO No. 93A - Zamboanga City and RDO No. 93B - Zamboanga, Sibugay.",,,,ZAMBOANGA DEL SUR,OF ZAMBOANGA,PANUBIGAN,ALL LOTS,,A50,Agricultural - A50,11.0
raw,"RDO No. 93A - Zamboanga City and RDO No. 93B - Zamboanga, Sibugay.",,,,ZAMBOANGA DEL SUR,OF ZAMBOANGA,PASILMATA,ALL LOTS,,RR,Residential - Regular,106.0
raw,"RDO No. 93A - Zamboanga City and RDO No. 93B - Zamboanga, Sibugay.",,,,ZAMBOANGA DEL SUR,OF ZAMBOANGA,PASILMATA,ALL LOTS,,A50,Agricultural - A50,11.0
raw,"RDO No. 93A - Zamboanga City and RDO No. 93B - Zamboanga, Sibugay.",,,,ZAMBOANGA DEL SUR,OF ZAMBOANGA,PASILMATA,ALL LOTS,,RR,Residential - Regular,106.0
raw,"RDO No. 93A - Zamboanga City and RDO No. 93B - Zamboanga, Sibugay.",,,,ZAMBOANGA DEL SUR,OF ZAMBOANGA,PASILMATA,ALL LOTS,,A50,Agricultural - A50,11.0
raw,"RDO No. 93A - Zamboanga City and RDO No. 93B - Zamboanga, Sibugay.",,,,ZAMBOANGA DEL SUR,OF ZAMBOANGA,PASOBOLONG,ALL LOTS,,CR,Commercial - Regular,650.0
raw,"RDO No. 93A - Zamboanga City and RDO No. 93B - Zamboanga, Sibugay.",,,,ZAMBOANGA DEL SUR,OF ZAMBOANGA,PASOBOLONG,ALL LOTS,,RR,Residential - Regular,275.0
raw,"RDO No. 93A - Zamboanga City and RDO No. 93B - Zamboanga, Sibugay.",,,,ZAMBOANGA DEL SUR,OF ZAMBOANGA,PASOBOLONG,ALL LOTS,,A50,Agricultural - A50,13.0
raw,"RDO No. 93A - Zamboanga City and RDO No. 93B - Zamboanga, Sibugay.",,,,ZAMBOANGA DEL SUR,OF ZAMBOANGA,PASOBOLONG,ALL LOTS,INTERIOR LOT,RR,Residential - Regular,100.0
raw,"RDO No. 93A - Zamboanga City and RDO No. 93B - Zamboanga, Sibugay.",,,,ZAMBOANGA DEL SUR,OF ZAMBOANGA,PASOBOLONG,ALL LOTS,,CR,Commercial - Regular,650.0
raw,"RDO No. 93A - Zamboanga City and RDO No. 93B - Zamboanga, Sibugay.",,,,ZAMBOANGA DEL SUR,OF ZAMBOANGA,PASOBOLONG,ALL LOTS,,RR,Residential - Regular,275.0
raw,"RDO No. 93A - Zamboanga City and RDO No. 93B - Zamboanga, Sibugay.",,,,ZAMBOANGA DEL SUR,OF ZAMBOANGA,PASOBOLONG,ALL LOTS,,A50,Agricultural - A50,13.0
raw,"RDO No. 93A - Zamboanga City and RDO No. 93B - Zamboanga, Sibugay.",,,,ZAMBOANGA DEL SUR,OF ZAMBOANGA,PASOBOLONG,ALL LOTS,INTERIOR LOT,RR,Residential - Regular,100.0
raw,"RDO No. 93A - Zamboanga City and RDO No. 93B - Zamboanga, Sibugay.",,,,ZAMBOANGA DEL SUR,OF ZAMBOANGA,PASONANCA,ALL LOTS,,CR,Commercial - Regular,2300.0
raw,"RDO No. 93A - Zamboanga City and RDO No. 93B - Zamboanga, Sibugay.",,,,ZAMBOANGA DEL SUR,OF ZAMBOANGA,PASONANCA,ALL LOTS,,RR,Residential - Regular,2050.0
raw,"RDO No. 93A - Zamboanga City and RDO No. 93B - Zamboanga, Sibugay.",,,,ZAMBOANGA DEL SUR,OF ZAMBOANGA,PASONANCA,ALL LOTS,,X,Special / Other,2175.0
raw,"RDO No. 93A - Zamboanga City and RDO No. 93B - Zamboanga, Sibugay.",,,,ZAMBOANGA DEL SUR,OF ZAMBOANGA,PASONANCA,ALL LOTS,,A50,Agricultural - A50,33.0
raw,"RDO No. 93A - Zamboanga City and RDO No. 93B - Zamboanga, Sibugay.",,,,ZAMBOANGA DEL SUR,OF ZAMBOANGA,PASONANCA,ALL LOTS,INTERIOR LOT,RR,Residential - Regular,1350.0
raw,"RDO No. 93A - Zamboanga City and RDO No. 93B - Zamboanga, Sibugay.",,,,ZAMBOANGA DEL SUR,OF ZAMBOANGA,PASONANCA,ALL LOTS,,CR,Commercial - Regular,2300.0
raw,"RDO No. 93A - Zamboanga City and RDO No. 93B - Zamboanga, Sibugay.",,,,ZAMBOANGA DEL SUR,OF ZAMBOANGA,PASONANCA,ALL LOTS,,RR,Residential - Regular,2050.0
raw,"RDO No. 93A - Zamboanga City and RDO No. 93B - Zamboanga, Sibugay.",,,,ZAMBOANGA DEL SUR,OF ZAMBOANGA,PASONANCA,ALL LOTS,,X,Special / Other,2175.0
raw,"RDO No. 93A - Zamboanga City and RDO No. 93B - Zamboanga, Sibugay.",,,,ZAMBOANGA DEL SUR,OF ZAMBOANGA,PASONANCA,ALL LOTS,,A50,Agricultural - A50,33.0
raw,"RDO No. 93A - Zamboanga City and RDO No. 93B - Zamboanga, Sibugay.",,,,ZAMBOANGA DEL SUR,OF ZAMBOANGA,PASONANCA,ALL LOTS,INTERIOR LOT,RR,Residential - Regular,1350.0
raw,"RDO No. 93A - Zamboanga City and RDO No. 93B - Zamboanga, Sibugay.",,,,ZAMBOANGA DEL SUR,OF ZAMBOANGA,PASONANCA,ALL OTHER SUBDIVISION,INTERIOR LOT,RR,Residential - Regular,1200.0
raw,"RDO No. 93A - Zamboanga City and RDO No. 93B - Zamboanga, Sibugay.",,,,ZAMBOANGA DEL SUR,OF ZAMBOANGA,PASONANCA,ALL OTHER SUBDIVISION,INTERIOR LOT,RR,Residential - Regular,1200.0
raw,"RDO No. 93A - Zamboanga City and RDO No. 93B - Zamboanga, Sibugay.",,,,ZAMBOANGA DEL SUR,OF ZAMBOANGA,PASONANCA,ALL SOCIALIZED HOUSING SUBDIVISION,INTERIOR LOT,RR,Residential - Regular,1200.0
raw,"RDO No. 93A - Zamboanga City and RDO No. 93B - Zamboanga, Sibugay.",,,,ZAMBOANGA DEL SUR,OF ZAMBOANGA,PASONANCA,ALL SOCIALIZED HOUSING SUBDIVISION,INTERIOR LOT,RR,Residential - Regular,1200.0
raw,"RDO No. 93A - Zamboanga City and RDO No. 93B - Zamboanga, Sibugay.",,,,ZAMBOANGA DEL SUR,OF ZAMBOANGA,PASONANCA,BLUE HOMES EXECUTIVE SUBDIVISION,INTERIOR LOT,RR,Residential - Regular,1750.0
raw,"RDO No. 93A - Zamboanga City and RDO No. 93B - Zamboanga, Sibugay.",,,,ZAMBOANGA DEL SUR,OF ZAMBOANGA,PASONANCA,BLUE HOMES EXECUTIVE SUBDIVISION,INTERIOR LOT,RR,Residential - Regular,1750.0
raw,"RDO No. 93A - Zamboanga City and RDO No. 93B - Zamboanga, Sibugay.",,,,ZAMBOANGA DEL SUR,OF ZAMBOANGA,PASONANCA,HB HOMES SUBDIVISION,INTERIOR LOT,RR,Residential - Regular,2000.0
raw,"RDO No. 93A - Zamboanga City and RDO No. 93B - Zamboanga, Sibugay.",,,,ZAMBOANGA DEL SUR,OF ZAMBOANGA,PASONANCA,HB HOMES SUBDIVISION,INTERIOR LOT,RR,Residential - Regular,2000.0
raw,"RDO No. 93A - Zamboanga City and RDO No. 93B - Zamboanga, Sibugay.",,,,ZAMBOANGA DEL SUR,OF ZAMBOANGA,PATALON,ALL LOTS,,RR,Residential - Regular,175.0
raw,"RDO No. 93A - Zamboanga City and RDO No. 93B - Zamboanga, Sibugay.",,,,ZAMBOANGA DEL SUR,OF ZAMBOANGA,PATALON,ALL LOTS,,A50,Agricultural - A50,29.0
raw,"RDO No. 93A - Zamboanga City and RDO No. 93B - Zamboanga, Sibugay.",,,,ZAMBOANGA DEL SUR,OF ZAMBOANGA,PATALON,ALL LOTS,INTERIOR LOT,RR,Residential - Regular,65.0
raw,"RDO No. 93A - Zamboanga City and RDO No. 93B - Zamboanga, Sibugay.",,,,ZAMBOANGA DEL SUR,OF ZAMBOANGA,PATALON,ALL LOTS,,RR,Residential - Regular,175.0
raw,"RDO No. 93A - Zamboanga City and RDO No. 93B - Zamboanga, Sibugay.",,,,ZAMBOANGA DEL SUR,OF ZAMBOANGA,PATALON,ALL LOTS,,A50,Agricultural - A50,29.0
raw,"RDO No. 93A - Zamboanga City and RDO No. 93B - Zamboanga, Sibugay.",,,,ZAMBOANGA DEL SUR,OF ZAMBOANGA,PATALON,ALL LOTS,INTERIOR LOT,RR,Residential - Regular,65.0
raw,"RDO No. 93A - Zamboanga City and RDO No. 93B - Zamboanga, Sibugay.",,,,ZAMBOANGA DEL SUR,OF ZAMBOANGA,POBLACION  (ZONE 2),ALL OTHER STREETS,ZONE 2 BARANGAY POBLACION,CR,Commercial - Regular,10950.0
raw,"RDO No. 93A - Zamboanga City and RDO No. 93B - Zamboanga, Sibugay.",,,,ZAMBOANGA DEL SUR,OF ZAMBOANGA,POBLACION  (ZONE 2),ALL OTHER STREETS,ZONE 2 BARANGAY POBLACION,RR,Residential - Regular,7200.0
raw,"RDO No. 93A - Zamboanga City and RDO No. 93B - Zamboanga, Sibugay.",,,,ZAMBOANGA DEL SUR,OF ZAMBOANGA,POBLACION  (ZONE 2),ALL OTHER STREETS,INTERIOR LOT,RR,Residential - Regular,3200.0
raw,"RDO No. 93A - Zamboanga City and RDO No. 93B - Zamboanga, Sibugay.",,,,ZAMBOANGA DEL SUR,OF ZAMBOANGA,POBLACION  (ZONE 2),ALL OTHER STREETS,ZONE 2 BARANGAY POBLACION,CR,Commercial - Regular,10950.0
raw,"RDO No. 93A - Zamboanga City and RDO No. 93B - Zamboanga, Sibugay.",,,,ZAMBOANGA DEL SUR,OF ZAMBOANGA,POBLACION  (ZONE 2),ALL OTHER STREETS,ZONE 2 BARANGAY POBLACION,RR,Residential - Regular,7200.0
raw,"RDO No. 93A - Zamboanga City and RDO No. 93B - Zamboanga, Sibugay.",,,,ZAMBOANGA DEL SUR,OF ZAMBOANGA,POBLACION  (ZONE 2),ALL OTHER STREETS,INTERIOR LOT,RR,Residential - Regular,3200.0
raw,"RDO No. 93A - Zamboanga City and RDO No. 93B - Zamboanga, Sibugay.",,,,ZAMBOANGA DEL SUR,OF ZAMBOANGA,POBLACION  (ZONE 2),GOV. ALVAREZ,M. JALDON - LA PURISIMA,CR,Commercial - Regular,12153.0
raw,"RDO No. 93A - Zamboanga City and RDO No. 93B - Zamboanga, Sibugay.",,,,ZAMBOANGA DEL SUR,OF ZAMBOANGA,POBLACION  (ZONE 2),GOV. ALVAREZ,M. JALDON - LA PURISIMA,RR,Residential - Regular,7250.0
raw,"RDO No. 93A - Zamboanga City and RDO No. 93B - Zamboanga, Sibugay.",,,,ZAMBOANGA DEL SUR,OF ZAMBOANGA,POBLACION  (ZONE 2),GOV. ALVAREZ,INTERIOR LOT,RR,Residential - Regular,3500.0
raw,"RDO No. 93A - Zamboanga City and RDO No. 93B - Zamboanga, Sibugay.",,,,ZAMBOANGA DEL SUR,OF ZAMBOANGA,POBLACION  (ZONE 2),GOV. ALVAREZ,M. JALDON - LA PURISIMA,CR,Commercial - Regular,12153.0
raw,"RDO No. 93A - Zamboanga City and RDO No. 93B - Zamboanga, Sibugay.",,,,ZAMBOANGA DEL SUR,OF ZAMBOANGA,POBLACION  (ZONE 2),GOV. ALVAREZ,M. JALDON - LA PURISIMA,RR,Residential - Regular,7250.0
raw,"RDO No. 93A - Zamboanga City and RDO No. 93B - Zamboanga, Sibugay.",,,,ZAMBOANGA DEL SUR,OF ZAMBOANGA,POBLACION  (ZONE 2),GOV. ALVAREZ,INTERIOR LOT,RR,Residential - Regular,3500.0
raw,"RDO No. 93A - Zamboanga City and RDO No. 93B - Zamboanga, Sibugay.",,,,ZAMBOANGA DEL SUR,OF ZAMBOANGA,POBLACION  (ZONE 2),GOV. LIM AVE,CLIMACO - LA PURISIMA,CR,Commercial - Regular,16900.0
raw,"RDO No. 93A - Zamboanga City and RDO No. 93B - Zamboanga, Sibugay.",,,,ZAMBOANGA DEL SUR,OF ZAMBOANGA,POBLACION  (ZONE 2),GOV. LIM AVE,CLIMACO - LA PURISIMA,RR,Residential - Regular,11100.0
raw,"RDO No. 93A - Zamboanga City and RDO No. 93B - Zamboanga, Sibugay.",,,,ZAMBOANGA DEL SUR,OF ZAMBOANGA,POBLACION  (ZONE 2),GOV. LIM AVE,INTERIOR LOT,RR,Residential - Regular,6250.0
raw,"RDO No. 93A - Zamboanga City and RDO No. 93B - Zamboanga, Sibugay.",,,,ZAMBOANGA DEL SUR,OF ZAMBOANGA,POBLACION  (ZONE 2),GOV. LIM AVE,CLIMACO - LA PURISIMA,CR,Commercial - Regular,16900.0
raw,"RDO No. 93A - Zamboanga City and RDO No. 93B - Zamboanga, Sibugay.",,,,ZAMBOANGA DEL SUR,OF ZAMBOANGA,POBLACION  (ZONE 2),GOV. LIM AVE,CLIMACO - LA PURISIMA,RR,Residential - Regular,11100.0
raw,"RDO No. 93A - Zamboanga City and RDO No. 93B - Zamboanga, Sibugay.",,,,ZAMBOANGA DEL SUR,OF ZAMBOANGA,POBLACION  (ZONE 2),GOV. LIM AVE,INTERIOR LOT,RR,Residential - Regular,6250.0
raw,"RDO No. 93A - Zamboanga City and RDO No. 93B - Zamboanga, Sibugay.",,,,ZAMBOANGA DEL SUR,OF ZAMBOANGA,POBLACION  (ZONE 2),LA PURISIMA ST,CAMPANER - GOV. LIM,CR,Commercial - Regular,31050.0
raw,"RDO No. 93A - Zamboanga City and RDO No. 93B - Zamboanga, Sibugay.",,,,ZAMBOANGA DEL SUR,OF ZAMBOANGA,POBLACION  (ZONE 2),LA PURISIMA ST,CAMPANER - GOV. LIM,RR,Residential - Regular,16350.0
raw,"RDO No. 93A - Zamboanga City and RDO No. 93B - Zamboanga, Sibugay.",,,,ZAMBOANGA DEL SUR,OF ZAMBOANGA,POBLACION  (ZONE 2),LA PURISIMA ST,INTERIOR LOT,RR,Residential - Regular,7500.0
raw,"RDO No. 93A - Zamboanga City and RDO No. 93B - Zamboanga, Sibugay.",,,,ZAMBOANGA DEL SUR,OF ZAMBOANGA,POBLACION  (ZONE 2),LA PURISIMA ST,GOV. ALVAREZ - CAMPANER,CR,Commercial - Regular,16500.0
raw,"RDO No. 93A - Zamboanga City and RDO No. 93B - Zamboanga, Sibugay.",,,,ZAMBOANGA DEL SUR,OF ZAMBOANGA,POBLACION  (ZONE 2),LA PURISIMA ST,GOV. ALVAREZ - CAMPANER,RR,Residential - Regular,10600.0
raw,"RDO No. 93A - Zamboanga City and RDO No. 93B - Zamboanga, Sibugay.",,,,ZAMBOANGA DEL SUR,OF ZAMBOANGA,POBLACION  (ZONE 2),LA PURISIMA ST,GOV. ALVAREZ - CAMPANER,X,Special / Other,13000.0
raw,"RDO No. 93A - Zamboanga City and RDO No. 93B - Zamboanga, Sibugay.",,,,ZAMBOANGA DEL SUR,OF ZAMBOANGA,POBLACION  (ZONE 2),LA PURISIMA ST,INTERIOR LOT,RR,Residential - Regular,5000.0
raw,"RDO No. 93A - Zamboanga City and RDO No. 93B - Zamboanga, Sibugay.",,,,ZAMBOANGA DEL SUR,OF ZAMBOANGA,POBLACION  (ZONE 2),LA PURISIMA ST,CAMPANER - GOV. LIM,CR,Commercial - Regular,31050.0
raw,"RDO No. 93A - Zamboanga City and RDO No. 93B - Zamboanga, Sibugay.",,,,ZAMBOANGA DEL SUR,OF ZAMBOANGA,POBLACION  (ZONE 2),LA PURISIMA ST,CAMPANER - GOV. LIM,RR,Residential - Regular,16350.0
raw,"RDO No. 93A - Zamboanga City and RDO No. 93B - Zamboanga, Sibugay.",,,,ZAMBOANGA DEL SUR,OF ZAMBOANGA,POBLACION  (ZONE 2),LA PURISIMA ST,INTERIOR LOT,RR,Residential - Regular,7500.0
raw,"RDO No. 93A - Zamboanga City and RDO No. 93B - Zamboanga, Sibugay.",,,,ZAMBOANGA DEL SUR,OF ZAMBOANGA,POBLACION  (ZONE 2),LA PURISIMA ST,GOV. ALVAREZ - CAMPANER,CR,Commercial - Regular,16500.0
raw,"RDO No. 93A - Zamboanga City and RDO No. 93B - Zamboanga, Sibugay.",,,,ZAMBOANGA DEL SUR,OF ZAMBOANGA,POBLACION  (ZONE 2),LA PURISIMA ST,GOV. ALVAREZ - CAMPANER,RR,Residential - Regular,10600.0
raw,"RDO No. 93A - Zamboanga City and RDO No. 93B - Zamboanga, Sibugay.",,,,ZAMBOANGA DEL SUR,OF ZAMBOANGA,POBLACION  (ZONE 2),LA PURISIMA ST,GOV. ALVAREZ - CAMPANER,X,Special / Other,13000.0
raw,"RDO No. 93A - Zamboanga City and RDO No. 93B - Zamboanga, Sibugay.",,,,ZAMBOANGA DEL SUR,OF ZAMBOANGA,POBLACION  (ZONE 2),LA PURISIMA ST,INTERIOR LOT,RR,Residential - Regular,5000.0
raw,"RDO No. 93A - Zamboanga City and RDO No. 93B - Zamboanga, Sibugay.",,,,ZAMBOANGA DEL SUR,OF ZAMBOANGA,POBLACION  (ZONE 2),MAYOR JALDON ST,SAN JOSE - CLIMACO AVE,CR,Commercial - Regular,12250.0
raw,"RDO No. 93A - Zamboanga City and RDO No. 93B - Zamboanga, Sibugay.",,,,ZAMBOANGA DEL SUR,OF ZAMBOANGA,POBLACION  (ZONE 2),MAYOR JALDON ST,SAN JOSE - CLIMACO AVE,RR,Residential - Regular,8500.0
raw,"RDO No. 93A - Zamboanga City and RDO No. 93B - Zamboanga, Sibugay.",,,,ZAMBOANGA DEL SUR,OF ZAMBOANGA,POBLACION  (ZONE 2),MAYOR JALDON ST,INTERIOR LOT,RR,Residential - Regular,6975.0
raw,"RDO No. 93A - Zamboanga City and RDO No. 93B - Zamboanga, Sibugay.",,,,ZAMBOANGA DEL SUR,OF ZAMBOANGA,POBLACION  (ZONE 2),MAYOR JALDON ST,SAN JOSE - CLIMACO AVE,CR,Commercial - Regular,12250.0
raw,"RDO No. 93A - Zamboanga City and RDO No. 93B - Zamboanga, Sibugay.",,,,ZAMBOANGA DEL SUR,OF ZAMBOANGA,POBLACION  (ZONE 2),MAYOR JALDON ST,SAN JOSE - CLIMACO AVE,RR,Residential - Regular,8500.0
raw,"RDO No. 93A - Zamboanga City and RDO No. 93B - Zamboanga, Sibugay.",,,,ZAMBOANGA DEL SUR,OF ZAMBOANGA,POBLACION  (ZONE 2),MAYOR JALDON ST,INTERIOR LOT,RR,Residential - Regular,6975.0
raw,"RDO No. 93A - Zamboanga City and RDO No. 93B - Zamboanga, Sibugay.",,,,ZAMBOANGA DEL SUR,OF ZAMBOANGA,POBLACION  (ZONE 2),P. REYES ST,GOV. LIM - P.BRILLANTES,CR,Commercial - Regular,16900.0
raw,"RDO No. 93A - Zamboanga City and RDO No. 93B - Zamboanga, Sibugay.",,,,ZAMBOANGA DEL SUR,OF ZAMBOANGA,POBLACION  (ZONE 2),P. REYES ST,GOV. LIM - P.BRILLANTES,RR,Residential - Regular,11050.0
raw,"RDO No. 93A - Zamboanga City and RDO No. 93B - Zamboanga, Sibugay.",,,,ZAMBOANGA DEL SUR,OF ZAMBOANGA,POBLACION  (ZONE 2),P. REYES ST,GOV. LIM - P.BRILLANTES,CR,Commercial - Regular,16900.0
raw,"RDO No. 93A - Zamboanga City and RDO No. 93B - Zamboanga, Sibugay.",,,,ZAMBOANGA DEL SUR,OF ZAMBOANGA,POBLACION  (ZONE 2),P. REYES ST,GOV. LIM - P.BRILLANTES,RR,Residential - Regular,11050.0
raw,"RDO No. 93A - Zamboanga City and RDO No. 93B - Zamboanga, Sibugay.",,,,ZAMBOANGA DEL SUR,OF ZAMBOANGA,POBLACION  (ZONE 2),SAN JOSE ST,C. CLIMACO - G. ALVAREZ,CR,Commercial - Regular,12750.0
raw,"RDO No. 93A - Zamboanga City and RDO No. 93B - Zamboanga, Sibugay.",,,,ZAMBOANGA DEL SUR,OF ZAMBOANGA,POBLACION  (ZONE 2),SAN JOSE ST,C. CLIMACO - G. ALVAREZ,RR,Residential - Regular,8600.0
raw,"RDO No. 93A - Zamboanga City and RDO No. 93B - Zamboanga, Sibugay.",,,,ZAMBOANGA DEL SUR,OF ZAMBOANGA,POBLACION  (ZONE 2),SAN JOSE ST,C. CLIMACO - G. ALVAREZ,X,Special / Other,12100.0
raw,"RDO No. 93A - Zamboanga City and RDO No. 93B - Zamboanga, Sibugay.",,,,ZAMBOANGA DEL SUR,OF ZAMBOANGA,POBLACION  (ZONE 2),SAN JOSE ST,C. CLIMACO - G. ALVAREZ,CR,Commercial - Regular,12750.0
raw,"RDO No. 93A - Zamboanga City and RDO No. 93B - Zamboanga, Sibugay.",,,,ZAMBOANGA DEL SUR,OF ZAMBOANGA,POBLACION  (ZONE 2),SAN JOSE ST,C. CLIMACO - G. ALVAREZ,RR,Residential - Regular,8600.0
raw,"RDO No. 93A - Zamboanga City and RDO No. 93B - Zamboanga, Sibugay.",,,,ZAMBOANGA DEL SUR,OF ZAMBOANGA,POBLACION  (ZONE 2),SAN JOSE ST,C. CLIMACO - G. ALVAREZ,X,Special / Other,12100.0
raw,"RDO No. 93A - Zamboanga City and RDO No. 93B - Zamboanga, Sibugay.",,,,ZAMBOANGA DEL SUR,OF ZAMBOANGA,POBLACION  (ZONE 2),TOMAS CLAUDIO ST,CLIMACO - LA PURISIMA,CR,Commercial - Regular,16900.0
raw,"RDO No. 93A - Zamboanga City and RDO No. 93B - Zamboanga, Sibugay.",,,,ZAMBOANGA DEL SUR,OF ZAMBOANGA,POBLACION  (ZONE 2),TOMAS CLAUDIO ST,CLIMACO - LA PURISIMA,RR,Residential - Regular,11100.0
raw,"RDO No. 93A - Zamboanga City and RDO No. 93B - Zamboanga, Sibugay.",,,,ZAMBOANGA DEL SUR,OF ZAMBOANGA,POBLACION  (ZONE 2),TOMAS CLAUDIO ST,CLIMACO - LA PURISIMA,CR,Commercial - Regular,16900.0
raw,"RDO No. 93A - Zamboanga City and RDO No. 93B - Zamboanga, Sibugay.",,,,ZAMBOANGA DEL SUR,OF ZAMBOANGA,POBLACION  (ZONE 2),TOMAS CLAUDIO ST,CLIMACO - LA PURISIMA,RR,Residential - Regular,11100.0
raw,"RDO No. 93A - Zamboanga City and RDO No. 93B - Zamboanga, Sibugay.",,,,ZAMBOANGA DEL SUR,OF ZAMBOANGA,POBLACION  (ZONE 2),URDANETA ST,GOV. LIM - BRILLANTES,CR,Commercial - Regular,16900.0
raw,"RDO No. 93A - Zamboanga City and RDO No. 93B - Zamboanga, Sibugay.",,,,ZAMBOANGA DEL SUR,OF ZAMBOANGA,POBLACION  (ZONE 2),URDANETA ST,GOV. LIM - BRILLANTES,RR,Residential - Regular,11100.0
raw,"RDO No. 93A - Zamboanga City and RDO No. 93B - Zamboanga, Sibugay.",,,,ZAMBOANGA DEL SUR,OF ZAMBOANGA,POBLACION  (ZONE 2),URDANETA ST,GOV. LIM - BRILLANTES,CR,Commercial - Regular,16900.0
raw,"RDO No. 93A - Zamboanga City and RDO No. 93B - Zamboanga, Sibugay.",,,,ZAMBOANGA DEL SUR,OF ZAMBOANGA,POBLACION  (ZONE 2),URDANETA ST,GOV. LIM - BRILLANTES,RR,Residential - Regular,11100.0
raw,"RDO No. 93A - Zamboanga City and RDO No. 93B - Zamboanga, Sibugay.",,,,ZAMBOANGA DEL SUR,OF ZAMBOANGA,POBLACION  (ZONE 3),ALL OTHER STREETS,ZONE 3 BARANGAY POBLACION,CR,Commercial - Regular,8300.0
raw,"RDO No. 93A - Zamboanga City and RDO No. 93B - Zamboanga, Sibugay.",,,,ZAMBOANGA DEL SUR,OF ZAMBOANGA,POBLACION  (ZONE 3),ALL OTHER STREETS,ZONE 3 BARANGAY POBLACION,RR,Residential - Regular,6000.0
raw,"RDO No. 93A - Zamboanga City and RDO No. 93B - Zamboanga, Sibugay.",,,,ZAMBOANGA DEL SUR,OF ZAMBOANGA,POBLACION  (ZONE 3),ALL OTHER STREETS,INTERIOR LOT,RR,Residential - Regular,4150.0
raw,"RDO No. 93A - Zamboanga City and RDO No. 93B - Zamboanga, Sibugay.",,,,ZAMBOANGA DEL SUR,OF ZAMBOANGA,POBLACION  (ZONE 3),ALL OTHER STREETS,ZONE 3 BARANGAY POBLACION,CR,Commercial - Regular,8300.0
raw,"RDO No. 93A - Zamboanga City and RDO No. 93B - Zamboanga, Sibugay.",,,,ZAMBOANGA DEL SUR,OF ZAMBOANGA,POBLACION  (ZONE 3),ALL OTHER STREETS,ZONE 3 BARANGAY POBLACION,RR,Residential - Regular,6000.0
raw,"RDO No. 93A - Zamboanga City and RDO No. 93B - Zamboanga, Sibugay.",,,,ZAMBOANGA DEL SUR,OF ZAMBOANGA,POBLACION  (ZONE 3),ALL OTHER STREETS,INTERIOR LOT,RR,Residential - Regular,4150.0
raw,"RDO No. 93A - Zamboanga City and RDO No. 93B - Zamboanga, Sibugay.",,,,ZAMBOANGA DEL SUR,OF ZAMBOANGA,POBLACION  (ZONE 3),ALMONTE ST,GOV. LIM - T. CLAUDIO,CR,Commercial - Regular,13750.0
raw,"RDO No. 93A - Zamboanga City and RDO No. 93B - Zamboanga, Sibugay.",,,,ZAMBOANGA DEL SUR,OF ZAMBOANGA,POBLACION  (ZONE 3),ALMONTE ST,GOV. LIM - T. CLAUDIO,CR,Commercial - Regular,13750.0
raw,"RDO No. 93A - Zamboanga City and RDO No. 93B - Zamboanga, Sibugay.",,,,ZAMBOANGA DEL SUR,OF ZAMBOANGA,POBLACION  (ZONE 3),CAMANCHILE DRIVE,NUNEZ ST - VETERANS AVE,CR,Commercial - Regular,8500.0
raw,"RDO No. 93A - Zamboanga City and RDO No. 93B - Zamboanga, Sibugay.",,,,ZAMBOANGA DEL SUR,OF ZAMBOANGA,POBLACION  (ZONE 3),CAMANCHILE DRIVE,NUNEZ ST - VETERANS AVE,RR,Residential - Regular,6050.0
raw,"RDO No. 93A - Zamboanga City and RDO No. 93B - Zamboanga, Sibugay.",,,,ZAMBOANGA DEL SUR,OF ZAMBOANGA,POBLACION  (ZONE 3),CAMANCHILE DRIVE,INTERIOR LOT,RR,Residential - Regular,4400.0
raw,"RDO No. 93A - Zamboanga City and RDO No. 93B - Zamboanga, Sibugay.",,,,ZAMBOANGA DEL SUR,OF ZAMBOANGA,POBLACION  (ZONE 3),CAMANCHILE DRIVE,NUNEZ ST - VETERANS AVE,CR,Commercial - Regular,8500.0
raw,"RDO No. 93A - Zamboanga City and RDO No. 93B - Zamboanga, Sibugay.",,,,ZAMBOANGA DEL SUR,OF ZAMBOANGA,POBLACION  (ZONE 3),CAMANCHILE DRIVE,NUNEZ ST - VETERANS AVE,RR,Residential - Regular,6050.0
raw,"RDO No. 93A - Zamboanga City and RDO No. 93B - Zamboanga, Sibugay.",,,,ZAMBOANGA DEL SUR,OF ZAMBOANGA,POBLACION  (ZONE 3),CAMANCHILE DRIVE,INTERIOR LOT,RR,Residential - Regular,4400.0
raw,"RDO No. 93A - Zamboanga City and RDO No. 93B - Zamboanga, Sibugay.",,,,ZAMBOANGA DEL SUR,OF ZAMBOANGA,POBLACION  (ZONE 3),CAMPANER ST,LA PURISIMA - NUÑEZ ST.,CR,Commercial - Regular,26800.0
raw,"RDO No. 93A - Zamboanga City and RDO No. 93B - Zamboanga, Sibugay.",,,,ZAMBOANGA DEL SUR,OF ZAMBOANGA,POBLACION  (ZONE 3),CAMPANER ST,LA PURISIMA - NUÑEZ ST.,RR,Residential - Regular,8375.0
raw,"RDO No. 93A - Zamboanga City and RDO No. 93B - Zamboanga, Sibugay.",,,,ZAMBOANGA DEL SUR,OF ZAMBOANGA,POBLACION  (ZONE 3),CAMPANER ST,LA PURISIMA - BRILLANTES,CR,Commercial - Regular,16500.0
raw,"RDO No. 93A - Zamboanga City and RDO No. 93B - Zamboanga, Sibugay.",,,,ZAMBOANGA DEL SUR,OF ZAMBOANGA,POBLACION  (ZONE 3),CAMPANER ST,LA PURISIMA - BRILLANTES,RR,Residential - Regular,10600.0
raw,"RDO No. 93A - Zamboanga City and RDO No. 93B - Zamboanga, Sibugay.",,,,ZAMBOANGA DEL SUR,OF ZAMBOANGA,POBLACION  (ZONE 3),CAMPANER ST,INTERIOR LOT,RR,Residential - Regular,5000.0
raw,"RDO No. 93A - Zamboanga City and RDO No. 93B - Zamboanga, Sibugay.",,,,ZAMBOANGA DEL SUR,OF ZAMBOANGA,POBLACION  (ZONE 3),CAMPANER ST,LA PURISIMA - NUÑEZ ST.,CR,Commercial - Regular,26800.0
raw,"RDO No. 93A - Zamboanga City and RDO No. 93B - Zamboanga, Sibugay.",,,,ZAMBOANGA DEL SUR,OF ZAMBOANGA,POBLACION  (ZONE 3),CAMPANER ST,LA PURISIMA - NUÑEZ ST.,RR,Residential - Regular,8375.0
raw,"RDO No. 93A - Zamboanga City and RDO No. 93B - Zamboanga, Sibugay.",,,,ZAMBOANGA DEL SUR,OF ZAMBOANGA,POBLACION  (ZONE 3),CAMPANER ST,LA PURISIMA - BRILLANTES,CR,Commercial - Regular,16500.0
raw,"RDO No. 93A - Zamboanga City and RDO No. 93B - Zamboanga, Sibugay.",,,,ZAMBOANGA DEL SUR,OF ZAMBOANGA,POBLACION  (ZONE 3),CAMPANER ST,LA PURISIMA - BRILLANTES,RR,Residential - Regular,10600.0
raw,"RDO No. 93A - Zamboanga City and RDO No. 93B - Zamboanga, Sibugay.",,,,ZAMBOANGA DEL SUR,OF ZAMBOANGA,POBLACION  (ZONE 3),CAMPANER ST,INTERIOR LOT,RR,Residential - Regular,5000.0
raw,"RDO No. 93A - Zamboanga City and RDO No. 93B - Zamboanga, Sibugay.",,,,ZAMBOANGA DEL SUR,OF ZAMBOANGA,POBLACION  (ZONE 3),GOV. ALVAREZ,LA PURISIMA - VETERANS,CR,Commercial - Regular,10000.0
raw,"RDO No. 93A - Zamboanga City and RDO No. 93B - Zamboanga, Sibugay.",,,,ZAMBOANGA DEL SUR,OF ZAMBOANGA,POBLACION  (ZONE 3),GOV. ALVAREZ,LA PURISIMA - VETERANS,RR,Residential - Regular,6675.0
raw,"RDO No. 93A - Zamboanga City and RDO No. 93B - Zamboanga, Sibugay.",,,,ZAMBOANGA DEL SUR,OF ZAMBOANGA,POBLACION  (ZONE 3),GOV. ALVAREZ,LA PURISIMA - VETERANS,CR,Commercial - Regular,10000.0
raw,"RDO No. 93A - Zamboanga City and RDO No. 93B - Zamboanga, Sibugay.",,,,ZAMBOANGA DEL SUR,OF ZAMBOANGA,POBLACION  (ZONE 3),GOV. ALVAREZ,LA PURISIMA - VETERANS,RR,Residential - Regular,6675.0
raw,"RDO No. 93A - Zamboanga City and RDO No. 93B - Zamboanga, Sibugay.",,,,ZAMBOANGA DEL SUR,OF ZAMBOANGA,POBLACION  (ZONE 3),LA PURISIMA ST,GOV. LIM - GOV. ALVAREZ,CR,Commercial - Regular,15300.0
raw,"RDO No. 93A - Zamboanga City and RDO No. 93B - Zamboanga, Sibugay.",,,,ZAMBOANGA DEL SUR,OF ZAMBOANGA,POBLACION  (ZONE 3),LA PURISIMA ST,GOV. LIM - GOV. ALVAREZ,RR,Residential - Regular,11100.0
raw,"RDO No. 93A - Zamboanga City and RDO No. 93B - Zamboanga, Sibugay.",,,,ZAMBOANGA DEL SUR,OF ZAMBOANGA,POBLACION  (ZONE 3),LA PURISIMA ST,GOV. LIM - GOV. ALVAREZ,X,Special / Other,13200.0
raw,"RDO No. 93A - Zamboanga City and RDO No. 93B - Zamboanga, Sibugay.",,,,ZAMBOANGA DEL SUR,OF ZAMBOANGA,POBLACION  (ZONE 3),LA PURISIMA ST,INTERIOR LOT,RR,Residential - Regular,5750.0
raw,"RDO No. 93A - Zamboanga City and RDO No. 93B - Zamboanga, Sibugay.",,,,ZAMBOANGA DEL SUR,OF ZAMBOANGA,POBLACION  (ZONE 3),LA PURISIMA ST,GOV. LIM - GOV. ALVAREZ,CR,Commercial - Regular,15300.0
raw,"RDO No. 93A - Zamboanga City and RDO No. 93B - Zamboanga, Sibugay.",,,,ZAMBOANGA DEL SUR,OF ZAMBOANGA,POBLACION  (ZONE 3),LA PURISIMA ST,GOV. LIM - GOV. ALVAREZ,RR,Residential - Regular,11100.0
raw,"RDO No. 93A - Zamboanga City and RDO No. 93B - Zamboanga, Sibugay.",,,,ZAMBOANGA DEL SUR,OF ZAMBOANGA,POBLACION  (ZONE 3),LA PURISIMA ST,GOV. LIM - GOV. ALVAREZ,X,Special / Other,13200.0
raw,"RDO No. 93A - Zamboanga City and RDO No. 93B - Zamboanga, Sibugay.",,,,ZAMBOANGA DEL SUR,OF ZAMBOANGA,POBLACION  (ZONE 3),LA PURISIMA ST,INTERIOR LOT,RR,Residential - Regular,5750.0
raw,"RDO No. 93A - Zamboanga City and RDO No. 93B - Zamboanga, Sibugay.",,,,ZAMBOANGA DEL SUR,OF ZAMBOANGA,POBLACION  (ZONE 3),NUNEZ ST,GOV. LIM - GOV. ALVAREZ,CR,Commercial - Regular,17500.0
raw,"RDO No. 93A - Zamboanga City and RDO No. 93B - Zamboanga, Sibugay.",,,,ZAMBOANGA DEL SUR,OF ZAMBOANGA,POBLACION  (ZONE 3),NUNEZ ST,GOV. LIM - GOV. ALVAREZ,RR,Residential - Regular,14250.0
raw,"RDO No. 93A - Zamboanga City and RDO No. 93B - Zamboanga, Sibugay.",,,,ZAMBOANGA DEL SUR,OF ZAMBOANGA,POBLACION  (ZONE 3),NUNEZ ST,GOV. LIM - GOV. ALVAREZ,X,Special / Other,15875.0
raw,"RDO No. 93A - Zamboanga City and RDO No. 93B - Zamboanga, Sibugay.",,,,ZAMBOANGA DEL SUR,OF ZAMBOANGA,POBLACION  (ZONE 3),NUNEZ ST,INTERIOR LOT,RR,Residential - Regular,9250.0
raw,"RDO No. 93A - Zamboanga City and RDO No. 93B - Zamboanga, Sibugay.",,,,ZAMBOANGA DEL SUR,OF ZAMBOANGA,POBLACION  (ZONE 3),NUNEZ ST,GOV. LIM - GOV. ALVAREZ,CR,Commercial - Regular,17500.0
raw,"RDO No. 93A - Zamboanga City and RDO No. 93B - Zamboanga, Sibugay.",,,,ZAMBOANGA DEL SUR,OF ZAMBOANGA,POBLACION  (ZONE 3),NUNEZ ST,GOV. LIM - GOV. ALVAREZ,RR,Residential - Regular,14250.0
raw,"RDO No. 93A - Zamboanga City and RDO No. 93B - Zamboanga, Sibugay.",,,,ZAMBOANGA DEL SUR,OF ZAMBOANGA,POBLACION  (ZONE 3),NUNEZ ST,GOV. LIM - GOV. ALVAREZ,X,Special / Other,15875.0
raw,"RDO No. 93A - Zamboanga City and RDO No. 93B - Zamboanga, Sibugay.",,,,ZAMBOANGA DEL SUR,OF ZAMBOANGA,POBLACION  (ZONE 3),NUNEZ ST,INTERIOR LOT,RR,Residential - Regular,9250.0
raw,"RDO No. 93A - Zamboanga City and RDO No. 93B - Zamboanga, Sibugay.",,,,ZAMBOANGA DEL SUR,OF ZAMBOANGA,POBLACION  (ZONE 3),TOMAS CLAUDIO ST,LA PURISIMA - VETERANS,CR,Commercial - Regular,14150.0
raw,"RDO No. 93A - Zamboanga City and RDO No. 93B - Zamboanga, Sibugay.",,,,ZAMBOANGA DEL SUR,OF ZAMBOANGA,POBLACION  (ZONE 3),TOMAS CLAUDIO ST,LA PURISIMA - VETERANS,RR,Residential - Regular,10000.0
raw,"RDO No. 93A - Zamboanga City and RDO No. 93B - Zamboanga, Sibugay.",,,,ZAMBOANGA DEL SUR,OF ZAMBOANGA,POBLACION  (ZONE 3),TOMAS CLAUDIO ST,LA PURISIMA - VETERANS,CR,Commercial - Regular,14150.0
raw,"RDO No. 93A - Zamboanga City and RDO No. 93B - Zamboanga, Sibugay.",,,,ZAMBOANGA DEL SUR,OF ZAMBOANGA,POBLACION  (ZONE 3),TOMAS CLAUDIO ST,LA PURISIMA - VETERANS,RR,Residential - Regular,10000.0
raw,"RDO No. 93A - Zamboanga City and RDO No. 93B - Zamboanga, Sibugay.",,,,ZAMBOANGA DEL SUR,OF ZAMBOANGA,POBLACION  (ZONE 3),VETERANS AVE,GOV. LIM - GOV. ALVAREZ,CR,Commercial - Regular,14900.0
raw,"RDO No. 93A - Zamboanga City and RDO No. 93B - Zamboanga, Sibugay.",,,,ZAMBOANGA DEL SUR,OF ZAMBOANGA,POBLACION  (ZONE 3),VETERANS AVE,GOV. LIM - GOV. ALVAREZ,CR,Commercial - Regular,14900.0
raw,"RDO No. 93A - Zamboanga City and RDO No. 93B - Zamboanga, Sibugay.",,,,ZAMBOANGA DEL SUR,OF ZAMBOANGA,POBLACION  (ZONE 4),ALL OTHER STREETS,ZONE 4 BARANGAY POBLACION,CR,Commercial - Regular,12750.0
raw,"RDO No. 93A - Zamboanga City and RDO No. 93B - Zamboanga, Sibugay.",,,,ZAMBOANGA DEL SUR,OF ZAMBOANGA,POBLACION  (ZONE 4),ALL OTHER STREETS,ZONE 4 BARANGAY POBLACION,RR,Residential - Regular,8400.0
raw,"RDO No. 93A - Zamboanga City and RDO No. 93B - Zamboanga, Sibugay.",,,,ZAMBOANGA DEL SUR,OF ZAMBOANGA,POBLACION  (ZONE 4),ALL OTHER STREETS,INTERIOR LOT,RR,Residential - Regular,4000.0
raw,"RDO No. 93A - Zamboanga City and RDO No. 93B - Zamboanga, Sibugay.",,,,ZAMBOANGA DEL SUR,OF ZAMBOANGA,POBLACION  (ZONE 4),ALL OTHER STREETS,ZONE 4 BARANGAY POBLACION,CR,Commercial - Regular,12750.0
raw,"RDO No. 93A - Zamboanga City and RDO No. 93B - Zamboanga, Sibugay.",,,,ZAMBOANGA DEL SUR,OF ZAMBOANGA,POBLACION  (ZONE 4),ALL OTHER STREETS,ZONE 4 BARANGAY POBLACION,RR,Residential - Regular,8400.0
raw,"RDO No. 93A - Zamboanga City and RDO No. 93B - Zamboanga, Sibugay.",,,,ZAMBOANGA DEL SUR,OF ZAMBOANGA,POBLACION  (ZONE 4),ALL OTHER STREETS,INTERIOR LOT,RR,Residential - Regular,4000.0
raw,"RDO No. 93A - Zamboanga City and RDO No. 93B - Zamboanga, Sibugay.",,,,ZAMBOANGA DEL SUR,OF ZAMBOANGA,POBLACION  (ZONE 4),BARCELONA ST,I. MAGNO - GOV. LIM AVE,CR,Commercial - Regular,16900.0
raw,"RDO No. 93A - Zamboanga City and RDO No. 93B - Zamboanga, Sibugay.",,,,ZAMBOANGA DEL SUR,OF ZAMBOANGA,POBLACION  (ZONE 4),BARCELONA ST,I. MAGNO - GOV. LIM AVE,RR,Residential - Regular,11100.0
raw,"RDO No. 93A - Zamboanga City and RDO No. 93B - Zamboanga, Sibugay.",,,,ZAMBOANGA DEL SUR,OF ZAMBOANGA,POBLACION  (ZONE 4),BARCELONA ST,I. MAGNO - GOV. LIM AVE,CR,Commercial - Regular,16900.0
raw,"RDO No. 93A - Zamboanga City and RDO No. 93B - Zamboanga, Sibugay.",,,,ZAMBOANGA DEL SUR,OF ZAMBOANGA,POBLACION  (ZONE 4),BARCELONA ST,I. MAGNO - GOV. LIM AVE,RR,Residential - Regular,11100.0
raw,"RDO No. 93A - Zamboanga City and RDO No. 93B - Zamboanga, Sibugay.",,,,ZAMBOANGA DEL SUR,OF ZAMBOANGA,POBLACION  (ZONE 4),CERVANTES ST,GEN. V.ALVAREZ ST - PILAR,CR,Commercial - Regular,12750.0
raw,"RDO No. 93A - Zamboanga City and RDO No. 93B - Zamboanga, Sibugay.",,,,ZAMBOANGA DEL SUR,OF ZAMBOANGA,POBLACION  (ZONE 4),CERVANTES ST,GEN. V.ALVAREZ ST - PILAR,RR,Residential - Regular,8500.0
raw,"RDO No. 93A - Zamboanga City and RDO No. 93B - Zamboanga, Sibugay.",,,,ZAMBOANGA DEL SUR,OF ZAMBOANGA,POBLACION  (ZONE 4),CERVANTES ST,GEN. V.ALVAREZ ST - PILAR,CR,Commercial - Regular,12750.0
raw,"RDO No. 93A - Zamboanga City and RDO No. 93B - Zamboanga, Sibugay.",,,,ZAMBOANGA DEL SUR,OF ZAMBOANGA,POBLACION  (ZONE 4),CERVANTES ST,GEN. V.ALVAREZ ST - PILAR,RR,Residential - Regular,8500.0
raw,"RDO No. 93A - Zamboanga City and RDO No. 93B - Zamboanga, Sibugay.",,,,ZAMBOANGA DEL SUR,OF ZAMBOANGA,POBLACION  (ZONE 4),CLAVERIA ST,GOV. ALVAREZ - PILAR ST,CR,Commercial - Regular,12750.0
raw,"RDO No. 93A - Zamboanga City and RDO No. 93B - Zamboanga, Sibugay.",,,,ZAMBOANGA DEL SUR,OF ZAMBOANGA,POBLACION  (ZONE 4),CLAVERIA ST,GOV. ALVAREZ - PILAR ST,RR,Residential - Regular,8500.0
raw,"RDO No. 93A - Zamboanga City and RDO No. 93B - Zamboanga, Sibugay.",,,,ZAMBOANGA DEL SUR,OF ZAMBOANGA,POBLACION  (ZONE 4),CLAVERIA ST,GOV. ALVAREZ - PILAR ST,CR,Commercial - Regular,12750.0
raw,"RDO No. 93A - Zamboanga City and RDO No. 93B - Zamboanga, Sibugay.",,,,ZAMBOANGA DEL SUR,OF ZAMBOANGA,POBLACION  (ZONE 4),CLAVERIA ST,GOV. ALVAREZ - PILAR ST,RR,Residential - Regular,8500.0
raw,"RDO No. 93A - Zamboanga City and RDO No. 93B - Zamboanga, Sibugay.",,,,ZAMBOANGA DEL SUR,OF ZAMBOANGA,POBLACION  (ZONE 4),CLIMACO AVE,GOV. LIM AVE - J.S. ALANO,CR,Commercial - Regular,15750.0
raw,"RDO No. 93A - Zamboanga City and RDO No. 93B - Zamboanga, Sibugay.",,,,ZAMBOANGA DEL SUR,OF ZAMBOANGA,POBLACION  (ZONE 4),CLIMACO AVE,GOV. LIM AVE - J.S. ALANO,CR,Commercial - Regular,15750.0
raw,"RDO No. 93A - Zamboanga City and RDO No. 93B - Zamboanga, Sibugay.",,,,ZAMBOANGA DEL SUR,OF ZAMBOANGA,POBLACION  (ZONE 4),CORCUERA SR,PORT AREA - PILAR ST,CR,Commercial - Regular,12850.0
raw,"RDO No. 93A - Zamboanga City and RDO No. 93B - Zamboanga, Sibugay.",,,,ZAMBOANGA DEL SUR,OF ZAMBOANGA,POBLACION  (ZONE 4),CORCUERA SR,PORT AREA - PILAR ST,RR,Residential - Regular,9575.0
raw,"RDO No. 93A - Zamboanga City and RDO No. 93B - Zamboanga, Sibugay.",,,,ZAMBOANGA DEL SUR,OF ZAMBOANGA,POBLACION  (ZONE 4),CORCUERA SR,PORT AREA - PILAR ST,CR,Commercial - Regular,12850.0
raw,"RDO No. 93A - Zamboanga City and RDO No. 93B - Zamboanga, Sibugay.",,,,ZAMBOANGA DEL SUR,OF ZAMBOANGA,POBLACION  (ZONE 4),CORCUERA SR,PORT AREA - PILAR ST,RR,Residential - Regular,9575.0
raw,"RDO No. 93A - Zamboanga City and RDO No. 93B - Zamboanga, Sibugay.",,,,ZAMBOANGA DEL SUR,OF ZAMBOANGA,POBLACION  (ZONE 4),GEN. V. ALVAREZ,P. LORENZO - VETERANS,CR,Commercial - Regular,12900.0
raw,"RDO No. 93A - Zamboanga City and RDO No. 93B - Zamboanga, Sibugay.",,,,ZAMBOANGA DEL SUR,OF ZAMBOANGA,POBLACION  (ZONE 4),GEN. V. ALVAREZ,P. LORENZO - VETERANS,RR,Residential - Regular,8450.0
raw,"RDO No. 93A - Zamboanga City and RDO No. 93B - Zamboanga, Sibugay.",,,,ZAMBOANGA DEL SUR,OF ZAMBOANGA,POBLACION  (ZONE 4),GEN. V. ALVAREZ,P. LORENZO - VETERANS,X,Special / Other,12500.0
raw,"RDO No. 93A - Zamboanga City and RDO No. 93B - Zamboanga, Sibugay.",,,,ZAMBOANGA DEL SUR,OF ZAMBOANGA,POBLACION  (ZONE 4),GEN. V. ALVAREZ,INTERIOR LOT,RR,Residential - Regular,4500.0
raw,"RDO No. 93A - Zamboanga City and RDO No. 93B - Zamboanga, Sibugay.",,,,ZAMBOANGA DEL SUR,OF ZAMBOANGA,POBLACION  (ZONE 4),GEN. V. ALVAREZ,P. LORENZO - VETERANS,CR,Commercial - Regular,12900.0
raw,"RDO No. 93A - Zamboanga City and RDO No. 93B - Zamboanga, Sibugay.",,,,ZAMBOANGA DEL SUR,OF ZAMBOANGA,POBLACION  (ZONE 4),GEN. V. ALVAREZ,P. LORENZO - VETERANS,RR,Residential - Regular,8450.0
raw,"RDO No. 93A - Zamboanga City and RDO No. 93B - Zamboanga, Sibugay.",,,,ZAMBOANGA DEL SUR,OF ZAMBOANGA,POBLACION  (ZONE 4),GEN. V. ALVAREZ,P. LORENZO - VETERANS,X,Special / Other,12500.0
raw,"RDO No. 93A - Zamboanga City and RDO No. 93B - Zamboanga, Sibugay.",,,,ZAMBOANGA DEL SUR,OF ZAMBOANGA,POBLACION  (ZONE 4),GEN. V. ALVAREZ,INTERIOR LOT,RR,Residential - Regular,4500.0
raw,"RDO No. 93A - Zamboanga City and RDO No. 93B - Zamboanga, Sibugay.",,,,ZAMBOANGA DEL SUR,OF ZAMBOANGA,POBLACION  (ZONE 4),GOV. LIM AVE,LA PURISIMA - VETERANS,CR,Commercial - Regular,16000.0
raw,"RDO No. 93A - Zamboanga City and RDO No. 93B - Zamboanga, Sibugay.",,,,ZAMBOANGA DEL SUR,OF ZAMBOANGA,POBLACION  (ZONE 4),GOV. LIM AVE,LA PURISIMA - VETERANS,X,Special / Other,16000.0
raw,"RDO No. 93A - Zamboanga City and RDO No. 93B - Zamboanga, Sibugay.",,,,ZAMBOANGA DEL SUR,OF ZAMBOANGA,POBLACION  (ZONE 4),GOV. LIM AVE,LA PURISIMA - VETERANS,CR,Commercial - Regular,16000.0
raw,"RDO No. 93A - Zamboanga City and RDO No. 93B - Zamboanga, Sibugay.",,,,ZAMBOANGA DEL SUR,OF ZAMBOANGA,POBLACION  (ZONE 4),GOV. LIM AVE,LA PURISIMA - VETERANS,X,Special / Other,16000.0
raw,"RDO No. 93A - Zamboanga City and RDO No. 93B - Zamboanga, Sibugay.",,,,ZAMBOANGA DEL SUR,OF ZAMBOANGA,POBLACION  (ZONE 4),I. MAGNO ST,CLIMACO - P. LORENZO,CR,Commercial - Regular,16000.0
raw,"RDO No. 93A - Zamboanga City and RDO No. 93B - Zamboanga, Sibugay.",,,,ZAMBOANGA DEL SUR,OF ZAMBOANGA,POBLACION  (ZONE 4),I. MAGNO ST,CLIMACO - P. LORENZO,CR,Commercial - Regular,16000.0
raw,"RDO No. 93A - Zamboanga City and RDO No. 93B - Zamboanga, Sibugay.",,,,ZAMBOANGA DEL SUR,OF ZAMBOANGA,POBLACION  (ZONE 4),J. S. ALANO ST,GOV. LIM - DON LORENZO,CR,Commercial - Regular,16900.0
raw,"RDO No. 93A - Zamboanga City and RDO No. 93B - Zamboanga, Sibugay.",,,,ZAMBOANGA DEL SUR,OF ZAMBOANGA,POBLACION  (ZONE 4),J. S. ALANO ST,GOV. LIM - DON LORENZO,X,Special / Other,16300.0
raw,"RDO No. 93A - Zamboanga City and RDO No. 93B - Zamboanga, Sibugay.",,,,ZAMBOANGA DEL SUR,OF ZAMBOANGA,POBLACION  (ZONE 4),J. S. ALANO ST,GOV. LIM - DON LORENZO,CR,Commercial - Regular,16900.0
raw,"RDO No. 93A - Zamboanga City and RDO No. 93B - Zamboanga, Sibugay.",,,,ZAMBOANGA DEL SUR,OF ZAMBOANGA,POBLACION  (ZONE 4),J. S. ALANO ST,GOV. LIM - DON LORENZO,X,Special / Other,16300.0
raw,"RDO No. 93A - Zamboanga City and RDO No. 93B - Zamboanga, Sibugay.",,,,ZAMBOANGA DEL SUR,OF ZAMBOANGA,POBLACION  (ZONE 4),MA. CLARA ST,VALDEROSA - ZARAGOZA,CR,Commercial - Regular,16900.0
raw,"RDO No. 93A - Zamboanga City and RDO No. 93B - Zamboanga, Sibugay.",,,,ZAMBOANGA DEL SUR,OF ZAMBOANGA,POBLACION  (ZONE 4),MA. CLARA ST,VALDEROSA - ZARAGOZA,CR,Commercial - Regular,16900.0
raw,"RDO No. 93A - Zamboanga City and RDO No. 93B - Zamboanga, Sibugay.",,,,ZAMBOANGA DEL SUR,OF ZAMBOANGA,POBLACION  (ZONE 4),P. REYES ST,GOV. LIM AVE - I. MAGNO,CR,Commercial - Regular,16900.0
raw,"RDO No. 93A - Zamboanga City and RDO No. 93B - Zamboanga, Sibugay.",,,,ZAMBOANGA DEL SUR,OF ZAMBOANGA,POBLACION  (ZONE 4),P. REYES ST,GOV. LIM AVE - I. MAGNO,CR,Commercial - Regular,16900.0
raw,"RDO No. 93A - Zamboanga City and RDO No. 93B - Zamboanga, Sibugay.",,,,ZAMBOANGA DEL SUR,OF ZAMBOANGA,POBLACION  (ZONE 4),PETTIT BARRACKS,VILLALOBOS - FORT PILAR,X,Special / Other,16300.0
raw,"RDO No. 93A - Zamboanga City and RDO No. 93B - Zamboanga, Sibugay.",,,,ZAMBOANGA DEL SUR,OF ZAMBOANGA,POBLACION  (ZONE 4),PETTIT BARRACKS,VILLALOBOS - FORT PILAR,X,Special / Other,16300.0
raw,"RDO No. 93A - Zamboanga City and RDO No. 93B - Zamboanga, Sibugay.",,,,ZAMBOANGA DEL SUR,OF ZAMBOANGA,POBLACION  (ZONE 4),PILAR ST,DON LORENZO - VETERANS,CR,Commercial - Regular,19900.0
raw,"RDO No. 93A - Zamboanga City and RDO No. 93B - Zamboanga, Sibugay.",,,,ZAMBOANGA DEL SUR,OF ZAMBOANGA,POBLACION  (ZONE 4),PILAR ST,DON LORENZO - VETERANS,RR,Residential - Regular,11100.0
raw,"RDO No. 93A - Zamboanga City and RDO No. 93B - Zamboanga, Sibugay.",,,,ZAMBOANGA DEL SUR,OF ZAMBOANGA,POBLACION  (ZONE 4),PILAR ST,INTERIOR LOT,RR,Residential - Regular,7500.0
raw,"RDO No. 93A - Zamboanga City and RDO No. 93B - Zamboanga, Sibugay.",,,,ZAMBOANGA DEL SUR,OF ZAMBOANGA,POBLACION  (ZONE 4),PILAR ST,INTERIOR LOT,X,Special / Other,19000.0
raw,"RDO No. 93A - Zamboanga City and RDO No. 93B - Zamboanga, Sibugay.",,,,ZAMBOANGA DEL SUR,OF ZAMBOANGA,POBLACION  (ZONE 4),PILAR ST,DON LORENZO - VETERANS,CR,Commercial - Regular,19900.0
raw,"RDO No. 93A - Zamboanga City and RDO No. 93B - Zamboanga, Sibugay.",,,,ZAMBOANGA DEL SUR,OF ZAMBOANGA,POBLACION  (ZONE 4),PILAR ST,DON LORENZO - VETERANS,RR,Residential - Regular,11100.0
raw,"RDO No. 93A - Zamboanga City and RDO No. 93B - Zamboanga, Sibugay.",,,,ZAMBOANGA DEL SUR,OF ZAMBOANGA,POBLACION  (ZONE 4),PILAR ST,INTERIOR LOT,RR,Residential - Regular,7500.0
raw,"RDO No. 93A - Zamboanga City and RDO No. 93B - Zamboanga, Sibugay.",,,,ZAMBOANGA DEL SUR,OF ZAMBOANGA,POBLACION  (ZONE 4),PILAR ST,INTERIOR LOT,X,Special / Other,19000.0
raw,"RDO No. 93A - Zamboanga City and RDO No. 93B - Zamboanga, Sibugay.",,,,ZAMBOANGA DEL SUR,OF ZAMBOANGA,POBLACION  (ZONE 4),R. SOLIMAN ST,CLIMACO - PUBLIC MARKET,CR,Commercial - Regular,14800.0
raw,"RDO No. 93A - Zamboanga City and RDO No. 93B - Zamboanga, Sibugay.",,,,ZAMBOANGA DEL SUR,OF ZAMBOANGA,POBLACION  (ZONE 4),R. SOLIMAN ST,CLIMACO - PUBLIC MARKET,CR,Commercial - Regular,14800.0
raw,"RDO No. 93A - Zamboanga City and RDO No. 93B - Zamboanga, Sibugay.",,,,ZAMBOANGA DEL SUR,OF ZAMBOANGA,POBLACION  (ZONE 4),RIZAL ST,MA. CLARA - VILLALOBOS,CR,Commercial - Regular,14400.0
raw,"RDO No. 93A - Zamboanga City and RDO No. 93B - Zamboanga, Sibugay.",,,,ZAMBOANGA DEL SUR,OF ZAMBOANGA,POBLACION  (ZONE 4),RIZAL ST,MA. CLARA - VILLALOBOS,X,Special / Other,13700.0
raw,"RDO No. 93A - Zamboanga City and RDO No. 93B - Zamboanga, Sibugay.",,,,ZAMBOANGA DEL SUR,OF ZAMBOANGA,POBLACION  (ZONE 4),RIZAL ST,MA. CLARA - VILLALOBOS,CR,Commercial - Regular,14400.0
raw,"RDO No. 93A - Zamboanga City and RDO No. 93B - Zamboanga, Sibugay.",,,,ZAMBOANGA DEL SUR,OF ZAMBOANGA,POBLACION  (ZONE 4),RIZAL ST,MA. CLARA - VILLALOBOS,X,Special / Other,13700.0
raw,"RDO No. 93A - Zamboanga City and RDO No. 93B - Zamboanga, Sibugay.",,,,ZAMBOANGA DEL SUR,OF ZAMBOANGA,POBLACION  (ZONE 4),SAN JOSE PANIGAYAN,P. LORENZO - CERVANTES,CR,Commercial - Regular,12800.0
raw,"RDO No. 93A - Zamboanga City and RDO No. 93B - Zamboanga, Sibugay.",,,,ZAMBOANGA DEL SUR,OF ZAMBOANGA,POBLACION  (ZONE 4),SAN JOSE PANIGAYAN,P. LORENZO - CERVANTES,RR,Residential - Regular,9450.0
raw,"RDO No. 93A - Zamboanga City and RDO No. 93B - Zamboanga, Sibugay.",,,,ZAMBOANGA DEL SUR,OF ZAMBOANGA,POBLACION  (ZONE 4),SAN JOSE PANIGAYAN,INTERIOR LOT,RR,Residential - Regular,4500.0
raw,"RDO No. 93A - Zamboanga City and RDO No. 93B - Zamboanga, Sibugay.",,,,ZAMBOANGA DEL SUR,OF ZAMBOANGA,POBLACION  (ZONE 4),SAN JOSE PANIGAYAN,P. LORENZO - CERVANTES,CR,Commercial - Regular,12800.0
raw,"RDO No. 93A - Zamboanga City and RDO No. 93B - Zamboanga, Sibugay.",,,,ZAMBOANGA DEL SUR,OF ZAMBOANGA,POBLACION  (ZONE 4),SAN JOSE PANIGAYAN,P. LORENZO - CERVANTES,RR,Residential - Regular,9450.0
raw,"RDO No. 93A - Zamboanga City and RDO No. 93B - Zamboanga, Sibugay.",,,,ZAMBOANGA DEL SUR,OF ZAMBOANGA,POBLACION  (ZONE 4),SAN JOSE PANIGAYAN,INTERIOR LOT,RR,Residential - Regular,4500.0
raw,"RDO No. 93A - Zamboanga City and RDO No. 93B - Zamboanga, Sibugay.",,,,ZAMBOANGA DEL SUR,OF ZAMBOANGA,POBLACION  (ZONE 4),URDANETA ST,GOV. LIM AVE - I. MAGNO,CR,Commercial - Regular,13850.0
raw,"RDO No. 93A - Zamboanga City and RDO No. 93B - Zamboanga, Sibugay.",,,,ZAMBOANGA DEL SUR,OF ZAMBOANGA,POBLACION  (ZONE 4),URDANETA ST,GOV. LIM AVE - I. MAGNO,CR,Commercial - Regular,13850.0
raw,"RDO No. 93A - Zamboanga City and RDO No. 93B - Zamboanga, Sibugay.",,,,ZAMBOANGA DEL SUR,OF ZAMBOANGA,POBLACION  (ZONE 4),VALDEROSA ST,DON LORENZO - FORT PILAR,CR,Commercial - Regular,12850.0
raw,"RDO No. 93A - Zamboanga City and RDO No. 93B - Zamboanga, Sibugay.",,,,ZAMBOANGA DEL SUR,OF ZAMBOANGA,POBLACION  (ZONE 4),VALDEROSA ST,DON LORENZO - FORT PILAR,CR,Commercial - Regular,12850.0
raw,"RDO No. 93A - Zamboanga City and RDO No. 93B - Zamboanga, Sibugay.",,,,ZAMBOANGA DEL SUR,OF ZAMBOANGA,POBLACION  (ZONE 4),VETERANS AVE,GOV. LIM AVE - FORT PILAR,CR,Commercial - Regular,14900.0
raw,"RDO No. 93A - Zamboanga City and RDO No. 93B - Zamboanga, Sibugay.",,,,ZAMBOANGA DEL SUR,OF ZAMBOANGA,POBLACION  (ZONE 4),VETERANS AVE,GOV. LIM AVE - FORT PILAR,RR,Residential - Regular,13300.0
raw,"RDO No. 93A - Zamboanga City and RDO No. 93B - Zamboanga, Sibugay.",,,,ZAMBOANGA DEL SUR,OF ZAMBOANGA,POBLACION  (ZONE 4),VETERANS AVE,GOV. LIM AVE - FORT PILAR,X,Special / Other,15175.0
raw,"RDO No. 93A - Zamboanga City and RDO No. 93B - Zamboanga, Sibugay.",,,,ZAMBOANGA DEL SUR,OF ZAMBOANGA,POBLACION  (ZONE 4),VETERANS AVE,GOV. LIM AVE - FORT PILAR,CR,Commercial - Regular,14900.0
raw,"RDO No. 93A - Zamboanga City and RDO No. 93B - Zamboanga, Sibugay.",,,,ZAMBOANGA DEL SUR,OF ZAMBOANGA,POBLACION  (ZONE 4),VETERANS AVE,GOV. LIM AVE - FORT PILAR,RR,Residential - Regular,13300.0
raw,"RDO No. 93A - Zamboanga City and RDO No. 93B - Zamboanga, Sibugay.",,,,ZAMBOANGA DEL SUR,OF ZAMBOANGA,POBLACION  (ZONE 4),VETERANS AVE,GOV. LIM AVE - FORT PILAR,X,Special / Other,15175.0
raw,"RDO No. 93A - Zamboanga City and RDO No. 93B - Zamboanga, Sibugay.",,,,ZAMBOANGA DEL SUR,OF ZAMBOANGA,POBLACION  (ZONE 4),VILLALOBOS ST,VALDEROSA - PILAR ST,CR,Commercial - Regular,12800.0
raw,"RDO No. 93A - Zamboanga City and RDO No. 93B - Zamboanga, Sibugay.",,,,ZAMBOANGA DEL SUR,OF ZAMBOANGA,POBLACION  (ZONE 4),VILLALOBOS ST,VALDEROSA - PILAR ST,RR,Residential - Regular,9450.0
raw,"RDO No. 93A - Zamboanga City and RDO No. 93B - Zamboanga, Sibugay.",,,,ZAMBOANGA DEL SUR,OF ZAMBOANGA,POBLACION  (ZONE 4),VILLALOBOS ST,INTERIOR LOT,RR,Residential - Regular,6500.0
raw,"RDO No. 93A - Zamboanga City and RDO No. 93B - Zamboanga, Sibugay.",,,,ZAMBOANGA DEL SUR,OF ZAMBOANGA,POBLACION  (ZONE 4),VILLALOBOS ST,VALDEROSA - PILAR ST,CR,Commercial - Regular,12800.0
raw,"RDO No. 93A - Zamboanga City and RDO No. 93B - Zamboanga, Sibugay.",,,,ZAMBOANGA DEL SUR,OF ZAMBOANGA,POBLACION  (ZONE 4),VILLALOBOS ST,VALDEROSA - PILAR ST,RR,Residential - Regular,9450.0
raw,"RDO No. 93A - Zamboanga City and RDO No. 93B - Zamboanga, Sibugay.",,,,ZAMBOANGA DEL SUR,OF ZAMBOANGA,POBLACION  (ZONE 4),VILLALOBOS ST,INTERIOR LOT,RR,Residential - Regular,6500.0
raw,"RDO No. 93A - Zamboanga City and RDO No. 93B - Zamboanga, Sibugay.",,,,ZAMBOANGA DEL SUR,OF ZAMBOANGA,POBLACION  (ZONE 4),ZARAGOSA ST,I. MAGNO - VILLALOBOS,CR,Commercial - Regular,16900.0
raw,"RDO No. 93A - Zamboanga City and RDO No. 93B - Zamboanga, Sibugay.",,,,ZAMBOANGA DEL SUR,OF ZAMBOANGA,POBLACION  (ZONE 4),ZARAGOSA ST,I. MAGNO - VILLALOBOS,RR,Residential - Regular,11100.0
raw,"RDO No. 93A - Zamboanga City and RDO No. 93B - Zamboanga, Sibugay.",,,,ZAMBOANGA DEL SUR,OF ZAMBOANGA,POBLACION  (ZONE 4),ZARAGOSA ST,I. MAGNO - VILLALOBOS,CR,Commercial - Regular,16900.0
raw,"RDO No. 93A - Zamboanga City and RDO No. 93B - Zamboanga, Sibugay.",,,,ZAMBOANGA DEL SUR,OF ZAMBOANGA,POBLACION  (ZONE 4),ZARAGOSA ST,I. MAGNO - VILLALOBOS,RR,Residential - Regular,11100.0
raw,"RDO No. 93A - Zamboanga City and RDO No. 93B - Zamboanga, Sibugay.",,,,ZAMBOANGA DEL SUR,OF ZAMBOANGA,PUTIK,A & W SUBDIVISION(MORNING GLORY),INTERIOR LOT,RR,Residential - Regular,1750.0
raw,"RDO No. 93A - Zamboanga City and RDO No. 93B - Zamboanga, Sibugay.",,,,ZAMBOANGA DEL SUR,OF ZAMBOANGA,PUTIK,A & W SUBDIVISION(MORNING GLORY),INTERIOR LOT,RR,Residential - Regular,1750.0
raw,"RDO No. 93A - Zamboanga City and RDO No. 93B - Zamboanga, Sibugay.",,,,ZAMBOANGA DEL SUR,OF ZAMBOANGA,PUTIK,A & W SUBDIVISION(STO NINO),INTERIOR LOT,RR,Residential - Regular,1300.0
raw,"RDO No. 93A - Zamboanga City and RDO No. 93B - Zamboanga, Sibugay.",,,,ZAMBOANGA DEL SUR,OF ZAMBOANGA,PUTIK,A & W SUBDIVISION(STO NINO),INTERIOR LOT,RR,Residential - Regular,1300.0
raw,"RDO No. 93A - Zamboanga City and RDO No. 93B - Zamboanga, Sibugay.",,,,ZAMBOANGA DEL SUR,OF ZAMBOANGA,PUTIK,ALL OTHER SUBDIVISION,INTERIOR LOT,RR,Residential - Regular,750.0
raw,"RDO No. 93A - Zamboanga City and RDO No. 93B - Zamboanga, Sibugay.",,,,ZAMBOANGA DEL SUR,OF ZAMBOANGA,PUTIK,ALL OTHER SUBDIVISION,INTERIOR LOT,RR,Residential - Regular,750.0
raw,"RDO No. 93A - Zamboanga City and RDO No. 93B - Zamboanga, Sibugay.",,,,ZAMBOANGA DEL SUR,OF ZAMBOANGA,PUTIK,ALL SOCIALIZED HOUSING SUBDIVISION,INTERIOR LOT,RR,Residential - Regular,750.0
raw,"RDO No. 93A - Zamboanga City and RDO No. 93B - Zamboanga, Sibugay.",,,,ZAMBOANGA DEL SUR,OF ZAMBOANGA,PUTIK,ALL SOCIALIZED HOUSING SUBDIVISION,INTERIOR LOT,RR,Residential - Regular,750.0
raw,"RDO No. 93A - Zamboanga City and RDO No. 93B - Zamboanga, Sibugay.",,,,ZAMBOANGA DEL SUR,OF ZAMBOANGA,PUTIK,ALL STREETS,,CR,Commercial - Regular,1800.0
raw,"RDO No. 93A - Zamboanga City and RDO No. 93B - Zamboanga, Sibugay.",,,,ZAMBOANGA DEL SUR,OF ZAMBOANGA,PUTIK,ALL STREETS,,RR,Residential - Regular,1600.0
raw,"RDO No. 93A - Zamboanga City and RDO No. 93B - Zamboanga, Sibugay.",,,,ZAMBOANGA DEL SUR,OF ZAMBOANGA,PUTIK,ALL STREETS,,A50,Agricultural - A50,29.0
raw,"RDO No. 93A - Zamboanga City and RDO No. 93B - Zamboanga, Sibugay.",,,,ZAMBOANGA DEL SUR,OF ZAMBOANGA,PUTIK,ALL STREETS,INTERIOR LOT,RR,Residential - Regular,750.0
raw,"RDO No. 93A - Zamboanga City and RDO No. 93B - Zamboanga, Sibugay.",,,,ZAMBOANGA DEL SUR,OF ZAMBOANGA,PUTIK,ALL STREETS,,CR,Commercial - Regular,1800.0
raw,"RDO No. 93A - Zamboanga City and RDO No. 93B - Zamboanga, Sibugay.",,,,ZAMBOANGA DEL SUR,OF ZAMBOANGA,PUTIK,ALL STREETS,,RR,Residential - Regular,1600.0
raw,"RDO No. 93A - Zamboanga City and RDO No. 93B - Zamboanga, Sibugay.",,,,ZAMBOANGA DEL SUR,OF ZAMBOANGA,PUTIK,ALL STREETS,,A50,Agricultural - A50,29.0
raw,"RDO No. 93A - Zamboanga City and RDO No. 93B - Zamboanga, Sibugay.",,,,ZAMBOANGA DEL SUR,OF ZAMBOANGA,PUTIK,ALL STREETS,INTERIOR LOT,RR,Residential - Regular,750.0
raw,"RDO No. 93A - Zamboanga City and RDO No. 93B - Zamboanga, Sibugay.",,,,ZAMBOANGA DEL SUR,OF ZAMBOANGA,PUTIK,SAND'S SUBDIVISION,INTERIOR LOT,RR,Residential - Regular,1800.0
raw,"RDO No. 93A - Zamboanga City and RDO No. 93B - Zamboanga, Sibugay.",,,,ZAMBOANGA DEL SUR,OF ZAMBOANGA,PUTIK,SAND'S SUBDIVISION,INTERIOR LOT,RR,Residential - Regular,1800.0
raw,"RDO No. 93A - Zamboanga City and RDO No. 93B - Zamboanga, Sibugay.",,,,ZAMBOANGA DEL SUR,OF ZAMBOANGA,QUINIPOT,ALL STREETS,,RR,Residential - Regular,160.0
raw,"RDO No. 93A - Zamboanga City and RDO No. 93B - Zamboanga, Sibugay.",,,,ZAMBOANGA DEL SUR,OF ZAMBOANGA,QUINIPOT,ALL STREETS,,A50,Agricultural - A50,8.0
raw,"RDO No. 93A - Zamboanga City and RDO No. 93B - Zamboanga, Sibugay.",,,,ZAMBOANGA DEL SUR,OF ZAMBOANGA,QUINIPOT,ALL STREETS,INTERIOR LOT,RR,Residential - Regular,75.0
raw,"RDO No. 93A - Zamboanga City and RDO No. 93B - Zamboanga, Sibugay.",,,,ZAMBOANGA DEL SUR,OF ZAMBOANGA,QUINIPOT,ALL STREETS,,RR,Residential - Regular,160.0
raw,"RDO No. 93A - Zamboanga City and RDO No. 93B - Zamboanga, Sibugay.",,,,ZAMBOANGA DEL SUR,OF ZAMBOANGA,QUINIPOT,ALL STREETS,,A50,Agricultural - A50,8.0
raw,"RDO No. 93A - Zamboanga City and RDO No. 93B - Zamboanga, Sibugay.",,,,ZAMBOANGA DEL SUR,OF ZAMBOANGA,QUINIPOT,ALL STREETS,INTERIOR LOT,RR,Residential - Regular,75.0
raw,"RDO No. 93A - Zamboanga City and RDO No. 93B - Zamboanga, Sibugay.",,,,ZAMBOANGA DEL SUR,OF ZAMBOANGA,RECODO,ALL STREETS,,CR,Commercial - Regular,1000.0
raw,"RDO No. 93A - Zamboanga City and RDO No. 93B - Zamboanga, Sibugay.",,,,ZAMBOANGA DEL SUR,OF ZAMBOANGA,RECODO,ALL STREETS,,RR,Residential - Regular,450.0
raw,"RDO No. 93A - Zamboanga City and RDO No. 93B - Zamboanga, Sibugay.",,,,ZAMBOANGA DEL SUR,OF ZAMBOANGA,RECODO,ALL STREETS,,I,Industrial,910.0
raw,"RDO No. 93A - Zamboanga City and RDO No. 93B - Zamboanga, Sibugay.",,,,ZAMBOANGA DEL SUR,OF ZAMBOANGA,RECODO,ALL STREETS,,A50,Agricultural - A50,29.0
raw,"RDO No. 93A - Zamboanga City and RDO No. 93B - Zamboanga, Sibugay.",,,,ZAMBOANGA DEL SUR,OF ZAMBOANGA,RECODO,ALL STREETS,INTERIOR LOT,RR,Residential - Regular,230.0
raw,"RDO No. 93A - Zamboanga City and RDO No. 93B - Zamboanga, Sibugay.",,,,ZAMBOANGA DEL SUR,OF ZAMBOANGA,RECODO,ALL STREETS,,CR,Commercial - Regular,1000.0
raw,"RDO No. 93A - Zamboanga City and RDO No. 93B - Zamboanga, Sibugay.",,,,ZAMBOANGA DEL SUR,OF ZAMBOANGA,RECODO,ALL STREETS,,RR,Residential - Regular,450.0
raw,"RDO No. 93A - Zamboanga City and RDO No. 93B - Zamboanga, Sibugay.",,,,ZAMBOANGA DEL SUR,OF ZAMBOANGA,RECODO,ALL STREETS,,I,Industrial,910.0
raw,"RDO No. 93A - Zamboanga City and RDO No. 93B - Zamboanga, Sibugay.",,,,ZAMBOANGA DEL SUR,OF ZAMBOANGA,RECODO,ALL STREETS,,A50,Agricultural - A50,29.0
raw,"RDO No. 93A - Zamboanga City and RDO No. 93B - Zamboanga, Sibugay.",,,,ZAMBOANGA DEL SUR,OF ZAMBOANGA,RECODO,ALL STREETS,INTERIOR LOT,RR,Residential - Regular,230.0
raw,"RDO No. 93A - Zamboanga City and RDO No. 93B - Zamboanga, Sibugay.",,,,ZAMBOANGA DEL SUR,OF ZAMBOANGA,RIO HONDO,ALL STREETS,,CR,Commercial - Regular,400.0
raw,"RDO No. 93A - Zamboanga City and RDO No. 93B - Zamboanga, Sibugay.",,,,ZAMBOANGA DEL SUR,OF ZAMBOANGA,RIO HONDO,ALL STREETS,,RR,Residential - Regular,340.0
raw,"RDO No. 93A - Zamboanga City and RDO No. 93B - Zamboanga, Sibugay.",,,,ZAMBOANGA DEL SUR,OF ZAMBOANGA,RIO HONDO,ALL STREETS,,CR,Commercial - Regular,400.0
raw,"RDO No. 93A - Zamboanga City and RDO No. 93B - Zamboanga, Sibugay.",,,,ZAMBOANGA DEL SUR,OF ZAMBOANGA,RIO HONDO,ALL STREETS,,RR,Residential - Regular,340.0
raw,"RDO No. 93A - Zamboanga City and RDO No. 93B - Zamboanga, Sibugay.",,,,ZAMBOANGA DEL SUR,OF ZAMBOANGA,SALAAN,ALL STREETS,,CR,Commercial - Regular,200.0
raw,"RDO No. 93A - Zamboanga City and RDO No. 93B - Zamboanga, Sibugay.",,,,ZAMBOANGA DEL SUR,OF ZAMBOANGA,SALAAN,ALL STREETS,,RR,Residential - Regular,150.0
raw,"RDO No. 93A - Zamboanga City and RDO No. 93B - Zamboanga, Sibugay.",,,,ZAMBOANGA DEL SUR,OF ZAMBOANGA,SALAAN,ALL STREETS,,X,Special / Other,175.0
raw,"RDO No. 93A - Zamboanga City and RDO No. 93B - Zamboanga, Sibugay.",,,,ZAMBOANGA DEL SUR,OF ZAMBOANGA,SALAAN,ALL STREETS,,A50,Agricultural - A50,16.0
raw,"RDO No. 93A - Zamboanga City and RDO No. 93B - Zamboanga, Sibugay.",,,,ZAMBOANGA DEL SUR,OF ZAMBOANGA,SALAAN,ALL STREETS,INTERIOR LOT,RR,Residential - Regular,75.0
raw,"RDO No. 93A - Zamboanga City and RDO No. 93B - Zamboanga, Sibugay.",,,,ZAMBOANGA DEL SUR,OF ZAMBOANGA,SALAAN,ALL STREETS,,CR,Commercial - Regular,200.0
raw,"RDO No. 93A - Zamboanga City and RDO No. 93B - Zamboanga, Sibugay.",,,,ZAMBOANGA DEL SUR,OF ZAMBOANGA,SALAAN,ALL STREETS,,RR,Residential - Regular,150.0
raw,"RDO No. 93A - Zamboanga City and RDO No. 93B - Zamboanga, Sibugay.",,,,ZAMBOANGA DEL SUR,OF ZAMBOANGA,SALAAN,ALL STREETS,,X,Special / Other,175.0
raw,"RDO No. 93A - Zamboanga City and RDO No. 93B - Zamboanga, Sibugay.",,,,ZAMBOANGA DEL SUR,OF ZAMBOANGA,SALAAN,ALL STREETS,,A50,Agricultural - A50,16.0
raw,"RDO No. 93A - Zamboanga City and RDO No. 93B - Zamboanga, Sibugay.",,,,ZAMBOANGA DEL SUR,OF ZAMBOANGA,SALAAN,ALL STREETS,INTERIOR LOT,RR,Residential - Regular,75.0
raw,"RDO No. 93A - Zamboanga City and RDO No. 93B - Zamboanga, Sibugay.",,,,ZAMBOANGA DEL SUR,OF ZAMBOANGA,SAN JOSE -CAWA-CAWA,R. T. LIM,,CR,Commercial - Regular,3950.0
raw,"RDO No. 93A - Zamboanga City and RDO No. 93B - Zamboanga, Sibugay.",,,,ZAMBOANGA DEL SUR,OF ZAMBOANGA,SAN JOSE -CAWA-CAWA,R. T. LIM,,RR,Residential - Regular,1750.0
raw,"RDO No. 93A - Zamboanga City and RDO No. 93B - Zamboanga, Sibugay.",,,,ZAMBOANGA DEL SUR,OF ZAMBOANGA,SAN JOSE -CAWA-CAWA,R. T. LIM,,X,Special / Other,2850.0
raw,"RDO No. 93A - Zamboanga City and RDO No. 93B - Zamboanga, Sibugay.",,,,ZAMBOANGA DEL SUR,OF ZAMBOANGA,SAN JOSE -CAWA-CAWA,R. T. LIM,INTERIOR LOT,RR,Residential - Regular,850.0
raw,"RDO No. 93A - Zamboanga City and RDO No. 93B - Zamboanga, Sibugay.",,,,ZAMBOANGA DEL SUR,OF ZAMBOANGA,SAN JOSE -CAWA-CAWA,R. T. LIM,,CR,Commercial - Regular,3950.0
raw,"RDO No. 93A - Zamboanga City and RDO No. 93B - Zamboanga, Sibugay.",,,,ZAMBOANGA DEL SUR,OF ZAMBOANGA,SAN JOSE -CAWA-CAWA,R. T. LIM,,RR,Residential - Regular,1750.0
raw,"RDO No. 93A - Zamboanga City and RDO No. 93B - Zamboanga, Sibugay.",,,,ZAMBOANGA DEL SUR,OF ZAMBOANGA,SAN JOSE -CAWA-CAWA,R. T. LIM,,X,Special / Other,2850.0
raw,"RDO No. 93A - Zamboanga City and RDO No. 93B - Zamboanga, Sibugay.",,,,ZAMBOANGA DEL SUR,OF ZAMBOANGA,SAN JOSE -CAWA-CAWA,R. T. LIM,INTERIOR LOT,RR,Residential - Regular,850.0
raw,"RDO No. 93A - Zamboanga City and RDO No. 93B - Zamboanga, Sibugay.",,,,ZAMBOANGA DEL SUR,OF ZAMBOANGA,SAN JOSE GUSU,ALL STREETS,,CR,Commercial - Regular,2550.0
raw,"RDO No. 93A - Zamboanga City and RDO No. 93B - Zamboanga, Sibugay.",,,,ZAMBOANGA DEL SUR,OF ZAMBOANGA,SAN JOSE GUSU,ALL STREETS,,RR,Residential - Regular,1000.0
raw,"RDO No. 93A - Zamboanga City and RDO No. 93B - Zamboanga, Sibugay.",,,,ZAMBOANGA DEL SUR,OF ZAMBOANGA,SAN JOSE GUSU,ALL STREETS,,X,Special / Other,1050.0
raw,"RDO No. 93A - Zamboanga City and RDO No. 93B - Zamboanga, Sibugay.",,,,ZAMBOANGA DEL SUR,OF ZAMBOANGA,SAN JOSE GUSU,ALL STREETS,INTERIOR LOT,RR,Residential - Regular,750.0
raw,"RDO No. 93A - Zamboanga City and RDO No. 93B - Zamboanga, Sibugay.",,,,ZAMBOANGA DEL SUR,OF ZAMBOANGA,SAN JOSE GUSU,ALL STREETS,,CR,Commercial - Regular,2550.0
raw,"RDO No. 93A - Zamboanga City and RDO No. 93B - Zamboanga, Sibugay.",,,,ZAMBOANGA DEL SUR,OF ZAMBOANGA,SAN JOSE GUSU,ALL STREETS,,RR,Residential - Regular,1000.0
raw,"RDO No. 93A - Zamboanga City and RDO No. 93B - Zamboanga, Sibugay.",,,,ZAMBOANGA DEL SUR,OF ZAMBOANGA,SAN JOSE GUSU,ALL STREETS,,X,Special / Other,1050.0
raw,"RDO No. 93A - Zamboanga City and RDO No. 93B - Zamboanga, Sibugay.",,,,ZAMBOANGA DEL SUR,OF ZAMBOANGA,SAN JOSE GUSU,ALL STREETS,INTERIOR LOT,RR,Residential - Regular,750.0
raw,"RDO No. 93A - Zamboanga City and RDO No. 93B - Zamboanga, Sibugay.",,,,ZAMBOANGA DEL SUR,OF ZAMBOANGA,SAN ROQUE,A& R SUBDIVISION (P1 & P2),INTERIOR LOT,RR,Residential - Regular,1075.0
raw,"RDO No. 93A - Zamboanga City and RDO No. 93B - Zamboanga, Sibugay.",,,,ZAMBOANGA DEL SUR,OF ZAMBOANGA,SAN ROQUE,A& R SUBDIVISION (P1 & P2),INTERIOR LOT,RR,Residential - Regular,1075.0
raw,"RDO No. 93A - Zamboanga City and RDO No. 93B - Zamboanga, Sibugay.",,,,ZAMBOANGA DEL SUR,OF ZAMBOANGA,SAN ROQUE,ALL OTHER SUBDIVISION,INTERIOR LOT,RR,Residential - Regular,700.0
raw,"RDO No. 93A - Zamboanga City and RDO No. 93B - Zamboanga, Sibugay.",,,,ZAMBOANGA DEL SUR,OF ZAMBOANGA,SAN ROQUE,ALL OTHER SUBDIVISION,INTERIOR LOT,RR,Residential - Regular,700.0
raw,"RDO No. 93A - Zamboanga City and RDO No. 93B - Zamboanga, Sibugay.",,,,ZAMBOANGA DEL SUR,OF ZAMBOANGA,SAN ROQUE,ALL SOCIALIZED HOUSING SUBDIVISION,INTERIOR LOT,RR,Residential - Regular,700.0
raw,"RDO No. 93A - Zamboanga City and RDO No. 93B - Zamboanga, Sibugay.",,,,ZAMBOANGA DEL SUR,OF ZAMBOANGA,SAN ROQUE,ALL SOCIALIZED HOUSING SUBDIVISION,INTERIOR LOT,RR,Residential - Regular,700.0
raw,"RDO No. 93A - Zamboanga City and RDO No. 93B - Zamboanga, Sibugay.",,,,ZAMBOANGA DEL SUR,OF ZAMBOANGA,SAN ROQUE,ALL STREETS,,CR,Commercial - Regular,2300.0
raw,"RDO No. 93A - Zamboanga City and RDO No. 93B - Zamboanga, Sibugay.",,,,ZAMBOANGA DEL SUR,OF ZAMBOANGA,SAN ROQUE,ALL STREETS,,RR,Residential - Regular,1000.0
raw,"RDO No. 93A - Zamboanga City and RDO No. 93B - Zamboanga, Sibugay.",,,,ZAMBOANGA DEL SUR,OF ZAMBOANGA,SAN ROQUE,ALL STREETS,,I,Industrial,1475.0
raw,"RDO No. 93A - Zamboanga City and RDO No. 93B - Zamboanga, Sibugay.",,,,ZAMBOANGA DEL SUR,OF ZAMBOANGA,SAN ROQUE,ALL STREETS,,A50,Agricultural - A50,130.0
raw,"RDO No. 93A - Zamboanga City and RDO No. 93B - Zamboanga, Sibugay.",,,,ZAMBOANGA DEL SUR,OF ZAMBOANGA,SAN ROQUE,ALL STREETS,INTERIOR LOT,RR,Residential - Regular,750.0
raw,"RDO No. 93A - Zamboanga City and RDO No. 93B - Zamboanga, Sibugay.",,,,ZAMBOANGA DEL SUR,OF ZAMBOANGA,SAN ROQUE,ALL STREETS,,CR,Commercial - Regular,2300.0
raw,"RDO No. 93A - Zamboanga City and RDO No. 93B - Zamboanga, Sibugay.",,,,ZAMBOANGA DEL SUR,OF ZAMBOANGA,SAN ROQUE,ALL STREETS,,RR,Residential - Regular,1000.0
raw,"RDO No. 93A - Zamboanga City and RDO No. 93B - Zamboanga, Sibugay.",,,,ZAMBOANGA DEL SUR,OF ZAMBOANGA,SAN ROQUE,ALL STREETS,,I,Industrial,1475.0
raw,"RDO No. 93A - Zamboanga City and RDO No. 93B - Zamboanga, Sibugay.",,,,ZAMBOANGA DEL SUR,OF ZAMBOANGA,SAN ROQUE,ALL STREETS,,A50,Agricultural - A50,130.0
raw,"RDO No. 93A - Zamboanga City and RDO No. 93B - Zamboanga, Sibugay.",,,,ZAMBOANGA DEL SUR,OF ZAMBOANGA,SAN ROQUE,ALL STREETS,INTERIOR LOT,RR,Residential - Regular,750.0
raw,"RDO No. 93A - Zamboanga City and RDO No. 93B - Zamboanga, Sibugay.",,,,ZAMBOANGA DEL SUR,OF ZAMBOANGA,SAN ROQUE,WEST TOWNSVILLE SUBDIVISION,INTERIOR LOT,RR,Residential - Regular,950.0
raw,"RDO No. 93A - Zamboanga City and RDO No. 93B - Zamboanga, Sibugay.",,,,ZAMBOANGA DEL SUR,OF ZAMBOANGA,SAN ROQUE,WEST TOWNSVILLE SUBDIVISION,INTERIOR LOT,RR,Residential - Regular,950.0
raw,"RDO No. 93A - Zamboanga City and RDO No. 93B - Zamboanga, Sibugay.",,,,ZAMBOANGA DEL SUR,OF ZAMBOANGA,SANGALI,ALL STREETS,,CR,Commercial - Regular,1000.0
raw,"RDO No. 93A - Zamboanga City and RDO No. 93B - Zamboanga, Sibugay.",,,,ZAMBOANGA DEL SUR,OF ZAMBOANGA,SANGALI,ALL STREETS,,RR,Residential - Regular,230.0
raw,"RDO No. 93A - Zamboanga City and RDO No. 93B - Zamboanga, Sibugay.",,,,ZAMBOANGA DEL SUR,OF ZAMBOANGA,SANGALI,ALL STREETS,,I,Industrial,1150.0
raw,"RDO No. 93A - Zamboanga City and RDO No. 93B - Zamboanga, Sibugay.",,,,ZAMBOANGA DEL SUR,OF ZAMBOANGA,SANGALI,ALL STREETS,,A50,Agricultural - A50,65.0
raw,"RDO No. 93A - Zamboanga City and RDO No. 93B - Zamboanga, Sibugay.",,,,ZAMBOANGA DEL SUR,OF ZAMBOANGA,SANGALI,ALL STREETS,INTERIOR LOT,RR,Residential - Regular,180.0
raw,"RDO No. 93A - Zamboanga City and RDO No. 93B - Zamboanga, Sibugay.",,,,ZAMBOANGA DEL SUR,OF ZAMBOANGA,SANGALI,ALL STREETS,,CR,Commercial - Regular,1000.0
raw,"RDO No. 93A - Zamboanga City and RDO No. 93B - Zamboanga, Sibugay.",,,,ZAMBOANGA DEL SUR,OF ZAMBOANGA,SANGALI,ALL STREETS,,RR,Residential - Regular,230.0
raw,"RDO No. 93A - Zamboanga City and RDO No. 93B - Zamboanga, Sibugay.",,,,ZAMBOANGA DEL SUR,OF ZAMBOANGA,SANGALI,ALL STREETS,,I,Industrial,1150.0
raw,"RDO No. 93A - Zamboanga City and RDO No. 93B - Zamboanga, Sibugay.",,,,ZAMBOANGA DEL SUR,OF ZAMBOANGA,SANGALI,ALL STREETS,,A50,Agricultural - A50,65.0
raw,"RDO No. 93A - Zamboanga City and RDO No. 93B - Zamboanga, Sibugay.",,,,ZAMBOANGA DEL SUR,OF ZAMBOANGA,SANGALI,ALL STREETS,INTERIOR LOT,RR,Residential - Regular,180.0
raw,"RDO No. 93A - Zamboanga City and RDO No. 93B - Zamboanga, Sibugay.",,,,ZAMBOANGA DEL SUR,OF ZAMBOANGA,SANTA BARBARA,ALL OTHER STREETS,INTERIOR LOT,CR,Commercial - Regular,855.0
raw,"RDO No. 93A - Zamboanga City and RDO No. 93B - Zamboanga, Sibugay.",,,,ZAMBOANGA DEL SUR,OF ZAMBOANGA,SANTA BARBARA,ALL OTHER STREETS,INTERIOR LOT,RR,Residential - Regular,320.0
raw,"RDO No. 93A - Zamboanga City and RDO No. 93B - Zamboanga, Sibugay.",,,,ZAMBOANGA DEL SUR,OF ZAMBOANGA,SANTA BARBARA,ALL OTHER STREETS,INTERIOR LOT,RR,Residential - Regular,225.0
raw,"RDO No. 93A - Zamboanga City and RDO No. 93B - Zamboanga, Sibugay.",,,,ZAMBOANGA DEL SUR,OF ZAMBOANGA,SANTA BARBARA,ALL OTHER STREETS,INTERIOR LOT,A50,Agricultural - A50,37.0
raw,"RDO No. 93A - Zamboanga City and RDO No. 93B - Zamboanga, Sibugay.",,,,ZAMBOANGA DEL SUR,OF ZAMBOANGA,SANTA BARBARA,ALL OTHER STREETS,INTERIOR LOT,CR,Commercial - Regular,855.0
raw,"RDO No. 93A - Zamboanga City and RDO No. 93B - Zamboanga, Sibugay.",,,,ZAMBOANGA DEL SUR,OF ZAMBOANGA,SANTA BARBARA,ALL OTHER STREETS,INTERIOR LOT,RR,Residential - Regular,320.0
raw,"RDO No. 93A - Zamboanga City and RDO No. 93B - Zamboanga, Sibugay.",,,,ZAMBOANGA DEL SUR,OF ZAMBOANGA,SANTA BARBARA,ALL OTHER STREETS,INTERIOR LOT,RR,Residential - Regular,225.0
raw,"RDO No. 93A - Zamboanga City and RDO No. 93B - Zamboanga, Sibugay.",,,,ZAMBOANGA DEL SUR,OF ZAMBOANGA,SANTA BARBARA,ALL OTHER STREETS,INTERIOR LOT,A50,Agricultural - A50,37.0
raw,"RDO No. 93A - Zamboanga City and RDO No. 93B - Zamboanga, Sibugay.",,,,ZAMBOANGA DEL SUR,OF ZAMBOANGA,SANTA BARBARA,LUSTRE,,RR,Residential - Regular,525.0
raw,"RDO No. 93A - Zamboanga City and RDO No. 93B - Zamboanga, Sibugay.",,,,ZAMBOANGA DEL SUR,OF ZAMBOANGA,SANTA BARBARA,LUSTRE,INTERIOR LOT,RR,Residential - Regular,333.0
raw,"RDO No. 93A - Zamboanga City and RDO No. 93B - Zamboanga, Sibugay.",,,,ZAMBOANGA DEL SUR,OF ZAMBOANGA,SANTA BARBARA,LUSTRE,,RR,Residential - Regular,525.0
raw,"RDO No. 93A - Zamboanga City and RDO No. 93B - Zamboanga, Sibugay.",,,,ZAMBOANGA DEL SUR,OF ZAMBOANGA,SANTA BARBARA,LUSTRE,INTERIOR LOT,RR,Residential - Regular,333.0
raw,"RDO No. 93A - Zamboanga City and RDO No. 93B - Zamboanga, Sibugay.",,,,ZAMBOANGA DEL SUR,OF ZAMBOANGA,SANTA BARBARA,STA. CATALINA,INTERIOR LOT,RR,Residential - Regular,525.0
raw,"RDO No. 93A - Zamboanga City and RDO No. 93B - Zamboanga, Sibugay.",,,,ZAMBOANGA DEL SUR,OF ZAMBOANGA,SANTA BARBARA,STA. CATALINA,INTERIOR LOT,RR,Residential - Regular,333.0
raw,"RDO No. 93A - Zamboanga City and RDO No. 93B - Zamboanga, Sibugay.",,,,ZAMBOANGA DEL SUR,OF ZAMBOANGA,SANTA BARBARA,STA. CATALINA,INTERIOR LOT,RR,Residential - Regular,525.0
raw,"RDO No. 93A - Zamboanga City and RDO No. 93B - Zamboanga, Sibugay.",,,,ZAMBOANGA DEL SUR,OF ZAMBOANGA,SANTA BARBARA,STA. CATALINA,INTERIOR LOT,RR,Residential - Regular,333.0
raw,"RDO No. 93A - Zamboanga City and RDO No. 93B - Zamboanga, Sibugay.",,,,ZAMBOANGA DEL SUR,OF ZAMBOANGA,SANTA CATALINA,ALL OTHER STREETS,INTERIOR LOT,RR,Residential - Regular,685.0
raw,"RDO No. 93A - Zamboanga City and RDO No. 93B - Zamboanga, Sibugay.",,,,ZAMBOANGA DEL SUR,OF ZAMBOANGA,SANTA CATALINA,ALL OTHER STREETS,INTERIOR LOT,RR,Residential - Regular,310.0
raw,"RDO No. 93A - Zamboanga City and RDO No. 93B - Zamboanga, Sibugay.",,,,ZAMBOANGA DEL SUR,OF ZAMBOANGA,SANTA CATALINA,ALL OTHER STREETS,INTERIOR LOT,GP,General Purpose,125.0
raw,"RDO No. 93A - Zamboanga City and RDO No. 93B - Zamboanga, Sibugay.",,,,ZAMBOANGA DEL SUR,OF ZAMBOANGA,SANTA CATALINA,ALL OTHER STREETS,INTERIOR LOT,A50,Agricultural - A50,37.0
raw,"RDO No. 93A - Zamboanga City and RDO No. 93B - Zamboanga, Sibugay.",,,,ZAMBOANGA DEL SUR,OF ZAMBOANGA,SANTA CATALINA,ALL OTHER STREETS,INTERIOR LOT,RR,Residential - Regular,685.0
raw,"RDO No. 93A - Zamboanga City and RDO No. 93B - Zamboanga, Sibugay.",,,,ZAMBOANGA DEL SUR,OF ZAMBOANGA,SANTA CATALINA,ALL OTHER STREETS,INTERIOR LOT,RR,Residential - Regular,310.0
raw,"RDO No. 93A - Zamboanga City and RDO No. 93B - Zamboanga, Sibugay.",,,,ZAMBOANGA DEL SUR,OF ZAMBOANGA,SANTA CATALINA,ALL OTHER STREETS,INTERIOR LOT,GP,General Purpose,125.0
raw,"RDO No. 93A - Zamboanga City and RDO No. 93B - Zamboanga, Sibugay.",,,,ZAMBOANGA DEL SUR,OF ZAMBOANGA,SANTA CATALINA,ALL OTHER STREETS,INTERIOR LOT,A50,Agricultural - A50,37.0
raw,"RDO No. 93A - Zamboanga City and RDO No. 93B - Zamboanga, Sibugay.",,,,ZAMBOANGA DEL SUR,OF ZAMBOANGA,SANTA CATALINA,ALL OTHER SUBDIVISION,INTERIOR LOT,RR,Residential - Regular,850.0
raw,"RDO No. 93A - Zamboanga City and RDO No. 93B - Zamboanga, Sibugay.",,,,ZAMBOANGA DEL SUR,OF ZAMBOANGA,SANTA CATALINA,ALL OTHER SUBDIVISION,INTERIOR LOT,RR,Residential - Regular,850.0
raw,"RDO No. 93A - Zamboanga City and RDO No. 93B - Zamboanga, Sibugay.",,,,ZAMBOANGA DEL SUR,OF ZAMBOANGA,SANTA CATALINA,ALL SOCIALIZED HOUSING SUBDIVISION,INTERIOR LOT,RR,Residential - Regular,850.0
raw,"RDO No. 93A - Zamboanga City and RDO No. 93B - Zamboanga, Sibugay.",,,,ZAMBOANGA DEL SUR,OF ZAMBOANGA,SANTA CATALINA,ALL SOCIALIZED HOUSING SUBDIVISION,INTERIOR LOT,RR,Residential - Regular,850.0
raw,"RDO No. 93A - Zamboanga City and RDO No. 93B - Zamboanga, Sibugay.",,,,ZAMBOANGA DEL SUR,OF ZAMBOANGA,SANTA CATALINA,EVANGELISTA ST,,CR,Commercial - Regular,1700.0
raw,"RDO No. 93A - Zamboanga City and RDO No. 93B - Zamboanga, Sibugay.",,,,ZAMBOANGA DEL SUR,OF ZAMBOANGA,SANTA CATALINA,EVANGELISTA ST,,RR,Residential - Regular,910.0
raw,"RDO No. 93A - Zamboanga City and RDO No. 93B - Zamboanga, Sibugay.",,,,ZAMBOANGA DEL SUR,OF ZAMBOANGA,SANTA CATALINA,EVANGELISTA ST,,I,Industrial,5000.0
raw,"RDO No. 93A - Zamboanga City and RDO No. 93B - Zamboanga, Sibugay.",,,,ZAMBOANGA DEL SUR,OF ZAMBOANGA,SANTA CATALINA,EVANGELISTA ST,INTERIOR LOT,RR,Residential - Regular,575.0
raw,"RDO No. 93A - Zamboanga City and RDO No. 93B - Zamboanga, Sibugay.",,,,ZAMBOANGA DEL SUR,OF ZAMBOANGA,SANTA CATALINA,EVANGELISTA ST,,CR,Commercial - Regular,1700.0
raw,"RDO No. 93A - Zamboanga City and RDO No. 93B - Zamboanga, Sibugay.",,,,ZAMBOANGA DEL SUR,OF ZAMBOANGA,SANTA CATALINA,EVANGELISTA ST,,RR,Residential - Regular,910.0
raw,"RDO No. 93A - Zamboanga City and RDO No. 93B - Zamboanga, Sibugay.",,,,ZAMBOANGA DEL SUR,OF ZAMBOANGA,SANTA CATALINA,EVANGELISTA ST,,I,Industrial,5000.0
raw,"RDO No. 93A - Zamboanga City and RDO No. 93B - Zamboanga, Sibugay.",,,,ZAMBOANGA DEL SUR,OF ZAMBOANGA,SANTA CATALINA,EVANGELISTA ST,INTERIOR LOT,RR,Residential - Regular,575.0
raw,"RDO No. 93A - Zamboanga City and RDO No. 93B - Zamboanga, Sibugay.",,,,ZAMBOANGA DEL SUR,OF ZAMBOANGA,SANTA CATALINA,LULUA HOMES SUBDIVISION,INTERIOR LOT,RR,Residential - Regular,2000.0
raw,"RDO No. 93A - Zamboanga City and RDO No. 93B - Zamboanga, Sibugay.",,,,ZAMBOANGA DEL SUR,OF ZAMBOANGA,SANTA CATALINA,LULUA HOMES SUBDIVISION,INTERIOR LOT,RR,Residential - Regular,2000.0
raw,"RDO No. 93A - Zamboanga City and RDO No. 93B - Zamboanga, Sibugay.",,,,ZAMBOANGA DEL SUR,OF ZAMBOANGA,SANTA CATALINA,SM SUBDIVISION,INTERIOR LOT,RR,Residential - Regular,2000.0
raw,"RDO No. 93A - Zamboanga City and RDO No. 93B - Zamboanga, Sibugay.",,,,ZAMBOANGA DEL SUR,OF ZAMBOANGA,SANTA CATALINA,SM SUBDIVISION,INTERIOR LOT,RR,Residential - Regular,2000.0
raw,"RDO No. 93A - Zamboanga City and RDO No. 93B - Zamboanga, Sibugay.",,,,ZAMBOANGA DEL SUR,OF ZAMBOANGA,SANTA CATALINA,TALON LOOP,INTERIOR LOT,RR,Residential - Regular,700.0
raw,"RDO No. 93A - Zamboanga City and RDO No. 93B - Zamboanga, Sibugay.",,,,ZAMBOANGA DEL SUR,OF ZAMBOANGA,SANTA CATALINA,TALON LOOP,INTERIOR LOT,RR,Residential - Regular,325.0
raw,"RDO No. 93A - Zamboanga City and RDO No. 93B - Zamboanga, Sibugay.",,,,ZAMBOANGA DEL SUR,OF ZAMBOANGA,SANTA CATALINA,TALON LOOP,INTERIOR LOT,RR,Residential - Regular,700.0
raw,"RDO No. 93A - Zamboanga City and RDO No. 93B - Zamboanga, Sibugay.",,,,ZAMBOANGA DEL SUR,OF ZAMBOANGA,SANTA CATALINA,TALON LOOP,INTERIOR LOT,RR,Residential - Regular,325.0
raw,"RDO No. 93A - Zamboanga City and RDO No. 93B - Zamboanga, Sibugay.",,,,ZAMBOANGA DEL SUR,OF ZAMBOANGA,SANTA MARIA,ALL OTHER STREETS,INTERIOR LOT,CR,Commercial - Regular,1700.0
raw,"RDO No. 93A - Zamboanga City and RDO No. 93B - Zamboanga, Sibugay.",,,,ZAMBOANGA DEL SUR,OF ZAMBOANGA,SANTA MARIA,ALL OTHER STREETS,INTERIOR LOT,RR,Residential - Regular,1050.0
raw,"RDO No. 93A - Zamboanga City and RDO No. 93B - Zamboanga, Sibugay.",,,,ZAMBOANGA DEL SUR,OF ZAMBOANGA,SANTA MARIA,ALL OTHER STREETS,INTERIOR LOT,RR,Residential - Regular,550.0
raw,"RDO No. 93A - Zamboanga City and RDO No. 93B - Zamboanga, Sibugay.",,,,ZAMBOANGA DEL SUR,OF ZAMBOANGA,SANTA MARIA,ALL OTHER STREETS,INTERIOR LOT,A50,Agricultural - A50,55.0
raw,"RDO No. 93A - Zamboanga City and RDO No. 93B - Zamboanga, Sibugay.",,,,ZAMBOANGA DEL SUR,OF ZAMBOANGA,SANTA MARIA,ALL OTHER STREETS,INTERIOR LOT,CR,Commercial - Regular,1700.0
raw,"RDO No. 93A - Zamboanga City and RDO No. 93B - Zamboanga, Sibugay.",,,,ZAMBOANGA DEL SUR,OF ZAMBOANGA,SANTA MARIA,ALL OTHER STREETS,INTERIOR LOT,RR,Residential - Regular,1050.0
raw,"RDO No. 93A - Zamboanga City and RDO No. 93B - Zamboanga, Sibugay.",,,,ZAMBOANGA DEL SUR,OF ZAMBOANGA,SANTA MARIA,ALL OTHER STREETS,INTERIOR LOT,RR,Residential - Regular,550.0
raw,"RDO No. 93A - Zamboanga City and RDO No. 93B - Zamboanga, Sibugay.",,,,ZAMBOANGA DEL SUR,OF ZAMBOANGA,SANTA MARIA,ALL OTHER STREETS,INTERIOR LOT,A50,Agricultural - A50,55.0
raw,"RDO No. 93A - Zamboanga City and RDO No. 93B - Zamboanga, Sibugay.",,,,ZAMBOANGA DEL SUR,OF ZAMBOANGA,SANTA MARIA,DE LEON,INTERIOR LOT,RR,Residential - Regular,1250.0
raw,"RDO No. 93A - Zamboanga City and RDO No. 93B - Zamboanga, Sibugay.",,,,ZAMBOANGA DEL SUR,OF ZAMBOANGA,SANTA MARIA,DE LEON,INTERIOR LOT,RR,Residential - Regular,750.0
raw,"RDO No. 93A - Zamboanga City and RDO No. 93B - Zamboanga, Sibugay.",,,,ZAMBOANGA DEL SUR,OF ZAMBOANGA,SANTA MARIA,DE LEON,INTERIOR LOT,RR,Residential - Regular,1250.0
raw,"RDO No. 93A - Zamboanga City and RDO No. 93B - Zamboanga, Sibugay.",,,,ZAMBOANGA DEL SUR,OF ZAMBOANGA,SANTA MARIA,DE LEON,INTERIOR LOT,RR,Residential - Regular,750.0
raw,"RDO No. 93A - Zamboanga City and RDO No. 93B - Zamboanga, Sibugay.",,,,ZAMBOANGA DEL SUR,OF ZAMBOANGA,SANTA MARIA,GOV. CAMINS AVE,,CR,Commercial - Regular,4200.0
raw,"RDO No. 93A - Zamboanga City and RDO No. 93B - Zamboanga, Sibugay.",,,,ZAMBOANGA DEL SUR,OF ZAMBOANGA,SANTA MARIA,GOV. CAMINS AVE,,RR,Residential - Regular,3500.0
raw,"RDO No. 93A - Zamboanga City and RDO No. 93B - Zamboanga, Sibugay.",,,,ZAMBOANGA DEL SUR,OF ZAMBOANGA,SANTA MARIA,GOV. CAMINS AVE,INTERIOR LOT,RR,Residential - Regular,800.0
raw,"RDO No. 93A - Zamboanga City and RDO No. 93B - Zamboanga, Sibugay.",,,,ZAMBOANGA DEL SUR,OF ZAMBOANGA,SANTA MARIA,GOV. CAMINS AVE,,CR,Commercial - Regular,4200.0
raw,"RDO No. 93A - Zamboanga City and RDO No. 93B - Zamboanga, Sibugay.",,,,ZAMBOANGA DEL SUR,OF ZAMBOANGA,SANTA MARIA,GOV. CAMINS AVE,,RR,Residential - Regular,3500.0
raw,"RDO No. 93A - Zamboanga City and RDO No. 93B - Zamboanga, Sibugay.",,,,ZAMBOANGA DEL SUR,OF ZAMBOANGA,SANTA MARIA,GOV. CAMINS AVE,INTERIOR LOT,RR,Residential - Regular,800.0
raw,"RDO No. 93A - Zamboanga City and RDO No. 93B - Zamboanga, Sibugay.",,,,ZAMBOANGA DEL SUR,OF ZAMBOANGA,SANTA MARIA,GOV. RAMOS AVE,INTERIOR LOT,CR,Commercial - Regular,2250.0
raw,"RDO No. 93A - Zamboanga City and RDO No. 93B - Zamboanga, Sibugay.",,,,ZAMBOANGA DEL SUR,OF ZAMBOANGA,SANTA MARIA,GOV. RAMOS AVE,INTERIOR LOT,RR,Residential - Regular,1750.0
raw,"RDO No. 93A - Zamboanga City and RDO No. 93B - Zamboanga, Sibugay.",,,,ZAMBOANGA DEL SUR,OF ZAMBOANGA,SANTA MARIA,GOV. RAMOS AVE,INTERIOR LOT,X,Special / Other,2000.0
raw,"RDO No. 93A - Zamboanga City and RDO No. 93B - Zamboanga, Sibugay.",,,,ZAMBOANGA DEL SUR,OF ZAMBOANGA,SANTA MARIA,GOV. RAMOS AVE,INTERIOR LOT,RR,Residential - Regular,1125.0
raw,"RDO No. 93A - Zamboanga City and RDO No. 93B - Zamboanga, Sibugay.",,,,ZAMBOANGA DEL SUR,OF ZAMBOANGA,SANTA MARIA,GOV. RAMOS AVE,INTERIOR LOT,CR,Commercial - Regular,2250.0
raw,"RDO No. 93A - Zamboanga City and RDO No. 93B - Zamboanga, Sibugay.",,,,ZAMBOANGA DEL SUR,OF ZAMBOANGA,SANTA MARIA,GOV. RAMOS AVE,INTERIOR LOT,RR,Residential - Regular,1750.0
raw,"RDO No. 93A - Zamboanga City and RDO No. 93B - Zamboanga, Sibugay.",,,,ZAMBOANGA DEL SUR,OF ZAMBOANGA,SANTA MARIA,GOV. RAMOS AVE,INTERIOR LOT,X,Special / Other,2000.0
raw,"RDO No. 93A - Zamboanga City and RDO No. 93B - Zamboanga, Sibugay.",,,,ZAMBOANGA DEL SUR,OF ZAMBOANGA,SANTA MARIA,GOV. RAMOS AVE,INTERIOR LOT,RR,Residential - Regular,1125.0
raw,"RDO No. 93A - Zamboanga City and RDO No. 93B - Zamboanga, Sibugay.",,,,ZAMBOANGA DEL SUR,OF ZAMBOANGA,SANTA MARIA,M. VICENTA,INTERIOR LOT,CR,Commercial - Regular,2400.0
raw,"RDO No. 93A - Zamboanga City and RDO No. 93B - Zamboanga, Sibugay.",,,,ZAMBOANGA DEL SUR,OF ZAMBOANGA,SANTA MARIA,M. VICENTA,INTERIOR LOT,RR,Residential - Regular,1900.0
raw,"RDO No. 93A - Zamboanga City and RDO No. 93B - Zamboanga, Sibugay.",,,,ZAMBOANGA DEL SUR,OF ZAMBOANGA,SANTA MARIA,M. VICENTA,INTERIOR LOT,RR,Residential - Regular,1310.0
raw,"RDO No. 93A - Zamboanga City and RDO No. 93B - Zamboanga, Sibugay.",,,,ZAMBOANGA DEL SUR,OF ZAMBOANGA,SANTA MARIA,M. VICENTA,INTERIOR LOT,CR,Commercial - Regular,2400.0
raw,"RDO No. 93A - Zamboanga City and RDO No. 93B - Zamboanga, Sibugay.",,,,ZAMBOANGA DEL SUR,OF ZAMBOANGA,SANTA MARIA,M. VICENTA,INTERIOR LOT,RR,Residential - Regular,1900.0
raw,"RDO No. 93A - Zamboanga City and RDO No. 93B - Zamboanga, Sibugay.",,,,ZAMBOANGA DEL SUR,OF ZAMBOANGA,SANTA MARIA,M. VICENTA,INTERIOR LOT,RR,Residential - Regular,1310.0
raw,"RDO No. 93A - Zamboanga City and RDO No. 93B - Zamboanga, Sibugay.",,,,ZAMBOANGA DEL SUR,OF ZAMBOANGA,SANTA MARIA,SAAVEDRA ST,INTERIOR LOT,RR,Residential - Regular,1200.0
raw,"RDO No. 93A - Zamboanga City and RDO No. 93B - Zamboanga, Sibugay.",,,,ZAMBOANGA DEL SUR,OF ZAMBOANGA,SANTA MARIA,SAAVEDRA ST,INTERIOR LOT,RR,Residential - Regular,700.0
raw,"RDO No. 93A - Zamboanga City and RDO No. 93B - Zamboanga, Sibugay.",,,,ZAMBOANGA DEL SUR,OF ZAMBOANGA,SANTA MARIA,SAAVEDRA ST,INTERIOR LOT,RR,Residential - Regular,1200.0
raw,"RDO No. 93A - Zamboanga City and RDO No. 93B - Zamboanga, Sibugay.",,,,ZAMBOANGA DEL SUR,OF ZAMBOANGA,SANTA MARIA,SAAVEDRA ST,INTERIOR LOT,RR,Residential - Regular,700.0
raw,"RDO No. 93A - Zamboanga City and RDO No. 93B - Zamboanga, Sibugay.",,,,ZAMBOANGA DEL SUR,OF ZAMBOANGA,SANTA MARIA,SANTA MARIA - PASONANCA ROAD,INTERIOR LOT,CR,Commercial - Regular,3500.0
raw,"RDO No. 93A - Zamboanga City and RDO No. 93B - Zamboanga, Sibugay.",,,,ZAMBOANGA DEL SUR,OF ZAMBOANGA,SANTA MARIA,SANTA MARIA - PASONANCA ROAD,INTERIOR LOT,RR,Residential - Regular,2400.0
raw,"RDO No. 93A - Zamboanga City and RDO No. 93B - Zamboanga, Sibugay.",,,,ZAMBOANGA DEL SUR,OF ZAMBOANGA,SANTA MARIA,SANTA MARIA - PASONANCA ROAD,INTERIOR LOT,CR,Commercial - Regular,3500.0
raw,"RDO No. 93A - Zamboanga City and RDO No. 93B - Zamboanga, Sibugay.",,,,ZAMBOANGA DEL SUR,OF ZAMBOANGA,SANTA MARIA,SANTA MARIA - PASONANCA ROAD,INTERIOR LOT,RR,Residential - Regular,2400.0
raw,"RDO No. 93A - Zamboanga City and RDO No. 93B - Zamboanga, Sibugay.",,,,ZAMBOANGA DEL SUR,OF ZAMBOANGA,SANTO NIÑO,ALL STREETS,,CR,Commercial - Regular,2355.0
raw,"RDO No. 93A - Zamboanga City and RDO No. 93B - Zamboanga, Sibugay.",,,,ZAMBOANGA DEL SUR,OF ZAMBOANGA,SANTO NIÑO,ALL STREETS,,RR,Residential - Regular,2123.0
raw,"RDO No. 93A - Zamboanga City and RDO No. 93B - Zamboanga, Sibugay.",,,,ZAMBOANGA DEL SUR,OF ZAMBOANGA,SANTO NIÑO,ALL STREETS,,A50,Agricultural - A50,68.0
raw,"RDO No. 93A - Zamboanga City and RDO No. 93B - Zamboanga, Sibugay.",,,,ZAMBOANGA DEL SUR,OF ZAMBOANGA,SANTO NIÑO,ALL STREETS,INTERIOR LOT,CR,Commercial - Regular,1185.0
raw,"RDO No. 93A - Zamboanga City and RDO No. 93B - Zamboanga, Sibugay.",,,,ZAMBOANGA DEL SUR,OF ZAMBOANGA,SANTO NIÑO,ALL STREETS,INTERIOR LOT,RR,Residential - Regular,1057.0
raw,"RDO No. 93A - Zamboanga City and RDO No. 93B - Zamboanga, Sibugay.",,,,ZAMBOANGA DEL SUR,OF ZAMBOANGA,SANTO NIÑO,ALL STREETS,,CR,Commercial - Regular,2355.0
raw,"RDO No. 93A - Zamboanga City and RDO No. 93B - Zamboanga, Sibugay.",,,,ZAMBOANGA DEL SUR,OF ZAMBOANGA,SANTO NIÑO,ALL STREETS,,RR,Residential - Regular,2123.0
raw,"RDO No. 93A - Zamboanga City and RDO No. 93B - Zamboanga, Sibugay.",,,,ZAMBOANGA DEL SUR,OF ZAMBOANGA,SANTO NIÑO,ALL STREETS,,A50,Agricultural - A50,68.0
raw,"RDO No. 93A - Zamboanga City and RDO No. 93B - Zamboanga, Sibugay.",,,,ZAMBOANGA DEL SUR,OF ZAMBOANGA,SANTO NIÑO,ALL STREETS,INTERIOR LOT,CR,Commercial - Regular,1185.0
raw,"RDO No. 93A - Zamboanga City and RDO No. 93B - Zamboanga, Sibugay.",,,,ZAMBOANGA DEL SUR,OF ZAMBOANGA,SANTO NIÑO,ALL STREETS,INTERIOR LOT,RR,Residential - Regular,1057.0
raw,"RDO No. 93A - Zamboanga City and RDO No. 93B - Zamboanga, Sibugay.",,,,ZAMBOANGA DEL SUR,OF ZAMBOANGA,SIBULAO,ALL STREETS,,RR,Residential - Regular,106.0
raw,"RDO No. 93A - Zamboanga City and RDO No. 93B - Zamboanga, Sibugay.",,,,ZAMBOANGA DEL SUR,OF ZAMBOANGA,SIBULAO,ALL STREETS,,A50,Agricultural - A50,18.0
raw,"RDO No. 93A - Zamboanga City and RDO No. 93B - Zamboanga, Sibugay.",,,,ZAMBOANGA DEL SUR,OF ZAMBOANGA,SIBULAO,ALL STREETS,,RR,Residential - Regular,106.0
raw,"RDO No. 93A - Zamboanga City and RDO No. 93B - Zamboanga, Sibugay.",,,,ZAMBOANGA DEL SUR,OF ZAMBOANGA,SIBULAO,ALL STREETS,,A50,Agricultural - A50,18.0
raw,"RDO No. 93A - Zamboanga City and RDO No. 93B - Zamboanga, Sibugay.",,,,ZAMBOANGA DEL SUR,OF ZAMBOANGA,SINUBONG,ALL STREETS,,RR,Residential - Regular,205.0
raw,"RDO No. 93A - Zamboanga City and RDO No. 93B - Zamboanga, Sibugay.",,,,ZAMBOANGA DEL SUR,OF ZAMBOANGA,SINUBONG,ALL STREETS,,A50,Agricultural - A50,11.0
raw,"RDO No. 93A - Zamboanga City and RDO No. 93B - Zamboanga, Sibugay.",,,,ZAMBOANGA DEL SUR,OF ZAMBOANGA,SINUBONG,ALL STREETS,INTERIOR LOT,RR,Residential - Regular,78.0
raw,"RDO No. 93A - Zamboanga City and RDO No. 93B - Zamboanga, Sibugay.",,,,ZAMBOANGA DEL SUR,OF ZAMBOANGA,SINUBONG,ALL STREETS,,RR,Residential - Regular,205.0
raw,"RDO No. 93A - Zamboanga City and RDO No. 93B - Zamboanga, Sibugay.",,,,ZAMBOANGA DEL SUR,OF ZAMBOANGA,SINUBONG,ALL STREETS,,A50,Agricultural - A50,11.0
raw,"RDO No. 93A - Zamboanga City and RDO No. 93B - Zamboanga, Sibugay.",,,,ZAMBOANGA DEL SUR,OF ZAMBOANGA,SINUBONG,ALL STREETS,INTERIOR LOT,RR,Residential - Regular,78.0
raw,"RDO No. 93A - Zamboanga City and RDO No. 93B - Zamboanga, Sibugay.",,,,ZAMBOANGA DEL SUR,OF ZAMBOANGA,SINUNUC,ALL OTHER SUBDIVISION,INTERIOR LOT,RR,Residential - Regular,700.0
raw,"RDO No. 93A - Zamboanga City and RDO No. 93B - Zamboanga, Sibugay.",,,,ZAMBOANGA DEL SUR,OF ZAMBOANGA,SINUNUC,ALL OTHER SUBDIVISION,INTERIOR LOT,RR,Residential - Regular,700.0
raw,"RDO No. 93A - Zamboanga City and RDO No. 93B - Zamboanga, Sibugay.",,,,ZAMBOANGA DEL SUR,OF ZAMBOANGA,SINUNUC,ALL SOCIALIZED HOUSING SUBDIVISION,INTERIOR LOT,RR,Residential - Regular,700.0
raw,"RDO No. 93A - Zamboanga City and RDO No. 93B - Zamboanga, Sibugay.",,,,ZAMBOANGA DEL SUR,OF ZAMBOANGA,SINUNUC,ALL SOCIALIZED HOUSING SUBDIVISION,INTERIOR LOT,RR,Residential - Regular,700.0
raw,"RDO No. 93A - Zamboanga City and RDO No. 93B - Zamboanga, Sibugay.",,,,ZAMBOANGA DEL SUR,OF ZAMBOANGA,SINUNUC,ALL STREETS,,CR,Commercial - Regular,1250.0
raw,"RDO No. 93A - Zamboanga City and RDO No. 93B - Zamboanga, Sibugay.",,,,ZAMBOANGA DEL SUR,OF ZAMBOANGA,SINUNUC,ALL STREETS,,RR,Residential - Regular,625.0
raw,"RDO No. 93A - Zamboanga City and RDO No. 93B - Zamboanga, Sibugay.",,,,ZAMBOANGA DEL SUR,OF ZAMBOANGA,SINUNUC,ALL STREETS,,I,Industrial,1475.0
raw,"RDO No. 93A - Zamboanga City and RDO No. 93B - Zamboanga, Sibugay.",,,,ZAMBOANGA DEL SUR,OF ZAMBOANGA,SINUNUC,ALL STREETS,,A50,Agricultural - A50,29.0
raw,"RDO No. 93A - Zamboanga City and RDO No. 93B - Zamboanga, Sibugay.",,,,ZAMBOANGA DEL SUR,OF ZAMBOANGA,SINUNUC,ALL STREETS,INTERIOR LOT,RR,Residential - Regular,300.0
raw,"RDO No. 93A - Zamboanga City and RDO No. 93B - Zamboanga, Sibugay.",,,,ZAMBOANGA DEL SUR,OF ZAMBOANGA,SINUNUC,ALL STREETS,,CR,Commercial - Regular,1250.0
raw,"RDO No. 93A - Zamboanga City and RDO No. 93B - Zamboanga, Sibugay.",,,,ZAMBOANGA DEL SUR,OF ZAMBOANGA,SINUNUC,ALL STREETS,,RR,Residential - Regular,625.0
raw,"RDO No. 93A - Zamboanga City and RDO No. 93B - Zamboanga, Sibugay.",,,,ZAMBOANGA DEL SUR,OF ZAMBOANGA,SINUNUC,ALL STREETS,,I,Industrial,1475.0
raw,"RDO No. 93A - Zamboanga City and RDO No. 93B - Zamboanga, Sibugay.",,,,ZAMBOANGA DEL SUR,OF ZAMBOANGA,SINUNUC,ALL STREETS,,A50,Agricultural - A50,29.0
raw,"RDO No. 93A - Zamboanga City and RDO No. 93B - Zamboanga, Sibugay.",,,,ZAMBOANGA DEL SUR,OF ZAMBOANGA,SINUNUC,ALL STREETS,INTERIOR LOT,RR,Residential - Regular,300.0
raw,"RDO No. 93A - Zamboanga City and RDO No. 93B - Zamboanga, Sibugay.",,,,ZAMBOANGA DEL SUR,OF ZAMBOANGA,SINUNUC,ASID KINGDOM VILLAGE,INTERIOR LOT,RR,Residential - Regular,900.0
raw,"RDO No. 93A - Zamboanga City and RDO No. 93B - Zamboanga, Sibugay.",,,,ZAMBOANGA DEL SUR,OF ZAMBOANGA,SINUNUC,ASID KINGDOM VILLAGE,INTERIOR LOT,RR,Residential - Regular,900.0
raw,"RDO No. 93A - Zamboanga City and RDO No. 93B - Zamboanga, Sibugay.",,,,ZAMBOANGA DEL SUR,OF ZAMBOANGA,SINUNUC,RANCHO DEL RIO SUBDIVISION,INTERIOR LOT,RR,Residential - Regular,1200.0
raw,"RDO No. 93A - Zamboanga City and RDO No. 93B - Zamboanga, Sibugay.",,,,ZAMBOANGA DEL SUR,OF ZAMBOANGA,SINUNUC,RANCHO DEL RIO SUBDIVISION,INTERIOR LOT,RR,Residential - Regular,1200.0
raw,"RDO No. 93A - Zamboanga City and RDO No. 93B - Zamboanga, Sibugay.",,,,ZAMBOANGA DEL SUR,OF ZAMBOANGA,TAGASILAY,ALL STREETS,,RR,Residential - Regular,160.0
raw,"RDO No. 93A - Zamboanga City and RDO No. 93B - Zamboanga, Sibugay.",,,,ZAMBOANGA DEL SUR,OF ZAMBOANGA,TAGASILAY,ALL STREETS,,A50,Agricultural - A50,29.0
raw,"RDO No. 93A - Zamboanga City and RDO No. 93B - Zamboanga, Sibugay.",,,,ZAMBOANGA DEL SUR,OF ZAMBOANGA,TAGASILAY,ALL STREETS,INTERIOR LOT,RR,Residential - Regular,80.0
raw,"RDO No. 93A - Zamboanga City and RDO No. 93B - Zamboanga, Sibugay.",,,,ZAMBOANGA DEL SUR,OF ZAMBOANGA,TAGASILAY,ALL STREETS,,RR,Residential - Regular,160.0
raw,"RDO No. 93A - Zamboanga City and RDO No. 93B - Zamboanga, Sibugay.",,,,ZAMBOANGA DEL SUR,OF ZAMBOANGA,TAGASILAY,ALL STREETS,,A50,Agricultural - A50,29.0
raw,"RDO No. 93A - Zamboanga City and RDO No. 93B - Zamboanga, Sibugay.",,,,ZAMBOANGA DEL SUR,OF ZAMBOANGA,TAGASILAY,ALL STREETS,INTERIOR LOT,RR,Residential - Regular,80.0
raw,"RDO No. 93A - Zamboanga City and RDO No. 93B - Zamboanga, Sibugay.",,,,ZAMBOANGA DEL SUR,OF ZAMBOANGA,TAGUITI,ALL STREETS,,RR,Residential - Regular,106.0
raw,"RDO No. 93A - Zamboanga City and RDO No. 93B - Zamboanga, Sibugay.",,,,ZAMBOANGA DEL SUR,OF ZAMBOANGA,TAGUITI,ALL STREETS,,A50,Agricultural - A50,19.0
raw,"RDO No. 93A - Zamboanga City and RDO No. 93B - Zamboanga, Sibugay.",,,,ZAMBOANGA DEL SUR,OF ZAMBOANGA,TAGUITI,ALL STREETS,,RR,Residential - Regular,106.0
raw,"RDO No. 93A - Zamboanga City and RDO No. 93B - Zamboanga, Sibugay.",,,,ZAMBOANGA DEL SUR,OF ZAMBOANGA,TAGUITI,ALL STREETS,,A50,Agricultural - A50,19.0
raw,"RDO No. 93A - Zamboanga City and RDO No. 93B - Zamboanga, Sibugay.",,,,ZAMBOANGA DEL SUR,OF ZAMBOANGA,TALABAAN,ALL STREETS,,RR,Residential - Regular,245.0
raw,"RDO No. 93A - Zamboanga City and RDO No. 93B - Zamboanga, Sibugay.",,,,ZAMBOANGA DEL SUR,OF ZAMBOANGA,TALABAAN,ALL STREETS,,A50,Agricultural - A50,25.0
raw,"RDO No. 93A - Zamboanga City and RDO No. 93B - Zamboanga, Sibugay.",,,,ZAMBOANGA DEL SUR,OF ZAMBOANGA,TALABAAN,ALL STREETS,INTERIOR LOT,RR,Residential - Regular,100.0
raw,"RDO No. 93A - Zamboanga City and RDO No. 93B - Zamboanga, Sibugay.",,,,ZAMBOANGA DEL SUR,OF ZAMBOANGA,TALABAAN,ALL STREETS,,RR,Residential - Regular,245.0
raw,"RDO No. 93A - Zamboanga City and RDO No. 93B - Zamboanga, Sibugay.",,,,ZAMBOANGA DEL SUR,OF ZAMBOANGA,TALABAAN,ALL STREETS,,A50,Agricultural - A50,25.0
raw,"RDO No. 93A - Zamboanga City and RDO No. 93B - Zamboanga, Sibugay.",,,,ZAMBOANGA DEL SUR,OF ZAMBOANGA,TALABAAN,ALL STREETS,INTERIOR LOT,RR,Residential - Regular,100.0
raw,"RDO No. 93A - Zamboanga City and RDO No. 93B - Zamboanga, Sibugay.",,,,ZAMBOANGA DEL SUR,OF ZAMBOANGA,TALISAYAN,ALL STREETS,,CR,Commercial - Regular,750.0
raw,"RDO No. 93A - Zamboanga City and RDO No. 93B - Zamboanga, Sibugay.",,,,ZAMBOANGA DEL SUR,OF ZAMBOANGA,TALISAYAN,ALL STREETS,,RR,Residential - Regular,450.0
raw,"RDO No. 93A - Zamboanga City and RDO No. 93B - Zamboanga, Sibugay.",,,,ZAMBOANGA DEL SUR,OF ZAMBOANGA,TALISAYAN,ALL STREETS,,I,Industrial,875.0
raw,"RDO No. 93A - Zamboanga City and RDO No. 93B - Zamboanga, Sibugay.",,,,ZAMBOANGA DEL SUR,OF ZAMBOANGA,TALISAYAN,ALL STREETS,,A50,Agricultural - A50,108.0
raw,"RDO No. 93A - Zamboanga City and RDO No. 93B - Zamboanga, Sibugay.",,,,ZAMBOANGA DEL SUR,OF ZAMBOANGA,TALISAYAN,ALL STREETS,INTERIOR LOT,RR,Residential - Regular,250.0
raw,"RDO No. 93A - Zamboanga City and RDO No. 93B - Zamboanga, Sibugay.",,,,ZAMBOANGA DEL SUR,OF ZAMBOANGA,TALISAYAN,ALL STREETS,,CR,Commercial - Regular,750.0
raw,"RDO No. 93A - Zamboanga City and RDO No. 93B - Zamboanga, Sibugay.",,,,ZAMBOANGA DEL SUR,OF ZAMBOANGA,TALISAYAN,ALL STREETS,,RR,Residential - Regular,450.0
raw,"RDO No. 93A - Zamboanga City and RDO No. 93B - Zamboanga, Sibugay.",,,,ZAMBOANGA DEL SUR,OF ZAMBOANGA,TALISAYAN,ALL STREETS,,I,Industrial,875.0
raw,"RDO No. 93A - Zamboanga City and RDO No. 93B - Zamboanga, Sibugay.",,,,ZAMBOANGA DEL SUR,OF ZAMBOANGA,TALISAYAN,ALL STREETS,,A50,Agricultural - A50,108.0
raw,"RDO No. 93A - Zamboanga City and RDO No. 93B - Zamboanga, Sibugay.",,,,ZAMBOANGA DEL SUR,OF ZAMBOANGA,TALISAYAN,ALL STREETS,INTERIOR LOT,RR,Residential - Regular,250.0
raw,"RDO No. 93A - Zamboanga City and RDO No. 93B - Zamboanga, Sibugay.",,,,ZAMBOANGA DEL SUR,OF ZAMBOANGA,TALON TALON,ALL STREETS,,CR,Commercial - Regular,1250.0
raw,"RDO No. 93A - Zamboanga City and RDO No. 93B - Zamboanga, Sibugay.",,,,ZAMBOANGA DEL SUR,OF ZAMBOANGA,TALON TALON,ALL STREETS,,RR,Residential - Regular,850.0
raw,"RDO No. 93A - Zamboanga City and RDO No. 93B - Zamboanga, Sibugay.",,,,ZAMBOANGA DEL SUR,OF ZAMBOANGA,TALON TALON,ALL STREETS,,I,Industrial,1975.0
raw,"RDO No. 93A - Zamboanga City and RDO No. 93B - Zamboanga, Sibugay.",,,,ZAMBOANGA DEL SUR,OF ZAMBOANGA,TALON TALON,ALL STREETS,INTERIOR LOT,RR,Residential - Regular,475.0
raw,"RDO No. 93A - Zamboanga City and RDO No. 93B - Zamboanga, Sibugay.",,,,ZAMBOANGA DEL SUR,OF ZAMBOANGA,TALON TALON,ALL STREETS,,CR,Commercial - Regular,1250.0
raw,"RDO No. 93A - Zamboanga City and RDO No. 93B - Zamboanga, Sibugay.",,,,ZAMBOANGA DEL SUR,OF ZAMBOANGA,TALON TALON,ALL STREETS,,RR,Residential - Regular,850.0
raw,"RDO No. 93A - Zamboanga City and RDO No. 93B - Zamboanga, Sibugay.",,,,ZAMBOANGA DEL SUR,OF ZAMBOANGA,TALON TALON,ALL STREETS,,I,Industrial,1975.0
raw,"RDO No. 93A - Zamboanga City and RDO No. 93B - Zamboanga, Sibugay.",,,,ZAMBOANGA DEL SUR,OF ZAMBOANGA,TALON TALON,ALL STREETS,INTERIOR LOT,RR,Residential - Regular,475.0
raw,"RDO No. 93A - Zamboanga City and RDO No. 93B - Zamboanga, Sibugay.",,,,ZAMBOANGA DEL SUR,OF ZAMBOANGA,TALUKSANGAY,ALL  STREETS,,CR,Commercial - Regular,350.0
raw,"RDO No. 93A - Zamboanga City and RDO No. 93B - Zamboanga, Sibugay.",,,,ZAMBOANGA DEL SUR,OF ZAMBOANGA,TALUKSANGAY,ALL  STREETS,,RR,Residential - Regular,130.0
raw,"RDO No. 93A - Zamboanga City and RDO No. 93B - Zamboanga, Sibugay.",,,,ZAMBOANGA DEL SUR,OF ZAMBOANGA,TALUKSANGAY,ALL  STREETS,,A50,Agricultural - A50,16.0
raw,"RDO No. 93A - Zamboanga City and RDO No. 93B - Zamboanga, Sibugay.",,,,ZAMBOANGA DEL SUR,OF ZAMBOANGA,TALUKSANGAY,ALL  STREETS,INTERIOR LOT,RR,Residential - Regular,63.0
raw,"RDO No. 93A - Zamboanga City and RDO No. 93B - Zamboanga, Sibugay.",,,,ZAMBOANGA DEL SUR,OF ZAMBOANGA,TALUKSANGAY,ALL  STREETS,,CR,Commercial - Regular,350.0
raw,"RDO No. 93A - Zamboanga City and RDO No. 93B - Zamboanga, Sibugay.",,,,ZAMBOANGA DEL SUR,OF ZAMBOANGA,TALUKSANGAY,ALL  STREETS,,RR,Residential - Regular,130.0
raw,"RDO No. 93A - Zamboanga City and RDO No. 93B - Zamboanga, Sibugay.",,,,ZAMBOANGA DEL SUR,OF ZAMBOANGA,TALUKSANGAY,ALL  STREETS,,A50,Agricultural - A50,16.0
raw,"RDO No. 93A - Zamboanga City and RDO No. 93B - Zamboanga, Sibugay.",,,,ZAMBOANGA DEL SUR,OF ZAMBOANGA,TALUKSANGAY,ALL  STREETS,INTERIOR LOT,RR,Residential - Regular,63.0
raw,"RDO No. 93A - Zamboanga City and RDO No. 93B - Zamboanga, Sibugay.",,,,ZAMBOANGA DEL SUR,OF ZAMBOANGA,TETUAN,ALL OTHER STREETS,INTERIOR LOT,CR,Commercial - Regular,1900.0
raw,"RDO No. 93A - Zamboanga City and RDO No. 93B - Zamboanga, Sibugay.",,,,ZAMBOANGA DEL SUR,OF ZAMBOANGA,TETUAN,ALL OTHER STREETS,INTERIOR LOT,RR,Residential - Regular,1500.0
raw,"RDO No. 93A - Zamboanga City and RDO No. 93B - Zamboanga, Sibugay.",,,,ZAMBOANGA DEL SUR,OF ZAMBOANGA,TETUAN,ALL OTHER STREETS,INTERIOR LOT,RR,Residential - Regular,750.0
raw,"RDO No. 93A - Zamboanga City and RDO No. 93B - Zamboanga, Sibugay.",,,,ZAMBOANGA DEL SUR,OF ZAMBOANGA,TETUAN,ALL OTHER STREETS,INTERIOR LOT,A50,Agricultural - A50,95.0
raw,"RDO No. 93A - Zamboanga City and RDO No. 93B - Zamboanga, Sibugay.",,,,ZAMBOANGA DEL SUR,OF ZAMBOANGA,TETUAN,ALL OTHER STREETS,INTERIOR LOT,CR,Commercial - Regular,1900.0
raw,"RDO No. 93A - Zamboanga City and RDO No. 93B - Zamboanga, Sibugay.",,,,ZAMBOANGA DEL SUR,OF ZAMBOANGA,TETUAN,ALL OTHER STREETS,INTERIOR LOT,RR,Residential - Regular,1500.0
raw,"RDO No. 93A - Zamboanga City and RDO No. 93B - Zamboanga, Sibugay.",,,,ZAMBOANGA DEL SUR,OF ZAMBOANGA,TETUAN,ALL OTHER STREETS,INTERIOR LOT,RR,Residential - Regular,750.0
raw,"RDO No. 93A - Zamboanga City and RDO No. 93B - Zamboanga, Sibugay.",,,,ZAMBOANGA DEL SUR,OF ZAMBOANGA,TETUAN,ALL OTHER STREETS,INTERIOR LOT,A50,Agricultural - A50,95.0
raw,"RDO No. 93A - Zamboanga City and RDO No. 93B - Zamboanga, Sibugay.",,,,ZAMBOANGA DEL SUR,OF ZAMBOANGA,TETUAN,ATILANO,INTERIOR LOT,RR,Residential - Regular,1890.0
raw,"RDO No. 93A - Zamboanga City and RDO No. 93B - Zamboanga, Sibugay.",,,,ZAMBOANGA DEL SUR,OF ZAMBOANGA,TETUAN,ATILANO,INTERIOR LOT,RR,Residential - Regular,810.0
raw,"RDO No. 93A - Zamboanga City and RDO No. 93B - Zamboanga, Sibugay.",,,,ZAMBOANGA DEL SUR,OF ZAMBOANGA,TETUAN,ATILANO,INTERIOR LOT,RR,Residential - Regular,1890.0
raw,"RDO No. 93A - Zamboanga City and RDO No. 93B - Zamboanga, Sibugay.",,,,ZAMBOANGA DEL SUR,OF ZAMBOANGA,TETUAN,ATILANO,INTERIOR LOT,RR,Residential - Regular,810.0
raw,"RDO No. 93A - Zamboanga City and RDO No. 93B - Zamboanga, Sibugay.",,,,ZAMBOANGA DEL SUR,OF ZAMBOANGA,TETUAN,BURGOS,INTERIOR LOT,RR,Residential - Regular,1890.0
raw,"RDO No. 93A - Zamboanga City and RDO No. 93B - Zamboanga, Sibugay.",,,,ZAMBOANGA DEL SUR,OF ZAMBOANGA,TETUAN,BURGOS,INTERIOR LOT,RR,Residential - Regular,800.0
raw,"RDO No. 93A - Zamboanga City and RDO No. 93B - Zamboanga, Sibugay.",,,,ZAMBOANGA DEL SUR,OF ZAMBOANGA,TETUAN,BURGOS,INTERIOR LOT,RR,Residential - Regular,1890.0
raw,"RDO No. 93A - Zamboanga City and RDO No. 93B - Zamboanga, Sibugay.",,,,ZAMBOANGA DEL SUR,OF ZAMBOANGA,TETUAN,BURGOS,INTERIOR LOT,RR,Residential - Regular,800.0
raw,"RDO No. 93A - Zamboanga City and RDO No. 93B - Zamboanga, Sibugay.",,,,ZAMBOANGA DEL SUR,OF ZAMBOANGA,TETUAN,CABATO ROAD,INTERIOR LOT,CR,Commercial - Regular,2500.0
raw,"RDO No. 93A - Zamboanga City and RDO No. 93B - Zamboanga, Sibugay.",,,,ZAMBOANGA DEL SUR,OF ZAMBOANGA,TETUAN,CABATO ROAD,INTERIOR LOT,RR,Residential - Regular,2300.0
raw,"RDO No. 93A - Zamboanga City and RDO No. 93B - Zamboanga, Sibugay.",,,,ZAMBOANGA DEL SUR,OF ZAMBOANGA,TETUAN,CABATO ROAD,INTERIOR LOT,RR,Residential - Regular,1500.0
raw,"RDO No. 93A - Zamboanga City and RDO No. 93B - Zamboanga, Sibugay.",,,,ZAMBOANGA DEL SUR,OF ZAMBOANGA,TETUAN,CABATO ROAD,INTERIOR LOT,CR,Commercial - Regular,2500.0
raw,"RDO No. 93A - Zamboanga City and RDO No. 93B - Zamboanga, Sibugay.",,,,ZAMBOANGA DEL SUR,OF ZAMBOANGA,TETUAN,CABATO ROAD,INTERIOR LOT,RR,Residential - Regular,2300.0
raw,"RDO No. 93A - Zamboanga City and RDO No. 93B - Zamboanga, Sibugay.",,,,ZAMBOANGA DEL SUR,OF ZAMBOANGA,TETUAN,CABATO ROAD,INTERIOR LOT,RR,Residential - Regular,1500.0
raw,"RDO No. 93A - Zamboanga City and RDO No. 93B - Zamboanga, Sibugay.",,,,ZAMBOANGA DEL SUR,OF ZAMBOANGA,TETUAN,CANDIDO ST,INTERIOR LOT,CR,Commercial - Regular,2000.0
raw,"RDO No. 93A - Zamboanga City and RDO No. 93B - Zamboanga, Sibugay.",,,,ZAMBOANGA DEL SUR,OF ZAMBOANGA,TETUAN,CANDIDO ST,INTERIOR LOT,RR,Residential - Regular,1500.0
raw,"RDO No. 93A - Zamboanga City and RDO No. 93B - Zamboanga, Sibugay.",,,,ZAMBOANGA DEL SUR,OF ZAMBOANGA,TETUAN,CANDIDO ST,INTERIOR LOT,RR,Residential - Regular,810.0
raw,"RDO No. 93A - Zamboanga City and RDO No. 93B - Zamboanga, Sibugay.",,,,ZAMBOANGA DEL SUR,OF ZAMBOANGA,TETUAN,CANDIDO ST,INTERIOR LOT,CR,Commercial - Regular,2000.0
raw,"RDO No. 93A - Zamboanga City and RDO No. 93B - Zamboanga, Sibugay.",,,,ZAMBOANGA DEL SUR,OF ZAMBOANGA,TETUAN,CANDIDO ST,INTERIOR LOT,RR,Residential - Regular,1500.0
raw,"RDO No. 93A - Zamboanga City and RDO No. 93B - Zamboanga, Sibugay.",,,,ZAMBOANGA DEL SUR,OF ZAMBOANGA,TETUAN,CANDIDO ST,INTERIOR LOT,RR,Residential - Regular,810.0
raw,"RDO No. 93A - Zamboanga City and RDO No. 93B - Zamboanga, Sibugay.",,,,ZAMBOANGA DEL SUR,OF ZAMBOANGA,TETUAN,DON ALFARO,INTERIOR LOT,CR,Commercial - Regular,3500.0
raw,"RDO No. 93A - Zamboanga City and RDO No. 93B - Zamboanga, Sibugay.",,,,ZAMBOANGA DEL SUR,OF ZAMBOANGA,TETUAN,DON ALFARO,INTERIOR LOT,RR,Residential - Regular,2400.0
raw,"RDO No. 93A - Zamboanga City and RDO No. 93B - Zamboanga, Sibugay.",,,,ZAMBOANGA DEL SUR,OF ZAMBOANGA,TETUAN,DON ALFARO,INTERIOR LOT,RR,Residential - Regular,1175.0
raw,"RDO No. 93A - Zamboanga City and RDO No. 93B - Zamboanga, Sibugay.",,,,ZAMBOANGA DEL SUR,OF ZAMBOANGA,TETUAN,DON ALFARO,INTERIOR LOT,CR,Commercial - Regular,3500.0
raw,"RDO No. 93A - Zamboanga City and RDO No. 93B - Zamboanga, Sibugay.",,,,ZAMBOANGA DEL SUR,OF ZAMBOANGA,TETUAN,DON ALFARO,INTERIOR LOT,RR,Residential - Regular,2400.0
raw,"RDO No. 93A - Zamboanga City and RDO No. 93B - Zamboanga, Sibugay.",,,,ZAMBOANGA DEL SUR,OF ZAMBOANGA,TETUAN,DON ALFARO,INTERIOR LOT,RR,Residential - Regular,1175.0
raw,"RDO No. 93A - Zamboanga City and RDO No. 93B - Zamboanga, Sibugay.",,,,ZAMBOANGA DEL SUR,OF ZAMBOANGA,TETUAN,DON TORIBIO ST,INTERIOR LOT,CR,Commercial - Regular,2500.0
raw,"RDO No. 93A - Zamboanga City and RDO No. 93B - Zamboanga, Sibugay.",,,,ZAMBOANGA DEL SUR,OF ZAMBOANGA,TETUAN,DON TORIBIO ST,INTERIOR LOT,RR,Residential - Regular,1890.0
raw,"RDO No. 93A - Zamboanga City and RDO No. 93B - Zamboanga, Sibugay.",,,,ZAMBOANGA DEL SUR,OF ZAMBOANGA,TETUAN,DON TORIBIO ST,INTERIOR LOT,RR,Residential - Regular,810.0
raw,"RDO No. 93A - Zamboanga City and RDO No. 93B - Zamboanga, Sibugay.",,,,ZAMBOANGA DEL SUR,OF ZAMBOANGA,TETUAN,DON TORIBIO ST,INTERIOR LOT,CR,Commercial - Regular,2500.0
raw,"RDO No. 93A - Zamboanga City and RDO No. 93B - Zamboanga, Sibugay.",,,,ZAMBOANGA DEL SUR,OF ZAMBOANGA,TETUAN,DON TORIBIO ST,INTERIOR LOT,RR,Residential - Regular,1890.0
raw,"RDO No. 93A - Zamboanga City and RDO No. 93B - Zamboanga, Sibugay.",,,,ZAMBOANGA DEL SUR,OF ZAMBOANGA,TETUAN,DON TORIBIO ST,INTERIOR LOT,RR,Residential - Regular,810.0
raw,"RDO No. 93A - Zamboanga City and RDO No. 93B - Zamboanga, Sibugay.",,,,ZAMBOANGA DEL SUR,OF ZAMBOANGA,TETUAN,ESTRADA ST,INTERIOR LOT,RR,Residential - Regular,2300.0
raw,"RDO No. 93A - Zamboanga City and RDO No. 93B - Zamboanga, Sibugay.",,,,ZAMBOANGA DEL SUR,OF ZAMBOANGA,TETUAN,ESTRADA ST,INTERIOR LOT,RR,Residential - Regular,1175.0
raw,"RDO No. 93A - Zamboanga City and RDO No. 93B - Zamboanga, Sibugay.",,,,ZAMBOANGA DEL SUR,OF ZAMBOANGA,TETUAN,ESTRADA ST,INTERIOR LOT,RR,Residential - Regular,2300.0
raw,"RDO No. 93A - Zamboanga City and RDO No. 93B - Zamboanga, Sibugay.",,,,ZAMBOANGA DEL SUR,OF ZAMBOANGA,TETUAN,ESTRADA ST,INTERIOR LOT,RR,Residential - Regular,1175.0
raw,"RDO No. 93A - Zamboanga City and RDO No. 93B - Zamboanga, Sibugay.",,,,ZAMBOANGA DEL SUR,OF ZAMBOANGA,TETUAN,FALCATAN,INTERIOR LOT,RR,Residential - Regular,1890.0
raw,"RDO No. 93A - Zamboanga City and RDO No. 93B - Zamboanga, Sibugay.",,,,ZAMBOANGA DEL SUR,OF ZAMBOANGA,TETUAN,FALCATAN,INTERIOR LOT,RR,Residential - Regular,1890.0
raw,"RDO No. 93A - Zamboanga City and RDO No. 93B - Zamboanga, Sibugay.",,,,ZAMBOANGA DEL SUR,OF ZAMBOANGA,TETUAN,NATIVIDAD ST,INTERIOR LOT,RR,Residential - Regular,2300.0
raw,"RDO No. 93A - Zamboanga City and RDO No. 93B - Zamboanga, Sibugay.",,,,ZAMBOANGA DEL SUR,OF ZAMBOANGA,TETUAN,NATIVIDAD ST,INTERIOR LOT,RR,Residential - Regular,1110.0
raw,"RDO No. 93A - Zamboanga City and RDO No. 93B - Zamboanga, Sibugay.",,,,ZAMBOANGA DEL SUR,OF ZAMBOANGA,TETUAN,NATIVIDAD ST,INTERIOR LOT,RR,Residential - Regular,2300.0
raw,"RDO No. 93A - Zamboanga City and RDO No. 93B - Zamboanga, Sibugay.",,,,ZAMBOANGA DEL SUR,OF ZAMBOANGA,TETUAN,NATIVIDAD ST,INTERIOR LOT,RR,Residential - Regular,1110.0
raw,"RDO No. 93A - Zamboanga City and RDO No. 93B - Zamboanga, Sibugay.",,,,ZAMBOANGA DEL SUR,OF ZAMBOANGA,TETUAN,TETUAN HIGHWAY,INTERIOR LOT,CR,Commercial - Regular,4500.0
raw,"RDO No. 93A - Zamboanga City and RDO No. 93B - Zamboanga, Sibugay.",,,,ZAMBOANGA DEL SUR,OF ZAMBOANGA,TETUAN,TETUAN HIGHWAY,INTERIOR LOT,RR,Residential - Regular,3000.0
raw,"RDO No. 93A - Zamboanga City and RDO No. 93B - Zamboanga, Sibugay.",,,,ZAMBOANGA DEL SUR,OF ZAMBOANGA,TETUAN,TETUAN HIGHWAY,INTERIOR LOT,I,Industrial,3750.0
raw,"RDO No. 93A - Zamboanga City and RDO No. 93B - Zamboanga, Sibugay.",,,,ZAMBOANGA DEL SUR,OF ZAMBOANGA,TETUAN,TETUAN HIGHWAY,INTERIOR LOT,RR,Residential - Regular,1150.0
raw,"RDO No. 93A - Zamboanga City and RDO No. 93B - Zamboanga, Sibugay.",,,,ZAMBOANGA DEL SUR,OF ZAMBOANGA,TETUAN,TETUAN HIGHWAY,INTERIOR LOT,CR,Commercial - Regular,4500.0
raw,"RDO No. 93A - Zamboanga City and RDO No. 93B - Zamboanga, Sibugay.",,,,ZAMBOANGA DEL SUR,OF ZAMBOANGA,TETUAN,TETUAN HIGHWAY,INTERIOR LOT,RR,Residential - Regular,3000.0
raw,"RDO No. 93A - Zamboanga City and RDO No. 93B - Zamboanga, Sibugay.",,,,ZAMBOANGA DEL SUR,OF ZAMBOANGA,TETUAN,TETUAN HIGHWAY,INTERIOR LOT,I,Industrial,3750.0
raw,"RDO No. 93A - Zamboanga City and RDO No. 93B - Zamboanga, Sibugay.",,,,ZAMBOANGA DEL SUR,OF ZAMBOANGA,TETUAN,TETUAN HIGHWAY,INTERIOR LOT,RR,Residential - Regular,1150.0
raw,"RDO No. 93A - Zamboanga City and RDO No. 93B - Zamboanga, Sibugay.",,,,ZAMBOANGA DEL SUR,OF ZAMBOANGA,TETUAN,VETERANS AVE,,CR,Commercial - Regular,17750.0
raw,"RDO No. 93A - Zamboanga City and RDO No. 93B - Zamboanga, Sibugay.",,,,ZAMBOANGA DEL SUR,OF ZAMBOANGA,TETUAN,VETERANS AVE,,RR,Residential - Regular,6500.0
raw,"RDO No. 93A - Zamboanga City and RDO No. 93B - Zamboanga, Sibugay.",,,,ZAMBOANGA DEL SUR,OF ZAMBOANGA,TETUAN,VETERANS AVE,,X,Special / Other,12125.0
raw,"RDO No. 93A - Zamboanga City and RDO No. 93B - Zamboanga, Sibugay.",,,,ZAMBOANGA DEL SUR,OF ZAMBOANGA,TETUAN,VETERANS AVE,INTERIOR LOT,RR,Residential - Regular,3250.0
raw,"RDO No. 93A - Zamboanga City and RDO No. 93B - Zamboanga, Sibugay.",,,,ZAMBOANGA DEL SUR,OF ZAMBOANGA,TETUAN,VETERANS AVE,,CR,Commercial - Regular,17750.0
raw,"RDO No. 93A - Zamboanga City and RDO No. 93B - Zamboanga, Sibugay.",,,,ZAMBOANGA DEL SUR,OF ZAMBOANGA,TETUAN,VETERANS AVE,,RR,Residential - Regular,6500.0
raw,"RDO No. 93A - Zamboanga City and RDO No. 93B - Zamboanga, Sibugay.",,,,ZAMBOANGA DEL SUR,OF ZAMBOANGA,TETUAN,VETERANS AVE,,X,Special / Other,12125.0
raw,"RDO No. 93A - Zamboanga City and RDO No. 93B - Zamboanga, Sibugay.",,,,ZAMBOANGA DEL SUR,OF ZAMBOANGA,TETUAN,VETERANS AVE,INTERIOR LOT,RR,Residential - Regular,3250.0
raw,"RDO No. 93A - Zamboanga City and RDO No. 93B - Zamboanga, Sibugay.",,,,ZAMBOANGA DEL SUR,OF ZAMBOANGA,TICTABON,ALL STREET,,RR,Residential - Regular,121.0
raw,"RDO No. 93A - Zamboanga City and RDO No. 93B - Zamboanga, Sibugay.",,,,ZAMBOANGA DEL SUR,OF ZAMBOANGA,TICTABON,ALL STREET,,A50,Agricultural - A50,14.0
raw,"RDO No. 93A - Zamboanga City and RDO No. 93B - Zamboanga, Sibugay.",,,,ZAMBOANGA DEL SUR,OF ZAMBOANGA,TICTABON,ALL STREET,,RR,Residential - Regular,121.0
raw,"RDO No. 93A - Zamboanga City and RDO No. 93B - Zamboanga, Sibugay.",,,,ZAMBOANGA DEL SUR,OF ZAMBOANGA,TICTABON,ALL STREET,,A50,Agricultural - A50,14.0
raw,"RDO No. 93A - Zamboanga City and RDO No. 93B - Zamboanga, Sibugay.",,,,ZAMBOANGA DEL SUR,OF ZAMBOANGA,TICTAPUL,ALL STREETS,,RR,Residential - Regular,125.0
raw,"RDO No. 93A - Zamboanga City and RDO No. 93B - Zamboanga, Sibugay.",,,,ZAMBOANGA DEL SUR,OF ZAMBOANGA,TICTAPUL,ALL STREETS,,A50,Agricultural - A50,11.0
raw,"RDO No. 93A - Zamboanga City and RDO No. 93B - Zamboanga, Sibugay.",,,,ZAMBOANGA DEL SUR,OF ZAMBOANGA,TICTAPUL,ALL STREETS,INTERIOR LOT,RR,Residential - Regular,60.0
raw,"RDO No. 93A - Zamboanga City and RDO No. 93B - Zamboanga, Sibugay.",,,,ZAMBOANGA DEL SUR,OF ZAMBOANGA,TICTAPUL,ALL STREETS,,RR,Residential - Regular,125.0
raw,"RDO No. 93A - Zamboanga City and RDO No. 93B - Zamboanga, Sibugay.",,,,ZAMBOANGA DEL SUR,OF ZAMBOANGA,TICTAPUL,ALL STREETS,,A50,Agricultural - A50,11.0
raw,"RDO No. 93A - Zamboanga City and RDO No. 93B - Zamboanga, Sibugay.",,,,ZAMBOANGA DEL SUR,OF ZAMBOANGA,TICTAPUL,ALL STREETS,INTERIOR LOT,RR,Residential - Regular,60.0
raw,"RDO No. 93A - Zamboanga City and RDO No. 93B - Zamboanga, Sibugay.",,,,ZAMBOANGA DEL SUR,OF ZAMBOANGA,TIGBALABAG,ALL STREETS,,RR,Residential - Regular,106.0
raw,"RDO No. 93A - Zamboanga City and RDO No. 93B - Zamboanga, Sibugay.",,,,ZAMBOANGA DEL SUR,OF ZAMBOANGA,TIGBALABAG,ALL STREETS,,A50,Agricultural - A50,11.0
raw,"RDO No. 93A - Zamboanga City and RDO No. 93B - Zamboanga, Sibugay.",,,,ZAMBOANGA DEL SUR,OF ZAMBOANGA,TIGBALABAG,ALL STREETS,,RR,Residential - Regular,106.0
raw,"RDO No. 93A - Zamboanga City and RDO No. 93B - Zamboanga, Sibugay.",,,,ZAMBOANGA DEL SUR,OF ZAMBOANGA,TIGBALABAG,ALL STREETS,,A50,Agricultural - A50,11.0
raw,"RDO No. 93A - Zamboanga City and RDO No. 93B - Zamboanga, Sibugay.",,,,ZAMBOANGA DEL SUR,OF ZAMBOANGA,TOLOSA,ALL STREET,,RR,Residential - Regular,105.0
raw,"RDO No. 93A - Zamboanga City and RDO No. 93B - Zamboanga, Sibugay.",,,,ZAMBOANGA DEL SUR,OF ZAMBOANGA,TOLOSA,ALL STREET,,A50,Agricultural - A50,11.0
raw,"RDO No. 93A - Zamboanga City and RDO No. 93B - Zamboanga, Sibugay.",,,,ZAMBOANGA DEL SUR,OF ZAMBOANGA,TOLOSA,ALL STREET,,RR,Residential - Regular,105.0
raw,"RDO No. 93A - Zamboanga City and RDO No. 93B - Zamboanga, Sibugay.",,,,ZAMBOANGA DEL SUR,OF ZAMBOANGA,TOLOSA,ALL STREET,,A50,Agricultural - A50,11.0
raw,"RDO No. 93A - Zamboanga City and RDO No. 93B - Zamboanga, Sibugay.",,,,ZAMBOANGA DEL SUR,OF ZAMBOANGA,TUGBUNGAN,ALL OTHER STREETS,,RR,Residential - Regular,410.0
raw,"RDO No. 93A - Zamboanga City and RDO No. 93B - Zamboanga, Sibugay.",,,,ZAMBOANGA DEL SUR,OF ZAMBOANGA,TUGBUNGAN,ALL OTHER STREETS,INTERIOR LOT,RR,Residential - Regular,350.0
raw,"RDO No. 93A - Zamboanga City and RDO No. 93B - Zamboanga, Sibugay.",,,,ZAMBOANGA DEL SUR,OF ZAMBOANGA,TUGBUNGAN,ALL OTHER STREETS,INTERIOR LOT,A50,Agricultural - A50,37.0
raw,"RDO No. 93A - Zamboanga City and RDO No. 93B - Zamboanga, Sibugay.",,,,ZAMBOANGA DEL SUR,OF ZAMBOANGA,TUGBUNGAN,ALL OTHER STREETS,,RR,Residential - Regular,410.0
raw,"RDO No. 93A - Zamboanga City and RDO No. 93B - Zamboanga, Sibugay.",,,,ZAMBOANGA DEL SUR,OF ZAMBOANGA,TUGBUNGAN,ALL OTHER STREETS,INTERIOR LOT,RR,Residential - Regular,350.0
raw,"RDO No. 93A - Zamboanga City and RDO No. 93B - Zamboanga, Sibugay.",,,,ZAMBOANGA DEL SUR,OF ZAMBOANGA,TUGBUNGAN,ALL OTHER STREETS,INTERIOR LOT,A50,Agricultural - A50,37.0
raw,"RDO No. 93A - Zamboanga City and RDO No. 93B - Zamboanga, Sibugay.",,,,ZAMBOANGA DEL SUR,OF ZAMBOANGA,TUGBUNGAN,ALL OTHER SUBDIVIVSION,INTERIOR LOT,RR,Residential - Regular,700.0
raw,"RDO No. 93A - Zamboanga City and RDO No. 93B - Zamboanga, Sibugay.",,,,ZAMBOANGA DEL SUR,OF ZAMBOANGA,TUGBUNGAN,ALL OTHER SUBDIVIVSION,INTERIOR LOT,RR,Residential - Regular,700.0
raw,"RDO No. 93A - Zamboanga City and RDO No. 93B - Zamboanga, Sibugay.",,,,ZAMBOANGA DEL SUR,OF ZAMBOANGA,TUGBUNGAN,ALL SOCIALIZED HOUSING SUBDIVISION,INTERIOR LOT,RR,Residential - Regular,700.0
raw,"RDO No. 93A - Zamboanga City and RDO No. 93B - Zamboanga, Sibugay.",,,,ZAMBOANGA DEL SUR,OF ZAMBOANGA,TUGBUNGAN,ALL SOCIALIZED HOUSING SUBDIVISION,INTERIOR LOT,RR,Residential - Regular,700.0
raw,"RDO No. 93A - Zamboanga City and RDO No. 93B - Zamboanga, Sibugay.",,,,ZAMBOANGA DEL SUR,OF ZAMBOANGA,TUGBUNGAN,SANDS SUBDIVISION,INTERIOR LOT,RR,Residential - Regular,1250.0
raw,"RDO No. 93A - Zamboanga City and RDO No. 93B - Zamboanga, Sibugay.",,,,ZAMBOANGA DEL SUR,OF ZAMBOANGA,TUGBUNGAN,SANDS SUBDIVISION,INTERIOR LOT,RR,Residential - Regular,1250.0
raw,"RDO No. 93A - Zamboanga City and RDO No. 93B - Zamboanga, Sibugay.",,,,ZAMBOANGA DEL SUR,OF ZAMBOANGA,TUGBUNGAN,TALON TALON,,RR,Residential - Regular,700.0
raw,"RDO No. 93A - Zamboanga City and RDO No. 93B - Zamboanga, Sibugay.",,,,ZAMBOANGA DEL SUR,OF ZAMBOANGA,TUGBUNGAN,TALON TALON,,RR,Residential - Regular,700.0
raw,"RDO No. 93A - Zamboanga City and RDO No. 93B - Zamboanga, Sibugay.",,,,ZAMBOANGA DEL SUR,OF ZAMBOANGA,TUGBUNGAN,TALON TALON LOOP,,RR,Residential - Regular,600.0
raw,"RDO No. 93A - Zamboanga City and RDO No. 93B - Zamboanga, Sibugay.",,,,ZAMBOANGA DEL SUR,OF ZAMBOANGA,TUGBUNGAN,TALON TALON LOOP,,RR,Residential - Regular,600.0
raw,"RDO No. 93A - Zamboanga City and RDO No. 93B - Zamboanga, Sibugay.",,,,ZAMBOANGA DEL SUR,OF ZAMBOANGA,TUGBUNGAN,TUGBUNGAN,,CR,Commercial - Regular,1750.0
raw,"RDO No. 93A - Zamboanga City and RDO No. 93B - Zamboanga, Sibugay.",,,,ZAMBOANGA DEL SUR,OF ZAMBOANGA,TUGBUNGAN,TUGBUNGAN,,RR,Residential - Regular,900.0
raw,"RDO No. 93A - Zamboanga City and RDO No. 93B - Zamboanga, Sibugay.",,,,ZAMBOANGA DEL SUR,OF ZAMBOANGA,TUGBUNGAN,TUGBUNGAN,,I,Industrial,1475.0
raw,"RDO No. 93A - Zamboanga City and RDO No. 93B - Zamboanga, Sibugay.",,,,ZAMBOANGA DEL SUR,OF ZAMBOANGA,TUGBUNGAN,TUGBUNGAN,,CR,Commercial - Regular,1750.0
raw,"RDO No. 93A - Zamboanga City and RDO No. 93B - Zamboanga, Sibugay.",,,,ZAMBOANGA DEL SUR,OF ZAMBOANGA,TUGBUNGAN,TUGBUNGAN,,RR,Residential - Regular,900.0
raw,"RDO No. 93A - Zamboanga City and RDO No. 93B - Zamboanga, Sibugay.",,,,ZAMBOANGA DEL SUR,OF ZAMBOANGA,TUGBUNGAN,TUGBUNGAN,,I,Industrial,1475.0
raw,"RDO No. 93A - Zamboanga City and RDO No. 93B - Zamboanga, Sibugay.",,,,ZAMBOANGA DEL SUR,OF ZAMBOANGA,TULUNGATUNG,ALL STREETS,,RR,Residential - Regular,150.0
raw,"RDO No. 93A - Zamboanga City and RDO No. 93B - Zamboanga, Sibugay.",,,,ZAMBOANGA DEL SUR,OF ZAMBOANGA,TULUNGATUNG,ALL STREETS,,I,Industrial,925.0
raw,"RDO No. 93A - Zamboanga City and RDO No. 93B - Zamboanga, Sibugay.",,,,ZAMBOANGA DEL SUR,OF ZAMBOANGA,TULUNGATUNG,ALL STREETS,,A50,Agricultural - A50,11.0
raw,"RDO No. 93A - Zamboanga City and RDO No. 93B - Zamboanga, Sibugay.",,,,ZAMBOANGA DEL SUR,OF ZAMBOANGA,TULUNGATUNG,ALL STREETS,INTERIOR LOT,RR,Residential - Regular,73.0
raw,"RDO No. 93A - Zamboanga City and RDO No. 93B - Zamboanga, Sibugay.",,,,ZAMBOANGA DEL SUR,OF ZAMBOANGA,TULUNGATUNG,ALL STREETS,,RR,Residential - Regular,150.0
raw,"RDO No. 93A - Zamboanga City and RDO No. 93B - Zamboanga, Sibugay.",,,,ZAMBOANGA DEL SUR,OF ZAMBOANGA,TULUNGATUNG,ALL STREETS,,I,Industrial,925.0
raw,"RDO No. 93A - Zamboanga City and RDO No. 93B - Zamboanga, Sibugay.",,,,ZAMBOANGA DEL SUR,OF ZAMBOANGA,TULUNGATUNG,ALL STREETS,,A50,Agricultural - A50,11.0
raw,"RDO No. 93A - Zamboanga City and RDO No. 93B - Zamboanga, Sibugay.",,,,ZAMBOANGA DEL SUR,OF ZAMBOANGA,TULUNGATUNG,ALL STREETS,INTERIOR LOT,RR,Residential - Regular,73.0
raw,"RDO No. 93A - Zamboanga City and RDO No. 93B - Zamboanga, Sibugay.",,,,ZAMBOANGA DEL SUR,OF ZAMBOANGA,TUMAGA,A & W SUBDIVISION,INTERIOR LOT,RR,Residential - Regular,1250.0
raw,"RDO No. 93A - Zamboanga City and RDO No. 93B - Zamboanga, Sibugay.",,,,ZAMBOANGA DEL SUR,OF ZAMBOANGA,TUMAGA,A & W SUBDIVISION,INTERIOR LOT,RR,Residential - Regular,1250.0
raw,"RDO No. 93A - Zamboanga City and RDO No. 93B - Zamboanga, Sibugay.",,,,ZAMBOANGA DEL SUR,OF ZAMBOANGA,TUMAGA,ALL OTHER SOCIALIZED SUBDIVISION,INTERIOR LOT,RR,Residential - Regular,1000.0
raw,"RDO No. 93A - Zamboanga City and RDO No. 93B - Zamboanga, Sibugay.",,,,ZAMBOANGA DEL SUR,OF ZAMBOANGA,TUMAGA,ALL OTHER SOCIALIZED SUBDIVISION,INTERIOR LOT,RR,Residential - Regular,1000.0
raw,"RDO No. 93A - Zamboanga City and RDO No. 93B - Zamboanga, Sibugay.",,,,ZAMBOANGA DEL SUR,OF ZAMBOANGA,TUMAGA,ALL OTHER SUBDIVISION,INTERIOR LOT,RR,Residential - Regular,1000.0
raw,"RDO No. 93A - Zamboanga City and RDO No. 93B - Zamboanga, Sibugay.",,,,ZAMBOANGA DEL SUR,OF ZAMBOANGA,TUMAGA,ALL OTHER SUBDIVISION,INTERIOR LOT,RR,Residential - Regular,1000.0
raw,"RDO No. 93A - Zamboanga City and RDO No. 93B - Zamboanga, Sibugay.",,,,ZAMBOANGA DEL SUR,OF ZAMBOANGA,TUMAGA,ALL STREETS,,CR,Commercial - Regular,2350.0
raw,"RDO No. 93A - Zamboanga City and RDO No. 93B - Zamboanga, Sibugay.",,,,ZAMBOANGA DEL SUR,OF ZAMBOANGA,TUMAGA,ALL STREETS,,RR,Residential - Regular,1700.0
raw,"RDO No. 93A - Zamboanga City and RDO No. 93B - Zamboanga, Sibugay.",,,,ZAMBOANGA DEL SUR,OF ZAMBOANGA,TUMAGA,ALL STREETS,,A50,Agricultural - A50,11.0
raw,"RDO No. 93A - Zamboanga City and RDO No. 93B - Zamboanga, Sibugay.",,,,ZAMBOANGA DEL SUR,OF ZAMBOANGA,TUMAGA,ALL STREETS,INTERIOR LOT,RR,Residential - Regular,750.0
raw,"RDO No. 93A - Zamboanga City and RDO No. 93B - Zamboanga, Sibugay.",,,,ZAMBOANGA DEL SUR,OF ZAMBOANGA,TUMAGA,ALL STREETS,,CR,Commercial - Regular,2350.0
raw,"RDO No. 93A - Zamboanga City and RDO No. 93B - Zamboanga, Sibugay.",,,,ZAMBOANGA DEL SUR,OF ZAMBOANGA,TUMAGA,ALL STREETS,,RR,Residential - Regular,1700.0
raw,"RDO No. 93A - Zamboanga City and RDO No. 93B - Zamboanga, Sibugay.",,,,ZAMBOANGA DEL SUR,OF ZAMBOANGA,TUMAGA,ALL STREETS,,A50,Agricultural - A50,11.0
raw,"RDO No. 93A - Zamboanga City and RDO No. 93B - Zamboanga, Sibugay.",,,,ZAMBOANGA DEL SUR,OF ZAMBOANGA,TUMAGA,ALL STREETS,INTERIOR LOT,RR,Residential - Regular,750.0
raw,"RDO No. 93A - Zamboanga City and RDO No. 93B - Zamboanga, Sibugay.",,,,ZAMBOANGA DEL SUR,OF ZAMBOANGA,TUMAGA,SAN IGNACIO SUBDIVISION,INTERIOR LOT,RR,Residential - Regular,4000.0
raw,"RDO No. 93A - Zamboanga City and RDO No. 93B - Zamboanga, Sibugay.",,,,ZAMBOANGA DEL SUR,OF ZAMBOANGA,TUMAGA,SAN IGNACIO SUBDIVISION,INTERIOR LOT,RR,Residential - Regular,4000.0
raw,"RDO No. 93A - Zamboanga City and RDO No. 93B - Zamboanga, Sibugay.",,,,ZAMBOANGA DEL SUR,OF ZAMBOANGA,TUMAGA,WOODRIDGE SUBDIVISION,INTERIOR LOT,RR,Residential - Regular,4000.0
raw,"RDO No. 93A - Zamboanga City and RDO No. 93B - Zamboanga, Sibugay.",,,,ZAMBOANGA DEL SUR,OF ZAMBOANGA,TUMAGA,WOODRIDGE SUBDIVISION,INTERIOR LOT,RR,Residential - Regular,4000.0
raw,"RDO No. 93A - Zamboanga City and RDO No. 93B - Zamboanga, Sibugay.",,,,ZAMBOANGA DEL SUR,OF ZAMBOANGA,TUMALUTAP,ALL STREETS,,RR,Residential - Regular,160.0
raw,"RDO No. 93A - Zamboanga City and RDO No. 93B - Zamboanga, Sibugay.",,,,ZAMBOANGA DEL SUR,OF ZAMBOANGA,TUMALUTAP,ALL STREETS,,A50,Agricultural - A50,20.0
raw,"RDO No. 93A - Zamboanga City and RDO No. 93B - Zamboanga, Sibugay.",,,,ZAMBOANGA DEL SUR,OF ZAMBOANGA,TUMALUTAP,ALL STREETS,,RR,Residential - Regular,160.0
raw,"RDO No. 93A - Zamboanga City and RDO No. 93B - Zamboanga, Sibugay.",,,,ZAMBOANGA DEL SUR,OF ZAMBOANGA,TUMALUTAP,ALL STREETS,,A50,Agricultural - A50,20.0
raw,"RDO No. 93A - Zamboanga City and RDO No. 93B - Zamboanga, Sibugay.",,,,ZAMBOANGA DEL SUR,OF ZAMBOANGA,TUMITUS,ALL STREETS,,RR,Residential - Regular,106.0
raw,"RDO No. 93A - Zamboanga City and RDO No. 93B - Zamboanga, Sibugay.",,,,ZAMBOANGA DEL SUR,OF ZAMBOANGA,TUMITUS,ALL STREETS,,A50,Agricultural - A50,11.0
raw,"RDO No. 93A - Zamboanga City and RDO No. 93B - Zamboanga, Sibugay.",,,,ZAMBOANGA DEL SUR,OF ZAMBOANGA,TUMITUS,ALL STREETS,,RR,Residential - Regular,106.0
raw,"RDO No. 93A - Zamboanga City and RDO No. 93B - Zamboanga, Sibugay.",,,,ZAMBOANGA DEL SUR,OF ZAMBOANGA,TUMITUS,ALL STREETS,,A50,Agricultural - A50,11.0
raw,"RDO No. 93A - Zamboanga City and RDO No. 93B - Zamboanga, Sibugay.",,,,ZAMBOANGA DEL SUR,OF ZAMBOANGA,VICTORIA*,ALL LOTS,,RR,Residential - Regular,155.0
raw,"RDO No. 93A - Zamboanga City and RDO No. 93B - Zamboanga, Sibugay.",,,,ZAMBOANGA DEL SUR,OF ZAMBOANGA,VICTORIA*,ALL LOTS,,A4,Agricultural - A4,23.0
raw,"RDO No. 93A - Zamboanga City and RDO No. 93B - Zamboanga, Sibugay.",,,,ZAMBOANGA DEL SUR,OF ZAMBOANGA,VICTORIA*,ALL LOTS,,A50,Agricultural - A50,11.0
raw,"RDO No. 93A - Zamboanga City and RDO No. 93B - Zamboanga, Sibugay.",,,,ZAMBOANGA DEL SUR,OF ZAMBOANGA,VICTORIA*,ALL LOTS,INTERIOR LOT,RR,Residential - Regular,75.0
raw,"RDO No. 93A - Zamboanga City and RDO No. 93B - Zamboanga, Sibugay.",,,,ZAMBOANGA DEL SUR,OF ZAMBOANGA,VICTORIA*,ALL LOTS,,RR,Residential - Regular,155.0
raw,"RDO No. 93A - Zamboanga City and RDO No. 93B - Zamboanga, Sibugay.",,,,ZAMBOANGA DEL SUR,OF ZAMBOANGA,VICTORIA*,ALL LOTS,,A4,Agricultural - A4,23.0
raw,"RDO No. 93A - Zamboanga City and RDO No. 93B - Zamboanga, Sibugay.",,,,ZAMBOANGA DEL SUR,OF ZAMBOANGA,VICTORIA*,ALL LOTS,,A50,Agricultural - A50,11.0
raw,"RDO No. 93A - Zamboanga City and RDO No. 93B - Zamboanga, Sibugay.",,,,ZAMBOANGA DEL SUR,OF ZAMBOANGA,VICTORIA*,ALL LOTS,INTERIOR LOT,RR,Residential - Regular,75.0
raw,"RDO No. 93A - Zamboanga City and RDO No. 93B - Zamboanga, Sibugay.",,,,ZAMBOANGA DEL SUR,OF ZAMBOANGA,VITALI,ALL STREETS,,CR,Commercial - Regular,750.0
raw,"RDO No. 93A - Zamboanga City and RDO No. 93B - Zamboanga, Sibugay.",,,,ZAMBOANGA DEL SUR,OF ZAMBOANGA,VITALI,ALL STREETS,,RR,Residential - Regular,335.0
raw,"RDO No. 93A - Zamboanga City and RDO No. 93B - Zamboanga, Sibugay.",,,,ZAMBOANGA DEL SUR,OF ZAMBOANGA,VITALI,ALL STREETS,,A50,Agricultural - A50,18.0
raw,"RDO No. 93A - Zamboanga City and RDO No. 93B - Zamboanga, Sibugay.",,,,ZAMBOANGA DEL SUR,OF ZAMBOANGA,VITALI,ALL STREETS,INTERIOR LOT,RR,Residential - Regular,175.0
raw,"RDO No. 93A - Zamboanga City and RDO No. 93B - Zamboanga, Sibugay.",,,,ZAMBOANGA DEL SUR,OF ZAMBOANGA,VITALI,ALL STREETS,,CR,Commercial - Regular,750.0
raw,"RDO No. 93A - Zamboanga City and RDO No. 93B - Zamboanga, Sibugay.",,,,ZAMBOANGA DEL SUR,OF ZAMBOANGA,VITALI,ALL STREETS,,RR,Residential - Regular,335.0
raw,"RDO No. 93A - Zamboanga City and RDO No. 93B - Zamboanga, Sibugay.",,,,ZAMBOANGA DEL SUR,OF ZAMBOANGA,VITALI,ALL STREETS,,A50,Agricultural - A50,18.0
raw,"RDO No. 93A - Zamboanga City and RDO No. 93B - Zamboanga, Sibugay.",,,,ZAMBOANGA DEL SUR,OF ZAMBOANGA,VITALI,ALL STREETS,INTERIOR LOT,RR,Residential - Regular,175.0
raw,"RDO No. 93A - Zamboanga City and RDO No. 93B - Zamboanga, Sibugay.",,,,ZAMBOANGA DEL SUR,OF ZAMBOANGA,ZAMBOWOOD,ALL OTHER SUBDIVISION,INTERIOR LOT,RR,Residential - Regular,350.0
raw,"RDO No. 93A - Zamboanga City and RDO No. 93B - Zamboanga, Sibugay.",,,,ZAMBOANGA DEL SUR,OF ZAMBOANGA,ZAMBOWOOD,ALL OTHER SUBDIVISION,INTERIOR LOT,RR,Residential - Regular,350.0
raw,"RDO No. 93A - Zamboanga City and RDO No. 93B - Zamboanga, Sibugay.",,,,ZAMBOANGA DEL SUR,OF ZAMBOANGA,ZAMBOWOOD,ALL SOCIALIZED HOUSING SUBDIVISION,INTERIOR LOT,RR,Residential - Regular,350.0
raw,"RDO No. 93A - Zamboanga City and RDO No. 93B - Zamboanga, Sibugay.",,,,ZAMBOANGA DEL SUR,OF ZAMBOANGA,ZAMBOWOOD,ALL SOCIALIZED HOUSING SUBDIVISION,INTERIOR LOT,RR,Residential - Regular,350.0
raw,"RDO No. 93A - Zamboanga City and RDO No. 93B - Zamboanga, Sibugay.",,,,ZAMBOANGA DEL SUR,OF ZAMBOANGA,ZAMBOWOOD,ALL STREETS,,CR,Commercial - Regular,700.0
raw,"RDO No. 93A - Zamboanga City and RDO No. 93B - Zamboanga, Sibugay.",,,,ZAMBOANGA DEL SUR,OF ZAMBOANGA,ZAMBOWOOD,ALL STREETS,,RR,Residential - Regular,250.0
raw,"RDO No. 93A - Zamboanga City and RDO No. 93B - Zamboanga, Sibugay.",,,,ZAMBOANGA DEL SUR,OF ZAMBOANGA,ZAMBOWOOD,ALL STREETS,,I,Industrial,875.0
raw,"RDO No. 93A - Zamboanga City and RDO No. 93B - Zamboanga, Sibugay.",,,,ZAMBOANGA DEL SUR,OF ZAMBOANGA,ZAMBOWOOD,ALL STREETS,,A50,Agricultural - A50,5.0
raw,"RDO No. 93A - Zamboanga City and RDO No. 93B - Zamboanga, Sibugay.",,,,ZAMBOANGA DEL SUR,OF ZAMBOANGA,ZAMBOWOOD,ALL STREETS,INTERIOR LOT,RR,Residential - Regular,163.0
raw,"RDO No. 93A - Zamboanga City and RDO No. 93B - Zamboanga, Sibugay.",,,,ZAMBOANGA DEL SUR,OF ZAMBOANGA,ZAMBOWOOD,ALL STREETS,,CR,Commercial - Regular,700.0
raw,"RDO No. 93A - Zamboanga City and RDO No. 93B - Zamboanga, Sibugay.",,,,ZAMBOANGA DEL SUR,OF ZAMBOANGA,ZAMBOWOOD,ALL STREETS,,RR,Residential - Regular,250.0
raw,"RDO No. 93A - Zamboanga City and RDO No. 93B - Zamboanga, Sibugay.",,,,ZAMBOANGA DEL SUR,OF ZAMBOANGA,ZAMBOWOOD,ALL STREETS,,I,Industrial,875.0
raw,"RDO No. 93A - Zamboanga City and RDO No. 93B - Zamboanga, Sibugay.",,,,ZAMBOANGA DEL SUR,OF ZAMBOANGA,ZAMBOWOOD,ALL STREETS,,A50,Agricultural - A50,5.0
raw,"RDO No. 93A - Zamboanga City and RDO No. 93B - Zamboanga, Sibugay.",,,,ZAMBOANGA DEL SUR,OF ZAMBOANGA,ZAMBOWOOD,ALL STREETS,INTERIOR LOT,RR,Residential - Regular,163.0
raw,"RDO No. 93A - Zamboanga City and RDO No. 93B - Zamboanga, Sibugay.",,,,ZAMBOANGA DEL SUR,ZAMBOANGA CITY,ARENA BLANCO,ALL LOTS,,RR,Residential - Regular,100.0
raw,"RDO No. 93A - Zamboanga City and RDO No. 93B - Zamboanga, Sibugay.",,,,ZAMBOANGA DEL SUR,ZAMBOANGA CITY,ARENA BLANCO,ALL LOTS,,GP,General Purpose,45.0
raw,"RDO No. 93A - Zamboanga City and RDO No. 93B - Zamboanga, Sibugay.",,,,ZAMBOANGA DEL SUR,ZAMBOANGA CITY,ARENA BLANCO,ALL LOTS,,A50,Agricultural - A50,7.0
raw,"RDO No. 93A - Zamboanga City and RDO No. 93B - Zamboanga, Sibugay.",,,,ZAMBOANGA DEL SUR,ZAMBOANGA CITY,ARENA BLANCO,ALL LOTS,INTERIOR,RR,Residential - Regular,60.0
raw,"RDO No. 93A - Zamboanga City and RDO No. 93B - Zamboanga, Sibugay.",008-2024,"Feb. 17, 2024",4TH,ZAMBOANGA DEL SUR,ZAMBOANGA CITY,ARENA BLANCO,ALL LOTS,,CR,Commercial - Regular,2300.0
raw,"RDO No. 93A - Zamboanga City and RDO No. 93B - Zamboanga, Sibugay.",008-2024,"Feb. 17, 2024",4TH,ZAMBOANGA DEL SUR,ZAMBOANGA CITY,ARENA BLANCO,ALL LOTS,,RR,Residential - Regular,1000.0
raw,"RDO No. 93A - Zamboanga City and RDO No. 93B - Zamboanga, Sibugay.",008-2024,"Feb. 17, 2024",4TH,ZAMBOANGA DEL SUR,ZAMBOANGA CITY,ARENA BLANCO,ALL LOTS,,I,Industrial,2500.0
raw,"RDO No. 93A - Zamboanga City and RDO No. 93B - Zamboanga, Sibugay.",008-2024,"Feb. 17, 2024",4TH,ZAMBOANGA DEL SUR,ZAMBOANGA CITY,ARENA BLANCO,ALL LOTS,,GP,General Purpose,1000.0
raw,"RDO No. 93A - Zamboanga City and RDO No. 93B - Zamboanga, Sibugay.",008-2024,"Feb. 17, 2024",4TH,ZAMBOANGA DEL SUR,ZAMBOANGA CITY,ARENA BLANCO,ALL LOTS,,A50,Agricultural - A50,170.0
raw,"RDO No. 93A - Zamboanga City and RDO No. 93B - Zamboanga, Sibugay.",008-2024,"Feb. 17, 2024",4TH,ZAMBOANGA DEL SUR,ZAMBOANGA CITY,ARENA BLANCO,ALL LOTS,INTERIOR LOT,RR,Residential - Regular,300.0
raw,"RDO No. 93A - Zamboanga City and RDO No. 93B - Zamboanga, Sibugay.",,2010-08-06,,ZAMBOANGA DEL SUR,ZAMBOANGA CITY,ARENA BLANCO,ALL LOTS,,RR,Residential - Regular,100.0
raw,"RDO No. 93A - Zamboanga City and RDO No. 93B - Zamboanga, Sibugay.",,2010-08-06,,ZAMBOANGA DEL SUR,ZAMBOANGA CITY,ARENA BLANCO,ALL LOTS,,GP,General Purpose,45.0
raw,"RDO No. 93A - Zamboanga City and RDO No. 93B - Zamboanga, Sibugay.",,2010-08-06,,ZAMBOANGA DEL SUR,ZAMBOANGA CITY,ARENA BLANCO,ALL LOTS,,A50,Agricultural - A50,7.0
raw,"RDO No. 93A - Zamboanga City and RDO No. 93B - Zamboanga, Sibugay.",,2010-08-06,,ZAMBOANGA DEL SUR,ZAMBOANGA CITY,ARENA BLANCO,ALL LOTS,INTERIOR,RR,Residential - Regular,60.0
raw,"RDO No. 93A - Zamboanga City and RDO No. 93B - Zamboanga, Sibugay.",,,,ZAMBOANGA DEL SUR,ZAMBOANGA CITY,ARENA BLANCO,ALL STREETS,,RR,Residential - Regular,40.0
raw,"RDO No. 93A - Zamboanga City and RDO No. 93B - Zamboanga, Sibugay.",,,,ZAMBOANGA DEL SUR,ZAMBOANGA CITY,ARENA BLANCO,ALL STREETS,,GP,General Purpose,15.0
raw,"RDO No. 93A - Zamboanga City and RDO No. 93B - Zamboanga, Sibugay.",,,,ZAMBOANGA DEL SUR,ZAMBOANGA CITY,ARENA BLANCO,ALL STREETS,,A,Agricultural,4.0
raw,"RDO No. 93A - Zamboanga City and RDO No. 93B - Zamboanga, Sibugay.",,,,ZAMBOANGA DEL SUR,ZAMBOANGA CITY,ARENA BLANCO,ALL STREETS,,RR,Residential - Regular,20.0
raw,"RDO No. 93A - Zamboanga City and RDO No. 93B - Zamboanga, Sibugay.",,,,ZAMBOANGA DEL SUR,ZAMBOANGA CITY,ARENA BLANCO,ALL STREETS,,A,Agricultural,2.0
raw,"RDO No. 93A - Zamboanga City and RDO No. 93B - Zamboanga, Sibugay.",,1995-12-25,,ZAMBOANGA DEL SUR,ZAMBOANGA CITY,ARENA BLANCO,ALL STREETS,,RR,Residential - Regular,40.0
raw,"RDO No. 93A - Zamboanga City and RDO No. 93B - Zamboanga, Sibugay.",,1995-12-25,,ZAMBOANGA DEL SUR,ZAMBOANGA CITY,ARENA BLANCO,ALL STREETS,,GP,General Purpose,15.0
raw,"RDO No. 93A - Zamboanga City and RDO No. 93B - Zamboanga, Sibugay.",,1995-12-25,,ZAMBOANGA DEL SUR,ZAMBOANGA CITY,ARENA BLANCO,ALL STREETS,,A,Agricultural,4.0
raw,"RDO No. 93A - Zamboanga City and RDO No. 93B - Zamboanga, Sibugay.",,1990-01-02,,ZAMBOANGA DEL SUR,ZAMBOANGA CITY,ARENA BLANCO,ALL STREETS,,RR,Residential - Regular,20.0
raw,"RDO No. 93A - Zamboanga City and RDO No. 93B - Zamboanga, Sibugay.",,1990-01-02,,ZAMBOANGA DEL SUR,ZAMBOANGA CITY,ARENA BLANCO,ALL STREETS,,A,Agricultural,2.0
raw,"RDO No. 93A - Zamboanga City and RDO No. 93B - Zamboanga, Sibugay.",008-2024,"Feb. 17, 2024",4TH,ZAMBOANGA DEL SUR,ZAMBOANGA CITY,AYALA,ALL OTHER SUBDIVISION,INTERIOR LOT,RR,Residential - Regular,1300.0
raw,"RDO No. 93A - Zamboanga City and RDO No. 93B - Zamboanga, Sibugay.",,,,ZAMBOANGA DEL SUR,ZAMBOANGA CITY,AYALA,ALL STREETS,,RR,Residential - Regular,325.0
raw,"RDO No. 93A - Zamboanga City and RDO No. 93B - Zamboanga, Sibugay.",,,,ZAMBOANGA DEL SUR,ZAMBOANGA CITY,AYALA,ALL STREETS,,I,Industrial,405.0
raw,"RDO No. 93A - Zamboanga City and RDO No. 93B - Zamboanga, Sibugay.",,,,ZAMBOANGA DEL SUR,ZAMBOANGA CITY,AYALA,ALL STREETS,,A50,Agricultural - A50,11.0
raw,"RDO No. 93A - Zamboanga City and RDO No. 93B - Zamboanga, Sibugay.",,,,ZAMBOANGA DEL SUR,ZAMBOANGA CITY,AYALA,ALL STREETS,INTERIOR,RR,Residential - Regular,195.0
raw,"RDO No. 93A - Zamboanga City and RDO No. 93B - Zamboanga, Sibugay.",,,,ZAMBOANGA DEL SUR,ZAMBOANGA CITY,AYALA,ALL STREETS,,RR,Residential - Regular,50.0
raw,"RDO No. 93A - Zamboanga City and RDO No. 93B - Zamboanga, Sibugay.",,,,ZAMBOANGA DEL SUR,ZAMBOANGA CITY,AYALA,ALL STREETS,,I,Industrial,90.0
raw,"RDO No. 93A - Zamboanga City and RDO No. 93B - Zamboanga, Sibugay.",,,,ZAMBOANGA DEL SUR,ZAMBOANGA CITY,AYALA,ALL STREETS,,A,Agricultural,6.5
raw,"RDO No. 93A - Zamboanga City and RDO No. 93B - Zamboanga, Sibugay.",,,,ZAMBOANGA DEL SUR,ZAMBOANGA CITY,AYALA,ALL STREETS,,RR,Residential - Regular,20.0
raw,"RDO No. 93A - Zamboanga City and RDO No. 93B - Zamboanga, Sibugay.",,,,ZAMBOANGA DEL SUR,ZAMBOANGA CITY,AYALA,ALL STREETS,,I,Industrial,50.0
raw,"RDO No. 93A - Zamboanga City and RDO No. 93B - Zamboanga, Sibugay.",,,,ZAMBOANGA DEL SUR,ZAMBOANGA CITY,AYALA,ALL STREETS,,A,Agricultural,2.0
raw,"RDO No. 93A - Zamboanga City and RDO No. 93B - Zamboanga, Sibugay.",008-2024,"Feb. 17, 2024",4TH,ZAMBOANGA DEL SUR,ZAMBOANGA CITY,AYALA,ALL STREETS,,CR,Commercial - Regular,2700.0
raw,"RDO No. 93A - Zamboanga City and RDO No. 93B - Zamboanga, Sibugay.",008-2024,"Feb. 17, 2024",4TH,ZAMBOANGA DEL SUR,ZAMBOANGA CITY,AYALA,ALL STREETS,,RR,Residential - Regular,1400.0
raw,"RDO No. 93A - Zamboanga City and RDO No. 93B - Zamboanga, Sibugay.",008-2024,"Feb. 17, 2024",4TH,ZAMBOANGA DEL SUR,ZAMBOANGA CITY,AYALA,ALL STREETS,,I,Industrial,3900.0
raw,"RDO No. 93A - Zamboanga City and RDO No. 93B - Zamboanga, Sibugay.",008-2024,"Feb. 17, 2024",4TH,ZAMBOANGA DEL SUR,ZAMBOANGA CITY,AYALA,ALL STREETS,,A50,Agricultural - A50,190.0
raw,"RDO No. 93A - Zamboanga City and RDO No. 93B - Zamboanga, Sibugay.",008-2024,"Feb. 17, 2024",4TH,ZAMBOANGA DEL SUR,ZAMBOANGA CITY,AYALA,ALL STREETS,INTERIOR LOT,RR,Residential - Regular,600.0
raw,"RDO No. 93A - Zamboanga City and RDO No. 93B - Zamboanga, Sibugay.",,2010-08-06,,ZAMBOANGA DEL SUR,ZAMBOANGA CITY,AYALA,ALL STREETS,,RR,Residential - Regular,325.0
raw,"RDO No. 93A - Zamboanga City and RDO No. 93B - Zamboanga, Sibugay.",,2010-08-06,,ZAMBOANGA DEL SUR,ZAMBOANGA CITY,AYALA,ALL STREETS,,I,Industrial,405.0
raw,"RDO No. 93A - Zamboanga City and RDO No. 93B - Zamboanga, Sibugay.",,2010-08-06,,ZAMBOANGA DEL SUR,ZAMBOANGA CITY,AYALA,ALL STREETS,,A50,Agricultural - A50,11.0
raw,"RDO No. 93A - Zamboanga City and RDO No. 93B - Zamboanga, Sibugay.",,2010-08-06,,ZAMBOANGA DEL SUR,ZAMBOANGA CITY,AYALA,ALL STREETS,INTERIOR,RR,Residential - Regular,195.0
raw,"RDO No. 93A - Zamboanga City and RDO No. 93B - Zamboanga, Sibugay.",,1995-12-25,,ZAMBOANGA DEL SUR,ZAMBOANGA CITY,AYALA,ALL STREETS,,RR,Residential - Regular,50.0
raw,"RDO No. 93A - Zamboanga City and RDO No. 93B - Zamboanga, Sibugay.",,1995-12-25,,ZAMBOANGA DEL SUR,ZAMBOANGA CITY,AYALA,ALL STREETS,,I,Industrial,90.0
raw,"RDO No. 93A - Zamboanga City and RDO No. 93B - Zamboanga, Sibugay.",,1995-12-25,,ZAMBOANGA DEL SUR,ZAMBOANGA CITY,AYALA,ALL STREETS,,A,Agricultural,6.5
raw,"RDO No. 93A - Zamboanga City and RDO No. 93B - Zamboanga, Sibugay.",,1990-01-02,,ZAMBOANGA DEL SUR,ZAMBOANGA CITY,AYALA,ALL STREETS,,RR,Residential - Regular,20.0
raw,"RDO No. 93A - Zamboanga City and RDO No. 93B - Zamboanga, Sibugay.",,1990-01-02,,ZAMBOANGA DEL SUR,ZAMBOANGA CITY,AYALA,ALL STREETS,,I,Industrial,50.0
raw,"RDO No. 93A - Zamboanga City and RDO No. 93B - Zamboanga, Sibugay.",,1990-01-02,,ZAMBOANGA DEL SUR,ZAMBOANGA CITY,AYALA,ALL STREETS,,A,Agricultural,2.0
raw,"RDO No. 93A - Zamboanga City and RDO No. 93B - Zamboanga, Sibugay.",008-2024,"Feb. 17, 2024",4TH,ZAMBOANGA DEL SUR,ZAMBOANGA CITY,AYALA,BLUE VISTA SUBDIVISION,INTERIOR LOT,RR,Residential - Regular,2500.0
raw,"RDO No. 93A - Zamboanga City and RDO No. 93B - Zamboanga, Sibugay.",008-2024,"Feb. 17, 2024",4TH,ZAMBOANGA DEL SUR,ZAMBOANGA CITY,AYALA,COUNTRY HOMES SUBDIVISION-P1,INTERIOR LOT,RR,Residential - Regular,2500.0
raw,"RDO No. 93A - Zamboanga City and RDO No. 93B - Zamboanga, Sibugay.",008-2024,"Feb. 17, 2024",4TH,ZAMBOANGA DEL SUR,ZAMBOANGA CITY,AYALA,COUNTRY HOMES SUBDIVISION-P2,INTERIOR LOT,RR,Residential - Regular,2500.0
raw,"RDO No. 93A - Zamboanga City and RDO No. 93B - Zamboanga, Sibugay.",008-2024,"Feb. 17, 2024",4TH,ZAMBOANGA DEL SUR,ZAMBOANGA CITY,AYALA,COUNTRY HOMES SUBDIVISION-P3,INTERIOR LOT,RR,Residential - Regular,2400.0
raw,"RDO No. 93A - Zamboanga City and RDO No. 93B - Zamboanga, Sibugay.",,,,ZAMBOANGA DEL SUR,ZAMBOANGA CITY,BAGONG CALARIAN,ALL STREETS,,RR,Residential - Regular,430.0
raw,"RDO No. 93A - Zamboanga City and RDO No. 93B - Zamboanga, Sibugay.",,,,ZAMBOANGA DEL SUR,ZAMBOANGA CITY,BAGONG CALARIAN,ALL STREETS,,X,Special / Other,690.0
raw,"RDO No. 93A - Zamboanga City and RDO No. 93B - Zamboanga, Sibugay.",,,,ZAMBOANGA DEL SUR,ZAMBOANGA CITY,BAGONG CALARIAN,ALL STREETS,,GP,General Purpose,75.0
raw,"RDO No. 93A - Zamboanga City and RDO No. 93B - Zamboanga, Sibugay.",,,,ZAMBOANGA DEL SUR,ZAMBOANGA CITY,BAGONG CALARIAN,ALL STREETS,,A50,Agricultural - A50,13.0
raw,"RDO No. 93A - Zamboanga City and RDO No. 93B - Zamboanga, Sibugay.",,,,ZAMBOANGA DEL SUR,ZAMBOANGA CITY,BAGONG CALARIAN,ALL STREETS,INTERIOR,RR,Residential - Regular,260.0
raw,"RDO No. 93A - Zamboanga City and RDO No. 93B - Zamboanga, Sibugay.",,,,ZAMBOANGA DEL SUR,ZAMBOANGA CITY,BAGONG CALARIAN,ALL STREETS,,RR,Residential - Regular,220.0
raw,"RDO No. 93A - Zamboanga City and RDO No. 93B - Zamboanga, Sibugay.",,,,ZAMBOANGA DEL SUR,ZAMBOANGA CITY,BAGONG CALARIAN,ALL STREETS,,X,Special / Other,220.0
raw,"RDO No. 93A - Zamboanga City and RDO No. 93B - Zamboanga, Sibugay.",,,,ZAMBOANGA DEL SUR,ZAMBOANGA CITY,BAGONG CALARIAN,ALL STREETS,,GP,General Purpose,25.0
raw,"RDO No. 93A - Zamboanga City and RDO No. 93B - Zamboanga, Sibugay.",,,,ZAMBOANGA DEL SUR,ZAMBOANGA CITY,BAGONG CALARIAN,ALL STREETS,,A,Agricultural,8.0
raw,"RDO No. 93A - Zamboanga City and RDO No. 93B - Zamboanga, Sibugay.",,,,ZAMBOANGA DEL SUR,ZAMBOANGA CITY,BAGONG CALARIAN,ALL STREETS,,RR,Residential - Regular,110.0
raw,"RDO No. 93A - Zamboanga City and RDO No. 93B - Zamboanga, Sibugay.",,,,ZAMBOANGA DEL SUR,ZAMBOANGA CITY,BAGONG CALARIAN,ALL STREETS,,X,Special / Other,110.0
raw,"RDO No. 93A - Zamboanga City and RDO No. 93B - Zamboanga, Sibugay.",,,,ZAMBOANGA DEL SUR,ZAMBOANGA CITY,BAGONG CALARIAN,ALL STREETS,,A,Agricultural,2.0
raw,"RDO No. 93A - Zamboanga City and RDO No. 93B - Zamboanga, Sibugay.",,2010-08-06,,ZAMBOANGA DEL SUR,ZAMBOANGA CITY,BAGONG CALARIAN,ALL STREETS,,RR,Residential - Regular,430.0
raw,"RDO No. 93A - Zamboanga City and RDO No. 93B - Zamboanga, Sibugay.",,2010-08-06,,ZAMBOANGA DEL SUR,ZAMBOANGA CITY,BAGONG CALARIAN,ALL STREETS,,X,Special / Other,690.0
raw,"RDO No. 93A - Zamboanga City and RDO No. 93B - Zamboanga, Sibugay.",,2010-08-06,,ZAMBOANGA DEL SUR,ZAMBOANGA CITY,BAGONG CALARIAN,ALL STREETS,,GP,General Purpose,75.0
raw,"RDO No. 93A - Zamboanga City and RDO No. 93B - Zamboanga, Sibugay.",,2010-08-06,,ZAMBOANGA DEL SUR,ZAMBOANGA CITY,BAGONG CALARIAN,ALL STREETS,,A50,Agricultural - A50,13.0
raw,"RDO No. 93A - Zamboanga City and RDO No. 93B - Zamboanga, Sibugay.",,2010-08-06,,ZAMBOANGA DEL SUR,ZAMBOANGA CITY,BAGONG CALARIAN,ALL STREETS,INTERIOR,RR,Residential - Regular,260.0
raw,"RDO No. 93A - Zamboanga City and RDO No. 93B - Zamboanga, Sibugay.",,1995-12-25,,ZAMBOANGA DEL SUR,ZAMBOANGA CITY,BAGONG CALARIAN,ALL STREETS,,RR,Residential - Regular,220.0
raw,"RDO No. 93A - Zamboanga City and RDO No. 93B - Zamboanga, Sibugay.",,1995-12-25,,ZAMBOANGA DEL SUR,ZAMBOANGA CITY,BAGONG CALARIAN,ALL STREETS,,X,Special / Other,220.0
raw,"RDO No. 93A - Zamboanga City and RDO No. 93B - Zamboanga, Sibugay.",,1995-12-25,,ZAMBOANGA DEL SUR,ZAMBOANGA CITY,BAGONG CALARIAN,ALL STREETS,,GP,General Purpose,25.0
raw,"RDO No. 93A - Zamboanga City and RDO No. 93B - Zamboanga, Sibugay.",,1995-12-25,,ZAMBOANGA DEL SUR,ZAMBOANGA CITY,BAGONG CALARIAN,ALL STREETS,,A,Agricultural,8.0
raw,"RDO No. 93A - Zamboanga City and RDO No. 93B - Zamboanga, Sibugay.",,1990-01-02,,ZAMBOANGA DEL SUR,ZAMBOANGA CITY,BAGONG CALARIAN,ALL STREETS,,RR,Residential - Regular,110.0
raw,"RDO No. 93A - Zamboanga City and RDO No. 93B - Zamboanga, Sibugay.",,1990-01-02,,ZAMBOANGA DEL SUR,ZAMBOANGA CITY,BAGONG CALARIAN,ALL STREETS,,X,Special / Other,110.0
raw,"RDO No. 93A - Zamboanga City and RDO No. 93B - Zamboanga, Sibugay.",,1990-01-02,,ZAMBOANGA DEL SUR,ZAMBOANGA CITY,BAGONG CALARIAN,ALL STREETS,,A,Agricultural,2.0
raw,"RDO No. 93A - Zamboanga City and RDO No. 93B - Zamboanga, Sibugay.",,,,ZAMBOANGA DEL SUR,ZAMBOANGA CITY,BALIWASAN,ALL OTHER STREETS,,RR,Residential - Regular,520.0
raw,"RDO No. 93A - Zamboanga City and RDO No. 93B - Zamboanga, Sibugay.",,,,ZAMBOANGA DEL SUR,ZAMBOANGA CITY,BALIWASAN,ALL OTHER STREETS,,GP,General Purpose,150.0
raw,"RDO No. 93A - Zamboanga City and RDO No. 93B - Zamboanga, Sibugay.",,,,ZAMBOANGA DEL SUR,ZAMBOANGA CITY,BALIWASAN,ALL OTHER STREETS,,RR,Residential - Regular,280.0
raw,"RDO No. 93A - Zamboanga City and RDO No. 93B - Zamboanga, Sibugay.",,,,ZAMBOANGA DEL SUR,ZAMBOANGA CITY,BALIWASAN,ALL OTHER STREETS,,GP,General Purpose,50.0
raw,"RDO No. 93A - Zamboanga City and RDO No. 93B - Zamboanga, Sibugay.",,,,ZAMBOANGA DEL SUR,ZAMBOANGA CITY,BALIWASAN,ALL OTHER STREETS,,RR,Residential - Regular,150.0
raw,"RDO No. 93A - Zamboanga City and RDO No. 93B - Zamboanga, Sibugay.",008-2024,"Feb. 17, 2024",4TH,ZAMBOANGA DEL SUR,ZAMBOANGA CITY,BALIWASAN,ALL OTHER STREETS,INTERIOR LOT,CR,Commercial - Regular,4800.0
raw,"RDO No. 93A - Zamboanga City and RDO No. 93B - Zamboanga, Sibugay.",008-2024,"Feb. 17, 2024",4TH,ZAMBOANGA DEL SUR,ZAMBOANGA CITY,BALIWASAN,ALL OTHER STREETS,INTERIOR LOT,RR,Residential - Regular,3000.0
raw,"RDO No. 93A - Zamboanga City and RDO No. 93B - Zamboanga, Sibugay.",008-2024,"Feb. 17, 2024",4TH,ZAMBOANGA DEL SUR,ZAMBOANGA CITY,BALIWASAN,ALL OTHER STREETS,INTERIOR LOT,RR,Residential - Regular,1900.0
raw,"RDO No. 93A - Zamboanga City and RDO No. 93B - Zamboanga, Sibugay.",008-2024,"Feb. 17, 2024",4TH,ZAMBOANGA DEL SUR,ZAMBOANGA CITY,BALIWASAN,ALL OTHER STREETS,INTERIOR LOT,GP,General Purpose,1800.0
raw,"RDO No. 93A - Zamboanga City and RDO No. 93B - Zamboanga, Sibugay.",,2010-08-06,,ZAMBOANGA DEL SUR,ZAMBOANGA CITY,BALIWASAN,ALL OTHER STREETS,,RR,Residential - Regular,520.0
raw,"RDO No. 93A - Zamboanga City and RDO No. 93B - Zamboanga, Sibugay.",,2010-08-06,,ZAMBOANGA DEL SUR,ZAMBOANGA CITY,BALIWASAN,ALL OTHER STREETS,,GP,General Purpose,150.0
raw,"RDO No. 93A - Zamboanga City and RDO No. 93B - Zamboanga, Sibugay.",,1995-12-25,,ZAMBOANGA DEL SUR,ZAMBOANGA CITY,BALIWASAN,ALL OTHER STREETS,,RR,Residential - Regular,280.0
raw,"RDO No. 93A - Zamboanga City and RDO No. 93B - Zamboanga, Sibugay.",,1995-12-25,,ZAMBOANGA DEL SUR,ZAMBOANGA CITY,BALIWASAN,ALL OTHER STREETS,,GP,General Purpose,50.0
raw,"RDO No. 93A - Zamboanga City and RDO No. 93B - Zamboanga, Sibugay.",,1990-01-02,,ZAMBOANGA DEL SUR,ZAMBOANGA CITY,BALIWASAN,ALL OTHER STREETS,,RR,Residential - Regular,150.0
raw,"RDO No. 93A - Zamboanga City and RDO No. 93B - Zamboanga, Sibugay.",008-2024,"Feb. 17, 2024",4TH,ZAMBOANGA DEL SUR,ZAMBOANGA CITY,BALIWASAN,BALI VILLAS SUBDIVISION,INTERIOR LOT,RR,Residential - Regular,3000.0
raw,"RDO No. 93A - Zamboanga City and RDO No. 93B - Zamboanga, Sibugay.",,,,ZAMBOANGA DEL SUR,ZAMBOANGA CITY,BALIWASAN,BALIWASAN CHICO,,CR,Commercial - Regular,970.0
raw,"RDO No. 93A - Zamboanga City and RDO No. 93B - Zamboanga, Sibugay.",,,,ZAMBOANGA DEL SUR,ZAMBOANGA CITY,BALIWASAN,BALIWASAN CHICO,,RR,Residential - Regular,820.0
raw,"RDO No. 93A - Zamboanga City and RDO No. 93B - Zamboanga, Sibugay.",,,,ZAMBOANGA DEL SUR,ZAMBOANGA CITY,BALIWASAN,BALIWASAN CHICO,,X,Special / Other,970.0
raw,"RDO No. 93A - Zamboanga City and RDO No. 93B - Zamboanga, Sibugay.",,,,ZAMBOANGA DEL SUR,ZAMBOANGA CITY,BALIWASAN,BALIWASAN CHICO,,CR,Commercial - Regular,380.0
raw,"RDO No. 93A - Zamboanga City and RDO No. 93B - Zamboanga, Sibugay.",,,,ZAMBOANGA DEL SUR,ZAMBOANGA CITY,BALIWASAN,BALIWASAN CHICO,,RR,Residential - Regular,280.0
raw,"RDO No. 93A - Zamboanga City and RDO No. 93B - Zamboanga, Sibugay.",,,,ZAMBOANGA DEL SUR,ZAMBOANGA CITY,BALIWASAN,BALIWASAN CHICO,,X,Special / Other,380.0
raw,"RDO No. 93A - Zamboanga City and RDO No. 93B - Zamboanga, Sibugay.",,,,ZAMBOANGA DEL SUR,ZAMBOANGA CITY,BALIWASAN,BALIWASAN CHICO,,CR,Commercial - Regular,180.0
raw,"RDO No. 93A - Zamboanga City and RDO No. 93B - Zamboanga, Sibugay.",,,,ZAMBOANGA DEL SUR,ZAMBOANGA CITY,BALIWASAN,BALIWASAN CHICO,,RR,Residential - Regular,150.0
raw,"RDO No. 93A - Zamboanga City and RDO No. 93B - Zamboanga, Sibugay.",,,,ZAMBOANGA DEL SUR,ZAMBOANGA CITY,BALIWASAN,BALIWASAN CHICO,,X,Special / Other,180.0
raw,"RDO No. 93A - Zamboanga City and RDO No. 93B - Zamboanga, Sibugay.",,2010-08-06,,ZAMBOANGA DEL SUR,ZAMBOANGA CITY,BALIWASAN,BALIWASAN CHICO,,CR,Commercial - Regular,970.0
raw,"RDO No. 93A - Zamboanga City and RDO No. 93B - Zamboanga, Sibugay.",,2010-08-06,,ZAMBOANGA DEL SUR,ZAMBOANGA CITY,BALIWASAN,BALIWASAN CHICO,,RR,Residential - Regular,820.0
raw,"RDO No. 93A - Zamboanga City and RDO No. 93B - Zamboanga, Sibugay.",,2010-08-06,,ZAMBOANGA DEL SUR,ZAMBOANGA CITY,BALIWASAN,BALIWASAN CHICO,,X,Special / Other,970.0
raw,"RDO No. 93A - Zamboanga City and RDO No. 93B - Zamboanga, Sibugay.",,1995-12-25,,ZAMBOANGA DEL SUR,ZAMBOANGA CITY,BALIWASAN,BALIWASAN CHICO,,CR,Commercial - Regular,380.0
raw,"RDO No. 93A - Zamboanga City and RDO No. 93B - Zamboanga, Sibugay.",,1995-12-25,,ZAMBOANGA DEL SUR,ZAMBOANGA CITY,BALIWASAN,BALIWASAN CHICO,,RR,Residential - Regular,280.0
raw,"RDO No. 93A - Zamboanga City and RDO No. 93B - Zamboanga, Sibugay.",,1995-12-25,,ZAMBOANGA DEL SUR,ZAMBOANGA CITY,BALIWASAN,BALIWASAN CHICO,,X,Special / Other,380.0
raw,"RDO No. 93A - Zamboanga City and RDO No. 93B - Zamboanga, Sibugay.",,1990-01-02,,ZAMBOANGA DEL SUR,ZAMBOANGA CITY,BALIWASAN,BALIWASAN CHICO,,CR,Commercial - Regular,180.0
raw,"RDO No. 93A - Zamboanga City and RDO No. 93B - Zamboanga, Sibugay.",,1990-01-02,,ZAMBOANGA DEL SUR,ZAMBOANGA CITY,BALIWASAN,BALIWASAN CHICO,,RR,Residential - Regular,150.0
raw,"RDO No. 93A - Zamboanga City and RDO No. 93B - Zamboanga, Sibugay.",,1990-01-02,,ZAMBOANGA DEL SUR,ZAMBOANGA CITY,BALIWASAN,BALIWASAN CHICO,,X,Special / Other,180.0
raw,"RDO No. 93A - Zamboanga City and RDO No. 93B - Zamboanga, Sibugay.",,,,ZAMBOANGA DEL SUR,ZAMBOANGA CITY,BALIWASAN,BALIWASAN GRANDE,,CR,Commercial - Regular,970.0
raw,"RDO No. 93A - Zamboanga City and RDO No. 93B - Zamboanga, Sibugay.",,,,ZAMBOANGA DEL SUR,ZAMBOANGA CITY,BALIWASAN,BALIWASAN GRANDE,,RR,Residential - Regular,820.0
raw,"RDO No. 93A - Zamboanga City and RDO No. 93B - Zamboanga, Sibugay.",,,,ZAMBOANGA DEL SUR,ZAMBOANGA CITY,BALIWASAN,BALIWASAN GRANDE,,X,Special / Other,970.0
raw,"RDO No. 93A - Zamboanga City and RDO No. 93B - Zamboanga, Sibugay.",,,,ZAMBOANGA DEL SUR,ZAMBOANGA CITY,BALIWASAN,BALIWASAN GRANDE,,CR,Commercial - Regular,380.0
raw,"RDO No. 93A - Zamboanga City and RDO No. 93B - Zamboanga, Sibugay.",,,,ZAMBOANGA DEL SUR,ZAMBOANGA CITY,BALIWASAN,BALIWASAN GRANDE,,RR,Residential - Regular,280.0
raw,"RDO No. 93A - Zamboanga City and RDO No. 93B - Zamboanga, Sibugay.",,,,ZAMBOANGA DEL SUR,ZAMBOANGA CITY,BALIWASAN,BALIWASAN GRANDE,,X,Special / Other,380.0
raw,"RDO No. 93A - Zamboanga City and RDO No. 93B - Zamboanga, Sibugay.",,,,ZAMBOANGA DEL SUR,ZAMBOANGA CITY,BALIWASAN,BALIWASAN GRANDE,,CR,Commercial - Regular,180.0
raw,"RDO No. 93A - Zamboanga City and RDO No. 93B - Zamboanga, Sibugay.",,,,ZAMBOANGA DEL SUR,ZAMBOANGA CITY,BALIWASAN,BALIWASAN GRANDE,,RR,Residential - Regular,150.0
raw,"RDO No. 93A - Zamboanga City and RDO No. 93B - Zamboanga, Sibugay.",,,,ZAMBOANGA DEL SUR,ZAMBOANGA CITY,BALIWASAN,BALIWASAN GRANDE,,X,Special / Other,180.0
raw,"RDO No. 93A - Zamboanga City and RDO No. 93B - Zamboanga, Sibugay.",008-2024,"Feb. 17, 2024",4TH,ZAMBOANGA DEL SUR,ZAMBOANGA CITY,BALIWASAN,BALIWASAN GRANDE,,CR,Commercial - Regular,4200.0
raw,"RDO No. 93A - Zamboanga City and RDO No. 93B - Zamboanga, Sibugay.",008-2024,"Feb. 17, 2024",4TH,ZAMBOANGA DEL SUR,ZAMBOANGA CITY,BALIWASAN,BALIWASAN GRANDE,,RR,Residential - Regular,3100.0
raw,"RDO No. 93A - Zamboanga City and RDO No. 93B - Zamboanga, Sibugay.",008-2024,"Feb. 17, 2024",4TH,ZAMBOANGA DEL SUR,ZAMBOANGA CITY,BALIWASAN,BALIWASAN GRANDE,,X,Special / Other,3200.0
raw,"RDO No. 93A - Zamboanga City and RDO No. 93B - Zamboanga, Sibugay.",008-2024,"Feb. 17, 2024",4TH,ZAMBOANGA DEL SUR,ZAMBOANGA CITY,BALIWASAN,BALIWASAN GRANDE,INTERIOR LOT,RR,Residential - Regular,1900.0
raw,"RDO No. 93A - Zamboanga City and RDO No. 93B - Zamboanga, Sibugay.",,2010-08-06,,ZAMBOANGA DEL SUR,ZAMBOANGA CITY,BALIWASAN,BALIWASAN GRANDE,,CR,Commercial - Regular,970.0
raw,"RDO No. 93A - Zamboanga City and RDO No. 93B - Zamboanga, Sibugay.",,2010-08-06,,ZAMBOANGA DEL SUR,ZAMBOANGA CITY,BALIWASAN,BALIWASAN GRANDE,,RR,Residential - Regular,820.0
raw,"RDO No. 93A - Zamboanga City and RDO No. 93B - Zamboanga, Sibugay.",,2010-08-06,,ZAMBOANGA DEL SUR,ZAMBOANGA CITY,BALIWASAN,BALIWASAN GRANDE,,X,Special / Other,970.0
raw,"RDO No. 93A - Zamboanga City and RDO No. 93B - Zamboanga, Sibugay.",,1995-12-25,,ZAMBOANGA DEL SUR,ZAMBOANGA CITY,BALIWASAN,BALIWASAN GRANDE,,CR,Commercial - Regular,380.0
raw,"RDO No. 93A - Zamboanga City and RDO No. 93B - Zamboanga, Sibugay.",,1995-12-25,,ZAMBOANGA DEL SUR,ZAMBOANGA CITY,BALIWASAN,BALIWASAN GRANDE,,RR,Residential - Regular,280.0
raw,"RDO No. 93A - Zamboanga City and RDO No. 93B - Zamboanga, Sibugay.",,1995-12-25,,ZAMBOANGA DEL SUR,ZAMBOANGA CITY,BALIWASAN,BALIWASAN GRANDE,,X,Special / Other,380.0
raw,"RDO No. 93A - Zamboanga City and RDO No. 93B - Zamboanga, Sibugay.",,1990-01-02,,ZAMBOANGA DEL SUR,ZAMBOANGA CITY,BALIWASAN,BALIWASAN GRANDE,,CR,Commercial - Regular,180.0
raw,"RDO No. 93A - Zamboanga City and RDO No. 93B - Zamboanga, Sibugay.",,1990-01-02,,ZAMBOANGA DEL SUR,ZAMBOANGA CITY,BALIWASAN,BALIWASAN GRANDE,,RR,Residential - Regular,150.0
raw,"RDO No. 93A - Zamboanga City and RDO No. 93B - Zamboanga, Sibugay.",,1990-01-02,,ZAMBOANGA DEL SUR,ZAMBOANGA CITY,BALIWASAN,BALIWASAN GRANDE,,X,Special / Other,180.0
raw,"RDO No. 93A - Zamboanga City and RDO No. 93B - Zamboanga, Sibugay.",,,,ZAMBOANGA DEL SUR,ZAMBOANGA CITY,BALIWASAN,BALIWASAN SEASIDE,,RR,Residential - Regular,550.0
raw,"RDO No. 93A - Zamboanga City and RDO No. 93B - Zamboanga, Sibugay.",,,,ZAMBOANGA DEL SUR,ZAMBOANGA CITY,BALIWASAN,BALIWASAN SEASIDE,,RR,Residential - Regular,300.0
raw,"RDO No. 93A - Zamboanga City and RDO No. 93B - Zamboanga, Sibugay.",008-2024,"Feb. 17, 2024",4TH,ZAMBOANGA DEL SUR,ZAMBOANGA CITY,BALIWASAN,BALIWASAN SEASIDE,INTERIOR LOT,CR,Commercial - Regular,4900.0
raw,"RDO No. 93A - Zamboanga City and RDO No. 93B - Zamboanga, Sibugay.",008-2024,"Feb. 17, 2024",4TH,ZAMBOANGA DEL SUR,ZAMBOANGA CITY,BALIWASAN,BALIWASAN SEASIDE,INTERIOR LOT,RR,Residential - Regular,3100.0
raw,"RDO No. 93A - Zamboanga City and RDO No. 93B - Zamboanga, Sibugay.",008-2024,"Feb. 17, 2024",4TH,ZAMBOANGA DEL SUR,ZAMBOANGA CITY,BALIWASAN,BALIWASAN SEASIDE,INTERIOR LOT,I,Industrial,4100.0
raw,"RDO No. 93A - Zamboanga City and RDO No. 93B - Zamboanga, Sibugay.",008-2024,"Feb. 17, 2024",4TH,ZAMBOANGA DEL SUR,ZAMBOANGA CITY,BALIWASAN,BALIWASAN SEASIDE,INTERIOR LOT,RR,Residential - Regular,1900.0
raw,"RDO No. 93A - Zamboanga City and RDO No. 93B - Zamboanga, Sibugay.",,2010-08-06,,ZAMBOANGA DEL SUR,ZAMBOANGA CITY,BALIWASAN,BALIWASAN SEASIDE,,RR,Residential - Regular,550.0
raw,"RDO No. 93A - Zamboanga City and RDO No. 93B - Zamboanga, Sibugay.",,1995-12-25,,ZAMBOANGA DEL SUR,ZAMBOANGA CITY,BALIWASAN,BALIWASAN SEASIDE,,RR,Residential - Regular,300.0
raw,"RDO No. 93A - Zamboanga City and RDO No. 93B - Zamboanga, Sibugay.",,,,ZAMBOANGA DEL SUR,ZAMBOANGA CITY,BALIWASAN,J. JOHNSON ST,,CR,Commercial - Regular,700.0
raw,"RDO No. 93A - Zamboanga City and RDO No. 93B - Zamboanga, Sibugay.",,,,ZAMBOANGA DEL SUR,ZAMBOANGA CITY,BALIWASAN,J. JOHNSON ST,,RR,Residential - Regular,520.0
raw,"RDO No. 93A - Zamboanga City and RDO No. 93B - Zamboanga, Sibugay.",,,,ZAMBOANGA DEL SUR,ZAMBOANGA CITY,BALIWASAN,J. JOHNSON ST,,CR,Commercial - Regular,280.0
raw,"RDO No. 93A - Zamboanga City and RDO No. 93B - Zamboanga, Sibugay.",,,,ZAMBOANGA DEL SUR,ZAMBOANGA CITY,BALIWASAN,J. JOHNSON ST,,RR,Residential - Regular,280.0
raw,"RDO No. 93A - Zamboanga City and RDO No. 93B - Zamboanga, Sibugay.",,,,ZAMBOANGA DEL SUR,ZAMBOANGA CITY,BALIWASAN,J. JOHNSON ST,,CR,Commercial - Regular,180.0
raw,"RDO No. 93A - Zamboanga City and RDO No. 93B - Zamboanga, Sibugay.",,,,ZAMBOANGA DEL SUR,ZAMBOANGA CITY,BALIWASAN,J. JOHNSON ST,,RR,Residential - Regular,150.0
raw,"RDO No. 93A - Zamboanga City and RDO No. 93B - Zamboanga, Sibugay.",008-2024,"Feb. 17, 2024",4TH,ZAMBOANGA DEL SUR,ZAMBOANGA CITY,BALIWASAN,J. JOHNSON ST,INTERIOR LOT,CR,Commercial - Regular,4700.0
raw,"RDO No. 93A - Zamboanga City and RDO No. 93B - Zamboanga, Sibugay.",008-2024,"Feb. 17, 2024",4TH,ZAMBOANGA DEL SUR,ZAMBOANGA CITY,BALIWASAN,J. JOHNSON ST,INTERIOR LOT,RR,Residential - Regular,3000.0
raw,"RDO No. 93A - Zamboanga City and RDO No. 93B - Zamboanga, Sibugay.",008-2024,"Feb. 17, 2024",4TH,ZAMBOANGA DEL SUR,ZAMBOANGA CITY,BALIWASAN,J. JOHNSON ST,INTERIOR LOT,RR,Residential - Regular,1900.0
raw,"RDO No. 93A - Zamboanga City and RDO No. 93B - Zamboanga, Sibugay.",,2010-08-06,,ZAMBOANGA DEL SUR,ZAMBOANGA CITY,BALIWASAN,J. JOHNSON ST,,CR,Commercial - Regular,700.0
raw,"RDO No. 93A - Zamboanga City and RDO No. 93B - Zamboanga, Sibugay.",,2010-08-06,,ZAMBOANGA DEL SUR,ZAMBOANGA CITY,BALIWASAN,J. JOHNSON ST,,RR,Residential - Regular,520.0
raw,"RDO No. 93A - Zamboanga City and RDO No. 93B - Zamboanga, Sibugay.",,1995-12-25,,ZAMBOANGA DEL SUR,ZAMBOANGA CITY,BALIWASAN,J. JOHNSON ST,,CR,Commercial - Regular,280.0
raw,"RDO No. 93A - Zamboanga City and RDO No. 93B - Zamboanga, Sibugay.",,1995-12-25,,ZAMBOANGA DEL SUR,ZAMBOANGA CITY,BALIWASAN,J. JOHNSON ST,,RR,Residential - Regular,280.0
raw,"RDO No. 93A - Zamboanga City and RDO No. 93B - Zamboanga, Sibugay.",,1990-01-02,,ZAMBOANGA DEL SUR,ZAMBOANGA CITY,BALIWASAN,J. JOHNSON ST,,CR,Commercial - Regular,180.0
raw,"RDO No. 93A - Zamboanga City and RDO No. 93B - Zamboanga, Sibugay.",,1990-01-02,,ZAMBOANGA DEL SUR,ZAMBOANGA CITY,BALIWASAN,J. JOHNSON ST,,RR,Residential - Regular,150.0
raw,"RDO No. 93A - Zamboanga City and RDO No. 93B - Zamboanga, Sibugay.",008-2024,"Feb. 17, 2024",4TH,ZAMBOANGA DEL SUR,ZAMBOANGA CITY,BALIWASAN,MAJ. FERNANDEZ RD (FORMER BALIWASAN CHICO),R.T. LIM BOULEVARD-SAN JOSE ROAD,CR,Commercial - Regular,5000.0
raw,"RDO No. 93A - Zamboanga City and RDO No. 93B - Zamboanga, Sibugay.",008-2024,"Feb. 17, 2024",4TH,ZAMBOANGA DEL SUR,ZAMBOANGA CITY,BALIWASAN,MAJ. FERNANDEZ RD (FORMER BALIWASAN CHICO),R.T. LIM BOULEVARD-SAN JOSE ROAD,RR,Residential - Regular,3100.0
raw,"RDO No. 93A - Zamboanga City and RDO No. 93B - Zamboanga, Sibugay.",008-2024,"Feb. 17, 2024",4TH,ZAMBOANGA DEL SUR,ZAMBOANGA CITY,BALIWASAN,MAJ. FERNANDEZ RD (FORMER BALIWASAN CHICO),R.T. LIM BOULEVARD-SAN JOSE ROAD,X,Special / Other,3200.0
raw,"RDO No. 93A - Zamboanga City and RDO No. 93B - Zamboanga, Sibugay.",008-2024,"Feb. 17, 2024",4TH,ZAMBOANGA DEL SUR,ZAMBOANGA CITY,BALIWASAN,MAJ. FERNANDEZ RD (FORMER BALIWASAN CHICO),INTERIOR LOT,RR,Residential - Regular,1900.0
raw,"RDO No. 93A - Zamboanga City and RDO No. 93B - Zamboanga, Sibugay.",008-2024,"Feb. 17, 2024",4TH,ZAMBOANGA DEL SUR,ZAMBOANGA CITY,BALIWASAN,PUNTA GAVILAN ROAD,RAJAH MUDA RD-SAN JOSE RD,CR,Commercial - Regular,5000.0
raw,"RDO No. 93A - Zamboanga City and RDO No. 93B - Zamboanga, Sibugay.",008-2024,"Feb. 17, 2024",4TH,ZAMBOANGA DEL SUR,ZAMBOANGA CITY,BALIWASAN,PUNTA GAVILAN ROAD,RAJAH MUDA RD-SAN JOSE RD,RR,Residential - Regular,3100.0
raw,"RDO No. 93A - Zamboanga City and RDO No. 93B - Zamboanga, Sibugay.",008-2024,"Feb. 17, 2024",4TH,ZAMBOANGA DEL SUR,ZAMBOANGA CITY,BALIWASAN,RAJAH MUNDA,RAJAH MUDA RD-SAN JOSE RD,CR,Commercial - Regular,4800.0
raw,"RDO No. 93A - Zamboanga City and RDO No. 93B - Zamboanga, Sibugay.",008-2024,"Feb. 17, 2024",4TH,ZAMBOANGA DEL SUR,ZAMBOANGA CITY,BALIWASAN,RAJAH MUNDA,RAJAH MUDA RD-SAN JOSE RD,RR,Residential - Regular,3000.0
raw,"RDO No. 93A - Zamboanga City and RDO No. 93B - Zamboanga, Sibugay.",008-2024,"Feb. 17, 2024",4TH,ZAMBOANGA DEL SUR,ZAMBOANGA CITY,BALIWASAN,RAJAH MUNDA,RAJAH MUDA RD-SAN JOSE RD,I,Industrial,4100.0
raw,"RDO No. 93A - Zamboanga City and RDO No. 93B - Zamboanga, Sibugay.",008-2024,"Feb. 17, 2024",4TH,ZAMBOANGA DEL SUR,ZAMBOANGA CITY,BALIWASAN,RAJAH MUNDA,INTERIOR LOT,RR,Residential - Regular,1900.0
raw,"RDO No. 93A - Zamboanga City and RDO No. 93B - Zamboanga, Sibugay.",,,,ZAMBOANGA DEL SUR,ZAMBOANGA CITY,BALIWASAN,RAJAH MUNDAH,,CR,Commercial - Regular,700.0
raw,"RDO No. 93A - Zamboanga City and RDO No. 93B - Zamboanga, Sibugay.",,,,ZAMBOANGA DEL SUR,ZAMBOANGA CITY,BALIWASAN,RAJAH MUNDAH,,RR,Residential - Regular,520.0
raw,"RDO No. 93A - Zamboanga City and RDO No. 93B - Zamboanga, Sibugay.",,,,ZAMBOANGA DEL SUR,ZAMBOANGA CITY,BALIWASAN,RAJAH MUNDAH,,I,Industrial,970.0
raw,"RDO No. 93A - Zamboanga City and RDO No. 93B - Zamboanga, Sibugay.",,,,ZAMBOANGA DEL SUR,ZAMBOANGA CITY,BALIWASAN,RAJAH MUNDAH,,CR,Commercial - Regular,400.0
raw,"RDO No. 93A - Zamboanga City and RDO No. 93B - Zamboanga, Sibugay.",,,,ZAMBOANGA DEL SUR,ZAMBOANGA CITY,BALIWASAN,RAJAH MUNDAH,,RR,Residential - Regular,280.0
raw,"RDO No. 93A - Zamboanga City and RDO No. 93B - Zamboanga, Sibugay.",,,,ZAMBOANGA DEL SUR,ZAMBOANGA CITY,BALIWASAN,RAJAH MUNDAH,,I,Industrial,380.0
raw,"RDO No. 93A - Zamboanga City and RDO No. 93B - Zamboanga, Sibugay.",,2010-08-06,,ZAMBOANGA DEL SUR,ZAMBOANGA CITY,BALIWASAN,RAJAH MUNDAH,,CR,Commercial - Regular,700.0
raw,"RDO No. 93A - Zamboanga City and RDO No. 93B - Zamboanga, Sibugay.",,2010-08-06,,ZAMBOANGA DEL SUR,ZAMBOANGA CITY,BALIWASAN,RAJAH MUNDAH,,RR,Residential - Regular,520.0
raw,"RDO No. 93A - Zamboanga City and RDO No. 93B - Zamboanga, Sibugay.",,2010-08-06,,ZAMBOANGA DEL SUR,ZAMBOANGA CITY,BALIWASAN,RAJAH MUNDAH,,I,Industrial,970.0
raw,"RDO No. 93A - Zamboanga City and RDO No. 93B - Zamboanga, Sibugay.",,1995-12-25,,ZAMBOANGA DEL SUR,ZAMBOANGA CITY,BALIWASAN,RAJAH MUNDAH,,CR,Commercial - Regular,400.0
raw,"RDO No. 93A - Zamboanga City and RDO No. 93B - Zamboanga, Sibugay.",,1995-12-25,,ZAMBOANGA DEL SUR,ZAMBOANGA CITY,BALIWASAN,RAJAH MUNDAH,,RR,Residential - Regular,280.0
raw,"RDO No. 93A - Zamboanga City and RDO No. 93B - Zamboanga, Sibugay.",,1995-12-25,,ZAMBOANGA DEL SUR,ZAMBOANGA CITY,BALIWASAN,RAJAH MUNDAH,,I,Industrial,380.0
raw,"RDO No. 93A - Zamboanga City and RDO No. 93B - Zamboanga, Sibugay.",,,,ZAMBOANGA DEL SUR,ZAMBOANGA CITY,BALIWASAN,RAJAH MUNDI,,CR,Commercial - Regular,180.0
raw,"RDO No. 93A - Zamboanga City and RDO No. 93B - Zamboanga, Sibugay.",,,,ZAMBOANGA DEL SUR,ZAMBOANGA CITY,BALIWASAN,RAJAH MUNDI,,RR,Residential - Regular,150.0
raw,"RDO No. 93A - Zamboanga City and RDO No. 93B - Zamboanga, Sibugay.",,,,ZAMBOANGA DEL SUR,ZAMBOANGA CITY,BALIWASAN,RAJAH MUNDI,,I,Industrial,180.0
raw,"RDO No. 93A - Zamboanga City and RDO No. 93B - Zamboanga, Sibugay.",,1990-01-02,,ZAMBOANGA DEL SUR,ZAMBOANGA CITY,BALIWASAN,RAJAH MUNDI,,CR,Commercial - Regular,180.0
raw,"RDO No. 93A - Zamboanga City and RDO No. 93B - Zamboanga, Sibugay.",,1990-01-02,,ZAMBOANGA DEL SUR,ZAMBOANGA CITY,BALIWASAN,RAJAH MUNDI,,RR,Residential - Regular,150.0
raw,"RDO No. 93A - Zamboanga City and RDO No. 93B - Zamboanga, Sibugay.",,1990-01-02,,ZAMBOANGA DEL SUR,ZAMBOANGA CITY,BALIWASAN,RAJAH MUNDI,,I,Industrial,180.0
raw,"RDO No. 93A - Zamboanga City and RDO No. 93B - Zamboanga, Sibugay.",,,,ZAMBOANGA DEL SUR,ZAMBOANGA CITY,BALIWASAN,SAN JOSE RD,,CR,Commercial - Regular,1695.0
raw,"RDO No. 93A - Zamboanga City and RDO No. 93B - Zamboanga, Sibugay.",,,,ZAMBOANGA DEL SUR,ZAMBOANGA CITY,BALIWASAN,SAN JOSE RD,,RR,Residential - Regular,1070.0
raw,"RDO No. 93A - Zamboanga City and RDO No. 93B - Zamboanga, Sibugay.",,,,ZAMBOANGA DEL SUR,ZAMBOANGA CITY,BALIWASAN,SAN JOSE RD,,CR,Commercial - Regular,630.0
raw,"RDO No. 93A - Zamboanga City and RDO No. 93B - Zamboanga, Sibugay.",,,,ZAMBOANGA DEL SUR,ZAMBOANGA CITY,BALIWASAN,SAN JOSE RD,,RR,Residential - Regular,380.0
raw,"RDO No. 93A - Zamboanga City and RDO No. 93B - Zamboanga, Sibugay.",,,,ZAMBOANGA DEL SUR,ZAMBOANGA CITY,BALIWASAN,SAN JOSE RD,,CR,Commercial - Regular,180.0
raw,"RDO No. 93A - Zamboanga City and RDO No. 93B - Zamboanga, Sibugay.",,,,ZAMBOANGA DEL SUR,ZAMBOANGA CITY,BALIWASAN,SAN JOSE RD,,RR,Residential - Regular,150.0
raw,"RDO No. 93A - Zamboanga City and RDO No. 93B - Zamboanga, Sibugay.",008-2024,"Feb. 17, 2024",4TH,ZAMBOANGA DEL SUR,ZAMBOANGA CITY,BALIWASAN,SAN JOSE RD,NAVARRO RD-NORMAL ROAD,CR,Commercial - Regular,9500.0
raw,"RDO No. 93A - Zamboanga City and RDO No. 93B - Zamboanga, Sibugay.",008-2024,"Feb. 17, 2024",4TH,ZAMBOANGA DEL SUR,ZAMBOANGA CITY,BALIWASAN,SAN JOSE RD,NORMAL RD-MAJ. FERNANDEZ ST. (CHICO),CR,Commercial - Regular,5100.0
raw,"RDO No. 93A - Zamboanga City and RDO No. 93B - Zamboanga, Sibugay.",008-2024,"Feb. 17, 2024",4TH,ZAMBOANGA DEL SUR,ZAMBOANGA CITY,BALIWASAN,SAN JOSE RD,NORMAL RD-MAJ. FERNANDEZ ST. (CHICO),RR,Residential - Regular,4500.0
raw,"RDO No. 93A - Zamboanga City and RDO No. 93B - Zamboanga, Sibugay.",008-2024,"Feb. 17, 2024",4TH,ZAMBOANGA DEL SUR,ZAMBOANGA CITY,BALIWASAN,SAN JOSE RD,INTERIOR LOT,RR,Residential - Regular,3000.0
raw,"RDO No. 93A - Zamboanga City and RDO No. 93B - Zamboanga, Sibugay.",,2010-08-06,,ZAMBOANGA DEL SUR,ZAMBOANGA CITY,BALIWASAN,SAN JOSE RD,,CR,Commercial - Regular,1695.0
raw,"RDO No. 93A - Zamboanga City and RDO No. 93B - Zamboanga, Sibugay.",,2010-08-06,,ZAMBOANGA DEL SUR,ZAMBOANGA CITY,BALIWASAN,SAN JOSE RD,,RR,Residential - Regular,1070.0
raw,"RDO No. 93A - Zamboanga City and RDO No. 93B - Zamboanga, Sibugay.",,1995-12-25,,ZAMBOANGA DEL SUR,ZAMBOANGA CITY,BALIWASAN,SAN JOSE RD,,CR,Commercial - Regular,630.0
raw,"RDO No. 93A - Zamboanga City and RDO No. 93B - Zamboanga, Sibugay.",,1995-12-25,,ZAMBOANGA DEL SUR,ZAMBOANGA CITY,BALIWASAN,SAN JOSE RD,,RR,Residential - Regular,380.0
raw,"RDO No. 93A - Zamboanga City and RDO No. 93B - Zamboanga, Sibugay.",,1990-01-02,,ZAMBOANGA DEL SUR,ZAMBOANGA CITY,BALIWASAN,SAN JOSE RD,,CR,Commercial - Regular,180.0
raw,"RDO No. 93A - Zamboanga City and RDO No. 93B - Zamboanga, Sibugay.",,1990-01-02,,ZAMBOANGA DEL SUR,ZAMBOANGA CITY,BALIWASAN,SAN JOSE RD,,RR,Residential - Regular,150.0
raw,"RDO No. 93A - Zamboanga City and RDO No. 93B - Zamboanga, Sibugay.",,,,ZAMBOANGA DEL SUR,ZAMBOANGA CITY,BALIWASAN,SUTERVILLE,,RR,Residential - Regular,550.0
raw,"RDO No. 93A - Zamboanga City and RDO No. 93B - Zamboanga, Sibugay.",,,,ZAMBOANGA DEL SUR,ZAMBOANGA CITY,BALIWASAN,SUTERVILLE,,RR,Residential - Regular,300.0
raw,"RDO No. 93A - Zamboanga City and RDO No. 93B - Zamboanga, Sibugay.",008-2024,"Feb. 17, 2024",4TH,ZAMBOANGA DEL SUR,ZAMBOANGA CITY,BALIWASAN,SUTERVILLE,INTERIOR LOT,CR,Commercial - Regular,4900.0
raw,"RDO No. 93A - Zamboanga City and RDO No. 93B - Zamboanga, Sibugay.",008-2024,"Feb. 17, 2024",4TH,ZAMBOANGA DEL SUR,ZAMBOANGA CITY,BALIWASAN,SUTERVILLE,INTERIOR LOT,RR,Residential - Regular,3100.0
raw,"RDO No. 93A - Zamboanga City and RDO No. 93B - Zamboanga, Sibugay.",008-2024,"Feb. 17, 2024",4TH,ZAMBOANGA DEL SUR,ZAMBOANGA CITY,BALIWASAN,SUTERVILLE,INTERIOR LOT,RR,Residential - Regular,1900.0
raw,"RDO No. 93A - Zamboanga City and RDO No. 93B - Zamboanga, Sibugay.",,2010-08-06,,ZAMBOANGA DEL SUR,ZAMBOANGA CITY,BALIWASAN,SUTERVILLE,,RR,Residential - Regular,550.0
raw,"RDO No. 93A - Zamboanga City and RDO No. 93B - Zamboanga, Sibugay.",,1995-12-25,,ZAMBOANGA DEL SUR,ZAMBOANGA CITY,BALIWASAN,SUTERVILLE,,RR,Residential - Regular,300.0
raw,"RDO No. 93A - Zamboanga City and RDO No. 93B - Zamboanga, Sibugay.",,,,ZAMBOANGA DEL SUR,ZAMBOANGA CITY,BALUNO,ALL LOTS,,RR,Residential - Regular,95.0
raw,"RDO No. 93A - Zamboanga City and RDO No. 93B - Zamboanga, Sibugay.",,,,ZAMBOANGA DEL SUR,ZAMBOANGA CITY,BALUNO,ALL LOTS,,A50,Agricultural - A50,12.0
raw,"RDO No. 93A - Zamboanga City and RDO No. 93B - Zamboanga, Sibugay.",008-2024,"Feb. 17, 2024",4TH,ZAMBOANGA DEL SUR,ZAMBOANGA CITY,BALUNO,ALL LOTS,,RR,Residential - Regular,1000.0
raw,"RDO No. 93A - Zamboanga City and RDO No. 93B - Zamboanga, Sibugay.",008-2024,"Feb. 17, 2024",4TH,ZAMBOANGA DEL SUR,ZAMBOANGA CITY,BALUNO,ALL LOTS,INTERIOR LOT,RR,Residential - Regular,500.0
raw,"RDO No. 93A - Zamboanga City and RDO No. 93B - Zamboanga, Sibugay.",008-2024,"Feb. 17, 2024",4TH,ZAMBOANGA DEL SUR,ZAMBOANGA CITY,BALUNO,ALL LOTS,INTERIOR LOT,A50,Agricultural - A50,60.0
raw,"RDO No. 93A - Zamboanga City and RDO No. 93B - Zamboanga, Sibugay.",,2010-08-06,,ZAMBOANGA DEL SUR,ZAMBOANGA CITY,BALUNO,ALL LOTS,,RR,Residential - Regular,95.0
raw,"RDO No. 93A - Zamboanga City and RDO No. 93B - Zamboanga, Sibugay.",,2010-08-06,,ZAMBOANGA DEL SUR,ZAMBOANGA CITY,BALUNO,ALL LOTS,,A50,Agricultural - A50,12.0
raw,"RDO No. 93A - Zamboanga City and RDO No. 93B - Zamboanga, Sibugay.",,,,ZAMBOANGA DEL SUR,ZAMBOANGA CITY,BALUNO,ALL STREETS,,A,Agricultural,4.0
raw,"RDO No. 93A - Zamboanga City and RDO No. 93B - Zamboanga, Sibugay.",,,,ZAMBOANGA DEL SUR,ZAMBOANGA CITY,BALUNO,ALL STREETS,,A,Agricultural,1.0
raw,"RDO No. 93A - Zamboanga City and RDO No. 93B - Zamboanga, Sibugay.",,1995-12-25,,ZAMBOANGA DEL SUR,ZAMBOANGA CITY,BALUNO,ALL STREETS,,A,Agricultural,4.0
raw,"RDO No. 93A - Zamboanga City and RDO No. 93B - Zamboanga, Sibugay.",,1990-01-02,,ZAMBOANGA DEL SUR,ZAMBOANGA CITY,BALUNO,ALL STREETS,,A,Agricultural,1.0
raw,"RDO No. 93A - Zamboanga City and RDO No. 93B - Zamboanga, Sibugay.",008-2024,"Feb. 17, 2024",4TH,ZAMBOANGA DEL SUR,ZAMBOANGA CITY,BOALAN,ALL LOTS,,CR,Commercial - Regular,2600.0
raw,"RDO No. 93A - Zamboanga City and RDO No. 93B - Zamboanga, Sibugay.",008-2024,"Feb. 17, 2024",4TH,ZAMBOANGA DEL SUR,ZAMBOANGA CITY,BOALAN,ALL LOTS,,RR,Residential - Regular,1500.0
raw,"RDO No. 93A - Zamboanga City and RDO No. 93B - Zamboanga, Sibugay.",008-2024,"Feb. 17, 2024",4TH,ZAMBOANGA DEL SUR,ZAMBOANGA CITY,BOALAN,ALL LOTS,,I,Industrial,2600.0
raw,"RDO No. 93A - Zamboanga City and RDO No. 93B - Zamboanga, Sibugay.",008-2024,"Feb. 17, 2024",4TH,ZAMBOANGA DEL SUR,ZAMBOANGA CITY,BOALAN,ALL LOTS,INTERIOR LOT,RR,Residential - Regular,1100.0
raw,"RDO No. 93A - Zamboanga City and RDO No. 93B - Zamboanga, Sibugay.",008-2024,"Feb. 17, 2024",4TH,ZAMBOANGA DEL SUR,ZAMBOANGA CITY,BOALAN,ALL LOTS,INTERIOR LOT,A50,Agricultural - A50,50.0
raw,"RDO No. 93A - Zamboanga City and RDO No. 93B - Zamboanga, Sibugay.",,,,ZAMBOANGA DEL SUR,ZAMBOANGA CITY,BOALAN,ALL OTHER STREETS,,RR,Residential - Regular,120.0
raw,"RDO No. 93A - Zamboanga City and RDO No. 93B - Zamboanga, Sibugay.",,,,ZAMBOANGA DEL SUR,ZAMBOANGA CITY,BOALAN,ALL OTHER STREETS,,A50,Agricultural - A50,11.0
raw,"RDO No. 93A - Zamboanga City and RDO No. 93B - Zamboanga, Sibugay.",,,,ZAMBOANGA DEL SUR,ZAMBOANGA CITY,BOALAN,ALL OTHER STREETS,,RR,Residential - Regular,60.0
raw,"RDO No. 93A - Zamboanga City and RDO No. 93B - Zamboanga, Sibugay.",,,,ZAMBOANGA DEL SUR,ZAMBOANGA CITY,BOALAN,ALL OTHER STREETS,,A,Agricultural,6.5
raw,"RDO No. 93A - Zamboanga City and RDO No. 93B - Zamboanga, Sibugay.",,2010-08-06,,ZAMBOANGA DEL SUR,ZAMBOANGA CITY,BOALAN,ALL OTHER STREETS,,RR,Residential - Regular,120.0
raw,"RDO No. 93A - Zamboanga City and RDO No. 93B - Zamboanga, Sibugay.",,2010-08-06,,ZAMBOANGA DEL SUR,ZAMBOANGA CITY,BOALAN,ALL OTHER STREETS,,A50,Agricultural - A50,11.0
raw,"RDO No. 93A - Zamboanga City and RDO No. 93B - Zamboanga, Sibugay.",,1995-12-25,,ZAMBOANGA DEL SUR,ZAMBOANGA CITY,BOALAN,ALL OTHER STREETS,,RR,Residential - Regular,60.0
raw,"RDO No. 93A - Zamboanga City and RDO No. 93B - Zamboanga, Sibugay.",,1995-12-25,,ZAMBOANGA DEL SUR,ZAMBOANGA CITY,BOALAN,ALL OTHER STREETS,,A,Agricultural,6.5
raw,"RDO No. 93A - Zamboanga City and RDO No. 93B - Zamboanga, Sibugay.",008-2024,"Feb. 17, 2024",4TH,ZAMBOANGA DEL SUR,ZAMBOANGA CITY,BOALAN,ALL OTHER SUBDIVISION,INTERIOR LOT,RR,Residential - Regular,2300.0
raw,"RDO No. 93A - Zamboanga City and RDO No. 93B - Zamboanga, Sibugay.",008-2024,"Feb. 17, 2024",4TH,ZAMBOANGA DEL SUR,ZAMBOANGA CITY,BOALAN,ALL SOCIALIZED HOUSING SUBDIVISION,INTERIOR LOT,RR,Residential - Regular,1600.0
raw,"RDO No. 93A - Zamboanga City and RDO No. 93B - Zamboanga, Sibugay.",,,,ZAMBOANGA DEL SUR,ZAMBOANGA CITY,BOALAN,ALL STREETS,,RR,Residential - Regular,30.0
raw,"RDO No. 93A - Zamboanga City and RDO No. 93B - Zamboanga, Sibugay.",,,,ZAMBOANGA DEL SUR,ZAMBOANGA CITY,BOALAN,ALL STREETS,,A,Agricultural,2.0
raw,"RDO No. 93A - Zamboanga City and RDO No. 93B - Zamboanga, Sibugay.",,1990-01-02,,ZAMBOANGA DEL SUR,ZAMBOANGA CITY,BOALAN,ALL STREETS,,RR,Residential - Regular,30.0
raw,"RDO No. 93A - Zamboanga City and RDO No. 93B - Zamboanga, Sibugay.",,1990-01-02,,ZAMBOANGA DEL SUR,ZAMBOANGA CITY,BOALAN,ALL STREETS,,A,Agricultural,2.0
raw,"RDO No. 93A - Zamboanga City and RDO No. 93B - Zamboanga, Sibugay.",,,,ZAMBOANGA DEL SUR,ZAMBOANGA CITY,BOALAN,AREAS FRONTING IMPROVED ROADS,,RR,Residential - Regular,240.0
raw,"RDO No. 93A - Zamboanga City and RDO No. 93B - Zamboanga, Sibugay.",,,,ZAMBOANGA DEL SUR,ZAMBOANGA CITY,BOALAN,AREAS FRONTING IMPROVED ROADS,,RR,Residential - Regular,40.0
raw,"RDO No. 93A - Zamboanga City and RDO No. 93B - Zamboanga, Sibugay.",,2010-08-06,,ZAMBOANGA DEL SUR,ZAMBOANGA CITY,BOALAN,AREAS FRONTING IMPROVED ROADS,,RR,Residential - Regular,240.0
raw,"RDO No. 93A - Zamboanga City and RDO No. 93B - Zamboanga, Sibugay.",,1995-12-25,,ZAMBOANGA DEL SUR,ZAMBOANGA CITY,BOALAN,AREAS FRONTING IMPROVED ROADS,,RR,Residential - Regular,40.0
raw,"RDO No. 93A - Zamboanga City and RDO No. 93B - Zamboanga, Sibugay.",008-2024,"Feb. 17, 2024",4TH,ZAMBOANGA DEL SUR,ZAMBOANGA CITY,BOALAN,OUR LADY OF FATIMA SUBDIVISION,INTERIOR LOT,RR,Residential - Regular,4400.0
raw,"RDO No. 93A - Zamboanga City and RDO No. 93B - Zamboanga, Sibugay.",008-2024,"Feb. 17, 2024",4TH,ZAMBOANGA DEL SUR,ZAMBOANGA CITY,BOALAN,VILLA TERESA SUBDIVISION,INTERIOR LOT,RR,Residential - Regular,5000.0
raw,"RDO No. 93A - Zamboanga City and RDO No. 93B - Zamboanga, Sibugay.",,,,ZAMBOANGA DEL SUR,ZAMBOANGA CITY,BOLONG,ALL LOTS,,RR,Residential - Regular,115.0
raw,"RDO No. 93A - Zamboanga City and RDO No. 93B - Zamboanga, Sibugay.",,,,ZAMBOANGA DEL SUR,ZAMBOANGA CITY,BOLONG,ALL LOTS,,A50,Agricultural - A50,11.0
raw,"RDO No. 93A - Zamboanga City and RDO No. 93B - Zamboanga, Sibugay.",008-2024,"Feb. 17, 2024",4TH,ZAMBOANGA DEL SUR,ZAMBOANGA CITY,BOLONG,ALL LOTS,,CR,Commercial - Regular,1800.0
raw,"RDO No. 93A - Zamboanga City and RDO No. 93B - Zamboanga, Sibugay.",008-2024,"Feb. 17, 2024",4TH,ZAMBOANGA DEL SUR,ZAMBOANGA CITY,BOLONG,ALL LOTS,,RR,Residential - Regular,600.0
raw,"RDO No. 93A - Zamboanga City and RDO No. 93B - Zamboanga, Sibugay.",008-2024,"Feb. 17, 2024",4TH,ZAMBOANGA DEL SUR,ZAMBOANGA CITY,BOLONG,ALL LOTS,,A50,Agricultural - A50,100.0
raw,"RDO No. 93A - Zamboanga City and RDO No. 93B - Zamboanga, Sibugay.",008-2024,"Feb. 17, 2024",4TH,ZAMBOANGA DEL SUR,ZAMBOANGA CITY,BOLONG,ALL LOTS,INTERIOR LOT,RR,Residential - Regular,300.0
raw,"RDO No. 93A - Zamboanga City and RDO No. 93B - Zamboanga, Sibugay.",,2010-08-06,,ZAMBOANGA DEL SUR,ZAMBOANGA CITY,BOLONG,ALL LOTS,,RR,Residential - Regular,115.0
raw,"RDO No. 93A - Zamboanga City and RDO No. 93B - Zamboanga, Sibugay.",,2010-08-06,,ZAMBOANGA DEL SUR,ZAMBOANGA CITY,BOLONG,ALL LOTS,,A50,Agricultural - A50,11.0
raw,"RDO No. 93A - Zamboanga City and RDO No. 93B - Zamboanga, Sibugay.",,,,ZAMBOANGA DEL SUR,ZAMBOANGA CITY,BOLONG,ALL STREETS,,RR,Residential - Regular,38.0
raw,"RDO No. 93A - Zamboanga City and RDO No. 93B - Zamboanga, Sibugay.",,,,ZAMBOANGA DEL SUR,ZAMBOANGA CITY,BOLONG,ALL STREETS,,A,Agricultural,6.5
raw,"RDO No. 93A - Zamboanga City and RDO No. 93B - Zamboanga, Sibugay.",,,,ZAMBOANGA DEL SUR,ZAMBOANGA CITY,BOLONG,ALL STREETS,,RR,Residential - Regular,20.0
raw,"RDO No. 93A - Zamboanga City and RDO No. 93B - Zamboanga, Sibugay.",,,,ZAMBOANGA DEL SUR,ZAMBOANGA CITY,BOLONG,ALL STREETS,,A,Agricultural,1.5
raw,"RDO No. 93A - Zamboanga City and RDO No. 93B - Zamboanga, Sibugay.",,1995-12-25,,ZAMBOANGA DEL SUR,ZAMBOANGA CITY,BOLONG,ALL STREETS,,RR,Residential - Regular,38.0
raw,"RDO No. 93A - Zamboanga City and RDO No. 93B - Zamboanga, Sibugay.",,1995-12-25,,ZAMBOANGA DEL SUR,ZAMBOANGA CITY,BOLONG,ALL STREETS,,A,Agricultural,6.5
raw,"RDO No. 93A - Zamboanga City and RDO No. 93B - Zamboanga, Sibugay.",,1990-01-02,,ZAMBOANGA DEL SUR,ZAMBOANGA CITY,BOLONG,ALL STREETS,,RR,Residential - Regular,20.0
raw,"RDO No. 93A - Zamboanga City and RDO No. 93B - Zamboanga, Sibugay.",,1990-01-02,,ZAMBOANGA DEL SUR,ZAMBOANGA CITY,BOLONG,ALL STREETS,,A,Agricultural,1.5
raw,"RDO No. 93A - Zamboanga City and RDO No. 93B - Zamboanga, Sibugay.",,,,ZAMBOANGA DEL SUR,ZAMBOANGA CITY,BUENAGATAS,ALL LOTS,,RR,Residential - Regular,100.0
raw,"RDO No. 93A - Zamboanga City and RDO No. 93B - Zamboanga, Sibugay.",,,,ZAMBOANGA DEL SUR,ZAMBOANGA CITY,BUENAGATAS,ALL LOTS,,A50,Agricultural - A50,13.0
raw,"RDO No. 93A - Zamboanga City and RDO No. 93B - Zamboanga, Sibugay.",,2010-08-06,,ZAMBOANGA DEL SUR,ZAMBOANGA CITY,BUENAGATAS,ALL LOTS,,RR,Residential - Regular,100.0
raw,"RDO No. 93A - Zamboanga City and RDO No. 93B - Zamboanga, Sibugay.",,2010-08-06,,ZAMBOANGA DEL SUR,ZAMBOANGA CITY,BUENAGATAS,ALL LOTS,,A50,Agricultural - A50,13.0
raw,"RDO No. 93A - Zamboanga City and RDO No. 93B - Zamboanga, Sibugay.",,,,ZAMBOANGA DEL SUR,ZAMBOANGA CITY,BUENAVISTA,ALL LOTS,,RR,Residential - Regular,100.0
raw,"RDO No. 93A - Zamboanga City and RDO No. 93B - Zamboanga, Sibugay.",,,,ZAMBOANGA DEL SUR,ZAMBOANGA CITY,BUENAVISTA,ALL LOTS,,A50,Agricultural - A50,7.0
raw,"RDO No. 93A - Zamboanga City and RDO No. 93B - Zamboanga, Sibugay.",008-2024,"Feb. 17, 2024",4TH,ZAMBOANGA DEL SUR,ZAMBOANGA CITY,BUENAVISTA,ALL LOTS,,RR,Residential - Regular,500.0
raw,"RDO No. 93A - Zamboanga City and RDO No. 93B - Zamboanga, Sibugay.",008-2024,"Feb. 17, 2024",4TH,ZAMBOANGA DEL SUR,ZAMBOANGA CITY,BUENAVISTA,ALL LOTS,,A4,Agricultural - A4,60.0
raw,"RDO No. 93A - Zamboanga City and RDO No. 93B - Zamboanga, Sibugay.",008-2024,"Feb. 17, 2024",4TH,ZAMBOANGA DEL SUR,ZAMBOANGA CITY,BUENAVISTA,ALL LOTS,,A50,Agricultural - A50,50.0
raw,"RDO No. 93A - Zamboanga City and RDO No. 93B - Zamboanga, Sibugay.",008-2024,"Feb. 17, 2024",4TH,ZAMBOANGA DEL SUR,ZAMBOANGA CITY,BUENAVISTA,ALL LOTS,INTERIOR LOT,RR,Residential - Regular,200.0
raw,"RDO No. 93A - Zamboanga City and RDO No. 93B - Zamboanga, Sibugay.",,2010-08-06,,ZAMBOANGA DEL SUR,ZAMBOANGA CITY,BUENAVISTA,ALL LOTS,,RR,Residential - Regular,100.0
raw,"RDO No. 93A - Zamboanga City and RDO No. 93B - Zamboanga, Sibugay.",,2010-08-06,,ZAMBOANGA DEL SUR,ZAMBOANGA CITY,BUENAVISTA,ALL LOTS,,A50,Agricultural - A50,7.0
raw,"RDO No. 93A - Zamboanga City and RDO No. 93B - Zamboanga, Sibugay.",,,,ZAMBOANGA DEL SUR,ZAMBOANGA CITY,BUENAVISTA,ALL STREETS,,RR,Residential - Regular,38.0
raw,"RDO No. 93A - Zamboanga City and RDO No. 93B - Zamboanga, Sibugay.",,,,ZAMBOANGA DEL SUR,ZAMBOANGA CITY,BUENAVISTA,ALL STREETS,,A,Agricultural,4.0
raw,"RDO No. 93A - Zamboanga City and RDO No. 93B - Zamboanga, Sibugay.",,,,ZAMBOANGA DEL SUR,ZAMBOANGA CITY,BUENAVISTA,ALL STREETS,,RR,Residential - Regular,20.0
raw,"RDO No. 93A - Zamboanga City and RDO No. 93B - Zamboanga, Sibugay.",,,,ZAMBOANGA DEL SUR,ZAMBOANGA CITY,BUENAVISTA,ALL STREETS,,A,Agricultural,1.0
raw,"RDO No. 93A - Zamboanga City and RDO No. 93B - Zamboanga, Sibugay.",,1995-12-25,,ZAMBOANGA DEL SUR,ZAMBOANGA CITY,BUENAVISTA,ALL STREETS,,RR,Residential - Regular,38.0
raw,"RDO No. 93A - Zamboanga City and RDO No. 93B - Zamboanga, Sibugay.",,1995-12-25,,ZAMBOANGA DEL SUR,ZAMBOANGA CITY,BUENAVISTA,ALL STREETS,,A,Agricultural,4.0
raw,"RDO No. 93A - Zamboanga City and RDO No. 93B - Zamboanga, Sibugay.",,1990-01-02,,ZAMBOANGA DEL SUR,ZAMBOANGA CITY,BUENAVISTA,ALL STREETS,,RR,Residential - Regular,20.0
raw,"RDO No. 93A - Zamboanga City and RDO No. 93B - Zamboanga, Sibugay.",,1990-01-02,,ZAMBOANGA DEL SUR,ZAMBOANGA CITY,BUENAVISTA,ALL STREETS,,A,Agricultural,1.0
raw,"RDO No. 93A - Zamboanga City and RDO No. 93B - Zamboanga, Sibugay.",,,,ZAMBOANGA DEL SUR,ZAMBOANGA CITY,BUNGIAO,ALL STREETS,,RR,Residential - Regular,38.0
raw,"RDO No. 93A - Zamboanga City and RDO No. 93B - Zamboanga, Sibugay.",,,,ZAMBOANGA DEL SUR,ZAMBOANGA CITY,BUNGIAO,ALL STREETS,,A,Agricultural,4.0
raw,"RDO No. 93A - Zamboanga City and RDO No. 93B - Zamboanga, Sibugay.",,1995-12-25,,ZAMBOANGA DEL SUR,ZAMBOANGA CITY,BUNGIAO,ALL STREETS,,RR,Residential - Regular,38.0
raw,"RDO No. 93A - Zamboanga City and RDO No. 93B - Zamboanga, Sibugay.",,1995-12-25,,ZAMBOANGA DEL SUR,ZAMBOANGA CITY,BUNGIAO,ALL STREETS,,A,Agricultural,4.0
raw,"RDO No. 93A - Zamboanga City and RDO No. 93B - Zamboanga, Sibugay.",,,,ZAMBOANGA DEL SUR,ZAMBOANGA CITY,BUNGUIAO,ALL LOTS,,RR,Residential - Regular,100.0
raw,"RDO No. 93A - Zamboanga City and RDO No. 93B - Zamboanga, Sibugay.",,,,ZAMBOANGA DEL SUR,ZAMBOANGA CITY,BUNGUIAO,ALL LOTS,,A50,Agricultural - A50,7.0
raw,"RDO No. 93A - Zamboanga City and RDO No. 93B - Zamboanga, Sibugay.",008-2024,"Feb. 17, 2024",4TH,ZAMBOANGA DEL SUR,ZAMBOANGA CITY,BUNGUIAO,ALL LOTS,,RR,Residential - Regular,500.0
raw,"RDO No. 93A - Zamboanga City and RDO No. 93B - Zamboanga, Sibugay.",008-2024,"Feb. 17, 2024",4TH,ZAMBOANGA DEL SUR,ZAMBOANGA CITY,BUNGUIAO,ALL LOTS,,A4,Agricultural - A4,60.0
raw,"RDO No. 93A - Zamboanga City and RDO No. 93B - Zamboanga, Sibugay.",008-2024,"Feb. 17, 2024",4TH,ZAMBOANGA DEL SUR,ZAMBOANGA CITY,BUNGUIAO,ALL LOTS,,A50,Agricultural - A50,50.0
raw,"RDO No. 93A - Zamboanga City and RDO No. 93B - Zamboanga, Sibugay.",008-2024,"Feb. 17, 2024",4TH,ZAMBOANGA DEL SUR,ZAMBOANGA CITY,BUNGUIAO,ALL LOTS,INTERIOR LOT,RR,Residential - Regular,200.0
raw,"RDO No. 93A - Zamboanga City and RDO No. 93B - Zamboanga, Sibugay.",,2010-08-06,,ZAMBOANGA DEL SUR,ZAMBOANGA CITY,BUNGUIAO,ALL LOTS,,RR,Residential - Regular,100.0
raw,"RDO No. 93A - Zamboanga City and RDO No. 93B - Zamboanga, Sibugay.",,2010-08-06,,ZAMBOANGA DEL SUR,ZAMBOANGA CITY,BUNGUIAO,ALL LOTS,,A50,Agricultural - A50,7.0
raw,"RDO No. 93A - Zamboanga City and RDO No. 93B - Zamboanga, Sibugay.",,,,ZAMBOANGA DEL SUR,ZAMBOANGA CITY,BUNGUIAO,ALL STREETS,,RR,Residential - Regular,20.0
raw,"RDO No. 93A - Zamboanga City and RDO No. 93B - Zamboanga, Sibugay.",,,,ZAMBOANGA DEL SUR,ZAMBOANGA CITY,BUNGUIAO,ALL STREETS,,A,Agricultural,1.0
raw,"RDO No. 93A - Zamboanga City and RDO No. 93B - Zamboanga, Sibugay.",,1990-01-02,,ZAMBOANGA DEL SUR,ZAMBOANGA CITY,BUNGUIAO,ALL STREETS,,RR,Residential - Regular,20.0
raw,"RDO No. 93A - Zamboanga City and RDO No. 93B - Zamboanga, Sibugay.",,1990-01-02,,ZAMBOANGA DEL SUR,ZAMBOANGA CITY,BUNGUIAO,ALL STREETS,,A,Agricultural,1.0
raw,"RDO No. 93A - Zamboanga City and RDO No. 93B - Zamboanga, Sibugay.",,,,ZAMBOANGA DEL SUR,ZAMBOANGA CITY,BUSAY,ALL LOTS,,RR,Residential - Regular,100.0
raw,"RDO No. 93A - Zamboanga City and RDO No. 93B - Zamboanga, Sibugay.",,,,ZAMBOANGA DEL SUR,ZAMBOANGA CITY,BUSAY,ALL LOTS,,A50,Agricultural - A50,7.0
raw,"RDO No. 93A - Zamboanga City and RDO No. 93B - Zamboanga, Sibugay.",008-2024,"Feb. 17, 2024",4TH,ZAMBOANGA DEL SUR,ZAMBOANGA CITY,BUSAY,ALL LOTS,,RR,Residential - Regular,200.0
raw,"RDO No. 93A - Zamboanga City and RDO No. 93B - Zamboanga, Sibugay.",008-2024,"Feb. 17, 2024",4TH,ZAMBOANGA DEL SUR,ZAMBOANGA CITY,BUSAY,ALL LOTS,,A36,Agricultural - A36,60.0
raw,"RDO No. 93A - Zamboanga City and RDO No. 93B - Zamboanga, Sibugay.",008-2024,"Feb. 17, 2024",4TH,ZAMBOANGA DEL SUR,ZAMBOANGA CITY,BUSAY,ALL LOTS,,A50,Agricultural - A50,50.0
raw,"RDO No. 93A - Zamboanga City and RDO No. 93B - Zamboanga, Sibugay.",008-2024,"Feb. 17, 2024",4TH,ZAMBOANGA DEL SUR,ZAMBOANGA CITY,BUSAY,ALL LOTS,INTERIOR LOT,RR,Residential - Regular,100.0
raw,"RDO No. 93A - Zamboanga City and RDO No. 93B - Zamboanga, Sibugay.",,2010-08-06,,ZAMBOANGA DEL SUR,ZAMBOANGA CITY,BUSAY,ALL LOTS,,RR,Residential - Regular,100.0
raw,"RDO No. 93A - Zamboanga City and RDO No. 93B - Zamboanga, Sibugay.",,2010-08-06,,ZAMBOANGA DEL SUR,ZAMBOANGA CITY,BUSAY,ALL LOTS,,A50,Agricultural - A50,7.0
raw,"RDO No. 93A - Zamboanga City and RDO No. 93B - Zamboanga, Sibugay.",,,,ZAMBOANGA DEL SUR,ZAMBOANGA CITY,BUSAY,ALL STREETS,,A,Agricultural,4.0
raw,"RDO No. 93A - Zamboanga City and RDO No. 93B - Zamboanga, Sibugay.",,,,ZAMBOANGA DEL SUR,ZAMBOANGA CITY,BUSAY,ALL STREETS,,A,Agricultural,1.0
raw,"RDO No. 93A - Zamboanga City and RDO No. 93B - Zamboanga, Sibugay.",,1995-12-25,,ZAMBOANGA DEL SUR,ZAMBOANGA CITY,BUSAY,ALL STREETS,,A,Agricultural,4.0
raw,"RDO No. 93A - Zamboanga City and RDO No. 93B - Zamboanga, Sibugay.",,1990-01-02,,ZAMBOANGA DEL SUR,ZAMBOANGA CITY,BUSAY,ALL STREETS,,A,Agricultural,1.0
raw,"RDO No. 93A - Zamboanga City and RDO No. 93B - Zamboanga, Sibugay.",,,,ZAMBOANGA DEL SUR,ZAMBOANGA CITY,CABALUAY,ALL LOTS,,RR,Residential - Regular,100.0
raw,"RDO No. 93A - Zamboanga City and RDO No. 93B - Zamboanga, Sibugay.",,,,ZAMBOANGA DEL SUR,ZAMBOANGA CITY,CABALUAY,ALL LOTS,,A50,Agricultural - A50,11.0
raw,"RDO No. 93A - Zamboanga City and RDO No. 93B - Zamboanga, Sibugay.",008-2024,"Feb. 17, 2024",4TH,ZAMBOANGA DEL SUR,ZAMBOANGA CITY,CABALUAY,ALL LOTS,,CR,Commercial - Regular,2400.0
raw,"RDO No. 93A - Zamboanga City and RDO No. 93B - Zamboanga, Sibugay.",008-2024,"Feb. 17, 2024",4TH,ZAMBOANGA DEL SUR,ZAMBOANGA CITY,CABALUAY,ALL LOTS,,RR,Residential - Regular,1100.0
raw,"RDO No. 93A - Zamboanga City and RDO No. 93B - Zamboanga, Sibugay.",008-2024,"Feb. 17, 2024",4TH,ZAMBOANGA DEL SUR,ZAMBOANGA CITY,CABALUAY,ALL LOTS,,A50,Agricultural - A50,100.0
raw,"RDO No. 93A - Zamboanga City and RDO No. 93B - Zamboanga, Sibugay.",008-2024,"Feb. 17, 2024",4TH,ZAMBOANGA DEL SUR,ZAMBOANGA CITY,CABALUAY,ALL LOTS,INTERIOR LOT,RR,Residential - Regular,500.0
raw,"RDO No. 93A - Zamboanga City and RDO No. 93B - Zamboanga, Sibugay.",,2010-08-06,,ZAMBOANGA DEL SUR,ZAMBOANGA CITY,CABALUAY,ALL LOTS,,RR,Residential - Regular,100.0
raw,"RDO No. 93A - Zamboanga City and RDO No. 93B - Zamboanga, Sibugay.",,2010-08-06,,ZAMBOANGA DEL SUR,ZAMBOANGA CITY,CABALUAY,ALL LOTS,,A50,Agricultural - A50,11.0
raw,"RDO No. 93A - Zamboanga City and RDO No. 93B - Zamboanga, Sibugay.",008-2024,"Feb. 17, 2024",4TH,ZAMBOANGA DEL SUR,ZAMBOANGA CITY,CABALUAY,ALL OTHER SUBDIVISION,INTERIOR LOT,RR,Residential - Regular,1300.0
raw,"RDO No. 93A - Zamboanga City and RDO No. 93B - Zamboanga, Sibugay.",,,,ZAMBOANGA DEL SUR,ZAMBOANGA CITY,CABALUAY,ALL STREETS,,RR,Residential - Regular,38.0
raw,"RDO No. 93A - Zamboanga City and RDO No. 93B - Zamboanga, Sibugay.",,,,ZAMBOANGA DEL SUR,ZAMBOANGA CITY,CABALUAY,ALL STREETS,,A,Agricultural,6.5
raw,"RDO No. 93A - Zamboanga City and RDO No. 93B - Zamboanga, Sibugay.",,,,ZAMBOANGA DEL SUR,ZAMBOANGA CITY,CABALUAY,ALL STREETS,,RR,Residential - Regular,20.0
raw,"RDO No. 93A - Zamboanga City and RDO No. 93B - Zamboanga, Sibugay.",,,,ZAMBOANGA DEL SUR,ZAMBOANGA CITY,CABALUAY,ALL STREETS,,A,Agricultural,2.0
raw,"RDO No. 93A - Zamboanga City and RDO No. 93B - Zamboanga, Sibugay.",,1995-12-25,,ZAMBOANGA DEL SUR,ZAMBOANGA CITY,CABALUAY,ALL STREETS,,RR,Residential - Regular,38.0
raw,"RDO No. 93A - Zamboanga City and RDO No. 93B - Zamboanga, Sibugay.",,1995-12-25,,ZAMBOANGA DEL SUR,ZAMBOANGA CITY,CABALUAY,ALL STREETS,,A,Agricultural,6.5
raw,"RDO No. 93A - Zamboanga City and RDO No. 93B - Zamboanga, Sibugay.",,1990-01-02,,ZAMBOANGA DEL SUR,ZAMBOANGA CITY,CABALUAY,ALL STREETS,,RR,Residential - Regular,20.0
raw,"RDO No. 93A - Zamboanga City and RDO No. 93B - Zamboanga, Sibugay.",,1990-01-02,,ZAMBOANGA DEL SUR,ZAMBOANGA CITY,CABALUAY,ALL STREETS,,A,Agricultural,2.0
raw,"RDO No. 93A - Zamboanga City and RDO No. 93B - Zamboanga, Sibugay.",008-2024,"Feb. 17, 2024",4TH,ZAMBOANGA DEL SUR,ZAMBOANGA CITY,CABALUAY,TEACHER'S VILLAGE SUBDIVISION,INTERIOR LOT,RR,Residential - Regular,2500.0
raw,"RDO No. 93A - Zamboanga City and RDO No. 93B - Zamboanga, Sibugay.",,,,ZAMBOANGA DEL SUR,ZAMBOANGA CITY,CABATANGAN,ALL LOTS,,RR,Residential - Regular,420.0
raw,"RDO No. 93A - Zamboanga City and RDO No. 93B - Zamboanga, Sibugay.",,,,ZAMBOANGA DEL SUR,ZAMBOANGA CITY,CABATANGAN,ALL LOTS,,A50,Agricultural - A50,19.0
raw,"RDO No. 93A - Zamboanga City and RDO No. 93B - Zamboanga, Sibugay.",008-2024,"Feb. 17, 2024",4TH,ZAMBOANGA DEL SUR,ZAMBOANGA CITY,CABATANGAN,ALL LOTS,,CR,Commercial - Regular,3000.0
raw,"RDO No. 93A - Zamboanga City and RDO No. 93B - Zamboanga, Sibugay.",008-2024,"Feb. 17, 2024",4TH,ZAMBOANGA DEL SUR,ZAMBOANGA CITY,CABATANGAN,ALL LOTS,,RR,Residential - Regular,2000.0
raw,"RDO No. 93A - Zamboanga City and RDO No. 93B - Zamboanga, Sibugay.",008-2024,"Feb. 17, 2024",4TH,ZAMBOANGA DEL SUR,ZAMBOANGA CITY,CABATANGAN,ALL LOTS,,A1,Agricultural - A1,200.0
raw,"RDO No. 93A - Zamboanga City and RDO No. 93B - Zamboanga, Sibugay.",008-2024,"Feb. 17, 2024",4TH,ZAMBOANGA DEL SUR,ZAMBOANGA CITY,CABATANGAN,ALL LOTS,,A50,Agricultural - A50,360.0
raw,"RDO No. 93A - Zamboanga City and RDO No. 93B - Zamboanga, Sibugay.",008-2024,"Feb. 17, 2024",4TH,ZAMBOANGA DEL SUR,ZAMBOANGA CITY,CABATANGAN,ALL LOTS,INTERIOR LOT,RR,Residential - Regular,1300.0
raw,"RDO No. 93A - Zamboanga City and RDO No. 93B - Zamboanga, Sibugay.",,2010-08-06,,ZAMBOANGA DEL SUR,ZAMBOANGA CITY,CABATANGAN,ALL LOTS,,RR,Residential - Regular,420.0
raw,"RDO No. 93A - Zamboanga City and RDO No. 93B - Zamboanga, Sibugay.",,2010-08-06,,ZAMBOANGA DEL SUR,ZAMBOANGA CITY,CABATANGAN,ALL LOTS,,A50,Agricultural - A50,19.0
raw,"RDO No. 93A - Zamboanga City and RDO No. 93B - Zamboanga, Sibugay.",008-2024,"Feb. 17, 2024",4TH,ZAMBOANGA DEL SUR,ZAMBOANGA CITY,CABATANGAN,ALL OTHER SUBDIVISIONS,INTERIOR LOT,RR,Residential - Regular,2500.0
raw,"RDO No. 93A - Zamboanga City and RDO No. 93B - Zamboanga, Sibugay.",,,,ZAMBOANGA DEL SUR,ZAMBOANGA CITY,CABATANGAN,ALL STREETS,,RR,Residential - Regular,95.0
raw,"RDO No. 93A - Zamboanga City and RDO No. 93B - Zamboanga, Sibugay.",,,,ZAMBOANGA DEL SUR,ZAMBOANGA CITY,CABATANGAN,ALL STREETS,,A,Agricultural,11.5
raw,"RDO No. 93A - Zamboanga City and RDO No. 93B - Zamboanga, Sibugay.",,,,ZAMBOANGA DEL SUR,ZAMBOANGA CITY,CABATANGAN,ALL STREETS,,RR,Residential - Regular,30.0
raw,"RDO No. 93A - Zamboanga City and RDO No. 93B - Zamboanga, Sibugay.",,,,ZAMBOANGA DEL SUR,ZAMBOANGA CITY,CABATANGAN,ALL STREETS,,A,Agricultural,2.0
raw,"RDO No. 93A - Zamboanga City and RDO No. 93B - Zamboanga, Sibugay.",,1995-12-25,,ZAMBOANGA DEL SUR,ZAMBOANGA CITY,CABATANGAN,ALL STREETS,,RR,Residential - Regular,95.0
raw,"RDO No. 93A - Zamboanga City and RDO No. 93B - Zamboanga, Sibugay.",,1995-12-25,,ZAMBOANGA DEL SUR,ZAMBOANGA CITY,CABATANGAN,ALL STREETS,,A,Agricultural,11.5
raw,"RDO No. 93A - Zamboanga City and RDO No. 93B - Zamboanga, Sibugay.",,1990-01-02,,ZAMBOANGA DEL SUR,ZAMBOANGA CITY,CABATANGAN,ALL STREETS,,RR,Residential - Regular,30.0
raw,"RDO No. 93A - Zamboanga City and RDO No. 93B - Zamboanga, Sibugay.",,1990-01-02,,ZAMBOANGA DEL SUR,ZAMBOANGA CITY,CABATANGAN,ALL STREETS,,A,Agricultural,2.0
raw,"RDO No. 93A - Zamboanga City and RDO No. 93B - Zamboanga, Sibugay.",008-2024,"Feb. 17, 2024",4TH,ZAMBOANGA DEL SUR,ZAMBOANGA CITY,CABATANGAN,OTHER SOCIALIZED SUBDIVISIONS,INTERIOR LOT,RR,Residential - Regular,1300.0
raw,"RDO No. 93A - Zamboanga City and RDO No. 93B - Zamboanga, Sibugay.",008-2024,"Feb. 17, 2024",4TH,ZAMBOANGA DEL SUR,ZAMBOANGA CITY,CABATANGAN,SHIRMAL'S HAPPY HOMES SUBDIVISION,INTERIOR LOT,RR,Residential - Regular,2700.0
raw,"RDO No. 93A - Zamboanga City and RDO No. 93B - Zamboanga, Sibugay.",,,,ZAMBOANGA DEL SUR,ZAMBOANGA CITY,CACAO,ALL LOTS,,RR,Residential - Regular,100.0
raw,"RDO No. 93A - Zamboanga City and RDO No. 93B - Zamboanga, Sibugay.",,,,ZAMBOANGA DEL SUR,ZAMBOANGA CITY,CACAO,ALL LOTS,,A50,Agricultural - A50,7.0
raw,"RDO No. 93A - Zamboanga City and RDO No. 93B - Zamboanga, Sibugay.",008-2024,"Feb. 17, 2024",4TH,ZAMBOANGA DEL SUR,ZAMBOANGA CITY,CACAO,ALL LOTS,,RR,Residential - Regular,1000.0
raw,"RDO No. 93A - Zamboanga City and RDO No. 93B - Zamboanga, Sibugay.",008-2024,"Feb. 17, 2024",4TH,ZAMBOANGA DEL SUR,ZAMBOANGA CITY,CACAO,ALL LOTS,,A50,Agricultural - A50,50.0
raw,"RDO No. 93A - Zamboanga City and RDO No. 93B - Zamboanga, Sibugay.",008-2024,"Feb. 17, 2024",4TH,ZAMBOANGA DEL SUR,ZAMBOANGA CITY,CACAO,ALL LOTS,INTERIOR LOT,RR,Residential - Regular,500.0
raw,"RDO No. 93A - Zamboanga City and RDO No. 93B - Zamboanga, Sibugay.",,2010-08-06,,ZAMBOANGA DEL SUR,ZAMBOANGA CITY,CACAO,ALL LOTS,,RR,Residential - Regular,100.0
raw,"RDO No. 93A - Zamboanga City and RDO No. 93B - Zamboanga, Sibugay.",,2010-08-06,,ZAMBOANGA DEL SUR,ZAMBOANGA CITY,CACAO,ALL LOTS,,A50,Agricultural - A50,7.0
raw,"RDO No. 93A - Zamboanga City and RDO No. 93B - Zamboanga, Sibugay.",,,,ZAMBOANGA DEL SUR,ZAMBOANGA CITY,CACAO,ALL STREETS,,A,Agricultural,4.0
raw,"RDO No. 93A - Zamboanga City and RDO No. 93B - Zamboanga, Sibugay.",,,,ZAMBOANGA DEL SUR,ZAMBOANGA CITY,CACAO,ALL STREETS,,A,Agricultural,1.0
raw,"RDO No. 93A - Zamboanga City and RDO No. 93B - Zamboanga, Sibugay.",,1995-12-25,,ZAMBOANGA DEL SUR,ZAMBOANGA CITY,CACAO,ALL STREETS,,A,Agricultural,4.0
raw,"RDO No. 93A - Zamboanga City and RDO No. 93B - Zamboanga, Sibugay.",,1990-01-02,,ZAMBOANGA DEL SUR,ZAMBOANGA CITY,CACAO,ALL STREETS,,A,Agricultural,1.0
raw,"RDO No. 93A - Zamboanga City and RDO No. 93B - Zamboanga, Sibugay.",,,,ZAMBOANGA DEL SUR,ZAMBOANGA CITY,CALABASA,ALL LOTS,,RR,Residential - Regular,100.0
raw,"RDO No. 93A - Zamboanga City and RDO No. 93B - Zamboanga, Sibugay.",,,,ZAMBOANGA DEL SUR,ZAMBOANGA CITY,CALABASA,ALL LOTS,,A50,Agricultural - A50,7.0
raw,"RDO No. 93A - Zamboanga City and RDO No. 93B - Zamboanga, Sibugay.",008-2024,"Feb. 17, 2024",4TH,ZAMBOANGA DEL SUR,ZAMBOANGA CITY,CALABASA,ALL LOTS,,RR,Residential - Regular,500.0
raw,"RDO No. 93A - Zamboanga City and RDO No. 93B - Zamboanga, Sibugay.",008-2024,"Feb. 17, 2024",4TH,ZAMBOANGA DEL SUR,ZAMBOANGA CITY,CALABASA,ALL LOTS,,A50,Agricultural - A50,50.0
raw,"RDO No. 93A - Zamboanga City and RDO No. 93B - Zamboanga, Sibugay.",008-2024,"Feb. 17, 2024",4TH,ZAMBOANGA DEL SUR,ZAMBOANGA CITY,CALABASA,ALL LOTS,INTERIOR LOT,RR,Residential - Regular,200.0
raw,"RDO No. 93A - Zamboanga City and RDO No. 93B - Zamboanga, Sibugay.",,2010-08-06,,ZAMBOANGA DEL SUR,ZAMBOANGA CITY,CALABASA,ALL LOTS,,RR,Residential - Regular,100.0
raw,"RDO No. 93A - Zamboanga City and RDO No. 93B - Zamboanga, Sibugay.",,2010-08-06,,ZAMBOANGA DEL SUR,ZAMBOANGA CITY,CALABASA,ALL LOTS,,A50,Agricultural - A50,7.0
raw,"RDO No. 93A - Zamboanga City and RDO No. 93B - Zamboanga, Sibugay.",,,,ZAMBOANGA DEL SUR,ZAMBOANGA CITY,CALABASA,ALL STREETS,,A,Agricultural,4.0
raw,"RDO No. 93A - Zamboanga City and RDO No. 93B - Zamboanga, Sibugay.",,,,ZAMBOANGA DEL SUR,ZAMBOANGA CITY,CALABASA,ALL STREETS,,A,Agricultural,1.0
raw,"RDO No. 93A - Zamboanga City and RDO No. 93B - Zamboanga, Sibugay.",,1995-12-25,,ZAMBOANGA DEL SUR,ZAMBOANGA CITY,CALABASA,ALL STREETS,,A,Agricultural,4.0
raw,"RDO No. 93A - Zamboanga City and RDO No. 93B - Zamboanga, Sibugay.",,1990-01-02,,ZAMBOANGA DEL SUR,ZAMBOANGA CITY,CALABASA,ALL STREETS,,A,Agricultural,1.0
raw,"RDO No. 93A - Zamboanga City and RDO No. 93B - Zamboanga, Sibugay.",008-2024,"Feb. 17, 2024",4TH,ZAMBOANGA DEL SUR,ZAMBOANGA CITY,CALARIAN,ALL LOTS - LOWER CALARIAN,INTERIOR LOT,CR,Commercial - Regular,3000.0
raw,"RDO No. 93A - Zamboanga City and RDO No. 93B - Zamboanga, Sibugay.",008-2024,"Feb. 17, 2024",4TH,ZAMBOANGA DEL SUR,ZAMBOANGA CITY,CALARIAN,ALL LOTS - LOWER CALARIAN,INTERIOR LOT,RR,Residential - Regular,1600.0
raw,"RDO No. 93A - Zamboanga City and RDO No. 93B - Zamboanga, Sibugay.",008-2024,"Feb. 17, 2024",4TH,ZAMBOANGA DEL SUR,ZAMBOANGA CITY,CALARIAN,ALL LOTS - LOWER CALARIAN,INTERIOR LOT,I,Industrial,4100.0
raw,"RDO No. 93A - Zamboanga City and RDO No. 93B - Zamboanga, Sibugay.",008-2024,"Feb. 17, 2024",4TH,ZAMBOANGA DEL SUR,ZAMBOANGA CITY,CALARIAN,ALL LOTS - LOWER CALARIAN,INTERIOR LOT,GP,General Purpose,100.0
raw,"RDO No. 93A - Zamboanga City and RDO No. 93B - Zamboanga, Sibugay.",008-2024,"Feb. 17, 2024",4TH,ZAMBOANGA DEL SUR,ZAMBOANGA CITY,CALARIAN,ALL LOTS - LOWER CALARIAN,INTERIOR LOT,A50,Agricultural - A50,50.0
raw,"RDO No. 93A - Zamboanga City and RDO No. 93B - Zamboanga, Sibugay.",008-2024,"Feb. 17, 2024",4TH,ZAMBOANGA DEL SUR,ZAMBOANGA CITY,CALARIAN,ALL LOTS - LOWER CALARIAN,INTERIOR LOT,RR,Residential - Regular,1100.0
raw,"RDO No. 93A - Zamboanga City and RDO No. 93B - Zamboanga, Sibugay.",008-2024,"Feb. 17, 2024",4TH,ZAMBOANGA DEL SUR,ZAMBOANGA CITY,CALARIAN,ALL STREETS - UPPER CALARIAN,,CR,Commercial - Regular,2900.0
raw,"RDO No. 93A - Zamboanga City and RDO No. 93B - Zamboanga, Sibugay.",008-2024,"Feb. 17, 2024",4TH,ZAMBOANGA DEL SUR,ZAMBOANGA CITY,CALARIAN,ALL STREETS - UPPER CALARIAN,,RR,Residential - Regular,1600.0
raw,"RDO No. 93A - Zamboanga City and RDO No. 93B - Zamboanga, Sibugay.",008-2024,"Feb. 17, 2024",4TH,ZAMBOANGA DEL SUR,ZAMBOANGA CITY,CALARIAN,ALL STREETS - UPPER CALARIAN,,X,Special / Other,2800.0
raw,"RDO No. 93A - Zamboanga City and RDO No. 93B - Zamboanga, Sibugay.",008-2024,"Feb. 17, 2024",4TH,ZAMBOANGA DEL SUR,ZAMBOANGA CITY,CALARIAN,ALL STREETS - UPPER CALARIAN,,GP,General Purpose,100.0
raw,"RDO No. 93A - Zamboanga City and RDO No. 93B - Zamboanga, Sibugay.",008-2024,"Feb. 17, 2024",4TH,ZAMBOANGA DEL SUR,ZAMBOANGA CITY,CALARIAN,ALL STREETS - UPPER CALARIAN,,A50,Agricultural - A50,50.0
raw,"RDO No. 93A - Zamboanga City and RDO No. 93B - Zamboanga, Sibugay.",008-2024,"Feb. 17, 2024",4TH,ZAMBOANGA DEL SUR,ZAMBOANGA CITY,CALARIAN,ALL STREETS - UPPER CALARIAN,INTERIOR LOT,RR,Residential - Regular,1000.0
raw,"RDO No. 93A - Zamboanga City and RDO No. 93B - Zamboanga, Sibugay.",008-2024,"Feb. 17, 2024",4TH,ZAMBOANGA DEL SUR,ZAMBOANGA CITY,CAMINO NUEVO,ALL OTHER STREETS,GOV. CAMINS AVE - GOV. ALVAREZ,CR,Commercial - Regular,12200.0
raw,"RDO No. 93A - Zamboanga City and RDO No. 93B - Zamboanga, Sibugay.",008-2024,"Feb. 17, 2024",4TH,ZAMBOANGA DEL SUR,ZAMBOANGA CITY,CAMINO NUEVO,ALL OTHER STREETS,GOV. CAMINS AVE - GOV. ALVAREZ,RR,Residential - Regular,6500.0
raw,"RDO No. 93A - Zamboanga City and RDO No. 93B - Zamboanga, Sibugay.",008-2024,"Feb. 17, 2024",4TH,ZAMBOANGA DEL SUR,ZAMBOANGA CITY,CAMINO NUEVO,ALONG CANELAR-CAMINO NUEVO RIVER (INTERIOR),GOV. CAMINS AVE - GOV. ALVAREZ,CR,Commercial - Regular,5400.0
raw,"RDO No. 93A - Zamboanga City and RDO No. 93B - Zamboanga, Sibugay.",008-2024,"Feb. 17, 2024",4TH,ZAMBOANGA DEL SUR,ZAMBOANGA CITY,CAMINO NUEVO,ALONG CANELAR-CAMINO NUEVO RIVER (INTERIOR),GOV. CAMINS AVE - GOV. ALVAREZ,RR,Residential - Regular,4100.0
raw,"RDO No. 93A - Zamboanga City and RDO No. 93B - Zamboanga, Sibugay.",008-2024,"Feb. 17, 2024",4TH,ZAMBOANGA DEL SUR,ZAMBOANGA CITY,CAMINO NUEVO,GOV. ALVAREZ AVE,VETERANS AVE - CANELAR-CAMINO NUEVO RIVER,CR,Commercial - Regular,21400.0
raw,"RDO No. 93A - Zamboanga City and RDO No. 93B - Zamboanga, Sibugay.",008-2024,"Feb. 17, 2024",4TH,ZAMBOANGA DEL SUR,ZAMBOANGA CITY,CAMINO NUEVO,GOV. ALVAREZ AVE,VETERANS AVE - CANELAR-CAMINO NUEVO RIVER,RR,Residential - Regular,12200.0
raw,"RDO No. 93A - Zamboanga City and RDO No. 93B - Zamboanga, Sibugay.",008-2024,"Feb. 17, 2024",4TH,ZAMBOANGA DEL SUR,ZAMBOANGA CITY,CAMINO NUEVO,GOV. ALVAREZ AVE,INTERIOR LOT,RR,Residential - Regular,7300.0
raw,"RDO No. 93A - Zamboanga City and RDO No. 93B - Zamboanga, Sibugay.",008-2024,"Feb. 17, 2024",4TH,ZAMBOANGA DEL SUR,ZAMBOANGA CITY,CAMINO NUEVO,GOV. CAMINS AVE,VETERANS AVE - NUÑEZ EXT.,CR,Commercial - Regular,19800.0
raw,"RDO No. 93A - Zamboanga City and RDO No. 93B - Zamboanga, Sibugay.",008-2024,"Feb. 17, 2024",4TH,ZAMBOANGA DEL SUR,ZAMBOANGA CITY,CAMINO NUEVO,GOV. CAMINS AVE,VETERANS AVE - NUÑEZ EXT.,RR,Residential - Regular,11900.0
raw,"RDO No. 93A - Zamboanga City and RDO No. 93B - Zamboanga, Sibugay.",008-2024,"Feb. 17, 2024",4TH,ZAMBOANGA DEL SUR,ZAMBOANGA CITY,CAMINO NUEVO,GOV. CAMINS AVE,VETERANS AVE - NUÑEZ EXT.,X,Special / Other,18100.0
raw,"RDO No. 93A - Zamboanga City and RDO No. 93B - Zamboanga, Sibugay.",008-2024,"Feb. 17, 2024",4TH,ZAMBOANGA DEL SUR,ZAMBOANGA CITY,CAMINO NUEVO,GOV. CAMINS AVE,INTERIOR LOT,RR,Residential - Regular,7300.0
raw,"RDO No. 93A - Zamboanga City and RDO No. 93B - Zamboanga, Sibugay.",008-2024,"Feb. 17, 2024",4TH,ZAMBOANGA DEL SUR,ZAMBOANGA CITY,CAMINO NUEVO,GOV. CAMINS AVE,NUÑEZ EXT. TO CANELAR-CAMINO NUEVO RIVER,CR,Commercial - Regular,32700.0
raw,"RDO No. 93A - Zamboanga City and RDO No. 93B - Zamboanga, Sibugay.",008-2024,"Feb. 17, 2024",4TH,ZAMBOANGA DEL SUR,ZAMBOANGA CITY,CAMINO NUEVO,GOV. CAMINS AVE,NUÑEZ EXT. TO CANELAR-CAMINO NUEVO RIVER,RR,Residential - Regular,12900.0
raw,"RDO No. 93A - Zamboanga City and RDO No. 93B - Zamboanga, Sibugay.",008-2024,"Feb. 17, 2024",4TH,ZAMBOANGA DEL SUR,ZAMBOANGA CITY,CAMINO NUEVO,GOV. CAMINS AVE,INTERIOR LOT,RR,Residential - Regular,8000.0
raw,"RDO No. 93A - Zamboanga City and RDO No. 93B - Zamboanga, Sibugay.",008-2024,"Feb. 17, 2024",4TH,ZAMBOANGA DEL SUR,ZAMBOANGA CITY,CAMINO NUEVO,NUÑEZ EXTENSION,,CR,Commercial - Regular,32700.0
raw,"RDO No. 93A - Zamboanga City and RDO No. 93B - Zamboanga, Sibugay.",008-2024,"Feb. 17, 2024",4TH,ZAMBOANGA DEL SUR,ZAMBOANGA CITY,CAMINO NUEVO,NUÑEZ EXTENSION,,RR,Residential - Regular,12900.0
raw,"RDO No. 93A - Zamboanga City and RDO No. 93B - Zamboanga, Sibugay.",008-2024,"Feb. 17, 2024",4TH,ZAMBOANGA DEL SUR,ZAMBOANGA CITY,CAMINO NUEVO,NUÑEZ EXTENSION,INTERIOR LOT,RR,Residential - Regular,8000.0
raw,"RDO No. 93A - Zamboanga City and RDO No. 93B - Zamboanga, Sibugay.",008-2024,"Feb. 17, 2024",4TH,ZAMBOANGA DEL SUR,ZAMBOANGA CITY,CAMINO NUEVO,VETERANS AVE,GOV. CAMINS AVE - GOV. ALVAREZ,CR,Commercial - Regular,19800.0
raw,"RDO No. 93A - Zamboanga City and RDO No. 93B - Zamboanga, Sibugay.",008-2024,"Feb. 17, 2024",4TH,ZAMBOANGA DEL SUR,ZAMBOANGA CITY,CAMINO NUEVO,VETERANS AVE,GOV. CAMINS AVE - GOV. ALVAREZ,RR,Residential - Regular,11900.0
raw,"RDO No. 93A - Zamboanga City and RDO No. 93B - Zamboanga, Sibugay.",008-2024,"Feb. 17, 2024",4TH,ZAMBOANGA DEL SUR,ZAMBOANGA CITY,CAMINO NUEVO,VETERANS AVE,GOV. CAMINS AVE - GOV. ALVAREZ,X,Special / Other,18100.0
raw,"RDO No. 93A - Zamboanga City and RDO No. 93B - Zamboanga, Sibugay.",008-2024,"Feb. 17, 2024",4TH,ZAMBOANGA DEL SUR,ZAMBOANGA CITY,CAMINO NUEVO,VETERANS AVE,INTERIOR LOT,RR,Residential - Regular,8000.0
raw,"RDO No. 93A - Zamboanga City and RDO No. 93B - Zamboanga, Sibugay.",008-2024,"Feb. 17, 2024",4TH,ZAMBOANGA DEL SUR,ZAMBOANGA CITY,CAMPO ISLAM,ALL LOTS,,CR,Commercial - Regular,4500.0
raw,"RDO No. 93A - Zamboanga City and RDO No. 93B - Zamboanga, Sibugay.",008-2024,"Feb. 17, 2024",4TH,ZAMBOANGA DEL SUR,ZAMBOANGA CITY,CAMPO ISLAM,ALL LOTS,,RR,Residential - Regular,1600.0
raw,"RDO No. 93A - Zamboanga City and RDO No. 93B - Zamboanga, Sibugay.",008-2024,"Feb. 17, 2024",4TH,ZAMBOANGA DEL SUR,ZAMBOANGA CITY,CAMPO ISLAM,ALL LOTS,,I,Industrial,4000.0
raw,"RDO No. 93A - Zamboanga City and RDO No. 93B - Zamboanga, Sibugay.",008-2024,"Feb. 17, 2024",4TH,ZAMBOANGA DEL SUR,ZAMBOANGA CITY,CAMPO ISLAM,ALL LOTS,INTERIOR LOT,RR,Residential - Regular,1000.0
raw,"RDO No. 93A - Zamboanga City and RDO No. 93B - Zamboanga, Sibugay.",,,,ZAMBOANGA DEL SUR,ZAMBOANGA CITY,CAMPO ISLAM - RAJA MODA,ALL LOTS,,RR,Residential - Regular,525.0
raw,"RDO No. 93A - Zamboanga City and RDO No. 93B - Zamboanga, Sibugay.",,,,ZAMBOANGA DEL SUR,ZAMBOANGA CITY,CAMPO ISLAM - RAJA MODA,ALL LOTS,,I,Industrial,590.0
raw,"RDO No. 93A - Zamboanga City and RDO No. 93B - Zamboanga, Sibugay.",,,,ZAMBOANGA DEL SUR,ZAMBOANGA CITY,CAMPO ISLAM - RAJA MODA,ALL LOTS,INTERIOR,RR,Residential - Regular,315.0
raw,"RDO No. 93A - Zamboanga City and RDO No. 93B - Zamboanga, Sibugay.",,2010-08-06,,ZAMBOANGA DEL SUR,ZAMBOANGA CITY,CAMPO ISLAM - RAJA MODA,ALL LOTS,,RR,Residential - Regular,525.0
raw,"RDO No. 93A - Zamboanga City and RDO No. 93B - Zamboanga, Sibugay.",,2010-08-06,,ZAMBOANGA DEL SUR,ZAMBOANGA CITY,CAMPO ISLAM - RAJA MODA,ALL LOTS,,I,Industrial,590.0
raw,"RDO No. 93A - Zamboanga City and RDO No. 93B - Zamboanga, Sibugay.",,2010-08-06,,ZAMBOANGA DEL SUR,ZAMBOANGA CITY,CAMPO ISLAM - RAJA MODA,ALL LOTS,INTERIOR,RR,Residential - Regular,315.0
raw,"RDO No. 93A - Zamboanga City and RDO No. 93B - Zamboanga, Sibugay.",,,,ZAMBOANGA DEL SUR,ZAMBOANGA CITY,CAMPO ISLAM - RAJA MODA,ALL STREETS,,RR,Residential - Regular,280.0
raw,"RDO No. 93A - Zamboanga City and RDO No. 93B - Zamboanga, Sibugay.",,,,ZAMBOANGA DEL SUR,ZAMBOANGA CITY,CAMPO ISLAM - RAJA MODA,ALL STREETS,,I,Industrial,380.0
raw,"RDO No. 93A - Zamboanga City and RDO No. 93B - Zamboanga, Sibugay.",,,,ZAMBOANGA DEL SUR,ZAMBOANGA CITY,CAMPO ISLAM - RAJA MODA,ALL STREETS,,RR,Residential - Regular,150.0
raw,"RDO No. 93A - Zamboanga City and RDO No. 93B - Zamboanga, Sibugay.",,,,ZAMBOANGA DEL SUR,ZAMBOANGA CITY,CAMPO ISLAM - RAJA MODA,ALL STREETS,,I,Industrial,180.0
raw,"RDO No. 93A - Zamboanga City and RDO No. 93B - Zamboanga, Sibugay.",,1995-12-25,,ZAMBOANGA DEL SUR,ZAMBOANGA CITY,CAMPO ISLAM - RAJA MODA,ALL STREETS,,RR,Residential - Regular,280.0
raw,"RDO No. 93A - Zamboanga City and RDO No. 93B - Zamboanga, Sibugay.",,1995-12-25,,ZAMBOANGA DEL SUR,ZAMBOANGA CITY,CAMPO ISLAM - RAJA MODA,ALL STREETS,,I,Industrial,380.0
raw,"RDO No. 93A - Zamboanga City and RDO No. 93B - Zamboanga, Sibugay.",,1990-01-02,,ZAMBOANGA DEL SUR,ZAMBOANGA CITY,CAMPO ISLAM - RAJA MODA,ALL STREETS,,RR,Residential - Regular,150.0
raw,"RDO No. 93A - Zamboanga City and RDO No. 93B - Zamboanga, Sibugay.",,1990-01-02,,ZAMBOANGA DEL SUR,ZAMBOANGA CITY,CAMPO ISLAM - RAJA MODA,ALL STREETS,,I,Industrial,180.0
raw,"RDO No. 93A - Zamboanga City and RDO No. 93B - Zamboanga, Sibugay.",008-2024,"Feb. 17, 2024",4TH,ZAMBOANGA DEL SUR,ZAMBOANGA CITY,CANELA,ALL OTHER STREETS,INTERIOR LOT,CR,Commercial - Regular,6900.0
raw,"RDO No. 93A - Zamboanga City and RDO No. 93B - Zamboanga, Sibugay.",008-2024,"Feb. 17, 2024",4TH,ZAMBOANGA DEL SUR,ZAMBOANGA CITY,CANELA,ALL OTHER STREETS,INTERIOR LOT,RR,Residential - Regular,4500.0
raw,"RDO No. 93A - Zamboanga City and RDO No. 93B - Zamboanga, Sibugay.",008-2024,"Feb. 17, 2024",4TH,ZAMBOANGA DEL SUR,ZAMBOANGA CITY,CANELA,ALL OTHER STREETS,INTERIOR LOT,RR,Residential - Regular,3100.0
raw,"RDO No. 93A - Zamboanga City and RDO No. 93B - Zamboanga, Sibugay.",008-2024,"Feb. 17, 2024",4TH,ZAMBOANGA DEL SUR,ZAMBOANGA CITY,CANELA,CLARET,INTERIOR LOT,CR,Commercial - Regular,9800.0
raw,"RDO No. 93A - Zamboanga City and RDO No. 93B - Zamboanga, Sibugay.",008-2024,"Feb. 17, 2024",4TH,ZAMBOANGA DEL SUR,ZAMBOANGA CITY,CANELA,CLARET,INTERIOR LOT,RR,Residential - Regular,4700.0
raw,"RDO No. 93A - Zamboanga City and RDO No. 93B - Zamboanga, Sibugay.",008-2024,"Feb. 17, 2024",4TH,ZAMBOANGA DEL SUR,ZAMBOANGA CITY,CANELA,CLARET,INTERIOR LOT,RR,Residential - Regular,3200.0
raw,"RDO No. 93A - Zamboanga City and RDO No. 93B - Zamboanga, Sibugay.",008-2024,"Feb. 17, 2024",4TH,ZAMBOANGA DEL SUR,ZAMBOANGA CITY,CANELA,GOV. CAMINS AVE,,CR,Commercial - Regular,10300.0
raw,"RDO No. 93A - Zamboanga City and RDO No. 93B - Zamboanga, Sibugay.",008-2024,"Feb. 17, 2024",4TH,ZAMBOANGA DEL SUR,ZAMBOANGA CITY,CANELA,GOV. CAMINS AVE,,RR,Residential - Regular,5700.0
raw,"RDO No. 93A - Zamboanga City and RDO No. 93B - Zamboanga, Sibugay.",008-2024,"Feb. 17, 2024",4TH,ZAMBOANGA DEL SUR,ZAMBOANGA CITY,CANELA,GOV. CAMINS AVE,INTERIOR LOT,RR,Residential - Regular,3400.0
raw,"RDO No. 93A - Zamboanga City and RDO No. 93B - Zamboanga, Sibugay.",,,,ZAMBOANGA DEL SUR,ZAMBOANGA CITY,CANELAR,ALL OTHER STREETS,,CR,Commercial - Regular,3425.0
raw,"RDO No. 93A - Zamboanga City and RDO No. 93B - Zamboanga, Sibugay.",,,,ZAMBOANGA DEL SUR,ZAMBOANGA CITY,CANELAR,ALL OTHER STREETS,,RR,Residential - Regular,1500.0
raw,"RDO No. 93A - Zamboanga City and RDO No. 93B - Zamboanga, Sibugay.",,,,ZAMBOANGA DEL SUR,ZAMBOANGA CITY,CANELAR,ALL OTHER STREETS,,CR,Commercial - Regular,950.0
raw,"RDO No. 93A - Zamboanga City and RDO No. 93B - Zamboanga, Sibugay.",,,,ZAMBOANGA DEL SUR,ZAMBOANGA CITY,CANELAR,ALL OTHER STREETS,,RR,Residential - Regular,400.0
raw,"RDO No. 93A - Zamboanga City and RDO No. 93B - Zamboanga, Sibugay.",,,,ZAMBOANGA DEL SUR,ZAMBOANGA CITY,CANELAR,ALL OTHER STREETS,,CR,Commercial - Regular,500.0
raw,"RDO No. 93A - Zamboanga City and RDO No. 93B - Zamboanga, Sibugay.",,,,ZAMBOANGA DEL SUR,ZAMBOANGA CITY,CANELAR,ALL OTHER STREETS,,RR,Residential - Regular,240.0
raw,"RDO No. 93A - Zamboanga City and RDO No. 93B - Zamboanga, Sibugay.",,2010-08-06,,ZAMBOANGA DEL SUR,ZAMBOANGA CITY,CANELAR,ALL OTHER STREETS,,CR,Commercial - Regular,3425.0
raw,"RDO No. 93A - Zamboanga City and RDO No. 93B - Zamboanga, Sibugay.",,2010-08-06,,ZAMBOANGA DEL SUR,ZAMBOANGA CITY,CANELAR,ALL OTHER STREETS,,RR,Residential - Regular,1500.0
raw,"RDO No. 93A - Zamboanga City and RDO No. 93B - Zamboanga, Sibugay.",,1995-12-25,,ZAMBOANGA DEL SUR,ZAMBOANGA CITY,CANELAR,ALL OTHER STREETS,,CR,Commercial - Regular,950.0
raw,"RDO No. 93A - Zamboanga City and RDO No. 93B - Zamboanga, Sibugay.",,1995-12-25,,ZAMBOANGA DEL SUR,ZAMBOANGA CITY,CANELAR,ALL OTHER STREETS,,RR,Residential - Regular,400.0
raw,"RDO No. 93A - Zamboanga City and RDO No. 93B - Zamboanga, Sibugay.",,1990-01-02,,ZAMBOANGA DEL SUR,ZAMBOANGA CITY,CANELAR,ALL OTHER STREETS,,CR,Commercial - Regular,500.0
raw,"RDO No. 93A - Zamboanga City and RDO No. 93B - Zamboanga, Sibugay.",,1990-01-02,,ZAMBOANGA DEL SUR,ZAMBOANGA CITY,CANELAR,ALL OTHER STREETS,,RR,Residential - Regular,240.0
raw,"RDO No. 93A - Zamboanga City and RDO No. 93B - Zamboanga, Sibugay.",,,,ZAMBOANGA DEL SUR,ZAMBOANGA CITY,CANELAR,CLARET,,RR,Residential - Regular,1500.0
raw,"RDO No. 93A - Zamboanga City and RDO No. 93B - Zamboanga, Sibugay.",,,,ZAMBOANGA DEL SUR,ZAMBOANGA CITY,CANELAR,CLARET,,RR,Residential - Regular,500.0
raw,"RDO No. 93A - Zamboanga City and RDO No. 93B - Zamboanga, Sibugay.",,2010-08-06,,ZAMBOANGA DEL SUR,ZAMBOANGA CITY,CANELAR,CLARET,,RR,Residential - Regular,1500.0
raw,"RDO No. 93A - Zamboanga City and RDO No. 93B - Zamboanga, Sibugay.",,1995-12-25,,ZAMBOANGA DEL SUR,ZAMBOANGA CITY,CANELAR,CLARET,,RR,Residential - Regular,500.0
raw,"RDO No. 93A - Zamboanga City and RDO No. 93B - Zamboanga, Sibugay.",,,,ZAMBOANGA DEL SUR,ZAMBOANGA CITY,CANELAR,GOV. CAMINS AVE,,CR,Commercial - Regular,4950.0
raw,"RDO No. 93A - Zamboanga City and RDO No. 93B - Zamboanga, Sibugay.",,,,ZAMBOANGA DEL SUR,ZAMBOANGA CITY,CANELAR,GOV. CAMINS AVE,,RR,Residential - Regular,3975.0
raw,"RDO No. 93A - Zamboanga City and RDO No. 93B - Zamboanga, Sibugay.",,,,ZAMBOANGA DEL SUR,ZAMBOANGA CITY,CANELAR,GOV. CAMINS AVE,,CR,Commercial - Regular,1300.0
raw,"RDO No. 93A - Zamboanga City and RDO No. 93B - Zamboanga, Sibugay.",,,,ZAMBOANGA DEL SUR,ZAMBOANGA CITY,CANELAR,GOV. CAMINS AVE,,RR,Residential - Regular,650.0
raw,"RDO No. 93A - Zamboanga City and RDO No. 93B - Zamboanga, Sibugay.",,,,ZAMBOANGA DEL SUR,ZAMBOANGA CITY,CANELAR,GOV. CAMINS AVE,,CR,Commercial - Regular,500.0
raw,"RDO No. 93A - Zamboanga City and RDO No. 93B - Zamboanga, Sibugay.",,,,ZAMBOANGA DEL SUR,ZAMBOANGA CITY,CANELAR,GOV. CAMINS AVE,,RR,Residential - Regular,240.0
raw,"RDO No. 93A - Zamboanga City and RDO No. 93B - Zamboanga, Sibugay.",,2010-08-06,,ZAMBOANGA DEL SUR,ZAMBOANGA CITY,CANELAR,GOV. CAMINS AVE,,CR,Commercial - Regular,4950.0
raw,"RDO No. 93A - Zamboanga City and RDO No. 93B - Zamboanga, Sibugay.",,2010-08-06,,ZAMBOANGA DEL SUR,ZAMBOANGA CITY,CANELAR,GOV. CAMINS AVE,,RR,Residential - Regular,3975.0
raw,"RDO No. 93A - Zamboanga City and RDO No. 93B - Zamboanga, Sibugay.",,1995-12-25,,ZAMBOANGA DEL SUR,ZAMBOANGA CITY,CANELAR,GOV. CAMINS AVE,,CR,Commercial - Regular,1300.0
raw,"RDO No. 93A - Zamboanga City and RDO No. 93B - Zamboanga, Sibugay.",,1995-12-25,,ZAMBOANGA DEL SUR,ZAMBOANGA CITY,CANELAR,GOV. CAMINS AVE,,RR,Residential - Regular,650.0
raw,"RDO No. 93A - Zamboanga City and RDO No. 93B - Zamboanga, Sibugay.",,1990-01-02,,ZAMBOANGA DEL SUR,ZAMBOANGA CITY,CANELAR,GOV. CAMINS AVE,,CR,Commercial - Regular,500.0
raw,"RDO No. 93A - Zamboanga City and RDO No. 93B - Zamboanga, Sibugay.",,1990-01-02,,ZAMBOANGA DEL SUR,ZAMBOANGA CITY,CANELAR,GOV. CAMINS AVE,,RR,Residential - Regular,240.0
raw,"RDO No. 93A - Zamboanga City and RDO No. 93B - Zamboanga, Sibugay.",,,,ZAMBOANGA DEL SUR,ZAMBOANGA CITY,CANELAR,M. JALDON ST,,RR,Residential - Regular,2100.0
raw,"RDO No. 93A - Zamboanga City and RDO No. 93B - Zamboanga, Sibugay.",,,,ZAMBOANGA DEL SUR,ZAMBOANGA CITY,CANELAR,M. JALDON ST,,CR,Commercial - Regular,5800.0
raw,"RDO No. 93A - Zamboanga City and RDO No. 93B - Zamboanga, Sibugay.",,,,ZAMBOANGA DEL SUR,ZAMBOANGA CITY,CANELAR,M. JALDON ST,,RR,Residential - Regular,400.0
raw,"RDO No. 93A - Zamboanga City and RDO No. 93B - Zamboanga, Sibugay.",,,,ZAMBOANGA DEL SUR,ZAMBOANGA CITY,CANELAR,M. JALDON ST,,CR,Commercial - Regular,1200.0
raw,"RDO No. 93A - Zamboanga City and RDO No. 93B - Zamboanga, Sibugay.",,,,ZAMBOANGA DEL SUR,ZAMBOANGA CITY,CANELAR,M. JALDON ST,,RC,Residential - Condominium,1000.0
raw,"RDO No. 93A - Zamboanga City and RDO No. 93B - Zamboanga, Sibugay.",,,,ZAMBOANGA DEL SUR,ZAMBOANGA CITY,CANELAR,M. JALDON ST,,RR,Residential - Regular,240.0
raw,"RDO No. 93A - Zamboanga City and RDO No. 93B - Zamboanga, Sibugay.",,,,ZAMBOANGA DEL SUR,ZAMBOANGA CITY,CANELAR,M. JALDON ST,,CR,Commercial - Regular,800.0
raw,"RDO No. 93A - Zamboanga City and RDO No. 93B - Zamboanga, Sibugay.",,,,ZAMBOANGA DEL SUR,ZAMBOANGA CITY,CANELAR,M. JALDON ST,,RC,Residential - Condominium,800.0
raw,"RDO No. 93A - Zamboanga City and RDO No. 93B - Zamboanga, Sibugay.",,,,ZAMBOANGA DEL SUR,ZAMBOANGA CITY,CANELAR,M. JALDON ST,,X,Special / Other,1400.0
raw,"RDO No. 93A - Zamboanga City and RDO No. 93B - Zamboanga, Sibugay.",008-2024,"Feb. 17, 2024",4TH,ZAMBOANGA DEL SUR,ZAMBOANGA CITY,CANELAR,M. JALDON ST,GOV. ALVAREZ AVE. TO GOV. CAMINS AVE.,CR,Commercial - Regular,10500.0
raw,"RDO No. 93A - Zamboanga City and RDO No. 93B - Zamboanga, Sibugay.",008-2024,"Feb. 17, 2024",4TH,ZAMBOANGA DEL SUR,ZAMBOANGA CITY,CANELAR,M. JALDON ST,GOV. ALVAREZ AVE. TO GOV. CAMINS AVE.,RR,Residential - Regular,6500.0
raw,"RDO No. 93A - Zamboanga City and RDO No. 93B - Zamboanga, Sibugay.",008-2024,"Feb. 17, 2024",4TH,ZAMBOANGA DEL SUR,ZAMBOANGA CITY,CANELAR,M. JALDON ST,INTERIOR LOT,RR,Residential - Regular,4600.0
raw,"RDO No. 93A - Zamboanga City and RDO No. 93B - Zamboanga, Sibugay.",,2010-08-06,,ZAMBOANGA DEL SUR,ZAMBOANGA CITY,CANELAR,M. JALDON ST,,RR,Residential - Regular,2100.0
raw,"RDO No. 93A - Zamboanga City and RDO No. 93B - Zamboanga, Sibugay.",,2010-08-06,,ZAMBOANGA DEL SUR,ZAMBOANGA CITY,CANELAR,M. JALDON ST,,CR,Commercial - Regular,5800.0
raw,"RDO No. 93A - Zamboanga City and RDO No. 93B - Zamboanga, Sibugay.",,1995-12-25,,ZAMBOANGA DEL SUR,ZAMBOANGA CITY,CANELAR,M. JALDON ST,,RR,Residential - Regular,400.0
raw,"RDO No. 93A - Zamboanga City and RDO No. 93B - Zamboanga, Sibugay.",,1995-12-25,,ZAMBOANGA DEL SUR,ZAMBOANGA CITY,CANELAR,M. JALDON ST,,CR,Commercial - Regular,1200.0
raw,"RDO No. 93A - Zamboanga City and RDO No. 93B - Zamboanga, Sibugay.",,1995-12-25,,ZAMBOANGA DEL SUR,ZAMBOANGA CITY,CANELAR,M. JALDON ST,,RC,Residential - Condominium,1000.0
raw,"RDO No. 93A - Zamboanga City and RDO No. 93B - Zamboanga, Sibugay.",,1990-01-02,,ZAMBOANGA DEL SUR,ZAMBOANGA CITY,CANELAR,M. JALDON ST,,RR,Residential - Regular,240.0
raw,"RDO No. 93A - Zamboanga City and RDO No. 93B - Zamboanga, Sibugay.",,1990-01-02,,ZAMBOANGA DEL SUR,ZAMBOANGA CITY,CANELAR,M. JALDON ST,,CR,Commercial - Regular,800.0
raw,"RDO No. 93A - Zamboanga City and RDO No. 93B - Zamboanga, Sibugay.",,1990-01-02,,ZAMBOANGA DEL SUR,ZAMBOANGA CITY,CANELAR,M. JALDON ST,,RC,Residential - Condominium,800.0
raw,"RDO No. 93A - Zamboanga City and RDO No. 93B - Zamboanga, Sibugay.",,1990-01-02,,ZAMBOANGA DEL SUR,ZAMBOANGA CITY,CANELAR,M. JALDON ST,,X,Special / Other,1400.0
raw,"RDO No. 93A - Zamboanga City and RDO No. 93B - Zamboanga, Sibugay.",,,,ZAMBOANGA DEL SUR,ZAMBOANGA CITY,CANELAR,MORET,,RR,Residential - Regular,2500.0
raw,"RDO No. 93A - Zamboanga City and RDO No. 93B - Zamboanga, Sibugay.",,,,ZAMBOANGA DEL SUR,ZAMBOANGA CITY,CANELAR,MORET,,X,Special / Other,5400.0
raw,"RDO No. 93A - Zamboanga City and RDO No. 93B - Zamboanga, Sibugay.",,,,ZAMBOANGA DEL SUR,ZAMBOANGA CITY,CANELAR,MORET,,RR,Residential - Regular,600.0
raw,"RDO No. 93A - Zamboanga City and RDO No. 93B - Zamboanga, Sibugay.",,,,ZAMBOANGA DEL SUR,ZAMBOANGA CITY,CANELAR,MORET,,X,Special / Other,1800.0
raw,"RDO No. 93A - Zamboanga City and RDO No. 93B - Zamboanga, Sibugay.",,,,ZAMBOANGA DEL SUR,ZAMBOANGA CITY,CANELAR,MORET,,X,Special / Other,240.0
raw,"RDO No. 93A - Zamboanga City and RDO No. 93B - Zamboanga, Sibugay.",008-2024,"Feb. 17, 2024",4TH,ZAMBOANGA DEL SUR,ZAMBOANGA CITY,CANELAR,MORET,INTERIOR LOT,CR,Commercial - Regular,6500.0
raw,"RDO No. 93A - Zamboanga City and RDO No. 93B - Zamboanga, Sibugay.",008-2024,"Feb. 17, 2024",4TH,ZAMBOANGA DEL SUR,ZAMBOANGA CITY,CANELAR,MORET,INTERIOR LOT,RR,Residential - Regular,4900.0
raw,"RDO No. 93A - Zamboanga City and RDO No. 93B - Zamboanga, Sibugay.",008-2024,"Feb. 17, 2024",4TH,ZAMBOANGA DEL SUR,ZAMBOANGA CITY,CANELAR,MORET,INTERIOR LOT,X,Special / Other,7900.0
raw,"RDO No. 93A - Zamboanga City and RDO No. 93B - Zamboanga, Sibugay.",008-2024,"Feb. 17, 2024",4TH,ZAMBOANGA DEL SUR,ZAMBOANGA CITY,CANELAR,MORET,INTERIOR LOT,RR,Residential - Regular,3200.0
raw,"RDO No. 93A - Zamboanga City and RDO No. 93B - Zamboanga, Sibugay.",,2010-08-06,,ZAMBOANGA DEL SUR,ZAMBOANGA CITY,CANELAR,MORET,,RR,Residential - Regular,2500.0
raw,"RDO No. 93A - Zamboanga City and RDO No. 93B - Zamboanga, Sibugay.",,2010-08-06,,ZAMBOANGA DEL SUR,ZAMBOANGA CITY,CANELAR,MORET,,X,Special / Other,5400.0
raw,"RDO No. 93A - Zamboanga City and RDO No. 93B - Zamboanga, Sibugay.",,1995-12-25,,ZAMBOANGA DEL SUR,ZAMBOANGA CITY,CANELAR,MORET,,RR,Residential - Regular,600.0
raw,"RDO No. 93A - Zamboanga City and RDO No. 93B - Zamboanga, Sibugay.",,1995-12-25,,ZAMBOANGA DEL SUR,ZAMBOANGA CITY,CANELAR,MORET,,X,Special / Other,1800.0
raw,"RDO No. 93A - Zamboanga City and RDO No. 93B - Zamboanga, Sibugay.",,1990-01-02,,ZAMBOANGA DEL SUR,ZAMBOANGA CITY,CANELAR,MORET,,X,Special / Other,240.0
raw,"RDO No. 93A - Zamboanga City and RDO No. 93B - Zamboanga, Sibugay.",,,,ZAMBOANGA DEL SUR,ZAMBOANGA CITY,CANELAR,SAN JOSE RD,,RR,Residential - Regular,2200.0
raw,"RDO No. 93A - Zamboanga City and RDO No. 93B - Zamboanga, Sibugay.",,,,ZAMBOANGA DEL SUR,ZAMBOANGA CITY,CANELAR,SAN JOSE RD,,RR,Residential - Regular,400.0
raw,"RDO No. 93A - Zamboanga City and RDO No. 93B - Zamboanga, Sibugay.",,,,ZAMBOANGA DEL SUR,ZAMBOANGA CITY,CANELAR,SAN JOSE RD,,RR,Residential - Regular,240.0
raw,"RDO No. 93A - Zamboanga City and RDO No. 93B - Zamboanga, Sibugay.",,2010-08-06,,ZAMBOANGA DEL SUR,ZAMBOANGA CITY,CANELAR,SAN JOSE RD,,RR,Residential - Regular,2200.0
raw,"RDO No. 93A - Zamboanga City and RDO No. 93B - Zamboanga, Sibugay.",,1995-12-25,,ZAMBOANGA DEL SUR,ZAMBOANGA CITY,CANELAR,SAN JOSE RD,,RR,Residential - Regular,400.0
raw,"RDO No. 93A - Zamboanga City and RDO No. 93B - Zamboanga, Sibugay.",,1990-01-02,,ZAMBOANGA DEL SUR,ZAMBOANGA CITY,CANELAR,SAN JOSE RD,,RR,Residential - Regular,240.0
raw,"RDO No. 93A - Zamboanga City and RDO No. 93B - Zamboanga, Sibugay.",008-2024,"Feb. 17, 2024",4TH,ZAMBOANGA DEL SUR,ZAMBOANGA CITY,CANELAR,SAN JOSE ROAD,INTERIOR LOT,CR,Commercial - Regular,9900.0
raw,"RDO No. 93A - Zamboanga City and RDO No. 93B - Zamboanga, Sibugay.",008-2024,"Feb. 17, 2024",4TH,ZAMBOANGA DEL SUR,ZAMBOANGA CITY,CANELAR,SAN JOSE ROAD,INTERIOR LOT,RR,Residential - Regular,4800.0
raw,"RDO No. 93A - Zamboanga City and RDO No. 93B - Zamboanga, Sibugay.",008-2024,"Feb. 17, 2024",4TH,ZAMBOANGA DEL SUR,ZAMBOANGA CITY,CANELAR,SAN JOSE ROAD,INTERIOR LOT,RR,Residential - Regular,3200.0
raw,"RDO No. 93A - Zamboanga City and RDO No. 93B - Zamboanga, Sibugay.",,,,ZAMBOANGA DEL SUR,ZAMBOANGA CITY,CAPISAN,ALL LOTS,,RR,Residential - Regular,100.0
raw,"RDO No. 93A - Zamboanga City and RDO No. 93B - Zamboanga, Sibugay.",,,,ZAMBOANGA DEL SUR,ZAMBOANGA CITY,CAPISAN,ALL LOTS,,A50,Agricultural - A50,12.0
raw,"RDO No. 93A - Zamboanga City and RDO No. 93B - Zamboanga, Sibugay.",008-2024,"Feb. 17, 2024",4TH,ZAMBOANGA DEL SUR,ZAMBOANGA CITY,CAPISAN,ALL LOTS,,RR,Residential - Regular,1500.0
raw,"RDO No. 93A - Zamboanga City and RDO No. 93B - Zamboanga, Sibugay.",008-2024,"Feb. 17, 2024",4TH,ZAMBOANGA DEL SUR,ZAMBOANGA CITY,CAPISAN,ALL LOTS,,A50,Agricultural - A50,50.0
raw,"RDO No. 93A - Zamboanga City and RDO No. 93B - Zamboanga, Sibugay.",008-2024,"Feb. 17, 2024",4TH,ZAMBOANGA DEL SUR,ZAMBOANGA CITY,CAPISAN,ALL LOTS,INTERIOR LOT,RR,Residential - Regular,900.0
raw,"RDO No. 93A - Zamboanga City and RDO No. 93B - Zamboanga, Sibugay.",,2010-08-06,,ZAMBOANGA DEL SUR,ZAMBOANGA CITY,CAPISAN,ALL LOTS,,RR,Residential - Regular,100.0
raw,"RDO No. 93A - Zamboanga City and RDO No. 93B - Zamboanga, Sibugay.",,2010-08-06,,ZAMBOANGA DEL SUR,ZAMBOANGA CITY,CAPISAN,ALL LOTS,,A50,Agricultural - A50,12.0
raw,"RDO No. 93A - Zamboanga City and RDO No. 93B - Zamboanga, Sibugay.",,,,ZAMBOANGA DEL SUR,ZAMBOANGA CITY,CAPISAN,ALL STREETS,,A,Agricultural,4.0
raw,"RDO No. 93A - Zamboanga City and RDO No. 93B - Zamboanga, Sibugay.",,,,ZAMBOANGA DEL SUR,ZAMBOANGA CITY,CAPISAN,ALL STREETS,,A,Agricultural,1.0
raw,"RDO No. 93A - Zamboanga City and RDO No. 93B - Zamboanga, Sibugay.",,1995-12-25,,ZAMBOANGA DEL SUR,ZAMBOANGA CITY,CAPISAN,ALL STREETS,,A,Agricultural,4.0
raw,"RDO No. 93A - Zamboanga City and RDO No. 93B - Zamboanga, Sibugay.",,1990-01-02,,ZAMBOANGA DEL SUR,ZAMBOANGA CITY,CAPISAN,ALL STREETS,,A,Agricultural,1.0
raw,"RDO No. 93A - Zamboanga City and RDO No. 93B - Zamboanga, Sibugay.",,,,ZAMBOANGA DEL SUR,ZAMBOANGA CITY,CAWIT,ALL LOTS,,RR,Residential - Regular,250.0
raw,"RDO No. 93A - Zamboanga City and RDO No. 93B - Zamboanga, Sibugay.",,,,ZAMBOANGA DEL SUR,ZAMBOANGA CITY,CAWIT,ALL LOTS,,I,Industrial,390.0
raw,"RDO No. 93A - Zamboanga City and RDO No. 93B - Zamboanga, Sibugay.",,,,ZAMBOANGA DEL SUR,ZAMBOANGA CITY,CAWIT,ALL LOTS,,A50,Agricultural - A50,11.0
raw,"RDO No. 93A - Zamboanga City and RDO No. 93B - Zamboanga, Sibugay.",008-2024,"Feb. 17, 2024",4TH,ZAMBOANGA DEL SUR,ZAMBOANGA CITY,CAWIT,ALL LOTS,,CR,Commercial - Regular,2500.0
raw,"RDO No. 93A - Zamboanga City and RDO No. 93B - Zamboanga, Sibugay.",008-2024,"Feb. 17, 2024",4TH,ZAMBOANGA DEL SUR,ZAMBOANGA CITY,CAWIT,ALL LOTS,,RR,Residential - Regular,1200.0
raw,"RDO No. 93A - Zamboanga City and RDO No. 93B - Zamboanga, Sibugay.",008-2024,"Feb. 17, 2024",4TH,ZAMBOANGA DEL SUR,ZAMBOANGA CITY,CAWIT,ALL LOTS,,I,Industrial,3800.0
raw,"RDO No. 93A - Zamboanga City and RDO No. 93B - Zamboanga, Sibugay.",008-2024,"Feb. 17, 2024",4TH,ZAMBOANGA DEL SUR,ZAMBOANGA CITY,CAWIT,ALL LOTS,,A50,Agricultural - A50,190.0
raw,"RDO No. 93A - Zamboanga City and RDO No. 93B - Zamboanga, Sibugay.",008-2024,"Feb. 17, 2024",4TH,ZAMBOANGA DEL SUR,ZAMBOANGA CITY,CAWIT,ALL LOTS,INTERIOR LOT,RR,Residential - Regular,500.0
raw,"RDO No. 93A - Zamboanga City and RDO No. 93B - Zamboanga, Sibugay.",,2010-08-06,,ZAMBOANGA DEL SUR,ZAMBOANGA CITY,CAWIT,ALL LOTS,,RR,Residential - Regular,250.0
raw,"RDO No. 93A - Zamboanga City and RDO No. 93B - Zamboanga, Sibugay.",,2010-08-06,,ZAMBOANGA DEL SUR,ZAMBOANGA CITY,CAWIT,ALL LOTS,,I,Industrial,390.0
raw,"RDO No. 93A - Zamboanga City and RDO No. 93B - Zamboanga, Sibugay.",,2010-08-06,,ZAMBOANGA DEL SUR,ZAMBOANGA CITY,CAWIT,ALL LOTS,,A50,Agricultural - A50,11.0
raw,"RDO No. 93A - Zamboanga City and RDO No. 93B - Zamboanga, Sibugay.",,,,ZAMBOANGA DEL SUR,ZAMBOANGA CITY,CAWIT,ALL STREETS,,RR,Residential - Regular,50.0
raw,"RDO No. 93A - Zamboanga City and RDO No. 93B - Zamboanga, Sibugay.",,,,ZAMBOANGA DEL SUR,ZAMBOANGA CITY,CAWIT,ALL STREETS,,I,Industrial,80.0
raw,"RDO No. 93A - Zamboanga City and RDO No. 93B - Zamboanga, Sibugay.",,,,ZAMBOANGA DEL SUR,ZAMBOANGA CITY,CAWIT,ALL STREETS,,A,Agricultural,6.5
raw,"RDO No. 93A - Zamboanga City and RDO No. 93B - Zamboanga, Sibugay.",,,,ZAMBOANGA DEL SUR,ZAMBOANGA CITY,CAWIT,ALL STREETS,,RR,Residential - Regular,30.0
raw,"RDO No. 93A - Zamboanga City and RDO No. 93B - Zamboanga, Sibugay.",,,,ZAMBOANGA DEL SUR,ZAMBOANGA CITY,CAWIT,ALL STREETS,,I,Industrial,50.0
raw,"RDO No. 93A - Zamboanga City and RDO No. 93B - Zamboanga, Sibugay.",,,,ZAMBOANGA DEL SUR,ZAMBOANGA CITY,CAWIT,ALL STREETS,,A,Agricultural,2.0
raw,"RDO No. 93A - Zamboanga City and RDO No. 93B - Zamboanga, Sibugay.",,1995-12-25,,ZAMBOANGA DEL SUR,ZAMBOANGA CITY,CAWIT,ALL STREETS,,RR,Residential - Regular,50.0
raw,"RDO No. 93A - Zamboanga City and RDO No. 93B - Zamboanga, Sibugay.",,1995-12-25,,ZAMBOANGA DEL SUR,ZAMBOANGA CITY,CAWIT,ALL STREETS,,I,Industrial,80.0
raw,"RDO No. 93A - Zamboanga City and RDO No. 93B - Zamboanga, Sibugay.",,1995-12-25,,ZAMBOANGA DEL SUR,ZAMBOANGA CITY,CAWIT,ALL STREETS,,A,Agricultural,6.5
raw,"RDO No. 93A - Zamboanga City and RDO No. 93B - Zamboanga, Sibugay.",,1990-01-02,,ZAMBOANGA DEL SUR,ZAMBOANGA CITY,CAWIT,ALL STREETS,,RR,Residential - Regular,30.0
raw,"RDO No. 93A - Zamboanga City and RDO No. 93B - Zamboanga, Sibugay.",,1990-01-02,,ZAMBOANGA DEL SUR,ZAMBOANGA CITY,CAWIT,ALL STREETS,,I,Industrial,50.0
raw,"RDO No. 93A - Zamboanga City and RDO No. 93B - Zamboanga, Sibugay.",,1990-01-02,,ZAMBOANGA DEL SUR,ZAMBOANGA CITY,CAWIT,ALL STREETS,,A,Agricultural,2.0
raw,"RDO No. 93A - Zamboanga City and RDO No. 93B - Zamboanga, Sibugay.",,,,ZAMBOANGA DEL SUR,ZAMBOANGA CITY,CULIANAN,ALL LOTS,,RR,Residential - Regular,225.0
raw,"RDO No. 93A - Zamboanga City and RDO No. 93B - Zamboanga, Sibugay.",,,,ZAMBOANGA DEL SUR,ZAMBOANGA CITY,CULIANAN,ALL LOTS,INTERIOR,RR,Residential - Regular,90.0
raw,"RDO No. 93A - Zamboanga City and RDO No. 93B - Zamboanga, Sibugay.",,,,ZAMBOANGA DEL SUR,ZAMBOANGA CITY,CULIANAN,ALL LOTS,INTERIOR,A50,Agricultural - A50,11.0
raw,"RDO No. 93A - Zamboanga City and RDO No. 93B - Zamboanga, Sibugay.",008-2024,"Feb. 17, 2024",4TH,ZAMBOANGA DEL SUR,ZAMBOANGA CITY,CULIANAN,ALL LOTS,,CR,Commercial - Regular,2500.0
raw,"RDO No. 93A - Zamboanga City and RDO No. 93B - Zamboanga, Sibugay.",008-2024,"Feb. 17, 2024",4TH,ZAMBOANGA DEL SUR,ZAMBOANGA CITY,CULIANAN,ALL LOTS,,RR,Residential - Regular,1500.0
raw,"RDO No. 93A - Zamboanga City and RDO No. 93B - Zamboanga, Sibugay.",008-2024,"Feb. 17, 2024",4TH,ZAMBOANGA DEL SUR,ZAMBOANGA CITY,CULIANAN,ALL LOTS,,A4,Agricultural - A4,60.0
raw,"RDO No. 93A - Zamboanga City and RDO No. 93B - Zamboanga, Sibugay.",008-2024,"Feb. 17, 2024",4TH,ZAMBOANGA DEL SUR,ZAMBOANGA CITY,CULIANAN,ALL LOTS,,A50,Agricultural - A50,50.0
raw,"RDO No. 93A - Zamboanga City and RDO No. 93B - Zamboanga, Sibugay.",008-2024,"Feb. 17, 2024",4TH,ZAMBOANGA DEL SUR,ZAMBOANGA CITY,CULIANAN,ALL LOTS,INTERIOR LOT,RR,Residential - Regular,1100.0
raw,"RDO No. 93A - Zamboanga City and RDO No. 93B - Zamboanga, Sibugay.",,2010-08-06,,ZAMBOANGA DEL SUR,ZAMBOANGA CITY,CULIANAN,ALL LOTS,,RR,Residential - Regular,225.0
raw,"RDO No. 93A - Zamboanga City and RDO No. 93B - Zamboanga, Sibugay.",,2010-08-06,,ZAMBOANGA DEL SUR,ZAMBOANGA CITY,CULIANAN,ALL LOTS,INTERIOR,RR,Residential - Regular,90.0
raw,"RDO No. 93A - Zamboanga City and RDO No. 93B - Zamboanga, Sibugay.",,2010-08-06,,ZAMBOANGA DEL SUR,ZAMBOANGA CITY,CULIANAN,ALL LOTS,INTERIOR,A50,Agricultural - A50,11.0
raw,"RDO No. 93A - Zamboanga City and RDO No. 93B - Zamboanga, Sibugay.",008-2024,"Feb. 17, 2024",4TH,ZAMBOANGA DEL SUR,ZAMBOANGA CITY,CULIANAN,ALL OTHER SUBDIVISION,INTERIOR LOT,RR,Residential - Regular,2600.0
raw,"RDO No. 93A - Zamboanga City and RDO No. 93B - Zamboanga, Sibugay.",008-2024,"Feb. 17, 2024",4TH,ZAMBOANGA DEL SUR,ZAMBOANGA CITY,CULIANAN,ALL SOCIALIZED HOUSING SUBDIVISION,INTERIOR LOT,RR,Residential - Regular,1500.0
raw,"RDO No. 93A - Zamboanga City and RDO No. 93B - Zamboanga, Sibugay.",,,,ZAMBOANGA DEL SUR,ZAMBOANGA CITY,CULIANAN,ALL STREETS,,RR,Residential - Regular,120.0
raw,"RDO No. 93A - Zamboanga City and RDO No. 93B - Zamboanga, Sibugay.",,,,ZAMBOANGA DEL SUR,ZAMBOANGA CITY,CULIANAN,ALL STREETS,INTERIOR,RR,Residential - Regular,30.0
raw,"RDO No. 93A - Zamboanga City and RDO No. 93B - Zamboanga, Sibugay.",,,,ZAMBOANGA DEL SUR,ZAMBOANGA CITY,CULIANAN,ALL STREETS,INTERIOR,A,Agricultural,6.5
raw,"RDO No. 93A - Zamboanga City and RDO No. 93B - Zamboanga, Sibugay.",,,,ZAMBOANGA DEL SUR,ZAMBOANGA CITY,CULIANAN,ALL STREETS,,RR,Residential - Regular,30.0
raw,"RDO No. 93A - Zamboanga City and RDO No. 93B - Zamboanga, Sibugay.",,,,ZAMBOANGA DEL SUR,ZAMBOANGA CITY,CULIANAN,ALL STREETS,,A,Agricultural,2.0
raw,"RDO No. 93A - Zamboanga City and RDO No. 93B - Zamboanga, Sibugay.",,1995-12-25,,ZAMBOANGA DEL SUR,ZAMBOANGA CITY,CULIANAN,ALL STREETS,,RR,Residential - Regular,120.0
raw,"RDO No. 93A - Zamboanga City and RDO No. 93B - Zamboanga, Sibugay.",,1995-12-25,,ZAMBOANGA DEL SUR,ZAMBOANGA CITY,CULIANAN,ALL STREETS,INTERIOR,RR,Residential - Regular,30.0
raw,"RDO No. 93A - Zamboanga City and RDO No. 93B - Zamboanga, Sibugay.",,1995-12-25,,ZAMBOANGA DEL SUR,ZAMBOANGA CITY,CULIANAN,ALL STREETS,INTERIOR,A,Agricultural,6.5
raw,"RDO No. 93A - Zamboanga City and RDO No. 93B - Zamboanga, Sibugay.",,1990-01-02,,ZAMBOANGA DEL SUR,ZAMBOANGA CITY,CULIANAN,ALL STREETS,,RR,Residential - Regular,30.0
raw,"RDO No. 93A - Zamboanga City and RDO No. 93B - Zamboanga, Sibugay.",,1990-01-02,,ZAMBOANGA DEL SUR,ZAMBOANGA CITY,CULIANAN,ALL STREETS,,A,Agricultural,2.0
raw,"RDO No. 93A - Zamboanga City and RDO No. 93B - Zamboanga, Sibugay.",008-2024,"Feb. 17, 2024",4TH,ZAMBOANGA DEL SUR,ZAMBOANGA CITY,CULIANAN,VILLA TERESA SUBDIVISION,INTERIOR LOT,RR,Residential - Regular,4500.0
raw,"RDO No. 93A - Zamboanga City and RDO No. 93B - Zamboanga, Sibugay.",,,,ZAMBOANGA DEL SUR,ZAMBOANGA CITY,CURUAN,ALL LOTS,,RR,Residential - Regular,260.0
raw,"RDO No. 93A - Zamboanga City and RDO No. 93B - Zamboanga, Sibugay.",,,,ZAMBOANGA DEL SUR,ZAMBOANGA CITY,CURUAN,ALL LOTS,INTERIOR,RR,Residential - Regular,80.0
raw,"RDO No. 93A - Zamboanga City and RDO No. 93B - Zamboanga, Sibugay.",,,,ZAMBOANGA DEL SUR,ZAMBOANGA CITY,CURUAN,ALL LOTS,INTERIOR,A50,Agricultural - A50,11.0
raw,"RDO No. 93A - Zamboanga City and RDO No. 93B - Zamboanga, Sibugay.",008-2024,"Feb. 17, 2024",4TH,ZAMBOANGA DEL SUR,ZAMBOANGA CITY,CURUAN,ALL LOTS,,CR,Commercial - Regular,2000.0
raw,"RDO No. 93A - Zamboanga City and RDO No. 93B - Zamboanga, Sibugay.",008-2024,"Feb. 17, 2024",4TH,ZAMBOANGA DEL SUR,ZAMBOANGA CITY,CURUAN,ALL LOTS,,RR,Residential - Regular,1600.0
raw,"RDO No. 93A - Zamboanga City and RDO No. 93B - Zamboanga, Sibugay.",008-2024,"Feb. 17, 2024",4TH,ZAMBOANGA DEL SUR,ZAMBOANGA CITY,CURUAN,ALL LOTS,,A50,Agricultural - A50,50.0
raw,"RDO No. 93A - Zamboanga City and RDO No. 93B - Zamboanga, Sibugay.",008-2024,"Feb. 17, 2024",4TH,ZAMBOANGA DEL SUR,ZAMBOANGA CITY,CURUAN,ALL LOTS,INTERIOR LOT,RR,Residential - Regular,300.0
raw,"RDO No. 93A - Zamboanga City and RDO No. 93B - Zamboanga, Sibugay.",,2010-08-06,,ZAMBOANGA DEL SUR,ZAMBOANGA CITY,CURUAN,ALL LOTS,,RR,Residential - Regular,260.0
raw,"RDO No. 93A - Zamboanga City and RDO No. 93B - Zamboanga, Sibugay.",,2010-08-06,,ZAMBOANGA DEL SUR,ZAMBOANGA CITY,CURUAN,ALL LOTS,INTERIOR,RR,Residential - Regular,80.0
raw,"RDO No. 93A - Zamboanga City and RDO No. 93B - Zamboanga, Sibugay.",,2010-08-06,,ZAMBOANGA DEL SUR,ZAMBOANGA CITY,CURUAN,ALL LOTS,INTERIOR,A50,Agricultural - A50,11.0
raw,"RDO No. 93A - Zamboanga City and RDO No. 93B - Zamboanga, Sibugay.",,,,ZAMBOANGA DEL SUR,ZAMBOANGA CITY,CURUAN,ALL STREETS,,RR,Residential - Regular,90.0
raw,"RDO No. 93A - Zamboanga City and RDO No. 93B - Zamboanga, Sibugay.",,,,ZAMBOANGA DEL SUR,ZAMBOANGA CITY,CURUAN,ALL STREETS,INTERIOR,RR,Residential - Regular,26.0
raw,"RDO No. 93A - Zamboanga City and RDO No. 93B - Zamboanga, Sibugay.",,,,ZAMBOANGA DEL SUR,ZAMBOANGA CITY,CURUAN,ALL STREETS,INTERIOR,A,Agricultural,6.5
raw,"RDO No. 93A - Zamboanga City and RDO No. 93B - Zamboanga, Sibugay.",,,,ZAMBOANGA DEL SUR,ZAMBOANGA CITY,CURUAN,ALL STREETS,,RR,Residential - Regular,30.0
raw,"RDO No. 93A - Zamboanga City and RDO No. 93B - Zamboanga, Sibugay.",,,,ZAMBOANGA DEL SUR,ZAMBOANGA CITY,CURUAN,ALL STREETS,,A,Agricultural,2.0
raw,"RDO No. 93A - Zamboanga City and RDO No. 93B - Zamboanga, Sibugay.",,1995-12-25,,ZAMBOANGA DEL SUR,ZAMBOANGA CITY,CURUAN,ALL STREETS,,RR,Residential - Regular,90.0
raw,"RDO No. 93A - Zamboanga City and RDO No. 93B - Zamboanga, Sibugay.",,1995-12-25,,ZAMBOANGA DEL SUR,ZAMBOANGA CITY,CURUAN,ALL STREETS,INTERIOR,RR,Residential - Regular,26.0
raw,"RDO No. 93A - Zamboanga City and RDO No. 93B - Zamboanga, Sibugay.",,1995-12-25,,ZAMBOANGA DEL SUR,ZAMBOANGA CITY,CURUAN,ALL STREETS,INTERIOR,A,Agricultural,6.5
raw,"RDO No. 93A - Zamboanga City and RDO No. 93B - Zamboanga, Sibugay.",,1990-01-02,,ZAMBOANGA DEL SUR,ZAMBOANGA CITY,CURUAN,ALL STREETS,,RR,Residential - Regular,30.0
raw,"RDO No. 93A - Zamboanga City and RDO No. 93B - Zamboanga, Sibugay.",,1990-01-02,,ZAMBOANGA DEL SUR,ZAMBOANGA CITY,CURUAN,ALL STREETS,,A,Agricultural,2.0
raw,"RDO No. 93A - Zamboanga City and RDO No. 93B - Zamboanga, Sibugay.",,,,ZAMBOANGA DEL SUR,ZAMBOANGA CITY,DITA,ALL LOTS,,RR,Residential - Regular,100.0
raw,"RDO No. 93A - Zamboanga City and RDO No. 93B - Zamboanga, Sibugay.",,,,ZAMBOANGA DEL SUR,ZAMBOANGA CITY,DITA,ALL LOTS,,A50,Agricultural - A50,7.0
raw,"RDO No. 93A - Zamboanga City and RDO No. 93B - Zamboanga, Sibugay.",008-2024,"Feb. 17, 2024",4TH,ZAMBOANGA DEL SUR,ZAMBOANGA CITY,DITA,ALL LOTS,,RR,Residential - Regular,500.0
raw,"RDO No. 93A - Zamboanga City and RDO No. 93B - Zamboanga, Sibugay.",008-2024,"Feb. 17, 2024",4TH,ZAMBOANGA DEL SUR,ZAMBOANGA CITY,DITA,ALL LOTS,,A50,Agricultural - A50,60.0
raw,"RDO No. 93A - Zamboanga City and RDO No. 93B - Zamboanga, Sibugay.",,2010-08-06,,ZAMBOANGA DEL SUR,ZAMBOANGA CITY,DITA,ALL LOTS,,RR,Residential - Regular,100.0
raw,"RDO No. 93A - Zamboanga City and RDO No. 93B - Zamboanga, Sibugay.",,2010-08-06,,ZAMBOANGA DEL SUR,ZAMBOANGA CITY,DITA,ALL LOTS,,A50,Agricultural - A50,7.0
raw,"RDO No. 93A - Zamboanga City and RDO No. 93B - Zamboanga, Sibugay.",,,,ZAMBOANGA DEL SUR,ZAMBOANGA CITY,DITA,ALL STREETS,,A,Agricultural,4.0
raw,"RDO No. 93A - Zamboanga City and RDO No. 93B - Zamboanga, Sibugay.",,,,ZAMBOANGA DEL SUR,ZAMBOANGA CITY,DITA,ALL STREETS,,A,Agricultural,1.0
raw,"RDO No. 93A - Zamboanga City and RDO No. 93B - Zamboanga, Sibugay.",,1995-12-25,,ZAMBOANGA DEL SUR,ZAMBOANGA CITY,DITA,ALL STREETS,,A,Agricultural,4.0
raw,"RDO No. 93A - Zamboanga City and RDO No. 93B - Zamboanga, Sibugay.",,1990-01-02,,ZAMBOANGA DEL SUR,ZAMBOANGA CITY,DITA,ALL STREETS,,A,Agricultural,1.0
raw,"RDO No. 93A - Zamboanga City and RDO No. 93B - Zamboanga, Sibugay.",,,,ZAMBOANGA DEL SUR,ZAMBOANGA CITY,DIVISORIA,ALL LOTS,,CR,Commercial - Regular,2000.0
raw,"RDO No. 93A - Zamboanga City and RDO No. 93B - Zamboanga, Sibugay.",,,,ZAMBOANGA DEL SUR,ZAMBOANGA CITY,DIVISORIA,ALL LOTS,,RR,Residential - Regular,735.0
raw,"RDO No. 93A - Zamboanga City and RDO No. 93B - Zamboanga, Sibugay.",,,,ZAMBOANGA DEL SUR,ZAMBOANGA CITY,DIVISORIA,ALL LOTS,,A50,Agricultural - A50,24.0
raw,"RDO No. 93A - Zamboanga City and RDO No. 93B - Zamboanga, Sibugay.",,,,ZAMBOANGA DEL SUR,ZAMBOANGA CITY,DIVISORIA,ALL LOTS,INTERIOR,RR,Residential - Regular,440.0
raw,"RDO No. 93A - Zamboanga City and RDO No. 93B - Zamboanga, Sibugay.",008-2024,"Feb. 17, 2024",4TH,ZAMBOANGA DEL SUR,ZAMBOANGA CITY,DIVISORIA,ALL LOTS,,CR,Commercial - Regular,3700.0
raw,"RDO No. 93A - Zamboanga City and RDO No. 93B - Zamboanga, Sibugay.",008-2024,"Feb. 17, 2024",4TH,ZAMBOANGA DEL SUR,ZAMBOANGA CITY,DIVISORIA,ALL LOTS,,RR,Residential - Regular,2100.0
raw,"RDO No. 93A - Zamboanga City and RDO No. 93B - Zamboanga, Sibugay.",008-2024,"Feb. 17, 2024",4TH,ZAMBOANGA DEL SUR,ZAMBOANGA CITY,DIVISORIA,ALL LOTS,,A50,Agricultural - A50,200.0
raw,"RDO No. 93A - Zamboanga City and RDO No. 93B - Zamboanga, Sibugay.",008-2024,"Feb. 17, 2024",4TH,ZAMBOANGA DEL SUR,ZAMBOANGA CITY,DIVISORIA,ALL LOTS,INTERIOR LOT,RR,Residential - Regular,1500.0
raw,"RDO No. 93A - Zamboanga City and RDO No. 93B - Zamboanga, Sibugay.",,2010-08-06,,ZAMBOANGA DEL SUR,ZAMBOANGA CITY,DIVISORIA,ALL LOTS,,CR,Commercial - Regular,2000.0
raw,"RDO No. 93A - Zamboanga City and RDO No. 93B - Zamboanga, Sibugay.",,2010-08-06,,ZAMBOANGA DEL SUR,ZAMBOANGA CITY,DIVISORIA,ALL LOTS,,RR,Residential - Regular,735.0
raw,"RDO No. 93A - Zamboanga City and RDO No. 93B - Zamboanga, Sibugay.",,2010-08-06,,ZAMBOANGA DEL SUR,ZAMBOANGA CITY,DIVISORIA,ALL LOTS,,A50,Agricultural - A50,24.0
raw,"RDO No. 93A - Zamboanga City and RDO No. 93B - Zamboanga, Sibugay.",,2010-08-06,,ZAMBOANGA DEL SUR,ZAMBOANGA CITY,DIVISORIA,ALL LOTS,INTERIOR,RR,Residential - Regular,440.0
raw,"RDO No. 93A - Zamboanga City and RDO No. 93B - Zamboanga, Sibugay.",008-2024,"Feb. 17, 2024",4TH,ZAMBOANGA DEL SUR,ZAMBOANGA CITY,DIVISORIA,ALL SOCIALIZED HOUSING SUBDIVISION,INTERIOR LOT,RR,Residential - Regular,1700.0
raw,"RDO No. 93A - Zamboanga City and RDO No. 93B - Zamboanga, Sibugay.",,,,ZAMBOANGA DEL SUR,ZAMBOANGA CITY,DIVISORIA,ALL STREETS,,RR,Residential - Regular,90.0
raw,"RDO No. 93A - Zamboanga City and RDO No. 93B - Zamboanga, Sibugay.",,,,ZAMBOANGA DEL SUR,ZAMBOANGA CITY,DIVISORIA,ALL STREETS,,A,Agricultural,15.0
raw,"RDO No. 93A - Zamboanga City and RDO No. 93B - Zamboanga, Sibugay.",,,,ZAMBOANGA DEL SUR,ZAMBOANGA CITY,DIVISORIA,ALL STREETS,,RR,Residential - Regular,40.0
raw,"RDO No. 93A - Zamboanga City and RDO No. 93B - Zamboanga, Sibugay.",,,,ZAMBOANGA DEL SUR,ZAMBOANGA CITY,DIVISORIA,ALL STREETS,,A,Agricultural,5.0
raw,"RDO No. 93A - Zamboanga City and RDO No. 93B - Zamboanga, Sibugay.",,1995-12-25,,ZAMBOANGA DEL SUR,ZAMBOANGA CITY,DIVISORIA,ALL STREETS,,RR,Residential - Regular,90.0
raw,"RDO No. 93A - Zamboanga City and RDO No. 93B - Zamboanga, Sibugay.",,1995-12-25,,ZAMBOANGA DEL SUR,ZAMBOANGA CITY,DIVISORIA,ALL STREETS,,A,Agricultural,15.0
raw,"RDO No. 93A - Zamboanga City and RDO No. 93B - Zamboanga, Sibugay.",,1990-01-02,,ZAMBOANGA DEL SUR,ZAMBOANGA CITY,DIVISORIA,ALL STREETS,,RR,Residential - Regular,40.0
raw,"RDO No. 93A - Zamboanga City and RDO No. 93B - Zamboanga, Sibugay.",,1990-01-02,,ZAMBOANGA DEL SUR,ZAMBOANGA CITY,DIVISORIA,ALL STREETS,,A,Agricultural,5.0
raw,"RDO No. 93A - Zamboanga City and RDO No. 93B - Zamboanga, Sibugay.",008-2024,"Feb. 17, 2024",4TH,ZAMBOANGA DEL SUR,ZAMBOANGA CITY,DIVISORIA,MEL ROSE SUBDIVISION,INTERIOR LOT,RR,Residential - Regular,5300.0
raw,"RDO No. 93A - Zamboanga City and RDO No. 93B - Zamboanga, Sibugay.",008-2024,"Feb. 17, 2024",4TH,ZAMBOANGA DEL SUR,ZAMBOANGA CITY,DIVISORIA,VILLA TERESA SUBDIVISION,INTERIOR LOT,RR,Residential - Regular,5300.0
raw,"RDO No. 93A - Zamboanga City and RDO No. 93B - Zamboanga, Sibugay.",,,,ZAMBOANGA DEL SUR,ZAMBOANGA CITY,DULIAN,ALL LOTS,,RR,Residential - Regular,95.0
raw,"RDO No. 93A - Zamboanga City and RDO No. 93B - Zamboanga, Sibugay.",,,,ZAMBOANGA DEL SUR,ZAMBOANGA CITY,DULIAN,ALL LOTS,,A50,Agricultural - A50,20.0
raw,"RDO No. 93A - Zamboanga City and RDO No. 93B - Zamboanga, Sibugay.",,2010-08-06,,ZAMBOANGA DEL SUR,ZAMBOANGA CITY,DULIAN,ALL LOTS,,RR,Residential - Regular,95.0
raw,"RDO No. 93A - Zamboanga City and RDO No. 93B - Zamboanga, Sibugay.",,2010-08-06,,ZAMBOANGA DEL SUR,ZAMBOANGA CITY,DULIAN,ALL LOTS,,A50,Agricultural - A50,20.0
raw,"RDO No. 93A - Zamboanga City and RDO No. 93B - Zamboanga, Sibugay.",,,,ZAMBOANGA DEL SUR,ZAMBOANGA CITY,DULIAN,ALL STREETS,,A,Agricultural,6.5
raw,"RDO No. 93A - Zamboanga City and RDO No. 93B - Zamboanga, Sibugay.",,,,ZAMBOANGA DEL SUR,ZAMBOANGA CITY,DULIAN,ALL STREETS,,A,Agricultural,1.0
raw,"RDO No. 93A - Zamboanga City and RDO No. 93B - Zamboanga, Sibugay.",,1995-12-25,,ZAMBOANGA DEL SUR,ZAMBOANGA CITY,DULIAN,ALL STREETS,,A,Agricultural,6.5
raw,"RDO No. 93A - Zamboanga City and RDO No. 93B - Zamboanga, Sibugay.",,1990-01-02,,ZAMBOANGA DEL SUR,ZAMBOANGA CITY,DULIAN,ALL STREETS,,A,Agricultural,1.0
raw,"RDO No. 93A - Zamboanga City and RDO No. 93B - Zamboanga, Sibugay.",008-2024,"Feb. 17, 2024",4TH,ZAMBOANGA DEL SUR,ZAMBOANGA CITY,DULIAN (UPPER BENGUIAO),ALL LOTS,,RR,Residential - Regular,500.0
raw,"RDO No. 93A - Zamboanga City and RDO No. 93B - Zamboanga, Sibugay.",008-2024,"Feb. 17, 2024",4TH,ZAMBOANGA DEL SUR,ZAMBOANGA CITY,DULIAN (UPPER BENGUIAO),ALL LOTS,,A50,Agricultural - A50,50.0
raw,"RDO No. 93A - Zamboanga City and RDO No. 93B - Zamboanga, Sibugay.",008-2024,"Feb. 17, 2024",4TH,ZAMBOANGA DEL SUR,ZAMBOANGA CITY,DULIAN (UPPER PASONANCA),ALL LOTS,,RR,Residential - Regular,1500.0
raw,"RDO No. 93A - Zamboanga City and RDO No. 93B - Zamboanga, Sibugay.",008-2024,"Feb. 17, 2024",4TH,ZAMBOANGA DEL SUR,ZAMBOANGA CITY,DULIAN (UPPER PASONANCA),ALL LOTS,,A50,Agricultural - A50,200.0
raw,"RDO No. 93A - Zamboanga City and RDO No. 93B - Zamboanga, Sibugay.",008-2024,"Feb. 17, 2024",4TH,ZAMBOANGA DEL SUR,ZAMBOANGA CITY,DULIAN (UPPER PASONANCA),ALL LOTS,INTERIOR LOT,RR,Residential - Regular,900.0
raw,"RDO No. 93A - Zamboanga City and RDO No. 93B - Zamboanga, Sibugay.",,,,ZAMBOANGA DEL SUR,ZAMBOANGA CITY,GUISAO,ALL LOTS,,RR,Residential - Regular,95.0
raw,"RDO No. 93A - Zamboanga City and RDO No. 93B - Zamboanga, Sibugay.",,,,ZAMBOANGA DEL SUR,ZAMBOANGA CITY,GUISAO,ALL LOTS,,A50,Agricultural - A50,7.0
raw,"RDO No. 93A - Zamboanga City and RDO No. 93B - Zamboanga, Sibugay.",008-2024,"Feb. 17, 2024",4TH,ZAMBOANGA DEL SUR,ZAMBOANGA CITY,GUISAO,ALL LOTS,,RR,Residential - Regular,1000.0
raw,"RDO No. 93A - Zamboanga City and RDO No. 93B - Zamboanga, Sibugay.",008-2024,"Feb. 17, 2024",4TH,ZAMBOANGA DEL SUR,ZAMBOANGA CITY,GUISAO,ALL LOTS,INTERIOR LOT,RR,Residential - Regular,400.0
raw,"RDO No. 93A - Zamboanga City and RDO No. 93B - Zamboanga, Sibugay.",008-2024,"Feb. 17, 2024",4TH,ZAMBOANGA DEL SUR,ZAMBOANGA CITY,GUISAO,ALL LOTS,INTERIOR LOT,A50,Agricultural - A50,50.0
raw,"RDO No. 93A - Zamboanga City and RDO No. 93B - Zamboanga, Sibugay.",,2010-08-06,,ZAMBOANGA DEL SUR,ZAMBOANGA CITY,GUISAO,ALL LOTS,,RR,Residential - Regular,95.0
raw,"RDO No. 93A - Zamboanga City and RDO No. 93B - Zamboanga, Sibugay.",,2010-08-06,,ZAMBOANGA DEL SUR,ZAMBOANGA CITY,GUISAO,ALL LOTS,,A50,Agricultural - A50,7.0
raw,"RDO No. 93A - Zamboanga City and RDO No. 93B - Zamboanga, Sibugay.",,,,ZAMBOANGA DEL SUR,ZAMBOANGA CITY,GUISAO,ALL STREETS,,A,Agricultural,4.0
raw,"RDO No. 93A - Zamboanga City and RDO No. 93B - Zamboanga, Sibugay.",,,,ZAMBOANGA DEL SUR,ZAMBOANGA CITY,GUISAO,ALL STREETS,,A,Agricultural,1.0
raw,"RDO No. 93A - Zamboanga City and RDO No. 93B - Zamboanga, Sibugay.",,1995-12-25,,ZAMBOANGA DEL SUR,ZAMBOANGA CITY,GUISAO,ALL STREETS,,A,Agricultural,4.0
raw,"RDO No. 93A - Zamboanga City and RDO No. 93B - Zamboanga, Sibugay.",,1990-01-02,,ZAMBOANGA DEL SUR,ZAMBOANGA CITY,GUISAO,ALL STREETS,,A,Agricultural,1.0
raw,"RDO No. 93A - Zamboanga City and RDO No. 93B - Zamboanga, Sibugay.",,,,ZAMBOANGA DEL SUR,ZAMBOANGA CITY,GUIWAN,ALL LOTS,,RR,Residential - Regular,1775.0
raw,"RDO No. 93A - Zamboanga City and RDO No. 93B - Zamboanga, Sibugay.",,,,ZAMBOANGA DEL SUR,ZAMBOANGA CITY,GUIWAN,ALL LOTS,,CR,Commercial - Regular,3425.0
raw,"RDO No. 93A - Zamboanga City and RDO No. 93B - Zamboanga, Sibugay.",,,,ZAMBOANGA DEL SUR,ZAMBOANGA CITY,GUIWAN,ALL LOTS,,A50,Agricultural - A50,6.0
raw,"RDO No. 93A - Zamboanga City and RDO No. 93B - Zamboanga, Sibugay.",,,,ZAMBOANGA DEL SUR,ZAMBOANGA CITY,GUIWAN,ALL LOTS,INTERIOR,RR,Residential - Regular,1065.0
raw,"RDO No. 93A - Zamboanga City and RDO No. 93B - Zamboanga, Sibugay.",008-2024,"Feb. 17, 2024",4TH,ZAMBOANGA DEL SUR,ZAMBOANGA CITY,GUIWAN,ALL LOTS,,CR,Commercial - Regular,5800.0
raw,"RDO No. 93A - Zamboanga City and RDO No. 93B - Zamboanga, Sibugay.",008-2024,"Feb. 17, 2024",4TH,ZAMBOANGA DEL SUR,ZAMBOANGA CITY,GUIWAN,ALL LOTS,,RR,Residential - Regular,4800.0
raw,"RDO No. 93A - Zamboanga City and RDO No. 93B - Zamboanga, Sibugay.",008-2024,"Feb. 17, 2024",4TH,ZAMBOANGA DEL SUR,ZAMBOANGA CITY,GUIWAN,ALL LOTS,,A50,Agricultural - A50,240.0
raw,"RDO No. 93A - Zamboanga City and RDO No. 93B - Zamboanga, Sibugay.",008-2024,"Feb. 17, 2024",4TH,ZAMBOANGA DEL SUR,ZAMBOANGA CITY,GUIWAN,ALL LOTS,INTERIOR LOT,CR,Commercial - Regular,3700.0
raw,"RDO No. 93A - Zamboanga City and RDO No. 93B - Zamboanga, Sibugay.",008-2024,"Feb. 17, 2024",4TH,ZAMBOANGA DEL SUR,ZAMBOANGA CITY,GUIWAN,ALL LOTS,INTERIOR LOT,RR,Residential - Regular,3400.0
raw,"RDO No. 93A - Zamboanga City and RDO No. 93B - Zamboanga, Sibugay.",,2010-08-06,,ZAMBOANGA DEL SUR,ZAMBOANGA CITY,GUIWAN,ALL LOTS,,RR,Residential - Regular,1775.0
raw,"RDO No. 93A - Zamboanga City and RDO No. 93B - Zamboanga, Sibugay.",,2010-08-06,,ZAMBOANGA DEL SUR,ZAMBOANGA CITY,GUIWAN,ALL LOTS,,CR,Commercial - Regular,3425.0
raw,"RDO No. 93A - Zamboanga City and RDO No. 93B - Zamboanga, Sibugay.",,2010-08-06,,ZAMBOANGA DEL SUR,ZAMBOANGA CITY,GUIWAN,ALL LOTS,,A50,Agricultural - A50,6.0
raw,"RDO No. 93A - Zamboanga City and RDO No. 93B - Zamboanga, Sibugay.",,2010-08-06,,ZAMBOANGA DEL SUR,ZAMBOANGA CITY,GUIWAN,ALL LOTS,INTERIOR,RR,Residential - Regular,1065.0
raw,"RDO No. 93A - Zamboanga City and RDO No. 93B - Zamboanga, Sibugay.",008-2024,"Feb. 17, 2024",4TH,ZAMBOANGA DEL SUR,ZAMBOANGA CITY,GUIWAN,ALL OTHER SUBDIVISION,INTERIOR LOT,RR,Residential - Regular,3000.0
raw,"RDO No. 93A - Zamboanga City and RDO No. 93B - Zamboanga, Sibugay.",,,,ZAMBOANGA DEL SUR,ZAMBOANGA CITY,GUIWAN,ALL STREETS,,RR,Residential - Regular,350.0
raw,"RDO No. 93A - Zamboanga City and RDO No. 93B - Zamboanga, Sibugay.",,,,ZAMBOANGA DEL SUR,ZAMBOANGA CITY,GUIWAN,ALL STREETS,,CR,Commercial - Regular,700.0
raw,"RDO No. 93A - Zamboanga City and RDO No. 93B - Zamboanga, Sibugay.",,,,ZAMBOANGA DEL SUR,ZAMBOANGA CITY,GUIWAN,ALL STREETS,,A,Agricultural,3.0
raw,"RDO No. 93A - Zamboanga City and RDO No. 93B - Zamboanga, Sibugay.",,,,ZAMBOANGA DEL SUR,ZAMBOANGA CITY,GUIWAN,ALL STREETS,,RR,Residential - Regular,120.0
raw,"RDO No. 93A - Zamboanga City and RDO No. 93B - Zamboanga, Sibugay.",,1995-12-25,,ZAMBOANGA DEL SUR,ZAMBOANGA CITY,GUIWAN,ALL STREETS,,RR,Residential - Regular,350.0
raw,"RDO No. 93A - Zamboanga City and RDO No. 93B - Zamboanga, Sibugay.",,1995-12-25,,ZAMBOANGA DEL SUR,ZAMBOANGA CITY,GUIWAN,ALL STREETS,,CR,Commercial - Regular,700.0
raw,"RDO No. 93A - Zamboanga City and RDO No. 93B - Zamboanga, Sibugay.",,1995-12-25,,ZAMBOANGA DEL SUR,ZAMBOANGA CITY,GUIWAN,ALL STREETS,,A,Agricultural,3.0
raw,"RDO No. 93A - Zamboanga City and RDO No. 93B - Zamboanga, Sibugay.",,1990-01-02,,ZAMBOANGA DEL SUR,ZAMBOANGA CITY,GUIWAN,ALL STREETS,,RR,Residential - Regular,120.0
raw,"RDO No. 93A - Zamboanga City and RDO No. 93B - Zamboanga, Sibugay.",008-2024,"Feb. 17, 2024",4TH,ZAMBOANGA DEL SUR,ZAMBOANGA CITY,GUIWAN,HARB TOWNHOUSES,INTERIOR LOT,RC,Residential - Condominium,3400.0
raw,"RDO No. 93A - Zamboanga City and RDO No. 93B - Zamboanga, Sibugay.",008-2024,"Feb. 17, 2024",4TH,ZAMBOANGA DEL SUR,ZAMBOANGA CITY,GUIWAN,VILLA TERESA SUBDIVISION,INTERIOR LOT,RR,Residential - Regular,4700.0
raw,"RDO No. 93A - Zamboanga City and RDO No. 93B - Zamboanga, Sibugay.",008-2024,"Feb. 17, 2024",4TH,ZAMBOANGA DEL SUR,ZAMBOANGA CITY,KASANYANGAN,ALL LOTS,,CR,Commercial - Regular,3900.0
raw,"RDO No. 93A - Zamboanga City and RDO No. 93B - Zamboanga, Sibugay.",008-2024,"Feb. 17, 2024",4TH,ZAMBOANGA DEL SUR,ZAMBOANGA CITY,KASANYANGAN,ALL LOTS,,RR,Residential - Regular,2900.0
raw,"RDO No. 93A - Zamboanga City and RDO No. 93B - Zamboanga, Sibugay.",008-2024,"Feb. 17, 2024",4TH,ZAMBOANGA DEL SUR,ZAMBOANGA CITY,KASANYANGAN,ALL LOTS,INTERIOR LOT,RR,Residential - Regular,1800.0
raw,"RDO No. 93A - Zamboanga City and RDO No. 93B - Zamboanga, Sibugay.",,,,ZAMBOANGA DEL SUR,ZAMBOANGA CITY,L GUA SACOL IS,ALL LOTS,,RR,Residential - Regular,95.0
raw,"RDO No. 93A - Zamboanga City and RDO No. 93B - Zamboanga, Sibugay.",,,,ZAMBOANGA DEL SUR,ZAMBOANGA CITY,L GUA SACOL IS,ALL LOTS,,A50,Agricultural - A50,7.0
raw,"RDO No. 93A - Zamboanga City and RDO No. 93B - Zamboanga, Sibugay.",,2010-08-06,,ZAMBOANGA DEL SUR,ZAMBOANGA CITY,L GUA SACOL IS,ALL LOTS,,RR,Residential - Regular,95.0
raw,"RDO No. 93A - Zamboanga City and RDO No. 93B - Zamboanga, Sibugay.",,2010-08-06,,ZAMBOANGA DEL SUR,ZAMBOANGA CITY,L GUA SACOL IS,ALL LOTS,,A50,Agricultural - A50,7.0
raw,"RDO No. 93A - Zamboanga City and RDO No. 93B - Zamboanga, Sibugay.",,,,ZAMBOANGA DEL SUR,ZAMBOANGA CITY,L GUA SACOL IS,ALL STREETS,,A,Agricultural,4.0
raw,"RDO No. 93A - Zamboanga City and RDO No. 93B - Zamboanga, Sibugay.",,,,ZAMBOANGA DEL SUR,ZAMBOANGA CITY,L GUA SACOL IS,ALL STREETS,,A,Agricultural,1.0
raw,"RDO No. 93A - Zamboanga City and RDO No. 93B - Zamboanga, Sibugay.",,1995-12-25,,ZAMBOANGA DEL SUR,ZAMBOANGA CITY,L GUA SACOL IS,ALL STREETS,,A,Agricultural,4.0
raw,"RDO No. 93A - Zamboanga City and RDO No. 93B - Zamboanga, Sibugay.",,1990-01-02,,ZAMBOANGA DEL SUR,ZAMBOANGA CITY,L GUA SACOL IS,ALL STREETS,,A,Agricultural,1.0
raw,"RDO No. 93A - Zamboanga City and RDO No. 93B - Zamboanga, Sibugay.",,,,ZAMBOANGA DEL SUR,ZAMBOANGA CITY,LA PAZ,ALL LOTS,,RR,Residential - Regular,85.0
raw,"RDO No. 93A - Zamboanga City and RDO No. 93B - Zamboanga, Sibugay.",,,,ZAMBOANGA DEL SUR,ZAMBOANGA CITY,LA PAZ,ALL LOTS,,A50,Agricultural - A50,7.0
raw,"RDO No. 93A - Zamboanga City and RDO No. 93B - Zamboanga, Sibugay.",008-2024,"Feb. 17, 2024",4TH,ZAMBOANGA DEL SUR,ZAMBOANGA CITY,LA PAZ,ALL LOTS,,RR,Residential - Regular,1300.0
raw,"RDO No. 93A - Zamboanga City and RDO No. 93B - Zamboanga, Sibugay.",008-2024,"Feb. 17, 2024",4TH,ZAMBOANGA DEL SUR,ZAMBOANGA CITY,LA PAZ,ALL LOTS,,A50,Agricultural - A50,220.0
raw,"RDO No. 93A - Zamboanga City and RDO No. 93B - Zamboanga, Sibugay.",008-2024,"Feb. 17, 2024",4TH,ZAMBOANGA DEL SUR,ZAMBOANGA CITY,LA PAZ,ALL LOTS,INTERIOR LOT,RR,Residential - Regular,500.0
raw,"RDO No. 93A - Zamboanga City and RDO No. 93B - Zamboanga, Sibugay.",,2010-08-06,,ZAMBOANGA DEL SUR,ZAMBOANGA CITY,LA PAZ,ALL LOTS,,RR,Residential - Regular,85.0
raw,"RDO No. 93A - Zamboanga City and RDO No. 93B - Zamboanga, Sibugay.",,2010-08-06,,ZAMBOANGA DEL SUR,ZAMBOANGA CITY,LA PAZ,ALL LOTS,,A50,Agricultural - A50,7.0
raw,"RDO No. 93A - Zamboanga City and RDO No. 93B - Zamboanga, Sibugay.",,,,ZAMBOANGA DEL SUR,ZAMBOANGA CITY,LA PAZ,ALL STREETS,,A,Agricultural,4.0
raw,"RDO No. 93A - Zamboanga City and RDO No. 93B - Zamboanga, Sibugay.",,,,ZAMBOANGA DEL SUR,ZAMBOANGA CITY,LA PAZ,ALL STREETS,,A,Agricultural,1.0
raw,"RDO No. 93A - Zamboanga City and RDO No. 93B - Zamboanga, Sibugay.",,1995-12-25,,ZAMBOANGA DEL SUR,ZAMBOANGA CITY,LA PAZ,ALL STREETS,,A,Agricultural,4.0
raw,"RDO No. 93A - Zamboanga City and RDO No. 93B - Zamboanga, Sibugay.",,1990-01-02,,ZAMBOANGA DEL SUR,ZAMBOANGA CITY,LA PAZ,ALL STREETS,,A,Agricultural,1.0
raw,"RDO No. 93A - Zamboanga City and RDO No. 93B - Zamboanga, Sibugay.",,,,ZAMBOANGA DEL SUR,ZAMBOANGA CITY,LABUAN,ALL LOTS,,RR,Residential - Regular,150.0
raw,"RDO No. 93A - Zamboanga City and RDO No. 93B - Zamboanga, Sibugay.",,,,ZAMBOANGA DEL SUR,ZAMBOANGA CITY,LABUAN,ALL LOTS,INTERIOR,RR,Residential - Regular,75.0
raw,"RDO No. 93A - Zamboanga City and RDO No. 93B - Zamboanga, Sibugay.",,,,ZAMBOANGA DEL SUR,ZAMBOANGA CITY,LABUAN,ALL LOTS,INTERIOR,A50,Agricultural - A50,11.0
raw,"RDO No. 93A - Zamboanga City and RDO No. 93B - Zamboanga, Sibugay.",,,,ZAMBOANGA DEL SUR,ZAMBOANGA CITY,LABUAN,ALL LOTS,INTERIOR,GP,General Purpose,15.0
raw,"RDO No. 93A - Zamboanga City and RDO No. 93B - Zamboanga, Sibugay.",008-2024,"Feb. 17, 2024",4TH,ZAMBOANGA DEL SUR,ZAMBOANGA CITY,LABUAN,ALL LOTS,,CR,Commercial - Regular,2400.0
raw,"RDO No. 93A - Zamboanga City and RDO No. 93B - Zamboanga, Sibugay.",008-2024,"Feb. 17, 2024",4TH,ZAMBOANGA DEL SUR,ZAMBOANGA CITY,LABUAN,ALL LOTS,,RR,Residential - Regular,1300.0
raw,"RDO No. 93A - Zamboanga City and RDO No. 93B - Zamboanga, Sibugay.",008-2024,"Feb. 17, 2024",4TH,ZAMBOANGA DEL SUR,ZAMBOANGA CITY,LABUAN,ALL LOTS,,I,Industrial,1500.0
raw,"RDO No. 93A - Zamboanga City and RDO No. 93B - Zamboanga, Sibugay.",008-2024,"Feb. 17, 2024",4TH,ZAMBOANGA DEL SUR,ZAMBOANGA CITY,LABUAN,ALL LOTS,,GP,General Purpose,500.0
raw,"RDO No. 93A - Zamboanga City and RDO No. 93B - Zamboanga, Sibugay.",008-2024,"Feb. 17, 2024",4TH,ZAMBOANGA DEL SUR,ZAMBOANGA CITY,LABUAN,ALL LOTS,,A50,Agricultural - A50,70.0
raw,"RDO No. 93A - Zamboanga City and RDO No. 93B - Zamboanga, Sibugay.",008-2024,"Feb. 17, 2024",4TH,ZAMBOANGA DEL SUR,ZAMBOANGA CITY,LABUAN,ALL LOTS,INTERIOR LOT,RR,Residential - Regular,600.0
raw,"RDO No. 93A - Zamboanga City and RDO No. 93B - Zamboanga, Sibugay.",,2010-08-06,,ZAMBOANGA DEL SUR,ZAMBOANGA CITY,LABUAN,ALL LOTS,,RR,Residential - Regular,150.0
raw,"RDO No. 93A - Zamboanga City and RDO No. 93B - Zamboanga, Sibugay.",,2010-08-06,,ZAMBOANGA DEL SUR,ZAMBOANGA CITY,LABUAN,ALL LOTS,INTERIOR,RR,Residential - Regular,75.0
raw,"RDO No. 93A - Zamboanga City and RDO No. 93B - Zamboanga, Sibugay.",,2010-08-06,,ZAMBOANGA DEL SUR,ZAMBOANGA CITY,LABUAN,ALL LOTS,INTERIOR,A50,Agricultural - A50,11.0
raw,"RDO No. 93A - Zamboanga City and RDO No. 93B - Zamboanga, Sibugay.",,2010-08-06,,ZAMBOANGA DEL SUR,ZAMBOANGA CITY,LABUAN,ALL LOTS,INTERIOR,GP,General Purpose,15.0
raw,"RDO No. 93A - Zamboanga City and RDO No. 93B - Zamboanga, Sibugay.",,,,ZAMBOANGA DEL SUR,ZAMBOANGA CITY,LABUAN,ALL STREETS,,RR,Residential - Regular,70.0
raw,"RDO No. 93A - Zamboanga City and RDO No. 93B - Zamboanga, Sibugay.",,,,ZAMBOANGA DEL SUR,ZAMBOANGA CITY,LABUAN,ALL STREETS,,RR,Residential - Regular,25.0
raw,"RDO No. 93A - Zamboanga City and RDO No. 93B - Zamboanga, Sibugay.",,,,ZAMBOANGA DEL SUR,ZAMBOANGA CITY,LABUAN,ALL STREETS,,A,Agricultural,6.5
raw,"RDO No. 93A - Zamboanga City and RDO No. 93B - Zamboanga, Sibugay.",,,,ZAMBOANGA DEL SUR,ZAMBOANGA CITY,LABUAN,ALL STREETS,,GP,General Purpose,5.0
raw,"RDO No. 93A - Zamboanga City and RDO No. 93B - Zamboanga, Sibugay.",,,,ZAMBOANGA DEL SUR,ZAMBOANGA CITY,LABUAN,ALL STREETS,,RR,Residential - Regular,20.0
raw,"RDO No. 93A - Zamboanga City and RDO No. 93B - Zamboanga, Sibugay.",,1995-12-25,,ZAMBOANGA DEL SUR,ZAMBOANGA CITY,LABUAN,ALL STREETS,,RR,Residential - Regular,70.0
raw,"RDO No. 93A - Zamboanga City and RDO No. 93B - Zamboanga, Sibugay.",,1995-12-25,,ZAMBOANGA DEL SUR,ZAMBOANGA CITY,LABUAN,ALL STREETS,,RR,Residential - Regular,25.0
raw,"RDO No. 93A - Zamboanga City and RDO No. 93B - Zamboanga, Sibugay.",,1995-12-25,,ZAMBOANGA DEL SUR,ZAMBOANGA CITY,LABUAN,ALL STREETS,,A,Agricultural,6.5
raw,"RDO No. 93A - Zamboanga City and RDO No. 93B - Zamboanga, Sibugay.",,1995-12-25,,ZAMBOANGA DEL SUR,ZAMBOANGA CITY,LABUAN,ALL STREETS,,GP,General Purpose,5.0
raw,"RDO No. 93A - Zamboanga City and RDO No. 93B - Zamboanga, Sibugay.",,1990-01-02,,ZAMBOANGA DEL SUR,ZAMBOANGA CITY,LABUAN,ALL STREETS,,RR,Residential - Regular,20.0
raw,"RDO No. 93A - Zamboanga City and RDO No. 93B - Zamboanga, Sibugay.",,,,ZAMBOANGA DEL SUR,ZAMBOANGA CITY,LAMIHASAN,ALL LOTS,,RR,Residential - Regular,100.0
raw,"RDO No. 93A - Zamboanga City and RDO No. 93B - Zamboanga, Sibugay.",,,,ZAMBOANGA DEL SUR,ZAMBOANGA CITY,LAMIHASAN,ALL LOTS,,A50,Agricultural - A50,7.0
raw,"RDO No. 93A - Zamboanga City and RDO No. 93B - Zamboanga, Sibugay.",,2010-08-06,,ZAMBOANGA DEL SUR,ZAMBOANGA CITY,LAMIHASAN,ALL LOTS,,RR,Residential - Regular,100.0
raw,"RDO No. 93A - Zamboanga City and RDO No. 93B - Zamboanga, Sibugay.",,2010-08-06,,ZAMBOANGA DEL SUR,ZAMBOANGA CITY,LAMIHASAN,ALL LOTS,,A50,Agricultural - A50,7.0
raw,"RDO No. 93A - Zamboanga City and RDO No. 93B - Zamboanga, Sibugay.",,,,ZAMBOANGA DEL SUR,ZAMBOANGA CITY,LAMIHASAN,ALL STREETS,,A,Agricultural,4.0
raw,"RDO No. 93A - Zamboanga City and RDO No. 93B - Zamboanga, Sibugay.",,,,ZAMBOANGA DEL SUR,ZAMBOANGA CITY,LAMIHASAN,ALL STREETS,,A,Agricultural,1.0
raw,"RDO No. 93A - Zamboanga City and RDO No. 93B - Zamboanga, Sibugay.",,1995-12-25,,ZAMBOANGA DEL SUR,ZAMBOANGA CITY,LAMIHASAN,ALL STREETS,,A,Agricultural,4.0
raw,"RDO No. 93A - Zamboanga City and RDO No. 93B - Zamboanga, Sibugay.",,1990-01-02,,ZAMBOANGA DEL SUR,ZAMBOANGA CITY,LAMIHASAN,ALL STREETS,,A,Agricultural,1.0
raw,"RDO No. 93A - Zamboanga City and RDO No. 93B - Zamboanga, Sibugay.",008-2024,"Feb. 17, 2024",4TH,ZAMBOANGA DEL SUR,ZAMBOANGA CITY,LAMISAHAN,ALL LOTS,,RR,Residential - Regular,1000.0
raw,"RDO No. 93A - Zamboanga City and RDO No. 93B - Zamboanga, Sibugay.",008-2024,"Feb. 17, 2024",4TH,ZAMBOANGA DEL SUR,ZAMBOANGA CITY,LAMISAHAN,ALL LOTS,,A50,Agricultural - A50,50.0
raw,"RDO No. 93A - Zamboanga City and RDO No. 93B - Zamboanga, Sibugay.",008-2024,"Feb. 17, 2024",4TH,ZAMBOANGA DEL SUR,ZAMBOANGA CITY,LAMISAHAN,ALL LOTS,INTERIOR LOT,RR,Residential - Regular,400.0
raw,"RDO No. 93A - Zamboanga City and RDO No. 93B - Zamboanga, Sibugay.",008-2024,"Feb. 17, 2024",4TH,ZAMBOANGA DEL SUR,ZAMBOANGA CITY,LANDANG GUA SACOL IS,ALL LOTS,,RR,Residential - Regular,130.0
raw,"RDO No. 93A - Zamboanga City and RDO No. 93B - Zamboanga, Sibugay.",008-2024,"Feb. 17, 2024",4TH,ZAMBOANGA DEL SUR,ZAMBOANGA CITY,LANDANG GUA SACOL IS,ALL LOTS,,A50,Agricultural - A50,50.0
raw,"RDO No. 93A - Zamboanga City and RDO No. 93B - Zamboanga, Sibugay.",,,,ZAMBOANGA DEL SUR,ZAMBOANGA CITY,LANDANG LAUM IS,ALL LOTS,,RR,Residential - Regular,95.0
raw,"RDO No. 93A - Zamboanga City and RDO No. 93B - Zamboanga, Sibugay.",,,,ZAMBOANGA DEL SUR,ZAMBOANGA CITY,LANDANG LAUM IS,ALL LOTS,,A50,Agricultural - A50,7.0
raw,"RDO No. 93A - Zamboanga City and RDO No. 93B - Zamboanga, Sibugay.",008-2024,"Feb. 17, 2024",4TH,ZAMBOANGA DEL SUR,ZAMBOANGA CITY,LANDANG LAUM IS,ALL LOTS,,RR,Residential - Regular,130.0
raw,"RDO No. 93A - Zamboanga City and RDO No. 93B - Zamboanga, Sibugay.",008-2024,"Feb. 17, 2024",4TH,ZAMBOANGA DEL SUR,ZAMBOANGA CITY,LANDANG LAUM IS,ALL LOTS,,A50,Agricultural - A50,50.0
raw,"RDO No. 93A - Zamboanga City and RDO No. 93B - Zamboanga, Sibugay.",,2010-08-06,,ZAMBOANGA DEL SUR,ZAMBOANGA CITY,LANDANG LAUM IS,ALL LOTS,,RR,Residential - Regular,95.0
raw,"RDO No. 93A - Zamboanga City and RDO No. 93B - Zamboanga, Sibugay.",,2010-08-06,,ZAMBOANGA DEL SUR,ZAMBOANGA CITY,LANDANG LAUM IS,ALL LOTS,,A50,Agricultural - A50,7.0
raw,"RDO No. 93A - Zamboanga City and RDO No. 93B - Zamboanga, Sibugay.",,,,ZAMBOANGA DEL SUR,ZAMBOANGA CITY,LANDANG LAUM IS,ALL STREETS,,A,Agricultural,4.0
raw,"RDO No. 93A - Zamboanga City and RDO No. 93B - Zamboanga, Sibugay.",,,,ZAMBOANGA DEL SUR,ZAMBOANGA CITY,LANDANG LAUM IS,ALL STREETS,,A,Agricultural,1.0
raw,"RDO No. 93A - Zamboanga City and RDO No. 93B - Zamboanga, Sibugay.",,1995-12-25,,ZAMBOANGA DEL SUR,ZAMBOANGA CITY,LANDANG LAUM IS,ALL STREETS,,A,Agricultural,4.0
raw,"RDO No. 93A - Zamboanga City and RDO No. 93B - Zamboanga, Sibugay.",,1990-01-02,,ZAMBOANGA DEL SUR,ZAMBOANGA CITY,LANDANG LAUM IS,ALL STREETS,,A,Agricultural,1.0
raw,"RDO No. 93A - Zamboanga City and RDO No. 93B - Zamboanga, Sibugay.",,,,ZAMBOANGA DEL SUR,ZAMBOANGA CITY,LANZONES,ALL LOTS,,RR,Residential - Regular,95.0
raw,"RDO No. 93A - Zamboanga City and RDO No. 93B - Zamboanga, Sibugay.",,,,ZAMBOANGA DEL SUR,ZAMBOANGA CITY,LANZONES,ALL LOTS,,A50,Agricultural - A50,7.0
raw,"RDO No. 93A - Zamboanga City and RDO No. 93B - Zamboanga, Sibugay.",008-2024,"Feb. 17, 2024",4TH,ZAMBOANGA DEL SUR,ZAMBOANGA CITY,LANZONES,ALL LOTS,,RR,Residential - Regular,1000.0
raw,"RDO No. 93A - Zamboanga City and RDO No. 93B - Zamboanga, Sibugay.",008-2024,"Feb. 17, 2024",4TH,ZAMBOANGA DEL SUR,ZAMBOANGA CITY,LANZONES,ALL LOTS,,A50,Agricultural - A50,50.0
raw,"RDO No. 93A - Zamboanga City and RDO No. 93B - Zamboanga, Sibugay.",008-2024,"Feb. 17, 2024",4TH,ZAMBOANGA DEL SUR,ZAMBOANGA CITY,LANZONES,ALL LOTS,INTERIOR LOT,RR,Residential - Regular,400.0
raw,"RDO No. 93A - Zamboanga City and RDO No. 93B - Zamboanga, Sibugay.",,2010-08-06,,ZAMBOANGA DEL SUR,ZAMBOANGA CITY,LANZONES,ALL LOTS,,RR,Residential - Regular,95.0
raw,"RDO No. 93A - Zamboanga City and RDO No. 93B - Zamboanga, Sibugay.",,2010-08-06,,ZAMBOANGA DEL SUR,ZAMBOANGA CITY,LANZONES,ALL LOTS,,A50,Agricultural - A50,7.0
raw,"RDO No. 93A - Zamboanga City and RDO No. 93B - Zamboanga, Sibugay.",,,,ZAMBOANGA DEL SUR,ZAMBOANGA CITY,LANZONES,ALL STREETS,,A,Agricultural,4.0
raw,"RDO No. 93A - Zamboanga City and RDO No. 93B - Zamboanga, Sibugay.",,,,ZAMBOANGA DEL SUR,ZAMBOANGA CITY,LANZONES,ALL STREETS,,A,Agricultural,1.0
raw,"RDO No. 93A - Zamboanga City and RDO No. 93B - Zamboanga, Sibugay.",,1995-12-25,,ZAMBOANGA DEL SUR,ZAMBOANGA CITY,LANZONES,ALL STREETS,,A,Agricultural,4.0
raw,"RDO No. 93A - Zamboanga City and RDO No. 93B - Zamboanga, Sibugay.",,1990-01-02,,ZAMBOANGA DEL SUR,ZAMBOANGA CITY,LANZONES,ALL STREETS,,A,Agricultural,1.0
raw,"RDO No. 93A - Zamboanga City and RDO No. 93B - Zamboanga, Sibugay.",,,,ZAMBOANGA DEL SUR,ZAMBOANGA CITY,LAPAKAN,ALL LOTS,,RR,Residential - Regular,95.0
raw,"RDO No. 93A - Zamboanga City and RDO No. 93B - Zamboanga, Sibugay.",,,,ZAMBOANGA DEL SUR,ZAMBOANGA CITY,LAPAKAN,ALL LOTS,,A50,Agricultural - A50,7.0
raw,"RDO No. 93A - Zamboanga City and RDO No. 93B - Zamboanga, Sibugay.",008-2024,"Feb. 17, 2024",4TH,ZAMBOANGA DEL SUR,ZAMBOANGA CITY,LAPAKAN,ALL LOTS,,RR,Residential - Regular,1000.0
raw,"RDO No. 93A - Zamboanga City and RDO No. 93B - Zamboanga, Sibugay.",008-2024,"Feb. 17, 2024",4TH,ZAMBOANGA DEL SUR,ZAMBOANGA CITY,LAPAKAN,ALL LOTS,,A50,Agricultural - A50,50.0
raw,"RDO No. 93A - Zamboanga City and RDO No. 93B - Zamboanga, Sibugay.",008-2024,"Feb. 17, 2024",4TH,ZAMBOANGA DEL SUR,ZAMBOANGA CITY,LAPAKAN,ALL LOTS,INTERIOR LOT,RR,Residential - Regular,400.0
raw,"RDO No. 93A - Zamboanga City and RDO No. 93B - Zamboanga, Sibugay.",,2010-08-06,,ZAMBOANGA DEL SUR,ZAMBOANGA CITY,LAPAKAN,ALL LOTS,,RR,Residential - Regular,95.0
raw,"RDO No. 93A - Zamboanga City and RDO No. 93B - Zamboanga, Sibugay.",,2010-08-06,,ZAMBOANGA DEL SUR,ZAMBOANGA CITY,LAPAKAN,ALL LOTS,,A50,Agricultural - A50,7.0
raw,"RDO No. 93A - Zamboanga City and RDO No. 93B - Zamboanga, Sibugay.",,,,ZAMBOANGA DEL SUR,ZAMBOANGA CITY,LAPAKAN,ALL STREETS,,A,Agricultural,4.0
raw,"RDO No. 93A - Zamboanga City and RDO No. 93B - Zamboanga, Sibugay.",,,,ZAMBOANGA DEL SUR,ZAMBOANGA CITY,LAPAKAN,ALL STREETS,,A,Agricultural,1.0
raw,"RDO No. 93A - Zamboanga City and RDO No. 93B - Zamboanga, Sibugay.",,1995-12-25,,ZAMBOANGA DEL SUR,ZAMBOANGA CITY,LAPAKAN,ALL STREETS,,A,Agricultural,4.0
raw,"RDO No. 93A - Zamboanga City and RDO No. 93B - Zamboanga, Sibugay.",,1990-01-02,,ZAMBOANGA DEL SUR,ZAMBOANGA CITY,LAPAKAN,ALL STREETS,,A,Agricultural,1.0
raw,"RDO No. 93A - Zamboanga City and RDO No. 93B - Zamboanga, Sibugay.",,,,ZAMBOANGA DEL SUR,ZAMBOANGA CITY,LATUAN,ALL LOTS,,RR,Residential - Regular,95.0
raw,"RDO No. 93A - Zamboanga City and RDO No. 93B - Zamboanga, Sibugay.",,,,ZAMBOANGA DEL SUR,ZAMBOANGA CITY,LATUAN,ALL LOTS,,A50,Agricultural - A50,7.0
raw,"RDO No. 93A - Zamboanga City and RDO No. 93B - Zamboanga, Sibugay.",008-2024,"Feb. 17, 2024",4TH,ZAMBOANGA DEL SUR,ZAMBOANGA CITY,LATUAN,ALL LOTS,,RR,Residential - Regular,500.0
raw,"RDO No. 93A - Zamboanga City and RDO No. 93B - Zamboanga, Sibugay.",008-2024,"Feb. 17, 2024",4TH,ZAMBOANGA DEL SUR,ZAMBOANGA CITY,LATUAN,ALL LOTS,,A50,Agricultural - A50,50.0
raw,"RDO No. 93A - Zamboanga City and RDO No. 93B - Zamboanga, Sibugay.",008-2024,"Feb. 17, 2024",4TH,ZAMBOANGA DEL SUR,ZAMBOANGA CITY,LATUAN,ALL LOTS,INTERIOR LOT,RR,Residential - Regular,200.0
raw,"RDO No. 93A - Zamboanga City and RDO No. 93B - Zamboanga, Sibugay.",,2010-08-06,,ZAMBOANGA DEL SUR,ZAMBOANGA CITY,LATUAN,ALL LOTS,,RR,Residential - Regular,95.0
raw,"RDO No. 93A - Zamboanga City and RDO No. 93B - Zamboanga, Sibugay.",,2010-08-06,,ZAMBOANGA DEL SUR,ZAMBOANGA CITY,LATUAN,ALL LOTS,,A50,Agricultural - A50,7.0
raw,"RDO No. 93A - Zamboanga City and RDO No. 93B - Zamboanga, Sibugay.",,,,ZAMBOANGA DEL SUR,ZAMBOANGA CITY,LATUAN,ALL STREETS,,A,Agricultural,4.0
raw,"RDO No. 93A - Zamboanga City and RDO No. 93B - Zamboanga, Sibugay.",,,,ZAMBOANGA DEL SUR,ZAMBOANGA CITY,LATUAN,ALL STREETS,,A,Agricultural,1.0
raw,"RDO No. 93A - Zamboanga City and RDO No. 93B - Zamboanga, Sibugay.",,1995-12-25,,ZAMBOANGA DEL SUR,ZAMBOANGA CITY,LATUAN,ALL STREETS,,A,Agricultural,4.0
raw,"RDO No. 93A - Zamboanga City and RDO No. 93B - Zamboanga, Sibugay.",,1990-01-02,,ZAMBOANGA DEL SUR,ZAMBOANGA CITY,LATUAN,ALL STREETS,,A,Agricultural,1.0
raw,"RDO No. 93A - Zamboanga City and RDO No. 93B - Zamboanga, Sibugay.",008-2024,"Feb. 17, 2024",4TH,ZAMBOANGA DEL SUR,ZAMBOANGA CITY,LICOMO,ALL LOTS,,RR,Residential - Regular,500.0
raw,"RDO No. 93A - Zamboanga City and RDO No. 93B - Zamboanga, Sibugay.",008-2024,"Feb. 17, 2024",4TH,ZAMBOANGA DEL SUR,ZAMBOANGA CITY,LICOMO,ALL LOTS,,A50,Agricultural - A50,50.0
raw,"RDO No. 93A - Zamboanga City and RDO No. 93B - Zamboanga, Sibugay.",,,,ZAMBOANGA DEL SUR,ZAMBOANGA CITY,LIMAONG CENTER,ALL LOTS,,RR,Residential - Regular,95.0
raw,"RDO No. 93A - Zamboanga City and RDO No. 93B - Zamboanga, Sibugay.",,,,ZAMBOANGA DEL SUR,ZAMBOANGA CITY,LIMAONG CENTER,ALL LOTS,,A50,Agricultural - A50,7.0
raw,"RDO No. 93A - Zamboanga City and RDO No. 93B - Zamboanga, Sibugay.",008-2024,"Feb. 17, 2024",4TH,ZAMBOANGA DEL SUR,ZAMBOANGA CITY,LIMAONG CENTER,ALL LOTS,,RR,Residential - Regular,500.0
raw,"RDO No. 93A - Zamboanga City and RDO No. 93B - Zamboanga, Sibugay.",008-2024,"Feb. 17, 2024",4TH,ZAMBOANGA DEL SUR,ZAMBOANGA CITY,LIMAONG CENTER,ALL LOTS,,A50,Agricultural - A50,50.0
raw,"RDO No. 93A - Zamboanga City and RDO No. 93B - Zamboanga, Sibugay.",,2010-08-06,,ZAMBOANGA DEL SUR,ZAMBOANGA CITY,LIMAONG CENTER,ALL LOTS,,RR,Residential - Regular,95.0
raw,"RDO No. 93A - Zamboanga City and RDO No. 93B - Zamboanga, Sibugay.",,2010-08-06,,ZAMBOANGA DEL SUR,ZAMBOANGA CITY,LIMAONG CENTER,ALL LOTS,,A50,Agricultural - A50,7.0
raw,"RDO No. 93A - Zamboanga City and RDO No. 93B - Zamboanga, Sibugay.",,,,ZAMBOANGA DEL SUR,ZAMBOANGA CITY,LIMAONG CENTER,ALL STREETS,,A,Agricultural,4.0
raw,"RDO No. 93A - Zamboanga City and RDO No. 93B - Zamboanga, Sibugay.",,,,ZAMBOANGA DEL SUR,ZAMBOANGA CITY,LIMAONG CENTER,ALL STREETS,,A,Agricultural,1.0
raw,"RDO No. 93A - Zamboanga City and RDO No. 93B - Zamboanga, Sibugay.",,1995-12-25,,ZAMBOANGA DEL SUR,ZAMBOANGA CITY,LIMAONG CENTER,ALL STREETS,,A,Agricultural,4.0
raw,"RDO No. 93A - Zamboanga City and RDO No. 93B - Zamboanga, Sibugay.",,1990-01-02,,ZAMBOANGA DEL SUR,ZAMBOANGA CITY,LIMAONG CENTER,ALL STREETS,,A,Agricultural,1.0
raw,"RDO No. 93A - Zamboanga City and RDO No. 93B - Zamboanga, Sibugay.",,,,ZAMBOANGA DEL SUR,ZAMBOANGA CITY,LIMPAPA,ALL LOTS,,RR,Residential - Regular,80.0
raw,"RDO No. 93A - Zamboanga City and RDO No. 93B - Zamboanga, Sibugay.",,,,ZAMBOANGA DEL SUR,ZAMBOANGA CITY,LIMPAPA,ALL LOTS,,A50,Agricultural - A50,7.0
raw,"RDO No. 93A - Zamboanga City and RDO No. 93B - Zamboanga, Sibugay.",008-2024,"Feb. 17, 2024",4TH,ZAMBOANGA DEL SUR,ZAMBOANGA CITY,LIMPAPA,ALL LOTS,,RR,Residential - Regular,1300.0
raw,"RDO No. 93A - Zamboanga City and RDO No. 93B - Zamboanga, Sibugay.",008-2024,"Feb. 17, 2024",4TH,ZAMBOANGA DEL SUR,ZAMBOANGA CITY,LIMPAPA,ALL LOTS,,A50,Agricultural - A50,50.0
raw,"RDO No. 93A - Zamboanga City and RDO No. 93B - Zamboanga, Sibugay.",008-2024,"Feb. 17, 2024",4TH,ZAMBOANGA DEL SUR,ZAMBOANGA CITY,LIMPAPA,ALL LOTS,INTERIOR LOT,RR,Residential - Regular,500.0
raw,"RDO No. 93A - Zamboanga City and RDO No. 93B - Zamboanga, Sibugay.",,2010-08-06,,ZAMBOANGA DEL SUR,ZAMBOANGA CITY,LIMPAPA,ALL LOTS,,RR,Residential - Regular,80.0
raw,"RDO No. 93A - Zamboanga City and RDO No. 93B - Zamboanga, Sibugay.",,2010-08-06,,ZAMBOANGA DEL SUR,ZAMBOANGA CITY,LIMPAPA,ALL LOTS,,A50,Agricultural - A50,7.0
raw,"RDO No. 93A - Zamboanga City and RDO No. 93B - Zamboanga, Sibugay.",,,,ZAMBOANGA DEL SUR,ZAMBOANGA CITY,LIMPAPA,ALL STREETS,,I,Industrial,25.0
raw,"RDO No. 93A - Zamboanga City and RDO No. 93B - Zamboanga, Sibugay.",,,,ZAMBOANGA DEL SUR,ZAMBOANGA CITY,LIMPAPA,ALL STREETS,,A,Agricultural,4.0
raw,"RDO No. 93A - Zamboanga City and RDO No. 93B - Zamboanga, Sibugay.",,,,ZAMBOANGA DEL SUR,ZAMBOANGA CITY,LIMPAPA,ALL STREETS,,A,Agricultural,1.0
raw,"RDO No. 93A - Zamboanga City and RDO No. 93B - Zamboanga, Sibugay.",,1995-12-25,,ZAMBOANGA DEL SUR,ZAMBOANGA CITY,LIMPAPA,ALL STREETS,,I,Industrial,25.0
raw,"RDO No. 93A - Zamboanga City and RDO No. 93B - Zamboanga, Sibugay.",,1995-12-25,,ZAMBOANGA DEL SUR,ZAMBOANGA CITY,LIMPAPA,ALL STREETS,,A,Agricultural,4.0
raw,"RDO No. 93A - Zamboanga City and RDO No. 93B - Zamboanga, Sibugay.",,1990-01-02,,ZAMBOANGA DEL SUR,ZAMBOANGA CITY,LIMPAPA,ALL STREETS,,A,Agricultural,1.0
raw,"RDO No. 93A - Zamboanga City and RDO No. 93B - Zamboanga, Sibugay.",,,,ZAMBOANGA DEL SUR,ZAMBOANGA CITY,LOWER CALARIAN,ALL STREETS,,RR,Residential - Regular,185.0
raw,"RDO No. 93A - Zamboanga City and RDO No. 93B - Zamboanga, Sibugay.",,,,ZAMBOANGA DEL SUR,ZAMBOANGA CITY,LOWER CALARIAN,ALL STREETS,,I,Industrial,130.0
raw,"RDO No. 93A - Zamboanga City and RDO No. 93B - Zamboanga, Sibugay.",,,,ZAMBOANGA DEL SUR,ZAMBOANGA CITY,LOWER CALARIAN,ALL STREETS,,A,Agricultural,5.0
raw,"RDO No. 93A - Zamboanga City and RDO No. 93B - Zamboanga, Sibugay.",,,,ZAMBOANGA DEL SUR,ZAMBOANGA CITY,LOWER CALARIAN,ALL STREETS,,GP,General Purpose,10.0
raw,"RDO No. 93A - Zamboanga City and RDO No. 93B - Zamboanga, Sibugay.",,,,ZAMBOANGA DEL SUR,ZAMBOANGA CITY,LOWER CALARIAN,ALL STREETS,,RR,Residential - Regular,110.0
raw,"RDO No. 93A - Zamboanga City and RDO No. 93B - Zamboanga, Sibugay.",,,,ZAMBOANGA DEL SUR,ZAMBOANGA CITY,LOWER CALARIAN,ALL STREETS,,I,Industrial,110.0
raw,"RDO No. 93A - Zamboanga City and RDO No. 93B - Zamboanga, Sibugay.",,1995-12-25,,ZAMBOANGA DEL SUR,ZAMBOANGA CITY,LOWER CALARIAN,ALL STREETS,,RR,Residential - Regular,185.0
raw,"RDO No. 93A - Zamboanga City and RDO No. 93B - Zamboanga, Sibugay.",,1995-12-25,,ZAMBOANGA DEL SUR,ZAMBOANGA CITY,LOWER CALARIAN,ALL STREETS,,I,Industrial,130.0
raw,"RDO No. 93A - Zamboanga City and RDO No. 93B - Zamboanga, Sibugay.",,1995-12-25,,ZAMBOANGA DEL SUR,ZAMBOANGA CITY,LOWER CALARIAN,ALL STREETS,,A,Agricultural,5.0
raw,"RDO No. 93A - Zamboanga City and RDO No. 93B - Zamboanga, Sibugay.",,1995-12-25,,ZAMBOANGA DEL SUR,ZAMBOANGA CITY,LOWER CALARIAN,ALL STREETS,,GP,General Purpose,10.0
raw,"RDO No. 93A - Zamboanga City and RDO No. 93B - Zamboanga, Sibugay.",,1990-01-02,,ZAMBOANGA DEL SUR,ZAMBOANGA CITY,LOWER CALARIAN,ALL STREETS,,RR,Residential - Regular,110.0
raw,"RDO No. 93A - Zamboanga City and RDO No. 93B - Zamboanga, Sibugay.",,1990-01-02,,ZAMBOANGA DEL SUR,ZAMBOANGA CITY,LOWER CALARIAN,ALL STREETS,,I,Industrial,110.0
raw,"RDO No. 93A - Zamboanga City and RDO No. 93B - Zamboanga, Sibugay.",,,,ZAMBOANGA DEL SUR,ZAMBOANGA CITY,LOWER CALARIAN,ALL lots,,RR,Residential - Regular,530.0
raw,"RDO No. 93A - Zamboanga City and RDO No. 93B - Zamboanga, Sibugay.",,,,ZAMBOANGA DEL SUR,ZAMBOANGA CITY,LOWER CALARIAN,ALL lots,,I,Industrial,590.0
raw,"RDO No. 93A - Zamboanga City and RDO No. 93B - Zamboanga, Sibugay.",,,,ZAMBOANGA DEL SUR,ZAMBOANGA CITY,LOWER CALARIAN,ALL lots,,A50,Agricultural - A50,9.0
raw,"RDO No. 93A - Zamboanga City and RDO No. 93B - Zamboanga, Sibugay.",,,,ZAMBOANGA DEL SUR,ZAMBOANGA CITY,LOWER CALARIAN,ALL lots,,GP,General Purpose,30.0
raw,"RDO No. 93A - Zamboanga City and RDO No. 93B - Zamboanga, Sibugay.",,,,ZAMBOANGA DEL SUR,ZAMBOANGA CITY,LOWER CALARIAN,ALL lots,INTERIOR,RR,Residential - Regular,318.0
raw,"RDO No. 93A - Zamboanga City and RDO No. 93B - Zamboanga, Sibugay.",,2010-08-06,,ZAMBOANGA DEL SUR,ZAMBOANGA CITY,LOWER CALARIAN,ALL lots,,RR,Residential - Regular,530.0
raw,"RDO No. 93A - Zamboanga City and RDO No. 93B - Zamboanga, Sibugay.",,2010-08-06,,ZAMBOANGA DEL SUR,ZAMBOANGA CITY,LOWER CALARIAN,ALL lots,,I,Industrial,590.0
raw,"RDO No. 93A - Zamboanga City and RDO No. 93B - Zamboanga, Sibugay.",,2010-08-06,,ZAMBOANGA DEL SUR,ZAMBOANGA CITY,LOWER CALARIAN,ALL lots,,A50,Agricultural - A50,9.0
raw,"RDO No. 93A - Zamboanga City and RDO No. 93B - Zamboanga, Sibugay.",,2010-08-06,,ZAMBOANGA DEL SUR,ZAMBOANGA CITY,LOWER CALARIAN,ALL lots,,GP,General Purpose,30.0
raw,"RDO No. 93A - Zamboanga City and RDO No. 93B - Zamboanga, Sibugay.",,2010-08-06,,ZAMBOANGA DEL SUR,ZAMBOANGA CITY,LOWER CALARIAN,ALL lots,INTERIOR,RR,Residential - Regular,318.0
raw,"RDO No. 93A - Zamboanga City and RDO No. 93B - Zamboanga, Sibugay.",,,,ZAMBOANGA DEL SUR,ZAMBOANGA CITY,LUBIGAN,ALL LOTS,,RR,Residential - Regular,115.0
raw,"RDO No. 93A - Zamboanga City and RDO No. 93B - Zamboanga, Sibugay.",,,,ZAMBOANGA DEL SUR,ZAMBOANGA CITY,LUBIGAN,ALL LOTS,,A50,Agricultural - A50,7.0
raw,"RDO No. 93A - Zamboanga City and RDO No. 93B - Zamboanga, Sibugay.",008-2024,"Feb. 17, 2024",4TH,ZAMBOANGA DEL SUR,ZAMBOANGA CITY,LUBIGAN,ALL LOTS,,RR,Residential - Regular,500.0
raw,"RDO No. 93A - Zamboanga City and RDO No. 93B - Zamboanga, Sibugay.",008-2024,"Feb. 17, 2024",4TH,ZAMBOANGA DEL SUR,ZAMBOANGA CITY,LUBIGAN,ALL LOTS,,A50,Agricultural - A50,50.0
raw,"RDO No. 93A - Zamboanga City and RDO No. 93B - Zamboanga, Sibugay.",008-2024,"Feb. 17, 2024",4TH,ZAMBOANGA DEL SUR,ZAMBOANGA CITY,LUBIGAN,ALL LOTS,INTERIOR LOT,RR,Residential - Regular,200.0
raw,"RDO No. 93A - Zamboanga City and RDO No. 93B - Zamboanga, Sibugay.",,2010-08-06,,ZAMBOANGA DEL SUR,ZAMBOANGA CITY,LUBIGAN,ALL LOTS,,RR,Residential - Regular,115.0
raw,"RDO No. 93A - Zamboanga City and RDO No. 93B - Zamboanga, Sibugay.",,2010-08-06,,ZAMBOANGA DEL SUR,ZAMBOANGA CITY,LUBIGAN,ALL LOTS,,A50,Agricultural - A50,7.0
raw,"RDO No. 93A - Zamboanga City and RDO No. 93B - Zamboanga, Sibugay.",,,,ZAMBOANGA DEL SUR,ZAMBOANGA CITY,LUBIGAN,ALL STREETS,,RR,Residential - Regular,38.0
raw,"RDO No. 93A - Zamboanga City and RDO No. 93B - Zamboanga, Sibugay.",,,,ZAMBOANGA DEL SUR,ZAMBOANGA CITY,LUBIGAN,ALL STREETS,,A,Agricultural,4.0
raw,"RDO No. 93A - Zamboanga City and RDO No. 93B - Zamboanga, Sibugay.",,,,ZAMBOANGA DEL SUR,ZAMBOANGA CITY,LUBIGAN,ALL STREETS,,RR,Residential - Regular,20.0
raw,"RDO No. 93A - Zamboanga City and RDO No. 93B - Zamboanga, Sibugay.",,,,ZAMBOANGA DEL SUR,ZAMBOANGA CITY,LUBIGAN,ALL STREETS,,A,Agricultural,1.0
raw,"RDO No. 93A - Zamboanga City and RDO No. 93B - Zamboanga, Sibugay.",,1995-12-25,,ZAMBOANGA DEL SUR,ZAMBOANGA CITY,LUBIGAN,ALL STREETS,,RR,Residential - Regular,38.0
raw,"RDO No. 93A - Zamboanga City and RDO No. 93B - Zamboanga, Sibugay.",,1995-12-25,,ZAMBOANGA DEL SUR,ZAMBOANGA CITY,LUBIGAN,ALL STREETS,,A,Agricultural,4.0
raw,"RDO No. 93A - Zamboanga City and RDO No. 93B - Zamboanga, Sibugay.",,1990-01-02,,ZAMBOANGA DEL SUR,ZAMBOANGA CITY,LUBIGAN,ALL STREETS,,RR,Residential - Regular,20.0
raw,"RDO No. 93A - Zamboanga City and RDO No. 93B - Zamboanga, Sibugay.",,1990-01-02,,ZAMBOANGA DEL SUR,ZAMBOANGA CITY,LUBIGAN,ALL STREETS,,A,Agricultural,1.0
raw,"RDO No. 93A - Zamboanga City and RDO No. 93B - Zamboanga, Sibugay.",,,,ZAMBOANGA DEL SUR,ZAMBOANGA CITY,LUMAYANG,ALL LOTS,,RR,Residential - Regular,85.0
raw,"RDO No. 93A - Zamboanga City and RDO No. 93B - Zamboanga, Sibugay.",,,,ZAMBOANGA DEL SUR,ZAMBOANGA CITY,LUMAYANG,ALL LOTS,,A50,Agricultural - A50,7.0
raw,"RDO No. 93A - Zamboanga City and RDO No. 93B - Zamboanga, Sibugay.",008-2024,"Feb. 17, 2024",4TH,ZAMBOANGA DEL SUR,ZAMBOANGA CITY,LUMAYANG,ALL LOTS,,RR,Residential - Regular,1300.0
raw,"RDO No. 93A - Zamboanga City and RDO No. 93B - Zamboanga, Sibugay.",008-2024,"Feb. 17, 2024",4TH,ZAMBOANGA DEL SUR,ZAMBOANGA CITY,LUMAYANG,ALL LOTS,,A50,Agricultural - A50,70.0
raw,"RDO No. 93A - Zamboanga City and RDO No. 93B - Zamboanga, Sibugay.",008-2024,"Feb. 17, 2024",4TH,ZAMBOANGA DEL SUR,ZAMBOANGA CITY,LUMAYANG,ALL LOTS,INTERIOR LOT,RR,Residential - Regular,600.0
raw,"RDO No. 93A - Zamboanga City and RDO No. 93B - Zamboanga, Sibugay.",,2010-08-06,,ZAMBOANGA DEL SUR,ZAMBOANGA CITY,LUMAYANG,ALL LOTS,,RR,Residential - Regular,85.0
raw,"RDO No. 93A - Zamboanga City and RDO No. 93B - Zamboanga, Sibugay.",,2010-08-06,,ZAMBOANGA DEL SUR,ZAMBOANGA CITY,LUMAYANG,ALL LOTS,,A50,Agricultural - A50,7.0
raw,"RDO No. 93A - Zamboanga City and RDO No. 93B - Zamboanga, Sibugay.",,,,ZAMBOANGA DEL SUR,ZAMBOANGA CITY,LUMAYANG,ALL STREETS,,A,Agricultural,4.0
raw,"RDO No. 93A - Zamboanga City and RDO No. 93B - Zamboanga, Sibugay.",,,,ZAMBOANGA DEL SUR,ZAMBOANGA CITY,LUMAYANG,ALL STREETS,,A,Agricultural,1.0
raw,"RDO No. 93A - Zamboanga City and RDO No. 93B - Zamboanga, Sibugay.",,1995-12-25,,ZAMBOANGA DEL SUR,ZAMBOANGA CITY,LUMAYANG,ALL STREETS,,A,Agricultural,4.0
raw,"RDO No. 93A - Zamboanga City and RDO No. 93B - Zamboanga, Sibugay.",,1990-01-02,,ZAMBOANGA DEL SUR,ZAMBOANGA CITY,LUMAYANG,ALL STREETS,,A,Agricultural,1.0
raw,"RDO No. 93A - Zamboanga City and RDO No. 93B - Zamboanga, Sibugay.",,,,ZAMBOANGA DEL SUR,ZAMBOANGA CITY,LUMBANGAN,ALL LOTS,,RR,Residential - Regular,110.0
raw,"RDO No. 93A - Zamboanga City and RDO No. 93B - Zamboanga, Sibugay.",,,,ZAMBOANGA DEL SUR,ZAMBOANGA CITY,LUMBANGAN,ALL LOTS,,A50,Agricultural - A50,7.0
raw,"RDO No. 93A - Zamboanga City and RDO No. 93B - Zamboanga, Sibugay.",008-2024,"Feb. 17, 2024",4TH,ZAMBOANGA DEL SUR,ZAMBOANGA CITY,LUMBANGAN,ALL LOTS,,CR,Commercial - Regular,2400.0
raw,"RDO No. 93A - Zamboanga City and RDO No. 93B - Zamboanga, Sibugay.",008-2024,"Feb. 17, 2024",4TH,ZAMBOANGA DEL SUR,ZAMBOANGA CITY,LUMBANGAN,ALL LOTS,,RR,Residential - Regular,1400.0
raw,"RDO No. 93A - Zamboanga City and RDO No. 93B - Zamboanga, Sibugay.",008-2024,"Feb. 17, 2024",4TH,ZAMBOANGA DEL SUR,ZAMBOANGA CITY,LUMBANGAN,ALL LOTS,,A50,Agricultural - A50,90.0
raw,"RDO No. 93A - Zamboanga City and RDO No. 93B - Zamboanga, Sibugay.",008-2024,"Feb. 17, 2024",4TH,ZAMBOANGA DEL SUR,ZAMBOANGA CITY,LUMBANGAN,ALL LOTS,INTERIOR LOT,RR,Residential - Regular,600.0
raw,"RDO No. 93A - Zamboanga City and RDO No. 93B - Zamboanga, Sibugay.",,2010-08-06,,ZAMBOANGA DEL SUR,ZAMBOANGA CITY,LUMBANGAN,ALL LOTS,,RR,Residential - Regular,110.0
raw,"RDO No. 93A - Zamboanga City and RDO No. 93B - Zamboanga, Sibugay.",,2010-08-06,,ZAMBOANGA DEL SUR,ZAMBOANGA CITY,LUMBANGAN,ALL LOTS,,A50,Agricultural - A50,7.0
raw,"RDO No. 93A - Zamboanga City and RDO No. 93B - Zamboanga, Sibugay.",,,,ZAMBOANGA DEL SUR,ZAMBOANGA CITY,LUMBANGAN,ALL STREETS,,A,Agricultural,4.0
raw,"RDO No. 93A - Zamboanga City and RDO No. 93B - Zamboanga, Sibugay.",,,,ZAMBOANGA DEL SUR,ZAMBOANGA CITY,LUMBANGAN,ALL STREETS,,A,Agricultural,1.0
raw,"RDO No. 93A - Zamboanga City and RDO No. 93B - Zamboanga, Sibugay.",,1995-12-25,,ZAMBOANGA DEL SUR,ZAMBOANGA CITY,LUMBANGAN,ALL STREETS,,A,Agricultural,4.0
raw,"RDO No. 93A - Zamboanga City and RDO No. 93B - Zamboanga, Sibugay.",,1990-01-02,,ZAMBOANGA DEL SUR,ZAMBOANGA CITY,LUMBANGAN,ALL STREETS,,A,Agricultural,1.0
raw,"RDO No. 93A - Zamboanga City and RDO No. 93B - Zamboanga, Sibugay.",,,,ZAMBOANGA DEL SUR,ZAMBOANGA CITY,LUMIYAP,ALL LOTS,,RR,Residential - Regular,350.0
raw,"RDO No. 93A - Zamboanga City and RDO No. 93B - Zamboanga, Sibugay.",,,,ZAMBOANGA DEL SUR,ZAMBOANGA CITY,LUMIYAP,ALL LOTS,,A50,Agricultural - A50,3.0
raw,"RDO No. 93A - Zamboanga City and RDO No. 93B - Zamboanga, Sibugay.",,,,ZAMBOANGA DEL SUR,ZAMBOANGA CITY,LUMIYAP,ALL LOTS,INTERIOR,RR,Residential - Regular,210.0
raw,"RDO No. 93A - Zamboanga City and RDO No. 93B - Zamboanga, Sibugay.",,2010-08-06,,ZAMBOANGA DEL SUR,ZAMBOANGA CITY,LUMIYAP,ALL LOTS,,RR,Residential - Regular,350.0
raw,"RDO No. 93A - Zamboanga City and RDO No. 93B - Zamboanga, Sibugay.",,2010-08-06,,ZAMBOANGA DEL SUR,ZAMBOANGA CITY,LUMIYAP,ALL LOTS,,A50,Agricultural - A50,3.0
raw,"RDO No. 93A - Zamboanga City and RDO No. 93B - Zamboanga, Sibugay.",,2010-08-06,,ZAMBOANGA DEL SUR,ZAMBOANGA CITY,LUMIYAP,ALL LOTS,INTERIOR,RR,Residential - Regular,210.0
raw,"RDO No. 93A - Zamboanga City and RDO No. 93B - Zamboanga, Sibugay.",,,,ZAMBOANGA DEL SUR,ZAMBOANGA CITY,LUNZURAN,ALL LOTS,,RR,Residential - Regular,190.0
raw,"RDO No. 93A - Zamboanga City and RDO No. 93B - Zamboanga, Sibugay.",,,,ZAMBOANGA DEL SUR,ZAMBOANGA CITY,LUNZURAN,ALL LOTS,,A50,Agricultural - A50,16.0
raw,"RDO No. 93A - Zamboanga City and RDO No. 93B - Zamboanga, Sibugay.",,,,ZAMBOANGA DEL SUR,ZAMBOANGA CITY,LUNZURAN,ALL LOTS,INTERIOR,RR,Residential - Regular,115.0
raw,"RDO No. 93A - Zamboanga City and RDO No. 93B - Zamboanga, Sibugay.",008-2024,"Feb. 17, 2024",4TH,ZAMBOANGA DEL SUR,ZAMBOANGA CITY,LUNZURAN,ALL LOTS,,CR,Commercial - Regular,3000.0
raw,"RDO No. 93A - Zamboanga City and RDO No. 93B - Zamboanga, Sibugay.",008-2024,"Feb. 17, 2024",4TH,ZAMBOANGA DEL SUR,ZAMBOANGA CITY,LUNZURAN,ALL LOTS,,RR,Residential - Regular,2000.0
raw,"RDO No. 93A - Zamboanga City and RDO No. 93B - Zamboanga, Sibugay.",008-2024,"Feb. 17, 2024",4TH,ZAMBOANGA DEL SUR,ZAMBOANGA CITY,LUNZURAN,ALL LOTS,,A50,Agricultural - A50,250.0
raw,"RDO No. 93A - Zamboanga City and RDO No. 93B - Zamboanga, Sibugay.",008-2024,"Feb. 17, 2024",4TH,ZAMBOANGA DEL SUR,ZAMBOANGA CITY,LUNZURAN,ALL LOTS,INTERIOR LOT,RR,Residential - Regular,1400.0
raw,"RDO No. 93A - Zamboanga City and RDO No. 93B - Zamboanga, Sibugay.",,2010-08-06,,ZAMBOANGA DEL SUR,ZAMBOANGA CITY,LUNZURAN,ALL LOTS,,RR,Residential - Regular,190.0
raw,"RDO No. 93A - Zamboanga City and RDO No. 93B - Zamboanga, Sibugay.",,2010-08-06,,ZAMBOANGA DEL SUR,ZAMBOANGA CITY,LUNZURAN,ALL LOTS,,A50,Agricultural - A50,16.0
raw,"RDO No. 93A - Zamboanga City and RDO No. 93B - Zamboanga, Sibugay.",,2010-08-06,,ZAMBOANGA DEL SUR,ZAMBOANGA CITY,LUNZURAN,ALL LOTS,INTERIOR,RR,Residential - Regular,115.0
raw,"RDO No. 93A - Zamboanga City and RDO No. 93B - Zamboanga, Sibugay.",008-2024,"Feb. 17, 2024",4TH,ZAMBOANGA DEL SUR,ZAMBOANGA CITY,LUNZURAN,ALL OTHER SOCIALIZED SUBDIVISION,INTERIOR LOT,RR,Residential - Regular,1400.0
raw,"RDO No. 93A - Zamboanga City and RDO No. 93B - Zamboanga, Sibugay.",008-2024,"Feb. 17, 2024",4TH,ZAMBOANGA DEL SUR,ZAMBOANGA CITY,LUNZURAN,ALL OTHER SUBDIVISION,INTERIOR LOT,RR,Residential - Regular,2600.0
raw,"RDO No. 93A - Zamboanga City and RDO No. 93B - Zamboanga, Sibugay.",,,,ZAMBOANGA DEL SUR,ZAMBOANGA CITY,LUNZURAN,ALL STREETS,,RR,Residential - Regular,80.0
raw,"RDO No. 93A - Zamboanga City and RDO No. 93B - Zamboanga, Sibugay.",,,,ZAMBOANGA DEL SUR,ZAMBOANGA CITY,LUNZURAN,ALL STREETS,,A,Agricultural,9.5
raw,"RDO No. 93A - Zamboanga City and RDO No. 93B - Zamboanga, Sibugay.",,,,ZAMBOANGA DEL SUR,ZAMBOANGA CITY,LUNZURAN,ALL STREETS,,RR,Residential - Regular,40.0
raw,"RDO No. 93A - Zamboanga City and RDO No. 93B - Zamboanga, Sibugay.",,,,ZAMBOANGA DEL SUR,ZAMBOANGA CITY,LUNZURAN,ALL STREETS,,A,Agricultural,3.0
raw,"RDO No. 93A - Zamboanga City and RDO No. 93B - Zamboanga, Sibugay.",,1995-12-25,,ZAMBOANGA DEL SUR,ZAMBOANGA CITY,LUNZURAN,ALL STREETS,,RR,Residential - Regular,80.0
raw,"RDO No. 93A - Zamboanga City and RDO No. 93B - Zamboanga, Sibugay.",,1995-12-25,,ZAMBOANGA DEL SUR,ZAMBOANGA CITY,LUNZURAN,ALL STREETS,,A,Agricultural,9.5
raw,"RDO No. 93A - Zamboanga City and RDO No. 93B - Zamboanga, Sibugay.",,1990-01-02,,ZAMBOANGA DEL SUR,ZAMBOANGA CITY,LUNZURAN,ALL STREETS,,RR,Residential - Regular,40.0
raw,"RDO No. 93A - Zamboanga City and RDO No. 93B - Zamboanga, Sibugay.",,1990-01-02,,ZAMBOANGA DEL SUR,ZAMBOANGA CITY,LUNZURAN,ALL STREETS,,A,Agricultural,3.0
raw,"RDO No. 93A - Zamboanga City and RDO No. 93B - Zamboanga, Sibugay.",008-2024,"Feb. 17, 2024",4TH,ZAMBOANGA DEL SUR,ZAMBOANGA CITY,LUNZURAN,CASAS DE AMOR SUBDIVISION,INTERIOR LOT,RR,Residential - Regular,2900.0
raw,"RDO No. 93A - Zamboanga City and RDO No. 93B - Zamboanga, Sibugay.",008-2024,"Feb. 17, 2024",4TH,ZAMBOANGA DEL SUR,ZAMBOANGA CITY,LUNZURAN,PATRICIO HOMES SUBDIVISION,INTERIOR LOT,RR,Residential - Regular,2800.0
raw,"RDO No. 93A - Zamboanga City and RDO No. 93B - Zamboanga, Sibugay.",008-2024,"Feb. 17, 2024",4TH,ZAMBOANGA DEL SUR,ZAMBOANGA CITY,LUNZURAN,SAN IGNACIO SUBDIVISION,INTERIOR LOT,RR,Residential - Regular,7100.0
raw,"RDO No. 93A - Zamboanga City and RDO No. 93B - Zamboanga, Sibugay.",008-2024,"Feb. 17, 2024",4TH,ZAMBOANGA DEL SUR,ZAMBOANGA CITY,LUNZURAN,WOODRIDGE SUBDIVISION,INTERIOR LOT,RR,Residential - Regular,7100.0
raw,"RDO No. 93A - Zamboanga City and RDO No. 93B - Zamboanga, Sibugay.",,,,ZAMBOANGA DEL SUR,ZAMBOANGA CITY,MAASIN,ALL LOTS,,RR,Residential - Regular,135.0
raw,"RDO No. 93A - Zamboanga City and RDO No. 93B - Zamboanga, Sibugay.",,,,ZAMBOANGA DEL SUR,ZAMBOANGA CITY,MAASIN,ALL LOTS,,A50,Agricultural - A50,30.0
raw,"RDO No. 93A - Zamboanga City and RDO No. 93B - Zamboanga, Sibugay.",008-2024,"Feb. 17, 2024",4TH,ZAMBOANGA DEL SUR,ZAMBOANGA CITY,MAASIN,ALL LOTS,,CR,Commercial - Regular,2900.0
raw,"RDO No. 93A - Zamboanga City and RDO No. 93B - Zamboanga, Sibugay.",008-2024,"Feb. 17, 2024",4TH,ZAMBOANGA DEL SUR,ZAMBOANGA CITY,MAASIN,ALL LOTS,,RR,Residential - Regular,1600.0
raw,"RDO No. 93A - Zamboanga City and RDO No. 93B - Zamboanga, Sibugay.",008-2024,"Feb. 17, 2024",4TH,ZAMBOANGA DEL SUR,ZAMBOANGA CITY,MAASIN,ALL LOTS,,I,Industrial,1600.0
raw,"RDO No. 93A - Zamboanga City and RDO No. 93B - Zamboanga, Sibugay.",008-2024,"Feb. 17, 2024",4TH,ZAMBOANGA DEL SUR,ZAMBOANGA CITY,MAASIN,ALL LOTS,,A50,Agricultural - A50,70.0
raw,"RDO No. 93A - Zamboanga City and RDO No. 93B - Zamboanga, Sibugay.",008-2024,"Feb. 17, 2024",4TH,ZAMBOANGA DEL SUR,ZAMBOANGA CITY,MAASIN,ALL LOTS,INTERIOR LOT,RR,Residential - Regular,1000.0
raw,"RDO No. 93A - Zamboanga City and RDO No. 93B - Zamboanga, Sibugay.",,2010-08-06,,ZAMBOANGA DEL SUR,ZAMBOANGA CITY,MAASIN,ALL LOTS,,RR,Residential - Regular,135.0
raw,"RDO No. 93A - Zamboanga City and RDO No. 93B - Zamboanga, Sibugay.",,2010-08-06,,ZAMBOANGA DEL SUR,ZAMBOANGA CITY,MAASIN,ALL LOTS,,A50,Agricultural - A50,30.0
raw,"RDO No. 93A - Zamboanga City and RDO No. 93B - Zamboanga, Sibugay.",008-2024,"Feb. 17, 2024",4TH,ZAMBOANGA DEL SUR,ZAMBOANGA CITY,MAASIN,ALL OTHER SUBDIVISION,INTERIOR LOT,RR,Residential - Regular,1300.0
raw,"RDO No. 93A - Zamboanga City and RDO No. 93B - Zamboanga, Sibugay.",008-2024,"Feb. 17, 2024",4TH,ZAMBOANGA DEL SUR,ZAMBOANGA CITY,MAASIN,ALL SOCIALIZED HOUSING SUBDIVISION,INTERIOR LOT,RR,Residential - Regular,1300.0
raw,"RDO No. 93A - Zamboanga City and RDO No. 93B - Zamboanga, Sibugay.",,,,ZAMBOANGA DEL SUR,ZAMBOANGA CITY,MAASIN,ALL STREETS,,RR,Residential - Regular,60.0
raw,"RDO No. 93A - Zamboanga City and RDO No. 93B - Zamboanga, Sibugay.",,,,ZAMBOANGA DEL SUR,ZAMBOANGA CITY,MAASIN,ALL STREETS,,A,Agricultural,6.5
raw,"RDO No. 93A - Zamboanga City and RDO No. 93B - Zamboanga, Sibugay.",,,,ZAMBOANGA DEL SUR,ZAMBOANGA CITY,MAASIN,ALL STREETS,,RR,Residential - Regular,30.0
raw,"RDO No. 93A - Zamboanga City and RDO No. 93B - Zamboanga, Sibugay.",,,,ZAMBOANGA DEL SUR,ZAMBOANGA CITY,MAASIN,ALL STREETS,,A,Agricultural,2.0
raw,"RDO No. 93A - Zamboanga City and RDO No. 93B - Zamboanga, Sibugay.",,1995-12-25,,ZAMBOANGA DEL SUR,ZAMBOANGA CITY,MAASIN,ALL STREETS,,RR,Residential - Regular,60.0
raw,"RDO No. 93A - Zamboanga City and RDO No. 93B - Zamboanga, Sibugay.",,1995-12-25,,ZAMBOANGA DEL SUR,ZAMBOANGA CITY,MAASIN,ALL STREETS,,A,Agricultural,6.5
raw,"RDO No. 93A - Zamboanga City and RDO No. 93B - Zamboanga, Sibugay.",,1990-01-02,,ZAMBOANGA DEL SUR,ZAMBOANGA CITY,MAASIN,ALL STREETS,,RR,Residential - Regular,30.0
raw,"RDO No. 93A - Zamboanga City and RDO No. 93B - Zamboanga, Sibugay.",,1990-01-02,,ZAMBOANGA DEL SUR,ZAMBOANGA CITY,MAASIN,ALL STREETS,,A,Agricultural,2.0
raw,"RDO No. 93A - Zamboanga City and RDO No. 93B - Zamboanga, Sibugay.",008-2024,"Feb. 17, 2024",4TH,ZAMBOANGA DEL SUR,ZAMBOANGA CITY,MAASIN,CAHAYA TIMUR SUBDIVISION,INTERIOR LOT,RR,Residential - Regular,1400.0
raw,"RDO No. 93A - Zamboanga City and RDO No. 93B - Zamboanga, Sibugay.",,,,ZAMBOANGA DEL SUR,ZAMBOANGA CITY,MALACUTAY (MALAGUTAY),ALL STREETS,,RR,Residential - Regular,30.0
raw,"RDO No. 93A - Zamboanga City and RDO No. 93B - Zamboanga, Sibugay.",,,,ZAMBOANGA DEL SUR,ZAMBOANGA CITY,MALACUTAY (MALAGUTAY),ALL STREETS,,A,Agricultural,2.0
raw,"RDO No. 93A - Zamboanga City and RDO No. 93B - Zamboanga, Sibugay.",,1990-01-02,,ZAMBOANGA DEL SUR,ZAMBOANGA CITY,MALACUTAY (MALAGUTAY),ALL STREETS,,RR,Residential - Regular,30.0
raw,"RDO No. 93A - Zamboanga City and RDO No. 93B - Zamboanga, Sibugay.",,1990-01-02,,ZAMBOANGA DEL SUR,ZAMBOANGA CITY,MALACUTAY (MALAGUTAY),ALL STREETS,,A,Agricultural,2.0
raw,"RDO No. 93A - Zamboanga City and RDO No. 93B - Zamboanga, Sibugay.",,,,ZAMBOANGA DEL SUR,ZAMBOANGA CITY,MALAGUTAY,ALL LOTS,,RR,Residential - Regular,190.0
raw,"RDO No. 93A - Zamboanga City and RDO No. 93B - Zamboanga, Sibugay.",,,,ZAMBOANGA DEL SUR,ZAMBOANGA CITY,MALAGUTAY,ALL LOTS,,A50,Agricultural - A50,19.0
raw,"RDO No. 93A - Zamboanga City and RDO No. 93B - Zamboanga, Sibugay.",008-2024,"Feb. 17, 2024",4TH,ZAMBOANGA DEL SUR,ZAMBOANGA CITY,MALAGUTAY,ALL LOTS,,CR,Commercial - Regular,2800.0
raw,"RDO No. 93A - Zamboanga City and RDO No. 93B - Zamboanga, Sibugay.",008-2024,"Feb. 17, 2024",4TH,ZAMBOANGA DEL SUR,ZAMBOANGA CITY,MALAGUTAY,ALL LOTS,,RR,Residential - Regular,1700.0
raw,"RDO No. 93A - Zamboanga City and RDO No. 93B - Zamboanga, Sibugay.",008-2024,"Feb. 17, 2024",4TH,ZAMBOANGA DEL SUR,ZAMBOANGA CITY,MALAGUTAY,ALL LOTS,,A50,Agricultural - A50,60.0
raw,"RDO No. 93A - Zamboanga City and RDO No. 93B - Zamboanga, Sibugay.",008-2024,"Feb. 17, 2024",4TH,ZAMBOANGA DEL SUR,ZAMBOANGA CITY,MALAGUTAY,ALL LOTS,INTERIOR LOT,RR,Residential - Regular,1100.0
raw,"RDO No. 93A - Zamboanga City and RDO No. 93B - Zamboanga, Sibugay.",,2010-08-06,,ZAMBOANGA DEL SUR,ZAMBOANGA CITY,MALAGUTAY,ALL LOTS,,RR,Residential - Regular,190.0
raw,"RDO No. 93A - Zamboanga City and RDO No. 93B - Zamboanga, Sibugay.",,2010-08-06,,ZAMBOANGA DEL SUR,ZAMBOANGA CITY,MALAGUTAY,ALL LOTS,,A50,Agricultural - A50,19.0
raw,"RDO No. 93A - Zamboanga City and RDO No. 93B - Zamboanga, Sibugay.",,,,ZAMBOANGA DEL SUR,ZAMBOANGA CITY,MALAGUTAY,ALL STREETS,,RR,Residential - Regular,80.0
raw,"RDO No. 93A - Zamboanga City and RDO No. 93B - Zamboanga, Sibugay.",,,,ZAMBOANGA DEL SUR,ZAMBOANGA CITY,MALAGUTAY,ALL STREETS,,A,Agricultural,11.5
raw,"RDO No. 93A - Zamboanga City and RDO No. 93B - Zamboanga, Sibugay.",,1995-12-25,,ZAMBOANGA DEL SUR,ZAMBOANGA CITY,MALAGUTAY,ALL STREETS,,RR,Residential - Regular,80.0
raw,"RDO No. 93A - Zamboanga City and RDO No. 93B - Zamboanga, Sibugay.",,1995-12-25,,ZAMBOANGA DEL SUR,ZAMBOANGA CITY,MALAGUTAY,ALL STREETS,,A,Agricultural,11.5
raw,"RDO No. 93A - Zamboanga City and RDO No. 93B - Zamboanga, Sibugay.",,,,ZAMBOANGA DEL SUR,ZAMBOANGA CITY,MAMPANG,ALL LOTS,,RR,Residential - Regular,150.0
raw,"RDO No. 93A - Zamboanga City and RDO No. 93B - Zamboanga, Sibugay.",,,,ZAMBOANGA DEL SUR,ZAMBOANGA CITY,MAMPANG,ALL LOTS,,I,Industrial,420.0
raw,"RDO No. 93A - Zamboanga City and RDO No. 93B - Zamboanga, Sibugay.",,,,ZAMBOANGA DEL SUR,ZAMBOANGA CITY,MAMPANG,ALL LOTS,,A50,Agricultural - A50,6.0
raw,"RDO No. 93A - Zamboanga City and RDO No. 93B - Zamboanga, Sibugay.",008-2024,"Feb. 17, 2024",4TH,ZAMBOANGA DEL SUR,ZAMBOANGA CITY,MAMPANG,ALL LOTS,,CR,Commercial - Regular,2600.0
raw,"RDO No. 93A - Zamboanga City and RDO No. 93B - Zamboanga, Sibugay.",008-2024,"Feb. 17, 2024",4TH,ZAMBOANGA DEL SUR,ZAMBOANGA CITY,MAMPANG,ALL LOTS,,RR,Residential - Regular,1400.0
raw,"RDO No. 93A - Zamboanga City and RDO No. 93B - Zamboanga, Sibugay.",008-2024,"Feb. 17, 2024",4TH,ZAMBOANGA DEL SUR,ZAMBOANGA CITY,MAMPANG,ALL LOTS,,I,Industrial,2500.0
raw,"RDO No. 93A - Zamboanga City and RDO No. 93B - Zamboanga, Sibugay.",008-2024,"Feb. 17, 2024",4TH,ZAMBOANGA DEL SUR,ZAMBOANGA CITY,MAMPANG,ALL LOTS,,A50,Agricultural - A50,240.0
raw,"RDO No. 93A - Zamboanga City and RDO No. 93B - Zamboanga, Sibugay.",008-2024,"Feb. 17, 2024",4TH,ZAMBOANGA DEL SUR,ZAMBOANGA CITY,MAMPANG,ALL LOTS,INTERIOR LOT,RR,Residential - Regular,1100.0
raw,"RDO No. 93A - Zamboanga City and RDO No. 93B - Zamboanga, Sibugay.",,2010-08-06,,ZAMBOANGA DEL SUR,ZAMBOANGA CITY,MAMPANG,ALL LOTS,,RR,Residential - Regular,150.0
raw,"RDO No. 93A - Zamboanga City and RDO No. 93B - Zamboanga, Sibugay.",,2010-08-06,,ZAMBOANGA DEL SUR,ZAMBOANGA CITY,MAMPANG,ALL LOTS,,I,Industrial,420.0
raw,"RDO No. 93A - Zamboanga City and RDO No. 93B - Zamboanga, Sibugay.",,2010-08-06,,ZAMBOANGA DEL SUR,ZAMBOANGA CITY,MAMPANG,ALL LOTS,,A50,Agricultural - A50,6.0
raw,"RDO No. 93A - Zamboanga City and RDO No. 93B - Zamboanga, Sibugay.",008-2024,"Feb. 17, 2024",4TH,ZAMBOANGA DEL SUR,ZAMBOANGA CITY,MAMPANG,ALL OTHER SUBDIVISION,INTERIOR LOT,RR,Residential - Regular,1500.0
raw,"RDO No. 93A - Zamboanga City and RDO No. 93B - Zamboanga, Sibugay.",008-2024,"Feb. 17, 2024",4TH,ZAMBOANGA DEL SUR,ZAMBOANGA CITY,MAMPANG,ALL SOCIALIZED HOUSING SUBDIVISION,INTERIOR LOT,RR,Residential - Regular,1500.0
raw,"RDO No. 93A - Zamboanga City and RDO No. 93B - Zamboanga, Sibugay.",,,,ZAMBOANGA DEL SUR,ZAMBOANGA CITY,MAMPANG,ALL STREETS,,RR,Residential - Regular,55.0
raw,"RDO No. 93A - Zamboanga City and RDO No. 93B - Zamboanga, Sibugay.",,,,ZAMBOANGA DEL SUR,ZAMBOANGA CITY,MAMPANG,ALL STREETS,,I,Industrial,120.0
raw,"RDO No. 93A - Zamboanga City and RDO No. 93B - Zamboanga, Sibugay.",,,,ZAMBOANGA DEL SUR,ZAMBOANGA CITY,MAMPANG,ALL STREETS,,A,Agricultural,3.0
raw,"RDO No. 93A - Zamboanga City and RDO No. 93B - Zamboanga, Sibugay.",,,,ZAMBOANGA DEL SUR,ZAMBOANGA CITY,MAMPANG,ALL STREETS,,RR,Residential - Regular,30.0
raw,"RDO No. 93A - Zamboanga City and RDO No. 93B - Zamboanga, Sibugay.",,,,ZAMBOANGA DEL SUR,ZAMBOANGA CITY,MAMPANG,ALL STREETS,,I,Industrial,70.0
raw,"RDO No. 93A - Zamboanga City and RDO No. 93B - Zamboanga, Sibugay.",,1995-12-25,,ZAMBOANGA DEL SUR,ZAMBOANGA CITY,MAMPANG,ALL STREETS,,RR,Residential - Regular,55.0
raw,"RDO No. 93A - Zamboanga City and RDO No. 93B - Zamboanga, Sibugay.",,1995-12-25,,ZAMBOANGA DEL SUR,ZAMBOANGA CITY,MAMPANG,ALL STREETS,,I,Industrial,120.0
raw,"RDO No. 93A - Zamboanga City and RDO No. 93B - Zamboanga, Sibugay.",,1995-12-25,,ZAMBOANGA DEL SUR,ZAMBOANGA CITY,MAMPANG,ALL STREETS,,A,Agricultural,3.0
raw,"RDO No. 93A - Zamboanga City and RDO No. 93B - Zamboanga, Sibugay.",,1990-01-02,,ZAMBOANGA DEL SUR,ZAMBOANGA CITY,MAMPANG,ALL STREETS,,RR,Residential - Regular,30.0
raw,"RDO No. 93A - Zamboanga City and RDO No. 93B - Zamboanga, Sibugay.",,1990-01-02,,ZAMBOANGA DEL SUR,ZAMBOANGA CITY,MAMPANG,ALL STREETS,,I,Industrial,70.0
raw,"RDO No. 93A - Zamboanga City and RDO No. 93B - Zamboanga, Sibugay.",008-2024,"Feb. 17, 2024",4TH,ZAMBOANGA DEL SUR,ZAMBOANGA CITY,MAMPANG,EXECUTUVE HOMES SUBDIVISION,INTERIOR LOT,RR,Residential - Regular,2500.0
raw,"RDO No. 93A - Zamboanga City and RDO No. 93B - Zamboanga, Sibugay.",008-2024,"Feb. 17, 2024",4TH,ZAMBOANGA DEL SUR,ZAMBOANGA CITY,MAMPANG,INLAND GREEN SUBDIVISION,INTERIOR LOT,RR,Residential - Regular,2600.0
raw,"RDO No. 93A - Zamboanga City and RDO No. 93B - Zamboanga, Sibugay.",008-2024,"Feb. 17, 2024",4TH,ZAMBOANGA DEL SUR,ZAMBOANGA CITY,MAMPANG,VILLA TERESA SUBDIVISION,INTERIOR LOT,RR,Residential - Regular,2700.0
raw,"RDO No. 93A - Zamboanga City and RDO No. 93B - Zamboanga, Sibugay.",,,,ZAMBOANGA DEL SUR,ZAMBOANGA CITY,MANALIPA,ALL LOTS,,RR,Residential - Regular,95.0
raw,"RDO No. 93A - Zamboanga City and RDO No. 93B - Zamboanga, Sibugay.",,,,ZAMBOANGA DEL SUR,ZAMBOANGA CITY,MANALIPA,ALL LOTS,,A50,Agricultural - A50,7.0
raw,"RDO No. 93A - Zamboanga City and RDO No. 93B - Zamboanga, Sibugay.",008-2024,"Feb. 17, 2024",4TH,ZAMBOANGA DEL SUR,ZAMBOANGA CITY,MANALIPA,ALL LOTS,,RR,Residential - Regular,125.0
raw,"RDO No. 93A - Zamboanga City and RDO No. 93B - Zamboanga, Sibugay.",008-2024,"Feb. 17, 2024",4TH,ZAMBOANGA DEL SUR,ZAMBOANGA CITY,MANALIPA,ALL LOTS,,A50,Agricultural - A50,30.0
raw,"RDO No. 93A - Zamboanga City and RDO No. 93B - Zamboanga, Sibugay.",,2010-08-06,,ZAMBOANGA DEL SUR,ZAMBOANGA CITY,MANALIPA,ALL LOTS,,RR,Residential - Regular,95.0
raw,"RDO No. 93A - Zamboanga City and RDO No. 93B - Zamboanga, Sibugay.",,2010-08-06,,ZAMBOANGA DEL SUR,ZAMBOANGA CITY,MANALIPA,ALL LOTS,,A50,Agricultural - A50,7.0
raw,"RDO No. 93A - Zamboanga City and RDO No. 93B - Zamboanga, Sibugay.",,,,ZAMBOANGA DEL SUR,ZAMBOANGA CITY,MANALIPA,ALL STREETS,,A,Agricultural,4.0
raw,"RDO No. 93A - Zamboanga City and RDO No. 93B - Zamboanga, Sibugay.",,,,ZAMBOANGA DEL SUR,ZAMBOANGA CITY,MANALIPA,ALL STREETS,,A,Agricultural,1.0
raw,"RDO No. 93A - Zamboanga City and RDO No. 93B - Zamboanga, Sibugay.",,1995-12-25,,ZAMBOANGA DEL SUR,ZAMBOANGA CITY,MANALIPA,ALL STREETS,,A,Agricultural,4.0
raw,"RDO No. 93A - Zamboanga City and RDO No. 93B - Zamboanga, Sibugay.",,1990-01-02,,ZAMBOANGA DEL SUR,ZAMBOANGA CITY,MANALIPA,ALL STREETS,,A,Agricultural,1.0
raw,"RDO No. 93A - Zamboanga City and RDO No. 93B - Zamboanga, Sibugay.",,,,ZAMBOANGA DEL SUR,ZAMBOANGA CITY,MANGUSO,ALL LOTS,,RR,Residential - Regular,95.0
raw,"RDO No. 93A - Zamboanga City and RDO No. 93B - Zamboanga, Sibugay.",,,,ZAMBOANGA DEL SUR,ZAMBOANGA CITY,MANGUSO,ALL LOTS,,A50,Agricultural - A50,7.0
raw,"RDO No. 93A - Zamboanga City and RDO No. 93B - Zamboanga, Sibugay.",,2010-08-06,,ZAMBOANGA DEL SUR,ZAMBOANGA CITY,MANGUSO,ALL LOTS,,RR,Residential - Regular,95.0
raw,"RDO No. 93A - Zamboanga City and RDO No. 93B - Zamboanga, Sibugay.",,2010-08-06,,ZAMBOANGA DEL SUR,ZAMBOANGA CITY,MANGUSO,ALL LOTS,,A50,Agricultural - A50,7.0
raw,"RDO No. 93A - Zamboanga City and RDO No. 93B - Zamboanga, Sibugay.",,,,ZAMBOANGA DEL SUR,ZAMBOANGA CITY,MANGUSO,ALL STREETS,,A,Agricultural,4.0
raw,"RDO No. 93A - Zamboanga City and RDO No. 93B - Zamboanga, Sibugay.",,1995-12-25,,ZAMBOANGA DEL SUR,ZAMBOANGA CITY,MANGUSO,ALL STREETS,,A,Agricultural,4.0
raw,"RDO No. 93A - Zamboanga City and RDO No. 93B - Zamboanga, Sibugay.",008-2024,"Feb. 17, 2024",4TH,ZAMBOANGA DEL SUR,ZAMBOANGA CITY,MANGUSU,ALL LOTS,,RR,Residential - Regular,500.0
raw,"RDO No. 93A - Zamboanga City and RDO No. 93B - Zamboanga, Sibugay.",008-2024,"Feb. 17, 2024",4TH,ZAMBOANGA DEL SUR,ZAMBOANGA CITY,MANGUSU,ALL LOTS,,A50,Agricultural - A50,50.0
raw,"RDO No. 93A - Zamboanga City and RDO No. 93B - Zamboanga, Sibugay.",008-2024,"Feb. 17, 2024",4TH,ZAMBOANGA DEL SUR,ZAMBOANGA CITY,MANGUSU,ALL LOTS,INTERIOR LOT,RR,Residential - Regular,200.0
raw,"RDO No. 93A - Zamboanga City and RDO No. 93B - Zamboanga, Sibugay.",,,,ZAMBOANGA DEL SUR,ZAMBOANGA CITY,MANGUSU,ALL STREETS,,A,Agricultural,1.0
raw,"RDO No. 93A - Zamboanga City and RDO No. 93B - Zamboanga, Sibugay.",,1990-01-02,,ZAMBOANGA DEL SUR,ZAMBOANGA CITY,MANGUSU,ALL STREETS,,A,Agricultural,1.0
raw,"RDO No. 93A - Zamboanga City and RDO No. 93B - Zamboanga, Sibugay.",,,,ZAMBOANGA DEL SUR,ZAMBOANGA CITY,MANICAHAN,ALL LOTS,,RR,Residential - Regular,185.0
raw,"RDO No. 93A - Zamboanga City and RDO No. 93B - Zamboanga, Sibugay.",,,,ZAMBOANGA DEL SUR,ZAMBOANGA CITY,MANICAHAN,ALL LOTS,,A50,Agricultural - A50,19.0
raw,"RDO No. 93A - Zamboanga City and RDO No. 93B - Zamboanga, Sibugay.",008-2024,"Feb. 17, 2024",4TH,ZAMBOANGA DEL SUR,ZAMBOANGA CITY,MANICAHAN,ALL LOTS,,CR,Commercial - Regular,2400.0
raw,"RDO No. 93A - Zamboanga City and RDO No. 93B - Zamboanga, Sibugay.",008-2024,"Feb. 17, 2024",4TH,ZAMBOANGA DEL SUR,ZAMBOANGA CITY,MANICAHAN,ALL LOTS,,RR,Residential - Regular,1100.0
raw,"RDO No. 93A - Zamboanga City and RDO No. 93B - Zamboanga, Sibugay.",008-2024,"Feb. 17, 2024",4TH,ZAMBOANGA DEL SUR,ZAMBOANGA CITY,MANICAHAN,ALL LOTS,,A50,Agricultural - A50,50.0
raw,"RDO No. 93A - Zamboanga City and RDO No. 93B - Zamboanga, Sibugay.",008-2024,"Feb. 17, 2024",4TH,ZAMBOANGA DEL SUR,ZAMBOANGA CITY,MANICAHAN,ALL LOTS,INTERIOR LOT,RR,Residential - Regular,500.0
raw,"RDO No. 93A - Zamboanga City and RDO No. 93B - Zamboanga, Sibugay.",,2010-08-06,,ZAMBOANGA DEL SUR,ZAMBOANGA CITY,MANICAHAN,ALL LOTS,,RR,Residential - Regular,185.0
raw,"RDO No. 93A - Zamboanga City and RDO No. 93B - Zamboanga, Sibugay.",,2010-08-06,,ZAMBOANGA DEL SUR,ZAMBOANGA CITY,MANICAHAN,ALL LOTS,,A50,Agricultural - A50,19.0
raw,"RDO No. 93A - Zamboanga City and RDO No. 93B - Zamboanga, Sibugay.",,,,ZAMBOANGA DEL SUR,ZAMBOANGA CITY,MANICAHAN,ALL STREETS,,RR,Residential - Regular,40.0
raw,"RDO No. 93A - Zamboanga City and RDO No. 93B - Zamboanga, Sibugay.",,,,ZAMBOANGA DEL SUR,ZAMBOANGA CITY,MANICAHAN,ALL STREETS,,A,Agricultural,11.5
raw,"RDO No. 93A - Zamboanga City and RDO No. 93B - Zamboanga, Sibugay.",,,,ZAMBOANGA DEL SUR,ZAMBOANGA CITY,MANICAHAN,ALL STREETS,,RR,Residential - Regular,20.0
raw,"RDO No. 93A - Zamboanga City and RDO No. 93B - Zamboanga, Sibugay.",,,,ZAMBOANGA DEL SUR,ZAMBOANGA CITY,MANICAHAN,ALL STREETS,,A,Agricultural,2.0
raw,"RDO No. 93A - Zamboanga City and RDO No. 93B - Zamboanga, Sibugay.",,1995-12-25,,ZAMBOANGA DEL SUR,ZAMBOANGA CITY,MANICAHAN,ALL STREETS,,RR,Residential - Regular,40.0
raw,"RDO No. 93A - Zamboanga City and RDO No. 93B - Zamboanga, Sibugay.",,1995-12-25,,ZAMBOANGA DEL SUR,ZAMBOANGA CITY,MANICAHAN,ALL STREETS,,A,Agricultural,11.5
raw,"RDO No. 93A - Zamboanga City and RDO No. 93B - Zamboanga, Sibugay.",,1990-01-02,,ZAMBOANGA DEL SUR,ZAMBOANGA CITY,MANICAHAN,ALL STREETS,,RR,Residential - Regular,20.0
raw,"RDO No. 93A - Zamboanga City and RDO No. 93B - Zamboanga, Sibugay.",,1990-01-02,,ZAMBOANGA DEL SUR,ZAMBOANGA CITY,MANICAHAN,ALL STREETS,,A,Agricultural,2.0
raw,"RDO No. 93A - Zamboanga City and RDO No. 93B - Zamboanga, Sibugay.",008-2024,"Feb. 17, 2024",4TH,ZAMBOANGA DEL SUR,ZAMBOANGA CITY,MARIKI ISLAND,ALL LOTS,,RR,Residential - Regular,300.0
raw,"RDO No. 93A - Zamboanga City and RDO No. 93B - Zamboanga, Sibugay.",008-2024,"Feb. 17, 2024",4TH,ZAMBOANGA DEL SUR,ZAMBOANGA CITY,MARIKI ISLAND,ALL LOTS,,A50,Agricultural - A50,40.0
raw,"RDO No. 93A - Zamboanga City and RDO No. 93B - Zamboanga, Sibugay.",,,,ZAMBOANGA DEL SUR,ZAMBOANGA CITY,MERCEDES,ALL LOTS,,RR,Residential - Regular,355.0
raw,"RDO No. 93A - Zamboanga City and RDO No. 93B - Zamboanga, Sibugay.",,,,ZAMBOANGA DEL SUR,ZAMBOANGA CITY,MERCEDES,ALL LOTS,,A50,Agricultural - A50,11.0
raw,"RDO No. 93A - Zamboanga City and RDO No. 93B - Zamboanga, Sibugay.",,,,ZAMBOANGA DEL SUR,ZAMBOANGA CITY,MERCEDES,ALL LOTS,INTERIOR,RR,Residential - Regular,215.0
raw,"RDO No. 93A - Zamboanga City and RDO No. 93B - Zamboanga, Sibugay.",008-2024,"Feb. 17, 2024",4TH,ZAMBOANGA DEL SUR,ZAMBOANGA CITY,MERCEDES,ALL LOTS,,CR,Commercial - Regular,2700.0
raw,"RDO No. 93A - Zamboanga City and RDO No. 93B - Zamboanga, Sibugay.",008-2024,"Feb. 17, 2024",4TH,ZAMBOANGA DEL SUR,ZAMBOANGA CITY,MERCEDES,ALL LOTS,,RR,Residential - Regular,1600.0
raw,"RDO No. 93A - Zamboanga City and RDO No. 93B - Zamboanga, Sibugay.",008-2024,"Feb. 17, 2024",4TH,ZAMBOANGA DEL SUR,ZAMBOANGA CITY,MERCEDES,ALL LOTS,,A50,Agricultural - A50,270.0
raw,"RDO No. 93A - Zamboanga City and RDO No. 93B - Zamboanga, Sibugay.",008-2024,"Feb. 17, 2024",4TH,ZAMBOANGA DEL SUR,ZAMBOANGA CITY,MERCEDES,ALL LOTS,INTERIOR LOT,RR,Residential - Regular,1300.0
raw,"RDO No. 93A - Zamboanga City and RDO No. 93B - Zamboanga, Sibugay.",,2010-08-06,,ZAMBOANGA DEL SUR,ZAMBOANGA CITY,MERCEDES,ALL LOTS,,RR,Residential - Regular,355.0
raw,"RDO No. 93A - Zamboanga City and RDO No. 93B - Zamboanga, Sibugay.",,2010-08-06,,ZAMBOANGA DEL SUR,ZAMBOANGA CITY,MERCEDES,ALL LOTS,,A50,Agricultural - A50,11.0
raw,"RDO No. 93A - Zamboanga City and RDO No. 93B - Zamboanga, Sibugay.",,2010-08-06,,ZAMBOANGA DEL SUR,ZAMBOANGA CITY,MERCEDES,ALL LOTS,INTERIOR,RR,Residential - Regular,215.0
raw,"RDO No. 93A - Zamboanga City and RDO No. 93B - Zamboanga, Sibugay.",008-2024,"Feb. 17, 2024",4TH,ZAMBOANGA DEL SUR,ZAMBOANGA CITY,MERCEDES,ALL OTHER SUBDIVISION,INTERIOR LOT,RR,Residential - Regular,2600.0
raw,"RDO No. 93A - Zamboanga City and RDO No. 93B - Zamboanga, Sibugay.",008-2024,"Feb. 17, 2024",4TH,ZAMBOANGA DEL SUR,ZAMBOANGA CITY,MERCEDES,ALL SOCIALIZED HOUSING SUBDIVISION,INTERIOR LOT,RR,Residential - Regular,1500.0
raw,"RDO No. 93A - Zamboanga City and RDO No. 93B - Zamboanga, Sibugay.",,,,ZAMBOANGA DEL SUR,ZAMBOANGA CITY,MERCEDES,ALL STREETS,,RR,Residential - Regular,70.0
raw,"RDO No. 93A - Zamboanga City and RDO No. 93B - Zamboanga, Sibugay.",,,,ZAMBOANGA DEL SUR,ZAMBOANGA CITY,MERCEDES,ALL STREETS,,A,Agricultural,6.5
raw,"RDO No. 93A - Zamboanga City and RDO No. 93B - Zamboanga, Sibugay.",,,,ZAMBOANGA DEL SUR,ZAMBOANGA CITY,MERCEDES,ALL STREETS,,RR,Residential - Regular,30.0
raw,"RDO No. 93A - Zamboanga City and RDO No. 93B - Zamboanga, Sibugay.",,,,ZAMBOANGA DEL SUR,ZAMBOANGA CITY,MERCEDES,ALL STREETS,,A,Agricultural,2.0
raw,"RDO No. 93A - Zamboanga City and RDO No. 93B - Zamboanga, Sibugay.",,1995-12-25,,ZAMBOANGA DEL SUR,ZAMBOANGA CITY,MERCEDES,ALL STREETS,,RR,Residential - Regular,70.0
raw,"RDO No. 93A - Zamboanga City and RDO No. 93B - Zamboanga, Sibugay.",,1995-12-25,,ZAMBOANGA DEL SUR,ZAMBOANGA CITY,MERCEDES,ALL STREETS,,A,Agricultural,6.5
raw,"RDO No. 93A - Zamboanga City and RDO No. 93B - Zamboanga, Sibugay.",,1990-01-02,,ZAMBOANGA DEL SUR,ZAMBOANGA CITY,MERCEDES,ALL STREETS,,RR,Residential - Regular,30.0
raw,"RDO No. 93A - Zamboanga City and RDO No. 93B - Zamboanga, Sibugay.",,1990-01-02,,ZAMBOANGA DEL SUR,ZAMBOANGA CITY,MERCEDES,ALL STREETS,,A,Agricultural,2.0
raw,"RDO No. 93A - Zamboanga City and RDO No. 93B - Zamboanga, Sibugay.",008-2024,"Feb. 17, 2024",4TH,ZAMBOANGA DEL SUR,ZAMBOANGA CITY,MERCEDES,BLUE HOMES CITY SUBDIVISION,INTERIOR LOT,RR,Residential - Regular,2900.0
raw,"RDO No. 93A - Zamboanga City and RDO No. 93B - Zamboanga, Sibugay.",008-2024,"Feb. 17, 2024",4TH,ZAMBOANGA DEL SUR,ZAMBOANGA CITY,MERCEDES,VILLA TERESA SUBDIVISION,INTERIOR LOT,RR,Residential - Regular,4500.0
raw,"RDO No. 93A - Zamboanga City and RDO No. 93B - Zamboanga, Sibugay.",,,,ZAMBOANGA DEL SUR,ZAMBOANGA CITY,MUTI,ALL LOTS,,RR,Residential - Regular,95.0
raw,"RDO No. 93A - Zamboanga City and RDO No. 93B - Zamboanga, Sibugay.",,,,ZAMBOANGA DEL SUR,ZAMBOANGA CITY,MUTI,ALL LOTS,,A50,Agricultural - A50,7.0
raw,"RDO No. 93A - Zamboanga City and RDO No. 93B - Zamboanga, Sibugay.",008-2024,"Feb. 17, 2024",4TH,ZAMBOANGA DEL SUR,ZAMBOANGA CITY,MUTI,ALL LOTS,,RR,Residential - Regular,500.0
raw,"RDO No. 93A - Zamboanga City and RDO No. 93B - Zamboanga, Sibugay.",008-2024,"Feb. 17, 2024",4TH,ZAMBOANGA DEL SUR,ZAMBOANGA CITY,MUTI,ALL LOTS,,A50,Agricultural - A50,50.0
raw,"RDO No. 93A - Zamboanga City and RDO No. 93B - Zamboanga, Sibugay.",,2010-08-06,,ZAMBOANGA DEL SUR,ZAMBOANGA CITY,MUTI,ALL LOTS,,RR,Residential - Regular,95.0
raw,"RDO No. 93A - Zamboanga City and RDO No. 93B - Zamboanga, Sibugay.",,2010-08-06,,ZAMBOANGA DEL SUR,ZAMBOANGA CITY,MUTI,ALL LOTS,,A50,Agricultural - A50,7.0
raw,"RDO No. 93A - Zamboanga City and RDO No. 93B - Zamboanga, Sibugay.",,,,ZAMBOANGA DEL SUR,ZAMBOANGA CITY,MUTI,ALL STREETS,,A,Agricultural,4.0
raw,"RDO No. 93A - Zamboanga City and RDO No. 93B - Zamboanga, Sibugay.",,,,ZAMBOANGA DEL SUR,ZAMBOANGA CITY,MUTI,ALL STREETS,,A,Agricultural,1.0
raw,"RDO No. 93A - Zamboanga City and RDO No. 93B - Zamboanga, Sibugay.",,1995-12-25,,ZAMBOANGA DEL SUR,ZAMBOANGA CITY,MUTI,ALL STREETS,,A,Agricultural,4.0
raw,"RDO No. 93A - Zamboanga City and RDO No. 93B - Zamboanga, Sibugay.",,1990-01-02,,ZAMBOANGA DEL SUR,ZAMBOANGA CITY,MUTI,ALL STREETS,,A,Agricultural,1.0
raw,"RDO No. 93A - Zamboanga City and RDO No. 93B - Zamboanga, Sibugay.",,,,ZAMBOANGA DEL SUR,ZAMBOANGA CITY,PAMUCUTAN,ALL LOTS,,RR,Residential - Regular,100.0
raw,"RDO No. 93A - Zamboanga City and RDO No. 93B - Zamboanga, Sibugay.",,,,ZAMBOANGA DEL SUR,ZAMBOANGA CITY,PAMUCUTAN,ALL LOTS,,A50,Agricultural - A50,7.0
raw,"RDO No. 93A - Zamboanga City and RDO No. 93B - Zamboanga, Sibugay.",008-2024,"Feb. 17, 2024",4TH,ZAMBOANGA DEL SUR,ZAMBOANGA CITY,PAMUCUTAN,ALL LOTS,,RR,Residential - Regular,1300.0
raw,"RDO No. 93A - Zamboanga City and RDO No. 93B - Zamboanga, Sibugay.",008-2024,"Feb. 17, 2024",4TH,ZAMBOANGA DEL SUR,ZAMBOANGA CITY,PAMUCUTAN,ALL LOTS,,A50,Agricultural - A50,50.0
raw,"RDO No. 93A - Zamboanga City and RDO No. 93B - Zamboanga, Sibugay.",008-2024,"Feb. 17, 2024",4TH,ZAMBOANGA DEL SUR,ZAMBOANGA CITY,PAMUCUTAN,ALL LOTS,,I,Industrial,1400.0
raw,"RDO No. 93A - Zamboanga City and RDO No. 93B - Zamboanga, Sibugay.",008-2024,"Feb. 17, 2024",4TH,ZAMBOANGA DEL SUR,ZAMBOANGA CITY,PAMUCUTAN,ALL LOTS,INTERIOR LOT,RR,Residential - Regular,500.0
raw,"RDO No. 93A - Zamboanga City and RDO No. 93B - Zamboanga, Sibugay.",,2010-08-06,,ZAMBOANGA DEL SUR,ZAMBOANGA CITY,PAMUCUTAN,ALL LOTS,,RR,Residential - Regular,100.0
raw,"RDO No. 93A - Zamboanga City and RDO No. 93B - Zamboanga, Sibugay.",,2010-08-06,,ZAMBOANGA DEL SUR,ZAMBOANGA CITY,PAMUCUTAN,ALL LOTS,,A50,Agricultural - A50,7.0
raw,"RDO No. 93A - Zamboanga City and RDO No. 93B - Zamboanga, Sibugay.",,,,ZAMBOANGA DEL SUR,ZAMBOANGA CITY,PAMUCUTAN,ALL STREETS,,A,Agricultural,4.0
raw,"RDO No. 93A - Zamboanga City and RDO No. 93B - Zamboanga, Sibugay.",,,,ZAMBOANGA DEL SUR,ZAMBOANGA CITY,PAMUCUTAN,ALL STREETS,,A,Agricultural,1.0
raw,"RDO No. 93A - Zamboanga City and RDO No. 93B - Zamboanga, Sibugay.",,1995-12-25,,ZAMBOANGA DEL SUR,ZAMBOANGA CITY,PAMUCUTAN,ALL STREETS,,A,Agricultural,4.0
raw,"RDO No. 93A - Zamboanga City and RDO No. 93B - Zamboanga, Sibugay.",,1990-01-02,,ZAMBOANGA DEL SUR,ZAMBOANGA CITY,PAMUCUTAN,ALL STREETS,,A,Agricultural,1.0
raw,"RDO No. 93A - Zamboanga City and RDO No. 93B - Zamboanga, Sibugay.",,,,ZAMBOANGA DEL SUR,ZAMBOANGA CITY,PANGAPUYAN ISLAND,ALL LOTS,,RR,Residential - Regular,95.0
raw,"RDO No. 93A - Zamboanga City and RDO No. 93B - Zamboanga, Sibugay.",,,,ZAMBOANGA DEL SUR,ZAMBOANGA CITY,PANGAPUYAN ISLAND,ALL LOTS,,A50,Agricultural - A50,7.0
raw,"RDO No. 93A - Zamboanga City and RDO No. 93B - Zamboanga, Sibugay.",008-2024,"Feb. 17, 2024",4TH,ZAMBOANGA DEL SUR,ZAMBOANGA CITY,PANGAPUYAN ISLAND,ALL LOTS,,RR,Residential - Regular,125.0
raw,"RDO No. 93A - Zamboanga City and RDO No. 93B - Zamboanga, Sibugay.",008-2024,"Feb. 17, 2024",4TH,ZAMBOANGA DEL SUR,ZAMBOANGA CITY,PANGAPUYAN ISLAND,ALL LOTS,,A50,Agricultural - A50,50.0
raw,"RDO No. 93A - Zamboanga City and RDO No. 93B - Zamboanga, Sibugay.",,2010-08-06,,ZAMBOANGA DEL SUR,ZAMBOANGA CITY,PANGAPUYAN ISLAND,ALL LOTS,,RR,Residential - Regular,95.0
raw,"RDO No. 93A - Zamboanga City and RDO No. 93B - Zamboanga, Sibugay.",,2010-08-06,,ZAMBOANGA DEL SUR,ZAMBOANGA CITY,PANGAPUYAN ISLAND,ALL LOTS,,A50,Agricultural - A50,7.0
raw,"RDO No. 93A - Zamboanga City and RDO No. 93B - Zamboanga, Sibugay.",,,,ZAMBOANGA DEL SUR,ZAMBOANGA CITY,PANGAPUYAN ISLAND,ALL STREETS,,A,Agricultural,4.0
raw,"RDO No. 93A - Zamboanga City and RDO No. 93B - Zamboanga, Sibugay.",,,,ZAMBOANGA DEL SUR,ZAMBOANGA CITY,PANGAPUYAN ISLAND,ALL STREETS,,A,Agricultural,1.0
raw,"RDO No. 93A - Zamboanga City and RDO No. 93B - Zamboanga, Sibugay.",,1995-12-25,,ZAMBOANGA DEL SUR,ZAMBOANGA CITY,PANGAPUYAN ISLAND,ALL STREETS,,A,Agricultural,4.0
raw,"RDO No. 93A - Zamboanga City and RDO No. 93B - Zamboanga, Sibugay.",,1990-01-02,,ZAMBOANGA DEL SUR,ZAMBOANGA CITY,PANGAPUYAN ISLAND,ALL STREETS,,A,Agricultural,1.0
raw,"RDO No. 93A - Zamboanga City and RDO No. 93B - Zamboanga, Sibugay.",,,,ZAMBOANGA DEL SUR,ZAMBOANGA CITY,PANUBIGAN,ALL LOTS,,RR,Residential - Regular,95.0
raw,"RDO No. 93A - Zamboanga City and RDO No. 93B - Zamboanga, Sibugay.",,,,ZAMBOANGA DEL SUR,ZAMBOANGA CITY,PANUBIGAN,ALL LOTS,,A50,Agricultural - A50,7.0
raw,"RDO No. 93A - Zamboanga City and RDO No. 93B - Zamboanga, Sibugay.",008-2024,"Feb. 17, 2024",4TH,ZAMBOANGA DEL SUR,ZAMBOANGA CITY,PANUBIGAN,ALL LOTS,,RR,Residential - Regular,500.0
raw,"RDO No. 93A - Zamboanga City and RDO No. 93B - Zamboanga, Sibugay.",008-2024,"Feb. 17, 2024",4TH,ZAMBOANGA DEL SUR,ZAMBOANGA CITY,PANUBIGAN,ALL LOTS,,A50,Agricultural - A50,50.0
raw,"RDO No. 93A - Zamboanga City and RDO No. 93B - Zamboanga, Sibugay.",,2010-08-06,,ZAMBOANGA DEL SUR,ZAMBOANGA CITY,PANUBIGAN,ALL LOTS,,RR,Residential - Regular,95.0
raw,"RDO No. 93A - Zamboanga City and RDO No. 93B - Zamboanga, Sibugay.",,2010-08-06,,ZAMBOANGA DEL SUR,ZAMBOANGA CITY,PANUBIGAN,ALL LOTS,,A50,Agricultural - A50,7.0
raw,"RDO No. 93A - Zamboanga City and RDO No. 93B - Zamboanga, Sibugay.",,,,ZAMBOANGA DEL SUR,ZAMBOANGA CITY,PANUBIGAN,ALL STREETS,,A,Agricultural,4.0
raw,"RDO No. 93A - Zamboanga City and RDO No. 93B - Zamboanga, Sibugay.",,,,ZAMBOANGA DEL SUR,ZAMBOANGA CITY,PANUBIGAN,ALL STREETS,,A,Agricultural,1.0
raw,"RDO No. 93A - Zamboanga City and RDO No. 93B - Zamboanga, Sibugay.",,1995-12-25,,ZAMBOANGA DEL SUR,ZAMBOANGA CITY,PANUBIGAN,ALL STREETS,,A,Agricultural,4.0
raw,"RDO No. 93A - Zamboanga City and RDO No. 93B - Zamboanga, Sibugay.",,1990-01-02,,ZAMBOANGA DEL SUR,ZAMBOANGA CITY,PANUBIGAN,ALL STREETS,,A,Agricultural,1.0
raw,"RDO No. 93A - Zamboanga City and RDO No. 93B - Zamboanga, Sibugay.",008-2024,"Feb. 17, 2024",4TH,ZAMBOANGA DEL SUR,ZAMBOANGA CITY,PASILMANTA,ALL LOTS,,RR,Residential - Regular,130.0
raw,"RDO No. 93A - Zamboanga City and RDO No. 93B - Zamboanga, Sibugay.",008-2024,"Feb. 17, 2024",4TH,ZAMBOANGA DEL SUR,ZAMBOANGA CITY,PASILMANTA,ALL LOTS,,A50,Agricultural - A50,50.0
raw,"RDO No. 93A - Zamboanga City and RDO No. 93B - Zamboanga, Sibugay.",,,,ZAMBOANGA DEL SUR,ZAMBOANGA CITY,PASILMATA,ALL LOTS,,RR,Residential - Regular,95.0
raw,"RDO No. 93A - Zamboanga City and RDO No. 93B - Zamboanga, Sibugay.",,,,ZAMBOANGA DEL SUR,ZAMBOANGA CITY,PASILMATA,ALL LOTS,,A50,Agricultural - A50,7.0
raw,"RDO No. 93A - Zamboanga City and RDO No. 93B - Zamboanga, Sibugay.",,2010-08-06,,ZAMBOANGA DEL SUR,ZAMBOANGA CITY,PASILMATA,ALL LOTS,,RR,Residential - Regular,95.0
raw,"RDO No. 93A - Zamboanga City and RDO No. 93B - Zamboanga, Sibugay.",,2010-08-06,,ZAMBOANGA DEL SUR,ZAMBOANGA CITY,PASILMATA,ALL LOTS,,A50,Agricultural - A50,7.0
raw,"RDO No. 93A - Zamboanga City and RDO No. 93B - Zamboanga, Sibugay.",,,,ZAMBOANGA DEL SUR,ZAMBOANGA CITY,PASILMATA,ALL STREETS,,A,Agricultural,4.0
raw,"RDO No. 93A - Zamboanga City and RDO No. 93B - Zamboanga, Sibugay.",,,,ZAMBOANGA DEL SUR,ZAMBOANGA CITY,PASILMATA,ALL STREETS,,A,Agricultural,1.0
raw,"RDO No. 93A - Zamboanga City and RDO No. 93B - Zamboanga, Sibugay.",,1995-12-25,,ZAMBOANGA DEL SUR,ZAMBOANGA CITY,PASILMATA,ALL STREETS,,A,Agricultural,4.0
raw,"RDO No. 93A - Zamboanga City and RDO No. 93B - Zamboanga, Sibugay.",,1990-01-02,,ZAMBOANGA DEL SUR,ZAMBOANGA CITY,PASILMATA,ALL STREETS,,A,Agricultural,1.0
raw,"RDO No. 93A - Zamboanga City and RDO No. 93B - Zamboanga, Sibugay.",,,,ZAMBOANGA DEL SUR,ZAMBOANGA CITY,PASOBOLONG,ALL LOTS,,RR,Residential - Regular,100.0
raw,"RDO No. 93A - Zamboanga City and RDO No. 93B - Zamboanga, Sibugay.",,,,ZAMBOANGA DEL SUR,ZAMBOANGA CITY,PASOBOLONG,ALL LOTS,,A50,Agricultural - A50,8.0
raw,"RDO No. 93A - Zamboanga City and RDO No. 93B - Zamboanga, Sibugay.",008-2024,"Feb. 17, 2024",4TH,ZAMBOANGA DEL SUR,ZAMBOANGA CITY,PASOBOLONG,ALL LOTS,,CR,Commercial - Regular,2400.0
raw,"RDO No. 93A - Zamboanga City and RDO No. 93B - Zamboanga, Sibugay.",008-2024,"Feb. 17, 2024",4TH,ZAMBOANGA DEL SUR,ZAMBOANGA CITY,PASOBOLONG,ALL LOTS,,RR,Residential - Regular,1500.0
raw,"RDO No. 93A - Zamboanga City and RDO No. 93B - Zamboanga, Sibugay.",008-2024,"Feb. 17, 2024",4TH,ZAMBOANGA DEL SUR,ZAMBOANGA CITY,PASOBOLONG,ALL LOTS,,A50,Agricultural - A50,50.0
raw,"RDO No. 93A - Zamboanga City and RDO No. 93B - Zamboanga, Sibugay.",008-2024,"Feb. 17, 2024",4TH,ZAMBOANGA DEL SUR,ZAMBOANGA CITY,PASOBOLONG,ALL LOTS,INTERIOR LOT,RR,Residential - Regular,1100.0
raw,"RDO No. 93A - Zamboanga City and RDO No. 93B - Zamboanga, Sibugay.",,2010-08-06,,ZAMBOANGA DEL SUR,ZAMBOANGA CITY,PASOBOLONG,ALL LOTS,,RR,Residential - Regular,100.0
raw,"RDO No. 93A - Zamboanga City and RDO No. 93B - Zamboanga, Sibugay.",,2010-08-06,,ZAMBOANGA DEL SUR,ZAMBOANGA CITY,PASOBOLONG,ALL LOTS,,A50,Agricultural - A50,8.0
raw,"RDO No. 93A - Zamboanga City and RDO No. 93B - Zamboanga, Sibugay.",,,,ZAMBOANGA DEL SUR,ZAMBOANGA CITY,PASONANCA,ALL LOTS,ALONG THE ROAD,RR,Residential - Regular,1500.0
raw,"RDO No. 93A - Zamboanga City and RDO No. 93B - Zamboanga, Sibugay.",,,,ZAMBOANGA DEL SUR,ZAMBOANGA CITY,PASONANCA,ALL LOTS,ALONG THE ROAD,X,Special / Other,1525.0
raw,"RDO No. 93A - Zamboanga City and RDO No. 93B - Zamboanga, Sibugay.",,,,ZAMBOANGA DEL SUR,ZAMBOANGA CITY,PASONANCA,ALL LOTS,INTERIOR,RR,Residential - Regular,1000.0
raw,"RDO No. 93A - Zamboanga City and RDO No. 93B - Zamboanga, Sibugay.",,,,ZAMBOANGA DEL SUR,ZAMBOANGA CITY,PASONANCA,ALL LOTS,INTERIOR,A50,Agricultural - A50,21.0
raw,"RDO No. 93A - Zamboanga City and RDO No. 93B - Zamboanga, Sibugay.",008-2024,"Feb. 17, 2024",4TH,ZAMBOANGA DEL SUR,ZAMBOANGA CITY,PASONANCA,ALL LOTS,,CR,Commercial - Regular,3100.0
raw,"RDO No. 93A - Zamboanga City and RDO No. 93B - Zamboanga, Sibugay.",008-2024,"Feb. 17, 2024",4TH,ZAMBOANGA DEL SUR,ZAMBOANGA CITY,PASONANCA,ALL LOTS,,RR,Residential - Regular,2500.0
raw,"RDO No. 93A - Zamboanga City and RDO No. 93B - Zamboanga, Sibugay.",008-2024,"Feb. 17, 2024",4TH,ZAMBOANGA DEL SUR,ZAMBOANGA CITY,PASONANCA,ALL LOTS,,X,Special / Other,2600.0
raw,"RDO No. 93A - Zamboanga City and RDO No. 93B - Zamboanga, Sibugay.",008-2024,"Feb. 17, 2024",4TH,ZAMBOANGA DEL SUR,ZAMBOANGA CITY,PASONANCA,ALL LOTS,,A50,Agricultural - A50,210.0
raw,"RDO No. 93A - Zamboanga City and RDO No. 93B - Zamboanga, Sibugay.",008-2024,"Feb. 17, 2024",4TH,ZAMBOANGA DEL SUR,ZAMBOANGA CITY,PASONANCA,ALL LOTS,INTERIOR LOT,RR,Residential - Regular,1700.0
raw,"RDO No. 93A - Zamboanga City and RDO No. 93B - Zamboanga, Sibugay.",,2010-08-06,,ZAMBOANGA DEL SUR,ZAMBOANGA CITY,PASONANCA,ALL LOTS,ALONG THE ROAD,RR,Residential - Regular,1500.0
raw,"RDO No. 93A - Zamboanga City and RDO No. 93B - Zamboanga, Sibugay.",,2010-08-06,,ZAMBOANGA DEL SUR,ZAMBOANGA CITY,PASONANCA,ALL LOTS,ALONG THE ROAD,X,Special / Other,1525.0
raw,"RDO No. 93A - Zamboanga City and RDO No. 93B - Zamboanga, Sibugay.",,2010-08-06,,ZAMBOANGA DEL SUR,ZAMBOANGA CITY,PASONANCA,ALL LOTS,INTERIOR,RR,Residential - Regular,1000.0
raw,"RDO No. 93A - Zamboanga City and RDO No. 93B - Zamboanga, Sibugay.",,2010-08-06,,ZAMBOANGA DEL SUR,ZAMBOANGA CITY,PASONANCA,ALL LOTS,INTERIOR,A50,Agricultural - A50,21.0
raw,"RDO No. 93A - Zamboanga City and RDO No. 93B - Zamboanga, Sibugay.",008-2024,"Feb. 17, 2024",4TH,ZAMBOANGA DEL SUR,ZAMBOANGA CITY,PASONANCA,ALL OTHER SUBDIVISION,INTERIOR LOT,RR,Residential - Regular,1600.0
raw,"RDO No. 93A - Zamboanga City and RDO No. 93B - Zamboanga, Sibugay.",008-2024,"Feb. 17, 2024",4TH,ZAMBOANGA DEL SUR,ZAMBOANGA CITY,PASONANCA,ALL SOCIALIZED HOUSING SUBDIVISION,INTERIOR LOT,RR,Residential - Regular,1500.0
raw,"RDO No. 93A - Zamboanga City and RDO No. 93B - Zamboanga, Sibugay.",,,,ZAMBOANGA DEL SUR,ZAMBOANGA CITY,PASONANCA,ALL STREETS,,RR,Residential - Regular,350.0
raw,"RDO No. 93A - Zamboanga City and RDO No. 93B - Zamboanga, Sibugay.",,,,ZAMBOANGA DEL SUR,ZAMBOANGA CITY,PASONANCA,ALL STREETS,,X,Special / Other,250.0
raw,"RDO No. 93A - Zamboanga City and RDO No. 93B - Zamboanga, Sibugay.",,,,ZAMBOANGA DEL SUR,ZAMBOANGA CITY,PASONANCA,ALL STREETS,,A,Agricultural,13.0
raw,"RDO No. 93A - Zamboanga City and RDO No. 93B - Zamboanga, Sibugay.",,,,ZAMBOANGA DEL SUR,ZAMBOANGA CITY,PASONANCA,ALL STREETS,,RR,Residential - Regular,150.0
raw,"RDO No. 93A - Zamboanga City and RDO No. 93B - Zamboanga, Sibugay.",,,,ZAMBOANGA DEL SUR,ZAMBOANGA CITY,PASONANCA,ALL STREETS,,X,Special / Other,170.0
raw,"RDO No. 93A - Zamboanga City and RDO No. 93B - Zamboanga, Sibugay.",,,,ZAMBOANGA DEL SUR,ZAMBOANGA CITY,PASONANCA,ALL STREETS,,A,Agricultural,5.0
raw,"RDO No. 93A - Zamboanga City and RDO No. 93B - Zamboanga, Sibugay.",,1995-12-25,,ZAMBOANGA DEL SUR,ZAMBOANGA CITY,PASONANCA,ALL STREETS,,RR,Residential - Regular,350.0
raw,"RDO No. 93A - Zamboanga City and RDO No. 93B - Zamboanga, Sibugay.",,1995-12-25,,ZAMBOANGA DEL SUR,ZAMBOANGA CITY,PASONANCA,ALL STREETS,,X,Special / Other,250.0
raw,"RDO No. 93A - Zamboanga City and RDO No. 93B - Zamboanga, Sibugay.",,1995-12-25,,ZAMBOANGA DEL SUR,ZAMBOANGA CITY,PASONANCA,ALL STREETS,,A,Agricultural,13.0
raw,"RDO No. 93A - Zamboanga City and RDO No. 93B - Zamboanga, Sibugay.",,1990-01-02,,ZAMBOANGA DEL SUR,ZAMBOANGA CITY,PASONANCA,ALL STREETS,,RR,Residential - Regular,150.0
raw,"RDO No. 93A - Zamboanga City and RDO No. 93B - Zamboanga, Sibugay.",,1990-01-02,,ZAMBOANGA DEL SUR,ZAMBOANGA CITY,PASONANCA,ALL STREETS,,X,Special / Other,170.0
raw,"RDO No. 93A - Zamboanga City and RDO No. 93B - Zamboanga, Sibugay.",,1990-01-02,,ZAMBOANGA DEL SUR,ZAMBOANGA CITY,PASONANCA,ALL STREETS,,A,Agricultural,5.0
raw,"RDO No. 93A - Zamboanga City and RDO No. 93B - Zamboanga, Sibugay.",008-2024,"Feb. 17, 2024",4TH,ZAMBOANGA DEL SUR,ZAMBOANGA CITY,PASONANCA,BLUE HOMES EXECUTIVE SUBDIVISION,INTERIOR LOT,RR,Residential - Regular,2700.0
raw,"RDO No. 93A - Zamboanga City and RDO No. 93B - Zamboanga, Sibugay.",008-2024,"Feb. 17, 2024",4TH,ZAMBOANGA DEL SUR,ZAMBOANGA CITY,PASONANCA,HB HOMES SUBDIVISION,INTERIOR LOT,RR,Residential - Regular,2800.0
raw,"RDO No. 93A - Zamboanga City and RDO No. 93B - Zamboanga, Sibugay.",008-2024,"Feb. 17, 2024",4TH,ZAMBOANGA DEL SUR,ZAMBOANGA CITY,PASONANCA,SUMMER HILL SUBDIVISION,INTERIOR LOT,RR,Residential - Regular,6900.0
raw,"RDO No. 93A - Zamboanga City and RDO No. 93B - Zamboanga, Sibugay.",,,,ZAMBOANGA DEL SUR,ZAMBOANGA CITY,PATALON,ALL STREETS,,RR,Residential - Regular,100.0
raw,"RDO No. 93A - Zamboanga City and RDO No. 93B - Zamboanga, Sibugay.",,,,ZAMBOANGA DEL SUR,ZAMBOANGA CITY,PATALON,ALL STREETS,,A50,Agricultural - A50,19.0
raw,"RDO No. 93A - Zamboanga City and RDO No. 93B - Zamboanga, Sibugay.",,,,ZAMBOANGA DEL SUR,ZAMBOANGA CITY,PATALON,ALL STREETS,INTERIOR,RR,Residential - Regular,60.0
raw,"RDO No. 93A - Zamboanga City and RDO No. 93B - Zamboanga, Sibugay.",,,,ZAMBOANGA DEL SUR,ZAMBOANGA CITY,PATALON,ALL STREETS,,RR,Residential - Regular,38.0
raw,"RDO No. 93A - Zamboanga City and RDO No. 93B - Zamboanga, Sibugay.",,,,ZAMBOANGA DEL SUR,ZAMBOANGA CITY,PATALON,ALL STREETS,,A,Agricultural,11.5
raw,"RDO No. 93A - Zamboanga City and RDO No. 93B - Zamboanga, Sibugay.",,,,ZAMBOANGA DEL SUR,ZAMBOANGA CITY,PATALON,ALL STREETS,,RR,Residential - Regular,20.0
raw,"RDO No. 93A - Zamboanga City and RDO No. 93B - Zamboanga, Sibugay.",,,,ZAMBOANGA DEL SUR,ZAMBOANGA CITY,PATALON,ALL STREETS,,A,Agricultural,2.0
raw,"RDO No. 93A - Zamboanga City and RDO No. 93B - Zamboanga, Sibugay.",008-2024,"Feb. 17, 2024",4TH,ZAMBOANGA DEL SUR,ZAMBOANGA CITY,PATALON,ALL STREETS,,CR,Commercial - Regular,2300.0
raw,"RDO No. 93A - Zamboanga City and RDO No. 93B - Zamboanga, Sibugay.",008-2024,"Feb. 17, 2024",4TH,ZAMBOANGA DEL SUR,ZAMBOANGA CITY,PATALON,ALL STREETS,,RR,Residential - Regular,1300.0
raw,"RDO No. 93A - Zamboanga City and RDO No. 93B - Zamboanga, Sibugay.",008-2024,"Feb. 17, 2024",4TH,ZAMBOANGA DEL SUR,ZAMBOANGA CITY,PATALON,ALL STREETS,,A50,Agricultural - A50,50.0
raw,"RDO No. 93A - Zamboanga City and RDO No. 93B - Zamboanga, Sibugay.",008-2024,"Feb. 17, 2024",4TH,ZAMBOANGA DEL SUR,ZAMBOANGA CITY,PATALON,ALL STREETS,,I,Industrial,1400.0
raw,"RDO No. 93A - Zamboanga City and RDO No. 93B - Zamboanga, Sibugay.",008-2024,"Feb. 17, 2024",4TH,ZAMBOANGA DEL SUR,ZAMBOANGA CITY,PATALON,ALL STREETS,INTERIOR LOT,RR,Residential - Regular,500.0
raw,"RDO No. 93A - Zamboanga City and RDO No. 93B - Zamboanga, Sibugay.",,2010-08-06,,ZAMBOANGA DEL SUR,ZAMBOANGA CITY,PATALON,ALL STREETS,,RR,Residential - Regular,100.0
raw,"RDO No. 93A - Zamboanga City and RDO No. 93B - Zamboanga, Sibugay.",,2010-08-06,,ZAMBOANGA DEL SUR,ZAMBOANGA CITY,PATALON,ALL STREETS,,A50,Agricultural - A50,19.0
raw,"RDO No. 93A - Zamboanga City and RDO No. 93B - Zamboanga, Sibugay.",,2010-08-06,,ZAMBOANGA DEL SUR,ZAMBOANGA CITY,PATALON,ALL STREETS,INTERIOR,RR,Residential - Regular,60.0
raw,"RDO No. 93A - Zamboanga City and RDO No. 93B - Zamboanga, Sibugay.",,1995-12-25,,ZAMBOANGA DEL SUR,ZAMBOANGA CITY,PATALON,ALL STREETS,,RR,Residential - Regular,38.0
raw,"RDO No. 93A - Zamboanga City and RDO No. 93B - Zamboanga, Sibugay.",,1995-12-25,,ZAMBOANGA DEL SUR,ZAMBOANGA CITY,PATALON,ALL STREETS,,A,Agricultural,11.5
raw,"RDO No. 93A - Zamboanga City and RDO No. 93B - Zamboanga, Sibugay.",,1990-01-02,,ZAMBOANGA DEL SUR,ZAMBOANGA CITY,PATALON,ALL STREETS,,RR,Residential - Regular,20.0
raw,"RDO No. 93A - Zamboanga City and RDO No. 93B - Zamboanga, Sibugay.",,1990-01-02,,ZAMBOANGA DEL SUR,ZAMBOANGA CITY,PATALON,ALL STREETS,,A,Agricultural,2.0
raw,"RDO No. 93A - Zamboanga City and RDO No. 93B - Zamboanga, Sibugay.",,,,ZAMBOANGA DEL SUR,ZAMBOANGA CITY,POBLACION,ALEJO ALVAREZ ST,R.T.LIM BLVD - SAN JOSE,CR,Commercial - Regular,1400.0
raw,"RDO No. 93A - Zamboanga City and RDO No. 93B - Zamboanga, Sibugay.",,,,ZAMBOANGA DEL SUR,ZAMBOANGA CITY,POBLACION,ALEJO ALVAREZ ST,R.T.LIM BLVD - SAN JOSE,RR,Residential - Regular,1000.0
raw,"RDO No. 93A - Zamboanga City and RDO No. 93B - Zamboanga, Sibugay.",,1990-01-02,,ZAMBOANGA DEL SUR,ZAMBOANGA CITY,POBLACION,ALEJO ALVAREZ ST,R.T.LIM BLVD - SAN JOSE,CR,Commercial - Regular,1400.0
raw,"RDO No. 93A - Zamboanga City and RDO No. 93B - Zamboanga, Sibugay.",,1990-01-02,,ZAMBOANGA DEL SUR,ZAMBOANGA CITY,POBLACION,ALEJO ALVAREZ ST,R.T.LIM BLVD - SAN JOSE,RR,Residential - Regular,1000.0
raw,"RDO No. 93A - Zamboanga City and RDO No. 93B - Zamboanga, Sibugay.",,,,ZAMBOANGA DEL SUR,ZAMBOANGA CITY,POBLACION,ALL OTHER STREETS,ZONE I BARANGAY POBLACION,CR,Commercial - Regular,2250.0
raw,"RDO No. 93A - Zamboanga City and RDO No. 93B - Zamboanga, Sibugay.",,,,ZAMBOANGA DEL SUR,ZAMBOANGA CITY,POBLACION,ALL OTHER STREETS,ZONE I BARANGAY POBLACION,RR,Residential - Regular,1400.0
raw,"RDO No. 93A - Zamboanga City and RDO No. 93B - Zamboanga, Sibugay.",,1990-01-02,,ZAMBOANGA DEL SUR,ZAMBOANGA CITY,POBLACION,ALL OTHER STREETS,ZONE I BARANGAY POBLACION,CR,Commercial - Regular,2250.0
raw,"RDO No. 93A - Zamboanga City and RDO No. 93B - Zamboanga, Sibugay.",,1990-01-02,,ZAMBOANGA DEL SUR,ZAMBOANGA CITY,POBLACION,ALL OTHER STREETS,ZONE I BARANGAY POBLACION,RR,Residential - Regular,1400.0
raw,"RDO No. 93A - Zamboanga City and RDO No. 93B - Zamboanga, Sibugay.",,,,ZAMBOANGA DEL SUR,ZAMBOANGA CITY,POBLACION,BARCELONA ST,GOV. LIM - P. BRILLANTES,CR,Commercial - Regular,2250.0
raw,"RDO No. 93A - Zamboanga City and RDO No. 93B - Zamboanga, Sibugay.",,,,ZAMBOANGA DEL SUR,ZAMBOANGA CITY,POBLACION,BARCELONA ST,GOV. LIM - P. BRILLANTES,RR,Residential - Regular,1400.0
raw,"RDO No. 93A - Zamboanga City and RDO No. 93B - Zamboanga, Sibugay.",,1990-01-02,,ZAMBOANGA DEL SUR,ZAMBOANGA CITY,POBLACION,BARCELONA ST,GOV. LIM - P. BRILLANTES,CR,Commercial - Regular,2250.0
raw,"RDO No. 93A - Zamboanga City and RDO No. 93B - Zamboanga, Sibugay.",,1990-01-02,,ZAMBOANGA DEL SUR,ZAMBOANGA CITY,POBLACION,BARCELONA ST,GOV. LIM - P. BRILLANTES,RR,Residential - Regular,1400.0
raw,"RDO No. 93A - Zamboanga City and RDO No. 93B - Zamboanga, Sibugay.",,,,ZAMBOANGA DEL SUR,ZAMBOANGA CITY,POBLACION,BUENAVISTA ST,SAN JOSE RD - M. JALDON,CR,Commercial - Regular,1400.0
raw,"RDO No. 93A - Zamboanga City and RDO No. 93B - Zamboanga, Sibugay.",,,,ZAMBOANGA DEL SUR,ZAMBOANGA CITY,POBLACION,BUENAVISTA ST,SAN JOSE RD - M. JALDON,RR,Residential - Regular,1000.0
raw,"RDO No. 93A - Zamboanga City and RDO No. 93B - Zamboanga, Sibugay.",,1990-01-02,,ZAMBOANGA DEL SUR,ZAMBOANGA CITY,POBLACION,BUENAVISTA ST,SAN JOSE RD - M. JALDON,CR,Commercial - Regular,1400.0
raw,"RDO No. 93A - Zamboanga City and RDO No. 93B - Zamboanga, Sibugay.",,1990-01-02,,ZAMBOANGA DEL SUR,ZAMBOANGA CITY,POBLACION,BUENAVISTA ST,SAN JOSE RD - M. JALDON,RR,Residential - Regular,1000.0
raw,"RDO No. 93A - Zamboanga City and RDO No. 93B - Zamboanga, Sibugay.",,,,ZAMBOANGA DEL SUR,ZAMBOANGA CITY,POBLACION,CAMPANER INTERIOR,BRILLANTES - PURISIMA,CR,Commercial - Regular,1400.0
raw,"RDO No. 93A - Zamboanga City and RDO No. 93B - Zamboanga, Sibugay.",,,,ZAMBOANGA DEL SUR,ZAMBOANGA CITY,POBLACION,CAMPANER INTERIOR,BRILLANTES - PURISIMA,RR,Residential - Regular,1000.0
raw,"RDO No. 93A - Zamboanga City and RDO No. 93B - Zamboanga, Sibugay.",,1990-01-02,,ZAMBOANGA DEL SUR,ZAMBOANGA CITY,POBLACION,CAMPANER INTERIOR,BRILLANTES - PURISIMA,CR,Commercial - Regular,1400.0
raw,"RDO No. 93A - Zamboanga City and RDO No. 93B - Zamboanga, Sibugay.",,1990-01-02,,ZAMBOANGA DEL SUR,ZAMBOANGA CITY,POBLACION,CAMPANER INTERIOR,BRILLANTES - PURISIMA,RR,Residential - Regular,1000.0
raw,"RDO No. 93A - Zamboanga City and RDO No. 93B - Zamboanga, Sibugay.",,,,ZAMBOANGA DEL SUR,ZAMBOANGA CITY,POBLACION,CARMEN ST VARELA ST,R.T.LIM BLVD - SAN JOSE,CR,Commercial - Regular,1400.0
raw,"RDO No. 93A - Zamboanga City and RDO No. 93B - Zamboanga, Sibugay.",,,,ZAMBOANGA DEL SUR,ZAMBOANGA CITY,POBLACION,CARMEN ST VARELA ST,R.T.LIM BLVD - SAN JOSE,RR,Residential - Regular,1000.0
raw,"RDO No. 93A - Zamboanga City and RDO No. 93B - Zamboanga, Sibugay.",,1990-01-02,,ZAMBOANGA DEL SUR,ZAMBOANGA CITY,POBLACION,CARMEN ST VARELA ST,R.T.LIM BLVD - SAN JOSE,CR,Commercial - Regular,1400.0
raw,"RDO No. 93A - Zamboanga City and RDO No. 93B - Zamboanga, Sibugay.",,1990-01-02,,ZAMBOANGA DEL SUR,ZAMBOANGA CITY,POBLACION,CARMEN ST VARELA ST,R.T.LIM BLVD - SAN JOSE,RR,Residential - Regular,1000.0
raw,"RDO No. 93A - Zamboanga City and RDO No. 93B - Zamboanga, Sibugay.",,,,ZAMBOANGA DEL SUR,ZAMBOANGA CITY,POBLACION,CAWACAWA PC CPD,R.T.LIM BLVD - ALVAREZ,CR,Commercial - Regular,1400.0
raw,"RDO No. 93A - Zamboanga City and RDO No. 93B - Zamboanga, Sibugay.",,,,ZAMBOANGA DEL SUR,ZAMBOANGA CITY,POBLACION,CAWACAWA PC CPD,R.T.LIM BLVD - ALVAREZ,X,Special / Other,1400.0
raw,"RDO No. 93A - Zamboanga City and RDO No. 93B - Zamboanga, Sibugay.",,1990-01-02,,ZAMBOANGA DEL SUR,ZAMBOANGA CITY,POBLACION,CAWACAWA PC CPD,R.T.LIM BLVD - ALVAREZ,CR,Commercial - Regular,1400.0
raw,"RDO No. 93A - Zamboanga City and RDO No. 93B - Zamboanga, Sibugay.",,1990-01-02,,ZAMBOANGA DEL SUR,ZAMBOANGA CITY,POBLACION,CAWACAWA PC CPD,R.T.LIM BLVD - ALVAREZ,X,Special / Other,1400.0
raw,"RDO No. 93A - Zamboanga City and RDO No. 93B - Zamboanga, Sibugay.",,,,ZAMBOANGA DEL SUR,ZAMBOANGA CITY,POBLACION,CLIMACO AVE,JUNCTION - GOV LIM AVE,CR,Commercial - Regular,2250.0
raw,"RDO No. 93A - Zamboanga City and RDO No. 93B - Zamboanga, Sibugay.",,1990-01-02,,ZAMBOANGA DEL SUR,ZAMBOANGA CITY,POBLACION,CLIMACO AVE,JUNCTION - GOV LIM AVE,CR,Commercial - Regular,2250.0
raw,"RDO No. 93A - Zamboanga City and RDO No. 93B - Zamboanga, Sibugay.",,,,ZAMBOANGA DEL SUR,ZAMBOANGA CITY,POBLACION,GOV. ALVAREZ,M. JALDON - LA PURISIMA,CR,Commercial - Regular,1400.0
raw,"RDO No. 93A - Zamboanga City and RDO No. 93B - Zamboanga, Sibugay.",,,,ZAMBOANGA DEL SUR,ZAMBOANGA CITY,POBLACION,GOV. ALVAREZ,M. JALDON - LA PURISIMA,RR,Residential - Regular,1000.0
raw,"RDO No. 93A - Zamboanga City and RDO No. 93B - Zamboanga, Sibugay.",,1990-01-02,,ZAMBOANGA DEL SUR,ZAMBOANGA CITY,POBLACION,GOV. ALVAREZ,M. JALDON - LA PURISIMA,CR,Commercial - Regular,1400.0
raw,"RDO No. 93A - Zamboanga City and RDO No. 93B - Zamboanga, Sibugay.",,1990-01-02,,ZAMBOANGA DEL SUR,ZAMBOANGA CITY,POBLACION,GOV. ALVAREZ,M. JALDON - LA PURISIMA,RR,Residential - Regular,1000.0
raw,"RDO No. 93A - Zamboanga City and RDO No. 93B - Zamboanga, Sibugay.",,,,ZAMBOANGA DEL SUR,ZAMBOANGA CITY,POBLACION,GOV. LIM AVE,CLIMACO AVE - MAGAY ST,CR,Commercial - Regular,2250.0
raw,"RDO No. 93A - Zamboanga City and RDO No. 93B - Zamboanga, Sibugay.",,,,ZAMBOANGA DEL SUR,ZAMBOANGA CITY,POBLACION,GOV. LIM AVE,CLIMACO - LA PURISIMA,CR,Commercial - Regular,2250.0
raw,"RDO No. 93A - Zamboanga City and RDO No. 93B - Zamboanga, Sibugay.",,,,ZAMBOANGA DEL SUR,ZAMBOANGA CITY,POBLACION,GOV. LIM AVE,CLIMACO - LA PURISIMA,RR,Residential - Regular,1400.0
raw,"RDO No. 93A - Zamboanga City and RDO No. 93B - Zamboanga, Sibugay.",,1990-01-02,,ZAMBOANGA DEL SUR,ZAMBOANGA CITY,POBLACION,GOV. LIM AVE,CLIMACO AVE - MAGAY ST,CR,Commercial - Regular,2250.0
raw,"RDO No. 93A - Zamboanga City and RDO No. 93B - Zamboanga, Sibugay.",,1990-01-02,,ZAMBOANGA DEL SUR,ZAMBOANGA CITY,POBLACION,GOV. LIM AVE,CLIMACO - LA PURISIMA,CR,Commercial - Regular,2250.0
raw,"RDO No. 93A - Zamboanga City and RDO No. 93B - Zamboanga, Sibugay.",,1990-01-02,,ZAMBOANGA DEL SUR,ZAMBOANGA CITY,POBLACION,GOV. LIM AVE,CLIMACO - LA PURISIMA,RR,Residential - Regular,1400.0
raw,"RDO No. 93A - Zamboanga City and RDO No. 93B - Zamboanga, Sibugay.",,,,ZAMBOANGA DEL SUR,ZAMBOANGA CITY,POBLACION,LA PURISIMA ST,GOV. LIM - GOV. ALVAREZ,CR,Commercial - Regular,2250.0
raw,"RDO No. 93A - Zamboanga City and RDO No. 93B - Zamboanga, Sibugay.",,,,ZAMBOANGA DEL SUR,ZAMBOANGA CITY,POBLACION,LA PURISIMA ST,GOV. LIM - GOV. ALVAREZ,RR,Residential - Regular,1400.0
raw,"RDO No. 93A - Zamboanga City and RDO No. 93B - Zamboanga, Sibugay.",,,,ZAMBOANGA DEL SUR,ZAMBOANGA CITY,POBLACION,LA PURISIMA ST,GOV. LIM - GOV. ALVAREZ,X,Special / Other,2250.0
raw,"RDO No. 93A - Zamboanga City and RDO No. 93B - Zamboanga, Sibugay.",,1990-01-02,,ZAMBOANGA DEL SUR,ZAMBOANGA CITY,POBLACION,LA PURISIMA ST,GOV. LIM - GOV. ALVAREZ,CR,Commercial - Regular,2250.0
raw,"RDO No. 93A - Zamboanga City and RDO No. 93B - Zamboanga, Sibugay.",,1990-01-02,,ZAMBOANGA DEL SUR,ZAMBOANGA CITY,POBLACION,LA PURISIMA ST,GOV. LIM - GOV. ALVAREZ,RR,Residential - Regular,1400.0
raw,"RDO No. 93A - Zamboanga City and RDO No. 93B - Zamboanga, Sibugay.",,1990-01-02,,ZAMBOANGA DEL SUR,ZAMBOANGA CITY,POBLACION,LA PURISIMA ST,GOV. LIM - GOV. ALVAREZ,X,Special / Other,2250.0
raw,"RDO No. 93A - Zamboanga City and RDO No. 93B - Zamboanga, Sibugay.",,,,ZAMBOANGA DEL SUR,ZAMBOANGA CITY,POBLACION,M. CALIXTO ST,MAGAY ST - SAN JOSE RD,CR,Commercial - Regular,2250.0
raw,"RDO No. 93A - Zamboanga City and RDO No. 93B - Zamboanga, Sibugay.",,1990-01-02,,ZAMBOANGA DEL SUR,ZAMBOANGA CITY,POBLACION,M. CALIXTO ST,MAGAY ST - SAN JOSE RD,CR,Commercial - Regular,2250.0
raw,"RDO No. 93A - Zamboanga City and RDO No. 93B - Zamboanga, Sibugay.",,,,ZAMBOANGA DEL SUR,ZAMBOANGA CITY,POBLACION,MAGAY ST,GOV. LIM AVE-R.T LIM BLVD,CR,Commercial - Regular,1400.0
raw,"RDO No. 93A - Zamboanga City and RDO No. 93B - Zamboanga, Sibugay.",,1990-01-02,,ZAMBOANGA DEL SUR,ZAMBOANGA CITY,POBLACION,MAGAY ST,GOV. LIM AVE-R.T LIM BLVD,CR,Commercial - Regular,1400.0
raw,"RDO No. 93A - Zamboanga City and RDO No. 93B - Zamboanga, Sibugay.",,,,ZAMBOANGA DEL SUR,ZAMBOANGA CITY,POBLACION,MAYOR JALDON ST,SAN JOSE - CLIMACO AVE,CR,Commercial - Regular,1400.0
raw,"RDO No. 93A - Zamboanga City and RDO No. 93B - Zamboanga, Sibugay.",,,,ZAMBOANGA DEL SUR,ZAMBOANGA CITY,POBLACION,MAYOR JALDON ST,SAN JOSE - CLIMACO AVE,RR,Residential - Regular,1000.0
raw,"RDO No. 93A - Zamboanga City and RDO No. 93B - Zamboanga, Sibugay.",,1990-01-02,,ZAMBOANGA DEL SUR,ZAMBOANGA CITY,POBLACION,MAYOR JALDON ST,SAN JOSE - CLIMACO AVE,CR,Commercial - Regular,1400.0
raw,"RDO No. 93A - Zamboanga City and RDO No. 93B - Zamboanga, Sibugay.",,1990-01-02,,ZAMBOANGA DEL SUR,ZAMBOANGA CITY,POBLACION,MAYOR JALDON ST,SAN JOSE - CLIMACO AVE,RR,Residential - Regular,1000.0
raw,"RDO No. 93A - Zamboanga City and RDO No. 93B - Zamboanga, Sibugay.",,,,ZAMBOANGA DEL SUR,ZAMBOANGA CITY,POBLACION,MERCADO ST,T. CLAUDIO - GOV. LIM,CR,Commercial - Regular,2250.0
raw,"RDO No. 93A - Zamboanga City and RDO No. 93B - Zamboanga, Sibugay.",,1990-01-02,,ZAMBOANGA DEL SUR,ZAMBOANGA CITY,POBLACION,MERCADO ST,T. CLAUDIO - GOV. LIM,CR,Commercial - Regular,2250.0
raw,"RDO No. 93A - Zamboanga City and RDO No. 93B - Zamboanga, Sibugay.",,,,ZAMBOANGA DEL SUR,ZAMBOANGA CITY,POBLACION,P. BRILLANTES ST,CLIMACO - LA PURISIMA,CR,Commercial - Regular,2250.0
raw,"RDO No. 93A - Zamboanga City and RDO No. 93B - Zamboanga, Sibugay.",,,,ZAMBOANGA DEL SUR,ZAMBOANGA CITY,POBLACION,P. BRILLANTES ST,CLIMACO - LA PURISIMA,X,Special / Other,2250.0
raw,"RDO No. 93A - Zamboanga City and RDO No. 93B - Zamboanga, Sibugay.",,1990-01-02,,ZAMBOANGA DEL SUR,ZAMBOANGA CITY,POBLACION,P. BRILLANTES ST,CLIMACO - LA PURISIMA,CR,Commercial - Regular,2250.0
raw,"RDO No. 93A - Zamboanga City and RDO No. 93B - Zamboanga, Sibugay.",,1990-01-02,,ZAMBOANGA DEL SUR,ZAMBOANGA CITY,POBLACION,P. BRILLANTES ST,CLIMACO - LA PURISIMA,X,Special / Other,2250.0
raw,"RDO No. 93A - Zamboanga City and RDO No. 93B - Zamboanga, Sibugay.",,,,ZAMBOANGA DEL SUR,ZAMBOANGA CITY,POBLACION,P. REYES ST,GOV. LIM - P.BRILLANTES,CR,Commercial - Regular,2250.0
raw,"RDO No. 93A - Zamboanga City and RDO No. 93B - Zamboanga, Sibugay.",,,,ZAMBOANGA DEL SUR,ZAMBOANGA CITY,POBLACION,P. REYES ST,GOV. LIM - P.BRILLANTES,RR,Residential - Regular,1400.0
raw,"RDO No. 93A - Zamboanga City and RDO No. 93B - Zamboanga, Sibugay.",,1990-01-02,,ZAMBOANGA DEL SUR,ZAMBOANGA CITY,POBLACION,P. REYES ST,GOV. LIM - P.BRILLANTES,CR,Commercial - Regular,2250.0
raw,"RDO No. 93A - Zamboanga City and RDO No. 93B - Zamboanga, Sibugay.",,1990-01-02,,ZAMBOANGA DEL SUR,ZAMBOANGA CITY,POBLACION,P. REYES ST,GOV. LIM - P.BRILLANTES,RR,Residential - Regular,1400.0
raw,"RDO No. 93A - Zamboanga City and RDO No. 93B - Zamboanga, Sibugay.",,,,ZAMBOANGA DEL SUR,ZAMBOANGA CITY,POBLACION,R. T. LIM BLVD,MAGAY ST - A. ALVAREZ ST,CR,Commercial - Regular,1400.0
raw,"RDO No. 93A - Zamboanga City and RDO No. 93B - Zamboanga, Sibugay.",,1990-01-02,,ZAMBOANGA DEL SUR,ZAMBOANGA CITY,POBLACION,R. T. LIM BLVD,MAGAY ST - A. ALVAREZ ST,CR,Commercial - Regular,1400.0
raw,"RDO No. 93A - Zamboanga City and RDO No. 93B - Zamboanga, Sibugay.",,,,ZAMBOANGA DEL SUR,ZAMBOANGA CITY,POBLACION,SAN JOSE ST,J. CLIMACO - G. ALVAREZ,CR,Commercial - Regular,1400.0
raw,"RDO No. 93A - Zamboanga City and RDO No. 93B - Zamboanga, Sibugay.",,,,ZAMBOANGA DEL SUR,ZAMBOANGA CITY,POBLACION,SAN JOSE ST,J. CLIMACO - G. ALVAREZ,RR,Residential - Regular,1000.0
raw,"RDO No. 93A - Zamboanga City and RDO No. 93B - Zamboanga, Sibugay.",,,,ZAMBOANGA DEL SUR,ZAMBOANGA CITY,POBLACION,SAN JOSE ST,J. CLIMACO - G. ALVAREZ,X,Special / Other,1000.0
raw,"RDO No. 93A - Zamboanga City and RDO No. 93B - Zamboanga, Sibugay.",,1990-01-02,,ZAMBOANGA DEL SUR,ZAMBOANGA CITY,POBLACION,SAN JOSE ST,J. CLIMACO - G. ALVAREZ,CR,Commercial - Regular,1400.0
raw,"RDO No. 93A - Zamboanga City and RDO No. 93B - Zamboanga, Sibugay.",,1990-01-02,,ZAMBOANGA DEL SUR,ZAMBOANGA CITY,POBLACION,SAN JOSE ST,J. CLIMACO - G. ALVAREZ,RR,Residential - Regular,1000.0
raw,"RDO No. 93A - Zamboanga City and RDO No. 93B - Zamboanga, Sibugay.",,1990-01-02,,ZAMBOANGA DEL SUR,ZAMBOANGA CITY,POBLACION,SAN JOSE ST,J. CLIMACO - G. ALVAREZ,X,Special / Other,1000.0
raw,"RDO No. 93A - Zamboanga City and RDO No. 93B - Zamboanga, Sibugay.",,,,ZAMBOANGA DEL SUR,ZAMBOANGA CITY,POBLACION,TOMAS CLAUDIO ST,CLIMACO AVE - VARELA ST,CR,Commercial - Regular,2000.0
raw,"RDO No. 93A - Zamboanga City and RDO No. 93B - Zamboanga, Sibugay.",,,,ZAMBOANGA DEL SUR,ZAMBOANGA CITY,POBLACION,TOMAS CLAUDIO ST,CLIMACO AVE - VARELA ST,RR,Residential - Regular,1400.0
raw,"RDO No. 93A - Zamboanga City and RDO No. 93B - Zamboanga, Sibugay.",,,,ZAMBOANGA DEL SUR,ZAMBOANGA CITY,POBLACION,TOMAS CLAUDIO ST,CLIMACO - LA PURISIMA,CR,Commercial - Regular,2250.0
raw,"RDO No. 93A - Zamboanga City and RDO No. 93B - Zamboanga, Sibugay.",,,,ZAMBOANGA DEL SUR,ZAMBOANGA CITY,POBLACION,TOMAS CLAUDIO ST,CLIMACO - LA PURISIMA,RC,Residential - Condominium,2250.0
raw,"RDO No. 93A - Zamboanga City and RDO No. 93B - Zamboanga, Sibugay.",,,,ZAMBOANGA DEL SUR,ZAMBOANGA CITY,POBLACION,TOMAS CLAUDIO ST,CLIMACO - LA PURISIMA,RR,Residential - Regular,1400.0
raw,"RDO No. 93A - Zamboanga City and RDO No. 93B - Zamboanga, Sibugay.",,1990-01-02,,ZAMBOANGA DEL SUR,ZAMBOANGA CITY,POBLACION,TOMAS CLAUDIO ST,CLIMACO AVE - VARELA ST,CR,Commercial - Regular,2000.0
raw,"RDO No. 93A - Zamboanga City and RDO No. 93B - Zamboanga, Sibugay.",,1990-01-02,,ZAMBOANGA DEL SUR,ZAMBOANGA CITY,POBLACION,TOMAS CLAUDIO ST,CLIMACO AVE - VARELA ST,RR,Residential - Regular,1400.0
raw,"RDO No. 93A - Zamboanga City and RDO No. 93B - Zamboanga, Sibugay.",,1990-01-02,,ZAMBOANGA DEL SUR,ZAMBOANGA CITY,POBLACION,TOMAS CLAUDIO ST,CLIMACO - LA PURISIMA,CR,Commercial - Regular,2250.0
raw,"RDO No. 93A - Zamboanga City and RDO No. 93B - Zamboanga, Sibugay.",,1990-01-02,,ZAMBOANGA DEL SUR,ZAMBOANGA CITY,POBLACION,TOMAS CLAUDIO ST,CLIMACO - LA PURISIMA,RC,Residential - Condominium,2250.0
raw,"RDO No. 93A - Zamboanga City and RDO No. 93B - Zamboanga, Sibugay.",,1990-01-02,,ZAMBOANGA DEL SUR,ZAMBOANGA CITY,POBLACION,TOMAS CLAUDIO ST,CLIMACO - LA PURISIMA,RR,Residential - Regular,1400.0
raw,"RDO No. 93A - Zamboanga City and RDO No. 93B - Zamboanga, Sibugay.",,,,ZAMBOANGA DEL SUR,ZAMBOANGA CITY,POBLACION  (ZONE 1),ALEJO ALVAREZ ST,R.T.LIM BLVD - SAN JOSE,CR,Commercial - Regular,12718.0
raw,"RDO No. 93A - Zamboanga City and RDO No. 93B - Zamboanga, Sibugay.",,,,ZAMBOANGA DEL SUR,ZAMBOANGA CITY,POBLACION  (ZONE 1),ALEJO ALVAREZ ST,R.T.LIM BLVD - SAN JOSE,RR,Residential - Regular,10350.0
raw,"RDO No. 93A - Zamboanga City and RDO No. 93B - Zamboanga, Sibugay.",,,,ZAMBOANGA DEL SUR,ZAMBOANGA CITY,POBLACION  (ZONE 1),ALEJO ALVAREZ ST,INTERIOR LOT,RR,Residential - Regular,5200.0
raw,"RDO No. 93A - Zamboanga City and RDO No. 93B - Zamboanga, Sibugay.",,,,ZAMBOANGA DEL SUR,ZAMBOANGA CITY,POBLACION  (ZONE 1),ALEJO ALVAREZ ST,R.T.LIM BLVD - SAN JOSE,CR,Commercial - Regular,11850.0
raw,"RDO No. 93A - Zamboanga City and RDO No. 93B - Zamboanga, Sibugay.",,,,ZAMBOANGA DEL SUR,ZAMBOANGA CITY,POBLACION  (ZONE 1),ALEJO ALVAREZ ST,R.T.LIM BLVD - SAN JOSE,RR,Residential - Regular,9900.0
raw,"RDO No. 93A - Zamboanga City and RDO No. 93B - Zamboanga, Sibugay.",,,,ZAMBOANGA DEL SUR,ZAMBOANGA CITY,POBLACION  (ZONE 1),ALEJO ALVAREZ ST,R.T.LIM BLVD - SAN JOSE,CR,Commercial - Regular,4900.0
raw,"RDO No. 93A - Zamboanga City and RDO No. 93B - Zamboanga, Sibugay.",,,,ZAMBOANGA DEL SUR,ZAMBOANGA CITY,POBLACION  (ZONE 1),ALEJO ALVAREZ ST,R.T.LIM BLVD - SAN JOSE,RR,Residential - Regular,3600.0
raw,"RDO No. 93A - Zamboanga City and RDO No. 93B - Zamboanga, Sibugay.",,,,ZAMBOANGA DEL SUR,ZAMBOANGA CITY,POBLACION  (ZONE 1),ALEJO ALVAREZ ST,R.T.LIM BLVD - SAN JOSE,CR,Commercial - Regular,12718.0
raw,"RDO No. 93A - Zamboanga City and RDO No. 93B - Zamboanga, Sibugay.",,,,ZAMBOANGA DEL SUR,ZAMBOANGA CITY,POBLACION  (ZONE 1),ALEJO ALVAREZ ST,R.T.LIM BLVD - SAN JOSE,RR,Residential - Regular,10350.0
raw,"RDO No. 93A - Zamboanga City and RDO No. 93B - Zamboanga, Sibugay.",,,,ZAMBOANGA DEL SUR,ZAMBOANGA CITY,POBLACION  (ZONE 1),ALEJO ALVAREZ ST,INTERIOR LOT,RR,Residential - Regular,5200.0
raw,"RDO No. 93A - Zamboanga City and RDO No. 93B - Zamboanga, Sibugay.",,2010-08-06,,ZAMBOANGA DEL SUR,ZAMBOANGA CITY,POBLACION  (ZONE 1),ALEJO ALVAREZ ST,R.T.LIM BLVD - SAN JOSE,CR,Commercial - Regular,11850.0
raw,"RDO No. 93A - Zamboanga City and RDO No. 93B - Zamboanga, Sibugay.",,2010-08-06,,ZAMBOANGA DEL SUR,ZAMBOANGA CITY,POBLACION  (ZONE 1),ALEJO ALVAREZ ST,R.T.LIM BLVD - SAN JOSE,RR,Residential - Regular,9900.0
raw,"RDO No. 93A - Zamboanga City and RDO No. 93B - Zamboanga, Sibugay.",,1995-12-25,,ZAMBOANGA DEL SUR,ZAMBOANGA CITY,POBLACION  (ZONE 1),ALEJO ALVAREZ ST,R.T.LIM BLVD - SAN JOSE,CR,Commercial - Regular,4900.0
raw,"RDO No. 93A - Zamboanga City and RDO No. 93B - Zamboanga, Sibugay.",,1995-12-25,,ZAMBOANGA DEL SUR,ZAMBOANGA CITY,POBLACION  (ZONE 1),ALEJO ALVAREZ ST,R.T.LIM BLVD - SAN JOSE,RR,Residential - Regular,3600.0
raw,"RDO No. 93A - Zamboanga City and RDO No. 93B - Zamboanga, Sibugay.",,,,ZAMBOANGA DEL SUR,ZAMBOANGA CITY,POBLACION  (ZONE 1),ALL OTHER STREETS,ZONE I BARANGAY POBLACION,CR,Commercial - Regular,10000.0
raw,"RDO No. 93A - Zamboanga City and RDO No. 93B - Zamboanga, Sibugay.",,,,ZAMBOANGA DEL SUR,ZAMBOANGA CITY,POBLACION  (ZONE 1),ALL OTHER STREETS,ZONE I BARANGAY POBLACION,RR,Residential - Regular,8130.0
raw,"RDO No. 93A - Zamboanga City and RDO No. 93B - Zamboanga, Sibugay.",,,,ZAMBOANGA DEL SUR,ZAMBOANGA CITY,POBLACION  (ZONE 1),ALL OTHER STREETS,INTERIOR LOT,RR,Residential - Regular,4000.0
raw,"RDO No. 93A - Zamboanga City and RDO No. 93B - Zamboanga, Sibugay.",,,,ZAMBOANGA DEL SUR,ZAMBOANGA CITY,POBLACION  (ZONE 1),ALL OTHER STREETS,ZONE I BARANGAY POBLACION,CR,Commercial - Regular,9440.0
raw,"RDO No. 93A - Zamboanga City and RDO No. 93B - Zamboanga, Sibugay.",,,,ZAMBOANGA DEL SUR,ZAMBOANGA CITY,POBLACION  (ZONE 1),ALL OTHER STREETS,ZONE I BARANGAY POBLACION,RR,Residential - Regular,7770.0
raw,"RDO No. 93A - Zamboanga City and RDO No. 93B - Zamboanga, Sibugay.",,,,ZAMBOANGA DEL SUR,ZAMBOANGA CITY,POBLACION  (ZONE 1),ALL OTHER STREETS,ZONE I BARANGAY POBLACION,CR,Commercial - Regular,8100.0
raw,"RDO No. 93A - Zamboanga City and RDO No. 93B - Zamboanga, Sibugay.",,,,ZAMBOANGA DEL SUR,ZAMBOANGA CITY,POBLACION  (ZONE 1),ALL OTHER STREETS,ZONE I BARANGAY POBLACION,RR,Residential - Regular,5000.0
raw,"RDO No. 93A - Zamboanga City and RDO No. 93B - Zamboanga, Sibugay.",,,,ZAMBOANGA DEL SUR,ZAMBOANGA CITY,POBLACION  (ZONE 1),ALL OTHER STREETS,ZONE I BARANGAY POBLACION,CR,Commercial - Regular,10000.0
raw,"RDO No. 93A - Zamboanga City and RDO No. 93B - Zamboanga, Sibugay.",,,,ZAMBOANGA DEL SUR,ZAMBOANGA CITY,POBLACION  (ZONE 1),ALL OTHER STREETS,ZONE I BARANGAY POBLACION,RR,Residential - Regular,8130.0
raw,"RDO No. 93A - Zamboanga City and RDO No. 93B - Zamboanga, Sibugay.",,,,ZAMBOANGA DEL SUR,ZAMBOANGA CITY,POBLACION  (ZONE 1),ALL OTHER STREETS,INTERIOR LOT,RR,Residential - Regular,4000.0
raw,"RDO No. 93A - Zamboanga City and RDO No. 93B - Zamboanga, Sibugay.",,2010-08-06,,ZAMBOANGA DEL SUR,ZAMBOANGA CITY,POBLACION  (ZONE 1),ALL OTHER STREETS,ZONE I BARANGAY POBLACION,CR,Commercial - Regular,9440.0
raw,"RDO No. 93A - Zamboanga City and RDO No. 93B - Zamboanga, Sibugay.",,2010-08-06,,ZAMBOANGA DEL SUR,ZAMBOANGA CITY,POBLACION  (ZONE 1),ALL OTHER STREETS,ZONE I BARANGAY POBLACION,RR,Residential - Regular,7770.0
raw,"RDO No. 93A - Zamboanga City and RDO No. 93B - Zamboanga, Sibugay.",,1995-12-25,,ZAMBOANGA DEL SUR,ZAMBOANGA CITY,POBLACION  (ZONE 1),ALL OTHER STREETS,ZONE I BARANGAY POBLACION,CR,Commercial - Regular,8100.0
raw,"RDO No. 93A - Zamboanga City and RDO No. 93B - Zamboanga, Sibugay.",,1995-12-25,,ZAMBOANGA DEL SUR,ZAMBOANGA CITY,POBLACION  (ZONE 1),ALL OTHER STREETS,ZONE I BARANGAY POBLACION,RR,Residential - Regular,5000.0
raw,"RDO No. 93A - Zamboanga City and RDO No. 93B - Zamboanga, Sibugay.",,,,ZAMBOANGA DEL SUR,ZAMBOANGA CITY,POBLACION  (ZONE 1),CARMEN ST VARELA ST,R.T.LIM BLVD - SAN JOSE,CR,Commercial - Regular,13200.0
raw,"RDO No. 93A - Zamboanga City and RDO No. 93B - Zamboanga, Sibugay.",,,,ZAMBOANGA DEL SUR,ZAMBOANGA CITY,POBLACION  (ZONE 1),CARMEN ST VARELA ST,R.T.LIM BLVD - SAN JOSE,RR,Residential - Regular,10350.0
raw,"RDO No. 93A - Zamboanga City and RDO No. 93B - Zamboanga, Sibugay.",,,,ZAMBOANGA DEL SUR,ZAMBOANGA CITY,POBLACION  (ZONE 1),CARMEN ST VARELA ST,INTERIOR LOT,RR,Residential - Regular,5200.0
raw,"RDO No. 93A - Zamboanga City and RDO No. 93B - Zamboanga, Sibugay.",,,,ZAMBOANGA DEL SUR,ZAMBOANGA CITY,POBLACION  (ZONE 1),CARMEN ST VARELA ST,R.T.LIM BLVD - SAN JOSE,CR,Commercial - Regular,12000.0
raw,"RDO No. 93A - Zamboanga City and RDO No. 93B - Zamboanga, Sibugay.",,,,ZAMBOANGA DEL SUR,ZAMBOANGA CITY,POBLACION  (ZONE 1),CARMEN ST VARELA ST,R.T.LIM BLVD - SAN JOSE,RR,Residential - Regular,9900.0
raw,"RDO No. 93A - Zamboanga City and RDO No. 93B - Zamboanga, Sibugay.",,,,ZAMBOANGA DEL SUR,ZAMBOANGA CITY,POBLACION  (ZONE 1),CARMEN ST VARELA ST,R.T.LIM BLVD - SAN JOSE,CR,Commercial - Regular,5000.0
raw,"RDO No. 93A - Zamboanga City and RDO No. 93B - Zamboanga, Sibugay.",,,,ZAMBOANGA DEL SUR,ZAMBOANGA CITY,POBLACION  (ZONE 1),CARMEN ST VARELA ST,R.T.LIM BLVD - SAN JOSE,RR,Residential - Regular,3600.0
raw,"RDO No. 93A - Zamboanga City and RDO No. 93B - Zamboanga, Sibugay.",,,,ZAMBOANGA DEL SUR,ZAMBOANGA CITY,POBLACION  (ZONE 1),CARMEN ST VARELA ST,R.T.LIM BLVD - SAN JOSE,CR,Commercial - Regular,13200.0
raw,"RDO No. 93A - Zamboanga City and RDO No. 93B - Zamboanga, Sibugay.",,,,ZAMBOANGA DEL SUR,ZAMBOANGA CITY,POBLACION  (ZONE 1),CARMEN ST VARELA ST,R.T.LIM BLVD - SAN JOSE,RR,Residential - Regular,10350.0
raw,"RDO No. 93A - Zamboanga City and RDO No. 93B - Zamboanga, Sibugay.",,,,ZAMBOANGA DEL SUR,ZAMBOANGA CITY,POBLACION  (ZONE 1),CARMEN ST VARELA ST,INTERIOR LOT,RR,Residential - Regular,5200.0
raw,"RDO No. 93A - Zamboanga City and RDO No. 93B - Zamboanga, Sibugay.",,2010-08-06,,ZAMBOANGA DEL SUR,ZAMBOANGA CITY,POBLACION  (ZONE 1),CARMEN ST VARELA ST,R.T.LIM BLVD - SAN JOSE,CR,Commercial - Regular,12000.0
raw,"RDO No. 93A - Zamboanga City and RDO No. 93B - Zamboanga, Sibugay.",,2010-08-06,,ZAMBOANGA DEL SUR,ZAMBOANGA CITY,POBLACION  (ZONE 1),CARMEN ST VARELA ST,R.T.LIM BLVD - SAN JOSE,RR,Residential - Regular,9900.0
raw,"RDO No. 93A - Zamboanga City and RDO No. 93B - Zamboanga, Sibugay.",,1995-12-25,,ZAMBOANGA DEL SUR,ZAMBOANGA CITY,POBLACION  (ZONE 1),CARMEN ST VARELA ST,R.T.LIM BLVD - SAN JOSE,CR,Commercial - Regular,5000.0
raw,"RDO No. 93A - Zamboanga City and RDO No. 93B - Zamboanga, Sibugay.",,1995-12-25,,ZAMBOANGA DEL SUR,ZAMBOANGA CITY,POBLACION  (ZONE 1),CARMEN ST VARELA ST,R.T.LIM BLVD - SAN JOSE,RR,Residential - Regular,3600.0
raw,"RDO No. 93A - Zamboanga City and RDO No. 93B - Zamboanga, Sibugay.",,,,ZAMBOANGA DEL SUR,ZAMBOANGA CITY,POBLACION  (ZONE 1),CAWACAWA PC CPD,R.T.LIM BLVD - ALVAREZ,CR,Commercial - Regular,10000.0
raw,"RDO No. 93A - Zamboanga City and RDO No. 93B - Zamboanga, Sibugay.",,,,ZAMBOANGA DEL SUR,ZAMBOANGA CITY,POBLACION  (ZONE 1),CAWACAWA PC CPD,R.T.LIM BLVD - ALVAREZ,X,Special / Other,9500.0
raw,"RDO No. 93A - Zamboanga City and RDO No. 93B - Zamboanga, Sibugay.",,,,ZAMBOANGA DEL SUR,ZAMBOANGA CITY,POBLACION  (ZONE 1),CAWACAWA PC CPD,INTERIOR LOT,RR,Residential - Regular,4250.0
raw,"RDO No. 93A - Zamboanga City and RDO No. 93B - Zamboanga, Sibugay.",,,,ZAMBOANGA DEL SUR,ZAMBOANGA CITY,POBLACION  (ZONE 1),CAWACAWA PC CPD,R.T.LIM BLVD - ALVAREZ,CR,Commercial - Regular,9440.0
raw,"RDO No. 93A - Zamboanga City and RDO No. 93B - Zamboanga, Sibugay.",,,,ZAMBOANGA DEL SUR,ZAMBOANGA CITY,POBLACION  (ZONE 1),CAWACAWA PC CPD,R.T.LIM BLVD - ALVAREZ,X,Special / Other,9440.0
raw,"RDO No. 93A - Zamboanga City and RDO No. 93B - Zamboanga, Sibugay.",,,,ZAMBOANGA DEL SUR,ZAMBOANGA CITY,POBLACION  (ZONE 1),CAWACAWA PC CPD,R.T.LIM BLVD - ALVAREZ,CR,Commercial - Regular,5000.0
raw,"RDO No. 93A - Zamboanga City and RDO No. 93B - Zamboanga, Sibugay.",,,,ZAMBOANGA DEL SUR,ZAMBOANGA CITY,POBLACION  (ZONE 1),CAWACAWA PC CPD,R.T.LIM BLVD - ALVAREZ,X,Special / Other,5000.0
raw,"RDO No. 93A - Zamboanga City and RDO No. 93B - Zamboanga, Sibugay.",,,,ZAMBOANGA DEL SUR,ZAMBOANGA CITY,POBLACION  (ZONE 1),CAWACAWA PC CPD,R.T.LIM BLVD - ALVAREZ,CR,Commercial - Regular,10000.0
raw,"RDO No. 93A - Zamboanga City and RDO No. 93B - Zamboanga, Sibugay.",,,,ZAMBOANGA DEL SUR,ZAMBOANGA CITY,POBLACION  (ZONE 1),CAWACAWA PC CPD,R.T.LIM BLVD - ALVAREZ,X,Special / Other,9500.0
raw,"RDO No. 93A - Zamboanga City and RDO No. 93B - Zamboanga, Sibugay.",,,,ZAMBOANGA DEL SUR,ZAMBOANGA CITY,POBLACION  (ZONE 1),CAWACAWA PC CPD,INTERIOR LOT,RR,Residential - Regular,4250.0
raw,"RDO No. 93A - Zamboanga City and RDO No. 93B - Zamboanga, Sibugay.",,2010-08-06,,ZAMBOANGA DEL SUR,ZAMBOANGA CITY,POBLACION  (ZONE 1),CAWACAWA PC CPD,R.T.LIM BLVD - ALVAREZ,CR,Commercial - Regular,9440.0
raw,"RDO No. 93A - Zamboanga City and RDO No. 93B - Zamboanga, Sibugay.",,2010-08-06,,ZAMBOANGA DEL SUR,ZAMBOANGA CITY,POBLACION  (ZONE 1),CAWACAWA PC CPD,R.T.LIM BLVD - ALVAREZ,X,Special / Other,9440.0
raw,"RDO No. 93A - Zamboanga City and RDO No. 93B - Zamboanga, Sibugay.",,1995-12-25,,ZAMBOANGA DEL SUR,ZAMBOANGA CITY,POBLACION  (ZONE 1),CAWACAWA PC CPD,R.T.LIM BLVD - ALVAREZ,CR,Commercial - Regular,5000.0
raw,"RDO No. 93A - Zamboanga City and RDO No. 93B - Zamboanga, Sibugay.",,1995-12-25,,ZAMBOANGA DEL SUR,ZAMBOANGA CITY,POBLACION  (ZONE 1),CAWACAWA PC CPD,R.T.LIM BLVD - ALVAREZ,X,Special / Other,5000.0
raw,"RDO No. 93A - Zamboanga City and RDO No. 93B - Zamboanga, Sibugay.",,,,ZAMBOANGA DEL SUR,ZAMBOANGA CITY,POBLACION  (ZONE 1),GOV. LIM AVE,CLIMACO AVE - MAGAY ST,CR,Commercial - Regular,16300.0
raw,"RDO No. 93A - Zamboanga City and RDO No. 93B - Zamboanga, Sibugay.",,,,ZAMBOANGA DEL SUR,ZAMBOANGA CITY,POBLACION  (ZONE 1),GOV. LIM AVE,CLIMACO AVE - MAGAY ST,CR,Commercial - Regular,15140.0
raw,"RDO No. 93A - Zamboanga City and RDO No. 93B - Zamboanga, Sibugay.",,,,ZAMBOANGA DEL SUR,ZAMBOANGA CITY,POBLACION  (ZONE 1),GOV. LIM AVE,CLIMACO AVE - MAGAY ST,CR,Commercial - Regular,8800.0
raw,"RDO No. 93A - Zamboanga City and RDO No. 93B - Zamboanga, Sibugay.",,,,ZAMBOANGA DEL SUR,ZAMBOANGA CITY,POBLACION  (ZONE 1),GOV. LIM AVE,CLIMACO AVE - MAGAY ST,CR,Commercial - Regular,16300.0
raw,"RDO No. 93A - Zamboanga City and RDO No. 93B - Zamboanga, Sibugay.",,2010-08-06,,ZAMBOANGA DEL SUR,ZAMBOANGA CITY,POBLACION  (ZONE 1),GOV. LIM AVE,CLIMACO AVE - MAGAY ST,CR,Commercial - Regular,15140.0
raw,"RDO No. 93A - Zamboanga City and RDO No. 93B - Zamboanga, Sibugay.",,1995-12-25,,ZAMBOANGA DEL SUR,ZAMBOANGA CITY,POBLACION  (ZONE 1),GOV. LIM AVE,CLIMACO AVE - MAGAY ST,CR,Commercial - Regular,8800.0
raw,"RDO No. 93A - Zamboanga City and RDO No. 93B - Zamboanga, Sibugay.",,,,ZAMBOANGA DEL SUR,ZAMBOANGA CITY,POBLACION  (ZONE 1),M. CALIXTO ST,MAGAY ST - SAN JOSE RD,CR,Commercial - Regular,17050.0
raw,"RDO No. 93A - Zamboanga City and RDO No. 93B - Zamboanga, Sibugay.",,,,ZAMBOANGA DEL SUR,ZAMBOANGA CITY,POBLACION  (ZONE 1),M. CALIXTO ST,MAGAY ST - SAN JOSE RD,CR,Commercial - Regular,15900.0
raw,"RDO No. 93A - Zamboanga City and RDO No. 93B - Zamboanga, Sibugay.",,,,ZAMBOANGA DEL SUR,ZAMBOANGA CITY,POBLACION  (ZONE 1),M. CALIXTO ST,MAGAY ST - SAN JOSE RD,CR,Commercial - Regular,8100.0
raw,"RDO No. 93A - Zamboanga City and RDO No. 93B - Zamboanga, Sibugay.",,,,ZAMBOANGA DEL SUR,ZAMBOANGA CITY,POBLACION  (ZONE 1),M. CALIXTO ST,MAGAY ST - SAN JOSE RD,CR,Commercial - Regular,17050.0
raw,"RDO No. 93A - Zamboanga City and RDO No. 93B - Zamboanga, Sibugay.",,2010-08-06,,ZAMBOANGA DEL SUR,ZAMBOANGA CITY,POBLACION  (ZONE 1),M. CALIXTO ST,MAGAY ST - SAN JOSE RD,CR,Commercial - Regular,15900.0
raw,"RDO No. 93A - Zamboanga City and RDO No. 93B - Zamboanga, Sibugay.",,1995-12-25,,ZAMBOANGA DEL SUR,ZAMBOANGA CITY,POBLACION  (ZONE 1),M. CALIXTO ST,MAGAY ST - SAN JOSE RD,CR,Commercial - Regular,8100.0
raw,"RDO No. 93A - Zamboanga City and RDO No. 93B - Zamboanga, Sibugay.",,,,ZAMBOANGA DEL SUR,ZAMBOANGA CITY,POBLACION  (ZONE 1),MAGAY ST,GOV. LIM AVE-R.T LIM BLVD,CR,Commercial - Regular,13175.0
raw,"RDO No. 93A - Zamboanga City and RDO No. 93B - Zamboanga, Sibugay.",,,,ZAMBOANGA DEL SUR,ZAMBOANGA CITY,POBLACION  (ZONE 1),MAGAY ST,GOV. LIM AVE-R.T LIM BLVD,CR,Commercial - Regular,12140.0
raw,"RDO No. 93A - Zamboanga City and RDO No. 93B - Zamboanga, Sibugay.",,,,ZAMBOANGA DEL SUR,ZAMBOANGA CITY,POBLACION  (ZONE 1),MAGAY ST,GOV. LIM AVE-R.T LIM BLVD,CR,Commercial - Regular,6800.0
raw,"RDO No. 93A - Zamboanga City and RDO No. 93B - Zamboanga, Sibugay.",,,,ZAMBOANGA DEL SUR,ZAMBOANGA CITY,POBLACION  (ZONE 1),MAGAY ST,GOV. LIM AVE-R.T LIM BLVD,CR,Commercial - Regular,13175.0
raw,"RDO No. 93A - Zamboanga City and RDO No. 93B - Zamboanga, Sibugay.",,2010-08-06,,ZAMBOANGA DEL SUR,ZAMBOANGA CITY,POBLACION  (ZONE 1),MAGAY ST,GOV. LIM AVE-R.T LIM BLVD,CR,Commercial - Regular,12140.0
raw,"RDO No. 93A - Zamboanga City and RDO No. 93B - Zamboanga, Sibugay.",,1995-12-25,,ZAMBOANGA DEL SUR,ZAMBOANGA CITY,POBLACION  (ZONE 1),MAGAY ST,GOV. LIM AVE-R.T LIM BLVD,CR,Commercial - Regular,6800.0
raw,"RDO No. 93A - Zamboanga City and RDO No. 93B - Zamboanga, Sibugay.",,,,ZAMBOANGA DEL SUR,ZAMBOANGA CITY,POBLACION  (ZONE 1),MERCADO ST,T. CLAUDIO - GOV. LIM,CR,Commercial - Regular,16325.0
raw,"RDO No. 93A - Zamboanga City and RDO No. 93B - Zamboanga, Sibugay.",,,,ZAMBOANGA DEL SUR,ZAMBOANGA CITY,POBLACION  (ZONE 1),MERCADO ST,T. CLAUDIO - GOV. LIM,CR,Commercial - Regular,15140.0
raw,"RDO No. 93A - Zamboanga City and RDO No. 93B - Zamboanga, Sibugay.",,,,ZAMBOANGA DEL SUR,ZAMBOANGA CITY,POBLACION  (ZONE 1),MERCADO ST,T. CLAUDIO - GOV. LIM,CR,Commercial - Regular,8800.0
raw,"RDO No. 93A - Zamboanga City and RDO No. 93B - Zamboanga, Sibugay.",,,,ZAMBOANGA DEL SUR,ZAMBOANGA CITY,POBLACION  (ZONE 1),MERCADO ST,T. CLAUDIO - GOV. LIM,CR,Commercial - Regular,16325.0
raw,"RDO No. 93A - Zamboanga City and RDO No. 93B - Zamboanga, Sibugay.",,2010-08-06,,ZAMBOANGA DEL SUR,ZAMBOANGA CITY,POBLACION  (ZONE 1),MERCADO ST,T. CLAUDIO - GOV. LIM,CR,Commercial - Regular,15140.0
raw,"RDO No. 93A - Zamboanga City and RDO No. 93B - Zamboanga, Sibugay.",,1995-12-25,,ZAMBOANGA DEL SUR,ZAMBOANGA CITY,POBLACION  (ZONE 1),MERCADO ST,T. CLAUDIO - GOV. LIM,CR,Commercial - Regular,8800.0
raw,"RDO No. 93A - Zamboanga City and RDO No. 93B - Zamboanga, Sibugay.",,,,ZAMBOANGA DEL SUR,ZAMBOANGA CITY,POBLACION  (ZONE 1),R. T. LIM BLVD,MAGAY ST - A. ALVAREZ ST,CR,Commercial - Regular,12100.0
raw,"RDO No. 93A - Zamboanga City and RDO No. 93B - Zamboanga, Sibugay.",,,,ZAMBOANGA DEL SUR,ZAMBOANGA CITY,POBLACION  (ZONE 1),R. T. LIM BLVD,MAGAY ST - A. ALVAREZ ST,CR,Commercial - Regular,11090.0
raw,"RDO No. 93A - Zamboanga City and RDO No. 93B - Zamboanga, Sibugay.",,,,ZAMBOANGA DEL SUR,ZAMBOANGA CITY,POBLACION  (ZONE 1),R. T. LIM BLVD,MAGAY ST - A. ALVAREZ ST,CR,Commercial - Regular,6100.0
raw,"RDO No. 93A - Zamboanga City and RDO No. 93B - Zamboanga, Sibugay.",,,,ZAMBOANGA DEL SUR,ZAMBOANGA CITY,POBLACION  (ZONE 1),R. T. LIM BLVD,MAGAY ST - A. ALVAREZ ST,CR,Commercial - Regular,12100.0
raw,"RDO No. 93A - Zamboanga City and RDO No. 93B - Zamboanga, Sibugay.",,2010-08-06,,ZAMBOANGA DEL SUR,ZAMBOANGA CITY,POBLACION  (ZONE 1),R. T. LIM BLVD,MAGAY ST - A. ALVAREZ ST,CR,Commercial - Regular,11090.0
raw,"RDO No. 93A - Zamboanga City and RDO No. 93B - Zamboanga, Sibugay.",,1995-12-25,,ZAMBOANGA DEL SUR,ZAMBOANGA CITY,POBLACION  (ZONE 1),R. T. LIM BLVD,MAGAY ST - A. ALVAREZ ST,CR,Commercial - Regular,6100.0
raw,"RDO No. 93A - Zamboanga City and RDO No. 93B - Zamboanga, Sibugay.",,,,ZAMBOANGA DEL SUR,ZAMBOANGA CITY,POBLACION  (ZONE 1),TOMAS CLAUDIO ST,CLIMACO AVE - VARELA ST,CR,Commercial - Regular,15110.0
raw,"RDO No. 93A - Zamboanga City and RDO No. 93B - Zamboanga, Sibugay.",,,,ZAMBOANGA DEL SUR,ZAMBOANGA CITY,POBLACION  (ZONE 1),TOMAS CLAUDIO ST,CLIMACO AVE - VARELA ST,RR,Residential - Regular,8350.0
raw,"RDO No. 93A - Zamboanga City and RDO No. 93B - Zamboanga, Sibugay.",,,,ZAMBOANGA DEL SUR,ZAMBOANGA CITY,POBLACION  (ZONE 1),TOMAS CLAUDIO ST,CLIMACO AVE - VARELA ST,CR,Commercial - Regular,14090.0
raw,"RDO No. 93A - Zamboanga City and RDO No. 93B - Zamboanga, Sibugay.",,,,ZAMBOANGA DEL SUR,ZAMBOANGA CITY,POBLACION  (ZONE 1),TOMAS CLAUDIO ST,CLIMACO AVE - VARELA ST,RR,Residential - Regular,7800.0
raw,"RDO No. 93A - Zamboanga City and RDO No. 93B - Zamboanga, Sibugay.",,,,ZAMBOANGA DEL SUR,ZAMBOANGA CITY,POBLACION  (ZONE 1),TOMAS CLAUDIO ST,CLIMACO AVE - VARELA ST,CR,Commercial - Regular,8100.0
raw,"RDO No. 93A - Zamboanga City and RDO No. 93B - Zamboanga, Sibugay.",,,,ZAMBOANGA DEL SUR,ZAMBOANGA CITY,POBLACION  (ZONE 1),TOMAS CLAUDIO ST,CLIMACO AVE - VARELA ST,RR,Residential - Regular,5000.0
raw,"RDO No. 93A - Zamboanga City and RDO No. 93B - Zamboanga, Sibugay.",,,,ZAMBOANGA DEL SUR,ZAMBOANGA CITY,POBLACION  (ZONE 1),TOMAS CLAUDIO ST,CLIMACO AVE - VARELA ST,CR,Commercial - Regular,15110.0
raw,"RDO No. 93A - Zamboanga City and RDO No. 93B - Zamboanga, Sibugay.",,,,ZAMBOANGA DEL SUR,ZAMBOANGA CITY,POBLACION  (ZONE 1),TOMAS CLAUDIO ST,CLIMACO AVE - VARELA ST,RR,Residential - Regular,8350.0
raw,"RDO No. 93A - Zamboanga City and RDO No. 93B - Zamboanga, Sibugay.",,2010-08-06,,ZAMBOANGA DEL SUR,ZAMBOANGA CITY,POBLACION  (ZONE 1),TOMAS CLAUDIO ST,CLIMACO AVE - VARELA ST,CR,Commercial - Regular,14090.0
raw,"RDO No. 93A - Zamboanga City and RDO No. 93B - Zamboanga, Sibugay.",,2010-08-06,,ZAMBOANGA DEL SUR,ZAMBOANGA CITY,POBLACION  (ZONE 1),TOMAS CLAUDIO ST,CLIMACO AVE - VARELA ST,RR,Residential - Regular,7800.0
raw,"RDO No. 93A - Zamboanga City and RDO No. 93B - Zamboanga, Sibugay.",,1995-12-25,,ZAMBOANGA DEL SUR,ZAMBOANGA CITY,POBLACION  (ZONE 1),TOMAS CLAUDIO ST,CLIMACO AVE - VARELA ST,CR,Commercial - Regular,8100.0
raw,"RDO No. 93A - Zamboanga City and RDO No. 93B - Zamboanga, Sibugay.",,1995-12-25,,ZAMBOANGA DEL SUR,ZAMBOANGA CITY,POBLACION  (ZONE 1),TOMAS CLAUDIO ST,CLIMACO AVE - VARELA ST,RR,Residential - Regular,5000.0
raw,"RDO No. 93A - Zamboanga City and RDO No. 93B - Zamboanga, Sibugay.",,,,ZAMBOANGA DEL SUR,ZAMBOANGA CITY,POBLACION  (ZONE 2),ALL OTHER STREETS,ZONE 2 BARANGAY POBLACION,CR,Commercial - Regular,10550.0
raw,"RDO No. 93A - Zamboanga City and RDO No. 93B - Zamboanga, Sibugay.",,,,ZAMBOANGA DEL SUR,ZAMBOANGA CITY,POBLACION  (ZONE 2),ALL OTHER STREETS,ZONE 2 BARANGAY POBLACION,RR,Residential - Regular,6300.0
raw,"RDO No. 93A - Zamboanga City and RDO No. 93B - Zamboanga, Sibugay.",,,,ZAMBOANGA DEL SUR,ZAMBOANGA CITY,POBLACION  (ZONE 2),ALL OTHER STREETS,ZONE 2 BARANGAY POBLACION,CR,Commercial - Regular,8100.0
raw,"RDO No. 93A - Zamboanga City and RDO No. 93B - Zamboanga, Sibugay.",,,,ZAMBOANGA DEL SUR,ZAMBOANGA CITY,POBLACION  (ZONE 2),ALL OTHER STREETS,ZONE 2 BARANGAY POBLACION,RR,Residential - Regular,5000.0
raw,"RDO No. 93A - Zamboanga City and RDO No. 93B - Zamboanga, Sibugay.",,,,ZAMBOANGA DEL SUR,ZAMBOANGA CITY,POBLACION  (ZONE 2),ALL OTHER STREETS,ZONE 2 BARANGAY POBLACION,CR,Commercial - Regular,2250.0
raw,"RDO No. 93A - Zamboanga City and RDO No. 93B - Zamboanga, Sibugay.",,,,ZAMBOANGA DEL SUR,ZAMBOANGA CITY,POBLACION  (ZONE 2),ALL OTHER STREETS,ZONE 2 BARANGAY POBLACION,RR,Residential - Regular,1400.0
raw,"RDO No. 93A - Zamboanga City and RDO No. 93B - Zamboanga, Sibugay.",,2010-08-06,,ZAMBOANGA DEL SUR,ZAMBOANGA CITY,POBLACION  (ZONE 2),ALL OTHER STREETS,ZONE 2 BARANGAY POBLACION,CR,Commercial - Regular,10550.0
raw,"RDO No. 93A - Zamboanga City and RDO No. 93B - Zamboanga, Sibugay.",,2010-08-06,,ZAMBOANGA DEL SUR,ZAMBOANGA CITY,POBLACION  (ZONE 2),ALL OTHER STREETS,ZONE 2 BARANGAY POBLACION,RR,Residential - Regular,6300.0
raw,"RDO No. 93A - Zamboanga City and RDO No. 93B - Zamboanga, Sibugay.",,1995-12-25,,ZAMBOANGA DEL SUR,ZAMBOANGA CITY,POBLACION  (ZONE 2),ALL OTHER STREETS,ZONE 2 BARANGAY POBLACION,CR,Commercial - Regular,8100.0
raw,"RDO No. 93A - Zamboanga City and RDO No. 93B - Zamboanga, Sibugay.",,1995-12-25,,ZAMBOANGA DEL SUR,ZAMBOANGA CITY,POBLACION  (ZONE 2),ALL OTHER STREETS,ZONE 2 BARANGAY POBLACION,RR,Residential - Regular,5000.0
raw,"RDO No. 93A - Zamboanga City and RDO No. 93B - Zamboanga, Sibugay.",,1990-01-02,,ZAMBOANGA DEL SUR,ZAMBOANGA CITY,POBLACION  (ZONE 2),ALL OTHER STREETS,ZONE 2 BARANGAY POBLACION,CR,Commercial - Regular,2250.0
raw,"RDO No. 93A - Zamboanga City and RDO No. 93B - Zamboanga, Sibugay.",,1990-01-02,,ZAMBOANGA DEL SUR,ZAMBOANGA CITY,POBLACION  (ZONE 2),ALL OTHER STREETS,ZONE 2 BARANGAY POBLACION,RR,Residential - Regular,1400.0
raw,"RDO No. 93A - Zamboanga City and RDO No. 93B - Zamboanga, Sibugay.",,,,ZAMBOANGA DEL SUR,ZAMBOANGA CITY,POBLACION  (ZONE 2),BARCELONA ST,GOV. LIM - P. BRILLANTES,CR,Commercial - Regular,17000.0
raw,"RDO No. 93A - Zamboanga City and RDO No. 93B - Zamboanga, Sibugay.",,,,ZAMBOANGA DEL SUR,ZAMBOANGA CITY,POBLACION  (ZONE 2),BARCELONA ST,GOV. LIM - P. BRILLANTES,RR,Residential - Regular,8400.0
raw,"RDO No. 93A - Zamboanga City and RDO No. 93B - Zamboanga, Sibugay.",,,,ZAMBOANGA DEL SUR,ZAMBOANGA CITY,POBLACION  (ZONE 2),BARCELONA ST,GOV. LIM - P. BRILLANTES,CR,Commercial - Regular,16050.0
raw,"RDO No. 93A - Zamboanga City and RDO No. 93B - Zamboanga, Sibugay.",,,,ZAMBOANGA DEL SUR,ZAMBOANGA CITY,POBLACION  (ZONE 2),BARCELONA ST,GOV. LIM - P. BRILLANTES,RR,Residential - Regular,7900.0
raw,"RDO No. 93A - Zamboanga City and RDO No. 93B - Zamboanga, Sibugay.",,,,ZAMBOANGA DEL SUR,ZAMBOANGA CITY,POBLACION  (ZONE 2),BARCELONA ST,GOV. LIM - P. BRILLANTES,CR,Commercial - Regular,8800.0
raw,"RDO No. 93A - Zamboanga City and RDO No. 93B - Zamboanga, Sibugay.",,,,ZAMBOANGA DEL SUR,ZAMBOANGA CITY,POBLACION  (ZONE 2),BARCELONA ST,GOV. LIM - P. BRILLANTES,RR,Residential - Regular,5000.0
raw,"RDO No. 93A - Zamboanga City and RDO No. 93B - Zamboanga, Sibugay.",,,,ZAMBOANGA DEL SUR,ZAMBOANGA CITY,POBLACION  (ZONE 2),BARCELONA ST,GOV. LIM - P. BRILLANTES,CR,Commercial - Regular,17000.0
raw,"RDO No. 93A - Zamboanga City and RDO No. 93B - Zamboanga, Sibugay.",,,,ZAMBOANGA DEL SUR,ZAMBOANGA CITY,POBLACION  (ZONE 2),BARCELONA ST,GOV. LIM - P. BRILLANTES,RR,Residential - Regular,8400.0
raw,"RDO No. 93A - Zamboanga City and RDO No. 93B - Zamboanga, Sibugay.",,2010-08-06,,ZAMBOANGA DEL SUR,ZAMBOANGA CITY,POBLACION  (ZONE 2),BARCELONA ST,GOV. LIM - P. BRILLANTES,CR,Commercial - Regular,16050.0
raw,"RDO No. 93A - Zamboanga City and RDO No. 93B - Zamboanga, Sibugay.",,2010-08-06,,ZAMBOANGA DEL SUR,ZAMBOANGA CITY,POBLACION  (ZONE 2),BARCELONA ST,GOV. LIM - P. BRILLANTES,RR,Residential - Regular,7900.0
raw,"RDO No. 93A - Zamboanga City and RDO No. 93B - Zamboanga, Sibugay.",,1995-12-25,,ZAMBOANGA DEL SUR,ZAMBOANGA CITY,POBLACION  (ZONE 2),BARCELONA ST,GOV. LIM - P. BRILLANTES,CR,Commercial - Regular,8800.0
raw,"RDO No. 93A - Zamboanga City and RDO No. 93B - Zamboanga, Sibugay.",,1995-12-25,,ZAMBOANGA DEL SUR,ZAMBOANGA CITY,POBLACION  (ZONE 2),BARCELONA ST,GOV. LIM - P. BRILLANTES,RR,Residential - Regular,5000.0
raw,"RDO No. 93A - Zamboanga City and RDO No. 93B - Zamboanga, Sibugay.",,,,ZAMBOANGA DEL SUR,ZAMBOANGA CITY,POBLACION  (ZONE 2),BUENAVISTA ST,SAN JOSE RD - M. JALDON,CR,Commercial - Regular,15450.0
raw,"RDO No. 93A - Zamboanga City and RDO No. 93B - Zamboanga, Sibugay.",,,,ZAMBOANGA DEL SUR,ZAMBOANGA CITY,POBLACION  (ZONE 2),BUENAVISTA ST,SAN JOSE RD - M. JALDON,RR,Residential - Regular,7250.0
raw,"RDO No. 93A - Zamboanga City and RDO No. 93B - Zamboanga, Sibugay.",,,,ZAMBOANGA DEL SUR,ZAMBOANGA CITY,POBLACION  (ZONE 2),BUENAVISTA ST,INTERIOR LOT,RR,Residential - Regular,3635.0
raw,"RDO No. 93A - Zamboanga City and RDO No. 93B - Zamboanga, Sibugay.",,,,ZAMBOANGA DEL SUR,ZAMBOANGA CITY,POBLACION  (ZONE 2),BUENAVISTA ST,SAN JOSE RD - M. JALDON,CR,Commercial - Regular,14750.0
raw,"RDO No. 93A - Zamboanga City and RDO No. 93B - Zamboanga, Sibugay.",,,,ZAMBOANGA DEL SUR,ZAMBOANGA CITY,POBLACION  (ZONE 2),BUENAVISTA ST,SAN JOSE RD - M. JALDON,RR,Residential - Regular,6270.0
raw,"RDO No. 93A - Zamboanga City and RDO No. 93B - Zamboanga, Sibugay.",,,,ZAMBOANGA DEL SUR,ZAMBOANGA CITY,POBLACION  (ZONE 2),BUENAVISTA ST,SAN JOSE RD - M. JALDON,CR,Commercial - Regular,5000.0
raw,"RDO No. 93A - Zamboanga City and RDO No. 93B - Zamboanga, Sibugay.",,,,ZAMBOANGA DEL SUR,ZAMBOANGA CITY,POBLACION  (ZONE 2),BUENAVISTA ST,SAN JOSE RD - M. JALDON,RR,Residential - Regular,4000.0
raw,"RDO No. 93A - Zamboanga City and RDO No. 93B - Zamboanga, Sibugay.",,,,ZAMBOANGA DEL SUR,ZAMBOANGA CITY,POBLACION  (ZONE 2),BUENAVISTA ST,SAN JOSE RD - M. JALDON,CR,Commercial - Regular,15450.0
raw,"RDO No. 93A - Zamboanga City and RDO No. 93B - Zamboanga, Sibugay.",,,,ZAMBOANGA DEL SUR,ZAMBOANGA CITY,POBLACION  (ZONE 2),BUENAVISTA ST,SAN JOSE RD - M. JALDON,RR,Residential - Regular,7250.0
raw,"RDO No. 93A - Zamboanga City and RDO No. 93B - Zamboanga, Sibugay.",,,,ZAMBOANGA DEL SUR,ZAMBOANGA CITY,POBLACION  (ZONE 2),BUENAVISTA ST,INTERIOR LOT,RR,Residential - Regular,3635.0
raw,"RDO No. 93A - Zamboanga City and RDO No. 93B - Zamboanga, Sibugay.",,2010-08-06,,ZAMBOANGA DEL SUR,ZAMBOANGA CITY,POBLACION  (ZONE 2),BUENAVISTA ST,SAN JOSE RD - M. JALDON,CR,Commercial - Regular,14750.0
raw,"RDO No. 93A - Zamboanga City and RDO No. 93B - Zamboanga, Sibugay.",,2010-08-06,,ZAMBOANGA DEL SUR,ZAMBOANGA CITY,POBLACION  (ZONE 2),BUENAVISTA ST,SAN JOSE RD - M. JALDON,RR,Residential - Regular,6270.0
raw,"RDO No. 93A - Zamboanga City and RDO No. 93B - Zamboanga, Sibugay.",,1995-12-25,,ZAMBOANGA DEL SUR,ZAMBOANGA CITY,POBLACION  (ZONE 2),BUENAVISTA ST,SAN JOSE RD - M. JALDON,CR,Commercial - Regular,5000.0
raw,"RDO No. 93A - Zamboanga City and RDO No. 93B - Zamboanga, Sibugay.",,1995-12-25,,ZAMBOANGA DEL SUR,ZAMBOANGA CITY,POBLACION  (ZONE 2),BUENAVISTA ST,SAN JOSE RD - M. JALDON,RR,Residential - Regular,4000.0
raw,"RDO No. 93A - Zamboanga City and RDO No. 93B - Zamboanga, Sibugay.",,,,ZAMBOANGA DEL SUR,ZAMBOANGA CITY,POBLACION  (ZONE 2),CAMPANER INTERIOR,BRILLANTES - PURISIMA,CR,Commercial - Regular,11300.0
raw,"RDO No. 93A - Zamboanga City and RDO No. 93B - Zamboanga, Sibugay.",,,,ZAMBOANGA DEL SUR,ZAMBOANGA CITY,POBLACION  (ZONE 2),CAMPANER INTERIOR,BRILLANTES - PURISIMA,RR,Residential - Regular,8400.0
raw,"RDO No. 93A - Zamboanga City and RDO No. 93B - Zamboanga, Sibugay.",,,,ZAMBOANGA DEL SUR,ZAMBOANGA CITY,POBLACION  (ZONE 2),CAMPANER INTERIOR,INTERIOR LOT,RR,Residential - Regular,3500.0
raw,"RDO No. 93A - Zamboanga City and RDO No. 93B - Zamboanga, Sibugay.",,,,ZAMBOANGA DEL SUR,ZAMBOANGA CITY,POBLACION  (ZONE 2),CAMPANER INTERIOR,BRILLANTES - PURISIMA,CR,Commercial - Regular,10550.0
raw,"RDO No. 93A - Zamboanga City and RDO No. 93B - Zamboanga, Sibugay.",,,,ZAMBOANGA DEL SUR,ZAMBOANGA CITY,POBLACION  (ZONE 2),CAMPANER INTERIOR,BRILLANTES - PURISIMA,RR,Residential - Regular,7920.0
raw,"RDO No. 93A - Zamboanga City and RDO No. 93B - Zamboanga, Sibugay.",,,,ZAMBOANGA DEL SUR,ZAMBOANGA CITY,POBLACION  (ZONE 2),CAMPANER INTERIOR,BRILLANTES - PURISIMA,CR,Commercial - Regular,6100.0
raw,"RDO No. 93A - Zamboanga City and RDO No. 93B - Zamboanga, Sibugay.",,,,ZAMBOANGA DEL SUR,ZAMBOANGA CITY,POBLACION  (ZONE 2),CAMPANER INTERIOR,BRILLANTES - PURISIMA,RR,Residential - Regular,5100.0
raw,"RDO No. 93A - Zamboanga City and RDO No. 93B - Zamboanga, Sibugay.",,,,ZAMBOANGA DEL SUR,ZAMBOANGA CITY,POBLACION  (ZONE 2),CAMPANER INTERIOR,BRILLANTES - PURISIMA,CR,Commercial - Regular,11300.0
raw,"RDO No. 93A - Zamboanga City and RDO No. 93B - Zamboanga, Sibugay.",,,,ZAMBOANGA DEL SUR,ZAMBOANGA CITY,POBLACION  (ZONE 2),CAMPANER INTERIOR,BRILLANTES - PURISIMA,RR,Residential - Regular,8400.0
raw,"RDO No. 93A - Zamboanga City and RDO No. 93B - Zamboanga, Sibugay.",,,,ZAMBOANGA DEL SUR,ZAMBOANGA CITY,POBLACION  (ZONE 2),CAMPANER INTERIOR,INTERIOR LOT,RR,Residential - Regular,3500.0
raw,"RDO No. 93A - Zamboanga City and RDO No. 93B - Zamboanga, Sibugay.",,2010-08-06,,ZAMBOANGA DEL SUR,ZAMBOANGA CITY,POBLACION  (ZONE 2),CAMPANER INTERIOR,BRILLANTES - PURISIMA,CR,Commercial - Regular,10550.0
raw,"RDO No. 93A - Zamboanga City and RDO No. 93B - Zamboanga, Sibugay.",,2010-08-06,,ZAMBOANGA DEL SUR,ZAMBOANGA CITY,POBLACION  (ZONE 2),CAMPANER INTERIOR,BRILLANTES - PURISIMA,RR,Residential - Regular,7920.0
raw,"RDO No. 93A - Zamboanga City and RDO No. 93B - Zamboanga, Sibugay.",,1995-12-25,,ZAMBOANGA DEL SUR,ZAMBOANGA CITY,POBLACION  (ZONE 2),CAMPANER INTERIOR,BRILLANTES - PURISIMA,CR,Commercial - Regular,6100.0
raw,"RDO No. 93A - Zamboanga City and RDO No. 93B - Zamboanga, Sibugay.",,1995-12-25,,ZAMBOANGA DEL SUR,ZAMBOANGA CITY,POBLACION  (ZONE 2),CAMPANER INTERIOR,BRILLANTES - PURISIMA,RR,Residential - Regular,5100.0
raw,"RDO No. 93A - Zamboanga City and RDO No. 93B - Zamboanga, Sibugay.",,,,ZAMBOANGA DEL SUR,ZAMBOANGA CITY,POBLACION  (ZONE 2),CLIMACO AVE,JUNCTION - GOV. LIM AVE,CR,Commercial - Regular,27388.0
raw,"RDO No. 93A - Zamboanga City and RDO No. 93B - Zamboanga, Sibugay.",,,,ZAMBOANGA DEL SUR,ZAMBOANGA CITY,POBLACION  (ZONE 2),CLIMACO AVE,JUNCTION - GOV. LIM AVE,CR,Commercial - Regular,16050.0
raw,"RDO No. 93A - Zamboanga City and RDO No. 93B - Zamboanga, Sibugay.",,,,ZAMBOANGA DEL SUR,ZAMBOANGA CITY,POBLACION  (ZONE 2),CLIMACO AVE,JUNCTION - GOV. LIM AVE,CR,Commercial - Regular,8800.0
raw,"RDO No. 93A - Zamboanga City and RDO No. 93B - Zamboanga, Sibugay.",,,,ZAMBOANGA DEL SUR,ZAMBOANGA CITY,POBLACION  (ZONE 2),CLIMACO AVE,JUNCTION - GOV. LIM AVE,CR,Commercial - Regular,27388.0
raw,"RDO No. 93A - Zamboanga City and RDO No. 93B - Zamboanga, Sibugay.",,2010-08-06,,ZAMBOANGA DEL SUR,ZAMBOANGA CITY,POBLACION  (ZONE 2),CLIMACO AVE,JUNCTION - GOV. LIM AVE,CR,Commercial - Regular,16050.0
raw,"RDO No. 93A - Zamboanga City and RDO No. 93B - Zamboanga, Sibugay.",,1995-12-25,,ZAMBOANGA DEL SUR,ZAMBOANGA CITY,POBLACION  (ZONE 2),CLIMACO AVE,JUNCTION - GOV. LIM AVE,CR,Commercial - Regular,8800.0
raw,"RDO No. 93A - Zamboanga City and RDO No. 93B - Zamboanga, Sibugay.",,,,ZAMBOANGA DEL SUR,ZAMBOANGA CITY,POBLACION  (ZONE 2),GOV. ALVAREZ,M. JALDON - LA PURISIMA,CR,Commercial - Regular,10550.0
raw,"RDO No. 93A - Zamboanga City and RDO No. 93B - Zamboanga, Sibugay.",,,,ZAMBOANGA DEL SUR,ZAMBOANGA CITY,POBLACION  (ZONE 2),GOV. ALVAREZ,M. JALDON - LA PURISIMA,RR,Residential - Regular,6300.0
raw,"RDO No. 93A - Zamboanga City and RDO No. 93B - Zamboanga, Sibugay.",,,,ZAMBOANGA DEL SUR,ZAMBOANGA CITY,POBLACION  (ZONE 2),GOV. ALVAREZ,M. JALDON - LA PURISIMA,CR,Commercial - Regular,6100.0
raw,"RDO No. 93A - Zamboanga City and RDO No. 93B - Zamboanga, Sibugay.",,,,ZAMBOANGA DEL SUR,ZAMBOANGA CITY,POBLACION  (ZONE 2),GOV. ALVAREZ,M. JALDON - LA PURISIMA,RR,Residential - Regular,4000.0
raw,"RDO No. 93A - Zamboanga City and RDO No. 93B - Zamboanga, Sibugay.",,2010-08-06,,ZAMBOANGA DEL SUR,ZAMBOANGA CITY,POBLACION  (ZONE 2),GOV. ALVAREZ,M. JALDON - LA PURISIMA,CR,Commercial - Regular,10550.0
raw,"RDO No. 93A - Zamboanga City and RDO No. 93B - Zamboanga, Sibugay.",,2010-08-06,,ZAMBOANGA DEL SUR,ZAMBOANGA CITY,POBLACION  (ZONE 2),GOV. ALVAREZ,M. JALDON - LA PURISIMA,RR,Residential - Regular,6300.0
raw,"RDO No. 93A - Zamboanga City and RDO No. 93B - Zamboanga, Sibugay.",,1995-12-25,,ZAMBOANGA DEL SUR,ZAMBOANGA CITY,POBLACION  (ZONE 2),GOV. ALVAREZ,M. JALDON - LA PURISIMA,CR,Commercial - Regular,6100.0
raw,"RDO No. 93A - Zamboanga City and RDO No. 93B - Zamboanga, Sibugay.",,1995-12-25,,ZAMBOANGA DEL SUR,ZAMBOANGA CITY,POBLACION  (ZONE 2),GOV. ALVAREZ,M. JALDON - LA PURISIMA,RR,Residential - Regular,4000.0
raw,"RDO No. 93A - Zamboanga City and RDO No. 93B - Zamboanga, Sibugay.",,,,ZAMBOANGA DEL SUR,ZAMBOANGA CITY,POBLACION  (ZONE 2),GOV. LIM AVE,CLIMACO - LA PURISIMA,CR,Commercial - Regular,16050.0
raw,"RDO No. 93A - Zamboanga City and RDO No. 93B - Zamboanga, Sibugay.",,,,ZAMBOANGA DEL SUR,ZAMBOANGA CITY,POBLACION  (ZONE 2),GOV. LIM AVE,CLIMACO - LA PURISIMA,RR,Residential - Regular,10600.0
raw,"RDO No. 93A - Zamboanga City and RDO No. 93B - Zamboanga, Sibugay.",,,,ZAMBOANGA DEL SUR,ZAMBOANGA CITY,POBLACION  (ZONE 2),GOV. LIM AVE,CLIMACO - LA PURISIMA,CR,Commercial - Regular,8800.0
raw,"RDO No. 93A - Zamboanga City and RDO No. 93B - Zamboanga, Sibugay.",,,,ZAMBOANGA DEL SUR,ZAMBOANGA CITY,POBLACION  (ZONE 2),GOV. LIM AVE,CLIMACO - LA PURISIMA,RR,Residential - Regular,6800.0
raw,"RDO No. 93A - Zamboanga City and RDO No. 93B - Zamboanga, Sibugay.",,2010-08-06,,ZAMBOANGA DEL SUR,ZAMBOANGA CITY,POBLACION  (ZONE 2),GOV. LIM AVE,CLIMACO - LA PURISIMA,CR,Commercial - Regular,16050.0
raw,"RDO No. 93A - Zamboanga City and RDO No. 93B - Zamboanga, Sibugay.",,2010-08-06,,ZAMBOANGA DEL SUR,ZAMBOANGA CITY,POBLACION  (ZONE 2),GOV. LIM AVE,CLIMACO - LA PURISIMA,RR,Residential - Regular,10600.0
raw,"RDO No. 93A - Zamboanga City and RDO No. 93B - Zamboanga, Sibugay.",,1995-12-25,,ZAMBOANGA DEL SUR,ZAMBOANGA CITY,POBLACION  (ZONE 2),GOV. LIM AVE,CLIMACO - LA PURISIMA,CR,Commercial - Regular,8800.0
raw,"RDO No. 93A - Zamboanga City and RDO No. 93B - Zamboanga, Sibugay.",,1995-12-25,,ZAMBOANGA DEL SUR,ZAMBOANGA CITY,POBLACION  (ZONE 2),GOV. LIM AVE,CLIMACO - LA PURISIMA,RR,Residential - Regular,6800.0
raw,"RDO No. 93A - Zamboanga City and RDO No. 93B - Zamboanga, Sibugay.",,,,ZAMBOANGA DEL SUR,ZAMBOANGA CITY,POBLACION  (ZONE 2),LA PURISIMA ST,GOV. LIM - GOV. ALVAREZ,CR,Commercial - Regular,30700.0
raw,"RDO No. 93A - Zamboanga City and RDO No. 93B - Zamboanga, Sibugay.",,,,ZAMBOANGA DEL SUR,ZAMBOANGA CITY,POBLACION  (ZONE 2),LA PURISIMA ST,GOV. LIM - GOV. ALVAREZ,RR,Residential - Regular,10600.0
raw,"RDO No. 93A - Zamboanga City and RDO No. 93B - Zamboanga, Sibugay.",,,,ZAMBOANGA DEL SUR,ZAMBOANGA CITY,POBLACION  (ZONE 2),LA PURISIMA ST,GOV. LIM - GOV. ALVAREZ,X,Special / Other,12900.0
raw,"RDO No. 93A - Zamboanga City and RDO No. 93B - Zamboanga, Sibugay.",,,,ZAMBOANGA DEL SUR,ZAMBOANGA CITY,POBLACION  (ZONE 2),LA PURISIMA ST,GOV. LIM - GOV. ALVAREZ,CR,Commercial - Regular,8800.0
raw,"RDO No. 93A - Zamboanga City and RDO No. 93B - Zamboanga, Sibugay.",,,,ZAMBOANGA DEL SUR,ZAMBOANGA CITY,POBLACION  (ZONE 2),LA PURISIMA ST,GOV. LIM - GOV. ALVAREZ,RR,Residential - Regular,6800.0
raw,"RDO No. 93A - Zamboanga City and RDO No. 93B - Zamboanga, Sibugay.",,,,ZAMBOANGA DEL SUR,ZAMBOANGA CITY,POBLACION  (ZONE 2),LA PURISIMA ST,GOV. LIM - GOV. ALVAREZ,X,Special / Other,4300.0
raw,"RDO No. 93A - Zamboanga City and RDO No. 93B - Zamboanga, Sibugay.",,2010-08-06,,ZAMBOANGA DEL SUR,ZAMBOANGA CITY,POBLACION  (ZONE 2),LA PURISIMA ST,GOV. LIM - GOV. ALVAREZ,CR,Commercial - Regular,30700.0
raw,"RDO No. 93A - Zamboanga City and RDO No. 93B - Zamboanga, Sibugay.",,2010-08-06,,ZAMBOANGA DEL SUR,ZAMBOANGA CITY,POBLACION  (ZONE 2),LA PURISIMA ST,GOV. LIM - GOV. ALVAREZ,RR,Residential - Regular,10600.0
raw,"RDO No. 93A - Zamboanga City and RDO No. 93B - Zamboanga, Sibugay.",,2010-08-06,,ZAMBOANGA DEL SUR,ZAMBOANGA CITY,POBLACION  (ZONE 2),LA PURISIMA ST,GOV. LIM - GOV. ALVAREZ,X,Special / Other,12900.0
raw,"RDO No. 93A - Zamboanga City and RDO No. 93B - Zamboanga, Sibugay.",,1995-12-25,,ZAMBOANGA DEL SUR,ZAMBOANGA CITY,POBLACION  (ZONE 2),LA PURISIMA ST,GOV. LIM - GOV. ALVAREZ,CR,Commercial - Regular,8800.0
raw,"RDO No. 93A - Zamboanga City and RDO No. 93B - Zamboanga, Sibugay.",,1995-12-25,,ZAMBOANGA DEL SUR,ZAMBOANGA CITY,POBLACION  (ZONE 2),LA PURISIMA ST,GOV. LIM - GOV. ALVAREZ,RR,Residential - Regular,6800.0
raw,"RDO No. 93A - Zamboanga City and RDO No. 93B - Zamboanga, Sibugay.",,1995-12-25,,ZAMBOANGA DEL SUR,ZAMBOANGA CITY,POBLACION  (ZONE 2),LA PURISIMA ST,GOV. LIM - GOV. ALVAREZ,X,Special / Other,4300.0
raw,"RDO No. 93A - Zamboanga City and RDO No. 93B - Zamboanga, Sibugay.",,,,ZAMBOANGA DEL SUR,ZAMBOANGA CITY,POBLACION  (ZONE 2),MAYOR JALDON ST,SAN JOSE - CLIMACO AVE,CR,Commercial - Regular,11600.0
raw,"RDO No. 93A - Zamboanga City and RDO No. 93B - Zamboanga, Sibugay.",,,,ZAMBOANGA DEL SUR,ZAMBOANGA CITY,POBLACION  (ZONE 2),MAYOR JALDON ST,SAN JOSE - CLIMACO AVE,RR,Residential - Regular,7950.0
raw,"RDO No. 93A - Zamboanga City and RDO No. 93B - Zamboanga, Sibugay.",,,,ZAMBOANGA DEL SUR,ZAMBOANGA CITY,POBLACION  (ZONE 2),MAYOR JALDON ST,SAN JOSE - CLIMACO AVE,CR,Commercial - Regular,6800.0
raw,"RDO No. 93A - Zamboanga City and RDO No. 93B - Zamboanga, Sibugay.",,,,ZAMBOANGA DEL SUR,ZAMBOANGA CITY,POBLACION  (ZONE 2),MAYOR JALDON ST,SAN JOSE - CLIMACO AVE,RR,Residential - Regular,5100.0
raw,"RDO No. 93A - Zamboanga City and RDO No. 93B - Zamboanga, Sibugay.",,2010-08-06,,ZAMBOANGA DEL SUR,ZAMBOANGA CITY,POBLACION  (ZONE 2),MAYOR JALDON ST,SAN JOSE - CLIMACO AVE,CR,Commercial - Regular,11600.0
raw,"RDO No. 93A - Zamboanga City and RDO No. 93B - Zamboanga, Sibugay.",,2010-08-06,,ZAMBOANGA DEL SUR,ZAMBOANGA CITY,POBLACION  (ZONE 2),MAYOR JALDON ST,SAN JOSE - CLIMACO AVE,RR,Residential - Regular,7950.0
raw,"RDO No. 93A - Zamboanga City and RDO No. 93B - Zamboanga, Sibugay.",,1995-12-25,,ZAMBOANGA DEL SUR,ZAMBOANGA CITY,POBLACION  (ZONE 2),MAYOR JALDON ST,SAN JOSE - CLIMACO AVE,CR,Commercial - Regular,6800.0
raw,"RDO No. 93A - Zamboanga City and RDO No. 93B - Zamboanga, Sibugay.",,1995-12-25,,ZAMBOANGA DEL SUR,ZAMBOANGA CITY,POBLACION  (ZONE 2),MAYOR JALDON ST,SAN JOSE - CLIMACO AVE,RR,Residential - Regular,5100.0
raw,"RDO No. 93A - Zamboanga City and RDO No. 93B - Zamboanga, Sibugay.",,,,ZAMBOANGA DEL SUR,ZAMBOANGA CITY,POBLACION  (ZONE 2),P. BRILLANTES ST,CLIMACO - LA PURISIMA,CR,Commercial - Regular,17175.0
raw,"RDO No. 93A - Zamboanga City and RDO No. 93B - Zamboanga, Sibugay.",,,,ZAMBOANGA DEL SUR,ZAMBOANGA CITY,POBLACION  (ZONE 2),P. BRILLANTES ST,CLIMACO - LA PURISIMA,X,Special / Other,17000.0
raw,"RDO No. 93A - Zamboanga City and RDO No. 93B - Zamboanga, Sibugay.",,,,ZAMBOANGA DEL SUR,ZAMBOANGA CITY,POBLACION  (ZONE 2),P. BRILLANTES ST,CLIMACO - LA PURISIMA,CR,Commercial - Regular,16050.0
raw,"RDO No. 93A - Zamboanga City and RDO No. 93B - Zamboanga, Sibugay.",,,,ZAMBOANGA DEL SUR,ZAMBOANGA CITY,POBLACION  (ZONE 2),P. BRILLANTES ST,CLIMACO - LA PURISIMA,X,Special / Other,16050.0
raw,"RDO No. 93A - Zamboanga City and RDO No. 93B - Zamboanga, Sibugay.",,,,ZAMBOANGA DEL SUR,ZAMBOANGA CITY,POBLACION  (ZONE 2),P. BRILLANTES ST,CLIMACO - LA PURISIMA,CR,Commercial - Regular,8800.0
raw,"RDO No. 93A - Zamboanga City and RDO No. 93B - Zamboanga, Sibugay.",,,,ZAMBOANGA DEL SUR,ZAMBOANGA CITY,POBLACION  (ZONE 2),P. BRILLANTES ST,CLIMACO - LA PURISIMA,X,Special / Other,8800.0
raw,"RDO No. 93A - Zamboanga City and RDO No. 93B - Zamboanga, Sibugay.",,,,ZAMBOANGA DEL SUR,ZAMBOANGA CITY,POBLACION  (ZONE 2),P. BRILLANTES ST,CLIMACO - LA PURISIMA,CR,Commercial - Regular,17175.0
raw,"RDO No. 93A - Zamboanga City and RDO No. 93B - Zamboanga, Sibugay.",,,,ZAMBOANGA DEL SUR,ZAMBOANGA CITY,POBLACION  (ZONE 2),P. BRILLANTES ST,CLIMACO - LA PURISIMA,X,Special / Other,17000.0
raw,"RDO No. 93A - Zamboanga City and RDO No. 93B - Zamboanga, Sibugay.",,2010-08-06,,ZAMBOANGA DEL SUR,ZAMBOANGA CITY,POBLACION  (ZONE 2),P. BRILLANTES ST,CLIMACO - LA PURISIMA,CR,Commercial - Regular,16050.0
raw,"RDO No. 93A - Zamboanga City and RDO No. 93B - Zamboanga, Sibugay.",,2010-08-06,,ZAMBOANGA DEL SUR,ZAMBOANGA CITY,POBLACION  (ZONE 2),P. BRILLANTES ST,CLIMACO - LA PURISIMA,X,Special / Other,16050.0
raw,"RDO No. 93A - Zamboanga City and RDO No. 93B - Zamboanga, Sibugay.",,1995-12-25,,ZAMBOANGA DEL SUR,ZAMBOANGA CITY,POBLACION  (ZONE 2),P. BRILLANTES ST,CLIMACO - LA PURISIMA,CR,Commercial - Regular,8800.0
raw,"RDO No. 93A - Zamboanga City and RDO No. 93B - Zamboanga, Sibugay.",,1995-12-25,,ZAMBOANGA DEL SUR,ZAMBOANGA CITY,POBLACION  (ZONE 2),P. BRILLANTES ST,CLIMACO - LA PURISIMA,X,Special / Other,8800.0
raw,"RDO No. 93A - Zamboanga City and RDO No. 93B - Zamboanga, Sibugay.",,,,ZAMBOANGA DEL SUR,ZAMBOANGA CITY,POBLACION  (ZONE 2),P. REYES ST,GOV. LIM - P.BRILLANTES,CR,Commercial - Regular,16050.0
raw,"RDO No. 93A - Zamboanga City and RDO No. 93B - Zamboanga, Sibugay.",,,,ZAMBOANGA DEL SUR,ZAMBOANGA CITY,POBLACION  (ZONE 2),P. REYES ST,GOV. LIM - P.BRILLANTES,RR,Residential - Regular,10600.0
raw,"RDO No. 93A - Zamboanga City and RDO No. 93B - Zamboanga, Sibugay.",,,,ZAMBOANGA DEL SUR,ZAMBOANGA CITY,POBLACION  (ZONE 2),P. REYES ST,GOV. LIM - P.BRILLANTES,CR,Commercial - Regular,8800.0
raw,"RDO No. 93A - Zamboanga City and RDO No. 93B - Zamboanga, Sibugay.",,,,ZAMBOANGA DEL SUR,ZAMBOANGA CITY,POBLACION  (ZONE 2),P. REYES ST,GOV. LIM - P.BRILLANTES,RR,Residential - Regular,6800.0
raw,"RDO No. 93A - Zamboanga City and RDO No. 93B - Zamboanga, Sibugay.",,2010-08-06,,ZAMBOANGA DEL SUR,ZAMBOANGA CITY,POBLACION  (ZONE 2),P. REYES ST,GOV. LIM - P.BRILLANTES,CR,Commercial - Regular,16050.0
raw,"RDO No. 93A - Zamboanga City and RDO No. 93B - Zamboanga, Sibugay.",,2010-08-06,,ZAMBOANGA DEL SUR,ZAMBOANGA CITY,POBLACION  (ZONE 2),P. REYES ST,GOV. LIM - P.BRILLANTES,RR,Residential - Regular,10600.0
raw,"RDO No. 93A - Zamboanga City and RDO No. 93B - Zamboanga, Sibugay.",,1995-12-25,,ZAMBOANGA DEL SUR,ZAMBOANGA CITY,POBLACION  (ZONE 2),P. REYES ST,GOV. LIM - P.BRILLANTES,CR,Commercial - Regular,8800.0
raw,"RDO No. 93A - Zamboanga City and RDO No. 93B - Zamboanga, Sibugay.",,1995-12-25,,ZAMBOANGA DEL SUR,ZAMBOANGA CITY,POBLACION  (ZONE 2),P. REYES ST,GOV. LIM - P.BRILLANTES,RR,Residential - Regular,6800.0
raw,"RDO No. 93A - Zamboanga City and RDO No. 93B - Zamboanga, Sibugay.",,,,ZAMBOANGA DEL SUR,ZAMBOANGA CITY,POBLACION  (ZONE 2),SAN JOSE ST,J. CLIMACO - G. ALVAREZ,CR,Commercial - Regular,12000.0
raw,"RDO No. 93A - Zamboanga City and RDO No. 93B - Zamboanga, Sibugay.",,,,ZAMBOANGA DEL SUR,ZAMBOANGA CITY,POBLACION  (ZONE 2),SAN JOSE ST,J. CLIMACO - G. ALVAREZ,RR,Residential - Regular,8050.0
raw,"RDO No. 93A - Zamboanga City and RDO No. 93B - Zamboanga, Sibugay.",,,,ZAMBOANGA DEL SUR,ZAMBOANGA CITY,POBLACION  (ZONE 2),SAN JOSE ST,J. CLIMACO - G. ALVAREZ,X,Special / Other,12000.0
raw,"RDO No. 93A - Zamboanga City and RDO No. 93B - Zamboanga, Sibugay.",,,,ZAMBOANGA DEL SUR,ZAMBOANGA CITY,POBLACION  (ZONE 2),SAN JOSE ST,J. CLIMACO - G. ALVAREZ,CR,Commercial - Regular,6100.0
raw,"RDO No. 93A - Zamboanga City and RDO No. 93B - Zamboanga, Sibugay.",,,,ZAMBOANGA DEL SUR,ZAMBOANGA CITY,POBLACION  (ZONE 2),SAN JOSE ST,J. CLIMACO - G. ALVAREZ,RR,Residential - Regular,5100.0
raw,"RDO No. 93A - Zamboanga City and RDO No. 93B - Zamboanga, Sibugay.",,,,ZAMBOANGA DEL SUR,ZAMBOANGA CITY,POBLACION  (ZONE 2),SAN JOSE ST,J. CLIMACO - G. ALVAREZ,X,Special / Other,5100.0
raw,"RDO No. 93A - Zamboanga City and RDO No. 93B - Zamboanga, Sibugay.",,2010-08-06,,ZAMBOANGA DEL SUR,ZAMBOANGA CITY,POBLACION  (ZONE 2),SAN JOSE ST,J. CLIMACO - G. ALVAREZ,CR,Commercial - Regular,12000.0
raw,"RDO No. 93A - Zamboanga City and RDO No. 93B - Zamboanga, Sibugay.",,2010-08-06,,ZAMBOANGA DEL SUR,ZAMBOANGA CITY,POBLACION  (ZONE 2),SAN JOSE ST,J. CLIMACO - G. ALVAREZ,RR,Residential - Regular,8050.0
raw,"RDO No. 93A - Zamboanga City and RDO No. 93B - Zamboanga, Sibugay.",,2010-08-06,,ZAMBOANGA DEL SUR,ZAMBOANGA CITY,POBLACION  (ZONE 2),SAN JOSE ST,J. CLIMACO - G. ALVAREZ,X,Special / Other,12000.0
raw,"RDO No. 93A - Zamboanga City and RDO No. 93B - Zamboanga, Sibugay.",,1995-12-25,,ZAMBOANGA DEL SUR,ZAMBOANGA CITY,POBLACION  (ZONE 2),SAN JOSE ST,J. CLIMACO - G. ALVAREZ,CR,Commercial - Regular,6100.0
raw,"RDO No. 93A - Zamboanga City and RDO No. 93B - Zamboanga, Sibugay.",,1995-12-25,,ZAMBOANGA DEL SUR,ZAMBOANGA CITY,POBLACION  (ZONE 2),SAN JOSE ST,J. CLIMACO - G. ALVAREZ,RR,Residential - Regular,5100.0
raw,"RDO No. 93A - Zamboanga City and RDO No. 93B - Zamboanga, Sibugay.",,1995-12-25,,ZAMBOANGA DEL SUR,ZAMBOANGA CITY,POBLACION  (ZONE 2),SAN JOSE ST,J. CLIMACO - G. ALVAREZ,X,Special / Other,5100.0
raw,"RDO No. 93A - Zamboanga City and RDO No. 93B - Zamboanga, Sibugay.",,,,ZAMBOANGA DEL SUR,ZAMBOANGA CITY,POBLACION  (ZONE 2),TOMAS CLAUDIO ST,CLIMACO - LA PURISIMA,CR,Commercial - Regular,16050.0
raw,"RDO No. 93A - Zamboanga City and RDO No. 93B - Zamboanga, Sibugay.",,,,ZAMBOANGA DEL SUR,ZAMBOANGA CITY,POBLACION  (ZONE 2),TOMAS CLAUDIO ST,CLIMACO - LA PURISIMA,RR,Residential - Regular,10600.0
raw,"RDO No. 93A - Zamboanga City and RDO No. 93B - Zamboanga, Sibugay.",,,,ZAMBOANGA DEL SUR,ZAMBOANGA CITY,POBLACION  (ZONE 2),TOMAS CLAUDIO ST,CLIMACO - LA PURISIMA,CR,Commercial - Regular,8800.0
raw,"RDO No. 93A - Zamboanga City and RDO No. 93B - Zamboanga, Sibugay.",,,,ZAMBOANGA DEL SUR,ZAMBOANGA CITY,POBLACION  (ZONE 2),TOMAS CLAUDIO ST,CLIMACO - LA PURISIMA,RC,Residential - Condominium,7600.0
raw,"RDO No. 93A - Zamboanga City and RDO No. 93B - Zamboanga, Sibugay.",,,,ZAMBOANGA DEL SUR,ZAMBOANGA CITY,POBLACION  (ZONE 2),TOMAS CLAUDIO ST,CLIMACO - LA PURISIMA,RR,Residential - Regular,6800.0
raw,"RDO No. 93A - Zamboanga City and RDO No. 93B - Zamboanga, Sibugay.",,2010-08-06,,ZAMBOANGA DEL SUR,ZAMBOANGA CITY,POBLACION  (ZONE 2),TOMAS CLAUDIO ST,CLIMACO - LA PURISIMA,CR,Commercial - Regular,16050.0
raw,"RDO No. 93A - Zamboanga City and RDO No. 93B - Zamboanga, Sibugay.",,2010-08-06,,ZAMBOANGA DEL SUR,ZAMBOANGA CITY,POBLACION  (ZONE 2),TOMAS CLAUDIO ST,CLIMACO - LA PURISIMA,RR,Residential - Regular,10600.0
raw,"RDO No. 93A - Zamboanga City and RDO No. 93B - Zamboanga, Sibugay.",,1995-12-25,,ZAMBOANGA DEL SUR,ZAMBOANGA CITY,POBLACION  (ZONE 2),TOMAS CLAUDIO ST,CLIMACO - LA PURISIMA,CR,Commercial - Regular,8800.0
raw,"RDO No. 93A - Zamboanga City and RDO No. 93B - Zamboanga, Sibugay.",,1995-12-25,,ZAMBOANGA DEL SUR,ZAMBOANGA CITY,POBLACION  (ZONE 2),TOMAS CLAUDIO ST,CLIMACO - LA PURISIMA,RC,Residential - Condominium,7600.0
raw,"RDO No. 93A - Zamboanga City and RDO No. 93B - Zamboanga, Sibugay.",,1995-12-25,,ZAMBOANGA DEL SUR,ZAMBOANGA CITY,POBLACION  (ZONE 2),TOMAS CLAUDIO ST,CLIMACO - LA PURISIMA,RR,Residential - Regular,6800.0
raw,"RDO No. 93A - Zamboanga City and RDO No. 93B - Zamboanga, Sibugay.",,,,ZAMBOANGA DEL SUR,ZAMBOANGA CITY,POBLACION  (ZONE 2),URDANETA ST,GOV. LIM - BRILLANTES,CR,Commercial - Regular,16050.0
raw,"RDO No. 93A - Zamboanga City and RDO No. 93B - Zamboanga, Sibugay.",,,,ZAMBOANGA DEL SUR,ZAMBOANGA CITY,POBLACION  (ZONE 2),URDANETA ST,GOV. LIM - BRILLANTES,RR,Residential - Regular,10600.0
raw,"RDO No. 93A - Zamboanga City and RDO No. 93B - Zamboanga, Sibugay.",,,,ZAMBOANGA DEL SUR,ZAMBOANGA CITY,POBLACION  (ZONE 2),URDANETA ST,GOV. LIM - BRILLANTES,CR,Commercial - Regular,8800.0
raw,"RDO No. 93A - Zamboanga City and RDO No. 93B - Zamboanga, Sibugay.",,,,ZAMBOANGA DEL SUR,ZAMBOANGA CITY,POBLACION  (ZONE 2),URDANETA ST,GOV. LIM - BRILLANTES,RR,Residential - Regular,6800.0
raw,"RDO No. 93A - Zamboanga City and RDO No. 93B - Zamboanga, Sibugay.",,,,ZAMBOANGA DEL SUR,ZAMBOANGA CITY,POBLACION  (ZONE 2),URDANETA ST,GOV. LIM - BRILLANTES,CR,Commercial - Regular,2250.0
raw,"RDO No. 93A - Zamboanga City and RDO No. 93B - Zamboanga, Sibugay.",,,,ZAMBOANGA DEL SUR,ZAMBOANGA CITY,POBLACION  (ZONE 2),URDANETA ST,GOV. LIM - BRILLANTES,RR,Residential - Regular,1400.0
raw,"RDO No. 93A - Zamboanga City and RDO No. 93B - Zamboanga, Sibugay.",,2010-08-06,,ZAMBOANGA DEL SUR,ZAMBOANGA CITY,POBLACION  (ZONE 2),URDANETA ST,GOV. LIM - BRILLANTES,CR,Commercial - Regular,16050.0
raw,"RDO No. 93A - Zamboanga City and RDO No. 93B - Zamboanga, Sibugay.",,2010-08-06,,ZAMBOANGA DEL SUR,ZAMBOANGA CITY,POBLACION  (ZONE 2),URDANETA ST,GOV. LIM - BRILLANTES,RR,Residential - Regular,10600.0
raw,"RDO No. 93A - Zamboanga City and RDO No. 93B - Zamboanga, Sibugay.",,1995-12-25,,ZAMBOANGA DEL SUR,ZAMBOANGA CITY,POBLACION  (ZONE 2),URDANETA ST,GOV. LIM - BRILLANTES,CR,Commercial - Regular,8800.0
raw,"RDO No. 93A - Zamboanga City and RDO No. 93B - Zamboanga, Sibugay.",,1995-12-25,,ZAMBOANGA DEL SUR,ZAMBOANGA CITY,POBLACION  (ZONE 2),URDANETA ST,GOV. LIM - BRILLANTES,RR,Residential - Regular,6800.0
raw,"RDO No. 93A - Zamboanga City and RDO No. 93B - Zamboanga, Sibugay.",,1990-01-02,,ZAMBOANGA DEL SUR,ZAMBOANGA CITY,POBLACION  (ZONE 2),URDANETA ST,GOV. LIM - BRILLANTES,CR,Commercial - Regular,2250.0
raw,"RDO No. 93A - Zamboanga City and RDO No. 93B - Zamboanga, Sibugay.",,1990-01-02,,ZAMBOANGA DEL SUR,ZAMBOANGA CITY,POBLACION  (ZONE 2),URDANETA ST,GOV. LIM - BRILLANTES,RR,Residential - Regular,1400.0
raw,"RDO No. 93A - Zamboanga City and RDO No. 93B - Zamboanga, Sibugay.",,,,ZAMBOANGA DEL SUR,ZAMBOANGA CITY,POBLACION  (ZONE 3),ALL OTHER STREETS,ZONE 3 BARANGAY POBLACION,CR,Commercial - Regular,8000.0
raw,"RDO No. 93A - Zamboanga City and RDO No. 93B - Zamboanga, Sibugay.",,,,ZAMBOANGA DEL SUR,ZAMBOANGA CITY,POBLACION  (ZONE 3),ALL OTHER STREETS,ZONE 3 BARANGAY POBLACION,RR,Residential - Regular,5800.0
raw,"RDO No. 93A - Zamboanga City and RDO No. 93B - Zamboanga, Sibugay.",,,,ZAMBOANGA DEL SUR,ZAMBOANGA CITY,POBLACION  (ZONE 3),ALL OTHER STREETS,ZONE 3 BARANGAY POBLACION,CR,Commercial - Regular,7100.0
raw,"RDO No. 93A - Zamboanga City and RDO No. 93B - Zamboanga, Sibugay.",,,,ZAMBOANGA DEL SUR,ZAMBOANGA CITY,POBLACION  (ZONE 3),ALL OTHER STREETS,ZONE 3 BARANGAY POBLACION,RR,Residential - Regular,5000.0
raw,"RDO No. 93A - Zamboanga City and RDO No. 93B - Zamboanga, Sibugay.",,,,ZAMBOANGA DEL SUR,ZAMBOANGA CITY,POBLACION  (ZONE 3),ALL OTHER STREETS,ZONE 3 BARANGAY POBLACION,CR,Commercial - Regular,2000.0
raw,"RDO No. 93A - Zamboanga City and RDO No. 93B - Zamboanga, Sibugay.",,,,ZAMBOANGA DEL SUR,ZAMBOANGA CITY,POBLACION  (ZONE 3),ALL OTHER STREETS,ZONE 3 BARANGAY POBLACION,RR,Residential - Regular,1400.0
raw,"RDO No. 93A - Zamboanga City and RDO No. 93B - Zamboanga, Sibugay.",,2010-08-06,,ZAMBOANGA DEL SUR,ZAMBOANGA CITY,POBLACION  (ZONE 3),ALL OTHER STREETS,ZONE 3 BARANGAY POBLACION,CR,Commercial - Regular,8000.0
raw,"RDO No. 93A - Zamboanga City and RDO No. 93B - Zamboanga, Sibugay.",,2010-08-06,,ZAMBOANGA DEL SUR,ZAMBOANGA CITY,POBLACION  (ZONE 3),ALL OTHER STREETS,ZONE 3 BARANGAY POBLACION,RR,Residential - Regular,5800.0
raw,"RDO No. 93A - Zamboanga City and RDO No. 93B - Zamboanga, Sibugay.",,1995-12-25,,ZAMBOANGA DEL SUR,ZAMBOANGA CITY,POBLACION  (ZONE 3),ALL OTHER STREETS,ZONE 3 BARANGAY POBLACION,CR,Commercial - Regular,7100.0
raw,"RDO No. 93A - Zamboanga City and RDO No. 93B - Zamboanga, Sibugay.",,1995-12-25,,ZAMBOANGA DEL SUR,ZAMBOANGA CITY,POBLACION  (ZONE 3),ALL OTHER STREETS,ZONE 3 BARANGAY POBLACION,RR,Residential - Regular,5000.0
raw,"RDO No. 93A - Zamboanga City and RDO No. 93B - Zamboanga, Sibugay.",,1990-01-02,,ZAMBOANGA DEL SUR,ZAMBOANGA CITY,POBLACION  (ZONE 3),ALL OTHER STREETS,ZONE 3 BARANGAY POBLACION,CR,Commercial - Regular,2000.0
raw,"RDO No. 93A - Zamboanga City and RDO No. 93B - Zamboanga, Sibugay.",,1990-01-02,,ZAMBOANGA DEL SUR,ZAMBOANGA CITY,POBLACION  (ZONE 3),ALL OTHER STREETS,ZONE 3 BARANGAY POBLACION,RR,Residential - Regular,1400.0
raw,"RDO No. 93A - Zamboanga City and RDO No. 93B - Zamboanga, Sibugay.",,,,ZAMBOANGA DEL SUR,ZAMBOANGA CITY,POBLACION  (ZONE 3),ALMONTE ST,GOV. LIM - T. CLAUDIO,CR,Commercial - Regular,13050.0
raw,"RDO No. 93A - Zamboanga City and RDO No. 93B - Zamboanga, Sibugay.",,,,ZAMBOANGA DEL SUR,ZAMBOANGA CITY,POBLACION  (ZONE 3),ALMONTE ST,GOV. LIM - T. CLAUDIO,CR,Commercial - Regular,6800.0
raw,"RDO No. 93A - Zamboanga City and RDO No. 93B - Zamboanga, Sibugay.",,,,ZAMBOANGA DEL SUR,ZAMBOANGA CITY,POBLACION  (ZONE 3),ALMONTE ST,GOV. LIM - T. CLAUDIO,CR,Commercial - Regular,1400.0
raw,"RDO No. 93A - Zamboanga City and RDO No. 93B - Zamboanga, Sibugay.",,2010-08-06,,ZAMBOANGA DEL SUR,ZAMBOANGA CITY,POBLACION  (ZONE 3),ALMONTE ST,GOV. LIM - T. CLAUDIO,CR,Commercial - Regular,13050.0
raw,"RDO No. 93A - Zamboanga City and RDO No. 93B - Zamboanga, Sibugay.",,1995-12-25,,ZAMBOANGA DEL SUR,ZAMBOANGA CITY,POBLACION  (ZONE 3),ALMONTE ST,GOV. LIM - T. CLAUDIO,CR,Commercial - Regular,6800.0
raw,"RDO No. 93A - Zamboanga City and RDO No. 93B - Zamboanga, Sibugay.",,1990-01-02,,ZAMBOANGA DEL SUR,ZAMBOANGA CITY,POBLACION  (ZONE 3),ALMONTE ST,GOV. LIM - T. CLAUDIO,CR,Commercial - Regular,1400.0
raw,"RDO No. 93A - Zamboanga City and RDO No. 93B - Zamboanga, Sibugay.",,,,ZAMBOANGA DEL SUR,ZAMBOANGA CITY,POBLACION  (ZONE 3),CAMANCHILE DRIVE,NUNEZ ST - VETERANS AVE,CR,Commercial - Regular,8000.0
raw,"RDO No. 93A - Zamboanga City and RDO No. 93B - Zamboanga, Sibugay.",,,,ZAMBOANGA DEL SUR,ZAMBOANGA CITY,POBLACION  (ZONE 3),CAMANCHILE DRIVE,NUNEZ ST - VETERANS AVE,RR,Residential - Regular,5800.0
raw,"RDO No. 93A - Zamboanga City and RDO No. 93B - Zamboanga, Sibugay.",,,,ZAMBOANGA DEL SUR,ZAMBOANGA CITY,POBLACION  (ZONE 3),CAMANCHILE DRIVE,NUNEZ ST - VETERANS AVE,CR,Commercial - Regular,4400.0
raw,"RDO No. 93A - Zamboanga City and RDO No. 93B - Zamboanga, Sibugay.",,,,ZAMBOANGA DEL SUR,ZAMBOANGA CITY,POBLACION  (ZONE 3),CAMANCHILE DRIVE,NUNEZ ST - VETERANS AVE,RR,Residential - Regular,3600.0
raw,"RDO No. 93A - Zamboanga City and RDO No. 93B - Zamboanga, Sibugay.",,,,ZAMBOANGA DEL SUR,ZAMBOANGA CITY,POBLACION  (ZONE 3),CAMANCHILE DRIVE,NUNEZ ST - VETERANS AVE,CR,Commercial - Regular,1400.0
raw,"RDO No. 93A - Zamboanga City and RDO No. 93B - Zamboanga, Sibugay.",,,,ZAMBOANGA DEL SUR,ZAMBOANGA CITY,POBLACION  (ZONE 3),CAMANCHILE DRIVE,NUNEZ ST - VETERANS AVE,RR,Residential - Regular,1000.0
raw,"RDO No. 93A - Zamboanga City and RDO No. 93B - Zamboanga, Sibugay.",,2010-08-06,,ZAMBOANGA DEL SUR,ZAMBOANGA CITY,POBLACION  (ZONE 3),CAMANCHILE DRIVE,NUNEZ ST - VETERANS AVE,CR,Commercial - Regular,8000.0
raw,"RDO No. 93A - Zamboanga City and RDO No. 93B - Zamboanga, Sibugay.",,2010-08-06,,ZAMBOANGA DEL SUR,ZAMBOANGA CITY,POBLACION  (ZONE 3),CAMANCHILE DRIVE,NUNEZ ST - VETERANS AVE,RR,Residential - Regular,5800.0
raw,"RDO No. 93A - Zamboanga City and RDO No. 93B - Zamboanga, Sibugay.",,1995-12-25,,ZAMBOANGA DEL SUR,ZAMBOANGA CITY,POBLACION  (ZONE 3),CAMANCHILE DRIVE,NUNEZ ST - VETERANS AVE,CR,Commercial - Regular,4400.0
raw,"RDO No. 93A - Zamboanga City and RDO No. 93B - Zamboanga, Sibugay.",,1995-12-25,,ZAMBOANGA DEL SUR,ZAMBOANGA CITY,POBLACION  (ZONE 3),CAMANCHILE DRIVE,NUNEZ ST - VETERANS AVE,RR,Residential - Regular,3600.0
raw,"RDO No. 93A - Zamboanga City and RDO No. 93B - Zamboanga, Sibugay.",,1990-01-02,,ZAMBOANGA DEL SUR,ZAMBOANGA CITY,POBLACION  (ZONE 3),CAMANCHILE DRIVE,NUNEZ ST - VETERANS AVE,CR,Commercial - Regular,1400.0
raw,"RDO No. 93A - Zamboanga City and RDO No. 93B - Zamboanga, Sibugay.",,1990-01-02,,ZAMBOANGA DEL SUR,ZAMBOANGA CITY,POBLACION  (ZONE 3),CAMANCHILE DRIVE,NUNEZ ST - VETERANS AVE,RR,Residential - Regular,1000.0
raw,"RDO No. 93A - Zamboanga City and RDO No. 93B - Zamboanga, Sibugay.",,,,ZAMBOANGA DEL SUR,ZAMBOANGA CITY,POBLACION  (ZONE 3),CAMPANER ST,LA PURISIMA - NUNEZ ST,CR,Commercial - Regular,26650.0
raw,"RDO No. 93A - Zamboanga City and RDO No. 93B - Zamboanga, Sibugay.",,,,ZAMBOANGA DEL SUR,ZAMBOANGA CITY,POBLACION  (ZONE 3),CAMPANER ST,LA PURISIMA - NUNEZ ST,RR,Residential - Regular,7950.0
raw,"RDO No. 93A - Zamboanga City and RDO No. 93B - Zamboanga, Sibugay.",,,,ZAMBOANGA DEL SUR,ZAMBOANGA CITY,POBLACION  (ZONE 3),CAMPANER ST,LA PURISIMA - NUNEZ ST,CR,Commercial - Regular,6100.0
raw,"RDO No. 93A - Zamboanga City and RDO No. 93B - Zamboanga, Sibugay.",,,,ZAMBOANGA DEL SUR,ZAMBOANGA CITY,POBLACION  (ZONE 3),CAMPANER ST,LA PURISIMA - NUNEZ ST,RR,Residential - Regular,5100.0
raw,"RDO No. 93A - Zamboanga City and RDO No. 93B - Zamboanga, Sibugay.",,,,ZAMBOANGA DEL SUR,ZAMBOANGA CITY,POBLACION  (ZONE 3),CAMPANER ST,LA PURISIMA - NUNEZ ST,CR,Commercial - Regular,1400.0
raw,"RDO No. 93A - Zamboanga City and RDO No. 93B - Zamboanga, Sibugay.",,,,ZAMBOANGA DEL SUR,ZAMBOANGA CITY,POBLACION  (ZONE 3),CAMPANER ST,LA PURISIMA - NUNEZ ST,RR,Residential - Regular,1000.0
raw,"RDO No. 93A - Zamboanga City and RDO No. 93B - Zamboanga, Sibugay.",,2010-08-06,,ZAMBOANGA DEL SUR,ZAMBOANGA CITY,POBLACION  (ZONE 3),CAMPANER ST,LA PURISIMA - NUNEZ ST,CR,Commercial - Regular,26650.0
raw,"RDO No. 93A - Zamboanga City and RDO No. 93B - Zamboanga, Sibugay.",,2010-08-06,,ZAMBOANGA DEL SUR,ZAMBOANGA CITY,POBLACION  (ZONE 3),CAMPANER ST,LA PURISIMA - NUNEZ ST,RR,Residential - Regular,7950.0
raw,"RDO No. 93A - Zamboanga City and RDO No. 93B - Zamboanga, Sibugay.",,1995-12-25,,ZAMBOANGA DEL SUR,ZAMBOANGA CITY,POBLACION  (ZONE 3),CAMPANER ST,LA PURISIMA - NUNEZ ST,CR,Commercial - Regular,6100.0
raw,"RDO No. 93A - Zamboanga City and RDO No. 93B - Zamboanga, Sibugay.",,1995-12-25,,ZAMBOANGA DEL SUR,ZAMBOANGA CITY,POBLACION  (ZONE 3),CAMPANER ST,LA PURISIMA - NUNEZ ST,RR,Residential - Regular,5100.0
raw,"RDO No. 93A - Zamboanga City and RDO No. 93B - Zamboanga, Sibugay.",,1990-01-02,,ZAMBOANGA DEL SUR,ZAMBOANGA CITY,POBLACION  (ZONE 3),CAMPANER ST,LA PURISIMA - NUNEZ ST,CR,Commercial - Regular,1400.0
raw,"RDO No. 93A - Zamboanga City and RDO No. 93B - Zamboanga, Sibugay.",,1990-01-02,,ZAMBOANGA DEL SUR,ZAMBOANGA CITY,POBLACION  (ZONE 3),CAMPANER ST,LA PURISIMA - NUNEZ ST,RR,Residential - Regular,1000.0
raw,"RDO No. 93A - Zamboanga City and RDO No. 93B - Zamboanga, Sibugay.",,,,ZAMBOANGA DEL SUR,ZAMBOANGA CITY,POBLACION  (ZONE 3),GOV. ALVAREZ,LA PURISIMA - VETERANS,CR,Commercial - Regular,9440.0
raw,"RDO No. 93A - Zamboanga City and RDO No. 93B - Zamboanga, Sibugay.",,,,ZAMBOANGA DEL SUR,ZAMBOANGA CITY,POBLACION  (ZONE 3),GOV. ALVAREZ,LA PURISIMA - VETERANS,RR,Residential - Regular,6300.0
raw,"RDO No. 93A - Zamboanga City and RDO No. 93B - Zamboanga, Sibugay.",,,,ZAMBOANGA DEL SUR,ZAMBOANGA CITY,POBLACION  (ZONE 3),GOV. ALVAREZ,LA PURISIMA - VETERANS,CR,Commercial - Regular,5000.0
raw,"RDO No. 93A - Zamboanga City and RDO No. 93B - Zamboanga, Sibugay.",,,,ZAMBOANGA DEL SUR,ZAMBOANGA CITY,POBLACION  (ZONE 3),GOV. ALVAREZ,LA PURISIMA - VETERANS,RR,Residential - Regular,4000.0
raw,"RDO No. 93A - Zamboanga City and RDO No. 93B - Zamboanga, Sibugay.",,,,ZAMBOANGA DEL SUR,ZAMBOANGA CITY,POBLACION  (ZONE 3),GOV. ALVAREZ,LA PURISIMA - VETERANS,CR,Commercial - Regular,1400.0
raw,"RDO No. 93A - Zamboanga City and RDO No. 93B - Zamboanga, Sibugay.",,,,ZAMBOANGA DEL SUR,ZAMBOANGA CITY,POBLACION  (ZONE 3),GOV. ALVAREZ,LA PURISIMA - VETERANS,RR,Residential - Regular,1000.0
raw,"RDO No. 93A - Zamboanga City and RDO No. 93B - Zamboanga, Sibugay.",,2010-08-06,,ZAMBOANGA DEL SUR,ZAMBOANGA CITY,POBLACION  (ZONE 3),GOV. ALVAREZ,LA PURISIMA - VETERANS,CR,Commercial - Regular,9440.0
raw,"RDO No. 93A - Zamboanga City and RDO No. 93B - Zamboanga, Sibugay.",,2010-08-06,,ZAMBOANGA DEL SUR,ZAMBOANGA CITY,POBLACION  (ZONE 3),GOV. ALVAREZ,LA PURISIMA - VETERANS,RR,Residential - Regular,6300.0
raw,"RDO No. 93A - Zamboanga City and RDO No. 93B - Zamboanga, Sibugay.",,1995-12-25,,ZAMBOANGA DEL SUR,ZAMBOANGA CITY,POBLACION  (ZONE 3),GOV. ALVAREZ,LA PURISIMA - VETERANS,CR,Commercial - Regular,5000.0
raw,"RDO No. 93A - Zamboanga City and RDO No. 93B - Zamboanga, Sibugay.",,1995-12-25,,ZAMBOANGA DEL SUR,ZAMBOANGA CITY,POBLACION  (ZONE 3),GOV. ALVAREZ,LA PURISIMA - VETERANS,RR,Residential - Regular,4000.0
raw,"RDO No. 93A - Zamboanga City and RDO No. 93B - Zamboanga, Sibugay.",,1990-01-02,,ZAMBOANGA DEL SUR,ZAMBOANGA CITY,POBLACION  (ZONE 3),GOV. ALVAREZ,LA PURISIMA - VETERANS,CR,Commercial - Regular,1400.0
raw,"RDO No. 93A - Zamboanga City and RDO No. 93B - Zamboanga, Sibugay.",,1990-01-02,,ZAMBOANGA DEL SUR,ZAMBOANGA CITY,POBLACION  (ZONE 3),GOV. ALVAREZ,LA PURISIMA - VETERANS,RR,Residential - Regular,1000.0
raw,"RDO No. 93A - Zamboanga City and RDO No. 93B - Zamboanga, Sibugay.",,,,ZAMBOANGA DEL SUR,ZAMBOANGA CITY,POBLACION  (ZONE 3),LA PURISIMA ST,GOV. LIM - GOV. ALVAREZ,CR,Commercial - Regular,14550.0
raw,"RDO No. 93A - Zamboanga City and RDO No. 93B - Zamboanga, Sibugay.",,,,ZAMBOANGA DEL SUR,ZAMBOANGA CITY,POBLACION  (ZONE 3),LA PURISIMA ST,GOV. LIM - GOV. ALVAREZ,RR,Residential - Regular,10500.0
raw,"RDO No. 93A - Zamboanga City and RDO No. 93B - Zamboanga, Sibugay.",,,,ZAMBOANGA DEL SUR,ZAMBOANGA CITY,POBLACION  (ZONE 3),LA PURISIMA ST,GOV. LIM - GOV. ALVAREZ,X,Special / Other,10600.0
raw,"RDO No. 93A - Zamboanga City and RDO No. 93B - Zamboanga, Sibugay.",,,,ZAMBOANGA DEL SUR,ZAMBOANGA CITY,POBLACION  (ZONE 3),LA PURISIMA ST,GOV. LIM - GOV. ALVAREZ,CR,Commercial - Regular,7800.0
raw,"RDO No. 93A - Zamboanga City and RDO No. 93B - Zamboanga, Sibugay.",,,,ZAMBOANGA DEL SUR,ZAMBOANGA CITY,POBLACION  (ZONE 3),LA PURISIMA ST,GOV. LIM - GOV. ALVAREZ,RR,Residential - Regular,6800.0
raw,"RDO No. 93A - Zamboanga City and RDO No. 93B - Zamboanga, Sibugay.",,,,ZAMBOANGA DEL SUR,ZAMBOANGA CITY,POBLACION  (ZONE 3),LA PURISIMA ST,GOV. LIM - GOV. ALVAREZ,X,Special / Other,8800.0
raw,"RDO No. 93A - Zamboanga City and RDO No. 93B - Zamboanga, Sibugay.",,,,ZAMBOANGA DEL SUR,ZAMBOANGA CITY,POBLACION  (ZONE 3),LA PURISIMA ST,GOV. LIM - GOV. ALVAREZ,CR,Commercial - Regular,2000.0
raw,"RDO No. 93A - Zamboanga City and RDO No. 93B - Zamboanga, Sibugay.",,,,ZAMBOANGA DEL SUR,ZAMBOANGA CITY,POBLACION  (ZONE 3),LA PURISIMA ST,GOV. LIM - GOV. ALVAREZ,RR,Residential - Regular,1400.0
raw,"RDO No. 93A - Zamboanga City and RDO No. 93B - Zamboanga, Sibugay.",,,,ZAMBOANGA DEL SUR,ZAMBOANGA CITY,POBLACION  (ZONE 3),LA PURISIMA ST,GOV. LIM - GOV. ALVAREZ,X,Special / Other,2250.0
raw,"RDO No. 93A - Zamboanga City and RDO No. 93B - Zamboanga, Sibugay.",,2010-08-06,,ZAMBOANGA DEL SUR,ZAMBOANGA CITY,POBLACION  (ZONE 3),LA PURISIMA ST,GOV. LIM - GOV. ALVAREZ,CR,Commercial - Regular,14550.0
raw,"RDO No. 93A - Zamboanga City and RDO No. 93B - Zamboanga, Sibugay.",,2010-08-06,,ZAMBOANGA DEL SUR,ZAMBOANGA CITY,POBLACION  (ZONE 3),LA PURISIMA ST,GOV. LIM - GOV. ALVAREZ,RR,Residential - Regular,10500.0
raw,"RDO No. 93A - Zamboanga City and RDO No. 93B - Zamboanga, Sibugay.",,2010-08-06,,ZAMBOANGA DEL SUR,ZAMBOANGA CITY,POBLACION  (ZONE 3),LA PURISIMA ST,GOV. LIM - GOV. ALVAREZ,X,Special / Other,10600.0
raw,"RDO No. 93A - Zamboanga City and RDO No. 93B - Zamboanga, Sibugay.",,1995-12-25,,ZAMBOANGA DEL SUR,ZAMBOANGA CITY,POBLACION  (ZONE 3),LA PURISIMA ST,GOV. LIM - GOV. ALVAREZ,CR,Commercial - Regular,7800.0
raw,"RDO No. 93A - Zamboanga City and RDO No. 93B - Zamboanga, Sibugay.",,1995-12-25,,ZAMBOANGA DEL SUR,ZAMBOANGA CITY,POBLACION  (ZONE 3),LA PURISIMA ST,GOV. LIM - GOV. ALVAREZ,RR,Residential - Regular,6800.0
raw,"RDO No. 93A - Zamboanga City and RDO No. 93B - Zamboanga, Sibugay.",,1995-12-25,,ZAMBOANGA DEL SUR,ZAMBOANGA CITY,POBLACION  (ZONE 3),LA PURISIMA ST,GOV. LIM - GOV. ALVAREZ,X,Special / Other,8800.0
raw,"RDO No. 93A - Zamboanga City and RDO No. 93B - Zamboanga, Sibugay.",,1990-01-02,,ZAMBOANGA DEL SUR,ZAMBOANGA CITY,POBLACION  (ZONE 3),LA PURISIMA ST,GOV. LIM - GOV. ALVAREZ,CR,Commercial - Regular,2000.0
raw,"RDO No. 93A - Zamboanga City and RDO No. 93B - Zamboanga, Sibugay.",,1990-01-02,,ZAMBOANGA DEL SUR,ZAMBOANGA CITY,POBLACION  (ZONE 3),LA PURISIMA ST,GOV. LIM - GOV. ALVAREZ,RR,Residential - Regular,1400.0
raw,"RDO No. 93A - Zamboanga City and RDO No. 93B - Zamboanga, Sibugay.",,1990-01-02,,ZAMBOANGA DEL SUR,ZAMBOANGA CITY,POBLACION  (ZONE 3),LA PURISIMA ST,GOV. LIM - GOV. ALVAREZ,X,Special / Other,2250.0
raw,"RDO No. 93A - Zamboanga City and RDO No. 93B - Zamboanga, Sibugay.",,,,ZAMBOANGA DEL SUR,ZAMBOANGA CITY,POBLACION  (ZONE 3),NUNEZ ST,GOV. LIM - GOV. ALVAREZ,CR,Commercial - Regular,16650.0
raw,"RDO No. 93A - Zamboanga City and RDO No. 93B - Zamboanga, Sibugay.",,,,ZAMBOANGA DEL SUR,ZAMBOANGA CITY,POBLACION  (ZONE 3),NUNEZ ST,GOV. LIM - GOV. ALVAREZ,RR,Residential - Regular,13500.0
raw,"RDO No. 93A - Zamboanga City and RDO No. 93B - Zamboanga, Sibugay.",,,,ZAMBOANGA DEL SUR,ZAMBOANGA CITY,POBLACION  (ZONE 3),NUNEZ ST,GOV. LIM - GOV. ALVAREZ,X,Special / Other,13950.0
raw,"RDO No. 93A - Zamboanga City and RDO No. 93B - Zamboanga, Sibugay.",,,,ZAMBOANGA DEL SUR,ZAMBOANGA CITY,POBLACION  (ZONE 3),NUNEZ ST,GOV. LIM - GOV. ALVAREZ,CR,Commercial - Regular,6100.0
raw,"RDO No. 93A - Zamboanga City and RDO No. 93B - Zamboanga, Sibugay.",,,,ZAMBOANGA DEL SUR,ZAMBOANGA CITY,POBLACION  (ZONE 3),NUNEZ ST,GOV. LIM - GOV. ALVAREZ,RR,Residential - Regular,4000.0
raw,"RDO No. 93A - Zamboanga City and RDO No. 93B - Zamboanga, Sibugay.",,,,ZAMBOANGA DEL SUR,ZAMBOANGA CITY,POBLACION  (ZONE 3),NUNEZ ST,GOV. LIM - GOV. ALVAREZ,X,Special / Other,7400.0
raw,"RDO No. 93A - Zamboanga City and RDO No. 93B - Zamboanga, Sibugay.",,,,ZAMBOANGA DEL SUR,ZAMBOANGA CITY,POBLACION  (ZONE 3),NUNEZ ST,GOV. LIM - GOV. ALVAREZ,CR,Commercial - Regular,1400.0
raw,"RDO No. 93A - Zamboanga City and RDO No. 93B - Zamboanga, Sibugay.",,,,ZAMBOANGA DEL SUR,ZAMBOANGA CITY,POBLACION  (ZONE 3),NUNEZ ST,GOV. LIM - GOV. ALVAREZ,RR,Residential - Regular,1000.0
raw,"RDO No. 93A - Zamboanga City and RDO No. 93B - Zamboanga, Sibugay.",,2010-08-06,,ZAMBOANGA DEL SUR,ZAMBOANGA CITY,POBLACION  (ZONE 3),NUNEZ ST,GOV. LIM - GOV. ALVAREZ,CR,Commercial - Regular,16650.0
raw,"RDO No. 93A - Zamboanga City and RDO No. 93B - Zamboanga, Sibugay.",,2010-08-06,,ZAMBOANGA DEL SUR,ZAMBOANGA CITY,POBLACION  (ZONE 3),NUNEZ ST,GOV. LIM - GOV. ALVAREZ,RR,Residential - Regular,13500.0
raw,"RDO No. 93A - Zamboanga City and RDO No. 93B - Zamboanga, Sibugay.",,2010-08-06,,ZAMBOANGA DEL SUR,ZAMBOANGA CITY,POBLACION  (ZONE 3),NUNEZ ST,GOV. LIM - GOV. ALVAREZ,X,Special / Other,13950.0
raw,"RDO No. 93A - Zamboanga City and RDO No. 93B - Zamboanga, Sibugay.",,1995-12-25,,ZAMBOANGA DEL SUR,ZAMBOANGA CITY,POBLACION  (ZONE 3),NUNEZ ST,GOV. LIM - GOV. ALVAREZ,CR,Commercial - Regular,6100.0
raw,"RDO No. 93A - Zamboanga City and RDO No. 93B - Zamboanga, Sibugay.",,1995-12-25,,ZAMBOANGA DEL SUR,ZAMBOANGA CITY,POBLACION  (ZONE 3),NUNEZ ST,GOV. LIM - GOV. ALVAREZ,RR,Residential - Regular,4000.0
raw,"RDO No. 93A - Zamboanga City and RDO No. 93B - Zamboanga, Sibugay.",,1995-12-25,,ZAMBOANGA DEL SUR,ZAMBOANGA CITY,POBLACION  (ZONE 3),NUNEZ ST,GOV. LIM - GOV. ALVAREZ,X,Special / Other,7400.0
raw,"RDO No. 93A - Zamboanga City and RDO No. 93B - Zamboanga, Sibugay.",,1990-01-02,,ZAMBOANGA DEL SUR,ZAMBOANGA CITY,POBLACION  (ZONE 3),NUNEZ ST,GOV. LIM - GOV. ALVAREZ,CR,Commercial - Regular,1400.0
raw,"RDO No. 93A - Zamboanga City and RDO No. 93B - Zamboanga, Sibugay.",,1990-01-02,,ZAMBOANGA DEL SUR,ZAMBOANGA CITY,POBLACION  (ZONE 3),NUNEZ ST,GOV. LIM - GOV. ALVAREZ,RR,Residential - Regular,1000.0
raw,"RDO No. 93A - Zamboanga City and RDO No. 93B - Zamboanga, Sibugay.",,,,ZAMBOANGA DEL SUR,ZAMBOANGA CITY,POBLACION  (ZONE 3),NUÑEZ EXTENSION,GOV. LIM - GOV. ALVAREZ,CR,Commercial - Regular,15000.0
raw,"RDO No. 93A - Zamboanga City and RDO No. 93B - Zamboanga, Sibugay.",,,,ZAMBOANGA DEL SUR,ZAMBOANGA CITY,POBLACION  (ZONE 3),NUÑEZ EXTENSION,GOV. LIM - GOV. ALVAREZ,RR,Residential - Regular,10500.0
raw,"RDO No. 93A - Zamboanga City and RDO No. 93B - Zamboanga, Sibugay.",,2010-08-06,,ZAMBOANGA DEL SUR,ZAMBOANGA CITY,POBLACION  (ZONE 3),NUÑEZ EXTENSION,GOV. LIM - GOV. ALVAREZ,CR,Commercial - Regular,15000.0
raw,"RDO No. 93A - Zamboanga City and RDO No. 93B - Zamboanga, Sibugay.",,2010-08-06,,ZAMBOANGA DEL SUR,ZAMBOANGA CITY,POBLACION  (ZONE 3),NUÑEZ EXTENSION,GOV. LIM - GOV. ALVAREZ,RR,Residential - Regular,10500.0
raw,"RDO No. 93A - Zamboanga City and RDO No. 93B - Zamboanga, Sibugay.",,,,ZAMBOANGA DEL SUR,ZAMBOANGA CITY,POBLACION  (ZONE 3),TOMAS CLAUDIO ST,LA PURISIMA - VETERANS,CR,Commercial - Regular,13500.0
raw,"RDO No. 93A - Zamboanga City and RDO No. 93B - Zamboanga, Sibugay.",,,,ZAMBOANGA DEL SUR,ZAMBOANGA CITY,POBLACION  (ZONE 3),TOMAS CLAUDIO ST,LA PURISIMA - VETERANS,RR,Residential - Regular,9450.0
raw,"RDO No. 93A - Zamboanga City and RDO No. 93B - Zamboanga, Sibugay.",,,,ZAMBOANGA DEL SUR,ZAMBOANGA CITY,POBLACION  (ZONE 3),TOMAS CLAUDIO ST,LA PURISIMA - VETERANS,CR,Commercial - Regular,7100.0
raw,"RDO No. 93A - Zamboanga City and RDO No. 93B - Zamboanga, Sibugay.",,,,ZAMBOANGA DEL SUR,ZAMBOANGA CITY,POBLACION  (ZONE 3),TOMAS CLAUDIO ST,LA PURISIMA - VETERANS,RR,Residential - Regular,6100.0
raw,"RDO No. 93A - Zamboanga City and RDO No. 93B - Zamboanga, Sibugay.",,,,ZAMBOANGA DEL SUR,ZAMBOANGA CITY,POBLACION  (ZONE 3),TOMAS CLAUDIO ST,LA PURISIMA - VETERANS,RC,Residential - Condominium,8100.0
raw,"RDO No. 93A - Zamboanga City and RDO No. 93B - Zamboanga, Sibugay.",,,,ZAMBOANGA DEL SUR,ZAMBOANGA CITY,POBLACION  (ZONE 3),TOMAS CLAUDIO ST,LA PURISIMA - VETERANS,CR,Commercial - Regular,2000.0
raw,"RDO No. 93A - Zamboanga City and RDO No. 93B - Zamboanga, Sibugay.",,,,ZAMBOANGA DEL SUR,ZAMBOANGA CITY,POBLACION  (ZONE 3),TOMAS CLAUDIO ST,LA PURISIMA - VETERANS,RR,Residential - Regular,1400.0
raw,"RDO No. 93A - Zamboanga City and RDO No. 93B - Zamboanga, Sibugay.",,,,ZAMBOANGA DEL SUR,ZAMBOANGA CITY,POBLACION  (ZONE 3),TOMAS CLAUDIO ST,LA PURISIMA - VETERANS,RC,Residential - Condominium,2250.0
raw,"RDO No. 93A - Zamboanga City and RDO No. 93B - Zamboanga, Sibugay.",,2010-08-06,,ZAMBOANGA DEL SUR,ZAMBOANGA CITY,POBLACION  (ZONE 3),TOMAS CLAUDIO ST,LA PURISIMA - VETERANS,CR,Commercial - Regular,13500.0
raw,"RDO No. 93A - Zamboanga City and RDO No. 93B - Zamboanga, Sibugay.",,2010-08-06,,ZAMBOANGA DEL SUR,ZAMBOANGA CITY,POBLACION  (ZONE 3),TOMAS CLAUDIO ST,LA PURISIMA - VETERANS,RR,Residential - Regular,9450.0
raw,"RDO No. 93A - Zamboanga City and RDO No. 93B - Zamboanga, Sibugay.",,1995-12-25,,ZAMBOANGA DEL SUR,ZAMBOANGA CITY,POBLACION  (ZONE 3),TOMAS CLAUDIO ST,LA PURISIMA - VETERANS,CR,Commercial - Regular,7100.0
raw,"RDO No. 93A - Zamboanga City and RDO No. 93B - Zamboanga, Sibugay.",,1995-12-25,,ZAMBOANGA DEL SUR,ZAMBOANGA CITY,POBLACION  (ZONE 3),TOMAS CLAUDIO ST,LA PURISIMA - VETERANS,RR,Residential - Regular,6100.0
raw,"RDO No. 93A - Zamboanga City and RDO No. 93B - Zamboanga, Sibugay.",,1995-12-25,,ZAMBOANGA DEL SUR,ZAMBOANGA CITY,POBLACION  (ZONE 3),TOMAS CLAUDIO ST,LA PURISIMA - VETERANS,RC,Residential - Condominium,8100.0
raw,"RDO No. 93A - Zamboanga City and RDO No. 93B - Zamboanga, Sibugay.",,1990-01-02,,ZAMBOANGA DEL SUR,ZAMBOANGA CITY,POBLACION  (ZONE 3),TOMAS CLAUDIO ST,LA PURISIMA - VETERANS,CR,Commercial - Regular,2000.0
raw,"RDO No. 93A - Zamboanga City and RDO No. 93B - Zamboanga, Sibugay.",,1990-01-02,,ZAMBOANGA DEL SUR,ZAMBOANGA CITY,POBLACION  (ZONE 3),TOMAS CLAUDIO ST,LA PURISIMA - VETERANS,RR,Residential - Regular,1400.0
raw,"RDO No. 93A - Zamboanga City and RDO No. 93B - Zamboanga, Sibugay.",,1990-01-02,,ZAMBOANGA DEL SUR,ZAMBOANGA CITY,POBLACION  (ZONE 3),TOMAS CLAUDIO ST,LA PURISIMA - VETERANS,RC,Residential - Condominium,2250.0
raw,"RDO No. 93A - Zamboanga City and RDO No. 93B - Zamboanga, Sibugay.",,,,ZAMBOANGA DEL SUR,ZAMBOANGA CITY,POBLACION  (ZONE 3),VETERANS AVE,GOV. LIM - GOV. ALVAREZ,CR,Commercial - Regular,14150.0
raw,"RDO No. 93A - Zamboanga City and RDO No. 93B - Zamboanga, Sibugay.",,,,ZAMBOANGA DEL SUR,ZAMBOANGA CITY,POBLACION  (ZONE 3),VETERANS AVE,GOV. LIM - GOV. ALVAREZ,CR,Commercial - Regular,7100.0
raw,"RDO No. 93A - Zamboanga City and RDO No. 93B - Zamboanga, Sibugay.",,,,ZAMBOANGA DEL SUR,ZAMBOANGA CITY,POBLACION  (ZONE 3),VETERANS AVE,GOV. LIM - GOV. ALVAREZ,RC,Residential - Condominium,6100.0
raw,"RDO No. 93A - Zamboanga City and RDO No. 93B - Zamboanga, Sibugay.",,,,ZAMBOANGA DEL SUR,ZAMBOANGA CITY,POBLACION  (ZONE 3),VETERANS AVE,GOV. LIM - GOV. ALVAREZ,CR,Commercial - Regular,2000.0
raw,"RDO No. 93A - Zamboanga City and RDO No. 93B - Zamboanga, Sibugay.",,,,ZAMBOANGA DEL SUR,ZAMBOANGA CITY,POBLACION  (ZONE 3),VETERANS AVE,GOV. LIM - GOV. ALVAREZ,RC,Residential - Condominium,1400.0
raw,"RDO No. 93A - Zamboanga City and RDO No. 93B - Zamboanga, Sibugay.",,2010-08-06,,ZAMBOANGA DEL SUR,ZAMBOANGA CITY,POBLACION  (ZONE 3),VETERANS AVE,GOV. LIM - GOV. ALVAREZ,CR,Commercial - Regular,14150.0
raw,"RDO No. 93A - Zamboanga City and RDO No. 93B - Zamboanga, Sibugay.",,1995-12-25,,ZAMBOANGA DEL SUR,ZAMBOANGA CITY,POBLACION  (ZONE 3),VETERANS AVE,GOV. LIM - GOV. ALVAREZ,CR,Commercial - Regular,7100.0
raw,"RDO No. 93A - Zamboanga City and RDO No. 93B - Zamboanga, Sibugay.",,1995-12-25,,ZAMBOANGA DEL SUR,ZAMBOANGA CITY,POBLACION  (ZONE 3),VETERANS AVE,GOV. LIM - GOV. ALVAREZ,RC,Residential - Condominium,6100.0
raw,"RDO No. 93A - Zamboanga City and RDO No. 93B - Zamboanga, Sibugay.",,1990-01-02,,ZAMBOANGA DEL SUR,ZAMBOANGA CITY,POBLACION  (ZONE 3),VETERANS AVE,GOV. LIM - GOV. ALVAREZ,CR,Commercial - Regular,2000.0
raw,"RDO No. 93A - Zamboanga City and RDO No. 93B - Zamboanga, Sibugay.",,1990-01-02,,ZAMBOANGA DEL SUR,ZAMBOANGA CITY,POBLACION  (ZONE 3),VETERANS AVE,GOV. LIM - GOV. ALVAREZ,RC,Residential - Condominium,1400.0
raw,"RDO No. 93A - Zamboanga City and RDO No. 93B - Zamboanga, Sibugay.",,,,ZAMBOANGA DEL SUR,ZAMBOANGA CITY,POBLACION  (ZONE 4),ALL OTHER STREETS,ZONE 4 BARANGAY POBLACION,CR,Commercial - Regular,12000.0
raw,"RDO No. 93A - Zamboanga City and RDO No. 93B - Zamboanga, Sibugay.",,,,ZAMBOANGA DEL SUR,ZAMBOANGA CITY,POBLACION  (ZONE 4),ALL OTHER STREETS,ZONE 4 BARANGAY POBLACION,RR,Residential - Regular,7800.0
raw,"RDO No. 93A - Zamboanga City and RDO No. 93B - Zamboanga, Sibugay.",,,,ZAMBOANGA DEL SUR,ZAMBOANGA CITY,POBLACION  (ZONE 4),ALL OTHER STREETS,ZONE 4 BARANGAY POBLACION,CR,Commercial - Regular,7100.0
raw,"RDO No. 93A - Zamboanga City and RDO No. 93B - Zamboanga, Sibugay.",,,,ZAMBOANGA DEL SUR,ZAMBOANGA CITY,POBLACION  (ZONE 4),ALL OTHER STREETS,ZONE 4 BARANGAY POBLACION,RR,Residential - Regular,5000.0
raw,"RDO No. 93A - Zamboanga City and RDO No. 93B - Zamboanga, Sibugay.",,,,ZAMBOANGA DEL SUR,ZAMBOANGA CITY,POBLACION  (ZONE 4),ALL OTHER STREETS,ZONE 4 BARANGAY POBLACION,CR,Commercial - Regular,2000.0
raw,"RDO No. 93A - Zamboanga City and RDO No. 93B - Zamboanga, Sibugay.",,,,ZAMBOANGA DEL SUR,ZAMBOANGA CITY,POBLACION  (ZONE 4),ALL OTHER STREETS,ZONE 4 BARANGAY POBLACION,RR,Residential - Regular,1000.0
raw,"RDO No. 93A - Zamboanga City and RDO No. 93B - Zamboanga, Sibugay.",,2010-08-06,,ZAMBOANGA DEL SUR,ZAMBOANGA CITY,POBLACION  (ZONE 4),ALL OTHER STREETS,ZONE 4 BARANGAY POBLACION,CR,Commercial - Regular,12000.0
raw,"RDO No. 93A - Zamboanga City and RDO No. 93B - Zamboanga, Sibugay.",,2010-08-06,,ZAMBOANGA DEL SUR,ZAMBOANGA CITY,POBLACION  (ZONE 4),ALL OTHER STREETS,ZONE 4 BARANGAY POBLACION,RR,Residential - Regular,7800.0
raw,"RDO No. 93A - Zamboanga City and RDO No. 93B - Zamboanga, Sibugay.",,1995-12-25,,ZAMBOANGA DEL SUR,ZAMBOANGA CITY,POBLACION  (ZONE 4),ALL OTHER STREETS,ZONE 4 BARANGAY POBLACION,CR,Commercial - Regular,7100.0
raw,"RDO No. 93A - Zamboanga City and RDO No. 93B - Zamboanga, Sibugay.",,1995-12-25,,ZAMBOANGA DEL SUR,ZAMBOANGA CITY,POBLACION  (ZONE 4),ALL OTHER STREETS,ZONE 4 BARANGAY POBLACION,RR,Residential - Regular,5000.0
raw,"RDO No. 93A - Zamboanga City and RDO No. 93B - Zamboanga, Sibugay.",,1990-01-02,,ZAMBOANGA DEL SUR,ZAMBOANGA CITY,POBLACION  (ZONE 4),ALL OTHER STREETS,ZONE 4 BARANGAY POBLACION,CR,Commercial - Regular,2000.0
raw,"RDO No. 93A - Zamboanga City and RDO No. 93B - Zamboanga, Sibugay.",,1990-01-02,,ZAMBOANGA DEL SUR,ZAMBOANGA CITY,POBLACION  (ZONE 4),ALL OTHER STREETS,ZONE 4 BARANGAY POBLACION,RR,Residential - Regular,1000.0
raw,"RDO No. 93A - Zamboanga City and RDO No. 93B - Zamboanga, Sibugay.",,,,ZAMBOANGA DEL SUR,ZAMBOANGA CITY,POBLACION  (ZONE 4),BARCELONA ST,I. MAGNO - GOV. LIM AVE,CR,Commercial - Regular,16050.0
raw,"RDO No. 93A - Zamboanga City and RDO No. 93B - Zamboanga, Sibugay.",,,,ZAMBOANGA DEL SUR,ZAMBOANGA CITY,POBLACION  (ZONE 4),BARCELONA ST,I. MAGNO - GOV. LIM AVE,RR,Residential - Regular,10600.0
raw,"RDO No. 93A - Zamboanga City and RDO No. 93B - Zamboanga, Sibugay.",,,,ZAMBOANGA DEL SUR,ZAMBOANGA CITY,POBLACION  (ZONE 4),BARCELONA ST,I. MAGNO - GOV. LIM AVE,CR,Commercial - Regular,8800.0
raw,"RDO No. 93A - Zamboanga City and RDO No. 93B - Zamboanga, Sibugay.",,,,ZAMBOANGA DEL SUR,ZAMBOANGA CITY,POBLACION  (ZONE 4),BARCELONA ST,I. MAGNO - GOV. LIM AVE,RR,Residential - Regular,6800.0
raw,"RDO No. 93A - Zamboanga City and RDO No. 93B - Zamboanga, Sibugay.",,,,ZAMBOANGA DEL SUR,ZAMBOANGA CITY,POBLACION  (ZONE 4),BARCELONA ST,I. MAGNO - GOV. LIM AVE,CR,Commercial - Regular,2250.0
raw,"RDO No. 93A - Zamboanga City and RDO No. 93B - Zamboanga, Sibugay.",,,,ZAMBOANGA DEL SUR,ZAMBOANGA CITY,POBLACION  (ZONE 4),BARCELONA ST,I. MAGNO - GOV. LIM AVE,RR,Residential - Regular,1400.0
raw,"RDO No. 93A - Zamboanga City and RDO No. 93B - Zamboanga, Sibugay.",,2010-08-06,,ZAMBOANGA DEL SUR,ZAMBOANGA CITY,POBLACION  (ZONE 4),BARCELONA ST,I. MAGNO - GOV. LIM AVE,CR,Commercial - Regular,16050.0
raw,"RDO No. 93A - Zamboanga City and RDO No. 93B - Zamboanga, Sibugay.",,2010-08-06,,ZAMBOANGA DEL SUR,ZAMBOANGA CITY,POBLACION  (ZONE 4),BARCELONA ST,I. MAGNO - GOV. LIM AVE,RR,Residential - Regular,10600.0
raw,"RDO No. 93A - Zamboanga City and RDO No. 93B - Zamboanga, Sibugay.",,1995-12-25,,ZAMBOANGA DEL SUR,ZAMBOANGA CITY,POBLACION  (ZONE 4),BARCELONA ST,I. MAGNO - GOV. LIM AVE,CR,Commercial - Regular,8800.0
raw,"RDO No. 93A - Zamboanga City and RDO No. 93B - Zamboanga, Sibugay.",,1995-12-25,,ZAMBOANGA DEL SUR,ZAMBOANGA CITY,POBLACION  (ZONE 4),BARCELONA ST,I. MAGNO - GOV. LIM AVE,RR,Residential - Regular,6800.0
raw,"RDO No. 93A - Zamboanga City and RDO No. 93B - Zamboanga, Sibugay.",,1990-01-02,,ZAMBOANGA DEL SUR,ZAMBOANGA CITY,POBLACION  (ZONE 4),BARCELONA ST,I. MAGNO - GOV. LIM AVE,CR,Commercial - Regular,2250.0
raw,"RDO No. 93A - Zamboanga City and RDO No. 93B - Zamboanga, Sibugay.",,1990-01-02,,ZAMBOANGA DEL SUR,ZAMBOANGA CITY,POBLACION  (ZONE 4),BARCELONA ST,I. MAGNO - GOV. LIM AVE,RR,Residential - Regular,1400.0
raw,"RDO No. 93A - Zamboanga City and RDO No. 93B - Zamboanga, Sibugay.",,,,ZAMBOANGA DEL SUR,ZAMBOANGA CITY,POBLACION  (ZONE 4),CERVANTES ST,GEN. V.ALVAREZ ST - PILAR,CR,Commercial - Regular,12000.0
raw,"RDO No. 93A - Zamboanga City and RDO No. 93B - Zamboanga, Sibugay.",,,,ZAMBOANGA DEL SUR,ZAMBOANGA CITY,POBLACION  (ZONE 4),CERVANTES ST,GEN. V.ALVAREZ ST - PILAR,RR,Residential - Regular,8050.0
raw,"RDO No. 93A - Zamboanga City and RDO No. 93B - Zamboanga, Sibugay.",,,,ZAMBOANGA DEL SUR,ZAMBOANGA CITY,POBLACION  (ZONE 4),CERVANTES ST,GEN. V.ALVAREZ ST - PILAR,CR,Commercial - Regular,6100.0
raw,"RDO No. 93A - Zamboanga City and RDO No. 93B - Zamboanga, Sibugay.",,,,ZAMBOANGA DEL SUR,ZAMBOANGA CITY,POBLACION  (ZONE 4),CERVANTES ST,GEN. V.ALVAREZ ST - PILAR,RR,Residential - Regular,5100.0
raw,"RDO No. 93A - Zamboanga City and RDO No. 93B - Zamboanga, Sibugay.",,,,ZAMBOANGA DEL SUR,ZAMBOANGA CITY,POBLACION  (ZONE 4),CERVANTES ST,GEN. V.ALVAREZ ST - PILAR,CR,Commercial - Regular,1400.0
raw,"RDO No. 93A - Zamboanga City and RDO No. 93B - Zamboanga, Sibugay.",,,,ZAMBOANGA DEL SUR,ZAMBOANGA CITY,POBLACION  (ZONE 4),CERVANTES ST,GEN. V.ALVAREZ ST - PILAR,RR,Residential - Regular,1000.0
raw,"RDO No. 93A - Zamboanga City and RDO No. 93B - Zamboanga, Sibugay.",,2010-08-06,,ZAMBOANGA DEL SUR,ZAMBOANGA CITY,POBLACION  (ZONE 4),CERVANTES ST,GEN. V.ALVAREZ ST - PILAR,CR,Commercial - Regular,12000.0
raw,"RDO No. 93A - Zamboanga City and RDO No. 93B - Zamboanga, Sibugay.",,2010-08-06,,ZAMBOANGA DEL SUR,ZAMBOANGA CITY,POBLACION  (ZONE 4),CERVANTES ST,GEN. V.ALVAREZ ST - PILAR,RR,Residential - Regular,8050.0
raw,"RDO No. 93A - Zamboanga City and RDO No. 93B - Zamboanga, Sibugay.",,1995-12-25,,ZAMBOANGA DEL SUR,ZAMBOANGA CITY,POBLACION  (ZONE 4),CERVANTES ST,GEN. V.ALVAREZ ST - PILAR,CR,Commercial - Regular,6100.0
raw,"RDO No. 93A - Zamboanga City and RDO No. 93B - Zamboanga, Sibugay.",,1995-12-25,,ZAMBOANGA DEL SUR,ZAMBOANGA CITY,POBLACION  (ZONE 4),CERVANTES ST,GEN. V.ALVAREZ ST - PILAR,RR,Residential - Regular,5100.0
raw,"RDO No. 93A - Zamboanga City and RDO No. 93B - Zamboanga, Sibugay.",,1990-01-02,,ZAMBOANGA DEL SUR,ZAMBOANGA CITY,POBLACION  (ZONE 4),CERVANTES ST,GEN. V.ALVAREZ ST - PILAR,CR,Commercial - Regular,1400.0
raw,"RDO No. 93A - Zamboanga City and RDO No. 93B - Zamboanga, Sibugay.",,1990-01-02,,ZAMBOANGA DEL SUR,ZAMBOANGA CITY,POBLACION  (ZONE 4),CERVANTES ST,GEN. V.ALVAREZ ST - PILAR,RR,Residential - Regular,1000.0
raw,"RDO No. 93A - Zamboanga City and RDO No. 93B - Zamboanga, Sibugay.",,,,ZAMBOANGA DEL SUR,ZAMBOANGA CITY,POBLACION  (ZONE 4),CLAVERIA ST,GOV. ALVAREZ - PILAR ST,CR,Commercial - Regular,12000.0
raw,"RDO No. 93A - Zamboanga City and RDO No. 93B - Zamboanga, Sibugay.",,,,ZAMBOANGA DEL SUR,ZAMBOANGA CITY,POBLACION  (ZONE 4),CLAVERIA ST,GOV. ALVAREZ - PILAR ST,RR,Residential - Regular,8050.0
raw,"RDO No. 93A - Zamboanga City and RDO No. 93B - Zamboanga, Sibugay.",,,,ZAMBOANGA DEL SUR,ZAMBOANGA CITY,POBLACION  (ZONE 4),CLAVERIA ST,GOV. ALVAREZ - PILAR ST,CR,Commercial - Regular,6100.0
raw,"RDO No. 93A - Zamboanga City and RDO No. 93B - Zamboanga, Sibugay.",,,,ZAMBOANGA DEL SUR,ZAMBOANGA CITY,POBLACION  (ZONE 4),CLAVERIA ST,GOV. ALVAREZ - PILAR ST,RR,Residential - Regular,5100.0
raw,"RDO No. 93A - Zamboanga City and RDO No. 93B - Zamboanga, Sibugay.",,,,ZAMBOANGA DEL SUR,ZAMBOANGA CITY,POBLACION  (ZONE 4),CLAVERIA ST,GOV. ALVAREZ - PILAR ST,CR,Commercial - Regular,1400.0
raw,"RDO No. 93A - Zamboanga City and RDO No. 93B - Zamboanga, Sibugay.",,,,ZAMBOANGA DEL SUR,ZAMBOANGA CITY,POBLACION  (ZONE 4),CLAVERIA ST,GOV. ALVAREZ - PILAR ST,RR,Residential - Regular,1000.0
raw,"RDO No. 93A - Zamboanga City and RDO No. 93B - Zamboanga, Sibugay.",,2010-08-06,,ZAMBOANGA DEL SUR,ZAMBOANGA CITY,POBLACION  (ZONE 4),CLAVERIA ST,GOV. ALVAREZ - PILAR ST,CR,Commercial - Regular,12000.0
raw,"RDO No. 93A - Zamboanga City and RDO No. 93B - Zamboanga, Sibugay.",,2010-08-06,,ZAMBOANGA DEL SUR,ZAMBOANGA CITY,POBLACION  (ZONE 4),CLAVERIA ST,GOV. ALVAREZ - PILAR ST,RR,Residential - Regular,8050.0
raw,"RDO No. 93A - Zamboanga City and RDO No. 93B - Zamboanga, Sibugay.",,1995-12-25,,ZAMBOANGA DEL SUR,ZAMBOANGA CITY,POBLACION  (ZONE 4),CLAVERIA ST,GOV. ALVAREZ - PILAR ST,CR,Commercial - Regular,6100.0
raw,"RDO No. 93A - Zamboanga City and RDO No. 93B - Zamboanga, Sibugay.",,1995-12-25,,ZAMBOANGA DEL SUR,ZAMBOANGA CITY,POBLACION  (ZONE 4),CLAVERIA ST,GOV. ALVAREZ - PILAR ST,RR,Residential - Regular,5100.0
raw,"RDO No. 93A - Zamboanga City and RDO No. 93B - Zamboanga, Sibugay.",,1990-01-02,,ZAMBOANGA DEL SUR,ZAMBOANGA CITY,POBLACION  (ZONE 4),CLAVERIA ST,GOV. ALVAREZ - PILAR ST,CR,Commercial - Regular,1400.0
raw,"RDO No. 93A - Zamboanga City and RDO No. 93B - Zamboanga, Sibugay.",,1990-01-02,,ZAMBOANGA DEL SUR,ZAMBOANGA CITY,POBLACION  (ZONE 4),CLAVERIA ST,GOV. ALVAREZ - PILAR ST,RR,Residential - Regular,1000.0
raw,"RDO No. 93A - Zamboanga City and RDO No. 93B - Zamboanga, Sibugay.",,,,ZAMBOANGA DEL SUR,ZAMBOANGA CITY,POBLACION  (ZONE 4),CLIMACO AVE,GOV. LIM AVE - J.S. ALANO,CR,Commercial - Regular,14850.0
raw,"RDO No. 93A - Zamboanga City and RDO No. 93B - Zamboanga, Sibugay.",,,,ZAMBOANGA DEL SUR,ZAMBOANGA CITY,POBLACION  (ZONE 4),CLIMACO AVE,GOV. LIM AVE - J.S. ALANO,CR,Commercial - Regular,8000.0
raw,"RDO No. 93A - Zamboanga City and RDO No. 93B - Zamboanga, Sibugay.",,,,ZAMBOANGA DEL SUR,ZAMBOANGA CITY,POBLACION  (ZONE 4),CLIMACO AVE,GOV. LIM AVE - J.S. ALANO,CR,Commercial - Regular,2250.0
raw,"RDO No. 93A - Zamboanga City and RDO No. 93B - Zamboanga, Sibugay.",,2010-08-06,,ZAMBOANGA DEL SUR,ZAMBOANGA CITY,POBLACION  (ZONE 4),CLIMACO AVE,GOV. LIM AVE - J.S. ALANO,CR,Commercial - Regular,14850.0
raw,"RDO No. 93A - Zamboanga City and RDO No. 93B - Zamboanga, Sibugay.",,1995-12-25,,ZAMBOANGA DEL SUR,ZAMBOANGA CITY,POBLACION  (ZONE 4),CLIMACO AVE,GOV. LIM AVE - J.S. ALANO,CR,Commercial - Regular,8000.0
raw,"RDO No. 93A - Zamboanga City and RDO No. 93B - Zamboanga, Sibugay.",,1990-01-02,,ZAMBOANGA DEL SUR,ZAMBOANGA CITY,POBLACION  (ZONE 4),CLIMACO AVE,GOV. LIM AVE - J.S. ALANO,CR,Commercial - Regular,2250.0
raw,"RDO No. 93A - Zamboanga City and RDO No. 93B - Zamboanga, Sibugay.",,,,ZAMBOANGA DEL SUR,ZAMBOANGA CITY,POBLACION  (ZONE 4),CORCUERA SR,PORT AREA - PILAR ST,CR,Commercial - Regular,12140.0
raw,"RDO No. 93A - Zamboanga City and RDO No. 93B - Zamboanga, Sibugay.",,,,ZAMBOANGA DEL SUR,ZAMBOANGA CITY,POBLACION  (ZONE 4),CORCUERA SR,PORT AREA - PILAR ST,RR,Residential - Regular,9000.0
raw,"RDO No. 93A - Zamboanga City and RDO No. 93B - Zamboanga, Sibugay.",,,,ZAMBOANGA DEL SUR,ZAMBOANGA CITY,POBLACION  (ZONE 4),CORCUERA SR,PORT AREA - PILAR ST,CR,Commercial - Regular,6800.0
raw,"RDO No. 93A - Zamboanga City and RDO No. 93B - Zamboanga, Sibugay.",,,,ZAMBOANGA DEL SUR,ZAMBOANGA CITY,POBLACION  (ZONE 4),CORCUERA SR,PORT AREA - PILAR ST,RR,Residential - Regular,5800.0
raw,"RDO No. 93A - Zamboanga City and RDO No. 93B - Zamboanga, Sibugay.",,,,ZAMBOANGA DEL SUR,ZAMBOANGA CITY,POBLACION  (ZONE 4),CORCUERA SR,PORT AREA - PILAR ST,CR,Commercial - Regular,1400.0
raw,"RDO No. 93A - Zamboanga City and RDO No. 93B - Zamboanga, Sibugay.",,,,ZAMBOANGA DEL SUR,ZAMBOANGA CITY,POBLACION  (ZONE 4),CORCUERA SR,PORT AREA - PILAR ST,RR,Residential - Regular,1000.0
raw,"RDO No. 93A - Zamboanga City and RDO No. 93B - Zamboanga, Sibugay.",,2010-08-06,,ZAMBOANGA DEL SUR,ZAMBOANGA CITY,POBLACION  (ZONE 4),CORCUERA SR,PORT AREA - PILAR ST,CR,Commercial - Regular,12140.0
raw,"RDO No. 93A - Zamboanga City and RDO No. 93B - Zamboanga, Sibugay.",,2010-08-06,,ZAMBOANGA DEL SUR,ZAMBOANGA CITY,POBLACION  (ZONE 4),CORCUERA SR,PORT AREA - PILAR ST,RR,Residential - Regular,9000.0
raw,"RDO No. 93A - Zamboanga City and RDO No. 93B - Zamboanga, Sibugay.",,1995-12-25,,ZAMBOANGA DEL SUR,ZAMBOANGA CITY,POBLACION  (ZONE 4),CORCUERA SR,PORT AREA - PILAR ST,CR,Commercial - Regular,6800.0
raw,"RDO No. 93A - Zamboanga City and RDO No. 93B - Zamboanga, Sibugay.",,1995-12-25,,ZAMBOANGA DEL SUR,ZAMBOANGA CITY,POBLACION  (ZONE 4),CORCUERA SR,PORT AREA - PILAR ST,RR,Residential - Regular,5800.0
raw,"RDO No. 93A - Zamboanga City and RDO No. 93B - Zamboanga, Sibugay.",,1990-01-02,,ZAMBOANGA DEL SUR,ZAMBOANGA CITY,POBLACION  (ZONE 4),CORCUERA SR,PORT AREA - PILAR ST,CR,Commercial - Regular,1400.0
raw,"RDO No. 93A - Zamboanga City and RDO No. 93B - Zamboanga, Sibugay.",,1990-01-02,,ZAMBOANGA DEL SUR,ZAMBOANGA CITY,POBLACION  (ZONE 4),CORCUERA SR,PORT AREA - PILAR ST,RR,Residential - Regular,1000.0
raw,"RDO No. 93A - Zamboanga City and RDO No. 93B - Zamboanga, Sibugay.",,,,ZAMBOANGA DEL SUR,ZAMBOANGA CITY,POBLACION  (ZONE 4),GEN V. ALVAREZ ST,P. LORENZO - VETERANS,CR,Commercial - Regular,1400.0
raw,"RDO No. 93A - Zamboanga City and RDO No. 93B - Zamboanga, Sibugay.",,,,ZAMBOANGA DEL SUR,ZAMBOANGA CITY,POBLACION  (ZONE 4),GEN V. ALVAREZ ST,P. LORENZO - VETERANS,RR,Residential - Regular,1000.0
raw,"RDO No. 93A - Zamboanga City and RDO No. 93B - Zamboanga, Sibugay.",,,,ZAMBOANGA DEL SUR,ZAMBOANGA CITY,POBLACION  (ZONE 4),GEN V. ALVAREZ ST,P. LORENZO - VETERANS,X,Special / Other,1400.0
raw,"RDO No. 93A - Zamboanga City and RDO No. 93B - Zamboanga, Sibugay.",,1990-01-02,,ZAMBOANGA DEL SUR,ZAMBOANGA CITY,POBLACION  (ZONE 4),GEN V. ALVAREZ ST,P. LORENZO - VETERANS,CR,Commercial - Regular,1400.0
raw,"RDO No. 93A - Zamboanga City and RDO No. 93B - Zamboanga, Sibugay.",,1990-01-02,,ZAMBOANGA DEL SUR,ZAMBOANGA CITY,POBLACION  (ZONE 4),GEN V. ALVAREZ ST,P. LORENZO - VETERANS,RR,Residential - Regular,1000.0
raw,"RDO No. 93A - Zamboanga City and RDO No. 93B - Zamboanga, Sibugay.",,1990-01-02,,ZAMBOANGA DEL SUR,ZAMBOANGA CITY,POBLACION  (ZONE 4),GEN V. ALVAREZ ST,P. LORENZO - VETERANS,X,Special / Other,1400.0
raw,"RDO No. 93A - Zamboanga City and RDO No. 93B - Zamboanga, Sibugay.",,,,ZAMBOANGA DEL SUR,ZAMBOANGA CITY,POBLACION  (ZONE 4),GEN. V. ALVAREZ,P. LORENZO - VETERANS,CR,Commercial - Regular,12140.0
raw,"RDO No. 93A - Zamboanga City and RDO No. 93B - Zamboanga, Sibugay.",,,,ZAMBOANGA DEL SUR,ZAMBOANGA CITY,POBLACION  (ZONE 4),GEN. V. ALVAREZ,P. LORENZO - VETERANS,RR,Residential - Regular,7950.0
raw,"RDO No. 93A - Zamboanga City and RDO No. 93B - Zamboanga, Sibugay.",,,,ZAMBOANGA DEL SUR,ZAMBOANGA CITY,POBLACION  (ZONE 4),GEN. V. ALVAREZ,P. LORENZO - VETERANS,X,Special / Other,12140.0
raw,"RDO No. 93A - Zamboanga City and RDO No. 93B - Zamboanga, Sibugay.",,2010-08-06,,ZAMBOANGA DEL SUR,ZAMBOANGA CITY,POBLACION  (ZONE 4),GEN. V. ALVAREZ,P. LORENZO - VETERANS,CR,Commercial - Regular,12140.0
raw,"RDO No. 93A - Zamboanga City and RDO No. 93B - Zamboanga, Sibugay.",,2010-08-06,,ZAMBOANGA DEL SUR,ZAMBOANGA CITY,POBLACION  (ZONE 4),GEN. V. ALVAREZ,P. LORENZO - VETERANS,RR,Residential - Regular,7950.0
raw,"RDO No. 93A - Zamboanga City and RDO No. 93B - Zamboanga, Sibugay.",,2010-08-06,,ZAMBOANGA DEL SUR,ZAMBOANGA CITY,POBLACION  (ZONE 4),GEN. V. ALVAREZ,P. LORENZO - VETERANS,X,Special / Other,12140.0
raw,"RDO No. 93A - Zamboanga City and RDO No. 93B - Zamboanga, Sibugay.",,,,ZAMBOANGA DEL SUR,ZAMBOANGA CITY,POBLACION  (ZONE 4),GOV. ALVAREZ,P. LORENZO - VETERANS,CR,Commercial - Regular,6800.0
raw,"RDO No. 93A - Zamboanga City and RDO No. 93B - Zamboanga, Sibugay.",,,,ZAMBOANGA DEL SUR,ZAMBOANGA CITY,POBLACION  (ZONE 4),GOV. ALVAREZ,P. LORENZO - VETERANS,RR,Residential - Regular,5100.0
raw,"RDO No. 93A - Zamboanga City and RDO No. 93B - Zamboanga, Sibugay.",,,,ZAMBOANGA DEL SUR,ZAMBOANGA CITY,POBLACION  (ZONE 4),GOV. ALVAREZ,P. LORENZO - VETERANS,X,Special / Other,6100.0
raw,"RDO No. 93A - Zamboanga City and RDO No. 93B - Zamboanga, Sibugay.",,1995-12-25,,ZAMBOANGA DEL SUR,ZAMBOANGA CITY,POBLACION  (ZONE 4),GOV. ALVAREZ,P. LORENZO - VETERANS,CR,Commercial - Regular,6800.0
raw,"RDO No. 93A - Zamboanga City and RDO No. 93B - Zamboanga, Sibugay.",,1995-12-25,,ZAMBOANGA DEL SUR,ZAMBOANGA CITY,POBLACION  (ZONE 4),GOV. ALVAREZ,P. LORENZO - VETERANS,RR,Residential - Regular,5100.0
raw,"RDO No. 93A - Zamboanga City and RDO No. 93B - Zamboanga, Sibugay.",,1995-12-25,,ZAMBOANGA DEL SUR,ZAMBOANGA CITY,POBLACION  (ZONE 4),GOV. ALVAREZ,P. LORENZO - VETERANS,X,Special / Other,6100.0
raw,"RDO No. 93A - Zamboanga City and RDO No. 93B - Zamboanga, Sibugay.",,,,ZAMBOANGA DEL SUR,ZAMBOANGA CITY,POBLACION  (ZONE 4),GOV. LIM AVE,LA PURISIMA - VETERANS,CR,Commercial - Regular,15140.0
raw,"RDO No. 93A - Zamboanga City and RDO No. 93B - Zamboanga, Sibugay.",,,,ZAMBOANGA DEL SUR,ZAMBOANGA CITY,POBLACION  (ZONE 4),GOV. LIM AVE,LA PURISIMA - VETERANS,X,Special / Other,15140.0
raw,"RDO No. 93A - Zamboanga City and RDO No. 93B - Zamboanga, Sibugay.",,,,ZAMBOANGA DEL SUR,ZAMBOANGA CITY,POBLACION  (ZONE 4),GOV. LIM AVE,LA PURISIMA - VETERANS,CR,Commercial - Regular,8800.0
raw,"RDO No. 93A - Zamboanga City and RDO No. 93B - Zamboanga, Sibugay.",,,,ZAMBOANGA DEL SUR,ZAMBOANGA CITY,POBLACION  (ZONE 4),GOV. LIM AVE,LA PURISIMA - VETERANS,X,Special / Other,8800.0
raw,"RDO No. 93A - Zamboanga City and RDO No. 93B - Zamboanga, Sibugay.",,,,ZAMBOANGA DEL SUR,ZAMBOANGA CITY,POBLACION  (ZONE 4),GOV. LIM AVE,LA PURISIMA - VETERANS,CR,Commercial - Regular,2250.0
raw,"RDO No. 93A - Zamboanga City and RDO No. 93B - Zamboanga, Sibugay.",,,,ZAMBOANGA DEL SUR,ZAMBOANGA CITY,POBLACION  (ZONE 4),GOV. LIM AVE,LA PURISIMA - VETERANS,X,Special / Other,2250.0
raw,"RDO No. 93A - Zamboanga City and RDO No. 93B - Zamboanga, Sibugay.",,2010-08-06,,ZAMBOANGA DEL SUR,ZAMBOANGA CITY,POBLACION  (ZONE 4),GOV. LIM AVE,LA PURISIMA - VETERANS,CR,Commercial - Regular,15140.0
raw,"RDO No. 93A - Zamboanga City and RDO No. 93B - Zamboanga, Sibugay.",,2010-08-06,,ZAMBOANGA DEL SUR,ZAMBOANGA CITY,POBLACION  (ZONE 4),GOV. LIM AVE,LA PURISIMA - VETERANS,X,Special / Other,15140.0
raw,"RDO No. 93A - Zamboanga City and RDO No. 93B - Zamboanga, Sibugay.",,1995-12-25,,ZAMBOANGA DEL SUR,ZAMBOANGA CITY,POBLACION  (ZONE 4),GOV. LIM AVE,LA PURISIMA - VETERANS,CR,Commercial - Regular,8800.0
raw,"RDO No. 93A - Zamboanga City and RDO No. 93B - Zamboanga, Sibugay.",,1995-12-25,,ZAMBOANGA DEL SUR,ZAMBOANGA CITY,POBLACION  (ZONE 4),GOV. LIM AVE,LA PURISIMA - VETERANS,X,Special / Other,8800.0
raw,"RDO No. 93A - Zamboanga City and RDO No. 93B - Zamboanga, Sibugay.",,1990-01-02,,ZAMBOANGA DEL SUR,ZAMBOANGA CITY,POBLACION  (ZONE 4),GOV. LIM AVE,LA PURISIMA - VETERANS,CR,Commercial - Regular,2250.0
raw,"RDO No. 93A - Zamboanga City and RDO No. 93B - Zamboanga, Sibugay.",,1990-01-02,,ZAMBOANGA DEL SUR,ZAMBOANGA CITY,POBLACION  (ZONE 4),GOV. LIM AVE,LA PURISIMA - VETERANS,X,Special / Other,2250.0
raw,"RDO No. 93A - Zamboanga City and RDO No. 93B - Zamboanga, Sibugay.",,,,ZAMBOANGA DEL SUR,ZAMBOANGA CITY,POBLACION  (ZONE 4),I. MAGNO ST,CLIMACO - P. LORENZO,CR,Commercial - Regular,15140.0
raw,"RDO No. 93A - Zamboanga City and RDO No. 93B - Zamboanga, Sibugay.",,,,ZAMBOANGA DEL SUR,ZAMBOANGA CITY,POBLACION  (ZONE 4),I. MAGNO ST,CLIMACO - P. LORENZO,CR,Commercial - Regular,8800.0
raw,"RDO No. 93A - Zamboanga City and RDO No. 93B - Zamboanga, Sibugay.",,,,ZAMBOANGA DEL SUR,ZAMBOANGA CITY,POBLACION  (ZONE 4),I. MAGNO ST,CLIMACO - P. LORENZO,CR,Commercial - Regular,2250.0
raw,"RDO No. 93A - Zamboanga City and RDO No. 93B - Zamboanga, Sibugay.",,2010-08-06,,ZAMBOANGA DEL SUR,ZAMBOANGA CITY,POBLACION  (ZONE 4),I. MAGNO ST,CLIMACO - P. LORENZO,CR,Commercial - Regular,15140.0
raw,"RDO No. 93A - Zamboanga City and RDO No. 93B - Zamboanga, Sibugay.",,1995-12-25,,ZAMBOANGA DEL SUR,ZAMBOANGA CITY,POBLACION  (ZONE 4),I. MAGNO ST,CLIMACO - P. LORENZO,CR,Commercial - Regular,8800.0
raw,"RDO No. 93A - Zamboanga City and RDO No. 93B - Zamboanga, Sibugay.",,1990-01-02,,ZAMBOANGA DEL SUR,ZAMBOANGA CITY,POBLACION  (ZONE 4),I. MAGNO ST,CLIMACO - P. LORENZO,CR,Commercial - Regular,2250.0
raw,"RDO No. 93A - Zamboanga City and RDO No. 93B - Zamboanga, Sibugay.",,,,ZAMBOANGA DEL SUR,ZAMBOANGA CITY,POBLACION  (ZONE 4),J. S. ALANO ST,GOV. LIM - DON LORENZO,CR,Commercial - Regular,16050.0
raw,"RDO No. 93A - Zamboanga City and RDO No. 93B - Zamboanga, Sibugay.",,,,ZAMBOANGA DEL SUR,ZAMBOANGA CITY,POBLACION  (ZONE 4),J. S. ALANO ST,GOV. LIM - DON LORENZO,X,Special / Other,16050.0
raw,"RDO No. 93A - Zamboanga City and RDO No. 93B - Zamboanga, Sibugay.",,,,ZAMBOANGA DEL SUR,ZAMBOANGA CITY,POBLACION  (ZONE 4),J. S. ALANO ST,GOV. LIM - DON LORENZO,CR,Commercial - Regular,8800.0
raw,"RDO No. 93A - Zamboanga City and RDO No. 93B - Zamboanga, Sibugay.",,,,ZAMBOANGA DEL SUR,ZAMBOANGA CITY,POBLACION  (ZONE 4),J. S. ALANO ST,GOV. LIM - DON LORENZO,X,Special / Other,8900.0
raw,"RDO No. 93A - Zamboanga City and RDO No. 93B - Zamboanga, Sibugay.",,,,ZAMBOANGA DEL SUR,ZAMBOANGA CITY,POBLACION  (ZONE 4),J. S. ALANO ST,GOV. LIM - DON LORENZO,CR,Commercial - Regular,2250.0
raw,"RDO No. 93A - Zamboanga City and RDO No. 93B - Zamboanga, Sibugay.",,,,ZAMBOANGA DEL SUR,ZAMBOANGA CITY,POBLACION  (ZONE 4),J. S. ALANO ST,GOV. LIM - DON LORENZO,X,Special / Other,2250.0
raw,"RDO No. 93A - Zamboanga City and RDO No. 93B - Zamboanga, Sibugay.",,2010-08-06,,ZAMBOANGA DEL SUR,ZAMBOANGA CITY,POBLACION  (ZONE 4),J. S. ALANO ST,GOV. LIM - DON LORENZO,CR,Commercial - Regular,16050.0
raw,"RDO No. 93A - Zamboanga City and RDO No. 93B - Zamboanga, Sibugay.",,2010-08-06,,ZAMBOANGA DEL SUR,ZAMBOANGA CITY,POBLACION  (ZONE 4),J. S. ALANO ST,GOV. LIM - DON LORENZO,X,Special / Other,16050.0
raw,"RDO No. 93A - Zamboanga City and RDO No. 93B - Zamboanga, Sibugay.",,1995-12-25,,ZAMBOANGA DEL SUR,ZAMBOANGA CITY,POBLACION  (ZONE 4),J. S. ALANO ST,GOV. LIM - DON LORENZO,CR,Commercial - Regular,8800.0
raw,"RDO No. 93A - Zamboanga City and RDO No. 93B - Zamboanga, Sibugay.",,1995-12-25,,ZAMBOANGA DEL SUR,ZAMBOANGA CITY,POBLACION  (ZONE 4),J. S. ALANO ST,GOV. LIM - DON LORENZO,X,Special / Other,8900.0
raw,"RDO No. 93A - Zamboanga City and RDO No. 93B - Zamboanga, Sibugay.",,1990-01-02,,ZAMBOANGA DEL SUR,ZAMBOANGA CITY,POBLACION  (ZONE 4),J. S. ALANO ST,GOV. LIM - DON LORENZO,CR,Commercial - Regular,2250.0
raw,"RDO No. 93A - Zamboanga City and RDO No. 93B - Zamboanga, Sibugay.",,1990-01-02,,ZAMBOANGA DEL SUR,ZAMBOANGA CITY,POBLACION  (ZONE 4),J. S. ALANO ST,GOV. LIM - DON LORENZO,X,Special / Other,2250.0
raw,"RDO No. 93A - Zamboanga City and RDO No. 93B - Zamboanga, Sibugay.",,,,ZAMBOANGA DEL SUR,ZAMBOANGA CITY,POBLACION  (ZONE 4),MA. CLARA ST,VALDEROSA - ZARAGOZA,CR,Commercial - Regular,16050.0
raw,"RDO No. 93A - Zamboanga City and RDO No. 93B - Zamboanga, Sibugay.",,,,ZAMBOANGA DEL SUR,ZAMBOANGA CITY,POBLACION  (ZONE 4),MA. CLARA ST,VALDEROSA - ZARAGOZA,CR,Commercial - Regular,8800.0
raw,"RDO No. 93A - Zamboanga City and RDO No. 93B - Zamboanga, Sibugay.",,,,ZAMBOANGA DEL SUR,ZAMBOANGA CITY,POBLACION  (ZONE 4),MA. CLARA ST,VALDEROSA - ZARAGOZA,CR,Commercial - Regular,2250.0
raw,"RDO No. 93A - Zamboanga City and RDO No. 93B - Zamboanga, Sibugay.",,2010-08-06,,ZAMBOANGA DEL SUR,ZAMBOANGA CITY,POBLACION  (ZONE 4),MA. CLARA ST,VALDEROSA - ZARAGOZA,CR,Commercial - Regular,16050.0
raw,"RDO No. 93A - Zamboanga City and RDO No. 93B - Zamboanga, Sibugay.",,1995-12-25,,ZAMBOANGA DEL SUR,ZAMBOANGA CITY,POBLACION  (ZONE 4),MA. CLARA ST,VALDEROSA - ZARAGOZA,CR,Commercial - Regular,8800.0
raw,"RDO No. 93A - Zamboanga City and RDO No. 93B - Zamboanga, Sibugay.",,1990-01-02,,ZAMBOANGA DEL SUR,ZAMBOANGA CITY,POBLACION  (ZONE 4),MA. CLARA ST,VALDEROSA - ZARAGOZA,CR,Commercial - Regular,2250.0
raw,"RDO No. 93A - Zamboanga City and RDO No. 93B - Zamboanga, Sibugay.",,,,ZAMBOANGA DEL SUR,ZAMBOANGA CITY,POBLACION  (ZONE 4),P. REYES ST,GOV. LIM AVE - I. MAGNO,CR,Commercial - Regular,16050.0
raw,"RDO No. 93A - Zamboanga City and RDO No. 93B - Zamboanga, Sibugay.",,,,ZAMBOANGA DEL SUR,ZAMBOANGA CITY,POBLACION  (ZONE 4),P. REYES ST,GOV. LIM AVE - I. MAGNO,CR,Commercial - Regular,8800.0
raw,"RDO No. 93A - Zamboanga City and RDO No. 93B - Zamboanga, Sibugay.",,,,ZAMBOANGA DEL SUR,ZAMBOANGA CITY,POBLACION  (ZONE 4),P. REYES ST,GOV. LIM AVE - I. MAGNO,CR,Commercial - Regular,2250.0
raw,"RDO No. 93A - Zamboanga City and RDO No. 93B - Zamboanga, Sibugay.",,2010-08-06,,ZAMBOANGA DEL SUR,ZAMBOANGA CITY,POBLACION  (ZONE 4),P. REYES ST,GOV. LIM AVE - I. MAGNO,CR,Commercial - Regular,16050.0
raw,"RDO No. 93A - Zamboanga City and RDO No. 93B - Zamboanga, Sibugay.",,1995-12-25,,ZAMBOANGA DEL SUR,ZAMBOANGA CITY,POBLACION  (ZONE 4),P. REYES ST,GOV. LIM AVE - I. MAGNO,CR,Commercial - Regular,8800.0
raw,"RDO No. 93A - Zamboanga City and RDO No. 93B - Zamboanga, Sibugay.",,1990-01-02,,ZAMBOANGA DEL SUR,ZAMBOANGA CITY,POBLACION  (ZONE 4),P. REYES ST,GOV. LIM AVE - I. MAGNO,CR,Commercial - Regular,2250.0
raw,"RDO No. 93A - Zamboanga City and RDO No. 93B - Zamboanga, Sibugay.",,,,ZAMBOANGA DEL SUR,ZAMBOANGA CITY,POBLACION  (ZONE 4),PETTIT BARRACKS,VILLALOBOS - FORT PILAR,X,Special / Other,16050.0
raw,"RDO No. 93A - Zamboanga City and RDO No. 93B - Zamboanga, Sibugay.",,,,ZAMBOANGA DEL SUR,ZAMBOANGA CITY,POBLACION  (ZONE 4),PETTIT BARRACKS,VILLALOBOS - FORT PILAR,X,Special / Other,6800.0
raw,"RDO No. 93A - Zamboanga City and RDO No. 93B - Zamboanga, Sibugay.",,,,ZAMBOANGA DEL SUR,ZAMBOANGA CITY,POBLACION  (ZONE 4),PETTIT BARRACKS,VILLALOBOS - FORT PILAR,X,Special / Other,1400.0
raw,"RDO No. 93A - Zamboanga City and RDO No. 93B - Zamboanga, Sibugay.",,2010-08-06,,ZAMBOANGA DEL SUR,ZAMBOANGA CITY,POBLACION  (ZONE 4),PETTIT BARRACKS,VILLALOBOS - FORT PILAR,X,Special / Other,16050.0
raw,"RDO No. 93A - Zamboanga City and RDO No. 93B - Zamboanga, Sibugay.",,1995-12-25,,ZAMBOANGA DEL SUR,ZAMBOANGA CITY,POBLACION  (ZONE 4),PETTIT BARRACKS,VILLALOBOS - FORT PILAR,X,Special / Other,6800.0
raw,"RDO No. 93A - Zamboanga City and RDO No. 93B - Zamboanga, Sibugay.",,1990-01-02,,ZAMBOANGA DEL SUR,ZAMBOANGA CITY,POBLACION  (ZONE 4),PETTIT BARRACKS,VILLALOBOS - FORT PILAR,X,Special / Other,1400.0
raw,"RDO No. 93A - Zamboanga City and RDO No. 93B - Zamboanga, Sibugay.",,,,ZAMBOANGA DEL SUR,ZAMBOANGA CITY,POBLACION  (ZONE 4),PILAR ST,DON LORENZO - VETERANS,CR,Commercial - Regular,18950.0
raw,"RDO No. 93A - Zamboanga City and RDO No. 93B - Zamboanga, Sibugay.",,,,ZAMBOANGA DEL SUR,ZAMBOANGA CITY,POBLACION  (ZONE 4),PILAR ST,DON LORENZO - VETERANS,RR,Residential - Regular,10500.0
raw,"RDO No. 93A - Zamboanga City and RDO No. 93B - Zamboanga, Sibugay.",,,,ZAMBOANGA DEL SUR,ZAMBOANGA CITY,POBLACION  (ZONE 4),PILAR ST,DON LORENZO - VETERANS,X,Special / Other,18950.0
raw,"RDO No. 93A - Zamboanga City and RDO No. 93B - Zamboanga, Sibugay.",,,,ZAMBOANGA DEL SUR,ZAMBOANGA CITY,POBLACION  (ZONE 4),PILAR ST,DON LORENZO - VETERANS,CR,Commercial - Regular,7800.0
raw,"RDO No. 93A - Zamboanga City and RDO No. 93B - Zamboanga, Sibugay.",,,,ZAMBOANGA DEL SUR,ZAMBOANGA CITY,POBLACION  (ZONE 4),PILAR ST,DON LORENZO - VETERANS,RR,Residential - Regular,6800.0
raw,"RDO No. 93A - Zamboanga City and RDO No. 93B - Zamboanga, Sibugay.",,,,ZAMBOANGA DEL SUR,ZAMBOANGA CITY,POBLACION  (ZONE 4),PILAR ST,DON LORENZO - VETERANS,X,Special / Other,8800.0
raw,"RDO No. 93A - Zamboanga City and RDO No. 93B - Zamboanga, Sibugay.",,,,ZAMBOANGA DEL SUR,ZAMBOANGA CITY,POBLACION  (ZONE 4),PILAR ST,DON LORENZO - VETERANS,CR,Commercial - Regular,2000.0
raw,"RDO No. 93A - Zamboanga City and RDO No. 93B - Zamboanga, Sibugay.",,,,ZAMBOANGA DEL SUR,ZAMBOANGA CITY,POBLACION  (ZONE 4),PILAR ST,DON LORENZO - VETERANS,RR,Residential - Regular,1400.0
raw,"RDO No. 93A - Zamboanga City and RDO No. 93B - Zamboanga, Sibugay.",,,,ZAMBOANGA DEL SUR,ZAMBOANGA CITY,POBLACION  (ZONE 4),PILAR ST,DON LORENZO - VETERANS,X,Special / Other,2250.0
raw,"RDO No. 93A - Zamboanga City and RDO No. 93B - Zamboanga, Sibugay.",,2010-08-06,,ZAMBOANGA DEL SUR,ZAMBOANGA CITY,POBLACION  (ZONE 4),PILAR ST,DON LORENZO - VETERANS,CR,Commercial - Regular,18950.0
raw,"RDO No. 93A - Zamboanga City and RDO No. 93B - Zamboanga, Sibugay.",,2010-08-06,,ZAMBOANGA DEL SUR,ZAMBOANGA CITY,POBLACION  (ZONE 4),PILAR ST,DON LORENZO - VETERANS,RR,Residential - Regular,10500.0
raw,"RDO No. 93A - Zamboanga City and RDO No. 93B - Zamboanga, Sibugay.",,2010-08-06,,ZAMBOANGA DEL SUR,ZAMBOANGA CITY,POBLACION  (ZONE 4),PILAR ST,DON LORENZO - VETERANS,X,Special / Other,18950.0
raw,"RDO No. 93A - Zamboanga City and RDO No. 93B - Zamboanga, Sibugay.",,1995-12-25,,ZAMBOANGA DEL SUR,ZAMBOANGA CITY,POBLACION  (ZONE 4),PILAR ST,DON LORENZO - VETERANS,CR,Commercial - Regular,7800.0
raw,"RDO No. 93A - Zamboanga City and RDO No. 93B - Zamboanga, Sibugay.",,1995-12-25,,ZAMBOANGA DEL SUR,ZAMBOANGA CITY,POBLACION  (ZONE 4),PILAR ST,DON LORENZO - VETERANS,RR,Residential - Regular,6800.0
raw,"RDO No. 93A - Zamboanga City and RDO No. 93B - Zamboanga, Sibugay.",,1995-12-25,,ZAMBOANGA DEL SUR,ZAMBOANGA CITY,POBLACION  (ZONE 4),PILAR ST,DON LORENZO - VETERANS,X,Special / Other,8800.0
raw,"RDO No. 93A - Zamboanga City and RDO No. 93B - Zamboanga, Sibugay.",,1990-01-02,,ZAMBOANGA DEL SUR,ZAMBOANGA CITY,POBLACION  (ZONE 4),PILAR ST,DON LORENZO - VETERANS,CR,Commercial - Regular,2000.0
raw,"RDO No. 93A - Zamboanga City and RDO No. 93B - Zamboanga, Sibugay.",,1990-01-02,,ZAMBOANGA DEL SUR,ZAMBOANGA CITY,POBLACION  (ZONE 4),PILAR ST,DON LORENZO - VETERANS,RR,Residential - Regular,1400.0
raw,"RDO No. 93A - Zamboanga City and RDO No. 93B - Zamboanga, Sibugay.",,1990-01-02,,ZAMBOANGA DEL SUR,ZAMBOANGA CITY,POBLACION  (ZONE 4),PILAR ST,DON LORENZO - VETERANS,X,Special / Other,2250.0
raw,"RDO No. 93A - Zamboanga City and RDO No. 93B - Zamboanga, Sibugay.",,,,ZAMBOANGA DEL SUR,ZAMBOANGA CITY,POBLACION  (ZONE 4),R. SOLIMAN ST,CLIMACO - PUBLIC MARKET,CR,Commercial - Regular,14090.0
raw,"RDO No. 93A - Zamboanga City and RDO No. 93B - Zamboanga, Sibugay.",,,,ZAMBOANGA DEL SUR,ZAMBOANGA CITY,POBLACION  (ZONE 4),R. SOLIMAN ST,CLIMACO - PUBLIC MARKET,CR,Commercial - Regular,8100.0
raw,"RDO No. 93A - Zamboanga City and RDO No. 93B - Zamboanga, Sibugay.",,2010-08-06,,ZAMBOANGA DEL SUR,ZAMBOANGA CITY,POBLACION  (ZONE 4),R. SOLIMAN ST,CLIMACO - PUBLIC MARKET,CR,Commercial - Regular,14090.0
raw,"RDO No. 93A - Zamboanga City and RDO No. 93B - Zamboanga, Sibugay.",,1995-12-25,,ZAMBOANGA DEL SUR,ZAMBOANGA CITY,POBLACION  (ZONE 4),R. SOLIMAN ST,CLIMACO - PUBLIC MARKET,CR,Commercial - Regular,8100.0
raw,"RDO No. 93A - Zamboanga City and RDO No. 93B - Zamboanga, Sibugay.",,,,ZAMBOANGA DEL SUR,ZAMBOANGA CITY,POBLACION  (ZONE 4),R. SOLIRAN ST,CLIMACO - PUBLIC MARKET,CR,Commercial - Regular,2250.0
raw,"RDO No. 93A - Zamboanga City and RDO No. 93B - Zamboanga, Sibugay.",,1990-01-02,,ZAMBOANGA DEL SUR,ZAMBOANGA CITY,POBLACION  (ZONE 4),R. SOLIRAN ST,CLIMACO - PUBLIC MARKET,CR,Commercial - Regular,2250.0
raw,"RDO No. 93A - Zamboanga City and RDO No. 93B - Zamboanga, Sibugay.",,,,ZAMBOANGA DEL SUR,ZAMBOANGA CITY,POBLACION  (ZONE 4),RIZAL ST,MA. CLARA - VILLALOBOS,CR,Commercial - Regular,13640.0
raw,"RDO No. 93A - Zamboanga City and RDO No. 93B - Zamboanga, Sibugay.",,,,ZAMBOANGA DEL SUR,ZAMBOANGA CITY,POBLACION  (ZONE 4),RIZAL ST,MA. CLARA - VILLALOBOS,X,Special / Other,13640.0
raw,"RDO No. 93A - Zamboanga City and RDO No. 93B - Zamboanga, Sibugay.",,,,ZAMBOANGA DEL SUR,ZAMBOANGA CITY,POBLACION  (ZONE 4),RIZAL ST,MA. CLARA - VILLALOBOS,CR,Commercial - Regular,7800.0
raw,"RDO No. 93A - Zamboanga City and RDO No. 93B - Zamboanga, Sibugay.",,,,ZAMBOANGA DEL SUR,ZAMBOANGA CITY,POBLACION  (ZONE 4),RIZAL ST,MA. CLARA - VILLALOBOS,X,Special / Other,6800.0
raw,"RDO No. 93A - Zamboanga City and RDO No. 93B - Zamboanga, Sibugay.",,,,ZAMBOANGA DEL SUR,ZAMBOANGA CITY,POBLACION  (ZONE 4),RIZAL ST,MA. CLARA - VILLALOBOS,CR,Commercial - Regular,2000.0
raw,"RDO No. 93A - Zamboanga City and RDO No. 93B - Zamboanga, Sibugay.",,,,ZAMBOANGA DEL SUR,ZAMBOANGA CITY,POBLACION  (ZONE 4),RIZAL ST,MA. CLARA - VILLALOBOS,X,Special / Other,1400.0
raw,"RDO No. 93A - Zamboanga City and RDO No. 93B - Zamboanga, Sibugay.",,2010-08-06,,ZAMBOANGA DEL SUR,ZAMBOANGA CITY,POBLACION  (ZONE 4),RIZAL ST,MA. CLARA - VILLALOBOS,CR,Commercial - Regular,13640.0
raw,"RDO No. 93A - Zamboanga City and RDO No. 93B - Zamboanga, Sibugay.",,2010-08-06,,ZAMBOANGA DEL SUR,ZAMBOANGA CITY,POBLACION  (ZONE 4),RIZAL ST,MA. CLARA - VILLALOBOS,X,Special / Other,13640.0
raw,"RDO No. 93A - Zamboanga City and RDO No. 93B - Zamboanga, Sibugay.",,1995-12-25,,ZAMBOANGA DEL SUR,ZAMBOANGA CITY,POBLACION  (ZONE 4),RIZAL ST,MA. CLARA - VILLALOBOS,CR,Commercial - Regular,7800.0
raw,"RDO No. 93A - Zamboanga City and RDO No. 93B - Zamboanga, Sibugay.",,1995-12-25,,ZAMBOANGA DEL SUR,ZAMBOANGA CITY,POBLACION  (ZONE 4),RIZAL ST,MA. CLARA - VILLALOBOS,X,Special / Other,6800.0
raw,"RDO No. 93A - Zamboanga City and RDO No. 93B - Zamboanga, Sibugay.",,1990-01-02,,ZAMBOANGA DEL SUR,ZAMBOANGA CITY,POBLACION  (ZONE 4),RIZAL ST,MA. CLARA - VILLALOBOS,CR,Commercial - Regular,2000.0
raw,"RDO No. 93A - Zamboanga City and RDO No. 93B - Zamboanga, Sibugay.",,1990-01-02,,ZAMBOANGA DEL SUR,ZAMBOANGA CITY,POBLACION  (ZONE 4),RIZAL ST,MA. CLARA - VILLALOBOS,X,Special / Other,1400.0
raw,"RDO No. 93A - Zamboanga City and RDO No. 93B - Zamboanga, Sibugay.",,,,ZAMBOANGA DEL SUR,ZAMBOANGA CITY,POBLACION  (ZONE 4),SAN JOSE PANIGAYAN,P. LORENZO - CERVANTES,CR,Commercial - Regular,12140.0
raw,"RDO No. 93A - Zamboanga City and RDO No. 93B - Zamboanga, Sibugay.",,,,ZAMBOANGA DEL SUR,ZAMBOANGA CITY,POBLACION  (ZONE 4),SAN JOSE PANIGAYAN,P. LORENZO - CERVANTES,RR,Residential - Regular,9000.0
raw,"RDO No. 93A - Zamboanga City and RDO No. 93B - Zamboanga, Sibugay.",,,,ZAMBOANGA DEL SUR,ZAMBOANGA CITY,POBLACION  (ZONE 4),SAN JOSE PANIGAYAN,P. LORENZO - CERVANTES,CR,Commercial - Regular,6800.0
raw,"RDO No. 93A - Zamboanga City and RDO No. 93B - Zamboanga, Sibugay.",,,,ZAMBOANGA DEL SUR,ZAMBOANGA CITY,POBLACION  (ZONE 4),SAN JOSE PANIGAYAN,P. LORENZO - CERVANTES,RR,Residential - Regular,5800.0
raw,"RDO No. 93A - Zamboanga City and RDO No. 93B - Zamboanga, Sibugay.",,,,ZAMBOANGA DEL SUR,ZAMBOANGA CITY,POBLACION  (ZONE 4),SAN JOSE PANIGAYAN,P. LORENZO - CERVANTES,CR,Commercial - Regular,1400.0
raw,"RDO No. 93A - Zamboanga City and RDO No. 93B - Zamboanga, Sibugay.",,,,ZAMBOANGA DEL SUR,ZAMBOANGA CITY,POBLACION  (ZONE 4),SAN JOSE PANIGAYAN,P. LORENZO - CERVANTES,RR,Residential - Regular,1000.0
raw,"RDO No. 93A - Zamboanga City and RDO No. 93B - Zamboanga, Sibugay.",,2010-08-06,,ZAMBOANGA DEL SUR,ZAMBOANGA CITY,POBLACION  (ZONE 4),SAN JOSE PANIGAYAN,P. LORENZO - CERVANTES,CR,Commercial - Regular,12140.0
raw,"RDO No. 93A - Zamboanga City and RDO No. 93B - Zamboanga, Sibugay.",,2010-08-06,,ZAMBOANGA DEL SUR,ZAMBOANGA CITY,POBLACION  (ZONE 4),SAN JOSE PANIGAYAN,P. LORENZO - CERVANTES,RR,Residential - Regular,9000.0
raw,"RDO No. 93A - Zamboanga City and RDO No. 93B - Zamboanga, Sibugay.",,1995-12-25,,ZAMBOANGA DEL SUR,ZAMBOANGA CITY,POBLACION  (ZONE 4),SAN JOSE PANIGAYAN,P. LORENZO - CERVANTES,CR,Commercial - Regular,6800.0
raw,"RDO No. 93A - Zamboanga City and RDO No. 93B - Zamboanga, Sibugay.",,1995-12-25,,ZAMBOANGA DEL SUR,ZAMBOANGA CITY,POBLACION  (ZONE 4),SAN JOSE PANIGAYAN,P. LORENZO - CERVANTES,RR,Residential - Regular,5800.0
raw,"RDO No. 93A - Zamboanga City and RDO No. 93B - Zamboanga, Sibugay.",,1990-01-02,,ZAMBOANGA DEL SUR,ZAMBOANGA CITY,POBLACION  (ZONE 4),SAN JOSE PANIGAYAN,P. LORENZO - CERVANTES,CR,Commercial - Regular,1400.0
raw,"RDO No. 93A - Zamboanga City and RDO No. 93B - Zamboanga, Sibugay.",,1990-01-02,,ZAMBOANGA DEL SUR,ZAMBOANGA CITY,POBLACION  (ZONE 4),SAN JOSE PANIGAYAN,P. LORENZO - CERVANTES,RR,Residential - Regular,1000.0
raw,"RDO No. 93A - Zamboanga City and RDO No. 93B - Zamboanga, Sibugay.",,,,ZAMBOANGA DEL SUR,ZAMBOANGA CITY,POBLACION  (ZONE 4),URDANETA ST,GOV. LIM AVE - I. MAGNO,CR,Commercial - Regular,13050.0
raw,"RDO No. 93A - Zamboanga City and RDO No. 93B - Zamboanga, Sibugay.",,,,ZAMBOANGA DEL SUR,ZAMBOANGA CITY,POBLACION  (ZONE 4),URDANETA ST,GOV. LIM AVE - I. MAGNO,CR,Commercial - Regular,6800.0
raw,"RDO No. 93A - Zamboanga City and RDO No. 93B - Zamboanga, Sibugay.",,,,ZAMBOANGA DEL SUR,ZAMBOANGA CITY,POBLACION  (ZONE 4),URDANETA ST,GOV. LIM AVE - I. MAGNO,CR,Commercial - Regular,2250.0
raw,"RDO No. 93A - Zamboanga City and RDO No. 93B - Zamboanga, Sibugay.",,2010-08-06,,ZAMBOANGA DEL SUR,ZAMBOANGA CITY,POBLACION  (ZONE 4),URDANETA ST,GOV. LIM AVE - I. MAGNO,CR,Commercial - Regular,13050.0
raw,"RDO No. 93A - Zamboanga City and RDO No. 93B - Zamboanga, Sibugay.",,1995-12-25,,ZAMBOANGA DEL SUR,ZAMBOANGA CITY,POBLACION  (ZONE 4),URDANETA ST,GOV. LIM AVE - I. MAGNO,CR,Commercial - Regular,6800.0
raw,"RDO No. 93A - Zamboanga City and RDO No. 93B - Zamboanga, Sibugay.",,1990-01-02,,ZAMBOANGA DEL SUR,ZAMBOANGA CITY,POBLACION  (ZONE 4),URDANETA ST,GOV. LIM AVE - I. MAGNO,CR,Commercial - Regular,2250.0
raw,"RDO No. 93A - Zamboanga City and RDO No. 93B - Zamboanga, Sibugay.",,,,ZAMBOANGA DEL SUR,ZAMBOANGA CITY,POBLACION  (ZONE 4),VALDEROSA ST,DON LORENZO - FORT PILAR,CR,Commercial - Regular,12140.0
raw,"RDO No. 93A - Zamboanga City and RDO No. 93B - Zamboanga, Sibugay.",,,,ZAMBOANGA DEL SUR,ZAMBOANGA CITY,POBLACION  (ZONE 4),VALDEROSA ST,DON LORENZO - FORT PILAR,CR,Commercial - Regular,6800.0
raw,"RDO No. 93A - Zamboanga City and RDO No. 93B - Zamboanga, Sibugay.",,,,ZAMBOANGA DEL SUR,ZAMBOANGA CITY,POBLACION  (ZONE 4),VALDEROSA ST,DON LORENZO - FORT PILAR,CR,Commercial - Regular,2000.0
raw,"RDO No. 93A - Zamboanga City and RDO No. 93B - Zamboanga, Sibugay.",,2010-08-06,,ZAMBOANGA DEL SUR,ZAMBOANGA CITY,POBLACION  (ZONE 4),VALDEROSA ST,DON LORENZO - FORT PILAR,CR,Commercial - Regular,12140.0
raw,"RDO No. 93A - Zamboanga City and RDO No. 93B - Zamboanga, Sibugay.",,1995-12-25,,ZAMBOANGA DEL SUR,ZAMBOANGA CITY,POBLACION  (ZONE 4),VALDEROSA ST,DON LORENZO - FORT PILAR,CR,Commercial - Regular,6800.0
raw,"RDO No. 93A - Zamboanga City and RDO No. 93B - Zamboanga, Sibugay.",,1990-01-02,,ZAMBOANGA DEL SUR,ZAMBOANGA CITY,POBLACION  (ZONE 4),VALDEROSA ST,DON LORENZO - FORT PILAR,CR,Commercial - Regular,2000.0
raw,"RDO No. 93A - Zamboanga City and RDO No. 93B - Zamboanga, Sibugay.",,,,ZAMBOANGA DEL SUR,ZAMBOANGA CITY,POBLACION  (ZONE 4),VETERANS AVE,GOV. LIM AVE - FORT PILAR,CR,Commercial - Regular,14150.0
raw,"RDO No. 93A - Zamboanga City and RDO No. 93B - Zamboanga, Sibugay.",,,,ZAMBOANGA DEL SUR,ZAMBOANGA CITY,POBLACION  (ZONE 4),VETERANS AVE,GOV. LIM AVE - FORT PILAR,RR,Residential - Regular,12650.0
raw,"RDO No. 93A - Zamboanga City and RDO No. 93B - Zamboanga, Sibugay.",,,,ZAMBOANGA DEL SUR,ZAMBOANGA CITY,POBLACION  (ZONE 4),VETERANS AVE,GOV. LIM AVE - FORT PILAR,X,Special / Other,14150.0
raw,"RDO No. 93A - Zamboanga City and RDO No. 93B - Zamboanga, Sibugay.",,,,ZAMBOANGA DEL SUR,ZAMBOANGA CITY,POBLACION  (ZONE 4),VETERANS AVE,GOV. LIM AVE - FORT PILAR,CR,Commercial - Regular,7100.0
raw,"RDO No. 93A - Zamboanga City and RDO No. 93B - Zamboanga, Sibugay.",,,,ZAMBOANGA DEL SUR,ZAMBOANGA CITY,POBLACION  (ZONE 4),VETERANS AVE,GOV. LIM AVE - FORT PILAR,RR,Residential - Regular,6100.0
raw,"RDO No. 93A - Zamboanga City and RDO No. 93B - Zamboanga, Sibugay.",,,,ZAMBOANGA DEL SUR,ZAMBOANGA CITY,POBLACION  (ZONE 4),VETERANS AVE,GOV. LIM AVE - FORT PILAR,X,Special / Other,8800.0
raw,"RDO No. 93A - Zamboanga City and RDO No. 93B - Zamboanga, Sibugay.",,,,ZAMBOANGA DEL SUR,ZAMBOANGA CITY,POBLACION  (ZONE 4),VETERANS AVE,GOV. LIM AVE - FORT PILAR,CR,Commercial - Regular,2000.0
raw,"RDO No. 93A - Zamboanga City and RDO No. 93B - Zamboanga, Sibugay.",,,,ZAMBOANGA DEL SUR,ZAMBOANGA CITY,POBLACION  (ZONE 4),VETERANS AVE,GOV. LIM AVE - FORT PILAR,RR,Residential - Regular,1400.0
raw,"RDO No. 93A - Zamboanga City and RDO No. 93B - Zamboanga, Sibugay.",,,,ZAMBOANGA DEL SUR,ZAMBOANGA CITY,POBLACION  (ZONE 4),VETERANS AVE,GOV. LIM AVE - FORT PILAR,X,Special / Other,2250.0
raw,"RDO No. 93A - Zamboanga City and RDO No. 93B - Zamboanga, Sibugay.",,2010-08-06,,ZAMBOANGA DEL SUR,ZAMBOANGA CITY,POBLACION  (ZONE 4),VETERANS AVE,GOV. LIM AVE - FORT PILAR,CR,Commercial - Regular,14150.0
raw,"RDO No. 93A - Zamboanga City and RDO No. 93B - Zamboanga, Sibugay.",,2010-08-06,,ZAMBOANGA DEL SUR,ZAMBOANGA CITY,POBLACION  (ZONE 4),VETERANS AVE,GOV. LIM AVE - FORT PILAR,RR,Residential - Regular,12650.0
raw,"RDO No. 93A - Zamboanga City and RDO No. 93B - Zamboanga, Sibugay.",,2010-08-06,,ZAMBOANGA DEL SUR,ZAMBOANGA CITY,POBLACION  (ZONE 4),VETERANS AVE,GOV. LIM AVE - FORT PILAR,X,Special / Other,14150.0
raw,"RDO No. 93A - Zamboanga City and RDO No. 93B - Zamboanga, Sibugay.",,1995-12-25,,ZAMBOANGA DEL SUR,ZAMBOANGA CITY,POBLACION  (ZONE 4),VETERANS AVE,GOV. LIM AVE - FORT PILAR,CR,Commercial - Regular,7100.0
raw,"RDO No. 93A - Zamboanga City and RDO No. 93B - Zamboanga, Sibugay.",,1995-12-25,,ZAMBOANGA DEL SUR,ZAMBOANGA CITY,POBLACION  (ZONE 4),VETERANS AVE,GOV. LIM AVE - FORT PILAR,RR,Residential - Regular,6100.0
raw,"RDO No. 93A - Zamboanga City and RDO No. 93B - Zamboanga, Sibugay.",,1995-12-25,,ZAMBOANGA DEL SUR,ZAMBOANGA CITY,POBLACION  (ZONE 4),VETERANS AVE,GOV. LIM AVE - FORT PILAR,X,Special / Other,8800.0
raw,"RDO No. 93A - Zamboanga City and RDO No. 93B - Zamboanga, Sibugay.",,1990-01-02,,ZAMBOANGA DEL SUR,ZAMBOANGA CITY,POBLACION  (ZONE 4),VETERANS AVE,GOV. LIM AVE - FORT PILAR,CR,Commercial - Regular,2000.0
raw,"RDO No. 93A - Zamboanga City and RDO No. 93B - Zamboanga, Sibugay.",,1990-01-02,,ZAMBOANGA DEL SUR,ZAMBOANGA CITY,POBLACION  (ZONE 4),VETERANS AVE,GOV. LIM AVE - FORT PILAR,RR,Residential - Regular,1400.0
raw,"RDO No. 93A - Zamboanga City and RDO No. 93B - Zamboanga, Sibugay.",,1990-01-02,,ZAMBOANGA DEL SUR,ZAMBOANGA CITY,POBLACION  (ZONE 4),VETERANS AVE,GOV. LIM AVE - FORT PILAR,X,Special / Other,2250.0
raw,"RDO No. 93A - Zamboanga City and RDO No. 93B - Zamboanga, Sibugay.",,,,ZAMBOANGA DEL SUR,ZAMBOANGA CITY,POBLACION  (ZONE 4),VILLALOBOS ST,VALDEROSA - PILAR ST,CR,Commercial - Regular,12140.0
raw,"RDO No. 93A - Zamboanga City and RDO No. 93B - Zamboanga, Sibugay.",,,,ZAMBOANGA DEL SUR,ZAMBOANGA CITY,POBLACION  (ZONE 4),VILLALOBOS ST,VALDEROSA - PILAR ST,RR,Residential - Regular,9000.0
raw,"RDO No. 93A - Zamboanga City and RDO No. 93B - Zamboanga, Sibugay.",,,,ZAMBOANGA DEL SUR,ZAMBOANGA CITY,POBLACION  (ZONE 4),VILLALOBOS ST,VALDEROSA - PILAR ST,CR,Commercial - Regular,6800.0
raw,"RDO No. 93A - Zamboanga City and RDO No. 93B - Zamboanga, Sibugay.",,,,ZAMBOANGA DEL SUR,ZAMBOANGA CITY,POBLACION  (ZONE 4),VILLALOBOS ST,VALDEROSA - PILAR ST,RR,Residential - Regular,5800.0
raw,"RDO No. 93A - Zamboanga City and RDO No. 93B - Zamboanga, Sibugay.",,,,ZAMBOANGA DEL SUR,ZAMBOANGA CITY,POBLACION  (ZONE 4),VILLALOBOS ST,VALDEROSA - PILAR ST,CR,Commercial - Regular,1400.0
raw,"RDO No. 93A - Zamboanga City and RDO No. 93B - Zamboanga, Sibugay.",,,,ZAMBOANGA DEL SUR,ZAMBOANGA CITY,POBLACION  (ZONE 4),VILLALOBOS ST,VALDEROSA - PILAR ST,RR,Residential - Regular,1000.0
raw,"RDO No. 93A - Zamboanga City and RDO No. 93B - Zamboanga, Sibugay.",,2010-08-06,,ZAMBOANGA DEL SUR,ZAMBOANGA CITY,POBLACION  (ZONE 4),VILLALOBOS ST,VALDEROSA - PILAR ST,CR,Commercial - Regular,12140.0
raw,"RDO No. 93A - Zamboanga City and RDO No. 93B - Zamboanga, Sibugay.",,2010-08-06,,ZAMBOANGA DEL SUR,ZAMBOANGA CITY,POBLACION  (ZONE 4),VILLALOBOS ST,VALDEROSA - PILAR ST,RR,Residential - Regular,9000.0
raw,"RDO No. 93A - Zamboanga City and RDO No. 93B - Zamboanga, Sibugay.",,1995-12-25,,ZAMBOANGA DEL SUR,ZAMBOANGA CITY,POBLACION  (ZONE 4),VILLALOBOS ST,VALDEROSA - PILAR ST,CR,Commercial - Regular,6800.0
raw,"RDO No. 93A - Zamboanga City and RDO No. 93B - Zamboanga, Sibugay.",,1995-12-25,,ZAMBOANGA DEL SUR,ZAMBOANGA CITY,POBLACION  (ZONE 4),VILLALOBOS ST,VALDEROSA - PILAR ST,RR,Residential - Regular,5800.0
raw,"RDO No. 93A - Zamboanga City and RDO No. 93B - Zamboanga, Sibugay.",,1990-01-02,,ZAMBOANGA DEL SUR,ZAMBOANGA CITY,POBLACION  (ZONE 4),VILLALOBOS ST,VALDEROSA - PILAR ST,CR,Commercial - Regular,1400.0
raw,"RDO No. 93A - Zamboanga City and RDO No. 93B - Zamboanga, Sibugay.",,1990-01-02,,ZAMBOANGA DEL SUR,ZAMBOANGA CITY,POBLACION  (ZONE 4),VILLALOBOS ST,VALDEROSA - PILAR ST,RR,Residential - Regular,1000.0
raw,"RDO No. 93A - Zamboanga City and RDO No. 93B - Zamboanga, Sibugay.",,,,ZAMBOANGA DEL SUR,ZAMBOANGA CITY,POBLACION  (ZONE 4),ZARAGOSA ST,I. MAGNO - VILLALOBOS,CR,Commercial - Regular,16050.0
raw,"RDO No. 93A - Zamboanga City and RDO No. 93B - Zamboanga, Sibugay.",,,,ZAMBOANGA DEL SUR,ZAMBOANGA CITY,POBLACION  (ZONE 4),ZARAGOSA ST,I. MAGNO - VILLALOBOS,RR,Residential - Regular,10600.0
raw,"RDO No. 93A - Zamboanga City and RDO No. 93B - Zamboanga, Sibugay.",,,,ZAMBOANGA DEL SUR,ZAMBOANGA CITY,POBLACION  (ZONE 4),ZARAGOSA ST,I. MAGNO - VILLALOBOS,CR,Commercial - Regular,8800.0
raw,"RDO No. 93A - Zamboanga City and RDO No. 93B - Zamboanga, Sibugay.",,,,ZAMBOANGA DEL SUR,ZAMBOANGA CITY,POBLACION  (ZONE 4),ZARAGOSA ST,I. MAGNO - VILLALOBOS,RR,Residential - Regular,6800.0
raw,"RDO No. 93A - Zamboanga City and RDO No. 93B - Zamboanga, Sibugay.",,,,ZAMBOANGA DEL SUR,ZAMBOANGA CITY,POBLACION  (ZONE 4),ZARAGOSA ST,I. MAGNO - VILLALOBOS,CR,Commercial - Regular,2250.0
raw,"RDO No. 93A - Zamboanga City and RDO No. 93B - Zamboanga, Sibugay.",,,,ZAMBOANGA DEL SUR,ZAMBOANGA CITY,POBLACION  (ZONE 4),ZARAGOSA ST,I. MAGNO - VILLALOBOS,RR,Residential - Regular,1400.0
raw,"RDO No. 93A - Zamboanga City and RDO No. 93B - Zamboanga, Sibugay.",,2010-08-06,,ZAMBOANGA DEL SUR,ZAMBOANGA CITY,POBLACION  (ZONE 4),ZARAGOSA ST,I. MAGNO - VILLALOBOS,CR,Commercial - Regular,16050.0
raw,"RDO No. 93A - Zamboanga City and RDO No. 93B - Zamboanga, Sibugay.",,2010-08-06,,ZAMBOANGA DEL SUR,ZAMBOANGA CITY,POBLACION  (ZONE 4),ZARAGOSA ST,I. MAGNO - VILLALOBOS,RR,Residential - Regular,10600.0
raw,"RDO No. 93A - Zamboanga City and RDO No. 93B - Zamboanga, Sibugay.",,1995-12-25,,ZAMBOANGA DEL SUR,ZAMBOANGA CITY,POBLACION  (ZONE 4),ZARAGOSA ST,I. MAGNO - VILLALOBOS,CR,Commercial - Regular,8800.0
raw,"RDO No. 93A - Zamboanga City and RDO No. 93B - Zamboanga, Sibugay.",,1995-12-25,,ZAMBOANGA DEL SUR,ZAMBOANGA CITY,POBLACION  (ZONE 4),ZARAGOSA ST,I. MAGNO - VILLALOBOS,RR,Residential - Regular,6800.0
raw,"RDO No. 93A - Zamboanga City and RDO No. 93B - Zamboanga, Sibugay.",,1990-01-02,,ZAMBOANGA DEL SUR,ZAMBOANGA CITY,POBLACION  (ZONE 4),ZARAGOSA ST,I. MAGNO - VILLALOBOS,CR,Commercial - Regular,2250.0
raw,"RDO No. 93A - Zamboanga City and RDO No. 93B - Zamboanga, Sibugay.",,1990-01-02,,ZAMBOANGA DEL SUR,ZAMBOANGA CITY,POBLACION  (ZONE 4),ZARAGOSA ST,I. MAGNO - VILLALOBOS,RR,Residential - Regular,1400.0
raw,"RDO No. 93A - Zamboanga City and RDO No. 93B - Zamboanga, Sibugay.",008-2024,"Feb. 17, 2024",4TH,ZAMBOANGA DEL SUR,ZAMBOANGA CITY,POBLACION (ZONE 1),ALEJO ALVAREZ ST,R.T.LIM BLVD - SAN JOSE,CR,Commercial - Regular,22100.0
raw,"RDO No. 93A - Zamboanga City and RDO No. 93B - Zamboanga, Sibugay.",008-2024,"Feb. 17, 2024",4TH,ZAMBOANGA DEL SUR,ZAMBOANGA CITY,POBLACION (ZONE 1),ALEJO ALVAREZ ST,R.T.LIM BLVD - SAN JOSE,RR,Residential - Regular,12700.0
raw,"RDO No. 93A - Zamboanga City and RDO No. 93B - Zamboanga, Sibugay.",008-2024,"Feb. 17, 2024",4TH,ZAMBOANGA DEL SUR,ZAMBOANGA CITY,POBLACION (ZONE 1),ALEJO ALVAREZ ST,INTERIOR LOT,RR,Residential - Regular,6400.0
raw,"RDO No. 93A - Zamboanga City and RDO No. 93B - Zamboanga, Sibugay.",008-2024,"Feb. 17, 2024",4TH,ZAMBOANGA DEL SUR,ZAMBOANGA CITY,POBLACION (ZONE 1),ALL OTHER STREETS,ZONE I BARANGAY POBLACION,CR,Commercial - Regular,21400.0
raw,"RDO No. 93A - Zamboanga City and RDO No. 93B - Zamboanga, Sibugay.",008-2024,"Feb. 17, 2024",4TH,ZAMBOANGA DEL SUR,ZAMBOANGA CITY,POBLACION (ZONE 1),ALL OTHER STREETS,ZONE I BARANGAY POBLACION,RR,Residential - Regular,10000.0
raw,"RDO No. 93A - Zamboanga City and RDO No. 93B - Zamboanga, Sibugay.",008-2024,"Feb. 17, 2024",4TH,ZAMBOANGA DEL SUR,ZAMBOANGA CITY,POBLACION (ZONE 1),ALL OTHER STREETS,INTERIOR LOT,RR,Residential - Regular,5200.0
raw,"RDO No. 93A - Zamboanga City and RDO No. 93B - Zamboanga, Sibugay.",008-2024,"Feb. 17, 2024",4TH,ZAMBOANGA DEL SUR,ZAMBOANGA CITY,POBLACION (ZONE 1),CARMEN ST VARELA ST,R.T.LIM BLVD - SAN JOSE,CR,Commercial - Regular,22200.0
raw,"RDO No. 93A - Zamboanga City and RDO No. 93B - Zamboanga, Sibugay.",008-2024,"Feb. 17, 2024",4TH,ZAMBOANGA DEL SUR,ZAMBOANGA CITY,POBLACION (ZONE 1),CARMEN ST VARELA ST,R.T.LIM BLVD - SAN JOSE,RR,Residential - Regular,12700.0
raw,"RDO No. 93A - Zamboanga City and RDO No. 93B - Zamboanga, Sibugay.",008-2024,"Feb. 17, 2024",4TH,ZAMBOANGA DEL SUR,ZAMBOANGA CITY,POBLACION (ZONE 1),CARMEN ST VARELA ST,INTERIOR LOT,RR,Residential - Regular,6400.0
raw,"RDO No. 93A - Zamboanga City and RDO No. 93B - Zamboanga, Sibugay.",008-2024,"Feb. 17, 2024",4TH,ZAMBOANGA DEL SUR,ZAMBOANGA CITY,POBLACION (ZONE 1),CAWACAWA PC CPD,R.T.LIM BLVD - ALEJO ALVAREZ ST,CR,Commercial - Regular,21400.0
raw,"RDO No. 93A - Zamboanga City and RDO No. 93B - Zamboanga, Sibugay.",008-2024,"Feb. 17, 2024",4TH,ZAMBOANGA DEL SUR,ZAMBOANGA CITY,POBLACION (ZONE 1),CAWACAWA PC CPD,R.T.LIM BLVD - ALEJO ALVAREZ ST,X,Special / Other,21300.0
raw,"RDO No. 93A - Zamboanga City and RDO No. 93B - Zamboanga, Sibugay.",008-2024,"Feb. 17, 2024",4TH,ZAMBOANGA DEL SUR,ZAMBOANGA CITY,POBLACION (ZONE 1),CAWACAWA PC CPD,INTERIOR LOT,RR,Residential - Regular,5600.0
raw,"RDO No. 93A - Zamboanga City and RDO No. 93B - Zamboanga, Sibugay.",008-2024,"Feb. 17, 2024",4TH,ZAMBOANGA DEL SUR,ZAMBOANGA CITY,POBLACION (ZONE 1),CLIMACO AVE,LEDESMA ST - GOV. LIM AVE.,CR,Commercial - Regular,29700.0
raw,"RDO No. 93A - Zamboanga City and RDO No. 93B - Zamboanga, Sibugay.",008-2024,"Feb. 17, 2024",4TH,ZAMBOANGA DEL SUR,ZAMBOANGA CITY,POBLACION (ZONE 1),GOV. LIM AVE,CLIMACO AVE - MAGAY ST,CR,Commercial - Regular,23000.0
raw,"RDO No. 93A - Zamboanga City and RDO No. 93B - Zamboanga, Sibugay.",008-2024,"Feb. 17, 2024",4TH,ZAMBOANGA DEL SUR,ZAMBOANGA CITY,POBLACION (ZONE 1),GOV. LIM AVE,CLIMACO AVE - MAGAY ST,RR,Residential - Regular,13600.0
raw,"RDO No. 93A - Zamboanga City and RDO No. 93B - Zamboanga, Sibugay.",008-2024,"Feb. 17, 2024",4TH,ZAMBOANGA DEL SUR,ZAMBOANGA CITY,POBLACION (ZONE 1),M. CALIXTO ST,MAGAY ST - SAN JOSE RD,CR,Commercial - Regular,23300.0
raw,"RDO No. 93A - Zamboanga City and RDO No. 93B - Zamboanga, Sibugay.",008-2024,"Feb. 17, 2024",4TH,ZAMBOANGA DEL SUR,ZAMBOANGA CITY,POBLACION (ZONE 1),M. CALIXTO ST,MAGAY ST - SAN JOSE RD,RR,Residential - Regular,10300.0
raw,"RDO No. 93A - Zamboanga City and RDO No. 93B - Zamboanga, Sibugay.",008-2024,"Feb. 17, 2024",4TH,ZAMBOANGA DEL SUR,ZAMBOANGA CITY,POBLACION (ZONE 1),MAGAY ST,GOV. LIM AVE-R.T LIM BLVD,CR,Commercial - Regular,22200.0
raw,"RDO No. 93A - Zamboanga City and RDO No. 93B - Zamboanga, Sibugay.",008-2024,"Feb. 17, 2024",4TH,ZAMBOANGA DEL SUR,ZAMBOANGA CITY,POBLACION (ZONE 1),MERCADO ST,T. CLAUDIO - GOV. LIM,CR,Commercial - Regular,23000.0
raw,"RDO No. 93A - Zamboanga City and RDO No. 93B - Zamboanga, Sibugay.",008-2024,"Feb. 17, 2024",4TH,ZAMBOANGA DEL SUR,ZAMBOANGA CITY,POBLACION (ZONE 1),MERCADO ST,T. CLAUDIO - GOV. LIM,RR,Residential - Regular,10300.0
raw,"RDO No. 93A - Zamboanga City and RDO No. 93B - Zamboanga, Sibugay.",008-2024,"Feb. 17, 2024",4TH,ZAMBOANGA DEL SUR,ZAMBOANGA CITY,POBLACION (ZONE 1),R. T. LIM BLVD,MAGAY ST - A. ALVAREZ ST,CR,Commercial - Regular,21900.0
raw,"RDO No. 93A - Zamboanga City and RDO No. 93B - Zamboanga, Sibugay.",008-2024,"Feb. 17, 2024",4TH,ZAMBOANGA DEL SUR,ZAMBOANGA CITY,POBLACION (ZONE 1),R. T. LIM BLVD,MAGAY ST - A. ALVAREZ ST,RR,Residential - Regular,13300.0
raw,"RDO No. 93A - Zamboanga City and RDO No. 93B - Zamboanga, Sibugay.",008-2024,"Feb. 17, 2024",4TH,ZAMBOANGA DEL SUR,ZAMBOANGA CITY,POBLACION (ZONE 1),TOMAS CLAUDIO ST,CLIMACO AVE - VARELA ST,CR,Commercial - Regular,22700.0
raw,"RDO No. 93A - Zamboanga City and RDO No. 93B - Zamboanga, Sibugay.",008-2024,"Feb. 17, 2024",4TH,ZAMBOANGA DEL SUR,ZAMBOANGA CITY,POBLACION (ZONE 1),TOMAS CLAUDIO ST,CLIMACO AVE - VARELA ST,RR,Residential - Regular,10200.0
raw,"RDO No. 93A - Zamboanga City and RDO No. 93B - Zamboanga, Sibugay.",008-2024,"Feb. 17, 2024",4TH,ZAMBOANGA DEL SUR,ZAMBOANGA CITY,POBLACION (ZONE 2),ALL OTHER STREETS,ZONE 2 BARANGAY POBLACION,CR,Commercial - Regular,21600.0
raw,"RDO No. 93A - Zamboanga City and RDO No. 93B - Zamboanga, Sibugay.",008-2024,"Feb. 17, 2024",4TH,ZAMBOANGA DEL SUR,ZAMBOANGA CITY,POBLACION (ZONE 2),ALL OTHER STREETS,ZONE 2 BARANGAY POBLACION,RR,Residential - Regular,8700.0
raw,"RDO No. 93A - Zamboanga City and RDO No. 93B - Zamboanga, Sibugay.",008-2024,"Feb. 17, 2024",4TH,ZAMBOANGA DEL SUR,ZAMBOANGA CITY,POBLACION (ZONE 2),ALL OTHER STREETS,INTERIOR LOT,RR,Residential - Regular,6600.0
raw,"RDO No. 93A - Zamboanga City and RDO No. 93B - Zamboanga, Sibugay.",008-2024,"Feb. 17, 2024",4TH,ZAMBOANGA DEL SUR,ZAMBOANGA CITY,POBLACION (ZONE 2),BARCELONA ST,GOV. LIM AVE- P. BRILLANTES ST,CR,Commercial - Regular,23200.0
raw,"RDO No. 93A - Zamboanga City and RDO No. 93B - Zamboanga, Sibugay.",008-2024,"Feb. 17, 2024",4TH,ZAMBOANGA DEL SUR,ZAMBOANGA CITY,POBLACION (ZONE 2),BARCELONA ST,GOV. LIM AVE- P. BRILLANTES ST,RR,Residential - Regular,10400.0
raw,"RDO No. 93A - Zamboanga City and RDO No. 93B - Zamboanga, Sibugay.",008-2024,"Feb. 17, 2024",4TH,ZAMBOANGA DEL SUR,ZAMBOANGA CITY,POBLACION (ZONE 2),BUENAVISTA ST,SAN JOSE RD - M. JALDON ST,CR,Commercial - Regular,22800.0
raw,"RDO No. 93A - Zamboanga City and RDO No. 93B - Zamboanga, Sibugay.",008-2024,"Feb. 17, 2024",4TH,ZAMBOANGA DEL SUR,ZAMBOANGA CITY,POBLACION (ZONE 2),BUENAVISTA ST,SAN JOSE RD - M. JALDON ST,RR,Residential - Regular,9200.0
raw,"RDO No. 93A - Zamboanga City and RDO No. 93B - Zamboanga, Sibugay.",008-2024,"Feb. 17, 2024",4TH,ZAMBOANGA DEL SUR,ZAMBOANGA CITY,POBLACION (ZONE 2),BUENAVISTA ST,INTERIOR LOT,RR,Residential - Regular,6700.0
raw,"RDO No. 93A - Zamboanga City and RDO No. 93B - Zamboanga, Sibugay.",008-2024,"Feb. 17, 2024",4TH,ZAMBOANGA DEL SUR,ZAMBOANGA CITY,POBLACION (ZONE 2),CAMPANER INTERIOR,BRILLANTES - LA PURISIMA ST,CR,Commercial - Regular,21700.0
raw,"RDO No. 93A - Zamboanga City and RDO No. 93B - Zamboanga, Sibugay.",008-2024,"Feb. 17, 2024",4TH,ZAMBOANGA DEL SUR,ZAMBOANGA CITY,POBLACION (ZONE 2),CAMPANER INTERIOR,BRILLANTES - LA PURISIMA ST,RR,Residential - Regular,10200.0
raw,"RDO No. 93A - Zamboanga City and RDO No. 93B - Zamboanga, Sibugay.",008-2024,"Feb. 17, 2024",4TH,ZAMBOANGA DEL SUR,ZAMBOANGA CITY,POBLACION (ZONE 2),CAMPANER INTERIOR,INTERIOR LOT,RR,Residential - Regular,6700.0
raw,"RDO No. 93A - Zamboanga City and RDO No. 93B - Zamboanga, Sibugay.",008-2024,"Feb. 17, 2024",4TH,ZAMBOANGA DEL SUR,ZAMBOANGA CITY,POBLACION (ZONE 2),CAMPANER ST,LA PURISIMA ST - BRILLANTES ST,CR,Commercial - Regular,23500.0
raw,"RDO No. 93A - Zamboanga City and RDO No. 93B - Zamboanga, Sibugay.",008-2024,"Feb. 17, 2024",4TH,ZAMBOANGA DEL SUR,ZAMBOANGA CITY,POBLACION (ZONE 2),CAMPANER ST,LA PURISIMA ST - BRILLANTES ST,RR,Residential - Regular,12900.0
raw,"RDO No. 93A - Zamboanga City and RDO No. 93B - Zamboanga, Sibugay.",008-2024,"Feb. 17, 2024",4TH,ZAMBOANGA DEL SUR,ZAMBOANGA CITY,POBLACION (ZONE 2),CLIMACO AVE,JUNCTION - GOV. LIM AVE,CR,Commercial - Regular,32800.0
raw,"RDO No. 93A - Zamboanga City and RDO No. 93B - Zamboanga, Sibugay.",008-2024,"Feb. 17, 2024",4TH,ZAMBOANGA DEL SUR,ZAMBOANGA CITY,POBLACION (ZONE 2),GOV. ALVAREZ,M. JALDON - LA PURISIMA ST,CR,Commercial - Regular,21900.0
raw,"RDO No. 93A - Zamboanga City and RDO No. 93B - Zamboanga, Sibugay.",008-2024,"Feb. 17, 2024",4TH,ZAMBOANGA DEL SUR,ZAMBOANGA CITY,POBLACION (ZONE 2),GOV. ALVAREZ,M. JALDON - LA PURISIMA ST,RR,Residential - Regular,8400.0
raw,"RDO No. 93A - Zamboanga City and RDO No. 93B - Zamboanga, Sibugay.",008-2024,"Feb. 17, 2024",4TH,ZAMBOANGA DEL SUR,ZAMBOANGA CITY,POBLACION (ZONE 2),GOV. ALVAREZ,INTERIOR LOT,RR,Residential - Regular,6700.0
raw,"RDO No. 93A - Zamboanga City and RDO No. 93B - Zamboanga, Sibugay.",008-2024,"Feb. 17, 2024",4TH,ZAMBOANGA DEL SUR,ZAMBOANGA CITY,POBLACION (ZONE 2),GOV. LIM AVE,CLIMACO AVE - LA PURISIMA ST,CR,Commercial - Regular,23400.0
raw,"RDO No. 93A - Zamboanga City and RDO No. 93B - Zamboanga, Sibugay.",008-2024,"Feb. 17, 2024",4TH,ZAMBOANGA DEL SUR,ZAMBOANGA CITY,POBLACION (ZONE 2),GOV. LIM AVE,CLIMACO AVE - LA PURISIMA ST,RR,Residential - Regular,13200.0
raw,"RDO No. 93A - Zamboanga City and RDO No. 93B - Zamboanga, Sibugay.",008-2024,"Feb. 17, 2024",4TH,ZAMBOANGA DEL SUR,ZAMBOANGA CITY,POBLACION (ZONE 2),GOV. LIM AVE,INTERIOR LOT,RR,Residential - Regular,7600.0
raw,"RDO No. 93A - Zamboanga City and RDO No. 93B - Zamboanga, Sibugay.",008-2024,"Feb. 17, 2024",4TH,ZAMBOANGA DEL SUR,ZAMBOANGA CITY,POBLACION (ZONE 2),LA PURISIMA ST,CAMPANER ST- GOV. LIM AVE,CR,Commercial - Regular,37200.0
raw,"RDO No. 93A - Zamboanga City and RDO No. 93B - Zamboanga, Sibugay.",008-2024,"Feb. 17, 2024",4TH,ZAMBOANGA DEL SUR,ZAMBOANGA CITY,POBLACION (ZONE 2),LA PURISIMA ST,CAMPANER ST- GOV. LIM AVE,X,Special / Other,22100.0
raw,"RDO No. 93A - Zamboanga City and RDO No. 93B - Zamboanga, Sibugay.",008-2024,"Feb. 17, 2024",4TH,ZAMBOANGA DEL SUR,ZAMBOANGA CITY,POBLACION (ZONE 2),LA PURISIMA ST,CAMPANER ST- GOV. LIM AVE,RR,Residential - Regular,19300.0
raw,"RDO No. 93A - Zamboanga City and RDO No. 93B - Zamboanga, Sibugay.",008-2024,"Feb. 17, 2024",4TH,ZAMBOANGA DEL SUR,ZAMBOANGA CITY,POBLACION (ZONE 2),LA PURISIMA ST,INTERIOR LOT,RR,Residential - Regular,9400.0
raw,"RDO No. 93A - Zamboanga City and RDO No. 93B - Zamboanga, Sibugay.",008-2024,"Feb. 17, 2024",4TH,ZAMBOANGA DEL SUR,ZAMBOANGA CITY,POBLACION (ZONE 2),LA PURISIMA ST,GOV. ALVAREZ - CAMPANER ST,CR,Commercial - Regular,23000.0
raw,"RDO No. 93A - Zamboanga City and RDO No. 93B - Zamboanga, Sibugay.",008-2024,"Feb. 17, 2024",4TH,ZAMBOANGA DEL SUR,ZAMBOANGA CITY,POBLACION (ZONE 2),LA PURISIMA ST,GOV. ALVAREZ - CAMPANER ST,RR,Residential - Regular,12900.0
raw,"RDO No. 93A - Zamboanga City and RDO No. 93B - Zamboanga, Sibugay.",008-2024,"Feb. 17, 2024",4TH,ZAMBOANGA DEL SUR,ZAMBOANGA CITY,POBLACION (ZONE 2),LA PURISIMA ST,INTERIOR LOT,RR,Residential - Regular,6100.0
raw,"RDO No. 93A - Zamboanga City and RDO No. 93B - Zamboanga, Sibugay.",008-2024,"Feb. 17, 2024",4TH,ZAMBOANGA DEL SUR,ZAMBOANGA CITY,POBLACION (ZONE 2),LEDESMA ST (FORMERLY SAN JOSE ST),C. CLIMACO AVE - G. ALVAREZ,CR,Commercial - Regular,22100.0
raw,"RDO No. 93A - Zamboanga City and RDO No. 93B - Zamboanga, Sibugay.",008-2024,"Feb. 17, 2024",4TH,ZAMBOANGA DEL SUR,ZAMBOANGA CITY,POBLACION (ZONE 2),LEDESMA ST (FORMERLY SAN JOSE ST),C. CLIMACO AVE - G. ALVAREZ,RR,Residential - Regular,21000.0
raw,"RDO No. 93A - Zamboanga City and RDO No. 93B - Zamboanga, Sibugay.",008-2024,"Feb. 17, 2024",4TH,ZAMBOANGA DEL SUR,ZAMBOANGA CITY,POBLACION (ZONE 2),LEDESMA ST (FORMERLY SAN JOSE ST),C. CLIMACO AVE - G. ALVAREZ,X,Special / Other,14500.0
raw,"RDO No. 93A - Zamboanga City and RDO No. 93B - Zamboanga, Sibugay.",008-2024,"Feb. 17, 2024",4TH,ZAMBOANGA DEL SUR,ZAMBOANGA CITY,POBLACION (ZONE 2),MAYOR JALDON ST,SAN JOSE - CLIMACO AVE,CR,Commercial - Regular,22000.0
raw,"RDO No. 93A - Zamboanga City and RDO No. 93B - Zamboanga, Sibugay.",008-2024,"Feb. 17, 2024",4TH,ZAMBOANGA DEL SUR,ZAMBOANGA CITY,POBLACION (ZONE 2),MAYOR JALDON ST,SAN JOSE - CLIMACO AVE,RR,Residential - Regular,10400.0
raw,"RDO No. 93A - Zamboanga City and RDO No. 93B - Zamboanga, Sibugay.",008-2024,"Feb. 17, 2024",4TH,ZAMBOANGA DEL SUR,ZAMBOANGA CITY,POBLACION (ZONE 2),MAYOR JALDON ST,INTERIOR LOT,RR,Residential - Regular,8500.0
raw,"RDO No. 93A - Zamboanga City and RDO No. 93B - Zamboanga, Sibugay.",008-2024,"Feb. 17, 2024",4TH,ZAMBOANGA DEL SUR,ZAMBOANGA CITY,POBLACION (ZONE 2),P. BRILLANTES ST,CLIMACO AVE - LA PURISIMA ST,CR,Commercial - Regular,23300.0
raw,"RDO No. 93A - Zamboanga City and RDO No. 93B - Zamboanga, Sibugay.",008-2024,"Feb. 17, 2024",4TH,ZAMBOANGA DEL SUR,ZAMBOANGA CITY,POBLACION (ZONE 2),P. BRILLANTES ST,CLIMACO AVE - LA PURISIMA ST,X,Special / Other,23200.0
raw,"RDO No. 93A - Zamboanga City and RDO No. 93B - Zamboanga, Sibugay.",008-2024,"Feb. 17, 2024",4TH,ZAMBOANGA DEL SUR,ZAMBOANGA CITY,POBLACION (ZONE 2),P. REYES ST,GOV. LIM - BRILLANTES ST,CR,Commercial - Regular,23200.0
raw,"RDO No. 93A - Zamboanga City and RDO No. 93B - Zamboanga, Sibugay.",008-2024,"Feb. 17, 2024",4TH,ZAMBOANGA DEL SUR,ZAMBOANGA CITY,POBLACION (ZONE 2),P. REYES ST,GOV. LIM - BRILLANTES ST,RR,Residential - Regular,13200.0
raw,"RDO No. 93A - Zamboanga City and RDO No. 93B - Zamboanga, Sibugay.",008-2024,"Feb. 17, 2024",4TH,ZAMBOANGA DEL SUR,ZAMBOANGA CITY,POBLACION (ZONE 2),TOMAS CLAUDIO ST,CLIMACO AVE - LA PURISIMA ST,CR,Commercial - Regular,23200.0
raw,"RDO No. 93A - Zamboanga City and RDO No. 93B - Zamboanga, Sibugay.",008-2024,"Feb. 17, 2024",4TH,ZAMBOANGA DEL SUR,ZAMBOANGA CITY,POBLACION (ZONE 2),TOMAS CLAUDIO ST,CLIMACO AVE - LA PURISIMA ST,RR,Residential - Regular,13500.0
raw,"RDO No. 93A - Zamboanga City and RDO No. 93B - Zamboanga, Sibugay.",008-2024,"Feb. 17, 2024",4TH,ZAMBOANGA DEL SUR,ZAMBOANGA CITY,POBLACION (ZONE 2),URDANETA ST,GOV. LIM - BRILLANTES ST,CR,Commercial - Regular,23200.0
raw,"RDO No. 93A - Zamboanga City and RDO No. 93B - Zamboanga, Sibugay.",008-2024,"Feb. 17, 2024",4TH,ZAMBOANGA DEL SUR,ZAMBOANGA CITY,POBLACION (ZONE 2),URDANETA ST,GOV. LIM - BRILLANTES ST,RR,Residential - Regular,13500.0
raw,"RDO No. 93A - Zamboanga City and RDO No. 93B - Zamboanga, Sibugay.",008-2024,"Feb. 17, 2024",4TH,ZAMBOANGA DEL SUR,ZAMBOANGA CITY,POBLACION (ZONE 3),ALL OTHER STREETS,ZONE 3 BARANGAY POBLACION,CR,Commercial - Regular,21000.0
raw,"RDO No. 93A - Zamboanga City and RDO No. 93B - Zamboanga, Sibugay.",008-2024,"Feb. 17, 2024",4TH,ZAMBOANGA DEL SUR,ZAMBOANGA CITY,POBLACION (ZONE 3),ALL OTHER STREETS,ZONE 3 BARANGAY POBLACION,RR,Residential - Regular,7600.0
raw,"RDO No. 93A - Zamboanga City and RDO No. 93B - Zamboanga, Sibugay.",008-2024,"Feb. 17, 2024",4TH,ZAMBOANGA DEL SUR,ZAMBOANGA CITY,POBLACION (ZONE 3),ALL OTHER STREETS,INTERIOR LOT,RR,Residential - Regular,5300.0
raw,"RDO No. 93A - Zamboanga City and RDO No. 93B - Zamboanga, Sibugay.",008-2024,"Feb. 17, 2024",4TH,ZAMBOANGA DEL SUR,ZAMBOANGA CITY,POBLACION (ZONE 3),ALMONTE ST,GOV. LIM - T. CLAUDIO ST,CR,Commercial - Regular,22300.0
raw,"RDO No. 93A - Zamboanga City and RDO No. 93B - Zamboanga, Sibugay.",008-2024,"Feb. 17, 2024",4TH,ZAMBOANGA DEL SUR,ZAMBOANGA CITY,POBLACION (ZONE 3),CAMANCHILE DRIVE,NUNEZ ST - VETERANS AVE,CR,Commercial - Regular,21000.0
raw,"RDO No. 93A - Zamboanga City and RDO No. 93B - Zamboanga, Sibugay.",008-2024,"Feb. 17, 2024",4TH,ZAMBOANGA DEL SUR,ZAMBOANGA CITY,POBLACION (ZONE 3),CAMANCHILE DRIVE,NUNEZ ST - VETERANS AVE,RR,Residential - Regular,7800.0
raw,"RDO No. 93A - Zamboanga City and RDO No. 93B - Zamboanga, Sibugay.",008-2024,"Feb. 17, 2024",4TH,ZAMBOANGA DEL SUR,ZAMBOANGA CITY,POBLACION (ZONE 3),CAMANCHILE DRIVE,INTERIOR LOT,RR,Residential - Regular,5500.0
raw,"RDO No. 93A - Zamboanga City and RDO No. 93B - Zamboanga, Sibugay.",008-2024,"Feb. 17, 2024",4TH,ZAMBOANGA DEL SUR,ZAMBOANGA CITY,POBLACION (ZONE 3),CAMPANER ST,LA PURISIMA ST- NUÑEZ ST.,CR,Commercial - Regular,32300.0
raw,"RDO No. 93A - Zamboanga City and RDO No. 93B - Zamboanga, Sibugay.",008-2024,"Feb. 17, 2024",4TH,ZAMBOANGA DEL SUR,ZAMBOANGA CITY,POBLACION (ZONE 3),CAMPANER ST,LA PURISIMA ST- NUÑEZ ST.,RR,Residential - Regular,10200.0
raw,"RDO No. 93A - Zamboanga City and RDO No. 93B - Zamboanga, Sibugay.",008-2024,"Feb. 17, 2024",4TH,ZAMBOANGA DEL SUR,ZAMBOANGA CITY,POBLACION (ZONE 3),CAMPANER ST,NUNEZ ST - VETERANS AVE,CR,Commercial - Regular,23000.0
raw,"RDO No. 93A - Zamboanga City and RDO No. 93B - Zamboanga, Sibugay.",008-2024,"Feb. 17, 2024",4TH,ZAMBOANGA DEL SUR,ZAMBOANGA CITY,POBLACION (ZONE 3),CAMPANER ST,NUNEZ ST - VETERANS AVE,RR,Residential - Regular,13200.0
raw,"RDO No. 93A - Zamboanga City and RDO No. 93B - Zamboanga, Sibugay.",008-2024,"Feb. 17, 2024",4TH,ZAMBOANGA DEL SUR,ZAMBOANGA CITY,POBLACION (ZONE 3),CAMPANER ST,INTERIOR LOT,RR,Residential - Regular,6200.0
raw,"RDO No. 93A - Zamboanga City and RDO No. 93B - Zamboanga, Sibugay.",008-2024,"Feb. 17, 2024",4TH,ZAMBOANGA DEL SUR,ZAMBOANGA CITY,POBLACION (ZONE 3),D FOREST,DR. P. RODRIGUEZ SR. (CAMPANER)-T. CLAUDIO ST.,CR,Commercial - Regular,23000.0
raw,"RDO No. 93A - Zamboanga City and RDO No. 93B - Zamboanga, Sibugay.",008-2024,"Feb. 17, 2024",4TH,ZAMBOANGA DEL SUR,ZAMBOANGA CITY,POBLACION (ZONE 3),D FOREST,DR. P. RODRIGUEZ SR. (CAMPANER)-T. CLAUDIO ST.,RR,Residential - Regular,13100.0
raw,"RDO No. 93A - Zamboanga City and RDO No. 93B - Zamboanga, Sibugay.",008-2024,"Feb. 17, 2024",4TH,ZAMBOANGA DEL SUR,ZAMBOANGA CITY,POBLACION (ZONE 3),D FOREST,INTERIOR LOT,RR,Residential - Regular,6400.0
raw,"RDO No. 93A - Zamboanga City and RDO No. 93B - Zamboanga, Sibugay.",008-2024,"Feb. 17, 2024",4TH,ZAMBOANGA DEL SUR,ZAMBOANGA CITY,POBLACION (ZONE 3),GENERAL WOOD ST.,GOV. LIM AVE.- T. CLAUDIO ST.,CR,Commercial - Regular,23000.0
raw,"RDO No. 93A - Zamboanga City and RDO No. 93B - Zamboanga, Sibugay.",008-2024,"Feb. 17, 2024",4TH,ZAMBOANGA DEL SUR,ZAMBOANGA CITY,POBLACION (ZONE 3),GENERAL WOOD ST.,GOV. LIM AVE.- T. CLAUDIO ST.,RR,Residential - Regular,13100.0
raw,"RDO No. 93A - Zamboanga City and RDO No. 93B - Zamboanga, Sibugay.",008-2024,"Feb. 17, 2024",4TH,ZAMBOANGA DEL SUR,ZAMBOANGA CITY,POBLACION (ZONE 3),GENERAL WOOD ST.,INTERIOR LOT,RR,Residential - Regular,6400.0
raw,"RDO No. 93A - Zamboanga City and RDO No. 93B - Zamboanga, Sibugay.",008-2024,"Feb. 17, 2024",4TH,ZAMBOANGA DEL SUR,ZAMBOANGA CITY,POBLACION (ZONE 3),GOV. ALVAREZ,LA PURISIMA ST- VETERANS AVE,CR,Commercial - Regular,21400.0
raw,"RDO No. 93A - Zamboanga City and RDO No. 93B - Zamboanga, Sibugay.",008-2024,"Feb. 17, 2024",4TH,ZAMBOANGA DEL SUR,ZAMBOANGA CITY,POBLACION (ZONE 3),GOV. ALVAREZ,LA PURISIMA ST- VETERANS AVE,X,Special / Other,22100.0
raw,"RDO No. 93A - Zamboanga City and RDO No. 93B - Zamboanga, Sibugay.",008-2024,"Feb. 17, 2024",4TH,ZAMBOANGA DEL SUR,ZAMBOANGA CITY,POBLACION (ZONE 3),GOV. ALVAREZ,LA PURISIMA ST- VETERANS AVE,RR,Residential - Regular,8000.0
raw,"RDO No. 93A - Zamboanga City and RDO No. 93B - Zamboanga, Sibugay.",008-2024,"Feb. 17, 2024",4TH,ZAMBOANGA DEL SUR,ZAMBOANGA CITY,POBLACION (ZONE 3),GOV. LIM AVE,LA PURISIMA ST - VETERANS AVE,CR,Commercial - Regular,22900.0
raw,"RDO No. 93A - Zamboanga City and RDO No. 93B - Zamboanga, Sibugay.",008-2024,"Feb. 17, 2024",4TH,ZAMBOANGA DEL SUR,ZAMBOANGA CITY,POBLACION (ZONE 3),GOV. LIM AVE,LA PURISIMA ST - VETERANS AVE,RR,Residential - Regular,13400.0
raw,"RDO No. 93A - Zamboanga City and RDO No. 93B - Zamboanga, Sibugay.",008-2024,"Feb. 17, 2024",4TH,ZAMBOANGA DEL SUR,ZAMBOANGA CITY,POBLACION (ZONE 3),GOV. LIM AVE,LA PURISIMA ST - VETERANS AVE,X,Special / Other,22900.0
raw,"RDO No. 93A - Zamboanga City and RDO No. 93B - Zamboanga, Sibugay.",008-2024,"Feb. 17, 2024",4TH,ZAMBOANGA DEL SUR,ZAMBOANGA CITY,POBLACION (ZONE 3),LA PURISIMA ST,GOV. LIM-CAMPANER ST,CR,Commercial - Regular,34000.0
raw,"RDO No. 93A - Zamboanga City and RDO No. 93B - Zamboanga, Sibugay.",008-2024,"Feb. 17, 2024",4TH,ZAMBOANGA DEL SUR,ZAMBOANGA CITY,POBLACION (ZONE 3),LA PURISIMA ST,GOV. LIM-CAMPANER ST,RR,Residential - Regular,19800.0
raw,"RDO No. 93A - Zamboanga City and RDO No. 93B - Zamboanga, Sibugay.",008-2024,"Feb. 17, 2024",4TH,ZAMBOANGA DEL SUR,ZAMBOANGA CITY,POBLACION (ZONE 3),LA PURISIMA ST,INTERIOR LOT,RR,Residential - Regular,9300.0
raw,"RDO No. 93A - Zamboanga City and RDO No. 93B - Zamboanga, Sibugay.",008-2024,"Feb. 17, 2024",4TH,ZAMBOANGA DEL SUR,ZAMBOANGA CITY,POBLACION (ZONE 3),LA PURISIMA ST,CAMPANER ST - GOV. ALVAREZ,CR,Commercial - Regular,23000.0
raw,"RDO No. 93A - Zamboanga City and RDO No. 93B - Zamboanga, Sibugay.",008-2024,"Feb. 17, 2024",4TH,ZAMBOANGA DEL SUR,ZAMBOANGA CITY,POBLACION (ZONE 3),LA PURISIMA ST,CAMPANER ST - GOV. ALVAREZ,X,Special / Other,22100.0
raw,"RDO No. 93A - Zamboanga City and RDO No. 93B - Zamboanga, Sibugay.",008-2024,"Feb. 17, 2024",4TH,ZAMBOANGA DEL SUR,ZAMBOANGA CITY,POBLACION (ZONE 3),LA PURISIMA ST,CAMPANER ST - GOV. ALVAREZ,RR,Residential - Regular,13100.0
raw,"RDO No. 93A - Zamboanga City and RDO No. 93B - Zamboanga, Sibugay.",008-2024,"Feb. 17, 2024",4TH,ZAMBOANGA DEL SUR,ZAMBOANGA CITY,POBLACION (ZONE 3),LA PURISIMA ST,INTERIOR LOT,RR,Residential - Regular,6400.0
raw,"RDO No. 93A - Zamboanga City and RDO No. 93B - Zamboanga, Sibugay.",008-2024,"Feb. 17, 2024",4TH,ZAMBOANGA DEL SUR,ZAMBOANGA CITY,POBLACION (ZONE 3),NUNEZ ST,GOV. LIM AVE- GOV. ALVAREZ,CR,Commercial - Regular,23500.0
raw,"RDO No. 93A - Zamboanga City and RDO No. 93B - Zamboanga, Sibugay.",008-2024,"Feb. 17, 2024",4TH,ZAMBOANGA DEL SUR,ZAMBOANGA CITY,POBLACION (ZONE 3),NUNEZ ST,GOV. LIM AVE- GOV. ALVAREZ,RR,Residential - Regular,16500.0
raw,"RDO No. 93A - Zamboanga City and RDO No. 93B - Zamboanga, Sibugay.",008-2024,"Feb. 17, 2024",4TH,ZAMBOANGA DEL SUR,ZAMBOANGA CITY,POBLACION (ZONE 3),NUNEZ ST,GOV. LIM AVE- GOV. ALVAREZ,X,Special / Other,22900.0
raw,"RDO No. 93A - Zamboanga City and RDO No. 93B - Zamboanga, Sibugay.",008-2024,"Feb. 17, 2024",4TH,ZAMBOANGA DEL SUR,ZAMBOANGA CITY,POBLACION (ZONE 3),NUNEZ ST,INTERIOR LOT,RR,Residential - Regular,11300.0
raw,"RDO No. 93A - Zamboanga City and RDO No. 93B - Zamboanga, Sibugay.",008-2024,"Feb. 17, 2024",4TH,ZAMBOANGA DEL SUR,ZAMBOANGA CITY,POBLACION (ZONE 3),SAAVEDRA ST,GOV. LIM AVE.- T. CLAUDIO ST.,CR,Commercial - Regular,23000.0
raw,"RDO No. 93A - Zamboanga City and RDO No. 93B - Zamboanga, Sibugay.",008-2024,"Feb. 17, 2024",4TH,ZAMBOANGA DEL SUR,ZAMBOANGA CITY,POBLACION (ZONE 3),TOMAS CLAUDIO ST,LA PURISIMA ST - VETERANS AVE,CR,Commercial - Regular,22400.0
raw,"RDO No. 93A - Zamboanga City and RDO No. 93B - Zamboanga, Sibugay.",008-2024,"Feb. 17, 2024",4TH,ZAMBOANGA DEL SUR,ZAMBOANGA CITY,POBLACION (ZONE 3),TOMAS CLAUDIO ST,LA PURISIMA ST - VETERANS AVE,RR,Residential - Regular,12100.0
raw,"RDO No. 93A - Zamboanga City and RDO No. 93B - Zamboanga, Sibugay.",008-2024,"Feb. 17, 2024",4TH,ZAMBOANGA DEL SUR,ZAMBOANGA CITY,POBLACION (ZONE 3),VETERANS AVE,GOV. LIM AVE - GOV. ALVAREZ,CR,Commercial - Regular,23000.0
raw,"RDO No. 93A - Zamboanga City and RDO No. 93B - Zamboanga, Sibugay.",008-2024,"Feb. 17, 2024",4TH,ZAMBOANGA DEL SUR,ZAMBOANGA CITY,POBLACION (ZONE 3),VETERANS AVE,GOV. LIM AVE - GOV. ALVAREZ,RR,Residential - Regular,13500.0
raw,"RDO No. 93A - Zamboanga City and RDO No. 93B - Zamboanga, Sibugay.",008-2024,"Feb. 17, 2024",4TH,ZAMBOANGA DEL SUR,ZAMBOANGA CITY,POBLACION (ZONE 3),VETERANS AVE,INTERIOR LOT,RR,Residential - Regular,3500.0
raw,"RDO No. 93A - Zamboanga City and RDO No. 93B - Zamboanga, Sibugay.",008-2024,"Feb. 17, 2024",4TH,ZAMBOANGA DEL SUR,ZAMBOANGA CITY,POBLACION (ZONE 4),ALL OTHER STREETS,ZONE 4 BARANGAY POBLACION,CR,Commercial - Regular,22100.0
raw,"RDO No. 93A - Zamboanga City and RDO No. 93B - Zamboanga, Sibugay.",008-2024,"Feb. 17, 2024",4TH,ZAMBOANGA DEL SUR,ZAMBOANGA CITY,POBLACION (ZONE 4),ALL OTHER STREETS,ZONE 4 BARANGAY POBLACION,RR,Residential - Regular,10000.0
raw,"RDO No. 93A - Zamboanga City and RDO No. 93B - Zamboanga, Sibugay.",008-2024,"Feb. 17, 2024",4TH,ZAMBOANGA DEL SUR,ZAMBOANGA CITY,POBLACION (ZONE 4),ALL OTHER STREETS,INTERIOR LOT,RR,Residential - Regular,6800.0
raw,"RDO No. 93A - Zamboanga City and RDO No. 93B - Zamboanga, Sibugay.",008-2024,"Feb. 17, 2024",4TH,ZAMBOANGA DEL SUR,ZAMBOANGA CITY,POBLACION (ZONE 4),BARCELONA ST,I. MAGNO ST- GOV. LIM AVE,CR,Commercial - Regular,23200.0
raw,"RDO No. 93A - Zamboanga City and RDO No. 93B - Zamboanga, Sibugay.",008-2024,"Feb. 17, 2024",4TH,ZAMBOANGA DEL SUR,ZAMBOANGA CITY,POBLACION (ZONE 4),BARCELONA ST,I. MAGNO ST- GOV. LIM AVE,RR,Residential - Regular,13500.0
raw,"RDO No. 93A - Zamboanga City and RDO No. 93B - Zamboanga, Sibugay.",008-2024,"Feb. 17, 2024",4TH,ZAMBOANGA DEL SUR,ZAMBOANGA CITY,POBLACION (ZONE 4),CERVANTES ST,GEN. V. ALVAREZ ST - PILAR ST.,CR,Commercial - Regular,22100.0
raw,"RDO No. 93A - Zamboanga City and RDO No. 93B - Zamboanga, Sibugay.",008-2024,"Feb. 17, 2024",4TH,ZAMBOANGA DEL SUR,ZAMBOANGA CITY,POBLACION (ZONE 4),CERVANTES ST,GEN. V. ALVAREZ ST - PILAR ST.,RR,Residential - Regular,10400.0
raw,"RDO No. 93A - Zamboanga City and RDO No. 93B - Zamboanga, Sibugay.",008-2024,"Feb. 17, 2024",4TH,ZAMBOANGA DEL SUR,ZAMBOANGA CITY,POBLACION (ZONE 4),CLAVERIA ST,GEN. V. ALVAREZ - PILAR ST,CR,Commercial - Regular,22100.0
raw,"RDO No. 93A - Zamboanga City and RDO No. 93B - Zamboanga, Sibugay.",008-2024,"Feb. 17, 2024",4TH,ZAMBOANGA DEL SUR,ZAMBOANGA CITY,POBLACION (ZONE 4),CLAVERIA ST,GEN. V. ALVAREZ - PILAR ST,RR,Residential - Regular,10400.0
raw,"RDO No. 93A - Zamboanga City and RDO No. 93B - Zamboanga, Sibugay.",008-2024,"Feb. 17, 2024",4TH,ZAMBOANGA DEL SUR,ZAMBOANGA CITY,POBLACION (ZONE 4),CLIMACO AVE.,GOV. LIM AVE - J.S. ALANO ST,CR,Commercial - Regular,29700.0
raw,"RDO No. 93A - Zamboanga City and RDO No. 93B - Zamboanga, Sibugay.",008-2024,"Feb. 17, 2024",4TH,ZAMBOANGA DEL SUR,ZAMBOANGA CITY,POBLACION (ZONE 4),CORCUERA SR,PORT AREA - PILAR ST,CR,Commercial - Regular,22100.0
raw,"RDO No. 93A - Zamboanga City and RDO No. 93B - Zamboanga, Sibugay.",008-2024,"Feb. 17, 2024",4TH,ZAMBOANGA DEL SUR,ZAMBOANGA CITY,POBLACION (ZONE 4),CORCUERA SR,PORT AREA - PILAR ST,RR,Residential - Regular,11400.0
raw,"RDO No. 93A - Zamboanga City and RDO No. 93B - Zamboanga, Sibugay.",008-2024,"Feb. 17, 2024",4TH,ZAMBOANGA DEL SUR,ZAMBOANGA CITY,POBLACION (ZONE 4),DON P. LORENZO ST,GOV. LIM AVE. - PORT AREA,CR,Commercial - Regular,22900.0
raw,"RDO No. 93A - Zamboanga City and RDO No. 93B - Zamboanga, Sibugay.",008-2024,"Feb. 17, 2024",4TH,ZAMBOANGA DEL SUR,ZAMBOANGA CITY,POBLACION (ZONE 4),DON P. LORENZO ST,GOV. LIM AVE. - PORT AREA,X,Special / Other,23000.0
raw,"RDO No. 93A - Zamboanga City and RDO No. 93B - Zamboanga, Sibugay.",008-2024,"Feb. 17, 2024",4TH,ZAMBOANGA DEL SUR,ZAMBOANGA CITY,POBLACION (ZONE 4),GEN. V. ALVAREZ,P. LORENZO - VETERANS AVE,CR,Commercial - Regular,22100.0
raw,"RDO No. 93A - Zamboanga City and RDO No. 93B - Zamboanga, Sibugay.",008-2024,"Feb. 17, 2024",4TH,ZAMBOANGA DEL SUR,ZAMBOANGA CITY,POBLACION (ZONE 4),GEN. V. ALVAREZ,P. LORENZO - VETERANS AVE,RR,Residential - Regular,10300.0
raw,"RDO No. 93A - Zamboanga City and RDO No. 93B - Zamboanga, Sibugay.",008-2024,"Feb. 17, 2024",4TH,ZAMBOANGA DEL SUR,ZAMBOANGA CITY,POBLACION (ZONE 4),GEN. V. ALVAREZ,P. LORENZO - VETERANS AVE,X,Special / Other,22000.0
raw,"RDO No. 93A - Zamboanga City and RDO No. 93B - Zamboanga, Sibugay.",008-2024,"Feb. 17, 2024",4TH,ZAMBOANGA DEL SUR,ZAMBOANGA CITY,POBLACION (ZONE 4),GEN. V. ALVAREZ,INTERIOR LOT,RR,Residential - Regular,6900.0
raw,"RDO No. 93A - Zamboanga City and RDO No. 93B - Zamboanga, Sibugay.",008-2024,"Feb. 17, 2024",4TH,ZAMBOANGA DEL SUR,ZAMBOANGA CITY,POBLACION (ZONE 4),GOV. LIM AVE,CLIMACO AVE. - LA PURISIMA ST,CR,Commercial - Regular,23200.0
raw,"RDO No. 93A - Zamboanga City and RDO No. 93B - Zamboanga, Sibugay.",008-2024,"Feb. 17, 2024",4TH,ZAMBOANGA DEL SUR,ZAMBOANGA CITY,POBLACION (ZONE 4),GOV. LIM AVE,LA PURISIMA ST - VETERANS AVE,CR,Commercial - Regular,22900.0
raw,"RDO No. 93A - Zamboanga City and RDO No. 93B - Zamboanga, Sibugay.",008-2024,"Feb. 17, 2024",4TH,ZAMBOANGA DEL SUR,ZAMBOANGA CITY,POBLACION (ZONE 4),GOV. LIM AVE,LA PURISIMA ST - VETERANS AVE,RR,Residential - Regular,13300.0
raw,"RDO No. 93A - Zamboanga City and RDO No. 93B - Zamboanga, Sibugay.",008-2024,"Feb. 17, 2024",4TH,ZAMBOANGA DEL SUR,ZAMBOANGA CITY,POBLACION (ZONE 4),GOV. LIM AVE,LA PURISIMA ST - VETERANS AVE,X,Special / Other,22900.0
raw,"RDO No. 93A - Zamboanga City and RDO No. 93B - Zamboanga, Sibugay.",008-2024,"Feb. 17, 2024",4TH,ZAMBOANGA DEL SUR,ZAMBOANGA CITY,POBLACION (ZONE 4),I. MAGNO ST,CLIMACO - DON P. LORENZO ST,CR,Commercial - Regular,22900.0
raw,"RDO No. 93A - Zamboanga City and RDO No. 93B - Zamboanga, Sibugay.",008-2024,"Feb. 17, 2024",4TH,ZAMBOANGA DEL SUR,ZAMBOANGA CITY,POBLACION (ZONE 4),J. S. ALANO ST,GOV. LIM AVE - DON P. LORENZO ST,CR,Commercial - Regular,23200.0
raw,"RDO No. 93A - Zamboanga City and RDO No. 93B - Zamboanga, Sibugay.",008-2024,"Feb. 17, 2024",4TH,ZAMBOANGA DEL SUR,ZAMBOANGA CITY,POBLACION (ZONE 4),J. S. ALANO ST,GOV. LIM AVE - DON P. LORENZO ST,X,Special / Other,23000.0
raw,"RDO No. 93A - Zamboanga City and RDO No. 93B - Zamboanga, Sibugay.",008-2024,"Feb. 17, 2024",4TH,ZAMBOANGA DEL SUR,ZAMBOANGA CITY,POBLACION (ZONE 4),LA PURISIMA ST,GOV. LIM AVE. - I. MAGNO ST,CR,Commercial - Regular,32500.0
raw,"RDO No. 93A - Zamboanga City and RDO No. 93B - Zamboanga, Sibugay.",008-2024,"Feb. 17, 2024",4TH,ZAMBOANGA DEL SUR,ZAMBOANGA CITY,POBLACION (ZONE 4),MA. CLARA ST,VALDEROSA ST - ZARAGOZA ST,CR,Commercial - Regular,23200.0
raw,"RDO No. 93A - Zamboanga City and RDO No. 93B - Zamboanga, Sibugay.",008-2024,"Feb. 17, 2024",4TH,ZAMBOANGA DEL SUR,ZAMBOANGA CITY,POBLACION (ZONE 4),P. BURGOS ST.,GEN. V. ALVAREZ - NS VALDEROZA ST,X,Special / Other,23000.0
raw,"RDO No. 93A - Zamboanga City and RDO No. 93B - Zamboanga, Sibugay.",008-2024,"Feb. 17, 2024",4TH,ZAMBOANGA DEL SUR,ZAMBOANGA CITY,POBLACION (ZONE 4),P. REYES ST,GOV. LIM AVE - I. MAGNO ST,CR,Commercial - Regular,23200.0
raw,"RDO No. 93A - Zamboanga City and RDO No. 93B - Zamboanga, Sibugay.",008-2024,"Feb. 17, 2024",4TH,ZAMBOANGA DEL SUR,ZAMBOANGA CITY,POBLACION (ZONE 4),PILAR ST,DON P. LORENZO ST - VETERANS AVE,CR,Commercial - Regular,25000.0
raw,"RDO No. 93A - Zamboanga City and RDO No. 93B - Zamboanga, Sibugay.",008-2024,"Feb. 17, 2024",4TH,ZAMBOANGA DEL SUR,ZAMBOANGA CITY,POBLACION (ZONE 4),PILAR ST,DON P. LORENZO ST - VETERANS AVE,RR,Residential - Regular,13400.0
raw,"RDO No. 93A - Zamboanga City and RDO No. 93B - Zamboanga, Sibugay.",008-2024,"Feb. 17, 2024",4TH,ZAMBOANGA DEL SUR,ZAMBOANGA CITY,POBLACION (ZONE 4),PILAR ST,DON P. LORENZO ST - VETERANS AVE,X,Special / Other,24500.0
raw,"RDO No. 93A - Zamboanga City and RDO No. 93B - Zamboanga, Sibugay.",008-2024,"Feb. 17, 2024",4TH,ZAMBOANGA DEL SUR,ZAMBOANGA CITY,POBLACION (ZONE 4),PILAR ST,INTERIOR LOT,RR,Residential - Regular,9000.0
raw,"RDO No. 93A - Zamboanga City and RDO No. 93B - Zamboanga, Sibugay.",008-2024,"Feb. 17, 2024",4TH,ZAMBOANGA DEL SUR,ZAMBOANGA CITY,POBLACION (ZONE 4),PORT AREA RECLAIMED,PORT AREA - PUBLIC MARKET,GL,Golf Land,23200.0
raw,"RDO No. 93A - Zamboanga City and RDO No. 93B - Zamboanga, Sibugay.",008-2024,"Feb. 17, 2024",4TH,ZAMBOANGA DEL SUR,ZAMBOANGA CITY,POBLACION (ZONE 4),R. SOLIMAN ST,CLIMACO - PUBLIC MARKET,CR,Commercial - Regular,22600.0
raw,"RDO No. 93A - Zamboanga City and RDO No. 93B - Zamboanga, Sibugay.",008-2024,"Feb. 17, 2024",4TH,ZAMBOANGA DEL SUR,ZAMBOANGA CITY,POBLACION (ZONE 4),RIZAL ST,MA. CLARA - VILLALOBOS,CR,Commercial - Regular,22500.0
raw,"RDO No. 93A - Zamboanga City and RDO No. 93B - Zamboanga, Sibugay.",008-2024,"Feb. 17, 2024",4TH,ZAMBOANGA DEL SUR,ZAMBOANGA CITY,POBLACION (ZONE 4),RIZAL ST,MA. CLARA - VILLALOBOS,X,Special / Other,22300.0
raw,"RDO No. 93A - Zamboanga City and RDO No. 93B - Zamboanga, Sibugay.",008-2024,"Feb. 17, 2024",4TH,ZAMBOANGA DEL SUR,ZAMBOANGA CITY,POBLACION (ZONE 4),RIZAL ST. (FORMERLY PETTIT BARRACKS),VILLALOBOS - VETERANS AVE EXT. (FORMERLY FORT PILAR),X,Special / Other,23000.0
raw,"RDO No. 93A - Zamboanga City and RDO No. 93B - Zamboanga, Sibugay.",008-2024,"Feb. 17, 2024",4TH,ZAMBOANGA DEL SUR,ZAMBOANGA CITY,POBLACION (ZONE 4),SAN JOSE PANIGAYAN,P. LORENZO - CERVANTES,CR,Commercial - Regular,22100.0
raw,"RDO No. 93A - Zamboanga City and RDO No. 93B - Zamboanga, Sibugay.",008-2024,"Feb. 17, 2024",4TH,ZAMBOANGA DEL SUR,ZAMBOANGA CITY,POBLACION (ZONE 4),SAN JOSE PANIGAYAN,P. LORENZO - CERVANTES,RR,Residential - Regular,11000.0
raw,"RDO No. 93A - Zamboanga City and RDO No. 93B - Zamboanga, Sibugay.",008-2024,"Feb. 17, 2024",4TH,ZAMBOANGA DEL SUR,ZAMBOANGA CITY,POBLACION (ZONE 4),SAN JOSE PANIGAYAN,INTERIOR LOT,RR,Residential - Regular,6900.0
raw,"RDO No. 93A - Zamboanga City and RDO No. 93B - Zamboanga, Sibugay.",008-2024,"Feb. 17, 2024",4TH,ZAMBOANGA DEL SUR,ZAMBOANGA CITY,POBLACION (ZONE 4),SEVILLA ST.,DON P. LORENZO ST - GEN. V. ALVAREZ ST.,CR,Commercial - Regular,22100.0
raw,"RDO No. 93A - Zamboanga City and RDO No. 93B - Zamboanga, Sibugay.",008-2024,"Feb. 17, 2024",4TH,ZAMBOANGA DEL SUR,ZAMBOANGA CITY,POBLACION (ZONE 4),SEVILLA ST.,DON P. LORENZO ST - GEN. V. ALVAREZ ST.,RR,Residential - Regular,11000.0
raw,"RDO No. 93A - Zamboanga City and RDO No. 93B - Zamboanga, Sibugay.",008-2024,"Feb. 17, 2024",4TH,ZAMBOANGA DEL SUR,ZAMBOANGA CITY,POBLACION (ZONE 4),"V. ORENDAIN, SR. ST. (FORMER URDANETA)",GOV. LIM AVE - I. MAGNO ST,CR,Commercial - Regular,22400.0
raw,"RDO No. 93A - Zamboanga City and RDO No. 93B - Zamboanga, Sibugay.",008-2024,"Feb. 17, 2024",4TH,ZAMBOANGA DEL SUR,ZAMBOANGA CITY,POBLACION (ZONE 4),VALDEROSA ST,DON P. LORENZO - FORT PILAR,CR,Commercial - Regular,22100.0
raw,"RDO No. 93A - Zamboanga City and RDO No. 93B - Zamboanga, Sibugay.",008-2024,"Feb. 17, 2024",4TH,ZAMBOANGA DEL SUR,ZAMBOANGA CITY,POBLACION (ZONE 4),VETERANS AVE,GOV. LIM AVE - VALDEROSA (FORMERLY FORT PILAR),CR,Commercial - Regular,22600.0
raw,"RDO No. 93A - Zamboanga City and RDO No. 93B - Zamboanga, Sibugay.",008-2024,"Feb. 17, 2024",4TH,ZAMBOANGA DEL SUR,ZAMBOANGA CITY,POBLACION (ZONE 4),VETERANS AVE,GOV. LIM AVE - VALDEROSA (FORMERLY FORT PILAR),RR,Residential - Regular,16000.0
raw,"RDO No. 93A - Zamboanga City and RDO No. 93B - Zamboanga, Sibugay.",008-2024,"Feb. 17, 2024",4TH,ZAMBOANGA DEL SUR,ZAMBOANGA CITY,POBLACION (ZONE 4),VETERANS AVE,GOV. LIM AVE - VALDEROSA (FORMERLY FORT PILAR),X,Special / Other,22700.0
raw,"RDO No. 93A - Zamboanga City and RDO No. 93B - Zamboanga, Sibugay.",008-2024,"Feb. 17, 2024",4TH,ZAMBOANGA DEL SUR,ZAMBOANGA CITY,POBLACION (ZONE 4),VILLALOBOS ST,VALDEROSA ST - PILAR ST,CR,Commercial - Regular,22100.0
raw,"RDO No. 93A - Zamboanga City and RDO No. 93B - Zamboanga, Sibugay.",008-2024,"Feb. 17, 2024",4TH,ZAMBOANGA DEL SUR,ZAMBOANGA CITY,POBLACION (ZONE 4),VILLALOBOS ST,VALDEROSA ST - PILAR ST,RR,Residential - Regular,11300.0
raw,"RDO No. 93A - Zamboanga City and RDO No. 93B - Zamboanga, Sibugay.",008-2024,"Feb. 17, 2024",4TH,ZAMBOANGA DEL SUR,ZAMBOANGA CITY,POBLACION (ZONE 4),VILLALOBOS ST,INTERIOR LOT,RR,Residential - Regular,8000.0
raw,"RDO No. 93A - Zamboanga City and RDO No. 93B - Zamboanga, Sibugay.",008-2024,"Feb. 17, 2024",4TH,ZAMBOANGA DEL SUR,ZAMBOANGA CITY,POBLACION (ZONE 4),ZARAGOSA ST,I. MAGNO ST- VILLALOBOS ST,CR,Commercial - Regular,23200.0
raw,"RDO No. 93A - Zamboanga City and RDO No. 93B - Zamboanga, Sibugay.",008-2024,"Feb. 17, 2024",4TH,ZAMBOANGA DEL SUR,ZAMBOANGA CITY,POBLACION (ZONE 4),ZARAGOSA ST,I. MAGNO ST- VILLALOBOS ST,RR,Residential - Regular,13300.0
raw,"RDO No. 93A - Zamboanga City and RDO No. 93B - Zamboanga, Sibugay.",008-2024,"Feb. 17, 2024",4TH,ZAMBOANGA DEL SUR,ZAMBOANGA CITY,PUTIK,A & W SUBDIVISION(MORNING GLORY),INTERIOR LOT,RR,Residential - Regular,2700.0
raw,"RDO No. 93A - Zamboanga City and RDO No. 93B - Zamboanga, Sibugay.",008-2024,"Feb. 17, 2024",4TH,ZAMBOANGA DEL SUR,ZAMBOANGA CITY,PUTIK,A & W SUBDIVISION(STO NINO),INTERIOR LOT,RR,Residential - Regular,2600.0
raw,"RDO No. 93A - Zamboanga City and RDO No. 93B - Zamboanga, Sibugay.",008-2024,"Feb. 17, 2024",4TH,ZAMBOANGA DEL SUR,ZAMBOANGA CITY,PUTIK,ALL OTHER SUBDIVISION,INTERIOR LOT,RR,Residential - Regular,1700.0
raw,"RDO No. 93A - Zamboanga City and RDO No. 93B - Zamboanga, Sibugay.",008-2024,"Feb. 17, 2024",4TH,ZAMBOANGA DEL SUR,ZAMBOANGA CITY,PUTIK,ALL SOCIALIZED HOUSING SUBDIVISION,INTERIOR LOT,RR,Residential - Regular,1500.0
raw,"RDO No. 93A - Zamboanga City and RDO No. 93B - Zamboanga, Sibugay.",,,,ZAMBOANGA DEL SUR,ZAMBOANGA CITY,PUTIK,ALL STREETS,,RR,Residential - Regular,1050.0
raw,"RDO No. 93A - Zamboanga City and RDO No. 93B - Zamboanga, Sibugay.",,,,ZAMBOANGA DEL SUR,ZAMBOANGA CITY,PUTIK,ALL STREETS,,A50,Agricultural - A50,19.0
raw,"RDO No. 93A - Zamboanga City and RDO No. 93B - Zamboanga, Sibugay.",,,,ZAMBOANGA DEL SUR,ZAMBOANGA CITY,PUTIK,ALL STREETS,INTERIOR,RR,Residential - Regular,620.0
raw,"RDO No. 93A - Zamboanga City and RDO No. 93B - Zamboanga, Sibugay.",,,,ZAMBOANGA DEL SUR,ZAMBOANGA CITY,PUTIK,ALL STREETS,,RR,Residential - Regular,200.0
raw,"RDO No. 93A - Zamboanga City and RDO No. 93B - Zamboanga, Sibugay.",,,,ZAMBOANGA DEL SUR,ZAMBOANGA CITY,PUTIK,ALL STREETS,,A,Agricultural,11.5
raw,"RDO No. 93A - Zamboanga City and RDO No. 93B - Zamboanga, Sibugay.",,,,ZAMBOANGA DEL SUR,ZAMBOANGA CITY,PUTIK,ALL STREETS,,RR,Residential - Regular,100.0
raw,"RDO No. 93A - Zamboanga City and RDO No. 93B - Zamboanga, Sibugay.",,,,ZAMBOANGA DEL SUR,ZAMBOANGA CITY,PUTIK,ALL STREETS,,A,Agricultural,5.0
raw,"RDO No. 93A - Zamboanga City and RDO No. 93B - Zamboanga, Sibugay.",008-2024,"Feb. 17, 2024",4TH,ZAMBOANGA DEL SUR,ZAMBOANGA CITY,PUTIK,ALL STREETS,,CR,Commercial - Regular,4900.0
raw,"RDO No. 93A - Zamboanga City and RDO No. 93B - Zamboanga, Sibugay.",008-2024,"Feb. 17, 2024",4TH,ZAMBOANGA DEL SUR,ZAMBOANGA CITY,PUTIK,ALL STREETS,,RR,Residential - Regular,3200.0
raw,"RDO No. 93A - Zamboanga City and RDO No. 93B - Zamboanga, Sibugay.",008-2024,"Feb. 17, 2024",4TH,ZAMBOANGA DEL SUR,ZAMBOANGA CITY,PUTIK,ALL STREETS,,A50,Agricultural - A50,200.0
raw,"RDO No. 93A - Zamboanga City and RDO No. 93B - Zamboanga, Sibugay.",008-2024,"Feb. 17, 2024",4TH,ZAMBOANGA DEL SUR,ZAMBOANGA CITY,PUTIK,ALL STREETS,INTERIOR LOT,CR,Commercial - Regular,3200.0
raw,"RDO No. 93A - Zamboanga City and RDO No. 93B - Zamboanga, Sibugay.",008-2024,"Feb. 17, 2024",4TH,ZAMBOANGA DEL SUR,ZAMBOANGA CITY,PUTIK,ALL STREETS,INTERIOR LOT,RR,Residential - Regular,2200.0
raw,"RDO No. 93A - Zamboanga City and RDO No. 93B - Zamboanga, Sibugay.",,2010-08-06,,ZAMBOANGA DEL SUR,ZAMBOANGA CITY,PUTIK,ALL STREETS,,RR,Residential - Regular,1050.0
raw,"RDO No. 93A - Zamboanga City and RDO No. 93B - Zamboanga, Sibugay.",,2010-08-06,,ZAMBOANGA DEL SUR,ZAMBOANGA CITY,PUTIK,ALL STREETS,,A50,Agricultural - A50,19.0
raw,"RDO No. 93A - Zamboanga City and RDO No. 93B - Zamboanga, Sibugay.",,2010-08-06,,ZAMBOANGA DEL SUR,ZAMBOANGA CITY,PUTIK,ALL STREETS,INTERIOR,RR,Residential - Regular,620.0
raw,"RDO No. 93A - Zamboanga City and RDO No. 93B - Zamboanga, Sibugay.",,1995-12-25,,ZAMBOANGA DEL SUR,ZAMBOANGA CITY,PUTIK,ALL STREETS,,RR,Residential - Regular,200.0
raw,"RDO No. 93A - Zamboanga City and RDO No. 93B - Zamboanga, Sibugay.",,1995-12-25,,ZAMBOANGA DEL SUR,ZAMBOANGA CITY,PUTIK,ALL STREETS,,A,Agricultural,11.5
raw,"RDO No. 93A - Zamboanga City and RDO No. 93B - Zamboanga, Sibugay.",,1990-01-02,,ZAMBOANGA DEL SUR,ZAMBOANGA CITY,PUTIK,ALL STREETS,,RR,Residential - Regular,100.0
raw,"RDO No. 93A - Zamboanga City and RDO No. 93B - Zamboanga, Sibugay.",,1990-01-02,,ZAMBOANGA DEL SUR,ZAMBOANGA CITY,PUTIK,ALL STREETS,,A,Agricultural,5.0
raw,"RDO No. 93A - Zamboanga City and RDO No. 93B - Zamboanga, Sibugay.",008-2024,"Feb. 17, 2024",4TH,ZAMBOANGA DEL SUR,ZAMBOANGA CITY,PUTIK,SAND'S SUBDIVISION,INTERIOR LOT,RR,Residential - Regular,2700.0
raw,"RDO No. 93A - Zamboanga City and RDO No. 93B - Zamboanga, Sibugay.",,,,ZAMBOANGA DEL SUR,ZAMBOANGA CITY,QUINIPOT,ALL STREETS,,RR,Residential - Regular,120.0
raw,"RDO No. 93A - Zamboanga City and RDO No. 93B - Zamboanga, Sibugay.",,,,ZAMBOANGA DEL SUR,ZAMBOANGA CITY,QUINIPOT,ALL STREETS,,A50,Agricultural - A50,7.0
raw,"RDO No. 93A - Zamboanga City and RDO No. 93B - Zamboanga, Sibugay.",,,,ZAMBOANGA DEL SUR,ZAMBOANGA CITY,QUINIPOT,ALL STREETS,INTERIOR,RR,Residential - Regular,70.0
raw,"RDO No. 93A - Zamboanga City and RDO No. 93B - Zamboanga, Sibugay.",,,,ZAMBOANGA DEL SUR,ZAMBOANGA CITY,QUINIPOT,ALL STREETS,,RR,Residential - Regular,40.0
raw,"RDO No. 93A - Zamboanga City and RDO No. 93B - Zamboanga, Sibugay.",,,,ZAMBOANGA DEL SUR,ZAMBOANGA CITY,QUINIPOT,ALL STREETS,,A,Agricultural,4.0
raw,"RDO No. 93A - Zamboanga City and RDO No. 93B - Zamboanga, Sibugay.",,2010-08-06,,ZAMBOANGA DEL SUR,ZAMBOANGA CITY,QUINIPOT,ALL STREETS,,RR,Residential - Regular,120.0
raw,"RDO No. 93A - Zamboanga City and RDO No. 93B - Zamboanga, Sibugay.",,2010-08-06,,ZAMBOANGA DEL SUR,ZAMBOANGA CITY,QUINIPOT,ALL STREETS,,A50,Agricultural - A50,7.0
raw,"RDO No. 93A - Zamboanga City and RDO No. 93B - Zamboanga, Sibugay.",,2010-08-06,,ZAMBOANGA DEL SUR,ZAMBOANGA CITY,QUINIPOT,ALL STREETS,INTERIOR,RR,Residential - Regular,70.0
raw,"RDO No. 93A - Zamboanga City and RDO No. 93B - Zamboanga, Sibugay.",,1995-12-25,,ZAMBOANGA DEL SUR,ZAMBOANGA CITY,QUINIPOT,ALL STREETS,,RR,Residential - Regular,40.0
raw,"RDO No. 93A - Zamboanga City and RDO No. 93B - Zamboanga, Sibugay.",,1995-12-25,,ZAMBOANGA DEL SUR,ZAMBOANGA CITY,QUINIPOT,ALL STREETS,,A,Agricultural,4.0
raw,"RDO No. 93A - Zamboanga City and RDO No. 93B - Zamboanga, Sibugay.",,,,ZAMBOANGA DEL SUR,ZAMBOANGA CITY,QUINIPUT,ALL STREETS,,RR,Residential - Regular,20.0
raw,"RDO No. 93A - Zamboanga City and RDO No. 93B - Zamboanga, Sibugay.",,,,ZAMBOANGA DEL SUR,ZAMBOANGA CITY,QUINIPUT,ALL STREETS,,A,Agricultural,1.0
raw,"RDO No. 93A - Zamboanga City and RDO No. 93B - Zamboanga, Sibugay.",008-2024,"Feb. 17, 2024",4TH,ZAMBOANGA DEL SUR,ZAMBOANGA CITY,QUINIPUT,ALL STREETS,,RR,Residential - Regular,500.0
raw,"RDO No. 93A - Zamboanga City and RDO No. 93B - Zamboanga, Sibugay.",008-2024,"Feb. 17, 2024",4TH,ZAMBOANGA DEL SUR,ZAMBOANGA CITY,QUINIPUT,ALL STREETS,,A50,Agricultural - A50,50.0
raw,"RDO No. 93A - Zamboanga City and RDO No. 93B - Zamboanga, Sibugay.",008-2024,"Feb. 17, 2024",4TH,ZAMBOANGA DEL SUR,ZAMBOANGA CITY,QUINIPUT,ALL STREETS,INTERIOR LOT,RR,Residential - Regular,200.0
raw,"RDO No. 93A - Zamboanga City and RDO No. 93B - Zamboanga, Sibugay.",,1990-01-02,,ZAMBOANGA DEL SUR,ZAMBOANGA CITY,QUINIPUT,ALL STREETS,,RR,Residential - Regular,20.0
raw,"RDO No. 93A - Zamboanga City and RDO No. 93B - Zamboanga, Sibugay.",,1990-01-02,,ZAMBOANGA DEL SUR,ZAMBOANGA CITY,QUINIPUT,ALL STREETS,,A,Agricultural,1.0
raw,"RDO No. 93A - Zamboanga City and RDO No. 93B - Zamboanga, Sibugay.",,,,ZAMBOANGA DEL SUR,ZAMBOANGA CITY,RECODO,ALL STREETS,,RR,Residential - Regular,275.0
raw,"RDO No. 93A - Zamboanga City and RDO No. 93B - Zamboanga, Sibugay.",,,,ZAMBOANGA DEL SUR,ZAMBOANGA CITY,RECODO,ALL STREETS,,I,Industrial,435.0
raw,"RDO No. 93A - Zamboanga City and RDO No. 93B - Zamboanga, Sibugay.",,,,ZAMBOANGA DEL SUR,ZAMBOANGA CITY,RECODO,ALL STREETS,,A50,Agricultural - A50,19.0
raw,"RDO No. 93A - Zamboanga City and RDO No. 93B - Zamboanga, Sibugay.",,,,ZAMBOANGA DEL SUR,ZAMBOANGA CITY,RECODO,ALL STREETS,,RR,Residential - Regular,65.0
raw,"RDO No. 93A - Zamboanga City and RDO No. 93B - Zamboanga, Sibugay.",,,,ZAMBOANGA DEL SUR,ZAMBOANGA CITY,RECODO,ALL STREETS,,I,Industrial,90.0
raw,"RDO No. 93A - Zamboanga City and RDO No. 93B - Zamboanga, Sibugay.",,,,ZAMBOANGA DEL SUR,ZAMBOANGA CITY,RECODO,ALL STREETS,,A,Agricultural,11.5
raw,"RDO No. 93A - Zamboanga City and RDO No. 93B - Zamboanga, Sibugay.",,,,ZAMBOANGA DEL SUR,ZAMBOANGA CITY,RECODO,ALL STREETS,,RR,Residential - Regular,40.0
raw,"RDO No. 93A - Zamboanga City and RDO No. 93B - Zamboanga, Sibugay.",,,,ZAMBOANGA DEL SUR,ZAMBOANGA CITY,RECODO,ALL STREETS,,I,Industrial,60.0
raw,"RDO No. 93A - Zamboanga City and RDO No. 93B - Zamboanga, Sibugay.",,,,ZAMBOANGA DEL SUR,ZAMBOANGA CITY,RECODO,ALL STREETS,,A,Agricultural,3.0
raw,"RDO No. 93A - Zamboanga City and RDO No. 93B - Zamboanga, Sibugay.",008-2024,"Feb. 17, 2024",4TH,ZAMBOANGA DEL SUR,ZAMBOANGA CITY,RECODO,ALL STREETS,,CR,Commercial - Regular,2500.0
raw,"RDO No. 93A - Zamboanga City and RDO No. 93B - Zamboanga, Sibugay.",008-2024,"Feb. 17, 2024",4TH,ZAMBOANGA DEL SUR,ZAMBOANGA CITY,RECODO,ALL STREETS,,RR,Residential - Regular,1200.0
raw,"RDO No. 93A - Zamboanga City and RDO No. 93B - Zamboanga, Sibugay.",008-2024,"Feb. 17, 2024",4TH,ZAMBOANGA DEL SUR,ZAMBOANGA CITY,RECODO,ALL STREETS,,I,Industrial,3900.0
raw,"RDO No. 93A - Zamboanga City and RDO No. 93B - Zamboanga, Sibugay.",008-2024,"Feb. 17, 2024",4TH,ZAMBOANGA DEL SUR,ZAMBOANGA CITY,RECODO,ALL STREETS,,A50,Agricultural - A50,200.0
raw,"RDO No. 93A - Zamboanga City and RDO No. 93B - Zamboanga, Sibugay.",008-2024,"Feb. 17, 2024",4TH,ZAMBOANGA DEL SUR,ZAMBOANGA CITY,RECODO,ALL STREETS,INTERIOR LOT,RR,Residential - Regular,600.0
raw,"RDO No. 93A - Zamboanga City and RDO No. 93B - Zamboanga, Sibugay.",,2010-08-06,,ZAMBOANGA DEL SUR,ZAMBOANGA CITY,RECODO,ALL STREETS,,RR,Residential - Regular,275.0
raw,"RDO No. 93A - Zamboanga City and RDO No. 93B - Zamboanga, Sibugay.",,2010-08-06,,ZAMBOANGA DEL SUR,ZAMBOANGA CITY,RECODO,ALL STREETS,,I,Industrial,435.0
raw,"RDO No. 93A - Zamboanga City and RDO No. 93B - Zamboanga, Sibugay.",,2010-08-06,,ZAMBOANGA DEL SUR,ZAMBOANGA CITY,RECODO,ALL STREETS,,A50,Agricultural - A50,19.0
raw,"RDO No. 93A - Zamboanga City and RDO No. 93B - Zamboanga, Sibugay.",,1995-12-25,,ZAMBOANGA DEL SUR,ZAMBOANGA CITY,RECODO,ALL STREETS,,RR,Residential - Regular,65.0
raw,"RDO No. 93A - Zamboanga City and RDO No. 93B - Zamboanga, Sibugay.",,1995-12-25,,ZAMBOANGA DEL SUR,ZAMBOANGA CITY,RECODO,ALL STREETS,,I,Industrial,90.0
raw,"RDO No. 93A - Zamboanga City and RDO No. 93B - Zamboanga, Sibugay.",,1995-12-25,,ZAMBOANGA DEL SUR,ZAMBOANGA CITY,RECODO,ALL STREETS,,A,Agricultural,11.5
raw,"RDO No. 93A - Zamboanga City and RDO No. 93B - Zamboanga, Sibugay.",,1990-01-02,,ZAMBOANGA DEL SUR,ZAMBOANGA CITY,RECODO,ALL STREETS,,RR,Residential - Regular,40.0
raw,"RDO No. 93A - Zamboanga City and RDO No. 93B - Zamboanga, Sibugay.",,1990-01-02,,ZAMBOANGA DEL SUR,ZAMBOANGA CITY,RECODO,ALL STREETS,,I,Industrial,60.0
raw,"RDO No. 93A - Zamboanga City and RDO No. 93B - Zamboanga, Sibugay.",,1990-01-02,,ZAMBOANGA DEL SUR,ZAMBOANGA CITY,RECODO,ALL STREETS,,A,Agricultural,3.0
raw,"RDO No. 93A - Zamboanga City and RDO No. 93B - Zamboanga, Sibugay.",,,,ZAMBOANGA DEL SUR,ZAMBOANGA CITY,RIO HONDO,ALL OTHER STREETS,,RR,Residential - Regular,150.0
raw,"RDO No. 93A - Zamboanga City and RDO No. 93B - Zamboanga, Sibugay.",,,,ZAMBOANGA DEL SUR,ZAMBOANGA CITY,RIO HONDO,ALL OTHER STREETS,,RR,Residential - Regular,120.0
raw,"RDO No. 93A - Zamboanga City and RDO No. 93B - Zamboanga, Sibugay.",,1995-12-25,,ZAMBOANGA DEL SUR,ZAMBOANGA CITY,RIO HONDO,ALL OTHER STREETS,,RR,Residential - Regular,150.0
raw,"RDO No. 93A - Zamboanga City and RDO No. 93B - Zamboanga, Sibugay.",,1990-01-02,,ZAMBOANGA DEL SUR,ZAMBOANGA CITY,RIO HONDO,ALL OTHER STREETS,,RR,Residential - Regular,120.0
raw,"RDO No. 93A - Zamboanga City and RDO No. 93B - Zamboanga, Sibugay.",,,,ZAMBOANGA DEL SUR,ZAMBOANGA CITY,RIO HONDO,ALL STREETS,,RR,Residential - Regular,270.0
raw,"RDO No. 93A - Zamboanga City and RDO No. 93B - Zamboanga, Sibugay.",008-2024,"Feb. 17, 2024",4TH,ZAMBOANGA DEL SUR,ZAMBOANGA CITY,RIO HONDO,ALL STREETS,,CR,Commercial - Regular,2400.0
raw,"RDO No. 93A - Zamboanga City and RDO No. 93B - Zamboanga, Sibugay.",008-2024,"Feb. 17, 2024",4TH,ZAMBOANGA DEL SUR,ZAMBOANGA CITY,RIO HONDO,ALL STREETS,,RR,Residential - Regular,1100.0
raw,"RDO No. 93A - Zamboanga City and RDO No. 93B - Zamboanga, Sibugay.",008-2024,"Feb. 17, 2024",4TH,ZAMBOANGA DEL SUR,ZAMBOANGA CITY,RIO HONDO,ALL STREETS,INTERIOR LOT,RR,Residential - Regular,700.0
raw,"RDO No. 93A - Zamboanga City and RDO No. 93B - Zamboanga, Sibugay.",008-2024,"Feb. 17, 2024",4TH,ZAMBOANGA DEL SUR,ZAMBOANGA CITY,RIO HONDO,ALL STREETS,INTERIOR LOT,A50,Agricultural - A50,50.0
raw,"RDO No. 93A - Zamboanga City and RDO No. 93B - Zamboanga, Sibugay.",,2010-08-06,,ZAMBOANGA DEL SUR,ZAMBOANGA CITY,RIO HONDO,ALL STREETS,,RR,Residential - Regular,270.0
raw,"RDO No. 93A - Zamboanga City and RDO No. 93B - Zamboanga, Sibugay.",,,,ZAMBOANGA DEL SUR,ZAMBOANGA CITY,SALAAN,,,A,Agricultural,6.5
raw,"RDO No. 93A - Zamboanga City and RDO No. 93B - Zamboanga, Sibugay.",,,,ZAMBOANGA DEL SUR,ZAMBOANGA CITY,SALAAN,,,A,Agricultural,2.0
raw,"RDO No. 93A - Zamboanga City and RDO No. 93B - Zamboanga, Sibugay.",,1995-12-25,,ZAMBOANGA DEL SUR,ZAMBOANGA CITY,SALAAN,,,A,Agricultural,6.5
raw,"RDO No. 93A - Zamboanga City and RDO No. 93B - Zamboanga, Sibugay.",,1990-01-02,,ZAMBOANGA DEL SUR,ZAMBOANGA CITY,SALAAN,,,A,Agricultural,2.0
raw,"RDO No. 93A - Zamboanga City and RDO No. 93B - Zamboanga, Sibugay.",,,,ZAMBOANGA DEL SUR,ZAMBOANGA CITY,SALAAN,ALL STREETS,,RR,Residential - Regular,95.0
raw,"RDO No. 93A - Zamboanga City and RDO No. 93B - Zamboanga, Sibugay.",,,,ZAMBOANGA DEL SUR,ZAMBOANGA CITY,SALAAN,ALL STREETS,,A50,Agricultural - A50,11.0
raw,"RDO No. 93A - Zamboanga City and RDO No. 93B - Zamboanga, Sibugay.",008-2024,"Feb. 17, 2024",4TH,ZAMBOANGA DEL SUR,ZAMBOANGA CITY,SALAAN,ALL STREETS,,CR,Commercial - Regular,2400.0
raw,"RDO No. 93A - Zamboanga City and RDO No. 93B - Zamboanga, Sibugay.",008-2024,"Feb. 17, 2024",4TH,ZAMBOANGA DEL SUR,ZAMBOANGA CITY,SALAAN,ALL STREETS,,RR,Residential - Regular,1300.0
raw,"RDO No. 93A - Zamboanga City and RDO No. 93B - Zamboanga, Sibugay.",008-2024,"Feb. 17, 2024",4TH,ZAMBOANGA DEL SUR,ZAMBOANGA CITY,SALAAN,ALL STREETS,,X,Special / Other,1300.0
raw,"RDO No. 93A - Zamboanga City and RDO No. 93B - Zamboanga, Sibugay.",008-2024,"Feb. 17, 2024",4TH,ZAMBOANGA DEL SUR,ZAMBOANGA CITY,SALAAN,ALL STREETS,,A50,Agricultural - A50,50.0
raw,"RDO No. 93A - Zamboanga City and RDO No. 93B - Zamboanga, Sibugay.",008-2024,"Feb. 17, 2024",4TH,ZAMBOANGA DEL SUR,ZAMBOANGA CITY,SALAAN,ALL STREETS,INTERIOR LOT,RR,Residential - Regular,700.0
raw,"RDO No. 93A - Zamboanga City and RDO No. 93B - Zamboanga, Sibugay.",,2010-08-06,,ZAMBOANGA DEL SUR,ZAMBOANGA CITY,SALAAN,ALL STREETS,,RR,Residential - Regular,95.0
raw,"RDO No. 93A - Zamboanga City and RDO No. 93B - Zamboanga, Sibugay.",,2010-08-06,,ZAMBOANGA DEL SUR,ZAMBOANGA CITY,SALAAN,ALL STREETS,,A50,Agricultural - A50,11.0
raw,"RDO No. 93A - Zamboanga City and RDO No. 93B - Zamboanga, Sibugay.",,,,ZAMBOANGA DEL SUR,ZAMBOANGA CITY,SAN JOSE,B. NAVARRO,,RR,Residential - Regular,130.0
raw,"RDO No. 93A - Zamboanga City and RDO No. 93B - Zamboanga, Sibugay.",,1990-01-02,,ZAMBOANGA DEL SUR,ZAMBOANGA CITY,SAN JOSE,B. NAVARRO,,RR,Residential - Regular,130.0
raw,"RDO No. 93A - Zamboanga City and RDO No. 93B - Zamboanga, Sibugay.",,,,ZAMBOANGA DEL SUR,ZAMBOANGA CITY,SAN JOSE,R. T. LIM,,X,Special / Other,130.0
raw,"RDO No. 93A - Zamboanga City and RDO No. 93B - Zamboanga, Sibugay.",,1990-01-02,,ZAMBOANGA DEL SUR,ZAMBOANGA CITY,SAN JOSE,R. T. LIM,,X,Special / Other,130.0
raw,"RDO No. 93A - Zamboanga City and RDO No. 93B - Zamboanga, Sibugay.",,,,ZAMBOANGA DEL SUR,ZAMBOANGA CITY,SAN JOSE -B NAVARRO,R. T. LIM,,RR,Residential - Regular,380.0
raw,"RDO No. 93A - Zamboanga City and RDO No. 93B - Zamboanga, Sibugay.",,,,ZAMBOANGA DEL SUR,ZAMBOANGA CITY,SAN JOSE -B NAVARRO,R. T. LIM,,X,Special / Other,260.0
raw,"RDO No. 93A - Zamboanga City and RDO No. 93B - Zamboanga, Sibugay.",,1995-12-25,,ZAMBOANGA DEL SUR,ZAMBOANGA CITY,SAN JOSE -B NAVARRO,R. T. LIM,,RR,Residential - Regular,380.0
raw,"RDO No. 93A - Zamboanga City and RDO No. 93B - Zamboanga, Sibugay.",,1995-12-25,,ZAMBOANGA DEL SUR,ZAMBOANGA CITY,SAN JOSE -B NAVARRO,R. T. LIM,,X,Special / Other,260.0
raw,"RDO No. 93A - Zamboanga City and RDO No. 93B - Zamboanga, Sibugay.",,,,ZAMBOANGA DEL SUR,ZAMBOANGA CITY,SAN JOSE -CAWA-CAWA,R. T. LIM,,RR,Residential - Regular,1320.0
raw,"RDO No. 93A - Zamboanga City and RDO No. 93B - Zamboanga, Sibugay.",,,,ZAMBOANGA DEL SUR,ZAMBOANGA CITY,SAN JOSE -CAWA-CAWA,R. T. LIM,,CR,Commercial - Regular,3200.0
raw,"RDO No. 93A - Zamboanga City and RDO No. 93B - Zamboanga, Sibugay.",,,,ZAMBOANGA DEL SUR,ZAMBOANGA CITY,SAN JOSE -CAWA-CAWA,R. T. LIM,,X,Special / Other,1500.0
raw,"RDO No. 93A - Zamboanga City and RDO No. 93B - Zamboanga, Sibugay.",,,,ZAMBOANGA DEL SUR,ZAMBOANGA CITY,SAN JOSE -CAWA-CAWA,R. T. LIM,INTERIOR,RR,Residential - Regular,790.0
raw,"RDO No. 93A - Zamboanga City and RDO No. 93B - Zamboanga, Sibugay.",,2010-08-06,,ZAMBOANGA DEL SUR,ZAMBOANGA CITY,SAN JOSE -CAWA-CAWA,R. T. LIM,,RR,Residential - Regular,1320.0
raw,"RDO No. 93A - Zamboanga City and RDO No. 93B - Zamboanga, Sibugay.",,2010-08-06,,ZAMBOANGA DEL SUR,ZAMBOANGA CITY,SAN JOSE -CAWA-CAWA,R. T. LIM,,CR,Commercial - Regular,3200.0
raw,"RDO No. 93A - Zamboanga City and RDO No. 93B - Zamboanga, Sibugay.",,2010-08-06,,ZAMBOANGA DEL SUR,ZAMBOANGA CITY,SAN JOSE -CAWA-CAWA,R. T. LIM,,X,Special / Other,1500.0
raw,"RDO No. 93A - Zamboanga City and RDO No. 93B - Zamboanga, Sibugay.",,2010-08-06,,ZAMBOANGA DEL SUR,ZAMBOANGA CITY,SAN JOSE -CAWA-CAWA,R. T. LIM,INTERIOR,RR,Residential - Regular,790.0
raw,"RDO No. 93A - Zamboanga City and RDO No. 93B - Zamboanga, Sibugay.",,,,ZAMBOANGA DEL SUR,ZAMBOANGA CITY,SAN JOSE GUSU,ALL STREETS,,RR,Residential - Regular,725.0
raw,"RDO No. 93A - Zamboanga City and RDO No. 93B - Zamboanga, Sibugay.",,,,ZAMBOANGA DEL SUR,ZAMBOANGA CITY,SAN JOSE GUSU,ALL STREETS,,CR,Commercial - Regular,2000.0
raw,"RDO No. 93A - Zamboanga City and RDO No. 93B - Zamboanga, Sibugay.",,,,ZAMBOANGA DEL SUR,ZAMBOANGA CITY,SAN JOSE GUSU,ALL STREETS,INTERIOR,RR,Residential - Regular,435.0
raw,"RDO No. 93A - Zamboanga City and RDO No. 93B - Zamboanga, Sibugay.",,,,ZAMBOANGA DEL SUR,ZAMBOANGA CITY,SAN JOSE GUSU,ALL STREETS,,RR,Residential - Regular,200.0
raw,"RDO No. 93A - Zamboanga City and RDO No. 93B - Zamboanga, Sibugay.",,,,ZAMBOANGA DEL SUR,ZAMBOANGA CITY,SAN JOSE GUSU,ALL STREETS,,GL,Golf Land,40.0
raw,"RDO No. 93A - Zamboanga City and RDO No. 93B - Zamboanga, Sibugay.",,,,ZAMBOANGA DEL SUR,ZAMBOANGA CITY,SAN JOSE GUSU,ALL STREETS,,RR,Residential - Regular,100.0
raw,"RDO No. 93A - Zamboanga City and RDO No. 93B - Zamboanga, Sibugay.",008-2024,"Feb. 17, 2024",4TH,ZAMBOANGA DEL SUR,ZAMBOANGA CITY,SAN JOSE GUSU,ALL STREETS,,CR,Commercial - Regular,4300.0
raw,"RDO No. 93A - Zamboanga City and RDO No. 93B - Zamboanga, Sibugay.",008-2024,"Feb. 17, 2024",4TH,ZAMBOANGA DEL SUR,ZAMBOANGA CITY,SAN JOSE GUSU,ALL STREETS,,RR,Residential - Regular,3000.0
raw,"RDO No. 93A - Zamboanga City and RDO No. 93B - Zamboanga, Sibugay.",008-2024,"Feb. 17, 2024",4TH,ZAMBOANGA DEL SUR,ZAMBOANGA CITY,SAN JOSE GUSU,ALL STREETS,,X,Special / Other,3100.0
raw,"RDO No. 93A - Zamboanga City and RDO No. 93B - Zamboanga, Sibugay.",008-2024,"Feb. 17, 2024",4TH,ZAMBOANGA DEL SUR,ZAMBOANGA CITY,SAN JOSE GUSU,ALL STREETS,INTERIOR LOT,RR,Residential - Regular,2000.0
raw,"RDO No. 93A - Zamboanga City and RDO No. 93B - Zamboanga, Sibugay.",,2010-08-06,,ZAMBOANGA DEL SUR,ZAMBOANGA CITY,SAN JOSE GUSU,ALL STREETS,,RR,Residential - Regular,725.0
raw,"RDO No. 93A - Zamboanga City and RDO No. 93B - Zamboanga, Sibugay.",,2010-08-06,,ZAMBOANGA DEL SUR,ZAMBOANGA CITY,SAN JOSE GUSU,ALL STREETS,,CR,Commercial - Regular,2000.0
raw,"RDO No. 93A - Zamboanga City and RDO No. 93B - Zamboanga, Sibugay.",,2010-08-06,,ZAMBOANGA DEL SUR,ZAMBOANGA CITY,SAN JOSE GUSU,ALL STREETS,INTERIOR,RR,Residential - Regular,435.0
raw,"RDO No. 93A - Zamboanga City and RDO No. 93B - Zamboanga, Sibugay.",,1995-12-25,,ZAMBOANGA DEL SUR,ZAMBOANGA CITY,SAN JOSE GUSU,ALL STREETS,,RR,Residential - Regular,200.0
raw,"RDO No. 93A - Zamboanga City and RDO No. 93B - Zamboanga, Sibugay.",,1995-12-25,,ZAMBOANGA DEL SUR,ZAMBOANGA CITY,SAN JOSE GUSU,ALL STREETS,,GL,Golf Land,40.0
raw,"RDO No. 93A - Zamboanga City and RDO No. 93B - Zamboanga, Sibugay.",,1990-01-02,,ZAMBOANGA DEL SUR,ZAMBOANGA CITY,SAN JOSE GUSU,ALL STREETS,,RR,Residential - Regular,100.0
raw,"RDO No. 93A - Zamboanga City and RDO No. 93B - Zamboanga, Sibugay.",008-2024,"Feb. 17, 2024",4TH,ZAMBOANGA DEL SUR,ZAMBOANGA CITY,SAN JOSE-CAWA-CAWA,R. T. LIM,,CR,Commercial - Regular,19900.0
raw,"RDO No. 93A - Zamboanga City and RDO No. 93B - Zamboanga, Sibugay.",008-2024,"Feb. 17, 2024",4TH,ZAMBOANGA DEL SUR,ZAMBOANGA CITY,SAN JOSE-CAWA-CAWA,R. T. LIM,,RR,Residential - Regular,5100.0
raw,"RDO No. 93A - Zamboanga City and RDO No. 93B - Zamboanga, Sibugay.",008-2024,"Feb. 17, 2024",4TH,ZAMBOANGA DEL SUR,ZAMBOANGA CITY,SAN JOSE-CAWA-CAWA,R. T. LIM,,X,Special / Other,5900.0
raw,"RDO No. 93A - Zamboanga City and RDO No. 93B - Zamboanga, Sibugay.",008-2024,"Feb. 17, 2024",4TH,ZAMBOANGA DEL SUR,ZAMBOANGA CITY,SAN JOSE-CAWA-CAWA,R. T. LIM,INTERIOR LOT,RR,Residential - Regular,4700.0
raw,"RDO No. 93A - Zamboanga City and RDO No. 93B - Zamboanga, Sibugay.",008-2024,"Feb. 17, 2024",4TH,ZAMBOANGA DEL SUR,ZAMBOANGA CITY,SAN ROQUE,A& R SUBDIVISION (P1 & P2),INTERIOR LOT,RR,Residential - Regular,2600.0
raw,"RDO No. 93A - Zamboanga City and RDO No. 93B - Zamboanga, Sibugay.",008-2024,"Feb. 17, 2024",4TH,ZAMBOANGA DEL SUR,ZAMBOANGA CITY,SAN ROQUE,ALL OTHER STREETS,,CR,Commercial - Regular,3100.0
raw,"RDO No. 93A - Zamboanga City and RDO No. 93B - Zamboanga, Sibugay.",008-2024,"Feb. 17, 2024",4TH,ZAMBOANGA DEL SUR,ZAMBOANGA CITY,SAN ROQUE,ALL OTHER STREETS,,RR,Residential - Regular,2100.0
raw,"RDO No. 93A - Zamboanga City and RDO No. 93B - Zamboanga, Sibugay.",008-2024,"Feb. 17, 2024",4TH,ZAMBOANGA DEL SUR,ZAMBOANGA CITY,SAN ROQUE,ALL OTHER STREETS,,I,Industrial,2600.0
raw,"RDO No. 93A - Zamboanga City and RDO No. 93B - Zamboanga, Sibugay.",008-2024,"Feb. 17, 2024",4TH,ZAMBOANGA DEL SUR,ZAMBOANGA CITY,SAN ROQUE,ALL OTHER STREETS,,A50,Agricultural - A50,220.0
raw,"RDO No. 93A - Zamboanga City and RDO No. 93B - Zamboanga, Sibugay.",008-2024,"Feb. 17, 2024",4TH,ZAMBOANGA DEL SUR,ZAMBOANGA CITY,SAN ROQUE,ALL OTHER STREETS,INTERIOR LOT,RR,Residential - Regular,1400.0
raw,"RDO No. 93A - Zamboanga City and RDO No. 93B - Zamboanga, Sibugay.",008-2024,"Feb. 17, 2024",4TH,ZAMBOANGA DEL SUR,ZAMBOANGA CITY,SAN ROQUE,ALL OTHER SUBDIVISION,INTERIOR LOT,RR,Residential - Regular,1500.0
raw,"RDO No. 93A - Zamboanga City and RDO No. 93B - Zamboanga, Sibugay.",008-2024,"Feb. 17, 2024",4TH,ZAMBOANGA DEL SUR,ZAMBOANGA CITY,SAN ROQUE,ALL SOCIALIZED HOUSING SUBDIVISION,INTERIOR LOT,RR,Residential - Regular,1400.0
raw,"RDO No. 93A - Zamboanga City and RDO No. 93B - Zamboanga, Sibugay.",,,,ZAMBOANGA DEL SUR,ZAMBOANGA CITY,SAN ROQUE,ALL STREETS,,RR,Residential - Regular,640.0
raw,"RDO No. 93A - Zamboanga City and RDO No. 93B - Zamboanga, Sibugay.",,,,ZAMBOANGA DEL SUR,ZAMBOANGA CITY,SAN ROQUE,ALL STREETS,,CR,Commercial - Regular,1500.0
raw,"RDO No. 93A - Zamboanga City and RDO No. 93B - Zamboanga, Sibugay.",,,,ZAMBOANGA DEL SUR,ZAMBOANGA CITY,SAN ROQUE,ALL STREETS,,A50,Agricultural - A50,80.0
raw,"RDO No. 93A - Zamboanga City and RDO No. 93B - Zamboanga, Sibugay.",,,,ZAMBOANGA DEL SUR,ZAMBOANGA CITY,SAN ROQUE,ALL STREETS,INTERIOR,RR,Residential - Regular,385.0
raw,"RDO No. 93A - Zamboanga City and RDO No. 93B - Zamboanga, Sibugay.",,,,ZAMBOANGA DEL SUR,ZAMBOANGA CITY,SAN ROQUE,ALL STREETS,,RR,Residential - Regular,160.0
raw,"RDO No. 93A - Zamboanga City and RDO No. 93B - Zamboanga, Sibugay.",,,,ZAMBOANGA DEL SUR,ZAMBOANGA CITY,SAN ROQUE,ALL STREETS,,A,Agricultural,13.0
raw,"RDO No. 93A - Zamboanga City and RDO No. 93B - Zamboanga, Sibugay.",,,,ZAMBOANGA DEL SUR,ZAMBOANGA CITY,SAN ROQUE,ALL STREETS,,RR,Residential - Regular,80.0
raw,"RDO No. 93A - Zamboanga City and RDO No. 93B - Zamboanga, Sibugay.",,,,ZAMBOANGA DEL SUR,ZAMBOANGA CITY,SAN ROQUE,ALL STREETS,,A,Agricultural,5.0
raw,"RDO No. 93A - Zamboanga City and RDO No. 93B - Zamboanga, Sibugay.",,2010-08-06,,ZAMBOANGA DEL SUR,ZAMBOANGA CITY,SAN ROQUE,ALL STREETS,,RR,Residential - Regular,640.0
raw,"RDO No. 93A - Zamboanga City and RDO No. 93B - Zamboanga, Sibugay.",,2010-08-06,,ZAMBOANGA DEL SUR,ZAMBOANGA CITY,SAN ROQUE,ALL STREETS,,CR,Commercial - Regular,1500.0
raw,"RDO No. 93A - Zamboanga City and RDO No. 93B - Zamboanga, Sibugay.",,2010-08-06,,ZAMBOANGA DEL SUR,ZAMBOANGA CITY,SAN ROQUE,ALL STREETS,,A50,Agricultural - A50,80.0
raw,"RDO No. 93A - Zamboanga City and RDO No. 93B - Zamboanga, Sibugay.",,2010-08-06,,ZAMBOANGA DEL SUR,ZAMBOANGA CITY,SAN ROQUE,ALL STREETS,INTERIOR,RR,Residential - Regular,385.0
raw,"RDO No. 93A - Zamboanga City and RDO No. 93B - Zamboanga, Sibugay.",,1995-12-25,,ZAMBOANGA DEL SUR,ZAMBOANGA CITY,SAN ROQUE,ALL STREETS,,RR,Residential - Regular,160.0
raw,"RDO No. 93A - Zamboanga City and RDO No. 93B - Zamboanga, Sibugay.",,1995-12-25,,ZAMBOANGA DEL SUR,ZAMBOANGA CITY,SAN ROQUE,ALL STREETS,,A,Agricultural,13.0
raw,"RDO No. 93A - Zamboanga City and RDO No. 93B - Zamboanga, Sibugay.",,1990-01-02,,ZAMBOANGA DEL SUR,ZAMBOANGA CITY,SAN ROQUE,ALL STREETS,,RR,Residential - Regular,80.0
raw,"RDO No. 93A - Zamboanga City and RDO No. 93B - Zamboanga, Sibugay.",,1990-01-02,,ZAMBOANGA DEL SUR,ZAMBOANGA CITY,SAN ROQUE,ALL STREETS,,A,Agricultural,5.0
raw,"RDO No. 93A - Zamboanga City and RDO No. 93B - Zamboanga, Sibugay.",008-2024,"Feb. 17, 2024",4TH,ZAMBOANGA DEL SUR,ZAMBOANGA CITY,SAN ROQUE,SAN JOSE RD TO GOV RAMOS,,CR,Commercial - Regular,5100.0
raw,"RDO No. 93A - Zamboanga City and RDO No. 93B - Zamboanga, Sibugay.",008-2024,"Feb. 17, 2024",4TH,ZAMBOANGA DEL SUR,ZAMBOANGA CITY,SAN ROQUE,SAN JOSE RD TO GOV RAMOS,,RR,Residential - Regular,3000.0
raw,"RDO No. 93A - Zamboanga City and RDO No. 93B - Zamboanga, Sibugay.",008-2024,"Feb. 17, 2024",4TH,ZAMBOANGA DEL SUR,ZAMBOANGA CITY,SAN ROQUE,WEST TOWNSVILLE SUBDIVISION,INTERIOR LOT,RR,Residential - Regular,2500.0
raw,"RDO No. 93A - Zamboanga City and RDO No. 93B - Zamboanga, Sibugay.",,,,ZAMBOANGA DEL SUR,ZAMBOANGA CITY,SANGALI,ALL STREETS,,RR,Residential - Regular,150.0
raw,"RDO No. 93A - Zamboanga City and RDO No. 93B - Zamboanga, Sibugay.",,,,ZAMBOANGA DEL SUR,ZAMBOANGA CITY,SANGALI,ALL STREETS,,A50,Agricultural - A50,40.0
raw,"RDO No. 93A - Zamboanga City and RDO No. 93B - Zamboanga, Sibugay.",,,,ZAMBOANGA DEL SUR,ZAMBOANGA CITY,SANGALI,ALL STREETS,INTERIOR,RR,Residential - Regular,90.0
raw,"RDO No. 93A - Zamboanga City and RDO No. 93B - Zamboanga, Sibugay.",,,,ZAMBOANGA DEL SUR,ZAMBOANGA CITY,SANGALI,ALL STREETS,,RR,Residential - Regular,60.0
raw,"RDO No. 93A - Zamboanga City and RDO No. 93B - Zamboanga, Sibugay.",,,,ZAMBOANGA DEL SUR,ZAMBOANGA CITY,SANGALI,ALL STREETS,,A,Agricultural,12.0
raw,"RDO No. 93A - Zamboanga City and RDO No. 93B - Zamboanga, Sibugay.",,,,ZAMBOANGA DEL SUR,ZAMBOANGA CITY,SANGALI,ALL STREETS,,RR,Residential - Regular,30.0
raw,"RDO No. 93A - Zamboanga City and RDO No. 93B - Zamboanga, Sibugay.",,,,ZAMBOANGA DEL SUR,ZAMBOANGA CITY,SANGALI,ALL STREETS,,A,Agricultural,3.0
raw,"RDO No. 93A - Zamboanga City and RDO No. 93B - Zamboanga, Sibugay.",008-2024,"Feb. 17, 2024",4TH,ZAMBOANGA DEL SUR,ZAMBOANGA CITY,SANGALI,ALL STREETS,,CR,Commercial - Regular,2500.0
raw,"RDO No. 93A - Zamboanga City and RDO No. 93B - Zamboanga, Sibugay.",008-2024,"Feb. 17, 2024",4TH,ZAMBOANGA DEL SUR,ZAMBOANGA CITY,SANGALI,ALL STREETS,,RR,Residential - Regular,1100.0
raw,"RDO No. 93A - Zamboanga City and RDO No. 93B - Zamboanga, Sibugay.",008-2024,"Feb. 17, 2024",4TH,ZAMBOANGA DEL SUR,ZAMBOANGA CITY,SANGALI,ALL STREETS,,I,Industrial,1600.0
raw,"RDO No. 93A - Zamboanga City and RDO No. 93B - Zamboanga, Sibugay.",008-2024,"Feb. 17, 2024",4TH,ZAMBOANGA DEL SUR,ZAMBOANGA CITY,SANGALI,ALL STREETS,,A50,Agricultural - A50,80.0
raw,"RDO No. 93A - Zamboanga City and RDO No. 93B - Zamboanga, Sibugay.",008-2024,"Feb. 17, 2024",4TH,ZAMBOANGA DEL SUR,ZAMBOANGA CITY,SANGALI,ALL STREETS,INTERIOR LOT,RR,Residential - Regular,500.0
raw,"RDO No. 93A - Zamboanga City and RDO No. 93B - Zamboanga, Sibugay.",,2010-08-06,,ZAMBOANGA DEL SUR,ZAMBOANGA CITY,SANGALI,ALL STREETS,,RR,Residential - Regular,150.0
raw,"RDO No. 93A - Zamboanga City and RDO No. 93B - Zamboanga, Sibugay.",,2010-08-06,,ZAMBOANGA DEL SUR,ZAMBOANGA CITY,SANGALI,ALL STREETS,,A50,Agricultural - A50,40.0
raw,"RDO No. 93A - Zamboanga City and RDO No. 93B - Zamboanga, Sibugay.",,2010-08-06,,ZAMBOANGA DEL SUR,ZAMBOANGA CITY,SANGALI,ALL STREETS,INTERIOR,RR,Residential - Regular,90.0
raw,"RDO No. 93A - Zamboanga City and RDO No. 93B - Zamboanga, Sibugay.",,1995-12-25,,ZAMBOANGA DEL SUR,ZAMBOANGA CITY,SANGALI,ALL STREETS,,RR,Residential - Regular,60.0
raw,"RDO No. 93A - Zamboanga City and RDO No. 93B - Zamboanga, Sibugay.",,1995-12-25,,ZAMBOANGA DEL SUR,ZAMBOANGA CITY,SANGALI,ALL STREETS,,A,Agricultural,12.0
raw,"RDO No. 93A - Zamboanga City and RDO No. 93B - Zamboanga, Sibugay.",,1990-01-02,,ZAMBOANGA DEL SUR,ZAMBOANGA CITY,SANGALI,ALL STREETS,,RR,Residential - Regular,30.0
raw,"RDO No. 93A - Zamboanga City and RDO No. 93B - Zamboanga, Sibugay.",,1990-01-02,,ZAMBOANGA DEL SUR,ZAMBOANGA CITY,SANGALI,ALL STREETS,,A,Agricultural,3.0
raw,"RDO No. 93A - Zamboanga City and RDO No. 93B - Zamboanga, Sibugay.",,,,ZAMBOANGA DEL SUR,ZAMBOANGA CITY,SANTA BARBARA,ALL OTHER STREETS,,RR,Residential - Regular,300.0
raw,"RDO No. 93A - Zamboanga City and RDO No. 93B - Zamboanga, Sibugay.",,,,ZAMBOANGA DEL SUR,ZAMBOANGA CITY,SANTA BARBARA,ALL OTHER STREETS,,CR,Commercial - Regular,795.0
raw,"RDO No. 93A - Zamboanga City and RDO No. 93B - Zamboanga, Sibugay.",,,,ZAMBOANGA DEL SUR,ZAMBOANGA CITY,SANTA BARBARA,ALL OTHER STREETS,,A50,Agricultural - A50,24.0
raw,"RDO No. 93A - Zamboanga City and RDO No. 93B - Zamboanga, Sibugay.",,,,ZAMBOANGA DEL SUR,ZAMBOANGA CITY,SANTA BARBARA,ALL OTHER STREETS,,RR,Residential - Regular,130.0
raw,"RDO No. 93A - Zamboanga City and RDO No. 93B - Zamboanga, Sibugay.",,,,ZAMBOANGA DEL SUR,ZAMBOANGA CITY,SANTA BARBARA,ALL OTHER STREETS,,CR,Commercial - Regular,460.0
raw,"RDO No. 93A - Zamboanga City and RDO No. 93B - Zamboanga, Sibugay.",,,,ZAMBOANGA DEL SUR,ZAMBOANGA CITY,SANTA BARBARA,ALL OTHER STREETS,,A,Agricultural,15.0
raw,"RDO No. 93A - Zamboanga City and RDO No. 93B - Zamboanga, Sibugay.",,,,ZAMBOANGA DEL SUR,ZAMBOANGA CITY,SANTA BARBARA,ALL OTHER STREETS,,CR,Commercial - Regular,180.0
raw,"RDO No. 93A - Zamboanga City and RDO No. 93B - Zamboanga, Sibugay.",008-2024,"Feb. 17, 2024",4TH,ZAMBOANGA DEL SUR,ZAMBOANGA CITY,SANTA BARBARA,ALL OTHER STREETS,ABELARDO FERNANDEZ  ST. TO LEGIONAIRE ST,CR,Commercial - Regular,7000.0
raw,"RDO No. 93A - Zamboanga City and RDO No. 93B - Zamboanga, Sibugay.",008-2024,"Feb. 17, 2024",4TH,ZAMBOANGA DEL SUR,ZAMBOANGA CITY,SANTA BARBARA,ALL OTHER STREETS,ABELARDO FERNANDEZ  ST. TO LEGIONAIRE ST,RR,Residential - Regular,3200.0
raw,"RDO No. 93A - Zamboanga City and RDO No. 93B - Zamboanga, Sibugay.",008-2024,"Feb. 17, 2024",4TH,ZAMBOANGA DEL SUR,ZAMBOANGA CITY,SANTA BARBARA,ALL OTHER STREETS,INTERIOR LOT,RR,Residential - Regular,2100.0
raw,"RDO No. 93A - Zamboanga City and RDO No. 93B - Zamboanga, Sibugay.",008-2024,"Feb. 17, 2024",4TH,ZAMBOANGA DEL SUR,ZAMBOANGA CITY,SANTA BARBARA,ALL OTHER STREETS,INTERIOR LOT,A50,Agricultural - A50,200.0
raw,"RDO No. 93A - Zamboanga City and RDO No. 93B - Zamboanga, Sibugay.",008-2024,"Feb. 17, 2024",4TH,ZAMBOANGA DEL SUR,ZAMBOANGA CITY,SANTA BARBARA,ALL OTHER STREETS,SANTA CRUZ ISLAND,CR,Commercial - Regular,2500.0
raw,"RDO No. 93A - Zamboanga City and RDO No. 93B - Zamboanga, Sibugay.",008-2024,"Feb. 17, 2024",4TH,ZAMBOANGA DEL SUR,ZAMBOANGA CITY,SANTA BARBARA,ALL OTHER STREETS,SANTA CRUZ ISLAND,RR,Residential - Regular,800.0
raw,"RDO No. 93A - Zamboanga City and RDO No. 93B - Zamboanga, Sibugay.",008-2024,"Feb. 17, 2024",4TH,ZAMBOANGA DEL SUR,ZAMBOANGA CITY,SANTA BARBARA,ALL OTHER STREETS,SANTA CRUZ ISLAND,A24,Agricultural - A24,90.0
raw,"RDO No. 93A - Zamboanga City and RDO No. 93B - Zamboanga, Sibugay.",008-2024,"Feb. 17, 2024",4TH,ZAMBOANGA DEL SUR,ZAMBOANGA CITY,SANTA BARBARA,ALL OTHER STREETS,SANTA CRUZ ISLAND,A40,Agricultural - A40,2530.0
raw,"RDO No. 93A - Zamboanga City and RDO No. 93B - Zamboanga, Sibugay.",,2010-08-06,,ZAMBOANGA DEL SUR,ZAMBOANGA CITY,SANTA BARBARA,ALL OTHER STREETS,,RR,Residential - Regular,300.0
raw,"RDO No. 93A - Zamboanga City and RDO No. 93B - Zamboanga, Sibugay.",,2010-08-06,,ZAMBOANGA DEL SUR,ZAMBOANGA CITY,SANTA BARBARA,ALL OTHER STREETS,,CR,Commercial - Regular,795.0
raw,"RDO No. 93A - Zamboanga City and RDO No. 93B - Zamboanga, Sibugay.",,2010-08-06,,ZAMBOANGA DEL SUR,ZAMBOANGA CITY,SANTA BARBARA,ALL OTHER STREETS,,A50,Agricultural - A50,24.0
raw,"RDO No. 93A - Zamboanga City and RDO No. 93B - Zamboanga, Sibugay.",,1995-12-25,,ZAMBOANGA DEL SUR,ZAMBOANGA CITY,SANTA BARBARA,ALL OTHER STREETS,,RR,Residential - Regular,130.0
raw,"RDO No. 93A - Zamboanga City and RDO No. 93B - Zamboanga, Sibugay.",,1995-12-25,,ZAMBOANGA DEL SUR,ZAMBOANGA CITY,SANTA BARBARA,ALL OTHER STREETS,,CR,Commercial - Regular,460.0
raw,"RDO No. 93A - Zamboanga City and RDO No. 93B - Zamboanga, Sibugay.",,1995-12-25,,ZAMBOANGA DEL SUR,ZAMBOANGA CITY,SANTA BARBARA,ALL OTHER STREETS,,A,Agricultural,15.0
raw,"RDO No. 93A - Zamboanga City and RDO No. 93B - Zamboanga, Sibugay.",,1990-01-02,,ZAMBOANGA DEL SUR,ZAMBOANGA CITY,SANTA BARBARA,ALL OTHER STREETS,,CR,Commercial - Regular,180.0
raw,"RDO No. 93A - Zamboanga City and RDO No. 93B - Zamboanga, Sibugay.",,,,ZAMBOANGA DEL SUR,ZAMBOANGA CITY,SANTA BARBARA,LUSTRE,,RR,Residential - Regular,465.0
raw,"RDO No. 93A - Zamboanga City and RDO No. 93B - Zamboanga, Sibugay.",,,,ZAMBOANGA DEL SUR,ZAMBOANGA CITY,SANTA BARBARA,LUSTRE,,RR,Residential - Regular,240.0
raw,"RDO No. 93A - Zamboanga City and RDO No. 93B - Zamboanga, Sibugay.",,,,ZAMBOANGA DEL SUR,ZAMBOANGA CITY,SANTA BARBARA,LUSTRE,,RR,Residential - Regular,140.0
raw,"RDO No. 93A - Zamboanga City and RDO No. 93B - Zamboanga, Sibugay.",,2010-08-06,,ZAMBOANGA DEL SUR,ZAMBOANGA CITY,SANTA BARBARA,LUSTRE,,RR,Residential - Regular,465.0
raw,"RDO No. 93A - Zamboanga City and RDO No. 93B - Zamboanga, Sibugay.",,1995-12-25,,ZAMBOANGA DEL SUR,ZAMBOANGA CITY,SANTA BARBARA,LUSTRE,,RR,Residential - Regular,240.0
raw,"RDO No. 93A - Zamboanga City and RDO No. 93B - Zamboanga, Sibugay.",,1990-01-02,,ZAMBOANGA DEL SUR,ZAMBOANGA CITY,SANTA BARBARA,LUSTRE,,RR,Residential - Regular,140.0
raw,"RDO No. 93A - Zamboanga City and RDO No. 93B - Zamboanga, Sibugay.",,,,ZAMBOANGA DEL SUR,ZAMBOANGA CITY,SANTA BARBARA,STA. CATALINA,,RR,Residential - Regular,465.0
raw,"RDO No. 93A - Zamboanga City and RDO No. 93B - Zamboanga, Sibugay.",,,,ZAMBOANGA DEL SUR,ZAMBOANGA CITY,SANTA BARBARA,STA. CATALINA,,RR,Residential - Regular,240.0
raw,"RDO No. 93A - Zamboanga City and RDO No. 93B - Zamboanga, Sibugay.",,,,ZAMBOANGA DEL SUR,ZAMBOANGA CITY,SANTA BARBARA,STA. CATALINA,,RR,Residential - Regular,140.0
raw,"RDO No. 93A - Zamboanga City and RDO No. 93B - Zamboanga, Sibugay.",,2010-08-06,,ZAMBOANGA DEL SUR,ZAMBOANGA CITY,SANTA BARBARA,STA. CATALINA,,RR,Residential - Regular,465.0
raw,"RDO No. 93A - Zamboanga City and RDO No. 93B - Zamboanga, Sibugay.",,1995-12-25,,ZAMBOANGA DEL SUR,ZAMBOANGA CITY,SANTA BARBARA,STA. CATALINA,,RR,Residential - Regular,240.0
raw,"RDO No. 93A - Zamboanga City and RDO No. 93B - Zamboanga, Sibugay.",,1990-01-02,,ZAMBOANGA DEL SUR,ZAMBOANGA CITY,SANTA BARBARA,STA. CATALINA,,RR,Residential - Regular,140.0
raw,"RDO No. 93A - Zamboanga City and RDO No. 93B - Zamboanga, Sibugay.",008-2024,"Feb. 17, 2024",4TH,ZAMBOANGA DEL SUR,ZAMBOANGA CITY,SANTA BARBARA,VETERANS AVE.,ABELARDO FERNANDEZ  ST. TO LEGIONAIRE ST,CR,Commercial - Regular,20300.0
raw,"RDO No. 93A - Zamboanga City and RDO No. 93B - Zamboanga, Sibugay.",008-2024,"Feb. 17, 2024",4TH,ZAMBOANGA DEL SUR,ZAMBOANGA CITY,SANTA BARBARA,VETERANS AVE.,ABELARDO FERNANDEZ  ST. TO LEGIONAIRE ST,RR,Residential - Regular,5900.0
raw,"RDO No. 93A - Zamboanga City and RDO No. 93B - Zamboanga, Sibugay.",,,,ZAMBOANGA DEL SUR,ZAMBOANGA CITY,SANTA CATALINA,ALL OTHER STREETS,,RR,Residential - Regular,440.0
raw,"RDO No. 93A - Zamboanga City and RDO No. 93B - Zamboanga, Sibugay.",,,,ZAMBOANGA DEL SUR,ZAMBOANGA CITY,SANTA CATALINA,ALL OTHER STREETS,,GP,General Purpose,90.0
raw,"RDO No. 93A - Zamboanga City and RDO No. 93B - Zamboanga, Sibugay.",,,,ZAMBOANGA DEL SUR,ZAMBOANGA CITY,SANTA CATALINA,ALL OTHER STREETS,,A50,Agricultural - A50,24.0
raw,"RDO No. 93A - Zamboanga City and RDO No. 93B - Zamboanga, Sibugay.",,,,ZAMBOANGA DEL SUR,ZAMBOANGA CITY,SANTA CATALINA,ALL OTHER STREETS,,RR,Residential - Regular,215.0
raw,"RDO No. 93A - Zamboanga City and RDO No. 93B - Zamboanga, Sibugay.",,,,ZAMBOANGA DEL SUR,ZAMBOANGA CITY,SANTA CATALINA,ALL OTHER STREETS,,A,Agricultural,15.0
raw,"RDO No. 93A - Zamboanga City and RDO No. 93B - Zamboanga, Sibugay.",,,,ZAMBOANGA DEL SUR,ZAMBOANGA CITY,SANTA CATALINA,ALL OTHER STREETS,,GP,General Purpose,30.0
raw,"RDO No. 93A - Zamboanga City and RDO No. 93B - Zamboanga, Sibugay.",,,,ZAMBOANGA DEL SUR,ZAMBOANGA CITY,SANTA CATALINA,ALL OTHER STREETS,,I,Industrial,130.0
raw,"RDO No. 93A - Zamboanga City and RDO No. 93B - Zamboanga, Sibugay.",,,,ZAMBOANGA DEL SUR,ZAMBOANGA CITY,SANTA CATALINA,ALL OTHER STREETS,,RR,Residential - Regular,100.0
raw,"RDO No. 93A - Zamboanga City and RDO No. 93B - Zamboanga, Sibugay.",,,,ZAMBOANGA DEL SUR,ZAMBOANGA CITY,SANTA CATALINA,ALL OTHER STREETS,,RR,Residential - Regular,100.0
raw,"RDO No. 93A - Zamboanga City and RDO No. 93B - Zamboanga, Sibugay.",008-2024,"Feb. 17, 2024",4TH,ZAMBOANGA DEL SUR,ZAMBOANGA CITY,SANTA CATALINA,ALL OTHER STREETS,,CR,Commercial - Regular,3800.0
raw,"RDO No. 93A - Zamboanga City and RDO No. 93B - Zamboanga, Sibugay.",008-2024,"Feb. 17, 2024",4TH,ZAMBOANGA DEL SUR,ZAMBOANGA CITY,SANTA CATALINA,ALL OTHER STREETS,,RR,Residential - Regular,1900.0
raw,"RDO No. 93A - Zamboanga City and RDO No. 93B - Zamboanga, Sibugay.",008-2024,"Feb. 17, 2024",4TH,ZAMBOANGA DEL SUR,ZAMBOANGA CITY,SANTA CATALINA,ALL OTHER STREETS,INTERIOR LOT,RR,Residential - Regular,900.0
raw,"RDO No. 93A - Zamboanga City and RDO No. 93B - Zamboanga, Sibugay.",008-2024,"Feb. 17, 2024",4TH,ZAMBOANGA DEL SUR,ZAMBOANGA CITY,SANTA CATALINA,ALL OTHER STREETS,INTERIOR LOT,GP,General Purpose,800.0
raw,"RDO No. 93A - Zamboanga City and RDO No. 93B - Zamboanga, Sibugay.",008-2024,"Feb. 17, 2024",4TH,ZAMBOANGA DEL SUR,ZAMBOANGA CITY,SANTA CATALINA,ALL OTHER STREETS,SALT BED,A38,Agricultural - A38,200.0
raw,"RDO No. 93A - Zamboanga City and RDO No. 93B - Zamboanga, Sibugay.",,2010-08-06,,ZAMBOANGA DEL SUR,ZAMBOANGA CITY,SANTA CATALINA,ALL OTHER STREETS,,RR,Residential - Regular,440.0
raw,"RDO No. 93A - Zamboanga City and RDO No. 93B - Zamboanga, Sibugay.",,2010-08-06,,ZAMBOANGA DEL SUR,ZAMBOANGA CITY,SANTA CATALINA,ALL OTHER STREETS,,GP,General Purpose,90.0
raw,"RDO No. 93A - Zamboanga City and RDO No. 93B - Zamboanga, Sibugay.",,2010-08-06,,ZAMBOANGA DEL SUR,ZAMBOANGA CITY,SANTA CATALINA,ALL OTHER STREETS,,A50,Agricultural - A50,24.0
raw,"RDO No. 93A - Zamboanga City and RDO No. 93B - Zamboanga, Sibugay.",,1995-12-25,,ZAMBOANGA DEL SUR,ZAMBOANGA CITY,SANTA CATALINA,ALL OTHER STREETS,,RR,Residential - Regular,215.0
raw,"RDO No. 93A - Zamboanga City and RDO No. 93B - Zamboanga, Sibugay.",,1995-12-25,,ZAMBOANGA DEL SUR,ZAMBOANGA CITY,SANTA CATALINA,ALL OTHER STREETS,,A,Agricultural,15.0
raw,"RDO No. 93A - Zamboanga City and RDO No. 93B - Zamboanga, Sibugay.",,1995-12-25,,ZAMBOANGA DEL SUR,ZAMBOANGA CITY,SANTA CATALINA,ALL OTHER STREETS,,GP,General Purpose,30.0
raw,"RDO No. 93A - Zamboanga City and RDO No. 93B - Zamboanga, Sibugay.",,1990-01-02,,ZAMBOANGA DEL SUR,ZAMBOANGA CITY,SANTA CATALINA,ALL OTHER STREETS,,I,Industrial,130.0
raw,"RDO No. 93A - Zamboanga City and RDO No. 93B - Zamboanga, Sibugay.",,1990-01-02,,ZAMBOANGA DEL SUR,ZAMBOANGA CITY,SANTA CATALINA,ALL OTHER STREETS,,RR,Residential - Regular,100.0
raw,"RDO No. 93A - Zamboanga City and RDO No. 93B - Zamboanga, Sibugay.",,1990-01-02,,ZAMBOANGA DEL SUR,ZAMBOANGA CITY,SANTA CATALINA,ALL OTHER STREETS,,RR,Residential - Regular,100.0
raw,"RDO No. 93A - Zamboanga City and RDO No. 93B - Zamboanga, Sibugay.",008-2024,"Feb. 17, 2024",4TH,ZAMBOANGA DEL SUR,ZAMBOANGA CITY,SANTA CATALINA,ALL OTHER SUBDIVISION,SALT BED,RR,Residential - Regular,2500.0
raw,"RDO No. 93A - Zamboanga City and RDO No. 93B - Zamboanga, Sibugay.",008-2024,"Feb. 17, 2024",4TH,ZAMBOANGA DEL SUR,ZAMBOANGA CITY,SANTA CATALINA,ALL SOCIALIZED HOUSING SUBDIVISION,SALT BED,RR,Residential - Regular,1400.0
raw,"RDO No. 93A - Zamboanga City and RDO No. 93B - Zamboanga, Sibugay.",,,,ZAMBOANGA DEL SUR,ZAMBOANGA CITY,SANTA CATALINA,EVANGELISTA ST,,RR,Residential - Regular,440.0
raw,"RDO No. 93A - Zamboanga City and RDO No. 93B - Zamboanga, Sibugay.",,,,ZAMBOANGA DEL SUR,ZAMBOANGA CITY,SANTA CATALINA,EVANGELISTA ST,,CR,Commercial - Regular,1335.0
raw,"RDO No. 93A - Zamboanga City and RDO No. 93B - Zamboanga, Sibugay.",,,,ZAMBOANGA DEL SUR,ZAMBOANGA CITY,SANTA CATALINA,EVANGELISTA ST,,I,Industrial,4755.0
raw,"RDO No. 93A - Zamboanga City and RDO No. 93B - Zamboanga, Sibugay.",,,,ZAMBOANGA DEL SUR,ZAMBOANGA CITY,SANTA CATALINA,EVANGELISTA ST,,RR,Residential - Regular,225.0
raw,"RDO No. 93A - Zamboanga City and RDO No. 93B - Zamboanga, Sibugay.",,,,ZAMBOANGA DEL SUR,ZAMBOANGA CITY,SANTA CATALINA,EVANGELISTA ST,,CR,Commercial - Regular,445.0
raw,"RDO No. 93A - Zamboanga City and RDO No. 93B - Zamboanga, Sibugay.",,,,ZAMBOANGA DEL SUR,ZAMBOANGA CITY,SANTA CATALINA,EVANGELISTA ST,,I,Industrial,1585.0
raw,"RDO No. 93A - Zamboanga City and RDO No. 93B - Zamboanga, Sibugay.",,,,ZAMBOANGA DEL SUR,ZAMBOANGA CITY,SANTA CATALINA,EVANGELISTA ST,,RR,Residential - Regular,120.0
raw,"RDO No. 93A - Zamboanga City and RDO No. 93B - Zamboanga, Sibugay.",008-2024,"Feb. 17, 2024",4TH,ZAMBOANGA DEL SUR,ZAMBOANGA CITY,SANTA CATALINA,EVANGELISTA ST,VETERANS AVE TO LUSTRE ST,CR,Commercial - Regular,4900.0
raw,"RDO No. 93A - Zamboanga City and RDO No. 93B - Zamboanga, Sibugay.",008-2024,"Feb. 17, 2024",4TH,ZAMBOANGA DEL SUR,ZAMBOANGA CITY,SANTA CATALINA,EVANGELISTA ST,VETERANS AVE TO LUSTRE ST,RR,Residential - Regular,3000.0
raw,"RDO No. 93A - Zamboanga City and RDO No. 93B - Zamboanga, Sibugay.",008-2024,"Feb. 17, 2024",4TH,ZAMBOANGA DEL SUR,ZAMBOANGA CITY,SANTA CATALINA,EVANGELISTA ST,VETERANS AVE TO LUSTRE ST,I,Industrial,6100.0
raw,"RDO No. 93A - Zamboanga City and RDO No. 93B - Zamboanga, Sibugay.",008-2024,"Feb. 17, 2024",4TH,ZAMBOANGA DEL SUR,ZAMBOANGA CITY,SANTA CATALINA,EVANGELISTA ST,INTERIOR LOT,RR,Residential - Regular,1900.0
raw,"RDO No. 93A - Zamboanga City and RDO No. 93B - Zamboanga, Sibugay.",,2010-08-06,,ZAMBOANGA DEL SUR,ZAMBOANGA CITY,SANTA CATALINA,EVANGELISTA ST,,RR,Residential - Regular,440.0
raw,"RDO No. 93A - Zamboanga City and RDO No. 93B - Zamboanga, Sibugay.",,2010-08-06,,ZAMBOANGA DEL SUR,ZAMBOANGA CITY,SANTA CATALINA,EVANGELISTA ST,,CR,Commercial - Regular,1335.0
raw,"RDO No. 93A - Zamboanga City and RDO No. 93B - Zamboanga, Sibugay.",,2010-08-06,,ZAMBOANGA DEL SUR,ZAMBOANGA CITY,SANTA CATALINA,EVANGELISTA ST,,I,Industrial,4755.0
raw,"RDO No. 93A - Zamboanga City and RDO No. 93B - Zamboanga, Sibugay.",,1995-12-25,,ZAMBOANGA DEL SUR,ZAMBOANGA CITY,SANTA CATALINA,EVANGELISTA ST,,RR,Residential - Regular,225.0
raw,"RDO No. 93A - Zamboanga City and RDO No. 93B - Zamboanga, Sibugay.",,1995-12-25,,ZAMBOANGA DEL SUR,ZAMBOANGA CITY,SANTA CATALINA,EVANGELISTA ST,,CR,Commercial - Regular,445.0
raw,"RDO No. 93A - Zamboanga City and RDO No. 93B - Zamboanga, Sibugay.",,1995-12-25,,ZAMBOANGA DEL SUR,ZAMBOANGA CITY,SANTA CATALINA,EVANGELISTA ST,,I,Industrial,1585.0
raw,"RDO No. 93A - Zamboanga City and RDO No. 93B - Zamboanga, Sibugay.",,1990-01-02,,ZAMBOANGA DEL SUR,ZAMBOANGA CITY,SANTA CATALINA,EVANGELISTA ST,,RR,Residential - Regular,120.0
raw,"RDO No. 93A - Zamboanga City and RDO No. 93B - Zamboanga, Sibugay.",,,,ZAMBOANGA DEL SUR,ZAMBOANGA CITY,SANTA CATALINA,KASANYANGAN,,RR,Residential - Regular,440.0
raw,"RDO No. 93A - Zamboanga City and RDO No. 93B - Zamboanga, Sibugay.",,2010-08-06,,ZAMBOANGA DEL SUR,ZAMBOANGA CITY,SANTA CATALINA,KASANYANGAN,,RR,Residential - Regular,440.0
raw,"RDO No. 93A - Zamboanga City and RDO No. 93B - Zamboanga, Sibugay.",008-2024,"Feb. 17, 2024",4TH,ZAMBOANGA DEL SUR,ZAMBOANGA CITY,SANTA CATALINA,LULUA HOMES SUBDIVISION,SALT BED,RR,Residential - Regular,4500.0
raw,"RDO No. 93A - Zamboanga City and RDO No. 93B - Zamboanga, Sibugay.",008-2024,"Feb. 17, 2024",4TH,ZAMBOANGA DEL SUR,ZAMBOANGA CITY,SANTA CATALINA,SM HOMES SUBDIVISION,SALT BED,RR,Residential - Regular,4500.0
raw,"RDO No. 93A - Zamboanga City and RDO No. 93B - Zamboanga, Sibugay.",,,,ZAMBOANGA DEL SUR,ZAMBOANGA CITY,SANTA CATALINA,TALON LOOP,,RR,Residential - Regular,440.0
raw,"RDO No. 93A - Zamboanga City and RDO No. 93B - Zamboanga, Sibugay.",,,,ZAMBOANGA DEL SUR,ZAMBOANGA CITY,SANTA CATALINA,TALON LOOP,,RR,Residential - Regular,215.0
raw,"RDO No. 93A - Zamboanga City and RDO No. 93B - Zamboanga, Sibugay.",008-2024,"Feb. 17, 2024",4TH,ZAMBOANGA DEL SUR,ZAMBOANGA CITY,SANTA CATALINA,TALON LOOP,INTERIOR LOT,CR,Commercial - Regular,4700.0
raw,"RDO No. 93A - Zamboanga City and RDO No. 93B - Zamboanga, Sibugay.",008-2024,"Feb. 17, 2024",4TH,ZAMBOANGA DEL SUR,ZAMBOANGA CITY,SANTA CATALINA,TALON LOOP,INTERIOR LOT,RR,Residential - Regular,3000.0
raw,"RDO No. 93A - Zamboanga City and RDO No. 93B - Zamboanga, Sibugay.",008-2024,"Feb. 17, 2024",4TH,ZAMBOANGA DEL SUR,ZAMBOANGA CITY,SANTA CATALINA,TALON LOOP,INTERIOR LOT,RR,Residential - Regular,1800.0
raw,"RDO No. 93A - Zamboanga City and RDO No. 93B - Zamboanga, Sibugay.",,2010-08-06,,ZAMBOANGA DEL SUR,ZAMBOANGA CITY,SANTA CATALINA,TALON LOOP,,RR,Residential - Regular,440.0
raw,"RDO No. 93A - Zamboanga City and RDO No. 93B - Zamboanga, Sibugay.",,1995-12-25,,ZAMBOANGA DEL SUR,ZAMBOANGA CITY,SANTA CATALINA,TALON LOOP,,RR,Residential - Regular,215.0
raw,"RDO No. 93A - Zamboanga City and RDO No. 93B - Zamboanga, Sibugay.",,,,ZAMBOANGA DEL SUR,ZAMBOANGA CITY,SANTA CATALINA,TALON TALON LOOP,,CR,Commercial - Regular,150.0
raw,"RDO No. 93A - Zamboanga City and RDO No. 93B - Zamboanga, Sibugay.",,1990-01-02,,ZAMBOANGA DEL SUR,ZAMBOANGA CITY,SANTA CATALINA,TALON TALON LOOP,,CR,Commercial - Regular,150.0
raw,"RDO No. 93A - Zamboanga City and RDO No. 93B - Zamboanga, Sibugay.",008-2024,"Feb. 17, 2024",4TH,ZAMBOANGA DEL SUR,ZAMBOANGA CITY,SANTA CATALINA,VETERANS AVE,FRONT OF CAMANCHILE TO ABELARDO FERNANDEZ ST,CR,Commercial - Regular,22600.0
raw,"RDO No. 93A - Zamboanga City and RDO No. 93B - Zamboanga, Sibugay.",008-2024,"Feb. 17, 2024",4TH,ZAMBOANGA DEL SUR,ZAMBOANGA CITY,SANTA CATALINA,VETERANS AVE,FRONT OF CAMANCHILE TO ABELARDO FERNANDEZ ST,RR,Residential - Regular,10100.0
raw,"RDO No. 93A - Zamboanga City and RDO No. 93B - Zamboanga, Sibugay.",,,,ZAMBOANGA DEL SUR,ZAMBOANGA CITY,SANTA MARIA,ALL OTHER STREETS,,RR,Residential - Regular,890.0
raw,"RDO No. 93A - Zamboanga City and RDO No. 93B - Zamboanga, Sibugay.",,,,ZAMBOANGA DEL SUR,ZAMBOANGA CITY,SANTA MARIA,ALL OTHER STREETS,,A50,Agricultural - A50,45.0
raw,"RDO No. 93A - Zamboanga City and RDO No. 93B - Zamboanga, Sibugay.",,,,ZAMBOANGA DEL SUR,ZAMBOANGA CITY,SANTA MARIA,ALL OTHER STREETS,,RR,Residential - Regular,360.0
raw,"RDO No. 93A - Zamboanga City and RDO No. 93B - Zamboanga, Sibugay.",,,,ZAMBOANGA DEL SUR,ZAMBOANGA CITY,SANTA MARIA,ALL OTHER STREETS,,A,Agricultural,15.0
raw,"RDO No. 93A - Zamboanga City and RDO No. 93B - Zamboanga, Sibugay.",,,,ZAMBOANGA DEL SUR,ZAMBOANGA CITY,SANTA MARIA,ALL OTHER STREETS,,RR,Residential - Regular,150.0
raw,"RDO No. 93A - Zamboanga City and RDO No. 93B - Zamboanga, Sibugay.",008-2024,"Feb. 17, 2024",4TH,ZAMBOANGA DEL SUR,ZAMBOANGA CITY,SANTA MARIA,ALL OTHER STREETS,INTERIOR LOT,CR,Commercial - Regular,4900.0
raw,"RDO No. 93A - Zamboanga City and RDO No. 93B - Zamboanga, Sibugay.",008-2024,"Feb. 17, 2024",4TH,ZAMBOANGA DEL SUR,ZAMBOANGA CITY,SANTA MARIA,ALL OTHER STREETS,INTERIOR LOT,RR,Residential - Regular,3100.0
raw,"RDO No. 93A - Zamboanga City and RDO No. 93B - Zamboanga, Sibugay.",008-2024,"Feb. 17, 2024",4TH,ZAMBOANGA DEL SUR,ZAMBOANGA CITY,SANTA MARIA,ALL OTHER STREETS,INTERIOR LOT,RR,Residential - Regular,1900.0
raw,"RDO No. 93A - Zamboanga City and RDO No. 93B - Zamboanga, Sibugay.",008-2024,"Feb. 17, 2024",4TH,ZAMBOANGA DEL SUR,ZAMBOANGA CITY,SANTA MARIA,ALL OTHER STREETS,INTERIOR LOT,A50,Agricultural - A50,250.0
raw,"RDO No. 93A - Zamboanga City and RDO No. 93B - Zamboanga, Sibugay.",,2010-08-06,,ZAMBOANGA DEL SUR,ZAMBOANGA CITY,SANTA MARIA,ALL OTHER STREETS,,RR,Residential - Regular,890.0
raw,"RDO No. 93A - Zamboanga City and RDO No. 93B - Zamboanga, Sibugay.",,2010-08-06,,ZAMBOANGA DEL SUR,ZAMBOANGA CITY,SANTA MARIA,ALL OTHER STREETS,,A50,Agricultural - A50,45.0
raw,"RDO No. 93A - Zamboanga City and RDO No. 93B - Zamboanga, Sibugay.",,1995-12-25,,ZAMBOANGA DEL SUR,ZAMBOANGA CITY,SANTA MARIA,ALL OTHER STREETS,,RR,Residential - Regular,360.0
raw,"RDO No. 93A - Zamboanga City and RDO No. 93B - Zamboanga, Sibugay.",,1995-12-25,,ZAMBOANGA DEL SUR,ZAMBOANGA CITY,SANTA MARIA,ALL OTHER STREETS,,A,Agricultural,15.0
raw,"RDO No. 93A - Zamboanga City and RDO No. 93B - Zamboanga, Sibugay.",,1990-01-02,,ZAMBOANGA DEL SUR,ZAMBOANGA CITY,SANTA MARIA,ALL OTHER STREETS,,RR,Residential - Regular,150.0
raw,"RDO No. 93A - Zamboanga City and RDO No. 93B - Zamboanga, Sibugay.",,,,ZAMBOANGA DEL SUR,ZAMBOANGA CITY,SANTA MARIA,DE LEON,,RR,Residential - Regular,915.0
raw,"RDO No. 93A - Zamboanga City and RDO No. 93B - Zamboanga, Sibugay.",,,,ZAMBOANGA DEL SUR,ZAMBOANGA CITY,SANTA MARIA,DE LEON,,RR,Residential - Regular,375.0
raw,"RDO No. 93A - Zamboanga City and RDO No. 93B - Zamboanga, Sibugay.",,,,ZAMBOANGA DEL SUR,ZAMBOANGA CITY,SANTA MARIA,DE LEON,,RR,Residential - Regular,200.0
raw,"RDO No. 93A - Zamboanga City and RDO No. 93B - Zamboanga, Sibugay.",008-2024,"Feb. 17, 2024",4TH,ZAMBOANGA DEL SUR,ZAMBOANGA CITY,SANTA MARIA,DE LEON,INTERIOR LOT,CR,Commercial - Regular,5100.0
raw,"RDO No. 93A - Zamboanga City and RDO No. 93B - Zamboanga, Sibugay.",008-2024,"Feb. 17, 2024",4TH,ZAMBOANGA DEL SUR,ZAMBOANGA CITY,SANTA MARIA,DE LEON,INTERIOR LOT,RR,Residential - Regular,3100.0
raw,"RDO No. 93A - Zamboanga City and RDO No. 93B - Zamboanga, Sibugay.",008-2024,"Feb. 17, 2024",4TH,ZAMBOANGA DEL SUR,ZAMBOANGA CITY,SANTA MARIA,DE LEON,INTERIOR LOT,RR,Residential - Regular,2000.0
raw,"RDO No. 93A - Zamboanga City and RDO No. 93B - Zamboanga, Sibugay.",,2010-08-06,,ZAMBOANGA DEL SUR,ZAMBOANGA CITY,SANTA MARIA,DE LEON,,RR,Residential - Regular,915.0
raw,"RDO No. 93A - Zamboanga City and RDO No. 93B - Zamboanga, Sibugay.",,1995-12-25,,ZAMBOANGA DEL SUR,ZAMBOANGA CITY,SANTA MARIA,DE LEON,,RR,Residential - Regular,375.0
raw,"RDO No. 93A - Zamboanga City and RDO No. 93B - Zamboanga, Sibugay.",,1990-01-02,,ZAMBOANGA DEL SUR,ZAMBOANGA CITY,SANTA MARIA,DE LEON,,RR,Residential - Regular,200.0
raw,"RDO No. 93A - Zamboanga City and RDO No. 93B - Zamboanga, Sibugay.",,,,ZAMBOANGA DEL SUR,ZAMBOANGA CITY,SANTA MARIA,GOV. CAMINS AVE,,RR,Residential - Regular,1555.0
raw,"RDO No. 93A - Zamboanga City and RDO No. 93B - Zamboanga, Sibugay.",,,,ZAMBOANGA DEL SUR,ZAMBOANGA CITY,SANTA MARIA,GOV. CAMINS AVE,,CR,Commercial - Regular,1795.0
raw,"RDO No. 93A - Zamboanga City and RDO No. 93B - Zamboanga, Sibugay.",,,,ZAMBOANGA DEL SUR,ZAMBOANGA CITY,SANTA MARIA,GOV. CAMINS AVE,,RR,Residential - Regular,370.0
raw,"RDO No. 93A - Zamboanga City and RDO No. 93B - Zamboanga, Sibugay.",,,,ZAMBOANGA DEL SUR,ZAMBOANGA CITY,SANTA MARIA,GOV. CAMINS AVE,,CR,Commercial - Regular,530.0
raw,"RDO No. 93A - Zamboanga City and RDO No. 93B - Zamboanga, Sibugay.",,,,ZAMBOANGA DEL SUR,ZAMBOANGA CITY,SANTA MARIA,GOV. CAMINS AVE,,RR,Residential - Regular,190.0
raw,"RDO No. 93A - Zamboanga City and RDO No. 93B - Zamboanga, Sibugay.",,,,ZAMBOANGA DEL SUR,ZAMBOANGA CITY,SANTA MARIA,GOV. CAMINS AVE,,CR,Commercial - Regular,190.0
raw,"RDO No. 93A - Zamboanga City and RDO No. 93B - Zamboanga, Sibugay.",008-2024,"Feb. 17, 2024",4TH,ZAMBOANGA DEL SUR,ZAMBOANGA CITY,SANTA MARIA,GOV. CAMINS AVE,,CR,Commercial - Regular,9900.0
raw,"RDO No. 93A - Zamboanga City and RDO No. 93B - Zamboanga, Sibugay.",008-2024,"Feb. 17, 2024",4TH,ZAMBOANGA DEL SUR,ZAMBOANGA CITY,SANTA MARIA,GOV. CAMINS AVE,,RR,Residential - Regular,5000.0
raw,"RDO No. 93A - Zamboanga City and RDO No. 93B - Zamboanga, Sibugay.",008-2024,"Feb. 17, 2024",4TH,ZAMBOANGA DEL SUR,ZAMBOANGA CITY,SANTA MARIA,GOV. CAMINS AVE,INTERIOR LOT,RR,Residential - Regular,3000.0
raw,"RDO No. 93A - Zamboanga City and RDO No. 93B - Zamboanga, Sibugay.",,2010-08-06,,ZAMBOANGA DEL SUR,ZAMBOANGA CITY,SANTA MARIA,GOV. CAMINS AVE,,RR,Residential - Regular,1555.0
raw,"RDO No. 93A - Zamboanga City and RDO No. 93B - Zamboanga, Sibugay.",,2010-08-06,,ZAMBOANGA DEL SUR,ZAMBOANGA CITY,SANTA MARIA,GOV. CAMINS AVE,,CR,Commercial - Regular,1795.0
raw,"RDO No. 93A - Zamboanga City and RDO No. 93B - Zamboanga, Sibugay.",,1995-12-25,,ZAMBOANGA DEL SUR,ZAMBOANGA CITY,SANTA MARIA,GOV. CAMINS AVE,,RR,Residential - Regular,370.0
raw,"RDO No. 93A - Zamboanga City and RDO No. 93B - Zamboanga, Sibugay.",,1995-12-25,,ZAMBOANGA DEL SUR,ZAMBOANGA CITY,SANTA MARIA,GOV. CAMINS AVE,,CR,Commercial - Regular,530.0
raw,"RDO No. 93A - Zamboanga City and RDO No. 93B - Zamboanga, Sibugay.",,1990-01-02,,ZAMBOANGA DEL SUR,ZAMBOANGA CITY,SANTA MARIA,GOV. CAMINS AVE,,RR,Residential - Regular,190.0
raw,"RDO No. 93A - Zamboanga City and RDO No. 93B - Zamboanga, Sibugay.",,1990-01-02,,ZAMBOANGA DEL SUR,ZAMBOANGA CITY,SANTA MARIA,GOV. CAMINS AVE,,CR,Commercial - Regular,190.0
raw,"RDO No. 93A - Zamboanga City and RDO No. 93B - Zamboanga, Sibugay.",,,,ZAMBOANGA DEL SUR,ZAMBOANGA CITY,SANTA MARIA,GOV. RAMOS AVE,,RR,Residential - Regular,1540.0
raw,"RDO No. 93A - Zamboanga City and RDO No. 93B - Zamboanga, Sibugay.",,,,ZAMBOANGA DEL SUR,ZAMBOANGA CITY,SANTA MARIA,GOV. RAMOS AVE,,X,Special / Other,1600.0
raw,"RDO No. 93A - Zamboanga City and RDO No. 93B - Zamboanga, Sibugay.",,,,ZAMBOANGA DEL SUR,ZAMBOANGA CITY,SANTA MARIA,GOV. RAMOS AVE,,RR,Residential - Regular,360.0
raw,"RDO No. 93A - Zamboanga City and RDO No. 93B - Zamboanga, Sibugay.",,,,ZAMBOANGA DEL SUR,ZAMBOANGA CITY,SANTA MARIA,GOV. RAMOS AVE,,X,Special / Other,250.0
raw,"RDO No. 93A - Zamboanga City and RDO No. 93B - Zamboanga, Sibugay.",,,,ZAMBOANGA DEL SUR,ZAMBOANGA CITY,SANTA MARIA,GOV. RAMOS AVE,,RR,Residential - Regular,150.0
raw,"RDO No. 93A - Zamboanga City and RDO No. 93B - Zamboanga, Sibugay.",,,,ZAMBOANGA DEL SUR,ZAMBOANGA CITY,SANTA MARIA,GOV. RAMOS AVE,,X,Special / Other,190.0
raw,"RDO No. 93A - Zamboanga City and RDO No. 93B - Zamboanga, Sibugay.",008-2024,"Feb. 17, 2024",4TH,ZAMBOANGA DEL SUR,ZAMBOANGA CITY,SANTA MARIA,GOV. RAMOS AVE,INTERIOR LOT,CR,Commercial - Regular,5000.0
raw,"RDO No. 93A - Zamboanga City and RDO No. 93B - Zamboanga, Sibugay.",008-2024,"Feb. 17, 2024",4TH,ZAMBOANGA DEL SUR,ZAMBOANGA CITY,SANTA MARIA,GOV. RAMOS AVE,INTERIOR LOT,RR,Residential - Regular,3200.0
raw,"RDO No. 93A - Zamboanga City and RDO No. 93B - Zamboanga, Sibugay.",008-2024,"Feb. 17, 2024",4TH,ZAMBOANGA DEL SUR,ZAMBOANGA CITY,SANTA MARIA,GOV. RAMOS AVE,INTERIOR LOT,X,Special / Other,3400.0
raw,"RDO No. 93A - Zamboanga City and RDO No. 93B - Zamboanga, Sibugay.",008-2024,"Feb. 17, 2024",4TH,ZAMBOANGA DEL SUR,ZAMBOANGA CITY,SANTA MARIA,GOV. RAMOS AVE,INTERIOR LOT,RR,Residential - Regular,2100.0
raw,"RDO No. 93A - Zamboanga City and RDO No. 93B - Zamboanga, Sibugay.",,2010-08-06,,ZAMBOANGA DEL SUR,ZAMBOANGA CITY,SANTA MARIA,GOV. RAMOS AVE,,RR,Residential - Regular,1540.0
raw,"RDO No. 93A - Zamboanga City and RDO No. 93B - Zamboanga, Sibugay.",,2010-08-06,,ZAMBOANGA DEL SUR,ZAMBOANGA CITY,SANTA MARIA,GOV. RAMOS AVE,,X,Special / Other,1600.0
raw,"RDO No. 93A - Zamboanga City and RDO No. 93B - Zamboanga, Sibugay.",,1995-12-25,,ZAMBOANGA DEL SUR,ZAMBOANGA CITY,SANTA MARIA,GOV. RAMOS AVE,,RR,Residential - Regular,360.0
raw,"RDO No. 93A - Zamboanga City and RDO No. 93B - Zamboanga, Sibugay.",,1995-12-25,,ZAMBOANGA DEL SUR,ZAMBOANGA CITY,SANTA MARIA,GOV. RAMOS AVE,,X,Special / Other,250.0
raw,"RDO No. 93A - Zamboanga City and RDO No. 93B - Zamboanga, Sibugay.",,1990-01-02,,ZAMBOANGA DEL SUR,ZAMBOANGA CITY,SANTA MARIA,GOV. RAMOS AVE,,RR,Residential - Regular,150.0
raw,"RDO No. 93A - Zamboanga City and RDO No. 93B - Zamboanga, Sibugay.",,1990-01-02,,ZAMBOANGA DEL SUR,ZAMBOANGA CITY,SANTA MARIA,GOV. RAMOS AVE,,X,Special / Other,190.0
raw,"RDO No. 93A - Zamboanga City and RDO No. 93B - Zamboanga, Sibugay.",,,,ZAMBOANGA DEL SUR,ZAMBOANGA CITY,SANTA MARIA,M. VICENTA,,RR,Residential - Regular,1110.0
raw,"RDO No. 93A - Zamboanga City and RDO No. 93B - Zamboanga, Sibugay.",,,,ZAMBOANGA DEL SUR,ZAMBOANGA CITY,SANTA MARIA,M. VICENTA,,RR,Residential - Regular,375.0
raw,"RDO No. 93A - Zamboanga City and RDO No. 93B - Zamboanga, Sibugay.",,,,ZAMBOANGA DEL SUR,ZAMBOANGA CITY,SANTA MARIA,M. VICENTA,,RR,Residential - Regular,200.0
raw,"RDO No. 93A - Zamboanga City and RDO No. 93B - Zamboanga, Sibugay.",008-2024,"Feb. 17, 2024",4TH,ZAMBOANGA DEL SUR,ZAMBOANGA CITY,SANTA MARIA,M. VICENTA,INTERIOR LOT,CR,Commercial - Regular,5100.0
raw,"RDO No. 93A - Zamboanga City and RDO No. 93B - Zamboanga, Sibugay.",008-2024,"Feb. 17, 2024",4TH,ZAMBOANGA DEL SUR,ZAMBOANGA CITY,SANTA MARIA,M. VICENTA,INTERIOR LOT,RR,Residential - Regular,3400.0
raw,"RDO No. 93A - Zamboanga City and RDO No. 93B - Zamboanga, Sibugay.",008-2024,"Feb. 17, 2024",4TH,ZAMBOANGA DEL SUR,ZAMBOANGA CITY,SANTA MARIA,M. VICENTA,INTERIOR LOT,RR,Residential - Regular,2100.0
raw,"RDO No. 93A - Zamboanga City and RDO No. 93B - Zamboanga, Sibugay.",,2010-08-06,,ZAMBOANGA DEL SUR,ZAMBOANGA CITY,SANTA MARIA,M. VICENTA,,RR,Residential - Regular,1110.0
raw,"RDO No. 93A - Zamboanga City and RDO No. 93B - Zamboanga, Sibugay.",,1995-12-25,,ZAMBOANGA DEL SUR,ZAMBOANGA CITY,SANTA MARIA,M. VICENTA,,RR,Residential - Regular,375.0
raw,"RDO No. 93A - Zamboanga City and RDO No. 93B - Zamboanga, Sibugay.",,1990-01-02,,ZAMBOANGA DEL SUR,ZAMBOANGA CITY,SANTA MARIA,M. VICENTA,,RR,Residential - Regular,200.0
raw,"RDO No. 93A - Zamboanga City and RDO No. 93B - Zamboanga, Sibugay.",008-2024,"Feb. 17, 2024",4TH,ZAMBOANGA DEL SUR,ZAMBOANGA CITY,SANTA MARIA,NAVARRO COURT SUBD.,INTERIOR LOT,RR,Residential - Regular,4600.0
raw,"RDO No. 93A - Zamboanga City and RDO No. 93B - Zamboanga, Sibugay.",008-2024,"Feb. 17, 2024",4TH,ZAMBOANGA DEL SUR,ZAMBOANGA CITY,SANTA MARIA,NUÑEZ EXT.,,CR,Commercial - Regular,9900.0
raw,"RDO No. 93A - Zamboanga City and RDO No. 93B - Zamboanga, Sibugay.",008-2024,"Feb. 17, 2024",4TH,ZAMBOANGA DEL SUR,ZAMBOANGA CITY,SANTA MARIA,NUÑEZ EXT.,,RR,Residential - Regular,5000.0
raw,"RDO No. 93A - Zamboanga City and RDO No. 93B - Zamboanga, Sibugay.",008-2024,"Feb. 17, 2024",4TH,ZAMBOANGA DEL SUR,ZAMBOANGA CITY,SANTA MARIA,NUÑEZ EXT.,INTERIOR LOT,RR,Residential - Regular,3100.0
raw,"RDO No. 93A - Zamboanga City and RDO No. 93B - Zamboanga, Sibugay.",,,,ZAMBOANGA DEL SUR,ZAMBOANGA CITY,SANTA MARIA,SAAVEDRA ST,,RR,Residential - Regular,890.0
raw,"RDO No. 93A - Zamboanga City and RDO No. 93B - Zamboanga, Sibugay.",,,,ZAMBOANGA DEL SUR,ZAMBOANGA CITY,SANTA MARIA,SAAVEDRA ST,,RR,Residential - Regular,260.0
raw,"RDO No. 93A - Zamboanga City and RDO No. 93B - Zamboanga, Sibugay.",,,,ZAMBOANGA DEL SUR,ZAMBOANGA CITY,SANTA MARIA,SAAVEDRA ST,,RR,Residential - Regular,200.0
raw,"RDO No. 93A - Zamboanga City and RDO No. 93B - Zamboanga, Sibugay.",008-2024,"Feb. 17, 2024",4TH,ZAMBOANGA DEL SUR,ZAMBOANGA CITY,SANTA MARIA,SAAVEDRA ST,INTERIOR LOT,CR,Commercial - Regular,5100.0
raw,"RDO No. 93A - Zamboanga City and RDO No. 93B - Zamboanga, Sibugay.",008-2024,"Feb. 17, 2024",4TH,ZAMBOANGA DEL SUR,ZAMBOANGA CITY,SANTA MARIA,SAAVEDRA ST,INTERIOR LOT,RR,Residential - Regular,3200.0
raw,"RDO No. 93A - Zamboanga City and RDO No. 93B - Zamboanga, Sibugay.",008-2024,"Feb. 17, 2024",4TH,ZAMBOANGA DEL SUR,ZAMBOANGA CITY,SANTA MARIA,SAAVEDRA ST,INTERIOR LOT,RR,Residential - Regular,1900.0
raw,"RDO No. 93A - Zamboanga City and RDO No. 93B - Zamboanga, Sibugay.",,2010-08-06,,ZAMBOANGA DEL SUR,ZAMBOANGA CITY,SANTA MARIA,SAAVEDRA ST,,RR,Residential - Regular,890.0
raw,"RDO No. 93A - Zamboanga City and RDO No. 93B - Zamboanga, Sibugay.",,1995-12-25,,ZAMBOANGA DEL SUR,ZAMBOANGA CITY,SANTA MARIA,SAAVEDRA ST,,RR,Residential - Regular,260.0
raw,"RDO No. 93A - Zamboanga City and RDO No. 93B - Zamboanga, Sibugay.",,1990-01-02,,ZAMBOANGA DEL SUR,ZAMBOANGA CITY,SANTA MARIA,SAAVEDRA ST,,RR,Residential - Regular,200.0
raw,"RDO No. 93A - Zamboanga City and RDO No. 93B - Zamboanga, Sibugay.",008-2024,"Feb. 17, 2024",4TH,ZAMBOANGA DEL SUR,ZAMBOANGA CITY,SANTA MARIA,SANTA MARIA - PASONANCA ROAD,INTERIOR LOT,CR,Commercial - Regular,5400.0
raw,"RDO No. 93A - Zamboanga City and RDO No. 93B - Zamboanga, Sibugay.",008-2024,"Feb. 17, 2024",4TH,ZAMBOANGA DEL SUR,ZAMBOANGA CITY,SANTA MARIA,SANTA MARIA - PASONANCA ROAD,INTERIOR LOT,RR,Residential - Regular,3600.0
raw,"RDO No. 93A - Zamboanga City and RDO No. 93B - Zamboanga, Sibugay.",008-2024,"Feb. 17, 2024",4TH,ZAMBOANGA DEL SUR,ZAMBOANGA CITY,SANTA MARIA,VETERANS AVE. EXT.,GOV. CAMINS AVE. TO GOV. RAMOS AVE.,CR,Commercial - Regular,13500.0
raw,"RDO No. 93A - Zamboanga City and RDO No. 93B - Zamboanga, Sibugay.",008-2024,"Feb. 17, 2024",4TH,ZAMBOANGA DEL SUR,ZAMBOANGA CITY,SANTA MARIA,VETERANS AVE. EXT.,GOV. CAMINS AVE. TO GOV. RAMOS AVE.,RR,Residential - Regular,4900.0
raw,"RDO No. 93A - Zamboanga City and RDO No. 93B - Zamboanga, Sibugay.",008-2024,"Feb. 17, 2024",4TH,ZAMBOANGA DEL SUR,ZAMBOANGA CITY,SANTA MARIA,VETERANS AVE. EXT.,INTERIOR LOT,RR,Residential - Regular,3400.0
raw,"RDO No. 93A - Zamboanga City and RDO No. 93B - Zamboanga, Sibugay.",008-2024,"Feb. 17, 2024",4TH,ZAMBOANGA DEL SUR,ZAMBOANGA CITY,SANTA MARIA,VILLA STA MARIA,INTERIOR LOT,CR,Commercial - Regular,5100.0
raw,"RDO No. 93A - Zamboanga City and RDO No. 93B - Zamboanga, Sibugay.",008-2024,"Feb. 17, 2024",4TH,ZAMBOANGA DEL SUR,ZAMBOANGA CITY,SANTA MARIA,VILLA STA MARIA,INTERIOR LOT,RR,Residential - Regular,3100.0
raw,"RDO No. 93A - Zamboanga City and RDO No. 93B - Zamboanga, Sibugay.",,,,ZAMBOANGA DEL SUR,ZAMBOANGA CITY,SANTO NINO,ALL STREETS,,RR,Residential - Regular,1415.0
raw,"RDO No. 93A - Zamboanga City and RDO No. 93B - Zamboanga, Sibugay.",,,,ZAMBOANGA DEL SUR,ZAMBOANGA CITY,SANTO NINO,ALL STREETS,,CR,Commercial - Regular,1570.0
raw,"RDO No. 93A - Zamboanga City and RDO No. 93B - Zamboanga, Sibugay.",,,,ZAMBOANGA DEL SUR,ZAMBOANGA CITY,SANTO NINO,ALL STREETS,,A50,Agricultural - A50,45.0
raw,"RDO No. 93A - Zamboanga City and RDO No. 93B - Zamboanga, Sibugay.",,,,ZAMBOANGA DEL SUR,ZAMBOANGA CITY,SANTO NINO,ALL STREETS,INTERIOR,RR,Residential - Regular,850.0
raw,"RDO No. 93A - Zamboanga City and RDO No. 93B - Zamboanga, Sibugay.",,,,ZAMBOANGA DEL SUR,ZAMBOANGA CITY,SANTO NINO,ALL STREETS,,RR,Residential - Regular,275.0
raw,"RDO No. 93A - Zamboanga City and RDO No. 93B - Zamboanga, Sibugay.",,,,ZAMBOANGA DEL SUR,ZAMBOANGA CITY,SANTO NINO,ALL STREETS,,CR,Commercial - Regular,380.0
raw,"RDO No. 93A - Zamboanga City and RDO No. 93B - Zamboanga, Sibugay.",,,,ZAMBOANGA DEL SUR,ZAMBOANGA CITY,SANTO NINO,ALL STREETS,,A,Agricultural,15.0
raw,"RDO No. 93A - Zamboanga City and RDO No. 93B - Zamboanga, Sibugay.",,,,ZAMBOANGA DEL SUR,ZAMBOANGA CITY,SANTO NINO,ALL STREETS,,RR,Residential - Regular,200.0
raw,"RDO No. 93A - Zamboanga City and RDO No. 93B - Zamboanga, Sibugay.",,,,ZAMBOANGA DEL SUR,ZAMBOANGA CITY,SANTO NINO,ALL STREETS,,CR,Commercial - Regular,200.0
raw,"RDO No. 93A - Zamboanga City and RDO No. 93B - Zamboanga, Sibugay.",,2010-08-06,,ZAMBOANGA DEL SUR,ZAMBOANGA CITY,SANTO NINO,ALL STREETS,,RR,Residential - Regular,1415.0
raw,"RDO No. 93A - Zamboanga City and RDO No. 93B - Zamboanga, Sibugay.",,2010-08-06,,ZAMBOANGA DEL SUR,ZAMBOANGA CITY,SANTO NINO,ALL STREETS,,CR,Commercial - Regular,1570.0
raw,"RDO No. 93A - Zamboanga City and RDO No. 93B - Zamboanga, Sibugay.",,2010-08-06,,ZAMBOANGA DEL SUR,ZAMBOANGA CITY,SANTO NINO,ALL STREETS,,A50,Agricultural - A50,45.0
raw,"RDO No. 93A - Zamboanga City and RDO No. 93B - Zamboanga, Sibugay.",,2010-08-06,,ZAMBOANGA DEL SUR,ZAMBOANGA CITY,SANTO NINO,ALL STREETS,INTERIOR,RR,Residential - Regular,850.0
raw,"RDO No. 93A - Zamboanga City and RDO No. 93B - Zamboanga, Sibugay.",,1995-12-25,,ZAMBOANGA DEL SUR,ZAMBOANGA CITY,SANTO NINO,ALL STREETS,,RR,Residential - Regular,275.0
raw,"RDO No. 93A - Zamboanga City and RDO No. 93B - Zamboanga, Sibugay.",,1995-12-25,,ZAMBOANGA DEL SUR,ZAMBOANGA CITY,SANTO NINO,ALL STREETS,,CR,Commercial - Regular,380.0
raw,"RDO No. 93A - Zamboanga City and RDO No. 93B - Zamboanga, Sibugay.",,1995-12-25,,ZAMBOANGA DEL SUR,ZAMBOANGA CITY,SANTO NINO,ALL STREETS,,A,Agricultural,15.0
raw,"RDO No. 93A - Zamboanga City and RDO No. 93B - Zamboanga, Sibugay.",,1990-01-02,,ZAMBOANGA DEL SUR,ZAMBOANGA CITY,SANTO NINO,ALL STREETS,,RR,Residential - Regular,200.0
raw,"RDO No. 93A - Zamboanga City and RDO No. 93B - Zamboanga, Sibugay.",,1990-01-02,,ZAMBOANGA DEL SUR,ZAMBOANGA CITY,SANTO NINO,ALL STREETS,,CR,Commercial - Regular,200.0
raw,"RDO No. 93A - Zamboanga City and RDO No. 93B - Zamboanga, Sibugay.",008-2024,"Feb. 17, 2024",4TH,ZAMBOANGA DEL SUR,ZAMBOANGA CITY,SANTO NIÑO,ALL STREETS,GOV. ALVAREZ AVE-TRIPLITT RD,CR,Commercial - Regular,6500.0
raw,"RDO No. 93A - Zamboanga City and RDO No. 93B - Zamboanga, Sibugay.",008-2024,"Feb. 17, 2024",4TH,ZAMBOANGA DEL SUR,ZAMBOANGA CITY,SANTO NIÑO,ALL STREETS,GOV. ALVAREZ AVE-TRIPLITT RD,RR,Residential - Regular,4600.0
raw,"RDO No. 93A - Zamboanga City and RDO No. 93B - Zamboanga, Sibugay.",008-2024,"Feb. 17, 2024",4TH,ZAMBOANGA DEL SUR,ZAMBOANGA CITY,SANTO NIÑO,ALL STREETS,INTERIOR LOT,CR,Commercial - Regular,4800.0
raw,"RDO No. 93A - Zamboanga City and RDO No. 93B - Zamboanga, Sibugay.",008-2024,"Feb. 17, 2024",4TH,ZAMBOANGA DEL SUR,ZAMBOANGA CITY,SANTO NIÑO,ALL STREETS,INTERIOR LOT,RR,Residential - Regular,2300.0
raw,"RDO No. 93A - Zamboanga City and RDO No. 93B - Zamboanga, Sibugay.",008-2024,"Feb. 17, 2024",4TH,ZAMBOANGA DEL SUR,ZAMBOANGA CITY,SANTO NIÑO,ALL STREETS,INTERIOR LOT,A50,Agricultural - A50,210.0
raw,"RDO No. 93A - Zamboanga City and RDO No. 93B - Zamboanga, Sibugay.",008-2024,"Feb. 17, 2024",4TH,ZAMBOANGA DEL SUR,ZAMBOANGA CITY,SANTO NIÑO,GOV. ALVAREZ AVE. (FORMER BUENAVISTA),MAYOR JALDON TO SAN JOSE ROAD,CR,Commercial - Regular,22800.0
raw,"RDO No. 93A - Zamboanga City and RDO No. 93B - Zamboanga, Sibugay.",008-2024,"Feb. 17, 2024",4TH,ZAMBOANGA DEL SUR,ZAMBOANGA CITY,SANTO NIÑO,GOV. ALVAREZ AVE. (FORMER BUENAVISTA),MAYOR JALDON TO SAN JOSE ROAD,RR,Residential - Regular,8000.0
raw,"RDO No. 93A - Zamboanga City and RDO No. 93B - Zamboanga, Sibugay.",008-2024,"Feb. 17, 2024",4TH,ZAMBOANGA DEL SUR,ZAMBOANGA CITY,SANTO NIÑO,GOV. ALVAREZ AVE. (FORMER BUENAVISTA),INTERIOR LOT,RR,Residential - Regular,5000.0
raw,"RDO No. 93A - Zamboanga City and RDO No. 93B - Zamboanga, Sibugay.",008-2024,"Feb. 17, 2024",4TH,ZAMBOANGA DEL SUR,ZAMBOANGA CITY,SANTO NIÑO,SAN JOSE ROAD,GOV. ALVAREZ AVE-TRIPLITT RD,CR,Commercial - Regular,9400.0
raw,"RDO No. 93A - Zamboanga City and RDO No. 93B - Zamboanga, Sibugay.",008-2024,"Feb. 17, 2024",4TH,ZAMBOANGA DEL SUR,ZAMBOANGA CITY,SANTO NIÑO,SAN JOSE ROAD,GOV. ALVAREZ AVE-TRIPLITT RD,RR,Residential - Regular,4600.0
raw,"RDO No. 93A - Zamboanga City and RDO No. 93B - Zamboanga, Sibugay.",,,,ZAMBOANGA DEL SUR,ZAMBOANGA CITY,SIBULAO,ALL STREETS,,RR,Residential - Regular,95.0
raw,"RDO No. 93A - Zamboanga City and RDO No. 93B - Zamboanga, Sibugay.",,,,ZAMBOANGA DEL SUR,ZAMBOANGA CITY,SIBULAO,ALL STREETS,,A50,Agricultural - A50,12.0
raw,"RDO No. 93A - Zamboanga City and RDO No. 93B - Zamboanga, Sibugay.",,,,ZAMBOANGA DEL SUR,ZAMBOANGA CITY,SIBULAO,ALL STREETS,,A,Agricultural,4.0
raw,"RDO No. 93A - Zamboanga City and RDO No. 93B - Zamboanga, Sibugay.",,,,ZAMBOANGA DEL SUR,ZAMBOANGA CITY,SIBULAO,ALL STREETS,,A,Agricultural,1.0
raw,"RDO No. 93A - Zamboanga City and RDO No. 93B - Zamboanga, Sibugay.",008-2024,"Feb. 17, 2024",4TH,ZAMBOANGA DEL SUR,ZAMBOANGA CITY,SIBULAO,ALL STREETS,,RR,Residential - Regular,500.0
raw,"RDO No. 93A - Zamboanga City and RDO No. 93B - Zamboanga, Sibugay.",008-2024,"Feb. 17, 2024",4TH,ZAMBOANGA DEL SUR,ZAMBOANGA CITY,SIBULAO,ALL STREETS,,A50,Agricultural - A50,50.0
raw,"RDO No. 93A - Zamboanga City and RDO No. 93B - Zamboanga, Sibugay.",,2010-08-06,,ZAMBOANGA DEL SUR,ZAMBOANGA CITY,SIBULAO,ALL STREETS,,RR,Residential - Regular,95.0
raw,"RDO No. 93A - Zamboanga City and RDO No. 93B - Zamboanga, Sibugay.",,2010-08-06,,ZAMBOANGA DEL SUR,ZAMBOANGA CITY,SIBULAO,ALL STREETS,,A50,Agricultural - A50,12.0
raw,"RDO No. 93A - Zamboanga City and RDO No. 93B - Zamboanga, Sibugay.",,1995-12-25,,ZAMBOANGA DEL SUR,ZAMBOANGA CITY,SIBULAO,ALL STREETS,,A,Agricultural,4.0
raw,"RDO No. 93A - Zamboanga City and RDO No. 93B - Zamboanga, Sibugay.",,1990-01-02,,ZAMBOANGA DEL SUR,ZAMBOANGA CITY,SIBULAO,ALL STREETS,,A,Agricultural,1.0
raw,"RDO No. 93A - Zamboanga City and RDO No. 93B - Zamboanga, Sibugay.",,,,ZAMBOANGA DEL SUR,ZAMBOANGA CITY,SINUBONG,ALL STREETS,,RR,Residential - Regular,130.0
raw,"RDO No. 93A - Zamboanga City and RDO No. 93B - Zamboanga, Sibugay.",,,,ZAMBOANGA DEL SUR,ZAMBOANGA CITY,SINUBONG,ALL STREETS,,A50,Agricultural - A50,7.0
raw,"RDO No. 93A - Zamboanga City and RDO No. 93B - Zamboanga, Sibugay.",,,,ZAMBOANGA DEL SUR,ZAMBOANGA CITY,SINUBONG,ALL STREETS,,A,Agricultural,4.0
raw,"RDO No. 93A - Zamboanga City and RDO No. 93B - Zamboanga, Sibugay.",,,,ZAMBOANGA DEL SUR,ZAMBOANGA CITY,SINUBONG,ALL STREETS,,A,Agricultural,1.0
raw,"RDO No. 93A - Zamboanga City and RDO No. 93B - Zamboanga, Sibugay.",008-2024,"Feb. 17, 2024",4TH,ZAMBOANGA DEL SUR,ZAMBOANGA CITY,SINUBONG,ALL STREETS,,RR,Residential - Regular,1300.0
raw,"RDO No. 93A - Zamboanga City and RDO No. 93B - Zamboanga, Sibugay.",008-2024,"Feb. 17, 2024",4TH,ZAMBOANGA DEL SUR,ZAMBOANGA CITY,SINUBONG,ALL STREETS,,A50,Agricultural - A50,50.0
raw,"RDO No. 93A - Zamboanga City and RDO No. 93B - Zamboanga, Sibugay.",008-2024,"Feb. 17, 2024",4TH,ZAMBOANGA DEL SUR,ZAMBOANGA CITY,SINUBONG,ALL STREETS,INTERIOR LOT,RR,Residential - Regular,500.0
raw,"RDO No. 93A - Zamboanga City and RDO No. 93B - Zamboanga, Sibugay.",,2010-08-06,,ZAMBOANGA DEL SUR,ZAMBOANGA CITY,SINUBONG,ALL STREETS,,RR,Residential - Regular,130.0
raw,"RDO No. 93A - Zamboanga City and RDO No. 93B - Zamboanga, Sibugay.",,2010-08-06,,ZAMBOANGA DEL SUR,ZAMBOANGA CITY,SINUBONG,ALL STREETS,,A50,Agricultural - A50,7.0
raw,"RDO No. 93A - Zamboanga City and RDO No. 93B - Zamboanga, Sibugay.",,1995-12-25,,ZAMBOANGA DEL SUR,ZAMBOANGA CITY,SINUBONG,ALL STREETS,,A,Agricultural,4.0
raw,"RDO No. 93A - Zamboanga City and RDO No. 93B - Zamboanga, Sibugay.",,1990-01-02,,ZAMBOANGA DEL SUR,ZAMBOANGA CITY,SINUBONG,ALL STREETS,,A,Agricultural,1.0
raw,"RDO No. 93A - Zamboanga City and RDO No. 93B - Zamboanga, Sibugay.",008-2024,"Feb. 17, 2024",4TH,ZAMBOANGA DEL SUR,ZAMBOANGA CITY,SINUNUC,ALL OTHER SUBDIVISION,INTERIOR LOT,RR,Residential - Regular,1500.0
raw,"RDO No. 93A - Zamboanga City and RDO No. 93B - Zamboanga, Sibugay.",008-2024,"Feb. 17, 2024",4TH,ZAMBOANGA DEL SUR,ZAMBOANGA CITY,SINUNUC,ALL SOCIALIZED HOUSING SUBDIVISION,INTERIOR LOT,RR,Residential - Regular,1500.0
raw,"RDO No. 93A - Zamboanga City and RDO No. 93B - Zamboanga, Sibugay.",,,,ZAMBOANGA DEL SUR,ZAMBOANGA CITY,SINUNUC,ALL STREETS,,RR,Residential - Regular,180.0
raw,"RDO No. 93A - Zamboanga City and RDO No. 93B - Zamboanga, Sibugay.",,,,ZAMBOANGA DEL SUR,ZAMBOANGA CITY,SINUNUC,ALL STREETS,,A50,Agricultural - A50,19.0
raw,"RDO No. 93A - Zamboanga City and RDO No. 93B - Zamboanga, Sibugay.",,,,ZAMBOANGA DEL SUR,ZAMBOANGA CITY,SINUNUC,ALL STREETS,,RR,Residential - Regular,75.0
raw,"RDO No. 93A - Zamboanga City and RDO No. 93B - Zamboanga, Sibugay.",,,,ZAMBOANGA DEL SUR,ZAMBOANGA CITY,SINUNUC,ALL STREETS,,A,Agricultural,11.5
raw,"RDO No. 93A - Zamboanga City and RDO No. 93B - Zamboanga, Sibugay.",,,,ZAMBOANGA DEL SUR,ZAMBOANGA CITY,SINUNUC,ALL STREETS,,RR,Residential - Regular,40.0
raw,"RDO No. 93A - Zamboanga City and RDO No. 93B - Zamboanga, Sibugay.",,,,ZAMBOANGA DEL SUR,ZAMBOANGA CITY,SINUNUC,ALL STREETS,,A,Agricultural,2.0
raw,"RDO No. 93A - Zamboanga City and RDO No. 93B - Zamboanga, Sibugay.",008-2024,"Feb. 17, 2024",4TH,ZAMBOANGA DEL SUR,ZAMBOANGA CITY,SINUNUC,ALL STREETS,,CR,Commercial - Regular,2900.0
raw,"RDO No. 93A - Zamboanga City and RDO No. 93B - Zamboanga, Sibugay.",008-2024,"Feb. 17, 2024",4TH,ZAMBOANGA DEL SUR,ZAMBOANGA CITY,SINUNUC,ALL STREETS,,RR,Residential - Regular,1600.0
raw,"RDO No. 93A - Zamboanga City and RDO No. 93B - Zamboanga, Sibugay.",008-2024,"Feb. 17, 2024",4TH,ZAMBOANGA DEL SUR,ZAMBOANGA CITY,SINUNUC,ALL STREETS,,I,Industrial,4000.0
raw,"RDO No. 93A - Zamboanga City and RDO No. 93B - Zamboanga, Sibugay.",008-2024,"Feb. 17, 2024",4TH,ZAMBOANGA DEL SUR,ZAMBOANGA CITY,SINUNUC,ALL STREETS,,A50,Agricultural - A50,50.0
raw,"RDO No. 93A - Zamboanga City and RDO No. 93B - Zamboanga, Sibugay.",008-2024,"Feb. 17, 2024",4TH,ZAMBOANGA DEL SUR,ZAMBOANGA CITY,SINUNUC,ALL STREETS,INTERIOR LOT,RR,Residential - Regular,1000.0
raw,"RDO No. 93A - Zamboanga City and RDO No. 93B - Zamboanga, Sibugay.",,2010-08-06,,ZAMBOANGA DEL SUR,ZAMBOANGA CITY,SINUNUC,ALL STREETS,,RR,Residential - Regular,180.0
raw,"RDO No. 93A - Zamboanga City and RDO No. 93B - Zamboanga, Sibugay.",,2010-08-06,,ZAMBOANGA DEL SUR,ZAMBOANGA CITY,SINUNUC,ALL STREETS,,A50,Agricultural - A50,19.0
raw,"RDO No. 93A - Zamboanga City and RDO No. 93B - Zamboanga, Sibugay.",,1995-12-25,,ZAMBOANGA DEL SUR,ZAMBOANGA CITY,SINUNUC,ALL STREETS,,RR,Residential - Regular,75.0
raw,"RDO No. 93A - Zamboanga City and RDO No. 93B - Zamboanga, Sibugay.",,1995-12-25,,ZAMBOANGA DEL SUR,ZAMBOANGA CITY,SINUNUC,ALL STREETS,,A,Agricultural,11.5
raw,"RDO No. 93A - Zamboanga City and RDO No. 93B - Zamboanga, Sibugay.",,1990-01-02,,ZAMBOANGA DEL SUR,ZAMBOANGA CITY,SINUNUC,ALL STREETS,,RR,Residential - Regular,40.0
raw,"RDO No. 93A - Zamboanga City and RDO No. 93B - Zamboanga, Sibugay.",,1990-01-02,,ZAMBOANGA DEL SUR,ZAMBOANGA CITY,SINUNUC,ALL STREETS,,A,Agricultural,2.0
raw,"RDO No. 93A - Zamboanga City and RDO No. 93B - Zamboanga, Sibugay.",008-2024,"Feb. 17, 2024",4TH,ZAMBOANGA DEL SUR,ZAMBOANGA CITY,SINUNUC,ASID KINGDOM VILLAGE,INTERIOR LOT,RR,Residential - Regular,2500.0
raw,"RDO No. 93A - Zamboanga City and RDO No. 93B - Zamboanga, Sibugay.",008-2024,"Feb. 17, 2024",4TH,ZAMBOANGA DEL SUR,ZAMBOANGA CITY,SINUNUC,RANCHO DEL RIO SUBDIVISION,INTERIOR LOT,RR,Residential - Regular,4300.0
raw,"RDO No. 93A - Zamboanga City and RDO No. 93B - Zamboanga, Sibugay.",,,,ZAMBOANGA DEL SUR,ZAMBOANGA CITY,TAGALISAY,ALL STREETS,,RR,Residential - Regular,20.0
raw,"RDO No. 93A - Zamboanga City and RDO No. 93B - Zamboanga, Sibugay.",,,,ZAMBOANGA DEL SUR,ZAMBOANGA CITY,TAGALISAY,ALL STREETS,,A,Agricultural,200.0
raw,"RDO No. 93A - Zamboanga City and RDO No. 93B - Zamboanga, Sibugay.",,1990-01-02,,ZAMBOANGA DEL SUR,ZAMBOANGA CITY,TAGALISAY,ALL STREETS,,RR,Residential - Regular,20.0
raw,"RDO No. 93A - Zamboanga City and RDO No. 93B - Zamboanga, Sibugay.",,1990-01-02,,ZAMBOANGA DEL SUR,ZAMBOANGA CITY,TAGALISAY,ALL STREETS,,A,Agricultural,200.0
raw,"RDO No. 93A - Zamboanga City and RDO No. 93B - Zamboanga, Sibugay.",,,,ZAMBOANGA DEL SUR,ZAMBOANGA CITY,TAGASILAY,ALL STREETS,,RR,Residential - Regular,115.0
raw,"RDO No. 93A - Zamboanga City and RDO No. 93B - Zamboanga, Sibugay.",,,,ZAMBOANGA DEL SUR,ZAMBOANGA CITY,TAGASILAY,ALL STREETS,,A50,Agricultural - A50,19.0
raw,"RDO No. 93A - Zamboanga City and RDO No. 93B - Zamboanga, Sibugay.",,,,ZAMBOANGA DEL SUR,ZAMBOANGA CITY,TAGASILAY,ALL STREETS,,RR,Residential - Regular,37.5
raw,"RDO No. 93A - Zamboanga City and RDO No. 93B - Zamboanga, Sibugay.",,,,ZAMBOANGA DEL SUR,ZAMBOANGA CITY,TAGASILAY,ALL STREETS,,A,Agricultural,11.5
raw,"RDO No. 93A - Zamboanga City and RDO No. 93B - Zamboanga, Sibugay.",008-2024,"Feb. 17, 2024",4TH,ZAMBOANGA DEL SUR,ZAMBOANGA CITY,TAGASILAY,ALL STREETS,,RR,Residential - Regular,500.0
raw,"RDO No. 93A - Zamboanga City and RDO No. 93B - Zamboanga, Sibugay.",008-2024,"Feb. 17, 2024",4TH,ZAMBOANGA DEL SUR,ZAMBOANGA CITY,TAGASILAY,ALL STREETS,,A50,Agricultural - A50,50.0
raw,"RDO No. 93A - Zamboanga City and RDO No. 93B - Zamboanga, Sibugay.",008-2024,"Feb. 17, 2024",4TH,ZAMBOANGA DEL SUR,ZAMBOANGA CITY,TAGASILAY,ALL STREETS,INTERIOR LOT,RR,Residential - Regular,200.0
raw,"RDO No. 93A - Zamboanga City and RDO No. 93B - Zamboanga, Sibugay.",,2010-08-06,,ZAMBOANGA DEL SUR,ZAMBOANGA CITY,TAGASILAY,ALL STREETS,,RR,Residential - Regular,115.0
raw,"RDO No. 93A - Zamboanga City and RDO No. 93B - Zamboanga, Sibugay.",,2010-08-06,,ZAMBOANGA DEL SUR,ZAMBOANGA CITY,TAGASILAY,ALL STREETS,,A50,Agricultural - A50,19.0
raw,"RDO No. 93A - Zamboanga City and RDO No. 93B - Zamboanga, Sibugay.",,1995-12-25,,ZAMBOANGA DEL SUR,ZAMBOANGA CITY,TAGASILAY,ALL STREETS,,RR,Residential - Regular,37.5
raw,"RDO No. 93A - Zamboanga City and RDO No. 93B - Zamboanga, Sibugay.",,1995-12-25,,ZAMBOANGA DEL SUR,ZAMBOANGA CITY,TAGASILAY,ALL STREETS,,A,Agricultural,11.5
raw,"RDO No. 93A - Zamboanga City and RDO No. 93B - Zamboanga, Sibugay.",,,,ZAMBOANGA DEL SUR,ZAMBOANGA CITY,TAGUITI,ALL STREETS,,RR,Residential - Regular,95.0
raw,"RDO No. 93A - Zamboanga City and RDO No. 93B - Zamboanga, Sibugay.",,,,ZAMBOANGA DEL SUR,ZAMBOANGA CITY,TAGUITI,ALL STREETS,,A50,Agricultural - A50,12.0
raw,"RDO No. 93A - Zamboanga City and RDO No. 93B - Zamboanga, Sibugay.",,,,ZAMBOANGA DEL SUR,ZAMBOANGA CITY,TAGUITI,ALL STREETS,,A,Agricultural,4.0
raw,"RDO No. 93A - Zamboanga City and RDO No. 93B - Zamboanga, Sibugay.",,,,ZAMBOANGA DEL SUR,ZAMBOANGA CITY,TAGUITI,ALL STREETS,,A,Agricultural,1.0
raw,"RDO No. 93A - Zamboanga City and RDO No. 93B - Zamboanga, Sibugay.",008-2024,"Feb. 17, 2024",4TH,ZAMBOANGA DEL SUR,ZAMBOANGA CITY,TAGUITI,ALL STREETS,,RR,Residential - Regular,500.0
raw,"RDO No. 93A - Zamboanga City and RDO No. 93B - Zamboanga, Sibugay.",008-2024,"Feb. 17, 2024",4TH,ZAMBOANGA DEL SUR,ZAMBOANGA CITY,TAGUITI,ALL STREETS,,A50,Agricultural - A50,50.0
raw,"RDO No. 93A - Zamboanga City and RDO No. 93B - Zamboanga, Sibugay.",,2010-08-06,,ZAMBOANGA DEL SUR,ZAMBOANGA CITY,TAGUITI,ALL STREETS,,RR,Residential - Regular,95.0
raw,"RDO No. 93A - Zamboanga City and RDO No. 93B - Zamboanga, Sibugay.",,2010-08-06,,ZAMBOANGA DEL SUR,ZAMBOANGA CITY,TAGUITI,ALL STREETS,,A50,Agricultural - A50,12.0
raw,"RDO No. 93A - Zamboanga City and RDO No. 93B - Zamboanga, Sibugay.",,1995-12-25,,ZAMBOANGA DEL SUR,ZAMBOANGA CITY,TAGUITI,ALL STREETS,,A,Agricultural,4.0
raw,"RDO No. 93A - Zamboanga City and RDO No. 93B - Zamboanga, Sibugay.",,1990-01-02,,ZAMBOANGA DEL SUR,ZAMBOANGA CITY,TAGUITI,ALL STREETS,,A,Agricultural,1.0
raw,"RDO No. 93A - Zamboanga City and RDO No. 93B - Zamboanga, Sibugay.",,,,ZAMBOANGA DEL SUR,ZAMBOANGA CITY,TALABAAN,ALL STREETS,,RR,Residential - Regular,185.0
raw,"RDO No. 93A - Zamboanga City and RDO No. 93B - Zamboanga, Sibugay.",,,,ZAMBOANGA DEL SUR,ZAMBOANGA CITY,TALABAAN,ALL STREETS,,A50,Agricultural - A50,16.0
raw,"RDO No. 93A - Zamboanga City and RDO No. 93B - Zamboanga, Sibugay.",,,,ZAMBOANGA DEL SUR,ZAMBOANGA CITY,TALABAAN,ALL STREETS,,RR,Residential - Regular,40.0
raw,"RDO No. 93A - Zamboanga City and RDO No. 93B - Zamboanga, Sibugay.",,,,ZAMBOANGA DEL SUR,ZAMBOANGA CITY,TALABAAN,ALL STREETS,,A,Agricultural,9.5
raw,"RDO No. 93A - Zamboanga City and RDO No. 93B - Zamboanga, Sibugay.",,,,ZAMBOANGA DEL SUR,ZAMBOANGA CITY,TALABAAN,ALL STREETS,,RR,Residential - Regular,20.0
raw,"RDO No. 93A - Zamboanga City and RDO No. 93B - Zamboanga, Sibugay.",,,,ZAMBOANGA DEL SUR,ZAMBOANGA CITY,TALABAAN,ALL STREETS,,A,Agricultural,3.0
raw,"RDO No. 93A - Zamboanga City and RDO No. 93B - Zamboanga, Sibugay.",008-2024,"Feb. 17, 2024",4TH,ZAMBOANGA DEL SUR,ZAMBOANGA CITY,TALABAAN,ALL STREETS,,RR,Residential - Regular,1100.0
raw,"RDO No. 93A - Zamboanga City and RDO No. 93B - Zamboanga, Sibugay.",008-2024,"Feb. 17, 2024",4TH,ZAMBOANGA DEL SUR,ZAMBOANGA CITY,TALABAAN,ALL STREETS,,A50,Agricultural - A50,70.0
raw,"RDO No. 93A - Zamboanga City and RDO No. 93B - Zamboanga, Sibugay.",008-2024,"Feb. 17, 2024",4TH,ZAMBOANGA DEL SUR,ZAMBOANGA CITY,TALABAAN,ALL STREETS,INTERIOR LOT,RR,Residential - Regular,700.0
raw,"RDO No. 93A - Zamboanga City and RDO No. 93B - Zamboanga, Sibugay.",,2010-08-06,,ZAMBOANGA DEL SUR,ZAMBOANGA CITY,TALABAAN,ALL STREETS,,RR,Residential - Regular,185.0
raw,"RDO No. 93A - Zamboanga City and RDO No. 93B - Zamboanga, Sibugay.",,2010-08-06,,ZAMBOANGA DEL SUR,ZAMBOANGA CITY,TALABAAN,ALL STREETS,,A50,Agricultural - A50,16.0
raw,"RDO No. 93A - Zamboanga City and RDO No. 93B - Zamboanga, Sibugay.",,1995-12-25,,ZAMBOANGA DEL SUR,ZAMBOANGA CITY,TALABAAN,ALL STREETS,,RR,Residential - Regular,40.0
raw,"RDO No. 93A - Zamboanga City and RDO No. 93B - Zamboanga, Sibugay.",,1995-12-25,,ZAMBOANGA DEL SUR,ZAMBOANGA CITY,TALABAAN,ALL STREETS,,A,Agricultural,9.5
raw,"RDO No. 93A - Zamboanga City and RDO No. 93B - Zamboanga, Sibugay.",,1990-01-02,,ZAMBOANGA DEL SUR,ZAMBOANGA CITY,TALABAAN,ALL STREETS,,RR,Residential - Regular,20.0
raw,"RDO No. 93A - Zamboanga City and RDO No. 93B - Zamboanga, Sibugay.",,1990-01-02,,ZAMBOANGA DEL SUR,ZAMBOANGA CITY,TALABAAN,ALL STREETS,,A,Agricultural,3.0
raw,"RDO No. 93A - Zamboanga City and RDO No. 93B - Zamboanga, Sibugay.",008-2024,"Feb. 17, 2024",4TH,ZAMBOANGA DEL SUR,ZAMBOANGA CITY,TALABAAN,ALL SUBDIVISIONS,INTERIOR LOT,RR,Residential - Regular,1200.0
raw,"RDO No. 93A - Zamboanga City and RDO No. 93B - Zamboanga, Sibugay.",,,,ZAMBOANGA DEL SUR,ZAMBOANGA CITY,TALISAYAN,ALL STREETS,,RR,Residential - Regular,250.0
raw,"RDO No. 93A - Zamboanga City and RDO No. 93B - Zamboanga, Sibugay.",,,,ZAMBOANGA DEL SUR,ZAMBOANGA CITY,TALISAYAN,ALL STREETS,,I,Industrial,265.0
raw,"RDO No. 93A - Zamboanga City and RDO No. 93B - Zamboanga, Sibugay.",,,,ZAMBOANGA DEL SUR,ZAMBOANGA CITY,TALISAYAN,ALL STREETS,,A50,Agricultural - A50,90.0
raw,"RDO No. 93A - Zamboanga City and RDO No. 93B - Zamboanga, Sibugay.",,,,ZAMBOANGA DEL SUR,ZAMBOANGA CITY,TALISAYAN,ALL STREETS,INTERIOR,RR,Residential - Regular,150.0
raw,"RDO No. 93A - Zamboanga City and RDO No. 93B - Zamboanga, Sibugay.",,,,ZAMBOANGA DEL SUR,ZAMBOANGA CITY,TALISAYAN,ALL STREETS,,I,Industrial,60.0
raw,"RDO No. 93A - Zamboanga City and RDO No. 93B - Zamboanga, Sibugay.",,,,ZAMBOANGA DEL SUR,ZAMBOANGA CITY,TALISAYAN,ALL STREETS,,A,Agricultural,17.5
raw,"RDO No. 93A - Zamboanga City and RDO No. 93B - Zamboanga, Sibugay.",,,,ZAMBOANGA DEL SUR,ZAMBOANGA CITY,TALISAYAN,ALL STREETS,,I,Industrial,3.0
raw,"RDO No. 93A - Zamboanga City and RDO No. 93B - Zamboanga, Sibugay.",,,,ZAMBOANGA DEL SUR,ZAMBOANGA CITY,TALISAYAN,ALL STREETS,,A,Agricultural,2.0
raw,"RDO No. 93A - Zamboanga City and RDO No. 93B - Zamboanga, Sibugay.",008-2024,"Feb. 17, 2024",4TH,ZAMBOANGA DEL SUR,ZAMBOANGA CITY,TALISAYAN,ALL STREETS,,CR,Commercial - Regular,2500.0
raw,"RDO No. 93A - Zamboanga City and RDO No. 93B - Zamboanga, Sibugay.",008-2024,"Feb. 17, 2024",4TH,ZAMBOANGA DEL SUR,ZAMBOANGA CITY,TALISAYAN,ALL STREETS,,RR,Residential - Regular,1400.0
raw,"RDO No. 93A - Zamboanga City and RDO No. 93B - Zamboanga, Sibugay.",008-2024,"Feb. 17, 2024",4TH,ZAMBOANGA DEL SUR,ZAMBOANGA CITY,TALISAYAN,ALL STREETS,,I,Industrial,3900.0
raw,"RDO No. 93A - Zamboanga City and RDO No. 93B - Zamboanga, Sibugay.",008-2024,"Feb. 17, 2024",4TH,ZAMBOANGA DEL SUR,ZAMBOANGA CITY,TALISAYAN,ALL STREETS,,A50,Agricultural - A50,310.0
raw,"RDO No. 93A - Zamboanga City and RDO No. 93B - Zamboanga, Sibugay.",008-2024,"Feb. 17, 2024",4TH,ZAMBOANGA DEL SUR,ZAMBOANGA CITY,TALISAYAN,ALL STREETS,INTERIOR LOT,RR,Residential - Regular,600.0
raw,"RDO No. 93A - Zamboanga City and RDO No. 93B - Zamboanga, Sibugay.",,2010-08-06,,ZAMBOANGA DEL SUR,ZAMBOANGA CITY,TALISAYAN,ALL STREETS,,RR,Residential - Regular,250.0
raw,"RDO No. 93A - Zamboanga City and RDO No. 93B - Zamboanga, Sibugay.",,2010-08-06,,ZAMBOANGA DEL SUR,ZAMBOANGA CITY,TALISAYAN,ALL STREETS,,I,Industrial,265.0
raw,"RDO No. 93A - Zamboanga City and RDO No. 93B - Zamboanga, Sibugay.",,2010-08-06,,ZAMBOANGA DEL SUR,ZAMBOANGA CITY,TALISAYAN,ALL STREETS,,A50,Agricultural - A50,90.0
raw,"RDO No. 93A - Zamboanga City and RDO No. 93B - Zamboanga, Sibugay.",,2010-08-06,,ZAMBOANGA DEL SUR,ZAMBOANGA CITY,TALISAYAN,ALL STREETS,INTERIOR,RR,Residential - Regular,150.0
raw,"RDO No. 93A - Zamboanga City and RDO No. 93B - Zamboanga, Sibugay.",,1995-12-25,,ZAMBOANGA DEL SUR,ZAMBOANGA CITY,TALISAYAN,ALL STREETS,,I,Industrial,60.0
raw,"RDO No. 93A - Zamboanga City and RDO No. 93B - Zamboanga, Sibugay.",,1995-12-25,,ZAMBOANGA DEL SUR,ZAMBOANGA CITY,TALISAYAN,ALL STREETS,,A,Agricultural,17.5
raw,"RDO No. 93A - Zamboanga City and RDO No. 93B - Zamboanga, Sibugay.",,1990-01-02,,ZAMBOANGA DEL SUR,ZAMBOANGA CITY,TALISAYAN,ALL STREETS,,I,Industrial,3.0
raw,"RDO No. 93A - Zamboanga City and RDO No. 93B - Zamboanga, Sibugay.",,1990-01-02,,ZAMBOANGA DEL SUR,ZAMBOANGA CITY,TALISAYAN,ALL STREETS,,A,Agricultural,2.0
raw,"RDO No. 93A - Zamboanga City and RDO No. 93B - Zamboanga, Sibugay.",,,,ZAMBOANGA DEL SUR,ZAMBOANGA CITY,TALON TALON,ALL OTHER STREETS,,RR,Residential - Regular,600.0
raw,"RDO No. 93A - Zamboanga City and RDO No. 93B - Zamboanga, Sibugay.",,,,ZAMBOANGA DEL SUR,ZAMBOANGA CITY,TALON TALON,ALL OTHER STREETS,,I,Industrial,645.0
raw,"RDO No. 93A - Zamboanga City and RDO No. 93B - Zamboanga, Sibugay.",,,,ZAMBOANGA DEL SUR,ZAMBOANGA CITY,TALON TALON,ALL OTHER STREETS,INTERIOR,RR,Residential - Regular,390.0
raw,"RDO No. 93A - Zamboanga City and RDO No. 93B - Zamboanga, Sibugay.",,,,ZAMBOANGA DEL SUR,ZAMBOANGA CITY,TALON TALON,ALL OTHER STREETS,,RR,Residential - Regular,170.0
raw,"RDO No. 93A - Zamboanga City and RDO No. 93B - Zamboanga, Sibugay.",,,,ZAMBOANGA DEL SUR,ZAMBOANGA CITY,TALON TALON,ALL OTHER STREETS,,I,Industrial,215.0
raw,"RDO No. 93A - Zamboanga City and RDO No. 93B - Zamboanga, Sibugay.",,,,ZAMBOANGA DEL SUR,ZAMBOANGA CITY,TALON TALON,ALL OTHER STREETS,,RR,Residential - Regular,100.0
raw,"RDO No. 93A - Zamboanga City and RDO No. 93B - Zamboanga, Sibugay.",,,,ZAMBOANGA DEL SUR,ZAMBOANGA CITY,TALON TALON,ALL OTHER STREETS,,I,Industrial,140.0
raw,"RDO No. 93A - Zamboanga City and RDO No. 93B - Zamboanga, Sibugay.",008-2024,"Feb. 17, 2024",4TH,ZAMBOANGA DEL SUR,ZAMBOANGA CITY,TALON TALON,ALL OTHER STREETS,TALON-TALON LOOP-TALON-TALON-TUGBUNGAN LOOP,CR,Commercial - Regular,4000.0
raw,"RDO No. 93A - Zamboanga City and RDO No. 93B - Zamboanga, Sibugay.",008-2024,"Feb. 17, 2024",4TH,ZAMBOANGA DEL SUR,ZAMBOANGA CITY,TALON TALON,ALL OTHER STREETS,TALON-TALON LOOP-TALON-TALON-TUGBUNGAN LOOP,RR,Residential - Regular,2200.0
raw,"RDO No. 93A - Zamboanga City and RDO No. 93B - Zamboanga, Sibugay.",008-2024,"Feb. 17, 2024",4TH,ZAMBOANGA DEL SUR,ZAMBOANGA CITY,TALON TALON,ALL OTHER STREETS,TALON-TALON LOOP-TALON-TALON-TUGBUNGAN LOOP,A50,Agricultural - A50,300.0
raw,"RDO No. 93A - Zamboanga City and RDO No. 93B - Zamboanga, Sibugay.",008-2024,"Feb. 17, 2024",4TH,ZAMBOANGA DEL SUR,ZAMBOANGA CITY,TALON TALON,ALL OTHER STREETS,TALON-TALON LOOP-TALON-TALON-TUGBUNGAN LOOP,I,Industrial,4200.0
raw,"RDO No. 93A - Zamboanga City and RDO No. 93B - Zamboanga, Sibugay.",008-2024,"Feb. 17, 2024",4TH,ZAMBOANGA DEL SUR,ZAMBOANGA CITY,TALON TALON,ALL OTHER STREETS,INTERIOR LOT,RR,Residential - Regular,1600.0
raw,"RDO No. 93A - Zamboanga City and RDO No. 93B - Zamboanga, Sibugay.",,2010-08-06,,ZAMBOANGA DEL SUR,ZAMBOANGA CITY,TALON TALON,ALL OTHER STREETS,,RR,Residential - Regular,600.0
raw,"RDO No. 93A - Zamboanga City and RDO No. 93B - Zamboanga, Sibugay.",,2010-08-06,,ZAMBOANGA DEL SUR,ZAMBOANGA CITY,TALON TALON,ALL OTHER STREETS,,I,Industrial,645.0
raw,"RDO No. 93A - Zamboanga City and RDO No. 93B - Zamboanga, Sibugay.",,2010-08-06,,ZAMBOANGA DEL SUR,ZAMBOANGA CITY,TALON TALON,ALL OTHER STREETS,INTERIOR,RR,Residential - Regular,390.0
raw,"RDO No. 93A - Zamboanga City and RDO No. 93B - Zamboanga, Sibugay.",,1995-12-25,,ZAMBOANGA DEL SUR,ZAMBOANGA CITY,TALON TALON,ALL OTHER STREETS,,RR,Residential - Regular,170.0
raw,"RDO No. 93A - Zamboanga City and RDO No. 93B - Zamboanga, Sibugay.",,1995-12-25,,ZAMBOANGA DEL SUR,ZAMBOANGA CITY,TALON TALON,ALL OTHER STREETS,,I,Industrial,215.0
raw,"RDO No. 93A - Zamboanga City and RDO No. 93B - Zamboanga, Sibugay.",,1990-01-02,,ZAMBOANGA DEL SUR,ZAMBOANGA CITY,TALON TALON,ALL OTHER STREETS,,RR,Residential - Regular,100.0
raw,"RDO No. 93A - Zamboanga City and RDO No. 93B - Zamboanga, Sibugay.",,1990-01-02,,ZAMBOANGA DEL SUR,ZAMBOANGA CITY,TALON TALON,ALL OTHER STREETS,,I,Industrial,140.0
raw,"RDO No. 93A - Zamboanga City and RDO No. 93B - Zamboanga, Sibugay.",008-2024,"Feb. 17, 2024",4TH,ZAMBOANGA DEL SUR,ZAMBOANGA CITY,TALON TALON,TALON-TALON ROAD,TALON-TALON LOOP-TALON-TALON-TUGBUNGAN LOOP,CR,Commercial - Regular,4800.0
raw,"RDO No. 93A - Zamboanga City and RDO No. 93B - Zamboanga, Sibugay.",008-2024,"Feb. 17, 2024",4TH,ZAMBOANGA DEL SUR,ZAMBOANGA CITY,TALON TALON,TALON-TALON ROAD,TALON-TALON LOOP-TALON-TALON-TUGBUNGAN LOOP,RR,Residential - Regular,3100.0
raw,"RDO No. 93A - Zamboanga City and RDO No. 93B - Zamboanga, Sibugay.",,,,ZAMBOANGA DEL SUR,ZAMBOANGA CITY,TALUKSAGAY,ALL OTHER STREETS,,RR,Residential - Regular,20.0
raw,"RDO No. 93A - Zamboanga City and RDO No. 93B - Zamboanga, Sibugay.",,,,ZAMBOANGA DEL SUR,ZAMBOANGA CITY,TALUKSAGAY,ALL OTHER STREETS,,A,Agricultural,2.0
raw,"RDO No. 93A - Zamboanga City and RDO No. 93B - Zamboanga, Sibugay.",,1990-01-02,,ZAMBOANGA DEL SUR,ZAMBOANGA CITY,TALUKSAGAY,ALL OTHER STREETS,,RR,Residential - Regular,20.0
raw,"RDO No. 93A - Zamboanga City and RDO No. 93B - Zamboanga, Sibugay.",,1990-01-02,,ZAMBOANGA DEL SUR,ZAMBOANGA CITY,TALUKSAGAY,ALL OTHER STREETS,,A,Agricultural,2.0
raw,"RDO No. 93A - Zamboanga City and RDO No. 93B - Zamboanga, Sibugay.",,,,ZAMBOANGA DEL SUR,ZAMBOANGA CITY,TALUKSANGAY,ALL OTHER STREETS,,RR,Residential - Regular,105.0
raw,"RDO No. 93A - Zamboanga City and RDO No. 93B - Zamboanga, Sibugay.",,,,ZAMBOANGA DEL SUR,ZAMBOANGA CITY,TALUKSANGAY,ALL OTHER STREETS,,A50,Agricultural - A50,10.0
raw,"RDO No. 93A - Zamboanga City and RDO No. 93B - Zamboanga, Sibugay.",,,,ZAMBOANGA DEL SUR,ZAMBOANGA CITY,TALUKSANGAY,ALL OTHER STREETS,,RR,Residential - Regular,40.0
raw,"RDO No. 93A - Zamboanga City and RDO No. 93B - Zamboanga, Sibugay.",,,,ZAMBOANGA DEL SUR,ZAMBOANGA CITY,TALUKSANGAY,ALL OTHER STREETS,,A,Agricultural,6.0
raw,"RDO No. 93A - Zamboanga City and RDO No. 93B - Zamboanga, Sibugay.",008-2024,"Feb. 17, 2024",4TH,ZAMBOANGA DEL SUR,ZAMBOANGA CITY,TALUKSANGAY,ALL OTHER STREETS,,CR,Commercial - Regular,2300.0
raw,"RDO No. 93A - Zamboanga City and RDO No. 93B - Zamboanga, Sibugay.",008-2024,"Feb. 17, 2024",4TH,ZAMBOANGA DEL SUR,ZAMBOANGA CITY,TALUKSANGAY,ALL OTHER STREETS,,RR,Residential - Regular,1100.0
raw,"RDO No. 93A - Zamboanga City and RDO No. 93B - Zamboanga, Sibugay.",008-2024,"Feb. 17, 2024",4TH,ZAMBOANGA DEL SUR,ZAMBOANGA CITY,TALUKSANGAY,ALL OTHER STREETS,,A50,Agricultural - A50,190.0
raw,"RDO No. 93A - Zamboanga City and RDO No. 93B - Zamboanga, Sibugay.",008-2024,"Feb. 17, 2024",4TH,ZAMBOANGA DEL SUR,ZAMBOANGA CITY,TALUKSANGAY,ALL OTHER STREETS,INTERIOR LOT,RR,Residential - Regular,700.0
raw,"RDO No. 93A - Zamboanga City and RDO No. 93B - Zamboanga, Sibugay.",,2010-08-06,,ZAMBOANGA DEL SUR,ZAMBOANGA CITY,TALUKSANGAY,ALL OTHER STREETS,,RR,Residential - Regular,105.0
raw,"RDO No. 93A - Zamboanga City and RDO No. 93B - Zamboanga, Sibugay.",,2010-08-06,,ZAMBOANGA DEL SUR,ZAMBOANGA CITY,TALUKSANGAY,ALL OTHER STREETS,,A50,Agricultural - A50,10.0
raw,"RDO No. 93A - Zamboanga City and RDO No. 93B - Zamboanga, Sibugay.",,1995-12-25,,ZAMBOANGA DEL SUR,ZAMBOANGA CITY,TALUKSANGAY,ALL OTHER STREETS,,RR,Residential - Regular,40.0
raw,"RDO No. 93A - Zamboanga City and RDO No. 93B - Zamboanga, Sibugay.",,1995-12-25,,ZAMBOANGA DEL SUR,ZAMBOANGA CITY,TALUKSANGAY,ALL OTHER STREETS,,A,Agricultural,6.0
raw,"RDO No. 93A - Zamboanga City and RDO No. 93B - Zamboanga, Sibugay.",008-2024,"Feb. 17, 2024",4TH,ZAMBOANGA DEL SUR,ZAMBOANGA CITY,TALUNGATUNG,ALL STREETS,,RR,Residential - Regular,1100.0
raw,"RDO No. 93A - Zamboanga City and RDO No. 93B - Zamboanga, Sibugay.",008-2024,"Feb. 17, 2024",4TH,ZAMBOANGA DEL SUR,ZAMBOANGA CITY,TALUNGATUNG,ALL STREETS,,I,Industrial,2500.0
raw,"RDO No. 93A - Zamboanga City and RDO No. 93B - Zamboanga, Sibugay.",008-2024,"Feb. 17, 2024",4TH,ZAMBOANGA DEL SUR,ZAMBOANGA CITY,TALUNGATUNG,ALL STREETS,,A50,Agricultural - A50,50.0
raw,"RDO No. 93A - Zamboanga City and RDO No. 93B - Zamboanga, Sibugay.",008-2024,"Feb. 17, 2024",4TH,ZAMBOANGA DEL SUR,ZAMBOANGA CITY,TALUNGATUNG,ALL STREETS,INTERIOR LOT,RR,Residential - Regular,400.0
raw,"RDO No. 93A - Zamboanga City and RDO No. 93B - Zamboanga, Sibugay.",,,,ZAMBOANGA DEL SUR,ZAMBOANGA CITY,TETUAN,ALL OTHER STREETS,,RR,Residential - Regular,1320.0
raw,"RDO No. 93A - Zamboanga City and RDO No. 93B - Zamboanga, Sibugay.",,,,ZAMBOANGA DEL SUR,ZAMBOANGA CITY,TETUAN,ALL OTHER STREETS,,A50,Agricultural - A50,60.0
raw,"RDO No. 93A - Zamboanga City and RDO No. 93B - Zamboanga, Sibugay.",,,,ZAMBOANGA DEL SUR,ZAMBOANGA CITY,TETUAN,ALL OTHER STREETS,,RR,Residential - Regular,360.0
raw,"RDO No. 93A - Zamboanga City and RDO No. 93B - Zamboanga, Sibugay.",,,,ZAMBOANGA DEL SUR,ZAMBOANGA CITY,TETUAN,ALL OTHER STREETS,,A,Agricultural,20.0
raw,"RDO No. 93A - Zamboanga City and RDO No. 93B - Zamboanga, Sibugay.",,,,ZAMBOANGA DEL SUR,ZAMBOANGA CITY,TETUAN,ALL OTHER STREETS,,RR,Residential - Regular,100.0
raw,"RDO No. 93A - Zamboanga City and RDO No. 93B - Zamboanga, Sibugay.",008-2024,"Feb. 17, 2024",4TH,ZAMBOANGA DEL SUR,ZAMBOANGA CITY,TETUAN,ALL OTHER STREETS,,CR,Commercial - Regular,5000.0
raw,"RDO No. 93A - Zamboanga City and RDO No. 93B - Zamboanga, Sibugay.",008-2024,"Feb. 17, 2024",4TH,ZAMBOANGA DEL SUR,ZAMBOANGA CITY,TETUAN,ALL OTHER STREETS,,RR,Residential - Regular,4500.0
raw,"RDO No. 93A - Zamboanga City and RDO No. 93B - Zamboanga, Sibugay.",008-2024,"Feb. 17, 2024",4TH,ZAMBOANGA DEL SUR,ZAMBOANGA CITY,TETUAN,ALL OTHER STREETS,INTERIOR LOT,RR,Residential - Regular,3100.0
raw,"RDO No. 93A - Zamboanga City and RDO No. 93B - Zamboanga, Sibugay.",008-2024,"Feb. 17, 2024",4TH,ZAMBOANGA DEL SUR,ZAMBOANGA CITY,TETUAN,ALL OTHER STREETS,INTERIOR LOT,A50,Agricultural - A50,220.0
raw,"RDO No. 93A - Zamboanga City and RDO No. 93B - Zamboanga, Sibugay.",,2010-08-06,,ZAMBOANGA DEL SUR,ZAMBOANGA CITY,TETUAN,ALL OTHER STREETS,,RR,Residential - Regular,1320.0
raw,"RDO No. 93A - Zamboanga City and RDO No. 93B - Zamboanga, Sibugay.",,2010-08-06,,ZAMBOANGA DEL SUR,ZAMBOANGA CITY,TETUAN,ALL OTHER STREETS,,A50,Agricultural - A50,60.0
raw,"RDO No. 93A - Zamboanga City and RDO No. 93B - Zamboanga, Sibugay.",,1995-12-25,,ZAMBOANGA DEL SUR,ZAMBOANGA CITY,TETUAN,ALL OTHER STREETS,,RR,Residential - Regular,360.0
raw,"RDO No. 93A - Zamboanga City and RDO No. 93B - Zamboanga, Sibugay.",,1995-12-25,,ZAMBOANGA DEL SUR,ZAMBOANGA CITY,TETUAN,ALL OTHER STREETS,,A,Agricultural,20.0
raw,"RDO No. 93A - Zamboanga City and RDO No. 93B - Zamboanga, Sibugay.",,1990-01-02,,ZAMBOANGA DEL SUR,ZAMBOANGA CITY,TETUAN,ALL OTHER STREETS,,RR,Residential - Regular,100.0
raw,"RDO No. 93A - Zamboanga City and RDO No. 93B - Zamboanga, Sibugay.",,,,ZAMBOANGA DEL SUR,ZAMBOANGA CITY,TETUAN,ATILANO,,RR,Residential - Regular,1320.0
raw,"RDO No. 93A - Zamboanga City and RDO No. 93B - Zamboanga, Sibugay.",,,,ZAMBOANGA DEL SUR,ZAMBOANGA CITY,TETUAN,ATILANO,,RR,Residential - Regular,380.0
raw,"RDO No. 93A - Zamboanga City and RDO No. 93B - Zamboanga, Sibugay.",,,,ZAMBOANGA DEL SUR,ZAMBOANGA CITY,TETUAN,ATILANO,,RR,Residential - Regular,150.0
raw,"RDO No. 93A - Zamboanga City and RDO No. 93B - Zamboanga, Sibugay.",008-2024,"Feb. 17, 2024",4TH,ZAMBOANGA DEL SUR,ZAMBOANGA CITY,TETUAN,ATILANO,,CR,Commercial - Regular,5100.0
raw,"RDO No. 93A - Zamboanga City and RDO No. 93B - Zamboanga, Sibugay.",008-2024,"Feb. 17, 2024",4TH,ZAMBOANGA DEL SUR,ZAMBOANGA CITY,TETUAN,ATILANO,,RR,Residential - Regular,4600.0
raw,"RDO No. 93A - Zamboanga City and RDO No. 93B - Zamboanga, Sibugay.",008-2024,"Feb. 17, 2024",4TH,ZAMBOANGA DEL SUR,ZAMBOANGA CITY,TETUAN,ATILANO,INTERIOR LOT,RR,Residential - Regular,3000.0
raw,"RDO No. 93A - Zamboanga City and RDO No. 93B - Zamboanga, Sibugay.",,2010-08-06,,ZAMBOANGA DEL SUR,ZAMBOANGA CITY,TETUAN,ATILANO,,RR,Residential - Regular,1320.0
raw,"RDO No. 93A - Zamboanga City and RDO No. 93B - Zamboanga, Sibugay.",,1995-12-25,,ZAMBOANGA DEL SUR,ZAMBOANGA CITY,TETUAN,ATILANO,,RR,Residential - Regular,380.0
raw,"RDO No. 93A - Zamboanga City and RDO No. 93B - Zamboanga, Sibugay.",,1990-01-02,,ZAMBOANGA DEL SUR,ZAMBOANGA CITY,TETUAN,ATILANO,,RR,Residential - Regular,150.0
raw,"RDO No. 93A - Zamboanga City and RDO No. 93B - Zamboanga, Sibugay.",008-2024,"Feb. 17, 2024",4TH,ZAMBOANGA DEL SUR,ZAMBOANGA CITY,TETUAN,BEL-AIR SUBDIVISION,INTERIOR LOT,RR,Residential - Regular,4600.0
raw,"RDO No. 93A - Zamboanga City and RDO No. 93B - Zamboanga, Sibugay.",,,,ZAMBOANGA DEL SUR,ZAMBOANGA CITY,TETUAN,BURGOS,,RR,Residential - Regular,1320.0
raw,"RDO No. 93A - Zamboanga City and RDO No. 93B - Zamboanga, Sibugay.",,,,ZAMBOANGA DEL SUR,ZAMBOANGA CITY,TETUAN,BURGOS,,RR,Residential - Regular,380.0
raw,"RDO No. 93A - Zamboanga City and RDO No. 93B - Zamboanga, Sibugay.",,,,ZAMBOANGA DEL SUR,ZAMBOANGA CITY,TETUAN,BURGOS,,RR,Residential - Regular,150.0
raw,"RDO No. 93A - Zamboanga City and RDO No. 93B - Zamboanga, Sibugay.",008-2024,"Feb. 17, 2024",4TH,ZAMBOANGA DEL SUR,ZAMBOANGA CITY,TETUAN,BURGOS,INTERIOR LOT,RR,Residential - Regular,4600.0
raw,"RDO No. 93A - Zamboanga City and RDO No. 93B - Zamboanga, Sibugay.",008-2024,"Feb. 17, 2024",4TH,ZAMBOANGA DEL SUR,ZAMBOANGA CITY,TETUAN,BURGOS,INTERIOR LOT,RR,Residential - Regular,3000.0
raw,"RDO No. 93A - Zamboanga City and RDO No. 93B - Zamboanga, Sibugay.",,2010-08-06,,ZAMBOANGA DEL SUR,ZAMBOANGA CITY,TETUAN,BURGOS,,RR,Residential - Regular,1320.0
raw,"RDO No. 93A - Zamboanga City and RDO No. 93B - Zamboanga, Sibugay.",,1995-12-25,,ZAMBOANGA DEL SUR,ZAMBOANGA CITY,TETUAN,BURGOS,,RR,Residential - Regular,380.0
raw,"RDO No. 93A - Zamboanga City and RDO No. 93B - Zamboanga, Sibugay.",,1990-01-02,,ZAMBOANGA DEL SUR,ZAMBOANGA CITY,TETUAN,BURGOS,,RR,Residential - Regular,150.0
raw,"RDO No. 93A - Zamboanga City and RDO No. 93B - Zamboanga, Sibugay.",,,,ZAMBOANGA DEL SUR,ZAMBOANGA CITY,TETUAN,CABATO ROAD,,RR,Residential - Regular,2270.0
raw,"RDO No. 93A - Zamboanga City and RDO No. 93B - Zamboanga, Sibugay.",,,,ZAMBOANGA DEL SUR,ZAMBOANGA CITY,TETUAN,CABATO ROAD,,RR,Residential - Regular,380.0
raw,"RDO No. 93A - Zamboanga City and RDO No. 93B - Zamboanga, Sibugay.",,,,ZAMBOANGA DEL SUR,ZAMBOANGA CITY,TETUAN,CABATO ROAD,,RR,Residential - Regular,150.0
raw,"RDO No. 93A - Zamboanga City and RDO No. 93B - Zamboanga, Sibugay.",008-2024,"Feb. 17, 2024",4TH,ZAMBOANGA DEL SUR,ZAMBOANGA CITY,TETUAN,CABATO ROAD,INTERIOR LOT,CR,Commercial - Regular,5300.0
raw,"RDO No. 93A - Zamboanga City and RDO No. 93B - Zamboanga, Sibugay.",008-2024,"Feb. 17, 2024",4TH,ZAMBOANGA DEL SUR,ZAMBOANGA CITY,TETUAN,CABATO ROAD,INTERIOR LOT,RR,Residential - Regular,4700.0
raw,"RDO No. 93A - Zamboanga City and RDO No. 93B - Zamboanga, Sibugay.",008-2024,"Feb. 17, 2024",4TH,ZAMBOANGA DEL SUR,ZAMBOANGA CITY,TETUAN,CABATO ROAD,INTERIOR LOT,RR,Residential - Regular,3200.0
raw,"RDO No. 93A - Zamboanga City and RDO No. 93B - Zamboanga, Sibugay.",,2010-08-06,,ZAMBOANGA DEL SUR,ZAMBOANGA CITY,TETUAN,CABATO ROAD,,RR,Residential - Regular,2270.0
raw,"RDO No. 93A - Zamboanga City and RDO No. 93B - Zamboanga, Sibugay.",,1995-12-25,,ZAMBOANGA DEL SUR,ZAMBOANGA CITY,TETUAN,CABATO ROAD,,RR,Residential - Regular,380.0
raw,"RDO No. 93A - Zamboanga City and RDO No. 93B - Zamboanga, Sibugay.",,1990-01-02,,ZAMBOANGA DEL SUR,ZAMBOANGA CITY,TETUAN,CABATO ROAD,,RR,Residential - Regular,150.0
raw,"RDO No. 93A - Zamboanga City and RDO No. 93B - Zamboanga, Sibugay.",,,,ZAMBOANGA DEL SUR,ZAMBOANGA CITY,TETUAN,CANDIDO ST,,RR,Residential - Regular,1320.0
raw,"RDO No. 93A - Zamboanga City and RDO No. 93B - Zamboanga, Sibugay.",,,,ZAMBOANGA DEL SUR,ZAMBOANGA CITY,TETUAN,CANDIDO ST,,RR,Residential - Regular,380.0
raw,"RDO No. 93A - Zamboanga City and RDO No. 93B - Zamboanga, Sibugay.",,,,ZAMBOANGA DEL SUR,ZAMBOANGA CITY,TETUAN,CANDIDO ST,,RR,Residential - Regular,150.0
raw,"RDO No. 93A - Zamboanga City and RDO No. 93B - Zamboanga, Sibugay.",008-2024,"Feb. 17, 2024",4TH,ZAMBOANGA DEL SUR,ZAMBOANGA CITY,TETUAN,CANDIDO ST,J.R. Estrada Street to C. Atilano St.,CR,Commercial - Regular,5000.0
raw,"RDO No. 93A - Zamboanga City and RDO No. 93B - Zamboanga, Sibugay.",008-2024,"Feb. 17, 2024",4TH,ZAMBOANGA DEL SUR,ZAMBOANGA CITY,TETUAN,CANDIDO ST,J.R. Estrada Street to C. Atilano St.,RR,Residential - Regular,4500.0
raw,"RDO No. 93A - Zamboanga City and RDO No. 93B - Zamboanga, Sibugay.",008-2024,"Feb. 17, 2024",4TH,ZAMBOANGA DEL SUR,ZAMBOANGA CITY,TETUAN,CANDIDO ST,INTERIOR LOT,RR,Residential - Regular,3100.0
raw,"RDO No. 93A - Zamboanga City and RDO No. 93B - Zamboanga, Sibugay.",,2010-08-06,,ZAMBOANGA DEL SUR,ZAMBOANGA CITY,TETUAN,CANDIDO ST,,RR,Residential - Regular,1320.0
raw,"RDO No. 93A - Zamboanga City and RDO No. 93B - Zamboanga, Sibugay.",,1995-12-25,,ZAMBOANGA DEL SUR,ZAMBOANGA CITY,TETUAN,CANDIDO ST,,RR,Residential - Regular,380.0
raw,"RDO No. 93A - Zamboanga City and RDO No. 93B - Zamboanga, Sibugay.",,1990-01-02,,ZAMBOANGA DEL SUR,ZAMBOANGA CITY,TETUAN,CANDIDO ST,,RR,Residential - Regular,150.0
raw,"RDO No. 93A - Zamboanga City and RDO No. 93B - Zamboanga, Sibugay.",,,,ZAMBOANGA DEL SUR,ZAMBOANGA CITY,TETUAN,DON ALFARO,,RR,Residential - Regular,2245.0
raw,"RDO No. 93A - Zamboanga City and RDO No. 93B - Zamboanga, Sibugay.",,,,ZAMBOANGA DEL SUR,ZAMBOANGA CITY,TETUAN,DON ALFARO,,RR,Residential - Regular,380.0
raw,"RDO No. 93A - Zamboanga City and RDO No. 93B - Zamboanga, Sibugay.",,,,ZAMBOANGA DEL SUR,ZAMBOANGA CITY,TETUAN,DON ALFARO,,RR,Residential - Regular,200.0
raw,"RDO No. 93A - Zamboanga City and RDO No. 93B - Zamboanga, Sibugay.",008-2024,"Feb. 17, 2024",4TH,ZAMBOANGA DEL SUR,ZAMBOANGA CITY,TETUAN,DON ALFARO,Veterans Ave. to J.R. Estrada St.,CR,Commercial - Regular,20200.0
raw,"RDO No. 93A - Zamboanga City and RDO No. 93B - Zamboanga, Sibugay.",008-2024,"Feb. 17, 2024",4TH,ZAMBOANGA DEL SUR,ZAMBOANGA CITY,TETUAN,DON ALFARO,Veterans Ave. to J.R. Estrada St.,RR,Residential - Regular,6400.0
raw,"RDO No. 93A - Zamboanga City and RDO No. 93B - Zamboanga, Sibugay.",008-2024,"Feb. 17, 2024",4TH,ZAMBOANGA DEL SUR,ZAMBOANGA CITY,TETUAN,DON ALFARO,J.R. Estrada St. to Talon-Talon Loop,CR,Commercial - Regular,5400.0
raw,"RDO No. 93A - Zamboanga City and RDO No. 93B - Zamboanga, Sibugay.",008-2024,"Feb. 17, 2024",4TH,ZAMBOANGA DEL SUR,ZAMBOANGA CITY,TETUAN,DON ALFARO,J.R. Estrada St. to Talon-Talon Loop,RR,Residential - Regular,4700.0
raw,"RDO No. 93A - Zamboanga City and RDO No. 93B - Zamboanga, Sibugay.",008-2024,"Feb. 17, 2024",4TH,ZAMBOANGA DEL SUR,ZAMBOANGA CITY,TETUAN,DON ALFARO,INTERIOR LOT,RR,Residential - Regular,3100.0
raw,"RDO No. 93A - Zamboanga City and RDO No. 93B - Zamboanga, Sibugay.",,2010-08-06,,ZAMBOANGA DEL SUR,ZAMBOANGA CITY,TETUAN,DON ALFARO,,RR,Residential - Regular,2245.0
raw,"RDO No. 93A - Zamboanga City and RDO No. 93B - Zamboanga, Sibugay.",,1995-12-25,,ZAMBOANGA DEL SUR,ZAMBOANGA CITY,TETUAN,DON ALFARO,,RR,Residential - Regular,380.0
raw,"RDO No. 93A - Zamboanga City and RDO No. 93B - Zamboanga, Sibugay.",,1990-01-02,,ZAMBOANGA DEL SUR,ZAMBOANGA CITY,TETUAN,DON ALFARO,,RR,Residential - Regular,200.0
raw,"RDO No. 93A - Zamboanga City and RDO No. 93B - Zamboanga, Sibugay.",,,,ZAMBOANGA DEL SUR,ZAMBOANGA CITY,TETUAN,DON TORIBIO ST,,RR,Residential - Regular,1320.0
raw,"RDO No. 93A - Zamboanga City and RDO No. 93B - Zamboanga, Sibugay.",,,,ZAMBOANGA DEL SUR,ZAMBOANGA CITY,TETUAN,DON TORIBIO ST,,RR,Residential - Regular,380.0
raw,"RDO No. 93A - Zamboanga City and RDO No. 93B - Zamboanga, Sibugay.",,,,ZAMBOANGA DEL SUR,ZAMBOANGA CITY,TETUAN,DON TORIBIO ST,,RR,Residential - Regular,150.0
raw,"RDO No. 93A - Zamboanga City and RDO No. 93B - Zamboanga, Sibugay.",008-2024,"Feb. 17, 2024",4TH,ZAMBOANGA DEL SUR,ZAMBOANGA CITY,TETUAN,DON TORIBIO ST,INTERIOR LOT,CR,Commercial - Regular,5100.0
raw,"RDO No. 93A - Zamboanga City and RDO No. 93B - Zamboanga, Sibugay.",008-2024,"Feb. 17, 2024",4TH,ZAMBOANGA DEL SUR,ZAMBOANGA CITY,TETUAN,DON TORIBIO ST,INTERIOR LOT,RR,Residential - Regular,4600.0
raw,"RDO No. 93A - Zamboanga City and RDO No. 93B - Zamboanga, Sibugay.",008-2024,"Feb. 17, 2024",4TH,ZAMBOANGA DEL SUR,ZAMBOANGA CITY,TETUAN,DON TORIBIO ST,INTERIOR LOT,RR,Residential - Regular,3000.0
raw,"RDO No. 93A - Zamboanga City and RDO No. 93B - Zamboanga, Sibugay.",,2010-08-06,,ZAMBOANGA DEL SUR,ZAMBOANGA CITY,TETUAN,DON TORIBIO ST,,RR,Residential - Regular,1320.0
raw,"RDO No. 93A - Zamboanga City and RDO No. 93B - Zamboanga, Sibugay.",,1995-12-25,,ZAMBOANGA DEL SUR,ZAMBOANGA CITY,TETUAN,DON TORIBIO ST,,RR,Residential - Regular,380.0
raw,"RDO No. 93A - Zamboanga City and RDO No. 93B - Zamboanga, Sibugay.",,1990-01-02,,ZAMBOANGA DEL SUR,ZAMBOANGA CITY,TETUAN,DON TORIBIO ST,,RR,Residential - Regular,150.0
raw,"RDO No. 93A - Zamboanga City and RDO No. 93B - Zamboanga, Sibugay.",,,,ZAMBOANGA DEL SUR,ZAMBOANGA CITY,TETUAN,ESTRADA ST,,RR,Residential - Regular,1945.0
raw,"RDO No. 93A - Zamboanga City and RDO No. 93B - Zamboanga, Sibugay.",,,,ZAMBOANGA DEL SUR,ZAMBOANGA CITY,TETUAN,ESTRADA ST,,RR,Residential - Regular,380.0
raw,"RDO No. 93A - Zamboanga City and RDO No. 93B - Zamboanga, Sibugay.",,,,ZAMBOANGA DEL SUR,ZAMBOANGA CITY,TETUAN,ESTRADA ST,,RR,Residential - Regular,150.0
raw,"RDO No. 93A - Zamboanga City and RDO No. 93B - Zamboanga, Sibugay.",008-2024,"Feb. 17, 2024",4TH,ZAMBOANGA DEL SUR,ZAMBOANGA CITY,TETUAN,ESTRADA ST,Don Alfaro to Tetuan Highway,CR,Commercial - Regular,9400.0
raw,"RDO No. 93A - Zamboanga City and RDO No. 93B - Zamboanga, Sibugay.",008-2024,"Feb. 17, 2024",4TH,ZAMBOANGA DEL SUR,ZAMBOANGA CITY,TETUAN,ESTRADA ST,Don Alfaro to Tetuan Highway,RR,Residential - Regular,4700.0
raw,"RDO No. 93A - Zamboanga City and RDO No. 93B - Zamboanga, Sibugay.",008-2024,"Feb. 17, 2024",4TH,ZAMBOANGA DEL SUR,ZAMBOANGA CITY,TETUAN,ESTRADA ST,INTERIOR LOT,RR,Residential - Regular,3100.0
raw,"RDO No. 93A - Zamboanga City and RDO No. 93B - Zamboanga, Sibugay.",,2010-08-06,,ZAMBOANGA DEL SUR,ZAMBOANGA CITY,TETUAN,ESTRADA ST,,RR,Residential - Regular,1945.0
raw,"RDO No. 93A - Zamboanga City and RDO No. 93B - Zamboanga, Sibugay.",,1995-12-25,,ZAMBOANGA DEL SUR,ZAMBOANGA CITY,TETUAN,ESTRADA ST,,RR,Residential - Regular,380.0
raw,"RDO No. 93A - Zamboanga City and RDO No. 93B - Zamboanga, Sibugay.",,1990-01-02,,ZAMBOANGA DEL SUR,ZAMBOANGA CITY,TETUAN,ESTRADA ST,,RR,Residential - Regular,150.0
raw,"RDO No. 93A - Zamboanga City and RDO No. 93B - Zamboanga, Sibugay.",,,,ZAMBOANGA DEL SUR,ZAMBOANGA CITY,TETUAN,FALCATAN,,RR,Residential - Regular,1320.0
raw,"RDO No. 93A - Zamboanga City and RDO No. 93B - Zamboanga, Sibugay.",,,,ZAMBOANGA DEL SUR,ZAMBOANGA CITY,TETUAN,FALCATAN,,RR,Residential - Regular,380.0
raw,"RDO No. 93A - Zamboanga City and RDO No. 93B - Zamboanga, Sibugay.",,,,ZAMBOANGA DEL SUR,ZAMBOANGA CITY,TETUAN,FALCATAN,,RR,Residential - Regular,150.0
raw,"RDO No. 93A - Zamboanga City and RDO No. 93B - Zamboanga, Sibugay.",008-2024,"Feb. 17, 2024",4TH,ZAMBOANGA DEL SUR,ZAMBOANGA CITY,TETUAN,FALCATAN,,CR,Commercial - Regular,5100.0
raw,"RDO No. 93A - Zamboanga City and RDO No. 93B - Zamboanga, Sibugay.",008-2024,"Feb. 17, 2024",4TH,ZAMBOANGA DEL SUR,ZAMBOANGA CITY,TETUAN,FALCATAN,,RR,Residential - Regular,3300.0
raw,"RDO No. 93A - Zamboanga City and RDO No. 93B - Zamboanga, Sibugay.",,2010-08-06,,ZAMBOANGA DEL SUR,ZAMBOANGA CITY,TETUAN,FALCATAN,,RR,Residential - Regular,1320.0
raw,"RDO No. 93A - Zamboanga City and RDO No. 93B - Zamboanga, Sibugay.",,1995-12-25,,ZAMBOANGA DEL SUR,ZAMBOANGA CITY,TETUAN,FALCATAN,,RR,Residential - Regular,380.0
raw,"RDO No. 93A - Zamboanga City and RDO No. 93B - Zamboanga, Sibugay.",,1990-01-02,,ZAMBOANGA DEL SUR,ZAMBOANGA CITY,TETUAN,FALCATAN,,RR,Residential - Regular,150.0
raw,"RDO No. 93A - Zamboanga City and RDO No. 93B - Zamboanga, Sibugay.",,,,ZAMBOANGA DEL SUR,ZAMBOANGA CITY,TETUAN,NATIVIDAD ST,,RR,Residential - Regular,1995.0
raw,"RDO No. 93A - Zamboanga City and RDO No. 93B - Zamboanga, Sibugay.",,,,ZAMBOANGA DEL SUR,ZAMBOANGA CITY,TETUAN,NATIVIDAD ST,,RR,Residential - Regular,380.0
raw,"RDO No. 93A - Zamboanga City and RDO No. 93B - Zamboanga, Sibugay.",,,,ZAMBOANGA DEL SUR,ZAMBOANGA CITY,TETUAN,NATIVIDAD ST,,RR,Residential - Regular,150.0
raw,"RDO No. 93A - Zamboanga City and RDO No. 93B - Zamboanga, Sibugay.",008-2024,"Feb. 17, 2024",4TH,ZAMBOANGA DEL SUR,ZAMBOANGA CITY,TETUAN,NATIVIDAD ST,INTERIOR LOT,CR,Commercial - Regular,5100.0
raw,"RDO No. 93A - Zamboanga City and RDO No. 93B - Zamboanga, Sibugay.",008-2024,"Feb. 17, 2024",4TH,ZAMBOANGA DEL SUR,ZAMBOANGA CITY,TETUAN,NATIVIDAD ST,INTERIOR LOT,RR,Residential - Regular,4700.0
raw,"RDO No. 93A - Zamboanga City and RDO No. 93B - Zamboanga, Sibugay.",008-2024,"Feb. 17, 2024",4TH,ZAMBOANGA DEL SUR,ZAMBOANGA CITY,TETUAN,NATIVIDAD ST,INTERIOR LOT,RR,Residential - Regular,3100.0
raw,"RDO No. 93A - Zamboanga City and RDO No. 93B - Zamboanga, Sibugay.",,2010-08-06,,ZAMBOANGA DEL SUR,ZAMBOANGA CITY,TETUAN,NATIVIDAD ST,,RR,Residential - Regular,1995.0
raw,"RDO No. 93A - Zamboanga City and RDO No. 93B - Zamboanga, Sibugay.",,1995-12-25,,ZAMBOANGA DEL SUR,ZAMBOANGA CITY,TETUAN,NATIVIDAD ST,,RR,Residential - Regular,380.0
raw,"RDO No. 93A - Zamboanga City and RDO No. 93B - Zamboanga, Sibugay.",,1990-01-02,,ZAMBOANGA DEL SUR,ZAMBOANGA CITY,TETUAN,NATIVIDAD ST,,RR,Residential - Regular,150.0
raw,"RDO No. 93A - Zamboanga City and RDO No. 93B - Zamboanga, Sibugay.",008-2024,"Feb. 17, 2024",4TH,ZAMBOANGA DEL SUR,ZAMBOANGA CITY,TETUAN,ST. IGNATIUS SUBDIVISION,INTERIOR LOT,RR,Residential - Regular,4600.0
raw,"RDO No. 93A - Zamboanga City and RDO No. 93B - Zamboanga, Sibugay.",,,,ZAMBOANGA DEL SUR,ZAMBOANGA CITY,TETUAN,TETUAN HIGHWAY,,RR,Residential - Regular,1590.0
raw,"RDO No. 93A - Zamboanga City and RDO No. 93B - Zamboanga, Sibugay.",,,,ZAMBOANGA DEL SUR,ZAMBOANGA CITY,TETUAN,TETUAN HIGHWAY,,RR,Residential - Regular,560.0
raw,"RDO No. 93A - Zamboanga City and RDO No. 93B - Zamboanga, Sibugay.",,,,ZAMBOANGA DEL SUR,ZAMBOANGA CITY,TETUAN,TETUAN HIGHWAY,,RR,Residential - Regular,200.0
raw,"RDO No. 93A - Zamboanga City and RDO No. 93B - Zamboanga, Sibugay.",008-2024,"Feb. 17, 2024",4TH,ZAMBOANGA DEL SUR,ZAMBOANGA CITY,TETUAN,TETUAN HIGHWAY,Veterans Ave. to San Bernardino Bridge,CR,Commercial - Regular,9900.0
raw,"RDO No. 93A - Zamboanga City and RDO No. 93B - Zamboanga, Sibugay.",008-2024,"Feb. 17, 2024",4TH,ZAMBOANGA DEL SUR,ZAMBOANGA CITY,TETUAN,TETUAN HIGHWAY,Veterans Ave. to San Bernardino Bridge,RR,Residential - Regular,4900.0
raw,"RDO No. 93A - Zamboanga City and RDO No. 93B - Zamboanga, Sibugay.",008-2024,"Feb. 17, 2024",4TH,ZAMBOANGA DEL SUR,ZAMBOANGA CITY,TETUAN,TETUAN HIGHWAY,Veterans Ave. to San Bernardino Bridge,I,Industrial,9600.0
raw,"RDO No. 93A - Zamboanga City and RDO No. 93B - Zamboanga, Sibugay.",008-2024,"Feb. 17, 2024",4TH,ZAMBOANGA DEL SUR,ZAMBOANGA CITY,TETUAN,TETUAN HIGHWAY,INTERIOR LOT,RR,Residential - Regular,3200.0
raw,"RDO No. 93A - Zamboanga City and RDO No. 93B - Zamboanga, Sibugay.",,2010-08-06,,ZAMBOANGA DEL SUR,ZAMBOANGA CITY,TETUAN,TETUAN HIGHWAY,,RR,Residential - Regular,1590.0
raw,"RDO No. 93A - Zamboanga City and RDO No. 93B - Zamboanga, Sibugay.",,1995-12-25,,ZAMBOANGA DEL SUR,ZAMBOANGA CITY,TETUAN,TETUAN HIGHWAY,,RR,Residential - Regular,560.0
raw,"RDO No. 93A - Zamboanga City and RDO No. 93B - Zamboanga, Sibugay.",,1990-01-02,,ZAMBOANGA DEL SUR,ZAMBOANGA CITY,TETUAN,TETUAN HIGHWAY,,RR,Residential - Regular,200.0
raw,"RDO No. 93A - Zamboanga City and RDO No. 93B - Zamboanga, Sibugay.",,,,ZAMBOANGA DEL SUR,ZAMBOANGA CITY,TETUAN,VETERANS AVE,,RR,Residential - Regular,5900.0
raw,"RDO No. 93A - Zamboanga City and RDO No. 93B - Zamboanga, Sibugay.",,,,ZAMBOANGA DEL SUR,ZAMBOANGA CITY,TETUAN,VETERANS AVE,,CR,Commercial - Regular,17450.0
raw,"RDO No. 93A - Zamboanga City and RDO No. 93B - Zamboanga, Sibugay.",,,,ZAMBOANGA DEL SUR,ZAMBOANGA CITY,TETUAN,VETERANS AVE,,X,Special / Other,6000.0
raw,"RDO No. 93A - Zamboanga City and RDO No. 93B - Zamboanga, Sibugay.",,,,ZAMBOANGA DEL SUR,ZAMBOANGA CITY,TETUAN,VETERANS AVE,,RR,Residential - Regular,2600.0
raw,"RDO No. 93A - Zamboanga City and RDO No. 93B - Zamboanga, Sibugay.",,,,ZAMBOANGA DEL SUR,ZAMBOANGA CITY,TETUAN,VETERANS AVE,,CR,Commercial - Regular,6300.0
raw,"RDO No. 93A - Zamboanga City and RDO No. 93B - Zamboanga, Sibugay.",,,,ZAMBOANGA DEL SUR,ZAMBOANGA CITY,TETUAN,VETERANS AVE,,X,Special / Other,800.0
raw,"RDO No. 93A - Zamboanga City and RDO No. 93B - Zamboanga, Sibugay.",,,,ZAMBOANGA DEL SUR,ZAMBOANGA CITY,TETUAN,VETERANS AVE,,RR,Residential - Regular,200.0
raw,"RDO No. 93A - Zamboanga City and RDO No. 93B - Zamboanga, Sibugay.",,,,ZAMBOANGA DEL SUR,ZAMBOANGA CITY,TETUAN,VETERANS AVE,,CR,Commercial - Regular,200.0
raw,"RDO No. 93A - Zamboanga City and RDO No. 93B - Zamboanga, Sibugay.",,,,ZAMBOANGA DEL SUR,ZAMBOANGA CITY,TETUAN,VETERANS AVE,,X,Special / Other,200.0
raw,"RDO No. 93A - Zamboanga City and RDO No. 93B - Zamboanga, Sibugay.",008-2024,"Feb. 17, 2024",4TH,ZAMBOANGA DEL SUR,ZAMBOANGA CITY,TETUAN,VETERANS AVE,Don Alfaro St. to Tetuan Highway,CR,Commercial - Regular,23700.0
raw,"RDO No. 93A - Zamboanga City and RDO No. 93B - Zamboanga, Sibugay.",008-2024,"Feb. 17, 2024",4TH,ZAMBOANGA DEL SUR,ZAMBOANGA CITY,TETUAN,VETERANS AVE,Don Alfaro St. to Tetuan Highway,RR,Residential - Regular,7900.0
raw,"RDO No. 93A - Zamboanga City and RDO No. 93B - Zamboanga, Sibugay.",008-2024,"Feb. 17, 2024",4TH,ZAMBOANGA DEL SUR,ZAMBOANGA CITY,TETUAN,VETERANS AVE,Don Alfaro St. to Tetuan Highway,X,Special / Other,21900.0
raw,"RDO No. 93A - Zamboanga City and RDO No. 93B - Zamboanga, Sibugay.",008-2024,"Feb. 17, 2024",4TH,ZAMBOANGA DEL SUR,ZAMBOANGA CITY,TETUAN,VETERANS AVE,INTERIOR LOT,RR,Residential - Regular,4900.0
raw,"RDO No. 93A - Zamboanga City and RDO No. 93B - Zamboanga, Sibugay.",,2010-08-06,,ZAMBOANGA DEL SUR,ZAMBOANGA CITY,TETUAN,VETERANS AVE,,RR,Residential - Regular,5900.0
raw,"RDO No. 93A - Zamboanga City and RDO No. 93B - Zamboanga, Sibugay.",,2010-08-06,,ZAMBOANGA DEL SUR,ZAMBOANGA CITY,TETUAN,VETERANS AVE,,CR,Commercial - Regular,17450.0
raw,"RDO No. 93A - Zamboanga City and RDO No. 93B - Zamboanga, Sibugay.",,2010-08-06,,ZAMBOANGA DEL SUR,ZAMBOANGA CITY,TETUAN,VETERANS AVE,,X,Special / Other,6000.0
raw,"RDO No. 93A - Zamboanga City and RDO No. 93B - Zamboanga, Sibugay.",,1995-12-25,,ZAMBOANGA DEL SUR,ZAMBOANGA CITY,TETUAN,VETERANS AVE,,RR,Residential - Regular,2600.0
raw,"RDO No. 93A - Zamboanga City and RDO No. 93B - Zamboanga, Sibugay.",,1995-12-25,,ZAMBOANGA DEL SUR,ZAMBOANGA CITY,TETUAN,VETERANS AVE,,CR,Commercial - Regular,6300.0
raw,"RDO No. 93A - Zamboanga City and RDO No. 93B - Zamboanga, Sibugay.",,1995-12-25,,ZAMBOANGA DEL SUR,ZAMBOANGA CITY,TETUAN,VETERANS AVE,,X,Special / Other,800.0
raw,"RDO No. 93A - Zamboanga City and RDO No. 93B - Zamboanga, Sibugay.",,1990-01-02,,ZAMBOANGA DEL SUR,ZAMBOANGA CITY,TETUAN,VETERANS AVE,,RR,Residential - Regular,200.0
raw,"RDO No. 93A - Zamboanga City and RDO No. 93B - Zamboanga, Sibugay.",,1990-01-02,,ZAMBOANGA DEL SUR,ZAMBOANGA CITY,TETUAN,VETERANS AVE,,CR,Commercial - Regular,200.0
raw,"RDO No. 93A - Zamboanga City and RDO No. 93B - Zamboanga, Sibugay.",,1990-01-02,,ZAMBOANGA DEL SUR,ZAMBOANGA CITY,TETUAN,VETERANS AVE,,X,Special / Other,200.0
raw,"RDO No. 93A - Zamboanga City and RDO No. 93B - Zamboanga, Sibugay.",008-2024,"Feb. 17, 2024",4TH,ZAMBOANGA DEL SUR,ZAMBOANGA CITY,TETUAN,VETERANS AVE. EXT.,Tetuan Highway to Tumaga Bridge,CR,Commercial - Regular,14700.0
raw,"RDO No. 93A - Zamboanga City and RDO No. 93B - Zamboanga, Sibugay.",008-2024,"Feb. 17, 2024",4TH,ZAMBOANGA DEL SUR,ZAMBOANGA CITY,TETUAN,VETERANS AVE. EXT.,Tetuan Highway to Tumaga Bridge,RR,Residential - Regular,4900.0
raw,"RDO No. 93A - Zamboanga City and RDO No. 93B - Zamboanga, Sibugay.",008-2024,"Feb. 17, 2024",4TH,ZAMBOANGA DEL SUR,ZAMBOANGA CITY,TETUAN,VETERANS AVE. EXT.,Tetuan Highway to Tumaga Bridge,X,Special / Other,10400.0
raw,"RDO No. 93A - Zamboanga City and RDO No. 93B - Zamboanga, Sibugay.",008-2024,"Feb. 17, 2024",4TH,ZAMBOANGA DEL SUR,ZAMBOANGA CITY,TETUAN,VETERANS AVE. EXT.,INTERIOR LOT,RR,Residential - Regular,3600.0
raw,"RDO No. 93A - Zamboanga City and RDO No. 93B - Zamboanga, Sibugay.",008-2024,"Feb. 17, 2024",4TH,ZAMBOANGA DEL SUR,ZAMBOANGA CITY,TICTABON,ALL STREET,,RR,Residential - Regular,150.0
raw,"RDO No. 93A - Zamboanga City and RDO No. 93B - Zamboanga, Sibugay.",008-2024,"Feb. 17, 2024",4TH,ZAMBOANGA DEL SUR,ZAMBOANGA CITY,TICTABON,ALL STREET,,A50,Agricultural - A50,50.0
raw,"RDO No. 93A - Zamboanga City and RDO No. 93B - Zamboanga, Sibugay.",,,,ZAMBOANGA DEL SUR,ZAMBOANGA CITY,TICTAPUL,ALL STREETS,,RR,Residential - Regular,90.0
raw,"RDO No. 93A - Zamboanga City and RDO No. 93B - Zamboanga, Sibugay.",,,,ZAMBOANGA DEL SUR,ZAMBOANGA CITY,TICTAPUL,ALL STREETS,,A50,Agricultural - A50,7.0
raw,"RDO No. 93A - Zamboanga City and RDO No. 93B - Zamboanga, Sibugay.",,,,ZAMBOANGA DEL SUR,ZAMBOANGA CITY,TICTAPUL,ALL STREETS,,RR,Residential - Regular,30.0
raw,"RDO No. 93A - Zamboanga City and RDO No. 93B - Zamboanga, Sibugay.",,,,ZAMBOANGA DEL SUR,ZAMBOANGA CITY,TICTAPUL,ALL STREETS,,A,Agricultural,4.0
raw,"RDO No. 93A - Zamboanga City and RDO No. 93B - Zamboanga, Sibugay.",,,,ZAMBOANGA DEL SUR,ZAMBOANGA CITY,TICTAPUL,ALL STREETS,,RR,Residential - Regular,20.0
raw,"RDO No. 93A - Zamboanga City and RDO No. 93B - Zamboanga, Sibugay.",,,,ZAMBOANGA DEL SUR,ZAMBOANGA CITY,TICTAPUL,ALL STREETS,,A,Agricultural,1.0
raw,"RDO No. 93A - Zamboanga City and RDO No. 93B - Zamboanga, Sibugay.",008-2024,"Feb. 17, 2024",4TH,ZAMBOANGA DEL SUR,ZAMBOANGA CITY,TICTAPUL,ALL STREETS,,RR,Residential - Regular,500.0
raw,"RDO No. 93A - Zamboanga City and RDO No. 93B - Zamboanga, Sibugay.",008-2024,"Feb. 17, 2024",4TH,ZAMBOANGA DEL SUR,ZAMBOANGA CITY,TICTAPUL,ALL STREETS,,A50,Agricultural - A50,50.0
raw,"RDO No. 93A - Zamboanga City and RDO No. 93B - Zamboanga, Sibugay.",008-2024,"Feb. 17, 2024",4TH,ZAMBOANGA DEL SUR,ZAMBOANGA CITY,TICTAPUL,ALL STREETS,INTERIOR LOT,RR,Residential - Regular,200.0
raw,"RDO No. 93A - Zamboanga City and RDO No. 93B - Zamboanga, Sibugay.",,2010-08-06,,ZAMBOANGA DEL SUR,ZAMBOANGA CITY,TICTAPUL,ALL STREETS,,RR,Residential - Regular,90.0
raw,"RDO No. 93A - Zamboanga City and RDO No. 93B - Zamboanga, Sibugay.",,2010-08-06,,ZAMBOANGA DEL SUR,ZAMBOANGA CITY,TICTAPUL,ALL STREETS,,A50,Agricultural - A50,7.0
raw,"RDO No. 93A - Zamboanga City and RDO No. 93B - Zamboanga, Sibugay.",,1995-12-25,,ZAMBOANGA DEL SUR,ZAMBOANGA CITY,TICTAPUL,ALL STREETS,,RR,Residential - Regular,30.0
raw,"RDO No. 93A - Zamboanga City and RDO No. 93B - Zamboanga, Sibugay.",,1995-12-25,,ZAMBOANGA DEL SUR,ZAMBOANGA CITY,TICTAPUL,ALL STREETS,,A,Agricultural,4.0
raw,"RDO No. 93A - Zamboanga City and RDO No. 93B - Zamboanga, Sibugay.",,1990-01-02,,ZAMBOANGA DEL SUR,ZAMBOANGA CITY,TICTAPUL,ALL STREETS,,RR,Residential - Regular,20.0
raw,"RDO No. 93A - Zamboanga City and RDO No. 93B - Zamboanga, Sibugay.",,1990-01-02,,ZAMBOANGA DEL SUR,ZAMBOANGA CITY,TICTAPUL,ALL STREETS,,A,Agricultural,1.0
raw,"RDO No. 93A - Zamboanga City and RDO No. 93B - Zamboanga, Sibugay.",,,,ZAMBOANGA DEL SUR,ZAMBOANGA CITY,TIGBALABAG,ALL STREETS,INTERIOR,RR,Residential - Regular,90.0
raw,"RDO No. 93A - Zamboanga City and RDO No. 93B - Zamboanga, Sibugay.",,,,ZAMBOANGA DEL SUR,ZAMBOANGA CITY,TIGBALABAG,ALL STREETS,INTERIOR,A50,Agricultural - A50,7.0
raw,"RDO No. 93A - Zamboanga City and RDO No. 93B - Zamboanga, Sibugay.",,,,ZAMBOANGA DEL SUR,ZAMBOANGA CITY,TIGBALABAG,ALL STREETS,,A,Agricultural,4.0
raw,"RDO No. 93A - Zamboanga City and RDO No. 93B - Zamboanga, Sibugay.",,,,ZAMBOANGA DEL SUR,ZAMBOANGA CITY,TIGBALABAG,ALL STREETS,,A,Agricultural,1.0
raw,"RDO No. 93A - Zamboanga City and RDO No. 93B - Zamboanga, Sibugay.",008-2024,"Feb. 17, 2024",4TH,ZAMBOANGA DEL SUR,ZAMBOANGA CITY,TIGBALABAG,ALL STREETS,,RR,Residential - Regular,500.0
raw,"RDO No. 93A - Zamboanga City and RDO No. 93B - Zamboanga, Sibugay.",008-2024,"Feb. 17, 2024",4TH,ZAMBOANGA DEL SUR,ZAMBOANGA CITY,TIGBALABAG,ALL STREETS,,A50,Agricultural - A50,50.0
raw,"RDO No. 93A - Zamboanga City and RDO No. 93B - Zamboanga, Sibugay.",,2010-08-06,,ZAMBOANGA DEL SUR,ZAMBOANGA CITY,TIGBALABAG,ALL STREETS,INTERIOR,RR,Residential - Regular,90.0
raw,"RDO No. 93A - Zamboanga City and RDO No. 93B - Zamboanga, Sibugay.",,2010-08-06,,ZAMBOANGA DEL SUR,ZAMBOANGA CITY,TIGBALABAG,ALL STREETS,INTERIOR,A50,Agricultural - A50,7.0
raw,"RDO No. 93A - Zamboanga City and RDO No. 93B - Zamboanga, Sibugay.",,1995-12-25,,ZAMBOANGA DEL SUR,ZAMBOANGA CITY,TIGBALABAG,ALL STREETS,,A,Agricultural,4.0
raw,"RDO No. 93A - Zamboanga City and RDO No. 93B - Zamboanga, Sibugay.",,1990-01-02,,ZAMBOANGA DEL SUR,ZAMBOANGA CITY,TIGBALABAG,ALL STREETS,,A,Agricultural,1.0
raw,"RDO No. 93A - Zamboanga City and RDO No. 93B - Zamboanga, Sibugay.",,,,ZAMBOANGA DEL SUR,ZAMBOANGA CITY,TIGTABON,ALL STREET,INTERIOR,RR,Residential - Regular,90.0
raw,"RDO No. 93A - Zamboanga City and RDO No. 93B - Zamboanga, Sibugay.",,,,ZAMBOANGA DEL SUR,ZAMBOANGA CITY,TIGTABON,ALL STREET,INTERIOR,A50,Agricultural - A50,7.0
raw,"RDO No. 93A - Zamboanga City and RDO No. 93B - Zamboanga, Sibugay.",,,,ZAMBOANGA DEL SUR,ZAMBOANGA CITY,TIGTABON,ALL STREET,,A,Agricultural,4.0
raw,"RDO No. 93A - Zamboanga City and RDO No. 93B - Zamboanga, Sibugay.",,,,ZAMBOANGA DEL SUR,ZAMBOANGA CITY,TIGTABON,ALL STREET,,A,Agricultural,1.0
raw,"RDO No. 93A - Zamboanga City and RDO No. 93B - Zamboanga, Sibugay.",,2010-08-06,,ZAMBOANGA DEL SUR,ZAMBOANGA CITY,TIGTABON,ALL STREET,INTERIOR,RR,Residential - Regular,90.0
raw,"RDO No. 93A - Zamboanga City and RDO No. 93B - Zamboanga, Sibugay.",,2010-08-06,,ZAMBOANGA DEL SUR,ZAMBOANGA CITY,TIGTABON,ALL STREET,INTERIOR,A50,Agricultural - A50,7.0
raw,"RDO No. 93A - Zamboanga City and RDO No. 93B - Zamboanga, Sibugay.",,1995-12-25,,ZAMBOANGA DEL SUR,ZAMBOANGA CITY,TIGTABON,ALL STREET,,A,Agricultural,4.0
raw,"RDO No. 93A - Zamboanga City and RDO No. 93B - Zamboanga, Sibugay.",,1990-01-02,,ZAMBOANGA DEL SUR,ZAMBOANGA CITY,TIGTABON,ALL STREET,,A,Agricultural,1.0
raw,"RDO No. 93A - Zamboanga City and RDO No. 93B - Zamboanga, Sibugay.",,,,ZAMBOANGA DEL SUR,ZAMBOANGA CITY,TOLOSA,ALL STREET,,RR,Residential - Regular,90.0
raw,"RDO No. 93A - Zamboanga City and RDO No. 93B - Zamboanga, Sibugay.",,,,ZAMBOANGA DEL SUR,ZAMBOANGA CITY,TOLOSA,ALL STREET,,A50,Agricultural - A50,7.0
raw,"RDO No. 93A - Zamboanga City and RDO No. 93B - Zamboanga, Sibugay.",,,,ZAMBOANGA DEL SUR,ZAMBOANGA CITY,TOLOSA,ALL STREET,,A,Agricultural,4.0
raw,"RDO No. 93A - Zamboanga City and RDO No. 93B - Zamboanga, Sibugay.",,,,ZAMBOANGA DEL SUR,ZAMBOANGA CITY,TOLOSA,ALL STREET,,A,Agricultural,1.0
raw,"RDO No. 93A - Zamboanga City and RDO No. 93B - Zamboanga, Sibugay.",008-2024,"Feb. 17, 2024",4TH,ZAMBOANGA DEL SUR,ZAMBOANGA CITY,TOLOSA,ALL STREET,,RR,Residential - Regular,500.0
raw,"RDO No. 93A - Zamboanga City and RDO No. 93B - Zamboanga, Sibugay.",008-2024,"Feb. 17, 2024",4TH,ZAMBOANGA DEL SUR,ZAMBOANGA CITY,TOLOSA,ALL STREET,,A50,Agricultural - A50,50.0
raw,"RDO No. 93A - Zamboanga City and RDO No. 93B - Zamboanga, Sibugay.",,2010-08-06,,ZAMBOANGA DEL SUR,ZAMBOANGA CITY,TOLOSA,ALL STREET,,RR,Residential - Regular,90.0
raw,"RDO No. 93A - Zamboanga City and RDO No. 93B - Zamboanga, Sibugay.",,2010-08-06,,ZAMBOANGA DEL SUR,ZAMBOANGA CITY,TOLOSA,ALL STREET,,A50,Agricultural - A50,7.0
raw,"RDO No. 93A - Zamboanga City and RDO No. 93B - Zamboanga, Sibugay.",,1995-12-25,,ZAMBOANGA DEL SUR,ZAMBOANGA CITY,TOLOSA,ALL STREET,,A,Agricultural,4.0
raw,"RDO No. 93A - Zamboanga City and RDO No. 93B - Zamboanga, Sibugay.",,1990-01-02,,ZAMBOANGA DEL SUR,ZAMBOANGA CITY,TOLOSA,ALL STREET,,A,Agricultural,1.0
raw,"RDO No. 93A - Zamboanga City and RDO No. 93B - Zamboanga, Sibugay.",,,,ZAMBOANGA DEL SUR,ZAMBOANGA CITY,TUGBUNGAN,ALL OTHER STREETS,,RR,Residential - Regular,305.0
raw,"RDO No. 93A - Zamboanga City and RDO No. 93B - Zamboanga, Sibugay.",,,,ZAMBOANGA DEL SUR,ZAMBOANGA CITY,TUGBUNGAN,ALL OTHER STREETS,,A50,Agricultural - A50,24.0
raw,"RDO No. 93A - Zamboanga City and RDO No. 93B - Zamboanga, Sibugay.",,,,ZAMBOANGA DEL SUR,ZAMBOANGA CITY,TUGBUNGAN,ALL OTHER STREETS,,A,Agricultural,15.0
raw,"RDO No. 93A - Zamboanga City and RDO No. 93B - Zamboanga, Sibugay.",,,,ZAMBOANGA DEL SUR,ZAMBOANGA CITY,TUGBUNGAN,ALL OTHER STREETS,,A,Agricultural,5.0
raw,"RDO No. 93A - Zamboanga City and RDO No. 93B - Zamboanga, Sibugay.",008-2024,"Feb. 17, 2024",4TH,ZAMBOANGA DEL SUR,ZAMBOANGA CITY,TUGBUNGAN,ALL OTHER STREETS,,CR,Commercial - Regular,4300.0
raw,"RDO No. 93A - Zamboanga City and RDO No. 93B - Zamboanga, Sibugay.",008-2024,"Feb. 17, 2024",4TH,ZAMBOANGA DEL SUR,ZAMBOANGA CITY,TUGBUNGAN,ALL OTHER STREETS,,RR,Residential - Regular,2100.0
raw,"RDO No. 93A - Zamboanga City and RDO No. 93B - Zamboanga, Sibugay.",008-2024,"Feb. 17, 2024",4TH,ZAMBOANGA DEL SUR,ZAMBOANGA CITY,TUGBUNGAN,ALL OTHER STREETS,,A50,Agricultural - A50,250.0
raw,"RDO No. 93A - Zamboanga City and RDO No. 93B - Zamboanga, Sibugay.",,2010-08-06,,ZAMBOANGA DEL SUR,ZAMBOANGA CITY,TUGBUNGAN,ALL OTHER STREETS,,RR,Residential - Regular,305.0
raw,"RDO No. 93A - Zamboanga City and RDO No. 93B - Zamboanga, Sibugay.",,2010-08-06,,ZAMBOANGA DEL SUR,ZAMBOANGA CITY,TUGBUNGAN,ALL OTHER STREETS,,A50,Agricultural - A50,24.0
raw,"RDO No. 93A - Zamboanga City and RDO No. 93B - Zamboanga, Sibugay.",,1995-12-25,,ZAMBOANGA DEL SUR,ZAMBOANGA CITY,TUGBUNGAN,ALL OTHER STREETS,,A,Agricultural,15.0
raw,"RDO No. 93A - Zamboanga City and RDO No. 93B - Zamboanga, Sibugay.",,1990-01-02,,ZAMBOANGA DEL SUR,ZAMBOANGA CITY,TUGBUNGAN,ALL OTHER STREETS,,A,Agricultural,5.0
raw,"RDO No. 93A - Zamboanga City and RDO No. 93B - Zamboanga, Sibugay.",008-2024,"Feb. 17, 2024",4TH,ZAMBOANGA DEL SUR,ZAMBOANGA CITY,TUGBUNGAN,ALL OTHER SUBDIVIVSION,,RR,Residential - Regular,2500.0
raw,"RDO No. 93A - Zamboanga City and RDO No. 93B - Zamboanga, Sibugay.",008-2024,"Feb. 17, 2024",4TH,ZAMBOANGA DEL SUR,ZAMBOANGA CITY,TUGBUNGAN,ALL SOCIALIZED HOUSING SUBDIVISION,,RR,Residential - Regular,1500.0
raw,"RDO No. 93A - Zamboanga City and RDO No. 93B - Zamboanga, Sibugay.",008-2024,"Feb. 17, 2024",4TH,ZAMBOANGA DEL SUR,ZAMBOANGA CITY,TUGBUNGAN,ALL STREETS,,CR,Commercial - Regular,5000.0
raw,"RDO No. 93A - Zamboanga City and RDO No. 93B - Zamboanga, Sibugay.",008-2024,"Feb. 17, 2024",4TH,ZAMBOANGA DEL SUR,ZAMBOANGA CITY,TUGBUNGAN,ALL STREETS,,RR,Residential - Regular,3200.0
raw,"RDO No. 93A - Zamboanga City and RDO No. 93B - Zamboanga, Sibugay.",008-2024,"Feb. 17, 2024",4TH,ZAMBOANGA DEL SUR,ZAMBOANGA CITY,TUGBUNGAN,ALL STREETS,,I,Industrial,4200.0
raw,"RDO No. 93A - Zamboanga City and RDO No. 93B - Zamboanga, Sibugay.",008-2024,"Feb. 17, 2024",4TH,ZAMBOANGA DEL SUR,ZAMBOANGA CITY,TUGBUNGAN,SANDS SUBDIVISION,,RR,Residential - Regular,2900.0
raw,"RDO No. 93A - Zamboanga City and RDO No. 93B - Zamboanga, Sibugay.",,,,ZAMBOANGA DEL SUR,ZAMBOANGA CITY,TUGBUNGAN,TALON TALON,,RR,Residential - Regular,540.0
raw,"RDO No. 93A - Zamboanga City and RDO No. 93B - Zamboanga, Sibugay.",,,,ZAMBOANGA DEL SUR,ZAMBOANGA CITY,TUGBUNGAN,TALON TALON,,RR,Residential - Regular,175.0
raw,"RDO No. 93A - Zamboanga City and RDO No. 93B - Zamboanga, Sibugay.",,,,ZAMBOANGA DEL SUR,ZAMBOANGA CITY,TUGBUNGAN,TALON TALON,,RR,Residential - Regular,100.0
raw,"RDO No. 93A - Zamboanga City and RDO No. 93B - Zamboanga, Sibugay.",,2010-08-06,,ZAMBOANGA DEL SUR,ZAMBOANGA CITY,TUGBUNGAN,TALON TALON,,RR,Residential - Regular,540.0
raw,"RDO No. 93A - Zamboanga City and RDO No. 93B - Zamboanga, Sibugay.",,1995-12-25,,ZAMBOANGA DEL SUR,ZAMBOANGA CITY,TUGBUNGAN,TALON TALON,,RR,Residential - Regular,175.0
raw,"RDO No. 93A - Zamboanga City and RDO No. 93B - Zamboanga, Sibugay.",,1990-01-02,,ZAMBOANGA DEL SUR,ZAMBOANGA CITY,TUGBUNGAN,TALON TALON,,RR,Residential - Regular,100.0
raw,"RDO No. 93A - Zamboanga City and RDO No. 93B - Zamboanga, Sibugay.",,,,ZAMBOANGA DEL SUR,ZAMBOANGA CITY,TUGBUNGAN,TALON TALON LOOP,,RR,Residential - Regular,465.0
raw,"RDO No. 93A - Zamboanga City and RDO No. 93B - Zamboanga, Sibugay.",,,,ZAMBOANGA DEL SUR,ZAMBOANGA CITY,TUGBUNGAN,TALON TALON LOOP,,RR,Residential - Regular,175.0
raw,"RDO No. 93A - Zamboanga City and RDO No. 93B - Zamboanga, Sibugay.",,,,ZAMBOANGA DEL SUR,ZAMBOANGA CITY,TUGBUNGAN,TALON TALON LOOP,,RR,Residential - Regular,100.0
raw,"RDO No. 93A - Zamboanga City and RDO No. 93B - Zamboanga, Sibugay.",008-2024,"Feb. 17, 2024",4TH,ZAMBOANGA DEL SUR,ZAMBOANGA CITY,TUGBUNGAN,TALON TALON LOOP,,CR,Commercial - Regular,5000.0
raw,"RDO No. 93A - Zamboanga City and RDO No. 93B - Zamboanga, Sibugay.",008-2024,"Feb. 17, 2024",4TH,ZAMBOANGA DEL SUR,ZAMBOANGA CITY,TUGBUNGAN,TALON TALON LOOP,,RR,Residential - Regular,3100.0
raw,"RDO No. 93A - Zamboanga City and RDO No. 93B - Zamboanga, Sibugay.",,2010-08-06,,ZAMBOANGA DEL SUR,ZAMBOANGA CITY,TUGBUNGAN,TALON TALON LOOP,,RR,Residential - Regular,465.0
raw,"RDO No. 93A - Zamboanga City and RDO No. 93B - Zamboanga, Sibugay.",,1995-12-25,,ZAMBOANGA DEL SUR,ZAMBOANGA CITY,TUGBUNGAN,TALON TALON LOOP,,RR,Residential - Regular,175.0
raw,"RDO No. 93A - Zamboanga City and RDO No. 93B - Zamboanga, Sibugay.",,1990-01-02,,ZAMBOANGA DEL SUR,ZAMBOANGA CITY,TUGBUNGAN,TALON TALON LOOP,,RR,Residential - Regular,100.0
raw,"RDO No. 93A - Zamboanga City and RDO No. 93B - Zamboanga, Sibugay.",,,,ZAMBOANGA DEL SUR,ZAMBOANGA CITY,TUGBUNGAN,TUGBUNGAN,,RR,Residential - Regular,765.0
raw,"RDO No. 93A - Zamboanga City and RDO No. 93B - Zamboanga, Sibugay.",,,,ZAMBOANGA DEL SUR,ZAMBOANGA CITY,TUGBUNGAN,TUGBUNGAN,,RR,Residential - Regular,175.0
raw,"RDO No. 93A - Zamboanga City and RDO No. 93B - Zamboanga, Sibugay.",,,,ZAMBOANGA DEL SUR,ZAMBOANGA CITY,TUGBUNGAN,TUGBUNGAN,,RR,Residential - Regular,100.0
raw,"RDO No. 93A - Zamboanga City and RDO No. 93B - Zamboanga, Sibugay.",,2010-08-06,,ZAMBOANGA DEL SUR,ZAMBOANGA CITY,TUGBUNGAN,TUGBUNGAN,,RR,Residential - Regular,765.0
raw,"RDO No. 93A - Zamboanga City and RDO No. 93B - Zamboanga, Sibugay.",,1995-12-25,,ZAMBOANGA DEL SUR,ZAMBOANGA CITY,TUGBUNGAN,TUGBUNGAN,,RR,Residential - Regular,175.0
raw,"RDO No. 93A - Zamboanga City and RDO No. 93B - Zamboanga, Sibugay.",,1990-01-02,,ZAMBOANGA DEL SUR,ZAMBOANGA CITY,TUGBUNGAN,TUGBUNGAN,,RR,Residential - Regular,100.0
raw,"RDO No. 93A - Zamboanga City and RDO No. 93B - Zamboanga, Sibugay.",,,,ZAMBOANGA DEL SUR,ZAMBOANGA CITY,TULUNGGATUNG,ALL STREETS,,RR,Residential - Regular,95.0
raw,"RDO No. 93A - Zamboanga City and RDO No. 93B - Zamboanga, Sibugay.",,,,ZAMBOANGA DEL SUR,ZAMBOANGA CITY,TULUNGGATUNG,ALL STREETS,,A50,Agricultural - A50,7.0
raw,"RDO No. 93A - Zamboanga City and RDO No. 93B - Zamboanga, Sibugay.",,,,ZAMBOANGA DEL SUR,ZAMBOANGA CITY,TULUNGGATUNG,ALL STREETS,,A,Agricultural,4.0
raw,"RDO No. 93A - Zamboanga City and RDO No. 93B - Zamboanga, Sibugay.",,,,ZAMBOANGA DEL SUR,ZAMBOANGA CITY,TULUNGGATUNG,ALL STREETS,,A,Agricultural,1.0
raw,"RDO No. 93A - Zamboanga City and RDO No. 93B - Zamboanga, Sibugay.",,2010-08-06,,ZAMBOANGA DEL SUR,ZAMBOANGA CITY,TULUNGGATUNG,ALL STREETS,,RR,Residential - Regular,95.0
raw,"RDO No. 93A - Zamboanga City and RDO No. 93B - Zamboanga, Sibugay.",,2010-08-06,,ZAMBOANGA DEL SUR,ZAMBOANGA CITY,TULUNGGATUNG,ALL STREETS,,A50,Agricultural - A50,7.0
raw,"RDO No. 93A - Zamboanga City and RDO No. 93B - Zamboanga, Sibugay.",,1995-12-25,,ZAMBOANGA DEL SUR,ZAMBOANGA CITY,TULUNGGATUNG,ALL STREETS,,A,Agricultural,4.0
raw,"RDO No. 93A - Zamboanga City and RDO No. 93B - Zamboanga, Sibugay.",,1990-01-02,,ZAMBOANGA DEL SUR,ZAMBOANGA CITY,TULUNGGATUNG,ALL STREETS,,A,Agricultural,1.0
raw,"RDO No. 93A - Zamboanga City and RDO No. 93B - Zamboanga, Sibugay.",008-2024,"Feb. 17, 2024",4TH,ZAMBOANGA DEL SUR,ZAMBOANGA CITY,TUMAGA,A & W SUBDIVISION,INTERIOR LOT,RR,Residential - Regular,2800.0
raw,"RDO No. 93A - Zamboanga City and RDO No. 93B - Zamboanga, Sibugay.",008-2024,"Feb. 17, 2024",4TH,ZAMBOANGA DEL SUR,ZAMBOANGA CITY,TUMAGA,ALL OTHER SOCIALIZED SUBDIVISION,INTERIOR LOT,RR,Residential - Regular,1400.0
raw,"RDO No. 93A - Zamboanga City and RDO No. 93B - Zamboanga, Sibugay.",008-2024,"Feb. 17, 2024",4TH,ZAMBOANGA DEL SUR,ZAMBOANGA CITY,TUMAGA,ALL OTHER SUBDIVISION,INTERIOR LOT,RR,Residential - Regular,2800.0
raw,"RDO No. 93A - Zamboanga City and RDO No. 93B - Zamboanga, Sibugay.",,,,ZAMBOANGA DEL SUR,ZAMBOANGA CITY,TUMAGA,ALL STREETS,,RR,Residential - Regular,1395.0
raw,"RDO No. 93A - Zamboanga City and RDO No. 93B - Zamboanga, Sibugay.",,,,ZAMBOANGA DEL SUR,ZAMBOANGA CITY,TUMAGA,ALL STREETS,,A50,Agricultural - A50,7.0
raw,"RDO No. 93A - Zamboanga City and RDO No. 93B - Zamboanga, Sibugay.",,,,ZAMBOANGA DEL SUR,ZAMBOANGA CITY,TUMAGA,ALL STREETS,,RR,Residential - Regular,195.0
raw,"RDO No. 93A - Zamboanga City and RDO No. 93B - Zamboanga, Sibugay.",,,,ZAMBOANGA DEL SUR,ZAMBOANGA CITY,TUMAGA,ALL STREETS,,A,Agricultural,4.0
raw,"RDO No. 93A - Zamboanga City and RDO No. 93B - Zamboanga, Sibugay.",,,,ZAMBOANGA DEL SUR,ZAMBOANGA CITY,TUMAGA,ALL STREETS,,RR,Residential - Regular,150.0
raw,"RDO No. 93A - Zamboanga City and RDO No. 93B - Zamboanga, Sibugay.",008-2024,"Feb. 17, 2024",4TH,ZAMBOANGA DEL SUR,ZAMBOANGA CITY,TUMAGA,ALL STREETS,,CR,Commercial - Regular,5100.0
raw,"RDO No. 93A - Zamboanga City and RDO No. 93B - Zamboanga, Sibugay.",008-2024,"Feb. 17, 2024",4TH,ZAMBOANGA DEL SUR,ZAMBOANGA CITY,TUMAGA,ALL STREETS,,RR,Residential - Regular,3300.0
raw,"RDO No. 93A - Zamboanga City and RDO No. 93B - Zamboanga, Sibugay.",008-2024,"Feb. 17, 2024",4TH,ZAMBOANGA DEL SUR,ZAMBOANGA CITY,TUMAGA,ALL STREETS,,A50,Agricultural - A50,230.0
raw,"RDO No. 93A - Zamboanga City and RDO No. 93B - Zamboanga, Sibugay.",008-2024,"Feb. 17, 2024",4TH,ZAMBOANGA DEL SUR,ZAMBOANGA CITY,TUMAGA,ALL STREETS,INTERIOR LOT,CR,Commercial - Regular,3400.0
raw,"RDO No. 93A - Zamboanga City and RDO No. 93B - Zamboanga, Sibugay.",008-2024,"Feb. 17, 2024",4TH,ZAMBOANGA DEL SUR,ZAMBOANGA CITY,TUMAGA,ALL STREETS,INTERIOR LOT,RR,Residential - Regular,2200.0
raw,"RDO No. 93A - Zamboanga City and RDO No. 93B - Zamboanga, Sibugay.",,2010-08-06,,ZAMBOANGA DEL SUR,ZAMBOANGA CITY,TUMAGA,ALL STREETS,,RR,Residential - Regular,1395.0
raw,"RDO No. 93A - Zamboanga City and RDO No. 93B - Zamboanga, Sibugay.",,2010-08-06,,ZAMBOANGA DEL SUR,ZAMBOANGA CITY,TUMAGA,ALL STREETS,,A50,Agricultural - A50,7.0
raw,"RDO No. 93A - Zamboanga City and RDO No. 93B - Zamboanga, Sibugay.",,1995-12-25,,ZAMBOANGA DEL SUR,ZAMBOANGA CITY,TUMAGA,ALL STREETS,,RR,Residential - Regular,195.0
raw,"RDO No. 93A - Zamboanga City and RDO No. 93B - Zamboanga, Sibugay.",,1995-12-25,,ZAMBOANGA DEL SUR,ZAMBOANGA CITY,TUMAGA,ALL STREETS,,A,Agricultural,4.0
raw,"RDO No. 93A - Zamboanga City and RDO No. 93B - Zamboanga, Sibugay.",,1990-01-02,,ZAMBOANGA DEL SUR,ZAMBOANGA CITY,TUMAGA,ALL STREETS,,RR,Residential - Regular,150.0
raw,"RDO No. 93A - Zamboanga City and RDO No. 93B - Zamboanga, Sibugay.",008-2024,"Feb. 17, 2024",4TH,ZAMBOANGA DEL SUR,ZAMBOANGA CITY,TUMAGA,SAN IGNACIO SUBDIVISION,INTERIOR LOT,RR,Residential - Regular,7300.0
raw,"RDO No. 93A - Zamboanga City and RDO No. 93B - Zamboanga, Sibugay.",008-2024,"Feb. 17, 2024",4TH,ZAMBOANGA DEL SUR,ZAMBOANGA CITY,TUMAGA,WOODRIDGE SUBDIVISION,INTERIOR LOT,RR,Residential - Regular,7300.0
raw,"RDO No. 93A - Zamboanga City and RDO No. 93B - Zamboanga, Sibugay.",,,,ZAMBOANGA DEL SUR,ZAMBOANGA CITY,TUMALUTAP,ALL STREETS,,RR,Residential - Regular,115.0
raw,"RDO No. 93A - Zamboanga City and RDO No. 93B - Zamboanga, Sibugay.",,,,ZAMBOANGA DEL SUR,ZAMBOANGA CITY,TUMALUTAP,ALL STREETS,,A50,Agricultural - A50,10.0
raw,"RDO No. 93A - Zamboanga City and RDO No. 93B - Zamboanga, Sibugay.",,,,ZAMBOANGA DEL SUR,ZAMBOANGA CITY,TUMALUTAP,ALL STREETS,,RR,Residential - Regular,37.0
raw,"RDO No. 93A - Zamboanga City and RDO No. 93B - Zamboanga, Sibugay.",,,,ZAMBOANGA DEL SUR,ZAMBOANGA CITY,TUMALUTAP,ALL STREETS,,A,Agricultural,6.0
raw,"RDO No. 93A - Zamboanga City and RDO No. 93B - Zamboanga, Sibugay.",,,,ZAMBOANGA DEL SUR,ZAMBOANGA CITY,TUMALUTAP,ALL STREETS,,A,Agricultural,1.0
raw,"RDO No. 93A - Zamboanga City and RDO No. 93B - Zamboanga, Sibugay.",008-2024,"Feb. 17, 2024",4TH,ZAMBOANGA DEL SUR,ZAMBOANGA CITY,TUMALUTAP,ALL STREETS,,RR,Residential - Regular,200.0
raw,"RDO No. 93A - Zamboanga City and RDO No. 93B - Zamboanga, Sibugay.",008-2024,"Feb. 17, 2024",4TH,ZAMBOANGA DEL SUR,ZAMBOANGA CITY,TUMALUTAP,ALL STREETS,,A50,Agricultural - A50,50.0
raw,"RDO No. 93A - Zamboanga City and RDO No. 93B - Zamboanga, Sibugay.",,2010-08-06,,ZAMBOANGA DEL SUR,ZAMBOANGA CITY,TUMALUTAP,ALL STREETS,,RR,Residential - Regular,115.0
raw,"RDO No. 93A - Zamboanga City and RDO No. 93B - Zamboanga, Sibugay.",,2010-08-06,,ZAMBOANGA DEL SUR,ZAMBOANGA CITY,TUMALUTAP,ALL STREETS,,A50,Agricultural - A50,10.0
raw,"RDO No. 93A - Zamboanga City and RDO No. 93B - Zamboanga, Sibugay.",,1995-12-25,,ZAMBOANGA DEL SUR,ZAMBOANGA CITY,TUMALUTAP,ALL STREETS,,RR,Residential - Regular,37.0
raw,"RDO No. 93A - Zamboanga City and RDO No. 93B - Zamboanga, Sibugay.",,1995-12-25,,ZAMBOANGA DEL SUR,ZAMBOANGA CITY,TUMALUTAP,ALL STREETS,,A,Agricultural,6.0
raw,"RDO No. 93A - Zamboanga City and RDO No. 93B - Zamboanga, Sibugay.",,1990-01-02,,ZAMBOANGA DEL SUR,ZAMBOANGA CITY,TUMALUTAP,ALL STREETS,,A,Agricultural,1.0
raw,"RDO No. 93A - Zamboanga City and RDO No. 93B - Zamboanga, Sibugay.",,,,ZAMBOANGA DEL SUR,ZAMBOANGA CITY,TUMITUS,ALL STREETS,,RR,Residential - Regular,95.0
raw,"RDO No. 93A - Zamboanga City and RDO No. 93B - Zamboanga, Sibugay.",,,,ZAMBOANGA DEL SUR,ZAMBOANGA CITY,TUMITUS,ALL STREETS,,A50,Agricultural - A50,7.0
raw,"RDO No. 93A - Zamboanga City and RDO No. 93B - Zamboanga, Sibugay.",,,,ZAMBOANGA DEL SUR,ZAMBOANGA CITY,TUMITUS,ALL STREETS,,A,Agricultural,4.0
raw,"RDO No. 93A - Zamboanga City and RDO No. 93B - Zamboanga, Sibugay.",,,,ZAMBOANGA DEL SUR,ZAMBOANGA CITY,TUMITUS,ALL STREETS,,A,Agricultural,1.0
raw,"RDO No. 93A - Zamboanga City and RDO No. 93B - Zamboanga, Sibugay.",008-2024,"Feb. 17, 2024",4TH,ZAMBOANGA DEL SUR,ZAMBOANGA CITY,TUMITUS,ALL STREETS,,RR,Residential - Regular,500.0
raw,"RDO No. 93A - Zamboanga City and RDO No. 93B - Zamboanga, Sibugay.",008-2024,"Feb. 17, 2024",4TH,ZAMBOANGA DEL SUR,ZAMBOANGA CITY,TUMITUS,ALL STREETS,,A50,Agricultural - A50,50.0
raw,"RDO No. 93A - Zamboanga City and RDO No. 93B - Zamboanga, Sibugay.",008-2024,"Feb. 17, 2024",4TH,ZAMBOANGA DEL SUR,ZAMBOANGA CITY,TUMITUS,ALL STREETS,Interior Lot,RR,Residential - Regular,200.0
raw,"RDO No. 93A - Zamboanga City and RDO No. 93B - Zamboanga, Sibugay.",,2010-08-06,,ZAMBOANGA DEL SUR,ZAMBOANGA CITY,TUMITUS,ALL STREETS,,RR,Residential - Regular,95.0
raw,"RDO No. 93A - Zamboanga City and RDO No. 93B - Zamboanga, Sibugay.",,2010-08-06,,ZAMBOANGA DEL SUR,ZAMBOANGA CITY,TUMITUS,ALL STREETS,,A50,Agricultural - A50,7.0
raw,"RDO No. 93A - Zamboanga City and RDO No. 93B - Zamboanga, Sibugay.",,1995-12-25,,ZAMBOANGA DEL SUR,ZAMBOANGA CITY,TUMITUS,ALL STREETS,,A,Agricultural,4.0
raw,"RDO No. 93A - Zamboanga City and RDO No. 93B - Zamboanga, Sibugay.",,1990-01-02,,ZAMBOANGA DEL SUR,ZAMBOANGA CITY,TUMITUS,ALL STREETS,,A,Agricultural,1.0
raw,"RDO No. 93A - Zamboanga City and RDO No. 93B - Zamboanga, Sibugay.",008-2024,"Feb. 17, 2024",4TH,ZAMBOANGA DEL SUR,ZAMBOANGA CITY,VICTORIA,ALL LOTS,,RR,Residential - Regular,1000.0
raw,"RDO No. 93A - Zamboanga City and RDO No. 93B - Zamboanga, Sibugay.",008-2024,"Feb. 17, 2024",4TH,ZAMBOANGA DEL SUR,ZAMBOANGA CITY,VICTORIA,ALL LOTS,,A4,Agricultural - A4,60.0
raw,"RDO No. 93A - Zamboanga City and RDO No. 93B - Zamboanga, Sibugay.",008-2024,"Feb. 17, 2024",4TH,ZAMBOANGA DEL SUR,ZAMBOANGA CITY,VICTORIA,ALL LOTS,,A50,Agricultural - A50,50.0
raw,"RDO No. 93A - Zamboanga City and RDO No. 93B - Zamboanga, Sibugay.",008-2024,"Feb. 17, 2024",4TH,ZAMBOANGA DEL SUR,ZAMBOANGA CITY,VICTORIA,ALL LOTS,INTERIOR LOT,RR,Residential - Regular,500.0
raw,"RDO No. 93A - Zamboanga City and RDO No. 93B - Zamboanga, Sibugay.",,,,ZAMBOANGA DEL SUR,ZAMBOANGA CITY,VITALI,ALL STREETS,,RR,Residential - Regular,260.0
raw,"RDO No. 93A - Zamboanga City and RDO No. 93B - Zamboanga, Sibugay.",,,,ZAMBOANGA DEL SUR,ZAMBOANGA CITY,VITALI,ALL STREETS,,A50,Agricultural - A50,10.0
raw,"RDO No. 93A - Zamboanga City and RDO No. 93B - Zamboanga, Sibugay.",,,,ZAMBOANGA DEL SUR,ZAMBOANGA CITY,VITALI,ALL STREETS,INTERIOR,RR,Residential - Regular,155.0
raw,"RDO No. 93A - Zamboanga City and RDO No. 93B - Zamboanga, Sibugay.",,,,ZAMBOANGA DEL SUR,ZAMBOANGA CITY,VITALI,ALL STREETS,,RR,Residential - Regular,37.0
raw,"RDO No. 93A - Zamboanga City and RDO No. 93B - Zamboanga, Sibugay.",,,,ZAMBOANGA DEL SUR,ZAMBOANGA CITY,VITALI,ALL STREETS,,A,Agricultural,6.0
raw,"RDO No. 93A - Zamboanga City and RDO No. 93B - Zamboanga, Sibugay.",,,,ZAMBOANGA DEL SUR,ZAMBOANGA CITY,VITALI,ALL STREETS,,RR,Residential - Regular,20.0
raw,"RDO No. 93A - Zamboanga City and RDO No. 93B - Zamboanga, Sibugay.",,,,ZAMBOANGA DEL SUR,ZAMBOANGA CITY,VITALI,ALL STREETS,,A,Agricultural,2.0
raw,"RDO No. 93A - Zamboanga City and RDO No. 93B - Zamboanga, Sibugay.",008-2024,"Feb. 17, 2024",4TH,ZAMBOANGA DEL SUR,ZAMBOANGA CITY,VITALI,ALL STREETS,,CR,Commercial - Regular,2000.0
raw,"RDO No. 93A - Zamboanga City and RDO No. 93B - Zamboanga, Sibugay.",008-2024,"Feb. 17, 2024",4TH,ZAMBOANGA DEL SUR,ZAMBOANGA CITY,VITALI,ALL STREETS,,RR,Residential - Regular,600.0
raw,"RDO No. 93A - Zamboanga City and RDO No. 93B - Zamboanga, Sibugay.",008-2024,"Feb. 17, 2024",4TH,ZAMBOANGA DEL SUR,ZAMBOANGA CITY,VITALI,ALL STREETS,,A50,Agricultural - A50,50.0
raw,"RDO No. 93A - Zamboanga City and RDO No. 93B - Zamboanga, Sibugay.",008-2024,"Feb. 17, 2024",4TH,ZAMBOANGA DEL SUR,ZAMBOANGA CITY,VITALI,ALL STREETS,INTERIOR LOT,RR,Residential - Regular,300.0
raw,"RDO No. 93A - Zamboanga City and RDO No. 93B - Zamboanga, Sibugay.",,2010-08-06,,ZAMBOANGA DEL SUR,ZAMBOANGA CITY,VITALI,ALL STREETS,,RR,Residential - Regular,260.0
raw,"RDO No. 93A - Zamboanga City and RDO No. 93B - Zamboanga, Sibugay.",,2010-08-06,,ZAMBOANGA DEL SUR,ZAMBOANGA CITY,VITALI,ALL STREETS,,A50,Agricultural - A50,10.0
raw,"RDO No. 93A - Zamboanga City and RDO No. 93B - Zamboanga, Sibugay.",,2010-08-06,,ZAMBOANGA DEL SUR,ZAMBOANGA CITY,VITALI,ALL STREETS,INTERIOR,RR,Residential - Regular,155.0
raw,"RDO No. 93A - Zamboanga City and RDO No. 93B - Zamboanga, Sibugay.",,1995-12-25,,ZAMBOANGA DEL SUR,ZAMBOANGA CITY,VITALI,ALL STREETS,,RR,Residential - Regular,37.0
raw,"RDO No. 93A - Zamboanga City and RDO No. 93B - Zamboanga, Sibugay.",,1995-12-25,,ZAMBOANGA DEL SUR,ZAMBOANGA CITY,VITALI,ALL STREETS,,A,Agricultural,6.0
raw,"RDO No. 93A - Zamboanga City and RDO No. 93B - Zamboanga, Sibugay.",,1990-01-02,,ZAMBOANGA DEL SUR,ZAMBOANGA CITY,VITALI,ALL STREETS,,RR,Residential - Regular,20.0
raw,"RDO No. 93A - Zamboanga City and RDO No. 93B - Zamboanga, Sibugay.",,1990-01-02,,ZAMBOANGA DEL SUR,ZAMBOANGA CITY,VITALI,ALL STREETS,,A,Agricultural,2.0
raw,"RDO No. 93A - Zamboanga City and RDO No. 93B - Zamboanga, Sibugay.",008-2024,"Feb. 17, 2024",4TH,ZAMBOANGA DEL SUR,ZAMBOANGA CITY,ZAMBOWOOD,ALL OTHER SUBDIVISION,INTERIOR LOT,RR,Residential - Regular,2500.0
raw,"RDO No. 93A - Zamboanga City and RDO No. 93B - Zamboanga, Sibugay.",008-2024,"Feb. 17, 2024",4TH,ZAMBOANGA DEL SUR,ZAMBOANGA CITY,ZAMBOWOOD,ALL SOCIALIZED HOUSING SUBDIVISION,INTERIOR LOT,RR,Residential - Regular,1200.0
raw,"RDO No. 93A - Zamboanga City and RDO No. 93B - Zamboanga, Sibugay.",,,,ZAMBOANGA DEL SUR,ZAMBOANGA CITY,ZAMBOWOOD,ALL STREETS,,RR,Residential - Regular,175.0
raw,"RDO No. 93A - Zamboanga City and RDO No. 93B - Zamboanga, Sibugay.",,,,ZAMBOANGA DEL SUR,ZAMBOANGA CITY,ZAMBOWOOD,ALL STREETS,,A50,Agricultural - A50,3.0
raw,"RDO No. 93A - Zamboanga City and RDO No. 93B - Zamboanga, Sibugay.",008-2024,"Feb. 17, 2024",4TH,ZAMBOANGA DEL SUR,ZAMBOANGA CITY,ZAMBOWOOD,ALL STREETS,,CR,Commercial - Regular,2700.0
raw,"RDO No. 93A - Zamboanga City and RDO No. 93B - Zamboanga, Sibugay.",008-2024,"Feb. 17, 2024",4TH,ZAMBOANGA DEL SUR,ZAMBOANGA CITY,ZAMBOWOOD,ALL STREETS,,RR,Residential - Regular,1600.0
raw,"RDO No. 93A - Zamboanga City and RDO No. 93B - Zamboanga, Sibugay.",008-2024,"Feb. 17, 2024",4TH,ZAMBOANGA DEL SUR,ZAMBOANGA CITY,ZAMBOWOOD,ALL STREETS,,I,Industrial,2500.0
raw,"RDO No. 93A - Zamboanga City and RDO No. 93B - Zamboanga, Sibugay.",008-2024,"Feb. 17, 2024",4TH,ZAMBOANGA DEL SUR,ZAMBOANGA CITY,ZAMBOWOOD,ALL STREETS,,A50,Agricultural - A50,190.0
raw,"RDO No. 93A - Zamboanga City and RDO No. 93B - Zamboanga, Sibugay.",008-2024,"Feb. 17, 2024",4TH,ZAMBOANGA DEL SUR,ZAMBOANGA CITY,ZAMBOWOOD,ALL STREETS,INTERIOR LOT,RR,Residential - Regular,1100.0
raw,"RDO No. 93A - Zamboanga City and RDO No. 93B - Zamboanga, Sibugay.",,2010-08-06,,ZAMBOANGA DEL SUR,ZAMBOANGA CITY,ZAMBOWOOD,ALL STREETS,,RR,Residential - Regular,175.0
raw,"RDO No. 93A - Zamboanga City and RDO No. 93B - Zamboanga, Sibugay.",,2010-08-06,,ZAMBOANGA DEL SUR,ZAMBOANGA CITY,ZAMBOWOOD,ALL STREETS,,A50,Agricultural - A50,3.0
raw,"RDO No. 93A - Zamboanga City and RDO No. 93B - Zamboanga, Sibugay.",008-2024,"Feb. 17, 2024",4TH,ZAMBOANGA DEL SUR,ZAMBOANGA CITY,ZAMBOWOOD,FUTURA HOMES FILINVEST,INTERIOR LOT,RR,Residential - Regular,4100.0
