region,rdo,do_no,effectivity,revision,province,city,barangay,street,vicinity,classification,class_name,value_sqm
raw,"RDO No. 73 - San Jose, Antique is composed of the following Municipalities",,,,,ANINI-Y,POBLACION,ALL OTHER STREETS,ALL WEATHER ROADS W/IN 1 KM FR POB,RR,Residential - Regular,120.0
raw,"RDO No. 73 - San Jose, Antique is composed of the following Municipalities",,,,,ANINI-Y,POBLACION,ALL OTHER STREETS,ALL WEATHER ROADS (MORE THAN 1KM FR POB),RR,Residential - Regular,90.0
raw,"RDO No. 73 - San Jose, Antique is composed of the following Municipalities",,,,,ANINI-Y,POBLACION,ALL OTHER STREETS,INTERIOR,RR,Residential - Regular,45.0
raw,"RDO No. 73 - San Jose, Antique is composed of the following Municipalities",,,,,ANINI-Y,POBLACION,ALL OTHER STREETS,INTERIOR,A,Agricultural,9.0
raw,"RDO No. 73 - San Jose, Antique is composed of the following Municipalities",,,,,ANINI-Y,POBLACION,ALL OTHER STREETS,INTERIOR,A1,Agricultural - A1,6.0
raw,"RDO No. 73 - San Jose, Antique is composed of the following Municipalities",,,,,ANINI-Y,POBLACION,ALL OTHER STREETS,INTERIOR,A2,Agricultural - A2,2.15
raw,"RDO No. 73 - San Jose, Antique is composed of the following Municipalities",,,,,ANINI-Y,POBLACION,ALL OTHER STREETS,INTERIOR,A3,Agricultural - A3,2.8
raw,"RDO No. 73 - San Jose, Antique is composed of the following Municipalities",,,,,ANINI-Y,POBLACION,ALL OTHER STREETS,INTERIOR,A4,Agricultural - A4,3.0
raw,"RDO No. 73 - San Jose, Antique is composed of the following Municipalities",,,,,ANINI-Y,POBLACION,ALL OTHER STREETS,INTERIOR,A5,Agricultural - A5,7.7
raw,"RDO No. 73 - San Jose, Antique is composed of the following Municipalities",,,,,ANINI-Y,POBLACION,ALL OTHER STREETS,INTERIOR,A6,Agricultural - A6,2.5
raw,"RDO No. 73 - San Jose, Antique is composed of the following Municipalities",,,,,ANINI-Y,POBLACION,ALL OTHER STREETS,INTERIOR,A7,Agricultural - A7,2.0
raw,"RDO No. 73 - San Jose, Antique is composed of the following Municipalities",,,,,ANINI-Y,POBLACION,ALL OTHER STREETS,INTERIOR,A10,Agricultural - A10,2.0
raw,"RDO No. 73 - San Jose, Antique is composed of the following Municipalities",,,,,ANINI-Y,POBLACION,ALL OTHER STREETS,INTERIOR,A11,Agricultural - A11,4.0
raw,"RDO No. 73 - San Jose, Antique is composed of the following Municipalities",,,,,ANINI-Y,POBLACION,ALL OTHER STREETS,INTERIOR,A12,Agricultural - A12,1.0
raw,"RDO No. 73 - San Jose, Antique is composed of the following Municipalities",,,,,ANINI-Y,POBLACION,ALL OTHER STREETS,INTERIOR,A13,Agricultural - A13,2.9
raw,"RDO No. 73 - San Jose, Antique is composed of the following Municipalities",,,,,ANINI-Y,POBLACION,ALL OTHER STREETS,INTERIOR,A14,Agricultural - A14,1.6
raw,"RDO No. 73 - San Jose, Antique is composed of the following Municipalities",,,,,ANINI-Y,POBLACION,ALL OTHER STREETS,INTERIOR,A15,Agricultural - A15,3.9
raw,"RDO No. 73 - San Jose, Antique is composed of the following Municipalities",,,,,ANINI-Y,POBLACION,FULLON ST.(EAST.SIDE),RODEROS-PROV'L RD-ILOILO,RR,Residential - Regular,150.0
raw,"RDO No. 73 - San Jose, Antique is composed of the following Municipalities",,,,,ANINI-Y,POBLACION,NEPOMUCENO ST,FORNIER ST-OBAGA ST,RR,Residential - Regular,150.0
raw,"RDO No. 73 - San Jose, Antique is composed of the following Municipalities",,,,,ANINI-Y,POBLACION,OBAGA ST,CORNER GRANDE,CR,Commercial - Regular,165.0
raw,"RDO No. 73 - San Jose, Antique is composed of the following Municipalities",,,,,ANINI-Y,POBLACION,PROVINCIAL RD(EAST. SIDE),FABILA ST. - GRANDE ST.,CR,Commercial - Regular,225.0
raw,"RDO No. 73 - San Jose, Antique is composed of the following Municipalities",,,,,ANINI-Y,POBLACION,PROVINCIAL RD(EAST. SIDE),PUBLIC MARKET SITE,CR,Commercial - Regular,225.0
raw,"RDO No. 73 - San Jose, Antique is composed of the following Municipalities",,,,,ANINI-Y,POBLACION,PROVINCIAL ROAD,FORNIER ST - GRANDE ST,RR,Residential - Regular,180.0
raw,"RDO No. 73 - San Jose, Antique is composed of the following Municipalities",,,,,ANINI-Y,POBLACION,RODEROS ST.(NORTH.SIDE),SALCEDO ST - ERISPE,RR,Residential - Regular,150.0
raw,"RDO No. 73 - San Jose, Antique is composed of the following Municipalities",,,,,ANINI-Y,POBLACION,SALCEDO ST,RODEROS ST-PROV'L RD,RR,Residential - Regular,180.0
raw,"RDO No. 73 - San Jose, Antique is composed of the following Municipalities",,,2ND,,"ANINI-Y, ANTIQUE","BAYO GRANDE, BAYO PEQUEÑO, BUTUAN, CASAY,",ALL LOTS,ALONG THE ROAD,CR,Commercial - Regular,220.0
raw,"RDO No. 73 - San Jose, Antique is composed of the following Municipalities",,,2ND,,"ANINI-Y, ANTIQUE","BAYO GRANDE, BAYO PEQUEÑO, BUTUAN, CASAY,",ALL LOTS,ALONG THE ROAD,RR,Residential - Regular,105.0
raw,"RDO No. 73 - San Jose, Antique is composed of the following Municipalities",,,2ND,,"ANINI-Y, ANTIQUE","BAYO GRANDE, BAYO PEQUEÑO, BUTUAN, CASAY,",ALL LOTS,ALONG THE ROAD,A1,Agricultural - A1,25.75
raw,"RDO No. 73 - San Jose, Antique is composed of the following Municipalities",,,2ND,,"ANINI-Y, ANTIQUE","BAYO GRANDE, BAYO PEQUEÑO, BUTUAN, CASAY,",ALL LOTS,ALONG THE ROAD,A2,Agricultural - A2,17.6
raw,"RDO No. 73 - San Jose, Antique is composed of the following Municipalities",,,2ND,,"ANINI-Y, ANTIQUE","BAYO GRANDE, BAYO PEQUEÑO, BUTUAN, CASAY,",ALL LOTS,ALONG THE ROAD,A3,Agricultural - A3,7.3
raw,"RDO No. 73 - San Jose, Antique is composed of the following Municipalities",,,2ND,,"ANINI-Y, ANTIQUE","BAYO GRANDE, BAYO PEQUEÑO, BUTUAN, CASAY,",ALL LOTS,ALONG THE ROAD,A4,Agricultural - A4,9.0
raw,"RDO No. 73 - San Jose, Antique is composed of the following Municipalities",,,2ND,,"ANINI-Y, ANTIQUE","BAYO GRANDE, BAYO PEQUEÑO, BUTUAN, CASAY,",ALL LOTS,ALONG THE ROAD,A8,Agricultural - A8,6.9
raw,"RDO No. 73 - San Jose, Antique is composed of the following Municipalities",,,2ND,,"ANINI-Y, ANTIQUE","BAYO GRANDE, BAYO PEQUEÑO, BUTUAN, CASAY,",ALL LOTS,ALONG THE ROAD,A12,Agricultural - A12,7.7
raw,"RDO No. 73 - San Jose, Antique is composed of the following Municipalities",,,2ND,,"ANINI-Y, ANTIQUE","BAYO GRANDE, BAYO PEQUEÑO, BUTUAN, CASAY,",ALL LOTS,ALONG THE ROAD,A13,Agricultural - A13,7.5
raw,"RDO No. 73 - San Jose, Antique is composed of the following Municipalities",,,2ND,,"ANINI-Y, ANTIQUE","BAYO GRANDE, BAYO PEQUEÑO, BUTUAN, CASAY,",ALL LOTS,ALONG THE ROAD,A15,Agricultural - A15,5.75
raw,"RDO No. 73 - San Jose, Antique is composed of the following Municipalities",,,2ND,,"ANINI-Y, ANTIQUE","BAYO GRANDE, BAYO PEQUEÑO, BUTUAN, CASAY,",ALL LOTS,ALONG THE ROAD,A17,Agricultural - A17,19.1
raw,"RDO No. 73 - San Jose, Antique is composed of the following Municipalities",,,2ND,,"ANINI-Y, ANTIQUE","BAYO GRANDE, BAYO PEQUEÑO, BUTUAN, CASAY,",ALL LOTS,ALONG THE ROAD,A18,Agricultural - A18,9.0
raw,"RDO No. 73 - San Jose, Antique is composed of the following Municipalities",,,2ND,,"ANINI-Y, ANTIQUE","BAYO GRANDE, BAYO PEQUEÑO, BUTUAN, CASAY,",ALL LOTS,ALONG THE ROAD,A23,Agricultural - A23,10.9
raw,"RDO No. 73 - San Jose, Antique is composed of the following Municipalities",,,2ND,,"ANINI-Y, ANTIQUE","BAYO GRANDE, BAYO PEQUEÑO, BUTUAN, CASAY,",ALL LOTS,ALONG THE ROAD,A26,Agricultural - A26,6.6
raw,"RDO No. 73 - San Jose, Antique is composed of the following Municipalities",,,2ND,,"ANINI-Y, ANTIQUE","BAYO GRANDE, BAYO PEQUEÑO, BUTUAN, CASAY,",ALL LOTS,ALONG THE ROAD,A38,Agricultural - A38,8.5
raw,"RDO No. 73 - San Jose, Antique is composed of the following Municipalities",,,2ND,,"ANINI-Y, ANTIQUE","BAYO GRANDE, BAYO PEQUEÑO, BUTUAN, CASAY,",ALL LOTS,ALONG THE ROAD,A44,Agricultural - A44,5.1
raw,"RDO No. 73 - San Jose, Antique is composed of the following Municipalities",,,2ND,,"ANINI-Y, ANTIQUE","BAYO GRANDE, BAYO PEQUEÑO, BUTUAN, CASAY,",ALL LOTS,ALONG THE ROAD,A50,Agricultural - A50,5.0
raw,"RDO No. 73 - San Jose, Antique is composed of the following Municipalities",,,2ND,,"ANINI-Y, ANTIQUE","IGPALGE, IGTUMAROM, NASULI-C, SAN RAMON, TAGAYTAY",ALL LOTS,ALONG THE ROAD,CR,Commercial - Regular,150.0
raw,"RDO No. 73 - San Jose, Antique is composed of the following Municipalities",,,2ND,,"ANINI-Y, ANTIQUE","IGPALGE, IGTUMAROM, NASULI-C, SAN RAMON, TAGAYTAY",ALL LOTS,ALONG THE ROAD,RR,Residential - Regular,90.0
raw,"RDO No. 73 - San Jose, Antique is composed of the following Municipalities",,,2ND,,"ANINI-Y, ANTIQUE","IGPALGE, IGTUMAROM, NASULI-C, SAN RAMON, TAGAYTAY",ALL LOTS,ALONG THE ROAD,A1,Agricultural - A1,25.75
raw,"RDO No. 73 - San Jose, Antique is composed of the following Municipalities",,,2ND,,"ANINI-Y, ANTIQUE","IGPALGE, IGTUMAROM, NASULI-C, SAN RAMON, TAGAYTAY",ALL LOTS,ALONG THE ROAD,A2,Agricultural - A2,17.6
raw,"RDO No. 73 - San Jose, Antique is composed of the following Municipalities",,,2ND,,"ANINI-Y, ANTIQUE","IGPALGE, IGTUMAROM, NASULI-C, SAN RAMON, TAGAYTAY",ALL LOTS,ALONG THE ROAD,A3,Agricultural - A3,7.3
raw,"RDO No. 73 - San Jose, Antique is composed of the following Municipalities",,,2ND,,"ANINI-Y, ANTIQUE","IGPALGE, IGTUMAROM, NASULI-C, SAN RAMON, TAGAYTAY",ALL LOTS,ALONG THE ROAD,A4,Agricultural - A4,9.0
raw,"RDO No. 73 - San Jose, Antique is composed of the following Municipalities",,,2ND,,"ANINI-Y, ANTIQUE","IGPALGE, IGTUMAROM, NASULI-C, SAN RAMON, TAGAYTAY",ALL LOTS,ALONG THE ROAD,A8,Agricultural - A8,6.9
raw,"RDO No. 73 - San Jose, Antique is composed of the following Municipalities",,,2ND,,"ANINI-Y, ANTIQUE","IGPALGE, IGTUMAROM, NASULI-C, SAN RAMON, TAGAYTAY",ALL LOTS,ALONG THE ROAD,A12,Agricultural - A12,7.7
raw,"RDO No. 73 - San Jose, Antique is composed of the following Municipalities",,,2ND,,"ANINI-Y, ANTIQUE","IGPALGE, IGTUMAROM, NASULI-C, SAN RAMON, TAGAYTAY",ALL LOTS,ALONG THE ROAD,A13,Agricultural - A13,7.5
raw,"RDO No. 73 - San Jose, Antique is composed of the following Municipalities",,,2ND,,"ANINI-Y, ANTIQUE","IGPALGE, IGTUMAROM, NASULI-C, SAN RAMON, TAGAYTAY",ALL LOTS,ALONG THE ROAD,A15,Agricultural - A15,5.75
raw,"RDO No. 73 - San Jose, Antique is composed of the following Municipalities",,,2ND,,"ANINI-Y, ANTIQUE","IGPALGE, IGTUMAROM, NASULI-C, SAN RAMON, TAGAYTAY",ALL LOTS,ALONG THE ROAD,A17,Agricultural - A17,19.1
raw,"RDO No. 73 - San Jose, Antique is composed of the following Municipalities",,,2ND,,"ANINI-Y, ANTIQUE","IGPALGE, IGTUMAROM, NASULI-C, SAN RAMON, TAGAYTAY",ALL LOTS,ALONG THE ROAD,A18,Agricultural - A18,9.0
raw,"RDO No. 73 - San Jose, Antique is composed of the following Municipalities",,,2ND,,"ANINI-Y, ANTIQUE","IGPALGE, IGTUMAROM, NASULI-C, SAN RAMON, TAGAYTAY",ALL LOTS,ALONG THE ROAD,A23,Agricultural - A23,10.9
raw,"RDO No. 73 - San Jose, Antique is composed of the following Municipalities",,,2ND,,"ANINI-Y, ANTIQUE","IGPALGE, IGTUMAROM, NASULI-C, SAN RAMON, TAGAYTAY",ALL LOTS,ALONG THE ROAD,A26,Agricultural - A26,6.6
raw,"RDO No. 73 - San Jose, Antique is composed of the following Municipalities",,,2ND,,"ANINI-Y, ANTIQUE","IGPALGE, IGTUMAROM, NASULI-C, SAN RAMON, TAGAYTAY",ALL LOTS,ALONG THE ROAD,A38,Agricultural - A38,8.5
raw,"RDO No. 73 - San Jose, Antique is composed of the following Municipalities",,,2ND,,"ANINI-Y, ANTIQUE","IGPALGE, IGTUMAROM, NASULI-C, SAN RAMON, TAGAYTAY",ALL LOTS,ALONG THE ROAD,A44,Agricultural - A44,5.1
raw,"RDO No. 73 - San Jose, Antique is composed of the following Municipalities",,,2ND,,"ANINI-Y, ANTIQUE","IGPALGE, IGTUMAROM, NASULI-C, SAN RAMON, TAGAYTAY",ALL LOTS,ALONG THE ROAD,A50,Agricultural - A50,5.0
raw,"RDO No. 73 - San Jose, Antique is composed of the following Municipalities",,,2ND,,"ANINI-Y, ANTIQUE",POBLACION,ALL OTHER STREETS,WITHIN POBLACION,RR,Residential - Regular,260.0
raw,"RDO No. 73 - San Jose, Antique is composed of the following Municipalities",,,2ND,,"ANINI-Y, ANTIQUE",POBLACION,ALL OTHER STREETS,ALL WEATHER RDS W/IN 1KM OUTSIDE POB CENTRO,CR,Commercial - Regular,250.0
raw,"RDO No. 73 - San Jose, Antique is composed of the following Municipalities",,,2ND,,"ANINI-Y, ANTIQUE",POBLACION,ALL OTHER STREETS,ALL WEATHER RDS W/IN 1KM OUTSIDE POB CENTRO,RR,Residential - Regular,230.0
raw,"RDO No. 73 - San Jose, Antique is composed of the following Municipalities",,,2ND,,"ANINI-Y, ANTIQUE",POBLACION,ALL OTHER STREETS,ALL WEATHER RDS MORE THAN 1KM OUTSIDE POB CENTRO,RR,Residential - Regular,200.0
raw,"RDO No. 73 - San Jose, Antique is composed of the following Municipalities",,,2ND,,"ANINI-Y, ANTIQUE",POBLACION,ALL OTHER STREETS,INTERIOR,RR,Residential - Regular,105.0
raw,"RDO No. 73 - San Jose, Antique is composed of the following Municipalities",,,2ND,,"ANINI-Y, ANTIQUE",POBLACION,ALL OTHER STREETS,INTERIOR,A1,Agricultural - A1,26.5
raw,"RDO No. 73 - San Jose, Antique is composed of the following Municipalities",,,2ND,,"ANINI-Y, ANTIQUE",POBLACION,ALL OTHER STREETS,INTERIOR,A2,Agricultural - A2,17.6
raw,"RDO No. 73 - San Jose, Antique is composed of the following Municipalities",,,2ND,,"ANINI-Y, ANTIQUE",POBLACION,ALL OTHER STREETS,INTERIOR,A3,Agricultural - A3,7.3
raw,"RDO No. 73 - San Jose, Antique is composed of the following Municipalities",,,2ND,,"ANINI-Y, ANTIQUE",POBLACION,ALL OTHER STREETS,INTERIOR,A4,Agricultural - A4,8.9
raw,"RDO No. 73 - San Jose, Antique is composed of the following Municipalities",,,2ND,,"ANINI-Y, ANTIQUE",POBLACION,ALL OTHER STREETS,INTERIOR,A8,Agricultural - A8,7.6
raw,"RDO No. 73 - San Jose, Antique is composed of the following Municipalities",,,2ND,,"ANINI-Y, ANTIQUE",POBLACION,ALL OTHER STREETS,INTERIOR,A12,Agricultural - A12,8.95
raw,"RDO No. 73 - San Jose, Antique is composed of the following Municipalities",,,2ND,,"ANINI-Y, ANTIQUE",POBLACION,ALL OTHER STREETS,INTERIOR,A13,Agricultural - A13,7.5
raw,"RDO No. 73 - San Jose, Antique is composed of the following Municipalities",,,2ND,,"ANINI-Y, ANTIQUE",POBLACION,ALL OTHER STREETS,INTERIOR,A15,Agricultural - A15,5.75
raw,"RDO No. 73 - San Jose, Antique is composed of the following Municipalities",,,2ND,,"ANINI-Y, ANTIQUE",POBLACION,ALL OTHER STREETS,INTERIOR,A17,Agricultural - A17,20.6
raw,"RDO No. 73 - San Jose, Antique is composed of the following Municipalities",,,2ND,,"ANINI-Y, ANTIQUE",POBLACION,ALL OTHER STREETS,INTERIOR,A18,Agricultural - A18,9.0
raw,"RDO No. 73 - San Jose, Antique is composed of the following Municipalities",,,2ND,,"ANINI-Y, ANTIQUE",POBLACION,ALL OTHER STREETS,INTERIOR,A23,Agricultural - A23,10.9
raw,"RDO No. 73 - San Jose, Antique is composed of the following Municipalities",,,2ND,,"ANINI-Y, ANTIQUE",POBLACION,ALL OTHER STREETS,INTERIOR,A26,Agricultural - A26,8.05
raw,"RDO No. 73 - San Jose, Antique is composed of the following Municipalities",,,2ND,,"ANINI-Y, ANTIQUE",POBLACION,ALL OTHER STREETS,INTERIOR,A38,Agricultural - A38,8.5
raw,"RDO No. 73 - San Jose, Antique is composed of the following Municipalities",,,2ND,,"ANINI-Y, ANTIQUE",POBLACION,ALL OTHER STREETS,INTERIOR,A44,Agricultural - A44,5.1
raw,"RDO No. 73 - San Jose, Antique is composed of the following Municipalities",,,2ND,,"ANINI-Y, ANTIQUE",POBLACION,ALL OTHER STREETS,INTERIOR,A50,Agricultural - A50,5.0
raw,"RDO No. 73 - San Jose, Antique is composed of the following Municipalities",,,,,"ANINI-Y, ANTIQUE",POBLACION,ALL OTHER STREETS,ALL WEATHER ROADS W/IN 1 KM FR POB,RR,Residential - Regular,165.0
raw,"RDO No. 73 - San Jose, Antique is composed of the following Municipalities",,,,,"ANINI-Y, ANTIQUE",POBLACION,ALL OTHER STREETS,ALL WEATHER ROADS (MORE THAN 1KM FR POB),RR,Residential - Regular,130.0
raw,"RDO No. 73 - San Jose, Antique is composed of the following Municipalities",,,,,"ANINI-Y, ANTIQUE",POBLACION,ALL OTHER STREETS,INTERIOR,RR,Residential - Regular,65.0
raw,"RDO No. 73 - San Jose, Antique is composed of the following Municipalities",,,,,"ANINI-Y, ANTIQUE",POBLACION,ALL OTHER STREETS,INTERIOR,A1,Agricultural - A1,15.0
raw,"RDO No. 73 - San Jose, Antique is composed of the following Municipalities",,,,,"ANINI-Y, ANTIQUE",POBLACION,ALL OTHER STREETS,INTERIOR,A2,Agricultural - A2,10.0
raw,"RDO No. 73 - San Jose, Antique is composed of the following Municipalities",,,,,"ANINI-Y, ANTIQUE",POBLACION,ALL OTHER STREETS,INTERIOR,A3,Agricultural - A3,4.15
raw,"RDO No. 73 - San Jose, Antique is composed of the following Municipalities",,,,,"ANINI-Y, ANTIQUE",POBLACION,ALL OTHER STREETS,INTERIOR,A4,Agricultural - A4,4.25
raw,"RDO No. 73 - San Jose, Antique is composed of the following Municipalities",,,,,"ANINI-Y, ANTIQUE",POBLACION,ALL OTHER STREETS,INTERIOR,A8,Agricultural - A8,4.0
raw,"RDO No. 73 - San Jose, Antique is composed of the following Municipalities",,,,,"ANINI-Y, ANTIQUE",POBLACION,ALL OTHER STREETS,INTERIOR,A12,Agricultural - A12,5.0
raw,"RDO No. 73 - San Jose, Antique is composed of the following Municipalities",,,,,"ANINI-Y, ANTIQUE",POBLACION,ALL OTHER STREETS,INTERIOR,A13,Agricultural - A13,4.8
raw,"RDO No. 73 - San Jose, Antique is composed of the following Municipalities",,,,,"ANINI-Y, ANTIQUE",POBLACION,ALL OTHER STREETS,INTERIOR,A15,Agricultural - A15,3.0
raw,"RDO No. 73 - San Jose, Antique is composed of the following Municipalities",,,,,"ANINI-Y, ANTIQUE",POBLACION,ALL OTHER STREETS,INTERIOR,A17,Agricultural - A17,10.65
raw,"RDO No. 73 - San Jose, Antique is composed of the following Municipalities",,,,,"ANINI-Y, ANTIQUE",POBLACION,ALL OTHER STREETS,INTERIOR,A18,Agricultural - A18,4.5
raw,"RDO No. 73 - San Jose, Antique is composed of the following Municipalities",,,,,"ANINI-Y, ANTIQUE",POBLACION,ALL OTHER STREETS,INTERIOR,A23,Agricultural - A23,5.45
raw,"RDO No. 73 - San Jose, Antique is composed of the following Municipalities",,,,,"ANINI-Y, ANTIQUE",POBLACION,ALL OTHER STREETS,INTERIOR,A26,Agricultural - A26,4.5
raw,"RDO No. 73 - San Jose, Antique is composed of the following Municipalities",,,,,"ANINI-Y, ANTIQUE",POBLACION,ALL OTHER STREETS,INTERIOR,A38,Agricultural - A38,6.0
raw,"RDO No. 73 - San Jose, Antique is composed of the following Municipalities",,,,,"ANINI-Y, ANTIQUE",POBLACION,ALL OTHER STREETS,INTERIOR,A44,Agricultural - A44,3.6
raw,"RDO No. 73 - San Jose, Antique is composed of the following Municipalities",,,2ND,,"ANINI-Y, ANTIQUE",POBLACION,FABILA ST.,NEAR PROV'L RD/PUBLIC MARKET,CR,Commercial - Regular,425.0
raw,"RDO No. 73 - San Jose, Antique is composed of the following Municipalities",,,2ND,,"ANINI-Y, ANTIQUE",POBLACION,FABILA ST.,NEAR PROV'L RD/PUBLIC MARKET,RR,Residential - Regular,290.0
raw,"RDO No. 73 - San Jose, Antique is composed of the following Municipalities",,,2ND,,"ANINI-Y, ANTIQUE",POBLACION,FULLON ST. (EAST SIDE),RODEROS-PROV'L RD-ILOILO,CR,Commercial - Regular,575.0
raw,"RDO No. 73 - San Jose, Antique is composed of the following Municipalities",,,2ND,,"ANINI-Y, ANTIQUE",POBLACION,FULLON ST. (EAST SIDE),RODEROS-PROV'L RD-ILOILO,RR,Residential - Regular,415.0
raw,"RDO No. 73 - San Jose, Antique is composed of the following Municipalities",,,2ND,,"ANINI-Y, ANTIQUE",POBLACION,FULLON ST. (WEST SIDE),FABILA ST. - PROVINCIAL ROAD,RR,Residential - Regular,415.0
raw,"RDO No. 73 - San Jose, Antique is composed of the following Municipalities",,,,,"ANINI-Y, ANTIQUE",POBLACION,FULLON ST.(EAST.SIDE),RODEROS-PROV'L RD-ILOILO,RR,Residential - Regular,250.0
raw,"RDO No. 73 - San Jose, Antique is composed of the following Municipalities",,,2ND,,"ANINI-Y, ANTIQUE",POBLACION,GRANDE ST.,NEAR PROV'L RD/PUBLIC MARKET,CR,Commercial - Regular,425.0
raw,"RDO No. 73 - San Jose, Antique is composed of the following Municipalities",,,2ND,,"ANINI-Y, ANTIQUE",POBLACION,GRANDE ST.,NEAR PROV'L RD/PUBLIC MARKET,RR,Residential - Regular,315.0
raw,"RDO No. 73 - San Jose, Antique is composed of the following Municipalities",,,,,"ANINI-Y, ANTIQUE",POBLACION,NEPOMUCENO ST,FORNIER ST-OBAGA ST,RR,Residential - Regular,250.0
raw,"RDO No. 73 - San Jose, Antique is composed of the following Municipalities",,,2ND,,"ANINI-Y, ANTIQUE",POBLACION,NEPOMUCENO ST.,FORNIER ST-OBAGA ST,RR,Residential - Regular,390.0
raw,"RDO No. 73 - San Jose, Antique is composed of the following Municipalities",,,2ND,,"ANINI-Y, ANTIQUE",POBLACION,NEPOMUCENO ST.,FORNIER ST-OBAGA ST,CR,Commercial - Regular,618.0
raw,"RDO No. 73 - San Jose, Antique is composed of the following Municipalities",,,,,"ANINI-Y, ANTIQUE",POBLACION,OBAGA ST,CORNER GRANDE,CR,Commercial - Regular,400.0
raw,"RDO No. 73 - San Jose, Antique is composed of the following Municipalities",,,2ND,,"ANINI-Y, ANTIQUE",POBLACION,OBAGA ST.,CORNER GRANDE,CR,Commercial - Regular,618.0
raw,"RDO No. 73 - San Jose, Antique is composed of the following Municipalities",,,2ND,,"ANINI-Y, ANTIQUE",POBLACION,OBAGA ST.,PROV'L RD- NEPOMUCENO ST.,RR,Residential - Regular,390.0
raw,"RDO No. 73 - San Jose, Antique is composed of the following Municipalities",,,,,"ANINI-Y, ANTIQUE",POBLACION,PROVINCIAL RD(EAST. SIDE),FABILA ST. - GRANDE ST.,CR,Commercial - Regular,400.0
raw,"RDO No. 73 - San Jose, Antique is composed of the following Municipalities",,,,,"ANINI-Y, ANTIQUE",POBLACION,PROVINCIAL RD(EAST. SIDE),PUBLIC MARKET SITE,CR,Commercial - Regular,400.0
raw,"RDO No. 73 - San Jose, Antique is composed of the following Municipalities",,,,,"ANINI-Y, ANTIQUE",POBLACION,PROVINCIAL ROAD,FORNIER ST - GRANDE ST,RR,Residential - Regular,280.0
raw,"RDO No. 73 - San Jose, Antique is composed of the following Municipalities",,,2ND,,"ANINI-Y, ANTIQUE",POBLACION,PROVINCIAL ROAD (EAST SIDE),FABILA ST-GRANDE ST,CR,Commercial - Regular,618.0
raw,"RDO No. 73 - San Jose, Antique is composed of the following Municipalities",,,2ND,,"ANINI-Y, ANTIQUE",POBLACION,PROVINCIAL ROAD (EAST SIDE),PUBLIC MARKET,CR,Commercial - Regular,618.0
raw,"RDO No. 73 - San Jose, Antique is composed of the following Municipalities",,,2ND,,"ANINI-Y, ANTIQUE",POBLACION,PROVINCIAL ROAD (WEST SIDE),GALLERA DE ANINI-Y-GRANDE ST,RR,Residential - Regular,415.0
raw,"RDO No. 73 - San Jose, Antique is composed of the following Municipalities",,,2ND,,"ANINI-Y, ANTIQUE",POBLACION,PROVINCIAL ROAD (WEST SIDE),FULLON ST. TO ANINIY RIVER,RR,Residential - Regular,290.0
raw,"RDO No. 73 - San Jose, Antique is composed of the following Municipalities",,,2ND,,"ANINI-Y, ANTIQUE",POBLACION,RODEROS ST. (NORTH SIDE),SALCEDO ST-ERISPE ST,RR,Residential - Regular,415.0
raw,"RDO No. 73 - San Jose, Antique is composed of the following Municipalities",,,2ND,,"ANINI-Y, ANTIQUE",POBLACION,RODEROS ST. (NORTH SIDE),NEAR PROV'L RD/PUBLIC MARKET,CR,Commercial - Regular,575.0
raw,"RDO No. 73 - San Jose, Antique is composed of the following Municipalities",,,2ND,,"ANINI-Y, ANTIQUE",POBLACION,RODEROS ST. (NORTH SIDE),NEAR PROV'L RD/PUBLIC MARKET,RR,Residential - Regular,415.0
raw,"RDO No. 73 - San Jose, Antique is composed of the following Municipalities",,,,,"ANINI-Y, ANTIQUE",POBLACION,RODEROS ST.(NORTH.SIDE),SALCEDO ST - ERISPE,RR,Residential - Regular,250.0
raw,"RDO No. 73 - San Jose, Antique is composed of the following Municipalities",,,,,"ANINI-Y, ANTIQUE",POBLACION,SALCEDO ST,RODEROS ST-PROV'L RD,RR,Residential - Regular,280.0
raw,"RDO No. 73 - San Jose, Antique is composed of the following Municipalities",,,2ND,,"ANINI-Y, ANTIQUE",POBLACION,SALCEDO ST.,RODEROS ST-PROV'L RD,RR,Residential - Regular,445.0
raw,"RDO No. 73 - San Jose, Antique is composed of the following Municipalities",,,2ND,,"ANINI-Y, ANTIQUE",POBLACION,SALCEDO ST.,RODEROS ST-PROV'L RD,CR,Commercial - Regular,618.0
raw,"RDO No. 73 - San Jose, Antique is composed of the following Municipalities",,,2ND,,"ANINI-Y, ANTIQUE",POBLACION,SALCEDO ST.,NEAR PROV'L RD/PUBLIC MARKET,RR,Residential - Regular,290.0
raw,"RDO No. 73 - San Jose, Antique is composed of the following Municipalities",,,2ND,,"ANINI-Y, ANTIQUE",POBLACION,SALCEDO ST.,NEAR PROV'L RD/PUBLIC MARKET,CR,Commercial - Regular,618.0
raw,"RDO No. 73 - San Jose, Antique is composed of the following Municipalities",,,,,BARBAZA,POBLACION,ALL OTHER STREETS,ALL WEATHER ROADS(W/IN 1KM FR POB),RR,Residential - Regular,135.0
raw,"RDO No. 73 - San Jose, Antique is composed of the following Municipalities",,,,,BARBAZA,POBLACION,ALL OTHER STREETS,ALL WEATHER ROADS (MORE THAN 1KM FR POB),RR,Residential - Regular,90.0
raw,"RDO No. 73 - San Jose, Antique is composed of the following Municipalities",,,,,BARBAZA,POBLACION,ALL OTHER STREETS,INTERIOR,RR,Residential - Regular,60.0
raw,"RDO No. 73 - San Jose, Antique is composed of the following Municipalities",,,,,BARBAZA,POBLACION,ALL OTHER STREETS,INTERIOR,A,Agricultural,12.0
raw,"RDO No. 73 - San Jose, Antique is composed of the following Municipalities",,,,,BARBAZA,POBLACION,ALL OTHER STREETS,INTERIOR,A1,Agricultural - A1,7.0
raw,"RDO No. 73 - San Jose, Antique is composed of the following Municipalities",,,,,BARBAZA,POBLACION,ALL OTHER STREETS,INTERIOR,A2,Agricultural - A2,2.3
raw,"RDO No. 73 - San Jose, Antique is composed of the following Municipalities",,,,,BARBAZA,POBLACION,ALL OTHER STREETS,INTERIOR,A3,Agricultural - A3,3.3
raw,"RDO No. 73 - San Jose, Antique is composed of the following Municipalities",,,,,BARBAZA,POBLACION,ALL OTHER STREETS,INTERIOR,A4,Agricultural - A4,3.5
raw,"RDO No. 73 - San Jose, Antique is composed of the following Municipalities",,,,,BARBAZA,POBLACION,ALL OTHER STREETS,INTERIOR,A5,Agricultural - A5,9.4
raw,"RDO No. 73 - San Jose, Antique is composed of the following Municipalities",,,,,BARBAZA,POBLACION,ALL OTHER STREETS,INTERIOR,A6,Agricultural - A6,2.5
raw,"RDO No. 73 - San Jose, Antique is composed of the following Municipalities",,,,,BARBAZA,POBLACION,ALL OTHER STREETS,INTERIOR,A7,Agricultural - A7,2.0
raw,"RDO No. 73 - San Jose, Antique is composed of the following Municipalities",,,,,BARBAZA,POBLACION,ALL OTHER STREETS,INTERIOR,A8,Agricultural - A8,19.0
raw,"RDO No. 73 - San Jose, Antique is composed of the following Municipalities",,,,,BARBAZA,POBLACION,ALL OTHER STREETS,INTERIOR,A9,Agricultural - A9,25.0
raw,"RDO No. 73 - San Jose, Antique is composed of the following Municipalities",,,,,BARBAZA,POBLACION,ALL OTHER STREETS,INTERIOR,A10,Agricultural - A10,2.0
raw,"RDO No. 73 - San Jose, Antique is composed of the following Municipalities",,,,,BARBAZA,POBLACION,ALL OTHER STREETS,INTERIOR,A11,Agricultural - A11,4.0
raw,"RDO No. 73 - San Jose, Antique is composed of the following Municipalities",,,,,BARBAZA,POBLACION,ALL OTHER STREETS,INTERIOR,A12,Agricultural - A12,1.0
raw,"RDO No. 73 - San Jose, Antique is composed of the following Municipalities",,,,,BARBAZA,POBLACION,ALL OTHER STREETS,INTERIOR,A13,Agricultural - A13,2.9
raw,"RDO No. 73 - San Jose, Antique is composed of the following Municipalities",,,,,BARBAZA,POBLACION,ALL OTHER STREETS,INTERIOR,A14,Agricultural - A14,1.6
raw,"RDO No. 73 - San Jose, Antique is composed of the following Municipalities",,,,,BARBAZA,POBLACION,ALL OTHER STREETS,INTERIOR,A15,Agricultural - A15,3.9
raw,"RDO No. 73 - San Jose, Antique is composed of the following Municipalities",,,,,BARBAZA,POBLACION,BARRIENTOS ST,ESPERANZA ST-MAGHARI ST,RR,Residential - Regular,225.0
raw,"RDO No. 73 - San Jose, Antique is composed of the following Municipalities",,,,,BARBAZA,POBLACION,ESPARAGOZA ST,INOCENTES ST-GINDAP ST,RR,Residential - Regular,180.0
raw,"RDO No. 73 - San Jose, Antique is composed of the following Municipalities",,,,,BARBAZA,POBLACION,INOCENTES ST,SEASHORE - GINDAP ST,RR,Residential - Regular,180.0
raw,"RDO No. 73 - San Jose, Antique is composed of the following Municipalities",,,,,BARBAZA,POBLACION,MAGHARI ST,BARRIENTOS ST-GINDAP ST,RR,Residential - Regular,225.0
raw,"RDO No. 73 - San Jose, Antique is composed of the following Municipalities",,,,,BARBAZA,POBLACION,MARQUEZ ST,ESPERANZA ST-MAGHARI ST,RR,Residential - Regular,225.0
raw,"RDO No. 73 - San Jose, Antique is composed of the following Municipalities",,,,,BARBAZA,POBLACION,MARQUEZ ST,MAGHARI ST - ALLAN ST,RR,Residential - Regular,180.0
raw,"RDO No. 73 - San Jose, Antique is composed of the following Municipalities",,,,,BARBAZA,POBLACION,PICCIO ST,ESPERANZA ST-MAGHARI ST,RR,Residential - Regular,225.0
raw,"RDO No. 73 - San Jose, Antique is composed of the following Municipalities",,,,,BARBAZA,POBLACION,YBERA ST,ESPERANZA ST - REAL ST,CR,Commercial - Regular,320.0
raw,"RDO No. 73 - San Jose, Antique is composed of the following Municipalities",,,,,BARBAZA,POBLACION,YONGQUE ST,YBERA ST - BARRIENTOS ST,RR,Residential - Regular,225.0
raw,"RDO No. 73 - San Jose, Antique is composed of the following Municipalities",,,2ND,,"BARBAZA, ANTIQUE","BAGHARI, BIGA-A, BINANGBANG, CADIAO, CALAPADAN,",ALL LOTS,ALL WEATHER ROADS WITHIN 1KM FR BARANGAY CENTRO,RR,Residential - Regular,250.0
raw,"RDO No. 73 - San Jose, Antique is composed of the following Municipalities",,,2ND,,"BARBAZA, ANTIQUE","BAGHARI, BIGA-A, BINANGBANG, CADIAO, CALAPADAN,",ALL LOTS,ALL WEATHER ROADS MORE THAN 1KM FR BARANGAY CENTRO,RR,Residential - Regular,170.0
raw,"RDO No. 73 - San Jose, Antique is composed of the following Municipalities",,,2ND,,"BARBAZA, ANTIQUE","BAGHARI, BIGA-A, BINANGBANG, CADIAO, CALAPADAN,",ALL LOTS,INTERIOR,RR,Residential - Regular,140.0
raw,"RDO No. 73 - San Jose, Antique is composed of the following Municipalities",,,2ND,,"BARBAZA, ANTIQUE","BAGHARI, BIGA-A, BINANGBANG, CADIAO, CALAPADAN,",ALL LOTS,INTERIOR,A1,Agricultural - A1,32.8
raw,"RDO No. 73 - San Jose, Antique is composed of the following Municipalities",,,2ND,,"BARBAZA, ANTIQUE","BAGHARI, BIGA-A, BINANGBANG, CADIAO, CALAPADAN,",ALL LOTS,INTERIOR,A2,Agricultural - A2,16.3
raw,"RDO No. 73 - San Jose, Antique is composed of the following Municipalities",,,2ND,,"BARBAZA, ANTIQUE","BAGHARI, BIGA-A, BINANGBANG, CADIAO, CALAPADAN,",ALL LOTS,INTERIOR,A3,Agricultural - A3,6.55
raw,"RDO No. 73 - San Jose, Antique is composed of the following Municipalities",,,2ND,,"BARBAZA, ANTIQUE","BAGHARI, BIGA-A, BINANGBANG, CADIAO, CALAPADAN,",ALL LOTS,INTERIOR,A4,Agricultural - A4,9.5
raw,"RDO No. 73 - San Jose, Antique is composed of the following Municipalities",,,2ND,,"BARBAZA, ANTIQUE","BAGHARI, BIGA-A, BINANGBANG, CADIAO, CALAPADAN,",ALL LOTS,INTERIOR,A6,Agricultural - A6,42.55
raw,"RDO No. 73 - San Jose, Antique is composed of the following Municipalities",,,2ND,,"BARBAZA, ANTIQUE","BAGHARI, BIGA-A, BINANGBANG, CADIAO, CALAPADAN,",ALL LOTS,INTERIOR,A8,Agricultural - A8,5.9
raw,"RDO No. 73 - San Jose, Antique is composed of the following Municipalities",,,2ND,,"BARBAZA, ANTIQUE","BAGHARI, BIGA-A, BINANGBANG, CADIAO, CALAPADAN,",ALL LOTS,INTERIOR,A12,Agricultural - A12,8.1
raw,"RDO No. 73 - San Jose, Antique is composed of the following Municipalities",,,2ND,,"BARBAZA, ANTIQUE","BAGHARI, BIGA-A, BINANGBANG, CADIAO, CALAPADAN,",ALL LOTS,INTERIOR,A15,Agricultural - A15,3.1
raw,"RDO No. 73 - San Jose, Antique is composed of the following Municipalities",,,2ND,,"BARBAZA, ANTIQUE","BAGHARI, BIGA-A, BINANGBANG, CADIAO, CALAPADAN,",ALL LOTS,INTERIOR,A16,Agricultural - A16,7.8
raw,"RDO No. 73 - San Jose, Antique is composed of the following Municipalities",,,2ND,,"BARBAZA, ANTIQUE","BAGHARI, BIGA-A, BINANGBANG, CADIAO, CALAPADAN,",ALL LOTS,INTERIOR,A17,Agricultural - A17,18.85
raw,"RDO No. 73 - San Jose, Antique is composed of the following Municipalities",,,2ND,,"BARBAZA, ANTIQUE","BAGHARI, BIGA-A, BINANGBANG, CADIAO, CALAPADAN,",ALL LOTS,INTERIOR,A18,Agricultural - A18,8.2
raw,"RDO No. 73 - San Jose, Antique is composed of the following Municipalities",,,2ND,,"BARBAZA, ANTIQUE","BAGHARI, BIGA-A, BINANGBANG, CADIAO, CALAPADAN,",ALL LOTS,INTERIOR,A23,Agricultural - A23,14.4
raw,"RDO No. 73 - San Jose, Antique is composed of the following Municipalities",,,2ND,,"BARBAZA, ANTIQUE","BAGHARI, BIGA-A, BINANGBANG, CADIAO, CALAPADAN,",ALL LOTS,INTERIOR,A26,Agricultural - A26,5.15
raw,"RDO No. 73 - San Jose, Antique is composed of the following Municipalities",,,2ND,,"BARBAZA, ANTIQUE","BAGHARI, BIGA-A, BINANGBANG, CADIAO, CALAPADAN,",ALL LOTS,INTERIOR,A38,Agricultural - A38,12.4
raw,"RDO No. 73 - San Jose, Antique is composed of the following Municipalities",,,2ND,,"BARBAZA, ANTIQUE","BAGHARI, BIGA-A, BINANGBANG, CADIAO, CALAPADAN,",ALL LOTS,INTERIOR,A42,Agricultural - A42,71.45
raw,"RDO No. 73 - San Jose, Antique is composed of the following Municipalities",,,2ND,,"BARBAZA, ANTIQUE","BAGHARI, BIGA-A, BINANGBANG, CADIAO, CALAPADAN,",ALL LOTS,INTERIOR,A44,Agricultural - A44,4.1
raw,"RDO No. 73 - San Jose, Antique is composed of the following Municipalities",,,2ND,,"BARBAZA, ANTIQUE","BAGHARI, BIGA-A, BINANGBANG, CADIAO, CALAPADAN,",ALL LOTS,INTERIOR,A50,Agricultural - A50,3.0
raw,"RDO No. 73 - San Jose, Antique is composed of the following Municipalities",,,2ND,,"BARBAZA, ANTIQUE","BAHUYAN, BERI, BINANGBANG CENTRO, BINANUA-AN,",ALL LOTS,ALL WEATHER ROADS WITHIN 1KM FR BARANGAY CENTRO,RR,Residential - Regular,280.0
raw,"RDO No. 73 - San Jose, Antique is composed of the following Municipalities",,,2ND,,"BARBAZA, ANTIQUE","BAHUYAN, BERI, BINANGBANG CENTRO, BINANUA-AN,",ALL LOTS,ALL WEATHER ROADS MORE THAN 1KM FR BARANGAY CENTRO,RR,Residential - Regular,200.0
raw,"RDO No. 73 - San Jose, Antique is composed of the following Municipalities",,,2ND,,"BARBAZA, ANTIQUE","BAHUYAN, BERI, BINANGBANG CENTRO, BINANUA-AN,",ALL LOTS,INTERIOR,RR,Residential - Regular,160.0
raw,"RDO No. 73 - San Jose, Antique is composed of the following Municipalities",,,2ND,,"BARBAZA, ANTIQUE","BAHUYAN, BERI, BINANGBANG CENTRO, BINANUA-AN,",ALL LOTS,INTERIOR,A1,Agricultural - A1,33.5
raw,"RDO No. 73 - San Jose, Antique is composed of the following Municipalities",,,2ND,,"BARBAZA, ANTIQUE","BAHUYAN, BERI, BINANGBANG CENTRO, BINANUA-AN,",ALL LOTS,INTERIOR,A2,Agricultural - A2,17.35
raw,"RDO No. 73 - San Jose, Antique is composed of the following Municipalities",,,2ND,,"BARBAZA, ANTIQUE","BAHUYAN, BERI, BINANGBANG CENTRO, BINANUA-AN,",ALL LOTS,INTERIOR,A3,Agricultural - A3,7.45
raw,"RDO No. 73 - San Jose, Antique is composed of the following Municipalities",,,2ND,,"BARBAZA, ANTIQUE","BAHUYAN, BERI, BINANGBANG CENTRO, BINANUA-AN,",ALL LOTS,INTERIOR,A4,Agricultural - A4,9.5
raw,"RDO No. 73 - San Jose, Antique is composed of the following Municipalities",,,2ND,,"BARBAZA, ANTIQUE","BAHUYAN, BERI, BINANGBANG CENTRO, BINANUA-AN,",ALL LOTS,INTERIOR,A6,Agricultural - A6,42.55
raw,"RDO No. 73 - San Jose, Antique is composed of the following Municipalities",,,2ND,,"BARBAZA, ANTIQUE","BAHUYAN, BERI, BINANGBANG CENTRO, BINANUA-AN,",ALL LOTS,INTERIOR,A8,Agricultural - A8,5.9
raw,"RDO No. 73 - San Jose, Antique is composed of the following Municipalities",,,2ND,,"BARBAZA, ANTIQUE","BAHUYAN, BERI, BINANGBANG CENTRO, BINANUA-AN,",ALL LOTS,INTERIOR,A12,Agricultural - A12,6.85
raw,"RDO No. 73 - San Jose, Antique is composed of the following Municipalities",,,2ND,,"BARBAZA, ANTIQUE","BAHUYAN, BERI, BINANGBANG CENTRO, BINANUA-AN,",ALL LOTS,INTERIOR,A15,Agricultural - A15,4.75
raw,"RDO No. 73 - San Jose, Antique is composed of the following Municipalities",,,2ND,,"BARBAZA, ANTIQUE","BAHUYAN, BERI, BINANGBANG CENTRO, BINANUA-AN,",ALL LOTS,INTERIOR,A16,Agricultural - A16,8.45
raw,"RDO No. 73 - San Jose, Antique is composed of the following Municipalities",,,2ND,,"BARBAZA, ANTIQUE","BAHUYAN, BERI, BINANGBANG CENTRO, BINANUA-AN,",ALL LOTS,INTERIOR,A17,Agricultural - A17,20.35
raw,"RDO No. 73 - San Jose, Antique is composed of the following Municipalities",,,2ND,,"BARBAZA, ANTIQUE","BAHUYAN, BERI, BINANGBANG CENTRO, BINANUA-AN,",ALL LOTS,INTERIOR,A18,Agricultural - A18,8.2
raw,"RDO No. 73 - San Jose, Antique is composed of the following Municipalities",,,2ND,,"BARBAZA, ANTIQUE","BAHUYAN, BERI, BINANGBANG CENTRO, BINANUA-AN,",ALL LOTS,INTERIOR,A23,Agricultural - A23,14.4
raw,"RDO No. 73 - San Jose, Antique is composed of the following Municipalities",,,2ND,,"BARBAZA, ANTIQUE","BAHUYAN, BERI, BINANGBANG CENTRO, BINANUA-AN,",ALL LOTS,INTERIOR,A26,Agricultural - A26,5.85
raw,"RDO No. 73 - San Jose, Antique is composed of the following Municipalities",,,2ND,,"BARBAZA, ANTIQUE","BAHUYAN, BERI, BINANGBANG CENTRO, BINANUA-AN,",ALL LOTS,INTERIOR,A38,Agricultural - A38,12.4
raw,"RDO No. 73 - San Jose, Antique is composed of the following Municipalities",,,2ND,,"BARBAZA, ANTIQUE","BAHUYAN, BERI, BINANGBANG CENTRO, BINANUA-AN,",ALL LOTS,INTERIOR,A42,Agricultural - A42,71.45
raw,"RDO No. 73 - San Jose, Antique is composed of the following Municipalities",,,2ND,,"BARBAZA, ANTIQUE","BAHUYAN, BERI, BINANGBANG CENTRO, BINANUA-AN,",ALL LOTS,INTERIOR,A44,Agricultural - A44,4.1
raw,"RDO No. 73 - San Jose, Antique is composed of the following Municipalities",,,2ND,,"BARBAZA, ANTIQUE","BAHUYAN, BERI, BINANGBANG CENTRO, BINANUA-AN,",ALL LOTS,INTERIOR,A50,Agricultural - A50,4.0
raw,"RDO No. 73 - San Jose, Antique is composed of the following Municipalities",,,,,"BARBAZA, ANTIQUE",POBLACION,ALL OTHER STREETS,ALL WEATHER ROADS(W/IN 1KM FR POB),RR,Residential - Regular,235.0
raw,"RDO No. 73 - San Jose, Antique is composed of the following Municipalities",,,,,"BARBAZA, ANTIQUE",POBLACION,ALL OTHER STREETS,ALL WEATHER ROADS (MORE THAN 1KM FR POB),RR,Residential - Regular,170.0
raw,"RDO No. 73 - San Jose, Antique is composed of the following Municipalities",,,,,"BARBAZA, ANTIQUE",POBLACION,ALL OTHER STREETS,INTERIOR,RR,Residential - Regular,140.0
raw,"RDO No. 73 - San Jose, Antique is composed of the following Municipalities",,,,,"BARBAZA, ANTIQUE",POBLACION,ALL OTHER STREETS,INTERIOR,A1,Agricultural - A1,22.0
raw,"RDO No. 73 - San Jose, Antique is composed of the following Municipalities",,,,,"BARBAZA, ANTIQUE",POBLACION,ALL OTHER STREETS,INTERIOR,A2,Agricultural - A2,9.75
raw,"RDO No. 73 - San Jose, Antique is composed of the following Municipalities",,,,,"BARBAZA, ANTIQUE",POBLACION,ALL OTHER STREETS,INTERIOR,A3,Agricultural - A3,4.3
raw,"RDO No. 73 - San Jose, Antique is composed of the following Municipalities",,,,,"BARBAZA, ANTIQUE",POBLACION,ALL OTHER STREETS,INTERIOR,A4,Agricultural - A4,4.9
raw,"RDO No. 73 - San Jose, Antique is composed of the following Municipalities",,,,,"BARBAZA, ANTIQUE",POBLACION,ALL OTHER STREETS,INTERIOR,A6,Agricultural - A6,24.25
raw,"RDO No. 73 - San Jose, Antique is composed of the following Municipalities",,,,,"BARBAZA, ANTIQUE",POBLACION,ALL OTHER STREETS,INTERIOR,A8,Agricultural - A8,3.0
raw,"RDO No. 73 - San Jose, Antique is composed of the following Municipalities",,,,,"BARBAZA, ANTIQUE",POBLACION,ALL OTHER STREETS,INTERIOR,A12,Agricultural - A12,4.15
raw,"RDO No. 73 - San Jose, Antique is composed of the following Municipalities",,,,,"BARBAZA, ANTIQUE",POBLACION,ALL OTHER STREETS,INTERIOR,A15,Agricultural - A15,2.0
raw,"RDO No. 73 - San Jose, Antique is composed of the following Municipalities",,,,,"BARBAZA, ANTIQUE",POBLACION,ALL OTHER STREETS,INTERIOR,A16,Agricultural - A16,4.65
raw,"RDO No. 73 - San Jose, Antique is composed of the following Municipalities",,,,,"BARBAZA, ANTIQUE",POBLACION,ALL OTHER STREETS,INTERIOR,A17,Agricultural - A17,10.4
raw,"RDO No. 73 - San Jose, Antique is composed of the following Municipalities",,,,,"BARBAZA, ANTIQUE",POBLACION,ALL OTHER STREETS,INTERIOR,A18,Agricultural - A18,3.65
raw,"RDO No. 73 - San Jose, Antique is composed of the following Municipalities",,,,,"BARBAZA, ANTIQUE",POBLACION,ALL OTHER STREETS,INTERIOR,A23,Agricultural - A23,5.4
raw,"RDO No. 73 - San Jose, Antique is composed of the following Municipalities",,,,,"BARBAZA, ANTIQUE",POBLACION,ALL OTHER STREETS,INTERIOR,A26,Agricultural - A26,3.0
raw,"RDO No. 73 - San Jose, Antique is composed of the following Municipalities",,,,,"BARBAZA, ANTIQUE",POBLACION,ALL OTHER STREETS,INTERIOR,A38,Agricultural - A38,5.5
raw,"RDO No. 73 - San Jose, Antique is composed of the following Municipalities",,,,,"BARBAZA, ANTIQUE",POBLACION,ALL OTHER STREETS,INTERIOR,A42,Agricultural - A42,31.75
raw,"RDO No. 73 - San Jose, Antique is composed of the following Municipalities",,,,,"BARBAZA, ANTIQUE",POBLACION,ALL OTHER STREETS,INTERIOR,A44,Agricultural - A44,2.6
raw,"RDO No. 73 - San Jose, Antique is composed of the following Municipalities",,,2ND,,"BARBAZA, ANTIQUE",POBLACION,ALL OTHER STS.,ALL WEATHER ROADS WITHIN 1KM OUTSIDE POB CENTRO,RR,Residential - Regular,325.0
raw,"RDO No. 73 - San Jose, Antique is composed of the following Municipalities",,,2ND,,"BARBAZA, ANTIQUE",POBLACION,ALL OTHER STS.,ALL WEATHER ROADS WITHIN 1KM OUTSIDE POB CENTRO,CR,Commercial - Regular,350.0
raw,"RDO No. 73 - San Jose, Antique is composed of the following Municipalities",,,2ND,,"BARBAZA, ANTIQUE",POBLACION,ALL OTHER STS.,ALL WEATHER RDS MORE THAN 1KM OUTSIDE POB CENTRO,RR,Residential - Regular,235.0
raw,"RDO No. 73 - San Jose, Antique is composed of the following Municipalities",,,2ND,,"BARBAZA, ANTIQUE",POBLACION,ALL OTHER STS.,INTERIOR,RR,Residential - Regular,180.0
raw,"RDO No. 73 - San Jose, Antique is composed of the following Municipalities",,,2ND,,"BARBAZA, ANTIQUE",POBLACION,ALL OTHER STS.,INTERIOR,A1,Agricultural - A1,33.5
raw,"RDO No. 73 - San Jose, Antique is composed of the following Municipalities",,,2ND,,"BARBAZA, ANTIQUE",POBLACION,ALL OTHER STS.,INTERIOR,A2,Agricultural - A2,17.35
raw,"RDO No. 73 - San Jose, Antique is composed of the following Municipalities",,,2ND,,"BARBAZA, ANTIQUE",POBLACION,ALL OTHER STS.,INTERIOR,A3,Agricultural - A3,7.45
raw,"RDO No. 73 - San Jose, Antique is composed of the following Municipalities",,,2ND,,"BARBAZA, ANTIQUE",POBLACION,ALL OTHER STS.,INTERIOR,A4,Agricultural - A4,10.65
raw,"RDO No. 73 - San Jose, Antique is composed of the following Municipalities",,,2ND,,"BARBAZA, ANTIQUE",POBLACION,ALL OTHER STS.,INTERIOR,A6,Agricultural - A6,42.55
raw,"RDO No. 73 - San Jose, Antique is composed of the following Municipalities",,,2ND,,"BARBAZA, ANTIQUE",POBLACION,ALL OTHER STS.,INTERIOR,A8,Agricultural - A8,5.9
raw,"RDO No. 73 - San Jose, Antique is composed of the following Municipalities",,,2ND,,"BARBAZA, ANTIQUE",POBLACION,ALL OTHER STS.,INTERIOR,A12,Agricultural - A12,6.85
raw,"RDO No. 73 - San Jose, Antique is composed of the following Municipalities",,,2ND,,"BARBAZA, ANTIQUE",POBLACION,ALL OTHER STS.,INTERIOR,A15,Agricultural - A15,4.75
raw,"RDO No. 73 - San Jose, Antique is composed of the following Municipalities",,,2ND,,"BARBAZA, ANTIQUE",POBLACION,ALL OTHER STS.,INTERIOR,A16,Agricultural - A16,8.45
raw,"RDO No. 73 - San Jose, Antique is composed of the following Municipalities",,,2ND,,"BARBAZA, ANTIQUE",POBLACION,ALL OTHER STS.,INTERIOR,A17,Agricultural - A17,20.35
raw,"RDO No. 73 - San Jose, Antique is composed of the following Municipalities",,,2ND,,"BARBAZA, ANTIQUE",POBLACION,ALL OTHER STS.,INTERIOR,A18,Agricultural - A18,8.2
raw,"RDO No. 73 - San Jose, Antique is composed of the following Municipalities",,,2ND,,"BARBAZA, ANTIQUE",POBLACION,ALL OTHER STS.,INTERIOR,A23,Agricultural - A23,14.4
raw,"RDO No. 73 - San Jose, Antique is composed of the following Municipalities",,,2ND,,"BARBAZA, ANTIQUE",POBLACION,ALL OTHER STS.,INTERIOR,A26,Agricultural - A26,5.85
raw,"RDO No. 73 - San Jose, Antique is composed of the following Municipalities",,,2ND,,"BARBAZA, ANTIQUE",POBLACION,ALL OTHER STS.,INTERIOR,A38,Agricultural - A38,12.4
raw,"RDO No. 73 - San Jose, Antique is composed of the following Municipalities",,,2ND,,"BARBAZA, ANTIQUE",POBLACION,ALL OTHER STS.,INTERIOR,A42,Agricultural - A42,71.45
raw,"RDO No. 73 - San Jose, Antique is composed of the following Municipalities",,,2ND,,"BARBAZA, ANTIQUE",POBLACION,ALL OTHER STS.,INTERIOR,A44,Agricultural - A44,4.15
raw,"RDO No. 73 - San Jose, Antique is composed of the following Municipalities",,,2ND,,"BARBAZA, ANTIQUE",POBLACION,ALL OTHER STS.,INTERIOR,A50,Agricultural - A50,4.0
raw,"RDO No. 73 - San Jose, Antique is composed of the following Municipalities",,,,,"BARBAZA, ANTIQUE",POBLACION,BARRIENTOS ST,ESPERANZA ST-MAGHARI ST,RR,Residential - Regular,330.0
raw,"RDO No. 73 - San Jose, Antique is composed of the following Municipalities",,,2ND,,"BARBAZA, ANTIQUE",POBLACION,BARRIENTOS ST.,ESPARAGOZA ST. - MAGHARI ST.,RR,Residential - Regular,525.0
raw,"RDO No. 73 - San Jose, Antique is composed of the following Municipalities",,,2ND,,"BARBAZA, ANTIQUE",POBLACION,BARRIENTOS ST.,ESPARAGOZA ST. - MAGHARI ST.,CR,Commercial - Regular,700.0
raw,"RDO No. 73 - San Jose, Antique is composed of the following Municipalities",,,,,"BARBAZA, ANTIQUE",POBLACION,ESPARAGOZA ST,INOCENTES ST-GINDAP ST,RR,Residential - Regular,280.0
raw,"RDO No. 73 - San Jose, Antique is composed of the following Municipalities",,,2ND,,"BARBAZA, ANTIQUE",POBLACION,ESPARAGOZA ST.,INOCENTES ST.-GINDAP ST.,RR,Residential - Regular,470.0
raw,"RDO No. 73 - San Jose, Antique is composed of the following Municipalities",,,2ND,,"BARBAZA, ANTIQUE",POBLACION,ESPARAGOZA ST.,INOCENTES ST.-GINDAP ST.,CR,Commercial - Regular,700.0
raw,"RDO No. 73 - San Jose, Antique is composed of the following Municipalities",,,,,"BARBAZA, ANTIQUE",POBLACION,INOCENTES ST,SEASHORE - GINDAP ST,RR,Residential - Regular,280.0
raw,"RDO No. 73 - San Jose, Antique is composed of the following Municipalities",,,2ND,,"BARBAZA, ANTIQUE",POBLACION,INOCENTES ST.,SEASHORE-GINDAP ST.,RR,Residential - Regular,395.0
raw,"RDO No. 73 - San Jose, Antique is composed of the following Municipalities",,,2ND,,"BARBAZA, ANTIQUE",POBLACION,INOCENTES ST.,SEASHORE-GINDAP ST.,CR,Commercial - Regular,700.0
raw,"RDO No. 73 - San Jose, Antique is composed of the following Municipalities",,,,,"BARBAZA, ANTIQUE",POBLACION,MAGHARI ST,BARRIENTOS ST-GINDAP ST,RR,Residential - Regular,320.0
raw,"RDO No. 73 - San Jose, Antique is composed of the following Municipalities",,,2ND,,"BARBAZA, ANTIQUE",POBLACION,MAGHARI ST.,BARRIENTOS ST.-GINDAP ST.,RR,Residential - Regular,495.0
raw,"RDO No. 73 - San Jose, Antique is composed of the following Municipalities",,,2ND,,"BARBAZA, ANTIQUE",POBLACION,MAGHARI ST.,BARRIENTOS ST.-GINDAP ST.,CR,Commercial - Regular,700.0
raw,"RDO No. 73 - San Jose, Antique is composed of the following Municipalities",,,,,"BARBAZA, ANTIQUE",POBLACION,MARQUEZ ST,ESPERANZA ST-MAGHARI ST,RR,Residential - Regular,330.0
raw,"RDO No. 73 - San Jose, Antique is composed of the following Municipalities",,,,,"BARBAZA, ANTIQUE",POBLACION,MARQUEZ ST,MAGHARI ST - ALLAN ST,RR,Residential - Regular,325.0
raw,"RDO No. 73 - San Jose, Antique is composed of the following Municipalities",,,2ND,,"BARBAZA, ANTIQUE",POBLACION,MARQUEZ ST.,ESPARAGOZA ST. - MAGHARI ST.,RR,Residential - Regular,525.0
raw,"RDO No. 73 - San Jose, Antique is composed of the following Municipalities",,,2ND,,"BARBAZA, ANTIQUE",POBLACION,MARQUEZ ST.,ESPARAGOZA ST. - MAGHARI ST.,CR,Commercial - Regular,740.0
raw,"RDO No. 73 - San Jose, Antique is composed of the following Municipalities",,,2ND,,"BARBAZA, ANTIQUE",POBLACION,MARQUEZ ST.,MAGHARI ST. -ALLAN ST.,RR,Residential - Regular,500.0
raw,"RDO No. 73 - San Jose, Antique is composed of the following Municipalities",,,2ND,,"BARBAZA, ANTIQUE",POBLACION,MARQUEZ ST.,MAGHARI ST. -ALLAN ST.,CR,Commercial - Regular,720.0
raw,"RDO No. 73 - San Jose, Antique is composed of the following Municipalities",,,,,"BARBAZA, ANTIQUE",POBLACION,PICCIO ST,ESPERANZA ST-MAGHARI ST,RR,Residential - Regular,330.0
raw,"RDO No. 73 - San Jose, Antique is composed of the following Municipalities",,,2ND,,"BARBAZA, ANTIQUE",POBLACION,PICCIO ST.,ESPARAGOZA ST. - REAL ST.,CR,Commercial - Regular,700.0
raw,"RDO No. 73 - San Jose, Antique is composed of the following Municipalities",,,2ND,,"BARBAZA, ANTIQUE",POBLACION,PICCIO ST.,ESPARAGOZA ST. - REAL ST.,RR,Residential - Regular,525.0
raw,"RDO No. 73 - San Jose, Antique is composed of the following Municipalities",,,,,"BARBAZA, ANTIQUE",POBLACION,YBERA ST,ESPERANZA ST - REAL ST,CR,Commercial - Regular,530.0
raw,"RDO No. 73 - San Jose, Antique is composed of the following Municipalities",,,2ND,,"BARBAZA, ANTIQUE",POBLACION,YBERA ST.,ESPARAGOZA ST. - REAL ST.,RR,Residential - Regular,475.0
raw,"RDO No. 73 - San Jose, Antique is composed of the following Municipalities",,,2ND,,"BARBAZA, ANTIQUE",POBLACION,YBERA ST.,ESPARAGOZA ST. - REAL ST.,CR,Commercial - Regular,805.0
raw,"RDO No. 73 - San Jose, Antique is composed of the following Municipalities",,,,,"BARBAZA, ANTIQUE",POBLACION,YONGQUE ST,YBERA ST - BARRIENTOS ST,RR,Residential - Regular,330.0
raw,"RDO No. 73 - San Jose, Antique is composed of the following Municipalities",,,2ND,,"BARBAZA, ANTIQUE",POBLACION,YONGQUE ST.,YBERA ST.-BARRIENTOS ST.,RR,Residential - Regular,525.0
raw,"RDO No. 73 - San Jose, Antique is composed of the following Municipalities",,,2ND,,"BARBAZA, ANTIQUE",POBLACION,YONGQUE ST.,YBERA ST.-BARRIENTOS ST.,CR,Commercial - Regular,705.0
raw,"RDO No. 73 - San Jose, Antique is composed of the following Municipalities",,,,,BELISON,POBLACION,AGUINALDO ST,HERNANDEZ ST-NATIONAL RD,RR,Residential - Regular,265.0
raw,"RDO No. 73 - San Jose, Antique is composed of the following Municipalities",,,,,BELISON,POBLACION,ALL OTHER STREETS,ALL WEATHER ROADS(W/IN 1KM FR POB),RR,Residential - Regular,150.0
raw,"RDO No. 73 - San Jose, Antique is composed of the following Municipalities",,,,,BELISON,POBLACION,ALL OTHER STREETS,ALL WEATHER ROADS (MORE THAN 1KM FR POB),RR,Residential - Regular,90.0
raw,"RDO No. 73 - San Jose, Antique is composed of the following Municipalities",,,,,BELISON,POBLACION,ALL OTHER STREETS,INTERIOR,RR,Residential - Regular,55.0
raw,"RDO No. 73 - San Jose, Antique is composed of the following Municipalities",,,,,BELISON,POBLACION,ALL OTHER STREETS,INTERIOR,A,Agricultural,12.0
raw,"RDO No. 73 - San Jose, Antique is composed of the following Municipalities",,,,,BELISON,POBLACION,ALL OTHER STREETS,INTERIOR,A1,Agricultural - A1,7.0
raw,"RDO No. 73 - San Jose, Antique is composed of the following Municipalities",,,,,BELISON,POBLACION,ALL OTHER STREETS,INTERIOR,A2,Agricultural - A2,3.0
raw,"RDO No. 73 - San Jose, Antique is composed of the following Municipalities",,,,,BELISON,POBLACION,ALL OTHER STREETS,INTERIOR,A3,Agricultural - A3,4.0
raw,"RDO No. 73 - San Jose, Antique is composed of the following Municipalities",,,,,BELISON,POBLACION,ALL OTHER STREETS,INTERIOR,A4,Agricultural - A4,4.0
raw,"RDO No. 73 - San Jose, Antique is composed of the following Municipalities",,,,,BELISON,POBLACION,ALL OTHER STREETS,INTERIOR,A5,Agricultural - A5,10.0
raw,"RDO No. 73 - San Jose, Antique is composed of the following Municipalities",,,,,BELISON,POBLACION,ALL OTHER STREETS,INTERIOR,A6,Agricultural - A6,3.0
raw,"RDO No. 73 - San Jose, Antique is composed of the following Municipalities",,,,,BELISON,POBLACION,ALL OTHER STREETS,INTERIOR,A7,Agricultural - A7,2.0
raw,"RDO No. 73 - San Jose, Antique is composed of the following Municipalities",,,,,BELISON,POBLACION,ALL OTHER STREETS,INTERIOR,A8,Agricultural - A8,19.0
raw,"RDO No. 73 - San Jose, Antique is composed of the following Municipalities",,,,,BELISON,POBLACION,ALL OTHER STREETS,INTERIOR,A9,Agricultural - A9,25.0
raw,"RDO No. 73 - San Jose, Antique is composed of the following Municipalities",,,,,BELISON,POBLACION,ALL OTHER STREETS,INTERIOR,A10,Agricultural - A10,2.0
raw,"RDO No. 73 - San Jose, Antique is composed of the following Municipalities",,,,,BELISON,POBLACION,ALL OTHER STREETS,INTERIOR,A11,Agricultural - A11,4.0
raw,"RDO No. 73 - San Jose, Antique is composed of the following Municipalities",,,,,BELISON,POBLACION,ALL OTHER STREETS,INTERIOR,A12,Agricultural - A12,1.0
raw,"RDO No. 73 - San Jose, Antique is composed of the following Municipalities",,,,,BELISON,POBLACION,ALL OTHER STREETS,INTERIOR,A13,Agricultural - A13,3.0
raw,"RDO No. 73 - San Jose, Antique is composed of the following Municipalities",,,,,BELISON,POBLACION,ALL OTHER STREETS,INTERIOR,A14,Agricultural - A14,2.0
raw,"RDO No. 73 - San Jose, Antique is composed of the following Municipalities",,,,,BELISON,POBLACION,ALL OTHER STREETS,INTERIOR,A15,Agricultural - A15,4.0
raw,"RDO No. 73 - San Jose, Antique is composed of the following Municipalities",,,,,BELISON,POBLACION,ALVANIZ ST,NATIONAL RD-BAJALAN ST,CR,Commercial - Regular,350.0
raw,"RDO No. 73 - San Jose, Antique is composed of the following Municipalities",,,,,BELISON,POBLACION,BAJALAN ST,HERNANDEZ ST-PLACER ST,RR,Residential - Regular,265.0
raw,"RDO No. 73 - San Jose, Antique is composed of the following Municipalities",,,,,BELISON,POBLACION,BONIFACIO ST,MAGSAYSAY ST - BUHI ST,RR,Residential - Regular,205.0
raw,"RDO No. 73 - San Jose, Antique is composed of the following Municipalities",,,,,BELISON,POBLACION,BUHI ST,BONIFACIO ST-REGIMIENTO,RR,Residential - Regular,150.0
raw,"RDO No. 73 - San Jose, Antique is composed of the following Municipalities",,,,,BELISON,POBLACION,CANDELARIA ST,NATIONAL RD - INFANTE ST,RR,Residential - Regular,265.0
raw,"RDO No. 73 - San Jose, Antique is composed of the following Municipalities",,,,,BELISON,POBLACION,ESQUIERDO ST,RIZAL ST - BUHI ST,RR,Residential - Regular,150.0
raw,"RDO No. 73 - San Jose, Antique is composed of the following Municipalities",,,,,BELISON,POBLACION,INFANTE ST,CANDELARIA ST-RIZAL ST,RR,Residential - Regular,265.0
raw,"RDO No. 73 - San Jose, Antique is composed of the following Municipalities",,,,,BELISON,POBLACION,PLACER ST,NATIONAL RD-BAJALAN ST,CR,Commercial - Regular,350.0
raw,"RDO No. 73 - San Jose, Antique is composed of the following Municipalities",,,,,BELISON,POBLACION,REGIMIENTO ST,HERNANDEZ ST-PLACER ST,RR,Residential - Regular,265.0
raw,"RDO No. 73 - San Jose, Antique is composed of the following Municipalities",,,,,BELISON,POBLACION,REVOLUTIONARIO ST,NATIONAL RD - PLACER ST,RR,Residential - Regular,265.0
raw,"RDO No. 73 - San Jose, Antique is composed of the following Municipalities",,,,,BELISON,POBLACION,RIZAL ST,NATIONAL RD-INFANTE ST,RR,Residential - Regular,265.0
raw,"RDO No. 73 - San Jose, Antique is composed of the following Municipalities",,,2ND,,"BELISON, ANIQUE",POBLACION,AGUINALDO ST,HERNANDEZ ST-NATIONAL RD,RR,Residential - Regular,610.0
raw,"RDO No. 73 - San Jose, Antique is composed of the following Municipalities",,,2ND,,"BELISON, ANIQUE",POBLACION,AGUINALDO ST,HERNANDEZ ST-NATIONAL RD,CR,Commercial - Regular,700.0
raw,"RDO No. 73 - San Jose, Antique is composed of the following Municipalities",,,2ND,,"BELISON, ANIQUE",POBLACION,ALL OTHER STREETS,WITHIN POBLACION,RR,Residential - Regular,345.0
raw,"RDO No. 73 - San Jose, Antique is composed of the following Municipalities",,,2ND,,"BELISON, ANIQUE",POBLACION,ALL OTHER STREETS,WITHIN POBLACION,CR,Commercial - Regular,350.0
raw,"RDO No. 73 - San Jose, Antique is composed of the following Municipalities",,,2ND,,"BELISON, ANIQUE",POBLACION,ALL OTHER STREETS,ALL WEATHER RDS WITHIN 1KM OUTSIDE POB CENTRO,RR,Residential - Regular,215.0
raw,"RDO No. 73 - San Jose, Antique is composed of the following Municipalities",,,2ND,,"BELISON, ANIQUE",POBLACION,ALL OTHER STREETS,ALL WEATHER ROADS MORE THAN 1KM OUTSIDE POB CENTRO,RR,Residential - Regular,195.0
raw,"RDO No. 73 - San Jose, Antique is composed of the following Municipalities",,,2ND,,"BELISON, ANIQUE",POBLACION,ALL OTHER STREETS,INTERIOR,RR,Residential - Regular,150.0
raw,"RDO No. 73 - San Jose, Antique is composed of the following Municipalities",,,2ND,,"BELISON, ANIQUE",POBLACION,ALL OTHER STREETS,INTERIOR,A1,Agricultural - A1,28.0
raw,"RDO No. 73 - San Jose, Antique is composed of the following Municipalities",,,2ND,,"BELISON, ANIQUE",POBLACION,ALL OTHER STREETS,INTERIOR,A2,Agricultural - A2,16.8
raw,"RDO No. 73 - San Jose, Antique is composed of the following Municipalities",,,2ND,,"BELISON, ANIQUE",POBLACION,ALL OTHER STREETS,INTERIOR,A3,Agricultural - A3,8.4
raw,"RDO No. 73 - San Jose, Antique is composed of the following Municipalities",,,2ND,,"BELISON, ANIQUE",POBLACION,ALL OTHER STREETS,INTERIOR,A4,Agricultural - A4,10.15
raw,"RDO No. 73 - San Jose, Antique is composed of the following Municipalities",,,2ND,,"BELISON, ANIQUE",POBLACION,ALL OTHER STREETS,INTERIOR,A6,Agricultural - A6,43.55
raw,"RDO No. 73 - San Jose, Antique is composed of the following Municipalities",,,2ND,,"BELISON, ANIQUE",POBLACION,ALL OTHER STREETS,INTERIOR,A8,Agricultural - A8,5.9
raw,"RDO No. 73 - San Jose, Antique is composed of the following Municipalities",,,2ND,,"BELISON, ANIQUE",POBLACION,ALL OTHER STREETS,INTERIOR,A12,Agricultural - A12,6.95
raw,"RDO No. 73 - San Jose, Antique is composed of the following Municipalities",,,2ND,,"BELISON, ANIQUE",POBLACION,ALL OTHER STREETS,INTERIOR,A15,Agricultural - A15,4.75
raw,"RDO No. 73 - San Jose, Antique is composed of the following Municipalities",,,2ND,,"BELISON, ANIQUE",POBLACION,ALL OTHER STREETS,INTERIOR,A16,Agricultural - A16,9.3
raw,"RDO No. 73 - San Jose, Antique is composed of the following Municipalities",,,2ND,,"BELISON, ANIQUE",POBLACION,ALL OTHER STREETS,INTERIOR,A17,Agricultural - A17,23.45
raw,"RDO No. 73 - San Jose, Antique is composed of the following Municipalities",,,2ND,,"BELISON, ANIQUE",POBLACION,ALL OTHER STREETS,INTERIOR,A18,Agricultural - A18,9.55
raw,"RDO No. 73 - San Jose, Antique is composed of the following Municipalities",,,2ND,,"BELISON, ANIQUE",POBLACION,ALL OTHER STREETS,INTERIOR,A23,Agricultural - A23,12.4
raw,"RDO No. 73 - San Jose, Antique is composed of the following Municipalities",,,2ND,,"BELISON, ANIQUE",POBLACION,ALL OTHER STREETS,INTERIOR,A26,Agricultural - A26,4.7
raw,"RDO No. 73 - San Jose, Antique is composed of the following Municipalities",,,2ND,,"BELISON, ANIQUE",POBLACION,ALL OTHER STREETS,INTERIOR,A38,Agricultural - A38,12.4
raw,"RDO No. 73 - San Jose, Antique is composed of the following Municipalities",,,2ND,,"BELISON, ANIQUE",POBLACION,ALL OTHER STREETS,INTERIOR,A42,Agricultural - A42,71.45
raw,"RDO No. 73 - San Jose, Antique is composed of the following Municipalities",,,2ND,,"BELISON, ANIQUE",POBLACION,ALL OTHER STREETS,INTERIOR,A44,Agricultural - A44,4.5
raw,"RDO No. 73 - San Jose, Antique is composed of the following Municipalities",,,2ND,,"BELISON, ANIQUE",POBLACION,ALL OTHER STREETS,INTERIOR,A50,Agricultural - A50,4.0
raw,"RDO No. 73 - San Jose, Antique is composed of the following Municipalities",,,2ND,,"BELISON, ANIQUE",POBLACION,ALVANIZ ST,NATIONAL RD-BAJALAN ST,CR,Commercial - Regular,900.0
raw,"RDO No. 73 - San Jose, Antique is composed of the following Municipalities",,,2ND,,"BELISON, ANIQUE",POBLACION,ALVANIZ ST,NATIONAL RD-BAJALAN ST,RR,Residential - Regular,500.0
raw,"RDO No. 73 - San Jose, Antique is composed of the following Municipalities",,,2ND,,"BELISON, ANIQUE",POBLACION,BAJALAN ST,HERNANDEZ ST-PLACER ST,CR,Commercial - Regular,700.0
raw,"RDO No. 73 - San Jose, Antique is composed of the following Municipalities",,,2ND,,"BELISON, ANIQUE",POBLACION,BAJALAN ST,HERNANDEZ ST-PLACER ST,RR,Residential - Regular,610.0
raw,"RDO No. 73 - San Jose, Antique is composed of the following Municipalities",,,2ND,,"BELISON, ANIQUE",POBLACION,BONIFACIO ST,MAGSAYSAY ST- BUHI ST,RR,Residential - Regular,490.0
raw,"RDO No. 73 - San Jose, Antique is composed of the following Municipalities",,,2ND,,"BELISON, ANIQUE",POBLACION,BONIFACIO ST,MAGSAYSAY ST- BUHI ST,CR,Commercial - Regular,700.0
raw,"RDO No. 73 - San Jose, Antique is composed of the following Municipalities",,,2ND,,"BELISON, ANIQUE",POBLACION,BUHI ST,BONIFACIO ST-REGGIMIENTO,RR,Residential - Regular,395.0
raw,"RDO No. 73 - San Jose, Antique is composed of the following Municipalities",,,2ND,,"BELISON, ANIQUE",POBLACION,BUHI ST,BONIFACIO ST-REGGIMIENTO,CR,Commercial - Regular,700.0
raw,"RDO No. 73 - San Jose, Antique is composed of the following Municipalities",,,2ND,,"BELISON, ANIQUE",POBLACION,CANDELARIA ST,NATIONAL RD-INFANTE ST,RR,Residential - Regular,610.0
raw,"RDO No. 73 - San Jose, Antique is composed of the following Municipalities",,,2ND,,"BELISON, ANIQUE",POBLACION,CANDELARIA ST,NATIONAL RD-INFANTE ST,CR,Commercial - Regular,700.0
raw,"RDO No. 73 - San Jose, Antique is composed of the following Municipalities",,,2ND,,"BELISON, ANIQUE",POBLACION,ESQUIERDO ST,RIZAL ST - BUHI ST,RR,Residential - Regular,395.0
raw,"RDO No. 73 - San Jose, Antique is composed of the following Municipalities",,,2ND,,"BELISON, ANIQUE",POBLACION,ESQUIERDO ST,RIZAL ST - BUHI ST,CR,Commercial - Regular,700.0
raw,"RDO No. 73 - San Jose, Antique is composed of the following Municipalities",,,2ND,,"BELISON, ANIQUE",POBLACION,INFANTE ST,CANDELARIA ST - RIZAL ST,RR,Residential - Regular,610.0
raw,"RDO No. 73 - San Jose, Antique is composed of the following Municipalities",,,2ND,,"BELISON, ANIQUE",POBLACION,INFANTE ST,CANDELARIA ST - RIZAL ST,CR,Commercial - Regular,700.0
raw,"RDO No. 73 - San Jose, Antique is composed of the following Municipalities",,,2ND,,"BELISON, ANIQUE",POBLACION,PLACER ST,NATIONAL RD- BAJALAN ST,CR,Commercial - Regular,900.0
raw,"RDO No. 73 - San Jose, Antique is composed of the following Municipalities",,,2ND,,"BELISON, ANIQUE",POBLACION,PLACER ST,NATIONAL RD- BAJALAN ST,RR,Residential - Regular,500.0
raw,"RDO No. 73 - San Jose, Antique is composed of the following Municipalities",,,2ND,,"BELISON, ANIQUE",POBLACION,REGIMIENTO ST,HERNANDEZ ST - PLACER ST,RR,Residential - Regular,610.0
raw,"RDO No. 73 - San Jose, Antique is composed of the following Municipalities",,,2ND,,"BELISON, ANIQUE",POBLACION,REGIMIENTO ST,HERNANDEZ ST - PLACER ST,CR,Commercial - Regular,700.0
raw,"RDO No. 73 - San Jose, Antique is composed of the following Municipalities",,,2ND,,"BELISON, ANIQUE",POBLACION,REVOLUTIONARIO ST,NATIONAL RD - PLACER ST,RR,Residential - Regular,610.0
raw,"RDO No. 73 - San Jose, Antique is composed of the following Municipalities",,,2ND,,"BELISON, ANIQUE",POBLACION,REVOLUTIONARIO ST,NATIONAL RD - PLACER ST,CR,Commercial - Regular,700.0
raw,"RDO No. 73 - San Jose, Antique is composed of the following Municipalities",,,2ND,,"BELISON, ANIQUE",POBLACION,RIZAL ST,NATIONAL RD - INFANTE ST,RR,Residential - Regular,610.0
raw,"RDO No. 73 - San Jose, Antique is composed of the following Municipalities",,,2ND,,"BELISON, ANIQUE",POBLACION,RIZAL ST,NATIONAL RD - INFANTE ST,CR,Commercial - Regular,700.0
raw,"RDO No. 73 - San Jose, Antique is composed of the following Municipalities",,,2ND,,"BELISON, ANTIQUE","BOROCBOROC, CONCEPCION, DELIMA, IPIL,",ALL LOTS,ALONG THE ROAD,CR,Commercial - Regular,220.0
raw,"RDO No. 73 - San Jose, Antique is composed of the following Municipalities",,,2ND,,"BELISON, ANTIQUE","BOROCBOROC, CONCEPCION, DELIMA, IPIL,",ALL LOTS,ALONG THE ROAD,RR,Residential - Regular,120.0
raw,"RDO No. 73 - San Jose, Antique is composed of the following Municipalities",,,2ND,,"BELISON, ANTIQUE","BOROCBOROC, CONCEPCION, DELIMA, IPIL,",ALL LOTS,INTERIOR,RR,Residential - Regular,100.0
raw,"RDO No. 73 - San Jose, Antique is composed of the following Municipalities",,,2ND,,"BELISON, ANTIQUE","BOROCBOROC, CONCEPCION, DELIMA, IPIL,",ALL LOTS,INTERIOR,A1,Agricultural - A1,27.25
raw,"RDO No. 73 - San Jose, Antique is composed of the following Municipalities",,,2ND,,"BELISON, ANTIQUE","BOROCBOROC, CONCEPCION, DELIMA, IPIL,",ALL LOTS,INTERIOR,A2,Agricultural - A2,16.8
raw,"RDO No. 73 - San Jose, Antique is composed of the following Municipalities",,,2ND,,"BELISON, ANTIQUE","BOROCBOROC, CONCEPCION, DELIMA, IPIL,",ALL LOTS,INTERIOR,A3,Agricultural - A3,6.95
raw,"RDO No. 73 - San Jose, Antique is composed of the following Municipalities",,,2ND,,"BELISON, ANTIQUE","BOROCBOROC, CONCEPCION, DELIMA, IPIL,",ALL LOTS,INTERIOR,A4,Agricultural - A4,10.15
raw,"RDO No. 73 - San Jose, Antique is composed of the following Municipalities",,,2ND,,"BELISON, ANTIQUE","BOROCBOROC, CONCEPCION, DELIMA, IPIL,",ALL LOTS,INTERIOR,A6,Agricultural - A6,42.05
raw,"RDO No. 73 - San Jose, Antique is composed of the following Municipalities",,,2ND,,"BELISON, ANTIQUE","BOROCBOROC, CONCEPCION, DELIMA, IPIL,",ALL LOTS,INTERIOR,A8,Agricultural - A8,5.9
raw,"RDO No. 73 - San Jose, Antique is composed of the following Municipalities",,,2ND,,"BELISON, ANTIQUE","BOROCBOROC, CONCEPCION, DELIMA, IPIL,",ALL LOTS,INTERIOR,A12,Agricultural - A12,6.95
raw,"RDO No. 73 - San Jose, Antique is composed of the following Municipalities",,,2ND,,"BELISON, ANTIQUE","BOROCBOROC, CONCEPCION, DELIMA, IPIL,",ALL LOTS,INTERIOR,A15,Agricultural - A15,4.75
raw,"RDO No. 73 - San Jose, Antique is composed of the following Municipalities",,,2ND,,"BELISON, ANTIQUE","BOROCBOROC, CONCEPCION, DELIMA, IPIL,",ALL LOTS,INTERIOR,A16,Agricultural - A16,8.2
raw,"RDO No. 73 - San Jose, Antique is composed of the following Municipalities",,,2ND,,"BELISON, ANTIQUE","BOROCBOROC, CONCEPCION, DELIMA, IPIL,",ALL LOTS,INTERIOR,A17,Agricultural - A17,21.95
raw,"RDO No. 73 - San Jose, Antique is composed of the following Municipalities",,,2ND,,"BELISON, ANTIQUE","BOROCBOROC, CONCEPCION, DELIMA, IPIL,",ALL LOTS,INTERIOR,A18,Agricultural - A18,9.55
raw,"RDO No. 73 - San Jose, Antique is composed of the following Municipalities",,,2ND,,"BELISON, ANTIQUE","BOROCBOROC, CONCEPCION, DELIMA, IPIL,",ALL LOTS,INTERIOR,A23,Agricultural - A23,12.4
raw,"RDO No. 73 - San Jose, Antique is composed of the following Municipalities",,,2ND,,"BELISON, ANTIQUE","BOROCBOROC, CONCEPCION, DELIMA, IPIL,",ALL LOTS,INTERIOR,A26,Agricultural - A26,4.65
raw,"RDO No. 73 - San Jose, Antique is composed of the following Municipalities",,,2ND,,"BELISON, ANTIQUE","BOROCBOROC, CONCEPCION, DELIMA, IPIL,",ALL LOTS,INTERIOR,A38,Agricultural - A38,12.4
raw,"RDO No. 73 - San Jose, Antique is composed of the following Municipalities",,,2ND,,"BELISON, ANTIQUE","BOROCBOROC, CONCEPCION, DELIMA, IPIL,",ALL LOTS,INTERIOR,A42,Agricultural - A42,71.45
raw,"RDO No. 73 - San Jose, Antique is composed of the following Municipalities",,,2ND,,"BELISON, ANTIQUE","BOROCBOROC, CONCEPCION, DELIMA, IPIL,",ALL LOTS,INTERIOR,A44,Agricultural - A44,4.5
raw,"RDO No. 73 - San Jose, Antique is composed of the following Municipalities",,,2ND,,"BELISON, ANTIQUE","BOROCBOROC, CONCEPCION, DELIMA, IPIL,",ALL LOTS,INTERIOR,A50,Agricultural - A50,4.0
raw,"RDO No. 73 - San Jose, Antique is composed of the following Municipalities",,,2ND,,"BELISON, ANTIQUE","BUENAVISTA, MOJON",ALL LOTS,ALONG THE ROAD,CR,Commercial - Regular,200.0
raw,"RDO No. 73 - San Jose, Antique is composed of the following Municipalities",,,2ND,,"BELISON, ANTIQUE","BUENAVISTA, MOJON",ALL LOTS,ALONG THE ROAD,RR,Residential - Regular,100.0
raw,"RDO No. 73 - San Jose, Antique is composed of the following Municipalities",,,2ND,,"BELISON, ANTIQUE","BUENAVISTA, MOJON",ALL LOTS,INTERIOR,RR,Residential - Regular,90.0
raw,"RDO No. 73 - San Jose, Antique is composed of the following Municipalities",,,2ND,,"BELISON, ANTIQUE","BUENAVISTA, MOJON",ALL LOTS,INTERIOR,A1,Agricultural - A1,27.25
raw,"RDO No. 73 - San Jose, Antique is composed of the following Municipalities",,,2ND,,"BELISON, ANTIQUE","BUENAVISTA, MOJON",ALL LOTS,INTERIOR,A2,Agricultural - A2,16.45
raw,"RDO No. 73 - San Jose, Antique is composed of the following Municipalities",,,2ND,,"BELISON, ANTIQUE","BUENAVISTA, MOJON",ALL LOTS,INTERIOR,A3,Agricultural - A3,6.95
raw,"RDO No. 73 - San Jose, Antique is composed of the following Municipalities",,,2ND,,"BELISON, ANTIQUE","BUENAVISTA, MOJON",ALL LOTS,INTERIOR,A4,Agricultural - A4,10.15
raw,"RDO No. 73 - San Jose, Antique is composed of the following Municipalities",,,2ND,,"BELISON, ANTIQUE","BUENAVISTA, MOJON",ALL LOTS,INTERIOR,A6,Agricultural - A6,42.05
raw,"RDO No. 73 - San Jose, Antique is composed of the following Municipalities",,,2ND,,"BELISON, ANTIQUE","BUENAVISTA, MOJON",ALL LOTS,INTERIOR,A8,Agricultural - A8,5.9
raw,"RDO No. 73 - San Jose, Antique is composed of the following Municipalities",,,2ND,,"BELISON, ANTIQUE","BUENAVISTA, MOJON",ALL LOTS,INTERIOR,A12,Agricultural - A12,6.95
raw,"RDO No. 73 - San Jose, Antique is composed of the following Municipalities",,,2ND,,"BELISON, ANTIQUE","BUENAVISTA, MOJON",ALL LOTS,INTERIOR,A15,Agricultural - A15,4.75
raw,"RDO No. 73 - San Jose, Antique is composed of the following Municipalities",,,2ND,,"BELISON, ANTIQUE","BUENAVISTA, MOJON",ALL LOTS,INTERIOR,A16,Agricultural - A16,8.2
raw,"RDO No. 73 - San Jose, Antique is composed of the following Municipalities",,,2ND,,"BELISON, ANTIQUE","BUENAVISTA, MOJON",ALL LOTS,INTERIOR,A17,Agricultural - A17,21.95
raw,"RDO No. 73 - San Jose, Antique is composed of the following Municipalities",,,2ND,,"BELISON, ANTIQUE","BUENAVISTA, MOJON",ALL LOTS,INTERIOR,A18,Agricultural - A18,9.55
raw,"RDO No. 73 - San Jose, Antique is composed of the following Municipalities",,,2ND,,"BELISON, ANTIQUE","BUENAVISTA, MOJON",ALL LOTS,INTERIOR,A23,Agricultural - A23,12.4
raw,"RDO No. 73 - San Jose, Antique is composed of the following Municipalities",,,2ND,,"BELISON, ANTIQUE","BUENAVISTA, MOJON",ALL LOTS,INTERIOR,A26,Agricultural - A26,4.65
raw,"RDO No. 73 - San Jose, Antique is composed of the following Municipalities",,,2ND,,"BELISON, ANTIQUE","BUENAVISTA, MOJON",ALL LOTS,INTERIOR,A38,Agricultural - A38,12.4
raw,"RDO No. 73 - San Jose, Antique is composed of the following Municipalities",,,2ND,,"BELISON, ANTIQUE","BUENAVISTA, MOJON",ALL LOTS,INTERIOR,A42,Agricultural - A42,71.45
raw,"RDO No. 73 - San Jose, Antique is composed of the following Municipalities",,,2ND,,"BELISON, ANTIQUE","BUENAVISTA, MOJON",ALL LOTS,INTERIOR,A44,Agricultural - A44,4.5
raw,"RDO No. 73 - San Jose, Antique is composed of the following Municipalities",,,2ND,,"BELISON, ANTIQUE","BUENAVISTA, MOJON",ALL LOTS,INTERIOR,A50,Agricultural - A50,4.0
raw,"RDO No. 73 - San Jose, Antique is composed of the following Municipalities",,,,,"BELISON, ANTIQUE",POBLACION,AGUINALDO ST,HERNANDEZ ST-NATIONAL RD,RR,Residential - Regular,380.0
raw,"RDO No. 73 - San Jose, Antique is composed of the following Municipalities",,,,,"BELISON, ANTIQUE",POBLACION,ALL OTHER STREETS,ALL WEATHER ROADS(W/IN 1KM FR POB),RR,Residential - Regular,215.0
raw,"RDO No. 73 - San Jose, Antique is composed of the following Municipalities",,,,,"BELISON, ANTIQUE",POBLACION,ALL OTHER STREETS,ALL WEATHER ROADS (MORE THAN 1KM FR POB),RR,Residential - Regular,150.0
raw,"RDO No. 73 - San Jose, Antique is composed of the following Municipalities",,,,,"BELISON, ANTIQUE",POBLACION,ALL OTHER STREETS,INTERIOR,RR,Residential - Regular,110.0
raw,"RDO No. 73 - San Jose, Antique is composed of the following Municipalities",,,,,"BELISON, ANTIQUE",POBLACION,ALL OTHER STREETS,INTERIOR,A1,Agricultural - A1,16.5
raw,"RDO No. 73 - San Jose, Antique is composed of the following Municipalities",,,,,"BELISON, ANTIQUE",POBLACION,ALL OTHER STREETS,INTERIOR,A2,Agricultural - A2,10.25
raw,"RDO No. 73 - San Jose, Antique is composed of the following Municipalities",,,,,"BELISON, ANTIQUE",POBLACION,ALL OTHER STREETS,INTERIOR,A3,Agricultural - A3,4.25
raw,"RDO No. 73 - San Jose, Antique is composed of the following Municipalities",,,,,"BELISON, ANTIQUE",POBLACION,ALL OTHER STREETS,INTERIOR,A4,Agricultural - A4,5.5
raw,"RDO No. 73 - San Jose, Antique is composed of the following Municipalities",,,,,"BELISON, ANTIQUE",POBLACION,ALL OTHER STREETS,INTERIOR,A6,Agricultural - A6,24.25
raw,"RDO No. 73 - San Jose, Antique is composed of the following Municipalities",,,,,"BELISON, ANTIQUE",POBLACION,ALL OTHER STREETS,INTERIOR,A8,Agricultural - A8,3.0
raw,"RDO No. 73 - San Jose, Antique is composed of the following Municipalities",,,,,"BELISON, ANTIQUE",POBLACION,ALL OTHER STREETS,INTERIOR,A12,Agricultural - A12,4.25
raw,"RDO No. 73 - San Jose, Antique is composed of the following Municipalities",,,,,"BELISON, ANTIQUE",POBLACION,ALL OTHER STREETS,INTERIOR,A15,Agricultural - A15,2.0
raw,"RDO No. 73 - San Jose, Antique is composed of the following Municipalities",,,,,"BELISON, ANTIQUE",POBLACION,ALL OTHER STREETS,INTERIOR,A16,Agricultural - A16,5.5
raw,"RDO No. 73 - San Jose, Antique is composed of the following Municipalities",,,,,"BELISON, ANTIQUE",POBLACION,ALL OTHER STREETS,INTERIOR,A17,Agricultural - A17,13.5
raw,"RDO No. 73 - San Jose, Antique is composed of the following Municipalities",,,,,"BELISON, ANTIQUE",POBLACION,ALL OTHER STREETS,INTERIOR,A18,Agricultural - A18,4.25
raw,"RDO No. 73 - San Jose, Antique is composed of the following Municipalities",,,,,"BELISON, ANTIQUE",POBLACION,ALL OTHER STREETS,INTERIOR,A23,Agricultural - A23,5.5
raw,"RDO No. 73 - San Jose, Antique is composed of the following Municipalities",,,,,"BELISON, ANTIQUE",POBLACION,ALL OTHER STREETS,INTERIOR,A26,Agricultural - A26,3.0
raw,"RDO No. 73 - San Jose, Antique is composed of the following Municipalities",,,,,"BELISON, ANTIQUE",POBLACION,ALL OTHER STREETS,INTERIOR,A38,Agricultural - A38,5.5
raw,"RDO No. 73 - San Jose, Antique is composed of the following Municipalities",,,,,"BELISON, ANTIQUE",POBLACION,ALL OTHER STREETS,INTERIOR,A42,Agricultural - A42,31.75
raw,"RDO No. 73 - San Jose, Antique is composed of the following Municipalities",,,,,"BELISON, ANTIQUE",POBLACION,ALL OTHER STREETS,INTERIOR,A44,Agricultural - A44,3.0
raw,"RDO No. 73 - San Jose, Antique is composed of the following Municipalities",,,,,"BELISON, ANTIQUE",POBLACION,ALVANIZ ST,NATIONAL RD-BAJALAN ST,CR,Commercial - Regular,600.0
raw,"RDO No. 73 - San Jose, Antique is composed of the following Municipalities",,,,,"BELISON, ANTIQUE",POBLACION,BAJALAN ST,HERNANDEZ ST-PLACER ST,RR,Residential - Regular,380.0
raw,"RDO No. 73 - San Jose, Antique is composed of the following Municipalities",,,,,"BELISON, ANTIQUE",POBLACION,BONIFACIO ST,MAGSAYSAY ST - BUHI ST,RR,Residential - Regular,310.0
raw,"RDO No. 73 - San Jose, Antique is composed of the following Municipalities",,,,,"BELISON, ANTIQUE",POBLACION,BUHI ST,BONIFACIO ST-REGIMIENTO,RR,Residential - Regular,215.0
raw,"RDO No. 73 - San Jose, Antique is composed of the following Municipalities",,,,,"BELISON, ANTIQUE",POBLACION,CANDELARIA ST,NATIONAL RD - INFANTE ST,RR,Residential - Regular,380.0
raw,"RDO No. 73 - San Jose, Antique is composed of the following Municipalities",,,,,"BELISON, ANTIQUE",POBLACION,ESQUIERDO ST,RIZAL ST - BUHI ST,RR,Residential - Regular,215.0
raw,"RDO No. 73 - San Jose, Antique is composed of the following Municipalities",,,,,"BELISON, ANTIQUE",POBLACION,INFANTE ST,CANDELARIA ST-RIZAL ST,RR,Residential - Regular,380.0
raw,"RDO No. 73 - San Jose, Antique is composed of the following Municipalities",,,,,"BELISON, ANTIQUE",POBLACION,PLACER ST,NATIONAL RD-BAJALAN ST,CR,Commercial - Regular,600.0
raw,"RDO No. 73 - San Jose, Antique is composed of the following Municipalities",,,,,"BELISON, ANTIQUE",POBLACION,REGIMIENTO ST,HERNANDEZ ST-PLACER ST,RR,Residential - Regular,380.0
raw,"RDO No. 73 - San Jose, Antique is composed of the following Municipalities",,,,,"BELISON, ANTIQUE",POBLACION,REVOLUTIONARIO ST,NATIONAL RD - PLACER ST,RR,Residential - Regular,380.0
raw,"RDO No. 73 - San Jose, Antique is composed of the following Municipalities",,,,,"BELISON, ANTIQUE",POBLACION,RIZAL ST,NATIONAL RD-INFANTE ST,RR,Residential - Regular,380.0
raw,"RDO No. 73 - San Jose, Antique is composed of the following Municipalities",,,,,BUGASONG,POBLACION,A. LUNA ST,NATIONAL RD - A.MABINI ST,RR,Residential - Regular,225.0
raw,"RDO No. 73 - San Jose, Antique is composed of the following Municipalities",,,,,BUGASONG,POBLACION,AGUINALDO ST,NATIONAL RD-PROGRESO ST,RR,Residential - Regular,180.0
raw,"RDO No. 73 - San Jose, Antique is composed of the following Municipalities",,,,,BUGASONG,POBLACION,ALL OTHER STREETS,ALL WEATHER ROADS(W/IN 1KM FR POB),RR,Residential - Regular,135.0
raw,"RDO No. 73 - San Jose, Antique is composed of the following Municipalities",,,,,BUGASONG,POBLACION,ALL OTHER STREETS,ALL WEATHER ROADS (MORE THAN 1KM FR POB),RR,Residential - Regular,90.0
raw,"RDO No. 73 - San Jose, Antique is composed of the following Municipalities",,,,,BUGASONG,POBLACION,ALL OTHER STREETS,INTERIOR,RR,Residential - Regular,55.0
raw,"RDO No. 73 - San Jose, Antique is composed of the following Municipalities",,,,,BUGASONG,POBLACION,ALL OTHER STREETS,INTERIOR,A,Agricultural,12.0
raw,"RDO No. 73 - San Jose, Antique is composed of the following Municipalities",,,,,BUGASONG,POBLACION,ALL OTHER STREETS,INTERIOR,A1,Agricultural - A1,7.0
raw,"RDO No. 73 - San Jose, Antique is composed of the following Municipalities",,,,,BUGASONG,POBLACION,ALL OTHER STREETS,INTERIOR,A2,Agricultural - A2,3.0
raw,"RDO No. 73 - San Jose, Antique is composed of the following Municipalities",,,,,BUGASONG,POBLACION,ALL OTHER STREETS,INTERIOR,A3,Agricultural - A3,4.0
raw,"RDO No. 73 - San Jose, Antique is composed of the following Municipalities",,,,,BUGASONG,POBLACION,ALL OTHER STREETS,INTERIOR,A4,Agricultural - A4,4.0
raw,"RDO No. 73 - San Jose, Antique is composed of the following Municipalities",,,,,BUGASONG,POBLACION,ALL OTHER STREETS,INTERIOR,A5,Agricultural - A5,10.0
raw,"RDO No. 73 - San Jose, Antique is composed of the following Municipalities",,,,,BUGASONG,POBLACION,ALL OTHER STREETS,INTERIOR,A6,Agricultural - A6,3.0
raw,"RDO No. 73 - San Jose, Antique is composed of the following Municipalities",,,,,BUGASONG,POBLACION,ALL OTHER STREETS,INTERIOR,A7,Agricultural - A7,2.0
raw,"RDO No. 73 - San Jose, Antique is composed of the following Municipalities",,,,,BUGASONG,POBLACION,ALL OTHER STREETS,INTERIOR,A8,Agricultural - A8,19.0
raw,"RDO No. 73 - San Jose, Antique is composed of the following Municipalities",,,,,BUGASONG,POBLACION,ALL OTHER STREETS,INTERIOR,A9,Agricultural - A9,25.0
raw,"RDO No. 73 - San Jose, Antique is composed of the following Municipalities",,,,,BUGASONG,POBLACION,ALL OTHER STREETS,INTERIOR,A10,Agricultural - A10,2.0
raw,"RDO No. 73 - San Jose, Antique is composed of the following Municipalities",,,,,BUGASONG,POBLACION,ALL OTHER STREETS,INTERIOR,A11,Agricultural - A11,4.0
raw,"RDO No. 73 - San Jose, Antique is composed of the following Municipalities",,,,,BUGASONG,POBLACION,ALL OTHER STREETS,INTERIOR,A12,Agricultural - A12,1.0
raw,"RDO No. 73 - San Jose, Antique is composed of the following Municipalities",,,,,BUGASONG,POBLACION,ALL OTHER STREETS,INTERIOR,A13,Agricultural - A13,3.0
raw,"RDO No. 73 - San Jose, Antique is composed of the following Municipalities",,,,,BUGASONG,POBLACION,ALL OTHER STREETS,INTERIOR,A14,Agricultural - A14,2.0
raw,"RDO No. 73 - San Jose, Antique is composed of the following Municipalities",,,,,BUGASONG,POBLACION,ALL OTHER STREETS,INTERIOR,A15,Agricultural - A15,4.0
raw,"RDO No. 73 - San Jose, Antique is composed of the following Municipalities",,,,,BUGASONG,POBLACION,BARCELO ST,T. JUSTO ST- A. MABINI ST,RR,Residential - Regular,225.0
raw,"RDO No. 73 - San Jose, Antique is composed of the following Municipalities",,,,,BUGASONG,POBLACION,BONIFACIO ST(NAT'L RD),MOSCOSO ST-STA. ROMANA ST,CR,Commercial - Regular,280.0
raw,"RDO No. 73 - San Jose, Antique is composed of the following Municipalities",,,,,BUGASONG,POBLACION,DR. J. MOSCOSO ST,NATIONAL RD - A.MABINI ST,RR,Residential - Regular,225.0
raw,"RDO No. 73 - San Jose, Antique is composed of the following Municipalities",,,,,BUGASONG,POBLACION,LAUREANO ST,NATIONAL RD-ANT. VOC.SCH.,RR,Residential - Regular,225.0
raw,"RDO No. 73 - San Jose, Antique is composed of the following Municipalities",,,,,BUGASONG,POBLACION,M.H. DEL PILAR ST,DR. J. MOSCOSO ST-YSON ST,CR,Commercial - Regular,315.0
raw,"RDO No. 73 - San Jose, Antique is composed of the following Municipalities",,,,,BUGASONG,POBLACION,M.H. DEL PILAR ST,YSON ST (OTHER THAN COMPONTIO -CONCE ST.),RR,Residential - Regular,180.0
raw,"RDO No. 73 - San Jose, Antique is composed of the following Municipalities",,,,,BUGASONG,POBLACION,PROGRESO ST,ELEM. SCH.-LAST RES. PORTION,RR,Residential - Regular,135.0
raw,"RDO No. 73 - San Jose, Antique is composed of the following Municipalities",,,,,BUGASONG,POBLACION,RIZAL ST,NATIONAL RD-ANT. VOC.SCH.,RR,Residential - Regular,225.0
raw,"RDO No. 73 - San Jose, Antique is composed of the following Municipalities",,,,,BUGASONG,POBLACION,T. JUSTO ST,NATIONAL RD - A.MABINI ST,RR,Residential - Regular,180.0
raw,"RDO No. 73 - San Jose, Antique is composed of the following Municipalities",,,,,BUGASONG,POBLACION,YSON ST,MOSCOSO ST - NATIONAL RD,CR,Commercial - Regular,280.0
raw,"RDO No. 73 - San Jose, Antique is composed of the following Municipalities",,,2ND,,"BUGASONG, ANTIQUE","ANILAWAN, ARANGOTE, IGSORO, MARAY, PANGALCAGAN,",ALL LOTS,ALONG THE ROAD,CR,Commercial - Regular,250.0
raw,"RDO No. 73 - San Jose, Antique is composed of the following Municipalities",,,2ND,,"BUGASONG, ANTIQUE","ANILAWAN, ARANGOTE, IGSORO, MARAY, PANGALCAGAN,",ALL LOTS,ALONG THE ROAD,RR,Residential - Regular,200.0
raw,"RDO No. 73 - San Jose, Antique is composed of the following Municipalities",,,2ND,,"BUGASONG, ANTIQUE","ANILAWAN, ARANGOTE, IGSORO, MARAY, PANGALCAGAN,",ALL LOTS,INTERIOR,RR,Residential - Regular,120.0
raw,"RDO No. 73 - San Jose, Antique is composed of the following Municipalities",,,2ND,,"BUGASONG, ANTIQUE","ANILAWAN, ARANGOTE, IGSORO, MARAY, PANGALCAGAN,",ALL LOTS,INTERIOR,A1,Agricultural - A1,27.5
raw,"RDO No. 73 - San Jose, Antique is composed of the following Municipalities",,,2ND,,"BUGASONG, ANTIQUE","ANILAWAN, ARANGOTE, IGSORO, MARAY, PANGALCAGAN,",ALL LOTS,INTERIOR,A2,Agricultural - A2,16.85
raw,"RDO No. 73 - San Jose, Antique is composed of the following Municipalities",,,2ND,,"BUGASONG, ANTIQUE","ANILAWAN, ARANGOTE, IGSORO, MARAY, PANGALCAGAN,",ALL LOTS,INTERIOR,A3,Agricultural - A3,8.15
raw,"RDO No. 73 - San Jose, Antique is composed of the following Municipalities",,,2ND,,"BUGASONG, ANTIQUE","ANILAWAN, ARANGOTE, IGSORO, MARAY, PANGALCAGAN,",ALL LOTS,INTERIOR,A4,Agricultural - A4,11.75
raw,"RDO No. 73 - San Jose, Antique is composed of the following Municipalities",,,2ND,,"BUGASONG, ANTIQUE","ANILAWAN, ARANGOTE, IGSORO, MARAY, PANGALCAGAN,",ALL LOTS,INTERIOR,A6,Agricultural - A6,44.05
raw,"RDO No. 73 - San Jose, Antique is composed of the following Municipalities",,,2ND,,"BUGASONG, ANTIQUE","ANILAWAN, ARANGOTE, IGSORO, MARAY, PANGALCAGAN,",ALL LOTS,INTERIOR,A8,Agricultural - A8,6.9
raw,"RDO No. 73 - San Jose, Antique is composed of the following Municipalities",,,2ND,,"BUGASONG, ANTIQUE","ANILAWAN, ARANGOTE, IGSORO, MARAY, PANGALCAGAN,",ALL LOTS,INTERIOR,A12,Agricultural - A12,8.95
raw,"RDO No. 73 - San Jose, Antique is composed of the following Municipalities",,,2ND,,"BUGASONG, ANTIQUE","ANILAWAN, ARANGOTE, IGSORO, MARAY, PANGALCAGAN,",ALL LOTS,INTERIOR,A15,Agricultural - A15,5.75
raw,"RDO No. 73 - San Jose, Antique is composed of the following Municipalities",,,2ND,,"BUGASONG, ANTIQUE","ANILAWAN, ARANGOTE, IGSORO, MARAY, PANGALCAGAN,",ALL LOTS,INTERIOR,A16,Agricultural - A16,10.75
raw,"RDO No. 73 - San Jose, Antique is composed of the following Municipalities",,,2ND,,"BUGASONG, ANTIQUE","ANILAWAN, ARANGOTE, IGSORO, MARAY, PANGALCAGAN,",ALL LOTS,INTERIOR,A17,Agricultural - A17,25.0
raw,"RDO No. 73 - San Jose, Antique is composed of the following Municipalities",,,2ND,,"BUGASONG, ANTIQUE","ANILAWAN, ARANGOTE, IGSORO, MARAY, PANGALCAGAN,",ALL LOTS,INTERIOR,A18,Agricultural - A18,8.15
raw,"RDO No. 73 - San Jose, Antique is composed of the following Municipalities",,,2ND,,"BUGASONG, ANTIQUE","ANILAWAN, ARANGOTE, IGSORO, MARAY, PANGALCAGAN,",ALL LOTS,INTERIOR,A23,Agricultural - A23,9.75
raw,"RDO No. 73 - San Jose, Antique is composed of the following Municipalities",,,2ND,,"BUGASONG, ANTIQUE","ANILAWAN, ARANGOTE, IGSORO, MARAY, PANGALCAGAN,",ALL LOTS,INTERIOR,A26,Agricultural - A26,6.85
raw,"RDO No. 73 - San Jose, Antique is composed of the following Municipalities",,,2ND,,"BUGASONG, ANTIQUE","ANILAWAN, ARANGOTE, IGSORO, MARAY, PANGALCAGAN,",ALL LOTS,INTERIOR,A38,Agricultural - A38,10.5
raw,"RDO No. 73 - San Jose, Antique is composed of the following Municipalities",,,2ND,,"BUGASONG, ANTIQUE","ANILAWAN, ARANGOTE, IGSORO, MARAY, PANGALCAGAN,",ALL LOTS,INTERIOR,A42,Agricultural - A42,52.4
raw,"RDO No. 73 - San Jose, Antique is composed of the following Municipalities",,,2ND,,"BUGASONG, ANTIQUE","ANILAWAN, ARANGOTE, IGSORO, MARAY, PANGALCAGAN,",ALL LOTS,INTERIOR,A44,Agricultural - A44,6.5
raw,"RDO No. 73 - San Jose, Antique is composed of the following Municipalities",,,2ND,,"BUGASONG, ANTIQUE","ANILAWAN, ARANGOTE, IGSORO, MARAY, PANGALCAGAN,",ALL LOTS,INTERIOR,A50,Agricultural - A50,6.0
raw,"RDO No. 73 - San Jose, Antique is composed of the following Municipalities",,,2ND,,"BUGASONG, ANTIQUE","BAGTASON, CAMANGAHAN, CUBAY NORTH, CUBAY SOUTH,",ALL LOTS,ALONG THE ROAD,CR,Commercial - Regular,300.0
raw,"RDO No. 73 - San Jose, Antique is composed of the following Municipalities",,,2ND,,"BUGASONG, ANTIQUE","BAGTASON, CAMANGAHAN, CUBAY NORTH, CUBAY SOUTH,",ALL LOTS,ALONG THE ROAD,RR,Residential - Regular,220.0
raw,"RDO No. 73 - San Jose, Antique is composed of the following Municipalities",,,2ND,,"BUGASONG, ANTIQUE","BAGTASON, CAMANGAHAN, CUBAY NORTH, CUBAY SOUTH,",ALL LOTS,INTERIOR,RR,Residential - Regular,156.0
raw,"RDO No. 73 - San Jose, Antique is composed of the following Municipalities",,,2ND,,"BUGASONG, ANTIQUE","BAGTASON, CAMANGAHAN, CUBAY NORTH, CUBAY SOUTH,",ALL LOTS,INTERIOR,A1,Agricultural - A1,27.5
raw,"RDO No. 73 - San Jose, Antique is composed of the following Municipalities",,,2ND,,"BUGASONG, ANTIQUE","BAGTASON, CAMANGAHAN, CUBAY NORTH, CUBAY SOUTH,",ALL LOTS,INTERIOR,A2,Agricultural - A2,17.0
raw,"RDO No. 73 - San Jose, Antique is composed of the following Municipalities",,,2ND,,"BUGASONG, ANTIQUE","BAGTASON, CAMANGAHAN, CUBAY NORTH, CUBAY SOUTH,",ALL LOTS,INTERIOR,A3,Agricultural - A3,8.2
raw,"RDO No. 73 - San Jose, Antique is composed of the following Municipalities",,,2ND,,"BUGASONG, ANTIQUE","BAGTASON, CAMANGAHAN, CUBAY NORTH, CUBAY SOUTH,",ALL LOTS,INTERIOR,A4,Agricultural - A4,12.0
raw,"RDO No. 73 - San Jose, Antique is composed of the following Municipalities",,,2ND,,"BUGASONG, ANTIQUE","BAGTASON, CAMANGAHAN, CUBAY NORTH, CUBAY SOUTH,",ALL LOTS,INTERIOR,A6,Agricultural - A6,44.0
raw,"RDO No. 73 - San Jose, Antique is composed of the following Municipalities",,,2ND,,"BUGASONG, ANTIQUE","BAGTASON, CAMANGAHAN, CUBAY NORTH, CUBAY SOUTH,",ALL LOTS,INTERIOR,A8,Agricultural - A8,7.0
raw,"RDO No. 73 - San Jose, Antique is composed of the following Municipalities",,,2ND,,"BUGASONG, ANTIQUE","BAGTASON, CAMANGAHAN, CUBAY NORTH, CUBAY SOUTH,",ALL LOTS,INTERIOR,A12,Agricultural - A12,9.0
raw,"RDO No. 73 - San Jose, Antique is composed of the following Municipalities",,,2ND,,"BUGASONG, ANTIQUE","BAGTASON, CAMANGAHAN, CUBAY NORTH, CUBAY SOUTH,",ALL LOTS,INTERIOR,A15,Agricultural - A15,6.0
raw,"RDO No. 73 - San Jose, Antique is composed of the following Municipalities",,,2ND,,"BUGASONG, ANTIQUE","BAGTASON, CAMANGAHAN, CUBAY NORTH, CUBAY SOUTH,",ALL LOTS,INTERIOR,A16,Agricultural - A16,10.75
raw,"RDO No. 73 - San Jose, Antique is composed of the following Municipalities",,,2ND,,"BUGASONG, ANTIQUE","BAGTASON, CAMANGAHAN, CUBAY NORTH, CUBAY SOUTH,",ALL LOTS,INTERIOR,A17,Agricultural - A17,25.0
raw,"RDO No. 73 - San Jose, Antique is composed of the following Municipalities",,,2ND,,"BUGASONG, ANTIQUE","BAGTASON, CAMANGAHAN, CUBAY NORTH, CUBAY SOUTH,",ALL LOTS,INTERIOR,A18,Agricultural - A18,8.2
raw,"RDO No. 73 - San Jose, Antique is composed of the following Municipalities",,,2ND,,"BUGASONG, ANTIQUE","BAGTASON, CAMANGAHAN, CUBAY NORTH, CUBAY SOUTH,",ALL LOTS,INTERIOR,A23,Agricultural - A23,10.0
raw,"RDO No. 73 - San Jose, Antique is composed of the following Municipalities",,,2ND,,"BUGASONG, ANTIQUE","BAGTASON, CAMANGAHAN, CUBAY NORTH, CUBAY SOUTH,",ALL LOTS,INTERIOR,A26,Agricultural - A26,7.0
raw,"RDO No. 73 - San Jose, Antique is composed of the following Municipalities",,,2ND,,"BUGASONG, ANTIQUE","BAGTASON, CAMANGAHAN, CUBAY NORTH, CUBAY SOUTH,",ALL LOTS,INTERIOR,A38,Agricultural - A38,10.5
raw,"RDO No. 73 - San Jose, Antique is composed of the following Municipalities",,,2ND,,"BUGASONG, ANTIQUE","BAGTASON, CAMANGAHAN, CUBAY NORTH, CUBAY SOUTH,",ALL LOTS,INTERIOR,A42,Agricultural - A42,52.4
raw,"RDO No. 73 - San Jose, Antique is composed of the following Municipalities",,,2ND,,"BUGASONG, ANTIQUE","BAGTASON, CAMANGAHAN, CUBAY NORTH, CUBAY SOUTH,",ALL LOTS,INTERIOR,A44,Agricultural - A44,6.5
raw,"RDO No. 73 - San Jose, Antique is composed of the following Municipalities",,,2ND,,"BUGASONG, ANTIQUE","BAGTASON, CAMANGAHAN, CUBAY NORTH, CUBAY SOUTH,",ALL LOTS,INTERIOR,A50,Agricultural - A50,6.0
raw,"RDO No. 73 - San Jose, Antique is composed of the following Municipalities",,,2ND,,"BUGASONG, ANTIQUE","CENTRO ILAYA (POB), CENTRO ILAWOD (POB)",A. LUNA ST,NATIONAL RD- A. MABINI ST,RR,Residential - Regular,515.0
raw,"RDO No. 73 - San Jose, Antique is composed of the following Municipalities",,,2ND,,"BUGASONG, ANTIQUE","CENTRO ILAYA (POB), CENTRO ILAWOD (POB)",A. LUNA ST,NATIONAL RD- A. MABINI ST,CR,Commercial - Regular,730.0
raw,"RDO No. 73 - San Jose, Antique is composed of the following Municipalities",,,2ND,,"BUGASONG, ANTIQUE","CENTRO ILAYA (POB), CENTRO ILAWOD (POB)",AGUINALDO ST,NATIONAL RD - PROGRESO ST,RR,Residential - Regular,455.0
raw,"RDO No. 73 - San Jose, Antique is composed of the following Municipalities",,,2ND,,"BUGASONG, ANTIQUE","CENTRO ILAYA (POB), CENTRO ILAWOD (POB)",AGUINALDO ST,NATIONAL RD - PROGRESO ST,CR,Commercial - Regular,730.0
raw,"RDO No. 73 - San Jose, Antique is composed of the following Municipalities",,,2ND,,"BUGASONG, ANTIQUE","CENTRO ILAYA (POB), CENTRO ILAWOD (POB)",ALL OTHER STREETS,WITHIN  POBLACION,RR,Residential - Regular,370.0
raw,"RDO No. 73 - San Jose, Antique is composed of the following Municipalities",,,2ND,,"BUGASONG, ANTIQUE","CENTRO ILAYA (POB), CENTRO ILAWOD (POB)",ALL OTHER STREETS,WITHIN  POBLACION,CR,Commercial - Regular,320.0
raw,"RDO No. 73 - San Jose, Antique is composed of the following Municipalities",,,2ND,,"BUGASONG, ANTIQUE","CENTRO ILAYA (POB), CENTRO ILAWOD (POB)",ALL OTHER STREETS,ALL WEATHER ROADs WITHIN 1KM OUTSIDE POB CENTRO,RR,Residential - Regular,285.0
raw,"RDO No. 73 - San Jose, Antique is composed of the following Municipalities",,,2ND,,"BUGASONG, ANTIQUE","CENTRO ILAYA (POB), CENTRO ILAWOD (POB)",ALL OTHER STREETS,ALL WEATHER ROADS MORE THAN 1KM OUTSIDE POB CENTRO,RR,Residential - Regular,235.0
raw,"RDO No. 73 - San Jose, Antique is composed of the following Municipalities",,,2ND,,"BUGASONG, ANTIQUE","CENTRO ILAYA (POB), CENTRO ILAWOD (POB)",ALL OTHER STREETS,INTERIOR,RR,Residential - Regular,195.0
raw,"RDO No. 73 - San Jose, Antique is composed of the following Municipalities",,,2ND,,"BUGASONG, ANTIQUE","CENTRO ILAYA (POB), CENTRO ILAWOD (POB)",ALL OTHER STREETS,INTERIOR,A1,Agricultural - A1,27.5
raw,"RDO No. 73 - San Jose, Antique is composed of the following Municipalities",,,2ND,,"BUGASONG, ANTIQUE","CENTRO ILAYA (POB), CENTRO ILAWOD (POB)",ALL OTHER STREETS,INTERIOR,A2,Agricultural - A2,16.85
raw,"RDO No. 73 - San Jose, Antique is composed of the following Municipalities",,,2ND,,"BUGASONG, ANTIQUE","CENTRO ILAYA (POB), CENTRO ILAWOD (POB)",ALL OTHER STREETS,INTERIOR,A3,Agricultural - A3,8.15
raw,"RDO No. 73 - San Jose, Antique is composed of the following Municipalities",,,2ND,,"BUGASONG, ANTIQUE","CENTRO ILAYA (POB), CENTRO ILAWOD (POB)",ALL OTHER STREETS,INTERIOR,A4,Agricultural - A4,11.75
raw,"RDO No. 73 - San Jose, Antique is composed of the following Municipalities",,,2ND,,"BUGASONG, ANTIQUE","CENTRO ILAYA (POB), CENTRO ILAWOD (POB)",ALL OTHER STREETS,INTERIOR,A6,Agricultural - A6,44.05
raw,"RDO No. 73 - San Jose, Antique is composed of the following Municipalities",,,2ND,,"BUGASONG, ANTIQUE","CENTRO ILAYA (POB), CENTRO ILAWOD (POB)",ALL OTHER STREETS,INTERIOR,A8,Agricultural - A8,6.9
raw,"RDO No. 73 - San Jose, Antique is composed of the following Municipalities",,,2ND,,"BUGASONG, ANTIQUE","CENTRO ILAYA (POB), CENTRO ILAWOD (POB)",ALL OTHER STREETS,INTERIOR,A12,Agricultural - A12,8.95
raw,"RDO No. 73 - San Jose, Antique is composed of the following Municipalities",,,2ND,,"BUGASONG, ANTIQUE","CENTRO ILAYA (POB), CENTRO ILAWOD (POB)",ALL OTHER STREETS,INTERIOR,A15,Agricultural - A15,5.75
raw,"RDO No. 73 - San Jose, Antique is composed of the following Municipalities",,,2ND,,"BUGASONG, ANTIQUE","CENTRO ILAYA (POB), CENTRO ILAWOD (POB)",ALL OTHER STREETS,INTERIOR,A16,Agricultural - A16,10.75
raw,"RDO No. 73 - San Jose, Antique is composed of the following Municipalities",,,2ND,,"BUGASONG, ANTIQUE","CENTRO ILAYA (POB), CENTRO ILAWOD (POB)",ALL OTHER STREETS,INTERIOR,A17,Agricultural - A17,25.0
raw,"RDO No. 73 - San Jose, Antique is composed of the following Municipalities",,,2ND,,"BUGASONG, ANTIQUE","CENTRO ILAYA (POB), CENTRO ILAWOD (POB)",ALL OTHER STREETS,INTERIOR,A18,Agricultural - A18,8.15
raw,"RDO No. 73 - San Jose, Antique is composed of the following Municipalities",,,2ND,,"BUGASONG, ANTIQUE","CENTRO ILAYA (POB), CENTRO ILAWOD (POB)",ALL OTHER STREETS,INTERIOR,A23,Agricultural - A23,9.75
raw,"RDO No. 73 - San Jose, Antique is composed of the following Municipalities",,,2ND,,"BUGASONG, ANTIQUE","CENTRO ILAYA (POB), CENTRO ILAWOD (POB)",ALL OTHER STREETS,INTERIOR,A26,Agricultural - A26,6.85
raw,"RDO No. 73 - San Jose, Antique is composed of the following Municipalities",,,2ND,,"BUGASONG, ANTIQUE","CENTRO ILAYA (POB), CENTRO ILAWOD (POB)",ALL OTHER STREETS,INTERIOR,A38,Agricultural - A38,10.5
raw,"RDO No. 73 - San Jose, Antique is composed of the following Municipalities",,,2ND,,"BUGASONG, ANTIQUE","CENTRO ILAYA (POB), CENTRO ILAWOD (POB)",ALL OTHER STREETS,INTERIOR,A42,Agricultural - A42,52.4
raw,"RDO No. 73 - San Jose, Antique is composed of the following Municipalities",,,2ND,,"BUGASONG, ANTIQUE","CENTRO ILAYA (POB), CENTRO ILAWOD (POB)",ALL OTHER STREETS,INTERIOR,A44,Agricultural - A44,6.5
raw,"RDO No. 73 - San Jose, Antique is composed of the following Municipalities",,,2ND,,"BUGASONG, ANTIQUE","CENTRO ILAYA (POB), CENTRO ILAWOD (POB)",ALL OTHER STREETS,INTERIOR,A50,Agricultural - A50,5.0
raw,"RDO No. 73 - San Jose, Antique is composed of the following Municipalities",,,2ND,,"BUGASONG, ANTIQUE","CENTRO ILAYA (POB), CENTRO ILAWOD (POB)",BARCELO ST,T. JUSTO ST - A. MABINI ST,RR,Residential - Regular,515.0
raw,"RDO No. 73 - San Jose, Antique is composed of the following Municipalities",,,2ND,,"BUGASONG, ANTIQUE","CENTRO ILAYA (POB), CENTRO ILAWOD (POB)",BARCELO ST,T. JUSTO ST - A. MABINI ST,CR,Commercial - Regular,730.0
raw,"RDO No. 73 - San Jose, Antique is composed of the following Municipalities",,,2ND,,"BUGASONG, ANTIQUE","CENTRO ILAYA (POB), CENTRO ILAWOD (POB)",BONIFACIO ST (NAT'L RD),MOSCOSO ST - STA. ROMANA ST,CR,Commercial - Regular,730.0
raw,"RDO No. 73 - San Jose, Antique is composed of the following Municipalities",,,2ND,,"BUGASONG, ANTIQUE","CENTRO ILAYA (POB), CENTRO ILAWOD (POB)",BONIFACIO ST (NAT'L RD),MOSCOSO ST - STA. ROMANA ST,RR,Residential - Regular,455.0
raw,"RDO No. 73 - San Jose, Antique is composed of the following Municipalities",,,2ND,,"BUGASONG, ANTIQUE","CENTRO ILAYA (POB), CENTRO ILAWOD (POB)",DR. J MOSCOSO ST,NATIONAL RD - A. MABINI ST,RR,Residential - Regular,515.0
raw,"RDO No. 73 - San Jose, Antique is composed of the following Municipalities",,,2ND,,"BUGASONG, ANTIQUE","CENTRO ILAYA (POB), CENTRO ILAWOD (POB)",DR. J MOSCOSO ST,NATIONAL RD - A. MABINI ST,CR,Commercial - Regular,730.0
raw,"RDO No. 73 - San Jose, Antique is composed of the following Municipalities",,,2ND,,"BUGASONG, ANTIQUE","CENTRO ILAYA (POB), CENTRO ILAWOD (POB)",LAUREANO ST,NATIONAL RD - ANT. VOC. SCH,RR,Residential - Regular,515.0
raw,"RDO No. 73 - San Jose, Antique is composed of the following Municipalities",,,2ND,,"BUGASONG, ANTIQUE","CENTRO ILAYA (POB), CENTRO ILAWOD (POB)",LAUREANO ST,NATIONAL RD - ANT. VOC. SCH,CR,Commercial - Regular,730.0
raw,"RDO No. 73 - San Jose, Antique is composed of the following Municipalities",,,2ND,,"BUGASONG, ANTIQUE","CENTRO ILAYA (POB), CENTRO ILAWOD (POB)",M.H. DEL PILAR ST,NATIONAL RD - ANT. VOC. SCH,CR,Commercial - Regular,820.0
raw,"RDO No. 73 - San Jose, Antique is composed of the following Municipalities",,,2ND,,"BUGASONG, ANTIQUE","CENTRO ILAYA (POB), CENTRO ILAWOD (POB)",M.H. DEL PILAR ST,NATIONAL RD - ANT. VOC. SCH,RR,Residential - Regular,455.0
raw,"RDO No. 73 - San Jose, Antique is composed of the following Municipalities",,,2ND,,"BUGASONG, ANTIQUE","CENTRO ILAYA (POB), CENTRO ILAWOD (POB)",PROGRESO ST,ELEM SCH - LAST RES. PORTIO,RR,Residential - Regular,455.0
raw,"RDO No. 73 - San Jose, Antique is composed of the following Municipalities",,,2ND,,"BUGASONG, ANTIQUE","CENTRO ILAYA (POB), CENTRO ILAWOD (POB)",PROGRESO ST,ELEM SCH - LAST RES. PORTIO,CR,Commercial - Regular,395.0
raw,"RDO No. 73 - San Jose, Antique is composed of the following Municipalities",,,2ND,,"BUGASONG, ANTIQUE","CENTRO ILAYA (POB), CENTRO ILAWOD (POB)",RIZAL ST,NATIONAL RD-ANT. VOC. SCH,RR,Residential - Regular,515.0
raw,"RDO No. 73 - San Jose, Antique is composed of the following Municipalities",,,2ND,,"BUGASONG, ANTIQUE","CENTRO ILAYA (POB), CENTRO ILAWOD (POB)",RIZAL ST,NATIONAL RD-ANT. VOC. SCH,CR,Commercial - Regular,730.0
raw,"RDO No. 73 - San Jose, Antique is composed of the following Municipalities",,,2ND,,"BUGASONG, ANTIQUE","CENTRO ILAYA (POB), CENTRO ILAWOD (POB)",T. JUSTO ST,NATIONAL RD - A. MABINI ST,RR,Residential - Regular,455.0
raw,"RDO No. 73 - San Jose, Antique is composed of the following Municipalities",,,2ND,,"BUGASONG, ANTIQUE","CENTRO ILAYA (POB), CENTRO ILAWOD (POB)",T. JUSTO ST,NATIONAL RD - A. MABINI ST,CR,Commercial - Regular,730.0
raw,"RDO No. 73 - San Jose, Antique is composed of the following Municipalities",,,2ND,,"BUGASONG, ANTIQUE","CENTRO ILAYA (POB), CENTRO ILAWOD (POB)",YSON ST,MOSCOSO ST - NATIONAL RD,CR,Commercial - Regular,730.0
raw,"RDO No. 73 - San Jose, Antique is composed of the following Municipalities",,,2ND,,"BUGASONG, ANTIQUE","CENTRO ILAYA (POB), CENTRO ILAWOD (POB)",YSON ST,MOSCOSO ST - NATIONAL RD,RR,Residential - Regular,455.0
raw,"RDO No. 73 - San Jose, Antique is composed of the following Municipalities",,,,,"BUGASONG, ANTIQUE",POBLACION,A. LUNA ST,NATIONAL RD - A.MABINI ST,RR,Residential - Regular,320.0
raw,"RDO No. 73 - San Jose, Antique is composed of the following Municipalities",,,,,"BUGASONG, ANTIQUE",POBLACION,AGUINALDO ST,NATIONAL RD-PROGRESO ST,RR,Residential - Regular,260.0
raw,"RDO No. 73 - San Jose, Antique is composed of the following Municipalities",,,,,"BUGASONG, ANTIQUE",POBLACION,ALL OTHER STREETS,ALL WEATHER ROADS(W/IN 1KM FR POB),RR,Residential - Regular,200.0
raw,"RDO No. 73 - San Jose, Antique is composed of the following Municipalities",,,,,"BUGASONG, ANTIQUE",POBLACION,ALL OTHER STREETS,ALL WEATHER ROADS (MORE THAN 1KM FR POB),RR,Residential - Regular,140.0
raw,"RDO No. 73 - San Jose, Antique is composed of the following Municipalities",,,,,"BUGASONG, ANTIQUE",POBLACION,ALL OTHER STREETS,INTERIOR,RR,Residential - Regular,100.0
raw,"RDO No. 73 - San Jose, Antique is composed of the following Municipalities",,,,,"BUGASONG, ANTIQUE",POBLACION,ALL OTHER STREETS,INTERIOR,A1,Agricultural - A1,16.0
raw,"RDO No. 73 - San Jose, Antique is composed of the following Municipalities",,,,,"BUGASONG, ANTIQUE",POBLACION,ALL OTHER STREETS,INTERIOR,A2,Agricultural - A2,9.25
raw,"RDO No. 73 - San Jose, Antique is composed of the following Municipalities",,,,,"BUGASONG, ANTIQUE",POBLACION,ALL OTHER STREETS,INTERIOR,A3,Agricultural - A3,5.0
raw,"RDO No. 73 - San Jose, Antique is composed of the following Municipalities",,,,,"BUGASONG, ANTIQUE",POBLACION,ALL OTHER STREETS,INTERIOR,A4,Agricultural - A4,6.0
raw,"RDO No. 73 - San Jose, Antique is composed of the following Municipalities",,,,,"BUGASONG, ANTIQUE",POBLACION,ALL OTHER STREETS,INTERIOR,A6,Agricultural - A6,24.75
raw,"RDO No. 73 - San Jose, Antique is composed of the following Municipalities",,,,,"BUGASONG, ANTIQUE",POBLACION,ALL OTHER STREETS,INTERIOR,A8,Agricultural - A8,4.0
raw,"RDO No. 73 - San Jose, Antique is composed of the following Municipalities",,,,,"BUGASONG, ANTIQUE",POBLACION,ALL OTHER STREETS,INTERIOR,A12,Agricultural - A12,5.0
raw,"RDO No. 73 - San Jose, Antique is composed of the following Municipalities",,,,,"BUGASONG, ANTIQUE",POBLACION,ALL OTHER STREETS,INTERIOR,A15,Agricultural - A15,3.0
raw,"RDO No. 73 - San Jose, Antique is composed of the following Municipalities",,,,,"BUGASONG, ANTIQUE",POBLACION,ALL OTHER STREETS,INTERIOR,A16,Agricultural - A16,6.0
raw,"RDO No. 73 - San Jose, Antique is composed of the following Municipalities",,,,,"BUGASONG, ANTIQUE",POBLACION,ALL OTHER STREETS,INTERIOR,A17,Agricultural - A17,13.5
raw,"RDO No. 73 - San Jose, Antique is composed of the following Municipalities",,,,,"BUGASONG, ANTIQUE",POBLACION,ALL OTHER STREETS,INTERIOR,A18,Agricultural - A18,5.0
raw,"RDO No. 73 - San Jose, Antique is composed of the following Municipalities",,,,,"BUGASONG, ANTIQUE",POBLACION,ALL OTHER STREETS,INTERIOR,A23,Agricultural - A23,6.0
raw,"RDO No. 73 - San Jose, Antique is composed of the following Municipalities",,,,,"BUGASONG, ANTIQUE",POBLACION,ALL OTHER STREETS,INTERIOR,A26,Agricultural - A26,4.0
raw,"RDO No. 73 - San Jose, Antique is composed of the following Municipalities",,,,,"BUGASONG, ANTIQUE",POBLACION,ALL OTHER STREETS,INTERIOR,A38,Agricultural - A38,6.0
raw,"RDO No. 73 - San Jose, Antique is composed of the following Municipalities",,,,,"BUGASONG, ANTIQUE",POBLACION,ALL OTHER STREETS,INTERIOR,A42,Agricultural - A42,32.25
raw,"RDO No. 73 - San Jose, Antique is composed of the following Municipalities",,,,,"BUGASONG, ANTIQUE",POBLACION,ALL OTHER STREETS,INTERIOR,A44,Agricultural - A44,4.0
raw,"RDO No. 73 - San Jose, Antique is composed of the following Municipalities",,,,,"BUGASONG, ANTIQUE",POBLACION,BARCELO ST,T. JUSTO ST- A. MABINI ST,RR,Residential - Regular,320.0
raw,"RDO No. 73 - San Jose, Antique is composed of the following Municipalities",,,,,"BUGASONG, ANTIQUE",POBLACION,BONIFACIO ST(NAT'L RD),MOSCOSO ST-STA. ROMANA ST,CR,Commercial - Regular,455.0
raw,"RDO No. 73 - San Jose, Antique is composed of the following Municipalities",,,,,"BUGASONG, ANTIQUE",POBLACION,DR. J. MOSCOSO ST,NATIONAL RD - A.MABINI ST,RR,Residential - Regular,320.0
raw,"RDO No. 73 - San Jose, Antique is composed of the following Municipalities",,,,,"BUGASONG, ANTIQUE",POBLACION,LAUREANO ST,NATIONAL RD-ANT. VOC.SCH.,RR,Residential - Regular,320.0
raw,"RDO No. 73 - San Jose, Antique is composed of the following Municipalities",,,,,"BUGASONG, ANTIQUE",POBLACION,M.H. DEL PILAR ST,NATIONAL RD-ANT. VOC.SCH.,CR,Commercial - Regular,540.0
raw,"RDO No. 73 - San Jose, Antique is composed of the following Municipalities",,,,,"BUGASONG, ANTIQUE",POBLACION,M.H. DEL PILAR ST,NATIONAL RD-ANT. VOC.SCH.,RR,Residential - Regular,260.0
raw,"RDO No. 73 - San Jose, Antique is composed of the following Municipalities",,,,,"BUGASONG, ANTIQUE",POBLACION,PROGRESO ST,ELEM. SCH.-LAST RES. PORTION,RR,Residential - Regular,200.0
raw,"RDO No. 73 - San Jose, Antique is composed of the following Municipalities",,,,,"BUGASONG, ANTIQUE",POBLACION,RIZAL ST,NATIONAL RD-ANT. VOC.SCH.,RR,Residential - Regular,320.0
raw,"RDO No. 73 - San Jose, Antique is composed of the following Municipalities",,,,,"BUGASONG, ANTIQUE",POBLACION,T. JUSTO ST,NATIONAL RD - A.MABINI ST,RR,Residential - Regular,260.0
raw,"RDO No. 73 - San Jose, Antique is composed of the following Municipalities",,,,,"BUGASONG, ANTIQUE",POBLACION,YSON ST,MOSCOSO ST - NATIONAL RD,CR,Commercial - Regular,455.0
raw,"RDO No. 73 - San Jose, Antique is composed of the following Municipalities",,,,,CALUYA,POBLACION,ALL OTHER STREETS,AREA NORTH OF MUN. BLDG.,RR,Residential - Regular,45.0
raw,"RDO No. 73 - San Jose, Antique is composed of the following Municipalities",,,,,CALUYA,POBLACION,ALL OTHER STREETS,INTERIOR,RR,Residential - Regular,30.0
raw,"RDO No. 73 - San Jose, Antique is composed of the following Municipalities",,,,,CALUYA,POBLACION,ALL OTHER STREETS,INTERIOR,A,Agricultural,8.0
raw,"RDO No. 73 - San Jose, Antique is composed of the following Municipalities",,,,,CALUYA,POBLACION,ALL OTHER STREETS,INTERIOR,A1,Agricultural - A1,5.0
raw,"RDO No. 73 - San Jose, Antique is composed of the following Municipalities",,,,,CALUYA,POBLACION,ALL OTHER STREETS,INTERIOR,A2,Agricultural - A2,2.0
raw,"RDO No. 73 - San Jose, Antique is composed of the following Municipalities",,,,,CALUYA,POBLACION,ALL OTHER STREETS,INTERIOR,A3,Agricultural - A3,3.0
raw,"RDO No. 73 - San Jose, Antique is composed of the following Municipalities",,,,,CALUYA,POBLACION,ALL OTHER STREETS,INTERIOR,A4,Agricultural - A4,3.0
raw,"RDO No. 73 - San Jose, Antique is composed of the following Municipalities",,,,,CALUYA,POBLACION,ALL OTHER STREETS,INTERIOR,A5,Agricultural - A5,6.0
raw,"RDO No. 73 - San Jose, Antique is composed of the following Municipalities",,,,,CALUYA,POBLACION,ALL OTHER STREETS,INTERIOR,A7,Agricultural - A7,2.0
raw,"RDO No. 73 - San Jose, Antique is composed of the following Municipalities",,,,,CALUYA,POBLACION,ALL OTHER STREETS,INTERIOR,A8,Agricultural - A8,11.0
raw,"RDO No. 73 - San Jose, Antique is composed of the following Municipalities",,,,,CALUYA,POBLACION,ALL OTHER STREETS,INTERIOR,A11,Agricultural - A11,4.0
raw,"RDO No. 73 - San Jose, Antique is composed of the following Municipalities",,,,,CALUYA,POBLACION,ALL OTHER STREETS,INTERIOR,A12,Agricultural - A12,1.0
raw,"RDO No. 73 - San Jose, Antique is composed of the following Municipalities",,,,,CALUYA,POBLACION,ALL OTHER STREETS,INTERIOR,A13,Agricultural - A13,3.0
raw,"RDO No. 73 - San Jose, Antique is composed of the following Municipalities",,,,,CALUYA,POBLACION,ALL OTHER STREETS,INTERIOR,A14,Agricultural - A14,2.0
raw,"RDO No. 73 - San Jose, Antique is composed of the following Municipalities",,,,,CALUYA,POBLACION,ALL OTHER STREETS,INTERIOR,A15,Agricultural - A15,4.0
raw,"RDO No. 73 - San Jose, Antique is composed of the following Municipalities",,,,,CALUYA,POBLACION,HANGINAN ST,ISUG ST - TABIGUE ST,CR,Commercial - Regular,140.0
raw,"RDO No. 73 - San Jose, Antique is composed of the following Municipalities",,,,,CALUYA,POBLACION,HANGINAN ST,TABIGUE ST - TABINAS ST,RR,Residential - Regular,115.0
raw,"RDO No. 73 - San Jose, Antique is composed of the following Municipalities",,,,,CALUYA,POBLACION,HANGINAN ST,TABINAS-ELEM. SCH. SITE,RR,Residential - Regular,90.0
raw,"RDO No. 73 - San Jose, Antique is composed of the following Municipalities",,,,,CALUYA,POBLACION,LUCENA ST,TABINAS ST - KABIGSIN ST,RR,Residential - Regular,90.0
raw,"RDO No. 73 - San Jose, Antique is composed of the following Municipalities",,,,,CALUYA,POBLACION,LUCENA ST,KABIGSIN GOING TO SOUTH,RR,Residential - Regular,70.0
raw,"RDO No. 73 - San Jose, Antique is composed of the following Municipalities",,,,,CALUYA,POBLACION,SAN ANTONIO ST,MUN. BLDG. SITE-TOBIAS ST,RR,Residential - Regular,115.0
raw,"RDO No. 73 - San Jose, Antique is composed of the following Municipalities",,,,,CALUYA,POBLACION,SAN ANTONIO ST,TABINAS ST - KABIGSIN ST,RR,Residential - Regular,90.0
raw,"RDO No. 73 - San Jose, Antique is composed of the following Municipalities",,,2ND,,"CALUYA, ANTIQUE","ALEGRIA, SEMIRARA, TINOGBOC",ALL LOTS,ALONG THE ROAD,CR,Commercial - Regular,500.0
raw,"RDO No. 73 - San Jose, Antique is composed of the following Municipalities",,,2ND,,"CALUYA, ANTIQUE","ALEGRIA, SEMIRARA, TINOGBOC",ALL LOTS,ALONG THE ROAD,RR,Residential - Regular,300.0
raw,"RDO No. 73 - San Jose, Antique is composed of the following Municipalities",,,2ND,,"CALUYA, ANTIQUE","ALEGRIA, SEMIRARA, TINOGBOC",ALL LOTS,ALONG THE ROAD,A1,Agricultural - A1,22.5
raw,"RDO No. 73 - San Jose, Antique is composed of the following Municipalities",,,2ND,,"CALUYA, ANTIQUE","ALEGRIA, SEMIRARA, TINOGBOC",ALL LOTS,ALONG THE ROAD,A2,Agricultural - A2,13.8
raw,"RDO No. 73 - San Jose, Antique is composed of the following Municipalities",,,2ND,,"CALUYA, ANTIQUE","ALEGRIA, SEMIRARA, TINOGBOC",ALL LOTS,ALONG THE ROAD,A3,Agricultural - A3,6.25
raw,"RDO No. 73 - San Jose, Antique is composed of the following Municipalities",,,2ND,,"CALUYA, ANTIQUE","ALEGRIA, SEMIRARA, TINOGBOC",ALL LOTS,ALONG THE ROAD,A4,Agricultural - A4,11.75
raw,"RDO No. 73 - San Jose, Antique is composed of the following Municipalities",,,2ND,,"CALUYA, ANTIQUE","ALEGRIA, SEMIRARA, TINOGBOC",ALL LOTS,ALONG THE ROAD,A6,Agricultural - A6,33.25
raw,"RDO No. 73 - San Jose, Antique is composed of the following Municipalities",,,2ND,,"CALUYA, ANTIQUE","ALEGRIA, SEMIRARA, TINOGBOC",ALL LOTS,ALONG THE ROAD,A12,Agricultural - A12,7.7
raw,"RDO No. 73 - San Jose, Antique is composed of the following Municipalities",,,2ND,,"CALUYA, ANTIQUE","ALEGRIA, SEMIRARA, TINOGBOC",ALL LOTS,ALONG THE ROAD,A15,Agricultural - A15,5.75
raw,"RDO No. 73 - San Jose, Antique is composed of the following Municipalities",,,2ND,,"CALUYA, ANTIQUE","ALEGRIA, SEMIRARA, TINOGBOC",ALL LOTS,ALONG THE ROAD,A16,Agricultural - A16,9.6
raw,"RDO No. 73 - San Jose, Antique is composed of the following Municipalities",,,2ND,,"CALUYA, ANTIQUE","ALEGRIA, SEMIRARA, TINOGBOC",ALL LOTS,ALONG THE ROAD,A17,Agricultural - A17,16.95
raw,"RDO No. 73 - San Jose, Antique is composed of the following Municipalities",,,2ND,,"CALUYA, ANTIQUE","ALEGRIA, SEMIRARA, TINOGBOC",ALL LOTS,ALONG THE ROAD,A18,Agricultural - A18,6.5
raw,"RDO No. 73 - San Jose, Antique is composed of the following Municipalities",,,2ND,,"CALUYA, ANTIQUE","ALEGRIA, SEMIRARA, TINOGBOC",ALL LOTS,ALONG THE ROAD,A23,Agricultural - A23,9.75
raw,"RDO No. 73 - San Jose, Antique is composed of the following Municipalities",,,2ND,,"CALUYA, ANTIQUE","ALEGRIA, SEMIRARA, TINOGBOC",ALL LOTS,ALONG THE ROAD,A26,Agricultural - A26,6.85
raw,"RDO No. 73 - San Jose, Antique is composed of the following Municipalities",,,2ND,,"CALUYA, ANTIQUE","ALEGRIA, SEMIRARA, TINOGBOC",ALL LOTS,ALONG THE ROAD,A38,Agricultural - A38,10.5
raw,"RDO No. 73 - San Jose, Antique is composed of the following Municipalities",,,2ND,,"CALUYA, ANTIQUE","ALEGRIA, SEMIRARA, TINOGBOC",ALL LOTS,ALONG THE ROAD,A44,Agricultural - A44,6.5
raw,"RDO No. 73 - San Jose, Antique is composed of the following Municipalities",,,2ND,,"CALUYA, ANTIQUE","ALEGRIA, SEMIRARA, TINOGBOC",ALL LOTS,ALONG THE ROAD,A50,Agricultural - A50,5.0
raw,"RDO No. 73 - San Jose, Antique is composed of the following Municipalities",,,2ND,,"CALUYA, ANTIQUE","BACONG, BANAGO, BONBON, DAWIS, DIONELA, HARIGUE,",ALL LOTS,ALONG THE ROAD,CR,Commercial - Regular,300.0
raw,"RDO No. 73 - San Jose, Antique is composed of the following Municipalities",,,2ND,,"CALUYA, ANTIQUE","BACONG, BANAGO, BONBON, DAWIS, DIONELA, HARIGUE,",ALL LOTS,ALONG THE ROAD,RR,Residential - Regular,200.0
raw,"RDO No. 73 - San Jose, Antique is composed of the following Municipalities",,,2ND,,"CALUYA, ANTIQUE","BACONG, BANAGO, BONBON, DAWIS, DIONELA, HARIGUE,",ALL LOTS,ALONG THE ROAD,A1,Agricultural - A1,21.75
raw,"RDO No. 73 - San Jose, Antique is composed of the following Municipalities",,,2ND,,"CALUYA, ANTIQUE","BACONG, BANAGO, BONBON, DAWIS, DIONELA, HARIGUE,",ALL LOTS,ALONG THE ROAD,A2,Agricultural - A2,13.8
raw,"RDO No. 73 - San Jose, Antique is composed of the following Municipalities",,,2ND,,"CALUYA, ANTIQUE","BACONG, BANAGO, BONBON, DAWIS, DIONELA, HARIGUE,",ALL LOTS,ALONG THE ROAD,A3,Agricultural - A3,6.25
raw,"RDO No. 73 - San Jose, Antique is composed of the following Municipalities",,,2ND,,"CALUYA, ANTIQUE","BACONG, BANAGO, BONBON, DAWIS, DIONELA, HARIGUE,",ALL LOTS,ALONG THE ROAD,A4,Agricultural - A4,10.65
raw,"RDO No. 73 - San Jose, Antique is composed of the following Municipalities",,,2ND,,"CALUYA, ANTIQUE","BACONG, BANAGO, BONBON, DAWIS, DIONELA, HARIGUE,",ALL LOTS,ALONG THE ROAD,A6,Agricultural - A6,33.25
raw,"RDO No. 73 - San Jose, Antique is composed of the following Municipalities",,,2ND,,"CALUYA, ANTIQUE","BACONG, BANAGO, BONBON, DAWIS, DIONELA, HARIGUE,",ALL LOTS,ALONG THE ROAD,A12,Agricultural - A12,7.7
raw,"RDO No. 73 - San Jose, Antique is composed of the following Municipalities",,,2ND,,"CALUYA, ANTIQUE","BACONG, BANAGO, BONBON, DAWIS, DIONELA, HARIGUE,",ALL LOTS,ALONG THE ROAD,A15,Agricultural - A15,5.75
raw,"RDO No. 73 - San Jose, Antique is composed of the following Municipalities",,,2ND,,"CALUYA, ANTIQUE","BACONG, BANAGO, BONBON, DAWIS, DIONELA, HARIGUE,",ALL LOTS,ALONG THE ROAD,A16,Agricultural - A16,9.1
raw,"RDO No. 73 - San Jose, Antique is composed of the following Municipalities",,,2ND,,"CALUYA, ANTIQUE","BACONG, BANAGO, BONBON, DAWIS, DIONELA, HARIGUE,",ALL LOTS,ALONG THE ROAD,A17,Agricultural - A17,16.95
raw,"RDO No. 73 - San Jose, Antique is composed of the following Municipalities",,,2ND,,"CALUYA, ANTIQUE","BACONG, BANAGO, BONBON, DAWIS, DIONELA, HARIGUE,",ALL LOTS,ALONG THE ROAD,A18,Agricultural - A18,6.5
raw,"RDO No. 73 - San Jose, Antique is composed of the following Municipalities",,,2ND,,"CALUYA, ANTIQUE","BACONG, BANAGO, BONBON, DAWIS, DIONELA, HARIGUE,",ALL LOTS,ALONG THE ROAD,A23,Agricultural - A23,9.75
raw,"RDO No. 73 - San Jose, Antique is composed of the following Municipalities",,,2ND,,"CALUYA, ANTIQUE","BACONG, BANAGO, BONBON, DAWIS, DIONELA, HARIGUE,",ALL LOTS,ALONG THE ROAD,A26,Agricultural - A26,6.5
raw,"RDO No. 73 - San Jose, Antique is composed of the following Municipalities",,,2ND,,"CALUYA, ANTIQUE","BACONG, BANAGO, BONBON, DAWIS, DIONELA, HARIGUE,",ALL LOTS,ALONG THE ROAD,A38,Agricultural - A38,9.75
raw,"RDO No. 73 - San Jose, Antique is composed of the following Municipalities",,,2ND,,"CALUYA, ANTIQUE","BACONG, BANAGO, BONBON, DAWIS, DIONELA, HARIGUE,",ALL LOTS,ALONG THE ROAD,A44,Agricultural - A44,6.5
raw,"RDO No. 73 - San Jose, Antique is composed of the following Municipalities",,,2ND,,"CALUYA, ANTIQUE","BACONG, BANAGO, BONBON, DAWIS, DIONELA, HARIGUE,",ALL LOTS,ALONG THE ROAD,A50,Agricultural - A50,5.0
raw,"RDO No. 73 - San Jose, Antique is composed of the following Municipalities",,,2ND,,"CALUYA, ANTIQUE",POBLACION,ALL OTHER STREETS,AREA NORTH OF MUN. BLDG.,CR,Commercial - Regular,400.0
raw,"RDO No. 73 - San Jose, Antique is composed of the following Municipalities",,,2ND,,"CALUYA, ANTIQUE",POBLACION,ALL OTHER STREETS,AREA NORTH OF MUN. BLDG.,RR,Residential - Regular,200.0
raw,"RDO No. 73 - San Jose, Antique is composed of the following Municipalities",,,2ND,,"CALUYA, ANTIQUE",POBLACION,ALL OTHER STREETS,INTERIOR,RR,Residential - Regular,105.0
raw,"RDO No. 73 - San Jose, Antique is composed of the following Municipalities",,,2ND,,"CALUYA, ANTIQUE",POBLACION,ALL OTHER STREETS,INTERIOR,A1,Agricultural - A1,22.5
raw,"RDO No. 73 - San Jose, Antique is composed of the following Municipalities",,,2ND,,"CALUYA, ANTIQUE",POBLACION,ALL OTHER STREETS,INTERIOR,A2,Agricultural - A2,13.8
raw,"RDO No. 73 - San Jose, Antique is composed of the following Municipalities",,,2ND,,"CALUYA, ANTIQUE",POBLACION,ALL OTHER STREETS,INTERIOR,A3,Agricultural - A3,6.25
raw,"RDO No. 73 - San Jose, Antique is composed of the following Municipalities",,,2ND,,"CALUYA, ANTIQUE",POBLACION,ALL OTHER STREETS,INTERIOR,A4,Agricultural - A4,11.75
raw,"RDO No. 73 - San Jose, Antique is composed of the following Municipalities",,,2ND,,"CALUYA, ANTIQUE",POBLACION,ALL OTHER STREETS,INTERIOR,A6,Agricultural - A6,33.25
raw,"RDO No. 73 - San Jose, Antique is composed of the following Municipalities",,,2ND,,"CALUYA, ANTIQUE",POBLACION,ALL OTHER STREETS,INTERIOR,A12,Agricultural - A12,7.7
raw,"RDO No. 73 - San Jose, Antique is composed of the following Municipalities",,,2ND,,"CALUYA, ANTIQUE",POBLACION,ALL OTHER STREETS,INTERIOR,A15,Agricultural - A15,5.75
raw,"RDO No. 73 - San Jose, Antique is composed of the following Municipalities",,,2ND,,"CALUYA, ANTIQUE",POBLACION,ALL OTHER STREETS,INTERIOR,A16,Agricultural - A16,9.6
raw,"RDO No. 73 - San Jose, Antique is composed of the following Municipalities",,,2ND,,"CALUYA, ANTIQUE",POBLACION,ALL OTHER STREETS,INTERIOR,A17,Agricultural - A17,16.95
raw,"RDO No. 73 - San Jose, Antique is composed of the following Municipalities",,,2ND,,"CALUYA, ANTIQUE",POBLACION,ALL OTHER STREETS,INTERIOR,A18,Agricultural - A18,6.5
raw,"RDO No. 73 - San Jose, Antique is composed of the following Municipalities",,,2ND,,"CALUYA, ANTIQUE",POBLACION,ALL OTHER STREETS,INTERIOR,A23,Agricultural - A23,9.75
raw,"RDO No. 73 - San Jose, Antique is composed of the following Municipalities",,,2ND,,"CALUYA, ANTIQUE",POBLACION,ALL OTHER STREETS,INTERIOR,A26,Agricultural - A26,6.85
raw,"RDO No. 73 - San Jose, Antique is composed of the following Municipalities",,,2ND,,"CALUYA, ANTIQUE",POBLACION,ALL OTHER STREETS,INTERIOR,A38,Agricultural - A38,10.5
raw,"RDO No. 73 - San Jose, Antique is composed of the following Municipalities",,,2ND,,"CALUYA, ANTIQUE",POBLACION,ALL OTHER STREETS,INTERIOR,A44,Agricultural - A44,6.5
raw,"RDO No. 73 - San Jose, Antique is composed of the following Municipalities",,,2ND,,"CALUYA, ANTIQUE",POBLACION,ALL OTHER STREETS,INTERIOR,A50,Agricultural - A50,5.0
raw,"RDO No. 73 - San Jose, Antique is composed of the following Municipalities",,,,,"CALUYA, ANTIQUE",POBLACION,ALL OTHER STREETS,AREA NORTH OF MUN. BLDG.,RR,Residential - Regular,90.0
raw,"RDO No. 73 - San Jose, Antique is composed of the following Municipalities",,,,,"CALUYA, ANTIQUE",POBLACION,ALL OTHER STREETS,INTERIOR,RR,Residential - Regular,60.0
raw,"RDO No. 73 - San Jose, Antique is composed of the following Municipalities",,,,,"CALUYA, ANTIQUE",POBLACION,ALL OTHER STREETS,INTERIOR,A1,Agricultural - A1,11.0
raw,"RDO No. 73 - San Jose, Antique is composed of the following Municipalities",,,,,"CALUYA, ANTIQUE",POBLACION,ALL OTHER STREETS,INTERIOR,A2,Agricultural - A2,7.25
raw,"RDO No. 73 - San Jose, Antique is composed of the following Municipalities",,,,,"CALUYA, ANTIQUE",POBLACION,ALL OTHER STREETS,INTERIOR,A3,Agricultural - A3,4.0
raw,"RDO No. 73 - San Jose, Antique is composed of the following Municipalities",,,,,"CALUYA, ANTIQUE",POBLACION,ALL OTHER STREETS,INTERIOR,A4,Agricultural - A4,6.0
raw,"RDO No. 73 - San Jose, Antique is composed of the following Municipalities",,,,,"CALUYA, ANTIQUE",POBLACION,ALL OTHER STREETS,INTERIOR,A6,Agricultural - A6,14.75
raw,"RDO No. 73 - San Jose, Antique is composed of the following Municipalities",,,,,"CALUYA, ANTIQUE",POBLACION,ALL OTHER STREETS,INTERIOR,A12,Agricultural - A12,5.0
raw,"RDO No. 73 - San Jose, Antique is composed of the following Municipalities",,,,,"CALUYA, ANTIQUE",POBLACION,ALL OTHER STREETS,INTERIOR,A15,Agricultural - A15,3.0
raw,"RDO No. 73 - San Jose, Antique is composed of the following Municipalities",,,,,"CALUYA, ANTIQUE",POBLACION,ALL OTHER STREETS,INTERIOR,A16,Agricultural - A16,6.0
raw,"RDO No. 73 - San Jose, Antique is composed of the following Municipalities",,,,,"CALUYA, ANTIQUE",POBLACION,ALL OTHER STREETS,INTERIOR,A17,Agricultural - A17,8.5
raw,"RDO No. 73 - San Jose, Antique is composed of the following Municipalities",,,,,"CALUYA, ANTIQUE",POBLACION,ALL OTHER STREETS,INTERIOR,A18,Agricultural - A18,4.0
raw,"RDO No. 73 - San Jose, Antique is composed of the following Municipalities",,,,,"CALUYA, ANTIQUE",POBLACION,ALL OTHER STREETS,INTERIOR,A23,Agricultural - A23,6.0
raw,"RDO No. 73 - San Jose, Antique is composed of the following Municipalities",,,,,"CALUYA, ANTIQUE",POBLACION,ALL OTHER STREETS,INTERIOR,A26,Agricultural - A26,4.0
raw,"RDO No. 73 - San Jose, Antique is composed of the following Municipalities",,,,,"CALUYA, ANTIQUE",POBLACION,ALL OTHER STREETS,INTERIOR,A38,Agricultural - A38,6.0
raw,"RDO No. 73 - San Jose, Antique is composed of the following Municipalities",,,,,"CALUYA, ANTIQUE",POBLACION,ALL OTHER STREETS,INTERIOR,A44,Agricultural - A44,4.0
raw,"RDO No. 73 - San Jose, Antique is composed of the following Municipalities",,,2ND,,"CALUYA, ANTIQUE",POBLACION,HANGINAN ST,ISUG ST - TABAGUE ST,CR,Commercial - Regular,535.0
raw,"RDO No. 73 - San Jose, Antique is composed of the following Municipalities",,,2ND,,"CALUYA, ANTIQUE",POBLACION,HANGINAN ST,ISUG ST - TABAGUE ST,RR,Residential - Regular,300.0
raw,"RDO No. 73 - San Jose, Antique is composed of the following Municipalities",,,2ND,,"CALUYA, ANTIQUE",POBLACION,HANGINAN ST,TABIGUE ST - TABINAS ST,CR,Commercial - Regular,400.0
raw,"RDO No. 73 - San Jose, Antique is composed of the following Municipalities",,,2ND,,"CALUYA, ANTIQUE",POBLACION,HANGINAN ST,TABIGUE ST - TABINAS ST,RR,Residential - Regular,325.0
raw,"RDO No. 73 - San Jose, Antique is composed of the following Municipalities",,,2ND,,"CALUYA, ANTIQUE",POBLACION,HANGINAN ST,TABINAS-ELEM. SCH. SITE,CR,Commercial - Regular,400.0
raw,"RDO No. 73 - San Jose, Antique is composed of the following Municipalities",,,2ND,,"CALUYA, ANTIQUE",POBLACION,HANGINAN ST,TABINAS-ELEM. SCH. SITE,RR,Residential - Regular,300.0
raw,"RDO No. 73 - San Jose, Antique is composed of the following Municipalities",,,,,"CALUYA, ANTIQUE",POBLACION,HANGINAN ST,ISUG ST - TABIGUE ST,CR,Commercial - Regular,260.0
raw,"RDO No. 73 - San Jose, Antique is composed of the following Municipalities",,,,,"CALUYA, ANTIQUE",POBLACION,HANGINAN ST,TABIGUE ST - TABINAS ST,RR,Residential - Regular,215.0
raw,"RDO No. 73 - San Jose, Antique is composed of the following Municipalities",,,,,"CALUYA, ANTIQUE",POBLACION,HANGINAN ST,TABINAS-ELEM. SCH. SITE,RR,Residential - Regular,190.0
raw,"RDO No. 73 - San Jose, Antique is composed of the following Municipalities",,,2ND,,"CALUYA, ANTIQUE",POBLACION,LUCENA ST,TABINAS ST - KABIGSIN ST,CR,Commercial - Regular,400.0
raw,"RDO No. 73 - San Jose, Antique is composed of the following Municipalities",,,2ND,,"CALUYA, ANTIQUE",POBLACION,LUCENA ST,TABINAS ST - KABIGSIN ST,RR,Residential - Regular,300.0
raw,"RDO No. 73 - San Jose, Antique is composed of the following Municipalities",,,,,"CALUYA, ANTIQUE",POBLACION,LUCENA ST,TABINAS ST - KABIGSIN ST,RR,Residential - Regular,190.0
raw,"RDO No. 73 - San Jose, Antique is composed of the following Municipalities",,,,,"CALUYA, ANTIQUE",POBLACION,LUCENA ST,KABIGSIN GOING TO SOUTH,RR,Residential - Regular,170.0
raw,"RDO No. 73 - San Jose, Antique is composed of the following Municipalities",,,2ND,,"CALUYA, ANTIQUE",POBLACION,SAN ANTONIO ST,KABIGSIN GOING TO SOUTH,CR,Commercial - Regular,400.0
raw,"RDO No. 73 - San Jose, Antique is composed of the following Municipalities",,,2ND,,"CALUYA, ANTIQUE",POBLACION,SAN ANTONIO ST,KABIGSIN GOING TO SOUTH,RR,Residential - Regular,280.0
raw,"RDO No. 73 - San Jose, Antique is composed of the following Municipalities",,,2ND,,"CALUYA, ANTIQUE",POBLACION,SAN ANTONIO ST,MUN. BLDG. SITE - TOBIAS ST,CR,Commercial - Regular,400.0
raw,"RDO No. 73 - San Jose, Antique is composed of the following Municipalities",,,2ND,,"CALUYA, ANTIQUE",POBLACION,SAN ANTONIO ST,MUN. BLDG. SITE - TOBIAS ST,RR,Residential - Regular,325.0
raw,"RDO No. 73 - San Jose, Antique is composed of the following Municipalities",,,2ND,,"CALUYA, ANTIQUE",POBLACION,SAN ANTONIO ST,TABINAS ST - KABIGSIN ST,CR,Commercial - Regular,400.0
raw,"RDO No. 73 - San Jose, Antique is composed of the following Municipalities",,,2ND,,"CALUYA, ANTIQUE",POBLACION,SAN ANTONIO ST,TABINAS ST - KABIGSIN ST,RR,Residential - Regular,300.0
raw,"RDO No. 73 - San Jose, Antique is composed of the following Municipalities",,,,,"CALUYA, ANTIQUE",POBLACION,SAN ANTONIO ST,MUN. BLDG. SITE-TOBIAS ST,RR,Residential - Regular,215.0
raw,"RDO No. 73 - San Jose, Antique is composed of the following Municipalities",,,,,"CALUYA, ANTIQUE",POBLACION,SAN ANTONIO ST,TABINAS ST - KABIGSIN ST,RR,Residential - Regular,190.0
raw,"RDO No. 73 - San Jose, Antique is composed of the following Municipalities",,,,,CULASI,POBLACION,ALL OTHER STREETS,ALL WEATHER ROADS(W/IN 1KM FR POB),RR,Residential - Regular,90.0
raw,"RDO No. 73 - San Jose, Antique is composed of the following Municipalities",,,,,CULASI,POBLACION,ALL OTHER STREETS,ALL WEATHER ROADS (MORE THAN 1KM FR POB),RR,Residential - Regular,60.0
raw,"RDO No. 73 - San Jose, Antique is composed of the following Municipalities",,,,,CULASI,POBLACION,ALL OTHER STREETS,INTERIOR,RR,Residential - Regular,40.0
raw,"RDO No. 73 - San Jose, Antique is composed of the following Municipalities",,,,,CULASI,POBLACION,ALL OTHER STREETS,INTERIOR,A,Agricultural,12.0
raw,"RDO No. 73 - San Jose, Antique is composed of the following Municipalities",,,,,CULASI,POBLACION,ALL OTHER STREETS,INTERIOR,A1,Agricultural - A1,7.0
raw,"RDO No. 73 - San Jose, Antique is composed of the following Municipalities",,,,,CULASI,POBLACION,ALL OTHER STREETS,INTERIOR,A2,Agricultural - A2,3.0
raw,"RDO No. 73 - San Jose, Antique is composed of the following Municipalities",,,,,CULASI,POBLACION,ALL OTHER STREETS,INTERIOR,A3,Agricultural - A3,4.0
raw,"RDO No. 73 - San Jose, Antique is composed of the following Municipalities",,,,,CULASI,POBLACION,ALL OTHER STREETS,INTERIOR,A4,Agricultural - A4,4.0
raw,"RDO No. 73 - San Jose, Antique is composed of the following Municipalities",,,,,CULASI,POBLACION,ALL OTHER STREETS,INTERIOR,A5,Agricultural - A5,10.0
raw,"RDO No. 73 - San Jose, Antique is composed of the following Municipalities",,,,,CULASI,POBLACION,ALL OTHER STREETS,INTERIOR,A6,Agricultural - A6,3.0
raw,"RDO No. 73 - San Jose, Antique is composed of the following Municipalities",,,,,CULASI,POBLACION,ALL OTHER STREETS,INTERIOR,A7,Agricultural - A7,2.0
raw,"RDO No. 73 - San Jose, Antique is composed of the following Municipalities",,,,,CULASI,POBLACION,ALL OTHER STREETS,INTERIOR,A8,Agricultural - A8,19.0
raw,"RDO No. 73 - San Jose, Antique is composed of the following Municipalities",,,,,CULASI,POBLACION,ALL OTHER STREETS,INTERIOR,A9,Agricultural - A9,25.0
raw,"RDO No. 73 - San Jose, Antique is composed of the following Municipalities",,,,,CULASI,POBLACION,ALL OTHER STREETS,INTERIOR,A10,Agricultural - A10,2.0
raw,"RDO No. 73 - San Jose, Antique is composed of the following Municipalities",,,,,CULASI,POBLACION,ALL OTHER STREETS,INTERIOR,A11,Agricultural - A11,4.0
raw,"RDO No. 73 - San Jose, Antique is composed of the following Municipalities",,,,,CULASI,POBLACION,ALL OTHER STREETS,INTERIOR,A12,Agricultural - A12,1.0
raw,"RDO No. 73 - San Jose, Antique is composed of the following Municipalities",,,,,CULASI,POBLACION,ALL OTHER STREETS,INTERIOR,A13,Agricultural - A13,3.0
raw,"RDO No. 73 - San Jose, Antique is composed of the following Municipalities",,,,,CULASI,POBLACION,ALL OTHER STREETS,INTERIOR,A14,Agricultural - A14,2.0
raw,"RDO No. 73 - San Jose, Antique is composed of the following Municipalities",,,,,CULASI,POBLACION,ALL OTHER STREETS,INTERIOR,A15,Agricultural - A15,4.0
raw,"RDO No. 73 - San Jose, Antique is composed of the following Municipalities",,,,,CULASI,POBLACION,ALOJADO ST,GANO ST-DIOSO ST,RR,Residential - Regular,200.0
raw,"RDO No. 73 - San Jose, Antique is composed of the following Municipalities",,,,,CULASI,POBLACION,ALOJADO ST,JAVIER ST-MARTINEZ ST,RR,Residential - Regular,200.0
raw,"RDO No. 73 - San Jose, Antique is composed of the following Municipalities",,,,,CULASI,POBLACION,ARIOLA LEDESMA ST,CULASI BLVD.-FRATERNIDAD,RR,Residential - Regular,200.0
raw,"RDO No. 73 - San Jose, Antique is composed of the following Municipalities",,,,,CULASI,POBLACION,CADIAO ST,SALAZAR - DIOSO ST,CR,Commercial - Regular,350.0
raw,"RDO No. 73 - San Jose, Antique is composed of the following Municipalities",,,,,CULASI,POBLACION,ESPANOLA ST,ALOJADO ST-M. DIOSO ST,RR,Residential - Regular,135.0
raw,"RDO No. 73 - San Jose, Antique is composed of the following Municipalities",,,,,CULASI,POBLACION,FRATERNIDAD,GANO ST-MARTINEZ,RR,Residential - Regular,200.0
raw,"RDO No. 73 - San Jose, Antique is composed of the following Municipalities",,,,,CULASI,POBLACION,JAVIER ST,CADIAO GOING EAST,RR,Residential - Regular,240.0
raw,"RDO No. 73 - San Jose, Antique is composed of the following Municipalities",,,,,CULASI,POBLACION,M. DIOSO ST,MUN. BLDG.-FRATERNIDAD,RR,Residential - Regular,240.0
raw,"RDO No. 73 - San Jose, Antique is composed of the following Municipalities",,,,,CULASI,POBLACION,NATIONAL ROAD,LEDESMA - M. DIOSO,CR,Commercial - Regular,310.0
raw,"RDO No. 73 - San Jose, Antique is composed of the following Municipalities",,,,,CULASI,POBLACION,NATIONAL ROAD,DIOSO - JAVIER ST,RR,Residential - Regular,240.0
raw,"RDO No. 73 - San Jose, Antique is composed of the following Municipalities",,,,,CULASI,POBLACION,NATIONAL ROAD,JAVIER ST-MARTINEZ,RR,Residential - Regular,200.0
raw,"RDO No. 73 - San Jose, Antique is composed of the following Municipalities",,,,,CULASI,POBLACION,NATIONAL ROAD,MARTINEZ ST-SALVE ST,RR,Residential - Regular,135.0
raw,"RDO No. 73 - San Jose, Antique is composed of the following Municipalities",,,2ND,,"CULASI, ANTIQUE","ALOJIPAN, BATBATAN ISALNG, BUENAVISTA, FLORES,",ALL LOTS,ALONG THE ROAD,CR,Commercial - Regular,200.0
raw,"RDO No. 73 - San Jose, Antique is composed of the following Municipalities",,,2ND,,"CULASI, ANTIQUE","ALOJIPAN, BATBATAN ISALNG, BUENAVISTA, FLORES,",ALL LOTS,ALONG THE ROAD,RR,Residential - Regular,130.0
raw,"RDO No. 73 - San Jose, Antique is composed of the following Municipalities",,,2ND,,"CULASI, ANTIQUE","ALOJIPAN, BATBATAN ISALNG, BUENAVISTA, FLORES,",ALL LOTS,INTERIOR,RR,Residential - Regular,90.0
raw,"RDO No. 73 - San Jose, Antique is composed of the following Municipalities",,,2ND,,"CULASI, ANTIQUE","ALOJIPAN, BATBATAN ISALNG, BUENAVISTA, FLORES,",ALL LOTS,INTERIOR,A1,Agricultural - A1,27.25
raw,"RDO No. 73 - San Jose, Antique is composed of the following Municipalities",,,2ND,,"CULASI, ANTIQUE","ALOJIPAN, BATBATAN ISALNG, BUENAVISTA, FLORES,",ALL LOTS,INTERIOR,A2,Agricultural - A2,16.3
raw,"RDO No. 73 - San Jose, Antique is composed of the following Municipalities",,,2ND,,"CULASI, ANTIQUE","ALOJIPAN, BATBATAN ISALNG, BUENAVISTA, FLORES,",ALL LOTS,INTERIOR,A3,Agricultural - A3,7.0
raw,"RDO No. 73 - San Jose, Antique is composed of the following Municipalities",,,2ND,,"CULASI, ANTIQUE","ALOJIPAN, BATBATAN ISALNG, BUENAVISTA, FLORES,",ALL LOTS,INTERIOR,A4,Agricultural - A4,10.65
raw,"RDO No. 73 - San Jose, Antique is composed of the following Municipalities",,,2ND,,"CULASI, ANTIQUE","ALOJIPAN, BATBATAN ISALNG, BUENAVISTA, FLORES,",ALL LOTS,INTERIOR,A6,Agricultural - A6,37.55
raw,"RDO No. 73 - San Jose, Antique is composed of the following Municipalities",,,2ND,,"CULASI, ANTIQUE","ALOJIPAN, BATBATAN ISALNG, BUENAVISTA, FLORES,",ALL LOTS,INTERIOR,A8,Agricultural - A8,6.9
raw,"RDO No. 73 - San Jose, Antique is composed of the following Municipalities",,,2ND,,"CULASI, ANTIQUE","ALOJIPAN, BATBATAN ISALNG, BUENAVISTA, FLORES,",ALL LOTS,INTERIOR,A12,Agricultural - A12,7.7
raw,"RDO No. 73 - San Jose, Antique is composed of the following Municipalities",,,2ND,,"CULASI, ANTIQUE","ALOJIPAN, BATBATAN ISALNG, BUENAVISTA, FLORES,",ALL LOTS,INTERIOR,A15,Agricultural - A15,5.75
raw,"RDO No. 73 - San Jose, Antique is composed of the following Municipalities",,,2ND,,"CULASI, ANTIQUE","ALOJIPAN, BATBATAN ISALNG, BUENAVISTA, FLORES,",ALL LOTS,INTERIOR,A16,Agricultural - A16,9.1
raw,"RDO No. 73 - San Jose, Antique is composed of the following Municipalities",,,2ND,,"CULASI, ANTIQUE","ALOJIPAN, BATBATAN ISALNG, BUENAVISTA, FLORES,",ALL LOTS,INTERIOR,A17,Agricultural - A17,21.95
raw,"RDO No. 73 - San Jose, Antique is composed of the following Municipalities",,,2ND,,"CULASI, ANTIQUE","ALOJIPAN, BATBATAN ISALNG, BUENAVISTA, FLORES,",ALL LOTS,INTERIOR,A18,Agricultural - A18,10.7
raw,"RDO No. 73 - San Jose, Antique is composed of the following Municipalities",,,2ND,,"CULASI, ANTIQUE","ALOJIPAN, BATBATAN ISALNG, BUENAVISTA, FLORES,",ALL LOTS,INTERIOR,A23,Agricultural - A23,13.5
raw,"RDO No. 73 - San Jose, Antique is composed of the following Municipalities",,,2ND,,"CULASI, ANTIQUE","ALOJIPAN, BATBATAN ISALNG, BUENAVISTA, FLORES,",ALL LOTS,INTERIOR,A26,Agricultural - A26,9.0
raw,"RDO No. 73 - San Jose, Antique is composed of the following Municipalities",,,2ND,,"CULASI, ANTIQUE","ALOJIPAN, BATBATAN ISALNG, BUENAVISTA, FLORES,",ALL LOTS,INTERIOR,A38,Agricultural - A38,13.5
raw,"RDO No. 73 - San Jose, Antique is composed of the following Municipalities",,,2ND,,"CULASI, ANTIQUE","ALOJIPAN, BATBATAN ISALNG, BUENAVISTA, FLORES,",ALL LOTS,INTERIOR,A42,Agricultural - A42,72.55
raw,"RDO No. 73 - San Jose, Antique is composed of the following Municipalities",,,2ND,,"CULASI, ANTIQUE","ALOJIPAN, BATBATAN ISALNG, BUENAVISTA, FLORES,",ALL LOTS,INTERIOR,A44,Agricultural - A44,5.5
raw,"RDO No. 73 - San Jose, Antique is composed of the following Municipalities",,,2ND,,"CULASI, ANTIQUE","ALOJIPAN, BATBATAN ISALNG, BUENAVISTA, FLORES,",ALL LOTS,INTERIOR,A50,Agricultural - A50,5.0
raw,"RDO No. 73 - San Jose, Antique is composed of the following Municipalities",,,2ND,,"CULASI, ANTIQUE","BAGACAY, BALAC-BALAC, BATONAN NORTE, BATONAN SUR,",ALL LOTS,ALONG THE ROAD,CR,Commercial - Regular,225.0
raw,"RDO No. 73 - San Jose, Antique is composed of the following Municipalities",,,2ND,,"CULASI, ANTIQUE","BAGACAY, BALAC-BALAC, BATONAN NORTE, BATONAN SUR,",ALL LOTS,ALONG THE ROAD,RR,Residential - Regular,140.0
raw,"RDO No. 73 - San Jose, Antique is composed of the following Municipalities",,,2ND,,"CULASI, ANTIQUE","BAGACAY, BALAC-BALAC, BATONAN NORTE, BATONAN SUR,",ALL LOTS,INTERIOR,RR,Residential - Regular,100.0
raw,"RDO No. 73 - San Jose, Antique is composed of the following Municipalities",,,2ND,,"CULASI, ANTIQUE","BAGACAY, BALAC-BALAC, BATONAN NORTE, BATONAN SUR,",ALL LOTS,INTERIOR,A1,Agricultural - A1,28.0
raw,"RDO No. 73 - San Jose, Antique is composed of the following Municipalities",,,2ND,,"CULASI, ANTIQUE","BAGACAY, BALAC-BALAC, BATONAN NORTE, BATONAN SUR,",ALL LOTS,INTERIOR,A2,Agricultural - A2,17.35
raw,"RDO No. 73 - San Jose, Antique is composed of the following Municipalities",,,2ND,,"CULASI, ANTIQUE","BAGACAY, BALAC-BALAC, BATONAN NORTE, BATONAN SUR,",ALL LOTS,INTERIOR,A3,Agricultural - A3,7.9
raw,"RDO No. 73 - San Jose, Antique is composed of the following Municipalities",,,2ND,,"CULASI, ANTIQUE","BAGACAY, BALAC-BALAC, BATONAN NORTE, BATONAN SUR,",ALL LOTS,INTERIOR,A4,Agricultural - A4,10.65
raw,"RDO No. 73 - San Jose, Antique is composed of the following Municipalities",,,2ND,,"CULASI, ANTIQUE","BAGACAY, BALAC-BALAC, BATONAN NORTE, BATONAN SUR,",ALL LOTS,INTERIOR,A6,Agricultural - A6,39.05
raw,"RDO No. 73 - San Jose, Antique is composed of the following Municipalities",,,2ND,,"CULASI, ANTIQUE","BAGACAY, BALAC-BALAC, BATONAN NORTE, BATONAN SUR,",ALL LOTS,INTERIOR,A8,Agricultural - A8,6.9
raw,"RDO No. 73 - San Jose, Antique is composed of the following Municipalities",,,2ND,,"CULASI, ANTIQUE","BAGACAY, BALAC-BALAC, BATONAN NORTE, BATONAN SUR,",ALL LOTS,INTERIOR,A12,Agricultural - A12,7.7
raw,"RDO No. 73 - San Jose, Antique is composed of the following Municipalities",,,2ND,,"CULASI, ANTIQUE","BAGACAY, BALAC-BALAC, BATONAN NORTE, BATONAN SUR,",ALL LOTS,INTERIOR,A15,Agricultural - A15,5.75
raw,"RDO No. 73 - San Jose, Antique is composed of the following Municipalities",,,2ND,,"CULASI, ANTIQUE","BAGACAY, BALAC-BALAC, BATONAN NORTE, BATONAN SUR,",ALL LOTS,INTERIOR,A16,Agricultural - A16,9.1
raw,"RDO No. 73 - San Jose, Antique is composed of the following Municipalities",,,2ND,,"CULASI, ANTIQUE","BAGACAY, BALAC-BALAC, BATONAN NORTE, BATONAN SUR,",ALL LOTS,INTERIOR,A17,Agricultural - A17,23.45
raw,"RDO No. 73 - San Jose, Antique is composed of the following Municipalities",,,2ND,,"CULASI, ANTIQUE","BAGACAY, BALAC-BALAC, BATONAN NORTE, BATONAN SUR,",ALL LOTS,INTERIOR,A18,Agricultural - A18,10.7
raw,"RDO No. 73 - San Jose, Antique is composed of the following Municipalities",,,2ND,,"CULASI, ANTIQUE","BAGACAY, BALAC-BALAC, BATONAN NORTE, BATONAN SUR,",ALL LOTS,INTERIOR,A23,Agricultural - A23,13.5
raw,"RDO No. 73 - San Jose, Antique is composed of the following Municipalities",,,2ND,,"CULASI, ANTIQUE","BAGACAY, BALAC-BALAC, BATONAN NORTE, BATONAN SUR,",ALL LOTS,INTERIOR,A26,Agricultural - A26,9.0
raw,"RDO No. 73 - San Jose, Antique is composed of the following Municipalities",,,2ND,,"CULASI, ANTIQUE","BAGACAY, BALAC-BALAC, BATONAN NORTE, BATONAN SUR,",ALL LOTS,INTERIOR,A38,Agricultural - A38,13.5
raw,"RDO No. 73 - San Jose, Antique is composed of the following Municipalities",,,2ND,,"CULASI, ANTIQUE","BAGACAY, BALAC-BALAC, BATONAN NORTE, BATONAN SUR,",ALL LOTS,INTERIOR,A42,Agricultural - A42,72.55
raw,"RDO No. 73 - San Jose, Antique is composed of the following Municipalities",,,2ND,,"CULASI, ANTIQUE","BAGACAY, BALAC-BALAC, BATONAN NORTE, BATONAN SUR,",ALL LOTS,INTERIOR,A44,Agricultural - A44,5.5
raw,"RDO No. 73 - San Jose, Antique is composed of the following Municipalities",,,2ND,,"CULASI, ANTIQUE","BAGACAY, BALAC-BALAC, BATONAN NORTE, BATONAN SUR,",ALL LOTS,INTERIOR,A50,Agricultural - A50,5.0
raw,"RDO No. 73 - San Jose, Antique is composed of the following Municipalities",,,2ND,,"CULASI, ANTIQUE","CENTRO NORTE (POB), CENTRO POBLACION and",ALL OTHER STREETS,ALL WEATHER ROADS WITHIN POBLACION,CR,Commercial - Regular,250.0
raw,"RDO No. 73 - San Jose, Antique is composed of the following Municipalities",,,2ND,,"CULASI, ANTIQUE","CENTRO NORTE (POB), CENTRO POBLACION and",ALL OTHER STREETS,ALL WEATHER ROADS WITHIN POBLACION,RR,Residential - Regular,225.0
raw,"RDO No. 73 - San Jose, Antique is composed of the following Municipalities",,,2ND,,"CULASI, ANTIQUE","CENTRO NORTE (POB), CENTRO POBLACION and",ALL OTHER STREETS,MORE THAN 1KM OUTSIDE POBLACION,RR,Residential - Regular,160.0
raw,"RDO No. 73 - San Jose, Antique is composed of the following Municipalities",,,2ND,,"CULASI, ANTIQUE","CENTRO NORTE (POB), CENTRO POBLACION and",ALL OTHER STREETS,INTERIOR,RR,Residential - Regular,140.0
raw,"RDO No. 73 - San Jose, Antique is composed of the following Municipalities",,,2ND,,"CULASI, ANTIQUE","CENTRO NORTE (POB), CENTRO POBLACION and",ALL OTHER STREETS,INTERIOR,A1,Agricultural - A1,28.0
raw,"RDO No. 73 - San Jose, Antique is composed of the following Municipalities",,,2ND,,"CULASI, ANTIQUE","CENTRO NORTE (POB), CENTRO POBLACION and",ALL OTHER STREETS,INTERIOR,A2,Agricultural - A2,17.35
raw,"RDO No. 73 - San Jose, Antique is composed of the following Municipalities",,,2ND,,"CULASI, ANTIQUE","CENTRO NORTE (POB), CENTRO POBLACION and",ALL OTHER STREETS,INTERIOR,A3,Agricultural - A3,7.9
raw,"RDO No. 73 - San Jose, Antique is composed of the following Municipalities",,,2ND,,"CULASI, ANTIQUE","CENTRO NORTE (POB), CENTRO POBLACION and",ALL OTHER STREETS,INTERIOR,A4,Agricultural - A4,10.65
raw,"RDO No. 73 - San Jose, Antique is composed of the following Municipalities",,,2ND,,"CULASI, ANTIQUE","CENTRO NORTE (POB), CENTRO POBLACION and",ALL OTHER STREETS,INTERIOR,A6,Agricultural - A6,39.05
raw,"RDO No. 73 - San Jose, Antique is composed of the following Municipalities",,,2ND,,"CULASI, ANTIQUE","CENTRO NORTE (POB), CENTRO POBLACION and",ALL OTHER STREETS,INTERIOR,A8,Agricultural - A8,6.9
raw,"RDO No. 73 - San Jose, Antique is composed of the following Municipalities",,,2ND,,"CULASI, ANTIQUE","CENTRO NORTE (POB), CENTRO POBLACION and",ALL OTHER STREETS,INTERIOR,A12,Agricultural - A12,7.7
raw,"RDO No. 73 - San Jose, Antique is composed of the following Municipalities",,,2ND,,"CULASI, ANTIQUE","CENTRO NORTE (POB), CENTRO POBLACION and",ALL OTHER STREETS,INTERIOR,A15,Agricultural - A15,5.75
raw,"RDO No. 73 - San Jose, Antique is composed of the following Municipalities",,,2ND,,"CULASI, ANTIQUE","CENTRO NORTE (POB), CENTRO POBLACION and",ALL OTHER STREETS,INTERIOR,A16,Agricultural - A16,9.1
raw,"RDO No. 73 - San Jose, Antique is composed of the following Municipalities",,,2ND,,"CULASI, ANTIQUE","CENTRO NORTE (POB), CENTRO POBLACION and",ALL OTHER STREETS,INTERIOR,A17,Agricultural - A17,23.45
raw,"RDO No. 73 - San Jose, Antique is composed of the following Municipalities",,,2ND,,"CULASI, ANTIQUE","CENTRO NORTE (POB), CENTRO POBLACION and",ALL OTHER STREETS,INTERIOR,A18,Agricultural - A18,10.7
raw,"RDO No. 73 - San Jose, Antique is composed of the following Municipalities",,,2ND,,"CULASI, ANTIQUE","CENTRO NORTE (POB), CENTRO POBLACION and",ALL OTHER STREETS,INTERIOR,A23,Agricultural - A23,13.5
raw,"RDO No. 73 - San Jose, Antique is composed of the following Municipalities",,,2ND,,"CULASI, ANTIQUE","CENTRO NORTE (POB), CENTRO POBLACION and",ALL OTHER STREETS,INTERIOR,A26,Agricultural - A26,9.0
raw,"RDO No. 73 - San Jose, Antique is composed of the following Municipalities",,,2ND,,"CULASI, ANTIQUE","CENTRO NORTE (POB), CENTRO POBLACION and",ALL OTHER STREETS,INTERIOR,A38,Agricultural - A38,13.5
raw,"RDO No. 73 - San Jose, Antique is composed of the following Municipalities",,,2ND,,"CULASI, ANTIQUE","CENTRO NORTE (POB), CENTRO POBLACION and",ALL OTHER STREETS,INTERIOR,A42,Agricultural - A42,72.55
raw,"RDO No. 73 - San Jose, Antique is composed of the following Municipalities",,,2ND,,"CULASI, ANTIQUE","CENTRO NORTE (POB), CENTRO POBLACION and",ALL OTHER STREETS,INTERIOR,A44,Agricultural - A44,5.5
raw,"RDO No. 73 - San Jose, Antique is composed of the following Municipalities",,,2ND,,"CULASI, ANTIQUE","CENTRO NORTE (POB), CENTRO POBLACION and",ALL OTHER STREETS,INTERIOR,A50,Agricultural - A50,5.0
raw,"RDO No. 73 - San Jose, Antique is composed of the following Municipalities",,,2ND,,"CULASI, ANTIQUE","CENTRO NORTE (POB), CENTRO POBLACION and",ALOJADO ST.,MARTINEZ ST.-SALVE ST.,CR,Commercial - Regular,795.0
raw,"RDO No. 73 - San Jose, Antique is composed of the following Municipalities",,,2ND,,"CULASI, ANTIQUE","CENTRO NORTE (POB), CENTRO POBLACION and",ALOJADO ST.,GANO ST.- DIOSO ST.,RR,Residential - Regular,470.0
raw,"RDO No. 73 - San Jose, Antique is composed of the following Municipalities",,,2ND,,"CULASI, ANTIQUE","CENTRO NORTE (POB), CENTRO POBLACION and",ALOJADO ST.,JAVIER ST. - MARTINEZ ST.,RR,Residential - Regular,470.0
raw,"RDO No. 73 - San Jose, Antique is composed of the following Municipalities",,,2ND,,"CULASI, ANTIQUE","CENTRO NORTE (POB), CENTRO POBLACION and",ARIOLA LEDESMA ST.,JAVIER ST. - MARTINEZ ST.,CR,Commercial - Regular,795.0
raw,"RDO No. 73 - San Jose, Antique is composed of the following Municipalities",,,2ND,,"CULASI, ANTIQUE","CENTRO NORTE (POB), CENTRO POBLACION and",ARIOLA LEDESMA ST.,CULASI BLVD. -FRATERNIDAD ST.,RR,Residential - Regular,470.0
raw,"RDO No. 73 - San Jose, Antique is composed of the following Municipalities",,,2ND,,"CULASI, ANTIQUE","CENTRO NORTE (POB), CENTRO POBLACION and",CADIAO ST.,SALAZAR ST.-DIOSO ST.,CR,Commercial - Regular,875.0
raw,"RDO No. 73 - San Jose, Antique is composed of the following Municipalities",,,2ND,,"CULASI, ANTIQUE","CENTRO NORTE (POB), CENTRO POBLACION and",CADIAO ST.,SALAZAR ST.-DIOSO ST.,RR,Residential - Regular,335.0
raw,"RDO No. 73 - San Jose, Antique is composed of the following Municipalities",,,2ND,,"CULASI, ANTIQUE","CENTRO NORTE (POB), CENTRO POBLACION and",ESPAÑOLA ST.,ALOJADO ST.-M. DIOSO ST.,RR,Residential - Regular,375.0
raw,"RDO No. 73 - San Jose, Antique is composed of the following Municipalities",,,2ND,,"CULASI, ANTIQUE","CENTRO NORTE (POB), CENTRO POBLACION and",ESPAÑOLA ST.,ALOJADO ST.-M. DIOSO ST.,CR,Commercial - Regular,650.0
raw,"RDO No. 73 - San Jose, Antique is composed of the following Municipalities",,,2ND,,"CULASI, ANTIQUE","CENTRO NORTE (POB), CENTRO POBLACION and",FRATERNIDAD,GANO ST.-MARTINEZ,CR,Commercial - Regular,795.0
raw,"RDO No. 73 - San Jose, Antique is composed of the following Municipalities",,,2ND,,"CULASI, ANTIQUE","CENTRO NORTE (POB), CENTRO POBLACION and",FRATERNIDAD,GANO ST.-MARTINEZ,RR,Residential - Regular,470.0
raw,"RDO No. 73 - San Jose, Antique is composed of the following Municipalities",,,2ND,,"CULASI, ANTIQUE","CENTRO NORTE (POB), CENTRO POBLACION and",JAVIER ST.,CADIAO GOING EAST,CR,Commercial - Regular,795.0
raw,"RDO No. 73 - San Jose, Antique is composed of the following Municipalities",,,2ND,,"CULASI, ANTIQUE","CENTRO NORTE (POB), CENTRO POBLACION and",JAVIER ST.,CADIAO GOING EAST,RR,Residential - Regular,520.0
raw,"RDO No. 73 - San Jose, Antique is composed of the following Municipalities",,,2ND,,"CULASI, ANTIQUE","CENTRO NORTE (POB), CENTRO POBLACION and",M. DIOSO ST.,MUN.BLDG.-FRATERNIDAD,CR,Commercial - Regular,795.0
raw,"RDO No. 73 - San Jose, Antique is composed of the following Municipalities",,,2ND,,"CULASI, ANTIQUE","CENTRO NORTE (POB), CENTRO POBLACION and",M. DIOSO ST.,MUN.BLDG.-FRATERNIDAD,RR,Residential - Regular,520.0
raw,"RDO No. 73 - San Jose, Antique is composed of the following Municipalities",,,2ND,,"CULASI, ANTIQUE","CENTRO NORTE (POB), CENTRO POBLACION and",M. DIOSO ST.,LIPATA PORT AND ENVIRONS,CR,Commercial - Regular,1000.0
raw,"RDO No. 73 - San Jose, Antique is composed of the following Municipalities",,,2ND,,"CULASI, ANTIQUE","CENTRO NORTE (POB), CENTRO POBLACION and",M. DIOSO ST.,LIPATA PORT AND ENVIRONS,RR,Residential - Regular,335.0
raw,"RDO No. 73 - San Jose, Antique is composed of the following Municipalities",,,2ND,,"CULASI, ANTIQUE","CENTRO NORTE (POB), CENTRO POBLACION and",NATIONAL ROAD,LEDESMA-M. DIOSO,CR,Commercial - Regular,795.0
raw,"RDO No. 73 - San Jose, Antique is composed of the following Municipalities",,,2ND,,"CULASI, ANTIQUE","CENTRO NORTE (POB), CENTRO POBLACION and",NATIONAL ROAD,DIOSO-JAVIER ST.,RR,Residential - Regular,520.0
raw,"RDO No. 73 - San Jose, Antique is composed of the following Municipalities",,,2ND,,"CULASI, ANTIQUE","CENTRO NORTE (POB), CENTRO POBLACION and",NATIONAL ROAD,JAVIER ST. - MARTINEZ ST.,RR,Residential - Regular,485.0
raw,"RDO No. 73 - San Jose, Antique is composed of the following Municipalities",,,2ND,,"CULASI, ANTIQUE","CENTRO NORTE (POB), CENTRO POBLACION and",NATIONAL ROAD,MARTINEZ ST.-SALVE ST.,RR,Residential - Regular,375.0
raw,"RDO No. 73 - San Jose, Antique is composed of the following Municipalities",,,,,"CULASI, ANTIQUE",POBLACION,ALL OTHER STREETS,ALL WEATHER ROADS(W/IN 1KM FR POB),RR,Residential - Regular,150.0
raw,"RDO No. 73 - San Jose, Antique is composed of the following Municipalities",,,,,"CULASI, ANTIQUE",POBLACION,ALL OTHER STREETS,ALL WEATHER ROADS (MORE THAN 1KM FR POB),RR,Residential - Regular,120.0
raw,"RDO No. 73 - San Jose, Antique is composed of the following Municipalities",,,,,"CULASI, ANTIQUE",POBLACION,ALL OTHER STREETS,INTERIOR,RR,Residential - Regular,100.0
raw,"RDO No. 73 - San Jose, Antique is composed of the following Municipalities",,,,,"CULASI, ANTIQUE",POBLACION,ALL OTHER STREETS,INTERIOR,A1,Agricultural - A1,16.5
raw,"RDO No. 73 - San Jose, Antique is composed of the following Municipalities",,,,,"CULASI, ANTIQUE",POBLACION,ALL OTHER STREETS,INTERIOR,A2,Agricultural - A2,9.75
raw,"RDO No. 73 - San Jose, Antique is composed of the following Municipalities",,,,,"CULASI, ANTIQUE",POBLACION,ALL OTHER STREETS,INTERIOR,A3,Agricultural - A3,4.75
raw,"RDO No. 73 - San Jose, Antique is composed of the following Municipalities",,,,,"CULASI, ANTIQUE",POBLACION,ALL OTHER STREETS,INTERIOR,A4,Agricultural - A4,6.0
raw,"RDO No. 73 - San Jose, Antique is composed of the following Municipalities",,,,,"CULASI, ANTIQUE",POBLACION,ALL OTHER STREETS,INTERIOR,A6,Agricultural - A6,24.75
raw,"RDO No. 73 - San Jose, Antique is composed of the following Municipalities",,,,,"CULASI, ANTIQUE",POBLACION,ALL OTHER STREETS,INTERIOR,A8,Agricultural - A8,4.0
raw,"RDO No. 73 - San Jose, Antique is composed of the following Municipalities",,,,,"CULASI, ANTIQUE",POBLACION,ALL OTHER STREETS,INTERIOR,A12,Agricultural - A12,5.0
raw,"RDO No. 73 - San Jose, Antique is composed of the following Municipalities",,,,,"CULASI, ANTIQUE",POBLACION,ALL OTHER STREETS,INTERIOR,A15,Agricultural - A15,3.0
raw,"RDO No. 73 - San Jose, Antique is composed of the following Municipalities",,,,,"CULASI, ANTIQUE",POBLACION,ALL OTHER STREETS,INTERIOR,A16,Agricultural - A16,6.0
raw,"RDO No. 73 - San Jose, Antique is composed of the following Municipalities",,,,,"CULASI, ANTIQUE",POBLACION,ALL OTHER STREETS,INTERIOR,A17,Agricultural - A17,13.5
raw,"RDO No. 73 - San Jose, Antique is composed of the following Municipalities",,,,,"CULASI, ANTIQUE",POBLACION,ALL OTHER STREETS,INTERIOR,A18,Agricultural - A18,4.75
raw,"RDO No. 73 - San Jose, Antique is composed of the following Municipalities",,,,,"CULASI, ANTIQUE",POBLACION,ALL OTHER STREETS,INTERIOR,A23,Agricultural - A23,6.0
raw,"RDO No. 73 - San Jose, Antique is composed of the following Municipalities",,,,,"CULASI, ANTIQUE",POBLACION,ALL OTHER STREETS,INTERIOR,A26,Agricultural - A26,4.0
raw,"RDO No. 73 - San Jose, Antique is composed of the following Municipalities",,,,,"CULASI, ANTIQUE",POBLACION,ALL OTHER STREETS,INTERIOR,A38,Agricultural - A38,6.0
raw,"RDO No. 73 - San Jose, Antique is composed of the following Municipalities",,,,,"CULASI, ANTIQUE",POBLACION,ALL OTHER STREETS,INTERIOR,A42,Agricultural - A42,32.25
raw,"RDO No. 73 - San Jose, Antique is composed of the following Municipalities",,,,,"CULASI, ANTIQUE",POBLACION,ALL OTHER STREETS,INTERIOR,A44,Agricultural - A44,4.0
raw,"RDO No. 73 - San Jose, Antique is composed of the following Municipalities",,,,,"CULASI, ANTIQUE",POBLACION,ALOJADO ST,GANO ST-DIOSO ST,RR,Residential - Regular,300.0
raw,"RDO No. 73 - San Jose, Antique is composed of the following Municipalities",,,,,"CULASI, ANTIQUE",POBLACION,ALOJADO ST,JAVIER ST-MARTINEZ ST,RR,Residential - Regular,300.0
raw,"RDO No. 73 - San Jose, Antique is composed of the following Municipalities",,,,,"CULASI, ANTIQUE",POBLACION,ARIOLA LEDESMA ST,CULASI BLVD.-FRATERNIDAD,RR,Residential - Regular,300.0
raw,"RDO No. 73 - San Jose, Antique is composed of the following Municipalities",,,,,"CULASI, ANTIQUE",POBLACION,CADIAO ST,SALAZAR - DIOSO ST,CR,Commercial - Regular,575.0
raw,"RDO No. 73 - San Jose, Antique is composed of the following Municipalities",,,,,"CULASI, ANTIQUE",POBLACION,ESPANOLA ST,ALOJADO ST-M. DIOSO ST,RR,Residential - Regular,240.0
raw,"RDO No. 73 - San Jose, Antique is composed of the following Municipalities",,,,,"CULASI, ANTIQUE",POBLACION,FRATERNIDAD,GANO ST-MARTINEZ,RR,Residential - Regular,300.0
raw,"RDO No. 73 - San Jose, Antique is composed of the following Municipalities",,,,,"CULASI, ANTIQUE",POBLACION,JAVIER ST,CADIAO GOING EAST,RR,Residential - Regular,350.0
raw,"RDO No. 73 - San Jose, Antique is composed of the following Municipalities",,,,,"CULASI, ANTIQUE",POBLACION,M. DIOSO ST,MUN. BLDG.-FRATERNIDAD,RR,Residential - Regular,350.0
raw,"RDO No. 73 - San Jose, Antique is composed of the following Municipalities",,,,,"CULASI, ANTIQUE",POBLACION,NATIONAL ROAD,LEDESMA - M. DIOSO,CR,Commercial - Regular,515.0
raw,"RDO No. 73 - San Jose, Antique is composed of the following Municipalities",,,,,"CULASI, ANTIQUE",POBLACION,NATIONAL ROAD,DIOSO - JAVIER ST,RR,Residential - Regular,350.0
raw,"RDO No. 73 - San Jose, Antique is composed of the following Municipalities",,,,,"CULASI, ANTIQUE",POBLACION,NATIONAL ROAD,JAVIER ST-MARTINEZ,RR,Residential - Regular,300.0
raw,"RDO No. 73 - San Jose, Antique is composed of the following Municipalities",,,,,"CULASI, ANTIQUE",POBLACION,NATIONAL ROAD,MARTINEZ ST-SALVE ST,RR,Residential - Regular,240.0
raw,"RDO No. 73 - San Jose, Antique is composed of the following Municipalities",,,,,HAMTIC,POBLACION,ALL OTHER STREETS,ALL WEATHER ROADS(W/IN 1KM FR POB),RR,Residential - Regular,150.0
raw,"RDO No. 73 - San Jose, Antique is composed of the following Municipalities",,,,,HAMTIC,POBLACION,ALL OTHER STREETS,ALL WEATHER ROADS (MORE THAN 1KM FR POB),RR,Residential - Regular,115.0
raw,"RDO No. 73 - San Jose, Antique is composed of the following Municipalities",,,,,HAMTIC,POBLACION,ALL OTHER STREETS,INTERIOR,RR,Residential - Regular,60.0
raw,"RDO No. 73 - San Jose, Antique is composed of the following Municipalities",,,,,HAMTIC,POBLACION,ALL OTHER STREETS,INTERIOR,A,Agricultural,12.0
raw,"RDO No. 73 - San Jose, Antique is composed of the following Municipalities",,,,,HAMTIC,POBLACION,ALL OTHER STREETS,INTERIOR,A1,Agricultural - A1,7.0
raw,"RDO No. 73 - San Jose, Antique is composed of the following Municipalities",,,,,HAMTIC,POBLACION,ALL OTHER STREETS,INTERIOR,A2,Agricultural - A2,3.0
raw,"RDO No. 73 - San Jose, Antique is composed of the following Municipalities",,,,,HAMTIC,POBLACION,ALL OTHER STREETS,INTERIOR,A3,Agricultural - A3,4.0
raw,"RDO No. 73 - San Jose, Antique is composed of the following Municipalities",,,,,HAMTIC,POBLACION,ALL OTHER STREETS,INTERIOR,A4,Agricultural - A4,4.0
raw,"RDO No. 73 - San Jose, Antique is composed of the following Municipalities",,,,,HAMTIC,POBLACION,ALL OTHER STREETS,INTERIOR,A5,Agricultural - A5,10.0
raw,"RDO No. 73 - San Jose, Antique is composed of the following Municipalities",,,,,HAMTIC,POBLACION,ALL OTHER STREETS,INTERIOR,A6,Agricultural - A6,3.0
raw,"RDO No. 73 - San Jose, Antique is composed of the following Municipalities",,,,,HAMTIC,POBLACION,ALL OTHER STREETS,INTERIOR,A7,Agricultural - A7,2.0
raw,"RDO No. 73 - San Jose, Antique is composed of the following Municipalities",,,,,HAMTIC,POBLACION,ALL OTHER STREETS,INTERIOR,A8,Agricultural - A8,19.0
raw,"RDO No. 73 - San Jose, Antique is composed of the following Municipalities",,,,,HAMTIC,POBLACION,ALL OTHER STREETS,INTERIOR,A9,Agricultural - A9,25.0
raw,"RDO No. 73 - San Jose, Antique is composed of the following Municipalities",,,,,HAMTIC,POBLACION,ALL OTHER STREETS,INTERIOR,A10,Agricultural - A10,2.0
raw,"RDO No. 73 - San Jose, Antique is composed of the following Municipalities",,,,,HAMTIC,POBLACION,ALL OTHER STREETS,INTERIOR,A11,Agricultural - A11,4.0
raw,"RDO No. 73 - San Jose, Antique is composed of the following Municipalities",,,,,HAMTIC,POBLACION,ALL OTHER STREETS,INTERIOR,A12,Agricultural - A12,1.0
raw,"RDO No. 73 - San Jose, Antique is composed of the following Municipalities",,,,,HAMTIC,POBLACION,ALL OTHER STREETS,INTERIOR,A13,Agricultural - A13,3.0
raw,"RDO No. 73 - San Jose, Antique is composed of the following Municipalities",,,,,HAMTIC,POBLACION,ALL OTHER STREETS,INTERIOR,A14,Agricultural - A14,2.0
raw,"RDO No. 73 - San Jose, Antique is composed of the following Municipalities",,,,,HAMTIC,POBLACION,ALL OTHER STREETS,INTERIOR,A15,Agricultural - A15,4.0
raw,"RDO No. 73 - San Jose, Antique is composed of the following Municipalities",,,,,HAMTIC,POBLACION,KAPITAN N. JAVIER ST,NAT'L ROAD-VILLAVERT ST,RR,Residential - Regular,270.0
raw,"RDO No. 73 - San Jose, Antique is composed of the following Municipalities",,,,,HAMTIC,POBLACION,KAPITAN N. JAVIER ST,M.VILLAVERT ST-MERCADO ST,RR,Residential - Regular,225.0
raw,"RDO No. 73 - San Jose, Antique is composed of the following Municipalities",,,,,HAMTIC,POBLACION,M. AUTAJAY MONTES ST,T. NAVA-KAP.R. JAVIER ST,RR,Residential - Regular,270.0
raw,"RDO No. 73 - San Jose, Antique is composed of the following Municipalities",,,,,HAMTIC,POBLACION,NATIONAL ROAD,PACITA DR.-GEN.FULLON ST,CR,Commercial - Regular,400.0
raw,"RDO No. 73 - San Jose, Antique is composed of the following Municipalities",,,,,HAMTIC,POBLACION,NATIONAL ROAD,A.BACAR - PACITA DRIVE,RR,Residential - Regular,270.0
raw,"RDO No. 73 - San Jose, Antique is composed of the following Municipalities",,,,,HAMTIC,POBLACION,NATIONAL ROAD,KAP. R. JAVIER ST-BRIDGE,RR,Residential - Regular,270.0
raw,"RDO No. 73 - San Jose, Antique is composed of the following Municipalities",,,,,HAMTIC,POBLACION,TITO NAVA ST,NAT'L ROAD-VILLAVERT ST,RR,Residential - Regular,270.0
raw,"RDO No. 73 - San Jose, Antique is composed of the following Municipalities",,,,,HAMTIC,POBLACION,TITO NAVA ST,M.VILLAVERT ST-MERCADO ST,RR,Residential - Regular,225.0
raw,"RDO No. 73 - San Jose, Antique is composed of the following Municipalities",,,,,HAMTIC,POBLACION,VILLAVERT ST,T. NAVA-KAP.R. JAVIER ST,RR,Residential - Regular,270.0
raw,"RDO No. 73 - San Jose, Antique is composed of the following Municipalities",,,2ND,,"HAMTIC, ANTIQUE","APDO, ASLUMAN, CALACJA I, CALACJA II,",ALL LOTS,ALONG THE ROAD,CR,Commercial - Regular,250.0
raw,"RDO No. 73 - San Jose, Antique is composed of the following Municipalities",,,2ND,,"HAMTIC, ANTIQUE","APDO, ASLUMAN, CALACJA I, CALACJA II,",ALL LOTS,ALONG THE ROAD,RR,Residential - Regular,200.0
raw,"RDO No. 73 - San Jose, Antique is composed of the following Municipalities",,,2ND,,"HAMTIC, ANTIQUE","APDO, ASLUMAN, CALACJA I, CALACJA II,",ALL LOTS,INTERIOR,RR,Residential - Regular,150.0
raw,"RDO No. 73 - San Jose, Antique is composed of the following Municipalities",,,2ND,,"HAMTIC, ANTIQUE","APDO, ASLUMAN, CALACJA I, CALACJA II,",ALL LOTS,INTERIOR,A1,Agricultural - A1,26.75
raw,"RDO No. 73 - San Jose, Antique is composed of the following Municipalities",,,2ND,,"HAMTIC, ANTIQUE","APDO, ASLUMAN, CALACJA I, CALACJA II,",ALL LOTS,INTERIOR,A2,Agricultural - A2,16.3
raw,"RDO No. 73 - San Jose, Antique is composed of the following Municipalities",,,2ND,,"HAMTIC, ANTIQUE","APDO, ASLUMAN, CALACJA I, CALACJA II,",ALL LOTS,INTERIOR,A3,Agricultural - A3,7.65
raw,"RDO No. 73 - San Jose, Antique is composed of the following Municipalities",,,2ND,,"HAMTIC, ANTIQUE","APDO, ASLUMAN, CALACJA I, CALACJA II,",ALL LOTS,INTERIOR,A4,Agricultural - A4,9.3
raw,"RDO No. 73 - San Jose, Antique is composed of the following Municipalities",,,2ND,,"HAMTIC, ANTIQUE","APDO, ASLUMAN, CALACJA I, CALACJA II,",ALL LOTS,INTERIOR,A6,Agricultural - A6,42.55
raw,"RDO No. 73 - San Jose, Antique is composed of the following Municipalities",,,2ND,,"HAMTIC, ANTIQUE","APDO, ASLUMAN, CALACJA I, CALACJA II,",ALL LOTS,INTERIOR,A8,Agricultural - A8,6.9
raw,"RDO No. 73 - San Jose, Antique is composed of the following Municipalities",,,2ND,,"HAMTIC, ANTIQUE","APDO, ASLUMAN, CALACJA I, CALACJA II,",ALL LOTS,INTERIOR,A12,Agricultural - A12,7.7
raw,"RDO No. 73 - San Jose, Antique is composed of the following Municipalities",,,2ND,,"HAMTIC, ANTIQUE","APDO, ASLUMAN, CALACJA I, CALACJA II,",ALL LOTS,INTERIOR,A15,Agricultural - A15,5.75
raw,"RDO No. 73 - San Jose, Antique is composed of the following Municipalities",,,2ND,,"HAMTIC, ANTIQUE","APDO, ASLUMAN, CALACJA I, CALACJA II,",ALL LOTS,INTERIOR,A16,Agricultural - A16,9.15
raw,"RDO No. 73 - San Jose, Antique is composed of the following Municipalities",,,2ND,,"HAMTIC, ANTIQUE","APDO, ASLUMAN, CALACJA I, CALACJA II,",ALL LOTS,INTERIOR,A17,Agricultural - A17,21.95
raw,"RDO No. 73 - San Jose, Antique is composed of the following Municipalities",,,2ND,,"HAMTIC, ANTIQUE","APDO, ASLUMAN, CALACJA I, CALACJA II,",ALL LOTS,INTERIOR,A18,Agricultural - A18,10.0
raw,"RDO No. 73 - San Jose, Antique is composed of the following Municipalities",,,2ND,,"HAMTIC, ANTIQUE","APDO, ASLUMAN, CALACJA I, CALACJA II,",ALL LOTS,INTERIOR,A23,Agricultural - A23,12.0
raw,"RDO No. 73 - San Jose, Antique is composed of the following Municipalities",,,2ND,,"HAMTIC, ANTIQUE","APDO, ASLUMAN, CALACJA I, CALACJA II,",ALL LOTS,INTERIOR,A26,Agricultural - A26,5.7
raw,"RDO No. 73 - San Jose, Antique is composed of the following Municipalities",,,2ND,,"HAMTIC, ANTIQUE","APDO, ASLUMAN, CALACJA I, CALACJA II,",ALL LOTS,INTERIOR,A38,Agricultural - A38,6.4
raw,"RDO No. 73 - San Jose, Antique is composed of the following Municipalities",,,2ND,,"HAMTIC, ANTIQUE","APDO, ASLUMAN, CALACJA I, CALACJA II,",ALL LOTS,INTERIOR,A42,Agricultural - A42,67.5
raw,"RDO No. 73 - San Jose, Antique is composed of the following Municipalities",,,2ND,,"HAMTIC, ANTIQUE","APDO, ASLUMAN, CALACJA I, CALACJA II,",ALL LOTS,INTERIOR,A44,Agricultural - A44,5.5
raw,"RDO No. 73 - San Jose, Antique is composed of the following Municipalities",,,2ND,,"HAMTIC, ANTIQUE","APDO, ASLUMAN, CALACJA I, CALACJA II,",ALL LOTS,INTERIOR,A50,Agricultural - A50,5.0
raw,"RDO No. 73 - San Jose, Antique is composed of the following Municipalities",,,2ND,,"HAMTIC, ANTIQUE","BANAWON, BIA-AN, BONGBONGAN I, BONGBONGAN II,",ALL LOTS,ALONG THE ROAD,CR,Commercial - Regular,200.0
raw,"RDO No. 73 - San Jose, Antique is composed of the following Municipalities",,,2ND,,"HAMTIC, ANTIQUE","BANAWON, BIA-AN, BONGBONGAN I, BONGBONGAN II,",ALL LOTS,ALONG THE ROAD,RR,Residential - Regular,160.0
raw,"RDO No. 73 - San Jose, Antique is composed of the following Municipalities",,,2ND,,"HAMTIC, ANTIQUE","BANAWON, BIA-AN, BONGBONGAN I, BONGBONGAN II,",ALL LOTS,INTERIOR,RR,Residential - Regular,100.0
raw,"RDO No. 73 - San Jose, Antique is composed of the following Municipalities",,,2ND,,"HAMTIC, ANTIQUE","BANAWON, BIA-AN, BONGBONGAN I, BONGBONGAN II,",ALL LOTS,INTERIOR,A1,Agricultural - A1,26.75
raw,"RDO No. 73 - San Jose, Antique is composed of the following Municipalities",,,2ND,,"HAMTIC, ANTIQUE","BANAWON, BIA-AN, BONGBONGAN I, BONGBONGAN II,",ALL LOTS,INTERIOR,A2,Agricultural - A2,16.3
raw,"RDO No. 73 - San Jose, Antique is composed of the following Municipalities",,,2ND,,"HAMTIC, ANTIQUE","BANAWON, BIA-AN, BONGBONGAN I, BONGBONGAN II,",ALL LOTS,INTERIOR,A3,Agricultural - A3,7.15
raw,"RDO No. 73 - San Jose, Antique is composed of the following Municipalities",,,2ND,,"HAMTIC, ANTIQUE","BANAWON, BIA-AN, BONGBONGAN I, BONGBONGAN II,",ALL LOTS,INTERIOR,A4,Agricultural - A4,9.3
raw,"RDO No. 73 - San Jose, Antique is composed of the following Municipalities",,,2ND,,"HAMTIC, ANTIQUE","BANAWON, BIA-AN, BONGBONGAN I, BONGBONGAN II,",ALL LOTS,INTERIOR,A6,Agricultural - A6,42.55
raw,"RDO No. 73 - San Jose, Antique is composed of the following Municipalities",,,2ND,,"HAMTIC, ANTIQUE","BANAWON, BIA-AN, BONGBONGAN I, BONGBONGAN II,",ALL LOTS,INTERIOR,A8,Agricultural - A8,5.9
raw,"RDO No. 73 - San Jose, Antique is composed of the following Municipalities",,,2ND,,"HAMTIC, ANTIQUE","BANAWON, BIA-AN, BONGBONGAN I, BONGBONGAN II,",ALL LOTS,INTERIOR,A12,Agricultural - A12,7.7
raw,"RDO No. 73 - San Jose, Antique is composed of the following Municipalities",,,2ND,,"HAMTIC, ANTIQUE","BANAWON, BIA-AN, BONGBONGAN I, BONGBONGAN II,",ALL LOTS,INTERIOR,A15,Agricultural - A15,3.55
raw,"RDO No. 73 - San Jose, Antique is composed of the following Municipalities",,,2ND,,"HAMTIC, ANTIQUE","BANAWON, BIA-AN, BONGBONGAN I, BONGBONGAN II,",ALL LOTS,INTERIOR,A16,Agricultural - A16,9.15
raw,"RDO No. 73 - San Jose, Antique is composed of the following Municipalities",,,2ND,,"HAMTIC, ANTIQUE","BANAWON, BIA-AN, BONGBONGAN I, BONGBONGAN II,",ALL LOTS,INTERIOR,A17,Agricultural - A17,21.95
raw,"RDO No. 73 - San Jose, Antique is composed of the following Municipalities",,,2ND,,"HAMTIC, ANTIQUE","BANAWON, BIA-AN, BONGBONGAN I, BONGBONGAN II,",ALL LOTS,INTERIOR,A18,Agricultural - A18,10.0
raw,"RDO No. 73 - San Jose, Antique is composed of the following Municipalities",,,2ND,,"HAMTIC, ANTIQUE","BANAWON, BIA-AN, BONGBONGAN I, BONGBONGAN II,",ALL LOTS,INTERIOR,A23,Agricultural - A23,12.0
raw,"RDO No. 73 - San Jose, Antique is composed of the following Municipalities",,,2ND,,"HAMTIC, ANTIQUE","BANAWON, BIA-AN, BONGBONGAN I, BONGBONGAN II,",ALL LOTS,INTERIOR,A26,Agricultural - A26,5.7
raw,"RDO No. 73 - San Jose, Antique is composed of the following Municipalities",,,2ND,,"HAMTIC, ANTIQUE","BANAWON, BIA-AN, BONGBONGAN I, BONGBONGAN II,",ALL LOTS,INTERIOR,A38,Agricultural - A38,6.4
raw,"RDO No. 73 - San Jose, Antique is composed of the following Municipalities",,,2ND,,"HAMTIC, ANTIQUE","BANAWON, BIA-AN, BONGBONGAN I, BONGBONGAN II,",ALL LOTS,INTERIOR,A42,Agricultural - A42,67.5
raw,"RDO No. 73 - San Jose, Antique is composed of the following Municipalities",,,2ND,,"HAMTIC, ANTIQUE","BANAWON, BIA-AN, BONGBONGAN I, BONGBONGAN II,",ALL LOTS,INTERIOR,A44,Agricultural - A44,5.5
raw,"RDO No. 73 - San Jose, Antique is composed of the following Municipalities",,,2ND,,"HAMTIC, ANTIQUE","BANAWON, BIA-AN, BONGBONGAN I, BONGBONGAN II,",ALL LOTS,INTERIOR,A50,Agricultural - A50,3.0
raw,"RDO No. 73 - San Jose, Antique is composed of the following Municipalities",,,,,"HAMTIC, ANTIQUE",POBLACION,ALL OTHER STREETS,ALL WEATHER ROADS(W/IN 1KM FR POB),RR,Residential - Regular,250.0
raw,"RDO No. 73 - San Jose, Antique is composed of the following Municipalities",,,,,"HAMTIC, ANTIQUE",POBLACION,ALL OTHER STREETS,ALL WEATHER ROADS (MORE THAN 1KM FR POB),RR,Residential - Regular,215.0
raw,"RDO No. 73 - San Jose, Antique is composed of the following Municipalities",,,,,"HAMTIC, ANTIQUE",POBLACION,ALL OTHER STREETS,INTERIOR,RR,Residential - Regular,160.0
raw,"RDO No. 73 - San Jose, Antique is composed of the following Municipalities",,,,,"HAMTIC, ANTIQUE",POBLACION,ALL OTHER STREETS,INTERIOR,A1,Agricultural - A1,16.0
raw,"RDO No. 73 - San Jose, Antique is composed of the following Municipalities",,,,,"HAMTIC, ANTIQUE",POBLACION,ALL OTHER STREETS,INTERIOR,A2,Agricultural - A2,9.75
raw,"RDO No. 73 - San Jose, Antique is composed of the following Municipalities",,,,,"HAMTIC, ANTIQUE",POBLACION,ALL OTHER STREETS,INTERIOR,A3,Agricultural - A3,5.0
raw,"RDO No. 73 - San Jose, Antique is composed of the following Municipalities",,,,,"HAMTIC, ANTIQUE",POBLACION,ALL OTHER STREETS,INTERIOR,A4,Agricultural - A4,6.0
raw,"RDO No. 73 - San Jose, Antique is composed of the following Municipalities",,,,,"HAMTIC, ANTIQUE",POBLACION,ALL OTHER STREETS,INTERIOR,A6,Agricultural - A6,24.75
raw,"RDO No. 73 - San Jose, Antique is composed of the following Municipalities",,,,,"HAMTIC, ANTIQUE",POBLACION,ALL OTHER STREETS,INTERIOR,A8,Agricultural - A8,4.0
raw,"RDO No. 73 - San Jose, Antique is composed of the following Municipalities",,,,,"HAMTIC, ANTIQUE",POBLACION,ALL OTHER STREETS,INTERIOR,A12,Agricultural - A12,5.0
raw,"RDO No. 73 - San Jose, Antique is composed of the following Municipalities",,,,,"HAMTIC, ANTIQUE",POBLACION,ALL OTHER STREETS,INTERIOR,A15,Agricultural - A15,3.0
raw,"RDO No. 73 - San Jose, Antique is composed of the following Municipalities",,,,,"HAMTIC, ANTIQUE",POBLACION,ALL OTHER STREETS,INTERIOR,A16,Agricultural - A16,6.0
raw,"RDO No. 73 - San Jose, Antique is composed of the following Municipalities",,,,,"HAMTIC, ANTIQUE",POBLACION,ALL OTHER STREETS,INTERIOR,A17,Agricultural - A17,13.5
raw,"RDO No. 73 - San Jose, Antique is composed of the following Municipalities",,,,,"HAMTIC, ANTIQUE",POBLACION,ALL OTHER STREETS,INTERIOR,A18,Agricultural - A18,5.0
raw,"RDO No. 73 - San Jose, Antique is composed of the following Municipalities",,,,,"HAMTIC, ANTIQUE",POBLACION,ALL OTHER STREETS,INTERIOR,A23,Agricultural - A23,6.0
raw,"RDO No. 73 - San Jose, Antique is composed of the following Municipalities",,,,,"HAMTIC, ANTIQUE",POBLACION,ALL OTHER STREETS,INTERIOR,A26,Agricultural - A26,4.0
raw,"RDO No. 73 - San Jose, Antique is composed of the following Municipalities",,,,,"HAMTIC, ANTIQUE",POBLACION,ALL OTHER STREETS,INTERIOR,A38,Agricultural - A38,6.0
raw,"RDO No. 73 - San Jose, Antique is composed of the following Municipalities",,,,,"HAMTIC, ANTIQUE",POBLACION,ALL OTHER STREETS,INTERIOR,A42,Agricultural - A42,33.75
raw,"RDO No. 73 - San Jose, Antique is composed of the following Municipalities",,,,,"HAMTIC, ANTIQUE",POBLACION,ALL OTHER STREETS,INTERIOR,A44,Agricultural - A44,4.0
raw,"RDO No. 73 - San Jose, Antique is composed of the following Municipalities",,,,,"HAMTIC, ANTIQUE",POBLACION,KAPITAN N. JAVIER ST,M.VILLAVERT ST-MERCADO ST,RR,Residential - Regular,330.0
raw,"RDO No. 73 - San Jose, Antique is composed of the following Municipalities",,,,,"HAMTIC, ANTIQUE",POBLACION,KAPITAN N. JAVIER ST,NAT'L ROAD-VILLAVERT ST,RR,Residential - Regular,390.0
raw,"RDO No. 73 - San Jose, Antique is composed of the following Municipalities",,,,,"HAMTIC, ANTIQUE",POBLACION,M. AUTAJAY MONTES ST,T. NAVA-KAP.R. JAVIER ST,RR,Residential - Regular,390.0
raw,"RDO No. 73 - San Jose, Antique is composed of the following Municipalities",,,,,"HAMTIC, ANTIQUE",POBLACION,NATIONAL ROAD,PACITA DR.-GEN.FULLON ST,CR,Commercial - Regular,500.0
raw,"RDO No. 73 - San Jose, Antique is composed of the following Municipalities",,,,,"HAMTIC, ANTIQUE",POBLACION,NATIONAL ROAD,A.BACAR - PACITA DRIVE,RR,Residential - Regular,390.0
raw,"RDO No. 73 - San Jose, Antique is composed of the following Municipalities",,,,,"HAMTIC, ANTIQUE",POBLACION,NATIONAL ROAD,KAP. R. JAVIER ST-BRIDGE,RR,Residential - Regular,390.0
raw,"RDO No. 73 - San Jose, Antique is composed of the following Municipalities",,,,,"HAMTIC, ANTIQUE",POBLACION,TITO NAVA ST,NAT'L ROAD-VILLAVERT ST,RR,Residential - Regular,390.0
raw,"RDO No. 73 - San Jose, Antique is composed of the following Municipalities",,,,,"HAMTIC, ANTIQUE",POBLACION,TITO NAVA ST,M.VILLAVERT ST-MERCADO ST,RR,Residential - Regular,330.0
raw,"RDO No. 73 - San Jose, Antique is composed of the following Municipalities",,,,,"HAMTIC, ANTIQUE",POBLACION,VILLAVERT ST,T. NAVA-KAP.R. JAVIER ST,RR,Residential - Regular,390.0
raw,"RDO No. 73 - San Jose, Antique is composed of the following Municipalities",,,2ND,,"HAMTIC, ANTIQUE","POBLACION  1,2,3,4 and 5",ALL OTHER STREETS,WITHIN POBALCION,CR,Commercial - Regular,390.0
raw,"RDO No. 73 - San Jose, Antique is composed of the following Municipalities",,,2ND,,"HAMTIC, ANTIQUE","POBLACION  1,2,3,4 and 5",ALL OTHER STREETS,WITHIN POBALCION,RR,Residential - Regular,365.0
raw,"RDO No. 73 - San Jose, Antique is composed of the following Municipalities",,,2ND,,"HAMTIC, ANTIQUE","POBLACION  1,2,3,4 and 5",ALL OTHER STREETS,ALL WEATHER ROADS WITHIN 1KM OUTSIDE POB CENTRO,RR,Residential - Regular,325.0
raw,"RDO No. 73 - San Jose, Antique is composed of the following Municipalities",,,2ND,,"HAMTIC, ANTIQUE","POBLACION  1,2,3,4 and 5",ALL OTHER STREETS,ALL WEATHER RDS MORE THAN 1KM FROM POB CENTRO,RR,Residential - Regular,310.0
raw,"RDO No. 73 - San Jose, Antique is composed of the following Municipalities",,,2ND,,"HAMTIC, ANTIQUE","POBLACION  1,2,3,4 and 5",ALL OTHER STREETS,INTERIOR,RR,Residential - Regular,200.0
raw,"RDO No. 73 - San Jose, Antique is composed of the following Municipalities",,,2ND,,"HAMTIC, ANTIQUE","POBLACION  1,2,3,4 and 5",ALL OTHER STREETS,INTERIOR,A1,Agricultural - A1,27.5
raw,"RDO No. 73 - San Jose, Antique is composed of the following Municipalities",,,2ND,,"HAMTIC, ANTIQUE","POBLACION  1,2,3,4 and 5",ALL OTHER STREETS,INTERIOR,A2,Agricultural - A2,17.35
raw,"RDO No. 73 - San Jose, Antique is composed of the following Municipalities",,,2ND,,"HAMTIC, ANTIQUE","POBLACION  1,2,3,4 and 5",ALL OTHER STREETS,INTERIOR,A3,Agricultural - A3,7.65
raw,"RDO No. 73 - San Jose, Antique is composed of the following Municipalities",,,2ND,,"HAMTIC, ANTIQUE","POBLACION  1,2,3,4 and 5",ALL OTHER STREETS,INTERIOR,A4,Agricultural - A4,9.3
raw,"RDO No. 73 - San Jose, Antique is composed of the following Municipalities",,,2ND,,"HAMTIC, ANTIQUE","POBLACION  1,2,3,4 and 5",ALL OTHER STREETS,INTERIOR,A6,Agricultural - A6,43.0
raw,"RDO No. 73 - San Jose, Antique is composed of the following Municipalities",,,2ND,,"HAMTIC, ANTIQUE","POBLACION  1,2,3,4 and 5",ALL OTHER STREETS,INTERIOR,A8,Agricultural - A8,6.9
raw,"RDO No. 73 - San Jose, Antique is composed of the following Municipalities",,,2ND,,"HAMTIC, ANTIQUE","POBLACION  1,2,3,4 and 5",ALL OTHER STREETS,INTERIOR,A12,Agricultural - A12,7.7
raw,"RDO No. 73 - San Jose, Antique is composed of the following Municipalities",,,2ND,,"HAMTIC, ANTIQUE","POBLACION  1,2,3,4 and 5",ALL OTHER STREETS,INTERIOR,A15,Agricultural - A15,5.8
raw,"RDO No. 73 - San Jose, Antique is composed of the following Municipalities",,,2ND,,"HAMTIC, ANTIQUE","POBLACION  1,2,3,4 and 5",ALL OTHER STREETS,INTERIOR,A16,Agricultural - A16,9.8
raw,"RDO No. 73 - San Jose, Antique is composed of the following Municipalities",,,2ND,,"HAMTIC, ANTIQUE","POBLACION  1,2,3,4 and 5",ALL OTHER STREETS,INTERIOR,A17,Agricultural - A17,21.95
raw,"RDO No. 73 - San Jose, Antique is composed of the following Municipalities",,,2ND,,"HAMTIC, ANTIQUE","POBLACION  1,2,3,4 and 5",ALL OTHER STREETS,INTERIOR,A18,Agricultural - A18,10.0
raw,"RDO No. 73 - San Jose, Antique is composed of the following Municipalities",,,2ND,,"HAMTIC, ANTIQUE","POBLACION  1,2,3,4 and 5",ALL OTHER STREETS,INTERIOR,A23,Agricultural - A23,12.0
raw,"RDO No. 73 - San Jose, Antique is composed of the following Municipalities",,,2ND,,"HAMTIC, ANTIQUE","POBLACION  1,2,3,4 and 5",ALL OTHER STREETS,INTERIOR,A26,Agricultural - A26,6.85
raw,"RDO No. 73 - San Jose, Antique is composed of the following Municipalities",,,2ND,,"HAMTIC, ANTIQUE","POBLACION  1,2,3,4 and 5",ALL OTHER STREETS,INTERIOR,A38,Agricultural - A38,8.5
raw,"RDO No. 73 - San Jose, Antique is composed of the following Municipalities",,,2ND,,"HAMTIC, ANTIQUE","POBLACION  1,2,3,4 and 5",ALL OTHER STREETS,INTERIOR,A42,Agricultural - A42,67.5
raw,"RDO No. 73 - San Jose, Antique is composed of the following Municipalities",,,2ND,,"HAMTIC, ANTIQUE","POBLACION  1,2,3,4 and 5",ALL OTHER STREETS,INTERIOR,A44,Agricultural - A44,5.5
raw,"RDO No. 73 - San Jose, Antique is composed of the following Municipalities",,,2ND,,"HAMTIC, ANTIQUE","POBLACION  1,2,3,4 and 5",ALL OTHER STREETS,INTERIOR,A50,Agricultural - A50,5.0
raw,"RDO No. 73 - San Jose, Antique is composed of the following Municipalities",,,2ND,,"HAMTIC, ANTIQUE","POBLACION  1,2,3,4 and 5",KAPITAN N. JAVIER ST.,M. VILLAVERT ST-MERCADO ST.,RR,Residential - Regular,520.0
raw,"RDO No. 73 - San Jose, Antique is composed of the following Municipalities",,,2ND,,"HAMTIC, ANTIQUE","POBLACION  1,2,3,4 and 5",KAPITAN N. JAVIER ST.,M. VILLAVERT ST-MERCADO ST.,CR,Commercial - Regular,700.0
raw,"RDO No. 73 - San Jose, Antique is composed of the following Municipalities",,,2ND,,"HAMTIC, ANTIQUE","POBLACION  1,2,3,4 and 5",KAPITAN N. JAVIER ST.,NAT'L ROAD - VILLAVERT ST.,RR,Residential - Regular,615.0
raw,"RDO No. 73 - San Jose, Antique is composed of the following Municipalities",,,2ND,,"HAMTIC, ANTIQUE","POBLACION  1,2,3,4 and 5",KAPITAN N. JAVIER ST.,NAT'L ROAD - VILLAVERT ST.,CR,Commercial - Regular,700.0
raw,"RDO No. 73 - San Jose, Antique is composed of the following Municipalities",,,2ND,,"HAMTIC, ANTIQUE","POBLACION  1,2,3,4 and 5",M. AUTAJAY MONTES ST.,T. NAVA- KAP R. JAVIER ST.,RR,Residential - Regular,615.0
raw,"RDO No. 73 - San Jose, Antique is composed of the following Municipalities",,,2ND,,"HAMTIC, ANTIQUE","POBLACION  1,2,3,4 and 5",M. AUTAJAY MONTES ST.,T. NAVA- KAP R. JAVIER ST.,CR,Commercial - Regular,700.0
raw,"RDO No. 73 - San Jose, Antique is composed of the following Municipalities",,,2ND,,"HAMTIC, ANTIQUE","POBLACION  1,2,3,4 and 5",NATIONAL ROAD,PACITA DR - GEN FULLON ST.,CR,Commercial - Regular,800.0
raw,"RDO No. 73 - San Jose, Antique is composed of the following Municipalities",,,2ND,,"HAMTIC, ANTIQUE","POBLACION  1,2,3,4 and 5",NATIONAL ROAD,A. BACAR - PACITA DRIVE,RR,Residential - Regular,615.0
raw,"RDO No. 73 - San Jose, Antique is composed of the following Municipalities",,,2ND,,"HAMTIC, ANTIQUE","POBLACION  1,2,3,4 and 5",NATIONAL ROAD,KAP R. JAVIER ST. -BRIDGE,RR,Residential - Regular,615.0
raw,"RDO No. 73 - San Jose, Antique is composed of the following Municipalities",,,2ND,,"HAMTIC, ANTIQUE","POBLACION  1,2,3,4 and 5",TITO NAVA ST.,NAT'L ROAD - VILLAVERT ST.,RR,Residential - Regular,615.0
raw,"RDO No. 73 - San Jose, Antique is composed of the following Municipalities",,,2ND,,"HAMTIC, ANTIQUE","POBLACION  1,2,3,4 and 5",TITO NAVA ST.,NAT'L ROAD - VILLAVERT ST.,CR,Commercial - Regular,700.0
raw,"RDO No. 73 - San Jose, Antique is composed of the following Municipalities",,,2ND,,"HAMTIC, ANTIQUE","POBLACION  1,2,3,4 and 5",TITO NAVA ST.,M. VILLAVERT ST-MERCADO ST,RR,Residential - Regular,520.0
raw,"RDO No. 73 - San Jose, Antique is composed of the following Municipalities",,,2ND,,"HAMTIC, ANTIQUE","POBLACION  1,2,3,4 and 5",TITO NAVA ST.,M. VILLAVERT ST-MERCADO ST,CR,Commercial - Regular,700.0
raw,"RDO No. 73 - San Jose, Antique is composed of the following Municipalities",,,2ND,,"HAMTIC, ANTIQUE","POBLACION  1,2,3,4 and 5",VILLAVERT ST.,T. NAVA- KAP R. JAVIER ST.,RR,Residential - Regular,615.0
raw,"RDO No. 73 - San Jose, Antique is composed of the following Municipalities",,,2ND,,"HAMTIC, ANTIQUE","POBLACION  1,2,3,4 and 5",VILLAVERT ST.,T. NAVA- KAP R. JAVIER ST.,CR,Commercial - Regular,700.0
raw,"RDO No. 73 - San Jose, Antique is composed of the following Municipalities",,,,,LAUA-AN,POBLACION,ALL OTHER STREETS,ALL WEATHER ROADS W/IN 1KM FR POB,RR,Residential - Regular,135.0
raw,"RDO No. 73 - San Jose, Antique is composed of the following Municipalities",,,,,LAUA-AN,POBLACION,ALL OTHER STREETS,ALL WEATHER ROADS (MORE THAN 1KM FR POB),RR,Residential - Regular,90.0
raw,"RDO No. 73 - San Jose, Antique is composed of the following Municipalities",,,,,LAUA-AN,POBLACION,ALL OTHER STREETS,INTERIOR,RR,Residential - Regular,45.0
raw,"RDO No. 73 - San Jose, Antique is composed of the following Municipalities",,,,,LAUA-AN,POBLACION,ALL OTHER STREETS,INTERIOR,A,Agricultural,9.0
raw,"RDO No. 73 - San Jose, Antique is composed of the following Municipalities",,,,,LAUA-AN,POBLACION,ALL OTHER STREETS,INTERIOR,A1,Agricultural - A1,6.0
raw,"RDO No. 73 - San Jose, Antique is composed of the following Municipalities",,,,,LAUA-AN,POBLACION,ALL OTHER STREETS,INTERIOR,A2,Agricultural - A2,3.0
raw,"RDO No. 73 - San Jose, Antique is composed of the following Municipalities",,,,,LAUA-AN,POBLACION,ALL OTHER STREETS,INTERIOR,A3,Agricultural - A3,3.0
raw,"RDO No. 73 - San Jose, Antique is composed of the following Municipalities",,,,,LAUA-AN,POBLACION,ALL OTHER STREETS,INTERIOR,A4,Agricultural - A4,3.0
raw,"RDO No. 73 - San Jose, Antique is composed of the following Municipalities",,,,,LAUA-AN,POBLACION,ALL OTHER STREETS,INTERIOR,A5,Agricultural - A5,8.0
raw,"RDO No. 73 - San Jose, Antique is composed of the following Municipalities",,,,,LAUA-AN,POBLACION,ALL OTHER STREETS,INTERIOR,A6,Agricultural - A6,3.0
raw,"RDO No. 73 - San Jose, Antique is composed of the following Municipalities",,,,,LAUA-AN,POBLACION,ALL OTHER STREETS,INTERIOR,A7,Agricultural - A7,2.0
raw,"RDO No. 73 - San Jose, Antique is composed of the following Municipalities",,,,,LAUA-AN,POBLACION,ALL OTHER STREETS,INTERIOR,A10,Agricultural - A10,2.0
raw,"RDO No. 73 - San Jose, Antique is composed of the following Municipalities",,,,,LAUA-AN,POBLACION,ALL OTHER STREETS,INTERIOR,A11,Agricultural - A11,4.0
raw,"RDO No. 73 - San Jose, Antique is composed of the following Municipalities",,,,,LAUA-AN,POBLACION,ALL OTHER STREETS,INTERIOR,A12,Agricultural - A12,1.0
raw,"RDO No. 73 - San Jose, Antique is composed of the following Municipalities",,,,,LAUA-AN,POBLACION,ALL OTHER STREETS,INTERIOR,A13,Agricultural - A13,3.0
raw,"RDO No. 73 - San Jose, Antique is composed of the following Municipalities",,,,,LAUA-AN,POBLACION,ALL OTHER STREETS,INTERIOR,A14,Agricultural - A14,2.0
raw,"RDO No. 73 - San Jose, Antique is composed of the following Municipalities",,,,,LAUA-AN,POBLACION,ALL OTHER STREETS,INTERIOR,A15,Agricultural - A15,4.0
raw,"RDO No. 73 - San Jose, Antique is composed of the following Municipalities",,,,,LAUA-AN,POBLACION,MAYOR A.B. MAGLUYAN ST,PASCADORES ST-ZAMORA ST,RR,Residential - Regular,150.0
raw,"RDO No. 73 - San Jose, Antique is composed of the following Municipalities",,,,,LAUA-AN,POBLACION,NATIONAL ROAD(REAL ST),PASCADORES-CABARIUAN CRK.,RR,Residential - Regular,180.0
raw,"RDO No. 73 - San Jose, Antique is composed of the following Municipalities",,,,,LAUA-AN,POBLACION,SAN ISIDRO ST,ZAMORA GOING TO CEMETERY,RR,Residential - Regular,150.0
raw,"RDO No. 73 - San Jose, Antique is composed of the following Municipalities",,,,,LAUA-AN,POBLACION,SARMIENTO ST(EAST. SIDE),PASCADORES - FORNIER BLVD,CR,Commercial - Regular,240.0
raw,"RDO No. 73 - San Jose, Antique is composed of the following Municipalities",,,,,LAUA-AN,POBLACION,SARMIENTO ST(EAST. SIDE),FORNIER BLVD-ZAMORA ST,RR,Residential - Regular,180.0
raw,"RDO No. 73 - San Jose, Antique is composed of the following Municipalities",,,2ND,,"LAUA-AN, ANTIQUE","BAGONGBAYAN, BANBAN, CABARIWAN, CADAJUG,",ALL LOTS,ALONG THE ROAD,CR,Commercial - Regular,250.0
raw,"RDO No. 73 - San Jose, Antique is composed of the following Municipalities",,,2ND,,"LAUA-AN, ANTIQUE","BAGONGBAYAN, BANBAN, CABARIWAN, CADAJUG,",ALL LOTS,ALONG THE ROAD,RR,Residential - Regular,150.0
raw,"RDO No. 73 - San Jose, Antique is composed of the following Municipalities",,,2ND,,"LAUA-AN, ANTIQUE","BAGONGBAYAN, BANBAN, CABARIWAN, CADAJUG,",ALL LOTS,INTERIOR,RR,Residential - Regular,110.0
raw,"RDO No. 73 - San Jose, Antique is composed of the following Municipalities",,,2ND,,"LAUA-AN, ANTIQUE","BAGONGBAYAN, BANBAN, CABARIWAN, CADAJUG,",ALL LOTS,INTERIOR,A1,Agricultural - A1,23.5
raw,"RDO No. 73 - San Jose, Antique is composed of the following Municipalities",,,2ND,,"LAUA-AN, ANTIQUE","BAGONGBAYAN, BANBAN, CABARIWAN, CADAJUG,",ALL LOTS,INTERIOR,A2,Agricultural - A2,15.0
raw,"RDO No. 73 - San Jose, Antique is composed of the following Municipalities",,,2ND,,"LAUA-AN, ANTIQUE","BAGONGBAYAN, BANBAN, CABARIWAN, CADAJUG,",ALL LOTS,INTERIOR,A3,Agricultural - A3,7.65
raw,"RDO No. 73 - San Jose, Antique is composed of the following Municipalities",,,2ND,,"LAUA-AN, ANTIQUE","BAGONGBAYAN, BANBAN, CABARIWAN, CADAJUG,",ALL LOTS,INTERIOR,A4,Agricultural - A4,9.65
raw,"RDO No. 73 - San Jose, Antique is composed of the following Municipalities",,,2ND,,"LAUA-AN, ANTIQUE","BAGONGBAYAN, BANBAN, CABARIWAN, CADAJUG,",ALL LOTS,INTERIOR,A8,Agricultural - A8,6.9
raw,"RDO No. 73 - San Jose, Antique is composed of the following Municipalities",,,2ND,,"LAUA-AN, ANTIQUE","BAGONGBAYAN, BANBAN, CABARIWAN, CADAJUG,",ALL LOTS,INTERIOR,A12,Agricultural - A12,7.7
raw,"RDO No. 73 - San Jose, Antique is composed of the following Municipalities",,,2ND,,"LAUA-AN, ANTIQUE","BAGONGBAYAN, BANBAN, CABARIWAN, CADAJUG,",ALL LOTS,INTERIOR,A15,Agricultural - A15,5.75
raw,"RDO No. 73 - San Jose, Antique is composed of the following Municipalities",,,2ND,,"LAUA-AN, ANTIQUE","BAGONGBAYAN, BANBAN, CABARIWAN, CADAJUG,",ALL LOTS,INTERIOR,A16,Agricultural - A16,8.8
raw,"RDO No. 73 - San Jose, Antique is composed of the following Municipalities",,,2ND,,"LAUA-AN, ANTIQUE","BAGONGBAYAN, BANBAN, CABARIWAN, CADAJUG,",ALL LOTS,INTERIOR,A17,Agricultural - A17,20.95
raw,"RDO No. 73 - San Jose, Antique is composed of the following Municipalities",,,2ND,,"LAUA-AN, ANTIQUE","BAGONGBAYAN, BANBAN, CABARIWAN, CADAJUG,",ALL LOTS,INTERIOR,A18,Agricultural - A18,11.25
raw,"RDO No. 73 - San Jose, Antique is composed of the following Municipalities",,,2ND,,"LAUA-AN, ANTIQUE","BAGONGBAYAN, BANBAN, CABARIWAN, CADAJUG,",ALL LOTS,INTERIOR,A23,Agricultural - A23,13.5
raw,"RDO No. 73 - San Jose, Antique is composed of the following Municipalities",,,2ND,,"LAUA-AN, ANTIQUE","BAGONGBAYAN, BANBAN, CABARIWAN, CADAJUG,",ALL LOTS,INTERIOR,A26,Agricultural - A26,6.95
raw,"RDO No. 73 - San Jose, Antique is composed of the following Municipalities",,,2ND,,"LAUA-AN, ANTIQUE","BAGONGBAYAN, BANBAN, CABARIWAN, CADAJUG,",ALL LOTS,INTERIOR,A38,Agricultural - A38,13.5
raw,"RDO No. 73 - San Jose, Antique is composed of the following Municipalities",,,2ND,,"LAUA-AN, ANTIQUE","BAGONGBAYAN, BANBAN, CABARIWAN, CADAJUG,",ALL LOTS,INTERIOR,A44,Agricultural - A44,5.5
raw,"RDO No. 73 - San Jose, Antique is composed of the following Municipalities",,,2ND,,"LAUA-AN, ANTIQUE","BAGONGBAYAN, BANBAN, CABARIWAN, CADAJUG,",ALL LOTS,INTERIOR,A50,Agricultural - A50,5.0
raw,"RDO No. 73 - San Jose, Antique is composed of the following Municipalities",,,2ND,,"LAUA-AN, ANTIQUE","BONGBONGAN, CANITUAN, CAPNAYAN, GUIAMON,",ALL LOTS,ALONG THE ROAD,CR,Commercial - Regular,200.0
raw,"RDO No. 73 - San Jose, Antique is composed of the following Municipalities",,,2ND,,"LAUA-AN, ANTIQUE","BONGBONGAN, CANITUAN, CAPNAYAN, GUIAMON,",ALL LOTS,ALONG THE ROAD,RR,Residential - Regular,110.0
raw,"RDO No. 73 - San Jose, Antique is composed of the following Municipalities",,,2ND,,"LAUA-AN, ANTIQUE","BONGBONGAN, CANITUAN, CAPNAYAN, GUIAMON,",ALL LOTS,INTERIOR,RR,Residential - Regular,100.0
raw,"RDO No. 73 - San Jose, Antique is composed of the following Municipalities",,,2ND,,"LAUA-AN, ANTIQUE","BONGBONGAN, CANITUAN, CAPNAYAN, GUIAMON,",ALL LOTS,INTERIOR,A1,Agricultural - A1,23.5
raw,"RDO No. 73 - San Jose, Antique is composed of the following Municipalities",,,2ND,,"LAUA-AN, ANTIQUE","BONGBONGAN, CANITUAN, CAPNAYAN, GUIAMON,",ALL LOTS,INTERIOR,A2,Agricultural - A2,15.0
raw,"RDO No. 73 - San Jose, Antique is composed of the following Municipalities",,,2ND,,"LAUA-AN, ANTIQUE","BONGBONGAN, CANITUAN, CAPNAYAN, GUIAMON,",ALL LOTS,INTERIOR,A3,Agricultural - A3,7.25
raw,"RDO No. 73 - San Jose, Antique is composed of the following Municipalities",,,2ND,,"LAUA-AN, ANTIQUE","BONGBONGAN, CANITUAN, CAPNAYAN, GUIAMON,",ALL LOTS,INTERIOR,A4,Agricultural - A4,9.65
raw,"RDO No. 73 - San Jose, Antique is composed of the following Municipalities",,,2ND,,"LAUA-AN, ANTIQUE","BONGBONGAN, CANITUAN, CAPNAYAN, GUIAMON,",ALL LOTS,INTERIOR,A8,Agricultural - A8,6.9
raw,"RDO No. 73 - San Jose, Antique is composed of the following Municipalities",,,2ND,,"LAUA-AN, ANTIQUE","BONGBONGAN, CANITUAN, CAPNAYAN, GUIAMON,",ALL LOTS,INTERIOR,A12,Agricultural - A12,7.7
raw,"RDO No. 73 - San Jose, Antique is composed of the following Municipalities",,,2ND,,"LAUA-AN, ANTIQUE","BONGBONGAN, CANITUAN, CAPNAYAN, GUIAMON,",ALL LOTS,INTERIOR,A15,Agricultural - A15,5.75
raw,"RDO No. 73 - San Jose, Antique is composed of the following Municipalities",,,2ND,,"LAUA-AN, ANTIQUE","BONGBONGAN, CANITUAN, CAPNAYAN, GUIAMON,",ALL LOTS,INTERIOR,A16,Agricultural - A16,8.8
raw,"RDO No. 73 - San Jose, Antique is composed of the following Municipalities",,,2ND,,"LAUA-AN, ANTIQUE","BONGBONGAN, CANITUAN, CAPNAYAN, GUIAMON,",ALL LOTS,INTERIOR,A17,Agricultural - A17,20.95
raw,"RDO No. 73 - San Jose, Antique is composed of the following Municipalities",,,2ND,,"LAUA-AN, ANTIQUE","BONGBONGAN, CANITUAN, CAPNAYAN, GUIAMON,",ALL LOTS,INTERIOR,A18,Agricultural - A18,11.25
raw,"RDO No. 73 - San Jose, Antique is composed of the following Municipalities",,,2ND,,"LAUA-AN, ANTIQUE","BONGBONGAN, CANITUAN, CAPNAYAN, GUIAMON,",ALL LOTS,INTERIOR,A23,Agricultural - A23,13.5
raw,"RDO No. 73 - San Jose, Antique is composed of the following Municipalities",,,2ND,,"LAUA-AN, ANTIQUE","BONGBONGAN, CANITUAN, CAPNAYAN, GUIAMON,",ALL LOTS,INTERIOR,A26,Agricultural - A26,6.95
raw,"RDO No. 73 - San Jose, Antique is composed of the following Municipalities",,,2ND,,"LAUA-AN, ANTIQUE","BONGBONGAN, CANITUAN, CAPNAYAN, GUIAMON,",ALL LOTS,INTERIOR,A38,Agricultural - A38,13.5
raw,"RDO No. 73 - San Jose, Antique is composed of the following Municipalities",,,2ND,,"LAUA-AN, ANTIQUE","BONGBONGAN, CANITUAN, CAPNAYAN, GUIAMON,",ALL LOTS,INTERIOR,A44,Agricultural - A44,5.5
raw,"RDO No. 73 - San Jose, Antique is composed of the following Municipalities",,,2ND,,"LAUA-AN, ANTIQUE","BONGBONGAN, CANITUAN, CAPNAYAN, GUIAMON,",ALL LOTS,INTERIOR,A50,Agricultural - A50,5.0
raw,"RDO No. 73 - San Jose, Antique is composed of the following Municipalities",,,,,"LAUA-AN, ANTIQUE",POBLACION,ALL OTHER STREETS,ALL WEATHER ROADS W/IN 1KM FR POB,RR,Residential - Regular,200.0
raw,"RDO No. 73 - San Jose, Antique is composed of the following Municipalities",,,,,"LAUA-AN, ANTIQUE",POBLACION,ALL OTHER STREETS,ALL WEATHER ROADS (MORE THAN 1KM FR POB),RR,Residential - Regular,150.0
raw,"RDO No. 73 - San Jose, Antique is composed of the following Municipalities",,,,,"LAUA-AN, ANTIQUE",POBLACION,ALL OTHER STREETS,INTERIOR,RR,Residential - Regular,105.0
raw,"RDO No. 73 - San Jose, Antique is composed of the following Municipalities",,,,,"LAUA-AN, ANTIQUE",POBLACION,ALL OTHER STREETS,INTERIOR,A1,Agricultural - A1,12.75
raw,"RDO No. 73 - San Jose, Antique is composed of the following Municipalities",,,,,"LAUA-AN, ANTIQUE",POBLACION,ALL OTHER STREETS,INTERIOR,A2,Agricultural - A2,8.5
raw,"RDO No. 73 - San Jose, Antique is composed of the following Municipalities",,,,,"LAUA-AN, ANTIQUE",POBLACION,ALL OTHER STREETS,INTERIOR,A3,Agricultural - A3,5.0
raw,"RDO No. 73 - San Jose, Antique is composed of the following Municipalities",,,,,"LAUA-AN, ANTIQUE",POBLACION,ALL OTHER STREETS,INTERIOR,A4,Agricultural - A4,5.0
raw,"RDO No. 73 - San Jose, Antique is composed of the following Municipalities",,,,,"LAUA-AN, ANTIQUE",POBLACION,ALL OTHER STREETS,INTERIOR,A8,Agricultural - A8,4.0
raw,"RDO No. 73 - San Jose, Antique is composed of the following Municipalities",,,,,"LAUA-AN, ANTIQUE",POBLACION,ALL OTHER STREETS,INTERIOR,A12,Agricultural - A12,5.0
raw,"RDO No. 73 - San Jose, Antique is composed of the following Municipalities",,,,,"LAUA-AN, ANTIQUE",POBLACION,ALL OTHER STREETS,INTERIOR,A15,Agricultural - A15,3.0
raw,"RDO No. 73 - San Jose, Antique is composed of the following Municipalities",,,,,"LAUA-AN, ANTIQUE",POBLACION,ALL OTHER STREETS,INTERIOR,A16,Agricultural - A16,5.0
raw,"RDO No. 73 - San Jose, Antique is composed of the following Municipalities",,,,,"LAUA-AN, ANTIQUE",POBLACION,ALL OTHER STREETS,INTERIOR,A17,Agricultural - A17,11.0
raw,"RDO No. 73 - San Jose, Antique is composed of the following Municipalities",,,,,"LAUA-AN, ANTIQUE",POBLACION,ALL OTHER STREETS,INTERIOR,A18,Agricultural - A18,5.0
raw,"RDO No. 73 - San Jose, Antique is composed of the following Municipalities",,,,,"LAUA-AN, ANTIQUE",POBLACION,ALL OTHER STREETS,INTERIOR,A23,Agricultural - A23,6.0
raw,"RDO No. 73 - San Jose, Antique is composed of the following Municipalities",,,,,"LAUA-AN, ANTIQUE",POBLACION,ALL OTHER STREETS,INTERIOR,A26,Agricultural - A26,4.1
raw,"RDO No. 73 - San Jose, Antique is composed of the following Municipalities",,,,,"LAUA-AN, ANTIQUE",POBLACION,ALL OTHER STREETS,INTERIOR,A38,Agricultural - A38,6.0
raw,"RDO No. 73 - San Jose, Antique is composed of the following Municipalities",,,,,"LAUA-AN, ANTIQUE",POBLACION,ALL OTHER STREETS,INTERIOR,A44,Agricultural - A44,4.0
raw,"RDO No. 73 - San Jose, Antique is composed of the following Municipalities",,,,,"LAUA-AN, ANTIQUE",POBLACION,MAYOR A.B. MAGLUYAN ST,PASCADORES ST-ZAMORA ST,RR,Residential - Regular,250.0
raw,"RDO No. 73 - San Jose, Antique is composed of the following Municipalities",,,,,"LAUA-AN, ANTIQUE",POBLACION,NATIONAL ROAD(REAL ST),PASCADORES-CABARIUAN CRK.,RR,Residential - Regular,280.0
raw,"RDO No. 73 - San Jose, Antique is composed of the following Municipalities",,,,,"LAUA-AN, ANTIQUE",POBLACION,SAN ISIDRO ST,ZAMORA GOING TO CEMETERY,RR,Residential - Regular,250.0
raw,"RDO No. 73 - San Jose, Antique is composed of the following Municipalities",,,,,"LAUA-AN, ANTIQUE",POBLACION,SARMIENTO ST(EAST. SIDE),PASCADORES - FORNIER BLVD,CR,Commercial - Regular,415.0
raw,"RDO No. 73 - San Jose, Antique is composed of the following Municipalities",,,,,"LAUA-AN, ANTIQUE",POBLACION,SARMIENTO ST(EAST. SIDE),FORNIER BLVD-ZAMORA ST,RR,Residential - Regular,280.0
raw,"RDO No. 73 - San Jose, Antique is composed of the following Municipalities",,,2ND,,"LAUA-AN, ANTIQUE",POBLACION (CENTRO),ALL OTHER STREETS,WITHIN POBLACION,CR,Commercial - Regular,350.0
raw,"RDO No. 73 - San Jose, Antique is composed of the following Municipalities",,,2ND,,"LAUA-AN, ANTIQUE",POBLACION (CENTRO),ALL OTHER STREETS,WITHIN POBLACION,RR,Residential - Regular,325.0
raw,"RDO No. 73 - San Jose, Antique is composed of the following Municipalities",,,2ND,,"LAUA-AN, ANTIQUE",POBLACION (CENTRO),ALL OTHER STREETS,ALL WEATHER ROADS WITHIN 1KM OUTSIDE POB CENTRO,RR,Residential - Regular,250.0
raw,"RDO No. 73 - San Jose, Antique is composed of the following Municipalities",,,2ND,,"LAUA-AN, ANTIQUE",POBLACION (CENTRO),ALL OTHER STREETS,ALL WEATHER ROADS WITHIN 1KM OUTSIDE POB CENTRO,CR,Commercial - Regular,300.0
raw,"RDO No. 73 - San Jose, Antique is composed of the following Municipalities",,,2ND,,"LAUA-AN, ANTIQUE",POBLACION (CENTRO),ALL OTHER STREETS,ALL WEATHER ROADS MORE THAN 1KM OUTSIDE POB CENTRO,RR,Residential - Regular,245.0
raw,"RDO No. 73 - San Jose, Antique is composed of the following Municipalities",,,2ND,,"LAUA-AN, ANTIQUE",POBLACION (CENTRO),ALL OTHER STREETS,ALL WEATHER ROADS MORE THAN 1KM OUTSIDE POB CENTRO,CR,Commercial - Regular,250.0
raw,"RDO No. 73 - San Jose, Antique is composed of the following Municipalities",,,2ND,,"LAUA-AN, ANTIQUE",POBLACION (CENTRO),ALL OTHER STREETS,INTERIOR,RR,Residential - Regular,140.0
raw,"RDO No. 73 - San Jose, Antique is composed of the following Municipalities",,,2ND,,"LAUA-AN, ANTIQUE",POBLACION (CENTRO),ALL OTHER STREETS,INTERIOR,A1,Agricultural - A1,23.5
raw,"RDO No. 73 - San Jose, Antique is composed of the following Municipalities",,,2ND,,"LAUA-AN, ANTIQUE",POBLACION (CENTRO),ALL OTHER STREETS,INTERIOR,A2,Agricultural - A2,15.0
raw,"RDO No. 73 - San Jose, Antique is composed of the following Municipalities",,,2ND,,"LAUA-AN, ANTIQUE",POBLACION (CENTRO),ALL OTHER STREETS,INTERIOR,A3,Agricultural - A3,7.65
raw,"RDO No. 73 - San Jose, Antique is composed of the following Municipalities",,,2ND,,"LAUA-AN, ANTIQUE",POBLACION (CENTRO),ALL OTHER STREETS,INTERIOR,A4,Agricultural - A4,9.65
raw,"RDO No. 73 - San Jose, Antique is composed of the following Municipalities",,,2ND,,"LAUA-AN, ANTIQUE",POBLACION (CENTRO),ALL OTHER STREETS,INTERIOR,A8,Agricultural - A8,6.9
raw,"RDO No. 73 - San Jose, Antique is composed of the following Municipalities",,,2ND,,"LAUA-AN, ANTIQUE",POBLACION (CENTRO),ALL OTHER STREETS,INTERIOR,A12,Agricultural - A12,7.7
raw,"RDO No. 73 - San Jose, Antique is composed of the following Municipalities",,,2ND,,"LAUA-AN, ANTIQUE",POBLACION (CENTRO),ALL OTHER STREETS,INTERIOR,A15,Agricultural - A15,5.75
raw,"RDO No. 73 - San Jose, Antique is composed of the following Municipalities",,,2ND,,"LAUA-AN, ANTIQUE",POBLACION (CENTRO),ALL OTHER STREETS,INTERIOR,A16,Agricultural - A16,8.8
raw,"RDO No. 73 - San Jose, Antique is composed of the following Municipalities",,,2ND,,"LAUA-AN, ANTIQUE",POBLACION (CENTRO),ALL OTHER STREETS,INTERIOR,A17,Agricultural - A17,20.95
raw,"RDO No. 73 - San Jose, Antique is composed of the following Municipalities",,,2ND,,"LAUA-AN, ANTIQUE",POBLACION (CENTRO),ALL OTHER STREETS,INTERIOR,A18,Agricultural - A18,11.25
raw,"RDO No. 73 - San Jose, Antique is composed of the following Municipalities",,,2ND,,"LAUA-AN, ANTIQUE",POBLACION (CENTRO),ALL OTHER STREETS,INTERIOR,A23,Agricultural - A23,13.5
raw,"RDO No. 73 - San Jose, Antique is composed of the following Municipalities",,,2ND,,"LAUA-AN, ANTIQUE",POBLACION (CENTRO),ALL OTHER STREETS,INTERIOR,A26,Agricultural - A26,6.95
raw,"RDO No. 73 - San Jose, Antique is composed of the following Municipalities",,,2ND,,"LAUA-AN, ANTIQUE",POBLACION (CENTRO),ALL OTHER STREETS,INTERIOR,A38,Agricultural - A38,13.5
raw,"RDO No. 73 - San Jose, Antique is composed of the following Municipalities",,,2ND,,"LAUA-AN, ANTIQUE",POBLACION (CENTRO),ALL OTHER STREETS,INTERIOR,A44,Agricultural - A44,5.5
raw,"RDO No. 73 - San Jose, Antique is composed of the following Municipalities",,,2ND,,"LAUA-AN, ANTIQUE",POBLACION (CENTRO),ALL OTHER STREETS,INTERIOR,A50,Agricultural - A50,5.0
raw,"RDO No. 73 - San Jose, Antique is composed of the following Municipalities",,,2ND,,"LAUA-AN, ANTIQUE",POBLACION (CENTRO),MAYOR A.B.  MAGLUYAN ST.,PASCADORES ST-ZAMORA ST.,RR,Residential - Regular,400.0
raw,"RDO No. 73 - San Jose, Antique is composed of the following Municipalities",,,2ND,,"LAUA-AN, ANTIQUE",POBLACION (CENTRO),MAYOR A.B.  MAGLUYAN ST.,PASCADORES ST-ZAMORA ST.,CR,Commercial - Regular,600.0
raw,"RDO No. 73 - San Jose, Antique is composed of the following Municipalities",,,2ND,,"LAUA-AN, ANTIQUE",POBLACION (CENTRO),NATIONAL ROAD (REAL ST.),PASCADORES ST - CABARIUAN CR,RR,Residential - Regular,455.0
raw,"RDO No. 73 - San Jose, Antique is composed of the following Municipalities",,,2ND,,"LAUA-AN, ANTIQUE",POBLACION (CENTRO),NATIONAL ROAD (REAL ST.),PASCADORES ST - CABARIUAN CR,CR,Commercial - Regular,600.0
raw,"RDO No. 73 - San Jose, Antique is composed of the following Municipalities",,,2ND,,"LAUA-AN, ANTIQUE",POBLACION (CENTRO),SAN ISIDRO ST.,ZAMORA GOING TO CEMENTERY,RR,Residential - Regular,400.0
raw,"RDO No. 73 - San Jose, Antique is composed of the following Municipalities",,,2ND,,"LAUA-AN, ANTIQUE",POBLACION (CENTRO),SAN ISIDRO ST.,ZAMORA GOING TO CEMENTERY,CR,Commercial - Regular,600.0
raw,"RDO No. 73 - San Jose, Antique is composed of the following Municipalities",,,2ND,,"LAUA-AN, ANTIQUE",POBLACION (CENTRO),SARMIENTO ST. (EAST SIDE),PASCADORES-FORNIER BLVD,CR,Commercial - Regular,680.0
raw,"RDO No. 73 - San Jose, Antique is composed of the following Municipalities",,,2ND,,"LAUA-AN, ANTIQUE",POBLACION (CENTRO),SARMIENTO ST. (EAST SIDE),FORNIER BLVD-ZAMORA ST.,RR,Residential - Regular,455.0
raw,"RDO No. 73 - San Jose, Antique is composed of the following Municipalities",,,,,LIBERTAD,POBLACION,ALL OTHER STREETS,ALL WEATHER ROADS W/IN 1KM FR POB,RR,Residential - Regular,120.0
raw,"RDO No. 73 - San Jose, Antique is composed of the following Municipalities",,,,,LIBERTAD,POBLACION,ALL OTHER STREETS,ALL WEATHER ROADS (MORE THAN 1KM FR POB),RR,Residential - Regular,75.0
raw,"RDO No. 73 - San Jose, Antique is composed of the following Municipalities",,,,,LIBERTAD,POBLACION,ALL OTHER STREETS,INTERIOR,RR,Residential - Regular,40.0
raw,"RDO No. 73 - San Jose, Antique is composed of the following Municipalities",,,,,LIBERTAD,POBLACION,ALL OTHER STREETS,INTERIOR,A,Agricultural,8.0
raw,"RDO No. 73 - San Jose, Antique is composed of the following Municipalities",,,,,LIBERTAD,POBLACION,ALL OTHER STREETS,INTERIOR,A1,Agricultural - A1,5.0
raw,"RDO No. 73 - San Jose, Antique is composed of the following Municipalities",,,,,LIBERTAD,POBLACION,ALL OTHER STREETS,INTERIOR,A2,Agricultural - A2,2.0
raw,"RDO No. 73 - San Jose, Antique is composed of the following Municipalities",,,,,LIBERTAD,POBLACION,ALL OTHER STREETS,INTERIOR,A3,Agricultural - A3,3.0
raw,"RDO No. 73 - San Jose, Antique is composed of the following Municipalities",,,,,LIBERTAD,POBLACION,ALL OTHER STREETS,INTERIOR,A4,Agricultural - A4,3.0
raw,"RDO No. 73 - San Jose, Antique is composed of the following Municipalities",,,,,LIBERTAD,POBLACION,ALL OTHER STREETS,INTERIOR,A5,Agricultural - A5,6.0
raw,"RDO No. 73 - San Jose, Antique is composed of the following Municipalities",,,,,LIBERTAD,POBLACION,ALL OTHER STREETS,INTERIOR,A7,Agricultural - A7,2.0
raw,"RDO No. 73 - San Jose, Antique is composed of the following Municipalities",,,,,LIBERTAD,POBLACION,ALL OTHER STREETS,INTERIOR,A8,Agricultural - A8,11.0
raw,"RDO No. 73 - San Jose, Antique is composed of the following Municipalities",,,,,LIBERTAD,POBLACION,ALL OTHER STREETS,INTERIOR,A11,Agricultural - A11,4.0
raw,"RDO No. 73 - San Jose, Antique is composed of the following Municipalities",,,,,LIBERTAD,POBLACION,ALL OTHER STREETS,INTERIOR,A12,Agricultural - A12,1.0
raw,"RDO No. 73 - San Jose, Antique is composed of the following Municipalities",,,,,LIBERTAD,POBLACION,ALL OTHER STREETS,INTERIOR,A13,Agricultural - A13,3.0
raw,"RDO No. 73 - San Jose, Antique is composed of the following Municipalities",,,,,LIBERTAD,POBLACION,ALL OTHER STREETS,INTERIOR,A14,Agricultural - A14,2.0
raw,"RDO No. 73 - San Jose, Antique is composed of the following Municipalities",,,,,LIBERTAD,POBLACION,ALL OTHER STREETS,INTERIOR,A15,Agricultural - A15,4.0
raw,"RDO No. 73 - San Jose, Antique is composed of the following Municipalities",,,,,LIBERTAD,POBLACION,ELIAB ST,ROAD TO PAMANGKILON-SUGAR ST,RR,Residential - Regular,150.0
raw,"RDO No. 73 - San Jose, Antique is composed of the following Municipalities",,,,,LIBERTAD,POBLACION,MARKET SIDE,NAT'L RD-ZALDIVAR ST,CR,Commercial - Regular,230.0
raw,"RDO No. 73 - San Jose, Antique is composed of the following Municipalities",,,,,LIBERTAD,POBLACION,NATIONAL ROAD,MARKET NAT'L RD-ZALDIVAR,CR,Commercial - Regular,265.0
raw,"RDO No. 73 - San Jose, Antique is composed of the following Municipalities",,,,,LIBERTAD,POBLACION,NATIONAL ROAD,RD TO PAMANGKILON-SUGAR ST,RR,Residential - Regular,180.0
raw,"RDO No. 73 - San Jose, Antique is composed of the following Municipalities",,,,,LIBERTAD,POBLACION,NOCOPIOR ST,GEN. FULLON - NAT'L.RD,RR,Residential - Regular,150.0
raw,"RDO No. 73 - San Jose, Antique is composed of the following Municipalities",,,,,LIBERTAD,POBLACION,OLARTE ST,GEN.FULLON ST-NAT'L. ROAD,RR,Residential - Regular,180.0
raw,"RDO No. 73 - San Jose, Antique is composed of the following Municipalities",,,,,LIBERTAD,POBLACION,OSMENA ST,ZALDIVAR ST-GEN.FULLON ST,RR,Residential - Regular,150.0
raw,"RDO No. 73 - San Jose, Antique is composed of the following Municipalities",,,,,LIBERTAD,POBLACION,QUEZON ST,ZALDIVAR ST-NAT'L. ROAD,RR,Residential - Regular,180.0
raw,"RDO No. 73 - San Jose, Antique is composed of the following Municipalities",,,,,LIBERTAD,POBLACION,ROXAS ST,ZALDIVAR ST-GEN.FULLON ST,RR,Residential - Regular,150.0
raw,"RDO No. 73 - San Jose, Antique is composed of the following Municipalities",,,,,LIBERTAD,POBLACION,SUALOG ST (EAST. SIDE),NAT'L. RD.-RD TO BALUSBUS,RR,Residential - Regular,120.0
raw,"RDO No. 73 - San Jose, Antique is composed of the following Municipalities",,,,,LIBERTAD,POBLACION,UNILONGO ST,ZALDIVAR ST-GEN.FULLON ST,RR,Residential - Regular,180.0
raw,"RDO No. 73 - San Jose, Antique is composed of the following Municipalities",,,,,LIBERTAD,POBLACION,ZALDIVAR ST,QUEZON ST-UNILONGO ST,RR,Residential - Regular,180.0
raw,"RDO No. 73 - San Jose, Antique is composed of the following Municipalities",,,2ND,,"LIBERTAD, ANTIQUE","BARUSBUS, IGCAGAY, TABOC, UNION",ALL LOTS,ALONG THE ROAD,RR,Residential - Regular,255.0
raw,"RDO No. 73 - San Jose, Antique is composed of the following Municipalities",,,2ND,,"LIBERTAD, ANTIQUE","BARUSBUS, IGCAGAY, TABOC, UNION",ALL LOTS,INTERIOR,RR,Residential - Regular,170.0
raw,"RDO No. 73 - San Jose, Antique is composed of the following Municipalities",,,2ND,,"LIBERTAD, ANTIQUE","BARUSBUS, IGCAGAY, TABOC, UNION",ALL LOTS,INTERIOR,A1,Agricultural - A1,21.8
raw,"RDO No. 73 - San Jose, Antique is composed of the following Municipalities",,,2ND,,"LIBERTAD, ANTIQUE","BARUSBUS, IGCAGAY, TABOC, UNION",ALL LOTS,INTERIOR,A2,Agricultural - A2,13.8
raw,"RDO No. 73 - San Jose, Antique is composed of the following Municipalities",,,2ND,,"LIBERTAD, ANTIQUE","BARUSBUS, IGCAGAY, TABOC, UNION",ALL LOTS,INTERIOR,A3,Agricultural - A3,6.65
raw,"RDO No. 73 - San Jose, Antique is composed of the following Municipalities",,,2ND,,"LIBERTAD, ANTIQUE","BARUSBUS, IGCAGAY, TABOC, UNION",ALL LOTS,INTERIOR,A4,Agricultural - A4,9.65
raw,"RDO No. 73 - San Jose, Antique is composed of the following Municipalities",,,2ND,,"LIBERTAD, ANTIQUE","BARUSBUS, IGCAGAY, TABOC, UNION",ALL LOTS,INTERIOR,A6,Agricultural - A6,33.25
raw,"RDO No. 73 - San Jose, Antique is composed of the following Municipalities",,,2ND,,"LIBERTAD, ANTIQUE","BARUSBUS, IGCAGAY, TABOC, UNION",ALL LOTS,INTERIOR,A12,Agricultural - A12,7.7
raw,"RDO No. 73 - San Jose, Antique is composed of the following Municipalities",,,2ND,,"LIBERTAD, ANTIQUE","BARUSBUS, IGCAGAY, TABOC, UNION",ALL LOTS,INTERIOR,A15,Agricultural - A15,5.75
raw,"RDO No. 73 - San Jose, Antique is composed of the following Municipalities",,,2ND,,"LIBERTAD, ANTIQUE","BARUSBUS, IGCAGAY, TABOC, UNION",ALL LOTS,INTERIOR,A16,Agricultural - A16,8.8
raw,"RDO No. 73 - San Jose, Antique is composed of the following Municipalities",,,2ND,,"LIBERTAD, ANTIQUE","BARUSBUS, IGCAGAY, TABOC, UNION",ALL LOTS,INTERIOR,A17,Agricultural - A17,16.95
raw,"RDO No. 73 - San Jose, Antique is composed of the following Municipalities",,,2ND,,"LIBERTAD, ANTIQUE","BARUSBUS, IGCAGAY, TABOC, UNION",ALL LOTS,INTERIOR,A23,Agricultural - A23,9.75
raw,"RDO No. 73 - San Jose, Antique is composed of the following Municipalities",,,2ND,,"LIBERTAD, ANTIQUE","BARUSBUS, IGCAGAY, TABOC, UNION",ALL LOTS,INTERIOR,A26,Agricultural - A26,6.85
raw,"RDO No. 73 - San Jose, Antique is composed of the following Municipalities",,,2ND,,"LIBERTAD, ANTIQUE","BARUSBUS, IGCAGAY, TABOC, UNION",ALL LOTS,INTERIOR,A38,Agricultural - A38,10.5
raw,"RDO No. 73 - San Jose, Antique is composed of the following Municipalities",,,2ND,,"LIBERTAD, ANTIQUE","BARUSBUS, IGCAGAY, TABOC, UNION",ALL LOTS,INTERIOR,A44,Agricultural - A44,6.5
raw,"RDO No. 73 - San Jose, Antique is composed of the following Municipalities",,,2ND,,"LIBERTAD, ANTIQUE","BARUSBUS, IGCAGAY, TABOC, UNION",ALL LOTS,INTERIOR,A50,Agricultural - A50,5.0
raw,"RDO No. 73 - San Jose, Antique is composed of the following Municipalities",,,2ND,,"LIBERTAD, ANTIQUE","BULANAO, CUBAY, MARAMIG, PAZ",ALL LOTS,ALONG THE ROAD,RR,Residential - Regular,185.0
raw,"RDO No. 73 - San Jose, Antique is composed of the following Municipalities",,,2ND,,"LIBERTAD, ANTIQUE","BULANAO, CUBAY, MARAMIG, PAZ",ALL LOTS,INTERIOR,RR,Residential - Regular,155.0
raw,"RDO No. 73 - San Jose, Antique is composed of the following Municipalities",,,2ND,,"LIBERTAD, ANTIQUE","BULANAO, CUBAY, MARAMIG, PAZ",ALL LOTS,INTERIOR,A1,Agricultural - A1,21.8
raw,"RDO No. 73 - San Jose, Antique is composed of the following Municipalities",,,2ND,,"LIBERTAD, ANTIQUE","BULANAO, CUBAY, MARAMIG, PAZ",ALL LOTS,INTERIOR,A2,Agricultural - A2,13.8
raw,"RDO No. 73 - San Jose, Antique is composed of the following Municipalities",,,2ND,,"LIBERTAD, ANTIQUE","BULANAO, CUBAY, MARAMIG, PAZ",ALL LOTS,INTERIOR,A3,Agricultural - A3,6.65
raw,"RDO No. 73 - San Jose, Antique is composed of the following Municipalities",,,2ND,,"LIBERTAD, ANTIQUE","BULANAO, CUBAY, MARAMIG, PAZ",ALL LOTS,INTERIOR,A4,Agricultural - A4,9.65
raw,"RDO No. 73 - San Jose, Antique is composed of the following Municipalities",,,2ND,,"LIBERTAD, ANTIQUE","BULANAO, CUBAY, MARAMIG, PAZ",ALL LOTS,INTERIOR,A6,Agricultural - A6,33.25
raw,"RDO No. 73 - San Jose, Antique is composed of the following Municipalities",,,2ND,,"LIBERTAD, ANTIQUE","BULANAO, CUBAY, MARAMIG, PAZ",ALL LOTS,INTERIOR,A12,Agricultural - A12,7.7
raw,"RDO No. 73 - San Jose, Antique is composed of the following Municipalities",,,2ND,,"LIBERTAD, ANTIQUE","BULANAO, CUBAY, MARAMIG, PAZ",ALL LOTS,INTERIOR,A15,Agricultural - A15,5.75
raw,"RDO No. 73 - San Jose, Antique is composed of the following Municipalities",,,2ND,,"LIBERTAD, ANTIQUE","BULANAO, CUBAY, MARAMIG, PAZ",ALL LOTS,INTERIOR,A16,Agricultural - A16,8.8
raw,"RDO No. 73 - San Jose, Antique is composed of the following Municipalities",,,2ND,,"LIBERTAD, ANTIQUE","BULANAO, CUBAY, MARAMIG, PAZ",ALL LOTS,INTERIOR,A17,Agricultural - A17,16.95
raw,"RDO No. 73 - San Jose, Antique is composed of the following Municipalities",,,2ND,,"LIBERTAD, ANTIQUE","BULANAO, CUBAY, MARAMIG, PAZ",ALL LOTS,INTERIOR,A23,Agricultural - A23,9.75
raw,"RDO No. 73 - San Jose, Antique is composed of the following Municipalities",,,2ND,,"LIBERTAD, ANTIQUE","BULANAO, CUBAY, MARAMIG, PAZ",ALL LOTS,INTERIOR,A26,Agricultural - A26,6.85
raw,"RDO No. 73 - San Jose, Antique is composed of the following Municipalities",,,2ND,,"LIBERTAD, ANTIQUE","BULANAO, CUBAY, MARAMIG, PAZ",ALL LOTS,INTERIOR,A38,Agricultural - A38,10.5
raw,"RDO No. 73 - San Jose, Antique is composed of the following Municipalities",,,2ND,,"LIBERTAD, ANTIQUE","BULANAO, CUBAY, MARAMIG, PAZ",ALL LOTS,INTERIOR,A44,Agricultural - A44,6.5
raw,"RDO No. 73 - San Jose, Antique is composed of the following Municipalities",,,2ND,,"LIBERTAD, ANTIQUE","BULANAO, CUBAY, MARAMIG, PAZ",ALL LOTS,INTERIOR,A50,Agricultural - A50,5.0
raw,"RDO No. 73 - San Jose, Antique is composed of the following Municipalities",,,2ND,,"LIBERTAD, ANTIQUE",CENTRO ESTE (POB) and CENTRO WEST (POB),ALL OTHER STREETS,WITHIN POBLACION,RR,Residential - Regular,250.0
raw,"RDO No. 73 - San Jose, Antique is composed of the following Municipalities",,,2ND,,"LIBERTAD, ANTIQUE",CENTRO ESTE (POB) and CENTRO WEST (POB),ALL OTHER STREETS,WITHIN POBLACION,CR,Commercial - Regular,315.0
raw,"RDO No. 73 - San Jose, Antique is composed of the following Municipalities",,,2ND,,"LIBERTAD, ANTIQUE",CENTRO ESTE (POB) and CENTRO WEST (POB),ALL OTHER STREETS,ALL WEATHER ROADS MORE THAN 1KM OUTSIDE POB CENTRO,CR,Commercial - Regular,230.0
raw,"RDO No. 73 - San Jose, Antique is composed of the following Municipalities",,,2ND,,"LIBERTAD, ANTIQUE",CENTRO ESTE (POB) and CENTRO WEST (POB),ALL OTHER STREETS,ALL WEATHER ROADS MORE THAN 1KM OUTSIDE POB CENTRO,RR,Residential - Regular,210.0
raw,"RDO No. 73 - San Jose, Antique is composed of the following Municipalities",,,2ND,,"LIBERTAD, ANTIQUE",CENTRO ESTE (POB) and CENTRO WEST (POB),ALL OTHER STREETS,INTERIOR,RR,Residential - Regular,195.0
raw,"RDO No. 73 - San Jose, Antique is composed of the following Municipalities",,,2ND,,"LIBERTAD, ANTIQUE",CENTRO ESTE (POB) and CENTRO WEST (POB),ALL OTHER STREETS,INTERIOR,A1,Agricultural - A1,21.8
raw,"RDO No. 73 - San Jose, Antique is composed of the following Municipalities",,,2ND,,"LIBERTAD, ANTIQUE",CENTRO ESTE (POB) and CENTRO WEST (POB),ALL OTHER STREETS,INTERIOR,A2,Agricultural - A2,13.8
raw,"RDO No. 73 - San Jose, Antique is composed of the following Municipalities",,,2ND,,"LIBERTAD, ANTIQUE",CENTRO ESTE (POB) and CENTRO WEST (POB),ALL OTHER STREETS,INTERIOR,A3,Agricultural - A3,6.65
raw,"RDO No. 73 - San Jose, Antique is composed of the following Municipalities",,,2ND,,"LIBERTAD, ANTIQUE",CENTRO ESTE (POB) and CENTRO WEST (POB),ALL OTHER STREETS,INTERIOR,A4,Agricultural - A4,9.65
raw,"RDO No. 73 - San Jose, Antique is composed of the following Municipalities",,,2ND,,"LIBERTAD, ANTIQUE",CENTRO ESTE (POB) and CENTRO WEST (POB),ALL OTHER STREETS,INTERIOR,A6,Agricultural - A6,33.25
raw,"RDO No. 73 - San Jose, Antique is composed of the following Municipalities",,,2ND,,"LIBERTAD, ANTIQUE",CENTRO ESTE (POB) and CENTRO WEST (POB),ALL OTHER STREETS,INTERIOR,A12,Agricultural - A12,7.7
raw,"RDO No. 73 - San Jose, Antique is composed of the following Municipalities",,,2ND,,"LIBERTAD, ANTIQUE",CENTRO ESTE (POB) and CENTRO WEST (POB),ALL OTHER STREETS,INTERIOR,A15,Agricultural - A15,5.75
raw,"RDO No. 73 - San Jose, Antique is composed of the following Municipalities",,,2ND,,"LIBERTAD, ANTIQUE",CENTRO ESTE (POB) and CENTRO WEST (POB),ALL OTHER STREETS,INTERIOR,A16,Agricultural - A16,8.8
raw,"RDO No. 73 - San Jose, Antique is composed of the following Municipalities",,,2ND,,"LIBERTAD, ANTIQUE",CENTRO ESTE (POB) and CENTRO WEST (POB),ALL OTHER STREETS,INTERIOR,A17,Agricultural - A17,16.95
raw,"RDO No. 73 - San Jose, Antique is composed of the following Municipalities",,,2ND,,"LIBERTAD, ANTIQUE",CENTRO ESTE (POB) and CENTRO WEST (POB),ALL OTHER STREETS,INTERIOR,A23,Agricultural - A23,9.75
raw,"RDO No. 73 - San Jose, Antique is composed of the following Municipalities",,,2ND,,"LIBERTAD, ANTIQUE",CENTRO ESTE (POB) and CENTRO WEST (POB),ALL OTHER STREETS,INTERIOR,A26,Agricultural - A26,6.85
raw,"RDO No. 73 - San Jose, Antique is composed of the following Municipalities",,,2ND,,"LIBERTAD, ANTIQUE",CENTRO ESTE (POB) and CENTRO WEST (POB),ALL OTHER STREETS,INTERIOR,A38,Agricultural - A38,10.5
raw,"RDO No. 73 - San Jose, Antique is composed of the following Municipalities",,,2ND,,"LIBERTAD, ANTIQUE",CENTRO ESTE (POB) and CENTRO WEST (POB),ALL OTHER STREETS,INTERIOR,A44,Agricultural - A44,6.5
raw,"RDO No. 73 - San Jose, Antique is composed of the following Municipalities",,,2ND,,"LIBERTAD, ANTIQUE",CENTRO ESTE (POB) and CENTRO WEST (POB),ALL OTHER STREETS,INTERIOR,A50,Agricultural - A50,5.0
raw,"RDO No. 73 - San Jose, Antique is composed of the following Municipalities",,,2ND,,"LIBERTAD, ANTIQUE",CENTRO ESTE (POB) and CENTRO WEST (POB),ELIAB STREET,RD TO PAMANGKILON-SUGAR ST.,RR,Residential - Regular,370.0
raw,"RDO No. 73 - San Jose, Antique is composed of the following Municipalities",,,2ND,,"LIBERTAD, ANTIQUE",CENTRO ESTE (POB) and CENTRO WEST (POB),ELIAB STREET,RD TO PAMANGKILON-SUGAR ST.,CR,Commercial - Regular,600.0
raw,"RDO No. 73 - San Jose, Antique is composed of the following Municipalities",,,2ND,,"LIBERTAD, ANTIQUE",CENTRO ESTE (POB) and CENTRO WEST (POB),MARKET SIDE,NAT'L. ROAD - ZALDIVAR ST.,CR,Commercial - Regular,600.0
raw,"RDO No. 73 - San Jose, Antique is composed of the following Municipalities",,,2ND,,"LIBERTAD, ANTIQUE",CENTRO ESTE (POB) and CENTRO WEST (POB),NATIONAL ROAD,MARKET-NAT'L ROAD-ZALDIVAR ST.,CR,Commercial - Regular,670.0
raw,"RDO No. 73 - San Jose, Antique is composed of the following Municipalities",,,2ND,,"LIBERTAD, ANTIQUE",CENTRO ESTE (POB) and CENTRO WEST (POB),NATIONAL ROAD,RD TO PAMANGKILON-SUGAR ST.,RR,Residential - Regular,415.0
raw,"RDO No. 73 - San Jose, Antique is composed of the following Municipalities",,,2ND,,"LIBERTAD, ANTIQUE",CENTRO ESTE (POB) and CENTRO WEST (POB),NICOPIOR STREET,GEN FULLON ST.-NAT'L ROAD,RR,Residential - Regular,370.0
raw,"RDO No. 73 - San Jose, Antique is composed of the following Municipalities",,,2ND,,"LIBERTAD, ANTIQUE",CENTRO ESTE (POB) and CENTRO WEST (POB),NICOPIOR STREET,GEN FULLON ST.-NAT'L ROAD,CR,Commercial - Regular,600.0
raw,"RDO No. 73 - San Jose, Antique is composed of the following Municipalities",,,2ND,,"LIBERTAD, ANTIQUE",CENTRO ESTE (POB) and CENTRO WEST (POB),OLARTE STREET,GEN FULLON ST.-NAT'L ROAD,RR,Residential - Regular,405.0
raw,"RDO No. 73 - San Jose, Antique is composed of the following Municipalities",,,2ND,,"LIBERTAD, ANTIQUE",CENTRO ESTE (POB) and CENTRO WEST (POB),OLARTE STREET,GEN FULLON ST.-NAT'L ROAD,CR,Commercial - Regular,600.0
raw,"RDO No. 73 - San Jose, Antique is composed of the following Municipalities",,,2ND,,"LIBERTAD, ANTIQUE",CENTRO ESTE (POB) and CENTRO WEST (POB),OSMEÑA STREET,ZALDIVAR ST.-GEN FULLON ST.,RR,Residential - Regular,370.0
raw,"RDO No. 73 - San Jose, Antique is composed of the following Municipalities",,,2ND,,"LIBERTAD, ANTIQUE",CENTRO ESTE (POB) and CENTRO WEST (POB),OSMEÑA STREET,ZALDIVAR ST.-GEN FULLON ST.,CR,Commercial - Regular,600.0
raw,"RDO No. 73 - San Jose, Antique is composed of the following Municipalities",,,2ND,,"LIBERTAD, ANTIQUE",CENTRO ESTE (POB) and CENTRO WEST (POB),QUEZON STREET,ZALDIVAR ST.-NAT'L ROAD,RR,Residential - Regular,405.0
raw,"RDO No. 73 - San Jose, Antique is composed of the following Municipalities",,,2ND,,"LIBERTAD, ANTIQUE",CENTRO ESTE (POB) and CENTRO WEST (POB),QUEZON STREET,ZALDIVAR ST.-NAT'L ROAD,CR,Commercial - Regular,600.0
raw,"RDO No. 73 - San Jose, Antique is composed of the following Municipalities",,,2ND,,"LIBERTAD, ANTIQUE",CENTRO ESTE (POB) and CENTRO WEST (POB),ROXAS STREET,ZALDIVAR ST.-GEN FULLON ST.,RR,Residential - Regular,370.0
raw,"RDO No. 73 - San Jose, Antique is composed of the following Municipalities",,,2ND,,"LIBERTAD, ANTIQUE",CENTRO ESTE (POB) and CENTRO WEST (POB),ROXAS STREET,ZALDIVAR ST.-GEN FULLON ST.,CR,Commercial - Regular,600.0
raw,"RDO No. 73 - San Jose, Antique is composed of the following Municipalities",,,2ND,,"LIBERTAD, ANTIQUE",CENTRO ESTE (POB) and CENTRO WEST (POB),SUALOG STREET (EAST SIDE),NAT'L. ROAD - RD TO BALUSBUS,RR,Residential - Regular,330.0
raw,"RDO No. 73 - San Jose, Antique is composed of the following Municipalities",,,2ND,,"LIBERTAD, ANTIQUE",CENTRO ESTE (POB) and CENTRO WEST (POB),SUALOG STREET (EAST SIDE),NAT'L. ROAD - RD TO BALUSBUS,CR,Commercial - Regular,600.0
raw,"RDO No. 73 - San Jose, Antique is composed of the following Municipalities",,,2ND,,"LIBERTAD, ANTIQUE",CENTRO ESTE (POB) and CENTRO WEST (POB),UNILONGO STREET,ZALDIVAR ST.-GEN FULLON ST.,RR,Residential - Regular,405.0
raw,"RDO No. 73 - San Jose, Antique is composed of the following Municipalities",,,2ND,,"LIBERTAD, ANTIQUE",CENTRO ESTE (POB) and CENTRO WEST (POB),UNILONGO STREET,ZALDIVAR ST.-GEN FULLON ST.,CR,Commercial - Regular,600.0
raw,"RDO No. 73 - San Jose, Antique is composed of the following Municipalities",,,2ND,,"LIBERTAD, ANTIQUE",CENTRO ESTE (POB) and CENTRO WEST (POB),ZALDIVAR STREET,QUEZON ST.-UNILONGO ST.,RR,Residential - Regular,405.0
raw,"RDO No. 73 - San Jose, Antique is composed of the following Municipalities",,,2ND,,"LIBERTAD, ANTIQUE",CENTRO ESTE (POB) and CENTRO WEST (POB),ZALDIVAR STREET,QUEZON ST.-UNILONGO ST.,CR,Commercial - Regular,600.0
raw,"RDO No. 73 - San Jose, Antique is composed of the following Municipalities",,,2ND,,"LIBERTAD, ANTIQUE","CODIONG, INYAWAN, PANANGKILON",ALL LOTS,ALONG THE ROAD,RR,Residential - Regular,165.0
raw,"RDO No. 73 - San Jose, Antique is composed of the following Municipalities",,,2ND,,"LIBERTAD, ANTIQUE","CODIONG, INYAWAN, PANANGKILON",ALL LOTS,INTERIOR,RR,Residential - Regular,130.0
raw,"RDO No. 73 - San Jose, Antique is composed of the following Municipalities",,,2ND,,"LIBERTAD, ANTIQUE","CODIONG, INYAWAN, PANANGKILON",ALL LOTS,INTERIOR,A1,Agricultural - A1,21.8
raw,"RDO No. 73 - San Jose, Antique is composed of the following Municipalities",,,2ND,,"LIBERTAD, ANTIQUE","CODIONG, INYAWAN, PANANGKILON",ALL LOTS,INTERIOR,A2,Agricultural - A2,13.8
raw,"RDO No. 73 - San Jose, Antique is composed of the following Municipalities",,,2ND,,"LIBERTAD, ANTIQUE","CODIONG, INYAWAN, PANANGKILON",ALL LOTS,INTERIOR,A3,Agricultural - A3,6.65
raw,"RDO No. 73 - San Jose, Antique is composed of the following Municipalities",,,2ND,,"LIBERTAD, ANTIQUE","CODIONG, INYAWAN, PANANGKILON",ALL LOTS,INTERIOR,A4,Agricultural - A4,9.65
raw,"RDO No. 73 - San Jose, Antique is composed of the following Municipalities",,,2ND,,"LIBERTAD, ANTIQUE","CODIONG, INYAWAN, PANANGKILON",ALL LOTS,INTERIOR,A6,Agricultural - A6,33.25
raw,"RDO No. 73 - San Jose, Antique is composed of the following Municipalities",,,2ND,,"LIBERTAD, ANTIQUE","CODIONG, INYAWAN, PANANGKILON",ALL LOTS,INTERIOR,A12,Agricultural - A12,7.7
raw,"RDO No. 73 - San Jose, Antique is composed of the following Municipalities",,,2ND,,"LIBERTAD, ANTIQUE","CODIONG, INYAWAN, PANANGKILON",ALL LOTS,INTERIOR,A15,Agricultural - A15,5.75
raw,"RDO No. 73 - San Jose, Antique is composed of the following Municipalities",,,2ND,,"LIBERTAD, ANTIQUE","CODIONG, INYAWAN, PANANGKILON",ALL LOTS,INTERIOR,A16,Agricultural - A16,8.8
raw,"RDO No. 73 - San Jose, Antique is composed of the following Municipalities",,,2ND,,"LIBERTAD, ANTIQUE","CODIONG, INYAWAN, PANANGKILON",ALL LOTS,INTERIOR,A17,Agricultural - A17,16.95
raw,"RDO No. 73 - San Jose, Antique is composed of the following Municipalities",,,2ND,,"LIBERTAD, ANTIQUE","CODIONG, INYAWAN, PANANGKILON",ALL LOTS,INTERIOR,A23,Agricultural - A23,9.75
raw,"RDO No. 73 - San Jose, Antique is composed of the following Municipalities",,,2ND,,"LIBERTAD, ANTIQUE","CODIONG, INYAWAN, PANANGKILON",ALL LOTS,INTERIOR,A26,Agricultural - A26,6.85
raw,"RDO No. 73 - San Jose, Antique is composed of the following Municipalities",,,2ND,,"LIBERTAD, ANTIQUE","CODIONG, INYAWAN, PANANGKILON",ALL LOTS,INTERIOR,A38,Agricultural - A38,10.5
raw,"RDO No. 73 - San Jose, Antique is composed of the following Municipalities",,,2ND,,"LIBERTAD, ANTIQUE","CODIONG, INYAWAN, PANANGKILON",ALL LOTS,INTERIOR,A44,Agricultural - A44,6.5
raw,"RDO No. 73 - San Jose, Antique is composed of the following Municipalities",,,2ND,,"LIBERTAD, ANTIQUE","CODIONG, INYAWAN, PANANGKILON",ALL LOTS,INTERIOR,A50,Agricultural - A50,5.0
raw,"RDO No. 73 - San Jose, Antique is composed of the following Municipalities",,,2ND,,"LIBERTAD, ANTIQUE","LINDERO, PAJO, PUCIO, SAN ROQUE, TINIGBAS",ALL LOTS,ALONG THE ROAD,RR,Residential - Regular,135.0
raw,"RDO No. 73 - San Jose, Antique is composed of the following Municipalities",,,2ND,,"LIBERTAD, ANTIQUE","LINDERO, PAJO, PUCIO, SAN ROQUE, TINIGBAS",ALL LOTS,INTERIOR,RR,Residential - Regular,105.0
raw,"RDO No. 73 - San Jose, Antique is composed of the following Municipalities",,,2ND,,"LIBERTAD, ANTIQUE","LINDERO, PAJO, PUCIO, SAN ROQUE, TINIGBAS",ALL LOTS,INTERIOR,A1,Agricultural - A1,21.8
raw,"RDO No. 73 - San Jose, Antique is composed of the following Municipalities",,,2ND,,"LIBERTAD, ANTIQUE","LINDERO, PAJO, PUCIO, SAN ROQUE, TINIGBAS",ALL LOTS,INTERIOR,A2,Agricultural - A2,13.8
raw,"RDO No. 73 - San Jose, Antique is composed of the following Municipalities",,,2ND,,"LIBERTAD, ANTIQUE","LINDERO, PAJO, PUCIO, SAN ROQUE, TINIGBAS",ALL LOTS,INTERIOR,A3,Agricultural - A3,6.65
raw,"RDO No. 73 - San Jose, Antique is composed of the following Municipalities",,,2ND,,"LIBERTAD, ANTIQUE","LINDERO, PAJO, PUCIO, SAN ROQUE, TINIGBAS",ALL LOTS,INTERIOR,A4,Agricultural - A4,9.65
raw,"RDO No. 73 - San Jose, Antique is composed of the following Municipalities",,,2ND,,"LIBERTAD, ANTIQUE","LINDERO, PAJO, PUCIO, SAN ROQUE, TINIGBAS",ALL LOTS,INTERIOR,A6,Agricultural - A6,33.25
raw,"RDO No. 73 - San Jose, Antique is composed of the following Municipalities",,,2ND,,"LIBERTAD, ANTIQUE","LINDERO, PAJO, PUCIO, SAN ROQUE, TINIGBAS",ALL LOTS,INTERIOR,A12,Agricultural - A12,7.7
raw,"RDO No. 73 - San Jose, Antique is composed of the following Municipalities",,,2ND,,"LIBERTAD, ANTIQUE","LINDERO, PAJO, PUCIO, SAN ROQUE, TINIGBAS",ALL LOTS,INTERIOR,A15,Agricultural - A15,5.75
raw,"RDO No. 73 - San Jose, Antique is composed of the following Municipalities",,,2ND,,"LIBERTAD, ANTIQUE","LINDERO, PAJO, PUCIO, SAN ROQUE, TINIGBAS",ALL LOTS,INTERIOR,A16,Agricultural - A16,8.8
raw,"RDO No. 73 - San Jose, Antique is composed of the following Municipalities",,,2ND,,"LIBERTAD, ANTIQUE","LINDERO, PAJO, PUCIO, SAN ROQUE, TINIGBAS",ALL LOTS,INTERIOR,A17,Agricultural - A17,16.95
raw,"RDO No. 73 - San Jose, Antique is composed of the following Municipalities",,,2ND,,"LIBERTAD, ANTIQUE","LINDERO, PAJO, PUCIO, SAN ROQUE, TINIGBAS",ALL LOTS,INTERIOR,A23,Agricultural - A23,9.75
raw,"RDO No. 73 - San Jose, Antique is composed of the following Municipalities",,,2ND,,"LIBERTAD, ANTIQUE","LINDERO, PAJO, PUCIO, SAN ROQUE, TINIGBAS",ALL LOTS,INTERIOR,A26,Agricultural - A26,6.85
raw,"RDO No. 73 - San Jose, Antique is composed of the following Municipalities",,,2ND,,"LIBERTAD, ANTIQUE","LINDERO, PAJO, PUCIO, SAN ROQUE, TINIGBAS",ALL LOTS,INTERIOR,A38,Agricultural - A38,10.5
raw,"RDO No. 73 - San Jose, Antique is composed of the following Municipalities",,,2ND,,"LIBERTAD, ANTIQUE","LINDERO, PAJO, PUCIO, SAN ROQUE, TINIGBAS",ALL LOTS,INTERIOR,A44,Agricultural - A44,6.5
raw,"RDO No. 73 - San Jose, Antique is composed of the following Municipalities",,,2ND,,"LIBERTAD, ANTIQUE","LINDERO, PAJO, PUCIO, SAN ROQUE, TINIGBAS",ALL LOTS,INTERIOR,A50,Agricultural - A50,5.0
raw,"RDO No. 73 - San Jose, Antique is composed of the following Municipalities",,,,,"LIBERTAD, ANTIQUE",POBLACION,ALL OTHER STREETS,ALL WEATHER ROADS W/IN 1KM FR POB,RR,Residential - Regular,175.0
raw,"RDO No. 73 - San Jose, Antique is composed of the following Municipalities",,,,,"LIBERTAD, ANTIQUE",POBLACION,ALL OTHER STREETS,ALL WEATHER ROADS (MORE THAN 1KM FR POB),RR,Residential - Regular,150.0
raw,"RDO No. 73 - San Jose, Antique is composed of the following Municipalities",,,,,"LIBERTAD, ANTIQUE",POBLACION,ALL OTHER STREETS,INTERIOR,RR,Residential - Regular,100.0
raw,"RDO No. 73 - San Jose, Antique is composed of the following Municipalities",,,,,"LIBERTAD, ANTIQUE",POBLACION,ALL OTHER STREETS,INTERIOR,A1,Agricultural - A1,11.0
raw,"RDO No. 73 - San Jose, Antique is composed of the following Municipalities",,,,,"LIBERTAD, ANTIQUE",POBLACION,ALL OTHER STREETS,INTERIOR,A2,Agricultural - A2,7.25
raw,"RDO No. 73 - San Jose, Antique is composed of the following Municipalities",,,,,"LIBERTAD, ANTIQUE",POBLACION,ALL OTHER STREETS,INTERIOR,A3,Agricultural - A3,4.0
raw,"RDO No. 73 - San Jose, Antique is composed of the following Municipalities",,,,,"LIBERTAD, ANTIQUE",POBLACION,ALL OTHER STREETS,INTERIOR,A4,Agricultural - A4,5.0
raw,"RDO No. 73 - San Jose, Antique is composed of the following Municipalities",,,,,"LIBERTAD, ANTIQUE",POBLACION,ALL OTHER STREETS,INTERIOR,A6,Agricultural - A6,14.75
raw,"RDO No. 73 - San Jose, Antique is composed of the following Municipalities",,,,,"LIBERTAD, ANTIQUE",POBLACION,ALL OTHER STREETS,INTERIOR,A12,Agricultural - A12,5.0
raw,"RDO No. 73 - San Jose, Antique is composed of the following Municipalities",,,,,"LIBERTAD, ANTIQUE",POBLACION,ALL OTHER STREETS,INTERIOR,A15,Agricultural - A15,3.0
raw,"RDO No. 73 - San Jose, Antique is composed of the following Municipalities",,,,,"LIBERTAD, ANTIQUE",POBLACION,ALL OTHER STREETS,INTERIOR,A16,Agricultural - A16,5.0
raw,"RDO No. 73 - San Jose, Antique is composed of the following Municipalities",,,,,"LIBERTAD, ANTIQUE",POBLACION,ALL OTHER STREETS,INTERIOR,A17,Agricultural - A17,8.5
raw,"RDO No. 73 - San Jose, Antique is composed of the following Municipalities",,,,,"LIBERTAD, ANTIQUE",POBLACION,ALL OTHER STREETS,INTERIOR,A23,Agricultural - A23,6.0
raw,"RDO No. 73 - San Jose, Antique is composed of the following Municipalities",,,,,"LIBERTAD, ANTIQUE",POBLACION,ALL OTHER STREETS,INTERIOR,A26,Agricultural - A26,4.0
raw,"RDO No. 73 - San Jose, Antique is composed of the following Municipalities",,,,,"LIBERTAD, ANTIQUE",POBLACION,ALL OTHER STREETS,INTERIOR,A38,Agricultural - A38,6.0
raw,"RDO No. 73 - San Jose, Antique is composed of the following Municipalities",,,,,"LIBERTAD, ANTIQUE",POBLACION,ALL OTHER STREETS,INTERIOR,A44,Agricultural - A44,4.0
raw,"RDO No. 73 - San Jose, Antique is composed of the following Municipalities",,,,,"LIBERTAD, ANTIQUE",POBLACION,ELIAB ST,RD TO PAMANGKILON-SUGAR ST,RR,Residential - Regular,215.0
raw,"RDO No. 73 - San Jose, Antique is composed of the following Municipalities",,,,,"LIBERTAD, ANTIQUE",POBLACION,MARKET SIDE,NAT'L RD-ZALDIVAR ST,CR,Commercial - Regular,370.0
raw,"RDO No. 73 - San Jose, Antique is composed of the following Municipalities",,,,,"LIBERTAD, ANTIQUE",POBLACION,NATIONAL ROAD,MARKET NAT'L RD-ZALDIVAR,CR,Commercial - Regular,440.0
raw,"RDO No. 73 - San Jose, Antique is composed of the following Municipalities",,,,,"LIBERTAD, ANTIQUE",POBLACION,NATIONAL ROAD,RD TO PAMANGKILON-SUGAR ST,RR,Residential - Regular,260.0
raw,"RDO No. 73 - San Jose, Antique is composed of the following Municipalities",,,,,"LIBERTAD, ANTIQUE",POBLACION,NOCOPIOR ST,GEN. FULLON - NAT'L.RD,RR,Residential - Regular,215.0
raw,"RDO No. 73 - San Jose, Antique is composed of the following Municipalities",,,,,"LIBERTAD, ANTIQUE",POBLACION,OLARTE ST,GEN.FULLON ST-NAT'L. ROAD,RR,Residential - Regular,250.0
raw,"RDO No. 73 - San Jose, Antique is composed of the following Municipalities",,,,,"LIBERTAD, ANTIQUE",POBLACION,OSMENA ST,ZALDIVAR ST-GEN.FULLON ST,RR,Residential - Regular,215.0
raw,"RDO No. 73 - San Jose, Antique is composed of the following Municipalities",,,,,"LIBERTAD, ANTIQUE",POBLACION,QUEZON ST,ZALDIVAR ST-NAT'L. ROAD,RR,Residential - Regular,250.0
raw,"RDO No. 73 - San Jose, Antique is composed of the following Municipalities",,,,,"LIBERTAD, ANTIQUE",POBLACION,ROXAS ST,ZALDIVAR ST-GEN.FULLON ST,RR,Residential - Regular,215.0
raw,"RDO No. 73 - San Jose, Antique is composed of the following Municipalities",,,,,"LIBERTAD, ANTIQUE",POBLACION,SUALOG ST (EAST. SIDE),NAT'L. RD.-RD TO BALUSBUS,RR,Residential - Regular,175.0
raw,"RDO No. 73 - San Jose, Antique is composed of the following Municipalities",,,,,"LIBERTAD, ANTIQUE",POBLACION,UNILONGO ST,ZALDIVAR ST-GEN.FULLON ST,RR,Residential - Regular,250.0
raw,"RDO No. 73 - San Jose, Antique is composed of the following Municipalities",,,,,"LIBERTAD, ANTIQUE",POBLACION,ZALDIVAR ST,QUEZON ST-UNILONGO ST,RR,Residential - Regular,250.0
raw,"RDO No. 73 - San Jose, Antique is composed of the following Municipalities",,,2ND,,"LIBERTAD, ANTIQUE",TININDUGAN,ALL LOTS,ALONG THE ROAD,RR,Residential - Regular,100.0
raw,"RDO No. 73 - San Jose, Antique is composed of the following Municipalities",,,2ND,,"LIBERTAD, ANTIQUE",TININDUGAN,ALL LOTS,ALONG THE ROAD,A1,Agricultural - A1,21.8
raw,"RDO No. 73 - San Jose, Antique is composed of the following Municipalities",,,2ND,,"LIBERTAD, ANTIQUE",TININDUGAN,ALL LOTS,ALONG THE ROAD,A2,Agricultural - A2,13.8
raw,"RDO No. 73 - San Jose, Antique is composed of the following Municipalities",,,2ND,,"LIBERTAD, ANTIQUE",TININDUGAN,ALL LOTS,ALONG THE ROAD,A3,Agricultural - A3,6.65
raw,"RDO No. 73 - San Jose, Antique is composed of the following Municipalities",,,2ND,,"LIBERTAD, ANTIQUE",TININDUGAN,ALL LOTS,ALONG THE ROAD,A4,Agricultural - A4,9.65
raw,"RDO No. 73 - San Jose, Antique is composed of the following Municipalities",,,2ND,,"LIBERTAD, ANTIQUE",TININDUGAN,ALL LOTS,ALONG THE ROAD,A6,Agricultural - A6,33.25
raw,"RDO No. 73 - San Jose, Antique is composed of the following Municipalities",,,2ND,,"LIBERTAD, ANTIQUE",TININDUGAN,ALL LOTS,ALONG THE ROAD,A12,Agricultural - A12,7.7
raw,"RDO No. 73 - San Jose, Antique is composed of the following Municipalities",,,2ND,,"LIBERTAD, ANTIQUE",TININDUGAN,ALL LOTS,ALONG THE ROAD,A15,Agricultural - A15,5.75
raw,"RDO No. 73 - San Jose, Antique is composed of the following Municipalities",,,2ND,,"LIBERTAD, ANTIQUE",TININDUGAN,ALL LOTS,ALONG THE ROAD,A16,Agricultural - A16,8.8
raw,"RDO No. 73 - San Jose, Antique is composed of the following Municipalities",,,2ND,,"LIBERTAD, ANTIQUE",TININDUGAN,ALL LOTS,ALONG THE ROAD,A17,Agricultural - A17,16.95
raw,"RDO No. 73 - San Jose, Antique is composed of the following Municipalities",,,2ND,,"LIBERTAD, ANTIQUE",TININDUGAN,ALL LOTS,ALONG THE ROAD,A23,Agricultural - A23,9.75
raw,"RDO No. 73 - San Jose, Antique is composed of the following Municipalities",,,2ND,,"LIBERTAD, ANTIQUE",TININDUGAN,ALL LOTS,ALONG THE ROAD,A26,Agricultural - A26,6.85
raw,"RDO No. 73 - San Jose, Antique is composed of the following Municipalities",,,2ND,,"LIBERTAD, ANTIQUE",TININDUGAN,ALL LOTS,ALONG THE ROAD,A38,Agricultural - A38,10.5
raw,"RDO No. 73 - San Jose, Antique is composed of the following Municipalities",,,2ND,,"LIBERTAD, ANTIQUE",TININDUGAN,ALL LOTS,ALONG THE ROAD,A44,Agricultural - A44,6.5
raw,"RDO No. 73 - San Jose, Antique is composed of the following Municipalities",,,2ND,,"LIBERTAD, ANTIQUE",TININDUGAN,ALL LOTS,ALONG THE ROAD,A50,Agricultural - A50,5.0
raw,"RDO No. 73 - San Jose, Antique is composed of the following Municipalities",,,,,PANDAN,POBLACION,ALL OTHER STREETS,ALL WEATHER ROADS W/IN 1KM FR POB,RR,Residential - Regular,150.0
raw,"RDO No. 73 - San Jose, Antique is composed of the following Municipalities",,,,,PANDAN,POBLACION,ALL OTHER STREETS,ALL WEATHER ROADS (MORE THAN 1KM FR POB),RR,Residential - Regular,90.0
raw,"RDO No. 73 - San Jose, Antique is composed of the following Municipalities",,,,,PANDAN,POBLACION,ALL OTHER STREETS,INTERIOR,RR,Residential - Regular,60.0
raw,"RDO No. 73 - San Jose, Antique is composed of the following Municipalities",,,,,PANDAN,POBLACION,ALL OTHER STREETS,INTERIOR,A,Agricultural,9.0
raw,"RDO No. 73 - San Jose, Antique is composed of the following Municipalities",,,,,PANDAN,POBLACION,ALL OTHER STREETS,INTERIOR,A1,Agricultural - A1,6.0
raw,"RDO No. 73 - San Jose, Antique is composed of the following Municipalities",,,,,PANDAN,POBLACION,ALL OTHER STREETS,INTERIOR,A2,Agricultural - A2,3.0
raw,"RDO No. 73 - San Jose, Antique is composed of the following Municipalities",,,,,PANDAN,POBLACION,ALL OTHER STREETS,INTERIOR,A3,Agricultural - A3,3.0
raw,"RDO No. 73 - San Jose, Antique is composed of the following Municipalities",,,,,PANDAN,POBLACION,ALL OTHER STREETS,INTERIOR,A4,Agricultural - A4,3.0
raw,"RDO No. 73 - San Jose, Antique is composed of the following Municipalities",,,,,PANDAN,POBLACION,ALL OTHER STREETS,INTERIOR,A5,Agricultural - A5,8.0
raw,"RDO No. 73 - San Jose, Antique is composed of the following Municipalities",,,,,PANDAN,POBLACION,ALL OTHER STREETS,INTERIOR,A6,Agricultural - A6,3.0
raw,"RDO No. 73 - San Jose, Antique is composed of the following Municipalities",,,,,PANDAN,POBLACION,ALL OTHER STREETS,INTERIOR,A7,Agricultural - A7,2.0
raw,"RDO No. 73 - San Jose, Antique is composed of the following Municipalities",,,,,PANDAN,POBLACION,ALL OTHER STREETS,INTERIOR,A10,Agricultural - A10,2.0
raw,"RDO No. 73 - San Jose, Antique is composed of the following Municipalities",,,,,PANDAN,POBLACION,ALL OTHER STREETS,INTERIOR,A11,Agricultural - A11,4.0
raw,"RDO No. 73 - San Jose, Antique is composed of the following Municipalities",,,,,PANDAN,POBLACION,ALL OTHER STREETS,INTERIOR,A12,Agricultural - A12,1.0
raw,"RDO No. 73 - San Jose, Antique is composed of the following Municipalities",,,,,PANDAN,POBLACION,ALL OTHER STREETS,INTERIOR,A13,Agricultural - A13,3.0
raw,"RDO No. 73 - San Jose, Antique is composed of the following Municipalities",,,,,PANDAN,POBLACION,ALL OTHER STREETS,INTERIOR,A14,Agricultural - A14,2.0
raw,"RDO No. 73 - San Jose, Antique is composed of the following Municipalities",,,,,PANDAN,POBLACION,ALL OTHER STREETS,INTERIOR,A15,Agricultural - A15,4.0
raw,"RDO No. 73 - San Jose, Antique is composed of the following Municipalities",,,,,PANDAN,POBLACION,B. CANDARI ST,C.ZALDIVAR-DIOSO ST,RR,Residential - Regular,195.0
raw,"RDO No. 73 - San Jose, Antique is composed of the following Municipalities",,,,,PANDAN,POBLACION,C. ALONSAGAY ST,Q.DIOSO ST-ZALDIVAR ST,RR,Residential - Regular,195.0
raw,"RDO No. 73 - San Jose, Antique is composed of the following Municipalities",,,,,PANDAN,POBLACION,C. CASTILLON ST,E. ORIOLA-M. DIONELA ST,RR,Residential - Regular,195.0
raw,"RDO No. 73 - San Jose, Antique is composed of the following Municipalities",,,,,PANDAN,POBLACION,C. FERRANCO ST,E. ORIOLA-M. DIONELA ST,RR,Residential - Regular,195.0
raw,"RDO No. 73 - San Jose, Antique is composed of the following Municipalities",,,,,PANDAN,POBLACION,C.ZALDIVAR ST(NORTH.SIDE),CREEK-RODILLON ST,CR,Commercial - Regular,350.0
raw,"RDO No. 73 - San Jose, Antique is composed of the following Municipalities",,,,,PANDAN,POBLACION,C.ZALDIVAR ST(SOUTH.SIDE),CRK.-COR.PRES.ALONSAGAY,CR,Commercial - Regular,315.0
raw,"RDO No. 73 - San Jose, Antique is composed of the following Municipalities",,,,,PANDAN,POBLACION,D. RODILLON ST,E. ORIOLA-M. DIONELA ST,RR,Residential - Regular,195.0
raw,"RDO No. 73 - San Jose, Antique is composed of the following Municipalities",,,,,PANDAN,POBLACION,M. DIONELA ST,CREEK - RODILLON ST,CR,Commercial - Regular,315.0
raw,"RDO No. 73 - San Jose, Antique is composed of the following Municipalities",,,,,PANDAN,POBLACION,NATIONAL ROAD,E. ORIOLA ST-Q.DIOSO ST,RR,Residential - Regular,240.0
raw,"RDO No. 73 - San Jose, Antique is composed of the following Municipalities",,,,,PANDAN,POBLACION,Q. DIOSO ST,E. ORIOLA-M. DIONELA ST,RR,Residential - Regular,195.0
raw,"RDO No. 73 - San Jose, Antique is composed of the following Municipalities",,,2ND,,"PANDAN, ANTIQUE","ARACAY, BADIANGAN, BOTBOT, CANDARI, DUYONG,",ALL LOTS,ALONG THE ROAD,CR,Commercial - Regular,480.0
raw,"RDO No. 73 - San Jose, Antique is composed of the following Municipalities",,,2ND,,"PANDAN, ANTIQUE","ARACAY, BADIANGAN, BOTBOT, CANDARI, DUYONG,",ALL LOTS,ALONG THE ROAD,RR,Residential - Regular,280.0
raw,"RDO No. 73 - San Jose, Antique is composed of the following Municipalities",,,2ND,,"PANDAN, ANTIQUE","ARACAY, BADIANGAN, BOTBOT, CANDARI, DUYONG,",ALL LOTS,INTERIOR,RR,Residential - Regular,180.0
raw,"RDO No. 73 - San Jose, Antique is composed of the following Municipalities",,,2ND,,"PANDAN, ANTIQUE","ARACAY, BADIANGAN, BOTBOT, CANDARI, DUYONG,",ALL LOTS,INTERIOR,A1,Agricultural - A1,23.0
raw,"RDO No. 73 - San Jose, Antique is composed of the following Municipalities",,,2ND,,"PANDAN, ANTIQUE","ARACAY, BADIANGAN, BOTBOT, CANDARI, DUYONG,",ALL LOTS,INTERIOR,A2,Agricultural - A2,15.05
raw,"RDO No. 73 - San Jose, Antique is composed of the following Municipalities",,,2ND,,"PANDAN, ANTIQUE","ARACAY, BADIANGAN, BOTBOT, CANDARI, DUYONG,",ALL LOTS,INTERIOR,A3,Agricultural - A3,7.25
raw,"RDO No. 73 - San Jose, Antique is composed of the following Municipalities",,,2ND,,"PANDAN, ANTIQUE","ARACAY, BADIANGAN, BOTBOT, CANDARI, DUYONG,",ALL LOTS,INTERIOR,A4,Agricultural - A4,9.65
raw,"RDO No. 73 - San Jose, Antique is composed of the following Municipalities",,,2ND,,"PANDAN, ANTIQUE","ARACAY, BADIANGAN, BOTBOT, CANDARI, DUYONG,",ALL LOTS,INTERIOR,A8,Agricultural - A8,6.65
raw,"RDO No. 73 - San Jose, Antique is composed of the following Municipalities",,,2ND,,"PANDAN, ANTIQUE","ARACAY, BADIANGAN, BOTBOT, CANDARI, DUYONG,",ALL LOTS,INTERIOR,A12,Agricultural - A12,7.7
raw,"RDO No. 73 - San Jose, Antique is composed of the following Municipalities",,,2ND,,"PANDAN, ANTIQUE","ARACAY, BADIANGAN, BOTBOT, CANDARI, DUYONG,",ALL LOTS,INTERIOR,A15,Agricultural - A15,6.75
raw,"RDO No. 73 - San Jose, Antique is composed of the following Municipalities",,,2ND,,"PANDAN, ANTIQUE","ARACAY, BADIANGAN, BOTBOT, CANDARI, DUYONG,",ALL LOTS,INTERIOR,A16,Agricultural - A16,8.2
raw,"RDO No. 73 - San Jose, Antique is composed of the following Municipalities",,,2ND,,"PANDAN, ANTIQUE","ARACAY, BADIANGAN, BOTBOT, CANDARI, DUYONG,",ALL LOTS,INTERIOR,A17,Agricultural - A17,19.5
raw,"RDO No. 73 - San Jose, Antique is composed of the following Municipalities",,,2ND,,"PANDAN, ANTIQUE","ARACAY, BADIANGAN, BOTBOT, CANDARI, DUYONG,",ALL LOTS,INTERIOR,A18,Agricultural - A18,8.15
raw,"RDO No. 73 - San Jose, Antique is composed of the following Municipalities",,,2ND,,"PANDAN, ANTIQUE","ARACAY, BADIANGAN, BOTBOT, CANDARI, DUYONG,",ALL LOTS,INTERIOR,A23,Agricultural - A23,9.75
raw,"RDO No. 73 - San Jose, Antique is composed of the following Municipalities",,,2ND,,"PANDAN, ANTIQUE","ARACAY, BADIANGAN, BOTBOT, CANDARI, DUYONG,",ALL LOTS,INTERIOR,A26,Agricultural - A26,6.5
raw,"RDO No. 73 - San Jose, Antique is composed of the following Municipalities",,,2ND,,"PANDAN, ANTIQUE","ARACAY, BADIANGAN, BOTBOT, CANDARI, DUYONG,",ALL LOTS,INTERIOR,A38,Agricultural - A38,9.75
raw,"RDO No. 73 - San Jose, Antique is composed of the following Municipalities",,,2ND,,"PANDAN, ANTIQUE","ARACAY, BADIANGAN, BOTBOT, CANDARI, DUYONG,",ALL LOTS,INTERIOR,A44,Agricultural - A44,6.5
raw,"RDO No. 73 - San Jose, Antique is composed of the following Municipalities",,,2ND,,"PANDAN, ANTIQUE","ARACAY, BADIANGAN, BOTBOT, CANDARI, DUYONG,",ALL LOTS,INTERIOR,A50,Agricultural - A50,6.0
raw,"RDO No. 73 - San Jose, Antique is composed of the following Municipalities",,,2ND,,"PANDAN, ANTIQUE","BAGUMBAYAN, BAYBAY, BUANG, CABUGAO, CARMEN,",ALL LOTS,ALONG THE ROAD,CR,Commercial - Regular,500.0
raw,"RDO No. 73 - San Jose, Antique is composed of the following Municipalities",,,2ND,,"PANDAN, ANTIQUE","BAGUMBAYAN, BAYBAY, BUANG, CABUGAO, CARMEN,",ALL LOTS,ALONG THE ROAD,RR,Residential - Regular,300.0
raw,"RDO No. 73 - San Jose, Antique is composed of the following Municipalities",,,2ND,,"PANDAN, ANTIQUE","BAGUMBAYAN, BAYBAY, BUANG, CABUGAO, CARMEN,",ALL LOTS,INTERIOR,RR,Residential - Regular,200.0
raw,"RDO No. 73 - San Jose, Antique is composed of the following Municipalities",,,2ND,,"PANDAN, ANTIQUE","BAGUMBAYAN, BAYBAY, BUANG, CABUGAO, CARMEN,",ALL LOTS,INTERIOR,A1,Agricultural - A1,23.75
raw,"RDO No. 73 - San Jose, Antique is composed of the following Municipalities",,,2ND,,"PANDAN, ANTIQUE","BAGUMBAYAN, BAYBAY, BUANG, CABUGAO, CARMEN,",ALL LOTS,INTERIOR,A2,Agricultural - A2,16.1
raw,"RDO No. 73 - San Jose, Antique is composed of the following Municipalities",,,2ND,,"PANDAN, ANTIQUE","BAGUMBAYAN, BAYBAY, BUANG, CABUGAO, CARMEN,",ALL LOTS,INTERIOR,A3,Agricultural - A3,7.65
raw,"RDO No. 73 - San Jose, Antique is composed of the following Municipalities",,,2ND,,"PANDAN, ANTIQUE","BAGUMBAYAN, BAYBAY, BUANG, CABUGAO, CARMEN,",ALL LOTS,INTERIOR,A4,Agricultural - A4,9.65
raw,"RDO No. 73 - San Jose, Antique is composed of the following Municipalities",,,2ND,,"PANDAN, ANTIQUE","BAGUMBAYAN, BAYBAY, BUANG, CABUGAO, CARMEN,",ALL LOTS,INTERIOR,A8,Agricultural - A8,6.9
raw,"RDO No. 73 - San Jose, Antique is composed of the following Municipalities",,,2ND,,"PANDAN, ANTIQUE","BAGUMBAYAN, BAYBAY, BUANG, CABUGAO, CARMEN,",ALL LOTS,INTERIOR,A12,Agricultural - A12,7.7
raw,"RDO No. 73 - San Jose, Antique is composed of the following Municipalities",,,2ND,,"PANDAN, ANTIQUE","BAGUMBAYAN, BAYBAY, BUANG, CABUGAO, CARMEN,",ALL LOTS,INTERIOR,A15,Agricultural - A15,6.75
raw,"RDO No. 73 - San Jose, Antique is composed of the following Municipalities",,,2ND,,"PANDAN, ANTIQUE","BAGUMBAYAN, BAYBAY, BUANG, CABUGAO, CARMEN,",ALL LOTS,INTERIOR,A16,Agricultural - A16,8.8
raw,"RDO No. 73 - San Jose, Antique is composed of the following Municipalities",,,2ND,,"PANDAN, ANTIQUE","BAGUMBAYAN, BAYBAY, BUANG, CABUGAO, CARMEN,",ALL LOTS,INTERIOR,A17,Agricultural - A17,20.95
raw,"RDO No. 73 - San Jose, Antique is composed of the following Municipalities",,,2ND,,"PANDAN, ANTIQUE","BAGUMBAYAN, BAYBAY, BUANG, CABUGAO, CARMEN,",ALL LOTS,INTERIOR,A18,Agricultural - A18,8.15
raw,"RDO No. 73 - San Jose, Antique is composed of the following Municipalities",,,2ND,,"PANDAN, ANTIQUE","BAGUMBAYAN, BAYBAY, BUANG, CABUGAO, CARMEN,",ALL LOTS,INTERIOR,A23,Agricultural - A23,9.75
raw,"RDO No. 73 - San Jose, Antique is composed of the following Municipalities",,,2ND,,"PANDAN, ANTIQUE","BAGUMBAYAN, BAYBAY, BUANG, CABUGAO, CARMEN,",ALL LOTS,INTERIOR,A26,Agricultural - A26,6.85
raw,"RDO No. 73 - San Jose, Antique is composed of the following Municipalities",,,2ND,,"PANDAN, ANTIQUE","BAGUMBAYAN, BAYBAY, BUANG, CABUGAO, CARMEN,",ALL LOTS,INTERIOR,A38,Agricultural - A38,10.5
raw,"RDO No. 73 - San Jose, Antique is composed of the following Municipalities",,,2ND,,"PANDAN, ANTIQUE","BAGUMBAYAN, BAYBAY, BUANG, CABUGAO, CARMEN,",ALL LOTS,INTERIOR,A44,Agricultural - A44,6.5
raw,"RDO No. 73 - San Jose, Antique is composed of the following Municipalities",,,2ND,,"PANDAN, ANTIQUE","BAGUMBAYAN, BAYBAY, BUANG, CABUGAO, CARMEN,",ALL LOTS,INTERIOR,A50,Agricultural - A50,6.0
raw,"RDO No. 73 - San Jose, Antique is composed of the following Municipalities",,,2ND,,"PANDAN, ANTIQUE",CENTRO NORTE (POB) and CENTRO SUR (POB),ALL OTHER STREETS,WITHIN POBLACION,RR,Residential - Regular,385.0
raw,"RDO No. 73 - San Jose, Antique is composed of the following Municipalities",,,2ND,,"PANDAN, ANTIQUE",CENTRO NORTE (POB) and CENTRO SUR (POB),ALL OTHER STREETS,ALL WEATHER ROADS MORE THAN 1KM OUTSIDE POB CENTRO,RR,Residential - Regular,275.0
raw,"RDO No. 73 - San Jose, Antique is composed of the following Municipalities",,,2ND,,"PANDAN, ANTIQUE",CENTRO NORTE (POB) and CENTRO SUR (POB),ALL OTHER STREETS,INTERIOR,RR,Residential - Regular,210.0
raw,"RDO No. 73 - San Jose, Antique is composed of the following Municipalities",,,2ND,,"PANDAN, ANTIQUE",CENTRO NORTE (POB) and CENTRO SUR (POB),ALL OTHER STREETS,INTERIOR,A1,Agricultural - A1,23.75
raw,"RDO No. 73 - San Jose, Antique is composed of the following Municipalities",,,2ND,,"PANDAN, ANTIQUE",CENTRO NORTE (POB) and CENTRO SUR (POB),ALL OTHER STREETS,INTERIOR,A2,Agricultural - A2,16.0
raw,"RDO No. 73 - San Jose, Antique is composed of the following Municipalities",,,2ND,,"PANDAN, ANTIQUE",CENTRO NORTE (POB) and CENTRO SUR (POB),ALL OTHER STREETS,INTERIOR,A3,Agricultural - A3,7.65
raw,"RDO No. 73 - San Jose, Antique is composed of the following Municipalities",,,2ND,,"PANDAN, ANTIQUE",CENTRO NORTE (POB) and CENTRO SUR (POB),ALL OTHER STREETS,INTERIOR,A4,Agricultural - A4,9.65
raw,"RDO No. 73 - San Jose, Antique is composed of the following Municipalities",,,2ND,,"PANDAN, ANTIQUE",CENTRO NORTE (POB) and CENTRO SUR (POB),ALL OTHER STREETS,INTERIOR,A8,Agricultural - A8,6.9
raw,"RDO No. 73 - San Jose, Antique is composed of the following Municipalities",,,2ND,,"PANDAN, ANTIQUE",CENTRO NORTE (POB) and CENTRO SUR (POB),ALL OTHER STREETS,INTERIOR,A12,Agricultural - A12,7.7
raw,"RDO No. 73 - San Jose, Antique is composed of the following Municipalities",,,2ND,,"PANDAN, ANTIQUE",CENTRO NORTE (POB) and CENTRO SUR (POB),ALL OTHER STREETS,INTERIOR,A15,Agricultural - A15,6.75
raw,"RDO No. 73 - San Jose, Antique is composed of the following Municipalities",,,2ND,,"PANDAN, ANTIQUE",CENTRO NORTE (POB) and CENTRO SUR (POB),ALL OTHER STREETS,INTERIOR,A16,Agricultural - A16,8.8
raw,"RDO No. 73 - San Jose, Antique is composed of the following Municipalities",,,2ND,,"PANDAN, ANTIQUE",CENTRO NORTE (POB) and CENTRO SUR (POB),ALL OTHER STREETS,INTERIOR,A17,Agricultural - A17,20.95
raw,"RDO No. 73 - San Jose, Antique is composed of the following Municipalities",,,2ND,,"PANDAN, ANTIQUE",CENTRO NORTE (POB) and CENTRO SUR (POB),ALL OTHER STREETS,INTERIOR,A18,Agricultural - A18,8.15
raw,"RDO No. 73 - San Jose, Antique is composed of the following Municipalities",,,2ND,,"PANDAN, ANTIQUE",CENTRO NORTE (POB) and CENTRO SUR (POB),ALL OTHER STREETS,INTERIOR,A23,Agricultural - A23,9.75
raw,"RDO No. 73 - San Jose, Antique is composed of the following Municipalities",,,2ND,,"PANDAN, ANTIQUE",CENTRO NORTE (POB) and CENTRO SUR (POB),ALL OTHER STREETS,INTERIOR,A26,Agricultural - A26,6.85
raw,"RDO No. 73 - San Jose, Antique is composed of the following Municipalities",,,2ND,,"PANDAN, ANTIQUE",CENTRO NORTE (POB) and CENTRO SUR (POB),ALL OTHER STREETS,INTERIOR,A38,Agricultural - A38,10.5
raw,"RDO No. 73 - San Jose, Antique is composed of the following Municipalities",,,2ND,,"PANDAN, ANTIQUE",CENTRO NORTE (POB) and CENTRO SUR (POB),ALL OTHER STREETS,INTERIOR,A44,Agricultural - A44,6.5
raw,"RDO No. 73 - San Jose, Antique is composed of the following Municipalities",,,2ND,,"PANDAN, ANTIQUE",CENTRO NORTE (POB) and CENTRO SUR (POB),ALL OTHER STREETS,INTERIOR,A50,Agricultural - A50,6.0
raw,"RDO No. 73 - San Jose, Antique is composed of the following Municipalities",,,2ND,,"PANDAN, ANTIQUE",CENTRO NORTE (POB) and CENTRO SUR (POB),B. CANDARI ST,C. ZALDIVAR-DIOSO ST,RR,Residential - Regular,495.0
raw,"RDO No. 73 - San Jose, Antique is composed of the following Municipalities",,,2ND,,"PANDAN, ANTIQUE",CENTRO NORTE (POB) and CENTRO SUR (POB),B. CANDARI ST,C. ZALDIVAR-DIOSO ST,CR,Commercial - Regular,750.0
raw,"RDO No. 73 - San Jose, Antique is composed of the following Municipalities",,,2ND,,"PANDAN, ANTIQUE",CENTRO NORTE (POB) and CENTRO SUR (POB),C. ALONSAGAY ST,Q. DIOSO ST-ZALDIVAR ST,RR,Residential - Regular,495.0
raw,"RDO No. 73 - San Jose, Antique is composed of the following Municipalities",,,2ND,,"PANDAN, ANTIQUE",CENTRO NORTE (POB) and CENTRO SUR (POB),C. ALONSAGAY ST,Q. DIOSO ST-ZALDIVAR ST,CR,Commercial - Regular,750.0
raw,"RDO No. 73 - San Jose, Antique is composed of the following Municipalities",,,2ND,,"PANDAN, ANTIQUE",CENTRO NORTE (POB) and CENTRO SUR (POB),C. CASTILLON ST,Q. DIOSO ST-ZALDIVAR ST,RR,Residential - Regular,495.0
raw,"RDO No. 73 - San Jose, Antique is composed of the following Municipalities",,,2ND,,"PANDAN, ANTIQUE",CENTRO NORTE (POB) and CENTRO SUR (POB),C. CASTILLON ST,Q. DIOSO ST-ZALDIVAR ST,CR,Commercial - Regular,750.0
raw,"RDO No. 73 - San Jose, Antique is composed of the following Municipalities",,,2ND,,"PANDAN, ANTIQUE",CENTRO NORTE (POB) and CENTRO SUR (POB),C. FERRANCO ST,Q. DIOSO ST-ZALDIVAR ST,RR,Residential - Regular,500.0
raw,"RDO No. 73 - San Jose, Antique is composed of the following Municipalities",,,2ND,,"PANDAN, ANTIQUE",CENTRO NORTE (POB) and CENTRO SUR (POB),C. FERRANCO ST,Q. DIOSO ST-ZALDIVAR ST,CR,Commercial - Regular,750.0
raw,"RDO No. 73 - San Jose, Antique is composed of the following Municipalities",,,2ND,,"PANDAN, ANTIQUE",CENTRO NORTE (POB) and CENTRO SUR (POB),C. ZALDIVAR ST (NORTH SIDE),CREEK-RODILLON ST,CR,Commercial - Regular,875.0
raw,"RDO No. 73 - San Jose, Antique is composed of the following Municipalities",,,2ND,,"PANDAN, ANTIQUE",CENTRO NORTE (POB) and CENTRO SUR (POB),C. ZALDIVAR ST (NORTH SIDE),CREEK-RODILLON ST,RR,Residential - Regular,500.0
raw,"RDO No. 73 - San Jose, Antique is composed of the following Municipalities",,,2ND,,"PANDAN, ANTIQUE",CENTRO NORTE (POB) and CENTRO SUR (POB),C. ZALDIVAR ST (SOUTH SIDE),CRK-COR.PRES. ALONSAGAY,CR,Commercial - Regular,825.0
raw,"RDO No. 73 - San Jose, Antique is composed of the following Municipalities",,,2ND,,"PANDAN, ANTIQUE",CENTRO NORTE (POB) and CENTRO SUR (POB),C. ZALDIVAR ST (SOUTH SIDE),CRK-COR.PRES. ALONSAGAY,RR,Residential - Regular,500.0
raw,"RDO No. 73 - San Jose, Antique is composed of the following Municipalities",,,2ND,,"PANDAN, ANTIQUE",CENTRO NORTE (POB) and CENTRO SUR (POB),D. RODILLON ST,E. ORIOLA-M. DIONELA ST,RR,Residential - Regular,500.0
raw,"RDO No. 73 - San Jose, Antique is composed of the following Municipalities",,,2ND,,"PANDAN, ANTIQUE",CENTRO NORTE (POB) and CENTRO SUR (POB),D. RODILLON ST,E. ORIOLA-M. DIONELA ST,CR,Commercial - Regular,750.0
raw,"RDO No. 73 - San Jose, Antique is composed of the following Municipalities",,,2ND,,"PANDAN, ANTIQUE",CENTRO NORTE (POB) and CENTRO SUR (POB),M. DIONELA ST,CREEK-RODILLON ST,CR,Commercial - Regular,825.0
raw,"RDO No. 73 - San Jose, Antique is composed of the following Municipalities",,,2ND,,"PANDAN, ANTIQUE",CENTRO NORTE (POB) and CENTRO SUR (POB),M. DIONELA ST,CREEK-RODILLON ST,RR,Residential - Regular,500.0
raw,"RDO No. 73 - San Jose, Antique is composed of the following Municipalities",,,2ND,,"PANDAN, ANTIQUE",CENTRO NORTE (POB) and CENTRO SUR (POB),NATIONAL ROAD,E. ORIOLA ST- Q. DIOSO ST,RR,Residential - Regular,550.0
raw,"RDO No. 73 - San Jose, Antique is composed of the following Municipalities",,,2ND,,"PANDAN, ANTIQUE",CENTRO NORTE (POB) and CENTRO SUR (POB),NATIONAL ROAD,E. ORIOLA ST- Q. DIOSO ST,CR,Commercial - Regular,750.0
raw,"RDO No. 73 - San Jose, Antique is composed of the following Municipalities",,,2ND,,"PANDAN, ANTIQUE",CENTRO NORTE (POB) and CENTRO SUR (POB),Q. DIOSO ST,CREEK-RODILLON ST,RR,Residential - Regular,495.0
raw,"RDO No. 73 - San Jose, Antique is composed of the following Municipalities",,,2ND,,"PANDAN, ANTIQUE",CENTRO NORTE (POB) and CENTRO SUR (POB),Q. DIOSO ST,CREEK-RODILLON ST,CR,Commercial - Regular,750.0
raw,"RDO No. 73 - San Jose, Antique is composed of the following Municipalities",,,,,"PANDAN, ANTIQUE",POBLACION,ALL OTHER STREETS,ALL WEATHER ROADS W/IN 1KM FR POB,RR,Residential - Regular,215.0
raw,"RDO No. 73 - San Jose, Antique is composed of the following Municipalities",,,,,"PANDAN, ANTIQUE",POBLACION,ALL OTHER STREETS,ALL WEATHER ROADS (MORE THAN 1KM FR POB),RR,Residential - Regular,140.0
raw,"RDO No. 73 - San Jose, Antique is composed of the following Municipalities",,,,,"PANDAN, ANTIQUE",POBLACION,ALL OTHER STREETS,INTERIOR,RR,Residential - Regular,110.0
raw,"RDO No. 73 - San Jose, Antique is composed of the following Municipalities",,,,,"PANDAN, ANTIQUE",POBLACION,ALL OTHER STREETS,INTERIOR,A1,Agricultural - A1,12.25
raw,"RDO No. 73 - San Jose, Antique is composed of the following Municipalities",,,,,"PANDAN, ANTIQUE",POBLACION,ALL OTHER STREETS,INTERIOR,A2,Agricultural - A2,8.5
raw,"RDO No. 73 - San Jose, Antique is composed of the following Municipalities",,,,,"PANDAN, ANTIQUE",POBLACION,ALL OTHER STREETS,INTERIOR,A3,Agricultural - A3,5.0
raw,"RDO No. 73 - San Jose, Antique is composed of the following Municipalities",,,,,"PANDAN, ANTIQUE",POBLACION,ALL OTHER STREETS,INTERIOR,A4,Agricultural - A4,5.0
raw,"RDO No. 73 - San Jose, Antique is composed of the following Municipalities",,,,,"PANDAN, ANTIQUE",POBLACION,ALL OTHER STREETS,INTERIOR,A8,Agricultural - A8,4.0
raw,"RDO No. 73 - San Jose, Antique is composed of the following Municipalities",,,,,"PANDAN, ANTIQUE",POBLACION,ALL OTHER STREETS,INTERIOR,A12,Agricultural - A12,5.0
raw,"RDO No. 73 - San Jose, Antique is composed of the following Municipalities",,,,,"PANDAN, ANTIQUE",POBLACION,ALL OTHER STREETS,INTERIOR,A15,Agricultural - A15,3.0
raw,"RDO No. 73 - San Jose, Antique is composed of the following Municipalities",,,,,"PANDAN, ANTIQUE",POBLACION,ALL OTHER STREETS,INTERIOR,A16,Agricultural - A16,5.0
raw,"RDO No. 73 - San Jose, Antique is composed of the following Municipalities",,,,,"PANDAN, ANTIQUE",POBLACION,ALL OTHER STREETS,INTERIOR,A17,Agricultural - A17,11.0
raw,"RDO No. 73 - San Jose, Antique is composed of the following Municipalities",,,,,"PANDAN, ANTIQUE",POBLACION,ALL OTHER STREETS,INTERIOR,A18,Agricultural - A18,5.0
raw,"RDO No. 73 - San Jose, Antique is composed of the following Municipalities",,,,,"PANDAN, ANTIQUE",POBLACION,ALL OTHER STREETS,INTERIOR,A23,Agricultural - A23,6.0
raw,"RDO No. 73 - San Jose, Antique is composed of the following Municipalities",,,,,"PANDAN, ANTIQUE",POBLACION,ALL OTHER STREETS,INTERIOR,A26,Agricultural - A26,4.0
raw,"RDO No. 73 - San Jose, Antique is composed of the following Municipalities",,,,,"PANDAN, ANTIQUE",POBLACION,ALL OTHER STREETS,INTERIOR,A38,Agricultural - A38,6.0
raw,"RDO No. 73 - San Jose, Antique is composed of the following Municipalities",,,,,"PANDAN, ANTIQUE",POBLACION,ALL OTHER STREETS,INTERIOR,A44,Agricultural - A44,4.0
raw,"RDO No. 73 - San Jose, Antique is composed of the following Municipalities",,,,,"PANDAN, ANTIQUE",POBLACION,B. CANDARI ST,C.ZALDIVAR-DIOSO ST,RR,Residential - Regular,295.0
raw,"RDO No. 73 - San Jose, Antique is composed of the following Municipalities",,,,,"PANDAN, ANTIQUE",POBLACION,C. ALONSAGAY ST,Q.DIOSO ST-ZALDIVAR ST,RR,Residential - Regular,295.0
raw,"RDO No. 73 - San Jose, Antique is composed of the following Municipalities",,,,,"PANDAN, ANTIQUE",POBLACION,C. CASTILLON ST,Q.DIOSO ST-ZALDIVAR ST,RR,Residential - Regular,295.0
raw,"RDO No. 73 - San Jose, Antique is composed of the following Municipalities",,,,,"PANDAN, ANTIQUE",POBLACION,C. FERRANCO ST,Q.DIOSO ST-ZALDIVAR ST,RR,Residential - Regular,295.0
raw,"RDO No. 73 - San Jose, Antique is composed of the following Municipalities",,,,,"PANDAN, ANTIQUE",POBLACION,C.ZALDIVAR ST(NORTH.SIDE),CREEK-RODILLON ST,CR,Commercial - Regular,575.0
raw,"RDO No. 73 - San Jose, Antique is composed of the following Municipalities",,,,,"PANDAN, ANTIQUE",POBLACION,C.ZALDIVAR ST(SOUTH.SIDE),CRK.-COR.PRES.ALONSAGAY,CR,Commercial - Regular,525.0
raw,"RDO No. 73 - San Jose, Antique is composed of the following Municipalities",,,,,"PANDAN, ANTIQUE",POBLACION,D. RODILLON ST,E. ORIOLA-M. DIONELA ST,RR,Residential - Regular,295.0
raw,"RDO No. 73 - San Jose, Antique is composed of the following Municipalities",,,,,"PANDAN, ANTIQUE",POBLACION,M. DIONELA ST,CREEK - RODILLON ST,CR,Commercial - Regular,525.0
raw,"RDO No. 73 - San Jose, Antique is composed of the following Municipalities",,,,,"PANDAN, ANTIQUE",POBLACION,NATIONAL ROAD,E. ORIOLA ST-Q.DIOSO ST,RR,Residential - Regular,350.0
raw,"RDO No. 73 - San Jose, Antique is composed of the following Municipalities",,,,,"PANDAN, ANTIQUE",POBLACION,Q. DIOSO ST,E. ORIOLA ST-Q.DIOSO ST,RR,Residential - Regular,295.0
raw,"RDO No. 73 - San Jose, Antique is composed of the following Municipalities",,,,,PATNONGON,POBLACION,ABELLON ST (SOUTH.SIDE),REAL ST - ELLO ST,RR,Residential - Regular,180.0
raw,"RDO No. 73 - San Jose, Antique is composed of the following Municipalities",,,,,PATNONGON,POBLACION,ALL OTHER STREETS,ALL WEATHER ROADS W/IN 1KM FR POB,RR,Residential - Regular,135.0
raw,"RDO No. 73 - San Jose, Antique is composed of the following Municipalities",,,,,PATNONGON,POBLACION,ALL OTHER STREETS,ALL WEATHER ROADS (MORE THAN 1KM FR POB),RR,Residential - Regular,90.0
raw,"RDO No. 73 - San Jose, Antique is composed of the following Municipalities",,,,,PATNONGON,POBLACION,ALL OTHER STREETS,INTERIOR,RR,Residential - Regular,45.0
raw,"RDO No. 73 - San Jose, Antique is composed of the following Municipalities",,,,,PATNONGON,POBLACION,ALL OTHER STREETS,INTERIOR,A,Agricultural,9.0
raw,"RDO No. 73 - San Jose, Antique is composed of the following Municipalities",,,,,PATNONGON,POBLACION,ALL OTHER STREETS,INTERIOR,A1,Agricultural - A1,6.0
raw,"RDO No. 73 - San Jose, Antique is composed of the following Municipalities",,,,,PATNONGON,POBLACION,ALL OTHER STREETS,INTERIOR,A2,Agricultural - A2,3.0
raw,"RDO No. 73 - San Jose, Antique is composed of the following Municipalities",,,,,PATNONGON,POBLACION,ALL OTHER STREETS,INTERIOR,A3,Agricultural - A3,3.0
raw,"RDO No. 73 - San Jose, Antique is composed of the following Municipalities",,,,,PATNONGON,POBLACION,ALL OTHER STREETS,INTERIOR,A4,Agricultural - A4,3.0
raw,"RDO No. 73 - San Jose, Antique is composed of the following Municipalities",,,,,PATNONGON,POBLACION,ALL OTHER STREETS,INTERIOR,A5,Agricultural - A5,8.0
raw,"RDO No. 73 - San Jose, Antique is composed of the following Municipalities",,,,,PATNONGON,POBLACION,ALL OTHER STREETS,INTERIOR,A6,Agricultural - A6,3.0
raw,"RDO No. 73 - San Jose, Antique is composed of the following Municipalities",,,,,PATNONGON,POBLACION,ALL OTHER STREETS,INTERIOR,A7,Agricultural - A7,2.0
raw,"RDO No. 73 - San Jose, Antique is composed of the following Municipalities",,,,,PATNONGON,POBLACION,ALL OTHER STREETS,INTERIOR,A10,Agricultural - A10,2.0
raw,"RDO No. 73 - San Jose, Antique is composed of the following Municipalities",,,,,PATNONGON,POBLACION,ALL OTHER STREETS,INTERIOR,A11,Agricultural - A11,4.0
raw,"RDO No. 73 - San Jose, Antique is composed of the following Municipalities",,,,,PATNONGON,POBLACION,ALL OTHER STREETS,INTERIOR,A12,Agricultural - A12,1.0
raw,"RDO No. 73 - San Jose, Antique is composed of the following Municipalities",,,,,PATNONGON,POBLACION,ALL OTHER STREETS,INTERIOR,A13,Agricultural - A13,3.0
raw,"RDO No. 73 - San Jose, Antique is composed of the following Municipalities",,,,,PATNONGON,POBLACION,ALL OTHER STREETS,INTERIOR,A14,Agricultural - A14,2.0
raw,"RDO No. 73 - San Jose, Antique is composed of the following Municipalities",,,,,PATNONGON,POBLACION,ALL OTHER STREETS,INTERIOR,A15,Agricultural - A15,4.0
raw,"RDO No. 73 - San Jose, Antique is composed of the following Municipalities",,,,,PATNONGON,POBLACION,ALVANIZ ST (EAST.SIDE),ABELLON ST- RD.TO TAMAYOC,RR,Residential - Regular,225.0
raw,"RDO No. 73 - San Jose, Antique is composed of the following Municipalities",,,,,PATNONGON,POBLACION,C.BARRIENTOS(SOUTH.SIDE),PLAZA - REAL ST,RR,Residential - Regular,180.0
raw,"RDO No. 73 - San Jose, Antique is composed of the following Municipalities",,,,,PATNONGON,POBLACION,COR.SALVANI & ALVANIZ STS,PUBLIC MARKET,CR,Commercial - Regular,315.0
raw,"RDO No. 73 - San Jose, Antique is composed of the following Municipalities",,,,,PATNONGON,POBLACION,HERNANDEZ ST,SALVANI ST-ABELLON ST,RR,Residential - Regular,225.0
raw,"RDO No. 73 - San Jose, Antique is composed of the following Municipalities",,,,,PATNONGON,POBLACION,NATIONAL ROAD (WEST.SIDE),SCH.SITE-RIZAL ST,CR,Commercial - Regular,280.0
raw,"RDO No. 73 - San Jose, Antique is composed of the following Municipalities",,,,,PATNONGON,POBLACION,NUEDA ST,ROAD TO TAMAYOC -RIZAL ST,RR,Residential - Regular,180.0
raw,"RDO No. 73 - San Jose, Antique is composed of the following Municipalities",,,,,PATNONGON,POBLACION,PLAYA ST,C.R.BARRIENTOS-CABUDIPA,RR,Residential - Regular,135.0
raw,"RDO No. 73 - San Jose, Antique is composed of the following Municipalities",,,,,PATNONGON,POBLACION,REAL ST,SCH SITE-COR C.R.BARRIENTOS & ABELLON STS,RR,Residential - Regular,225.0
raw,"RDO No. 73 - San Jose, Antique is composed of the following Municipalities",,,,,PATNONGON,POBLACION,SALVANI ST,F. ELLO ST-ALVANIZ ST,RR,Residential - Regular,225.0
raw,"RDO No. 73 - San Jose, Antique is composed of the following Municipalities",,,,,PATNONGON,POBLACION,SAN RAFAEL ST,NAT'L ROAD-NUEVA ST,RR,Residential - Regular,180.0
raw,"RDO No. 73 - San Jose, Antique is composed of the following Municipalities",,,2ND,,"PATNONGON, ANTIQUE","ALVANIZ, BERNARDO A. JULAGTING (BITAS), CUYAPIAO,",ALL LOTS,ALONG THE ROAD,RR,Residential - Regular,70.0
raw,"RDO No. 73 - San Jose, Antique is composed of the following Municipalities",,,2ND,,"PATNONGON, ANTIQUE","ALVANIZ, BERNARDO A. JULAGTING (BITAS), CUYAPIAO,",ALL LOTS,ALONG THE ROAD,A1,Agricultural - A1,22.3
raw,"RDO No. 73 - San Jose, Antique is composed of the following Municipalities",,,2ND,,"PATNONGON, ANTIQUE","ALVANIZ, BERNARDO A. JULAGTING (BITAS), CUYAPIAO,",ALL LOTS,ALONG THE ROAD,A2,Agricultural - A2,15.05
raw,"RDO No. 73 - San Jose, Antique is composed of the following Municipalities",,,2ND,,"PATNONGON, ANTIQUE","ALVANIZ, BERNARDO A. JULAGTING (BITAS), CUYAPIAO,",ALL LOTS,ALONG THE ROAD,A3,Agricultural - A3,7.65
raw,"RDO No. 73 - San Jose, Antique is composed of the following Municipalities",,,2ND,,"PATNONGON, ANTIQUE","ALVANIZ, BERNARDO A. JULAGTING (BITAS), CUYAPIAO,",ALL LOTS,ALONG THE ROAD,A4,Agricultural - A4,9.65
raw,"RDO No. 73 - San Jose, Antique is composed of the following Municipalities",,,2ND,,"PATNONGON, ANTIQUE","ALVANIZ, BERNARDO A. JULAGTING (BITAS), CUYAPIAO,",ALL LOTS,ALONG THE ROAD,A8,Agricultural - A8,6.9
raw,"RDO No. 73 - San Jose, Antique is composed of the following Municipalities",,,2ND,,"PATNONGON, ANTIQUE","ALVANIZ, BERNARDO A. JULAGTING (BITAS), CUYAPIAO,",ALL LOTS,ALONG THE ROAD,A12,Agricultural - A12,7.7
raw,"RDO No. 73 - San Jose, Antique is composed of the following Municipalities",,,2ND,,"PATNONGON, ANTIQUE","ALVANIZ, BERNARDO A. JULAGTING (BITAS), CUYAPIAO,",ALL LOTS,ALONG THE ROAD,A15,Agricultural - A15,5.75
raw,"RDO No. 73 - San Jose, Antique is composed of the following Municipalities",,,2ND,,"PATNONGON, ANTIQUE","ALVANIZ, BERNARDO A. JULAGTING (BITAS), CUYAPIAO,",ALL LOTS,ALONG THE ROAD,A16,Agricultural - A16,8.8
raw,"RDO No. 73 - San Jose, Antique is composed of the following Municipalities",,,2ND,,"PATNONGON, ANTIQUE","ALVANIZ, BERNARDO A. JULAGTING (BITAS), CUYAPIAO,",ALL LOTS,ALONG THE ROAD,A17,Agricultural - A17,20.95
raw,"RDO No. 73 - San Jose, Antique is composed of the following Municipalities",,,2ND,,"PATNONGON, ANTIQUE","ALVANIZ, BERNARDO A. JULAGTING (BITAS), CUYAPIAO,",ALL LOTS,ALONG THE ROAD,A18,Agricultural - A18,11.25
raw,"RDO No. 73 - San Jose, Antique is composed of the following Municipalities",,,2ND,,"PATNONGON, ANTIQUE","ALVANIZ, BERNARDO A. JULAGTING (BITAS), CUYAPIAO,",ALL LOTS,ALONG THE ROAD,A23,Agricultural - A23,18.0
raw,"RDO No. 73 - San Jose, Antique is composed of the following Municipalities",,,2ND,,"PATNONGON, ANTIQUE","ALVANIZ, BERNARDO A. JULAGTING (BITAS), CUYAPIAO,",ALL LOTS,ALONG THE ROAD,A26,Agricultural - A26,6.85
raw,"RDO No. 73 - San Jose, Antique is composed of the following Municipalities",,,2ND,,"PATNONGON, ANTIQUE","ALVANIZ, BERNARDO A. JULAGTING (BITAS), CUYAPIAO,",ALL LOTS,ALONG THE ROAD,A38,Agricultural - A38,13.5
raw,"RDO No. 73 - San Jose, Antique is composed of the following Municipalities",,,2ND,,"PATNONGON, ANTIQUE","ALVANIZ, BERNARDO A. JULAGTING (BITAS), CUYAPIAO,",ALL LOTS,ALONG THE ROAD,A44,Agricultural - A44,5.5
raw,"RDO No. 73 - San Jose, Antique is composed of the following Municipalities",,,2ND,,"PATNONGON, ANTIQUE","ALVANIZ, BERNARDO A. JULAGTING (BITAS), CUYAPIAO,",ALL LOTS,ALONG THE ROAD,A50,Agricultural - A50,5.0
raw,"RDO No. 73 - San Jose, Antique is composed of the following Municipalities",,,2ND,,"PATNONGON, ANTIQUE","AMPARO, APGAHAN, AURELIAN, CARIT-AN,",ALL LOTS,ALONG THE ROAD,RR,Residential - Regular,280.0
raw,"RDO No. 73 - San Jose, Antique is composed of the following Municipalities",,,2ND,,"PATNONGON, ANTIQUE","AMPARO, APGAHAN, AURELIAN, CARIT-AN,",ALL LOTS,ALONG THE ROAD,A1,Agricultural - A1,23.0
raw,"RDO No. 73 - San Jose, Antique is composed of the following Municipalities",,,2ND,,"PATNONGON, ANTIQUE","AMPARO, APGAHAN, AURELIAN, CARIT-AN,",ALL LOTS,ALONG THE ROAD,A2,Agricultural - A2,16.1
raw,"RDO No. 73 - San Jose, Antique is composed of the following Municipalities",,,2ND,,"PATNONGON, ANTIQUE","AMPARO, APGAHAN, AURELIAN, CARIT-AN,",ALL LOTS,ALONG THE ROAD,A3,Agricultural - A3,7.65
raw,"RDO No. 73 - San Jose, Antique is composed of the following Municipalities",,,2ND,,"PATNONGON, ANTIQUE","AMPARO, APGAHAN, AURELIAN, CARIT-AN,",ALL LOTS,ALONG THE ROAD,A4,Agricultural - A4,9.65
raw,"RDO No. 73 - San Jose, Antique is composed of the following Municipalities",,,2ND,,"PATNONGON, ANTIQUE","AMPARO, APGAHAN, AURELIAN, CARIT-AN,",ALL LOTS,ALONG THE ROAD,A8,Agricultural - A8,6.9
raw,"RDO No. 73 - San Jose, Antique is composed of the following Municipalities",,,2ND,,"PATNONGON, ANTIQUE","AMPARO, APGAHAN, AURELIAN, CARIT-AN,",ALL LOTS,ALONG THE ROAD,A12,Agricultural - A12,7.7
raw,"RDO No. 73 - San Jose, Antique is composed of the following Municipalities",,,2ND,,"PATNONGON, ANTIQUE","AMPARO, APGAHAN, AURELIAN, CARIT-AN,",ALL LOTS,ALONG THE ROAD,A15,Agricultural - A15,5.75
raw,"RDO No. 73 - San Jose, Antique is composed of the following Municipalities",,,2ND,,"PATNONGON, ANTIQUE","AMPARO, APGAHAN, AURELIAN, CARIT-AN,",ALL LOTS,ALONG THE ROAD,A16,Agricultural - A16,8.8
raw,"RDO No. 73 - San Jose, Antique is composed of the following Municipalities",,,2ND,,"PATNONGON, ANTIQUE","AMPARO, APGAHAN, AURELIAN, CARIT-AN,",ALL LOTS,ALONG THE ROAD,A17,Agricultural - A17,19.45
raw,"RDO No. 73 - San Jose, Antique is composed of the following Municipalities",,,2ND,,"PATNONGON, ANTIQUE","AMPARO, APGAHAN, AURELIAN, CARIT-AN,",ALL LOTS,ALONG THE ROAD,A18,Agricultural - A18,11.25
raw,"RDO No. 73 - San Jose, Antique is composed of the following Municipalities",,,2ND,,"PATNONGON, ANTIQUE","AMPARO, APGAHAN, AURELIAN, CARIT-AN,",ALL LOTS,ALONG THE ROAD,A23,Agricultural - A23,18.0
raw,"RDO No. 73 - San Jose, Antique is composed of the following Municipalities",,,2ND,,"PATNONGON, ANTIQUE","AMPARO, APGAHAN, AURELIAN, CARIT-AN,",ALL LOTS,ALONG THE ROAD,A26,Agricultural - A26,6.85
raw,"RDO No. 73 - San Jose, Antique is composed of the following Municipalities",,,2ND,,"PATNONGON, ANTIQUE","AMPARO, APGAHAN, AURELIAN, CARIT-AN,",ALL LOTS,ALONG THE ROAD,A38,Agricultural - A38,13.5
raw,"RDO No. 73 - San Jose, Antique is composed of the following Municipalities",,,2ND,,"PATNONGON, ANTIQUE","AMPARO, APGAHAN, AURELIAN, CARIT-AN,",ALL LOTS,ALONG THE ROAD,A44,Agricultural - A44,5.5
raw,"RDO No. 73 - San Jose, Antique is composed of the following Municipalities",,,2ND,,"PATNONGON, ANTIQUE","AMPARO, APGAHAN, AURELIAN, CARIT-AN,",ALL LOTS,ALONG THE ROAD,A50,Agricultural - A50,5.0
raw,"RDO No. 73 - San Jose, Antique is composed of the following Municipalities",,,2ND,,"PATNONGON, ANTIQUE","BADIANGAN, MACARINA, PANDANAN,",ALL LOTS,ALONG THE ROAD,RR,Residential - Regular,140.0
raw,"RDO No. 73 - San Jose, Antique is composed of the following Municipalities",,,2ND,,"PATNONGON, ANTIQUE","BADIANGAN, MACARINA, PANDANAN,",ALL LOTS,ALONG THE ROAD,A1,Agricultural - A1,22.3
raw,"RDO No. 73 - San Jose, Antique is composed of the following Municipalities",,,2ND,,"PATNONGON, ANTIQUE","BADIANGAN, MACARINA, PANDANAN,",ALL LOTS,ALONG THE ROAD,A2,Agricultural - A2,15.05
raw,"RDO No. 73 - San Jose, Antique is composed of the following Municipalities",,,2ND,,"PATNONGON, ANTIQUE","BADIANGAN, MACARINA, PANDANAN,",ALL LOTS,ALONG THE ROAD,A3,Agricultural - A3,7.65
raw,"RDO No. 73 - San Jose, Antique is composed of the following Municipalities",,,2ND,,"PATNONGON, ANTIQUE","BADIANGAN, MACARINA, PANDANAN,",ALL LOTS,ALONG THE ROAD,A4,Agricultural - A4,9.65
raw,"RDO No. 73 - San Jose, Antique is composed of the following Municipalities",,,2ND,,"PATNONGON, ANTIQUE","BADIANGAN, MACARINA, PANDANAN,",ALL LOTS,ALONG THE ROAD,A8,Agricultural - A8,6.9
raw,"RDO No. 73 - San Jose, Antique is composed of the following Municipalities",,,2ND,,"PATNONGON, ANTIQUE","BADIANGAN, MACARINA, PANDANAN,",ALL LOTS,ALONG THE ROAD,A12,Agricultural - A12,7.7
raw,"RDO No. 73 - San Jose, Antique is composed of the following Municipalities",,,2ND,,"PATNONGON, ANTIQUE","BADIANGAN, MACARINA, PANDANAN,",ALL LOTS,ALONG THE ROAD,A15,Agricultural - A15,5.75
raw,"RDO No. 73 - San Jose, Antique is composed of the following Municipalities",,,2ND,,"PATNONGON, ANTIQUE","BADIANGAN, MACARINA, PANDANAN,",ALL LOTS,ALONG THE ROAD,A16,Agricultural - A16,8.8
raw,"RDO No. 73 - San Jose, Antique is composed of the following Municipalities",,,2ND,,"PATNONGON, ANTIQUE","BADIANGAN, MACARINA, PANDANAN,",ALL LOTS,ALONG THE ROAD,A17,Agricultural - A17,20.95
raw,"RDO No. 73 - San Jose, Antique is composed of the following Municipalities",,,2ND,,"PATNONGON, ANTIQUE","BADIANGAN, MACARINA, PANDANAN,",ALL LOTS,ALONG THE ROAD,A18,Agricultural - A18,11.25
raw,"RDO No. 73 - San Jose, Antique is composed of the following Municipalities",,,2ND,,"PATNONGON, ANTIQUE","BADIANGAN, MACARINA, PANDANAN,",ALL LOTS,ALONG THE ROAD,A23,Agricultural - A23,18.0
raw,"RDO No. 73 - San Jose, Antique is composed of the following Municipalities",,,2ND,,"PATNONGON, ANTIQUE","BADIANGAN, MACARINA, PANDANAN,",ALL LOTS,ALONG THE ROAD,A26,Agricultural - A26,6.85
raw,"RDO No. 73 - San Jose, Antique is composed of the following Municipalities",,,2ND,,"PATNONGON, ANTIQUE","BADIANGAN, MACARINA, PANDANAN,",ALL LOTS,ALONG THE ROAD,A38,Agricultural - A38,13.5
raw,"RDO No. 73 - San Jose, Antique is composed of the following Municipalities",,,2ND,,"PATNONGON, ANTIQUE","BADIANGAN, MACARINA, PANDANAN,",ALL LOTS,ALONG THE ROAD,A44,Agricultural - A44,5.5
raw,"RDO No. 73 - San Jose, Antique is composed of the following Municipalities",,,2ND,,"PATNONGON, ANTIQUE","BADIANGAN, MACARINA, PANDANAN,",ALL LOTS,ALONG THE ROAD,A50,Agricultural - A50,5.0
raw,"RDO No. 73 - San Jose, Antique is composed of the following Municipalities",,,,,"PATNONGON, ANTIQUE",POBLACION,ABELLON ST (SOUTH.SIDE),REAL ST - ELLO ST,RR,Residential - Regular,275.0
raw,"RDO No. 73 - San Jose, Antique is composed of the following Municipalities",,,2ND,,"PATNONGON, ANTIQUE",POBLACION,ABELLON ST. (SOUTH SIDE),REAL ST. - ELLO ST.,RR,Residential - Regular,435.0
raw,"RDO No. 73 - San Jose, Antique is composed of the following Municipalities",,,2ND,,"PATNONGON, ANTIQUE",POBLACION,ABELLON ST. (SOUTH SIDE),REAL ST. - ELLO ST.,CR,Commercial - Regular,600.0
raw,"RDO No. 73 - San Jose, Antique is composed of the following Municipalities",,,2ND,,"PATNONGON, ANTIQUE",POBLACION,ALL OTHER STREETS,WITHIN POBLACION,RR,Residential - Regular,365.0
raw,"RDO No. 73 - San Jose, Antique is composed of the following Municipalities",,,2ND,,"PATNONGON, ANTIQUE",POBLACION,ALL OTHER STREETS,ALL WEATHER ROADS MORE THAN 1KM OUTSIDE POB CENTRO,RR,Residential - Regular,240.0
raw,"RDO No. 73 - San Jose, Antique is composed of the following Municipalities",,,2ND,,"PATNONGON, ANTIQUE",POBLACION,ALL OTHER STREETS,INTERIOR,RR,Residential - Regular,225.0
raw,"RDO No. 73 - San Jose, Antique is composed of the following Municipalities",,,2ND,,"PATNONGON, ANTIQUE",POBLACION,ALL OTHER STREETS,INTERIOR,A1,Agricultural - A1,23.0
raw,"RDO No. 73 - San Jose, Antique is composed of the following Municipalities",,,2ND,,"PATNONGON, ANTIQUE",POBLACION,ALL OTHER STREETS,INTERIOR,A2,Agricultural - A2,16.1
raw,"RDO No. 73 - San Jose, Antique is composed of the following Municipalities",,,2ND,,"PATNONGON, ANTIQUE",POBLACION,ALL OTHER STREETS,INTERIOR,A3,Agricultural - A3,7.65
raw,"RDO No. 73 - San Jose, Antique is composed of the following Municipalities",,,2ND,,"PATNONGON, ANTIQUE",POBLACION,ALL OTHER STREETS,INTERIOR,A4,Agricultural - A4,9.65
raw,"RDO No. 73 - San Jose, Antique is composed of the following Municipalities",,,2ND,,"PATNONGON, ANTIQUE",POBLACION,ALL OTHER STREETS,INTERIOR,A8,Agricultural - A8,6.9
raw,"RDO No. 73 - San Jose, Antique is composed of the following Municipalities",,,2ND,,"PATNONGON, ANTIQUE",POBLACION,ALL OTHER STREETS,INTERIOR,A12,Agricultural - A12,7.7
raw,"RDO No. 73 - San Jose, Antique is composed of the following Municipalities",,,2ND,,"PATNONGON, ANTIQUE",POBLACION,ALL OTHER STREETS,INTERIOR,A15,Agricultural - A15,5.75
raw,"RDO No. 73 - San Jose, Antique is composed of the following Municipalities",,,2ND,,"PATNONGON, ANTIQUE",POBLACION,ALL OTHER STREETS,INTERIOR,A16,Agricultural - A16,8.8
raw,"RDO No. 73 - San Jose, Antique is composed of the following Municipalities",,,2ND,,"PATNONGON, ANTIQUE",POBLACION,ALL OTHER STREETS,INTERIOR,A17,Agricultural - A17,19.45
raw,"RDO No. 73 - San Jose, Antique is composed of the following Municipalities",,,2ND,,"PATNONGON, ANTIQUE",POBLACION,ALL OTHER STREETS,INTERIOR,A18,Agricultural - A18,11.25
raw,"RDO No. 73 - San Jose, Antique is composed of the following Municipalities",,,2ND,,"PATNONGON, ANTIQUE",POBLACION,ALL OTHER STREETS,INTERIOR,A23,Agricultural - A23,18.0
raw,"RDO No. 73 - San Jose, Antique is composed of the following Municipalities",,,2ND,,"PATNONGON, ANTIQUE",POBLACION,ALL OTHER STREETS,INTERIOR,A26,Agricultural - A26,6.85
raw,"RDO No. 73 - San Jose, Antique is composed of the following Municipalities",,,2ND,,"PATNONGON, ANTIQUE",POBLACION,ALL OTHER STREETS,INTERIOR,A38,Agricultural - A38,13.5
raw,"RDO No. 73 - San Jose, Antique is composed of the following Municipalities",,,2ND,,"PATNONGON, ANTIQUE",POBLACION,ALL OTHER STREETS,INTERIOR,A44,Agricultural - A44,5.5
raw,"RDO No. 73 - San Jose, Antique is composed of the following Municipalities",,,2ND,,"PATNONGON, ANTIQUE",POBLACION,ALL OTHER STREETS,INTERIOR,A50,Agricultural - A50,5.0
raw,"RDO No. 73 - San Jose, Antique is composed of the following Municipalities",,,,,"PATNONGON, ANTIQUE",POBLACION,ALL OTHER STREETS,ALL WEATHER ROADS W/IN 1KM FR POB,RR,Residential - Regular,235.0
raw,"RDO No. 73 - San Jose, Antique is composed of the following Municipalities",,,,,"PATNONGON, ANTIQUE",POBLACION,ALL OTHER STREETS,ALL WEATHER ROADS (MORE THAN 1KM FR POB),RR,Residential - Regular,150.0
raw,"RDO No. 73 - San Jose, Antique is composed of the following Municipalities",,,,,"PATNONGON, ANTIQUE",POBLACION,ALL OTHER STREETS,INTERIOR,RR,Residential - Regular,100.0
raw,"RDO No. 73 - San Jose, Antique is composed of the following Municipalities",,,,,"PATNONGON, ANTIQUE",POBLACION,ALL OTHER STREETS,INTERIOR,A1,Agricultural - A1,11.5
raw,"RDO No. 73 - San Jose, Antique is composed of the following Municipalities",,,,,"PATNONGON, ANTIQUE",POBLACION,ALL OTHER STREETS,INTERIOR,A2,Agricultural - A2,8.5
raw,"RDO No. 73 - San Jose, Antique is composed of the following Municipalities",,,,,"PATNONGON, ANTIQUE",POBLACION,ALL OTHER STREETS,INTERIOR,A3,Agricultural - A3,5.0
raw,"RDO No. 73 - San Jose, Antique is composed of the following Municipalities",,,,,"PATNONGON, ANTIQUE",POBLACION,ALL OTHER STREETS,INTERIOR,A4,Agricultural - A4,5.0
raw,"RDO No. 73 - San Jose, Antique is composed of the following Municipalities",,,,,"PATNONGON, ANTIQUE",POBLACION,ALL OTHER STREETS,INTERIOR,A8,Agricultural - A8,4.0
raw,"RDO No. 73 - San Jose, Antique is composed of the following Municipalities",,,,,"PATNONGON, ANTIQUE",POBLACION,ALL OTHER STREETS,INTERIOR,A12,Agricultural - A12,5.0
raw,"RDO No. 73 - San Jose, Antique is composed of the following Municipalities",,,,,"PATNONGON, ANTIQUE",POBLACION,ALL OTHER STREETS,INTERIOR,A15,Agricultural - A15,3.0
raw,"RDO No. 73 - San Jose, Antique is composed of the following Municipalities",,,,,"PATNONGON, ANTIQUE",POBLACION,ALL OTHER STREETS,INTERIOR,A16,Agricultural - A16,5.0
raw,"RDO No. 73 - San Jose, Antique is composed of the following Municipalities",,,,,"PATNONGON, ANTIQUE",POBLACION,ALL OTHER STREETS,INTERIOR,A17,Agricultural - A17,11.0
raw,"RDO No. 73 - San Jose, Antique is composed of the following Municipalities",,,,,"PATNONGON, ANTIQUE",POBLACION,ALL OTHER STREETS,INTERIOR,A18,Agricultural - A18,5.0
raw,"RDO No. 73 - San Jose, Antique is composed of the following Municipalities",,,,,"PATNONGON, ANTIQUE",POBLACION,ALL OTHER STREETS,INTERIOR,A23,Agricultural - A23,6.0
raw,"RDO No. 73 - San Jose, Antique is composed of the following Municipalities",,,,,"PATNONGON, ANTIQUE",POBLACION,ALL OTHER STREETS,INTERIOR,A26,Agricultural - A26,4.0
raw,"RDO No. 73 - San Jose, Antique is composed of the following Municipalities",,,,,"PATNONGON, ANTIQUE",POBLACION,ALL OTHER STREETS,INTERIOR,A38,Agricultural - A38,6.0
raw,"RDO No. 73 - San Jose, Antique is composed of the following Municipalities",,,,,"PATNONGON, ANTIQUE",POBLACION,ALL OTHER STREETS,INTERIOR,A44,Agricultural - A44,4.0
raw,"RDO No. 73 - San Jose, Antique is composed of the following Municipalities",,,,,"PATNONGON, ANTIQUE",POBLACION,ALVANIZ ST (EAST.SIDE),ABELLON ST- RD.TO TAMAYOC,RR,Residential - Regular,330.0
raw,"RDO No. 73 - San Jose, Antique is composed of the following Municipalities",,,2ND,,"PATNONGON, ANTIQUE",POBLACION,ALVANIZ ST.,ABELLON ST. - RD. TAMAYOC,RR,Residential - Regular,525.0
raw,"RDO No. 73 - San Jose, Antique is composed of the following Municipalities",,,2ND,,"PATNONGON, ANTIQUE",POBLACION,ALVANIZ ST.,ABELLON ST. - RD. TAMAYOC,CR,Commercial - Regular,715.0
raw,"RDO No. 73 - San Jose, Antique is composed of the following Municipalities",,,2ND,,"PATNONGON, ANTIQUE",POBLACION,C. BARRIENTOS (SOUTH SIDE),PLAZA-REAL ST.,RR,Residential - Regular,435.0
raw,"RDO No. 73 - San Jose, Antique is composed of the following Municipalities",,,2ND,,"PATNONGON, ANTIQUE",POBLACION,C. BARRIENTOS (SOUTH SIDE),PLAZA-REAL ST.,CR,Commercial - Regular,525.0
raw,"RDO No. 73 - San Jose, Antique is composed of the following Municipalities",,,,,"PATNONGON, ANTIQUE",POBLACION,C.BARRIENTOS(SOUTH.SIDE),PLAZA - REAL ST,RR,Residential - Regular,275.0
raw,"RDO No. 73 - San Jose, Antique is composed of the following Municipalities",,,2ND,,"PATNONGON, ANTIQUE",POBLACION,COR. SALVANI & ALVANIZ ST.,PUBLIC MARKET,CR,Commercial - Regular,800.0
raw,"RDO No. 73 - San Jose, Antique is composed of the following Municipalities",,,2ND,,"PATNONGON, ANTIQUE",POBLACION,COR. SALVANI & ALVANIZ ST.,PUBLIC MARKET,RR,Residential - Regular,525.0
raw,"RDO No. 73 - San Jose, Antique is composed of the following Municipalities",,,,,"PATNONGON, ANTIQUE",POBLACION,COR.SALVANI & ALVANIZ STS,PUBLIC MARKET,CR,Commercial - Regular,525.0
raw,"RDO No. 73 - San Jose, Antique is composed of the following Municipalities",,,,,"PATNONGON, ANTIQUE",POBLACION,HERNANDEZ ST,SALVANI ST-ABELLON ST,RR,Residential - Regular,330.0
raw,"RDO No. 73 - San Jose, Antique is composed of the following Municipalities",,,2ND,,"PATNONGON, ANTIQUE",POBLACION,HERNANDEZ ST.,SALVANI ST.- ABELLON ST.,RR,Residential - Regular,525.0
raw,"RDO No. 73 - San Jose, Antique is composed of the following Municipalities",,,2ND,,"PATNONGON, ANTIQUE",POBLACION,HERNANDEZ ST.,SALVANI ST.- ABELLON ST.,CR,Commercial - Regular,715.0
raw,"RDO No. 73 - San Jose, Antique is composed of the following Municipalities",,,2ND,,"PATNONGON, ANTIQUE",POBLACION,NATIONAL ROAD (WEST SIDE),SCHOOL SITE - REAL ST. (RIZAL ST),CR,Commercial - Regular,715.0
raw,"RDO No. 73 - San Jose, Antique is composed of the following Municipalities",,,2ND,,"PATNONGON, ANTIQUE",POBLACION,NATIONAL ROAD (WEST SIDE),SCHOOL SITE - REAL ST. (RIZAL ST),RR,Residential - Regular,460.0
raw,"RDO No. 73 - San Jose, Antique is composed of the following Municipalities",,,,,"PATNONGON, ANTIQUE",POBLACION,NATIONAL ROAD (WEST.SIDE),SCH.SITE-RIZAL ST,CR,Commercial - Regular,470.0
raw,"RDO No. 73 - San Jose, Antique is composed of the following Municipalities",,,,,"PATNONGON, ANTIQUE",POBLACION,NUEDA ST,ROAD TO TAMAYOC -RIZAL ST,RR,Residential - Regular,275.0
raw,"RDO No. 73 - San Jose, Antique is composed of the following Municipalities",,,2ND,,"PATNONGON, ANTIQUE",POBLACION,NUEVA ST.,RD TO TAMAYOC- RIZAL ST.,RR,Residential - Regular,420.0
raw,"RDO No. 73 - San Jose, Antique is composed of the following Municipalities",,,2ND,,"PATNONGON, ANTIQUE",POBLACION,NUEVA ST.,RD TO TAMAYOC- RIZAL ST.,CR,Commercial - Regular,715.0
raw,"RDO No. 73 - San Jose, Antique is composed of the following Municipalities",,,,,"PATNONGON, ANTIQUE",POBLACION,PLAYA ST,C.R.BARRIENTOS-CABUDIPA,RR,Residential - Regular,235.0
raw,"RDO No. 73 - San Jose, Antique is composed of the following Municipalities",,,2ND,,"PATNONGON, ANTIQUE",POBLACION,PLAYA ST.,C.R. BARRIENTOS- CABUDIPA,RR,Residential - Regular,365.0
raw,"RDO No. 73 - San Jose, Antique is composed of the following Municipalities",,,2ND,,"PATNONGON, ANTIQUE",POBLACION,PLAYA ST.,C.R. BARRIENTOS- CABUDIPA,CR,Commercial - Regular,600.0
raw,"RDO No. 73 - San Jose, Antique is composed of the following Municipalities",,,,,"PATNONGON, ANTIQUE",POBLACION,REAL ST,SCHOOL SITE - CORNER O.R.BARRIENTOS & ABELLON STS,RR,Residential - Regular,330.0
raw,"RDO No. 73 - San Jose, Antique is composed of the following Municipalities",,,2ND,,"PATNONGON, ANTIQUE",POBLACION,REAL ST.,SCHOOL SITE - COR C.R.,CR,Commercial - Regular,715.0
raw,"RDO No. 73 - San Jose, Antique is composed of the following Municipalities",,,2ND,,"PATNONGON, ANTIQUE",POBLACION,REAL ST.,SCHOOL SITE - COR C.R.,RR,Residential - Regular,525.0
raw,"RDO No. 73 - San Jose, Antique is composed of the following Municipalities",,,2ND,,"PATNONGON, ANTIQUE",POBLACION,REAL ST.,BARRIENTOS & ABELLON STS.,RR,Residential - Regular,525.0
raw,"RDO No. 73 - San Jose, Antique is composed of the following Municipalities",,,2ND,,"PATNONGON, ANTIQUE",POBLACION,REAL ST.,BARRIENTOS & ABELLON STS.,CR,Commercial - Regular,715.0
raw,"RDO No. 73 - San Jose, Antique is composed of the following Municipalities",,,,,"PATNONGON, ANTIQUE",POBLACION,SALVANI ST,F. ELLO ST-ALVANIZ ST,RR,Residential - Regular,330.0
raw,"RDO No. 73 - San Jose, Antique is composed of the following Municipalities",,,2ND,,"PATNONGON, ANTIQUE",POBLACION,SALVANI ST.,F. ELLO ST- ALVANIZ ST.,RR,Residential - Regular,525.0
raw,"RDO No. 73 - San Jose, Antique is composed of the following Municipalities",,,2ND,,"PATNONGON, ANTIQUE",POBLACION,SALVANI ST.,F. ELLO ST- ALVANIZ ST.,CR,Commercial - Regular,715.0
raw,"RDO No. 73 - San Jose, Antique is composed of the following Municipalities",,,,,"PATNONGON, ANTIQUE",POBLACION,SAN RAFAEL ST,NAT'L ROAD-NUEVA ST,RR,Residential - Regular,275.0
raw,"RDO No. 73 - San Jose, Antique is composed of the following Municipalities",,,2ND,,"PATNONGON, ANTIQUE",POBLACION,SAN RAFAEL ST.,NAT'L RD-NUEVA ST,RR,Residential - Regular,435.0
raw,"RDO No. 73 - San Jose, Antique is composed of the following Municipalities",,,2ND,,"PATNONGON, ANTIQUE",POBLACION,SAN RAFAEL ST.,NAT'L RD-NUEVA ST,CR,Commercial - Regular,715.0
raw,"RDO No. 73 - San Jose, Antique is composed of the following Municipalities",,,2ND,,"PATNONGON, ANTIQUE","SAN RAFAEL, TAMAYOC, VILLA CRESPO",ALL LOTS,ALONG THE ROAD,RR,Residential - Regular,175.0
raw,"RDO No. 73 - San Jose, Antique is composed of the following Municipalities",,,2ND,,"PATNONGON, ANTIQUE","SAN RAFAEL, TAMAYOC, VILLA CRESPO",ALL LOTS,ALONG THE ROAD,A1,Agricultural - A1,22.3
raw,"RDO No. 73 - San Jose, Antique is composed of the following Municipalities",,,2ND,,"PATNONGON, ANTIQUE","SAN RAFAEL, TAMAYOC, VILLA CRESPO",ALL LOTS,ALONG THE ROAD,A2,Agricultural - A2,15.05
raw,"RDO No. 73 - San Jose, Antique is composed of the following Municipalities",,,2ND,,"PATNONGON, ANTIQUE","SAN RAFAEL, TAMAYOC, VILLA CRESPO",ALL LOTS,ALONG THE ROAD,A3,Agricultural - A3,7.65
raw,"RDO No. 73 - San Jose, Antique is composed of the following Municipalities",,,2ND,,"PATNONGON, ANTIQUE","SAN RAFAEL, TAMAYOC, VILLA CRESPO",ALL LOTS,ALONG THE ROAD,A4,Agricultural - A4,9.65
raw,"RDO No. 73 - San Jose, Antique is composed of the following Municipalities",,,2ND,,"PATNONGON, ANTIQUE","SAN RAFAEL, TAMAYOC, VILLA CRESPO",ALL LOTS,ALONG THE ROAD,A8,Agricultural - A8,6.9
raw,"RDO No. 73 - San Jose, Antique is composed of the following Municipalities",,,2ND,,"PATNONGON, ANTIQUE","SAN RAFAEL, TAMAYOC, VILLA CRESPO",ALL LOTS,ALONG THE ROAD,A12,Agricultural - A12,7.7
raw,"RDO No. 73 - San Jose, Antique is composed of the following Municipalities",,,2ND,,"PATNONGON, ANTIQUE","SAN RAFAEL, TAMAYOC, VILLA CRESPO",ALL LOTS,ALONG THE ROAD,A15,Agricultural - A15,5.75
raw,"RDO No. 73 - San Jose, Antique is composed of the following Municipalities",,,2ND,,"PATNONGON, ANTIQUE","SAN RAFAEL, TAMAYOC, VILLA CRESPO",ALL LOTS,ALONG THE ROAD,A16,Agricultural - A16,8.8
raw,"RDO No. 73 - San Jose, Antique is composed of the following Municipalities",,,2ND,,"PATNONGON, ANTIQUE","SAN RAFAEL, TAMAYOC, VILLA CRESPO",ALL LOTS,ALONG THE ROAD,A17,Agricultural - A17,20.95
raw,"RDO No. 73 - San Jose, Antique is composed of the following Municipalities",,,2ND,,"PATNONGON, ANTIQUE","SAN RAFAEL, TAMAYOC, VILLA CRESPO",ALL LOTS,ALONG THE ROAD,A18,Agricultural - A18,11.25
raw,"RDO No. 73 - San Jose, Antique is composed of the following Municipalities",,,2ND,,"PATNONGON, ANTIQUE","SAN RAFAEL, TAMAYOC, VILLA CRESPO",ALL LOTS,ALONG THE ROAD,A23,Agricultural - A23,18.0
raw,"RDO No. 73 - San Jose, Antique is composed of the following Municipalities",,,2ND,,"PATNONGON, ANTIQUE","SAN RAFAEL, TAMAYOC, VILLA CRESPO",ALL LOTS,ALONG THE ROAD,A26,Agricultural - A26,6.85
raw,"RDO No. 73 - San Jose, Antique is composed of the following Municipalities",,,2ND,,"PATNONGON, ANTIQUE","SAN RAFAEL, TAMAYOC, VILLA CRESPO",ALL LOTS,ALONG THE ROAD,A38,Agricultural - A38,13.5
raw,"RDO No. 73 - San Jose, Antique is composed of the following Municipalities",,,2ND,,"PATNONGON, ANTIQUE","SAN RAFAEL, TAMAYOC, VILLA CRESPO",ALL LOTS,ALONG THE ROAD,A44,Agricultural - A44,5.5
raw,"RDO No. 73 - San Jose, Antique is composed of the following Municipalities",,,2ND,,"PATNONGON, ANTIQUE","SAN RAFAEL, TAMAYOC, VILLA CRESPO",ALL LOTS,ALONG THE ROAD,A50,Agricultural - A50,5.0
raw,"RDO No. 73 - San Jose, Antique is composed of the following Municipalities",,,,,S E B A S T E,COR ESPARAFOZA ST,ALL OTHER STREETS,ALL WEATHER ROADS WITHIN 1KM FROM POB,RR,Residential - Regular,135.0
raw,"RDO No. 73 - San Jose, Antique is composed of the following Municipalities",,,,,S E B A S T E,COR ESPARAFOZA ST,ALL OTHER STREETS,ALL WEATHER ROADS MORETHAN 1KM FROM POB,RR,Residential - Regular,90.0
raw,"RDO No. 73 - San Jose, Antique is composed of the following Municipalities",,,,,S E B A S T E,COR ESPARAFOZA ST,ALL OTHER STREETS,INTERIOR,RR,Residential - Regular,45.0
raw,"RDO No. 73 - San Jose, Antique is composed of the following Municipalities",,,,,S E B A S T E,COR ESPARAFOZA ST,ALL OTHER STREETS,INTERIOR,A,Agricultural,9.0
raw,"RDO No. 73 - San Jose, Antique is composed of the following Municipalities",,,,,S E B A S T E,COR ESPARAFOZA ST,ALL OTHER STREETS,INTERIOR,A1,Agricultural - A1,6.0
raw,"RDO No. 73 - San Jose, Antique is composed of the following Municipalities",,,,,S E B A S T E,COR ESPARAFOZA ST,ALL OTHER STREETS,INTERIOR,A2,Agricultural - A2,3.0
raw,"RDO No. 73 - San Jose, Antique is composed of the following Municipalities",,,,,S E B A S T E,COR ESPARAFOZA ST,ALL OTHER STREETS,INTERIOR,A3,Agricultural - A3,3.0
raw,"RDO No. 73 - San Jose, Antique is composed of the following Municipalities",,,,,S E B A S T E,COR ESPARAFOZA ST,ALL OTHER STREETS,INTERIOR,A4,Agricultural - A4,3.0
raw,"RDO No. 73 - San Jose, Antique is composed of the following Municipalities",,,,,S E B A S T E,COR ESPARAFOZA ST,ALL OTHER STREETS,INTERIOR,A5,Agricultural - A5,8.0
raw,"RDO No. 73 - San Jose, Antique is composed of the following Municipalities",,,,,S E B A S T E,COR ESPARAFOZA ST,ALL OTHER STREETS,INTERIOR,A6,Agricultural - A6,3.0
raw,"RDO No. 73 - San Jose, Antique is composed of the following Municipalities",,,,,S E B A S T E,COR ESPARAFOZA ST,ALL OTHER STREETS,INTERIOR,A7,Agricultural - A7,2.0
raw,"RDO No. 73 - San Jose, Antique is composed of the following Municipalities",,,,,S E B A S T E,COR ESPARAFOZA ST,ALL OTHER STREETS,INTERIOR,A10,Agricultural - A10,2.0
raw,"RDO No. 73 - San Jose, Antique is composed of the following Municipalities",,,,,S E B A S T E,COR ESPARAFOZA ST,ALL OTHER STREETS,INTERIOR,A11,Agricultural - A11,4.0
raw,"RDO No. 73 - San Jose, Antique is composed of the following Municipalities",,,,,S E B A S T E,COR ESPARAFOZA ST,ALL OTHER STREETS,INTERIOR,A12,Agricultural - A12,1.0
raw,"RDO No. 73 - San Jose, Antique is composed of the following Municipalities",,,,,S E B A S T E,COR ESPARAFOZA ST,ALL OTHER STREETS,INTERIOR,A13,Agricultural - A13,3.0
raw,"RDO No. 73 - San Jose, Antique is composed of the following Municipalities",,,,,S E B A S T E,COR ESPARAFOZA ST,ALL OTHER STREETS,INTERIOR,A14,Agricultural - A14,2.0
raw,"RDO No. 73 - San Jose, Antique is composed of the following Municipalities",,,,,S E B A S T E,COR ESPARAFOZA ST,ALL OTHER STREETS,INTERIOR,A15,Agricultural - A15,4.0
raw,"RDO No. 73 - San Jose, Antique is composed of the following Municipalities",,,,,S E B A S T E,COR ESPARAFOZA ST,IGUALTA ST,RECOPUERTO-ESPARAGOZA,RR,Residential - Regular,225.0
raw,"RDO No. 73 - San Jose, Antique is composed of the following Municipalities",,,,,S E B A S T E,COR ESPARAFOZA ST,NAT'L RD (SOUTH SIDE),FRONTING PUBLIC MARKET,CR,Commercial - Regular,280.0
raw,"RDO No. 73 - San Jose, Antique is composed of the following Municipalities",,,,,S E B A S T E,COR ESPARAFOZA ST,PERALTA ST,RECOPUERTO-DELOS REYES,RR,Residential - Regular,180.0
raw,"RDO No. 73 - San Jose, Antique is composed of the following Municipalities",,,,,S E B A S T E,COR ESPARAFOZA ST,ZALDIVAR ST,JARO ST-ESPARAGOZA ST,RR,Residential - Regular,180.0
raw,"RDO No. 73 - San Jose, Antique is composed of the following Municipalities",,,,,S E B A S T E,POBLACION,NATIONAL ROAD (EAST SIDE),PUBLIC MARKET,CR,Commercial - Regular,315.0
raw,"RDO No. 73 - San Jose, Antique is composed of the following Municipalities",,,,,S E B A S T E,POBLACION,NATIONAL ROAD (EAST SIDE),UNNAMED RD CONNECTING AZUCENA ST-,RR,Residential - Regular,225.0
raw,"RDO No. 73 - San Jose, Antique is composed of the following Municipalities",,,,,S E B A S T E,POBLACION,NATIONAL ROAD (EAST SIDE),FRONTING PUBLIC MARKET,RR,Residential - Regular,225.0
raw,"RDO No. 73 - San Jose, Antique is composed of the following Municipalities",,,,,SAN JOSE,ATABAY,ALL OTHER STREETS,ALONG THE ROAD,RR,Residential - Regular,115.0
raw,"RDO No. 73 - San Jose, Antique is composed of the following Municipalities",,,,,SAN JOSE,ATABAY,ALL OTHER STREETS,ALONG THE ROAD,A1,Agricultural - A1,15.0
raw,"RDO No. 73 - San Jose, Antique is composed of the following Municipalities",,,,,SAN JOSE,ATABAY,ALL OTHER STREETS,ALONG THE ROAD,A4,Agricultural - A4,95.0
raw,"RDO No. 73 - San Jose, Antique is composed of the following Municipalities",,,,,SAN JOSE,ATABAY,PROVINCIAL ROAD,WESTERN POINT TO SN PEDRO,CR,Commercial - Regular,200.0
raw,"RDO No. 73 - San Jose, Antique is composed of the following Municipalities",,,,,SAN JOSE,ATABAY,T. FORNIER,BOUND TO SIBALOM,CR,Commercial - Regular,275.0
raw,"RDO No. 73 - San Jose, Antique is composed of the following Municipalities",,,,,SAN JOSE,BADIANG,ALL STREETS,ALONG THE ROAD,RR,Residential - Regular,60.0
raw,"RDO No. 73 - San Jose, Antique is composed of the following Municipalities",,,,,SAN JOSE,BADIANG,ALL STREETS,ALONG THE ROAD,A1,Agricultural - A1,11.0
raw,"RDO No. 73 - San Jose, Antique is composed of the following Municipalities",,,,,SAN JOSE,BADIANG,ALL STREETS,ALONG THE ROAD,A4,Agricultural - A4,45.0
raw,"RDO No. 73 - San Jose, Antique is composed of the following Municipalities",,,,,SAN JOSE,BARANGAY 1,C O ZALDIVAR-DR.ENCARNACION      PORTION,,RR,Residential - Regular,450.0
raw,"RDO No. 73 - San Jose, Antique is composed of the following Municipalities",,,,,SAN JOSE,BARANGAY 1,IGLESIAS,,RR,Residential - Regular,400.0
raw,"RDO No. 73 - San Jose, Antique is composed of the following Municipalities",,,,,SAN JOSE,BARANGAY 1,MODESTA,,RR,Residential - Regular,350.0
raw,"RDO No. 73 - San Jose, Antique is composed of the following Municipalities",,,,,SAN JOSE,BARANGAY 1,PRINCIPE,,RR,Residential - Regular,400.0
raw,"RDO No. 73 - San Jose, Antique is composed of the following Municipalities",,,,,SAN JOSE,BARANGAY 1,REP. SALAZAR PRINCIPE            CORNER,,CR,Commercial - Regular,1150.0
raw,"RDO No. 73 - San Jose, Antique is composed of the following Municipalities",,,,,SAN JOSE,BARANGAY 1,SALAZAR - ANS,,RR,Residential - Regular,400.0
raw,"RDO No. 73 - San Jose, Antique is composed of the following Municipalities",,,,,SAN JOSE,BARANGAY 1,SAN ANTONIO,,RR,Residential - Regular,350.0
raw,"RDO No. 73 - San Jose, Antique is composed of the following Municipalities",,,,,SAN JOSE,BARANGAY 1,T. FORNIER-DR.ENCARNACION        CORNER,,CR,Commercial - Regular,1100.0
raw,"RDO No. 73 - San Jose, Antique is composed of the following Municipalities",,,,,SAN JOSE,BARANGAY 2 (BANTAYAN),CEMETERY ROAD,,RR,Residential - Regular,140.0
raw,"RDO No. 73 - San Jose, Antique is composed of the following Municipalities",,,,,SAN JOSE,BARANGAY 2 (BANTAYAN),PENA,UP TO COKE WAREHOUSE,RR,Residential - Regular,200.0
raw,"RDO No. 73 - San Jose, Antique is composed of the following Municipalities",,,,,SAN JOSE,BARANGAY 2 (BANTAYAN),PENA,COKE WAREHOUSE-BAE,GP,General Purpose,190.0
raw,"RDO No. 73 - San Jose, Antique is composed of the following Municipalities",,,,,SAN JOSE,BARANGAY 2 (BANTAYAN),T. FORNIER,PROVINCIAL ROAD,RR,Residential - Regular,250.0
raw,"RDO No. 73 - San Jose, Antique is composed of the following Municipalities",,,,,SAN JOSE,BARANGAY 2 (BANTAYAN),T. FORNIER-ANS,FRONT,RR,Residential - Regular,350.0
raw,"RDO No. 73 - San Jose, Antique is composed of the following Municipalities",,,,,SAN JOSE,BARANGAY 2 (BANTAYAN),T. FORNIER-SALAZAR,CORNER,CR,Commercial - Regular,900.0
raw,"RDO No. 73 - San Jose, Antique is composed of the following Municipalities",,,,,SAN JOSE,BARANGAY 3 (COMON),ALL OTHER STREETS,CORNER,RR,Residential - Regular,125.0
raw,"RDO No. 73 - San Jose, Antique is composed of the following Municipalities",,,,,SAN JOSE,BARANGAY 3 (COMON),ALL OTHER STREETS,CORNER,A4,Agricultural - A4,55.0
raw,"RDO No. 73 - San Jose, Antique is composed of the following Municipalities",,,,,SAN JOSE,BARANGAY 3 (COMON),CAPADOCIA (ROMERO),CORNER,RR,Residential - Regular,190.0
raw,"RDO No. 73 - San Jose, Antique is composed of the following Municipalities",,,,,SAN JOSE,BARANGAY 3 (COMON),CAPADOCIA-MOSCOSO,CORNER,RR,Residential - Regular,250.0
raw,"RDO No. 73 - San Jose, Antique is composed of the following Municipalities",,,,,SAN JOSE,BARANGAY 4,GOVIERNO,,RR,Residential - Regular,150.0
raw,"RDO No. 73 - San Jose, Antique is composed of the following Municipalities",,,,,SAN JOSE,BARANGAY 4,MARINA,,RR,Residential - Regular,125.0
raw,"RDO No. 73 - San Jose, Antique is composed of the following Municipalities",,,,,SAN JOSE,BARANGAY 4,PRINCESA,,RR,Residential - Regular,150.0
raw,"RDO No. 73 - San Jose, Antique is composed of the following Municipalities",,,,,SAN JOSE,BARANGAY 4,PROGRESO,,RR,Residential - Regular,125.0
raw,"RDO No. 73 - San Jose, Antique is composed of the following Municipalities",,,,,SAN JOSE,BARANGAY 4,ROMANA,,RR,Residential - Regular,125.0
raw,"RDO No. 73 - San Jose, Antique is composed of the following Municipalities",,,,,SAN JOSE,BARANGAY 4,ROMANA,RIGHT SIDE,X,Special / Other,150.0
raw,"RDO No. 73 - San Jose, Antique is composed of the following Municipalities",,,,,SAN JOSE,BARANGAY 4,SANTIAGO ST,PORTION,RR,Residential - Regular,125.0
raw,"RDO No. 73 - San Jose, Antique is composed of the following Municipalities",,,,,SAN JOSE,BARANGAY 4,SANTIAGO ST,PORTION,A4,Agricultural - A4,60.0
raw,"RDO No. 73 - San Jose, Antique is composed of the following Municipalities",,,,,SAN JOSE,BARANGAY 5,BINIRAYAN COMPLEX,SOUTHERN PORTION,RR,Residential - Regular,150.0
raw,"RDO No. 73 - San Jose, Antique is composed of the following Municipalities",,,,,SAN JOSE,BARANGAY 5,CERDENA (ROSARIO),CORNER VILLAVERT,RR,Residential - Regular,375.0
raw,"RDO No. 73 - San Jose, Antique is composed of the following Municipalities",,,,,SAN JOSE,BARANGAY 5,CERDENA-BINIRAYAN,ENTRANCE TO BINIRAYAN,CR,Commercial - Regular,625.0
raw,"RDO No. 73 - San Jose, Antique is composed of the following Municipalities",,,,,SAN JOSE,BARANGAY 5,JIMENEZ TO CERDENA,CORNER VILLAVERT,CR,Commercial - Regular,900.0
raw,"RDO No. 73 - San Jose, Antique is composed of the following Municipalities",,,,,SAN JOSE,BARANGAY 5,REP. SALAZAR-PRINCIPE,CORNER,CR,Commercial - Regular,900.0
raw,"RDO No. 73 - San Jose, Antique is composed of the following Municipalities",,,,,SAN JOSE,BARANGAY 6,AZURIN,,CR,Commercial - Regular,180.0
raw,"RDO No. 73 - San Jose, Antique is composed of the following Municipalities",,,,,SAN JOSE,BARANGAY 6,MOSCOSO,,CR,Commercial - Regular,750.0
raw,"RDO No. 73 - San Jose, Antique is composed of the following Municipalities",,,,,SAN JOSE,BARANGAY 6,REP SALAZAR-T. FORNIER,,CR,Commercial - Regular,850.0
raw,"RDO No. 73 - San Jose, Antique is composed of the following Municipalities",,,,,SAN JOSE,BARANGAY 6,SAN FERNANDO,,CR,Commercial - Regular,750.0
raw,"RDO No. 73 - San Jose, Antique is composed of the following Municipalities",,,,,SAN JOSE,BARANGAY 6,T. FORNIER-VILLAVERT,,CR,Commercial - Regular,900.0
raw,"RDO No. 73 - San Jose, Antique is composed of the following Municipalities",,,,,SAN JOSE,BARANGAY 7,GOV. VILLAVERT-SOLANA,,X,Special / Other,500.0
raw,"RDO No. 73 - San Jose, Antique is composed of the following Municipalities",,,,,SAN JOSE,BARANGAY 7,MOSCOSO-SOLANA,,CR,Commercial - Regular,750.0
raw,"RDO No. 73 - San Jose, Antique is composed of the following Municipalities",,,,,SAN JOSE,BARANGAY 7,SAN JOSE,CORNER,X,Special / Other,250.0
raw,"RDO No. 73 - San Jose, Antique is composed of the following Municipalities",,,,,SAN JOSE,BARANGAY 7,SAN JOSE,NORTHERN PORTION,X,Special / Other,200.0
raw,"RDO No. 73 - San Jose, Antique is composed of the following Municipalities",,,,,SAN JOSE,BARANGAY 7,SOLANA-SAN FERNANDO,NORTHERN PORTION,CR,Commercial - Regular,750.0
raw,"RDO No. 73 - San Jose, Antique is composed of the following Municipalities",,,,,SAN JOSE,BARANGAY 7,T. FORNIER,NORTHERN PORTION,CR,Commercial - Regular,800.0
raw,"RDO No. 73 - San Jose, Antique is composed of the following Municipalities",,,,,SAN JOSE,BARANGAY 8,C O ZALDIVAR-VILLAVERT-JIMENEZ,,CR,Commercial - Regular,800.0
raw,"RDO No. 73 - San Jose, Antique is composed of the following Municipalities",,,,,SAN JOSE,BARANGAY 8,DEL PILAR,,RR,Residential - Regular,225.0
raw,"RDO No. 73 - San Jose, Antique is composed of the following Municipalities",,,,,SAN JOSE,BARANGAY 8,GEN. FULLON,BEFORE ST. ANTHONY'S COLL,RR,Residential - Regular,275.0
raw,"RDO No. 73 - San Jose, Antique is composed of the following Municipalities",,,,,SAN JOSE,BARANGAY 8,GEN. FULLON-CERDENA,BEFORE ST. ANTHONY'S COLL,RR,Residential - Regular,450.0
raw,"RDO No. 73 - San Jose, Antique is composed of the following Municipalities",,,,,SAN JOSE,BARIRI,ALL STREETS,ALONG THE ROAD,RR,Residential - Regular,45.0
raw,"RDO No. 73 - San Jose, Antique is composed of the following Municipalities",,,,,SAN JOSE,BARIRI,ALL STREETS,ALONG THE ROAD,A1,Agricultural - A1,20.0
raw,"RDO No. 73 - San Jose, Antique is composed of the following Municipalities",,,,,SAN JOSE,BARIRI,ALL STREETS,ALONG THE ROAD,A4,Agricultural - A4,35.0
raw,"RDO No. 73 - San Jose, Antique is composed of the following Municipalities",,,,,SAN JOSE,CANSADAN-TUBUDAN,ALL STREETS,ALONG THE ROAD,RR,Residential - Regular,55.0
raw,"RDO No. 73 - San Jose, Antique is composed of the following Municipalities",,,,,SAN JOSE,CANSADAN-TUBUDAN,ALL STREETS,ALONG THE ROAD,A1,Agricultural - A1,11.0
raw,"RDO No. 73 - San Jose, Antique is composed of the following Municipalities",,,,,SAN JOSE,CANSADAN-TUBUDAN,ALL STREETS,ALONG THE ROAD,A4,Agricultural - A4,45.0
raw,"RDO No. 73 - San Jose, Antique is composed of the following Municipalities",,,,,SAN JOSE,DUROG,ALL STREETS,ALONG THE ROAD,RR,Residential - Regular,60.0
raw,"RDO No. 73 - San Jose, Antique is composed of the following Municipalities",,,,,SAN JOSE,DUROG,ALL STREETS,ALONG THE ROAD,A2,Agricultural - A2,8.0
raw,"RDO No. 73 - San Jose, Antique is composed of the following Municipalities",,,,,SAN JOSE,DUROG,ALL STREETS,ALONG THE ROAD,A4,Agricultural - A4,30.0
raw,"RDO No. 73 - San Jose, Antique is composed of the following Municipalities",,,,,SAN JOSE,FUNDA-DALIPE,AIRPORT ROAD,,RR,Residential - Regular,80.0
raw,"RDO No. 73 - San Jose, Antique is composed of the following Municipalities",,,,,SAN JOSE,FUNDA-DALIPE,ALL OTHER STREETS,ALONG THE ROAD,RR,Residential - Regular,55.0
raw,"RDO No. 73 - San Jose, Antique is composed of the following Municipalities",,,,,SAN JOSE,FUNDA-DALIPE,ALL OTHER STREETS,ALONG THE ROAD,A4,Agricultural - A4,50.0
raw,"RDO No. 73 - San Jose, Antique is composed of the following Municipalities",,,,,SAN JOSE,FUNDA-DALIPE,PROVINCIAL ROAD,,RR,Residential - Regular,140.0
raw,"RDO No. 73 - San Jose, Antique is composed of the following Municipalities",,,,,SAN JOSE,FUNDA-DALIPE,SUNSET SUBD,,RR,Residential - Regular,75.0
raw,"RDO No. 73 - San Jose, Antique is composed of the following Municipalities",,,,,SAN JOSE,GEN. FULLON-NIETES,RODRIGUEZ SUBD,BEFORE ST. ANTHONY'S COLL,RR,Residential - Regular,250.0
raw,"RDO No. 73 - San Jose, Antique is composed of the following Municipalities",,,,,SAN JOSE,GEN. FULLON-NIETES,SALAZAR,CORNER T. FORNIER,CR,Commercial - Regular,900.0
raw,"RDO No. 73 - San Jose, Antique is composed of the following Municipalities",,,,,SAN JOSE,GEN. FULLON-NIETES,SOLANA-NIETES,CORNER T. FORNIER,CR,Commercial - Regular,800.0
raw,"RDO No. 73 - San Jose, Antique is composed of the following Municipalities",,,,,SAN JOSE,GEN. FULLON-NIETES,VILLAVERT-JIMENEZ,CORNER T. FORNIER,CR,Commercial - Regular,800.0
raw,"RDO No. 73 - San Jose, Antique is composed of the following Municipalities",,,,,SAN JOSE,GEN. FULLON-NIETES,VILLAVERT-JIMENEZ,CORNER T. FORNIER,A1,Agricultural - A1,20.0
raw,"RDO No. 73 - San Jose, Antique is composed of the following Municipalities",,,,,SAN JOSE,GEN. FULLON-NIETES,VILLAVERT-JIMENEZ,CORNER T. FORNIER,A2,Agricultural - A2,10.0
raw,"RDO No. 73 - San Jose, Antique is composed of the following Municipalities",,,,,SAN JOSE,IGBONGLO,ALL STREETS,ALONG THE ROAD,RR,Residential - Regular,60.0
raw,"RDO No. 73 - San Jose, Antique is composed of the following Municipalities",,,,,SAN JOSE,IGBONGLO,ALL STREETS,ALONG THE ROAD,A1,Agricultural - A1,11.0
raw,"RDO No. 73 - San Jose, Antique is composed of the following Municipalities",,,,,SAN JOSE,IGBONGLO,ALL STREETS,ALONG THE ROAD,A4,Agricultural - A4,50.0
raw,"RDO No. 73 - San Jose, Antique is composed of the following Municipalities",,,,,SAN JOSE,INABASAN,ALL STREETS,ALONG THE ROAD,RR,Residential - Regular,45.0
raw,"RDO No. 73 - San Jose, Antique is composed of the following Municipalities",,,,,SAN JOSE,INABASAN,ALL STREETS,ALONG THE ROAD,A1,Agricultural - A1,12.0
raw,"RDO No. 73 - San Jose, Antique is composed of the following Municipalities",,,,,SAN JOSE,INABASAN,ALL STREETS,ALONG THE ROAD,A4,Agricultural - A4,35.0
raw,"RDO No. 73 - San Jose, Antique is composed of the following Municipalities",,,,,SAN JOSE,MADRANGCA,ALL OTHER STREETS,ALONG THE ROAD,RR,Residential - Regular,135.0
raw,"RDO No. 73 - San Jose, Antique is composed of the following Municipalities",,,,,SAN JOSE,MADRANGCA,ALL OTHER STREETS,SEASIDE,A4,Agricultural - A4,45.0
raw,"RDO No. 73 - San Jose, Antique is composed of the following Municipalities",,,,,SAN JOSE,MADRANGCA,ALL OTHER STREETS,ALONG THE ROAD,A4,Agricultural - A4,65.0
raw,"RDO No. 73 - San Jose, Antique is composed of the following Municipalities",,,,,SAN JOSE,MADRANGCA,AZURIN SUBD,,RR,Residential - Regular,170.0
raw,"RDO No. 73 - San Jose, Antique is composed of the following Municipalities",,,,,SAN JOSE,MAGCALON,ALL STREETS,ALONG THE ROAD,RR,Residential - Regular,80.0
raw,"RDO No. 73 - San Jose, Antique is composed of the following Municipalities",,,,,SAN JOSE,MAGCALON,ALL STREETS,ALONG THE ROAD,A2,Agricultural - A2,8.0
raw,"RDO No. 73 - San Jose, Antique is composed of the following Municipalities",,,,,SAN JOSE,MAGCALON,ALL STREETS,ALONG THE ROAD,A4,Agricultural - A4,40.0
raw,"RDO No. 73 - San Jose, Antique is composed of the following Municipalities",,,,,SAN JOSE,MALAIBA,ALL STREETS,ALONG THE ROAD,RR,Residential - Regular,70.0
raw,"RDO No. 73 - San Jose, Antique is composed of the following Municipalities",,,,,SAN JOSE,MALAIBA,ALL STREETS,ALONG THE ROAD,A4,Agricultural - A4,40.0
raw,"RDO No. 73 - San Jose, Antique is composed of the following Municipalities",,,,,SAN JOSE,MAYBATO NORTE,ALL OTHER STREETS,ALONG THE ROAD,RR,Residential - Regular,70.0
raw,"RDO No. 73 - San Jose, Antique is composed of the following Municipalities",,,,,SAN JOSE,MAYBATO NORTE,ALL OTHER STREETS,ALONG THE ROAD,A1,Agricultural - A1,15.0
raw,"RDO No. 73 - San Jose, Antique is composed of the following Municipalities",,,,,SAN JOSE,MAYBATO NORTE,ALL OTHER STREETS,ALONG THE ROAD,A4,Agricultural - A4,25.0
raw,"RDO No. 73 - San Jose, Antique is composed of the following Municipalities",,,,,SAN JOSE,MAYBATO NORTE,PROVINCIAL ROAD,,RR,Residential - Regular,135.0
raw,"RDO No. 73 - San Jose, Antique is composed of the following Municipalities",,,,,SAN JOSE,MAYBATO SUR,ALL OTHER STREETS,ALONG THE ROAD,RR,Residential - Regular,70.0
raw,"RDO No. 73 - San Jose, Antique is composed of the following Municipalities",,,,,SAN JOSE,MAYBATO SUR,ALL OTHER STREETS,ALONG THE ROAD,A1,Agricultural - A1,15.0
raw,"RDO No. 73 - San Jose, Antique is composed of the following Municipalities",,,,,SAN JOSE,MAYBATO SUR,ALL OTHER STREETS,ALONG THE ROAD,A2,Agricultural - A2,9.0
raw,"RDO No. 73 - San Jose, Antique is composed of the following Municipalities",,,,,SAN JOSE,MAYBATO SUR,ALL OTHER STREETS,ALONG THE ROAD,A4,Agricultural - A4,25.0
raw,"RDO No. 73 - San Jose, Antique is composed of the following Municipalities",,,,,SAN JOSE,MAYBATO SUR,PROVINCIAL ROAD,,RR,Residential - Regular,150.0
raw,"RDO No. 73 - San Jose, Antique is composed of the following Municipalities",,,,,SAN JOSE,MOJON,ALL STREETS,ALONG THE ROAD,RR,Residential - Regular,75.0
raw,"RDO No. 73 - San Jose, Antique is composed of the following Municipalities",,,,,SAN JOSE,MOJON,ALL STREETS,ALONG THE ROAD,A1,Agricultural - A1,11.0
raw,"RDO No. 73 - San Jose, Antique is composed of the following Municipalities",,,,,SAN JOSE,MOJON,ALL STREETS,ALONG THE ROAD,A2,Agricultural - A2,7.0
raw,"RDO No. 73 - San Jose, Antique is composed of the following Municipalities",,,,,SAN JOSE,MOJON,ALL STREETS,ALONG THE ROAD,A4,Agricultural - A4,55.0
raw,"RDO No. 73 - San Jose, Antique is composed of the following Municipalities",,,,,SAN JOSE,PANTAO,ALL STREETS,ALONG THE ROAD,RR,Residential - Regular,50.0
raw,"RDO No. 73 - San Jose, Antique is composed of the following Municipalities",,,,,SAN JOSE,PANTAO,ALL STREETS,ALONG THE ROAD,A2,Agricultural - A2,6.0
raw,"RDO No. 73 - San Jose, Antique is composed of the following Municipalities",,,,,SAN JOSE,PANTAO,ALL STREETS,ALONG THE ROAD,A4,Agricultural - A4,30.0
raw,"RDO No. 73 - San Jose, Antique is composed of the following Municipalities",,,,,SAN JOSE,SAN ANGEL,ALL OTHER STREETS,SEASIDE,RR,Residential - Regular,65.0
raw,"RDO No. 73 - San Jose, Antique is composed of the following Municipalities",,,,,SAN JOSE,SAN ANGEL,ALL OTHER STREETS,SEASIDE,A1,Agricultural - A1,20.0
raw,"RDO No. 73 - San Jose, Antique is composed of the following Municipalities",,,,,SAN JOSE,SAN ANGEL,ALL OTHER STREETS,SEASIDE,A2,Agricultural - A2,8.0
raw,"RDO No. 73 - San Jose, Antique is composed of the following Municipalities",,,,,SAN JOSE,SAN ANGEL,ALL OTHER STREETS,SEASIDE,A4,Agricultural - A4,35.0
raw,"RDO No. 73 - San Jose, Antique is composed of the following Municipalities",,,,,SAN JOSE,SAN ANGEL,GEN FULLON,WESTERN PORTION,X,Special / Other,250.0
raw,"RDO No. 73 - San Jose, Antique is composed of the following Municipalities",,,,,SAN JOSE,SAN ANGEL,GEN FULLON,WESTERN PORTION,RR,Residential - Regular,225.0
raw,"RDO No. 73 - San Jose, Antique is composed of the following Municipalities",,,,,SAN JOSE,SAN ANGEL,GEN FULLON,EASTERN PORTION,CR,Commercial - Regular,350.0
raw,"RDO No. 73 - San Jose, Antique is composed of the following Municipalities",,,,,SAN JOSE,SAN FERNANDO,ALL OTHER STREETS,ALONG THE ROAD,RR,Residential - Regular,60.0
raw,"RDO No. 73 - San Jose, Antique is composed of the following Municipalities",,,,,SAN JOSE,SAN FERNANDO,ALL OTHER STREETS,ALONG THE ROAD,X,Special / Other,75.0
raw,"RDO No. 73 - San Jose, Antique is composed of the following Municipalities",,,,,SAN JOSE,SAN FERNANDO,ALL OTHER STREETS,ALONG THE ROAD,A2,Agricultural - A2,8.0
raw,"RDO No. 73 - San Jose, Antique is composed of the following Municipalities",,,,,SAN JOSE,SAN FERNANDO,ALL OTHER STREETS,ALONG THE ROAD,A4,Agricultural - A4,50.0
raw,"RDO No. 73 - San Jose, Antique is composed of the following Municipalities",,,,,SAN JOSE,SAN FERNANDO,PROVINCIAL ROAD,,RR,Residential - Regular,90.0
raw,"RDO No. 73 - San Jose, Antique is composed of the following Municipalities",,,,,SAN JOSE,SAN PEDRO,ALL STREETS,,RR,Residential - Regular,175.0
raw,"RDO No. 73 - San Jose, Antique is composed of the following Municipalities",,,,,SAN JOSE,SAN PEDRO,ALL STREETS,,A2,Agricultural - A2,7.0
raw,"RDO No. 73 - San Jose, Antique is composed of the following Municipalities",,,,,SAN JOSE,SAN PEDRO,ALL STREETS,,A4,Agricultural - A4,35.0
raw,"RDO No. 73 - San Jose, Antique is composed of the following Municipalities",,,,,SAN JOSE,SUPA,ALL STREETS,ALONG THE ROAD,RR,Residential - Regular,45.0
raw,"RDO No. 73 - San Jose, Antique is composed of the following Municipalities",,,,,SAN JOSE,SUPA,ALL STREETS,ALONG THE ROAD,A1,Agricultural - A1,10.0
raw,"RDO No. 73 - San Jose, Antique is composed of the following Municipalities",,,,,SAN JOSE,SUPA,ALL STREETS,ALONG THE ROAD,A2,Agricultural - A2,6.0
raw,"RDO No. 73 - San Jose, Antique is composed of the following Municipalities",,,2ND,,"SAN JOSE, ANTIQUE",ATABAY,ALL OTHER STREETS,ALONG THE ROAD,RR,Residential - Regular,665.0
raw,"RDO No. 73 - San Jose, Antique is composed of the following Municipalities",,,2ND,,"SAN JOSE, ANTIQUE",ATABAY,ALL OTHER STREETS,ALONG THE ROAD,CR,Commercial - Regular,2500.0
raw,"RDO No. 73 - San Jose, Antique is composed of the following Municipalities",,,2ND,,"SAN JOSE, ANTIQUE",ATABAY,ALL OTHER STREETS,INTERIOR,RR,Residential - Regular,640.0
raw,"RDO No. 73 - San Jose, Antique is composed of the following Municipalities",,,2ND,,"SAN JOSE, ANTIQUE",ATABAY,ALL OTHER STREETS,INTERIOR,CR,Commercial - Regular,1950.0
raw,"RDO No. 73 - San Jose, Antique is composed of the following Municipalities",,,2ND,,"SAN JOSE, ANTIQUE",ATABAY,ALL OTHER STREETS,INTERIOR,A1,Agricultural - A1,41.5
raw,"RDO No. 73 - San Jose, Antique is composed of the following Municipalities",,,2ND,,"SAN JOSE, ANTIQUE",ATABAY,ALL OTHER STREETS,INTERIOR,A4,Agricultural - A4,138.5
raw,"RDO No. 73 - San Jose, Antique is composed of the following Municipalities",,,,,"SAN JOSE, ANTIQUE",ATABAY,ALL OTHER STREETS,ALONG THE ROAD,RR,Residential - Regular,300.0
raw,"RDO No. 73 - San Jose, Antique is composed of the following Municipalities",,,,,"SAN JOSE, ANTIQUE",ATABAY,ALL OTHER STREETS,ALONG THE ROAD,CR,Commercial - Regular,1500.0
raw,"RDO No. 73 - San Jose, Antique is composed of the following Municipalities",,,,,"SAN JOSE, ANTIQUE",ATABAY,ALL OTHER STREETS,INTERIOR,RR,Residential - Regular,240.0
raw,"RDO No. 73 - San Jose, Antique is composed of the following Municipalities",,,,,"SAN JOSE, ANTIQUE",ATABAY,ALL OTHER STREETS,INTERIOR,CR,Commercial - Regular,1350.0
raw,"RDO No. 73 - San Jose, Antique is composed of the following Municipalities",,,,,"SAN JOSE, ANTIQUE",ATABAY,ALL OTHER STREETS,INTERIOR,A1,Agricultural - A1,25.0
raw,"RDO No. 73 - San Jose, Antique is composed of the following Municipalities",,,,,"SAN JOSE, ANTIQUE",ATABAY,ALL OTHER STREETS,INTERIOR,A4,Agricultural - A4,125.0
raw,"RDO No. 73 - San Jose, Antique is composed of the following Municipalities",,,2ND,,"SAN JOSE, ANTIQUE",ATABAY,PROVINCIAL ROAD,WESTERN POINT TO SAN PEDRO,CR,Commercial - Regular,2500.0
raw,"RDO No. 73 - San Jose, Antique is composed of the following Municipalities",,,2ND,,"SAN JOSE, ANTIQUE",ATABAY,PROVINCIAL ROAD,WESTERN POINT TO SAN PEDRO,RR,Residential - Regular,1500.0
raw,"RDO No. 73 - San Jose, Antique is composed of the following Municipalities",,,,,"SAN JOSE, ANTIQUE",ATABAY,PROVINCIAL ROAD,WESTERN POINT TO SN PEDRO,CR,Commercial - Regular,500.0
raw,"RDO No. 73 - San Jose, Antique is composed of the following Municipalities",,,,,"SAN JOSE, ANTIQUE",ATABAY,T. FORNIER,BOUND TO SIBALOM,CR,Commercial - Regular,600.0
raw,"RDO No. 73 - San Jose, Antique is composed of the following Municipalities",,,2ND,,"SAN JOSE, ANTIQUE",ATABAY,T.FORNIER,BOUND TO SIBALOM,CR,Commercial - Regular,5000.0
raw,"RDO No. 73 - San Jose, Antique is composed of the following Municipalities",,,2ND,,"SAN JOSE, ANTIQUE",ATABAY,T.FORNIER,BOUND TO SIBALOM,RR,Residential - Regular,1500.0
raw,"RDO No. 73 - San Jose, Antique is composed of the following Municipalities",,,2ND,,"SAN JOSE, ANTIQUE",BADIANG,ALL LOTS,ALONG THE ROAD,CR,Commercial - Regular,1200.0
raw,"RDO No. 73 - San Jose, Antique is composed of the following Municipalities",,,2ND,,"SAN JOSE, ANTIQUE",BADIANG,ALL LOTS,ALONG THE ROAD,RR,Residential - Regular,765.0
raw,"RDO No. 73 - San Jose, Antique is composed of the following Municipalities",,,2ND,,"SAN JOSE, ANTIQUE",BADIANG,ALL LOTS,INTERIOR,RR,Residential - Regular,340.0
raw,"RDO No. 73 - San Jose, Antique is composed of the following Municipalities",,,2ND,,"SAN JOSE, ANTIQUE",BADIANG,ALL LOTS,INTERIOR,A1,Agricultural - A1,31.5
raw,"RDO No. 73 - San Jose, Antique is composed of the following Municipalities",,,2ND,,"SAN JOSE, ANTIQUE",BADIANG,ALL LOTS,INTERIOR,A4,Agricultural - A4,73.3
raw,"RDO No. 73 - San Jose, Antique is composed of the following Municipalities",,,,,"SAN JOSE, ANTIQUE",BADIANG,ALL STREETS,ALONG THE ROAD,RR,Residential - Regular,150.0
raw,"RDO No. 73 - San Jose, Antique is composed of the following Municipalities",,,,,"SAN JOSE, ANTIQUE",BADIANG,ALL STREETS,INTERIOR,RR,Residential - Regular,120.0
raw,"RDO No. 73 - San Jose, Antique is composed of the following Municipalities",,,,,"SAN JOSE, ANTIQUE",BADIANG,ALL STREETS,INTERIOR,A1,Agricultural - A1,20.0
raw,"RDO No. 73 - San Jose, Antique is composed of the following Municipalities",,,,,"SAN JOSE, ANTIQUE",BADIANG,ALL STREETS,INTERIOR,A4,Agricultural - A4,70.0
raw,"RDO No. 73 - San Jose, Antique is composed of the following Municipalities",,,,,"SAN JOSE, ANTIQUE",BARANGAY 1,ALL OTHER STREETS,BINIRAYAN - SALAZAR,RR,Residential - Regular,800.0
raw,"RDO No. 73 - San Jose, Antique is composed of the following Municipalities",,,,,"SAN JOSE, ANTIQUE",BARANGAY 1,ALL OTHER STREETS,BINIRAYAN - SALAZAR,CR,Commercial - Regular,3000.0
raw,"RDO No. 73 - San Jose, Antique is composed of the following Municipalities",,,,,"SAN JOSE, ANTIQUE",BARANGAY 1,ALL OTHER STREETS,BINIRAYAN - SALAZAR,GP,General Purpose,100.0
raw,"RDO No. 73 - San Jose, Antique is composed of the following Municipalities",,,,,"SAN JOSE, ANTIQUE",BARANGAY 1,ALL OTHER STREETS,BINIRAYAN - SALAZAR,A1,Agricultural - A1,30.0
raw,"RDO No. 73 - San Jose, Antique is composed of the following Municipalities",,,,,"SAN JOSE, ANTIQUE",BARANGAY 1,C O ZALDIVAR-DR.ENCARNACION      PORTION,,RR,Residential - Regular,1200.0
raw,"RDO No. 73 - San Jose, Antique is composed of the following Municipalities",,,,,"SAN JOSE, ANTIQUE",BARANGAY 1,CERDENA,BINIRAYAN - SALAZAR,RR,Residential - Regular,1000.0
raw,"RDO No. 73 - San Jose, Antique is composed of the following Municipalities",,,,,"SAN JOSE, ANTIQUE",BARANGAY 1,DR. ENCARNACION,BINIRAYAN - SALAZAR,RR,Residential - Regular,800.0
raw,"RDO No. 73 - San Jose, Antique is composed of the following Municipalities",,,,,"SAN JOSE, ANTIQUE",BARANGAY 1,IGLESIAS,BINIRAYAN - SALAZAR,RR,Residential - Regular,1000.0
raw,"RDO No. 73 - San Jose, Antique is composed of the following Municipalities",,,,,"SAN JOSE, ANTIQUE",BARANGAY 1,MODESTA,BINIRAYAN - SALAZAR,RR,Residential - Regular,800.0
raw,"RDO No. 73 - San Jose, Antique is composed of the following Municipalities",,,,,"SAN JOSE, ANTIQUE",BARANGAY 1,PRINCIPE,BINIRAYAN - SALAZAR,RR,Residential - Regular,1200.0
raw,"RDO No. 73 - San Jose, Antique is composed of the following Municipalities",,,,,"SAN JOSE, ANTIQUE",BARANGAY 1,REP. SALAZAR PRINCIPE            CORNER,BINIRAYAN - SALAZAR,CR,Commercial - Regular,3000.0
raw,"RDO No. 73 - San Jose, Antique is composed of the following Municipalities",,,,,"SAN JOSE, ANTIQUE",BARANGAY 1,SALAZAR - ANS,BINIRAYAN - SALAZAR,RR,Residential - Regular,800.0
raw,"RDO No. 73 - San Jose, Antique is composed of the following Municipalities",,,,,"SAN JOSE, ANTIQUE",BARANGAY 1,SAN ANTONIO,BINIRAYAN - SALAZAR,RR,Residential - Regular,800.0
raw,"RDO No. 73 - San Jose, Antique is composed of the following Municipalities",,,,,"SAN JOSE, ANTIQUE",BARANGAY 1,T. FORNIER-DR.ENCARNACION        CORNER,BINIRAYAN - SALAZAR,CR,Commercial - Regular,3000.0
raw,"RDO No. 73 - San Jose, Antique is composed of the following Municipalities",,,2ND,,"SAN JOSE, ANTIQUE",BARANGAY 1 (POB),ALL OTHER STREETS,INTERIOR,RR,Residential - Regular,1235.0
raw,"RDO No. 73 - San Jose, Antique is composed of the following Municipalities",,,2ND,,"SAN JOSE, ANTIQUE",BARANGAY 1 (POB),ALL OTHER STREETS,INTERIOR,CR,Commercial - Regular,4000.0
raw,"RDO No. 73 - San Jose, Antique is composed of the following Municipalities",,,2ND,,"SAN JOSE, ANTIQUE",BARANGAY 1 (POB),ALL OTHER STREETS,INTERIOR,GP,General Purpose,255.0
raw,"RDO No. 73 - San Jose, Antique is composed of the following Municipalities",,,2ND,,"SAN JOSE, ANTIQUE",BARANGAY 1 (POB),ALL OTHER STREETS,INTERIOR,A1,Agricultural - A1,85.0
raw,"RDO No. 73 - San Jose, Antique is composed of the following Municipalities",,,2ND,,"SAN JOSE, ANTIQUE",BARANGAY 1 (POB),C.O. ZALDIVAR- DR. ENCARNACION,,CR,Commercial - Regular,4250.0
raw,"RDO No. 73 - San Jose, Antique is composed of the following Municipalities",,,2ND,,"SAN JOSE, ANTIQUE",BARANGAY 1 (POB),C.O. ZALDIVAR- DR. ENCARNACION,,RR,Residential - Regular,1800.0
raw,"RDO No. 73 - San Jose, Antique is composed of the following Municipalities",,,2ND,,"SAN JOSE, ANTIQUE",BARANGAY 1 (POB),CERDEÑA,BINIRAYAN-SALAZAR,RR,Residential - Regular,1800.0
raw,"RDO No. 73 - San Jose, Antique is composed of the following Municipalities",,,2ND,,"SAN JOSE, ANTIQUE",BARANGAY 1 (POB),CERDEÑA,BINIRAYAN-SALAZAR,CR,Commercial - Regular,4000.0
raw,"RDO No. 73 - San Jose, Antique is composed of the following Municipalities",,,2ND,,"SAN JOSE, ANTIQUE",BARANGAY 1 (POB),CERDEÑA,INTERIOR,RR,Residential - Regular,1165.0
raw,"RDO No. 73 - San Jose, Antique is composed of the following Municipalities",,,2ND,,"SAN JOSE, ANTIQUE",BARANGAY 1 (POB),DR. ENCARNACION,INTERIOR,RR,Residential - Regular,1235.0
raw,"RDO No. 73 - San Jose, Antique is composed of the following Municipalities",,,2ND,,"SAN JOSE, ANTIQUE",BARANGAY 1 (POB),DR. ENCARNACION,INTERIOR,CR,Commercial - Regular,4000.0
raw,"RDO No. 73 - San Jose, Antique is composed of the following Municipalities",,,2ND,,"SAN JOSE, ANTIQUE",BARANGAY 1 (POB),IGLESIAS,INTERIOR,RR,Residential - Regular,1600.0
raw,"RDO No. 73 - San Jose, Antique is composed of the following Municipalities",,,2ND,,"SAN JOSE, ANTIQUE",BARANGAY 1 (POB),IGLESIAS,INTERIOR,CR,Commercial - Regular,4000.0
raw,"RDO No. 73 - San Jose, Antique is composed of the following Municipalities",,,2ND,,"SAN JOSE, ANTIQUE",BARANGAY 1 (POB),MODESTA,INTERIOR,RR,Residential - Regular,1235.0
raw,"RDO No. 73 - San Jose, Antique is composed of the following Municipalities",,,2ND,,"SAN JOSE, ANTIQUE",BARANGAY 1 (POB),MODESTA,INTERIOR,CR,Commercial - Regular,4000.0
raw,"RDO No. 73 - San Jose, Antique is composed of the following Municipalities",,,2ND,,"SAN JOSE, ANTIQUE",BARANGAY 1 (POB),MODESTA,INTERIOR,RR,Residential - Regular,1165.0
raw,"RDO No. 73 - San Jose, Antique is composed of the following Municipalities",,,2ND,,"SAN JOSE, ANTIQUE",BARANGAY 1 (POB),PRINCIPE,INTERIOR,RR,Residential - Regular,1800.0
raw,"RDO No. 73 - San Jose, Antique is composed of the following Municipalities",,,2ND,,"SAN JOSE, ANTIQUE",BARANGAY 1 (POB),PRINCIPE,INTERIOR,CR,Commercial - Regular,4000.0
raw,"RDO No. 73 - San Jose, Antique is composed of the following Municipalities",,,2ND,,"SAN JOSE, ANTIQUE",BARANGAY 1 (POB),REP. SALAZAR PRINCIPE,INTERIOR,CR,Commercial - Regular,4250.0
raw,"RDO No. 73 - San Jose, Antique is composed of the following Municipalities",,,2ND,,"SAN JOSE, ANTIQUE",BARANGAY 1 (POB),SALAZAR-ANS,INTERIOR,RR,Residential - Regular,1235.0
raw,"RDO No. 73 - San Jose, Antique is composed of the following Municipalities",,,2ND,,"SAN JOSE, ANTIQUE",BARANGAY 1 (POB),SALAZAR-ANS,INTERIOR,CR,Commercial - Regular,4250.0
raw,"RDO No. 73 - San Jose, Antique is composed of the following Municipalities",,,2ND,,"SAN JOSE, ANTIQUE",BARANGAY 1 (POB),SALAZAR-ANS,INTERIOR,RR,Residential - Regular,1165.0
raw,"RDO No. 73 - San Jose, Antique is composed of the following Municipalities",,,2ND,,"SAN JOSE, ANTIQUE",BARANGAY 1 (POB),SAN ANTONIO,INTERIOR,RR,Residential - Regular,1235.0
raw,"RDO No. 73 - San Jose, Antique is composed of the following Municipalities",,,2ND,,"SAN JOSE, ANTIQUE",BARANGAY 1 (POB),SAN ANTONIO,INTERIOR,CR,Commercial - Regular,4000.0
raw,"RDO No. 73 - San Jose, Antique is composed of the following Municipalities",,,2ND,,"SAN JOSE, ANTIQUE",BARANGAY 1 (POB),SAN ANTONIO,INTERIOR,RR,Residential - Regular,1165.0
raw,"RDO No. 73 - San Jose, Antique is composed of the following Municipalities",,,2ND,,"SAN JOSE, ANTIQUE",BARANGAY 1 (POB),T.FORNIER- DR. ENCARNACION,INTERIOR,CR,Commercial - Regular,4250.0
raw,"RDO No. 73 - San Jose, Antique is composed of the following Municipalities",,,2ND,,"SAN JOSE, ANTIQUE",BARANGAY 1 (POB),T.FORNIER- DR. ENCARNACION,INTERIOR,RR,Residential - Regular,1235.0
raw,"RDO No. 73 - San Jose, Antique is composed of the following Municipalities",,,2ND,,"SAN JOSE, ANTIQUE",BARANGAY 1 (POB),T.FORNIER- DR. ENCARNACION,INTERIOR,RR,Residential - Regular,1165.0
raw,"RDO No. 73 - San Jose, Antique is composed of the following Municipalities",,,,,"SAN JOSE, ANTIQUE",BARANGAY 2 (BANTAYAN),ALL OTHER STREETS,CORNER,RR,Residential - Regular,300.0
raw,"RDO No. 73 - San Jose, Antique is composed of the following Municipalities",,,,,"SAN JOSE, ANTIQUE",BARANGAY 2 (BANTAYAN),ALL OTHER STREETS,CORNER,CR,Commercial - Regular,3000.0
raw,"RDO No. 73 - San Jose, Antique is composed of the following Municipalities",,,,,"SAN JOSE, ANTIQUE",BARANGAY 2 (BANTAYAN),ALL OTHER STREETS,CORNER,GP,General Purpose,150.0
raw,"RDO No. 73 - San Jose, Antique is composed of the following Municipalities",,,,,"SAN JOSE, ANTIQUE",BARANGAY 2 (BANTAYAN),CARRETAS - TOBIAS FORNIER,,CR,Commercial - Regular,3000.0
raw,"RDO No. 73 - San Jose, Antique is composed of the following Municipalities",,,,,"SAN JOSE, ANTIQUE",BARANGAY 2 (BANTAYAN),CEMETERY ROAD,,RR,Residential - Regular,300.0
raw,"RDO No. 73 - San Jose, Antique is composed of the following Municipalities",,,,,"SAN JOSE, ANTIQUE",BARANGAY 2 (BANTAYAN),PENA,UP TO COKE WAREHOUSE,RR,Residential - Regular,650.0
raw,"RDO No. 73 - San Jose, Antique is composed of the following Municipalities",,,,,"SAN JOSE, ANTIQUE",BARANGAY 2 (BANTAYAN),PENA,COKE WAREHOUSE-BAE,GP,General Purpose,625.0
raw,"RDO No. 73 - San Jose, Antique is composed of the following Municipalities",,,,,"SAN JOSE, ANTIQUE",BARANGAY 2 (BANTAYAN),T. FORNIER,PROVINCIAL ROAD,RR,Residential - Regular,850.0
raw,"RDO No. 73 - San Jose, Antique is composed of the following Municipalities",,,,,"SAN JOSE, ANTIQUE",BARANGAY 2 (BANTAYAN),T. FORNIER-ANS,FRONT,RR,Residential - Regular,2600.0
raw,"RDO No. 73 - San Jose, Antique is composed of the following Municipalities",,,,,"SAN JOSE, ANTIQUE",BARANGAY 2 (BANTAYAN),T. FORNIER-SALAZAR,CORNER,CR,Commercial - Regular,3000.0
raw,"RDO No. 73 - San Jose, Antique is composed of the following Municipalities",,,2ND,,"SAN JOSE, ANTIQUE",BARANGAY 2 (POB. BANTAYAN),ALL OTHER STREETS,INTERIOR,RR,Residential - Regular,715.0
raw,"RDO No. 73 - San Jose, Antique is composed of the following Municipalities",,,2ND,,"SAN JOSE, ANTIQUE",BARANGAY 2 (POB. BANTAYAN),ALL OTHER STREETS,INTERIOR,CR,Commercial - Regular,3500.0
raw,"RDO No. 73 - San Jose, Antique is composed of the following Municipalities",,,2ND,,"SAN JOSE, ANTIQUE",BARANGAY 2 (POB. BANTAYAN),ALL OTHER STREETS,INTERIOR,GP,General Purpose,255.0
raw,"RDO No. 73 - San Jose, Antique is composed of the following Municipalities",,,2ND,,"SAN JOSE, ANTIQUE",BARANGAY 2 (POB. BANTAYAN),CARRETAS-TOBIAS FORNIER,,CR,Commercial - Regular,4250.0
raw,"RDO No. 73 - San Jose, Antique is composed of the following Municipalities",,,2ND,,"SAN JOSE, ANTIQUE",BARANGAY 2 (POB. BANTAYAN),CEMETERY ROAD,,RR,Residential - Regular,835.0
raw,"RDO No. 73 - San Jose, Antique is composed of the following Municipalities",,,2ND,,"SAN JOSE, ANTIQUE",BARANGAY 2 (POB. BANTAYAN),CEMETERY ROAD,,CR,Commercial - Regular,3500.0
raw,"RDO No. 73 - San Jose, Antique is composed of the following Municipalities",,,2ND,,"SAN JOSE, ANTIQUE",BARANGAY 2 (POB. BANTAYAN),PEÑA,UP TO COKE WAREHOUSE,RR,Residential - Regular,1085.0
raw,"RDO No. 73 - San Jose, Antique is composed of the following Municipalities",,,2ND,,"SAN JOSE, ANTIQUE",BARANGAY 2 (POB. BANTAYAN),PEÑA,UP TO COKE WAREHOUSE,CR,Commercial - Regular,3500.0
raw,"RDO No. 73 - San Jose, Antique is composed of the following Municipalities",,,2ND,,"SAN JOSE, ANTIQUE",BARANGAY 2 (POB. BANTAYAN),PEÑA,UP TO COKE WAREHOUSE,GP,General Purpose,1060.0
raw,"RDO No. 73 - San Jose, Antique is composed of the following Municipalities",,,2ND,,"SAN JOSE, ANTIQUE",BARANGAY 2 (POB. BANTAYAN),PEÑA,COKE WAREHOUSE-BAE,CR,Commercial - Regular,3500.0
raw,"RDO No. 73 - San Jose, Antique is composed of the following Municipalities",,,2ND,,"SAN JOSE, ANTIQUE",BARANGAY 2 (POB. BANTAYAN),PEÑA,COKE WAREHOUSE-BAE,RR,Residential - Regular,1300.0
raw,"RDO No. 73 - San Jose, Antique is composed of the following Municipalities",,,2ND,,"SAN JOSE, ANTIQUE",BARANGAY 2 (POB. BANTAYAN),T.FORNIER,PROVINCIAL ROAD,RR,Residential - Regular,1450.0
raw,"RDO No. 73 - San Jose, Antique is composed of the following Municipalities",,,2ND,,"SAN JOSE, ANTIQUE",BARANGAY 2 (POB. BANTAYAN),T.FORNIER,PROVINCIAL ROAD,CR,Commercial - Regular,4250.0
raw,"RDO No. 73 - San Jose, Antique is composed of the following Municipalities",,,2ND,,"SAN JOSE, ANTIQUE",BARANGAY 2 (POB. BANTAYAN),T.FORNIER-ANS,FRONT,RR,Residential - Regular,3200.0
raw,"RDO No. 73 - San Jose, Antique is composed of the following Municipalities",,,2ND,,"SAN JOSE, ANTIQUE",BARANGAY 2 (POB. BANTAYAN),T.FORNIER-ANS,FRONT,CR,Commercial - Regular,5000.0
raw,"RDO No. 73 - San Jose, Antique is composed of the following Municipalities",,,2ND,,"SAN JOSE, ANTIQUE",BARANGAY 2 (POB. BANTAYAN),T.FORNIER-SALAZAR,FRONT,CR,Commercial - Regular,4250.0
raw,"RDO No. 73 - San Jose, Antique is composed of the following Municipalities",,,2ND,,"SAN JOSE, ANTIQUE",BARANGAY 2 (POB. BANTAYAN),T.FORNIER-SALAZAR,FRONT,RR,Residential - Regular,2000.0
raw,"RDO No. 73 - San Jose, Antique is composed of the following Municipalities",,,2ND,,"SAN JOSE, ANTIQUE",BARANGAY 2 (POB. BANTAYAN),T.FORNIER-SALAZAR,INTERIOR,RR,Residential - Regular,765.0
raw,"RDO No. 73 - San Jose, Antique is composed of the following Municipalities",,,,,"SAN JOSE, ANTIQUE",BARANGAY 3 (COMON),ALL OTHER STREETS,CORNER,RR,Residential - Regular,300.0
raw,"RDO No. 73 - San Jose, Antique is composed of the following Municipalities",,,,,"SAN JOSE, ANTIQUE",BARANGAY 3 (COMON),ALL OTHER STREETS,CORNER,CR,Commercial - Regular,500.0
raw,"RDO No. 73 - San Jose, Antique is composed of the following Municipalities",,,,,"SAN JOSE, ANTIQUE",BARANGAY 3 (COMON),ALL OTHER STREETS,CORNER,A4,Agricultural - A4,100.0
raw,"RDO No. 73 - San Jose, Antique is composed of the following Municipalities",,,,,"SAN JOSE, ANTIQUE",BARANGAY 3 (COMON),CAPADOCIA (ROMERO),CORNER,RR,Residential - Regular,425.0
raw,"RDO No. 73 - San Jose, Antique is composed of the following Municipalities",,,,,"SAN JOSE, ANTIQUE",BARANGAY 3 (COMON),CAPADOCIA-MOSCOSO,CORNER,RR,Residential - Regular,750.0
raw,"RDO No. 73 - San Jose, Antique is composed of the following Municipalities",,,,,"SAN JOSE, ANTIQUE",BARANGAY 3 (COMON),POBRES ST,CORNER,RR,Residential - Regular,400.0
raw,"RDO No. 73 - San Jose, Antique is composed of the following Municipalities",,,,,"SAN JOSE, ANTIQUE",BARANGAY 3 (COMON),RICARZE ST - SAN FERNANDO,CORNER,RR,Residential - Regular,400.0
raw,"RDO No. 73 - San Jose, Antique is composed of the following Municipalities",,,,,"SAN JOSE, ANTIQUE",BARANGAY 3 (COMON),SANTIAGO,CORNER,RR,Residential - Regular,350.0
raw,"RDO No. 73 - San Jose, Antique is composed of the following Municipalities",,,,,"SAN JOSE, ANTIQUE",BARANGAY 3 (COMON),TURKO,CORNER,RR,Residential - Regular,400.0
raw,"RDO No. 73 - San Jose, Antique is composed of the following Municipalities",,,2ND,,"SAN JOSE, ANTIQUE",BARANGAY 3 (POB. COMON),ALL OTHER STREETS,,RR,Residential - Regular,665.0
raw,"RDO No. 73 - San Jose, Antique is composed of the following Municipalities",,,2ND,,"SAN JOSE, ANTIQUE",BARANGAY 3 (POB. COMON),ALL OTHER STREETS,,CR,Commercial - Regular,970.0
raw,"RDO No. 73 - San Jose, Antique is composed of the following Municipalities",,,2ND,,"SAN JOSE, ANTIQUE",BARANGAY 3 (POB. COMON),ALL OTHER STREETS,,A4,Agricultural - A4,150.0
raw,"RDO No. 73 - San Jose, Antique is composed of the following Municipalities",,,2ND,,"SAN JOSE, ANTIQUE",BARANGAY 3 (POB. COMON),CAPADOCIA(ROMERO),,RR,Residential - Regular,885.0
raw,"RDO No. 73 - San Jose, Antique is composed of the following Municipalities",,,2ND,,"SAN JOSE, ANTIQUE",BARANGAY 3 (POB. COMON),CAPADOCIA(ROMERO),,CR,Commercial - Regular,3000.0
raw,"RDO No. 73 - San Jose, Antique is composed of the following Municipalities",,,2ND,,"SAN JOSE, ANTIQUE",BARANGAY 3 (POB. COMON),CAPADOCIA-MOSCOSO,,RR,Residential - Regular,1100.0
raw,"RDO No. 73 - San Jose, Antique is composed of the following Municipalities",,,2ND,,"SAN JOSE, ANTIQUE",BARANGAY 3 (POB. COMON),POBRES STREET,,RR,Residential - Regular,885.0
raw,"RDO No. 73 - San Jose, Antique is composed of the following Municipalities",,,2ND,,"SAN JOSE, ANTIQUE",BARANGAY 3 (POB. COMON),POBRES STREET,,CR,Commercial - Regular,2000.0
raw,"RDO No. 73 - San Jose, Antique is composed of the following Municipalities",,,2ND,,"SAN JOSE, ANTIQUE",BARANGAY 3 (POB. COMON),RICARZE ST. - SAN FERNANDO,,RR,Residential - Regular,835.0
raw,"RDO No. 73 - San Jose, Antique is composed of the following Municipalities",,,2ND,,"SAN JOSE, ANTIQUE",BARANGAY 3 (POB. COMON),RICARZE ST. - SAN FERNANDO,,CR,Commercial - Regular,2000.0
raw,"RDO No. 73 - San Jose, Antique is composed of the following Municipalities",,,2ND,,"SAN JOSE, ANTIQUE",BARANGAY 3 (POB. COMON),SANTIAGO,,RR,Residential - Regular,790.0
raw,"RDO No. 73 - San Jose, Antique is composed of the following Municipalities",,,2ND,,"SAN JOSE, ANTIQUE",BARANGAY 3 (POB. COMON),SANTIAGO,,CR,Commercial - Regular,2000.0
raw,"RDO No. 73 - San Jose, Antique is composed of the following Municipalities",,,2ND,,"SAN JOSE, ANTIQUE",BARANGAY 3 (POB. COMON),TURKO,,RR,Residential - Regular,835.0
raw,"RDO No. 73 - San Jose, Antique is composed of the following Municipalities",,,2ND,,"SAN JOSE, ANTIQUE",BARANGAY 3 (POB. COMON),TURKO,,CR,Commercial - Regular,2000.0
raw,"RDO No. 73 - San Jose, Antique is composed of the following Municipalities",,,,,"SAN JOSE, ANTIQUE",BARANGAY 4,ALL OTHER STREETS,PORTION,RR,Residential - Regular,300.0
raw,"RDO No. 73 - San Jose, Antique is composed of the following Municipalities",,,,,"SAN JOSE, ANTIQUE",BARANGAY 4,ALL OTHER STREETS,PORTION,CR,Commercial - Regular,3000.0
raw,"RDO No. 73 - San Jose, Antique is composed of the following Municipalities",,,,,"SAN JOSE, ANTIQUE",BARANGAY 4,ALL OTHER STREETS,PORTION,A4,Agricultural - A4,100.0
raw,"RDO No. 73 - San Jose, Antique is composed of the following Municipalities",,,,,"SAN JOSE, ANTIQUE",BARANGAY 4,GOVIERNO,,RR,Residential - Regular,500.0
raw,"RDO No. 73 - San Jose, Antique is composed of the following Municipalities",,,,,"SAN JOSE, ANTIQUE",BARANGAY 4,MARINA,,RR,Residential - Regular,350.0
raw,"RDO No. 73 - San Jose, Antique is composed of the following Municipalities",,,,,"SAN JOSE, ANTIQUE",BARANGAY 4,PRINCESA,,RR,Residential - Regular,350.0
raw,"RDO No. 73 - San Jose, Antique is composed of the following Municipalities",,,,,"SAN JOSE, ANTIQUE",BARANGAY 4,PROGRESO,,RR,Residential - Regular,400.0
raw,"RDO No. 73 - San Jose, Antique is composed of the following Municipalities",,,,,"SAN JOSE, ANTIQUE",BARANGAY 4,ROMANA,,RR,Residential - Regular,400.0
raw,"RDO No. 73 - San Jose, Antique is composed of the following Municipalities",,,,,"SAN JOSE, ANTIQUE",BARANGAY 4,ROMANA,RIGHT SIDE,X,Special / Other,400.0
raw,"RDO No. 73 - San Jose, Antique is composed of the following Municipalities",,,,,"SAN JOSE, ANTIQUE",BARANGAY 4,SAN FERNANDO-GOVIERNO,ALONG NEW CAPITOL,CR,Commercial - Regular,3000.0
raw,"RDO No. 73 - San Jose, Antique is composed of the following Municipalities",,,,,"SAN JOSE, ANTIQUE",BARANGAY 4,SANTIAGO ST,PORTION,RR,Residential - Regular,300.0
raw,"RDO No. 73 - San Jose, Antique is composed of the following Municipalities",,,2ND,,"SAN JOSE, ANTIQUE",BARANGAY 4 (POB.),ALL OTHER STREETS,PORTION,RR,Residential - Regular,665.0
raw,"RDO No. 73 - San Jose, Antique is composed of the following Municipalities",,,2ND,,"SAN JOSE, ANTIQUE",BARANGAY 4 (POB.),ALL OTHER STREETS,PORTION,CR,Commercial - Regular,3100.0
raw,"RDO No. 73 - San Jose, Antique is composed of the following Municipalities",,,2ND,,"SAN JOSE, ANTIQUE",BARANGAY 4 (POB.),ALL OTHER STREETS,PORTION,A4,Agricultural - A4,150.0
raw,"RDO No. 73 - San Jose, Antique is composed of the following Municipalities",,,2ND,,"SAN JOSE, ANTIQUE",BARANGAY 4 (POB.),GOVIERNO,,RR,Residential - Regular,935.0
raw,"RDO No. 73 - San Jose, Antique is composed of the following Municipalities",,,2ND,,"SAN JOSE, ANTIQUE",BARANGAY 4 (POB.),GOVIERNO,,CR,Commercial - Regular,3100.0
raw,"RDO No. 73 - San Jose, Antique is composed of the following Municipalities",,,2ND,,"SAN JOSE, ANTIQUE",BARANGAY 4 (POB.),MARINA,,RR,Residential - Regular,785.0
raw,"RDO No. 73 - San Jose, Antique is composed of the following Municipalities",,,2ND,,"SAN JOSE, ANTIQUE",BARANGAY 4 (POB.),MARINA,,CR,Commercial - Regular,3100.0
raw,"RDO No. 73 - San Jose, Antique is composed of the following Municipalities",,,2ND,,"SAN JOSE, ANTIQUE",BARANGAY 4 (POB.),PRINCESA,,RR,Residential - Regular,785.0
raw,"RDO No. 73 - San Jose, Antique is composed of the following Municipalities",,,2ND,,"SAN JOSE, ANTIQUE",BARANGAY 4 (POB.),PRINCESA,,CR,Commercial - Regular,3100.0
raw,"RDO No. 73 - San Jose, Antique is composed of the following Municipalities",,,2ND,,"SAN JOSE, ANTIQUE",BARANGAY 4 (POB.),PROGRESO,,RR,Residential - Regular,835.0
raw,"RDO No. 73 - San Jose, Antique is composed of the following Municipalities",,,2ND,,"SAN JOSE, ANTIQUE",BARANGAY 4 (POB.),PROGRESO,,CR,Commercial - Regular,3100.0
raw,"RDO No. 73 - San Jose, Antique is composed of the following Municipalities",,,2ND,,"SAN JOSE, ANTIQUE",BARANGAY 4 (POB.),ROMERO (ROMANO),,CR,Commercial - Regular,3100.0
raw,"RDO No. 73 - San Jose, Antique is composed of the following Municipalities",,,2ND,,"SAN JOSE, ANTIQUE",BARANGAY 4 (POB.),ROMERO (ROMANO),,RR,Residential - Regular,835.0
raw,"RDO No. 73 - San Jose, Antique is composed of the following Municipalities",,,2ND,,"SAN JOSE, ANTIQUE",BARANGAY 4 (POB.),ROMERO (ROMANO),RIGHT SIDE,X,Special / Other,1500.0
raw,"RDO No. 73 - San Jose, Antique is composed of the following Municipalities",,,2ND,,"SAN JOSE, ANTIQUE",BARANGAY 4 (POB.),ROMERO (ROMANO),INTERIOR,RR,Residential - Regular,600.0
raw,"RDO No. 73 - San Jose, Antique is composed of the following Municipalities",,,2ND,,"SAN JOSE, ANTIQUE",BARANGAY 4 (POB.),SAN FERNANDO-GOVIERNO,ALONG NEW CAPITOL,CR,Commercial - Regular,4250.0
raw,"RDO No. 73 - San Jose, Antique is composed of the following Municipalities",,,2ND,,"SAN JOSE, ANTIQUE",BARANGAY 4 (POB.),SAN FERNANDO-GOVIERNO,ALONG NEW CAPITOL,RR,Residential - Regular,1000.0
raw,"RDO No. 73 - San Jose, Antique is composed of the following Municipalities",,,2ND,,"SAN JOSE, ANTIQUE",BARANGAY 4 (POB.),SANTIAGO ST.,PORTION,RR,Residential - Regular,665.0
raw,"RDO No. 73 - San Jose, Antique is composed of the following Municipalities",,,2ND,,"SAN JOSE, ANTIQUE",BARANGAY 4 (POB.),SANTIAGO ST.,PORTION,CR,Commercial - Regular,2500.0
raw,"RDO No. 73 - San Jose, Antique is composed of the following Municipalities",,,,,"SAN JOSE, ANTIQUE",BARANGAY 5,ALL OTHER STREETS,CORNER,RR,Residential - Regular,350.0
raw,"RDO No. 73 - San Jose, Antique is composed of the following Municipalities",,,,,"SAN JOSE, ANTIQUE",BARANGAY 5,ALL OTHER STREETS,CORNER,CR,Commercial - Regular,2000.0
raw,"RDO No. 73 - San Jose, Antique is composed of the following Municipalities",,,,,"SAN JOSE, ANTIQUE",BARANGAY 5,BINIRAYAN COMPLEX,SOUTHERN PORTION,RR,Residential - Regular,350.0
raw,"RDO No. 73 - San Jose, Antique is composed of the following Municipalities",,,,,"SAN JOSE, ANTIQUE",BARANGAY 5,CERDENA,SOUTHERN PORTION,RR,Residential - Regular,1000.0
raw,"RDO No. 73 - San Jose, Antique is composed of the following Municipalities",,,,,"SAN JOSE, ANTIQUE",BARANGAY 5,CERDENA (ROSARIO),CORNER VILLAVERT,RR,Residential - Regular,750.0
raw,"RDO No. 73 - San Jose, Antique is composed of the following Municipalities",,,,,"SAN JOSE, ANTIQUE",BARANGAY 5,CERDENA-BINIRAYAN,ENTRANCE TO BINIRAYAN,CR,Commercial - Regular,3000.0
raw,"RDO No. 73 - San Jose, Antique is composed of the following Municipalities",,,,,"SAN JOSE, ANTIQUE",BARANGAY 5,CO ZALDIVAR-REP SALAZAR (SAN ISIDRO),CORNER VILLAVERT,CR,Commercial - Regular,3000.0
raw,"RDO No. 73 - San Jose, Antique is composed of the following Municipalities",,,,,"SAN JOSE, ANTIQUE",BARANGAY 5,JIMENEZ TO CERDENA,CORNER VILLAVERT,CR,Commercial - Regular,3000.0
raw,"RDO No. 73 - San Jose, Antique is composed of the following Municipalities",,,,,"SAN JOSE, ANTIQUE",BARANGAY 5,NIETES,CORNER VILLAVERT,CR,Commercial - Regular,2000.0
raw,"RDO No. 73 - San Jose, Antique is composed of the following Municipalities",,,,,"SAN JOSE, ANTIQUE",BARANGAY 5,REP. SALAZAR-PRINCIPE,CORNER,CR,Commercial - Regular,3000.0
raw,"RDO No. 73 - San Jose, Antique is composed of the following Municipalities",,,,,"SAN JOSE, ANTIQUE",BARANGAY 5,SALAZAR ST (PRECIADO),CORNER,RR,Residential - Regular,2000.0
raw,"RDO No. 73 - San Jose, Antique is composed of the following Municipalities",,,,,"SAN JOSE, ANTIQUE",BARANGAY 5,T. FORNIER-VILLAVERT,CORNER,CR,Commercial - Regular,3000.0
raw,"RDO No. 73 - San Jose, Antique is composed of the following Municipalities",,,2ND,,"SAN JOSE, ANTIQUE",BARANGAY 5 (POB.),ALL OTHER STREETS,INTERIOR,RR,Residential - Regular,785.0
raw,"RDO No. 73 - San Jose, Antique is composed of the following Municipalities",,,2ND,,"SAN JOSE, ANTIQUE",BARANGAY 5 (POB.),ALL OTHER STREETS,INTERIOR,CR,Commercial - Regular,3000.0
raw,"RDO No. 73 - San Jose, Antique is composed of the following Municipalities",,,2ND,,"SAN JOSE, ANTIQUE",BARANGAY 5 (POB.),BINIRAYAN COMPLEX,SOUTHERN PORTION,CR,Commercial - Regular,3000.0
raw,"RDO No. 73 - San Jose, Antique is composed of the following Municipalities",,,2ND,,"SAN JOSE, ANTIQUE",BARANGAY 5 (POB.),BINIRAYAN COMPLEX,SOUTHERN PORTION,RR,Residential - Regular,1000.0
raw,"RDO No. 73 - San Jose, Antique is composed of the following Municipalities",,,2ND,,"SAN JOSE, ANTIQUE",BARANGAY 5 (POB.),C.O. ZALDIVAR-REP SALAZAR(SAN ISIDRO),CORNER VILLAVERT,CR,Commercial - Regular,4250.0
raw,"RDO No. 73 - San Jose, Antique is composed of the following Municipalities",,,2ND,,"SAN JOSE, ANTIQUE",BARANGAY 5 (POB.),C.O. ZALDIVAR-REP SALAZAR(SAN ISIDRO),CORNER VILLAVERT,RR,Residential - Regular,1300.0
raw,"RDO No. 73 - San Jose, Antique is composed of the following Municipalities",,,2ND,,"SAN JOSE, ANTIQUE",BARANGAY 5 (POB.),CERDEÑA,SOUTHERN PORTION,CR,Commercial - Regular,3000.0
raw,"RDO No. 73 - San Jose, Antique is composed of the following Municipalities",,,2ND,,"SAN JOSE, ANTIQUE",BARANGAY 5 (POB.),CERDEÑA,SOUTHERN PORTION,RR,Residential - Regular,1600.0
raw,"RDO No. 73 - San Jose, Antique is composed of the following Municipalities",,,2ND,,"SAN JOSE, ANTIQUE",BARANGAY 5 (POB.),CERDEÑA,INTERIOR,CR,Commercial - Regular,1500.0
raw,"RDO No. 73 - San Jose, Antique is composed of the following Municipalities",,,2ND,,"SAN JOSE, ANTIQUE",BARANGAY 5 (POB.),CERDEÑA,INTERIOR,RR,Residential - Regular,1300.0
raw,"RDO No. 73 - San Jose, Antique is composed of the following Municipalities",,,2ND,,"SAN JOSE, ANTIQUE",BARANGAY 5 (POB.),CERDEÑA-(ROSARIO),CORNER VILLAVERT,CR,Commercial - Regular,3000.0
raw,"RDO No. 73 - San Jose, Antique is composed of the following Municipalities",,,2ND,,"SAN JOSE, ANTIQUE",BARANGAY 5 (POB.),CERDEÑA-(ROSARIO),CORNER VILLAVERT,RR,Residential - Regular,1350.0
raw,"RDO No. 73 - San Jose, Antique is composed of the following Municipalities",,,2ND,,"SAN JOSE, ANTIQUE",BARANGAY 5 (POB.),CERDEÑA-BINIRAYAN,ENTRANCE TO BINIRAYAN,CR,Commercial - Regular,4250.0
raw,"RDO No. 73 - San Jose, Antique is composed of the following Municipalities",,,2ND,,"SAN JOSE, ANTIQUE",BARANGAY 5 (POB.),CERDEÑA-BINIRAYAN,ENTRANCE TO BINIRAYAN,RR,Residential - Regular,1300.0
raw,"RDO No. 73 - San Jose, Antique is composed of the following Municipalities",,,2ND,,"SAN JOSE, ANTIQUE",BARANGAY 5 (POB.),JIMENEZ TO CERDEÑA,CORNER VILLAVERT,CR,Commercial - Regular,4250.0
raw,"RDO No. 73 - San Jose, Antique is composed of the following Municipalities",,,2ND,,"SAN JOSE, ANTIQUE",BARANGAY 5 (POB.),JIMENEZ TO CERDEÑA,CORNER VILLAVERT,RR,Residential - Regular,1300.0
raw,"RDO No. 73 - San Jose, Antique is composed of the following Municipalities",,,2ND,,"SAN JOSE, ANTIQUE",BARANGAY 5 (POB.),JIMENEZ TO CERDEÑA,INTERIOR,RR,Residential - Regular,1065.0
raw,"RDO No. 73 - San Jose, Antique is composed of the following Municipalities",,,2ND,,"SAN JOSE, ANTIQUE",BARANGAY 5 (POB.),NIETES,INTERIOR,CR,Commercial - Regular,3000.0
raw,"RDO No. 73 - San Jose, Antique is composed of the following Municipalities",,,2ND,,"SAN JOSE, ANTIQUE",BARANGAY 5 (POB.),NIETES,INTERIOR,RR,Residential - Regular,1300.0
raw,"RDO No. 73 - San Jose, Antique is composed of the following Municipalities",,,2ND,,"SAN JOSE, ANTIQUE",BARANGAY 5 (POB.),NIETES,INTERIOR,RR,Residential - Regular,1065.0
raw,"RDO No. 73 - San Jose, Antique is composed of the following Municipalities",,,2ND,,"SAN JOSE, ANTIQUE",BARANGAY 5 (POB.),REP. SALAZAR-PRINCIPE,INTERIOR,CR,Commercial - Regular,4250.0
raw,"RDO No. 73 - San Jose, Antique is composed of the following Municipalities",,,2ND,,"SAN JOSE, ANTIQUE",BARANGAY 5 (POB.),SALAZAR ST.(PRECIADO),INTERIOR,CR,Commercial - Regular,3000.0
raw,"RDO No. 73 - San Jose, Antique is composed of the following Municipalities",,,2ND,,"SAN JOSE, ANTIQUE",BARANGAY 5 (POB.),SALAZAR ST.(PRECIADO),INTERIOR,RR,Residential - Regular,2600.0
raw,"RDO No. 73 - San Jose, Antique is composed of the following Municipalities",,,2ND,,"SAN JOSE, ANTIQUE",BARANGAY 5 (POB.),T.FORNIER-VILLAVERT,INTERIOR,CR,Commercial - Regular,4250.0
raw,"RDO No. 73 - San Jose, Antique is composed of the following Municipalities",,,2ND,,"SAN JOSE, ANTIQUE",BARANGAY 5 (POB.),T.FORNIER-VILLAVERT,INTERIOR,RR,Residential - Regular,1350.0
raw,"RDO No. 73 - San Jose, Antique is composed of the following Municipalities",,,2ND,,"SAN JOSE, ANTIQUE",BARANGAY 5 (POB.),T.FORNIER-VILLAVERT,INTERIOR,RR,Residential - Regular,1065.0
raw,"RDO No. 73 - San Jose, Antique is composed of the following Municipalities",,,,,"SAN JOSE, ANTIQUE",BARANGAY 6,ALL OTHER STREETS,,RR,Residential - Regular,400.0
raw,"RDO No. 73 - San Jose, Antique is composed of the following Municipalities",,,,,"SAN JOSE, ANTIQUE",BARANGAY 6,ALL OTHER STREETS,,CR,Commercial - Regular,2250.0
raw,"RDO No. 73 - San Jose, Antique is composed of the following Municipalities",,,,,"SAN JOSE, ANTIQUE",BARANGAY 6,AZURIN,,CR,Commercial - Regular,2250.0
raw,"RDO No. 73 - San Jose, Antique is composed of the following Municipalities",,,,,"SAN JOSE, ANTIQUE",BARANGAY 6,ISABEL ST,,CR,Commercial - Regular,3000.0
raw,"RDO No. 73 - San Jose, Antique is composed of the following Municipalities",,,,,"SAN JOSE, ANTIQUE",BARANGAY 6,MOSCOSO,,CR,Commercial - Regular,2250.0
raw,"RDO No. 73 - San Jose, Antique is composed of the following Municipalities",,,,,"SAN JOSE, ANTIQUE",BARANGAY 6,POBRES ST,,RR,Residential - Regular,400.0
raw,"RDO No. 73 - San Jose, Antique is composed of the following Municipalities",,,,,"SAN JOSE, ANTIQUE",BARANGAY 6,REP SALAZAR-T. FORNIER,,CR,Commercial - Regular,3000.0
raw,"RDO No. 73 - San Jose, Antique is composed of the following Municipalities",,,,,"SAN JOSE, ANTIQUE",BARANGAY 6,SAN FERNANDO,,CR,Commercial - Regular,2250.0
raw,"RDO No. 73 - San Jose, Antique is composed of the following Municipalities",,,,,"SAN JOSE, ANTIQUE",BARANGAY 6,T. FORNIER-VILLAVERT,,CR,Commercial - Regular,3000.0
raw,"RDO No. 73 - San Jose, Antique is composed of the following Municipalities",,,,,"SAN JOSE, ANTIQUE",BARANGAY 6,TURKO ST,,RR,Residential - Regular,400.0
raw,"RDO No. 73 - San Jose, Antique is composed of the following Municipalities",,,2ND,,"SAN JOSE, ANTIQUE",BARANGAY 6 (POB.),ALL OTHER STREETS,INTERIOR,RR,Residential - Regular,765.0
raw,"RDO No. 73 - San Jose, Antique is composed of the following Municipalities",,,2ND,,"SAN JOSE, ANTIQUE",BARANGAY 6 (POB.),ALL OTHER STREETS,INTERIOR,CR,Commercial - Regular,3250.0
raw,"RDO No. 73 - San Jose, Antique is composed of the following Municipalities",,,2ND,,"SAN JOSE, ANTIQUE",BARANGAY 6 (POB.),AZURIN,,CR,Commercial - Regular,3500.0
raw,"RDO No. 73 - San Jose, Antique is composed of the following Municipalities",,,2ND,,"SAN JOSE, ANTIQUE",BARANGAY 6 (POB.),AZURIN,,RR,Residential - Regular,1400.0
raw,"RDO No. 73 - San Jose, Antique is composed of the following Municipalities",,,2ND,,"SAN JOSE, ANTIQUE",BARANGAY 6 (POB.),ISABEL ST,,CR,Commercial - Regular,4250.0
raw,"RDO No. 73 - San Jose, Antique is composed of the following Municipalities",,,2ND,,"SAN JOSE, ANTIQUE",BARANGAY 6 (POB.),ISABEL ST,,RR,Residential - Regular,1400.0
raw,"RDO No. 73 - San Jose, Antique is composed of the following Municipalities",,,2ND,,"SAN JOSE, ANTIQUE",BARANGAY 6 (POB.),MOSCOSO,,CR,Commercial - Regular,3500.0
raw,"RDO No. 73 - San Jose, Antique is composed of the following Municipalities",,,2ND,,"SAN JOSE, ANTIQUE",BARANGAY 6 (POB.),MOSCOSO,,RR,Residential - Regular,1400.0
raw,"RDO No. 73 - San Jose, Antique is composed of the following Municipalities",,,2ND,,"SAN JOSE, ANTIQUE",BARANGAY 6 (POB.),POBRES ST,,CR,Commercial - Regular,3500.0
raw,"RDO No. 73 - San Jose, Antique is composed of the following Municipalities",,,2ND,,"SAN JOSE, ANTIQUE",BARANGAY 6 (POB.),POBRES ST,,RR,Residential - Regular,1100.0
raw,"RDO No. 73 - San Jose, Antique is composed of the following Municipalities",,,2ND,,"SAN JOSE, ANTIQUE",BARANGAY 6 (POB.),POBRES ST,INTERIOR,RR,Residential - Regular,865.0
raw,"RDO No. 73 - San Jose, Antique is composed of the following Municipalities",,,2ND,,"SAN JOSE, ANTIQUE",BARANGAY 6 (POB.),REP SALAZAR T. FORNIER,INTERIOR,CR,Commercial - Regular,4250.0
raw,"RDO No. 73 - San Jose, Antique is composed of the following Municipalities",,,2ND,,"SAN JOSE, ANTIQUE",BARANGAY 6 (POB.),REP SALAZAR T. FORNIER,INTERIOR,RR,Residential - Regular,1400.0
raw,"RDO No. 73 - San Jose, Antique is composed of the following Municipalities",,,2ND,,"SAN JOSE, ANTIQUE",BARANGAY 6 (POB.),SAN FERNANDO,INTERIOR,CR,Commercial - Regular,3500.0
raw,"RDO No. 73 - San Jose, Antique is composed of the following Municipalities",,,2ND,,"SAN JOSE, ANTIQUE",BARANGAY 6 (POB.),SAN FERNANDO,INTERIOR,RR,Residential - Regular,1400.0
raw,"RDO No. 73 - San Jose, Antique is composed of the following Municipalities",,,2ND,,"SAN JOSE, ANTIQUE",BARANGAY 6 (POB.),SAN FERNANDO,INTERIOR,RR,Residential - Regular,865.0
raw,"RDO No. 73 - San Jose, Antique is composed of the following Municipalities",,,2ND,,"SAN JOSE, ANTIQUE",BARANGAY 6 (POB.),T.FORNIER VILLAVERT,INTERIOR,CR,Commercial - Regular,4250.0
raw,"RDO No. 73 - San Jose, Antique is composed of the following Municipalities",,,2ND,,"SAN JOSE, ANTIQUE",BARANGAY 6 (POB.),T.FORNIER VILLAVERT,INTERIOR,RR,Residential - Regular,1400.0
raw,"RDO No. 73 - San Jose, Antique is composed of the following Municipalities",,,2ND,,"SAN JOSE, ANTIQUE",BARANGAY 6 (POB.),T.FORNIER VILLAVERT,INTERIOR,RR,Residential - Regular,865.0
raw,"RDO No. 73 - San Jose, Antique is composed of the following Municipalities",,,2ND,,"SAN JOSE, ANTIQUE",BARANGAY 6 (POB.),TURKO ST.,INTERIOR,CR,Commercial - Regular,3500.0
raw,"RDO No. 73 - San Jose, Antique is composed of the following Municipalities",,,2ND,,"SAN JOSE, ANTIQUE",BARANGAY 6 (POB.),TURKO ST.,INTERIOR,RR,Residential - Regular,1200.0
raw,"RDO No. 73 - San Jose, Antique is composed of the following Municipalities",,,2ND,,"SAN JOSE, ANTIQUE",BARANGAY 6 (POB.),TURKO ST.,INTERIOR,RR,Residential - Regular,1100.0
raw,"RDO No. 73 - San Jose, Antique is composed of the following Municipalities",,,2ND,,"SAN JOSE, ANTIQUE",BARANGAY 7,ALL OTHER STREETS,INTERIOR,RR,Residential - Regular,935.0
raw,"RDO No. 73 - San Jose, Antique is composed of the following Municipalities",,,2ND,,"SAN JOSE, ANTIQUE",BARANGAY 7,ALL OTHER STREETS,INTERIOR,CR,Commercial - Regular,3500.0
raw,"RDO No. 73 - San Jose, Antique is composed of the following Municipalities",,,2ND,,"SAN JOSE, ANTIQUE",BARANGAY 7,ALL OTHER STREETS,INTERIOR,X,Special / Other,2450.0
raw,"RDO No. 73 - San Jose, Antique is composed of the following Municipalities",,,,,"SAN JOSE, ANTIQUE",BARANGAY 7,ALL OTHER STREETS,NORTHERN PORTION,RR,Residential - Regular,400.0
raw,"RDO No. 73 - San Jose, Antique is composed of the following Municipalities",,,,,"SAN JOSE, ANTIQUE",BARANGAY 7,ALL OTHER STREETS,NORTHERN PORTION,CR,Commercial - Regular,2250.0
raw,"RDO No. 73 - San Jose, Antique is composed of the following Municipalities",,,,,"SAN JOSE, ANTIQUE",BARANGAY 7,ALL OTHER STREETS,NORTHERN PORTION,X,Special / Other,1200.0
raw,"RDO No. 73 - San Jose, Antique is composed of the following Municipalities",,,2ND,,"SAN JOSE, ANTIQUE",BARANGAY 7,CAPADOCIA,,CR,Commercial - Regular,4250.0
raw,"RDO No. 73 - San Jose, Antique is composed of the following Municipalities",,,2ND,,"SAN JOSE, ANTIQUE",BARANGAY 7,CAPADOCIA,INTERIOR,RR,Residential - Regular,1035.0
raw,"RDO No. 73 - San Jose, Antique is composed of the following Municipalities",,,,,"SAN JOSE, ANTIQUE",BARANGAY 7,CAPADOCIA,,RR,Residential - Regular,750.0
raw,"RDO No. 73 - San Jose, Antique is composed of the following Municipalities",,,2ND,,"SAN JOSE, ANTIQUE",BARANGAY 7,CO ZALDIVAR-SOLANA,INTERIOR,CR,Commercial - Regular,4250.0
raw,"RDO No. 73 - San Jose, Antique is composed of the following Municipalities",,,,,"SAN JOSE, ANTIQUE",BARANGAY 7,CO ZALDIVAR-SOLANA,,CR,Commercial - Regular,3000.0
raw,"RDO No. 73 - San Jose, Antique is composed of the following Municipalities",,,2ND,,"SAN JOSE, ANTIQUE",BARANGAY 7,GOV. VILLAVERT-SOLANA,INTERIOR,CR,Commercial - Regular,4250.0
raw,"RDO No. 73 - San Jose, Antique is composed of the following Municipalities",,,2ND,,"SAN JOSE, ANTIQUE",BARANGAY 7,GOV. VILLAVERT-SOLANA,INTERIOR,X,Special / Other,4250.0
raw,"RDO No. 73 - San Jose, Antique is composed of the following Municipalities",,,2ND,,"SAN JOSE, ANTIQUE",BARANGAY 7,GOV. VILLAVERT-SOLANA,INTERIOR,RR,Residential - Regular,1035.0
raw,"RDO No. 73 - San Jose, Antique is composed of the following Municipalities",,,,,"SAN JOSE, ANTIQUE",BARANGAY 7,GOV. VILLAVERT-SOLANA,,X,Special / Other,3000.0
raw,"RDO No. 73 - San Jose, Antique is composed of the following Municipalities",,,2ND,,"SAN JOSE, ANTIQUE",BARANGAY 7,MOSCOSO-SOLANA,INTERIOR,CR,Commercial - Regular,4250.0
raw,"RDO No. 73 - San Jose, Antique is composed of the following Municipalities",,,2ND,,"SAN JOSE, ANTIQUE",BARANGAY 7,MOSCOSO-SOLANA,INTERIOR,RR,Residential - Regular,1350.0
raw,"RDO No. 73 - San Jose, Antique is composed of the following Municipalities",,,,,"SAN JOSE, ANTIQUE",BARANGAY 7,MOSCOSO-SOLANA,,CR,Commercial - Regular,2250.0
raw,"RDO No. 73 - San Jose, Antique is composed of the following Municipalities",,,,,"SAN JOSE, ANTIQUE",BARANGAY 7,POBRES ST,,RR,Residential - Regular,400.0
raw,"RDO No. 73 - San Jose, Antique is composed of the following Municipalities",,,2ND,,"SAN JOSE, ANTIQUE",BARANGAY 7,POBRES ST.,INTERIOR,RR,Residential - Regular,1100.0
raw,"RDO No. 73 - San Jose, Antique is composed of the following Municipalities",,,2ND,,"SAN JOSE, ANTIQUE",BARANGAY 7,SAN JOSE,CORNER,X,Special / Other,2450.0
raw,"RDO No. 73 - San Jose, Antique is composed of the following Municipalities",,,2ND,,"SAN JOSE, ANTIQUE",BARANGAY 7,SAN JOSE,NORTHERN PORTION,X,Special / Other,2450.0
raw,"RDO No. 73 - San Jose, Antique is composed of the following Municipalities",,,,,"SAN JOSE, ANTIQUE",BARANGAY 7,SAN JOSE,CORNER,X,Special / Other,1200.0
raw,"RDO No. 73 - San Jose, Antique is composed of the following Municipalities",,,,,"SAN JOSE, ANTIQUE",BARANGAY 7,SAN JOSE,NORTHERN PORTION,X,Special / Other,1200.0
raw,"RDO No. 73 - San Jose, Antique is composed of the following Municipalities",,,2ND,,"SAN JOSE, ANTIQUE",BARANGAY 7,SOLANA-SAN FERNANDO,NORTHERN PORTION,CR,Commercial - Regular,5250.0
raw,"RDO No. 73 - San Jose, Antique is composed of the following Municipalities",,,2ND,,"SAN JOSE, ANTIQUE",BARANGAY 7,SOLANA-SAN FERNANDO,NORTHERN PORTION,RR,Residential - Regular,1350.0
raw,"RDO No. 73 - San Jose, Antique is composed of the following Municipalities",,,,,"SAN JOSE, ANTIQUE",BARANGAY 7,SOLANA-SAN FERNANDO,NORTHERN PORTION,CR,Commercial - Regular,4000.0
raw,"RDO No. 73 - San Jose, Antique is composed of the following Municipalities",,,,,"SAN JOSE, ANTIQUE",BARANGAY 7,T. FORNIER,NORTHERN PORTION,CR,Commercial - Regular,4000.0
raw,"RDO No. 73 - San Jose, Antique is composed of the following Municipalities",,,2ND,,"SAN JOSE, ANTIQUE",BARANGAY 7,T.FORNIER,NORTHERN PORTION,CR,Commercial - Regular,5250.0
raw,"RDO No. 73 - San Jose, Antique is composed of the following Municipalities",,,2ND,,"SAN JOSE, ANTIQUE",BARANGAY 7,T.FORNIER,NORTHERN PORTION,RR,Residential - Regular,1350.0
raw,"RDO No. 73 - San Jose, Antique is composed of the following Municipalities",,,2ND,,"SAN JOSE, ANTIQUE",BARANGAY 7,T.FORNIER,INTERIOR,RR,Residential - Regular,1035.0
raw,"RDO No. 73 - San Jose, Antique is composed of the following Municipalities",,,,,"SAN JOSE, ANTIQUE",BARANGAY 8,BAGUMBAYAN (GEN. FULLON),,RR,Residential - Regular,1100.0
raw,"RDO No. 73 - San Jose, Antique is composed of the following Municipalities",,,,,"SAN JOSE, ANTIQUE",BARANGAY 8,C O ZALDIVAR-VILLAVERT-JIMENEZ,,CR,Commercial - Regular,3000.0
raw,"RDO No. 73 - San Jose, Antique is composed of the following Municipalities",,,,,"SAN JOSE, ANTIQUE",BARANGAY 8,DEL PILAR,,RR,Residential - Regular,600.0
raw,"RDO No. 73 - San Jose, Antique is composed of the following Municipalities",,,,,"SAN JOSE, ANTIQUE",BARANGAY 8,GEN. FULLON,BEFORE ST. ANTHONY'S COLL,RR,Residential - Regular,1000.0
raw,"RDO No. 73 - San Jose, Antique is composed of the following Municipalities",,,,,"SAN JOSE, ANTIQUE",BARANGAY 8,GEN. FULLON-C O ZALDIVAR,CORNER,CR,Commercial - Regular,3000.0
raw,"RDO No. 73 - San Jose, Antique is composed of the following Municipalities",,,,,"SAN JOSE, ANTIQUE",BARANGAY 8,GEN. FULLON-CERDENA,CORNER,RR,Residential - Regular,2250.0
raw,"RDO No. 73 - San Jose, Antique is composed of the following Municipalities",,,2ND,,"SAN JOSE, ANTIQUE",BARANGAY 8 (POB),ALL OTHER STREETS,INTERIOR,RR,Residential - Regular,1035.0
raw,"RDO No. 73 - San Jose, Antique is composed of the following Municipalities",,,2ND,,"SAN JOSE, ANTIQUE",BARANGAY 8 (POB),ALL OTHER STREETS,INTERIOR,CR,Commercial - Regular,4000.0
raw,"RDO No. 73 - San Jose, Antique is composed of the following Municipalities",,,2ND,,"SAN JOSE, ANTIQUE",BARANGAY 8 (POB),ALL OTHER STREETS,INTERIOR,A1,Agricultural - A1,36.5
raw,"RDO No. 73 - San Jose, Antique is composed of the following Municipalities",,,2ND,,"SAN JOSE, ANTIQUE",BARANGAY 8 (POB),ALL OTHER STREETS,INTERIOR,A2,Agricultural - A2,27.6
raw,"RDO No. 73 - San Jose, Antique is composed of the following Municipalities",,,2ND,,"SAN JOSE, ANTIQUE",BARANGAY 8 (POB),BAGUMBAYAN (GEN. FULLON),,CR,Commercial - Regular,4250.0
raw,"RDO No. 73 - San Jose, Antique is composed of the following Municipalities",,,2ND,,"SAN JOSE, ANTIQUE",BARANGAY 8 (POB),BAGUMBAYAN (GEN. FULLON),,RR,Residential - Regular,1700.0
raw,"RDO No. 73 - San Jose, Antique is composed of the following Municipalities",,,2ND,,"SAN JOSE, ANTIQUE",BARANGAY 8 (POB),C.O. ZALDIVAR-VILLAVERT-JIMENEZ,,CR,Commercial - Regular,4250.0
raw,"RDO No. 73 - San Jose, Antique is composed of the following Municipalities",,,2ND,,"SAN JOSE, ANTIQUE",BARANGAY 8 (POB),C.O. ZALDIVAR-VILLAVERT-JIMENEZ,,RR,Residential - Regular,1600.0
raw,"RDO No. 73 - San Jose, Antique is composed of the following Municipalities",,,2ND,,"SAN JOSE, ANTIQUE",BARANGAY 8 (POB),C.O. ZALDIVAR-VILLAVERT-JIMENEZ,INTERIOR,RR,Residential - Regular,1435.0
raw,"RDO No. 73 - San Jose, Antique is composed of the following Municipalities",,,2ND,,"SAN JOSE, ANTIQUE",BARANGAY 8 (POB),DEL PILAR,INTERIOR,CR,Commercial - Regular,4000.0
raw,"RDO No. 73 - San Jose, Antique is composed of the following Municipalities",,,2ND,,"SAN JOSE, ANTIQUE",BARANGAY 8 (POB),DEL PILAR,INTERIOR,RR,Residential - Regular,1035.0
raw,"RDO No. 73 - San Jose, Antique is composed of the following Municipalities",,,2ND,,"SAN JOSE, ANTIQUE",BARANGAY 8 (POB),GEN FULLON,BEFORE ST. ANTHONY'S COLLEGE,CR,Commercial - Regular,4250.0
raw,"RDO No. 73 - San Jose, Antique is composed of the following Municipalities",,,2ND,,"SAN JOSE, ANTIQUE",BARANGAY 8 (POB),GEN FULLON,BEFORE ST. ANTHONY'S COLLEGE,RR,Residential - Regular,1600.0
raw,"RDO No. 73 - San Jose, Antique is composed of the following Municipalities",,,2ND,,"SAN JOSE, ANTIQUE",BARANGAY 8 (POB),GEN FULLON-C.O.ZALDIVAR,BEFORE ST. ANTHONY'S COLLEGE,CR,Commercial - Regular,4250.0
raw,"RDO No. 73 - San Jose, Antique is composed of the following Municipalities",,,2ND,,"SAN JOSE, ANTIQUE",BARANGAY 8 (POB),GEN FULLON-CERDEÑA,BEFORE ST. ANTHONY'S COLLEGE,CR,Commercial - Regular,4250.0
raw,"RDO No. 73 - San Jose, Antique is composed of the following Municipalities",,,2ND,,"SAN JOSE, ANTIQUE",BARANGAY 8 (POB),GEN FULLON-CERDEÑA,BEFORE ST. ANTHONY'S COLLEGE,RR,Residential - Regular,3000.0
raw,"RDO No. 73 - San Jose, Antique is composed of the following Municipalities",,,2ND,,"SAN JOSE, ANTIQUE",BARANGAY 8 (POB),GEN FULLON-CERDEÑA,INTERIOR,RR,Residential - Regular,1435.0
raw,"RDO No. 73 - San Jose, Antique is composed of the following Municipalities",,,2ND,,"SAN JOSE, ANTIQUE",BARANGAY 8 (POB),RODRIGUEZ SUBD.,INTERIOR,RR,Residential - Regular,1035.0
raw,"RDO No. 73 - San Jose, Antique is composed of the following Municipalities",,,2ND,,"SAN JOSE, ANTIQUE",BARANGAY 8 (POB),SALAZAR,CORNER T. FORNIER,CR,Commercial - Regular,4250.0
raw,"RDO No. 73 - San Jose, Antique is composed of the following Municipalities",,,2ND,,"SAN JOSE, ANTIQUE",BARANGAY 8 (POB),SALAZAR,CORNER T. FORNIER,RR,Residential - Regular,1600.0
raw,"RDO No. 73 - San Jose, Antique is composed of the following Municipalities",,,2ND,,"SAN JOSE, ANTIQUE",BARANGAY 8 (POB),SALAZAR,INTERIOR,RR,Residential - Regular,1435.0
raw,"RDO No. 73 - San Jose, Antique is composed of the following Municipalities",,,2ND,,"SAN JOSE, ANTIQUE",BARANGAY 8 (POB),SAN JOSE,BACK TO CAPITOL-CERDEÑA,RR,Residential - Regular,1600.0
raw,"RDO No. 73 - San Jose, Antique is composed of the following Municipalities",,,2ND,,"SAN JOSE, ANTIQUE",BARANGAY 8 (POB),SOLANA-C.O. ZALDIVAR,CORNER,CR,Commercial - Regular,4250.0
raw,"RDO No. 73 - San Jose, Antique is composed of the following Municipalities",,,2ND,,"SAN JOSE, ANTIQUE",BARANGAY 8 (POB),SOLANA-NIETES,CORNER,CR,Commercial - Regular,4250.0
raw,"RDO No. 73 - San Jose, Antique is composed of the following Municipalities",,,2ND,,"SAN JOSE, ANTIQUE",BARANGAY 8 (POB),SOLANA-NIETES,CORNER,RR,Residential - Regular,1435.0
raw,"RDO No. 73 - San Jose, Antique is composed of the following Municipalities",,,2ND,,"SAN JOSE, ANTIQUE",BARANGAY 8 (POB),SOLANA-NIETES,INTERIOR,RR,Residential - Regular,1000.0
raw,"RDO No. 73 - San Jose, Antique is composed of the following Municipalities",,,2ND,,"SAN JOSE, ANTIQUE",BARANGAY 8 (POB),VILLAVERT-JIMENEZ,INTERIOR,CR,Commercial - Regular,4250.0
raw,"RDO No. 73 - San Jose, Antique is composed of the following Municipalities",,,2ND,,"SAN JOSE, ANTIQUE",BARANGAY 8 (POB),VILLAVERT-JIMENEZ,INTERIOR,RR,Residential - Regular,1435.0
raw,"RDO No. 73 - San Jose, Antique is composed of the following Municipalities",,,2ND,,"SAN JOSE, ANTIQUE",BARANGAY 8 (POB),VILLAVERT-JIMENEZ,INTERIOR,CR,Commercial - Regular,2500.0
raw,"RDO No. 73 - San Jose, Antique is composed of the following Municipalities",,,2ND,,"SAN JOSE, ANTIQUE",BARIRI,ALL LOTS,ALONG THE ROAD,CR,Commercial - Regular,900.0
raw,"RDO No. 73 - San Jose, Antique is composed of the following Municipalities",,,2ND,,"SAN JOSE, ANTIQUE",BARIRI,ALL LOTS,ALONG THE ROAD,RR,Residential - Regular,386.0
raw,"RDO No. 73 - San Jose, Antique is composed of the following Municipalities",,,2ND,,"SAN JOSE, ANTIQUE",BARIRI,ALL LOTS,INTERIOR,RR,Residential - Regular,292.5
raw,"RDO No. 73 - San Jose, Antique is composed of the following Municipalities",,,2ND,,"SAN JOSE, ANTIQUE",BARIRI,ALL LOTS,INTERIOR,A1,Agricultural - A1,41.5
raw,"RDO No. 73 - San Jose, Antique is composed of the following Municipalities",,,2ND,,"SAN JOSE, ANTIQUE",BARIRI,ALL LOTS,INTERIOR,A4,Agricultural - A4,70.0
raw,"RDO No. 73 - San Jose, Antique is composed of the following Municipalities",,,,,"SAN JOSE, ANTIQUE",BARIRI,ALL STREETS,ALONG THE ROAD,RR,Residential - Regular,125.0
raw,"RDO No. 73 - San Jose, Antique is composed of the following Municipalities",,,,,"SAN JOSE, ANTIQUE",BARIRI,ALL STREETS,INTERIOR,RR,Residential - Regular,100.0
raw,"RDO No. 73 - San Jose, Antique is composed of the following Municipalities",,,,,"SAN JOSE, ANTIQUE",BARIRI,ALL STREETS,INTERIOR,A1,Agricultural - A1,25.0
raw,"RDO No. 73 - San Jose, Antique is composed of the following Municipalities",,,,,"SAN JOSE, ANTIQUE",BARIRI,ALL STREETS,INTERIOR,A4,Agricultural - A4,65.0
raw,"RDO No. 73 - San Jose, Antique is composed of the following Municipalities",,,2ND,,"SAN JOSE, ANTIQUE",BUGAROT (CATUNGAN),ALL LOTS,ALONG BARANGAY ROAD,CR,Commercial - Regular,830.0
raw,"RDO No. 73 - San Jose, Antique is composed of the following Municipalities",,,2ND,,"SAN JOSE, ANTIQUE",BUGAROT (CATUNGAN),ALL LOTS,ALONG BARANGAY ROAD,RR,Residential - Regular,380.0
raw,"RDO No. 73 - San Jose, Antique is composed of the following Municipalities",,,2ND,,"SAN JOSE, ANTIQUE",BUGAROT (CATUNGAN),ALL LOTS,INTERIOR,RR,Residential - Regular,280.0
raw,"RDO No. 73 - San Jose, Antique is composed of the following Municipalities",,,2ND,,"SAN JOSE, ANTIQUE",BUGAROT (CATUNGAN),ALL LOTS,INTERIOR,A1,Agricultural - A1,41.5
raw,"RDO No. 73 - San Jose, Antique is composed of the following Municipalities",,,2ND,,"SAN JOSE, ANTIQUE",BUGAROT (CATUNGAN),ALL LOTS,INTERIOR,A4,Agricultural - A4,70.0
raw,"RDO No. 73 - San Jose, Antique is composed of the following Municipalities",,,2ND,,"SAN JOSE, ANTIQUE",CANSADAN-TUBUDAN,ALL LOTS,ALONG BARANGAY ROAD,CR,Commercial - Regular,1100.0
raw,"RDO No. 73 - San Jose, Antique is composed of the following Municipalities",,,2ND,,"SAN JOSE, ANTIQUE",CANSADAN-TUBUDAN,ALL LOTS,ALONG BARANGAY ROAD,RR,Residential - Regular,665.0
raw,"RDO No. 73 - San Jose, Antique is composed of the following Municipalities",,,2ND,,"SAN JOSE, ANTIQUE",CANSADAN-TUBUDAN,ALL LOTS,INTERIOR,RR,Residential - Regular,340.0
raw,"RDO No. 73 - San Jose, Antique is composed of the following Municipalities",,,2ND,,"SAN JOSE, ANTIQUE",CANSADAN-TUBUDAN,ALL LOTS,INTERIOR,A1,Agricultural - A1,31.5
raw,"RDO No. 73 - San Jose, Antique is composed of the following Municipalities",,,2ND,,"SAN JOSE, ANTIQUE",CANSADAN-TUBUDAN,ALL LOTS,INTERIOR,A4,Agricultural - A4,80.0
raw,"RDO No. 73 - San Jose, Antique is composed of the following Municipalities",,,,,"SAN JOSE, ANTIQUE",CANSADAN-TUBUDAN,ALL STREETS,ALONG THE ROAD,RR,Residential - Regular,150.0
raw,"RDO No. 73 - San Jose, Antique is composed of the following Municipalities",,,,,"SAN JOSE, ANTIQUE",CANSADAN-TUBUDAN,ALL STREETS,INTERIOR,RR,Residential - Regular,120.0
raw,"RDO No. 73 - San Jose, Antique is composed of the following Municipalities",,,,,"SAN JOSE, ANTIQUE",CANSADAN-TUBUDAN,ALL STREETS,INTERIOR,A1,Agricultural - A1,20.0
raw,"RDO No. 73 - San Jose, Antique is composed of the following Municipalities",,,,,"SAN JOSE, ANTIQUE",CANSADAN-TUBUDAN,ALL STREETS,INTERIOR,A4,Agricultural - A4,70.0
raw,"RDO No. 73 - San Jose, Antique is composed of the following Municipalities",,,2ND,,"SAN JOSE, ANTIQUE",DUROG,ALL LOTS,ALONG THE ROAD,CR,Commercial - Regular,765.0
raw,"RDO No. 73 - San Jose, Antique is composed of the following Municipalities",,,2ND,,"SAN JOSE, ANTIQUE",DUROG,ALL LOTS,ALONG THE ROAD,RR,Residential - Regular,390.0
raw,"RDO No. 73 - San Jose, Antique is composed of the following Municipalities",,,2ND,,"SAN JOSE, ANTIQUE",DUROG,ALL LOTS,INTERIOR,RR,Residential - Regular,265.0
raw,"RDO No. 73 - San Jose, Antique is composed of the following Municipalities",,,2ND,,"SAN JOSE, ANTIQUE",DUROG,ALL LOTS,INTERIOR,A2,Agricultural - A2,26.0
raw,"RDO No. 73 - San Jose, Antique is composed of the following Municipalities",,,2ND,,"SAN JOSE, ANTIQUE",DUROG,ALL LOTS,INTERIOR,A4,Agricultural - A4,70.0
raw,"RDO No. 73 - San Jose, Antique is composed of the following Municipalities",,,,,"SAN JOSE, ANTIQUE",DUROG,ALL STREETS,ALONG THE ROAD,RR,Residential - Regular,150.0
raw,"RDO No. 73 - San Jose, Antique is composed of the following Municipalities",,,,,"SAN JOSE, ANTIQUE",DUROG,ALL STREETS,INTERIOR,RR,Residential - Regular,120.0
raw,"RDO No. 73 - San Jose, Antique is composed of the following Municipalities",,,,,"SAN JOSE, ANTIQUE",DUROG,ALL STREETS,INTERIOR,A2,Agricultural - A2,18.5
raw,"RDO No. 73 - San Jose, Antique is composed of the following Municipalities",,,,,"SAN JOSE, ANTIQUE",DUROG,ALL STREETS,INTERIOR,A4,Agricultural - A4,60.0
raw,"RDO No. 73 - San Jose, Antique is composed of the following Municipalities",,,2ND,,"SAN JOSE, ANTIQUE",FUNDA-DALIPE,AIRPORT ROAD,,CR,Commercial - Regular,2000.0
raw,"RDO No. 73 - San Jose, Antique is composed of the following Municipalities",,,2ND,,"SAN JOSE, ANTIQUE",FUNDA-DALIPE,AIRPORT ROAD,,RR,Residential - Regular,715.0
raw,"RDO No. 73 - San Jose, Antique is composed of the following Municipalities",,,,,"SAN JOSE, ANTIQUE",FUNDA-DALIPE,AIRPORT ROAD,,RR,Residential - Regular,325.0
raw,"RDO No. 73 - San Jose, Antique is composed of the following Municipalities",,,2ND,,"SAN JOSE, ANTIQUE",FUNDA-DALIPE,ALL OTHER STREETS,ALONG THE ROAD,RR,Residential - Regular,250.0
raw,"RDO No. 73 - San Jose, Antique is composed of the following Municipalities",,,2ND,,"SAN JOSE, ANTIQUE",FUNDA-DALIPE,ALL OTHER STREETS,INTERIOR,RR,Residential - Regular,205.0
raw,"RDO No. 73 - San Jose, Antique is composed of the following Municipalities",,,2ND,,"SAN JOSE, ANTIQUE",FUNDA-DALIPE,ALL OTHER STREETS,INTERIOR,A1,Agricultural - A1,31.5
raw,"RDO No. 73 - San Jose, Antique is composed of the following Municipalities",,,2ND,,"SAN JOSE, ANTIQUE",FUNDA-DALIPE,ALL OTHER STREETS,INTERIOR,A4,Agricultural - A4,80.0
raw,"RDO No. 73 - San Jose, Antique is composed of the following Municipalities",,,,,"SAN JOSE, ANTIQUE",FUNDA-DALIPE,ALL OTHER STREETS,ALONG THE ROAD,RR,Residential - Regular,125.0
raw,"RDO No. 73 - San Jose, Antique is composed of the following Municipalities",,,,,"SAN JOSE, ANTIQUE",FUNDA-DALIPE,ALL OTHER STREETS,INTERIOR,RR,Residential - Regular,100.0
raw,"RDO No. 73 - San Jose, Antique is composed of the following Municipalities",,,,,"SAN JOSE, ANTIQUE",FUNDA-DALIPE,ALL OTHER STREETS,INTERIOR,A1,Agricultural - A1,20.0
raw,"RDO No. 73 - San Jose, Antique is composed of the following Municipalities",,,,,"SAN JOSE, ANTIQUE",FUNDA-DALIPE,ALL OTHER STREETS,INTERIOR,A4,Agricultural - A4,75.0
raw,"RDO No. 73 - San Jose, Antique is composed of the following Municipalities",,,2ND,,"SAN JOSE, ANTIQUE",FUNDA-DALIPE,PROVINCIAL ROAD,,RR,Residential - Regular,935.0
raw,"RDO No. 73 - San Jose, Antique is composed of the following Municipalities",,,,,"SAN JOSE, ANTIQUE",FUNDA-DALIPE,PROVINCIAL ROAD,,RR,Residential - Regular,500.0
raw,"RDO No. 73 - San Jose, Antique is composed of the following Municipalities",,,2ND,,"SAN JOSE, ANTIQUE",FUNDA-DALIPE,SAN PEDRO,,CR,Commercial - Regular,4000.0
raw,"RDO No. 73 - San Jose, Antique is composed of the following Municipalities",,,2ND,,"SAN JOSE, ANTIQUE",FUNDA-DALIPE,SUNSET SUBD,INTERIOR,RR,Residential - Regular,835.0
raw,"RDO No. 73 - San Jose, Antique is composed of the following Municipalities",,,,,"SAN JOSE, ANTIQUE",FUNDA-DALIPE,SUNSET SUBD,,RR,Residential - Regular,400.0
raw,"RDO No. 73 - San Jose, Antique is composed of the following Municipalities",,,2ND,,"SAN JOSE, ANTIQUE",FUNDA-DALIPE,TARINGTING BEACH FRONT,INTERIOR,CR,Commercial - Regular,1100.0
raw,"RDO No. 73 - San Jose, Antique is composed of the following Municipalities",,,2ND,,"SAN JOSE, ANTIQUE",FUNDA-DALIPE,TARINGTING BEACH FRONT,INTERIOR,RR,Residential - Regular,350.0
raw,"RDO No. 73 - San Jose, Antique is composed of the following Municipalities",,,,,"SAN JOSE, ANTIQUE",GEN. FULLON-NIETES,ALL OTHER STREETS,CORNER,RR,Residential - Regular,600.0
raw,"RDO No. 73 - San Jose, Antique is composed of the following Municipalities",,,,,"SAN JOSE, ANTIQUE",GEN. FULLON-NIETES,ALL OTHER STREETS,CORNER,CR,Commercial - Regular,3000.0
raw,"RDO No. 73 - San Jose, Antique is composed of the following Municipalities",,,,,"SAN JOSE, ANTIQUE",GEN. FULLON-NIETES,ALL OTHER STREETS,CORNER,A1,Agricultural - A1,25.0
raw,"RDO No. 73 - San Jose, Antique is composed of the following Municipalities",,,,,"SAN JOSE, ANTIQUE",GEN. FULLON-NIETES,ALL OTHER STREETS,CORNER,A2,Agricultural - A2,20.0
raw,"RDO No. 73 - San Jose, Antique is composed of the following Municipalities",,,,,"SAN JOSE, ANTIQUE",GEN. FULLON-NIETES,RODRIGUEZ SUBD,CORNER,RR,Residential - Regular,600.0
raw,"RDO No. 73 - San Jose, Antique is composed of the following Municipalities",,,,,"SAN JOSE, ANTIQUE",GEN. FULLON-NIETES,SALAZAR,CORNER T. FORNIER,CR,Commercial - Regular,3000.0
raw,"RDO No. 73 - San Jose, Antique is composed of the following Municipalities",,,,,"SAN JOSE, ANTIQUE",GEN. FULLON-NIETES,SAN JOSE,BACK OF CAPITOL-CERDENA,RR,Residential - Regular,1000.0
raw,"RDO No. 73 - San Jose, Antique is composed of the following Municipalities",,,,,"SAN JOSE, ANTIQUE",GEN. FULLON-NIETES,SOLANA-C O ZALDIVAR,CORNER,CR,Commercial - Regular,3000.0
raw,"RDO No. 73 - San Jose, Antique is composed of the following Municipalities",,,,,"SAN JOSE, ANTIQUE",GEN. FULLON-NIETES,SOLANA-NIETES,CORNER,CR,Commercial - Regular,3000.0
raw,"RDO No. 73 - San Jose, Antique is composed of the following Municipalities",,,,,"SAN JOSE, ANTIQUE",GEN. FULLON-NIETES,VILLAVERT-JIMENEZ,CORNER,CR,Commercial - Regular,3000.0
raw,"RDO No. 73 - San Jose, Antique is composed of the following Municipalities",,,2ND,,"SAN JOSE, ANTIQUE",IGBONGLO,ALL LOTS,ALONG THE ROAD,CR,Commercial - Regular,500.0
raw,"RDO No. 73 - San Jose, Antique is composed of the following Municipalities",,,2ND,,"SAN JOSE, ANTIQUE",IGBONGLO,ALL LOTS,ALONG THE ROAD,RR,Residential - Regular,300.0
raw,"RDO No. 73 - San Jose, Antique is composed of the following Municipalities",,,2ND,,"SAN JOSE, ANTIQUE",IGBONGLO,ALL LOTS,INTERIOR,RR,Residential - Regular,200.0
raw,"RDO No. 73 - San Jose, Antique is composed of the following Municipalities",,,2ND,,"SAN JOSE, ANTIQUE",IGBONGLO,ALL LOTS,INTERIOR,A1,Agricultural - A1,35.0
raw,"RDO No. 73 - San Jose, Antique is composed of the following Municipalities",,,2ND,,"SAN JOSE, ANTIQUE",IGBONGLO,ALL LOTS,INTERIOR,A4,Agricultural - A4,90.0
raw,"RDO No. 73 - San Jose, Antique is composed of the following Municipalities",,,,,"SAN JOSE, ANTIQUE",IGBONGLO,ALL STREETS,ALONG THE ROAD,RR,Residential - Regular,120.0
raw,"RDO No. 73 - San Jose, Antique is composed of the following Municipalities",,,,,"SAN JOSE, ANTIQUE",IGBONGLO,ALL STREETS,INTERIOR,RR,Residential - Regular,95.0
raw,"RDO No. 73 - San Jose, Antique is composed of the following Municipalities",,,,,"SAN JOSE, ANTIQUE",IGBONGLO,ALL STREETS,INTERIOR,A1,Agricultural - A1,23.0
raw,"RDO No. 73 - San Jose, Antique is composed of the following Municipalities",,,,,"SAN JOSE, ANTIQUE",IGBONGLO,ALL STREETS,INTERIOR,A4,Agricultural - A4,80.0
raw,"RDO No. 73 - San Jose, Antique is composed of the following Municipalities",,,2ND,,"SAN JOSE, ANTIQUE",INABASAN,ALL LOTS,ALONG THE ROAD,CR,Commercial - Regular,525.0
raw,"RDO No. 73 - San Jose, Antique is composed of the following Municipalities",,,2ND,,"SAN JOSE, ANTIQUE",INABASAN,ALL LOTS,ALONG THE ROAD,RR,Residential - Regular,365.0
raw,"RDO No. 73 - San Jose, Antique is composed of the following Municipalities",,,2ND,,"SAN JOSE, ANTIQUE",INABASAN,ALL LOTS,INTERIOR,RR,Residential - Regular,325.0
raw,"RDO No. 73 - San Jose, Antique is composed of the following Municipalities",,,2ND,,"SAN JOSE, ANTIQUE",INABASAN,ALL LOTS,INTERIOR,A1,Agricultural - A1,35.0
raw,"RDO No. 73 - San Jose, Antique is composed of the following Municipalities",,,2ND,,"SAN JOSE, ANTIQUE",INABASAN,ALL LOTS,INTERIOR,A4,Agricultural - A4,75.0
raw,"RDO No. 73 - San Jose, Antique is composed of the following Municipalities",,,,,"SAN JOSE, ANTIQUE",INABASAN,ALL STREETS,ALONG THE ROAD,RR,Residential - Regular,125.0
raw,"RDO No. 73 - San Jose, Antique is composed of the following Municipalities",,,,,"SAN JOSE, ANTIQUE",INABASAN,ALL STREETS,INTERIOR,RR,Residential - Regular,100.0
raw,"RDO No. 73 - San Jose, Antique is composed of the following Municipalities",,,,,"SAN JOSE, ANTIQUE",INABASAN,ALL STREETS,INTERIOR,A1,Agricultural - A1,23.0
raw,"RDO No. 73 - San Jose, Antique is composed of the following Municipalities",,,,,"SAN JOSE, ANTIQUE",INABASAN,ALL STREETS,INTERIOR,A4,Agricultural - A4,65.0
raw,"RDO No. 73 - San Jose, Antique is composed of the following Municipalities",,,2ND,,"SAN JOSE, ANTIQUE",MADRANGCA,ALL LOTS,ALONG THE ROAD,CR,Commercial - Regular,1900.0
raw,"RDO No. 73 - San Jose, Antique is composed of the following Municipalities",,,2ND,,"SAN JOSE, ANTIQUE",MADRANGCA,ALL LOTS,ALONG THE ROAD,RR,Residential - Regular,835.0
raw,"RDO No. 73 - San Jose, Antique is composed of the following Municipalities",,,2ND,,"SAN JOSE, ANTIQUE",MADRANGCA,ALL LOTS,ALONG THE ROAD,A4,Agricultural - A4,230.0
raw,"RDO No. 73 - San Jose, Antique is composed of the following Municipalities",,,2ND,,"SAN JOSE, ANTIQUE",MADRANGCA,ALL LOTS,INTERIOR,RR,Residential - Regular,715.0
raw,"RDO No. 73 - San Jose, Antique is composed of the following Municipalities",,,2ND,,"SAN JOSE, ANTIQUE",MADRANGCA,ALL LOTS,SEASIDE,A4,Agricultural - A4,230.0
raw,"RDO No. 73 - San Jose, Antique is composed of the following Municipalities",,,,,"SAN JOSE, ANTIQUE",MADRANGCA,ALL OTHER STREETS,ALONG THE ROAD,RR,Residential - Regular,300.0
raw,"RDO No. 73 - San Jose, Antique is composed of the following Municipalities",,,,,"SAN JOSE, ANTIQUE",MADRANGCA,ALL OTHER STREETS,INTERIOR,RR,Residential - Regular,240.0
raw,"RDO No. 73 - San Jose, Antique is composed of the following Municipalities",,,,,"SAN JOSE, ANTIQUE",MADRANGCA,ALL OTHER STREETS,SEASIDE,A4,Agricultural - A4,95.0
raw,"RDO No. 73 - San Jose, Antique is composed of the following Municipalities",,,,,"SAN JOSE, ANTIQUE",MADRANGCA,ALL OTHER STREETS,ALONG THE ROAD,A4,Agricultural - A4,100.0
raw,"RDO No. 73 - San Jose, Antique is composed of the following Municipalities",,,2ND,,"SAN JOSE, ANTIQUE",MADRANGCA,AZURIN SUBD,SEASIDE,RR,Residential - Regular,985.0
raw,"RDO No. 73 - San Jose, Antique is composed of the following Municipalities",,,,,"SAN JOSE, ANTIQUE",MADRANGCA,AZURIN SUBD,,RR,Residential - Regular,550.0
raw,"RDO No. 73 - San Jose, Antique is composed of the following Municipalities",,,2ND,,"SAN JOSE, ANTIQUE",MADRANGCA,VILLA GELLA VILLAGE,SEASIDE,RR,Residential - Regular,885.0
raw,"RDO No. 73 - San Jose, Antique is composed of the following Municipalities",,,,,"SAN JOSE, ANTIQUE",MADRANGCA,VILLA GELLA VILLAGE,,RR,Residential - Regular,450.0
raw,"RDO No. 73 - San Jose, Antique is composed of the following Municipalities",,,2ND,,"SAN JOSE, ANTIQUE",MAGCALON,ALL LOTS,ALONG THE ROAD,CR,Commercial - Regular,1200.0
raw,"RDO No. 73 - San Jose, Antique is composed of the following Municipalities",,,2ND,,"SAN JOSE, ANTIQUE",MAGCALON,ALL LOTS,ALONG THE ROAD,RR,Residential - Regular,835.0
raw,"RDO No. 73 - San Jose, Antique is composed of the following Municipalities",,,2ND,,"SAN JOSE, ANTIQUE",MAGCALON,ALL LOTS,INTERIOR,RR,Residential - Regular,235.0
raw,"RDO No. 73 - San Jose, Antique is composed of the following Municipalities",,,2ND,,"SAN JOSE, ANTIQUE",MAGCALON,ALL LOTS,INTERIOR,A2,Agricultural - A2,25.0
raw,"RDO No. 73 - San Jose, Antique is composed of the following Municipalities",,,2ND,,"SAN JOSE, ANTIQUE",MAGCALON,ALL LOTS,INTERIOR,A4,Agricultural - A4,80.0
raw,"RDO No. 73 - San Jose, Antique is composed of the following Municipalities",,,,,"SAN JOSE, ANTIQUE",MAGCALON,ALL STREETS,ALONG THE ROAD,RR,Residential - Regular,160.0
raw,"RDO No. 73 - San Jose, Antique is composed of the following Municipalities",,,,,"SAN JOSE, ANTIQUE",MAGCALON,ALL STREETS,INTERIOR,RR,Residential - Regular,130.0
raw,"RDO No. 73 - San Jose, Antique is composed of the following Municipalities",,,,,"SAN JOSE, ANTIQUE",MAGCALON,ALL STREETS,INTERIOR,A2,Agricultural - A2,17.0
raw,"RDO No. 73 - San Jose, Antique is composed of the following Municipalities",,,,,"SAN JOSE, ANTIQUE",MAGCALON,ALL STREETS,INTERIOR,A4,Agricultural - A4,75.0
raw,"RDO No. 73 - San Jose, Antique is composed of the following Municipalities",,,2ND,,"SAN JOSE, ANTIQUE",MALAIBA,ALL LOTS,ALONG THE ROAD,CR,Commercial - Regular,1200.0
raw,"RDO No. 73 - San Jose, Antique is composed of the following Municipalities",,,2ND,,"SAN JOSE, ANTIQUE",MALAIBA,ALL LOTS,ALONG THE ROAD,RR,Residential - Regular,590.0
raw,"RDO No. 73 - San Jose, Antique is composed of the following Municipalities",,,2ND,,"SAN JOSE, ANTIQUE",MALAIBA,ALL LOTS,INTERIOR,RR,Residential - Regular,285.0
raw,"RDO No. 73 - San Jose, Antique is composed of the following Municipalities",,,2ND,,"SAN JOSE, ANTIQUE",MALAIBA,ALL LOTS,INTERIOR,A4,Agricultural - A4,90.0
raw,"RDO No. 73 - San Jose, Antique is composed of the following Municipalities",,,,,"SAN JOSE, ANTIQUE",MALAIBA,ALL STREETS,ALONG THE ROAD,RR,Residential - Regular,225.0
raw,"RDO No. 73 - San Jose, Antique is composed of the following Municipalities",,,,,"SAN JOSE, ANTIQUE",MALAIBA,ALL STREETS,INTERIOR,RR,Residential - Regular,180.0
raw,"RDO No. 73 - San Jose, Antique is composed of the following Municipalities",,,,,"SAN JOSE, ANTIQUE",MALAIBA,ALL STREETS,INTERIOR,A4,Agricultural - A4,80.0
raw,"RDO No. 73 - San Jose, Antique is composed of the following Municipalities",,,2ND,,"SAN JOSE, ANTIQUE",MAYBATO NORTE,ALL LOTS,ALONG PROVINCIAL ROAD,CR,Commercial - Regular,1200.0
raw,"RDO No. 73 - San Jose, Antique is composed of the following Municipalities",,,2ND,,"SAN JOSE, ANTIQUE",MAYBATO NORTE,ALL LOTS,ALONG PROVINCIAL ROAD,RR,Residential - Regular,735.0
raw,"RDO No. 73 - San Jose, Antique is composed of the following Municipalities",,,2ND,,"SAN JOSE, ANTIQUE",MAYBATO NORTE,ALL LOTS,INTERIOR,CR,Commercial - Regular,800.0
raw,"RDO No. 73 - San Jose, Antique is composed of the following Municipalities",,,2ND,,"SAN JOSE, ANTIQUE",MAYBATO NORTE,ALL LOTS,INTERIOR,RR,Residential - Regular,615.0
raw,"RDO No. 73 - San Jose, Antique is composed of the following Municipalities",,,2ND,,"SAN JOSE, ANTIQUE",MAYBATO NORTE,ALL LOTS,ALONG BARANGAY ROAD,RR,Residential - Regular,550.0
raw,"RDO No. 73 - San Jose, Antique is composed of the following Municipalities",,,2ND,,"SAN JOSE, ANTIQUE",MAYBATO NORTE,ALL LOTS,INTERIOR,RR,Residential - Regular,370.0
raw,"RDO No. 73 - San Jose, Antique is composed of the following Municipalities",,,2ND,,"SAN JOSE, ANTIQUE",MAYBATO NORTE,ALL LOTS,INTERIOR,A1,Agricultural - A1,32.5
raw,"RDO No. 73 - San Jose, Antique is composed of the following Municipalities",,,2ND,,"SAN JOSE, ANTIQUE",MAYBATO NORTE,ALL LOTS,INTERIOR,A4,Agricultural - A4,60.0
raw,"RDO No. 73 - San Jose, Antique is composed of the following Municipalities",,,,,"SAN JOSE, ANTIQUE",MAYBATO NORTE,ALL OTHER STREETS,ALONG THE ROAD,RR,Residential - Regular,180.0
raw,"RDO No. 73 - San Jose, Antique is composed of the following Municipalities",,,,,"SAN JOSE, ANTIQUE",MAYBATO NORTE,ALL OTHER STREETS,INTERIOR,RR,Residential - Regular,145.0
raw,"RDO No. 73 - San Jose, Antique is composed of the following Municipalities",,,,,"SAN JOSE, ANTIQUE",MAYBATO NORTE,ALL OTHER STREETS,INTERIOR,A1,Agricultural - A1,21.0
raw,"RDO No. 73 - San Jose, Antique is composed of the following Municipalities",,,,,"SAN JOSE, ANTIQUE",MAYBATO NORTE,ALL OTHER STREETS,INTERIOR,A4,Agricultural - A4,50.0
raw,"RDO No. 73 - San Jose, Antique is composed of the following Municipalities",,,,,"SAN JOSE, ANTIQUE",MAYBATO NORTE,PROVINCIAL ROAD,,RR,Residential - Regular,300.0
raw,"RDO No. 73 - San Jose, Antique is composed of the following Municipalities",,,2ND,,"SAN JOSE, ANTIQUE",MAYBATO SUR,ALL LOTS,ALONG PROVINCIAL ROAD,CR,Commercial - Regular,1200.0
raw,"RDO No. 73 - San Jose, Antique is composed of the following Municipalities",,,2ND,,"SAN JOSE, ANTIQUE",MAYBATO SUR,ALL LOTS,ALONG PROVINCIAL ROAD,RR,Residential - Regular,835.0
raw,"RDO No. 73 - San Jose, Antique is composed of the following Municipalities",,,2ND,,"SAN JOSE, ANTIQUE",MAYBATO SUR,ALL LOTS,ALONG BARANGAY ROAD,CR,Commercial - Regular,900.0
raw,"RDO No. 73 - San Jose, Antique is composed of the following Municipalities",,,2ND,,"SAN JOSE, ANTIQUE",MAYBATO SUR,ALL LOTS,ALONG BARANGAY ROAD,RR,Residential - Regular,640.0
raw,"RDO No. 73 - San Jose, Antique is composed of the following Municipalities",,,2ND,,"SAN JOSE, ANTIQUE",MAYBATO SUR,ALL LOTS,INTERIOR,RR,Residential - Regular,250.0
raw,"RDO No. 73 - San Jose, Antique is composed of the following Municipalities",,,2ND,,"SAN JOSE, ANTIQUE",MAYBATO SUR,ALL LOTS,INTERIOR,A1,Agricultural - A1,35.0
raw,"RDO No. 73 - San Jose, Antique is composed of the following Municipalities",,,2ND,,"SAN JOSE, ANTIQUE",MAYBATO SUR,ALL LOTS,INTERIOR,A2,Agricultural - A2,23.0
raw,"RDO No. 73 - San Jose, Antique is composed of the following Municipalities",,,2ND,,"SAN JOSE, ANTIQUE",MAYBATO SUR,ALL LOTS,INTERIOR,A4,Agricultural - A4,67.0
raw,"RDO No. 73 - San Jose, Antique is composed of the following Municipalities",,,,,"SAN JOSE, ANTIQUE",MAYBATO SUR,ALL OTHER STREETS,ALONG THE ROAD,RR,Residential - Regular,180.0
raw,"RDO No. 73 - San Jose, Antique is composed of the following Municipalities",,,,,"SAN JOSE, ANTIQUE",MAYBATO SUR,ALL OTHER STREETS,INTERIOR,RR,Residential - Regular,145.0
raw,"RDO No. 73 - San Jose, Antique is composed of the following Municipalities",,,,,"SAN JOSE, ANTIQUE",MAYBATO SUR,ALL OTHER STREETS,INTERIOR,A1,Agricultural - A1,23.0
raw,"RDO No. 73 - San Jose, Antique is composed of the following Municipalities",,,,,"SAN JOSE, ANTIQUE",MAYBATO SUR,ALL OTHER STREETS,INTERIOR,A2,Agricultural - A2,15.0
raw,"RDO No. 73 - San Jose, Antique is composed of the following Municipalities",,,,,"SAN JOSE, ANTIQUE",MAYBATO SUR,ALL OTHER STREETS,INTERIOR,A4,Agricultural - A4,60.0
raw,"RDO No. 73 - San Jose, Antique is composed of the following Municipalities",,,,,"SAN JOSE, ANTIQUE",MAYBATO SUR,PROVINCIAL ROAD,,RR,Residential - Regular,300.0
raw,"RDO No. 73 - San Jose, Antique is composed of the following Municipalities",,,2ND,,"SAN JOSE, ANTIQUE",MOJON,ALL LOTS,ALONG THE ROAD,RR,Residential - Regular,685.0
raw,"RDO No. 73 - San Jose, Antique is composed of the following Municipalities",,,2ND,,"SAN JOSE, ANTIQUE",MOJON,ALL LOTS,ALONG THE ROAD,CR,Commercial - Regular,1000.0
raw,"RDO No. 73 - San Jose, Antique is composed of the following Municipalities",,,2ND,,"SAN JOSE, ANTIQUE",MOJON,ALL LOTS,INTERIOR,RR,Residential - Regular,235.0
raw,"RDO No. 73 - San Jose, Antique is composed of the following Municipalities",,,2ND,,"SAN JOSE, ANTIQUE",MOJON,ALL LOTS,INTERIOR,A1,Agricultural - A1,30.0
raw,"RDO No. 73 - San Jose, Antique is composed of the following Municipalities",,,2ND,,"SAN JOSE, ANTIQUE",MOJON,ALL LOTS,INTERIOR,A2,Agricultural - A2,22.0
raw,"RDO No. 73 - San Jose, Antique is composed of the following Municipalities",,,2ND,,"SAN JOSE, ANTIQUE",MOJON,ALL LOTS,INTERIOR,A4,Agricultural - A4,97.0
raw,"RDO No. 73 - San Jose, Antique is composed of the following Municipalities",,,,,"SAN JOSE, ANTIQUE",MOJON,ALL STREETS,ALONG THE ROAD,RR,Residential - Regular,160.0
raw,"RDO No. 73 - San Jose, Antique is composed of the following Municipalities",,,,,"SAN JOSE, ANTIQUE",MOJON,ALL STREETS,INTERIOR,RR,Residential - Regular,130.0
raw,"RDO No. 73 - San Jose, Antique is composed of the following Municipalities",,,,,"SAN JOSE, ANTIQUE",MOJON,ALL STREETS,INTERIOR,A1,Agricultural - A1,18.5
raw,"RDO No. 73 - San Jose, Antique is composed of the following Municipalities",,,,,"SAN JOSE, ANTIQUE",MOJON,ALL STREETS,INTERIOR,A2,Agricultural - A2,14.0
raw,"RDO No. 73 - San Jose, Antique is composed of the following Municipalities",,,,,"SAN JOSE, ANTIQUE",MOJON,ALL STREETS,INTERIOR,A4,Agricultural - A4,90.0
raw,"RDO No. 73 - San Jose, Antique is composed of the following Municipalities",,,2ND,,"SAN JOSE, ANTIQUE",PANTAO,ALL LOTS,ALONG THE ROAD,RR,Residential - Regular,230.0
raw,"RDO No. 73 - San Jose, Antique is composed of the following Municipalities",,,2ND,,"SAN JOSE, ANTIQUE",PANTAO,ALL LOTS,INTERIOR,RR,Residential - Regular,195.0
raw,"RDO No. 73 - San Jose, Antique is composed of the following Municipalities",,,2ND,,"SAN JOSE, ANTIQUE",PANTAO,ALL LOTS,INTERIOR,A2,Agricultural - A2,22.0
raw,"RDO No. 73 - San Jose, Antique is composed of the following Municipalities",,,2ND,,"SAN JOSE, ANTIQUE",PANTAO,ALL LOTS,INTERIOR,A4,Agricultural - A4,75.0
raw,"RDO No. 73 - San Jose, Antique is composed of the following Municipalities",,,,,"SAN JOSE, ANTIQUE",PANTAO,ALL STREETS,ALONG THE ROAD,RR,Residential - Regular,125.0
raw,"RDO No. 73 - San Jose, Antique is composed of the following Municipalities",,,,,"SAN JOSE, ANTIQUE",PANTAO,ALL STREETS,INTERIOR,RR,Residential - Regular,100.0
raw,"RDO No. 73 - San Jose, Antique is composed of the following Municipalities",,,,,"SAN JOSE, ANTIQUE",PANTAO,ALL STREETS,INTERIOR,A2,Agricultural - A2,14.0
raw,"RDO No. 73 - San Jose, Antique is composed of the following Municipalities",,,,,"SAN JOSE, ANTIQUE",PANTAO,ALL STREETS,INTERIOR,A4,Agricultural - A4,70.0
raw,"RDO No. 73 - San Jose, Antique is composed of the following Municipalities",,,2ND,,"SAN JOSE, ANTIQUE",SAN ANGEL,ALL OTHER STREETS,SEASIDE,RR,Residential - Regular,695.0
raw,"RDO No. 73 - San Jose, Antique is composed of the following Municipalities",,,2ND,,"SAN JOSE, ANTIQUE",SAN ANGEL,ALL OTHER STREETS,SEASIDE,CR,Commercial - Regular,1850.0
raw,"RDO No. 73 - San Jose, Antique is composed of the following Municipalities",,,2ND,,"SAN JOSE, ANTIQUE",SAN ANGEL,ALL OTHER STREETS,INTERIOR,RR,Residential - Regular,605.0
raw,"RDO No. 73 - San Jose, Antique is composed of the following Municipalities",,,2ND,,"SAN JOSE, ANTIQUE",SAN ANGEL,ALL OTHER STREETS,INTERIOR,CR,Commercial - Regular,1370.0
raw,"RDO No. 73 - San Jose, Antique is composed of the following Municipalities",,,2ND,,"SAN JOSE, ANTIQUE",SAN ANGEL,ALL OTHER STREETS,INTERIOR,A1,Agricultural - A1,37.0
raw,"RDO No. 73 - San Jose, Antique is composed of the following Municipalities",,,2ND,,"SAN JOSE, ANTIQUE",SAN ANGEL,ALL OTHER STREETS,INTERIOR,A2,Agricultural - A2,25.0
raw,"RDO No. 73 - San Jose, Antique is composed of the following Municipalities",,,2ND,,"SAN JOSE, ANTIQUE",SAN ANGEL,ALL OTHER STREETS,INTERIOR,A4,Agricultural - A4,97.0
raw,"RDO No. 73 - San Jose, Antique is composed of the following Municipalities",,,,,"SAN JOSE, ANTIQUE",SAN ANGEL,ALL OTHER STREETS,SEASIDE,RR,Residential - Regular,300.0
raw,"RDO No. 73 - San Jose, Antique is composed of the following Municipalities",,,,,"SAN JOSE, ANTIQUE",SAN ANGEL,ALL OTHER STREETS,SEASIDE,CR,Commercial - Regular,850.0
raw,"RDO No. 73 - San Jose, Antique is composed of the following Municipalities",,,,,"SAN JOSE, ANTIQUE",SAN ANGEL,ALL OTHER STREETS,INTERIOR,RR,Residential - Regular,240.0
raw,"RDO No. 73 - San Jose, Antique is composed of the following Municipalities",,,,,"SAN JOSE, ANTIQUE",SAN ANGEL,ALL OTHER STREETS,INTERIOR,CR,Commercial - Regular,770.0
raw,"RDO No. 73 - San Jose, Antique is composed of the following Municipalities",,,,,"SAN JOSE, ANTIQUE",SAN ANGEL,ALL OTHER STREETS,INTERIOR,A1,Agricultural - A1,25.5
raw,"RDO No. 73 - San Jose, Antique is composed of the following Municipalities",,,,,"SAN JOSE, ANTIQUE",SAN ANGEL,ALL OTHER STREETS,INTERIOR,A2,Agricultural - A2,17.0
raw,"RDO No. 73 - San Jose, Antique is composed of the following Municipalities",,,,,"SAN JOSE, ANTIQUE",SAN ANGEL,ALL OTHER STREETS,INTERIOR,A4,Agricultural - A4,90.0
raw,"RDO No. 73 - San Jose, Antique is composed of the following Municipalities",,,2ND,,"SAN JOSE, ANTIQUE",SAN ANGEL,GEN FULLON,WESTERN PORTION,X,Special / Other,1750.0
raw,"RDO No. 73 - San Jose, Antique is composed of the following Municipalities",,,2ND,,"SAN JOSE, ANTIQUE",SAN ANGEL,GEN FULLON,WESTERN PORTION,RR,Residential - Regular,1100.0
raw,"RDO No. 73 - San Jose, Antique is composed of the following Municipalities",,,2ND,,"SAN JOSE, ANTIQUE",SAN ANGEL,GEN FULLON,EASTERN PORTION,CR,Commercial - Regular,2100.0
raw,"RDO No. 73 - San Jose, Antique is composed of the following Municipalities",,,,,"SAN JOSE, ANTIQUE",SAN ANGEL,GEN FULLON,WESTERN PORTION,X,Special / Other,500.0
raw,"RDO No. 73 - San Jose, Antique is composed of the following Municipalities",,,,,"SAN JOSE, ANTIQUE",SAN ANGEL,GEN FULLON,WESTERN PORTION,RR,Residential - Regular,500.0
raw,"RDO No. 73 - San Jose, Antique is composed of the following Municipalities",,,,,"SAN JOSE, ANTIQUE",SAN ANGEL,GEN FULLON,EASTERN PORTION,CR,Commercial - Regular,850.0
raw,"RDO No. 73 - San Jose, Antique is composed of the following Municipalities",,,2ND,,"SAN JOSE, ANTIQUE",SAN FERNANDO,ALL OTHER STREETS,ALONG THE ROAD,RR,Residential - Regular,690.0
raw,"RDO No. 73 - San Jose, Antique is composed of the following Municipalities",,,2ND,,"SAN JOSE, ANTIQUE",SAN FERNANDO,ALL OTHER STREETS,ALONG THE ROAD,X,Special / Other,250.0
raw,"RDO No. 73 - San Jose, Antique is composed of the following Municipalities",,,2ND,,"SAN JOSE, ANTIQUE",SAN FERNANDO,ALL OTHER STREETS,INTERIOR,RR,Residential - Regular,540.0
raw,"RDO No. 73 - San Jose, Antique is composed of the following Municipalities",,,2ND,,"SAN JOSE, ANTIQUE",SAN FERNANDO,ALL OTHER STREETS,INTERIOR,A2,Agricultural - A2,25.0
raw,"RDO No. 73 - San Jose, Antique is composed of the following Municipalities",,,2ND,,"SAN JOSE, ANTIQUE",SAN FERNANDO,ALL OTHER STREETS,INTERIOR,A4,Agricultural - A4,107.0
raw,"RDO No. 73 - San Jose, Antique is composed of the following Municipalities",,,,,"SAN JOSE, ANTIQUE",SAN FERNANDO,ALL OTHER STREETS,ALONG THE ROAD,RR,Residential - Regular,325.0
raw,"RDO No. 73 - San Jose, Antique is composed of the following Municipalities",,,,,"SAN JOSE, ANTIQUE",SAN FERNANDO,ALL OTHER STREETS,ALONG THE ROAD,X,Special / Other,145.0
raw,"RDO No. 73 - San Jose, Antique is composed of the following Municipalities",,,,,"SAN JOSE, ANTIQUE",SAN FERNANDO,ALL OTHER STREETS,INTERIOR,RR,Residential - Regular,260.0
raw,"RDO No. 73 - San Jose, Antique is composed of the following Municipalities",,,,,"SAN JOSE, ANTIQUE",SAN FERNANDO,ALL OTHER STREETS,INTERIOR,A2,Agricultural - A2,17.0
raw,"RDO No. 73 - San Jose, Antique is composed of the following Municipalities",,,,,"SAN JOSE, ANTIQUE",SAN FERNANDO,ALL OTHER STREETS,INTERIOR,A4,Agricultural - A4,100.0
raw,"RDO No. 73 - San Jose, Antique is composed of the following Municipalities",,,2ND,,"SAN JOSE, ANTIQUE",SAN FERNANDO,PROVINCIAL ROAD,,RR,Residential - Regular,763.0
raw,"RDO No. 73 - San Jose, Antique is composed of the following Municipalities",,,,,"SAN JOSE, ANTIQUE",SAN FERNANDO,PROVINCIAL ROAD,,RR,Residential - Regular,325.0
raw,"RDO No. 73 - San Jose, Antique is composed of the following Municipalities",,,2ND,,"SAN JOSE, ANTIQUE",SAN PEDRO,ALL LOTS,ALONG THE ROAD,RR,Residential - Regular,835.0
raw,"RDO No. 73 - San Jose, Antique is composed of the following Municipalities",,,2ND,,"SAN JOSE, ANTIQUE",SAN PEDRO,ALL LOTS,INTERIOR,RR,Residential - Regular,693.0
raw,"RDO No. 73 - San Jose, Antique is composed of the following Municipalities",,,2ND,,"SAN JOSE, ANTIQUE",SAN PEDRO,ALL LOTS,INTERIOR,A2,Agricultural - A2,22.0
raw,"RDO No. 73 - San Jose, Antique is composed of the following Municipalities",,,2ND,,"SAN JOSE, ANTIQUE",SAN PEDRO,ALL LOTS,INTERIOR,A4,Agricultural - A4,77.0
raw,"RDO No. 73 - San Jose, Antique is composed of the following Municipalities",,,,,"SAN JOSE, ANTIQUE",SAN PEDRO,ALL STREETS,,RR,Residential - Regular,400.0
raw,"RDO No. 73 - San Jose, Antique is composed of the following Municipalities",,,,,"SAN JOSE, ANTIQUE",SAN PEDRO,ALL STREETS,INTERIOR,RR,Residential - Regular,320.0
raw,"RDO No. 73 - San Jose, Antique is composed of the following Municipalities",,,,,"SAN JOSE, ANTIQUE",SAN PEDRO,ALL STREETS,INTERIOR,A2,Agricultural - A2,14.5
raw,"RDO No. 73 - San Jose, Antique is composed of the following Municipalities",,,,,"SAN JOSE, ANTIQUE",SAN PEDRO,ALL STREETS,INTERIOR,A4,Agricultural - A4,70.0
raw,"RDO No. 73 - San Jose, Antique is composed of the following Municipalities",,,2ND,,"SAN JOSE, ANTIQUE",SUPA,ALL LOTS,ALONG THE ROAD,RR,Residential - Regular,693.0
raw,"RDO No. 73 - San Jose, Antique is composed of the following Municipalities",,,2ND,,"SAN JOSE, ANTIQUE",SUPA,ALL LOTS,INTERIOR,RR,Residential - Regular,530.0
raw,"RDO No. 73 - San Jose, Antique is composed of the following Municipalities",,,2ND,,"SAN JOSE, ANTIQUE",SUPA,ALL LOTS,INTERIOR,A1,Agricultural - A1,50.0
raw,"RDO No. 73 - San Jose, Antique is composed of the following Municipalities",,,2ND,,"SAN JOSE, ANTIQUE",SUPA,ALL LOTS,INTERIOR,A2,Agricultural - A2,31.5
raw,"RDO No. 73 - San Jose, Antique is composed of the following Municipalities",,,,,"SAN JOSE, ANTIQUE",SUPA,ALL STREETS,ALONG THE ROAD,RR,Residential - Regular,300.0
raw,"RDO No. 73 - San Jose, Antique is composed of the following Municipalities",,,,,"SAN JOSE, ANTIQUE",SUPA,ALL STREETS,INTERIOR,RR,Residential - Regular,240.0
raw,"RDO No. 73 - San Jose, Antique is composed of the following Municipalities",,,,,"SAN JOSE, ANTIQUE",SUPA,ALL STREETS,INTERIOR,A1,Agricultural - A1,22.5
raw,"RDO No. 73 - San Jose, Antique is composed of the following Municipalities",,,,,"SAN JOSE, ANTIQUE",SUPA,ALL STREETS,INTERIOR,A2,Agricultural - A2,14.0
raw,"RDO No. 73 - San Jose, Antique is composed of the following Municipalities",,,,,SAN REMIGIO,POBLACION,ALL OTHER STREETS,ALL WEATHER ROADS WITHIN 1KM FR POBLACION,RR,Residential - Regular,90.0
raw,"RDO No. 73 - San Jose, Antique is composed of the following Municipalities",,,,,SAN REMIGIO,POBLACION,ALL OTHER STREETS,ALL WEATHER ROADS (MORE THAN 1KM FR POB,RR,Residential - Regular,75.0
raw,"RDO No. 73 - San Jose, Antique is composed of the following Municipalities",,,,,SAN REMIGIO,POBLACION,ALL OTHER STREETS,INTERIOR,RR,Residential - Regular,40.0
raw,"RDO No. 73 - San Jose, Antique is composed of the following Municipalities",,,,,SAN REMIGIO,POBLACION,ALL OTHER STREETS,INTERIOR,A,Agricultural,8.0
raw,"RDO No. 73 - San Jose, Antique is composed of the following Municipalities",,,,,SAN REMIGIO,POBLACION,ALL OTHER STREETS,INTERIOR,A1,Agricultural - A1,5.0
raw,"RDO No. 73 - San Jose, Antique is composed of the following Municipalities",,,,,SAN REMIGIO,POBLACION,ALL OTHER STREETS,INTERIOR,A2,Agricultural - A2,2.0
raw,"RDO No. 73 - San Jose, Antique is composed of the following Municipalities",,,,,SAN REMIGIO,POBLACION,ALL OTHER STREETS,INTERIOR,A3,Agricultural - A3,3.0
raw,"RDO No. 73 - San Jose, Antique is composed of the following Municipalities",,,,,SAN REMIGIO,POBLACION,ALL OTHER STREETS,INTERIOR,A4,Agricultural - A4,3.0
raw,"RDO No. 73 - San Jose, Antique is composed of the following Municipalities",,,,,SAN REMIGIO,POBLACION,ALL OTHER STREETS,INTERIOR,A5,Agricultural - A5,6.0
raw,"RDO No. 73 - San Jose, Antique is composed of the following Municipalities",,,,,SAN REMIGIO,POBLACION,ALL OTHER STREETS,INTERIOR,A7,Agricultural - A7,2.0
raw,"RDO No. 73 - San Jose, Antique is composed of the following Municipalities",,,,,SAN REMIGIO,POBLACION,ALL OTHER STREETS,INTERIOR,A9,Agricultural - A9,11.0
raw,"RDO No. 73 - San Jose, Antique is composed of the following Municipalities",,,,,SAN REMIGIO,POBLACION,ALL OTHER STREETS,INTERIOR,A11,Agricultural - A11,4.0
raw,"RDO No. 73 - San Jose, Antique is composed of the following Municipalities",,,,,SAN REMIGIO,POBLACION,ALL OTHER STREETS,INTERIOR,A12,Agricultural - A12,1.0
raw,"RDO No. 73 - San Jose, Antique is composed of the following Municipalities",,,,,SAN REMIGIO,POBLACION,ALL OTHER STREETS,INTERIOR,A13,Agricultural - A13,3.0
raw,"RDO No. 73 - San Jose, Antique is composed of the following Municipalities",,,,,SAN REMIGIO,POBLACION,ALL OTHER STREETS,INTERIOR,A14,Agricultural - A14,2.0
raw,"RDO No. 73 - San Jose, Antique is composed of the following Municipalities",,,,,SAN REMIGIO,POBLACION,ALL OTHER STREETS,INTERIOR,A15,Agricultural - A15,4.0
raw,"RDO No. 73 - San Jose, Antique is composed of the following Municipalities",,,,,SAN REMIGIO,POBLACION,CABIGUNDA ST,MARFIL ST GOING EAST,RR,Residential - Regular,120.0
raw,"RDO No. 73 - San Jose, Antique is composed of the following Municipalities",,,,,SAN REMIGIO,POBLACION,FABILA ST,MAGSAYSAY ST-TABAGUE ST,RR,Residential - Regular,120.0
raw,"RDO No. 73 - San Jose, Antique is composed of the following Municipalities",,,,,SAN REMIGIO,POBLACION,MARFIL ST,CABIGUNDA ST-TABAGUE ST,CR,Commercial - Regular,230.0
raw,"RDO No. 73 - San Jose, Antique is composed of the following Municipalities",,,,,SAN REMIGIO,POBLACION,MARFIL ST,PETINOLAY ST-CABIGUNDA ST,CR,Commercial - Regular,210.0
raw,"RDO No. 73 - San Jose, Antique is composed of the following Municipalities",,,,,SAN REMIGIO,POBLACION,ORQUIA ST,PETINGLAY ST-FABILA ST,RR,Residential - Regular,120.0
raw,"RDO No. 73 - San Jose, Antique is composed of the following Municipalities",,,,,SAN REMIGIO,POBLACION,PETINGLAY ST,TABAGUE ST-MARFIL ST,RR,Residential - Regular,150.0
raw,"RDO No. 73 - San Jose, Antique is composed of the following Municipalities",,,,,SAN REMIGIO,POBLACION,PETINGLAY ST,MAGSAYSAY ST-TABAGUE ST,RR,Residential - Regular,120.0
raw,"RDO No. 73 - San Jose, Antique is composed of the following Municipalities",,,2ND,,"SAN REMIGIO, ANTIQUE","AGRICULA, ALEGRIA, SUMARAY",ALL LOTS,ALONG THE ROAD,RR,Residential - Regular,100.0
raw,"RDO No. 73 - San Jose, Antique is composed of the following Municipalities",,,2ND,,"SAN REMIGIO, ANTIQUE","AGRICULA, ALEGRIA, SUMARAY",ALL LOTS,ALONG THE ROAD,A1,Agricultural - A1,21.8
raw,"RDO No. 73 - San Jose, Antique is composed of the following Municipalities",,,2ND,,"SAN REMIGIO, ANTIQUE","AGRICULA, ALEGRIA, SUMARAY",ALL LOTS,ALONG THE ROAD,A2,Agricultural - A2,13.8
raw,"RDO No. 73 - San Jose, Antique is composed of the following Municipalities",,,2ND,,"SAN REMIGIO, ANTIQUE","AGRICULA, ALEGRIA, SUMARAY",ALL LOTS,ALONG THE ROAD,A3,Agricultural - A3,6.25
raw,"RDO No. 73 - San Jose, Antique is composed of the following Municipalities",,,2ND,,"SAN REMIGIO, ANTIQUE","AGRICULA, ALEGRIA, SUMARAY",ALL LOTS,ALONG THE ROAD,A4,Agricultural - A4,9.65
raw,"RDO No. 73 - San Jose, Antique is composed of the following Municipalities",,,2ND,,"SAN REMIGIO, ANTIQUE","AGRICULA, ALEGRIA, SUMARAY",ALL LOTS,ALONG THE ROAD,A6,Agricultural - A6,32.55
raw,"RDO No. 73 - San Jose, Antique is composed of the following Municipalities",,,2ND,,"SAN REMIGIO, ANTIQUE","AGRICULA, ALEGRIA, SUMARAY",ALL LOTS,ALONG THE ROAD,A12,Agricultural - A12,7.7
raw,"RDO No. 73 - San Jose, Antique is composed of the following Municipalities",,,2ND,,"SAN REMIGIO, ANTIQUE","AGRICULA, ALEGRIA, SUMARAY",ALL LOTS,ALONG THE ROAD,A15,Agricultural - A15,5.75
raw,"RDO No. 73 - San Jose, Antique is composed of the following Municipalities",,,2ND,,"SAN REMIGIO, ANTIQUE","AGRICULA, ALEGRIA, SUMARAY",ALL LOTS,ALONG THE ROAD,A16,Agricultural - A16,8.8
raw,"RDO No. 73 - San Jose, Antique is composed of the following Municipalities",,,2ND,,"SAN REMIGIO, ANTIQUE","AGRICULA, ALEGRIA, SUMARAY",ALL LOTS,ALONG THE ROAD,A17,Agricultural - A17,16.45
raw,"RDO No. 73 - San Jose, Antique is composed of the following Municipalities",,,2ND,,"SAN REMIGIO, ANTIQUE","AGRICULA, ALEGRIA, SUMARAY",ALL LOTS,ALONG THE ROAD,A23,Agricultural - A23,12.0
raw,"RDO No. 73 - San Jose, Antique is composed of the following Municipalities",,,2ND,,"SAN REMIGIO, ANTIQUE","AGRICULA, ALEGRIA, SUMARAY",ALL LOTS,ALONG THE ROAD,A26,Agricultural - A26,6.15
raw,"RDO No. 73 - San Jose, Antique is composed of the following Municipalities",,,2ND,,"SAN REMIGIO, ANTIQUE","AGRICULA, ALEGRIA, SUMARAY",ALL LOTS,ALONG THE ROAD,A38,Agricultural - A38,8.5
raw,"RDO No. 73 - San Jose, Antique is composed of the following Municipalities",,,2ND,,"SAN REMIGIO, ANTIQUE","AGRICULA, ALEGRIA, SUMARAY",ALL LOTS,ALONG THE ROAD,A44,Agricultural - A44,5.5
raw,"RDO No. 73 - San Jose, Antique is composed of the following Municipalities",,,2ND,,"SAN REMIGIO, ANTIQUE","AGRICULA, ALEGRIA, SUMARAY",ALL LOTS,ALONG THE ROAD,A50,Agricultural - A50,5.0
raw,"RDO No. 73 - San Jose, Antique is composed of the following Municipalities",,,2ND,,"SAN REMIGIO, ANTIQUE","ANINGALAN, ATABAY, BANBANAN, BAWANG,",ALL LOTS,ALONG THE ROAD,RR,Residential - Regular,85.0
raw,"RDO No. 73 - San Jose, Antique is composed of the following Municipalities",,,2ND,,"SAN REMIGIO, ANTIQUE","ANINGALAN, ATABAY, BANBANAN, BAWANG,",ALL LOTS,ALONG THE ROAD,A1,Agricultural - A1,21.8
raw,"RDO No. 73 - San Jose, Antique is composed of the following Municipalities",,,2ND,,"SAN REMIGIO, ANTIQUE","ANINGALAN, ATABAY, BANBANAN, BAWANG,",ALL LOTS,ALONG THE ROAD,A2,Agricultural - A2,13.8
raw,"RDO No. 73 - San Jose, Antique is composed of the following Municipalities",,,2ND,,"SAN REMIGIO, ANTIQUE","ANINGALAN, ATABAY, BANBANAN, BAWANG,",ALL LOTS,ALONG THE ROAD,A3,Agricultural - A3,6.25
raw,"RDO No. 73 - San Jose, Antique is composed of the following Municipalities",,,2ND,,"SAN REMIGIO, ANTIQUE","ANINGALAN, ATABAY, BANBANAN, BAWANG,",ALL LOTS,ALONG THE ROAD,A4,Agricultural - A4,9.65
raw,"RDO No. 73 - San Jose, Antique is composed of the following Municipalities",,,2ND,,"SAN REMIGIO, ANTIQUE","ANINGALAN, ATABAY, BANBANAN, BAWANG,",ALL LOTS,ALONG THE ROAD,A6,Agricultural - A6,32.55
raw,"RDO No. 73 - San Jose, Antique is composed of the following Municipalities",,,2ND,,"SAN REMIGIO, ANTIQUE","ANINGALAN, ATABAY, BANBANAN, BAWANG,",ALL LOTS,ALONG THE ROAD,A12,Agricultural - A12,7.7
raw,"RDO No. 73 - San Jose, Antique is composed of the following Municipalities",,,2ND,,"SAN REMIGIO, ANTIQUE","ANINGALAN, ATABAY, BANBANAN, BAWANG,",ALL LOTS,ALONG THE ROAD,A15,Agricultural - A15,5.75
raw,"RDO No. 73 - San Jose, Antique is composed of the following Municipalities",,,2ND,,"SAN REMIGIO, ANTIQUE","ANINGALAN, ATABAY, BANBANAN, BAWANG,",ALL LOTS,ALONG THE ROAD,A16,Agricultural - A16,8.8
raw,"RDO No. 73 - San Jose, Antique is composed of the following Municipalities",,,2ND,,"SAN REMIGIO, ANTIQUE","ANINGALAN, ATABAY, BANBANAN, BAWANG,",ALL LOTS,ALONG THE ROAD,A17,Agricultural - A17,16.45
raw,"RDO No. 73 - San Jose, Antique is composed of the following Municipalities",,,2ND,,"SAN REMIGIO, ANTIQUE","ANINGALAN, ATABAY, BANBANAN, BAWANG,",ALL LOTS,ALONG THE ROAD,A23,Agricultural - A23,12.0
raw,"RDO No. 73 - San Jose, Antique is composed of the following Municipalities",,,2ND,,"SAN REMIGIO, ANTIQUE","ANINGALAN, ATABAY, BANBANAN, BAWANG,",ALL LOTS,ALONG THE ROAD,A26,Agricultural - A26,6.15
raw,"RDO No. 73 - San Jose, Antique is composed of the following Municipalities",,,2ND,,"SAN REMIGIO, ANTIQUE","ANINGALAN, ATABAY, BANBANAN, BAWANG,",ALL LOTS,ALONG THE ROAD,A38,Agricultural - A38,8.5
raw,"RDO No. 73 - San Jose, Antique is composed of the following Municipalities",,,2ND,,"SAN REMIGIO, ANTIQUE","ANINGALAN, ATABAY, BANBANAN, BAWANG,",ALL LOTS,ALONG THE ROAD,A44,Agricultural - A44,5.5
raw,"RDO No. 73 - San Jose, Antique is composed of the following Municipalities",,,2ND,,"SAN REMIGIO, ANTIQUE","ANINGALAN, ATABAY, BANBANAN, BAWANG,",ALL LOTS,ALONG THE ROAD,A50,Agricultural - A50,5.0
raw,"RDO No. 73 - San Jose, Antique is composed of the following Municipalities",,,2ND,,"SAN REMIGIO, ANTIQUE","BAGUMBAYAN, BALADJAY, BARANGBANG, BULAN-BULAN,",ALL LOTS,ALONG THE ROAD,RR,Residential - Regular,90.0
raw,"RDO No. 73 - San Jose, Antique is composed of the following Municipalities",,,2ND,,"SAN REMIGIO, ANTIQUE","BAGUMBAYAN, BALADJAY, BARANGBANG, BULAN-BULAN,",ALL LOTS,ALONG THE ROAD,A1,Agricultural - A1,21.8
raw,"RDO No. 73 - San Jose, Antique is composed of the following Municipalities",,,2ND,,"SAN REMIGIO, ANTIQUE","BAGUMBAYAN, BALADJAY, BARANGBANG, BULAN-BULAN,",ALL LOTS,ALONG THE ROAD,A2,Agricultural - A2,13.8
raw,"RDO No. 73 - San Jose, Antique is composed of the following Municipalities",,,2ND,,"SAN REMIGIO, ANTIQUE","BAGUMBAYAN, BALADJAY, BARANGBANG, BULAN-BULAN,",ALL LOTS,ALONG THE ROAD,A3,Agricultural - A3,6.25
raw,"RDO No. 73 - San Jose, Antique is composed of the following Municipalities",,,2ND,,"SAN REMIGIO, ANTIQUE","BAGUMBAYAN, BALADJAY, BARANGBANG, BULAN-BULAN,",ALL LOTS,ALONG THE ROAD,A4,Agricultural - A4,9.65
raw,"RDO No. 73 - San Jose, Antique is composed of the following Municipalities",,,2ND,,"SAN REMIGIO, ANTIQUE","BAGUMBAYAN, BALADJAY, BARANGBANG, BULAN-BULAN,",ALL LOTS,ALONG THE ROAD,A6,Agricultural - A6,32.55
raw,"RDO No. 73 - San Jose, Antique is composed of the following Municipalities",,,2ND,,"SAN REMIGIO, ANTIQUE","BAGUMBAYAN, BALADJAY, BARANGBANG, BULAN-BULAN,",ALL LOTS,ALONG THE ROAD,A12,Agricultural - A12,7.7
raw,"RDO No. 73 - San Jose, Antique is composed of the following Municipalities",,,2ND,,"SAN REMIGIO, ANTIQUE","BAGUMBAYAN, BALADJAY, BARANGBANG, BULAN-BULAN,",ALL LOTS,ALONG THE ROAD,A15,Agricultural - A15,5.75
raw,"RDO No. 73 - San Jose, Antique is composed of the following Municipalities",,,2ND,,"SAN REMIGIO, ANTIQUE","BAGUMBAYAN, BALADJAY, BARANGBANG, BULAN-BULAN,",ALL LOTS,ALONG THE ROAD,A16,Agricultural - A16,8.8
raw,"RDO No. 73 - San Jose, Antique is composed of the following Municipalities",,,2ND,,"SAN REMIGIO, ANTIQUE","BAGUMBAYAN, BALADJAY, BARANGBANG, BULAN-BULAN,",ALL LOTS,ALONG THE ROAD,A17,Agricultural - A17,16.45
raw,"RDO No. 73 - San Jose, Antique is composed of the following Municipalities",,,2ND,,"SAN REMIGIO, ANTIQUE","BAGUMBAYAN, BALADJAY, BARANGBANG, BULAN-BULAN,",ALL LOTS,ALONG THE ROAD,A23,Agricultural - A23,12.0
raw,"RDO No. 73 - San Jose, Antique is composed of the following Municipalities",,,2ND,,"SAN REMIGIO, ANTIQUE","BAGUMBAYAN, BALADJAY, BARANGBANG, BULAN-BULAN,",ALL LOTS,ALONG THE ROAD,A26,Agricultural - A26,6.15
raw,"RDO No. 73 - San Jose, Antique is composed of the following Municipalities",,,2ND,,"SAN REMIGIO, ANTIQUE","BAGUMBAYAN, BALADJAY, BARANGBANG, BULAN-BULAN,",ALL LOTS,ALONG THE ROAD,A38,Agricultural - A38,8.5
raw,"RDO No. 73 - San Jose, Antique is composed of the following Municipalities",,,2ND,,"SAN REMIGIO, ANTIQUE","BAGUMBAYAN, BALADJAY, BARANGBANG, BULAN-BULAN,",ALL LOTS,ALONG THE ROAD,A44,Agricultural - A44,5.5
raw,"RDO No. 73 - San Jose, Antique is composed of the following Municipalities",,,2ND,,"SAN REMIGIO, ANTIQUE","BAGUMBAYAN, BALADJAY, BARANGBANG, BULAN-BULAN,",ALL LOTS,ALONG THE ROAD,A50,Agricultural - A50,5.0
raw,"RDO No. 73 - San Jose, Antique is composed of the following Municipalities",,,,,"SAN REMIGIO, ANTIQUE",POBLACION,ALL OTHER STREETS,ALL WEATHER ROADS W/IN 1KM FR POB,RR,Residential - Regular,125.0
raw,"RDO No. 73 - San Jose, Antique is composed of the following Municipalities",,,,,"SAN REMIGIO, ANTIQUE",POBLACION,ALL OTHER STREETS,ALL WEATHER ROADS (MORE,RR,Residential - Regular,100.0
raw,"RDO No. 73 - San Jose, Antique is composed of the following Municipalities",,,,,"SAN REMIGIO, ANTIQUE",POBLACION,ALL OTHER STREETS,INTERIOR,RR,Residential - Regular,60.0
raw,"RDO No. 73 - San Jose, Antique is composed of the following Municipalities",,,,,"SAN REMIGIO, ANTIQUE",POBLACION,ALL OTHER STREETS,INTERIOR,A1,Agricultural - A1,11.0
raw,"RDO No. 73 - San Jose, Antique is composed of the following Municipalities",,,,,"SAN REMIGIO, ANTIQUE",POBLACION,ALL OTHER STREETS,INTERIOR,A2,Agricultural - A2,7.25
raw,"RDO No. 73 - San Jose, Antique is composed of the following Municipalities",,,,,"SAN REMIGIO, ANTIQUE",POBLACION,ALL OTHER STREETS,INTERIOR,A3,Agricultural - A3,4.0
raw,"RDO No. 73 - San Jose, Antique is composed of the following Municipalities",,,,,"SAN REMIGIO, ANTIQUE",POBLACION,ALL OTHER STREETS,INTERIOR,A4,Agricultural - A4,5.0
raw,"RDO No. 73 - San Jose, Antique is composed of the following Municipalities",,,,,"SAN REMIGIO, ANTIQUE",POBLACION,ALL OTHER STREETS,INTERIOR,A6,Agricultural - A6,14.75
raw,"RDO No. 73 - San Jose, Antique is composed of the following Municipalities",,,,,"SAN REMIGIO, ANTIQUE",POBLACION,ALL OTHER STREETS,INTERIOR,A12,Agricultural - A12,5.0
raw,"RDO No. 73 - San Jose, Antique is composed of the following Municipalities",,,,,"SAN REMIGIO, ANTIQUE",POBLACION,ALL OTHER STREETS,INTERIOR,A15,Agricultural - A15,3.0
raw,"RDO No. 73 - San Jose, Antique is composed of the following Municipalities",,,,,"SAN REMIGIO, ANTIQUE",POBLACION,ALL OTHER STREETS,INTERIOR,A16,Agricultural - A16,5.0
raw,"RDO No. 73 - San Jose, Antique is composed of the following Municipalities",,,,,"SAN REMIGIO, ANTIQUE",POBLACION,ALL OTHER STREETS,INTERIOR,A17,Agricultural - A17,8.0
raw,"RDO No. 73 - San Jose, Antique is composed of the following Municipalities",,,,,"SAN REMIGIO, ANTIQUE",POBLACION,ALL OTHER STREETS,INTERIOR,A23,Agricultural - A23,6.0
raw,"RDO No. 73 - San Jose, Antique is composed of the following Municipalities",,,,,"SAN REMIGIO, ANTIQUE",POBLACION,ALL OTHER STREETS,INTERIOR,A26,Agricultural - A26,4.0
raw,"RDO No. 73 - San Jose, Antique is composed of the following Municipalities",,,,,"SAN REMIGIO, ANTIQUE",POBLACION,ALL OTHER STREETS,INTERIOR,A38,Agricultural - A38,6.0
raw,"RDO No. 73 - San Jose, Antique is composed of the following Municipalities",,,,,"SAN REMIGIO, ANTIQUE",POBLACION,ALL OTHER STREETS,INTERIOR,A44,Agricultural - A44,4.0
raw,"RDO No. 73 - San Jose, Antique is composed of the following Municipalities",,,,,"SAN REMIGIO, ANTIQUE",POBLACION,CABIGUNDA ST,MARFIL ST GOING EAST,RR,Residential - Regular,180.0
raw,"RDO No. 73 - San Jose, Antique is composed of the following Municipalities",,,,,"SAN REMIGIO, ANTIQUE",POBLACION,FABILA ST,MAGSAYSAY ST-TABAGUE ST,RR,Residential - Regular,180.0
raw,"RDO No. 73 - San Jose, Antique is composed of the following Municipalities",,,,,"SAN REMIGIO, ANTIQUE",POBLACION,MARFIL ST,CABIGUNDA ST-TABAGUE ST,CR,Commercial - Regular,405.0
raw,"RDO No. 73 - San Jose, Antique is composed of the following Municipalities",,,,,"SAN REMIGIO, ANTIQUE",POBLACION,MARFIL ST,PETINGLAY ST-CABIGUNDA ST,CR,Commercial - Regular,360.0
raw,"RDO No. 73 - San Jose, Antique is composed of the following Municipalities",,,,,"SAN REMIGIO, ANTIQUE",POBLACION,ORQUIA ST,PETINGLAY ST-FABILA ST,RR,Residential - Regular,180.0
raw,"RDO No. 73 - San Jose, Antique is composed of the following Municipalities",,,,,"SAN REMIGIO, ANTIQUE",POBLACION,PETINGLAY ST,TABAGUE ST - MARFIL ST,RR,Residential - Regular,215.0
raw,"RDO No. 73 - San Jose, Antique is composed of the following Municipalities",,,,,"SAN REMIGIO, ANTIQUE",POBLACION,PETINGLAY ST,MAGSAYSAY ST-TABAGUE ST,RR,Residential - Regular,180.0
raw,"RDO No. 73 - San Jose, Antique is composed of the following Municipalities",,,2ND,,"SAN REMIGIO, ANTIQUE",POBLACION (CALAG-ITAN),ALL OTHER STREETS,WITHIN POBLACION,RR,Residential - Regular,200.0
raw,"RDO No. 73 - San Jose, Antique is composed of the following Municipalities",,,2ND,,"SAN REMIGIO, ANTIQUE",POBLACION (CALAG-ITAN),ALL OTHER STREETS,WITHIN POBLACION,CR,Commercial - Regular,300.0
raw,"RDO No. 73 - San Jose, Antique is composed of the following Municipalities",,,2ND,,"SAN REMIGIO, ANTIQUE",POBLACION (CALAG-ITAN),ALL OTHER STREETS,ALL WEATHER ROADS W/N 1KM OUTSIDE POB CENTRO,RR,Residential - Regular,180.0
raw,"RDO No. 73 - San Jose, Antique is composed of the following Municipalities",,,2ND,,"SAN REMIGIO, ANTIQUE",POBLACION (CALAG-ITAN),ALL OTHER STREETS,ALL WEATHER ROADS MORE THAN 1KM OUTSIDE POB CENTRO,RR,Residential - Regular,160.0
raw,"RDO No. 73 - San Jose, Antique is composed of the following Municipalities",,,2ND,,"SAN REMIGIO, ANTIQUE",POBLACION (CALAG-ITAN),ALL OTHER STREETS,INTERIOR,RR,Residential - Regular,90.0
raw,"RDO No. 73 - San Jose, Antique is composed of the following Municipalities",,,2ND,,"SAN REMIGIO, ANTIQUE",POBLACION (CALAG-ITAN),ALL OTHER STREETS,INTERIOR,A1,Agricultural - A1,21.8
raw,"RDO No. 73 - San Jose, Antique is composed of the following Municipalities",,,2ND,,"SAN REMIGIO, ANTIQUE",POBLACION (CALAG-ITAN),ALL OTHER STREETS,INTERIOR,A2,Agricultural - A2,13.8
raw,"RDO No. 73 - San Jose, Antique is composed of the following Municipalities",,,2ND,,"SAN REMIGIO, ANTIQUE",POBLACION (CALAG-ITAN),ALL OTHER STREETS,INTERIOR,A3,Agricultural - A3,6.25
raw,"RDO No. 73 - San Jose, Antique is composed of the following Municipalities",,,2ND,,"SAN REMIGIO, ANTIQUE",POBLACION (CALAG-ITAN),ALL OTHER STREETS,INTERIOR,A4,Agricultural - A4,9.65
raw,"RDO No. 73 - San Jose, Antique is composed of the following Municipalities",,,2ND,,"SAN REMIGIO, ANTIQUE",POBLACION (CALAG-ITAN),ALL OTHER STREETS,INTERIOR,A6,Agricultural - A6,32.55
raw,"RDO No. 73 - San Jose, Antique is composed of the following Municipalities",,,2ND,,"SAN REMIGIO, ANTIQUE",POBLACION (CALAG-ITAN),ALL OTHER STREETS,INTERIOR,A12,Agricultural - A12,7.7
raw,"RDO No. 73 - San Jose, Antique is composed of the following Municipalities",,,2ND,,"SAN REMIGIO, ANTIQUE",POBLACION (CALAG-ITAN),ALL OTHER STREETS,INTERIOR,A15,Agricultural - A15,5.75
raw,"RDO No. 73 - San Jose, Antique is composed of the following Municipalities",,,2ND,,"SAN REMIGIO, ANTIQUE",POBLACION (CALAG-ITAN),ALL OTHER STREETS,INTERIOR,A16,Agricultural - A16,8.8
raw,"RDO No. 73 - San Jose, Antique is composed of the following Municipalities",,,2ND,,"SAN REMIGIO, ANTIQUE",POBLACION (CALAG-ITAN),ALL OTHER STREETS,INTERIOR,A17,Agricultural - A17,16.45
raw,"RDO No. 73 - San Jose, Antique is composed of the following Municipalities",,,2ND,,"SAN REMIGIO, ANTIQUE",POBLACION (CALAG-ITAN),ALL OTHER STREETS,INTERIOR,A23,Agricultural - A23,12.0
raw,"RDO No. 73 - San Jose, Antique is composed of the following Municipalities",,,2ND,,"SAN REMIGIO, ANTIQUE",POBLACION (CALAG-ITAN),ALL OTHER STREETS,INTERIOR,A26,Agricultural - A26,6.15
raw,"RDO No. 73 - San Jose, Antique is composed of the following Municipalities",,,2ND,,"SAN REMIGIO, ANTIQUE",POBLACION (CALAG-ITAN),ALL OTHER STREETS,INTERIOR,A38,Agricultural - A38,8.5
raw,"RDO No. 73 - San Jose, Antique is composed of the following Municipalities",,,2ND,,"SAN REMIGIO, ANTIQUE",POBLACION (CALAG-ITAN),ALL OTHER STREETS,INTERIOR,A44,Agricultural - A44,5.5
raw,"RDO No. 73 - San Jose, Antique is composed of the following Municipalities",,,2ND,,"SAN REMIGIO, ANTIQUE",POBLACION (CALAG-ITAN),ALL OTHER STREETS,INTERIOR,A50,Agricultural - A50,5.0
raw,"RDO No. 73 - San Jose, Antique is composed of the following Municipalities",,,2ND,,"SAN REMIGIO, ANTIQUE",POBLACION (CALAG-ITAN),CABIGUNDA ST.,MARFIL ST.,CR,Commercial - Regular,600.0
raw,"RDO No. 73 - San Jose, Antique is composed of the following Municipalities",,,2ND,,"SAN REMIGIO, ANTIQUE",POBLACION (CALAG-ITAN),CABIGUNDA ST.,MARFIL ST.,RR,Residential - Regular,320.0
raw,"RDO No. 73 - San Jose, Antique is composed of the following Municipalities",,,2ND,,"SAN REMIGIO, ANTIQUE",POBLACION (CALAG-ITAN),FABILA ST.,MAGSAYSAY ST.-TABAGUE ST.,CR,Commercial - Regular,600.0
raw,"RDO No. 73 - San Jose, Antique is composed of the following Municipalities",,,2ND,,"SAN REMIGIO, ANTIQUE",POBLACION (CALAG-ITAN),FABILA ST.,MAGSAYSAY ST.-TABAGUE ST.,RR,Residential - Regular,320.0
raw,"RDO No. 73 - San Jose, Antique is composed of the following Municipalities",,,2ND,,"SAN REMIGIO, ANTIQUE",POBLACION (CALAG-ITAN),MARFIL ST.,CABIGUNDA ST.-TABAGUE ST.,CR,Commercial - Regular,615.0
raw,"RDO No. 73 - San Jose, Antique is composed of the following Municipalities",,,2ND,,"SAN REMIGIO, ANTIQUE",POBLACION (CALAG-ITAN),MARFIL ST.,CABIGUNDA ST.-TABAGUE ST.,RR,Residential - Regular,320.0
raw,"RDO No. 73 - San Jose, Antique is composed of the following Municipalities",,,2ND,,"SAN REMIGIO, ANTIQUE",POBLACION (CALAG-ITAN),MARFIL ST.,PETINGLAY ST.-CABIGUNDA ST.,CR,Commercial - Regular,550.0
raw,"RDO No. 73 - San Jose, Antique is composed of the following Municipalities",,,2ND,,"SAN REMIGIO, ANTIQUE",POBLACION (CALAG-ITAN),MARFIL ST.,PETINGLAY ST.-CABIGUNDA ST.,RR,Residential - Regular,300.0
raw,"RDO No. 73 - San Jose, Antique is composed of the following Municipalities",,,2ND,,"SAN REMIGIO, ANTIQUE",POBLACION (CALAG-ITAN),ORQUIA ST.,PETINGLAY ST.-FABILA ST.,CR,Commercial - Regular,600.0
raw,"RDO No. 73 - San Jose, Antique is composed of the following Municipalities",,,2ND,,"SAN REMIGIO, ANTIQUE",POBLACION (CALAG-ITAN),ORQUIA ST.,PETINGLAY ST.-FABILA ST.,RR,Residential - Regular,320.0
raw,"RDO No. 73 - San Jose, Antique is composed of the following Municipalities",,,2ND,,"SAN REMIGIO, ANTIQUE",POBLACION (CALAG-ITAN),PETINGLAY ST.,TABAGUE ST. -MARFIL ST.,CR,Commercial - Regular,600.0
raw,"RDO No. 73 - San Jose, Antique is composed of the following Municipalities",,,2ND,,"SAN REMIGIO, ANTIQUE",POBLACION (CALAG-ITAN),PETINGLAY ST.,TABAGUE ST. -MARFIL ST.,RR,Residential - Regular,405.0
raw,"RDO No. 73 - San Jose, Antique is composed of the following Municipalities",,,2ND,,"SAN REMIGIO, ANTIQUE",POBLACION (CALAG-ITAN),PETINGLAY ST.,MAGSAYSAY ST.-TABAGUE ST.,CR,Commercial - Regular,600.0
raw,"RDO No. 73 - San Jose, Antique is composed of the following Municipalities",,,2ND,,"SAN REMIGIO, ANTIQUE",POBLACION (CALAG-ITAN),PETINGLAY ST.,MAGSAYSAY ST.-TABAGUE ST.,RR,Residential - Regular,320.0
raw,"RDO No. 73 - San Jose, Antique is composed of the following Municipalities",,,2ND,,"SEBASTE, ANTIQUE","ABIERA, AGUILA, ARAS-ASAN, BACALAN,",ALL LOTS,ALONG THE ROAD,CR,Commercial - Regular,750.0
raw,"RDO No. 73 - San Jose, Antique is composed of the following Municipalities",,,2ND,,"SEBASTE, ANTIQUE","ABIERA, AGUILA, ARAS-ASAN, BACALAN,",ALL LOTS,ALONG THE ROAD,RR,Residential - Regular,300.0
raw,"RDO No. 73 - San Jose, Antique is composed of the following Municipalities",,,2ND,,"SEBASTE, ANTIQUE","ABIERA, AGUILA, ARAS-ASAN, BACALAN,",ALL LOTS,ALL WEATHER ROADS WITHIN 1 KM OUTSIDE BARANGAY CENTRO,CR,Commercial - Regular,300.0
raw,"RDO No. 73 - San Jose, Antique is composed of the following Municipalities",,,2ND,,"SEBASTE, ANTIQUE","ABIERA, AGUILA, ARAS-ASAN, BACALAN,",ALL LOTS,ALL WEATHER ROADS WITHIN 1 KM OUTSIDE BARANGAY CENTRO,RR,Residential - Regular,200.0
raw,"RDO No. 73 - San Jose, Antique is composed of the following Municipalities",,,2ND,,"SEBASTE, ANTIQUE","ABIERA, AGUILA, ARAS-ASAN, BACALAN,",ALL LOTS,ALL WEATHER ROADS MORE THAN 1KM OUTSIDE BARANGAY CENTRO,RR,Residential - Regular,140.0
raw,"RDO No. 73 - San Jose, Antique is composed of the following Municipalities",,,2ND,,"SEBASTE, ANTIQUE","ABIERA, AGUILA, ARAS-ASAN, BACALAN,",ALL LOTS,INTERIOR,RR,Residential - Regular,95.0
raw,"RDO No. 73 - San Jose, Antique is composed of the following Municipalities",,,2ND,,"SEBASTE, ANTIQUE","ABIERA, AGUILA, ARAS-ASAN, BACALAN,",ALL LOTS,INTERIOR,A1,Agricultural - A1,24.0
raw,"RDO No. 73 - San Jose, Antique is composed of the following Municipalities",,,2ND,,"SEBASTE, ANTIQUE","ABIERA, AGUILA, ARAS-ASAN, BACALAN,",ALL LOTS,INTERIOR,A2,Agricultural - A2,16.0
raw,"RDO No. 73 - San Jose, Antique is composed of the following Municipalities",,,2ND,,"SEBASTE, ANTIQUE","ABIERA, AGUILA, ARAS-ASAN, BACALAN,",ALL LOTS,INTERIOR,A3,Agricultural - A3,8.0
raw,"RDO No. 73 - San Jose, Antique is composed of the following Municipalities",,,2ND,,"SEBASTE, ANTIQUE","ABIERA, AGUILA, ARAS-ASAN, BACALAN,",ALL LOTS,INTERIOR,A4,Agricultural - A4,10.0
raw,"RDO No. 73 - San Jose, Antique is composed of the following Municipalities",,,2ND,,"SEBASTE, ANTIQUE","ABIERA, AGUILA, ARAS-ASAN, BACALAN,",ALL LOTS,INTERIOR,A8,Agricultural - A8,8.0
raw,"RDO No. 73 - San Jose, Antique is composed of the following Municipalities",,,2ND,,"SEBASTE, ANTIQUE","ABIERA, AGUILA, ARAS-ASAN, BACALAN,",ALL LOTS,INTERIOR,A12,Agricultural - A12,9.0
raw,"RDO No. 73 - San Jose, Antique is composed of the following Municipalities",,,2ND,,"SEBASTE, ANTIQUE","ABIERA, AGUILA, ARAS-ASAN, BACALAN,",ALL LOTS,INTERIOR,A15,Agricultural - A15,6.0
raw,"RDO No. 73 - San Jose, Antique is composed of the following Municipalities",,,2ND,,"SEBASTE, ANTIQUE","ABIERA, AGUILA, ARAS-ASAN, BACALAN,",ALL LOTS,INTERIOR,A16,Agricultural - A16,9.0
raw,"RDO No. 73 - San Jose, Antique is composed of the following Municipalities",,,2ND,,"SEBASTE, ANTIQUE","ABIERA, AGUILA, ARAS-ASAN, BACALAN,",ALL LOTS,INTERIOR,A17,Agricultural - A17,21.0
raw,"RDO No. 73 - San Jose, Antique is composed of the following Municipalities",,,2ND,,"SEBASTE, ANTIQUE","ABIERA, AGUILA, ARAS-ASAN, BACALAN,",ALL LOTS,INTERIOR,A18,Agricultural - A18,8.15
raw,"RDO No. 73 - San Jose, Antique is composed of the following Municipalities",,,2ND,,"SEBASTE, ANTIQUE","ABIERA, AGUILA, ARAS-ASAN, BACALAN,",ALL LOTS,INTERIOR,A23,Agricultural - A23,10.0
raw,"RDO No. 73 - San Jose, Antique is composed of the following Municipalities",,,2ND,,"SEBASTE, ANTIQUE","ABIERA, AGUILA, ARAS-ASAN, BACALAN,",ALL LOTS,INTERIOR,A26,Agricultural - A26,7.0
raw,"RDO No. 73 - San Jose, Antique is composed of the following Municipalities",,,2ND,,"SEBASTE, ANTIQUE","ABIERA, AGUILA, ARAS-ASAN, BACALAN,",ALL LOTS,INTERIOR,A38,Agricultural - A38,10.5
raw,"RDO No. 73 - San Jose, Antique is composed of the following Municipalities",,,2ND,,"SEBASTE, ANTIQUE","ABIERA, AGUILA, ARAS-ASAN, BACALAN,",ALL LOTS,INTERIOR,A44,Agricultural - A44,6.5
raw,"RDO No. 73 - San Jose, Antique is composed of the following Municipalities",,,2ND,,"SEBASTE, ANTIQUE","ABIERA, AGUILA, ARAS-ASAN, BACALAN,",ALL LOTS,INTERIOR,A50,Agricultural - A50,6.0
raw,"RDO No. 73 - San Jose, Antique is composed of the following Municipalities",,,2ND,,"SEBASTE, ANTIQUE","ALEGRE, P. JAVIER",ALL LOTS,ALONG THE ROAD,CR,Commercial - Regular,400.0
raw,"RDO No. 73 - San Jose, Antique is composed of the following Municipalities",,,2ND,,"SEBASTE, ANTIQUE","ALEGRE, P. JAVIER",ALL LOTS,ALONG THE ROAD,RR,Residential - Regular,200.0
raw,"RDO No. 73 - San Jose, Antique is composed of the following Municipalities",,,2ND,,"SEBASTE, ANTIQUE","ALEGRE, P. JAVIER",ALL LOTS,ALL WEATHER ROADS WITHIN 1 KM OUTSIDE BARANGAY CENTRO,CR,Commercial - Regular,300.0
raw,"RDO No. 73 - San Jose, Antique is composed of the following Municipalities",,,2ND,,"SEBASTE, ANTIQUE","ALEGRE, P. JAVIER",ALL LOTS,ALL WEATHER ROADS WITHIN 1 KM OUTSIDE BARANGAY CENTRO,RR,Residential - Regular,200.0
raw,"RDO No. 73 - San Jose, Antique is composed of the following Municipalities",,,2ND,,"SEBASTE, ANTIQUE","ALEGRE, P. JAVIER",ALL LOTS,ALL WEATHER ROADS MORE THAN 1KM OUTSIDE BARANGAY CENTRO,RR,Residential - Regular,140.0
raw,"RDO No. 73 - San Jose, Antique is composed of the following Municipalities",,,2ND,,"SEBASTE, ANTIQUE","ALEGRE, P. JAVIER",ALL LOTS,INTERIOR,RR,Residential - Regular,95.0
raw,"RDO No. 73 - San Jose, Antique is composed of the following Municipalities",,,2ND,,"SEBASTE, ANTIQUE","ALEGRE, P. JAVIER",ALL LOTS,INTERIOR,A1,Agricultural - A1,23.25
raw,"RDO No. 73 - San Jose, Antique is composed of the following Municipalities",,,2ND,,"SEBASTE, ANTIQUE","ALEGRE, P. JAVIER",ALL LOTS,INTERIOR,A2,Agricultural - A2,15.05
raw,"RDO No. 73 - San Jose, Antique is composed of the following Municipalities",,,2ND,,"SEBASTE, ANTIQUE","ALEGRE, P. JAVIER",ALL LOTS,INTERIOR,A3,Agricultural - A3,7.15
raw,"RDO No. 73 - San Jose, Antique is composed of the following Municipalities",,,2ND,,"SEBASTE, ANTIQUE","ALEGRE, P. JAVIER",ALL LOTS,INTERIOR,A4,Agricultural - A4,8.3
raw,"RDO No. 73 - San Jose, Antique is composed of the following Municipalities",,,2ND,,"SEBASTE, ANTIQUE","ALEGRE, P. JAVIER",ALL LOTS,INTERIOR,A8,Agricultural - A8,5.9
raw,"RDO No. 73 - San Jose, Antique is composed of the following Municipalities",,,2ND,,"SEBASTE, ANTIQUE","ALEGRE, P. JAVIER",ALL LOTS,INTERIOR,A12,Agricultural - A12,7.7
raw,"RDO No. 73 - San Jose, Antique is composed of the following Municipalities",,,2ND,,"SEBASTE, ANTIQUE","ALEGRE, P. JAVIER",ALL LOTS,INTERIOR,A15,Agricultural - A15,3.55
raw,"RDO No. 73 - San Jose, Antique is composed of the following Municipalities",,,2ND,,"SEBASTE, ANTIQUE","ALEGRE, P. JAVIER",ALL LOTS,INTERIOR,A16,Agricultural - A16,8.15
raw,"RDO No. 73 - San Jose, Antique is composed of the following Municipalities",,,2ND,,"SEBASTE, ANTIQUE","ALEGRE, P. JAVIER",ALL LOTS,INTERIOR,A17,Agricultural - A17,19.45
raw,"RDO No. 73 - San Jose, Antique is composed of the following Municipalities",,,2ND,,"SEBASTE, ANTIQUE","ALEGRE, P. JAVIER",ALL LOTS,INTERIOR,A18,Agricultural - A18,8.15
raw,"RDO No. 73 - San Jose, Antique is composed of the following Municipalities",,,2ND,,"SEBASTE, ANTIQUE","ALEGRE, P. JAVIER",ALL LOTS,INTERIOR,A23,Agricultural - A23,9.75
raw,"RDO No. 73 - San Jose, Antique is composed of the following Municipalities",,,2ND,,"SEBASTE, ANTIQUE","ALEGRE, P. JAVIER",ALL LOTS,INTERIOR,A26,Agricultural - A26,6.5
raw,"RDO No. 73 - San Jose, Antique is composed of the following Municipalities",,,2ND,,"SEBASTE, ANTIQUE","ALEGRE, P. JAVIER",ALL LOTS,INTERIOR,A38,Agricultural - A38,9.75
raw,"RDO No. 73 - San Jose, Antique is composed of the following Municipalities",,,2ND,,"SEBASTE, ANTIQUE","ALEGRE, P. JAVIER",ALL LOTS,INTERIOR,A44,Agricultural - A44,6.5
raw,"RDO No. 73 - San Jose, Antique is composed of the following Municipalities",,,2ND,,"SEBASTE, ANTIQUE","ALEGRE, P. JAVIER",ALL LOTS,INTERIOR,A50,Agricultural - A50,3.0
raw,"RDO No. 73 - San Jose, Antique is composed of the following Municipalities",,,2ND,,"SEBASTE, ANTIQUE",POBLACION,ALL OTHER STREETS,WITHIN POB CENTRO,RR,Residential - Regular,355.0
raw,"RDO No. 73 - San Jose, Antique is composed of the following Municipalities",,,2ND,,"SEBASTE, ANTIQUE",POBLACION,ALL OTHER STREETS,ALL WEATHER ROADS (MORE THAN 1 KM OUTSIDE POB CENTRO,RR,Residential - Regular,265.0
raw,"RDO No. 73 - San Jose, Antique is composed of the following Municipalities",,,2ND,,"SEBASTE, ANTIQUE",POBLACION,ALL OTHER STREETS,INTERIOR,RR,Residential - Regular,185.0
raw,"RDO No. 73 - San Jose, Antique is composed of the following Municipalities",,,2ND,,"SEBASTE, ANTIQUE",POBLACION,ALL OTHER STREETS,INTERIOR,A1,Agricultural - A1,24.0
raw,"RDO No. 73 - San Jose, Antique is composed of the following Municipalities",,,2ND,,"SEBASTE, ANTIQUE",POBLACION,ALL OTHER STREETS,INTERIOR,A2,Agricultural - A2,16.0
raw,"RDO No. 73 - San Jose, Antique is composed of the following Municipalities",,,2ND,,"SEBASTE, ANTIQUE",POBLACION,ALL OTHER STREETS,INTERIOR,A3,Agricultural - A3,8.0
raw,"RDO No. 73 - San Jose, Antique is composed of the following Municipalities",,,2ND,,"SEBASTE, ANTIQUE",POBLACION,ALL OTHER STREETS,INTERIOR,A4,Agricultural - A4,10.0
raw,"RDO No. 73 - San Jose, Antique is composed of the following Municipalities",,,2ND,,"SEBASTE, ANTIQUE",POBLACION,ALL OTHER STREETS,INTERIOR,A8,Agricultural - A8,8.0
raw,"RDO No. 73 - San Jose, Antique is composed of the following Municipalities",,,2ND,,"SEBASTE, ANTIQUE",POBLACION,ALL OTHER STREETS,INTERIOR,A12,Agricultural - A12,9.0
raw,"RDO No. 73 - San Jose, Antique is composed of the following Municipalities",,,2ND,,"SEBASTE, ANTIQUE",POBLACION,ALL OTHER STREETS,INTERIOR,A15,Agricultural - A15,6.0
raw,"RDO No. 73 - San Jose, Antique is composed of the following Municipalities",,,2ND,,"SEBASTE, ANTIQUE",POBLACION,ALL OTHER STREETS,INTERIOR,A16,Agricultural - A16,9.0
raw,"RDO No. 73 - San Jose, Antique is composed of the following Municipalities",,,2ND,,"SEBASTE, ANTIQUE",POBLACION,ALL OTHER STREETS,INTERIOR,A17,Agricultural - A17,21.0
raw,"RDO No. 73 - San Jose, Antique is composed of the following Municipalities",,,2ND,,"SEBASTE, ANTIQUE",POBLACION,ALL OTHER STREETS,INTERIOR,A18,Agricultural - A18,8.0
raw,"RDO No. 73 - San Jose, Antique is composed of the following Municipalities",,,2ND,,"SEBASTE, ANTIQUE",POBLACION,ALL OTHER STREETS,INTERIOR,A23,Agricultural - A23,10.0
raw,"RDO No. 73 - San Jose, Antique is composed of the following Municipalities",,,2ND,,"SEBASTE, ANTIQUE",POBLACION,ALL OTHER STREETS,INTERIOR,A26,Agricultural - A26,7.0
raw,"RDO No. 73 - San Jose, Antique is composed of the following Municipalities",,,2ND,,"SEBASTE, ANTIQUE",POBLACION,ALL OTHER STREETS,INTERIOR,A38,Agricultural - A38,10.5
raw,"RDO No. 73 - San Jose, Antique is composed of the following Municipalities",,,2ND,,"SEBASTE, ANTIQUE",POBLACION,ALL OTHER STREETS,INTERIOR,A44,Agricultural - A44,6.5
raw,"RDO No. 73 - San Jose, Antique is composed of the following Municipalities",,,2ND,,"SEBASTE, ANTIQUE",POBLACION,ALL OTHER STREETS,INTERIOR,A50,Agricultural - A50,6.0
raw,"RDO No. 73 - San Jose, Antique is composed of the following Municipalities",,,,,"SEBASTE, ANTIQUE",POBLACION,ALL OTHER STREETS,ALL WEATHER ROADS W/IN 1KM FR POB,RR,Residential - Regular,195.0
raw,"RDO No. 73 - San Jose, Antique is composed of the following Municipalities",,,,,"SEBASTE, ANTIQUE",POBLACION,ALL OTHER STREETS,ALL WEATHER ROADS (MORE THAN 1KM FR POB),RR,Residential - Regular,140.0
raw,"RDO No. 73 - San Jose, Antique is composed of the following Municipalities",,,,,"SEBASTE, ANTIQUE",POBLACION,ALL OTHER STREETS,INTERIOR,RR,Residential - Regular,95.0
raw,"RDO No. 73 - San Jose, Antique is composed of the following Municipalities",,,,,"SEBASTE, ANTIQUE",POBLACION,ALL OTHER STREETS,INTERIOR,A1,Agricultural - A1,12.25
raw,"RDO No. 73 - San Jose, Antique is composed of the following Municipalities",,,,,"SEBASTE, ANTIQUE",POBLACION,ALL OTHER STREETS,INTERIOR,A2,Agricultural - A2,8.5
raw,"RDO No. 73 - San Jose, Antique is composed of the following Municipalities",,,,,"SEBASTE, ANTIQUE",POBLACION,ALL OTHER STREETS,INTERIOR,A3,Agricultural - A3,5.0
raw,"RDO No. 73 - San Jose, Antique is composed of the following Municipalities",,,,,"SEBASTE, ANTIQUE",POBLACION,ALL OTHER STREETS,INTERIOR,A4,Agricultural - A4,5.0
raw,"RDO No. 73 - San Jose, Antique is composed of the following Municipalities",,,,,"SEBASTE, ANTIQUE",POBLACION,ALL OTHER STREETS,INTERIOR,A8,Agricultural - A8,4.0
raw,"RDO No. 73 - San Jose, Antique is composed of the following Municipalities",,,,,"SEBASTE, ANTIQUE",POBLACION,ALL OTHER STREETS,INTERIOR,A12,Agricultural - A12,5.0
raw,"RDO No. 73 - San Jose, Antique is composed of the following Municipalities",,,,,"SEBASTE, ANTIQUE",POBLACION,ALL OTHER STREETS,INTERIOR,A15,Agricultural - A15,3.0
raw,"RDO No. 73 - San Jose, Antique is composed of the following Municipalities",,,,,"SEBASTE, ANTIQUE",POBLACION,ALL OTHER STREETS,INTERIOR,A16,Agricultural - A16,5.0
raw,"RDO No. 73 - San Jose, Antique is composed of the following Municipalities",,,,,"SEBASTE, ANTIQUE",POBLACION,ALL OTHER STREETS,INTERIOR,A17,Agricultural - A17,11.0
raw,"RDO No. 73 - San Jose, Antique is composed of the following Municipalities",,,,,"SEBASTE, ANTIQUE",POBLACION,ALL OTHER STREETS,INTERIOR,A18,Agricultural - A18,5.0
raw,"RDO No. 73 - San Jose, Antique is composed of the following Municipalities",,,,,"SEBASTE, ANTIQUE",POBLACION,ALL OTHER STREETS,INTERIOR,A23,Agricultural - A23,6.0
raw,"RDO No. 73 - San Jose, Antique is composed of the following Municipalities",,,,,"SEBASTE, ANTIQUE",POBLACION,ALL OTHER STREETS,INTERIOR,A26,Agricultural - A26,4.0
raw,"RDO No. 73 - San Jose, Antique is composed of the following Municipalities",,,,,"SEBASTE, ANTIQUE",POBLACION,ALL OTHER STREETS,INTERIOR,A38,Agricultural - A38,6.0
raw,"RDO No. 73 - San Jose, Antique is composed of the following Municipalities",,,,,"SEBASTE, ANTIQUE",POBLACION,ALL OTHER STREETS,INTERIOR,A44,Agricultural - A44,4.0
raw,"RDO No. 73 - San Jose, Antique is composed of the following Municipalities",,,,,"SEBASTE, ANTIQUE",POBLACION,COR.ESPARAFOZA ST NAT'L RD (SOUTH SIDE),,CR,Commercial - Regular,470.0
raw,"RDO No. 73 - San Jose, Antique is composed of the following Municipalities",,,2ND,,"SEBASTE, ANTIQUE",POBLACION,ESPARAFOZA ST NAT'L RD,CORNER (SOUTH SIDE),CR,Commercial - Regular,750.0
raw,"RDO No. 73 - San Jose, Antique is composed of the following Municipalities",,,2ND,,"SEBASTE, ANTIQUE",POBLACION,IGUALTA ST,RECOPUERTO - ESPARAGOZA,RR,Residential - Regular,525.0
raw,"RDO No. 73 - San Jose, Antique is composed of the following Municipalities",,,,,"SEBASTE, ANTIQUE",POBLACION,IGUALTA ST,RECOPUERTO - ESPARAGOZA,RR,Residential - Regular,330.0
raw,"RDO No. 73 - San Jose, Antique is composed of the following Municipalities",,,2ND,,"SEBASTE, ANTIQUE",POBLACION,NATIONAL RD (EAST SIDE),PUBLIC MARKET,CR,Commercial - Regular,800.0
raw,"RDO No. 73 - San Jose, Antique is composed of the following Municipalities",,,2ND,,"SEBASTE, ANTIQUE",POBLACION,NATIONAL RD (EAST SIDE),UNNAMED RD CONNECTING AZUCENA ST-ESPARAGOZA ST,RR,Residential - Regular,525.0
raw,"RDO No. 73 - San Jose, Antique is composed of the following Municipalities",,,2ND,,"SEBASTE, ANTIQUE",POBLACION,NATIONAL RD (EAST SIDE),FRONTING PUBLIC MARKET,RR,Residential - Regular,525.0
raw,"RDO No. 73 - San Jose, Antique is composed of the following Municipalities",,,,,"SEBASTE, ANTIQUE",POBLACION,NATIONAL ROAD (EAST.SIDE),PUBLIC MARKET,CR,Commercial - Regular,525.0
raw,"RDO No. 73 - San Jose, Antique is composed of the following Municipalities",,,,,"SEBASTE, ANTIQUE",POBLACION,NATIONAL ROAD (EAST.SIDE),UNNAMED RD CONNECTING AZUCENA ST-ESPARAGOZA ST,RR,Residential - Regular,330.0
raw,"RDO No. 73 - San Jose, Antique is composed of the following Municipalities",,,,,"SEBASTE, ANTIQUE",POBLACION,NATIONAL ROAD (EAST.SIDE),FRONTING PUBLIC MARKET,RR,Residential - Regular,330.0
raw,"RDO No. 73 - San Jose, Antique is composed of the following Municipalities",,,2ND,,"SEBASTE, ANTIQUE",POBLACION,PERALTA ST,RECOPUERTO - DELOS REYES,RR,Residential - Regular,470.0
raw,"RDO No. 73 - San Jose, Antique is composed of the following Municipalities",,,,,"SEBASTE, ANTIQUE",POBLACION,PERALTA ST,RECOPUERTO-DELOS REYES,RR,Residential - Regular,275.0
raw,"RDO No. 73 - San Jose, Antique is composed of the following Municipalities",,,2ND,,"SEBASTE, ANTIQUE",POBLACION,ZALDIVAR ST,JARO ST - ESPARAGOZA ST,RR,Residential - Regular,470.0
raw,"RDO No. 73 - San Jose, Antique is composed of the following Municipalities",,,,,"SEBASTE, ANTIQUE",POBLACION,ZALDIVAR ST,JARO ST-ESPARAGOZA ST,RR,Residential - Regular,275.0
raw,"RDO No. 73 - San Jose, Antique is composed of the following Municipalities",,,,,SIBALOM,POBLACION,ALL OTHER STREETS,ALL WEATHER ROADS(W/IN 1KM FR POB),RR,Residential - Regular,165.0
raw,"RDO No. 73 - San Jose, Antique is composed of the following Municipalities",,,,,SIBALOM,POBLACION,ALL OTHER STREETS,ALL WEATHER ROADS (MORE THAN 1KM FR POB),RR,Residential - Regular,125.0
raw,"RDO No. 73 - San Jose, Antique is composed of the following Municipalities",,,,,SIBALOM,POBLACION,ALL OTHER STREETS,INTERIOR,RR,Residential - Regular,60.0
raw,"RDO No. 73 - San Jose, Antique is composed of the following Municipalities",,,,,SIBALOM,POBLACION,ALL OTHER STREETS,INTERIOR,A,Agricultural,12.0
raw,"RDO No. 73 - San Jose, Antique is composed of the following Municipalities",,,,,SIBALOM,POBLACION,ALL OTHER STREETS,INTERIOR,A1,Agricultural - A1,7.0
raw,"RDO No. 73 - San Jose, Antique is composed of the following Municipalities",,,,,SIBALOM,POBLACION,ALL OTHER STREETS,INTERIOR,A2,Agricultural - A2,3.0
raw,"RDO No. 73 - San Jose, Antique is composed of the following Municipalities",,,,,SIBALOM,POBLACION,ALL OTHER STREETS,INTERIOR,A3,Agricultural - A3,4.0
raw,"RDO No. 73 - San Jose, Antique is composed of the following Municipalities",,,,,SIBALOM,POBLACION,ALL OTHER STREETS,INTERIOR,A4,Agricultural - A4,4.0
raw,"RDO No. 73 - San Jose, Antique is composed of the following Municipalities",,,,,SIBALOM,POBLACION,ALL OTHER STREETS,INTERIOR,A5,Agricultural - A5,10.0
raw,"RDO No. 73 - San Jose, Antique is composed of the following Municipalities",,,,,SIBALOM,POBLACION,ALL OTHER STREETS,INTERIOR,A6,Agricultural - A6,3.0
raw,"RDO No. 73 - San Jose, Antique is composed of the following Municipalities",,,,,SIBALOM,POBLACION,ALL OTHER STREETS,INTERIOR,A7,Agricultural - A7,2.0
raw,"RDO No. 73 - San Jose, Antique is composed of the following Municipalities",,,,,SIBALOM,POBLACION,ALL OTHER STREETS,INTERIOR,A8,Agricultural - A8,19.0
raw,"RDO No. 73 - San Jose, Antique is composed of the following Municipalities",,,,,SIBALOM,POBLACION,ALL OTHER STREETS,INTERIOR,A9,Agricultural - A9,25.0
raw,"RDO No. 73 - San Jose, Antique is composed of the following Municipalities",,,,,SIBALOM,POBLACION,ALL OTHER STREETS,INTERIOR,A10,Agricultural - A10,2.0
raw,"RDO No. 73 - San Jose, Antique is composed of the following Municipalities",,,,,SIBALOM,POBLACION,ALL OTHER STREETS,INTERIOR,A11,Agricultural - A11,4.0
raw,"RDO No. 73 - San Jose, Antique is composed of the following Municipalities",,,,,SIBALOM,POBLACION,ALL OTHER STREETS,INTERIOR,A12,Agricultural - A12,1.0
raw,"RDO No. 73 - San Jose, Antique is composed of the following Municipalities",,,,,SIBALOM,POBLACION,ALL OTHER STREETS,INTERIOR,A13,Agricultural - A13,3.0
raw,"RDO No. 73 - San Jose, Antique is composed of the following Municipalities",,,,,SIBALOM,POBLACION,ALL OTHER STREETS,INTERIOR,A14,Agricultural - A14,2.0
raw,"RDO No. 73 - San Jose, Antique is composed of the following Municipalities",,,,,SIBALOM,POBLACION,ALL OTHER STREETS,INTERIOR,A15,Agricultural - A15,4.0
raw,"RDO No. 73 - San Jose, Antique is composed of the following Municipalities",,,,,SIBALOM,POBLACION,CORNER MAYOR F. FENETE & TORDESILLAS ST,GONZALES- ST GOING EGANA,CR,Commercial - Regular,450.0
raw,"RDO No. 73 - San Jose, Antique is composed of the following Municipalities",,,,,SIBALOM,POBLACION,CORNER VENEGAS & TORDESILLAS ST,GONZALES- ST GOING EGANA,CR,Commercial - Regular,450.0
raw,"RDO No. 73 - San Jose, Antique is composed of the following Municipalities",,,,,SIBALOM,POBLACION,F. FENETE ST,F. FURIO ST-R.O.MAZA ST,RR,Residential - Regular,300.0
raw,"RDO No. 73 - San Jose, Antique is composed of the following Municipalities",,,,,SIBALOM,POBLACION,F. FURIO ST(NORTH.SIDE),VENEGAS ST-AMADOR ST,RR,Residential - Regular,225.0
raw,"RDO No. 73 - San Jose, Antique is composed of the following Municipalities",,,,,SIBALOM,POBLACION,GONZALES ST,MORALES ST-R.O.MAZA ST,RR,Residential - Regular,225.0
raw,"RDO No. 73 - San Jose, Antique is composed of the following Municipalities",,,,,SIBALOM,POBLACION,MORALES ST.,MORALES ST-R.O.MAZA ST,RR,Residential - Regular,225.0
raw,"RDO No. 73 - San Jose, Antique is composed of the following Municipalities",,,,,SIBALOM,POBLACION,N. OVIVIR ST,F. FURIO ST-R.O.MAZA ST,RR,Residential - Regular,300.0
raw,"RDO No. 73 - San Jose, Antique is composed of the following Municipalities",,,,,SIBALOM,POBLACION,RAMON O. MAZA ST,GONZALES ST-N.OVIVIR ST,RR,Residential - Regular,300.0
raw,"RDO No. 73 - San Jose, Antique is composed of the following Municipalities",,,,,SIBALOM,POBLACION,TORDESILLAS ST (SOUTH),GONZALES- ST GOING EGANA,CR,Commercial - Regular,450.0
raw,"RDO No. 73 - San Jose, Antique is composed of the following Municipalities",,,,,SIBALOM,POBLACION,VENEGAS ST,F. FURIO ST-R.O.MAZA ST,RR,Residential - Regular,300.0
raw,"RDO No. 73 - San Jose, Antique is composed of the following Municipalities",,,2ND,,"SIBALOM, ANTIQUE","ALANGAN, BARI, BIGA-A, BONGSOD, BONTOL, CABARIUAN,",ALL LOTS,ALONG THE ROAD,CR,Commercial - Regular,1200.0
raw,"RDO No. 73 - San Jose, Antique is composed of the following Municipalities",,,2ND,,"SIBALOM, ANTIQUE","ALANGAN, BARI, BIGA-A, BONGSOD, BONTOL, CABARIUAN,",ALL LOTS,ALONG THE ROAD,RR,Residential - Regular,510.0
raw,"RDO No. 73 - San Jose, Antique is composed of the following Municipalities",,,2ND,,"SIBALOM, ANTIQUE","ALANGAN, BARI, BIGA-A, BONGSOD, BONTOL, CABARIUAN,",ALL LOTS,INTERIOR LOTS,RR,Residential - Regular,265.0
raw,"RDO No. 73 - San Jose, Antique is composed of the following Municipalities",,,2ND,,"SIBALOM, ANTIQUE","ALANGAN, BARI, BIGA-A, BONGSOD, BONTOL, CABARIUAN,",ALL LOTS,ALL WEATHER ROADS WITHN 1KM OUTSIDE BARANGAY CENTRO,RR,Residential - Regular,235.0
raw,"RDO No. 73 - San Jose, Antique is composed of the following Municipalities",,,2ND,,"SIBALOM, ANTIQUE","ALANGAN, BARI, BIGA-A, BONGSOD, BONTOL, CABARIUAN,",ALL LOTS,ALL WEATHER ROADS MORE THAN 1KM OUTSIDE BARANGAY CENTRO,RR,Residential - Regular,200.0
raw,"RDO No. 73 - San Jose, Antique is composed of the following Municipalities",,,2ND,,"SIBALOM, ANTIQUE","ALANGAN, BARI, BIGA-A, BONGSOD, BONTOL, CABARIUAN,",ALL LOTS,ALL WEATHER ROADS MORE THAN 1KM OUTSIDE BARANGAY CENTRO,A1,Agricultural - A1,30.8
raw,"RDO No. 73 - San Jose, Antique is composed of the following Municipalities",,,2ND,,"SIBALOM, ANTIQUE","ALANGAN, BARI, BIGA-A, BONGSOD, BONTOL, CABARIUAN,",ALL LOTS,ALL WEATHER ROADS MORE THAN 1KM OUTSIDE BARANGAY CENTRO,A2,Agricultural - A2,18.55
raw,"RDO No. 73 - San Jose, Antique is composed of the following Municipalities",,,2ND,,"SIBALOM, ANTIQUE","ALANGAN, BARI, BIGA-A, BONGSOD, BONTOL, CABARIUAN,",ALL LOTS,ALL WEATHER ROADS MORE THAN 1KM OUTSIDE BARANGAY CENTRO,A3,Agricultural - A3,6.5
raw,"RDO No. 73 - San Jose, Antique is composed of the following Municipalities",,,2ND,,"SIBALOM, ANTIQUE","ALANGAN, BARI, BIGA-A, BONGSOD, BONTOL, CABARIUAN,",ALL LOTS,ALL WEATHER ROADS MORE THAN 1KM OUTSIDE BARANGAY CENTRO,A4,Agricultural - A4,12.25
raw,"RDO No. 73 - San Jose, Antique is composed of the following Municipalities",,,2ND,,"SIBALOM, ANTIQUE","ALANGAN, BARI, BIGA-A, BONGSOD, BONTOL, CABARIUAN,",ALL LOTS,ALL WEATHER ROADS MORE THAN 1KM OUTSIDE BARANGAY CENTRO,A6,Agricultural - A6,47.35
raw,"RDO No. 73 - San Jose, Antique is composed of the following Municipalities",,,2ND,,"SIBALOM, ANTIQUE","ALANGAN, BARI, BIGA-A, BONGSOD, BONTOL, CABARIUAN,",ALL LOTS,ALL WEATHER ROADS MORE THAN 1KM OUTSIDE BARANGAY CENTRO,A8,Agricultural - A8,6.6
raw,"RDO No. 73 - San Jose, Antique is composed of the following Municipalities",,,2ND,,"SIBALOM, ANTIQUE","ALANGAN, BARI, BIGA-A, BONGSOD, BONTOL, CABARIUAN,",ALL LOTS,ALL WEATHER ROADS MORE THAN 1KM OUTSIDE BARANGAY CENTRO,A12,Agricultural - A12,6.95
raw,"RDO No. 73 - San Jose, Antique is composed of the following Municipalities",,,2ND,,"SIBALOM, ANTIQUE","ALANGAN, BARI, BIGA-A, BONGSOD, BONTOL, CABARIUAN,",ALL LOTS,ALL WEATHER ROADS MORE THAN 1KM OUTSIDE BARANGAY CENTRO,A15,Agricultural - A15,4.75
raw,"RDO No. 73 - San Jose, Antique is composed of the following Municipalities",,,2ND,,"SIBALOM, ANTIQUE","ALANGAN, BARI, BIGA-A, BONGSOD, BONTOL, CABARIUAN,",ALL LOTS,ALL WEATHER ROADS MORE THAN 1KM OUTSIDE BARANGAY CENTRO,A16,Agricultural - A16,9.3
raw,"RDO No. 73 - San Jose, Antique is composed of the following Municipalities",,,2ND,,"SIBALOM, ANTIQUE","ALANGAN, BARI, BIGA-A, BONGSOD, BONTOL, CABARIUAN,",ALL LOTS,ALL WEATHER ROADS MORE THAN 1KM OUTSIDE BARANGAY CENTRO,A17,Agricultural - A17,24.5
raw,"RDO No. 73 - San Jose, Antique is composed of the following Municipalities",,,2ND,,"SIBALOM, ANTIQUE","ALANGAN, BARI, BIGA-A, BONGSOD, BONTOL, CABARIUAN,",ALL LOTS,ALL WEATHER ROADS MORE THAN 1KM OUTSIDE BARANGAY CENTRO,A18,Agricultural - A18,8.5
raw,"RDO No. 73 - San Jose, Antique is composed of the following Municipalities",,,2ND,,"SIBALOM, ANTIQUE","ALANGAN, BARI, BIGA-A, BONGSOD, BONTOL, CABARIUAN,",ALL LOTS,ALL WEATHER ROADS MORE THAN 1KM OUTSIDE BARANGAY CENTRO,A23,Agricultural - A23,11.0
raw,"RDO No. 73 - San Jose, Antique is composed of the following Municipalities",,,2ND,,"SIBALOM, ANTIQUE","ALANGAN, BARI, BIGA-A, BONGSOD, BONTOL, CABARIUAN,",ALL LOTS,ALL WEATHER ROADS MORE THAN 1KM OUTSIDE BARANGAY CENTRO,A26,Agricultural - A26,6.55
raw,"RDO No. 73 - San Jose, Antique is composed of the following Municipalities",,,2ND,,"SIBALOM, ANTIQUE","ALANGAN, BARI, BIGA-A, BONGSOD, BONTOL, CABARIUAN,",ALL LOTS,ALL WEATHER ROADS MORE THAN 1KM OUTSIDE BARANGAY CENTRO,A38,Agricultural - A38,8.0
raw,"RDO No. 73 - San Jose, Antique is composed of the following Municipalities",,,2ND,,"SIBALOM, ANTIQUE","ALANGAN, BARI, BIGA-A, BONGSOD, BONTOL, CABARIUAN,",ALL LOTS,ALL WEATHER ROADS MORE THAN 1KM OUTSIDE BARANGAY CENTRO,A42,Agricultural - A42,63.5
raw,"RDO No. 73 - San Jose, Antique is composed of the following Municipalities",,,2ND,,"SIBALOM, ANTIQUE","ALANGAN, BARI, BIGA-A, BONGSOD, BONTOL, CABARIUAN,",ALL LOTS,ALL WEATHER ROADS MORE THAN 1KM OUTSIDE BARANGAY CENTRO,A44,Agricultural - A44,4.5
raw,"RDO No. 73 - San Jose, Antique is composed of the following Municipalities",,,2ND,,"SIBALOM, ANTIQUE","ALANGAN, BARI, BIGA-A, BONGSOD, BONTOL, CABARIUAN,",ALL LOTS,ALL WEATHER ROADS MORE THAN 1KM OUTSIDE BARANGAY CENTRO,A50,Agricultural - A50,4.0
raw,"RDO No. 73 - San Jose, Antique is composed of the following Municipalities",,,2ND,,"SIBALOM, ANTIQUE","BONGBONGAN I,    BONGBONGAN II,     BUGNAY,    BULALACAO,",ALL LOTS,ALONG THE ROAD,CR,Commercial - Regular,500.0
raw,"RDO No. 73 - San Jose, Antique is composed of the following Municipalities",,,2ND,,"SIBALOM, ANTIQUE","BONGBONGAN I,    BONGBONGAN II,     BUGNAY,    BULALACAO,",ALL LOTS,ALONG THE ROAD,RR,Residential - Regular,280.0
raw,"RDO No. 73 - San Jose, Antique is composed of the following Municipalities",,,2ND,,"SIBALOM, ANTIQUE","BONGBONGAN I,    BONGBONGAN II,     BUGNAY,    BULALACAO,",ALL LOTS,INTERIOR LOTS,RR,Residential - Regular,210.0
raw,"RDO No. 73 - San Jose, Antique is composed of the following Municipalities",,,2ND,,"SIBALOM, ANTIQUE","BONGBONGAN I,    BONGBONGAN II,     BUGNAY,    BULALACAO,",ALL LOTS,ALL WEATHER ROADS WITHIN 1KM OUTSIDE BARANGAY CENTRO,RR,Residential - Regular,120.0
raw,"RDO No. 73 - San Jose, Antique is composed of the following Municipalities",,,2ND,,"SIBALOM, ANTIQUE","BONGBONGAN I,    BONGBONGAN II,     BUGNAY,    BULALACAO,",ALL LOTS,ALL WEATHER ROADS MORE THAN 1KM OUTSIDE BARANGAY CENTRO,RR,Residential - Regular,100.0
raw,"RDO No. 73 - San Jose, Antique is composed of the following Municipalities",,,2ND,,"SIBALOM, ANTIQUE","BONGBONGAN I,    BONGBONGAN II,     BUGNAY,    BULALACAO,",ALL LOTS,ALL WEATHER ROADS MORE THAN 1KM OUTSIDE BARANGAY CENTRO,A1,Agricultural - A1,30.8
raw,"RDO No. 73 - San Jose, Antique is composed of the following Municipalities",,,2ND,,"SIBALOM, ANTIQUE","BONGBONGAN I,    BONGBONGAN II,     BUGNAY,    BULALACAO,",ALL LOTS,ALL WEATHER ROADS MORE THAN 1KM OUTSIDE BARANGAY CENTRO,A2,Agricultural - A2,18.55
raw,"RDO No. 73 - San Jose, Antique is composed of the following Municipalities",,,2ND,,"SIBALOM, ANTIQUE","BONGBONGAN I,    BONGBONGAN II,     BUGNAY,    BULALACAO,",ALL LOTS,ALL WEATHER ROADS MORE THAN 1KM OUTSIDE BARANGAY CENTRO,A3,Agricultural - A3,6.4
raw,"RDO No. 73 - San Jose, Antique is composed of the following Municipalities",,,2ND,,"SIBALOM, ANTIQUE","BONGBONGAN I,    BONGBONGAN II,     BUGNAY,    BULALACAO,",ALL LOTS,ALL WEATHER ROADS MORE THAN 1KM OUTSIDE BARANGAY CENTRO,A4,Agricultural - A4,8.8
raw,"RDO No. 73 - San Jose, Antique is composed of the following Municipalities",,,2ND,,"SIBALOM, ANTIQUE","BONGBONGAN I,    BONGBONGAN II,     BUGNAY,    BULALACAO,",ALL LOTS,ALL WEATHER ROADS MORE THAN 1KM OUTSIDE BARANGAY CENTRO,A6,Agricultural - A6,43.5
raw,"RDO No. 73 - San Jose, Antique is composed of the following Municipalities",,,2ND,,"SIBALOM, ANTIQUE","BONGBONGAN I,    BONGBONGAN II,     BUGNAY,    BULALACAO,",ALL LOTS,ALL WEATHER ROADS MORE THAN 1KM OUTSIDE BARANGAY CENTRO,A8,Agricultural - A8,4.9
raw,"RDO No. 73 - San Jose, Antique is composed of the following Municipalities",,,2ND,,"SIBALOM, ANTIQUE","BONGBONGAN I,    BONGBONGAN II,     BUGNAY,    BULALACAO,",ALL LOTS,ALL WEATHER ROADS MORE THAN 1KM OUTSIDE BARANGAY CENTRO,A12,Agricultural - A12,6.95
raw,"RDO No. 73 - San Jose, Antique is composed of the following Municipalities",,,2ND,,"SIBALOM, ANTIQUE","BONGBONGAN I,    BONGBONGAN II,     BUGNAY,    BULALACAO,",ALL LOTS,ALL WEATHER ROADS MORE THAN 1KM OUTSIDE BARANGAY CENTRO,A15,Agricultural - A15,2.55
raw,"RDO No. 73 - San Jose, Antique is composed of the following Municipalities",,,2ND,,"SIBALOM, ANTIQUE","BONGBONGAN I,    BONGBONGAN II,     BUGNAY,    BULALACAO,",ALL LOTS,ALL WEATHER ROADS MORE THAN 1KM OUTSIDE BARANGAY CENTRO,A16,Agricultural - A16,8.65
raw,"RDO No. 73 - San Jose, Antique is composed of the following Municipalities",,,2ND,,"SIBALOM, ANTIQUE","BONGBONGAN I,    BONGBONGAN II,     BUGNAY,    BULALACAO,",ALL LOTS,ALL WEATHER ROADS MORE THAN 1KM OUTSIDE BARANGAY CENTRO,A17,Agricultural - A17,21.45
raw,"RDO No. 73 - San Jose, Antique is composed of the following Municipalities",,,2ND,,"SIBALOM, ANTIQUE","BONGBONGAN I,    BONGBONGAN II,     BUGNAY,    BULALACAO,",ALL LOTS,ALL WEATHER ROADS MORE THAN 1KM OUTSIDE BARANGAY CENTRO,A18,Agricultural - A18,8.5
raw,"RDO No. 73 - San Jose, Antique is composed of the following Municipalities",,,2ND,,"SIBALOM, ANTIQUE","BONGBONGAN I,    BONGBONGAN II,     BUGNAY,    BULALACAO,",ALL LOTS,ALL WEATHER ROADS MORE THAN 1KM OUTSIDE BARANGAY CENTRO,A23,Agricultural - A23,11.0
raw,"RDO No. 73 - San Jose, Antique is composed of the following Municipalities",,,2ND,,"SIBALOM, ANTIQUE","BONGBONGAN I,    BONGBONGAN II,     BUGNAY,    BULALACAO,",ALL LOTS,ALL WEATHER ROADS MORE THAN 1KM OUTSIDE BARANGAY CENTRO,A26,Agricultural - A26,4.7
raw,"RDO No. 73 - San Jose, Antique is composed of the following Municipalities",,,2ND,,"SIBALOM, ANTIQUE","BONGBONGAN I,    BONGBONGAN II,     BUGNAY,    BULALACAO,",ALL LOTS,ALL WEATHER ROADS MORE THAN 1KM OUTSIDE BARANGAY CENTRO,A38,Agricultural - A38,5.9
raw,"RDO No. 73 - San Jose, Antique is composed of the following Municipalities",,,2ND,,"SIBALOM, ANTIQUE","BONGBONGAN I,    BONGBONGAN II,     BUGNAY,    BULALACAO,",ALL LOTS,ALL WEATHER ROADS MORE THAN 1KM OUTSIDE BARANGAY CENTRO,A42,Agricultural - A42,63.5
raw,"RDO No. 73 - San Jose, Antique is composed of the following Municipalities",,,2ND,,"SIBALOM, ANTIQUE","BONGBONGAN I,    BONGBONGAN II,     BUGNAY,    BULALACAO,",ALL LOTS,ALL WEATHER ROADS MORE THAN 1KM OUTSIDE BARANGAY CENTRO,A44,Agricultural - A44,4.5
raw,"RDO No. 73 - San Jose, Antique is composed of the following Municipalities",,,2ND,,"SIBALOM, ANTIQUE","BONGBONGAN I,    BONGBONGAN II,     BUGNAY,    BULALACAO,",ALL LOTS,ALL WEATHER ROADS MORE THAN 1KM OUTSIDE BARANGAY CENTRO,A50,Agricultural - A50,2.0
raw,"RDO No. 73 - San Jose, Antique is composed of the following Municipalities",,,2ND,,"SIBALOM, ANTIQUE","DISTRICT I, II, III and IV (POB)",ALL OTHER STREETS,WITHIN POBLACION CENTRO,RR,Residential - Regular,505.0
raw,"RDO No. 73 - San Jose, Antique is composed of the following Municipalities",,,2ND,,"SIBALOM, ANTIQUE","DISTRICT I, II, III and IV (POB)",ALL OTHER STREETS,ALL WEATHER ROADS(MORE THAN 1KM OUTSIDE POB CENTRO,RR,Residential - Regular,340.0
raw,"RDO No. 73 - San Jose, Antique is composed of the following Municipalities",,,2ND,,"SIBALOM, ANTIQUE","DISTRICT I, II, III and IV (POB)",ALL OTHER STREETS,INTERIOR,RR,Residential - Regular,140.0
raw,"RDO No. 73 - San Jose, Antique is composed of the following Municipalities",,,2ND,,"SIBALOM, ANTIQUE","DISTRICT I, II, III and IV (POB)",ALL OTHER STREETS,INTERIOR,A1,Agricultural - A1,32.0
raw,"RDO No. 73 - San Jose, Antique is composed of the following Municipalities",,,2ND,,"SIBALOM, ANTIQUE","DISTRICT I, II, III and IV (POB)",ALL OTHER STREETS,INTERIOR,A2,Agricultural - A2,19.6
raw,"RDO No. 73 - San Jose, Antique is composed of the following Municipalities",,,2ND,,"SIBALOM, ANTIQUE","DISTRICT I, II, III and IV (POB)",ALL OTHER STREETS,INTERIOR,A3,Agricultural - A3,7.4
raw,"RDO No. 73 - San Jose, Antique is composed of the following Municipalities",,,2ND,,"SIBALOM, ANTIQUE","DISTRICT I, II, III and IV (POB)",ALL OTHER STREETS,INTERIOR,A4,Agricultural - A4,12.25
raw,"RDO No. 73 - San Jose, Antique is composed of the following Municipalities",,,2ND,,"SIBALOM, ANTIQUE","DISTRICT I, II, III and IV (POB)",ALL OTHER STREETS,INTERIOR,A6,Agricultural - A6,47.35
raw,"RDO No. 73 - San Jose, Antique is composed of the following Municipalities",,,2ND,,"SIBALOM, ANTIQUE","DISTRICT I, II, III and IV (POB)",ALL OTHER STREETS,INTERIOR,A8,Agricultural - A8,6.6
raw,"RDO No. 73 - San Jose, Antique is composed of the following Municipalities",,,2ND,,"SIBALOM, ANTIQUE","DISTRICT I, II, III and IV (POB)",ALL OTHER STREETS,INTERIOR,A12,Agricultural - A12,8.2
raw,"RDO No. 73 - San Jose, Antique is composed of the following Municipalities",,,2ND,,"SIBALOM, ANTIQUE","DISTRICT I, II, III and IV (POB)",ALL OTHER STREETS,INTERIOR,A15,Agricultural - A15,4.75
raw,"RDO No. 73 - San Jose, Antique is composed of the following Municipalities",,,2ND,,"SIBALOM, ANTIQUE","DISTRICT I, II, III and IV (POB)",ALL OTHER STREETS,INTERIOR,A16,Agricultural - A16,10.25
raw,"RDO No. 73 - San Jose, Antique is composed of the following Municipalities",,,2ND,,"SIBALOM, ANTIQUE","DISTRICT I, II, III and IV (POB)",ALL OTHER STREETS,INTERIOR,A17,Agricultural - A17,24.5
raw,"RDO No. 73 - San Jose, Antique is composed of the following Municipalities",,,2ND,,"SIBALOM, ANTIQUE","DISTRICT I, II, III and IV (POB)",ALL OTHER STREETS,INTERIOR,A18,Agricultural - A18,8.5
raw,"RDO No. 73 - San Jose, Antique is composed of the following Municipalities",,,2ND,,"SIBALOM, ANTIQUE","DISTRICT I, II, III and IV (POB)",ALL OTHER STREETS,INTERIOR,A23,Agricultural - A23,11.0
raw,"RDO No. 73 - San Jose, Antique is composed of the following Municipalities",,,2ND,,"SIBALOM, ANTIQUE","DISTRICT I, II, III and IV (POB)",ALL OTHER STREETS,INTERIOR,A26,Agricultural - A26,5.85
raw,"RDO No. 73 - San Jose, Antique is composed of the following Municipalities",,,2ND,,"SIBALOM, ANTIQUE","DISTRICT I, II, III and IV (POB)",ALL OTHER STREETS,INTERIOR,A38,Agricultural - A38,8.0
raw,"RDO No. 73 - San Jose, Antique is composed of the following Municipalities",,,2ND,,"SIBALOM, ANTIQUE","DISTRICT I, II, III and IV (POB)",ALL OTHER STREETS,INTERIOR,A42,Agricultural - A42,63.5
raw,"RDO No. 73 - San Jose, Antique is composed of the following Municipalities",,,2ND,,"SIBALOM, ANTIQUE","DISTRICT I, II, III and IV (POB)",ALL OTHER STREETS,INTERIOR,A44,Agricultural - A44,4.5
raw,"RDO No. 73 - San Jose, Antique is composed of the following Municipalities",,,2ND,,"SIBALOM, ANTIQUE","DISTRICT I, II, III and IV (POB)",ALL OTHER STREETS,INTERIOR,A50,Agricultural - A50,4.0
raw,"RDO No. 73 - San Jose, Antique is composed of the following Municipalities",,,2ND,,"SIBALOM, ANTIQUE","DISTRICT I, II, III and IV (POB)",F. FENETE ST,F. FURIO ST.-R.O. MAZA ST.,RR,Residential - Regular,700.0
raw,"RDO No. 73 - San Jose, Antique is composed of the following Municipalities",,,2ND,,"SIBALOM, ANTIQUE","DISTRICT I, II, III and IV (POB)",F. FURIO ST. (NORTH SIDE),VEÑEGAS ST.-AMADOR ST.,RR,Residential - Regular,520.0
raw,"RDO No. 73 - San Jose, Antique is composed of the following Municipalities",,,2ND,,"SIBALOM, ANTIQUE","DISTRICT I, II, III and IV (POB)",GONZALES ST.,MORALES ST.-R.O.MAZA ST.,RR,Residential - Regular,520.0
raw,"RDO No. 73 - San Jose, Antique is composed of the following Municipalities",,,2ND,,"SIBALOM, ANTIQUE","DISTRICT I, II, III and IV (POB)",MAYOR F. FENETE & TORDESILLAS ST.,,CR,Commercial - Regular,1315.0
raw,"RDO No. 73 - San Jose, Antique is composed of the following Municipalities",,,2ND,,"SIBALOM, ANTIQUE","DISTRICT I, II, III and IV (POB)",MORALES ST.,S.A. LOTILLA ST.-FENETE,RR,Residential - Regular,520.0
raw,"RDO No. 73 - San Jose, Antique is composed of the following Municipalities",,,2ND,,"SIBALOM, ANTIQUE","DISTRICT I, II, III and IV (POB)",N. OVIVIR ST.,F.FURIO ST.-R.O.MAZA ST.,RR,Residential - Regular,700.0
raw,"RDO No. 73 - San Jose, Antique is composed of the following Municipalities",,,2ND,,"SIBALOM, ANTIQUE","DISTRICT I, II, III and IV (POB)",RAMON O. MAZA ST.,GONZALES ST.-N.OVIVIR ST.,RR,Residential - Regular,700.0
raw,"RDO No. 73 - San Jose, Antique is composed of the following Municipalities",,,2ND,,"SIBALOM, ANTIQUE","DISTRICT I, II, III and IV (POB)",TORDESILLAS ST. (SOUTH),GONZALES ST.-GOING EGAÑA,CR,Commercial - Regular,1315.0
raw,"RDO No. 73 - San Jose, Antique is composed of the following Municipalities",,,2ND,,"SIBALOM, ANTIQUE","DISTRICT I, II, III and IV (POB)",VEÑEGAS & TORDESILLAS ST.,,CR,Commercial - Regular,1315.0
raw,"RDO No. 73 - San Jose, Antique is composed of the following Municipalities",,,2ND,,"SIBALOM, ANTIQUE","DISTRICT I, II, III and IV (POB)",VEÑEGAS ST.,F.FURIO ST.-R.O.MAZA ST.,RR,Residential - Regular,700.0
raw,"RDO No. 73 - San Jose, Antique is composed of the following Municipalities",,,,,"SIBALOM, ANTIQUE",POBLACION,ALL OTHER STREETS,ALL WEATHER ROADS(W/IN 1KM FR POB),RR,Residential - Regular,260.0
raw,"RDO No. 73 - San Jose, Antique is composed of the following Municipalities",,,,,"SIBALOM, ANTIQUE",POBLACION,ALL OTHER STREETS,ALL WEATHER ROADS (MORE THAN 1KM FR POB),RR,Residential - Regular,235.0
raw,"RDO No. 73 - San Jose, Antique is composed of the following Municipalities",,,,,"SIBALOM, ANTIQUE",POBLACION,ALL OTHER STREETS,INTERIOR,RR,Residential - Regular,100.0
raw,"RDO No. 73 - San Jose, Antique is composed of the following Municipalities",,,,,"SIBALOM, ANTIQUE",POBLACION,ALL OTHER STREETS,INTERIOR,A1,Agricultural - A1,20.0
raw,"RDO No. 73 - San Jose, Antique is composed of the following Municipalities",,,,,"SIBALOM, ANTIQUE",POBLACION,ALL OTHER STREETS,INTERIOR,A2,Agricultural - A2,12.0
raw,"RDO No. 73 - San Jose, Antique is composed of the following Municipalities",,,,,"SIBALOM, ANTIQUE",POBLACION,ALL OTHER STREETS,INTERIOR,A3,Agricultural - A3,4.25
raw,"RDO No. 73 - San Jose, Antique is composed of the following Municipalities",,,,,"SIBALOM, ANTIQUE",POBLACION,ALL OTHER STREETS,INTERIOR,A4,Agricultural - A4,5.5
raw,"RDO No. 73 - San Jose, Antique is composed of the following Municipalities",,,,,"SIBALOM, ANTIQUE",POBLACION,ALL OTHER STREETS,INTERIOR,A6,Agricultural - A6,24.25
raw,"RDO No. 73 - San Jose, Antique is composed of the following Municipalities",,,,,"SIBALOM, ANTIQUE",POBLACION,ALL OTHER STREETS,INTERIOR,A8,Agricultural - A8,3.0
raw,"RDO No. 73 - San Jose, Antique is composed of the following Municipalities",,,,,"SIBALOM, ANTIQUE",POBLACION,ALL OTHER STREETS,INTERIOR,A12,Agricultural - A12,4.25
raw,"RDO No. 73 - San Jose, Antique is composed of the following Municipalities",,,,,"SIBALOM, ANTIQUE",POBLACION,ALL OTHER STREETS,INTERIOR,A15,Agricultural - A15,2.0
raw,"RDO No. 73 - San Jose, Antique is composed of the following Municipalities",,,,,"SIBALOM, ANTIQUE",POBLACION,ALL OTHER STREETS,INTERIOR,A16,Agricultural - A16,5.5
raw,"RDO No. 73 - San Jose, Antique is composed of the following Municipalities",,,,,"SIBALOM, ANTIQUE",POBLACION,ALL OTHER STREETS,INTERIOR,A17,Agricultural - A17,13.0
raw,"RDO No. 73 - San Jose, Antique is composed of the following Municipalities",,,,,"SIBALOM, ANTIQUE",POBLACION,ALL OTHER STREETS,INTERIOR,A18,Agricultural - A18,4.25
raw,"RDO No. 73 - San Jose, Antique is composed of the following Municipalities",,,,,"SIBALOM, ANTIQUE",POBLACION,ALL OTHER STREETS,INTERIOR,A23,Agricultural - A23,5.5
raw,"RDO No. 73 - San Jose, Antique is composed of the following Municipalities",,,,,"SIBALOM, ANTIQUE",POBLACION,ALL OTHER STREETS,INTERIOR,A26,Agricultural - A26,3.0
raw,"RDO No. 73 - San Jose, Antique is composed of the following Municipalities",,,,,"SIBALOM, ANTIQUE",POBLACION,ALL OTHER STREETS,INTERIOR,A38,Agricultural - A38,5.5
raw,"RDO No. 73 - San Jose, Antique is composed of the following Municipalities",,,,,"SIBALOM, ANTIQUE",POBLACION,ALL OTHER STREETS,INTERIOR,A42,Agricultural - A42,31.75
raw,"RDO No. 73 - San Jose, Antique is composed of the following Municipalities",,,,,"SIBALOM, ANTIQUE",POBLACION,ALL OTHER STREETS,INTERIOR,A44,Agricultural - A44,3.0
raw,"RDO No. 73 - San Jose, Antique is composed of the following Municipalities",,,,,"SIBALOM, ANTIQUE",POBLACION,CORNER MAYOR F. FENETE & TORDESILLAS ST,,CR,Commercial - Regular,750.0
raw,"RDO No. 73 - San Jose, Antique is composed of the following Municipalities",,,,,"SIBALOM, ANTIQUE",POBLACION,CORNER VENEGAS & TORDESILLAS ST,,CR,Commercial - Regular,750.0
raw,"RDO No. 73 - San Jose, Antique is composed of the following Municipalities",,,,,"SIBALOM, ANTIQUE",POBLACION,F. FENETE ST,F. FURIO ST-R.O.MAZA ST,RR,Residential - Regular,425.0
raw,"RDO No. 73 - San Jose, Antique is composed of the following Municipalities",,,,,"SIBALOM, ANTIQUE",POBLACION,F. FURIO ST(NORTH.SIDE),VENEGAS ST-AMADOR ST,RR,Residential - Regular,335.0
raw,"RDO No. 73 - San Jose, Antique is composed of the following Municipalities",,,,,"SIBALOM, ANTIQUE",POBLACION,GONZALES ST,MORALES ST-R.O.MAZA ST,RR,Residential - Regular,335.0
raw,"RDO No. 73 - San Jose, Antique is composed of the following Municipalities",,,,,"SIBALOM, ANTIQUE",POBLACION,MORALES ST,S.A.LOTILLA ST-F.FENETE,RR,Residential - Regular,335.0
raw,"RDO No. 73 - San Jose, Antique is composed of the following Municipalities",,,,,"SIBALOM, ANTIQUE",POBLACION,N. OVIVIR ST,F. FURIO ST-R.O.MAZA ST,RR,Residential - Regular,425.0
raw,"RDO No. 73 - San Jose, Antique is composed of the following Municipalities",,,,,"SIBALOM, ANTIQUE",POBLACION,RAMON O. MAZA ST,GONZALES ST-N.OVIVIR ST,RR,Residential - Regular,425.0
raw,"RDO No. 73 - San Jose, Antique is composed of the following Municipalities",,,,,"SIBALOM, ANTIQUE",POBLACION,TORDESILLAS ST (SOUTH),GONZALES- ST GOING EGANA,CR,Commercial - Regular,750.0
raw,"RDO No. 73 - San Jose, Antique is composed of the following Municipalities",,,,,"SIBALOM, ANTIQUE",POBLACION,VENEGAS ST,F. FURIO ST-R.O.MAZA ST,RR,Residential - Regular,425.0
raw,"RDO No. 73 - San Jose, Antique is composed of the following Municipalities",,,,,TIBIAO,POBLACION,ALL OTHER STREETS,ALL WEATHER ROADS(W/IN 1KM FR POB),RR,Residential - Regular,135.0
raw,"RDO No. 73 - San Jose, Antique is composed of the following Municipalities",,,,,TIBIAO,POBLACION,ALL OTHER STREETS,ALL WEATHER ROADS (MORE THAN 1KM FR POB),RR,Residential - Regular,90.0
raw,"RDO No. 73 - San Jose, Antique is composed of the following Municipalities",,,,,TIBIAO,POBLACION,ALL OTHER STREETS,INTERIOR,RR,Residential - Regular,60.0
raw,"RDO No. 73 - San Jose, Antique is composed of the following Municipalities",,,,,TIBIAO,POBLACION,ALL OTHER STREETS,INTERIOR,A,Agricultural,12.0
raw,"RDO No. 73 - San Jose, Antique is composed of the following Municipalities",,,,,TIBIAO,POBLACION,ALL OTHER STREETS,INTERIOR,A1,Agricultural - A1,7.0
raw,"RDO No. 73 - San Jose, Antique is composed of the following Municipalities",,,,,TIBIAO,POBLACION,ALL OTHER STREETS,INTERIOR,A2,Agricultural - A2,3.0
raw,"RDO No. 73 - San Jose, Antique is composed of the following Municipalities",,,,,TIBIAO,POBLACION,ALL OTHER STREETS,INTERIOR,A3,Agricultural - A3,4.0
raw,"RDO No. 73 - San Jose, Antique is composed of the following Municipalities",,,,,TIBIAO,POBLACION,ALL OTHER STREETS,INTERIOR,A4,Agricultural - A4,4.0
raw,"RDO No. 73 - San Jose, Antique is composed of the following Municipalities",,,,,TIBIAO,POBLACION,ALL OTHER STREETS,INTERIOR,A5,Agricultural - A5,10.0
raw,"RDO No. 73 - San Jose, Antique is composed of the following Municipalities",,,,,TIBIAO,POBLACION,ALL OTHER STREETS,INTERIOR,A6,Agricultural - A6,3.0
raw,"RDO No. 73 - San Jose, Antique is composed of the following Municipalities",,,,,TIBIAO,POBLACION,ALL OTHER STREETS,INTERIOR,A7,Agricultural - A7,2.0
raw,"RDO No. 73 - San Jose, Antique is composed of the following Municipalities",,,,,TIBIAO,POBLACION,ALL OTHER STREETS,INTERIOR,A8,Agricultural - A8,19.0
raw,"RDO No. 73 - San Jose, Antique is composed of the following Municipalities",,,,,TIBIAO,POBLACION,ALL OTHER STREETS,INTERIOR,A9,Agricultural - A9,25.0
raw,"RDO No. 73 - San Jose, Antique is composed of the following Municipalities",,,,,TIBIAO,POBLACION,ALL OTHER STREETS,INTERIOR,A10,Agricultural - A10,2.0
raw,"RDO No. 73 - San Jose, Antique is composed of the following Municipalities",,,,,TIBIAO,POBLACION,ALL OTHER STREETS,INTERIOR,A11,Agricultural - A11,4.0
raw,"RDO No. 73 - San Jose, Antique is composed of the following Municipalities",,,,,TIBIAO,POBLACION,ALL OTHER STREETS,INTERIOR,A12,Agricultural - A12,1.0
raw,"RDO No. 73 - San Jose, Antique is composed of the following Municipalities",,,,,TIBIAO,POBLACION,ALL OTHER STREETS,INTERIOR,A13,Agricultural - A13,3.0
raw,"RDO No. 73 - San Jose, Antique is composed of the following Municipalities",,,,,TIBIAO,POBLACION,ALL OTHER STREETS,INTERIOR,A14,Agricultural - A14,2.0
raw,"RDO No. 73 - San Jose, Antique is composed of the following Municipalities",,,,,TIBIAO,POBLACION,ALL OTHER STREETS,INTERIOR,A15,Agricultural - A15,4.0
raw,"RDO No. 73 - San Jose, Antique is composed of the following Municipalities",,,,,TIBIAO,POBLACION,GEN LUNA ST,COR.RIZAL & GEN. LUNA-LIM,CR,Commercial - Regular,315.0
raw,"RDO No. 73 - San Jose, Antique is composed of the following Municipalities",,,,,TIBIAO,POBLACION,LACSON BLVD,MARTINEZ ST-FLORES ST,RR,Residential - Regular,135.0
raw,"RDO No. 73 - San Jose, Antique is composed of the following Municipalities",,,,,TIBIAO,POBLACION,LOPEZ JAENA ST,GEN. LUNA ST-BONIFACIO ST,RR,Residential - Regular,180.0
raw,"RDO No. 73 - San Jose, Antique is composed of the following Municipalities",,,,,TIBIAO,POBLACION,NUEVA ST (EAST. SIDE),GEN. LUNA ST-ZAMORA ST,RR,Residential - Regular,225.0
raw,"RDO No. 73 - San Jose, Antique is composed of the following Municipalities",,,,,TIBIAO,POBLACION,PARI-AN ST,AMERILLO ST-BONIFACIO ST,RR,Residential - Regular,225.0
raw,"RDO No. 73 - San Jose, Antique is composed of the following Municipalities",,,,,TIBIAO,POBLACION,RIZAL ST,BURGOS ST-AGUINALDO ST,CR,Commercial - Regular,290.0
raw,"RDO No. 73 - San Jose, Antique is composed of the following Municipalities",,,,,TIBIAO,POBLACION,RIZAL ST,GEN. LUNA-BURGOS ST,RR,Residential - Regular,225.0
raw,"RDO No. 73 - San Jose, Antique is composed of the following Municipalities",,,,,TIBIAO,POBLACION,RIZAL ST,AGUINALDO ST-NAT'L.H-WAY,RR,Residential - Regular,225.0
raw,"RDO No. 73 - San Jose, Antique is composed of the following Municipalities",,,2ND,,"TIBIAO, ANTIQUE","ALEGRE, BANDOJA (LUPA-AN), CASTILLO, ESPARAGOSA,",ALL LOTS,ALONG THE ROAD,RR,Residential - Regular,250.0
raw,"RDO No. 73 - San Jose, Antique is composed of the following Municipalities",,,2ND,,"TIBIAO, ANTIQUE","ALEGRE, BANDOJA (LUPA-AN), CASTILLO, ESPARAGOSA,",ALL LOTS,ALONG THE ROAD,A1,Agricultural - A1,26.3
raw,"RDO No. 73 - San Jose, Antique is composed of the following Municipalities",,,2ND,,"TIBIAO, ANTIQUE","ALEGRE, BANDOJA (LUPA-AN), CASTILLO, ESPARAGOSA,",ALL LOTS,ALONG THE ROAD,A2,Agricultural - A2,15.8
raw,"RDO No. 73 - San Jose, Antique is composed of the following Municipalities",,,2ND,,"TIBIAO, ANTIQUE","ALEGRE, BANDOJA (LUPA-AN), CASTILLO, ESPARAGOSA,",ALL LOTS,ALONG THE ROAD,A3,Agricultural - A3,6.5
raw,"RDO No. 73 - San Jose, Antique is composed of the following Municipalities",,,2ND,,"TIBIAO, ANTIQUE","ALEGRE, BANDOJA (LUPA-AN), CASTILLO, ESPARAGOSA,",ALL LOTS,ALONG THE ROAD,A4,Agricultural - A4,10.15
raw,"RDO No. 73 - San Jose, Antique is composed of the following Municipalities",,,2ND,,"TIBIAO, ANTIQUE","ALEGRE, BANDOJA (LUPA-AN), CASTILLO, ESPARAGOSA,",ALL LOTS,ALONG THE ROAD,A6,Agricultural - A6,42.0
raw,"RDO No. 73 - San Jose, Antique is composed of the following Municipalities",,,2ND,,"TIBIAO, ANTIQUE","ALEGRE, BANDOJA (LUPA-AN), CASTILLO, ESPARAGOSA,",ALL LOTS,ALONG THE ROAD,A8,Agricultural - A8,5.5
raw,"RDO No. 73 - San Jose, Antique is composed of the following Municipalities",,,2ND,,"TIBIAO, ANTIQUE","ALEGRE, BANDOJA (LUPA-AN), CASTILLO, ESPARAGOSA,",ALL LOTS,ALONG THE ROAD,A12,Agricultural - A12,6.95
raw,"RDO No. 73 - San Jose, Antique is composed of the following Municipalities",,,2ND,,"TIBIAO, ANTIQUE","ALEGRE, BANDOJA (LUPA-AN), CASTILLO, ESPARAGOSA,",ALL LOTS,ALONG THE ROAD,A15,Agricultural - A15,4.75
raw,"RDO No. 73 - San Jose, Antique is composed of the following Municipalities",,,2ND,,"TIBIAO, ANTIQUE","ALEGRE, BANDOJA (LUPA-AN), CASTILLO, ESPARAGOSA,",ALL LOTS,ALONG THE ROAD,A16,Agricultural - A16,8.0
raw,"RDO No. 73 - San Jose, Antique is composed of the following Municipalities",,,2ND,,"TIBIAO, ANTIQUE","ALEGRE, BANDOJA (LUPA-AN), CASTILLO, ESPARAGOSA,",ALL LOTS,ALONG THE ROAD,A17,Agricultural - A17,24.5
raw,"RDO No. 73 - San Jose, Antique is composed of the following Municipalities",,,2ND,,"TIBIAO, ANTIQUE","ALEGRE, BANDOJA (LUPA-AN), CASTILLO, ESPARAGOSA,",ALL LOTS,ALONG THE ROAD,A18,Agricultural - A18,9.55
raw,"RDO No. 73 - San Jose, Antique is composed of the following Municipalities",,,2ND,,"TIBIAO, ANTIQUE","ALEGRE, BANDOJA (LUPA-AN), CASTILLO, ESPARAGOSA,",ALL LOTS,ALONG THE ROAD,A23,Agricultural - A23,12.4
raw,"RDO No. 73 - San Jose, Antique is composed of the following Municipalities",,,2ND,,"TIBIAO, ANTIQUE","ALEGRE, BANDOJA (LUPA-AN), CASTILLO, ESPARAGOSA,",ALL LOTS,ALONG THE ROAD,A26,Agricultural - A26,5.85
raw,"RDO No. 73 - San Jose, Antique is composed of the following Municipalities",,,2ND,,"TIBIAO, ANTIQUE","ALEGRE, BANDOJA (LUPA-AN), CASTILLO, ESPARAGOSA,",ALL LOTS,ALONG THE ROAD,A38,Agricultural - A38,12.4
raw,"RDO No. 73 - San Jose, Antique is composed of the following Municipalities",,,2ND,,"TIBIAO, ANTIQUE","ALEGRE, BANDOJA (LUPA-AN), CASTILLO, ESPARAGOSA,",ALL LOTS,ALONG THE ROAD,A42,Agricultural - A42,71.45
raw,"RDO No. 73 - San Jose, Antique is composed of the following Municipalities",,,2ND,,"TIBIAO, ANTIQUE","ALEGRE, BANDOJA (LUPA-AN), CASTILLO, ESPARAGOSA,",ALL LOTS,ALONG THE ROAD,A44,Agricultural - A44,4.5
raw,"RDO No. 73 - San Jose, Antique is composed of the following Municipalities",,,2ND,,"TIBIAO, ANTIQUE","ALEGRE, BANDOJA (LUPA-AN), CASTILLO, ESPARAGOSA,",ALL LOTS,ALONG THE ROAD,A50,Agricultural - A50,4.0
raw,"RDO No. 73 - San Jose, Antique is composed of the following Municipalities",,,2ND,,"TIBIAO, ANTIQUE","AMAR, IMPORTANTE, LAPAZ, MALABOR, MARTINEZ, NATIVIDAD,",ALL LOTS,ALONG THE ROAD,RR,Residential - Regular,300.0
raw,"RDO No. 73 - San Jose, Antique is composed of the following Municipalities",,,2ND,,"TIBIAO, ANTIQUE","AMAR, IMPORTANTE, LAPAZ, MALABOR, MARTINEZ, NATIVIDAD,",ALL LOTS,ALONG THE ROAD,A1,Agricultural - A1,27.0
raw,"RDO No. 73 - San Jose, Antique is composed of the following Municipalities",,,2ND,,"TIBIAO, ANTIQUE","AMAR, IMPORTANTE, LAPAZ, MALABOR, MARTINEZ, NATIVIDAD,",ALL LOTS,ALONG THE ROAD,A2,Agricultural - A2,16.85
raw,"RDO No. 73 - San Jose, Antique is composed of the following Municipalities",,,2ND,,"TIBIAO, ANTIQUE","AMAR, IMPORTANTE, LAPAZ, MALABOR, MARTINEZ, NATIVIDAD,",ALL LOTS,ALONG THE ROAD,A3,Agricultural - A3,6.5
raw,"RDO No. 73 - San Jose, Antique is composed of the following Municipalities",,,2ND,,"TIBIAO, ANTIQUE","AMAR, IMPORTANTE, LAPAZ, MALABOR, MARTINEZ, NATIVIDAD,",ALL LOTS,ALONG THE ROAD,A4,Agricultural - A4,10.15
raw,"RDO No. 73 - San Jose, Antique is composed of the following Municipalities",,,2ND,,"TIBIAO, ANTIQUE","AMAR, IMPORTANTE, LAPAZ, MALABOR, MARTINEZ, NATIVIDAD,",ALL LOTS,ALONG THE ROAD,A6,Agricultural - A6,47.35
raw,"RDO No. 73 - San Jose, Antique is composed of the following Municipalities",,,2ND,,"TIBIAO, ANTIQUE","AMAR, IMPORTANTE, LAPAZ, MALABOR, MARTINEZ, NATIVIDAD,",ALL LOTS,ALONG THE ROAD,A8,Agricultural - A8,5.5
raw,"RDO No. 73 - San Jose, Antique is composed of the following Municipalities",,,2ND,,"TIBIAO, ANTIQUE","AMAR, IMPORTANTE, LAPAZ, MALABOR, MARTINEZ, NATIVIDAD,",ALL LOTS,ALONG THE ROAD,A12,Agricultural - A12,6.95
raw,"RDO No. 73 - San Jose, Antique is composed of the following Municipalities",,,2ND,,"TIBIAO, ANTIQUE","AMAR, IMPORTANTE, LAPAZ, MALABOR, MARTINEZ, NATIVIDAD,",ALL LOTS,ALONG THE ROAD,A15,Agricultural - A15,4.75
raw,"RDO No. 73 - San Jose, Antique is composed of the following Municipalities",,,2ND,,"TIBIAO, ANTIQUE","AMAR, IMPORTANTE, LAPAZ, MALABOR, MARTINEZ, NATIVIDAD,",ALL LOTS,ALONG THE ROAD,A16,Agricultural - A16,8.0
raw,"RDO No. 73 - San Jose, Antique is composed of the following Municipalities",,,2ND,,"TIBIAO, ANTIQUE","AMAR, IMPORTANTE, LAPAZ, MALABOR, MARTINEZ, NATIVIDAD,",ALL LOTS,ALONG THE ROAD,A17,Agricultural - A17,24.5
raw,"RDO No. 73 - San Jose, Antique is composed of the following Municipalities",,,2ND,,"TIBIAO, ANTIQUE","AMAR, IMPORTANTE, LAPAZ, MALABOR, MARTINEZ, NATIVIDAD,",ALL LOTS,ALONG THE ROAD,A18,Agricultural - A18,9.55
raw,"RDO No. 73 - San Jose, Antique is composed of the following Municipalities",,,2ND,,"TIBIAO, ANTIQUE","AMAR, IMPORTANTE, LAPAZ, MALABOR, MARTINEZ, NATIVIDAD,",ALL LOTS,ALONG THE ROAD,A23,Agricultural - A23,12.4
raw,"RDO No. 73 - San Jose, Antique is composed of the following Municipalities",,,2ND,,"TIBIAO, ANTIQUE","AMAR, IMPORTANTE, LAPAZ, MALABOR, MARTINEZ, NATIVIDAD,",ALL LOTS,ALONG THE ROAD,A26,Agricultural - A26,5.85
raw,"RDO No. 73 - San Jose, Antique is composed of the following Municipalities",,,2ND,,"TIBIAO, ANTIQUE","AMAR, IMPORTANTE, LAPAZ, MALABOR, MARTINEZ, NATIVIDAD,",ALL LOTS,ALONG THE ROAD,A38,Agricultural - A38,12.4
raw,"RDO No. 73 - San Jose, Antique is composed of the following Municipalities",,,2ND,,"TIBIAO, ANTIQUE","AMAR, IMPORTANTE, LAPAZ, MALABOR, MARTINEZ, NATIVIDAD,",ALL LOTS,ALONG THE ROAD,A42,Agricultural - A42,71.45
raw,"RDO No. 73 - San Jose, Antique is composed of the following Municipalities",,,2ND,,"TIBIAO, ANTIQUE","AMAR, IMPORTANTE, LAPAZ, MALABOR, MARTINEZ, NATIVIDAD,",ALL LOTS,ALONG THE ROAD,A44,Agricultural - A44,4.5
raw,"RDO No. 73 - San Jose, Antique is composed of the following Municipalities",,,2ND,,"TIBIAO, ANTIQUE","AMAR, IMPORTANTE, LAPAZ, MALABOR, MARTINEZ, NATIVIDAD,",ALL LOTS,ALONG THE ROAD,A50,Agricultural - A50,4.0
raw,"RDO No. 73 - San Jose, Antique is composed of the following Municipalities",,,2ND,,"TIBIAO, ANTIQUE",POBLACION,ALL LOTS,ALONG NATIONAL/PROVINCIAL ROAD,CR,Commercial - Regular,550.0
raw,"RDO No. 73 - San Jose, Antique is composed of the following Municipalities",,,2ND,,"TIBIAO, ANTIQUE",POBLACION,ALL LOTS,ALONG NATIONAL/PROVINCIAL ROAD,RR,Residential - Regular,200.0
raw,"RDO No. 73 - San Jose, Antique is composed of the following Municipalities",,,2ND,,"TIBIAO, ANTIQUE",POBLACION,ALL OTHER STREETS,WITHIN POBLACION,RR,Residential - Regular,290.0
raw,"RDO No. 73 - San Jose, Antique is composed of the following Municipalities",,,2ND,,"TIBIAO, ANTIQUE",POBLACION,ALL OTHER STREETS,WITHIN 1KM OUTSIDE POBLACION CENTRO,CR,Commercial - Regular,500.0
raw,"RDO No. 73 - San Jose, Antique is composed of the following Municipalities",,,2ND,,"TIBIAO, ANTIQUE",POBLACION,ALL OTHER STREETS,WITHIN 1KM OUTSIDE POBLACION CENTRO,RR,Residential - Regular,240.0
raw,"RDO No. 73 - San Jose, Antique is composed of the following Municipalities",,,2ND,,"TIBIAO, ANTIQUE",POBLACION,ALL OTHER STREETS,MORE THAN  1KM OUTSIDE POBLACION CENTRO,RR,Residential - Regular,200.0
raw,"RDO No. 73 - San Jose, Antique is composed of the following Municipalities",,,2ND,,"TIBIAO, ANTIQUE",POBLACION,ALL OTHER STREETS,INTERIOR,RR,Residential - Regular,120.0
raw,"RDO No. 73 - San Jose, Antique is composed of the following Municipalities",,,2ND,,"TIBIAO, ANTIQUE",POBLACION,ALL OTHER STREETS,INTERIOR,A1,Agricultural - A1,27.0
raw,"RDO No. 73 - San Jose, Antique is composed of the following Municipalities",,,2ND,,"TIBIAO, ANTIQUE",POBLACION,ALL OTHER STREETS,INTERIOR,A2,Agricultural - A2,16.85
raw,"RDO No. 73 - San Jose, Antique is composed of the following Municipalities",,,2ND,,"TIBIAO, ANTIQUE",POBLACION,ALL OTHER STREETS,INTERIOR,A3,Agricultural - A3,6.5
raw,"RDO No. 73 - San Jose, Antique is composed of the following Municipalities",,,2ND,,"TIBIAO, ANTIQUE",POBLACION,ALL OTHER STREETS,INTERIOR,A4,Agricultural - A4,10.15
raw,"RDO No. 73 - San Jose, Antique is composed of the following Municipalities",,,2ND,,"TIBIAO, ANTIQUE",POBLACION,ALL OTHER STREETS,INTERIOR,A6,Agricultural - A6,47.35
raw,"RDO No. 73 - San Jose, Antique is composed of the following Municipalities",,,2ND,,"TIBIAO, ANTIQUE",POBLACION,ALL OTHER STREETS,INTERIOR,A8,Agricultural - A8,5.5
raw,"RDO No. 73 - San Jose, Antique is composed of the following Municipalities",,,2ND,,"TIBIAO, ANTIQUE",POBLACION,ALL OTHER STREETS,INTERIOR,A12,Agricultural - A12,6.95
raw,"RDO No. 73 - San Jose, Antique is composed of the following Municipalities",,,2ND,,"TIBIAO, ANTIQUE",POBLACION,ALL OTHER STREETS,INTERIOR,A15,Agricultural - A15,4.75
raw,"RDO No. 73 - San Jose, Antique is composed of the following Municipalities",,,2ND,,"TIBIAO, ANTIQUE",POBLACION,ALL OTHER STREETS,INTERIOR,A16,Agricultural - A16,8.0
raw,"RDO No. 73 - San Jose, Antique is composed of the following Municipalities",,,2ND,,"TIBIAO, ANTIQUE",POBLACION,ALL OTHER STREETS,INTERIOR,A17,Agricultural - A17,24.5
raw,"RDO No. 73 - San Jose, Antique is composed of the following Municipalities",,,2ND,,"TIBIAO, ANTIQUE",POBLACION,ALL OTHER STREETS,INTERIOR,A18,Agricultural - A18,9.55
raw,"RDO No. 73 - San Jose, Antique is composed of the following Municipalities",,,2ND,,"TIBIAO, ANTIQUE",POBLACION,ALL OTHER STREETS,INTERIOR,A23,Agricultural - A23,12.4
raw,"RDO No. 73 - San Jose, Antique is composed of the following Municipalities",,,2ND,,"TIBIAO, ANTIQUE",POBLACION,ALL OTHER STREETS,INTERIOR,A26,Agricultural - A26,5.85
raw,"RDO No. 73 - San Jose, Antique is composed of the following Municipalities",,,2ND,,"TIBIAO, ANTIQUE",POBLACION,ALL OTHER STREETS,INTERIOR,A38,Agricultural - A38,12.4
raw,"RDO No. 73 - San Jose, Antique is composed of the following Municipalities",,,2ND,,"TIBIAO, ANTIQUE",POBLACION,ALL OTHER STREETS,INTERIOR,A42,Agricultural - A42,71.45
raw,"RDO No. 73 - San Jose, Antique is composed of the following Municipalities",,,2ND,,"TIBIAO, ANTIQUE",POBLACION,ALL OTHER STREETS,INTERIOR,A44,Agricultural - A44,4.5
raw,"RDO No. 73 - San Jose, Antique is composed of the following Municipalities",,,2ND,,"TIBIAO, ANTIQUE",POBLACION,ALL OTHER STREETS,INTERIOR,A50,Agricultural - A50,4.0
raw,"RDO No. 73 - San Jose, Antique is composed of the following Municipalities",,,,,"TIBIAO, ANTIQUE",POBLACION,ALL OTHER STREETS,ALL WEATHER ROADS(W/IN 1KM FR POB),RR,Residential - Regular,180.0
raw,"RDO No. 73 - San Jose, Antique is composed of the following Municipalities",,,,,"TIBIAO, ANTIQUE",POBLACION,ALL OTHER STREETS,ALL WEATHER ROADS (MORE THAN 1KM FR POB),RR,Residential - Regular,120.0
raw,"RDO No. 73 - San Jose, Antique is composed of the following Municipalities",,,,,"TIBIAO, ANTIQUE",POBLACION,ALL OTHER STREETS,INTERIOR,RR,Residential - Regular,80.0
raw,"RDO No. 73 - San Jose, Antique is composed of the following Municipalities",,,,,"TIBIAO, ANTIQUE",POBLACION,ALL OTHER STREETS,INTERIOR,A1,Agricultural - A1,15.5
raw,"RDO No. 73 - San Jose, Antique is composed of the following Municipalities",,,,,"TIBIAO, ANTIQUE",POBLACION,ALL OTHER STREETS,INTERIOR,A2,Agricultural - A2,9.25
raw,"RDO No. 73 - San Jose, Antique is composed of the following Municipalities",,,,,"TIBIAO, ANTIQUE",POBLACION,ALL OTHER STREETS,INTERIOR,A3,Agricultural - A3,4.25
raw,"RDO No. 73 - San Jose, Antique is composed of the following Municipalities",,,,,"TIBIAO, ANTIQUE",POBLACION,ALL OTHER STREETS,INTERIOR,A4,Agricultural - A4,5.5
raw,"RDO No. 73 - San Jose, Antique is composed of the following Municipalities",,,,,"TIBIAO, ANTIQUE",POBLACION,ALL OTHER STREETS,INTERIOR,A6,Agricultural - A6,24.25
raw,"RDO No. 73 - San Jose, Antique is composed of the following Municipalities",,,,,"TIBIAO, ANTIQUE",POBLACION,ALL OTHER STREETS,INTERIOR,A8,Agricultural - A8,3.0
raw,"RDO No. 73 - San Jose, Antique is composed of the following Municipalities",,,,,"TIBIAO, ANTIQUE",POBLACION,ALL OTHER STREETS,INTERIOR,A12,Agricultural - A12,4.25
raw,"RDO No. 73 - San Jose, Antique is composed of the following Municipalities",,,,,"TIBIAO, ANTIQUE",POBLACION,ALL OTHER STREETS,INTERIOR,A15,Agricultural - A15,2.0
raw,"RDO No. 73 - San Jose, Antique is composed of the following Municipalities",,,,,"TIBIAO, ANTIQUE",POBLACION,ALL OTHER STREETS,INTERIOR,A16,Agricultural - A16,4.25
raw,"RDO No. 73 - San Jose, Antique is composed of the following Municipalities",,,,,"TIBIAO, ANTIQUE",POBLACION,ALL OTHER STREETS,INTERIOR,A17,Agricultural - A17,13.0
raw,"RDO No. 73 - San Jose, Antique is composed of the following Municipalities",,,,,"TIBIAO, ANTIQUE",POBLACION,ALL OTHER STREETS,INTERIOR,A18,Agricultural - A18,4.25
raw,"RDO No. 73 - San Jose, Antique is composed of the following Municipalities",,,,,"TIBIAO, ANTIQUE",POBLACION,ALL OTHER STREETS,INTERIOR,A23,Agricultural - A23,5.5
raw,"RDO No. 73 - San Jose, Antique is composed of the following Municipalities",,,,,"TIBIAO, ANTIQUE",POBLACION,ALL OTHER STREETS,INTERIOR,A26,Agricultural - A26,3.0
raw,"RDO No. 73 - San Jose, Antique is composed of the following Municipalities",,,,,"TIBIAO, ANTIQUE",POBLACION,ALL OTHER STREETS,INTERIOR,A38,Agricultural - A38,5.5
raw,"RDO No. 73 - San Jose, Antique is composed of the following Municipalities",,,,,"TIBIAO, ANTIQUE",POBLACION,ALL OTHER STREETS,INTERIOR,A42,Agricultural - A42,31.75
raw,"RDO No. 73 - San Jose, Antique is composed of the following Municipalities",,,,,"TIBIAO, ANTIQUE",POBLACION,ALL OTHER STREETS,INTERIOR,A44,Agricultural - A44,3.0
raw,"RDO No. 73 - San Jose, Antique is composed of the following Municipalities",,,,,"TIBIAO, ANTIQUE",POBLACION,GEN LUNA ST,COR.RIZAL & GEN. LUNA-LIM,CR,Commercial - Regular,525.0
raw,"RDO No. 73 - San Jose, Antique is composed of the following Municipalities",,,2ND,,"TIBIAO, ANTIQUE",POBLACION,GEN. LUNA ST.,COR. RIZAL & GEN. LUNA,CR,Commercial - Regular,800.0
raw,"RDO No. 73 - San Jose, Antique is composed of the following Municipalities",,,,,"TIBIAO, ANTIQUE",POBLACION,LACSON BLVD,MARTINEZ ST-FLORES ST,RR,Residential - Regular,180.0
raw,"RDO No. 73 - San Jose, Antique is composed of the following Municipalities",,,2ND,,"TIBIAO, ANTIQUE",POBLACION,LACSON BLVD.,MARTINEZ ST.-FLORES ST.,RR,Residential - Regular,290.0
raw,"RDO No. 73 - San Jose, Antique is composed of the following Municipalities",,,,,"TIBIAO, ANTIQUE",POBLACION,LOPEZ JAENA ST,GEN. LUNA ST-BONIFACIO ST,RR,Residential - Regular,275.0
raw,"RDO No. 73 - San Jose, Antique is composed of the following Municipalities",,,2ND,,"TIBIAO, ANTIQUE",POBLACION,LOPEZ JAENA ST.,GEN. LUNA ST.- BONIFACIO ST.,RR,Residential - Regular,435.0
raw,"RDO No. 73 - San Jose, Antique is composed of the following Municipalities",,,,,"TIBIAO, ANTIQUE",POBLACION,NUEVA ST (EAST. SIDE),GEN. LUNA ST-ZAMORA ST,RR,Residential - Regular,310.0
raw,"RDO No. 73 - San Jose, Antique is composed of the following Municipalities",,,2ND,,"TIBIAO, ANTIQUE",POBLACION,NUEVA ST.(EAST SIDE),GEN. LUNA ST.-ZAMORA ST.,RR,Residential - Regular,500.0
raw,"RDO No. 73 - San Jose, Antique is composed of the following Municipalities",,,,,"TIBIAO, ANTIQUE",POBLACION,PARI-AN ST,AMERILLO ST-BONIFACIO ST,RR,Residential - Regular,310.0
raw,"RDO No. 73 - San Jose, Antique is composed of the following Municipalities",,,2ND,,"TIBIAO, ANTIQUE",POBLACION,PARI-AN ST.,AMARILLO ST.-BONIFACIO ST.,RR,Residential - Regular,500.0
raw,"RDO No. 73 - San Jose, Antique is composed of the following Municipalities",,,,,"TIBIAO, ANTIQUE",POBLACION,RIZAL ST,BURGOS ST-AGUINALDO ST,CR,Commercial - Regular,465.0
raw,"RDO No. 73 - San Jose, Antique is composed of the following Municipalities",,,,,"TIBIAO, ANTIQUE",POBLACION,RIZAL ST,GEN. LUNA-BURGOS ST,RR,Residential - Regular,310.0
raw,"RDO No. 73 - San Jose, Antique is composed of the following Municipalities",,,,,"TIBIAO, ANTIQUE",POBLACION,RIZAL ST,AGUINALDO ST-NAT'L.H-WAY,RR,Residential - Regular,310.0
raw,"RDO No. 73 - San Jose, Antique is composed of the following Municipalities",,,2ND,,"TIBIAO, ANTIQUE",POBLACION,RIZAL ST.,BURGOS ST. - AGUINALDO ST.,CR,Commercial - Regular,710.0
raw,"RDO No. 73 - San Jose, Antique is composed of the following Municipalities",,,2ND,,"TIBIAO, ANTIQUE",POBLACION,RIZAL ST.,GEN. LUNA - BURGOS ST.,RR,Residential - Regular,510.0
raw,"RDO No. 73 - San Jose, Antique is composed of the following Municipalities",,,2ND,,"TIBIAO, ANTIQUE",POBLACION,RIZAL ST.,AGUINALDO ST. - NATIONAL HI-WAY,RR,Residential - Regular,500.0
raw,"RDO No. 73 - San Jose, Antique is composed of the following Municipalities",,,,,TOBIAS FORNIER,POBLACION,ALL OTHER STREETS,ALL WEATHER ROADS W/IN 1KM FR POB,RR,Residential - Regular,120.0
raw,"RDO No. 73 - San Jose, Antique is composed of the following Municipalities",,,,,TOBIAS FORNIER,POBLACION,ALL OTHER STREETS,ALL WEATHER ROADS (MORE THAN 1KM FR POB),RR,Residential - Regular,75.0
raw,"RDO No. 73 - San Jose, Antique is composed of the following Municipalities",,,,,TOBIAS FORNIER,POBLACION,ALL OTHER STREETS,INTERIOR,RR,Residential - Regular,45.0
raw,"RDO No. 73 - San Jose, Antique is composed of the following Municipalities",,,,,TOBIAS FORNIER,POBLACION,ALL OTHER STREETS,INTERIOR,A,Agricultural,9.0
raw,"RDO No. 73 - San Jose, Antique is composed of the following Municipalities",,,,,TOBIAS FORNIER,POBLACION,ALL OTHER STREETS,INTERIOR,A1,Agricultural - A1,6.0
raw,"RDO No. 73 - San Jose, Antique is composed of the following Municipalities",,,,,TOBIAS FORNIER,POBLACION,ALL OTHER STREETS,INTERIOR,A2,Agricultural - A2,3.0
raw,"RDO No. 73 - San Jose, Antique is composed of the following Municipalities",,,,,TOBIAS FORNIER,POBLACION,ALL OTHER STREETS,INTERIOR,A3,Agricultural - A3,3.0
raw,"RDO No. 73 - San Jose, Antique is composed of the following Municipalities",,,,,TOBIAS FORNIER,POBLACION,ALL OTHER STREETS,INTERIOR,A4,Agricultural - A4,3.0
raw,"RDO No. 73 - San Jose, Antique is composed of the following Municipalities",,,,,TOBIAS FORNIER,POBLACION,ALL OTHER STREETS,INTERIOR,A5,Agricultural - A5,8.0
raw,"RDO No. 73 - San Jose, Antique is composed of the following Municipalities",,,,,TOBIAS FORNIER,POBLACION,ALL OTHER STREETS,INTERIOR,A6,Agricultural - A6,3.0
raw,"RDO No. 73 - San Jose, Antique is composed of the following Municipalities",,,,,TOBIAS FORNIER,POBLACION,ALL OTHER STREETS,INTERIOR,A7,Agricultural - A7,2.0
raw,"RDO No. 73 - San Jose, Antique is composed of the following Municipalities",,,,,TOBIAS FORNIER,POBLACION,ALL OTHER STREETS,INTERIOR,A10,Agricultural - A10,2.0
raw,"RDO No. 73 - San Jose, Antique is composed of the following Municipalities",,,,,TOBIAS FORNIER,POBLACION,ALL OTHER STREETS,INTERIOR,A11,Agricultural - A11,4.0
raw,"RDO No. 73 - San Jose, Antique is composed of the following Municipalities",,,,,TOBIAS FORNIER,POBLACION,ALL OTHER STREETS,INTERIOR,A12,Agricultural - A12,1.0
raw,"RDO No. 73 - San Jose, Antique is composed of the following Municipalities",,,,,TOBIAS FORNIER,POBLACION,ALL OTHER STREETS,INTERIOR,A13,Agricultural - A13,3.0
raw,"RDO No. 73 - San Jose, Antique is composed of the following Municipalities",,,,,TOBIAS FORNIER,POBLACION,ALL OTHER STREETS,INTERIOR,A14,Agricultural - A14,2.0
raw,"RDO No. 73 - San Jose, Antique is composed of the following Municipalities",,,,,TOBIAS FORNIER,POBLACION,ALL OTHER STREETS,INTERIOR,A15,Agricultural - A15,4.0
raw,"RDO No. 73 - San Jose, Antique is composed of the following Municipalities",,,,,TOBIAS FORNIER,POBLACION,CORNER FELICIDAD ST,PROVINCIAL ROAD,CR,Commercial - Regular,230.0
raw,"RDO No. 73 - San Jose, Antique is composed of the following Municipalities",,,,,TOBIAS FORNIER,POBLACION,DEL SOL ST,FELICIDAD ST-SALAZAR ST,RR,Residential - Regular,180.0
raw,"RDO No. 73 - San Jose, Antique is composed of the following Municipalities",,,,,TOBIAS FORNIER,POBLACION,FELICIDAD ST,LUCERO ST- PLACER ST,RR,Residential - Regular,180.0
raw,"RDO No. 73 - San Jose, Antique is composed of the following Municipalities",,,,,TOBIAS FORNIER,POBLACION,REAL ST,PUBLIC MARKET,CR,Commercial - Regular,265.0
raw,"RDO No. 73 - San Jose, Antique is composed of the following Municipalities",,,,,TOBIAS FORNIER,POBLACION,RIZAL ST,LUCERO ST-PUBLIC MARKET,RR,Residential - Regular,180.0
raw,"RDO No. 73 - San Jose, Antique is composed of the following Municipalities",,,,,TOBIAS FORNIER,POBLACION,SALAZAR ST,FELICIDAD ST-SAN ROQUE ST,RR,Residential - Regular,150.0
raw,"RDO No. 73 - San Jose, Antique is composed of the following Municipalities",,,,,TOBIAS FORNIER,POBLACION,SALAZAR ST,DEL SOL ST-SAN ROQUE ST,RR,Residential - Regular,150.0
raw,"RDO No. 73 - San Jose, Antique is composed of the following Municipalities",,,2ND,,"TOBIAS FORNIER (DAO), ANTIQUE","ABACA, ARAS-ASAN, AROBO, ATABAY, BAGUMBAYAN, BALUD,",ALL LOTS,ALONG THE ROAD,CR,Commercial - Regular,350.0
raw,"RDO No. 73 - San Jose, Antique is composed of the following Municipalities",,,2ND,,"TOBIAS FORNIER (DAO), ANTIQUE","ABACA, ARAS-ASAN, AROBO, ATABAY, BAGUMBAYAN, BALUD,",ALL LOTS,ALONG THE ROAD,RR,Residential - Regular,250.0
raw,"RDO No. 73 - San Jose, Antique is composed of the following Municipalities",,,2ND,,"TOBIAS FORNIER (DAO), ANTIQUE","ABACA, ARAS-ASAN, AROBO, ATABAY, BAGUMBAYAN, BALUD,",ALL LOTS,ALONG THE ROAD,A1,Agricultural - A1,23.25
raw,"RDO No. 73 - San Jose, Antique is composed of the following Municipalities",,,2ND,,"TOBIAS FORNIER (DAO), ANTIQUE","ABACA, ARAS-ASAN, AROBO, ATABAY, BAGUMBAYAN, BALUD,",ALL LOTS,ALONG THE ROAD,A2,Agricultural - A2,14.55
raw,"RDO No. 73 - San Jose, Antique is composed of the following Municipalities",,,2ND,,"TOBIAS FORNIER (DAO), ANTIQUE","ABACA, ARAS-ASAN, AROBO, ATABAY, BAGUMBAYAN, BALUD,",ALL LOTS,ALONG THE ROAD,A3,Agricultural - A3,7.4
raw,"RDO No. 73 - San Jose, Antique is composed of the following Municipalities",,,2ND,,"TOBIAS FORNIER (DAO), ANTIQUE","ABACA, ARAS-ASAN, AROBO, ATABAY, BAGUMBAYAN, BALUD,",ALL LOTS,ALONG THE ROAD,A4,Agricultural - A4,8.9
raw,"RDO No. 73 - San Jose, Antique is composed of the following Municipalities",,,2ND,,"TOBIAS FORNIER (DAO), ANTIQUE","ABACA, ARAS-ASAN, AROBO, ATABAY, BAGUMBAYAN, BALUD,",ALL LOTS,ALONG THE ROAD,A8,Agricultural - A8,5.9
raw,"RDO No. 73 - San Jose, Antique is composed of the following Municipalities",,,2ND,,"TOBIAS FORNIER (DAO), ANTIQUE","ABACA, ARAS-ASAN, AROBO, ATABAY, BAGUMBAYAN, BALUD,",ALL LOTS,ALONG THE ROAD,A12,Agricultural - A12,8.2
raw,"RDO No. 73 - San Jose, Antique is composed of the following Municipalities",,,2ND,,"TOBIAS FORNIER (DAO), ANTIQUE","ABACA, ARAS-ASAN, AROBO, ATABAY, BAGUMBAYAN, BALUD,",ALL LOTS,ALONG THE ROAD,A13,Agricultural - A13,4.0
raw,"RDO No. 73 - San Jose, Antique is composed of the following Municipalities",,,2ND,,"TOBIAS FORNIER (DAO), ANTIQUE","ABACA, ARAS-ASAN, AROBO, ATABAY, BAGUMBAYAN, BALUD,",ALL LOTS,ALONG THE ROAD,A15,Agricultural - A15,7.05
raw,"RDO No. 73 - San Jose, Antique is composed of the following Municipalities",,,2ND,,"TOBIAS FORNIER (DAO), ANTIQUE","ABACA, ARAS-ASAN, AROBO, ATABAY, BAGUMBAYAN, BALUD,",ALL LOTS,ALONG THE ROAD,A17,Agricultural - A17,18.9
raw,"RDO No. 73 - San Jose, Antique is composed of the following Municipalities",,,2ND,,"TOBIAS FORNIER (DAO), ANTIQUE","ABACA, ARAS-ASAN, AROBO, ATABAY, BAGUMBAYAN, BALUD,",ALL LOTS,ALONG THE ROAD,A18,Agricultural - A18,8.5
raw,"RDO No. 73 - San Jose, Antique is composed of the following Municipalities",,,2ND,,"TOBIAS FORNIER (DAO), ANTIQUE","ABACA, ARAS-ASAN, AROBO, ATABAY, BAGUMBAYAN, BALUD,",ALL LOTS,ALONG THE ROAD,A23,Agricultural - A23,11.0
raw,"RDO No. 73 - San Jose, Antique is composed of the following Municipalities",,,2ND,,"TOBIAS FORNIER (DAO), ANTIQUE","ABACA, ARAS-ASAN, AROBO, ATABAY, BAGUMBAYAN, BALUD,",ALL LOTS,ALONG THE ROAD,A26,Agricultural - A26,4.7
raw,"RDO No. 73 - San Jose, Antique is composed of the following Municipalities",,,2ND,,"TOBIAS FORNIER (DAO), ANTIQUE","ABACA, ARAS-ASAN, AROBO, ATABAY, BAGUMBAYAN, BALUD,",ALL LOTS,ALONG THE ROAD,A38,Agricultural - A38,8.5
raw,"RDO No. 73 - San Jose, Antique is composed of the following Municipalities",,,2ND,,"TOBIAS FORNIER (DAO), ANTIQUE","ABACA, ARAS-ASAN, AROBO, ATABAY, BAGUMBAYAN, BALUD,",ALL LOTS,ALONG THE ROAD,A44,Agricultural - A44,4.5
raw,"RDO No. 73 - San Jose, Antique is composed of the following Municipalities",,,2ND,,"TOBIAS FORNIER (DAO), ANTIQUE","ABACA, ARAS-ASAN, AROBO, ATABAY, BAGUMBAYAN, BALUD,",ALL LOTS,ALONG THE ROAD,A50,Agricultural - A50,4.0
raw,"RDO No. 73 - San Jose, Antique is composed of the following Municipalities",,,2ND,,"TOBIAS FORNIER (DAO), ANTIQUE","ATIOTES,   BALLOSCAS,    BARASANAN A,    BARASANAN B,",ALL LOTS,ALONG THE ROAD,CR,Commercial - Regular,270.0
raw,"RDO No. 73 - San Jose, Antique is composed of the following Municipalities",,,2ND,,"TOBIAS FORNIER (DAO), ANTIQUE","ATIOTES,   BALLOSCAS,    BARASANAN A,    BARASANAN B,",ALL LOTS,ALONG THE ROAD,RR,Residential - Regular,190.0
raw,"RDO No. 73 - San Jose, Antique is composed of the following Municipalities",,,2ND,,"TOBIAS FORNIER (DAO), ANTIQUE","ATIOTES,   BALLOSCAS,    BARASANAN A,    BARASANAN B,",ALL LOTS,ALONG THE ROAD,A1,Agricultural - A1,22.5
raw,"RDO No. 73 - San Jose, Antique is composed of the following Municipalities",,,2ND,,"TOBIAS FORNIER (DAO), ANTIQUE","ATIOTES,   BALLOSCAS,    BARASANAN A,    BARASANAN B,",ALL LOTS,ALONG THE ROAD,A2,Agricultural - A2,14.55
raw,"RDO No. 73 - San Jose, Antique is composed of the following Municipalities",,,2ND,,"TOBIAS FORNIER (DAO), ANTIQUE","ATIOTES,   BALLOSCAS,    BARASANAN A,    BARASANAN B,",ALL LOTS,ALONG THE ROAD,A3,Agricultural - A3,6.95
raw,"RDO No. 73 - San Jose, Antique is composed of the following Municipalities",,,2ND,,"TOBIAS FORNIER (DAO), ANTIQUE","ATIOTES,   BALLOSCAS,    BARASANAN A,    BARASANAN B,",ALL LOTS,ALONG THE ROAD,A4,Agricultural - A4,8.9
raw,"RDO No. 73 - San Jose, Antique is composed of the following Municipalities",,,2ND,,"TOBIAS FORNIER (DAO), ANTIQUE","ATIOTES,   BALLOSCAS,    BARASANAN A,    BARASANAN B,",ALL LOTS,ALONG THE ROAD,A8,Agricultural - A8,5.9
raw,"RDO No. 73 - San Jose, Antique is composed of the following Municipalities",,,2ND,,"TOBIAS FORNIER (DAO), ANTIQUE","ATIOTES,   BALLOSCAS,    BARASANAN A,    BARASANAN B,",ALL LOTS,ALONG THE ROAD,A12,Agricultural - A12,8.2
raw,"RDO No. 73 - San Jose, Antique is composed of the following Municipalities",,,2ND,,"TOBIAS FORNIER (DAO), ANTIQUE","ATIOTES,   BALLOSCAS,    BARASANAN A,    BARASANAN B,",ALL LOTS,ALONG THE ROAD,A13,Agricultural - A13,7.05
raw,"RDO No. 73 - San Jose, Antique is composed of the following Municipalities",,,2ND,,"TOBIAS FORNIER (DAO), ANTIQUE","ATIOTES,   BALLOSCAS,    BARASANAN A,    BARASANAN B,",ALL LOTS,ALONG THE ROAD,A15,Agricultural - A15,7.05
raw,"RDO No. 73 - San Jose, Antique is composed of the following Municipalities",,,2ND,,"TOBIAS FORNIER (DAO), ANTIQUE","ATIOTES,   BALLOSCAS,    BARASANAN A,    BARASANAN B,",ALL LOTS,ALONG THE ROAD,A17,Agricultural - A17,18.9
raw,"RDO No. 73 - San Jose, Antique is composed of the following Municipalities",,,2ND,,"TOBIAS FORNIER (DAO), ANTIQUE","ATIOTES,   BALLOSCAS,    BARASANAN A,    BARASANAN B,",ALL LOTS,ALONG THE ROAD,A18,Agricultural - A18,8.5
raw,"RDO No. 73 - San Jose, Antique is composed of the following Municipalities",,,2ND,,"TOBIAS FORNIER (DAO), ANTIQUE","ATIOTES,   BALLOSCAS,    BARASANAN A,    BARASANAN B,",ALL LOTS,ALONG THE ROAD,A23,Agricultural - A23,11.0
raw,"RDO No. 73 - San Jose, Antique is composed of the following Municipalities",,,2ND,,"TOBIAS FORNIER (DAO), ANTIQUE","ATIOTES,   BALLOSCAS,    BARASANAN A,    BARASANAN B,",ALL LOTS,ALONG THE ROAD,A26,Agricultural - A26,4.7
raw,"RDO No. 73 - San Jose, Antique is composed of the following Municipalities",,,2ND,,"TOBIAS FORNIER (DAO), ANTIQUE","ATIOTES,   BALLOSCAS,    BARASANAN A,    BARASANAN B,",ALL LOTS,ALONG THE ROAD,A38,Agricultural - A38,8.5
raw,"RDO No. 73 - San Jose, Antique is composed of the following Municipalities",,,2ND,,"TOBIAS FORNIER (DAO), ANTIQUE","ATIOTES,   BALLOSCAS,    BARASANAN A,    BARASANAN B,",ALL LOTS,ALONG THE ROAD,A44,Agricultural - A44,4.5
raw,"RDO No. 73 - San Jose, Antique is composed of the following Municipalities",,,2ND,,"TOBIAS FORNIER (DAO), ANTIQUE","ATIOTES,   BALLOSCAS,    BARASANAN A,    BARASANAN B,",ALL LOTS,ALONG THE ROAD,A50,Agricultural - A50,4.0
raw,"RDO No. 73 - San Jose, Antique is composed of the following Municipalities",,,,,"TOBIAS FORNIER (DAO), ANTIQUE",POBLACION,ALL OTHER STREETS,ALL WEATHER ROADS W/IN 1KM FR POB,RR,Residential - Regular,200.0
raw,"RDO No. 73 - San Jose, Antique is composed of the following Municipalities",,,,,"TOBIAS FORNIER (DAO), ANTIQUE",POBLACION,ALL OTHER STREETS,ALL WEATHER ROADS (MORE THAN 1KM FR POB),RR,Residential - Regular,150.0
raw,"RDO No. 73 - San Jose, Antique is composed of the following Municipalities",,,,,"TOBIAS FORNIER (DAO), ANTIQUE",POBLACION,ALL OTHER STREETS,INTERIOR,RR,Residential - Regular,90.0
raw,"RDO No. 73 - San Jose, Antique is composed of the following Municipalities",,,,,"TOBIAS FORNIER (DAO), ANTIQUE",POBLACION,ALL OTHER STREETS,INTERIOR,A1,Agricultural - A1,11.75
raw,"RDO No. 73 - San Jose, Antique is composed of the following Municipalities",,,,,"TOBIAS FORNIER (DAO), ANTIQUE",POBLACION,ALL OTHER STREETS,INTERIOR,A2,Agricultural - A2,8.0
raw,"RDO No. 73 - San Jose, Antique is composed of the following Municipalities",,,,,"TOBIAS FORNIER (DAO), ANTIQUE",POBLACION,ALL OTHER STREETS,INTERIOR,A3,Agricultural - A3,4.25
raw,"RDO No. 73 - San Jose, Antique is composed of the following Municipalities",,,,,"TOBIAS FORNIER (DAO), ANTIQUE",POBLACION,ALL OTHER STREETS,INTERIOR,A4,Agricultural - A4,4.25
raw,"RDO No. 73 - San Jose, Antique is composed of the following Municipalities",,,,,"TOBIAS FORNIER (DAO), ANTIQUE",POBLACION,ALL OTHER STREETS,INTERIOR,A8,Agricultural - A8,3.0
raw,"RDO No. 73 - San Jose, Antique is composed of the following Municipalities",,,,,"TOBIAS FORNIER (DAO), ANTIQUE",POBLACION,ALL OTHER STREETS,INTERIOR,A12,Agricultural - A12,4.25
raw,"RDO No. 73 - San Jose, Antique is composed of the following Municipalities",,,,,"TOBIAS FORNIER (DAO), ANTIQUE",POBLACION,ALL OTHER STREETS,INTERIOR,A15,Agricultural - A15,2.0
raw,"RDO No. 73 - San Jose, Antique is composed of the following Municipalities",,,,,"TOBIAS FORNIER (DAO), ANTIQUE",POBLACION,ALL OTHER STREETS,INTERIOR,A16,Agricultural - A16,4.25
raw,"RDO No. 73 - San Jose, Antique is composed of the following Municipalities",,,,,"TOBIAS FORNIER (DAO), ANTIQUE",POBLACION,ALL OTHER STREETS,INTERIOR,A17,Agricultural - A17,10.5
raw,"RDO No. 73 - San Jose, Antique is composed of the following Municipalities",,,,,"TOBIAS FORNIER (DAO), ANTIQUE",POBLACION,ALL OTHER STREETS,INTERIOR,A18,Agricultural - A18,4.25
raw,"RDO No. 73 - San Jose, Antique is composed of the following Municipalities",,,,,"TOBIAS FORNIER (DAO), ANTIQUE",POBLACION,ALL OTHER STREETS,INTERIOR,A23,Agricultural - A23,5.5
raw,"RDO No. 73 - San Jose, Antique is composed of the following Municipalities",,,,,"TOBIAS FORNIER (DAO), ANTIQUE",POBLACION,ALL OTHER STREETS,INTERIOR,A26,Agricultural - A26,3.0
raw,"RDO No. 73 - San Jose, Antique is composed of the following Municipalities",,,,,"TOBIAS FORNIER (DAO), ANTIQUE",POBLACION,ALL OTHER STREETS,INTERIOR,A38,Agricultural - A38,6.0
raw,"RDO No. 73 - San Jose, Antique is composed of the following Municipalities",,,,,"TOBIAS FORNIER (DAO), ANTIQUE",POBLACION,ALL OTHER STREETS,INTERIOR,A44,Agricultural - A44,3.0
raw,"RDO No. 73 - San Jose, Antique is composed of the following Municipalities",,,,,"TOBIAS FORNIER (DAO), ANTIQUE",POBLACION,CORNER FELICIDAD ST,PROVINCIAL ROAD,CR,Commercial - Regular,405.0
raw,"RDO No. 73 - San Jose, Antique is composed of the following Municipalities",,,,,"TOBIAS FORNIER (DAO), ANTIQUE",POBLACION,DEL SOL ST,FELICIDAD ST-SALAZAR ST,RR,Residential - Regular,260.0
raw,"RDO No. 73 - San Jose, Antique is composed of the following Municipalities",,,,,"TOBIAS FORNIER (DAO), ANTIQUE",POBLACION,FELICIDAD ST,LUCERO ST- PLACER ST,RR,Residential - Regular,260.0
raw,"RDO No. 73 - San Jose, Antique is composed of the following Municipalities",,,,,"TOBIAS FORNIER (DAO), ANTIQUE",POBLACION,REAL ST,PUBLIC MARKET,CR,Commercial - Regular,440.0
raw,"RDO No. 73 - San Jose, Antique is composed of the following Municipalities",,,,,"TOBIAS FORNIER (DAO), ANTIQUE",POBLACION,RIZAL ST,LUCERO ST-PUBLIC MARKET,RR,Residential - Regular,260.0
raw,"RDO No. 73 - San Jose, Antique is composed of the following Municipalities",,,,,"TOBIAS FORNIER (DAO), ANTIQUE",POBLACION,SALAZAR ST,FELICIDAD ST-SAN ROQUE ST,RR,Residential - Regular,215.0
raw,"RDO No. 73 - San Jose, Antique is composed of the following Municipalities",,,,,"TOBIAS FORNIER (DAO), ANTIQUE",POBLACION,SALAZAR ST,DEL SOL ST-SAN ROQUE ST,RR,Residential - Regular,215.0
raw,"RDO No. 73 - San Jose, Antique is composed of the following Municipalities",,,2ND,,"TOBIAS FORNIER (DAO), ANTIQUE",POBLACION NORTE and POBLACION SUR,ALL OTHER STREETS,WITHIN POBLACION,RR,Residential - Regular,320.0
raw,"RDO No. 73 - San Jose, Antique is composed of the following Municipalities",,,2ND,,"TOBIAS FORNIER (DAO), ANTIQUE",POBLACION NORTE and POBLACION SUR,ALL OTHER STREETS,ALL WEATHER ROADS (MORE THAN 1KMOUTSIDE POBLACION CENTRO),RR,Residential - Regular,250.0
raw,"RDO No. 73 - San Jose, Antique is composed of the following Municipalities",,,2ND,,"TOBIAS FORNIER (DAO), ANTIQUE",POBLACION NORTE and POBLACION SUR,ALL OTHER STREETS,INTERIOR,RR,Residential - Regular,190.0
raw,"RDO No. 73 - San Jose, Antique is composed of the following Municipalities",,,2ND,,"TOBIAS FORNIER (DAO), ANTIQUE",POBLACION NORTE and POBLACION SUR,ALL OTHER STREETS,INTERIOR,A1,Agricultural - A1,23.25
raw,"RDO No. 73 - San Jose, Antique is composed of the following Municipalities",,,2ND,,"TOBIAS FORNIER (DAO), ANTIQUE",POBLACION NORTE and POBLACION SUR,ALL OTHER STREETS,INTERIOR,A2,Agricultural - A2,14.55
raw,"RDO No. 73 - San Jose, Antique is composed of the following Municipalities",,,2ND,,"TOBIAS FORNIER (DAO), ANTIQUE",POBLACION NORTE and POBLACION SUR,ALL OTHER STREETS,INTERIOR,A3,Agricultural - A3,7.4
raw,"RDO No. 73 - San Jose, Antique is composed of the following Municipalities",,,2ND,,"TOBIAS FORNIER (DAO), ANTIQUE",POBLACION NORTE and POBLACION SUR,ALL OTHER STREETS,INTERIOR,A4,Agricultural - A4,8.9
raw,"RDO No. 73 - San Jose, Antique is composed of the following Municipalities",,,2ND,,"TOBIAS FORNIER (DAO), ANTIQUE",POBLACION NORTE and POBLACION SUR,ALL OTHER STREETS,INTERIOR,A8,Agricultural - A8,5.9
raw,"RDO No. 73 - San Jose, Antique is composed of the following Municipalities",,,2ND,,"TOBIAS FORNIER (DAO), ANTIQUE",POBLACION NORTE and POBLACION SUR,ALL OTHER STREETS,INTERIOR,A12,Agricultural - A12,8.2
raw,"RDO No. 73 - San Jose, Antique is composed of the following Municipalities",,,2ND,,"TOBIAS FORNIER (DAO), ANTIQUE",POBLACION NORTE and POBLACION SUR,ALL OTHER STREETS,INTERIOR,A13,Agricultural - A13,4.0
raw,"RDO No. 73 - San Jose, Antique is composed of the following Municipalities",,,2ND,,"TOBIAS FORNIER (DAO), ANTIQUE",POBLACION NORTE and POBLACION SUR,ALL OTHER STREETS,INTERIOR,A15,Agricultural - A15,7.0
raw,"RDO No. 73 - San Jose, Antique is composed of the following Municipalities",,,2ND,,"TOBIAS FORNIER (DAO), ANTIQUE",POBLACION NORTE and POBLACION SUR,ALL OTHER STREETS,INTERIOR,A17,Agricultural - A17,18.9
raw,"RDO No. 73 - San Jose, Antique is composed of the following Municipalities",,,2ND,,"TOBIAS FORNIER (DAO), ANTIQUE",POBLACION NORTE and POBLACION SUR,ALL OTHER STREETS,INTERIOR,A18,Agricultural - A18,8.5
raw,"RDO No. 73 - San Jose, Antique is composed of the following Municipalities",,,2ND,,"TOBIAS FORNIER (DAO), ANTIQUE",POBLACION NORTE and POBLACION SUR,ALL OTHER STREETS,INTERIOR,A23,Agricultural - A23,11.0
raw,"RDO No. 73 - San Jose, Antique is composed of the following Municipalities",,,2ND,,"TOBIAS FORNIER (DAO), ANTIQUE",POBLACION NORTE and POBLACION SUR,ALL OTHER STREETS,INTERIOR,A26,Agricultural - A26,4.7
raw,"RDO No. 73 - San Jose, Antique is composed of the following Municipalities",,,2ND,,"TOBIAS FORNIER (DAO), ANTIQUE",POBLACION NORTE and POBLACION SUR,ALL OTHER STREETS,INTERIOR,A38,Agricultural - A38,8.5
raw,"RDO No. 73 - San Jose, Antique is composed of the following Municipalities",,,2ND,,"TOBIAS FORNIER (DAO), ANTIQUE",POBLACION NORTE and POBLACION SUR,ALL OTHER STREETS,INTERIOR,A44,Agricultural - A44,4.5
raw,"RDO No. 73 - San Jose, Antique is composed of the following Municipalities",,,2ND,,"TOBIAS FORNIER (DAO), ANTIQUE",POBLACION NORTE and POBLACION SUR,ALL OTHER STREETS,INTERIOR,A50,Agricultural - A50,4.0
raw,"RDO No. 73 - San Jose, Antique is composed of the following Municipalities",,,2ND,,"TOBIAS FORNIER (DAO), ANTIQUE",POBLACION NORTE and POBLACION SUR,DEL SOL ST.,FELICIDAD ST. - SALAZAR ST.,RR,Residential - Regular,420.0
raw,"RDO No. 73 - San Jose, Antique is composed of the following Municipalities",,,2ND,,"TOBIAS FORNIER (DAO), ANTIQUE",POBLACION NORTE and POBLACION SUR,FELICIDAD ST.,PROVINCIAL ROAD,CR,Commercial - Regular,650.0
raw,"RDO No. 73 - San Jose, Antique is composed of the following Municipalities",,,2ND,,"TOBIAS FORNIER (DAO), ANTIQUE",POBLACION NORTE and POBLACION SUR,FELICIDAD ST.,LUCERO ST.-PLACER ST.,RR,Residential - Regular,635.0
raw,"RDO No. 73 - San Jose, Antique is composed of the following Municipalities",,,2ND,,"TOBIAS FORNIER (DAO), ANTIQUE",POBLACION NORTE and POBLACION SUR,REAL ST.,PUBLIC MARKET,CR,Commercial - Regular,470.0
raw,"RDO No. 73 - San Jose, Antique is composed of the following Municipalities",,,2ND,,"TOBIAS FORNIER (DAO), ANTIQUE",POBLACION NORTE and POBLACION SUR,RIZAL ST.,LUCERO ST. - PUBLIC MARKET,RR,Residential - Regular,375.0
raw,"RDO No. 73 - San Jose, Antique is composed of the following Municipalities",,,2ND,,"TOBIAS FORNIER (DAO), ANTIQUE",POBLACION NORTE and POBLACION SUR,SALAZAR ST.,FELICIDAD ST. - SAN ROQUE ST.,RR,Residential - Regular,375.0
raw,"RDO No. 73 - San Jose, Antique is composed of the following Municipalities",,,2ND,,"TOBIAS FORNIER (DAO), ANTIQUE",POBLACION NORTE and POBLACION SUR,SALAZAR ST.,DEL SOL ST. - SAN ROQUE ST.,RR,Residential - Regular,340.0
raw,"RDO No. 73 - San Jose, Antique is composed of the following Municipalities",,,,,VALDERRAMA,POBLACION,ALL OTHER STREETS,ALL WEATHER ROADS W/IN 1KM FR POB,RR,Residential - Regular,105.0
raw,"RDO No. 73 - San Jose, Antique is composed of the following Municipalities",,,,,VALDERRAMA,POBLACION,ALL OTHER STREETS,ALL WEATHER ROADS (MORE THAN 1KM FR POB),RR,Residential - Regular,60.0
raw,"RDO No. 73 - San Jose, Antique is composed of the following Municipalities",,,,,VALDERRAMA,POBLACION,ALL OTHER STREETS,INTERIOR,RR,Residential - Regular,40.0
raw,"RDO No. 73 - San Jose, Antique is composed of the following Municipalities",,,,,VALDERRAMA,POBLACION,ALL OTHER STREETS,INTERIOR,A,Agricultural,9.0
raw,"RDO No. 73 - San Jose, Antique is composed of the following Municipalities",,,,,VALDERRAMA,POBLACION,ALL OTHER STREETS,INTERIOR,A1,Agricultural - A1,6.0
raw,"RDO No. 73 - San Jose, Antique is composed of the following Municipalities",,,,,VALDERRAMA,POBLACION,ALL OTHER STREETS,INTERIOR,A2,Agricultural - A2,3.0
raw,"RDO No. 73 - San Jose, Antique is composed of the following Municipalities",,,,,VALDERRAMA,POBLACION,ALL OTHER STREETS,INTERIOR,A3,Agricultural - A3,3.0
raw,"RDO No. 73 - San Jose, Antique is composed of the following Municipalities",,,,,VALDERRAMA,POBLACION,ALL OTHER STREETS,INTERIOR,A4,Agricultural - A4,3.0
raw,"RDO No. 73 - San Jose, Antique is composed of the following Municipalities",,,,,VALDERRAMA,POBLACION,ALL OTHER STREETS,INTERIOR,A5,Agricultural - A5,8.0
raw,"RDO No. 73 - San Jose, Antique is composed of the following Municipalities",,,,,VALDERRAMA,POBLACION,ALL OTHER STREETS,INTERIOR,A6,Agricultural - A6,3.0
raw,"RDO No. 73 - San Jose, Antique is composed of the following Municipalities",,,,,VALDERRAMA,POBLACION,ALL OTHER STREETS,INTERIOR,A7,Agricultural - A7,2.0
raw,"RDO No. 73 - San Jose, Antique is composed of the following Municipalities",,,,,VALDERRAMA,POBLACION,ALL OTHER STREETS,INTERIOR,A10,Agricultural - A10,2.0
raw,"RDO No. 73 - San Jose, Antique is composed of the following Municipalities",,,,,VALDERRAMA,POBLACION,ALL OTHER STREETS,INTERIOR,A11,Agricultural - A11,4.0
raw,"RDO No. 73 - San Jose, Antique is composed of the following Municipalities",,,,,VALDERRAMA,POBLACION,ALL OTHER STREETS,INTERIOR,A12,Agricultural - A12,1.0
raw,"RDO No. 73 - San Jose, Antique is composed of the following Municipalities",,,,,VALDERRAMA,POBLACION,ALL OTHER STREETS,INTERIOR,A13,Agricultural - A13,3.0
raw,"RDO No. 73 - San Jose, Antique is composed of the following Municipalities",,,,,VALDERRAMA,POBLACION,ALL OTHER STREETS,INTERIOR,A14,Agricultural - A14,2.0
raw,"RDO No. 73 - San Jose, Antique is composed of the following Municipalities",,,,,VALDERRAMA,POBLACION,ALL OTHER STREETS,INTERIOR,A15,Agricultural - A15,4.0
raw,"RDO No. 73 - San Jose, Antique is composed of the following Municipalities",,,,,VALDERRAMA,POBLACION,ARANGOTE ST,CASTILLON ST-RIVERO ST,RR,Residential - Regular,150.0
raw,"RDO No. 73 - San Jose, Antique is composed of the following Municipalities",,,,,VALDERRAMA,POBLACION,CASTILLON ST,MARTINEZ ST - SANGCO ST,RR,Residential - Regular,150.0
raw,"RDO No. 73 - San Jose, Antique is composed of the following Municipalities",,,,,VALDERRAMA,POBLACION,LEGASPI ST,MUN. HOSPITAL-RIVERO ST,RR,Residential - Regular,180.0
raw,"RDO No. 73 - San Jose, Antique is composed of the following Municipalities",,,,,VALDERRAMA,POBLACION,NATIONAL ROAD,MAGUAD ST-FRONT SCH. SITE,RR,Residential - Regular,180.0
raw,"RDO No. 73 - San Jose, Antique is composed of the following Municipalities",,,,,VALDERRAMA,POBLACION,PAGUNSAN ST,LEGASPI ST-PAGAYONAN ST,RR,Residential - Regular,180.0
raw,"RDO No. 73 - San Jose, Antique is composed of the following Municipalities",,,,,VALDERRAMA,POBLACION,RIVERO ST,MARTINEZ-PONAN-PUBLIC MKT,CR,Commercial - Regular,265.0
raw,"RDO No. 73 - San Jose, Antique is composed of the following Municipalities",,,,,VALDERRAMA,POBLACION,RIVERO ST,ROMERO ST-LEGASPI ST,CR,Commercial - Regular,230.0
raw,"RDO No. 73 - San Jose, Antique is composed of the following Municipalities",,,,,VALDERRAMA,POBLACION,RIVERO ST,PON-AN ST-PAGAYONAN ST,RR,Residential - Regular,180.0
raw,"RDO No. 73 - San Jose, Antique is composed of the following Municipalities",,,,,VALDERRAMA,POBLACION,SANGCO ST,CASTILLON ST-RIVERO ST,RR,Residential - Regular,150.0
raw,"RDO No. 73 - San Jose, Antique is composed of the following Municipalities",,,2ND,,"VALDERRAMA, ANTIQUE","ALON, BAKIANG, BINANOGAN, BOROCBOROC, BULUANGAN II,",ALL LOTS,ALONG THE ROAD,CR,Commercial - Regular,300.0
raw,"RDO No. 73 - San Jose, Antique is composed of the following Municipalities",,,2ND,,"VALDERRAMA, ANTIQUE","ALON, BAKIANG, BINANOGAN, BOROCBOROC, BULUANGAN II,",ALL LOTS,ALONG THE ROAD,RR,Residential - Regular,150.0
raw,"RDO No. 73 - San Jose, Antique is composed of the following Municipalities",,,2ND,,"VALDERRAMA, ANTIQUE","ALON, BAKIANG, BINANOGAN, BOROCBOROC, BULUANGAN II,",ALL OTHER STREETS,WITHIN 1KM OUTSIDE BARANGAY CENTRO,CR,Commercial - Regular,220.0
raw,"RDO No. 73 - San Jose, Antique is composed of the following Municipalities",,,2ND,,"VALDERRAMA, ANTIQUE","ALON, BAKIANG, BINANOGAN, BOROCBOROC, BULUANGAN II,",ALL OTHER STREETS,WITHIN 1KM OUTSIDE BARANGAY CENTRO,RR,Residential - Regular,170.0
raw,"RDO No. 73 - San Jose, Antique is composed of the following Municipalities",,,2ND,,"VALDERRAMA, ANTIQUE","ALON, BAKIANG, BINANOGAN, BOROCBOROC, BULUANGAN II,",ALL OTHER STREETS,ALL WEATHER ROADS MORE THAN 1KM OUTSIDE BARANGAY CENTRO,RR,Residential - Regular,80.0
raw,"RDO No. 73 - San Jose, Antique is composed of the following Municipalities",,,2ND,,"VALDERRAMA, ANTIQUE","ALON, BAKIANG, BINANOGAN, BOROCBOROC, BULUANGAN II,",ALL OTHER STREETS,INTERIOR,RR,Residential - Regular,70.0
raw,"RDO No. 73 - San Jose, Antique is composed of the following Municipalities",,,2ND,,"VALDERRAMA, ANTIQUE","ALON, BAKIANG, BINANOGAN, BOROCBOROC, BULUANGAN II,",ALL OTHER STREETS,INTERIOR,A1,Agricultural - A1,22.5
raw,"RDO No. 73 - San Jose, Antique is composed of the following Municipalities",,,2ND,,"VALDERRAMA, ANTIQUE","ALON, BAKIANG, BINANOGAN, BOROCBOROC, BULUANGAN II,",ALL OTHER STREETS,INTERIOR,A2,Agricultural - A2,14.55
raw,"RDO No. 73 - San Jose, Antique is composed of the following Municipalities",,,2ND,,"VALDERRAMA, ANTIQUE","ALON, BAKIANG, BINANOGAN, BOROCBOROC, BULUANGAN II,",ALL OTHER STREETS,INTERIOR,A3,Agricultural - A3,6.5
raw,"RDO No. 73 - San Jose, Antique is composed of the following Municipalities",,,2ND,,"VALDERRAMA, ANTIQUE","ALON, BAKIANG, BINANOGAN, BOROCBOROC, BULUANGAN II,",ALL OTHER STREETS,INTERIOR,A4,Agricultural - A4,7.5
raw,"RDO No. 73 - San Jose, Antique is composed of the following Municipalities",,,2ND,,"VALDERRAMA, ANTIQUE","ALON, BAKIANG, BINANOGAN, BOROCBOROC, BULUANGAN II,",ALL OTHER STREETS,INTERIOR,A5,Agricultural - A5,6.9
raw,"RDO No. 73 - San Jose, Antique is composed of the following Municipalities",,,2ND,,"VALDERRAMA, ANTIQUE","ALON, BAKIANG, BINANOGAN, BOROCBOROC, BULUANGAN II,",ALL OTHER STREETS,INTERIOR,A6,Agricultural - A6,33.25
raw,"RDO No. 73 - San Jose, Antique is composed of the following Municipalities",,,2ND,,"VALDERRAMA, ANTIQUE","ALON, BAKIANG, BINANOGAN, BOROCBOROC, BULUANGAN II,",ALL OTHER STREETS,INTERIOR,A7,Agricultural - A7,6.9
raw,"RDO No. 73 - San Jose, Antique is composed of the following Municipalities",,,2ND,,"VALDERRAMA, ANTIQUE","ALON, BAKIANG, BINANOGAN, BOROCBOROC, BULUANGAN II,",ALL OTHER STREETS,INTERIOR,A10,Agricultural - A10,4.9
raw,"RDO No. 73 - San Jose, Antique is composed of the following Municipalities",,,2ND,,"VALDERRAMA, ANTIQUE","ALON, BAKIANG, BINANOGAN, BOROCBOROC, BULUANGAN II,",ALL OTHER STREETS,INTERIOR,A11,Agricultural - A11,4.9
raw,"RDO No. 73 - San Jose, Antique is composed of the following Municipalities",,,2ND,,"VALDERRAMA, ANTIQUE","ALON, BAKIANG, BINANOGAN, BOROCBOROC, BULUANGAN II,",ALL OTHER STREETS,INTERIOR,A12,Agricultural - A12,8.2
raw,"RDO No. 73 - San Jose, Antique is composed of the following Municipalities",,,2ND,,"VALDERRAMA, ANTIQUE","ALON, BAKIANG, BINANOGAN, BOROCBOROC, BULUANGAN II,",ALL OTHER STREETS,INTERIOR,A13,Agricultural - A13,4.75
raw,"RDO No. 73 - San Jose, Antique is composed of the following Municipalities",,,2ND,,"VALDERRAMA, ANTIQUE","ALON, BAKIANG, BINANOGAN, BOROCBOROC, BULUANGAN II,",ALL OTHER STREETS,INTERIOR,A14,Agricultural - A14,6.9
raw,"RDO No. 73 - San Jose, Antique is composed of the following Municipalities",,,2ND,,"VALDERRAMA, ANTIQUE","ALON, BAKIANG, BINANOGAN, BOROCBOROC, BULUANGAN II,",ALL OTHER STREETS,INTERIOR,A15,Agricultural - A15,5.75
raw,"RDO No. 73 - San Jose, Antique is composed of the following Municipalities",,,2ND,,"VALDERRAMA, ANTIQUE","ALON, BAKIANG, BINANOGAN, BOROCBOROC, BULUANGAN II,",ALL OTHER STREETS,INTERIOR,A16,Agricultural - A16,9.3
raw,"RDO No. 73 - San Jose, Antique is composed of the following Municipalities",,,2ND,,"VALDERRAMA, ANTIQUE","ALON, BAKIANG, BINANOGAN, BOROCBOROC, BULUANGAN II,",ALL OTHER STREETS,INTERIOR,A50,Agricultural - A50,4.0
raw,"RDO No. 73 - San Jose, Antique is composed of the following Municipalities",,,2ND,,"VALDERRAMA, ANTIQUE","BUGNAY, BULUANGAN I, BUNSOD, BUSOG, CANIPAYAN,",ALL LOTS,ALONG THE ROAD,CR,Commercial - Regular,320.0
raw,"RDO No. 73 - San Jose, Antique is composed of the following Municipalities",,,2ND,,"VALDERRAMA, ANTIQUE","BUGNAY, BULUANGAN I, BUNSOD, BUSOG, CANIPAYAN,",ALL LOTS,ALONG THE ROAD,RR,Residential - Regular,160.0
raw,"RDO No. 73 - San Jose, Antique is composed of the following Municipalities",,,2ND,,"VALDERRAMA, ANTIQUE","BUGNAY, BULUANGAN I, BUNSOD, BUSOG, CANIPAYAN,",ALL OTHER STREETS,ALL WEATHER ROADS WITHIN 1KM OUTSIDE BARANGAY CENTRO,CR,Commercial - Regular,200.0
raw,"RDO No. 73 - San Jose, Antique is composed of the following Municipalities",,,2ND,,"VALDERRAMA, ANTIQUE","BUGNAY, BULUANGAN I, BUNSOD, BUSOG, CANIPAYAN,",ALL OTHER STREETS,ALL WEATHER ROADS WITHIN 1KM OUTSIDE BARANGAY CENTRO,RR,Residential - Regular,150.0
raw,"RDO No. 73 - San Jose, Antique is composed of the following Municipalities",,,2ND,,"VALDERRAMA, ANTIQUE","BUGNAY, BULUANGAN I, BUNSOD, BUSOG, CANIPAYAN,",ALL OTHER STREETS,ALL WEATHER ROADS MORE THAN 1KM OUTSIDE BARANGAY CENTRO',RR,Residential - Regular,85.0
raw,"RDO No. 73 - San Jose, Antique is composed of the following Municipalities",,,2ND,,"VALDERRAMA, ANTIQUE","BUGNAY, BULUANGAN I, BUNSOD, BUSOG, CANIPAYAN,",ALL OTHER STREETS,INTERIOR,RR,Residential - Regular,80.0
raw,"RDO No. 73 - San Jose, Antique is composed of the following Municipalities",,,2ND,,"VALDERRAMA, ANTIQUE","BUGNAY, BULUANGAN I, BUNSOD, BUSOG, CANIPAYAN,",ALL OTHER STREETS,INTERIOR,A1,Agricultural - A1,23.25
raw,"RDO No. 73 - San Jose, Antique is composed of the following Municipalities",,,2ND,,"VALDERRAMA, ANTIQUE","BUGNAY, BULUANGAN I, BUNSOD, BUSOG, CANIPAYAN,",ALL OTHER STREETS,INTERIOR,A2,Agricultural - A2,15.6
raw,"RDO No. 73 - San Jose, Antique is composed of the following Municipalities",,,2ND,,"VALDERRAMA, ANTIQUE","BUGNAY, BULUANGAN I, BUNSOD, BUSOG, CANIPAYAN,",ALL OTHER STREETS,INTERIOR,A3,Agricultural - A3,7.4
raw,"RDO No. 73 - San Jose, Antique is composed of the following Municipalities",,,2ND,,"VALDERRAMA, ANTIQUE","BUGNAY, BULUANGAN I, BUNSOD, BUSOG, CANIPAYAN,",ALL OTHER STREETS,INTERIOR,A4,Agricultural - A4,7.5
raw,"RDO No. 73 - San Jose, Antique is composed of the following Municipalities",,,2ND,,"VALDERRAMA, ANTIQUE","BUGNAY, BULUANGAN I, BUNSOD, BUSOG, CANIPAYAN,",ALL OTHER STREETS,INTERIOR,A5,Agricultural - A5,6.9
raw,"RDO No. 73 - San Jose, Antique is composed of the following Municipalities",,,2ND,,"VALDERRAMA, ANTIQUE","BUGNAY, BULUANGAN I, BUNSOD, BUSOG, CANIPAYAN,",ALL OTHER STREETS,INTERIOR,A6,Agricultural - A6,33.25
raw,"RDO No. 73 - San Jose, Antique is composed of the following Municipalities",,,2ND,,"VALDERRAMA, ANTIQUE","BUGNAY, BULUANGAN I, BUNSOD, BUSOG, CANIPAYAN,",ALL OTHER STREETS,INTERIOR,A7,Agricultural - A7,6.9
raw,"RDO No. 73 - San Jose, Antique is composed of the following Municipalities",,,2ND,,"VALDERRAMA, ANTIQUE","BUGNAY, BULUANGAN I, BUNSOD, BUSOG, CANIPAYAN,",ALL OTHER STREETS,INTERIOR,A10,Agricultural - A10,4.9
raw,"RDO No. 73 - San Jose, Antique is composed of the following Municipalities",,,2ND,,"VALDERRAMA, ANTIQUE","BUGNAY, BULUANGAN I, BUNSOD, BUSOG, CANIPAYAN,",ALL OTHER STREETS,INTERIOR,A11,Agricultural - A11,4.9
raw,"RDO No. 73 - San Jose, Antique is composed of the following Municipalities",,,2ND,,"VALDERRAMA, ANTIQUE","BUGNAY, BULUANGAN I, BUNSOD, BUSOG, CANIPAYAN,",ALL OTHER STREETS,INTERIOR,A12,Agricultural - A12,8.2
raw,"RDO No. 73 - San Jose, Antique is composed of the following Municipalities",,,2ND,,"VALDERRAMA, ANTIQUE","BUGNAY, BULUANGAN I, BUNSOD, BUSOG, CANIPAYAN,",ALL OTHER STREETS,INTERIOR,A13,Agricultural - A13,4.75
raw,"RDO No. 73 - San Jose, Antique is composed of the following Municipalities",,,2ND,,"VALDERRAMA, ANTIQUE","BUGNAY, BULUANGAN I, BUNSOD, BUSOG, CANIPAYAN,",ALL OTHER STREETS,INTERIOR,A14,Agricultural - A14,6.9
raw,"RDO No. 73 - San Jose, Antique is composed of the following Municipalities",,,2ND,,"VALDERRAMA, ANTIQUE","BUGNAY, BULUANGAN I, BUNSOD, BUSOG, CANIPAYAN,",ALL OTHER STREETS,INTERIOR,A15,Agricultural - A15,5.75
raw,"RDO No. 73 - San Jose, Antique is composed of the following Municipalities",,,2ND,,"VALDERRAMA, ANTIQUE","BUGNAY, BULUANGAN I, BUNSOD, BUSOG, CANIPAYAN,",ALL OTHER STREETS,INTERIOR,A16,Agricultural - A16,9.3
raw,"RDO No. 73 - San Jose, Antique is composed of the following Municipalities",,,2ND,,"VALDERRAMA, ANTIQUE","BUGNAY, BULUANGAN I, BUNSOD, BUSOG, CANIPAYAN,",ALL OTHER STREETS,INTERIOR,A50,Agricultural - A50,4.0
raw,"RDO No. 73 - San Jose, Antique is composed of the following Municipalities",,,,,"VALDERRAMA, ANTIQUE",POBLACION,ALL OTHER STREETS,ALL WEATHER ROADS W/IN 1KM FR POB,RR,Residential - Regular,155.0
raw,"RDO No. 73 - San Jose, Antique is composed of the following Municipalities",,,,,"VALDERRAMA, ANTIQUE",POBLACION,ALL OTHER STREETS,ALL WEATHER ROADS (MORE THAN 1KM FR POB),RR,Residential - Regular,85.0
raw,"RDO No. 73 - San Jose, Antique is composed of the following Municipalities",,,,,"VALDERRAMA, ANTIQUE",POBLACION,ALL OTHER STREETS,INTERIOR,RR,Residential - Regular,55.0
raw,"RDO No. 73 - San Jose, Antique is composed of the following Municipalities",,,,,"VALDERRAMA, ANTIQUE",POBLACION,ALL OTHER STREETS,INTERIOR,A,Agricultural,11.75
raw,"RDO No. 73 - San Jose, Antique is composed of the following Municipalities",,,,,"VALDERRAMA, ANTIQUE",POBLACION,ALL OTHER STREETS,INTERIOR,A1,Agricultural - A1,8.0
raw,"RDO No. 73 - San Jose, Antique is composed of the following Municipalities",,,,,"VALDERRAMA, ANTIQUE",POBLACION,ALL OTHER STREETS,INTERIOR,A2,Agricultural - A2,4.25
raw,"RDO No. 73 - San Jose, Antique is composed of the following Municipalities",,,,,"VALDERRAMA, ANTIQUE",POBLACION,ALL OTHER STREETS,INTERIOR,A3,Agricultural - A3,4.25
raw,"RDO No. 73 - San Jose, Antique is composed of the following Municipalities",,,,,"VALDERRAMA, ANTIQUE",POBLACION,ALL OTHER STREETS,INTERIOR,A4,Agricultural - A4,4.25
raw,"RDO No. 73 - San Jose, Antique is composed of the following Municipalities",,,,,"VALDERRAMA, ANTIQUE",POBLACION,ALL OTHER STREETS,INTERIOR,A5,Agricultural - A5,10.5
raw,"RDO No. 73 - San Jose, Antique is composed of the following Municipalities",,,,,"VALDERRAMA, ANTIQUE",POBLACION,ALL OTHER STREETS,INTERIOR,A6,Agricultural - A6,4.25
raw,"RDO No. 73 - San Jose, Antique is composed of the following Municipalities",,,,,"VALDERRAMA, ANTIQUE",POBLACION,ALL OTHER STREETS,INTERIOR,A7,Agricultural - A7,3.0
raw,"RDO No. 73 - San Jose, Antique is composed of the following Municipalities",,,,,"VALDERRAMA, ANTIQUE",POBLACION,ALL OTHER STREETS,INTERIOR,A10,Agricultural - A10,3.0
raw,"RDO No. 73 - San Jose, Antique is composed of the following Municipalities",,,,,"VALDERRAMA, ANTIQUE",POBLACION,ALL OTHER STREETS,INTERIOR,A11,Agricultural - A11,5.5
raw,"RDO No. 73 - San Jose, Antique is composed of the following Municipalities",,,,,"VALDERRAMA, ANTIQUE",POBLACION,ALL OTHER STREETS,INTERIOR,A12,Agricultural - A12,2.0
raw,"RDO No. 73 - San Jose, Antique is composed of the following Municipalities",,,,,"VALDERRAMA, ANTIQUE",POBLACION,ALL OTHER STREETS,INTERIOR,A13,Agricultural - A13,4.25
raw,"RDO No. 73 - San Jose, Antique is composed of the following Municipalities",,,,,"VALDERRAMA, ANTIQUE",POBLACION,ALL OTHER STREETS,INTERIOR,A14,Agricultural - A14,3.0
raw,"RDO No. 73 - San Jose, Antique is composed of the following Municipalities",,,,,"VALDERRAMA, ANTIQUE",POBLACION,ALL OTHER STREETS,INTERIOR,A15,Agricultural - A15,5.5
raw,"RDO No. 73 - San Jose, Antique is composed of the following Municipalities",,,,,"VALDERRAMA, ANTIQUE",POBLACION,ARANGOTE ST,CASTILLON ST-RIVERO ST,RR,Residential - Regular,205.0
raw,"RDO No. 73 - San Jose, Antique is composed of the following Municipalities",,,,,"VALDERRAMA, ANTIQUE",POBLACION,CASTILLON ST,MARTINEZ ST - SANGCO ST,RR,Residential - Regular,205.0
raw,"RDO No. 73 - San Jose, Antique is composed of the following Municipalities",,,,,"VALDERRAMA, ANTIQUE",POBLACION,LEGASPI ST,MUN. HOSPITAL-RIVERO ST,RR,Residential - Regular,235.0
raw,"RDO No. 73 - San Jose, Antique is composed of the following Municipalities",,,,,"VALDERRAMA, ANTIQUE",POBLACION,NATIONAL ROAD,MAGUAD ST-FRONT SCH. SITE,RR,Residential - Regular,235.0
raw,"RDO No. 73 - San Jose, Antique is composed of the following Municipalities",,,,,"VALDERRAMA, ANTIQUE",POBLACION,PAGUNSAN ST,LEGASPI ST-PAGAYONAN ST,RR,Residential - Regular,235.0
raw,"RDO No. 73 - San Jose, Antique is composed of the following Municipalities",,,,,"VALDERRAMA, ANTIQUE",POBLACION,RIVERO ST,MARTINEZ-PONAN-PUBLIC MKT,CR,Commercial - Regular,450.0
raw,"RDO No. 73 - San Jose, Antique is composed of the following Municipalities",,,,,"VALDERRAMA, ANTIQUE",POBLACION,RIVERO ST,ROMERO ST-LEGASPI ST,CR,Commercial - Regular,395.0
raw,"RDO No. 73 - San Jose, Antique is composed of the following Municipalities",,,,,"VALDERRAMA, ANTIQUE",POBLACION,RIVERO ST,PON-AN ST-PAGAYONAN ST,RR,Residential - Regular,235.0
raw,"RDO No. 73 - San Jose, Antique is composed of the following Municipalities",,,,,"VALDERRAMA, ANTIQUE",POBLACION,SANGCO ST,CASTILLON ST-RIVERO ST,RR,Residential - Regular,205.0
raw,"RDO No. 73 - San Jose, Antique is composed of the following Municipalities",,,2ND,,"VALDERRAMA, ANTIQUE",TAKAS (POB),ALL OTHER STREETS,WITHIN POBLACION,RR,Residential - Regular,290.0
raw,"RDO No. 73 - San Jose, Antique is composed of the following Municipalities",,,2ND,,"VALDERRAMA, ANTIQUE",TAKAS (POB),ALL OTHER STREETS,ALL WEATHER ROADS MORE THAN 1KM OUTSIDE POB CENTRO,RR,Residential - Regular,195.0
raw,"RDO No. 73 - San Jose, Antique is composed of the following Municipalities",,,2ND,,"VALDERRAMA, ANTIQUE",TAKAS (POB),ALL OTHER STREETS,INTERIOR,RR,Residential - Regular,125.0
raw,"RDO No. 73 - San Jose, Antique is composed of the following Municipalities",,,2ND,,"VALDERRAMA, ANTIQUE",TAKAS (POB),ALL OTHER STREETS,INTERIOR,A1,Agricultural - A1,23.25
raw,"RDO No. 73 - San Jose, Antique is composed of the following Municipalities",,,2ND,,"VALDERRAMA, ANTIQUE",TAKAS (POB),ALL OTHER STREETS,INTERIOR,A2,Agricultural - A2,15.6
raw,"RDO No. 73 - San Jose, Antique is composed of the following Municipalities",,,2ND,,"VALDERRAMA, ANTIQUE",TAKAS (POB),ALL OTHER STREETS,INTERIOR,A3,Agricultural - A3,7.4
raw,"RDO No. 73 - San Jose, Antique is composed of the following Municipalities",,,2ND,,"VALDERRAMA, ANTIQUE",TAKAS (POB),ALL OTHER STREETS,INTERIOR,A4,Agricultural - A4,7.5
raw,"RDO No. 73 - San Jose, Antique is composed of the following Municipalities",,,2ND,,"VALDERRAMA, ANTIQUE",TAKAS (POB),ALL OTHER STREETS,INTERIOR,A5,Agricultural - A5,6.9
raw,"RDO No. 73 - San Jose, Antique is composed of the following Municipalities",,,2ND,,"VALDERRAMA, ANTIQUE",TAKAS (POB),ALL OTHER STREETS,INTERIOR,A6,Agricultural - A6,33.25
raw,"RDO No. 73 - San Jose, Antique is composed of the following Municipalities",,,2ND,,"VALDERRAMA, ANTIQUE",TAKAS (POB),ALL OTHER STREETS,INTERIOR,A7,Agricultural - A7,6.9
raw,"RDO No. 73 - San Jose, Antique is composed of the following Municipalities",,,2ND,,"VALDERRAMA, ANTIQUE",TAKAS (POB),ALL OTHER STREETS,INTERIOR,A10,Agricultural - A10,4.9
raw,"RDO No. 73 - San Jose, Antique is composed of the following Municipalities",,,2ND,,"VALDERRAMA, ANTIQUE",TAKAS (POB),ALL OTHER STREETS,INTERIOR,A11,Agricultural - A11,4.9
raw,"RDO No. 73 - San Jose, Antique is composed of the following Municipalities",,,2ND,,"VALDERRAMA, ANTIQUE",TAKAS (POB),ALL OTHER STREETS,INTERIOR,A12,Agricultural - A12,8.2
raw,"RDO No. 73 - San Jose, Antique is composed of the following Municipalities",,,2ND,,"VALDERRAMA, ANTIQUE",TAKAS (POB),ALL OTHER STREETS,INTERIOR,A13,Agricultural - A13,4.75
raw,"RDO No. 73 - San Jose, Antique is composed of the following Municipalities",,,2ND,,"VALDERRAMA, ANTIQUE",TAKAS (POB),ALL OTHER STREETS,INTERIOR,A14,Agricultural - A14,6.9
raw,"RDO No. 73 - San Jose, Antique is composed of the following Municipalities",,,2ND,,"VALDERRAMA, ANTIQUE",TAKAS (POB),ALL OTHER STREETS,INTERIOR,A15,Agricultural - A15,5.75
raw,"RDO No. 73 - San Jose, Antique is composed of the following Municipalities",,,2ND,,"VALDERRAMA, ANTIQUE",TAKAS (POB),ALL OTHER STREETS,INTERIOR,A16,Agricultural - A16,9.3
raw,"RDO No. 73 - San Jose, Antique is composed of the following Municipalities",,,2ND,,"VALDERRAMA, ANTIQUE",TAKAS (POB),ALL OTHER STREETS,INTERIOR,A50,Agricultural - A50,4.0
raw,"RDO No. 73 - San Jose, Antique is composed of the following Municipalities",,,2ND,,"VALDERRAMA, ANTIQUE",TAKAS (POB),ARANGOTE STREET,CASTILLON ST.-RIVERO ST.,RR,Residential - Regular,355.0
raw,"RDO No. 73 - San Jose, Antique is composed of the following Municipalities",,,2ND,,"VALDERRAMA, ANTIQUE",TAKAS (POB),CASTILLON STREET,MARTINEZ ST.-SANCO ST.,RR,Residential - Regular,355.0
raw,"RDO No. 73 - San Jose, Antique is composed of the following Municipalities",,,2ND,,"VALDERRAMA, ANTIQUE",TAKAS (POB),LEGASPI STREET,MUN. HOSPITAL-RIVERO ST.,RR,Residential - Regular,385.0
raw,"RDO No. 73 - San Jose, Antique is composed of the following Municipalities",,,2ND,,"VALDERRAMA, ANTIQUE",TAKAS (POB),NATIONAL ROAD,ABRICO ST.-FRONT SCHOOL SITE,RR,Residential - Regular,385.0
raw,"RDO No. 73 - San Jose, Antique is composed of the following Municipalities",,,2ND,,"VALDERRAMA, ANTIQUE",TAKAS (POB),PAGUNSAN STREET,LEGASPI ST.-PAGAYONAN ST.,RR,Residential - Regular,385.0
raw,"RDO No. 73 - San Jose, Antique is composed of the following Municipalities",,,2ND,,"VALDERRAMA, ANTIQUE",TAKAS (POB),RIVERO STREET,MARTINEZ - PON-AN-PUBLIC MARKET,CR,Commercial - Regular,685.0
raw,"RDO No. 73 - San Jose, Antique is composed of the following Municipalities",,,2ND,,"VALDERRAMA, ANTIQUE",TAKAS (POB),RIVERO STREET,ROMERO ST.-LEGASPI ST.,CR,Commercial - Regular,610.0
raw,"RDO No. 73 - San Jose, Antique is composed of the following Municipalities",,,2ND,,"VALDERRAMA, ANTIQUE",TAKAS (POB),RIVERO STREET,"PON-AN,-PAGAYONAN ST.",RR,Residential - Regular,385.0
raw,"RDO No. 73 - San Jose, Antique is composed of the following Municipalities",,,2ND,,"VALDERRAMA, ANTIQUE",TAKAS (POB),SANGCO STREET,CASTILLON ST.-RIVERO ST.,RR,Residential - Regular,355.0
raw,"RDO No. 73 - San Jose, Antique is composed of the following Municipalities",,,2ND,,"VALDERRAMA, ANTIQUE",UBOS (POB),ALL OTHER STREETS,WITHIN POBLACION,RR,Residential - Regular,290.0
raw,"RDO No. 73 - San Jose, Antique is composed of the following Municipalities",,,2ND,,"VALDERRAMA, ANTIQUE",UBOS (POB),ALL OTHER STREETS,ALL WEATHER ROADS MORE THAN 1KM OUTSIDE POB CENTRO,RR,Residential - Regular,195.0
raw,"RDO No. 73 - San Jose, Antique is composed of the following Municipalities",,,2ND,,"VALDERRAMA, ANTIQUE",UBOS (POB),ALL OTHER STREETS,INTERIOR,RR,Residential - Regular,125.0
raw,"RDO No. 73 - San Jose, Antique is composed of the following Municipalities",,,2ND,,"VALDERRAMA, ANTIQUE",UBOS (POB),ALL OTHER STREETS,INTERIOR,A1,Agricultural - A1,23.25
raw,"RDO No. 73 - San Jose, Antique is composed of the following Municipalities",,,2ND,,"VALDERRAMA, ANTIQUE",UBOS (POB),ALL OTHER STREETS,INTERIOR,A2,Agricultural - A2,15.6
raw,"RDO No. 73 - San Jose, Antique is composed of the following Municipalities",,,2ND,,"VALDERRAMA, ANTIQUE",UBOS (POB),ALL OTHER STREETS,INTERIOR,A3,Agricultural - A3,7.4
raw,"RDO No. 73 - San Jose, Antique is composed of the following Municipalities",,,2ND,,"VALDERRAMA, ANTIQUE",UBOS (POB),ALL OTHER STREETS,INTERIOR,A4,Agricultural - A4,7.5
raw,"RDO No. 73 - San Jose, Antique is composed of the following Municipalities",,,2ND,,"VALDERRAMA, ANTIQUE",UBOS (POB),ALL OTHER STREETS,INTERIOR,A5,Agricultural - A5,6.9
raw,"RDO No. 73 - San Jose, Antique is composed of the following Municipalities",,,2ND,,"VALDERRAMA, ANTIQUE",UBOS (POB),ALL OTHER STREETS,INTERIOR,A6,Agricultural - A6,33.25
raw,"RDO No. 73 - San Jose, Antique is composed of the following Municipalities",,,2ND,,"VALDERRAMA, ANTIQUE",UBOS (POB),ALL OTHER STREETS,INTERIOR,A7,Agricultural - A7,6.9
raw,"RDO No. 73 - San Jose, Antique is composed of the following Municipalities",,,2ND,,"VALDERRAMA, ANTIQUE",UBOS (POB),ALL OTHER STREETS,INTERIOR,A10,Agricultural - A10,4.9
raw,"RDO No. 73 - San Jose, Antique is composed of the following Municipalities",,,2ND,,"VALDERRAMA, ANTIQUE",UBOS (POB),ALL OTHER STREETS,INTERIOR,A11,Agricultural - A11,4.9
raw,"RDO No. 73 - San Jose, Antique is composed of the following Municipalities",,,2ND,,"VALDERRAMA, ANTIQUE",UBOS (POB),ALL OTHER STREETS,INTERIOR,A12,Agricultural - A12,8.2
raw,"RDO No. 73 - San Jose, Antique is composed of the following Municipalities",,,2ND,,"VALDERRAMA, ANTIQUE",UBOS (POB),ALL OTHER STREETS,INTERIOR,A13,Agricultural - A13,4.75
raw,"RDO No. 73 - San Jose, Antique is composed of the following Municipalities",,,2ND,,"VALDERRAMA, ANTIQUE",UBOS (POB),ALL OTHER STREETS,INTERIOR,A14,Agricultural - A14,6.9
raw,"RDO No. 73 - San Jose, Antique is composed of the following Municipalities",,,2ND,,"VALDERRAMA, ANTIQUE",UBOS (POB),ALL OTHER STREETS,INTERIOR,A15,Agricultural - A15,5.75
raw,"RDO No. 73 - San Jose, Antique is composed of the following Municipalities",,,2ND,,"VALDERRAMA, ANTIQUE",UBOS (POB),ALL OTHER STREETS,INTERIOR,A16,Agricultural - A16,9.3
raw,"RDO No. 73 - San Jose, Antique is composed of the following Municipalities",,,2ND,,"VALDERRAMA, ANTIQUE",UBOS (POB),ALL OTHER STREETS,INTERIOR,A50,Agricultural - A50,4.0
raw,"RDO No. 73 - San Jose, Antique is composed of the following Municipalities",,,2ND,,"VALDERRAMA, ANTIQUE",UBOS (POB),ARANGOTE STREET,CASTILLON ST.-RIVERO ST.,RR,Residential - Regular,355.0
raw,"RDO No. 73 - San Jose, Antique is composed of the following Municipalities",,,2ND,,"VALDERRAMA, ANTIQUE",UBOS (POB),CASTILLON STREET,MARTINEZ ST.-SANCO ST.,RR,Residential - Regular,355.0
raw,"RDO No. 73 - San Jose, Antique is composed of the following Municipalities",,,2ND,,"VALDERRAMA, ANTIQUE",UBOS (POB),LEGASPI STREET,MUN. HOSPITAL-RIVERO ST.,RR,Residential - Regular,385.0
raw,"RDO No. 73 - San Jose, Antique is composed of the following Municipalities",,,2ND,,"VALDERRAMA, ANTIQUE",UBOS (POB),NATIONAL ROAD,ABRICO ST.-FRONT SCHOOL SITE,RR,Residential - Regular,385.0
raw,"RDO No. 73 - San Jose, Antique is composed of the following Municipalities",,,2ND,,"VALDERRAMA, ANTIQUE",UBOS (POB),PAGUNSAN STREET,LEGASPI ST.-PAGAYONAN ST.,RR,Residential - Regular,385.0
raw,"RDO No. 73 - San Jose, Antique is composed of the following Municipalities",,,2ND,,"VALDERRAMA, ANTIQUE",UBOS (POB),RIVERO STREET,MARTINEz - PON-AN-PUBLIC MARKET,CR,Commercial - Regular,685.0
raw,"RDO No. 73 - San Jose, Antique is composed of the following Municipalities",,,2ND,,"VALDERRAMA, ANTIQUE",UBOS (POB),RIVERO STREET,ROMERO ST.-LEGASPI ST.,CR,Commercial - Regular,610.0
raw,"RDO No. 73 - San Jose, Antique is composed of the following Municipalities",,,2ND,,"VALDERRAMA, ANTIQUE",UBOS (POB),RIVERO STREET,"PON-AN,-PAGAYONAN ST.",RR,Residential - Regular,385.0
raw,"RDO No. 73 - San Jose, Antique is composed of the following Municipalities",,,2ND,,"VALDERRAMA, ANTIQUE",UBOS (POB),SANGCO STREET,CASTILLON ST.-RIVERO ST.,RR,Residential - Regular,355.0
